source_jsonl_path,source_row_ordinal,stable_id,record_type,canonical_record_json
tables/adapter_profiles.jsonl,1,urn:uuid:e48f9c81-72b3-5520-a33f-301293f9b11f,adapter_profile,"{""dataset_id"":""urn:uuid:661831b3-5b74-549b-be92-b84ce5992a88"",""id"":""urn:uuid:e48f9c81-72b3-5520-a33f-301293f9b11f"",""normalized_state"":""candidate"",""owner_authority_id"":""urn:uuid:2c0d398e-59cd-57ca-9674-8120edd7d69c"",""owner_native_state"":null,""payload"":{""contract"":""2.3.1"",""full_prose_centralized"":false,""machine_data_is_learner_destination"":false,""owner_ids_reminted"":false,""owner_native_authoritative"":true,""role_id"":""A30""},""record_type"":""adapter_profile"",""recorded_at"":""2026-09-07T00:00:00Z"",""semantic_key"":""a30:profile:v2.3.1""}"
tables/adapter_runs.jsonl,1,urn:uuid:796a82b0-c4ba-523b-8730-b726a75f304b,adapter_run,"{""dataset_id"":""urn:uuid:661831b3-5b74-549b-be92-b84ce5992a88"",""id"":""urn:uuid:796a82b0-c4ba-523b-8730-b726a75f304b"",""normalized_state"":""candidate"",""owner_authority_id"":""urn:uuid:2c0d398e-59cd-57ca-9674-8120edd7d69c"",""owner_native_state"":null,""payload"":{""deterministic_replay_state"":""pending_independent_twin_replay"",""profile_id"":""urn:uuid:e48f9c81-72b3-5520-a33f-301293f9b11f"",""scope"":""candidate""},""record_type"":""adapter_run"",""recorded_at"":""2026-09-07T00:00:00Z"",""semantic_key"":""a30:run:2026-09-07T00:00:00Z""}"
tables/artifacts.jsonl,1,urn:uuid:32d2bbc1-e8ce-5f0d-81a3-4be9ffc5af44,artifact,"{""dataset_id"":""urn:uuid:661831b3-5b74-549b-be92-b84ce5992a88"",""id"":""urn:uuid:32d2bbc1-e8ce-5f0d-81a3-4be9ffc5af44"",""normalized_state"":""candidate"",""owner_authority_id"":""urn:uuid:2c0d398e-59cd-57ca-9674-8120edd7d69c"",""owner_native_state"":null,""payload"":{""body_prose_copied"":false,""bytes"":305654938,""id"":""reader"",""media_type"":""application/pdf"",""path"":""output/final-3165/OpenStax-Precalculus-2e-id-ID-1.0.0-reader.pdf"",""role"":""learner_reader"",""sha256"":""3cfd5294b91252cc766992f158b6601e80aa31b719b0b8bf69e1ff6d08a4fa3e"",""url"":""https://zenodo.org/records/22290180/files/OpenStax-Precalculus-2e-id-ID-1.0.0-reader.pdf?download=1""},""record_type"":""artifact"",""recorded_at"":""2026-09-07T00:00:00Z"",""semantic_key"":""a30:artifact:reader""}"
tables/content_bindings.jsonl,28,urn:uuid:0177e32b-6c9e-54ab-bb76-9d977f451bfe,content_binding,"{""dataset_id"":""urn:uuid:661831b3-5b74-549b-be92-b84ce5992a88"",""id"":""urn:uuid:0177e32b-6c9e-54ab-bb76-9d977f451bfe"",""normalized_state"":""candidate"",""owner_authority_id"":""urn:uuid:2c0d398e-59cd-57ca-9674-8120edd7d69c"",""owner_native_state"":""language_reviewed"",""payload"":{""source_bytes"":185095,""source_locale"":""en"",""source_path"":""m49365/index.cnxml"",""source_sha256"":""c0c1906eef6898d2ab903be6cb10e79c1722f6fc135e1f9c98ca5c512bb9ccd3"",""target_bytes"":190593,""target_locale"":""id-ID"",""target_path"":""m49365/index.cnxml"",""target_sha256"":""dd6854db70908346f04820be970f5f256cf7664da83c4e7a3c7fe07eaf285c1b"",""translation_evidence"":""00_control/CURRENT_CURSOR.json#translation"",""translation_state"":""language_reviewed"",""unit_id"":""urn:uuid:62698e31-22cf-5c53-9d05-e729554524a8""},""record_type"":""content_binding"",""recorded_at"":""2026-09-07T00:00:00Z"",""semantic_key"":""a30:content-binding:m49365""}"
tables/content_bindings.jsonl,29,urn:uuid:0a5144b0-30ea-5f69-a08e-729576bab2b4,content_binding,"{""dataset_id"":""urn:uuid:661831b3-5b74-549b-be92-b84ce5992a88"",""id"":""urn:uuid:0a5144b0-30ea-5f69-a08e-729576bab2b4"",""normalized_state"":""candidate"",""owner_authority_id"":""urn:uuid:2c0d398e-59cd-57ca-9674-8120edd7d69c"",""owner_native_state"":""language_reviewed"",""payload"":{""source_bytes"":171852,""source_locale"":""en"",""source_path"":""m49366/index.cnxml"",""source_sha256"":""07444c4b8e645421f3321b614847ed476ceaaae58cd836fcb38e0d1a76605d0c"",""target_bytes"":178256,""target_locale"":""id-ID"",""target_path"":""m49366/index.cnxml"",""target_sha256"":""3cf275456bef34d78d28f206c8b38049f76b8eb0e4180468d2585c389d0c72e4"",""translation_evidence"":""00_control/CURRENT_CURSOR.json#translation"",""translation_state"":""language_reviewed"",""unit_id"":""urn:uuid:4597ebfd-ed2c-5d41-9295-60d75f28bb67""},""record_type"":""content_binding"",""recorded_at"":""2026-09-07T00:00:00Z"",""semantic_key"":""a30:content-binding:m49366""}"
tables/content_bindings.jsonl,44,urn:uuid:1047571e-9019-56b2-a6d1-3418ae557605,content_binding,"{""dataset_id"":""urn:uuid:661831b3-5b74-549b-be92-b84ce5992a88"",""id"":""urn:uuid:1047571e-9019-56b2-a6d1-3418ae557605"",""normalized_state"":""candidate"",""owner_authority_id"":""urn:uuid:2c0d398e-59cd-57ca-9674-8120edd7d69c"",""owner_native_state"":""language_reviewed"",""payload"":{""source_bytes"":230612,""source_locale"":""en"",""source_path"":""m49396/index.cnxml"",""source_sha256"":""3ac803d81877dc0fb60f4a94ec5c17ec3b2df7b4eb033effd6845aed28d1b13e"",""target_bytes"":232200,""target_locale"":""id-ID"",""target_path"":""m49396/index.cnxml"",""target_sha256"":""ced54382c745753457c2c0f2773b8f1aec44717af3eda90cc78c0f598fd9f9c2"",""translation_evidence"":""00_control/CURRENT_CURSOR.json#translation"",""translation_state"":""language_reviewed"",""unit_id"":""urn:uuid:0538843b-ce40-596b-b69e-fc9500682381""},""record_type"":""content_binding"",""recorded_at"":""2026-09-07T00:00:00Z"",""semantic_key"":""a30:content-binding:m49396""}"
tables/content_bindings.jsonl,47,urn:uuid:22b3917d-c2a8-5d10-a7cc-0dae7a96c60c,content_binding,"{""dataset_id"":""urn:uuid:661831b3-5b74-549b-be92-b84ce5992a88"",""id"":""urn:uuid:22b3917d-c2a8-5d10-a7cc-0dae7a96c60c"",""normalized_state"":""candidate"",""owner_authority_id"":""urn:uuid:2c0d398e-59cd-57ca-9674-8120edd7d69c"",""owner_native_state"":""language_reviewed"",""payload"":{""source_bytes"":283293,""source_locale"":""en"",""source_path"":""m49399/index.cnxml"",""source_sha256"":""9211168fa400315837f46b8b9b9d0ead5ea3a9e1fff631b3858523c897229e67"",""target_bytes"":284841,""target_locale"":""id-ID"",""target_path"":""m49399/index.cnxml"",""target_sha256"":""9de3e3d5fc4dc0dabcc74fc6b25c67ad880475a95a7ad374ed638aa329105420"",""translation_evidence"":""00_control/CURRENT_CURSOR.json#translation"",""translation_state"":""language_reviewed"",""unit_id"":""urn:uuid:1a70b144-a53a-587d-bd9e-9c56844c9e32""},""record_type"":""content_binding"",""recorded_at"":""2026-09-07T00:00:00Z"",""semantic_key"":""a30:content-binding:m49399""}"
tables/content_bindings.jsonl,13,urn:uuid:26bde95e-ebdd-5639-920c-9a3d2c596203,content_binding,"{""dataset_id"":""urn:uuid:661831b3-5b74-549b-be92-b84ce5992a88"",""id"":""urn:uuid:26bde95e-ebdd-5639-920c-9a3d2c596203"",""normalized_state"":""candidate"",""owner_authority_id"":""urn:uuid:2c0d398e-59cd-57ca-9674-8120edd7d69c"",""owner_native_state"":""language_reviewed"",""payload"":{""source_bytes"":2291,""source_locale"":""en"",""source_path"":""m49334/index.cnxml"",""source_sha256"":""d3b403307895210436da9776c1e23248ca7788dcfa3380205c2ec37a5639a220"",""target_bytes"":2465,""target_locale"":""id-ID"",""target_path"":""m49334/index.cnxml"",""target_sha256"":""81af9f513a822d5b829b87aec547f61d43879cf703fe4a3543884fa1ad0810ee"",""translation_evidence"":""00_control/CURRENT_CURSOR.json#translation"",""translation_state"":""language_reviewed"",""unit_id"":""urn:uuid:f3fa9903-cb3c-5017-8192-f28331a26b4f""},""record_type"":""content_binding"",""recorded_at"":""2026-09-07T00:00:00Z"",""semantic_key"":""a30:content-binding:m49334""}"
tables/content_bindings.jsonl,81,urn:uuid:29c2fe7b-cba9-5607-b3f0-ad8c0e6f4553,content_binding,"{""dataset_id"":""urn:uuid:661831b3-5b74-549b-be92-b84ce5992a88"",""id"":""urn:uuid:29c2fe7b-cba9-5607-b3f0-ad8c0e6f4553"",""normalized_state"":""candidate"",""owner_authority_id"":""urn:uuid:2c0d398e-59cd-57ca-9674-8120edd7d69c"",""owner_native_state"":""language_reviewed"",""payload"":{""source_bytes"":141093,""source_locale"":""en"",""source_path"":""m49452/index.cnxml"",""source_sha256"":""f1b1310fea76259c9d92f574e388f7458a32f06636f51debb94ad2a5708ea1b8"",""target_bytes"":141539,""target_locale"":""id-ID"",""target_path"":""m49452/index.cnxml"",""target_sha256"":""4b88ae72d9291fc3ffc327664e80147b4e0ff138a8e4efa41afc06c521c198cb"",""translation_evidence"":""00_control/CURRENT_CURSOR.json#translation"",""translation_state"":""language_reviewed"",""unit_id"":""urn:uuid:c60088ce-1ba6-5867-82c2-e7dfe943dd61""},""record_type"":""content_binding"",""recorded_at"":""2026-09-07T00:00:00Z"",""semantic_key"":""a30:content-binding:m49452""}"
tables/content_bindings.jsonl,23,urn:uuid:2ca08520-eb4e-5e08-9093-9326fc72b68b,content_binding,"{""dataset_id"":""urn:uuid:661831b3-5b74-549b-be92-b84ce5992a88"",""id"":""urn:uuid:2ca08520-eb4e-5e08-9093-9326fc72b68b"",""normalized_state"":""candidate"",""owner_authority_id"":""urn:uuid:2c0d398e-59cd-57ca-9674-8120edd7d69c"",""owner_native_state"":""language_reviewed"",""payload"":{""source_bytes"":4079,""source_locale"":""en"",""source_path"":""m49356/index.cnxml"",""source_sha256"":""984614358d7e4418b0ae7fcf26e150f3bd5a0f0417636a1520741ea364c365eb"",""target_bytes"":4403,""target_locale"":""id-ID"",""target_path"":""m49356/index.cnxml"",""target_sha256"":""288c64451008c3814e52e3c6f799639fa170c85116fe95b4348221367069920a"",""translation_evidence"":""00_control/CURRENT_CURSOR.json#translation"",""translation_state"":""language_reviewed"",""unit_id"":""urn:uuid:6f0f502d-52c9-5323-b266-c7372fbca0de""},""record_type"":""content_binding"",""recorded_at"":""2026-09-07T00:00:00Z"",""semantic_key"":""a30:content-binding:m49356""}"
tables/content_bindings.jsonl,79,urn:uuid:2dc76e5e-9890-5f87-9350-97a4e732f9d7,content_binding,"{""dataset_id"":""urn:uuid:661831b3-5b74-549b-be92-b84ce5992a88"",""id"":""urn:uuid:2dc76e5e-9890-5f87-9350-97a4e732f9d7"",""normalized_state"":""candidate"",""owner_authority_id"":""urn:uuid:2c0d398e-59cd-57ca-9674-8120edd7d69c"",""owner_native_state"":""language_reviewed"",""payload"":{""source_bytes"":146218,""source_locale"":""en"",""source_path"":""m49450/index.cnxml"",""source_sha256"":""ec4357f1d27c0d9f411413075dc01dea326fbc77fe4f4b032f8c95c1b5cccfa7"",""target_bytes"":146599,""target_locale"":""id-ID"",""target_path"":""m49450/index.cnxml"",""target_sha256"":""919c7ed0815590fe41c2906698504ae456a05c7794a878c6b95d37e88e1dcd06"",""translation_evidence"":""00_control/CURRENT_CURSOR.json#translation"",""translation_state"":""language_reviewed"",""unit_id"":""urn:uuid:e14d7192-db8f-5905-b179-d323a2bff0ae""},""record_type"":""content_binding"",""recorded_at"":""2026-09-07T00:00:00Z"",""semantic_key"":""a30:content-binding:m49450""}"
tables/content_bindings.jsonl,56,urn:uuid:31d9eac4-838a-53de-a349-5ea4a597114f,content_binding,"{""dataset_id"":""urn:uuid:661831b3-5b74-549b-be92-b84ce5992a88"",""id"":""urn:uuid:31d9eac4-838a-53de-a349-5ea4a597114f"",""normalized_state"":""candidate"",""owner_authority_id"":""urn:uuid:2c0d398e-59cd-57ca-9674-8120edd7d69c"",""owner_native_state"":""language_reviewed"",""payload"":{""source_bytes"":262974,""source_locale"":""en"",""source_path"":""m49412/index.cnxml"",""source_sha256"":""16760071707bb1be77d13d3f5545b9debdbd31e0902fcbed0a0e3332900ff5ae"",""target_bytes"":263485,""target_locale"":""id-ID"",""target_path"":""m49412/index.cnxml"",""target_sha256"":""84855fe63a32db0e205d199e2ac3ce867e3e859d36562dd250dcfdc4bbba3a41"",""translation_evidence"":""00_control/CURRENT_CURSOR.json#translation"",""translation_state"":""language_reviewed"",""unit_id"":""urn:uuid:1a2fc92b-9056-5814-ac9e-947cda1a79ee""},""record_type"":""content_binding"",""recorded_at"":""2026-09-07T00:00:00Z"",""semantic_key"":""a30:content-binding:m49412""}"
tables/content_bindings.jsonl,31,urn:uuid:334bfd0c-94fd-5301-943c-883e5731c923,content_binding,"{""dataset_id"":""urn:uuid:661831b3-5b74-549b-be92-b84ce5992a88"",""id"":""urn:uuid:334bfd0c-94fd-5301-943c-883e5731c923"",""normalized_state"":""candidate"",""owner_authority_id"":""urn:uuid:2c0d398e-59cd-57ca-9674-8120edd7d69c"",""owner_native_state"":""language_reviewed"",""payload"":{""source_bytes"":220336,""source_locale"":""en"",""source_path"":""m49368/index.cnxml"",""source_sha256"":""7d2b7b342c1b5c32eca3a3874ee8a0649dcfb960fd9d0a81cf150ac60bc40f10"",""target_bytes"":210606,""target_locale"":""id-ID"",""target_path"":""m49368/index.cnxml"",""target_sha256"":""3f3523254a9b1e9c615a5c7fc8cfabdb9ff6f6539564d19fc772d7b2a2c436b0"",""translation_evidence"":""00_control/CURRENT_CURSOR.json#translation"",""translation_state"":""language_reviewed"",""unit_id"":""urn:uuid:154e7129-115c-5c90-9b6a-c31a5064135c""},""record_type"":""content_binding"",""recorded_at"":""2026-09-07T00:00:00Z"",""semantic_key"":""a30:content-binding:m49368""}"
tables/content_bindings.jsonl,66,urn:uuid:35381adf-c907-5eb1-bf80-8c0a566524d7,content_binding,"{""dataset_id"":""urn:uuid:661831b3-5b74-549b-be92-b84ce5992a88"",""id"":""urn:uuid:35381adf-c907-5eb1-bf80-8c0a566524d7"",""normalized_state"":""candidate"",""owner_authority_id"":""urn:uuid:2c0d398e-59cd-57ca-9674-8120edd7d69c"",""owner_native_state"":""language_reviewed"",""payload"":{""source_bytes"":3563,""source_locale"":""en"",""source_path"":""m49437/index.cnxml"",""source_sha256"":""5ba6a654a0907495b2c7702de693a5cb14571f0e8a9fe994c2cc0313fbd8b709"",""target_bytes"":4119,""target_locale"":""id-ID"",""target_path"":""m49437/index.cnxml"",""target_sha256"":""b416bc30c857423c0b4ac81f78a0d93660ce49fd3241069e89684d6ed1e2c61e"",""translation_evidence"":""00_control/CURRENT_CURSOR.json#translation"",""translation_state"":""language_reviewed"",""unit_id"":""urn:uuid:cae38853-a1e6-5850-b660-ce6fc2c0350e""},""record_type"":""content_binding"",""recorded_at"":""2026-09-07T00:00:00Z"",""semantic_key"":""a30:content-binding:m49437""}"
tables/content_bindings.jsonl,59,urn:uuid:3889561a-62fa-5333-8670-82f5936e3957,content_binding,"{""dataset_id"":""urn:uuid:661831b3-5b74-549b-be92-b84ce5992a88"",""id"":""urn:uuid:3889561a-62fa-5333-8670-82f5936e3957"",""normalized_state"":""candidate"",""owner_authority_id"":""urn:uuid:2c0d398e-59cd-57ca-9674-8120edd7d69c"",""owner_native_state"":""language_reviewed"",""payload"":{""source_bytes"":186733,""source_locale"":""en"",""source_path"":""m49420/index.cnxml"",""source_sha256"":""e87ad1749a8fdfbc3fa2cc0a275ba541685918748941819676ca99b04fb3d2f9"",""target_bytes"":311180,""target_locale"":""id-ID"",""target_path"":""m49420/index.cnxml"",""target_sha256"":""8173e6c140c7e7507a1852f8afd4b675d23d54c2384fcea8c5b58fe215ee53d8"",""translation_evidence"":""00_control/CURRENT_CURSOR.json#translation"",""translation_state"":""language_reviewed"",""unit_id"":""urn:uuid:b0084aee-fd2f-598a-a080-68ab1f5599fb""},""record_type"":""content_binding"",""recorded_at"":""2026-09-07T00:00:00Z"",""semantic_key"":""a30:content-binding:m49420""}"
tables/content_bindings.jsonl,7,urn:uuid:3899eee5-3b9e-56b1-a3ea-7b1f2a35ed9b,content_binding,"{""dataset_id"":""urn:uuid:661831b3-5b74-549b-be92-b84ce5992a88"",""id"":""urn:uuid:3899eee5-3b9e-56b1-a3ea-7b1f2a35ed9b"",""normalized_state"":""candidate"",""owner_authority_id"":""urn:uuid:2c0d398e-59cd-57ca-9674-8120edd7d69c"",""owner_native_state"":""language_reviewed"",""payload"":{""source_bytes"":112709,""source_locale"":""en"",""source_path"":""m49314/index.cnxml"",""source_sha256"":""168c6458c2d8d0be13ea57bd8f630bdbfecdad661b9d2885c2490b439ca7642b"",""target_bytes"":116421,""target_locale"":""id-ID"",""target_path"":""m49314/index.cnxml"",""target_sha256"":""6bb88883701138c2976636d35234383396e0c36af4a0e9133463a885ccfddeb0"",""translation_evidence"":""00_control/CURRENT_CURSOR.json#translation"",""translation_state"":""language_reviewed"",""unit_id"":""urn:uuid:83aa45f5-9271-5093-a966-e2d31a463840""},""record_type"":""content_binding"",""recorded_at"":""2026-09-07T00:00:00Z"",""semantic_key"":""a30:content-binding:m49314""}"
tables/content_bindings.jsonl,48,urn:uuid:3b7963e0-c18d-5faf-88e2-01dad230bf5c,content_binding,"{""dataset_id"":""urn:uuid:661831b3-5b74-549b-be92-b84ce5992a88"",""id"":""urn:uuid:3b7963e0-c18d-5faf-88e2-01dad230bf5c"",""normalized_state"":""candidate"",""owner_authority_id"":""urn:uuid:2c0d398e-59cd-57ca-9674-8120edd7d69c"",""owner_native_state"":""language_reviewed"",""payload"":{""source_bytes"":1808,""source_locale"":""en"",""source_path"":""m49402/index.cnxml"",""source_sha256"":""6a9987cc9d52dbad2f5ecd2697274604a57777b2478f05b41126e0a713856e9c"",""target_bytes"":1809,""target_locale"":""id-ID"",""target_path"":""m49402/index.cnxml"",""target_sha256"":""6e120a72349d24041a463988ca8fff373a529ebba762e7aa8c8e965f1c3980e8"",""translation_evidence"":""00_control/CURRENT_CURSOR.json#translation"",""translation_state"":""language_reviewed"",""unit_id"":""urn:uuid:981d96e3-ba69-53f0-8002-36833de581ee""},""record_type"":""content_binding"",""recorded_at"":""2026-09-07T00:00:00Z"",""semantic_key"":""a30:content-binding:m49402""}"
tables/content_bindings.jsonl,1,urn:uuid:3dd38c5e-008e-51cf-82c6-1c2d55216dd8,content_binding,"{""dataset_id"":""urn:uuid:661831b3-5b74-549b-be92-b84ce5992a88"",""id"":""urn:uuid:3dd38c5e-008e-51cf-82c6-1c2d55216dd8"",""normalized_state"":""candidate"",""owner_authority_id"":""urn:uuid:2c0d398e-59cd-57ca-9674-8120edd7d69c"",""owner_native_state"":""language_reviewed"",""payload"":{""source_bytes"":1963,""source_locale"":""en"",""source_path"":""m49299/index.cnxml"",""source_sha256"":""9539d32c4a802797ad1b350c8823bf105ece72bbffd64d8d006b3b3ef034e906"",""target_bytes"":2249,""target_locale"":""id-ID"",""target_path"":""m49299/index.cnxml"",""target_sha256"":""298829ef88555d695b1dfec2ebac14ce787a2546ce964c04c16ca5ab79a76b7b"",""translation_evidence"":""00_control/CURRENT_CURSOR.json#translation"",""translation_state"":""language_reviewed"",""unit_id"":""urn:uuid:05e8219c-4324-5cc5-b040-15dc99debf4a""},""record_type"":""content_binding"",""recorded_at"":""2026-09-07T00:00:00Z"",""semantic_key"":""a30:content-binding:m49299""}"
tables/content_bindings.jsonl,21,urn:uuid:3f16f7e4-8e13-53f3-b914-d7699d1e8626,content_binding,"{""dataset_id"":""urn:uuid:661831b3-5b74-549b-be92-b84ce5992a88"",""id"":""urn:uuid:3f16f7e4-8e13-53f3-b914-d7699d1e8626"",""normalized_state"":""candidate"",""owner_authority_id"":""urn:uuid:2c0d398e-59cd-57ca-9674-8120edd7d69c"",""owner_native_state"":""language_reviewed"",""payload"":{""source_bytes"":140537,""source_locale"":""en"",""source_path"":""m49352/index.cnxml"",""source_sha256"":""58e5395654c50d7c5cb4cbebe07caef785662678a42a7f6ecfbe43b10f33d76b"",""target_bytes"":140192,""target_locale"":""id-ID"",""target_path"":""m49352/index.cnxml"",""target_sha256"":""83be3388b9b4460bc79d74ec8838f1d54e61b9d9cf49b5e94f1be77cb2e43ce5"",""translation_evidence"":""00_control/CURRENT_CURSOR.json#translation"",""translation_state"":""language_reviewed"",""unit_id"":""urn:uuid:d395a3a6-f182-5340-a644-5fa16a9471d9""},""record_type"":""content_binding"",""recorded_at"":""2026-09-07T00:00:00Z"",""semantic_key"":""a30:content-binding:m49352""}"
tables/content_bindings.jsonl,32,urn:uuid:408ce032-6cab-57ca-89bc-0fab42a61e93,content_binding,"{""dataset_id"":""urn:uuid:661831b3-5b74-549b-be92-b84ce5992a88"",""id"":""urn:uuid:408ce032-6cab-57ca-89bc-0fab42a61e93"",""normalized_state"":""candidate"",""owner_authority_id"":""urn:uuid:2c0d398e-59cd-57ca-9674-8120edd7d69c"",""owner_native_state"":""language_reviewed"",""payload"":{""source_bytes"":2502,""source_locale"":""en"",""source_path"":""m49369/index.cnxml"",""source_sha256"":""1dbec86f1d876e1d8998c00685f6f84d5ee3ad4d8497c0447912e77b24d35f0d"",""target_bytes"":2567,""target_locale"":""id-ID"",""target_path"":""m49369/index.cnxml"",""target_sha256"":""3eecc053e32ff6c52a12918b23b8104d3571938ab6ca62afbcbff7e2d95a2f2e"",""translation_evidence"":""00_control/CURRENT_CURSOR.json#translation"",""translation_state"":""language_reviewed"",""unit_id"":""urn:uuid:c6ed74da-3a07-5e3b-a3c1-856dfbdc1322""},""record_type"":""content_binding"",""recorded_at"":""2026-09-07T00:00:00Z"",""semantic_key"":""a30:content-binding:m49369""}"
tables/content_bindings.jsonl,42,urn:uuid:408f9c24-6883-5fb8-901b-b14367941e60,content_binding,"{""dataset_id"":""urn:uuid:661831b3-5b74-549b-be92-b84ce5992a88"",""id"":""urn:uuid:408f9c24-6883-5fb8-901b-b14367941e60"",""normalized_state"":""candidate"",""owner_authority_id"":""urn:uuid:2c0d398e-59cd-57ca-9674-8120edd7d69c"",""owner_native_state"":""language_reviewed"",""payload"":{""source_bytes"":141573,""source_locale"":""en"",""source_path"":""m49393/index.cnxml"",""source_sha256"":""127998ee2cb1b1aa44beb4df1bee6aab9b593dddaf3e7e919e1e047d2ef59747"",""target_bytes"":143090,""target_locale"":""id-ID"",""target_path"":""m49393/index.cnxml"",""target_sha256"":""3ce95ac0f66c9707c414bdd59025f6510bb1de2fd5135a0cb3b329c68a8c20fc"",""translation_evidence"":""00_control/CURRENT_CURSOR.json#translation"",""translation_state"":""language_reviewed"",""unit_id"":""urn:uuid:c1dad04c-de45-5f48-b832-3d029421543f""},""record_type"":""content_binding"",""recorded_at"":""2026-09-07T00:00:00Z"",""semantic_key"":""a30:content-binding:m49393""}"
tables/content_bindings.jsonl,78,urn:uuid:422c13e7-21a3-5592-820a-12ae4f449561,content_binding,"{""dataset_id"":""urn:uuid:661831b3-5b74-549b-be92-b84ce5992a88"",""id"":""urn:uuid:422c13e7-21a3-5592-820a-12ae4f449561"",""normalized_state"":""candidate"",""owner_authority_id"":""urn:uuid:2c0d398e-59cd-57ca-9674-8120edd7d69c"",""owner_native_state"":""language_reviewed"",""payload"":{""source_bytes"":124868,""source_locale"":""en"",""source_path"":""m49449/index.cnxml"",""source_sha256"":""2f3cb191efaa04dab5c1f704aa47f6bfa2645efdcd56a01cdaaf6c5b424a7fcc"",""target_bytes"":125502,""target_locale"":""id-ID"",""target_path"":""m49449/index.cnxml"",""target_sha256"":""b04435f918406ff7f36b319b9ae061c54f70f9c914d6decb8698912d285c1ed7"",""translation_evidence"":""00_control/CURRENT_CURSOR.json#translation"",""translation_state"":""language_reviewed"",""unit_id"":""urn:uuid:94530b21-0b22-50b0-b2c1-e456a99b6c07""},""record_type"":""content_binding"",""recorded_at"":""2026-09-07T00:00:00Z"",""semantic_key"":""a30:content-binding:m49449""}"
tables/content_bindings.jsonl,2,urn:uuid:435e1389-e56a-515e-b5ca-233652898a20,content_binding,"{""dataset_id"":""urn:uuid:661831b3-5b74-549b-be92-b84ce5992a88"",""id"":""urn:uuid:435e1389-e56a-515e-b5ca-233652898a20"",""normalized_state"":""candidate"",""owner_authority_id"":""urn:uuid:2c0d398e-59cd-57ca-9674-8120edd7d69c"",""owner_native_state"":""language_reviewed"",""payload"":{""source_bytes"":197298,""source_locale"":""en"",""source_path"":""m49301/index.cnxml"",""source_sha256"":""81115d90dd1d9781e65844526bbbfbea638cc6fd515c623c4d535bf3bd0e37e3"",""target_bytes"":205706,""target_locale"":""id-ID"",""target_path"":""m49301/index.cnxml"",""target_sha256"":""67678da7d3faa988d0c42a63ef15f140a2c0478610cd1fadc499fb749d55c77a"",""translation_evidence"":""00_control/CURRENT_CURSOR.json#translation"",""translation_state"":""language_reviewed"",""unit_id"":""urn:uuid:ecb2439d-e5ab-516e-ae34-d45f391c55f1""},""record_type"":""content_binding"",""recorded_at"":""2026-09-07T00:00:00Z"",""semantic_key"":""a30:content-binding:m49301""}"
tables/content_bindings.jsonl,54,urn:uuid:4695f0c4-6c89-5828-8b58-fbec7105770d,content_binding,"{""dataset_id"":""urn:uuid:661831b3-5b74-549b-be92-b84ce5992a88"",""id"":""urn:uuid:4695f0c4-6c89-5828-8b58-fbec7105770d"",""normalized_state"":""candidate"",""owner_authority_id"":""urn:uuid:2c0d398e-59cd-57ca-9674-8120edd7d69c"",""owner_native_state"":""language_reviewed"",""payload"":{""source_bytes"":146586,""source_locale"":""en"",""source_path"":""m49409/index.cnxml"",""source_sha256"":""f18aba1f87276e229883ce3786c474b0f11ba870792615e9be3988d6d3323516"",""target_bytes"":147500,""target_locale"":""id-ID"",""target_path"":""m49409/index.cnxml"",""target_sha256"":""5465d17dbabfdffecd8a6e94ea1aed86de42b9523c19a02100f50ab2a57fd580"",""translation_evidence"":""00_control/CURRENT_CURSOR.json#translation"",""translation_state"":""language_reviewed"",""unit_id"":""urn:uuid:2dceff21-cedd-5e89-92c7-7f86d365b36b""},""record_type"":""content_binding"",""recorded_at"":""2026-09-07T00:00:00Z"",""semantic_key"":""a30:content-binding:m49409""}"
tables/content_bindings.jsonl,55,urn:uuid:4722e47e-97ac-53ac-81be-c6875925f27f,content_binding,"{""dataset_id"":""urn:uuid:661831b3-5b74-549b-be92-b84ce5992a88"",""id"":""urn:uuid:4722e47e-97ac-53ac-81be-c6875925f27f"",""normalized_state"":""candidate"",""owner_authority_id"":""urn:uuid:2c0d398e-59cd-57ca-9674-8120edd7d69c"",""owner_native_state"":""language_reviewed"",""payload"":{""source_bytes"":163837,""source_locale"":""en"",""source_path"":""m49411/index.cnxml"",""source_sha256"":""ca22a64e28d55660e31887d683aa222826c00b1c74b048e2c8f9406546ec7647"",""target_bytes"":163943,""target_locale"":""id-ID"",""target_path"":""m49411/index.cnxml"",""target_sha256"":""94b95f8a342419958cd466329603e07e81184387c027a8b12ab4a64c1ae796a6"",""translation_evidence"":""00_control/CURRENT_CURSOR.json#translation"",""translation_state"":""language_reviewed"",""unit_id"":""urn:uuid:a816627b-5a02-5c26-a792-b1d6c693e66f""},""record_type"":""content_binding"",""recorded_at"":""2026-09-07T00:00:00Z"",""semantic_key"":""a30:content-binding:m49411""}"
tables/content_bindings.jsonl,5,urn:uuid:48272d6e-2135-5969-94a6-319c8b5da818,content_binding,"{""dataset_id"":""urn:uuid:661831b3-5b74-549b-be92-b84ce5992a88"",""id"":""urn:uuid:48272d6e-2135-5969-94a6-319c8b5da818"",""normalized_state"":""candidate"",""owner_authority_id"":""urn:uuid:2c0d398e-59cd-57ca-9674-8120edd7d69c"",""owner_native_state"":""language_reviewed"",""payload"":{""source_bytes"":190343,""source_locale"":""en"",""source_path"":""m49308/index.cnxml"",""source_sha256"":""8e463e13c840a2772f75b1fc9380451bea746c1948bc5b660bb2aea677928a81"",""target_bytes"":192135,""target_locale"":""id-ID"",""target_path"":""m49308/index.cnxml"",""target_sha256"":""48d9b3569901687035e65fe6841b8de52b80d9c9edc3eb3209a62cb468eccebf"",""translation_evidence"":""00_control/CURRENT_CURSOR.json#translation"",""translation_state"":""language_reviewed"",""unit_id"":""urn:uuid:6be2cf9f-9951-554b-bd55-1f8ed50242b7""},""record_type"":""content_binding"",""recorded_at"":""2026-09-07T00:00:00Z"",""semantic_key"":""a30:content-binding:m49308""}"
tables/content_bindings.jsonl,50,urn:uuid:4d001b0a-7e5e-5d29-b0fc-d5df44b6b0ff,content_binding,"{""dataset_id"":""urn:uuid:661831b3-5b74-549b-be92-b84ce5992a88"",""id"":""urn:uuid:4d001b0a-7e5e-5d29-b0fc-d5df44b6b0ff"",""normalized_state"":""candidate"",""owner_authority_id"":""urn:uuid:2c0d398e-59cd-57ca-9674-8120edd7d69c"",""owner_native_state"":""language_reviewed"",""payload"":{""source_bytes"":115244,""source_locale"":""en"",""source_path"":""m49405/index.cnxml"",""source_sha256"":""87f7460e0454b6046dbae9b7a7875cae995ab65c0f8b2c02a9341d66fd0e56ce"",""target_bytes"":118749,""target_locale"":""id-ID"",""target_path"":""m49405/index.cnxml"",""target_sha256"":""ad0a0305f605b2d3caf5ffeca73c0bc5d9668e250dde80ba6fe632cd95055312"",""translation_evidence"":""00_control/CURRENT_CURSOR.json#translation"",""translation_state"":""language_reviewed"",""unit_id"":""urn:uuid:3f7521af-414a-52c9-9030-8e317a19ae40""},""record_type"":""content_binding"",""recorded_at"":""2026-09-07T00:00:00Z"",""semantic_key"":""a30:content-binding:m49405""}"
tables/content_bindings.jsonl,10,urn:uuid:4d32443e-ee20-5f7a-a2bd-711a5b022fef,content_binding,"{""dataset_id"":""urn:uuid:661831b3-5b74-549b-be92-b84ce5992a88"",""id"":""urn:uuid:4d32443e-ee20-5f7a-a2bd-711a5b022fef"",""normalized_state"":""candidate"",""owner_authority_id"":""urn:uuid:2c0d398e-59cd-57ca-9674-8120edd7d69c"",""owner_native_state"":""language_reviewed"",""payload"":{""source_bytes"":165705,""source_locale"":""en"",""source_path"":""m49324/index.cnxml"",""source_sha256"":""db87d66cfbe4b0058b30cf91bae829b7202c0c0579bcf942a4f1c35135c822aa"",""target_bytes"":168053,""target_locale"":""id-ID"",""target_path"":""m49324/index.cnxml"",""target_sha256"":""748d285189c80dcd7d5c098c829850d513a0489fc4ee5bfc9194eff6b5a910f2"",""translation_evidence"":""00_control/CURRENT_CURSOR.json#translation"",""translation_state"":""language_reviewed"",""unit_id"":""urn:uuid:4113cbee-2d8d-5844-8304-4ca58366b639""},""record_type"":""content_binding"",""recorded_at"":""2026-09-07T00:00:00Z"",""semantic_key"":""a30:content-binding:m49324""}"
tables/content_bindings.jsonl,70,urn:uuid:4ebda3b4-63b5-52e2-a8b2-ff1d9d313463,content_binding,"{""dataset_id"":""urn:uuid:661831b3-5b74-549b-be92-b84ce5992a88"",""id"":""urn:uuid:4ebda3b4-63b5-52e2-a8b2-ff1d9d313463"",""normalized_state"":""candidate"",""owner_authority_id"":""urn:uuid:2c0d398e-59cd-57ca-9674-8120edd7d69c"",""owner_native_state"":""language_reviewed"",""payload"":{""source_bytes"":241557,""source_locale"":""en"",""source_path"":""m49441/index.cnxml"",""source_sha256"":""d772bd955269f294ad433abb0d9b09fc0d9052cd929cbc13a6751e748e769ff9"",""target_bytes"":243762,""target_locale"":""id-ID"",""target_path"":""m49441/index.cnxml"",""target_sha256"":""397a36af085206e92db38a532fb98a3b3761ca2c0a81999d99bd090cd2ec51a1"",""translation_evidence"":""00_control/CURRENT_CURSOR.json#translation"",""translation_state"":""language_reviewed"",""unit_id"":""urn:uuid:6bef4602-aa3f-5537-b8e6-083ce166e5cf""},""record_type"":""content_binding"",""recorded_at"":""2026-09-07T00:00:00Z"",""semantic_key"":""a30:content-binding:m49441""}"
tables/content_bindings.jsonl,26,urn:uuid:540c2d26-c098-571f-8de4-52a39ebe23fb,content_binding,"{""dataset_id"":""urn:uuid:661831b3-5b74-549b-be92-b84ce5992a88"",""id"":""urn:uuid:540c2d26-c098-571f-8de4-52a39ebe23fb"",""normalized_state"":""candidate"",""owner_authority_id"":""urn:uuid:2c0d398e-59cd-57ca-9674-8120edd7d69c"",""owner_native_state"":""language_reviewed"",""payload"":{""source_bytes"":122415,""source_locale"":""en"",""source_path"":""m49363/index.cnxml"",""source_sha256"":""099985e632e6e9ad3689fd74c1a423f454e71ab4920de5014318220df7d82fe6"",""target_bytes"":125651,""target_locale"":""id-ID"",""target_path"":""m49363/index.cnxml"",""target_sha256"":""5b22371618ddb98894fcf4d3c18ac8bfe81ab83b8409fef47e1428a6c1321ce8"",""translation_evidence"":""00_control/CURRENT_CURSOR.json#translation"",""translation_state"":""language_reviewed"",""unit_id"":""urn:uuid:fb5b4b2f-4b28-57a2-933e-196ab5675726""},""record_type"":""content_binding"",""recorded_at"":""2026-09-07T00:00:00Z"",""semantic_key"":""a30:content-binding:m49363""}"
tables/content_bindings.jsonl,8,urn:uuid:568b42a5-62c3-5923-9e6e-cfbd5cca8e9b,content_binding,"{""dataset_id"":""urn:uuid:661831b3-5b74-549b-be92-b84ce5992a88"",""id"":""urn:uuid:568b42a5-62c3-5923-9e6e-cfbd5cca8e9b"",""normalized_state"":""candidate"",""owner_authority_id"":""urn:uuid:2c0d398e-59cd-57ca-9674-8120edd7d69c"",""owner_native_state"":""language_reviewed"",""payload"":{""source_bytes"":206647,""source_locale"":""en"",""source_path"":""m49320/index.cnxml"",""source_sha256"":""ea72bbc8985a690e64628b5d00b5838e2b0fa464eec08a97a08c16c59e6ccb93"",""target_bytes"":208899,""target_locale"":""id-ID"",""target_path"":""m49320/index.cnxml"",""target_sha256"":""589200a1257e44c309c44999740d838be8350eb29c648ba3222fe97de9f55e36"",""translation_evidence"":""00_control/CURRENT_CURSOR.json#translation"",""translation_state"":""language_reviewed"",""unit_id"":""urn:uuid:0d586bde-0c1f-5143-a045-e1b22d5fc6b2""},""record_type"":""content_binding"",""recorded_at"":""2026-09-07T00:00:00Z"",""semantic_key"":""a30:content-binding:m49320""}"
tables/content_bindings.jsonl,52,urn:uuid:5de25436-e9d2-5593-b2a5-070fdb9009dc,content_binding,"{""dataset_id"":""urn:uuid:661831b3-5b74-549b-be92-b84ce5992a88"",""id"":""urn:uuid:5de25436-e9d2-5593-b2a5-070fdb9009dc"",""normalized_state"":""candidate"",""owner_authority_id"":""urn:uuid:2c0d398e-59cd-57ca-9674-8120edd7d69c"",""owner_native_state"":""language_reviewed"",""payload"":{""source_bytes"":175368,""source_locale"":""en"",""source_path"":""m49407/index.cnxml"",""source_sha256"":""3783ce0448cac5515ba6b1f416af9cfe01275f4388ab45e1b443d98127fb12d8"",""target_bytes"":176287,""target_locale"":""id-ID"",""target_path"":""m49407/index.cnxml"",""target_sha256"":""4f8beca31e2b9e38b454b0920af85d4ab020e3a1a44af63392daf364889053ac"",""translation_evidence"":""00_control/CURRENT_CURSOR.json#translation"",""translation_state"":""language_reviewed"",""unit_id"":""urn:uuid:f12e1b62-34ba-5bde-841a-1c477f90dbcb""},""record_type"":""content_binding"",""recorded_at"":""2026-09-07T00:00:00Z"",""semantic_key"":""a30:content-binding:m49407""}"
tables/content_bindings.jsonl,41,urn:uuid:66897db1-1952-5d0b-8a06-ceb832e821d8,content_binding,"{""dataset_id"":""urn:uuid:661831b3-5b74-549b-be92-b84ce5992a88"",""id"":""urn:uuid:66897db1-1952-5d0b-8a06-ceb832e821d8"",""normalized_state"":""candidate"",""owner_authority_id"":""urn:uuid:2c0d398e-59cd-57ca-9674-8120edd7d69c"",""owner_native_state"":""language_reviewed"",""payload"":{""source_bytes"":1892,""source_locale"":""en"",""source_path"":""m49392/index.cnxml"",""source_sha256"":""1c3527fb75112c456fe58f605d68bee71bc99a922caece28fd695ba9c57ee739"",""target_bytes"":1960,""target_locale"":""id-ID"",""target_path"":""m49392/index.cnxml"",""target_sha256"":""2661c89425f5e13021d979ed098253270f3eef3307a406ba9a66cce7ca46ba75"",""translation_evidence"":""00_control/CURRENT_CURSOR.json#translation"",""translation_state"":""language_reviewed"",""unit_id"":""urn:uuid:85c1e7a1-a27b-5a59-aa61-302b5368bac7""},""record_type"":""content_binding"",""recorded_at"":""2026-09-07T00:00:00Z"",""semantic_key"":""a30:content-binding:m49392""}"
tables/content_bindings.jsonl,53,urn:uuid:6a622c26-6f61-50ac-82b0-105e6f0ee70c,content_binding,"{""dataset_id"":""urn:uuid:661831b3-5b74-549b-be92-b84ce5992a88"",""id"":""urn:uuid:6a622c26-6f61-50ac-82b0-105e6f0ee70c"",""normalized_state"":""candidate"",""owner_authority_id"":""urn:uuid:2c0d398e-59cd-57ca-9674-8120edd7d69c"",""owner_native_state"":""language_reviewed"",""payload"":{""source_bytes"":138099,""source_locale"":""en"",""source_path"":""m49408/index.cnxml"",""source_sha256"":""a12116e77556f3093bb3b66fccdb6be69aafa32421860627468625fdbb48ac82"",""target_bytes"":139082,""target_locale"":""id-ID"",""target_path"":""m49408/index.cnxml"",""target_sha256"":""21797ed5ed99cd27adab6b849afe4922aaa9ec546b7ab33ec5544d6fb82888df"",""translation_evidence"":""00_control/CURRENT_CURSOR.json#translation"",""translation_state"":""language_reviewed"",""unit_id"":""urn:uuid:91de9788-1651-5a29-bb78-02a3a3577e7e""},""record_type"":""content_binding"",""recorded_at"":""2026-09-07T00:00:00Z"",""semantic_key"":""a30:content-binding:m49408""}"
tables/content_bindings.jsonl,33,urn:uuid:70efccb6-5895-51fd-8df9-ff759ccd56fc,content_binding,"{""dataset_id"":""urn:uuid:661831b3-5b74-549b-be92-b84ce5992a88"",""id"":""urn:uuid:70efccb6-5895-51fd-8df9-ff759ccd56fc"",""normalized_state"":""candidate"",""owner_authority_id"":""urn:uuid:2c0d398e-59cd-57ca-9674-8120edd7d69c"",""owner_native_state"":""language_reviewed"",""payload"":{""source_bytes"":138269,""source_locale"":""en"",""source_path"":""m49371/index.cnxml"",""source_sha256"":""7a1b27d6d178b0a7f89b3b3252f7f440f12a1e60d7e9a08c59c7407a92b4ef3a"",""target_bytes"":141126,""target_locale"":""id-ID"",""target_path"":""m49371/index.cnxml"",""target_sha256"":""05a515031fb879a327a6fe60d7fe93f172dd48b759e96acf7d781dd0c1faba06"",""translation_evidence"":""00_control/CURRENT_CURSOR.json#translation"",""translation_state"":""language_reviewed"",""unit_id"":""urn:uuid:3a57dc28-4b62-524c-b721-f1849261340f""},""record_type"":""content_binding"",""recorded_at"":""2026-09-07T00:00:00Z"",""semantic_key"":""a30:content-binding:m49371""}"
tables/content_bindings.jsonl,24,urn:uuid:711f5c5f-10d0-5a14-9f91-aed0ace9c6c0,content_binding,"{""dataset_id"":""urn:uuid:661831b3-5b74-549b-be92-b84ce5992a88"",""id"":""urn:uuid:711f5c5f-10d0-5a14-9f91-aed0ace9c6c0"",""normalized_state"":""candidate"",""owner_authority_id"":""urn:uuid:2c0d398e-59cd-57ca-9674-8120edd7d69c"",""owner_native_state"":""language_reviewed"",""payload"":{""source_bytes"":188016,""source_locale"":""en"",""source_path"":""m49361/index.cnxml"",""source_sha256"":""f9d1ac4b848a93247f61c77a2aa13396894a2b40bd36bfd100cbd149eaa4ebbb"",""target_bytes"":192565,""target_locale"":""id-ID"",""target_path"":""m49361/index.cnxml"",""target_sha256"":""ba0ad875be9e0496efeb0c3db5cff7276f275392031ee9f0d7e168ba810f5e56"",""translation_evidence"":""00_control/CURRENT_CURSOR.json#translation"",""translation_state"":""language_reviewed"",""unit_id"":""urn:uuid:e0e0f597-8cd3-58b1-a1e4-7ced441023be""},""record_type"":""content_binding"",""recorded_at"":""2026-09-07T00:00:00Z"",""semantic_key"":""a30:content-binding:m49361""}"
tables/content_bindings.jsonl,83,urn:uuid:72004e88-2007-5c42-b45a-99a84a71c232,content_binding,"{""dataset_id"":""urn:uuid:661831b3-5b74-549b-be92-b84ce5992a88"",""id"":""urn:uuid:72004e88-2007-5c42-b45a-99a84a71c232"",""normalized_state"":""candidate"",""owner_authority_id"":""urn:uuid:2c0d398e-59cd-57ca-9674-8120edd7d69c"",""owner_native_state"":""language_reviewed"",""payload"":{""source_bytes"":144044,""source_locale"":""en"",""source_path"":""m49454/index.cnxml"",""source_sha256"":""d576f7864c36b84b246a199b4c2b35c38a5c575b44a266e53f8ebd4f29f0a5ba"",""target_bytes"":144349,""target_locale"":""id-ID"",""target_path"":""m49454/index.cnxml"",""target_sha256"":""38a7a73691541a8146d0119258f0c80169dfcf2d859f64e194e2850449d7e83c"",""translation_evidence"":""00_control/CURRENT_CURSOR.json#translation"",""translation_state"":""language_reviewed"",""unit_id"":""urn:uuid:2a7c6bec-581c-5c4e-93af-8b70476534e1""},""record_type"":""content_binding"",""recorded_at"":""2026-09-07T00:00:00Z"",""semantic_key"":""a30:content-binding:m49454""}"
tables/content_bindings.jsonl,67,urn:uuid:729ed9e6-7fa1-50cf-9179-8db19d613063,content_binding,"{""dataset_id"":""urn:uuid:661831b3-5b74-549b-be92-b84ce5992a88"",""id"":""urn:uuid:729ed9e6-7fa1-50cf-9179-8db19d613063"",""normalized_state"":""candidate"",""owner_authority_id"":""urn:uuid:2c0d398e-59cd-57ca-9674-8120edd7d69c"",""owner_native_state"":""language_reviewed"",""payload"":{""source_bytes"":267149,""source_locale"":""en"",""source_path"":""m49438/index.cnxml"",""source_sha256"":""70f04e4b512f35ec5617f5b8c7045e5c7ac4a4473a6bf69a464f0477135d5a5e"",""target_bytes"":269946,""target_locale"":""id-ID"",""target_path"":""m49438/index.cnxml"",""target_sha256"":""62fb5cf940c3e376fe61cfe2c495a3f71532cc000d93a37631f090fcb3796a2e"",""translation_evidence"":""00_control/CURRENT_CURSOR.json#translation"",""translation_state"":""language_reviewed"",""unit_id"":""urn:uuid:d2eebe8e-7f2e-5797-b4dd-684386aa7dad""},""record_type"":""content_binding"",""recorded_at"":""2026-09-07T00:00:00Z"",""semantic_key"":""a30:content-binding:m49438""}"
tables/content_bindings.jsonl,51,urn:uuid:74c3c794-a947-5cc5-9d42-b54a2badb6af,content_binding,"{""dataset_id"":""urn:uuid:661831b3-5b74-549b-be92-b84ce5992a88"",""id"":""urn:uuid:74c3c794-a947-5cc5-9d42-b54a2badb6af"",""normalized_state"":""candidate"",""owner_authority_id"":""urn:uuid:2c0d398e-59cd-57ca-9674-8120edd7d69c"",""owner_native_state"":""language_reviewed"",""payload"":{""source_bytes"":130167,""source_locale"":""en"",""source_path"":""m49406/index.cnxml"",""source_sha256"":""eaef72d753e625134090d8c3ce02e20f2b1da15a282696c47da281b7452a0765"",""target_bytes"":135201,""target_locale"":""id-ID"",""target_path"":""m49406/index.cnxml"",""target_sha256"":""65c7d6aa64d5fe3ff5e409dc6ba4ed0c25b3c9245af8c164d99cd0becf96f22e"",""translation_evidence"":""00_control/CURRENT_CURSOR.json#translation"",""translation_state"":""language_reviewed"",""unit_id"":""urn:uuid:76de6819-084b-5f51-a9e6-47b6df2adbcd""},""record_type"":""content_binding"",""recorded_at"":""2026-09-07T00:00:00Z"",""semantic_key"":""a30:content-binding:m49406""}"
tables/content_bindings.jsonl,63,urn:uuid:77f6e533-9e64-55e5-bb6d-20a0168a1afd,content_binding,"{""dataset_id"":""urn:uuid:661831b3-5b74-549b-be92-b84ce5992a88"",""id"":""urn:uuid:77f6e533-9e64-55e5-bb6d-20a0168a1afd"",""normalized_state"":""candidate"",""owner_authority_id"":""urn:uuid:2c0d398e-59cd-57ca-9674-8120edd7d69c"",""owner_native_state"":""language_reviewed"",""payload"":{""source_bytes"":248927,""source_locale"":""en"",""source_path"":""m49434/index.cnxml"",""source_sha256"":""97b425e131bf633f4eae72a37cbf406278dfe219692d2cbdd51121eb5b760d6f"",""target_bytes"":252533,""target_locale"":""id-ID"",""target_path"":""m49434/index.cnxml"",""target_sha256"":""091c2f8082b5d60cde9f6bc02c0c584a83a6bb00507b9a57cbe369dab077976e"",""translation_evidence"":""00_control/CURRENT_CURSOR.json#translation"",""translation_state"":""language_reviewed"",""unit_id"":""urn:uuid:07b6a173-131e-52f5-8e31-9d26a538d751""},""record_type"":""content_binding"",""recorded_at"":""2026-09-07T00:00:00Z"",""semantic_key"":""a30:content-binding:m49434""}"
tables/content_bindings.jsonl,9,urn:uuid:7e596d1c-2073-546b-8ae7-f548360f03a8,content_binding,"{""dataset_id"":""urn:uuid:661831b3-5b74-549b-be92-b84ce5992a88"",""id"":""urn:uuid:7e596d1c-2073-546b-8ae7-f548360f03a8"",""normalized_state"":""candidate"",""owner_authority_id"":""urn:uuid:2c0d398e-59cd-57ca-9674-8120edd7d69c"",""owner_native_state"":""language_reviewed"",""payload"":{""source_bytes"":1829,""source_locale"":""en"",""source_path"":""m49321/index.cnxml"",""source_sha256"":""6d26c96d6f4dc62b0772984b8433045a797c11b8e265efc5ff8dad5eb792eed5"",""target_bytes"":1935,""target_locale"":""id-ID"",""target_path"":""m49321/index.cnxml"",""target_sha256"":""c86ea085857df82c759df77d8765c7e4610a75cc2e3693c8e1e0beb5444220ec"",""translation_evidence"":""00_control/CURRENT_CURSOR.json#translation"",""translation_state"":""language_reviewed"",""unit_id"":""urn:uuid:63c6c031-ac9e-5bf8-8382-99e6a47ab739""},""record_type"":""content_binding"",""recorded_at"":""2026-09-07T00:00:00Z"",""semantic_key"":""a30:content-binding:m49321""}"
tables/content_bindings.jsonl,15,urn:uuid:823407ba-7f0d-587e-bccb-8f144e476277,content_binding,"{""dataset_id"":""urn:uuid:661831b3-5b74-549b-be92-b84ce5992a88"",""id"":""urn:uuid:823407ba-7f0d-587e-bccb-8f144e476277"",""normalized_state"":""candidate"",""owner_authority_id"":""urn:uuid:2c0d398e-59cd-57ca-9674-8120edd7d69c"",""owner_native_state"":""language_reviewed"",""payload"":{""source_bytes"":186391,""source_locale"":""en"",""source_path"":""m49337/index.cnxml"",""source_sha256"":""a657ceac3d9b3d7992f420b1482ad1723fe32b411b11d278cd17662b8665fe25"",""target_bytes"":189672,""target_locale"":""id-ID"",""target_path"":""m49337/index.cnxml"",""target_sha256"":""0dce0c06c48959ef51247421123219cb501b420e687faba61905f7698c40233b"",""translation_evidence"":""00_control/CURRENT_CURSOR.json#translation"",""translation_state"":""language_reviewed"",""unit_id"":""urn:uuid:d60a35c9-d991-58ae-a8f6-86fcfc11ab27""},""record_type"":""content_binding"",""recorded_at"":""2026-09-07T00:00:00Z"",""semantic_key"":""a30:content-binding:m49337""}"
tables/content_bindings.jsonl,11,urn:uuid:82f42a60-2f1b-52be-a1bd-45c2db295cc1,content_binding,"{""dataset_id"":""urn:uuid:661831b3-5b74-549b-be92-b84ce5992a88"",""id"":""urn:uuid:82f42a60-2f1b-52be-a1bd-45c2db295cc1"",""normalized_state"":""candidate"",""owner_authority_id"":""urn:uuid:2c0d398e-59cd-57ca-9674-8120edd7d69c"",""owner_native_state"":""language_reviewed"",""payload"":{""source_bytes"":92350,""source_locale"":""en"",""source_path"":""m49326/index.cnxml"",""source_sha256"":""7676e49303e8cc6e34aaf1ac62a75fdff47c6fe0b413aec049fbf9d3499c97e2"",""target_bytes"":96599,""target_locale"":""id-ID"",""target_path"":""m49326/index.cnxml"",""target_sha256"":""6ff5daeff037812563a3e663bc99fbdcf55ede04bb9b29bccf947a5ea728fe5e"",""translation_evidence"":""00_control/CURRENT_CURSOR.json#translation"",""translation_state"":""language_reviewed"",""unit_id"":""urn:uuid:7dc79841-7e22-5d64-b954-6aa66c68f0fa""},""record_type"":""content_binding"",""recorded_at"":""2026-09-07T00:00:00Z"",""semantic_key"":""a30:content-binding:m49326""}"
tables/content_bindings.jsonl,18,urn:uuid:871c1b0d-9132-5773-9201-90d901ed303a,content_binding,"{""dataset_id"":""urn:uuid:661831b3-5b74-549b-be92-b84ce5992a88"",""id"":""urn:uuid:871c1b0d-9132-5773-9201-90d901ed303a"",""normalized_state"":""candidate"",""owner_authority_id"":""urn:uuid:2c0d398e-59cd-57ca-9674-8120edd7d69c"",""owner_native_state"":""language_reviewed"",""payload"":{""source_bytes"":108241,""source_locale"":""en"",""source_path"":""m49348/index.cnxml"",""source_sha256"":""7123b63ff87836ed9de9fdc289a82da865d293ccdf75aa1a86287526372f71c8"",""target_bytes"":110287,""target_locale"":""id-ID"",""target_path"":""m49348/index.cnxml"",""target_sha256"":""257028b078a33f55e14de3a3495d29946c4a384c59010ed7e29dea19d96c6a15"",""translation_evidence"":""00_control/CURRENT_CURSOR.json#translation"",""translation_state"":""language_reviewed"",""unit_id"":""urn:uuid:3bfffa92-800f-5f99-b293-3967c0fedf2b""},""record_type"":""content_binding"",""recorded_at"":""2026-09-07T00:00:00Z"",""semantic_key"":""a30:content-binding:m49348""}"
tables/content_bindings.jsonl,72,urn:uuid:885dc734-8180-57b5-b0ba-6e8077d8e1f6,content_binding,"{""dataset_id"":""urn:uuid:661831b3-5b74-549b-be92-b84ce5992a88"",""id"":""urn:uuid:885dc734-8180-57b5-b0ba-6e8077d8e1f6"",""normalized_state"":""candidate"",""owner_authority_id"":""urn:uuid:2c0d398e-59cd-57ca-9674-8120edd7d69c"",""owner_native_state"":""language_reviewed"",""payload"":{""source_bytes"":1901,""source_locale"":""en"",""source_path"":""m49443/index.cnxml"",""source_sha256"":""320b377ef5bc58d9d812889123919eb3635658ead59f9551ed1486cd81bd43df"",""target_bytes"":2142,""target_locale"":""id-ID"",""target_path"":""m49443/index.cnxml"",""target_sha256"":""84535594084a5d47f50320522944515d50b66229504ca8a14b0106c7f3563308"",""translation_evidence"":""00_control/CURRENT_CURSOR.json#translation"",""translation_state"":""language_reviewed"",""unit_id"":""urn:uuid:3d174fe0-4210-5293-80f3-a395b864a336""},""record_type"":""content_binding"",""recorded_at"":""2026-09-07T00:00:00Z"",""semantic_key"":""a30:content-binding:m49443""}"
tables/content_bindings.jsonl,3,urn:uuid:8944a686-97b7-542c-a6f0-7c7e7fc0cae4,content_binding,"{""dataset_id"":""urn:uuid:661831b3-5b74-549b-be92-b84ce5992a88"",""id"":""urn:uuid:8944a686-97b7-542c-a6f0-7c7e7fc0cae4"",""normalized_state"":""candidate"",""owner_authority_id"":""urn:uuid:2c0d398e-59cd-57ca-9674-8120edd7d69c"",""owner_native_state"":""language_reviewed"",""payload"":{""source_bytes"":128270,""source_locale"":""en"",""source_path"":""m49304/index.cnxml"",""source_sha256"":""b884c16482dc3cc3bc6f96ebc342ae934863f7aacd5eb39ec73c7a5f6a49f92c"",""target_bytes"":135761,""target_locale"":""id-ID"",""target_path"":""m49304/index.cnxml"",""target_sha256"":""a341bb8c05830b95c865b18d64b186fc9a88a08640bbb12f030879faa90b7539"",""translation_evidence"":""00_control/CURRENT_CURSOR.json#translation"",""translation_state"":""language_reviewed"",""unit_id"":""urn:uuid:06530420-722c-53e9-8940-c5ee9f24a56e""},""record_type"":""content_binding"",""recorded_at"":""2026-09-07T00:00:00Z"",""semantic_key"":""a30:content-binding:m49304""}"
tables/content_bindings.jsonl,4,urn:uuid:95617b33-b8a4-5dd4-9260-71ebd709932c,content_binding,"{""dataset_id"":""urn:uuid:661831b3-5b74-549b-be92-b84ce5992a88"",""id"":""urn:uuid:95617b33-b8a4-5dd4-9260-71ebd709932c"",""normalized_state"":""candidate"",""owner_authority_id"":""urn:uuid:2c0d398e-59cd-57ca-9674-8120edd7d69c"",""owner_native_state"":""language_reviewed"",""payload"":{""source_bytes"":116038,""source_locale"":""en"",""source_path"":""m49306/index.cnxml"",""source_sha256"":""87e3bea0a14b4f487e0a5428b8138a644b0630b692d02c5a0e348e26ae3e6806"",""target_bytes"":119287,""target_locale"":""id-ID"",""target_path"":""m49306/index.cnxml"",""target_sha256"":""d14cddfd180339f2958f47d66e30c90709c2119c3f2074165d3bf5c4dfef6c9e"",""translation_evidence"":""00_control/CURRENT_CURSOR.json#translation"",""translation_state"":""language_reviewed"",""unit_id"":""urn:uuid:42cf8d80-f09b-5bd9-be2a-1df0178f2c41""},""record_type"":""content_binding"",""recorded_at"":""2026-09-07T00:00:00Z"",""semantic_key"":""a30:content-binding:m49306""}"
tables/content_bindings.jsonl,57,urn:uuid:965fa344-76f2-592d-93a5-89128cce3c54,content_binding,"{""dataset_id"":""urn:uuid:661831b3-5b74-549b-be92-b84ce5992a88"",""id"":""urn:uuid:965fa344-76f2-592d-93a5-89128cce3c54"",""normalized_state"":""candidate"",""owner_authority_id"":""urn:uuid:2c0d398e-59cd-57ca-9674-8120edd7d69c"",""owner_native_state"":""language_reviewed"",""payload"":{""source_bytes"":4609,""source_locale"":""en"",""source_path"":""m49418/index.cnxml"",""source_sha256"":""e1ab64393d9d1be72b3bdea15d667a4b4dd82255b8ce43738d410dc0d82d0910"",""target_bytes"":5010,""target_locale"":""id-ID"",""target_path"":""m49418/index.cnxml"",""target_sha256"":""eb96a44f8ae7f0f8b1a8e99948329b02725d8d2f0aedecd6a669a4a6c31dcf72"",""translation_evidence"":""00_control/CURRENT_CURSOR.json#translation"",""translation_state"":""language_reviewed"",""unit_id"":""urn:uuid:33b0d7e6-9364-5a52-a162-84d1f5cc498a""},""record_type"":""content_binding"",""recorded_at"":""2026-09-07T00:00:00Z"",""semantic_key"":""a30:content-binding:m49418""}"
tables/content_bindings.jsonl,22,urn:uuid:9d1a1282-b64d-5092-bd4f-c22a6a41f419,content_binding,"{""dataset_id"":""urn:uuid:661831b3-5b74-549b-be92-b84ce5992a88"",""id"":""urn:uuid:9d1a1282-b64d-5092-bd4f-c22a6a41f419"",""normalized_state"":""candidate"",""owner_authority_id"":""urn:uuid:2c0d398e-59cd-57ca-9674-8120edd7d69c"",""owner_native_state"":""language_reviewed"",""payload"":{""source_bytes"":141813,""source_locale"":""en"",""source_path"":""m49353/index.cnxml"",""source_sha256"":""ab1cbc8de5d6366e19d1511ed6d4a7dc5da8248360d92a6d32614cd3df24ee64"",""target_bytes"":143899,""target_locale"":""id-ID"",""target_path"":""m49353/index.cnxml"",""target_sha256"":""de7998fe6083fe515d6873987314e3d96c4bfd584e33b7974872c05da7f0869f"",""translation_evidence"":""00_control/CURRENT_CURSOR.json#translation"",""translation_state"":""language_reviewed"",""unit_id"":""urn:uuid:b7ae61b0-f094-56d0-911f-745da1aad6d5""},""record_type"":""content_binding"",""recorded_at"":""2026-09-07T00:00:00Z"",""semantic_key"":""a30:content-binding:m49353""}"
tables/content_bindings.jsonl,43,urn:uuid:9ddb9950-b15b-52d6-93e1-67052cf86129,content_binding,"{""dataset_id"":""urn:uuid:661831b3-5b74-549b-be92-b84ce5992a88"",""id"":""urn:uuid:9ddb9950-b15b-52d6-93e1-67052cf86129"",""normalized_state"":""candidate"",""owner_authority_id"":""urn:uuid:2c0d398e-59cd-57ca-9674-8120edd7d69c"",""owner_native_state"":""language_reviewed"",""payload"":{""source_bytes"":242661,""source_locale"":""en"",""source_path"":""m49395/index.cnxml"",""source_sha256"":""b1d667f198a070590ded5a2a4ffdbb32c5c86d9b4cad8f3e3b0b1922fb19c64e"",""target_bytes"":243948,""target_locale"":""id-ID"",""target_path"":""m49395/index.cnxml"",""target_sha256"":""30e2aa214e2d80624f137f9b647854730baddcbd7890bde08b08a0c412a1b784"",""translation_evidence"":""00_control/CURRENT_CURSOR.json#translation"",""translation_state"":""language_reviewed"",""unit_id"":""urn:uuid:a68b3de9-b891-5290-b5ab-121d49a41408""},""record_type"":""content_binding"",""recorded_at"":""2026-09-07T00:00:00Z"",""semantic_key"":""a30:content-binding:m49395""}"
tables/content_bindings.jsonl,20,urn:uuid:9eec8ea8-5b75-5cf4-bf3a-4a01feb7285f,content_binding,"{""dataset_id"":""urn:uuid:661831b3-5b74-549b-be92-b84ce5992a88"",""id"":""urn:uuid:9eec8ea8-5b75-5cf4-bf3a-4a01feb7285f"",""normalized_state"":""candidate"",""owner_authority_id"":""urn:uuid:2c0d398e-59cd-57ca-9674-8120edd7d69c"",""owner_native_state"":""language_reviewed"",""payload"":{""source_bytes"":218862,""source_locale"":""en"",""source_path"":""m49351/index.cnxml"",""source_sha256"":""bfa56df96090dc05de9f41b2a7df98f6c36e319eb4ae2b98e4fe3e1dfa7bea90"",""target_bytes"":219023,""target_locale"":""id-ID"",""target_path"":""m49351/index.cnxml"",""target_sha256"":""51f31588b1862df3cf789680f13a529d33f041bbef7eabc1f062892bb1393e60"",""translation_evidence"":""00_control/CURRENT_CURSOR.json#translation"",""translation_state"":""language_reviewed"",""unit_id"":""urn:uuid:c77272c9-3e91-59f1-9cc6-23cc2c171bb1""},""record_type"":""content_binding"",""recorded_at"":""2026-09-07T00:00:00Z"",""semantic_key"":""a30:content-binding:m49351""}"
tables/content_bindings.jsonl,61,urn:uuid:a30b6fd7-3748-5248-bea2-f3c45cf3eb3b,content_binding,"{""dataset_id"":""urn:uuid:661831b3-5b74-549b-be92-b84ce5992a88"",""id"":""urn:uuid:a30b6fd7-3748-5248-bea2-f3c45cf3eb3b"",""normalized_state"":""candidate"",""owner_authority_id"":""urn:uuid:2c0d398e-59cd-57ca-9674-8120edd7d69c"",""owner_native_state"":""language_reviewed"",""payload"":{""source_bytes"":202078,""source_locale"":""en"",""source_path"":""m49432/index.cnxml"",""source_sha256"":""534724d24739789c342bee0f1a4a9dd0ee946261cf0101d701af55589f29faef"",""target_bytes"":204073,""target_locale"":""id-ID"",""target_path"":""m49432/index.cnxml"",""target_sha256"":""7b48d918c4b078ee178baaa2ba05c14c445791718d0a5904fb3bb5b922b28386"",""translation_evidence"":""00_control/CURRENT_CURSOR.json#translation"",""translation_state"":""language_reviewed"",""unit_id"":""urn:uuid:1b01e44e-87f6-5815-9ebe-8cc1cb1b3eb5""},""record_type"":""content_binding"",""recorded_at"":""2026-09-07T00:00:00Z"",""semantic_key"":""a30:content-binding:m49432""}"
tables/content_bindings.jsonl,65,urn:uuid:a344c7ab-cbbe-51e5-aa34-248627d080c5,content_binding,"{""dataset_id"":""urn:uuid:661831b3-5b74-549b-be92-b84ce5992a88"",""id"":""urn:uuid:a344c7ab-cbbe-51e5-aa34-248627d080c5"",""normalized_state"":""candidate"",""owner_authority_id"":""urn:uuid:2c0d398e-59cd-57ca-9674-8120edd7d69c"",""owner_native_state"":""language_reviewed"",""payload"":{""source_bytes"":299087,""source_locale"":""en"",""source_path"":""m49436/index.cnxml"",""source_sha256"":""8b019287dde63a899203d5033d97780d26817fe1631161b90359f7419bc94fba"",""target_bytes"":301293,""target_locale"":""id-ID"",""target_path"":""m49436/index.cnxml"",""target_sha256"":""acfd6653480f27ca06033aec9787c66e9c5cd67791efffe6cb746dc7a6347d35"",""translation_evidence"":""00_control/CURRENT_CURSOR.json#translation"",""translation_state"":""language_reviewed"",""unit_id"":""urn:uuid:724a9f93-39da-554e-84a7-d8ad646cf825""},""record_type"":""content_binding"",""recorded_at"":""2026-09-07T00:00:00Z"",""semantic_key"":""a30:content-binding:m49436""}"
tables/content_bindings.jsonl,64,urn:uuid:a42bcf4d-a762-5387-9ec5-16d8039d69c0,content_binding,"{""dataset_id"":""urn:uuid:661831b3-5b74-549b-be92-b84ce5992a88"",""id"":""urn:uuid:a42bcf4d-a762-5387-9ec5-16d8039d69c0"",""normalized_state"":""candidate"",""owner_authority_id"":""urn:uuid:2c0d398e-59cd-57ca-9674-8120edd7d69c"",""owner_native_state"":""language_reviewed"",""payload"":{""source_bytes"":357623,""source_locale"":""en"",""source_path"":""m49435/index.cnxml"",""source_sha256"":""9fb8562e01949dab44c79513c56a498e2beeb264a4e68a6da8a6880aeba392b5"",""target_bytes"":360512,""target_locale"":""id-ID"",""target_path"":""m49435/index.cnxml"",""target_sha256"":""eb5b17d8df96ed1367e8399af8eb371d5301cd9eef84fe85d930e61d3f3e35eb"",""translation_evidence"":""00_control/CURRENT_CURSOR.json#translation"",""translation_state"":""language_reviewed"",""unit_id"":""urn:uuid:048fcd4e-3715-545e-a8fa-d352e03b67ad""},""record_type"":""content_binding"",""recorded_at"":""2026-09-07T00:00:00Z"",""semantic_key"":""a30:content-binding:m49435""}"
tables/content_bindings.jsonl,46,urn:uuid:a71bb2a3-c9b1-5601-865c-d04fd3b92435,content_binding,"{""dataset_id"":""urn:uuid:661831b3-5b74-549b-be92-b84ce5992a88"",""id"":""urn:uuid:a71bb2a3-c9b1-5601-865c-d04fd3b92435"",""normalized_state"":""candidate"",""owner_authority_id"":""urn:uuid:2c0d398e-59cd-57ca-9674-8120edd7d69c"",""owner_native_state"":""language_reviewed"",""payload"":{""source_bytes"":184807,""source_locale"":""en"",""source_path"":""m49398/index.cnxml"",""source_sha256"":""bea40de87c9c0beb6555d8d6a29b59b133ee8f6836e324cf4f954ba2af1502b1"",""target_bytes"":187042,""target_locale"":""id-ID"",""target_path"":""m49398/index.cnxml"",""target_sha256"":""600ab80be1acecba1befa5b966ab453e82b97bcf83704407092c69e50602c0d3"",""translation_evidence"":""00_control/CURRENT_CURSOR.json#translation"",""translation_state"":""language_reviewed"",""unit_id"":""urn:uuid:15eb1b22-a5a9-58c3-80a1-6d6f0030ad7d""},""record_type"":""content_binding"",""recorded_at"":""2026-09-07T00:00:00Z"",""semantic_key"":""a30:content-binding:m49398""}"
tables/content_bindings.jsonl,40,urn:uuid:a87c61bf-d74f-5f2e-a3d1-b5dc04508284,content_binding,"{""dataset_id"":""urn:uuid:661831b3-5b74-549b-be92-b84ce5992a88"",""id"":""urn:uuid:a87c61bf-d74f-5f2e-a3d1-b5dc04508284"",""normalized_state"":""candidate"",""owner_authority_id"":""urn:uuid:2c0d398e-59cd-57ca-9674-8120edd7d69c"",""owner_native_state"":""language_reviewed"",""payload"":{""source_bytes"":239182,""source_locale"":""en"",""source_path"":""m49390/index.cnxml"",""source_sha256"":""97c66042d3d978a570d83efdfdadffeafc00cd9e4145f29c54c87124aa724d53"",""target_bytes"":239594,""target_locale"":""id-ID"",""target_path"":""m49390/index.cnxml"",""target_sha256"":""d1e8b2640fb8f9d59948b074dd901524adb6a4e1502c7244d7142375e7f39dda"",""translation_evidence"":""00_control/CURRENT_CURSOR.json#translation"",""translation_state"":""language_reviewed"",""unit_id"":""urn:uuid:74f3794c-fea8-54cc-b601-303fd6d15444""},""record_type"":""content_binding"",""recorded_at"":""2026-09-07T00:00:00Z"",""semantic_key"":""a30:content-binding:m49390""}"
tables/content_bindings.jsonl,34,urn:uuid:ad7e89cf-4fa8-58b8-b658-0aff5ce26ee8,content_binding,"{""dataset_id"":""urn:uuid:661831b3-5b74-549b-be92-b84ce5992a88"",""id"":""urn:uuid:ad7e89cf-4fa8-58b8-b658-0aff5ce26ee8"",""normalized_state"":""candidate"",""owner_authority_id"":""urn:uuid:2c0d398e-59cd-57ca-9674-8120edd7d69c"",""owner_native_state"":""language_reviewed"",""payload"":{""source_bytes"":158351,""source_locale"":""en"",""source_path"":""m49372/index.cnxml"",""source_sha256"":""c077229b183cf61abf2c57229dbc284c052ca20081cfe6ac618b19c8a86c6996"",""target_bytes"":159507,""target_locale"":""id-ID"",""target_path"":""m49372/index.cnxml"",""target_sha256"":""249d78b355c513cb7b491ca9df20cf360269a86f9e6adf61d01d2d3d77b252d6"",""translation_evidence"":""00_control/CURRENT_CURSOR.json#translation"",""translation_state"":""language_reviewed"",""unit_id"":""urn:uuid:a172fc60-10c5-5f7f-919c-3d89b60431dd""},""record_type"":""content_binding"",""recorded_at"":""2026-09-07T00:00:00Z"",""semantic_key"":""a30:content-binding:m49372""}"
tables/content_bindings.jsonl,58,urn:uuid:ae4ddb53-2c9c-500c-8453-f35e637c0d5f,content_binding,"{""dataset_id"":""urn:uuid:661831b3-5b74-549b-be92-b84ce5992a88"",""id"":""urn:uuid:ae4ddb53-2c9c-500c-8453-f35e637c0d5f"",""normalized_state"":""candidate"",""owner_authority_id"":""urn:uuid:2c0d398e-59cd-57ca-9674-8120edd7d69c"",""owner_native_state"":""language_reviewed"",""payload"":{""source_bytes"":171871,""source_locale"":""en"",""source_path"":""m49419/index.cnxml"",""source_sha256"":""a5262806cdee35dcb4d062e6c1eae601c6f039a06e7179bba3a509d03c1a9373"",""target_bytes"":310166,""target_locale"":""id-ID"",""target_path"":""m49419/index.cnxml"",""target_sha256"":""6dbbcdeec26ed153ba67c01c1631378672854a97988b382a82b8cf31d3452739"",""translation_evidence"":""00_control/CURRENT_CURSOR.json#translation"",""translation_state"":""language_reviewed"",""unit_id"":""urn:uuid:fb208ee8-2cca-5962-8077-0cbfe4120502""},""record_type"":""content_binding"",""recorded_at"":""2026-09-07T00:00:00Z"",""semantic_key"":""a30:content-binding:m49419""}"
tables/content_bindings.jsonl,73,urn:uuid:afcbf136-2c83-5a6e-8c25-84316f8298fb,content_binding,"{""dataset_id"":""urn:uuid:661831b3-5b74-549b-be92-b84ce5992a88"",""id"":""urn:uuid:afcbf136-2c83-5a6e-8c25-84316f8298fb"",""normalized_state"":""candidate"",""owner_authority_id"":""urn:uuid:2c0d398e-59cd-57ca-9674-8120edd7d69c"",""owner_native_state"":""language_reviewed"",""payload"":{""source_bytes"":192831,""source_locale"":""en"",""source_path"":""m49444/index.cnxml"",""source_sha256"":""19a073807f83ebba2ed7d8e8db18474bd9640b246df4b5438ca219a76a8eeddd"",""target_bytes"":193578,""target_locale"":""id-ID"",""target_path"":""m49444/index.cnxml"",""target_sha256"":""1ff201fdfe0583faa3b812ef9e79916fffa156ae510f7f25629bbbaf488a6bf8"",""translation_evidence"":""00_control/CURRENT_CURSOR.json#translation"",""translation_state"":""language_reviewed"",""unit_id"":""urn:uuid:a038e042-ed43-5e6e-92c8-884093ed33d3""},""record_type"":""content_binding"",""recorded_at"":""2026-09-07T00:00:00Z"",""semantic_key"":""a30:content-binding:m49444""}"
tables/content_bindings.jsonl,71,urn:uuid:b1a05f22-20f4-512c-8216-348692e9b3c6,content_binding,"{""dataset_id"":""urn:uuid:661831b3-5b74-549b-be92-b84ce5992a88"",""id"":""urn:uuid:b1a05f22-20f4-512c-8216-348692e9b3c6"",""normalized_state"":""candidate"",""owner_authority_id"":""urn:uuid:2c0d398e-59cd-57ca-9674-8120edd7d69c"",""owner_native_state"":""language_reviewed"",""payload"":{""source_bytes"":221462,""source_locale"":""en"",""source_path"":""m49442/index.cnxml"",""source_sha256"":""fcc8e508be4191c3d80e890fc3623171d56ff2b350b27fa67885a37ca5f7d1a8"",""target_bytes"":224027,""target_locale"":""id-ID"",""target_path"":""m49442/index.cnxml"",""target_sha256"":""48b099ac33c663acb6dfc337516e39883228297e4b7dc61709b2ba2401541271"",""translation_evidence"":""00_control/CURRENT_CURSOR.json#translation"",""translation_state"":""language_reviewed"",""unit_id"":""urn:uuid:ee25aa04-a162-53e8-a87b-1922b30aae98""},""record_type"":""content_binding"",""recorded_at"":""2026-09-07T00:00:00Z"",""semantic_key"":""a30:content-binding:m49442""}"
tables/content_bindings.jsonl,19,urn:uuid:b58a991c-4646-5a05-b1c4-75b7321a440f,content_binding,"{""dataset_id"":""urn:uuid:661831b3-5b74-549b-be92-b84ce5992a88"",""id"":""urn:uuid:b58a991c-4646-5a05-b1c4-75b7321a440f"",""normalized_state"":""candidate"",""owner_authority_id"":""urn:uuid:2c0d398e-59cd-57ca-9674-8120edd7d69c"",""owner_native_state"":""language_reviewed"",""payload"":{""source_bytes"":177366,""source_locale"":""en"",""source_path"":""m49349/index.cnxml"",""source_sha256"":""ea2a1a64926ebd3159c3fa1130b7e1202a8d563325c034b50b4d960523626b2e"",""target_bytes"":182397,""target_locale"":""id-ID"",""target_path"":""m49349/index.cnxml"",""target_sha256"":""5a12f8e751892da3099320d87ca0dbabdece2459a706f139a6c78bb94849b75e"",""translation_evidence"":""00_control/CURRENT_CURSOR.json#translation"",""translation_state"":""language_reviewed"",""unit_id"":""urn:uuid:e48a4c01-5bfa-5820-a004-fe76e2e2c9a1""},""record_type"":""content_binding"",""recorded_at"":""2026-09-07T00:00:00Z"",""semantic_key"":""a30:content-binding:m49349""}"
tables/content_bindings.jsonl,36,urn:uuid:b9163505-0a0a-52aa-9563-9b0a55ac2925,content_binding,"{""dataset_id"":""urn:uuid:661831b3-5b74-549b-be92-b84ce5992a88"",""id"":""urn:uuid:b9163505-0a0a-52aa-9563-9b0a55ac2925"",""normalized_state"":""candidate"",""owner_authority_id"":""urn:uuid:2c0d398e-59cd-57ca-9674-8120edd7d69c"",""owner_native_state"":""language_reviewed"",""payload"":{""source_bytes"":126846,""source_locale"":""en"",""source_path"":""m49384/index.cnxml"",""source_sha256"":""16e3c73bd05ae5bb4bad9356d79be0dd33d4f5192359cd90b52fb0eaf8658b4f"",""target_bytes"":128425,""target_locale"":""id-ID"",""target_path"":""m49384/index.cnxml"",""target_sha256"":""e236527df4d68552687b2ebbdcac6bf629f1dfc4fa41e374c74fb62e6e8863b2"",""translation_evidence"":""00_control/CURRENT_CURSOR.json#translation"",""translation_state"":""language_reviewed"",""unit_id"":""urn:uuid:23d47f52-4ae0-5be9-b461-a039f5def645""},""record_type"":""content_binding"",""recorded_at"":""2026-09-07T00:00:00Z"",""semantic_key"":""a30:content-binding:m49384""}"
tables/content_bindings.jsonl,69,urn:uuid:bd5ff668-23bf-544e-8ee6-29c213771a5d,content_binding,"{""dataset_id"":""urn:uuid:661831b3-5b74-549b-be92-b84ce5992a88"",""id"":""urn:uuid:bd5ff668-23bf-544e-8ee6-29c213771a5d"",""normalized_state"":""candidate"",""owner_authority_id"":""urn:uuid:2c0d398e-59cd-57ca-9674-8120edd7d69c"",""owner_native_state"":""language_reviewed"",""payload"":{""source_bytes"":206288,""source_locale"":""en"",""source_path"":""m49440/index.cnxml"",""source_sha256"":""af9a04fd189c87014cdd9134404525fdc55477f5db511455c6d6d99be3e863b6"",""target_bytes"":208776,""target_locale"":""id-ID"",""target_path"":""m49440/index.cnxml"",""target_sha256"":""92a1482ec2d1a6c0476ddcbbe9bc7252e16f39814127fe5490314f0123cad2db"",""translation_evidence"":""00_control/CURRENT_CURSOR.json#translation"",""translation_state"":""language_reviewed"",""unit_id"":""urn:uuid:e2f480d1-5891-5627-8ec8-0c0c898d1eae""},""record_type"":""content_binding"",""recorded_at"":""2026-09-07T00:00:00Z"",""semantic_key"":""a30:content-binding:m49440""}"
tables/content_bindings.jsonl,87,urn:uuid:bfaddebd-2e7e-5dca-81e7-f70993423d98,content_binding,"{""dataset_id"":""urn:uuid:661831b3-5b74-549b-be92-b84ce5992a88"",""id"":""urn:uuid:bfaddebd-2e7e-5dca-81e7-f70993423d98"",""normalized_state"":""candidate"",""owner_authority_id"":""urn:uuid:2c0d398e-59cd-57ca-9674-8120edd7d69c"",""owner_native_state"":""language_reviewed"",""payload"":{""source_bytes"":25847,""source_locale"":""en"",""source_path"":""m50919/index.cnxml"",""source_sha256"":""f6cfb6514c8b3e8cbeff7e1e81bc3ef2db53750bc91305f167af43fb70805a69"",""target_bytes"":27053,""target_locale"":""id-ID"",""target_path"":""m50919/index.cnxml"",""target_sha256"":""c27732bd5c9002733638ac561caaff778ed63de04cbdd63f10d9b0724a18c972"",""translation_evidence"":""00_control/CURRENT_CURSOR.json#translation"",""translation_state"":""language_reviewed"",""unit_id"":""urn:uuid:e752cd73-317c-59a7-9ecc-df80368aac5e""},""record_type"":""content_binding"",""recorded_at"":""2026-09-07T00:00:00Z"",""semantic_key"":""a30:content-binding:m50919""}"
tables/content_bindings.jsonl,62,urn:uuid:c00e06dd-b32b-5e8b-b6e5-6e062519ecd1,content_binding,"{""dataset_id"":""urn:uuid:661831b3-5b74-549b-be92-b84ce5992a88"",""id"":""urn:uuid:c00e06dd-b32b-5e8b-b6e5-6e062519ecd1"",""normalized_state"":""candidate"",""owner_authority_id"":""urn:uuid:2c0d398e-59cd-57ca-9674-8120edd7d69c"",""owner_native_state"":""language_reviewed"",""payload"":{""source_bytes"":262294,""source_locale"":""en"",""source_path"":""m49433/index.cnxml"",""source_sha256"":""3714ab2c27e006a483960c9d1290a5304db45264f07efd49ac4fcb871553652f"",""target_bytes"":264528,""target_locale"":""id-ID"",""target_path"":""m49433/index.cnxml"",""target_sha256"":""04950f5bada701f08a9beff55759efc87c79ae27aafb88b71853d616cb698cb9"",""translation_evidence"":""00_control/CURRENT_CURSOR.json#translation"",""translation_state"":""language_reviewed"",""unit_id"":""urn:uuid:b46f4834-5e91-57da-9de4-af070c4724b3""},""record_type"":""content_binding"",""recorded_at"":""2026-09-07T00:00:00Z"",""semantic_key"":""a30:content-binding:m49433""}"
tables/content_bindings.jsonl,38,urn:uuid:c15ca2a5-4cb6-5357-a9e9-fdfcd780e4d7,content_binding,"{""dataset_id"":""urn:uuid:661831b3-5b74-549b-be92-b84ce5992a88"",""id"":""urn:uuid:c15ca2a5-4cb6-5357-a9e9-fdfcd780e4d7"",""normalized_state"":""candidate"",""owner_authority_id"":""urn:uuid:2c0d398e-59cd-57ca-9674-8120edd7d69c"",""owner_native_state"":""language_reviewed"",""payload"":{""source_bytes"":160667,""source_locale"":""en"",""source_path"":""m49387/index.cnxml"",""source_sha256"":""b5b272b9da0e191a539f578c6b20cceba669d48fffc9c9e7078d0d90cd15dc3d"",""target_bytes"":161152,""target_locale"":""id-ID"",""target_path"":""m49387/index.cnxml"",""target_sha256"":""90a26755845640f304b5136b80a753a5cf81836718c4b94b67f8ffc7cb1052a3"",""translation_evidence"":""00_control/CURRENT_CURSOR.json#translation"",""translation_state"":""language_reviewed"",""unit_id"":""urn:uuid:36e75bb7-7902-5d63-a7a1-bb5a1d16e520""},""record_type"":""content_binding"",""recorded_at"":""2026-09-07T00:00:00Z"",""semantic_key"":""a30:content-binding:m49387""}"
tables/content_bindings.jsonl,37,urn:uuid:c4aba0ef-68e2-5f96-a0b6-575cedd90ae2,content_binding,"{""dataset_id"":""urn:uuid:661831b3-5b74-549b-be92-b84ce5992a88"",""id"":""urn:uuid:c4aba0ef-68e2-5f96-a0b6-575cedd90ae2"",""normalized_state"":""candidate"",""owner_authority_id"":""urn:uuid:2c0d398e-59cd-57ca-9674-8120edd7d69c"",""owner_native_state"":""language_reviewed"",""payload"":{""source_bytes"":2789,""source_locale"":""en"",""source_path"":""m49386/index.cnxml"",""source_sha256"":""bbb96d1832d83256e4cd90631f514dbe9bbf142d52f8f1dd7d2431de603befe5"",""target_bytes"":2893,""target_locale"":""id-ID"",""target_path"":""m49386/index.cnxml"",""target_sha256"":""8facb3f47c07d61a95fc1f96771cebb15b9167e2c099e3031ae057116178344c"",""translation_evidence"":""00_control/CURRENT_CURSOR.json#translation"",""translation_state"":""language_reviewed"",""unit_id"":""urn:uuid:caa0b6e9-12d3-59d0-9bc2-0748b9a86947""},""record_type"":""content_binding"",""recorded_at"":""2026-09-07T00:00:00Z"",""semantic_key"":""a30:content-binding:m49386""}"
tables/content_bindings.jsonl,85,urn:uuid:c59c5e5c-3dc3-525e-88de-0fd53b9a1c60,content_binding,"{""dataset_id"":""urn:uuid:661831b3-5b74-549b-be92-b84ce5992a88"",""id"":""urn:uuid:c59c5e5c-3dc3-525e-88de-0fd53b9a1c60"",""normalized_state"":""candidate"",""owner_authority_id"":""urn:uuid:2c0d398e-59cd-57ca-9674-8120edd7d69c"",""owner_native_state"":""language_reviewed"",""payload"":{""source_bytes"":167775,""source_locale"":""en"",""source_path"":""m50389/index.cnxml"",""source_sha256"":""13f1dbb0f4450537c081e39169a7f2977b0689bac726acb21ad8519b125f924f"",""target_bytes"":173872,""target_locale"":""id-ID"",""target_path"":""m50389/index.cnxml"",""target_sha256"":""5ed8f2a7afecb4d95a591afa327bb1aae10b239ab70d99fe1d56e8d077f112fd"",""translation_evidence"":""00_control/CURRENT_CURSOR.json#translation"",""translation_state"":""language_reviewed"",""unit_id"":""urn:uuid:d54ec07e-274c-5190-b501-6c0986e61864""},""record_type"":""content_binding"",""recorded_at"":""2026-09-07T00:00:00Z"",""semantic_key"":""a30:content-binding:m50389""}"
tables/content_bindings.jsonl,80,urn:uuid:c81aa025-62da-5a8a-adc0-9ce8d23dd8ab,content_binding,"{""dataset_id"":""urn:uuid:661831b3-5b74-549b-be92-b84ce5992a88"",""id"":""urn:uuid:c81aa025-62da-5a8a-adc0-9ce8d23dd8ab"",""normalized_state"":""candidate"",""owner_authority_id"":""urn:uuid:2c0d398e-59cd-57ca-9674-8120edd7d69c"",""owner_native_state"":""language_reviewed"",""payload"":{""source_bytes"":1585,""source_locale"":""en"",""source_path"":""m49451/index.cnxml"",""source_sha256"":""f5b80f23976d693c130e2d5f2f790768285f53463689309efe35922ce5ec720e"",""target_bytes"":1719,""target_locale"":""id-ID"",""target_path"":""m49451/index.cnxml"",""target_sha256"":""2a1af6ee8a68d5af1f50624955c46c2f2e8525757d2b65d1d0e40c8e5f7d976d"",""translation_evidence"":""00_control/CURRENT_CURSOR.json#translation"",""translation_state"":""language_reviewed"",""unit_id"":""urn:uuid:bb05b47c-eae6-525f-9dd7-e435a108ff70""},""record_type"":""content_binding"",""recorded_at"":""2026-09-07T00:00:00Z"",""semantic_key"":""a30:content-binding:m49451""}"
tables/content_bindings.jsonl,30,urn:uuid:ca1646c5-7e4e-5293-bb90-1174a8cb1010,content_binding,"{""dataset_id"":""urn:uuid:661831b3-5b74-549b-be92-b84ce5992a88"",""id"":""urn:uuid:ca1646c5-7e4e-5293-bb90-1174a8cb1010"",""normalized_state"":""candidate"",""owner_authority_id"":""urn:uuid:2c0d398e-59cd-57ca-9674-8120edd7d69c"",""owner_native_state"":""language_reviewed"",""payload"":{""source_bytes"":162619,""source_locale"":""en"",""source_path"":""m49367/index.cnxml"",""source_sha256"":""cc1c7a0deb4c5cc1780934707e512bc194c00dba7e1fa3948652a221e327eb6a"",""target_bytes"":173380,""target_locale"":""id-ID"",""target_path"":""m49367/index.cnxml"",""target_sha256"":""df71bfb02c57658092bebbe41b7cd168654e6812db7308a751361889238e26c5"",""translation_evidence"":""00_control/CURRENT_CURSOR.json#translation"",""translation_state"":""language_reviewed"",""unit_id"":""urn:uuid:a6b4d407-7b02-5b28-805e-a61ac3315ce5""},""record_type"":""content_binding"",""recorded_at"":""2026-09-07T00:00:00Z"",""semantic_key"":""a30:content-binding:m49367""}"
tables/content_bindings.jsonl,60,urn:uuid:cb8786f1-6eef-5f52-973c-9e3c1fedaa6a,content_binding,"{""dataset_id"":""urn:uuid:661831b3-5b74-549b-be92-b84ce5992a88"",""id"":""urn:uuid:cb8786f1-6eef-5f52-973c-9e3c1fedaa6a"",""normalized_state"":""candidate"",""owner_authority_id"":""urn:uuid:2c0d398e-59cd-57ca-9674-8120edd7d69c"",""owner_native_state"":""language_reviewed"",""payload"":{""source_bytes"":152794,""source_locale"":""en"",""source_path"":""m49431/index.cnxml"",""source_sha256"":""3601eacd088c27bfe7c773010062c94e30c9d988d5118ba92242bdd37cd5fd14"",""target_bytes"":156122,""target_locale"":""id-ID"",""target_path"":""m49431/index.cnxml"",""target_sha256"":""305da3f1d22080566940afcb3ac3ea8c78e2f05012cfe56d116c1c1942bb6db3"",""translation_evidence"":""00_control/CURRENT_CURSOR.json#translation"",""translation_state"":""language_reviewed"",""unit_id"":""urn:uuid:64c13dad-b40b-59e7-a36a-27ceee33951b""},""record_type"":""content_binding"",""recorded_at"":""2026-09-07T00:00:00Z"",""semantic_key"":""a30:content-binding:m49431""}"
tables/content_bindings.jsonl,12,urn:uuid:cedfc4cb-91b7-50df-9b74-a78b29cb7b2f,content_binding,"{""dataset_id"":""urn:uuid:661831b3-5b74-549b-be92-b84ce5992a88"",""id"":""urn:uuid:cedfc4cb-91b7-50df-9b74-a78b29cb7b2f"",""normalized_state"":""candidate"",""owner_authority_id"":""urn:uuid:2c0d398e-59cd-57ca-9674-8120edd7d69c"",""owner_native_state"":""language_reviewed"",""payload"":{""source_bytes"":139768,""source_locale"":""en"",""source_path"":""m49327/index.cnxml"",""source_sha256"":""8765c38377604e4eec697cf583f5ed977fe1e14fe12813c9e82c9733decd9681"",""target_bytes"":142834,""target_locale"":""id-ID"",""target_path"":""m49327/index.cnxml"",""target_sha256"":""c6d46db9da3f9cbe13188c7c909f0cb12f19b8fd7ea72f731f396dac2bd9d8cd"",""translation_evidence"":""00_control/CURRENT_CURSOR.json#translation"",""translation_state"":""language_reviewed"",""unit_id"":""urn:uuid:ecfd1e3f-1dd0-5542-b1b1-0f489bcb3752""},""record_type"":""content_binding"",""recorded_at"":""2026-09-07T00:00:00Z"",""semantic_key"":""a30:content-binding:m49327""}"
tables/content_bindings.jsonl,49,urn:uuid:d3749e8e-b179-501e-954d-4e1497a920cf,content_binding,"{""dataset_id"":""urn:uuid:661831b3-5b74-549b-be92-b84ce5992a88"",""id"":""urn:uuid:d3749e8e-b179-501e-954d-4e1497a920cf"",""normalized_state"":""candidate"",""owner_authority_id"":""urn:uuid:2c0d398e-59cd-57ca-9674-8120edd7d69c"",""owner_native_state"":""language_reviewed"",""payload"":{""source_bytes"":133436,""source_locale"":""en"",""source_path"":""m49404/index.cnxml"",""source_sha256"":""76c431dd238fbda94b3ce628f91ba9a2910fc9a75234603dba53d78148b18253"",""target_bytes"":138702,""target_locale"":""id-ID"",""target_path"":""m49404/index.cnxml"",""target_sha256"":""c589d12b7b20e119ecddcbe0884454a9bdfd2b10cf1d83170d3aa0ccc032da88"",""translation_evidence"":""00_control/CURRENT_CURSOR.json#translation"",""translation_state"":""language_reviewed"",""unit_id"":""urn:uuid:a19f7df3-dc10-56b3-ba7b-577b1a8f14b0""},""record_type"":""content_binding"",""recorded_at"":""2026-09-07T00:00:00Z"",""semantic_key"":""a30:content-binding:m49404""}"
tables/content_bindings.jsonl,77,urn:uuid:d507023e-cde6-5823-8b98-e6af06f046b2,content_binding,"{""dataset_id"":""urn:uuid:661831b3-5b74-549b-be92-b84ce5992a88"",""id"":""urn:uuid:d507023e-cde6-5823-8b98-e6af06f046b2"",""normalized_state"":""candidate"",""owner_authority_id"":""urn:uuid:2c0d398e-59cd-57ca-9674-8120edd7d69c"",""owner_native_state"":""language_reviewed"",""payload"":{""source_bytes"":96356,""source_locale"":""en"",""source_path"":""m49448/index.cnxml"",""source_sha256"":""5dab69ee46ae70231986b2d244d448b904594520087736a52ce7bbd567c0fba5"",""target_bytes"":96489,""target_locale"":""id-ID"",""target_path"":""m49448/index.cnxml"",""target_sha256"":""bfe885b9415dbca9f08d64cadaf09641c52f591f3f9d4e2660fe08c517cf4ff3"",""translation_evidence"":""00_control/CURRENT_CURSOR.json#translation"",""translation_state"":""language_reviewed"",""unit_id"":""urn:uuid:ab2ae219-f335-5771-a732-a5cf80ffbe2a""},""record_type"":""content_binding"",""recorded_at"":""2026-09-07T00:00:00Z"",""semantic_key"":""a30:content-binding:m49448""}"
tables/content_bindings.jsonl,39,urn:uuid:d55140dc-1db5-5c93-9ab5-e0712810ea12,content_binding,"{""dataset_id"":""urn:uuid:661831b3-5b74-549b-be92-b84ce5992a88"",""id"":""urn:uuid:d55140dc-1db5-5c93-9ab5-e0712810ea12"",""normalized_state"":""candidate"",""owner_authority_id"":""urn:uuid:2c0d398e-59cd-57ca-9674-8120edd7d69c"",""owner_native_state"":""language_reviewed"",""payload"":{""source_bytes"":197841,""source_locale"":""en"",""source_path"":""m49389/index.cnxml"",""source_sha256"":""c1d1bda6c7e893c2c32668406eafa62b5ed2a62a40cfd5f6bd00ac474d6dd72f"",""target_bytes"":198758,""target_locale"":""id-ID"",""target_path"":""m49389/index.cnxml"",""target_sha256"":""44c96c20b34490ba9b0b916b51a0c5d9d88ff01135e6695de5c9d8e281b5e627"",""translation_evidence"":""00_control/CURRENT_CURSOR.json#translation"",""translation_state"":""language_reviewed"",""unit_id"":""urn:uuid:98b7fff5-0c6a-5d86-9fde-7759ce72e03c""},""record_type"":""content_binding"",""recorded_at"":""2026-09-07T00:00:00Z"",""semantic_key"":""a30:content-binding:m49389""}"
tables/content_bindings.jsonl,27,urn:uuid:d7ceb0cf-f263-5ef7-949c-de73cc81fd75,content_binding,"{""dataset_id"":""urn:uuid:661831b3-5b74-549b-be92-b84ce5992a88"",""id"":""urn:uuid:d7ceb0cf-f263-5ef7-949c-de73cc81fd75"",""normalized_state"":""candidate"",""owner_authority_id"":""urn:uuid:2c0d398e-59cd-57ca-9674-8120edd7d69c"",""owner_native_state"":""language_reviewed"",""payload"":{""source_bytes"":203450,""source_locale"":""en"",""source_path"":""m49364/index.cnxml"",""source_sha256"":""ee072d83b8b786b648a4f4539a119654affac56990be4ccab9b8d2795bb7adc6"",""target_bytes"":205713,""target_locale"":""id-ID"",""target_path"":""m49364/index.cnxml"",""target_sha256"":""e7b78fbf72c0cf846238c2766c5f47ffa35bf03042bd9586f6569555f9c83be8"",""translation_evidence"":""00_control/CURRENT_CURSOR.json#translation"",""translation_state"":""language_reviewed"",""unit_id"":""urn:uuid:e0ece7ad-8075-567c-bd75-0310c2aaa15e""},""record_type"":""content_binding"",""recorded_at"":""2026-09-07T00:00:00Z"",""semantic_key"":""a30:content-binding:m49364""}"
tables/content_bindings.jsonl,25,urn:uuid:d99ca6b7-815e-57ee-b72b-2b85ef98c0d3,content_binding,"{""dataset_id"":""urn:uuid:661831b3-5b74-549b-be92-b84ce5992a88"",""id"":""urn:uuid:d99ca6b7-815e-57ee-b72b-2b85ef98c0d3"",""normalized_state"":""candidate"",""owner_authority_id"":""urn:uuid:2c0d398e-59cd-57ca-9674-8120edd7d69c"",""owner_native_state"":""language_reviewed"",""payload"":{""source_bytes"":151747,""source_locale"":""en"",""source_path"":""m49362/index.cnxml"",""source_sha256"":""4e1a0d4858afc43f543d20c2f03f2be1bf30ec60c49bba9adb3f3ae77254113a"",""target_bytes"":154419,""target_locale"":""id-ID"",""target_path"":""m49362/index.cnxml"",""target_sha256"":""5082f8312163aeb98b93b6a2b5bb0e173c0a68e75668c619e1e607ae4faa0ae0"",""translation_evidence"":""00_control/CURRENT_CURSOR.json#translation"",""translation_state"":""language_reviewed"",""unit_id"":""urn:uuid:a3a0dd2c-e105-55a5-a564-8de1e0a4c558""},""record_type"":""content_binding"",""recorded_at"":""2026-09-07T00:00:00Z"",""semantic_key"":""a30:content-binding:m49362""}"
tables/content_bindings.jsonl,68,urn:uuid:d9f31402-2a3a-51fb-a776-d5de54cf5315,content_binding,"{""dataset_id"":""urn:uuid:661831b3-5b74-549b-be92-b84ce5992a88"",""id"":""urn:uuid:d9f31402-2a3a-51fb-a776-d5de54cf5315"",""normalized_state"":""candidate"",""owner_authority_id"":""urn:uuid:2c0d398e-59cd-57ca-9674-8120edd7d69c"",""owner_native_state"":""language_reviewed"",""payload"":{""source_bytes"":239923,""source_locale"":""en"",""source_path"":""m49439/index.cnxml"",""source_sha256"":""f202b645610d2b3d6d52ecbcee83f4f95c67b6d77a633d626efb88eb18286918"",""target_bytes"":242146,""target_locale"":""id-ID"",""target_path"":""m49439/index.cnxml"",""target_sha256"":""f4fea121cbe2690e6b3dbb43b4c07cf85559eb475049516a58e837f11d83eb25"",""translation_evidence"":""00_control/CURRENT_CURSOR.json#translation"",""translation_state"":""language_reviewed"",""unit_id"":""urn:uuid:5f04c961-8266-59f1-84e4-01aa84ba4431""},""record_type"":""content_binding"",""recorded_at"":""2026-09-07T00:00:00Z"",""semantic_key"":""a30:content-binding:m49439""}"
tables/content_bindings.jsonl,84,urn:uuid:dc83e407-581e-5961-b48b-258dafebc628,content_binding,"{""dataset_id"":""urn:uuid:661831b3-5b74-549b-be92-b84ce5992a88"",""id"":""urn:uuid:dc83e407-581e-5961-b48b-258dafebc628"",""normalized_state"":""candidate"",""owner_authority_id"":""urn:uuid:2c0d398e-59cd-57ca-9674-8120edd7d69c"",""owner_native_state"":""language_reviewed"",""payload"":{""source_bytes"":303095,""source_locale"":""en"",""source_path"":""m49455/index.cnxml"",""source_sha256"":""a81dd626fad3b0d7484235fc580af4f09c0aadab8f8962ced969013f656b7971"",""target_bytes"":296985,""target_locale"":""id-ID"",""target_path"":""m49455/index.cnxml"",""target_sha256"":""0d721da8d360ebd79d933a7019cfcb5ab46cfbd1aad7c17c434df59303ffa82b"",""translation_evidence"":""00_control/CURRENT_CURSOR.json#translation"",""translation_state"":""language_reviewed"",""unit_id"":""urn:uuid:ef5a11f6-b7b3-5488-8b5e-ec74167fc4d2""},""record_type"":""content_binding"",""recorded_at"":""2026-09-07T00:00:00Z"",""semantic_key"":""a30:content-binding:m49455""}"
tables/content_bindings.jsonl,76,urn:uuid:e0a64d49-7580-5cad-9b01-7f3dd1746245,content_binding,"{""dataset_id"":""urn:uuid:661831b3-5b74-549b-be92-b84ce5992a88"",""id"":""urn:uuid:e0a64d49-7580-5cad-9b01-7f3dd1746245"",""normalized_state"":""candidate"",""owner_authority_id"":""urn:uuid:2c0d398e-59cd-57ca-9674-8120edd7d69c"",""owner_native_state"":""language_reviewed"",""payload"":{""source_bytes"":163212,""source_locale"":""en"",""source_path"":""m49447/index.cnxml"",""source_sha256"":""64185677bb53d1d0fdfcf03f8569541bbc1821a7304d1cb41fd9c678efbdc728"",""target_bytes"":164197,""target_locale"":""id-ID"",""target_path"":""m49447/index.cnxml"",""target_sha256"":""ed1c48f4adcab6389f76a90c61dfce56cda25fcc5eef4a226076bbe41cccdec1"",""translation_evidence"":""00_control/CURRENT_CURSOR.json#translation"",""translation_state"":""language_reviewed"",""unit_id"":""urn:uuid:9839041a-97b0-588e-a9a7-593d06f5b8fd""},""record_type"":""content_binding"",""recorded_at"":""2026-09-07T00:00:00Z"",""semantic_key"":""a30:content-binding:m49447""}"
tables/content_bindings.jsonl,82,urn:uuid:e7849721-23bc-54fa-ad3c-bfed4d1bdce3,content_binding,"{""dataset_id"":""urn:uuid:661831b3-5b74-549b-be92-b84ce5992a88"",""id"":""urn:uuid:e7849721-23bc-54fa-ad3c-bfed4d1bdce3"",""normalized_state"":""candidate"",""owner_authority_id"":""urn:uuid:2c0d398e-59cd-57ca-9674-8120edd7d69c"",""owner_native_state"":""language_reviewed"",""payload"":{""source_bytes"":124052,""source_locale"":""en"",""source_path"":""m49453/index.cnxml"",""source_sha256"":""239efbbc055450819e397454bebe6a5368af399d2bc2b688a5222b8ca79877c9"",""target_bytes"":124801,""target_locale"":""id-ID"",""target_path"":""m49453/index.cnxml"",""target_sha256"":""648d3c467c42152db59bef881e3f37ace1297da0cee40b1c1aae6d005aba9056"",""translation_evidence"":""00_control/CURRENT_CURSOR.json#translation"",""translation_state"":""language_reviewed"",""unit_id"":""urn:uuid:f517107a-975a-5ba9-bc44-d5f0cc9a77b8""},""record_type"":""content_binding"",""recorded_at"":""2026-09-07T00:00:00Z"",""semantic_key"":""a30:content-binding:m49453""}"
tables/content_bindings.jsonl,45,urn:uuid:e863b7df-348b-5b91-9ce3-13e417c2269d,content_binding,"{""dataset_id"":""urn:uuid:661831b3-5b74-549b-be92-b84ce5992a88"",""id"":""urn:uuid:e863b7df-348b-5b91-9ce3-13e417c2269d"",""normalized_state"":""candidate"",""owner_authority_id"":""urn:uuid:2c0d398e-59cd-57ca-9674-8120edd7d69c"",""owner_native_state"":""language_reviewed"",""payload"":{""source_bytes"":161828,""source_locale"":""en"",""source_path"":""m49397/index.cnxml"",""source_sha256"":""518e82cad5d41cb19f9a3e5389d70d54c2c80817461c8be92df6d9178b1d2899"",""target_bytes"":163374,""target_locale"":""id-ID"",""target_path"":""m49397/index.cnxml"",""target_sha256"":""673f377b3e73acd37246258a9d2622a5131919dd8d7e0861500b321c2f877e2d"",""translation_evidence"":""00_control/CURRENT_CURSOR.json#translation"",""translation_state"":""language_reviewed"",""unit_id"":""urn:uuid:944e0489-909b-5e2d-8142-ab0febc3a44d""},""record_type"":""content_binding"",""recorded_at"":""2026-09-07T00:00:00Z"",""semantic_key"":""a30:content-binding:m49397""}"
tables/content_bindings.jsonl,6,urn:uuid:eb7129b6-5cde-55f5-8463-66937023f14a,content_binding,"{""dataset_id"":""urn:uuid:661831b3-5b74-549b-be92-b84ce5992a88"",""id"":""urn:uuid:eb7129b6-5cde-55f5-8463-66937023f14a"",""normalized_state"":""candidate"",""owner_authority_id"":""urn:uuid:2c0d398e-59cd-57ca-9674-8120edd7d69c"",""owner_native_state"":""language_reviewed"",""payload"":{""source_bytes"":230828,""source_locale"":""en"",""source_path"":""m49312/index.cnxml"",""source_sha256"":""668e2034f4a8dc108ed871b5837ca4a19e2d81e0eda2d89e019df4359a570c00"",""target_bytes"":236081,""target_locale"":""id-ID"",""target_path"":""m49312/index.cnxml"",""target_sha256"":""e2c2cf1197c74d1b88437730750aec247215d6ea37dd19c4ef83eddc730334f8"",""translation_evidence"":""00_control/CURRENT_CURSOR.json#translation"",""translation_state"":""language_reviewed"",""unit_id"":""urn:uuid:c7c2a9c7-62fd-59c7-a703-30df1b8beac6""},""record_type"":""content_binding"",""recorded_at"":""2026-09-07T00:00:00Z"",""semantic_key"":""a30:content-binding:m49312""}"
tables/content_bindings.jsonl,75,urn:uuid:f206b424-a47b-5a28-b19d-52cbc3add89a,content_binding,"{""dataset_id"":""urn:uuid:661831b3-5b74-549b-be92-b84ce5992a88"",""id"":""urn:uuid:f206b424-a47b-5a28-b19d-52cbc3add89a"",""normalized_state"":""candidate"",""owner_authority_id"":""urn:uuid:2c0d398e-59cd-57ca-9674-8120edd7d69c"",""owner_native_state"":""language_reviewed"",""payload"":{""source_bytes"":112514,""source_locale"":""en"",""source_path"":""m49446/index.cnxml"",""source_sha256"":""447ab1761c7a2845b48af9711291244004d056c1209cb38398673839f6329ec5"",""target_bytes"":113368,""target_locale"":""id-ID"",""target_path"":""m49446/index.cnxml"",""target_sha256"":""6973c48dfe3964e2b219f554d86bb1ab2cd70ec49e9828096c35819431ca279f"",""translation_evidence"":""00_control/CURRENT_CURSOR.json#translation"",""translation_state"":""language_reviewed"",""unit_id"":""urn:uuid:2bd5567f-eae9-5251-a5a8-be9d0cff94da""},""record_type"":""content_binding"",""recorded_at"":""2026-09-07T00:00:00Z"",""semantic_key"":""a30:content-binding:m49446""}"
tables/content_bindings.jsonl,35,urn:uuid:f6f24fcf-38d9-51bc-8b9e-2dd0bed27fdd,content_binding,"{""dataset_id"":""urn:uuid:661831b3-5b74-549b-be92-b84ce5992a88"",""id"":""urn:uuid:f6f24fcf-38d9-51bc-8b9e-2dd0bed27fdd"",""normalized_state"":""candidate"",""owner_authority_id"":""urn:uuid:2c0d398e-59cd-57ca-9674-8120edd7d69c"",""owner_native_state"":""language_reviewed"",""payload"":{""source_bytes"":172416,""source_locale"":""en"",""source_path"":""m49374/index.cnxml"",""source_sha256"":""71dd34da0ae68ed1f0be7d668d2e0c7406836900599baac85f49185f406b5479"",""target_bytes"":173836,""target_locale"":""id-ID"",""target_path"":""m49374/index.cnxml"",""target_sha256"":""56a6d2b3523e4bd1e1c2bc64713bdf6a686753d2a9674872a5887809ac205fef"",""translation_evidence"":""00_control/CURRENT_CURSOR.json#translation"",""translation_state"":""language_reviewed"",""unit_id"":""urn:uuid:57746624-df8f-5cc0-a84c-00212cf95831""},""record_type"":""content_binding"",""recorded_at"":""2026-09-07T00:00:00Z"",""semantic_key"":""a30:content-binding:m49374""}"
tables/content_bindings.jsonl,74,urn:uuid:f843b937-a5fe-5b62-9c17-20d76ac65a05,content_binding,"{""dataset_id"":""urn:uuid:661831b3-5b74-549b-be92-b84ce5992a88"",""id"":""urn:uuid:f843b937-a5fe-5b62-9c17-20d76ac65a05"",""normalized_state"":""candidate"",""owner_authority_id"":""urn:uuid:2c0d398e-59cd-57ca-9674-8120edd7d69c"",""owner_native_state"":""language_reviewed"",""payload"":{""source_bytes"":124828,""source_locale"":""en"",""source_path"":""m49445/index.cnxml"",""source_sha256"":""7bc2719ed6f8338a7d76d7b082e22f00d16ae27a1cf7b5127624ef18564178de"",""target_bytes"":125667,""target_locale"":""id-ID"",""target_path"":""m49445/index.cnxml"",""target_sha256"":""d35d8dd48310d2627a79057dfccdfa84c4cd26fb1a60545902cf05616c8d1fa6"",""translation_evidence"":""00_control/CURRENT_CURSOR.json#translation"",""translation_state"":""language_reviewed"",""unit_id"":""urn:uuid:35f9afc5-a98f-5b38-92fe-b469abc67eb2""},""record_type"":""content_binding"",""recorded_at"":""2026-09-07T00:00:00Z"",""semantic_key"":""a30:content-binding:m49445""}"
tables/content_bindings.jsonl,17,urn:uuid:f858549d-e684-5773-bfb0-a952cf4a65eb,content_binding,"{""dataset_id"":""urn:uuid:661831b3-5b74-549b-be92-b84ce5992a88"",""id"":""urn:uuid:f858549d-e684-5773-bfb0-a952cf4a65eb"",""normalized_state"":""candidate"",""owner_authority_id"":""urn:uuid:2c0d398e-59cd-57ca-9674-8120edd7d69c"",""owner_native_state"":""language_reviewed"",""payload"":{""source_bytes"":187926,""source_locale"":""en"",""source_path"":""m49347/index.cnxml"",""source_sha256"":""5a0ac9ac9cca3251f449449a70a530b4dd532614cd2fba2a33c66cfaff47bf3f"",""target_bytes"":193157,""target_locale"":""id-ID"",""target_path"":""m49347/index.cnxml"",""target_sha256"":""44fb270e589f1fe4c23ded8eab5aa0b9d2ff8baced8866ef2d4df5ed7365fc49"",""translation_evidence"":""00_control/CURRENT_CURSOR.json#translation"",""translation_state"":""language_reviewed"",""unit_id"":""urn:uuid:0c36d32c-f8a1-57bd-8101-cc92b303be62""},""record_type"":""content_binding"",""recorded_at"":""2026-09-07T00:00:00Z"",""semantic_key"":""a30:content-binding:m49347""}"
tables/content_bindings.jsonl,14,urn:uuid:fd58c9b3-5180-5871-ba25-6ab63d47df3f,content_binding,"{""dataset_id"":""urn:uuid:661831b3-5b74-549b-be92-b84ce5992a88"",""id"":""urn:uuid:fd58c9b3-5180-5871-ba25-6ab63d47df3f"",""normalized_state"":""candidate"",""owner_authority_id"":""urn:uuid:2c0d398e-59cd-57ca-9674-8120edd7d69c"",""owner_native_state"":""language_reviewed"",""payload"":{""source_bytes"":105920,""source_locale"":""en"",""source_path"":""m49335/index.cnxml"",""source_sha256"":""67eae9bd4d699a78e17b316b56f39ae77b0d59d5b8c0dc78bb1e604ce444c8d5"",""target_bytes"":107968,""target_locale"":""id-ID"",""target_path"":""m49335/index.cnxml"",""target_sha256"":""b790a51c4eac9471ba9a844cd36e189dbecbe00a4e3a41b9c6e5788a348f71a1"",""translation_evidence"":""00_control/CURRENT_CURSOR.json#translation"",""translation_state"":""language_reviewed"",""unit_id"":""urn:uuid:2e0e3417-7777-5090-8880-0c35c155829b""},""record_type"":""content_binding"",""recorded_at"":""2026-09-07T00:00:00Z"",""semantic_key"":""a30:content-binding:m49335""}"
tables/content_bindings.jsonl,16,urn:uuid:fea0fd54-42a1-53fd-a3a7-8e0902149e9e,content_binding,"{""dataset_id"":""urn:uuid:661831b3-5b74-549b-be92-b84ce5992a88"",""id"":""urn:uuid:fea0fd54-42a1-53fd-a3a7-8e0902149e9e"",""normalized_state"":""candidate"",""owner_authority_id"":""urn:uuid:2c0d398e-59cd-57ca-9674-8120edd7d69c"",""owner_native_state"":""language_reviewed"",""payload"":{""source_bytes"":163855,""source_locale"":""en"",""source_path"":""m49346/index.cnxml"",""source_sha256"":""d5363285e67a8613fc46b2f071d7fed286d64f664b3c313df121da84e4fa1064"",""target_bytes"":168056,""target_locale"":""id-ID"",""target_path"":""m49346/index.cnxml"",""target_sha256"":""9d6b4ae93a6d9eeb10e9c7188f7028a664f8892fa4298574830bd8e2c7066a29"",""translation_evidence"":""00_control/CURRENT_CURSOR.json#translation"",""translation_state"":""language_reviewed"",""unit_id"":""urn:uuid:7ba86d37-342f-5317-ad45-d1ac823f369d""},""record_type"":""content_binding"",""recorded_at"":""2026-09-07T00:00:00Z"",""semantic_key"":""a30:content-binding:m49346""}"
tables/content_bindings.jsonl,86,urn:uuid:ff8f6031-e35c-5a89-bac1-5c4bc2dbd42b,content_binding,"{""dataset_id"":""urn:uuid:661831b3-5b74-549b-be92-b84ce5992a88"",""id"":""urn:uuid:ff8f6031-e35c-5a89-bac1-5c4bc2dbd42b"",""normalized_state"":""candidate"",""owner_authority_id"":""urn:uuid:2c0d398e-59cd-57ca-9674-8120edd7d69c"",""owner_native_state"":""language_reviewed"",""payload"":{""source_bytes"":31467,""source_locale"":""en"",""source_path"":""m50414/index.cnxml"",""source_sha256"":""783db8140af97eeb52984caa4aa85b986fe6538356ef681493d3e99f9ee2128e"",""target_bytes"":32574,""target_locale"":""id-ID"",""target_path"":""m50414/index.cnxml"",""target_sha256"":""c6cedf84fbbf4f07c34cd377a367d812da1806bd20895f21f59c222940ed18d9"",""translation_evidence"":""00_control/CURRENT_CURSOR.json#translation"",""translation_state"":""language_reviewed"",""unit_id"":""urn:uuid:1f16841e-3922-5971-9908-087daa6450fd""},""record_type"":""content_binding"",""recorded_at"":""2026-09-07T00:00:00Z"",""semantic_key"":""a30:content-binding:m50414""}"
tables/course_unit_memberships.jsonl,24,urn:uuid:00ccea33-c79a-5694-82ad-2d5668c8ea73,course_unit_membership,"{""dataset_id"":""urn:uuid:661831b3-5b74-549b-be92-b84ce5992a88"",""id"":""urn:uuid:00ccea33-c79a-5694-82ad-2d5668c8ea73"",""normalized_state"":""candidate"",""owner_authority_id"":""urn:uuid:2c0d398e-59cd-57ca-9674-8120edd7d69c"",""owner_native_state"":null,""payload"":{""course_id"":""A30"",""edition_id"":""urn:uuid:981f6a22-1980-5906-a410-b659bc69cadd"",""native_id"":""m49361"",""ordinal"":26,""unit_id"":""urn:uuid:e0e0f597-8cd3-58b1-a1e4-7ced441023be""},""record_type"":""course_unit_membership"",""recorded_at"":""2026-09-07T00:00:00Z"",""semantic_key"":""a30:membership:m49361""}"
tables/course_unit_memberships.jsonl,56,urn:uuid:04bcb2c8-bb73-5212-8180-2dd1d7d977a7,course_unit_membership,"{""dataset_id"":""urn:uuid:661831b3-5b74-549b-be92-b84ce5992a88"",""id"":""urn:uuid:04bcb2c8-bb73-5212-8180-2dd1d7d977a7"",""normalized_state"":""candidate"",""owner_authority_id"":""urn:uuid:2c0d398e-59cd-57ca-9674-8120edd7d69c"",""owner_native_state"":null,""payload"":{""course_id"":""A30"",""edition_id"":""urn:uuid:981f6a22-1980-5906-a410-b659bc69cadd"",""native_id"":""m49412"",""ordinal"":58,""unit_id"":""urn:uuid:1a2fc92b-9056-5814-ac9e-947cda1a79ee""},""record_type"":""course_unit_membership"",""recorded_at"":""2026-09-07T00:00:00Z"",""semantic_key"":""a30:membership:m49412""}"
tables/course_unit_memberships.jsonl,58,urn:uuid:06e24e09-41e0-50c4-a977-76a0e3dde5c1,course_unit_membership,"{""dataset_id"":""urn:uuid:661831b3-5b74-549b-be92-b84ce5992a88"",""id"":""urn:uuid:06e24e09-41e0-50c4-a977-76a0e3dde5c1"",""normalized_state"":""candidate"",""owner_authority_id"":""urn:uuid:2c0d398e-59cd-57ca-9674-8120edd7d69c"",""owner_native_state"":null,""payload"":{""course_id"":""A30"",""edition_id"":""urn:uuid:981f6a22-1980-5906-a410-b659bc69cadd"",""native_id"":""m49419"",""ordinal"":61,""unit_id"":""urn:uuid:fb208ee8-2cca-5962-8077-0cbfe4120502""},""record_type"":""course_unit_membership"",""recorded_at"":""2026-09-07T00:00:00Z"",""semantic_key"":""a30:membership:m49419""}"
tables/course_unit_memberships.jsonl,76,urn:uuid:0882a74a-5107-5701-a712-1b0dafcf303a,course_unit_membership,"{""dataset_id"":""urn:uuid:661831b3-5b74-549b-be92-b84ce5992a88"",""id"":""urn:uuid:0882a74a-5107-5701-a712-1b0dafcf303a"",""normalized_state"":""candidate"",""owner_authority_id"":""urn:uuid:2c0d398e-59cd-57ca-9674-8120edd7d69c"",""owner_native_state"":null,""payload"":{""course_id"":""A30"",""edition_id"":""urn:uuid:981f6a22-1980-5906-a410-b659bc69cadd"",""native_id"":""m49447"",""ordinal"":78,""unit_id"":""urn:uuid:9839041a-97b0-588e-a9a7-593d06f5b8fd""},""record_type"":""course_unit_membership"",""recorded_at"":""2026-09-07T00:00:00Z"",""semantic_key"":""a30:membership:m49447""}"
tables/course_unit_memberships.jsonl,14,urn:uuid:0e0bd24b-f82f-5ee4-a15a-82cd7184f7d7,course_unit_membership,"{""dataset_id"":""urn:uuid:661831b3-5b74-549b-be92-b84ce5992a88"",""id"":""urn:uuid:0e0bd24b-f82f-5ee4-a15a-82cd7184f7d7"",""normalized_state"":""candidate"",""owner_authority_id"":""urn:uuid:2c0d398e-59cd-57ca-9674-8120edd7d69c"",""owner_native_state"":null,""payload"":{""course_id"":""A30"",""edition_id"":""urn:uuid:981f6a22-1980-5906-a410-b659bc69cadd"",""native_id"":""m49335"",""ordinal"":16,""unit_id"":""urn:uuid:2e0e3417-7777-5090-8880-0c35c155829b""},""record_type"":""course_unit_membership"",""recorded_at"":""2026-09-07T00:00:00Z"",""semantic_key"":""a30:membership:m49335""}"
tables/course_unit_memberships.jsonl,27,urn:uuid:11714fbe-7a67-53dd-b324-a6d55a080733,course_unit_membership,"{""dataset_id"":""urn:uuid:661831b3-5b74-549b-be92-b84ce5992a88"",""id"":""urn:uuid:11714fbe-7a67-53dd-b324-a6d55a080733"",""normalized_state"":""candidate"",""owner_authority_id"":""urn:uuid:2c0d398e-59cd-57ca-9674-8120edd7d69c"",""owner_native_state"":null,""payload"":{""course_id"":""A30"",""edition_id"":""urn:uuid:981f6a22-1980-5906-a410-b659bc69cadd"",""native_id"":""m49364"",""ordinal"":29,""unit_id"":""urn:uuid:e0ece7ad-8075-567c-bd75-0310c2aaa15e""},""record_type"":""course_unit_membership"",""recorded_at"":""2026-09-07T00:00:00Z"",""semantic_key"":""a30:membership:m49364""}"
tables/course_unit_memberships.jsonl,29,urn:uuid:11ac9239-57f7-59f0-890f-b2d863142293,course_unit_membership,"{""dataset_id"":""urn:uuid:661831b3-5b74-549b-be92-b84ce5992a88"",""id"":""urn:uuid:11ac9239-57f7-59f0-890f-b2d863142293"",""normalized_state"":""candidate"",""owner_authority_id"":""urn:uuid:2c0d398e-59cd-57ca-9674-8120edd7d69c"",""owner_native_state"":null,""payload"":{""course_id"":""A30"",""edition_id"":""urn:uuid:981f6a22-1980-5906-a410-b659bc69cadd"",""native_id"":""m49366"",""ordinal"":31,""unit_id"":""urn:uuid:4597ebfd-ed2c-5d41-9295-60d75f28bb67""},""record_type"":""course_unit_membership"",""recorded_at"":""2026-09-07T00:00:00Z"",""semantic_key"":""a30:membership:m49366""}"
tables/course_unit_memberships.jsonl,70,urn:uuid:19093657-33e4-5eea-9220-77024fcb4c11,course_unit_membership,"{""dataset_id"":""urn:uuid:661831b3-5b74-549b-be92-b84ce5992a88"",""id"":""urn:uuid:19093657-33e4-5eea-9220-77024fcb4c11"",""normalized_state"":""candidate"",""owner_authority_id"":""urn:uuid:2c0d398e-59cd-57ca-9674-8120edd7d69c"",""owner_native_state"":null,""payload"":{""course_id"":""A30"",""edition_id"":""urn:uuid:981f6a22-1980-5906-a410-b659bc69cadd"",""native_id"":""m49441"",""ordinal"":72,""unit_id"":""urn:uuid:6bef4602-aa3f-5537-b8e6-083ce166e5cf""},""record_type"":""course_unit_membership"",""recorded_at"":""2026-09-07T00:00:00Z"",""semantic_key"":""a30:membership:m49441""}"
tables/course_unit_memberships.jsonl,49,urn:uuid:1da683a7-0d93-56fc-824b-264027775197,course_unit_membership,"{""dataset_id"":""urn:uuid:661831b3-5b74-549b-be92-b84ce5992a88"",""id"":""urn:uuid:1da683a7-0d93-56fc-824b-264027775197"",""normalized_state"":""candidate"",""owner_authority_id"":""urn:uuid:2c0d398e-59cd-57ca-9674-8120edd7d69c"",""owner_native_state"":null,""payload"":{""course_id"":""A30"",""edition_id"":""urn:uuid:981f6a22-1980-5906-a410-b659bc69cadd"",""native_id"":""m49404"",""ordinal"":51,""unit_id"":""urn:uuid:a19f7df3-dc10-56b3-ba7b-577b1a8f14b0""},""record_type"":""course_unit_membership"",""recorded_at"":""2026-09-07T00:00:00Z"",""semantic_key"":""a30:membership:m49404""}"
tables/course_unit_memberships.jsonl,48,urn:uuid:2184a41b-84ee-5b7d-b157-88ab6bf226b3,course_unit_membership,"{""dataset_id"":""urn:uuid:661831b3-5b74-549b-be92-b84ce5992a88"",""id"":""urn:uuid:2184a41b-84ee-5b7d-b157-88ab6bf226b3"",""normalized_state"":""candidate"",""owner_authority_id"":""urn:uuid:2c0d398e-59cd-57ca-9674-8120edd7d69c"",""owner_native_state"":null,""payload"":{""course_id"":""A30"",""edition_id"":""urn:uuid:981f6a22-1980-5906-a410-b659bc69cadd"",""native_id"":""m49402"",""ordinal"":50,""unit_id"":""urn:uuid:981d96e3-ba69-53f0-8002-36833de581ee""},""record_type"":""course_unit_membership"",""recorded_at"":""2026-09-07T00:00:00Z"",""semantic_key"":""a30:membership:m49402""}"
tables/course_unit_memberships.jsonl,35,urn:uuid:22874245-cf42-57db-933d-5fbcecbba3b1,course_unit_membership,"{""dataset_id"":""urn:uuid:661831b3-5b74-549b-be92-b84ce5992a88"",""id"":""urn:uuid:22874245-cf42-57db-933d-5fbcecbba3b1"",""normalized_state"":""candidate"",""owner_authority_id"":""urn:uuid:2c0d398e-59cd-57ca-9674-8120edd7d69c"",""owner_native_state"":null,""payload"":{""course_id"":""A30"",""edition_id"":""urn:uuid:981f6a22-1980-5906-a410-b659bc69cadd"",""native_id"":""m49374"",""ordinal"":37,""unit_id"":""urn:uuid:57746624-df8f-5cc0-a84c-00212cf95831""},""record_type"":""course_unit_membership"",""recorded_at"":""2026-09-07T00:00:00Z"",""semantic_key"":""a30:membership:m49374""}"
tables/course_unit_memberships.jsonl,20,urn:uuid:26e23f92-85b0-5dad-9935-14d72b0758b5,course_unit_membership,"{""dataset_id"":""urn:uuid:661831b3-5b74-549b-be92-b84ce5992a88"",""id"":""urn:uuid:26e23f92-85b0-5dad-9935-14d72b0758b5"",""normalized_state"":""candidate"",""owner_authority_id"":""urn:uuid:2c0d398e-59cd-57ca-9674-8120edd7d69c"",""owner_native_state"":null,""payload"":{""course_id"":""A30"",""edition_id"":""urn:uuid:981f6a22-1980-5906-a410-b659bc69cadd"",""native_id"":""m49351"",""ordinal"":22,""unit_id"":""urn:uuid:c77272c9-3e91-59f1-9cc6-23cc2c171bb1""},""record_type"":""course_unit_membership"",""recorded_at"":""2026-09-07T00:00:00Z"",""semantic_key"":""a30:membership:m49351""}"
tables/course_unit_memberships.jsonl,42,urn:uuid:2cb63d90-e612-594c-b485-56086bf8c5cd,course_unit_membership,"{""dataset_id"":""urn:uuid:661831b3-5b74-549b-be92-b84ce5992a88"",""id"":""urn:uuid:2cb63d90-e612-594c-b485-56086bf8c5cd"",""normalized_state"":""candidate"",""owner_authority_id"":""urn:uuid:2c0d398e-59cd-57ca-9674-8120edd7d69c"",""owner_native_state"":null,""payload"":{""course_id"":""A30"",""edition_id"":""urn:uuid:981f6a22-1980-5906-a410-b659bc69cadd"",""native_id"":""m49393"",""ordinal"":44,""unit_id"":""urn:uuid:c1dad04c-de45-5f48-b832-3d029421543f""},""record_type"":""course_unit_membership"",""recorded_at"":""2026-09-07T00:00:00Z"",""semantic_key"":""a30:membership:m49393""}"
tables/course_unit_memberships.jsonl,62,urn:uuid:2d047918-a5bf-581f-a6fe-a98a8f840a06,course_unit_membership,"{""dataset_id"":""urn:uuid:661831b3-5b74-549b-be92-b84ce5992a88"",""id"":""urn:uuid:2d047918-a5bf-581f-a6fe-a98a8f840a06"",""normalized_state"":""candidate"",""owner_authority_id"":""urn:uuid:2c0d398e-59cd-57ca-9674-8120edd7d69c"",""owner_native_state"":null,""payload"":{""course_id"":""A30"",""edition_id"":""urn:uuid:981f6a22-1980-5906-a410-b659bc69cadd"",""native_id"":""m49433"",""ordinal"":64,""unit_id"":""urn:uuid:b46f4834-5e91-57da-9de4-af070c4724b3""},""record_type"":""course_unit_membership"",""recorded_at"":""2026-09-07T00:00:00Z"",""semantic_key"":""a30:membership:m49433""}"
tables/course_unit_memberships.jsonl,43,urn:uuid:32d16ea7-7efa-5ff2-bd66-7f1ab7860317,course_unit_membership,"{""dataset_id"":""urn:uuid:661831b3-5b74-549b-be92-b84ce5992a88"",""id"":""urn:uuid:32d16ea7-7efa-5ff2-bd66-7f1ab7860317"",""normalized_state"":""candidate"",""owner_authority_id"":""urn:uuid:2c0d398e-59cd-57ca-9674-8120edd7d69c"",""owner_native_state"":null,""payload"":{""course_id"":""A30"",""edition_id"":""urn:uuid:981f6a22-1980-5906-a410-b659bc69cadd"",""native_id"":""m49395"",""ordinal"":45,""unit_id"":""urn:uuid:a68b3de9-b891-5290-b5ab-121d49a41408""},""record_type"":""course_unit_membership"",""recorded_at"":""2026-09-07T00:00:00Z"",""semantic_key"":""a30:membership:m49395""}"
tables/course_unit_memberships.jsonl,64,urn:uuid:338f325b-75f9-5bd2-b987-c105c4cdd86b,course_unit_membership,"{""dataset_id"":""urn:uuid:661831b3-5b74-549b-be92-b84ce5992a88"",""id"":""urn:uuid:338f325b-75f9-5bd2-b987-c105c4cdd86b"",""normalized_state"":""candidate"",""owner_authority_id"":""urn:uuid:2c0d398e-59cd-57ca-9674-8120edd7d69c"",""owner_native_state"":null,""payload"":{""course_id"":""A30"",""edition_id"":""urn:uuid:981f6a22-1980-5906-a410-b659bc69cadd"",""native_id"":""m49435"",""ordinal"":66,""unit_id"":""urn:uuid:048fcd4e-3715-545e-a8fa-d352e03b67ad""},""record_type"":""course_unit_membership"",""recorded_at"":""2026-09-07T00:00:00Z"",""semantic_key"":""a30:membership:m49435""}"
tables/course_unit_memberships.jsonl,80,urn:uuid:353621c3-1ad4-536a-8034-5be45cef7459,course_unit_membership,"{""dataset_id"":""urn:uuid:661831b3-5b74-549b-be92-b84ce5992a88"",""id"":""urn:uuid:353621c3-1ad4-536a-8034-5be45cef7459"",""normalized_state"":""candidate"",""owner_authority_id"":""urn:uuid:2c0d398e-59cd-57ca-9674-8120edd7d69c"",""owner_native_state"":null,""payload"":{""course_id"":""A30"",""edition_id"":""urn:uuid:981f6a22-1980-5906-a410-b659bc69cadd"",""native_id"":""m49451"",""ordinal"":82,""unit_id"":""urn:uuid:bb05b47c-eae6-525f-9dd7-e435a108ff70""},""record_type"":""course_unit_membership"",""recorded_at"":""2026-09-07T00:00:00Z"",""semantic_key"":""a30:membership:m49451""}"
tables/course_unit_memberships.jsonl,34,urn:uuid:35728898-caf9-56df-ac1b-60c832aa48ca,course_unit_membership,"{""dataset_id"":""urn:uuid:661831b3-5b74-549b-be92-b84ce5992a88"",""id"":""urn:uuid:35728898-caf9-56df-ac1b-60c832aa48ca"",""normalized_state"":""candidate"",""owner_authority_id"":""urn:uuid:2c0d398e-59cd-57ca-9674-8120edd7d69c"",""owner_native_state"":null,""payload"":{""course_id"":""A30"",""edition_id"":""urn:uuid:981f6a22-1980-5906-a410-b659bc69cadd"",""native_id"":""m49372"",""ordinal"":36,""unit_id"":""urn:uuid:a172fc60-10c5-5f7f-919c-3d89b60431dd""},""record_type"":""course_unit_membership"",""recorded_at"":""2026-09-07T00:00:00Z"",""semantic_key"":""a30:membership:m49372""}"
tables/course_unit_memberships.jsonl,55,urn:uuid:375e935f-a8c2-5b50-85ed-273fa43270b5,course_unit_membership,"{""dataset_id"":""urn:uuid:661831b3-5b74-549b-be92-b84ce5992a88"",""id"":""urn:uuid:375e935f-a8c2-5b50-85ed-273fa43270b5"",""normalized_state"":""candidate"",""owner_authority_id"":""urn:uuid:2c0d398e-59cd-57ca-9674-8120edd7d69c"",""owner_native_state"":null,""payload"":{""course_id"":""A30"",""edition_id"":""urn:uuid:981f6a22-1980-5906-a410-b659bc69cadd"",""native_id"":""m49411"",""ordinal"":57,""unit_id"":""urn:uuid:a816627b-5a02-5c26-a792-b1d6c693e66f""},""record_type"":""course_unit_membership"",""recorded_at"":""2026-09-07T00:00:00Z"",""semantic_key"":""a30:membership:m49411""}"
tables/course_unit_memberships.jsonl,63,urn:uuid:399ba1d8-931a-5162-aa87-2c5a94b586bf,course_unit_membership,"{""dataset_id"":""urn:uuid:661831b3-5b74-549b-be92-b84ce5992a88"",""id"":""urn:uuid:399ba1d8-931a-5162-aa87-2c5a94b586bf"",""normalized_state"":""candidate"",""owner_authority_id"":""urn:uuid:2c0d398e-59cd-57ca-9674-8120edd7d69c"",""owner_native_state"":null,""payload"":{""course_id"":""A30"",""edition_id"":""urn:uuid:981f6a22-1980-5906-a410-b659bc69cadd"",""native_id"":""m49434"",""ordinal"":65,""unit_id"":""urn:uuid:07b6a173-131e-52f5-8e31-9d26a538d751""},""record_type"":""course_unit_membership"",""recorded_at"":""2026-09-07T00:00:00Z"",""semantic_key"":""a30:membership:m49434""}"
tables/course_unit_memberships.jsonl,40,urn:uuid:39e017e4-a1ac-5d59-9ddf-e902d6f31e77,course_unit_membership,"{""dataset_id"":""urn:uuid:661831b3-5b74-549b-be92-b84ce5992a88"",""id"":""urn:uuid:39e017e4-a1ac-5d59-9ddf-e902d6f31e77"",""normalized_state"":""candidate"",""owner_authority_id"":""urn:uuid:2c0d398e-59cd-57ca-9674-8120edd7d69c"",""owner_native_state"":null,""payload"":{""course_id"":""A30"",""edition_id"":""urn:uuid:981f6a22-1980-5906-a410-b659bc69cadd"",""native_id"":""m49390"",""ordinal"":42,""unit_id"":""urn:uuid:74f3794c-fea8-54cc-b601-303fd6d15444""},""record_type"":""course_unit_membership"",""recorded_at"":""2026-09-07T00:00:00Z"",""semantic_key"":""a30:membership:m49390""}"
tables/course_unit_memberships.jsonl,11,urn:uuid:3d8eeddc-a829-5147-b1ba-e7653f3c58b7,course_unit_membership,"{""dataset_id"":""urn:uuid:661831b3-5b74-549b-be92-b84ce5992a88"",""id"":""urn:uuid:3d8eeddc-a829-5147-b1ba-e7653f3c58b7"",""normalized_state"":""candidate"",""owner_authority_id"":""urn:uuid:2c0d398e-59cd-57ca-9674-8120edd7d69c"",""owner_native_state"":null,""payload"":{""course_id"":""A30"",""edition_id"":""urn:uuid:981f6a22-1980-5906-a410-b659bc69cadd"",""native_id"":""m49326"",""ordinal"":13,""unit_id"":""urn:uuid:7dc79841-7e22-5d64-b954-6aa66c68f0fa""},""record_type"":""course_unit_membership"",""recorded_at"":""2026-09-07T00:00:00Z"",""semantic_key"":""a30:membership:m49326""}"
tables/course_unit_memberships.jsonl,22,urn:uuid:40fb78cd-9828-594d-aad8-f5e661e66dbb,course_unit_membership,"{""dataset_id"":""urn:uuid:661831b3-5b74-549b-be92-b84ce5992a88"",""id"":""urn:uuid:40fb78cd-9828-594d-aad8-f5e661e66dbb"",""normalized_state"":""candidate"",""owner_authority_id"":""urn:uuid:2c0d398e-59cd-57ca-9674-8120edd7d69c"",""owner_native_state"":null,""payload"":{""course_id"":""A30"",""edition_id"":""urn:uuid:981f6a22-1980-5906-a410-b659bc69cadd"",""native_id"":""m49353"",""ordinal"":24,""unit_id"":""urn:uuid:b7ae61b0-f094-56d0-911f-745da1aad6d5""},""record_type"":""course_unit_membership"",""recorded_at"":""2026-09-07T00:00:00Z"",""semantic_key"":""a30:membership:m49353""}"
tables/course_unit_memberships.jsonl,4,urn:uuid:444f195e-f632-5d23-b5c7-ce46bc2fe3fa,course_unit_membership,"{""dataset_id"":""urn:uuid:661831b3-5b74-549b-be92-b84ce5992a88"",""id"":""urn:uuid:444f195e-f632-5d23-b5c7-ce46bc2fe3fa"",""normalized_state"":""candidate"",""owner_authority_id"":""urn:uuid:2c0d398e-59cd-57ca-9674-8120edd7d69c"",""owner_native_state"":null,""payload"":{""course_id"":""A30"",""edition_id"":""urn:uuid:981f6a22-1980-5906-a410-b659bc69cadd"",""native_id"":""m49306"",""ordinal"":5,""unit_id"":""urn:uuid:42cf8d80-f09b-5bd9-be2a-1df0178f2c41""},""record_type"":""course_unit_membership"",""recorded_at"":""2026-09-07T00:00:00Z"",""semantic_key"":""a30:membership:m49306""}"
tables/course_unit_memberships.jsonl,51,urn:uuid:469b16d6-e279-541c-a59f-c04e1aa3e7f4,course_unit_membership,"{""dataset_id"":""urn:uuid:661831b3-5b74-549b-be92-b84ce5992a88"",""id"":""urn:uuid:469b16d6-e279-541c-a59f-c04e1aa3e7f4"",""normalized_state"":""candidate"",""owner_authority_id"":""urn:uuid:2c0d398e-59cd-57ca-9674-8120edd7d69c"",""owner_native_state"":null,""payload"":{""course_id"":""A30"",""edition_id"":""urn:uuid:981f6a22-1980-5906-a410-b659bc69cadd"",""native_id"":""m49406"",""ordinal"":53,""unit_id"":""urn:uuid:76de6819-084b-5f51-a9e6-47b6df2adbcd""},""record_type"":""course_unit_membership"",""recorded_at"":""2026-09-07T00:00:00Z"",""semantic_key"":""a30:membership:m49406""}"
tables/course_unit_memberships.jsonl,73,urn:uuid:47e21ae2-97cd-58d8-9bf6-79f5db72039a,course_unit_membership,"{""dataset_id"":""urn:uuid:661831b3-5b74-549b-be92-b84ce5992a88"",""id"":""urn:uuid:47e21ae2-97cd-58d8-9bf6-79f5db72039a"",""normalized_state"":""candidate"",""owner_authority_id"":""urn:uuid:2c0d398e-59cd-57ca-9674-8120edd7d69c"",""owner_native_state"":null,""payload"":{""course_id"":""A30"",""edition_id"":""urn:uuid:981f6a22-1980-5906-a410-b659bc69cadd"",""native_id"":""m49444"",""ordinal"":75,""unit_id"":""urn:uuid:a038e042-ed43-5e6e-92c8-884093ed33d3""},""record_type"":""course_unit_membership"",""recorded_at"":""2026-09-07T00:00:00Z"",""semantic_key"":""a30:membership:m49444""}"
tables/course_unit_memberships.jsonl,74,urn:uuid:48711d75-033a-5b05-89cf-c0852aba7a38,course_unit_membership,"{""dataset_id"":""urn:uuid:661831b3-5b74-549b-be92-b84ce5992a88"",""id"":""urn:uuid:48711d75-033a-5b05-89cf-c0852aba7a38"",""normalized_state"":""candidate"",""owner_authority_id"":""urn:uuid:2c0d398e-59cd-57ca-9674-8120edd7d69c"",""owner_native_state"":null,""payload"":{""course_id"":""A30"",""edition_id"":""urn:uuid:981f6a22-1980-5906-a410-b659bc69cadd"",""native_id"":""m49445"",""ordinal"":76,""unit_id"":""urn:uuid:35f9afc5-a98f-5b38-92fe-b469abc67eb2""},""record_type"":""course_unit_membership"",""recorded_at"":""2026-09-07T00:00:00Z"",""semantic_key"":""a30:membership:m49445""}"
tables/course_unit_memberships.jsonl,79,urn:uuid:4cbf3450-9d03-5a4d-9252-4cb3c5d471bb,course_unit_membership,"{""dataset_id"":""urn:uuid:661831b3-5b74-549b-be92-b84ce5992a88"",""id"":""urn:uuid:4cbf3450-9d03-5a4d-9252-4cb3c5d471bb"",""normalized_state"":""candidate"",""owner_authority_id"":""urn:uuid:2c0d398e-59cd-57ca-9674-8120edd7d69c"",""owner_native_state"":null,""payload"":{""course_id"":""A30"",""edition_id"":""urn:uuid:981f6a22-1980-5906-a410-b659bc69cadd"",""native_id"":""m49450"",""ordinal"":81,""unit_id"":""urn:uuid:e14d7192-db8f-5905-b179-d323a2bff0ae""},""record_type"":""course_unit_membership"",""recorded_at"":""2026-09-07T00:00:00Z"",""semantic_key"":""a30:membership:m49450""}"
tables/course_unit_memberships.jsonl,65,urn:uuid:4e8ea2c8-6d67-54fe-88cd-3da932fce1ef,course_unit_membership,"{""dataset_id"":""urn:uuid:661831b3-5b74-549b-be92-b84ce5992a88"",""id"":""urn:uuid:4e8ea2c8-6d67-54fe-88cd-3da932fce1ef"",""normalized_state"":""candidate"",""owner_authority_id"":""urn:uuid:2c0d398e-59cd-57ca-9674-8120edd7d69c"",""owner_native_state"":null,""payload"":{""course_id"":""A30"",""edition_id"":""urn:uuid:981f6a22-1980-5906-a410-b659bc69cadd"",""native_id"":""m49436"",""ordinal"":67,""unit_id"":""urn:uuid:724a9f93-39da-554e-84a7-d8ad646cf825""},""record_type"":""course_unit_membership"",""recorded_at"":""2026-09-07T00:00:00Z"",""semantic_key"":""a30:membership:m49436""}"
tables/course_unit_memberships.jsonl,19,urn:uuid:4eaf4053-c0fb-5aca-b4b1-f54890f1dcee,course_unit_membership,"{""dataset_id"":""urn:uuid:661831b3-5b74-549b-be92-b84ce5992a88"",""id"":""urn:uuid:4eaf4053-c0fb-5aca-b4b1-f54890f1dcee"",""normalized_state"":""candidate"",""owner_authority_id"":""urn:uuid:2c0d398e-59cd-57ca-9674-8120edd7d69c"",""owner_native_state"":null,""payload"":{""course_id"":""A30"",""edition_id"":""urn:uuid:981f6a22-1980-5906-a410-b659bc69cadd"",""native_id"":""m49349"",""ordinal"":21,""unit_id"":""urn:uuid:e48a4c01-5bfa-5820-a004-fe76e2e2c9a1""},""record_type"":""course_unit_membership"",""recorded_at"":""2026-09-07T00:00:00Z"",""semantic_key"":""a30:membership:m49349""}"
tables/course_unit_memberships.jsonl,2,urn:uuid:515bcd55-eddf-5a04-bb9b-80cdda1f70fd,course_unit_membership,"{""dataset_id"":""urn:uuid:661831b3-5b74-549b-be92-b84ce5992a88"",""id"":""urn:uuid:515bcd55-eddf-5a04-bb9b-80cdda1f70fd"",""normalized_state"":""candidate"",""owner_authority_id"":""urn:uuid:2c0d398e-59cd-57ca-9674-8120edd7d69c"",""owner_native_state"":null,""payload"":{""course_id"":""A30"",""edition_id"":""urn:uuid:981f6a22-1980-5906-a410-b659bc69cadd"",""native_id"":""m49301"",""ordinal"":3,""unit_id"":""urn:uuid:ecb2439d-e5ab-516e-ae34-d45f391c55f1""},""record_type"":""course_unit_membership"",""recorded_at"":""2026-09-07T00:00:00Z"",""semantic_key"":""a30:membership:m49301""}"
tables/course_unit_memberships.jsonl,60,urn:uuid:51b0200f-cf82-55be-a5f9-df1798f9cf2b,course_unit_membership,"{""dataset_id"":""urn:uuid:661831b3-5b74-549b-be92-b84ce5992a88"",""id"":""urn:uuid:51b0200f-cf82-55be-a5f9-df1798f9cf2b"",""normalized_state"":""candidate"",""owner_authority_id"":""urn:uuid:2c0d398e-59cd-57ca-9674-8120edd7d69c"",""owner_native_state"":null,""payload"":{""course_id"":""A30"",""edition_id"":""urn:uuid:981f6a22-1980-5906-a410-b659bc69cadd"",""native_id"":""m49431"",""ordinal"":62,""unit_id"":""urn:uuid:64c13dad-b40b-59e7-a36a-27ceee33951b""},""record_type"":""course_unit_membership"",""recorded_at"":""2026-09-07T00:00:00Z"",""semantic_key"":""a30:membership:m49431""}"
tables/course_unit_memberships.jsonl,32,urn:uuid:52452b2d-4367-501f-a0b8-0f7d359c004f,course_unit_membership,"{""dataset_id"":""urn:uuid:661831b3-5b74-549b-be92-b84ce5992a88"",""id"":""urn:uuid:52452b2d-4367-501f-a0b8-0f7d359c004f"",""normalized_state"":""candidate"",""owner_authority_id"":""urn:uuid:2c0d398e-59cd-57ca-9674-8120edd7d69c"",""owner_native_state"":null,""payload"":{""course_id"":""A30"",""edition_id"":""urn:uuid:981f6a22-1980-5906-a410-b659bc69cadd"",""native_id"":""m49369"",""ordinal"":34,""unit_id"":""urn:uuid:c6ed74da-3a07-5e3b-a3c1-856dfbdc1322""},""record_type"":""course_unit_membership"",""recorded_at"":""2026-09-07T00:00:00Z"",""semantic_key"":""a30:membership:m49369""}"
tables/course_unit_memberships.jsonl,78,urn:uuid:52d76821-a80b-5bfb-b56c-fb5d47407d98,course_unit_membership,"{""dataset_id"":""urn:uuid:661831b3-5b74-549b-be92-b84ce5992a88"",""id"":""urn:uuid:52d76821-a80b-5bfb-b56c-fb5d47407d98"",""normalized_state"":""candidate"",""owner_authority_id"":""urn:uuid:2c0d398e-59cd-57ca-9674-8120edd7d69c"",""owner_native_state"":null,""payload"":{""course_id"":""A30"",""edition_id"":""urn:uuid:981f6a22-1980-5906-a410-b659bc69cadd"",""native_id"":""m49449"",""ordinal"":80,""unit_id"":""urn:uuid:94530b21-0b22-50b0-b2c1-e456a99b6c07""},""record_type"":""course_unit_membership"",""recorded_at"":""2026-09-07T00:00:00Z"",""semantic_key"":""a30:membership:m49449""}"
tables/course_unit_memberships.jsonl,67,urn:uuid:55cd5b6e-e752-59fa-a8fa-801b8cf22187,course_unit_membership,"{""dataset_id"":""urn:uuid:661831b3-5b74-549b-be92-b84ce5992a88"",""id"":""urn:uuid:55cd5b6e-e752-59fa-a8fa-801b8cf22187"",""normalized_state"":""candidate"",""owner_authority_id"":""urn:uuid:2c0d398e-59cd-57ca-9674-8120edd7d69c"",""owner_native_state"":null,""payload"":{""course_id"":""A30"",""edition_id"":""urn:uuid:981f6a22-1980-5906-a410-b659bc69cadd"",""native_id"":""m49438"",""ordinal"":69,""unit_id"":""urn:uuid:d2eebe8e-7f2e-5797-b4dd-684386aa7dad""},""record_type"":""course_unit_membership"",""recorded_at"":""2026-09-07T00:00:00Z"",""semantic_key"":""a30:membership:m49438""}"
tables/course_unit_memberships.jsonl,26,urn:uuid:57381ba9-e782-5607-a1a4-d0dd5dad9fd0,course_unit_membership,"{""dataset_id"":""urn:uuid:661831b3-5b74-549b-be92-b84ce5992a88"",""id"":""urn:uuid:57381ba9-e782-5607-a1a4-d0dd5dad9fd0"",""normalized_state"":""candidate"",""owner_authority_id"":""urn:uuid:2c0d398e-59cd-57ca-9674-8120edd7d69c"",""owner_native_state"":null,""payload"":{""course_id"":""A30"",""edition_id"":""urn:uuid:981f6a22-1980-5906-a410-b659bc69cadd"",""native_id"":""m49363"",""ordinal"":28,""unit_id"":""urn:uuid:fb5b4b2f-4b28-57a2-933e-196ab5675726""},""record_type"":""course_unit_membership"",""recorded_at"":""2026-09-07T00:00:00Z"",""semantic_key"":""a30:membership:m49363""}"
tables/course_unit_memberships.jsonl,46,urn:uuid:58d3e9b1-06ad-5ec6-8ac5-a9b2db969027,course_unit_membership,"{""dataset_id"":""urn:uuid:661831b3-5b74-549b-be92-b84ce5992a88"",""id"":""urn:uuid:58d3e9b1-06ad-5ec6-8ac5-a9b2db969027"",""normalized_state"":""candidate"",""owner_authority_id"":""urn:uuid:2c0d398e-59cd-57ca-9674-8120edd7d69c"",""owner_native_state"":null,""payload"":{""course_id"":""A30"",""edition_id"":""urn:uuid:981f6a22-1980-5906-a410-b659bc69cadd"",""native_id"":""m49398"",""ordinal"":48,""unit_id"":""urn:uuid:15eb1b22-a5a9-58c3-80a1-6d6f0030ad7d""},""record_type"":""course_unit_membership"",""recorded_at"":""2026-09-07T00:00:00Z"",""semantic_key"":""a30:membership:m49398""}"
tables/course_unit_memberships.jsonl,71,urn:uuid:5b0ad6b0-0586-5ab8-a525-32dbdfe24131,course_unit_membership,"{""dataset_id"":""urn:uuid:661831b3-5b74-549b-be92-b84ce5992a88"",""id"":""urn:uuid:5b0ad6b0-0586-5ab8-a525-32dbdfe24131"",""normalized_state"":""candidate"",""owner_authority_id"":""urn:uuid:2c0d398e-59cd-57ca-9674-8120edd7d69c"",""owner_native_state"":null,""payload"":{""course_id"":""A30"",""edition_id"":""urn:uuid:981f6a22-1980-5906-a410-b659bc69cadd"",""native_id"":""m49442"",""ordinal"":73,""unit_id"":""urn:uuid:ee25aa04-a162-53e8-a87b-1922b30aae98""},""record_type"":""course_unit_membership"",""recorded_at"":""2026-09-07T00:00:00Z"",""semantic_key"":""a30:membership:m49442""}"
tables/course_unit_memberships.jsonl,17,urn:uuid:6014f83d-7810-5f5a-b58b-e25a82e919cc,course_unit_membership,"{""dataset_id"":""urn:uuid:661831b3-5b74-549b-be92-b84ce5992a88"",""id"":""urn:uuid:6014f83d-7810-5f5a-b58b-e25a82e919cc"",""normalized_state"":""candidate"",""owner_authority_id"":""urn:uuid:2c0d398e-59cd-57ca-9674-8120edd7d69c"",""owner_native_state"":null,""payload"":{""course_id"":""A30"",""edition_id"":""urn:uuid:981f6a22-1980-5906-a410-b659bc69cadd"",""native_id"":""m49347"",""ordinal"":19,""unit_id"":""urn:uuid:0c36d32c-f8a1-57bd-8101-cc92b303be62""},""record_type"":""course_unit_membership"",""recorded_at"":""2026-09-07T00:00:00Z"",""semantic_key"":""a30:membership:m49347""}"
tables/course_unit_memberships.jsonl,1,urn:uuid:61489033-0145-5d93-a8b2-88019cd484b9,course_unit_membership,"{""dataset_id"":""urn:uuid:661831b3-5b74-549b-be92-b84ce5992a88"",""id"":""urn:uuid:61489033-0145-5d93-a8b2-88019cd484b9"",""normalized_state"":""candidate"",""owner_authority_id"":""urn:uuid:2c0d398e-59cd-57ca-9674-8120edd7d69c"",""owner_native_state"":null,""payload"":{""course_id"":""A30"",""edition_id"":""urn:uuid:981f6a22-1980-5906-a410-b659bc69cadd"",""native_id"":""m49299"",""ordinal"":2,""unit_id"":""urn:uuid:05e8219c-4324-5cc5-b040-15dc99debf4a""},""record_type"":""course_unit_membership"",""recorded_at"":""2026-09-07T00:00:00Z"",""semantic_key"":""a30:membership:m49299""}"
tables/course_unit_memberships.jsonl,39,urn:uuid:63287f3e-b3fd-53e7-8eac-ffd7746d524d,course_unit_membership,"{""dataset_id"":""urn:uuid:661831b3-5b74-549b-be92-b84ce5992a88"",""id"":""urn:uuid:63287f3e-b3fd-53e7-8eac-ffd7746d524d"",""normalized_state"":""candidate"",""owner_authority_id"":""urn:uuid:2c0d398e-59cd-57ca-9674-8120edd7d69c"",""owner_native_state"":null,""payload"":{""course_id"":""A30"",""edition_id"":""urn:uuid:981f6a22-1980-5906-a410-b659bc69cadd"",""native_id"":""m49389"",""ordinal"":41,""unit_id"":""urn:uuid:98b7fff5-0c6a-5d86-9fde-7759ce72e03c""},""record_type"":""course_unit_membership"",""recorded_at"":""2026-09-07T00:00:00Z"",""semantic_key"":""a30:membership:m49389""}"
tables/course_unit_memberships.jsonl,31,urn:uuid:67c69092-6d78-57bb-ab5b-cbd8150b7caa,course_unit_membership,"{""dataset_id"":""urn:uuid:661831b3-5b74-549b-be92-b84ce5992a88"",""id"":""urn:uuid:67c69092-6d78-57bb-ab5b-cbd8150b7caa"",""normalized_state"":""candidate"",""owner_authority_id"":""urn:uuid:2c0d398e-59cd-57ca-9674-8120edd7d69c"",""owner_native_state"":null,""payload"":{""course_id"":""A30"",""edition_id"":""urn:uuid:981f6a22-1980-5906-a410-b659bc69cadd"",""native_id"":""m49368"",""ordinal"":33,""unit_id"":""urn:uuid:154e7129-115c-5c90-9b6a-c31a5064135c""},""record_type"":""course_unit_membership"",""recorded_at"":""2026-09-07T00:00:00Z"",""semantic_key"":""a30:membership:m49368""}"
tables/course_unit_memberships.jsonl,82,urn:uuid:67d97e99-922f-5e47-a1e4-a26ee6cfb9f8,course_unit_membership,"{""dataset_id"":""urn:uuid:661831b3-5b74-549b-be92-b84ce5992a88"",""id"":""urn:uuid:67d97e99-922f-5e47-a1e4-a26ee6cfb9f8"",""normalized_state"":""candidate"",""owner_authority_id"":""urn:uuid:2c0d398e-59cd-57ca-9674-8120edd7d69c"",""owner_native_state"":null,""payload"":{""course_id"":""A30"",""edition_id"":""urn:uuid:981f6a22-1980-5906-a410-b659bc69cadd"",""native_id"":""m49453"",""ordinal"":84,""unit_id"":""urn:uuid:f517107a-975a-5ba9-bc44-d5f0cc9a77b8""},""record_type"":""course_unit_membership"",""recorded_at"":""2026-09-07T00:00:00Z"",""semantic_key"":""a30:membership:m49453""}"
tables/course_unit_memberships.jsonl,8,urn:uuid:6abf3027-76dd-5fa8-89a1-76deed300a46,course_unit_membership,"{""dataset_id"":""urn:uuid:661831b3-5b74-549b-be92-b84ce5992a88"",""id"":""urn:uuid:6abf3027-76dd-5fa8-89a1-76deed300a46"",""normalized_state"":""candidate"",""owner_authority_id"":""urn:uuid:2c0d398e-59cd-57ca-9674-8120edd7d69c"",""owner_native_state"":null,""payload"":{""course_id"":""A30"",""edition_id"":""urn:uuid:981f6a22-1980-5906-a410-b659bc69cadd"",""native_id"":""m49320"",""ordinal"":9,""unit_id"":""urn:uuid:0d586bde-0c1f-5143-a045-e1b22d5fc6b2""},""record_type"":""course_unit_membership"",""recorded_at"":""2026-09-07T00:00:00Z"",""semantic_key"":""a30:membership:m49320""}"
tables/course_unit_memberships.jsonl,72,urn:uuid:6e8ba3d8-89fa-5d5d-9300-91b9bcf1c35a,course_unit_membership,"{""dataset_id"":""urn:uuid:661831b3-5b74-549b-be92-b84ce5992a88"",""id"":""urn:uuid:6e8ba3d8-89fa-5d5d-9300-91b9bcf1c35a"",""normalized_state"":""candidate"",""owner_authority_id"":""urn:uuid:2c0d398e-59cd-57ca-9674-8120edd7d69c"",""owner_native_state"":null,""payload"":{""course_id"":""A30"",""edition_id"":""urn:uuid:981f6a22-1980-5906-a410-b659bc69cadd"",""native_id"":""m49443"",""ordinal"":74,""unit_id"":""urn:uuid:3d174fe0-4210-5293-80f3-a395b864a336""},""record_type"":""course_unit_membership"",""recorded_at"":""2026-09-07T00:00:00Z"",""semantic_key"":""a30:membership:m49443""}"
tables/course_unit_memberships.jsonl,47,urn:uuid:70f624d3-5cae-543d-9adf-e5500beff5a1,course_unit_membership,"{""dataset_id"":""urn:uuid:661831b3-5b74-549b-be92-b84ce5992a88"",""id"":""urn:uuid:70f624d3-5cae-543d-9adf-e5500beff5a1"",""normalized_state"":""candidate"",""owner_authority_id"":""urn:uuid:2c0d398e-59cd-57ca-9674-8120edd7d69c"",""owner_native_state"":null,""payload"":{""course_id"":""A30"",""edition_id"":""urn:uuid:981f6a22-1980-5906-a410-b659bc69cadd"",""native_id"":""m49399"",""ordinal"":49,""unit_id"":""urn:uuid:1a70b144-a53a-587d-bd9e-9c56844c9e32""},""record_type"":""course_unit_membership"",""recorded_at"":""2026-09-07T00:00:00Z"",""semantic_key"":""a30:membership:m49399""}"
tables/course_unit_memberships.jsonl,87,urn:uuid:7234a40d-7399-5dd7-af5a-007da5feacdf,course_unit_membership,"{""dataset_id"":""urn:uuid:661831b3-5b74-549b-be92-b84ce5992a88"",""id"":""urn:uuid:7234a40d-7399-5dd7-af5a-007da5feacdf"",""normalized_state"":""candidate"",""owner_authority_id"":""urn:uuid:2c0d398e-59cd-57ca-9674-8120edd7d69c"",""owner_native_state"":null,""payload"":{""course_id"":""A30"",""edition_id"":""urn:uuid:981f6a22-1980-5906-a410-b659bc69cadd"",""native_id"":""m50919"",""ordinal"":1,""unit_id"":""urn:uuid:e752cd73-317c-59a7-9ecc-df80368aac5e""},""record_type"":""course_unit_membership"",""recorded_at"":""2026-09-07T00:00:00Z"",""semantic_key"":""a30:membership:m50919""}"
tables/course_unit_memberships.jsonl,13,urn:uuid:76e23448-6e6f-528d-8bb6-185507252a4c,course_unit_membership,"{""dataset_id"":""urn:uuid:661831b3-5b74-549b-be92-b84ce5992a88"",""id"":""urn:uuid:76e23448-6e6f-528d-8bb6-185507252a4c"",""normalized_state"":""candidate"",""owner_authority_id"":""urn:uuid:2c0d398e-59cd-57ca-9674-8120edd7d69c"",""owner_native_state"":null,""payload"":{""course_id"":""A30"",""edition_id"":""urn:uuid:981f6a22-1980-5906-a410-b659bc69cadd"",""native_id"":""m49334"",""ordinal"":15,""unit_id"":""urn:uuid:f3fa9903-cb3c-5017-8192-f28331a26b4f""},""record_type"":""course_unit_membership"",""recorded_at"":""2026-09-07T00:00:00Z"",""semantic_key"":""a30:membership:m49334""}"
tables/course_unit_memberships.jsonl,75,urn:uuid:7846c994-8ff1-599f-b42b-a947ac1727b7,course_unit_membership,"{""dataset_id"":""urn:uuid:661831b3-5b74-549b-be92-b84ce5992a88"",""id"":""urn:uuid:7846c994-8ff1-599f-b42b-a947ac1727b7"",""normalized_state"":""candidate"",""owner_authority_id"":""urn:uuid:2c0d398e-59cd-57ca-9674-8120edd7d69c"",""owner_native_state"":null,""payload"":{""course_id"":""A30"",""edition_id"":""urn:uuid:981f6a22-1980-5906-a410-b659bc69cadd"",""native_id"":""m49446"",""ordinal"":77,""unit_id"":""urn:uuid:2bd5567f-eae9-5251-a5a8-be9d0cff94da""},""record_type"":""course_unit_membership"",""recorded_at"":""2026-09-07T00:00:00Z"",""semantic_key"":""a30:membership:m49446""}"
tables/course_unit_memberships.jsonl,9,urn:uuid:7a8297f7-1c54-5038-af3c-0e7d3ad67924,course_unit_membership,"{""dataset_id"":""urn:uuid:661831b3-5b74-549b-be92-b84ce5992a88"",""id"":""urn:uuid:7a8297f7-1c54-5038-af3c-0e7d3ad67924"",""normalized_state"":""candidate"",""owner_authority_id"":""urn:uuid:2c0d398e-59cd-57ca-9674-8120edd7d69c"",""owner_native_state"":null,""payload"":{""course_id"":""A30"",""edition_id"":""urn:uuid:981f6a22-1980-5906-a410-b659bc69cadd"",""native_id"":""m49321"",""ordinal"":10,""unit_id"":""urn:uuid:63c6c031-ac9e-5bf8-8382-99e6a47ab739""},""record_type"":""course_unit_membership"",""recorded_at"":""2026-09-07T00:00:00Z"",""semantic_key"":""a30:membership:m49321""}"
tables/course_unit_memberships.jsonl,23,urn:uuid:7d7f03a1-6e45-5ffc-b8c0-4cc882778397,course_unit_membership,"{""dataset_id"":""urn:uuid:661831b3-5b74-549b-be92-b84ce5992a88"",""id"":""urn:uuid:7d7f03a1-6e45-5ffc-b8c0-4cc882778397"",""normalized_state"":""candidate"",""owner_authority_id"":""urn:uuid:2c0d398e-59cd-57ca-9674-8120edd7d69c"",""owner_native_state"":null,""payload"":{""course_id"":""A30"",""edition_id"":""urn:uuid:981f6a22-1980-5906-a410-b659bc69cadd"",""native_id"":""m49356"",""ordinal"":25,""unit_id"":""urn:uuid:6f0f502d-52c9-5323-b266-c7372fbca0de""},""record_type"":""course_unit_membership"",""recorded_at"":""2026-09-07T00:00:00Z"",""semantic_key"":""a30:membership:m49356""}"
tables/course_unit_memberships.jsonl,41,urn:uuid:7e0c7aac-1337-56b3-8db6-56a16e81c078,course_unit_membership,"{""dataset_id"":""urn:uuid:661831b3-5b74-549b-be92-b84ce5992a88"",""id"":""urn:uuid:7e0c7aac-1337-56b3-8db6-56a16e81c078"",""normalized_state"":""candidate"",""owner_authority_id"":""urn:uuid:2c0d398e-59cd-57ca-9674-8120edd7d69c"",""owner_native_state"":null,""payload"":{""course_id"":""A30"",""edition_id"":""urn:uuid:981f6a22-1980-5906-a410-b659bc69cadd"",""native_id"":""m49392"",""ordinal"":43,""unit_id"":""urn:uuid:85c1e7a1-a27b-5a59-aa61-302b5368bac7""},""record_type"":""course_unit_membership"",""recorded_at"":""2026-09-07T00:00:00Z"",""semantic_key"":""a30:membership:m49392""}"
tables/course_unit_memberships.jsonl,36,urn:uuid:7e181fac-2264-5111-a97e-90c34f887791,course_unit_membership,"{""dataset_id"":""urn:uuid:661831b3-5b74-549b-be92-b84ce5992a88"",""id"":""urn:uuid:7e181fac-2264-5111-a97e-90c34f887791"",""normalized_state"":""candidate"",""owner_authority_id"":""urn:uuid:2c0d398e-59cd-57ca-9674-8120edd7d69c"",""owner_native_state"":null,""payload"":{""course_id"":""A30"",""edition_id"":""urn:uuid:981f6a22-1980-5906-a410-b659bc69cadd"",""native_id"":""m49384"",""ordinal"":38,""unit_id"":""urn:uuid:23d47f52-4ae0-5be9-b461-a039f5def645""},""record_type"":""course_unit_membership"",""recorded_at"":""2026-09-07T00:00:00Z"",""semantic_key"":""a30:membership:m49384""}"
tables/course_unit_memberships.jsonl,15,urn:uuid:83c4df1d-4c14-588f-b00b-49b52c1b72cb,course_unit_membership,"{""dataset_id"":""urn:uuid:661831b3-5b74-549b-be92-b84ce5992a88"",""id"":""urn:uuid:83c4df1d-4c14-588f-b00b-49b52c1b72cb"",""normalized_state"":""candidate"",""owner_authority_id"":""urn:uuid:2c0d398e-59cd-57ca-9674-8120edd7d69c"",""owner_native_state"":null,""payload"":{""course_id"":""A30"",""edition_id"":""urn:uuid:981f6a22-1980-5906-a410-b659bc69cadd"",""native_id"":""m49337"",""ordinal"":17,""unit_id"":""urn:uuid:d60a35c9-d991-58ae-a8f6-86fcfc11ab27""},""record_type"":""course_unit_membership"",""recorded_at"":""2026-09-07T00:00:00Z"",""semantic_key"":""a30:membership:m49337""}"
tables/course_unit_memberships.jsonl,30,urn:uuid:876e4418-dc30-57c8-817b-cb5a1fe4e3cb,course_unit_membership,"{""dataset_id"":""urn:uuid:661831b3-5b74-549b-be92-b84ce5992a88"",""id"":""urn:uuid:876e4418-dc30-57c8-817b-cb5a1fe4e3cb"",""normalized_state"":""candidate"",""owner_authority_id"":""urn:uuid:2c0d398e-59cd-57ca-9674-8120edd7d69c"",""owner_native_state"":null,""payload"":{""course_id"":""A30"",""edition_id"":""urn:uuid:981f6a22-1980-5906-a410-b659bc69cadd"",""native_id"":""m49367"",""ordinal"":32,""unit_id"":""urn:uuid:a6b4d407-7b02-5b28-805e-a61ac3315ce5""},""record_type"":""course_unit_membership"",""recorded_at"":""2026-09-07T00:00:00Z"",""semantic_key"":""a30:membership:m49367""}"
tables/course_unit_memberships.jsonl,12,urn:uuid:89095534-cdb0-54b7-8cc5-482f0da0b3ec,course_unit_membership,"{""dataset_id"":""urn:uuid:661831b3-5b74-549b-be92-b84ce5992a88"",""id"":""urn:uuid:89095534-cdb0-54b7-8cc5-482f0da0b3ec"",""normalized_state"":""candidate"",""owner_authority_id"":""urn:uuid:2c0d398e-59cd-57ca-9674-8120edd7d69c"",""owner_native_state"":null,""payload"":{""course_id"":""A30"",""edition_id"":""urn:uuid:981f6a22-1980-5906-a410-b659bc69cadd"",""native_id"":""m49327"",""ordinal"":14,""unit_id"":""urn:uuid:ecfd1e3f-1dd0-5542-b1b1-0f489bcb3752""},""record_type"":""course_unit_membership"",""recorded_at"":""2026-09-07T00:00:00Z"",""semantic_key"":""a30:membership:m49327""}"
tables/course_unit_memberships.jsonl,57,urn:uuid:89687a9d-eaf9-5f09-b269-b1c592bc616a,course_unit_membership,"{""dataset_id"":""urn:uuid:661831b3-5b74-549b-be92-b84ce5992a88"",""id"":""urn:uuid:89687a9d-eaf9-5f09-b269-b1c592bc616a"",""normalized_state"":""candidate"",""owner_authority_id"":""urn:uuid:2c0d398e-59cd-57ca-9674-8120edd7d69c"",""owner_native_state"":null,""payload"":{""course_id"":""A30"",""edition_id"":""urn:uuid:981f6a22-1980-5906-a410-b659bc69cadd"",""native_id"":""m49418"",""ordinal"":59,""unit_id"":""urn:uuid:33b0d7e6-9364-5a52-a162-84d1f5cc498a""},""record_type"":""course_unit_membership"",""recorded_at"":""2026-09-07T00:00:00Z"",""semantic_key"":""a30:membership:m49418""}"
tables/course_unit_memberships.jsonl,44,urn:uuid:8b10fdf7-e106-52bf-b04b-3379256ea1ed,course_unit_membership,"{""dataset_id"":""urn:uuid:661831b3-5b74-549b-be92-b84ce5992a88"",""id"":""urn:uuid:8b10fdf7-e106-52bf-b04b-3379256ea1ed"",""normalized_state"":""candidate"",""owner_authority_id"":""urn:uuid:2c0d398e-59cd-57ca-9674-8120edd7d69c"",""owner_native_state"":null,""payload"":{""course_id"":""A30"",""edition_id"":""urn:uuid:981f6a22-1980-5906-a410-b659bc69cadd"",""native_id"":""m49396"",""ordinal"":46,""unit_id"":""urn:uuid:0538843b-ce40-596b-b69e-fc9500682381""},""record_type"":""course_unit_membership"",""recorded_at"":""2026-09-07T00:00:00Z"",""semantic_key"":""a30:membership:m49396""}"
tables/course_unit_memberships.jsonl,86,urn:uuid:9112927c-1bc7-5d9a-a84d-95c6eddf798d,course_unit_membership,"{""dataset_id"":""urn:uuid:661831b3-5b74-549b-be92-b84ce5992a88"",""id"":""urn:uuid:9112927c-1bc7-5d9a-a84d-95c6eddf798d"",""normalized_state"":""candidate"",""owner_authority_id"":""urn:uuid:2c0d398e-59cd-57ca-9674-8120edd7d69c"",""owner_native_state"":null,""payload"":{""course_id"":""A30"",""edition_id"":""urn:uuid:981f6a22-1980-5906-a410-b659bc69cadd"",""native_id"":""m50414"",""ordinal"":87,""unit_id"":""urn:uuid:1f16841e-3922-5971-9908-087daa6450fd""},""record_type"":""course_unit_membership"",""recorded_at"":""2026-09-07T00:00:00Z"",""semantic_key"":""a30:membership:m50414""}"
tables/course_unit_memberships.jsonl,83,urn:uuid:91f60588-a8a7-5af2-a423-029c89382e1b,course_unit_membership,"{""dataset_id"":""urn:uuid:661831b3-5b74-549b-be92-b84ce5992a88"",""id"":""urn:uuid:91f60588-a8a7-5af2-a423-029c89382e1b"",""normalized_state"":""candidate"",""owner_authority_id"":""urn:uuid:2c0d398e-59cd-57ca-9674-8120edd7d69c"",""owner_native_state"":null,""payload"":{""course_id"":""A30"",""edition_id"":""urn:uuid:981f6a22-1980-5906-a410-b659bc69cadd"",""native_id"":""m49454"",""ordinal"":85,""unit_id"":""urn:uuid:2a7c6bec-581c-5c4e-93af-8b70476534e1""},""record_type"":""course_unit_membership"",""recorded_at"":""2026-09-07T00:00:00Z"",""semantic_key"":""a30:membership:m49454""}"
tables/course_unit_memberships.jsonl,18,urn:uuid:988222de-cec1-5e96-88e9-2ed8e3c88ae6,course_unit_membership,"{""dataset_id"":""urn:uuid:661831b3-5b74-549b-be92-b84ce5992a88"",""id"":""urn:uuid:988222de-cec1-5e96-88e9-2ed8e3c88ae6"",""normalized_state"":""candidate"",""owner_authority_id"":""urn:uuid:2c0d398e-59cd-57ca-9674-8120edd7d69c"",""owner_native_state"":null,""payload"":{""course_id"":""A30"",""edition_id"":""urn:uuid:981f6a22-1980-5906-a410-b659bc69cadd"",""native_id"":""m49348"",""ordinal"":20,""unit_id"":""urn:uuid:3bfffa92-800f-5f99-b293-3967c0fedf2b""},""record_type"":""course_unit_membership"",""recorded_at"":""2026-09-07T00:00:00Z"",""semantic_key"":""a30:membership:m49348""}"
tables/course_unit_memberships.jsonl,61,urn:uuid:9f75cd57-4aa4-59e2-bae7-3b3aa242c223,course_unit_membership,"{""dataset_id"":""urn:uuid:661831b3-5b74-549b-be92-b84ce5992a88"",""id"":""urn:uuid:9f75cd57-4aa4-59e2-bae7-3b3aa242c223"",""normalized_state"":""candidate"",""owner_authority_id"":""urn:uuid:2c0d398e-59cd-57ca-9674-8120edd7d69c"",""owner_native_state"":null,""payload"":{""course_id"":""A30"",""edition_id"":""urn:uuid:981f6a22-1980-5906-a410-b659bc69cadd"",""native_id"":""m49432"",""ordinal"":63,""unit_id"":""urn:uuid:1b01e44e-87f6-5815-9ebe-8cc1cb1b3eb5""},""record_type"":""course_unit_membership"",""recorded_at"":""2026-09-07T00:00:00Z"",""semantic_key"":""a30:membership:m49432""}"
tables/course_unit_memberships.jsonl,68,urn:uuid:a0dc9710-03ba-5799-ba18-81c18662bc09,course_unit_membership,"{""dataset_id"":""urn:uuid:661831b3-5b74-549b-be92-b84ce5992a88"",""id"":""urn:uuid:a0dc9710-03ba-5799-ba18-81c18662bc09"",""normalized_state"":""candidate"",""owner_authority_id"":""urn:uuid:2c0d398e-59cd-57ca-9674-8120edd7d69c"",""owner_native_state"":null,""payload"":{""course_id"":""A30"",""edition_id"":""urn:uuid:981f6a22-1980-5906-a410-b659bc69cadd"",""native_id"":""m49439"",""ordinal"":70,""unit_id"":""urn:uuid:5f04c961-8266-59f1-84e4-01aa84ba4431""},""record_type"":""course_unit_membership"",""recorded_at"":""2026-09-07T00:00:00Z"",""semantic_key"":""a30:membership:m49439""}"
tables/course_unit_memberships.jsonl,45,urn:uuid:a524ee33-f6ef-548a-ba21-4818962dc41e,course_unit_membership,"{""dataset_id"":""urn:uuid:661831b3-5b74-549b-be92-b84ce5992a88"",""id"":""urn:uuid:a524ee33-f6ef-548a-ba21-4818962dc41e"",""normalized_state"":""candidate"",""owner_authority_id"":""urn:uuid:2c0d398e-59cd-57ca-9674-8120edd7d69c"",""owner_native_state"":null,""payload"":{""course_id"":""A30"",""edition_id"":""urn:uuid:981f6a22-1980-5906-a410-b659bc69cadd"",""native_id"":""m49397"",""ordinal"":47,""unit_id"":""urn:uuid:944e0489-909b-5e2d-8142-ab0febc3a44d""},""record_type"":""course_unit_membership"",""recorded_at"":""2026-09-07T00:00:00Z"",""semantic_key"":""a30:membership:m49397""}"
tables/course_unit_memberships.jsonl,16,urn:uuid:aa913da1-126e-53fd-bae9-b970f6b12c23,course_unit_membership,"{""dataset_id"":""urn:uuid:661831b3-5b74-549b-be92-b84ce5992a88"",""id"":""urn:uuid:aa913da1-126e-53fd-bae9-b970f6b12c23"",""normalized_state"":""candidate"",""owner_authority_id"":""urn:uuid:2c0d398e-59cd-57ca-9674-8120edd7d69c"",""owner_native_state"":null,""payload"":{""course_id"":""A30"",""edition_id"":""urn:uuid:981f6a22-1980-5906-a410-b659bc69cadd"",""native_id"":""m49346"",""ordinal"":18,""unit_id"":""urn:uuid:7ba86d37-342f-5317-ad45-d1ac823f369d""},""record_type"":""course_unit_membership"",""recorded_at"":""2026-09-07T00:00:00Z"",""semantic_key"":""a30:membership:m49346""}"
tables/course_unit_memberships.jsonl,21,urn:uuid:accec048-3175-51e9-8cf2-3e1f75fa2de2,course_unit_membership,"{""dataset_id"":""urn:uuid:661831b3-5b74-549b-be92-b84ce5992a88"",""id"":""urn:uuid:accec048-3175-51e9-8cf2-3e1f75fa2de2"",""normalized_state"":""candidate"",""owner_authority_id"":""urn:uuid:2c0d398e-59cd-57ca-9674-8120edd7d69c"",""owner_native_state"":null,""payload"":{""course_id"":""A30"",""edition_id"":""urn:uuid:981f6a22-1980-5906-a410-b659bc69cadd"",""native_id"":""m49352"",""ordinal"":23,""unit_id"":""urn:uuid:d395a3a6-f182-5340-a644-5fa16a9471d9""},""record_type"":""course_unit_membership"",""recorded_at"":""2026-09-07T00:00:00Z"",""semantic_key"":""a30:membership:m49352""}"
tables/course_unit_memberships.jsonl,52,urn:uuid:b1055b05-678a-561a-af01-556f5afb1f89,course_unit_membership,"{""dataset_id"":""urn:uuid:661831b3-5b74-549b-be92-b84ce5992a88"",""id"":""urn:uuid:b1055b05-678a-561a-af01-556f5afb1f89"",""normalized_state"":""candidate"",""owner_authority_id"":""urn:uuid:2c0d398e-59cd-57ca-9674-8120edd7d69c"",""owner_native_state"":null,""payload"":{""course_id"":""A30"",""edition_id"":""urn:uuid:981f6a22-1980-5906-a410-b659bc69cadd"",""native_id"":""m49407"",""ordinal"":54,""unit_id"":""urn:uuid:f12e1b62-34ba-5bde-841a-1c477f90dbcb""},""record_type"":""course_unit_membership"",""recorded_at"":""2026-09-07T00:00:00Z"",""semantic_key"":""a30:membership:m49407""}"
tables/course_unit_memberships.jsonl,81,urn:uuid:b2682241-3095-546e-acd4-8a3daa9b490c,course_unit_membership,"{""dataset_id"":""urn:uuid:661831b3-5b74-549b-be92-b84ce5992a88"",""id"":""urn:uuid:b2682241-3095-546e-acd4-8a3daa9b490c"",""normalized_state"":""candidate"",""owner_authority_id"":""urn:uuid:2c0d398e-59cd-57ca-9674-8120edd7d69c"",""owner_native_state"":null,""payload"":{""course_id"":""A30"",""edition_id"":""urn:uuid:981f6a22-1980-5906-a410-b659bc69cadd"",""native_id"":""m49452"",""ordinal"":83,""unit_id"":""urn:uuid:c60088ce-1ba6-5867-82c2-e7dfe943dd61""},""record_type"":""course_unit_membership"",""recorded_at"":""2026-09-07T00:00:00Z"",""semantic_key"":""a30:membership:m49452""}"
tables/course_unit_memberships.jsonl,84,urn:uuid:b6691db6-ce45-57da-9c31-10c7b135ec0c,course_unit_membership,"{""dataset_id"":""urn:uuid:661831b3-5b74-549b-be92-b84ce5992a88"",""id"":""urn:uuid:b6691db6-ce45-57da-9c31-10c7b135ec0c"",""normalized_state"":""candidate"",""owner_authority_id"":""urn:uuid:2c0d398e-59cd-57ca-9674-8120edd7d69c"",""owner_native_state"":null,""payload"":{""course_id"":""A30"",""edition_id"":""urn:uuid:981f6a22-1980-5906-a410-b659bc69cadd"",""native_id"":""m49455"",""ordinal"":86,""unit_id"":""urn:uuid:ef5a11f6-b7b3-5488-8b5e-ec74167fc4d2""},""record_type"":""course_unit_membership"",""recorded_at"":""2026-09-07T00:00:00Z"",""semantic_key"":""a30:membership:m49455""}"
tables/course_unit_memberships.jsonl,3,urn:uuid:b86ca9f3-17cd-5a64-81de-8a9d45741053,course_unit_membership,"{""dataset_id"":""urn:uuid:661831b3-5b74-549b-be92-b84ce5992a88"",""id"":""urn:uuid:b86ca9f3-17cd-5a64-81de-8a9d45741053"",""normalized_state"":""candidate"",""owner_authority_id"":""urn:uuid:2c0d398e-59cd-57ca-9674-8120edd7d69c"",""owner_native_state"":null,""payload"":{""course_id"":""A30"",""edition_id"":""urn:uuid:981f6a22-1980-5906-a410-b659bc69cadd"",""native_id"":""m49304"",""ordinal"":4,""unit_id"":""urn:uuid:06530420-722c-53e9-8940-c5ee9f24a56e""},""record_type"":""course_unit_membership"",""recorded_at"":""2026-09-07T00:00:00Z"",""semantic_key"":""a30:membership:m49304""}"
tables/course_unit_memberships.jsonl,6,urn:uuid:bbc8ddb7-1756-51ac-9d2b-14a313c2d61a,course_unit_membership,"{""dataset_id"":""urn:uuid:661831b3-5b74-549b-be92-b84ce5992a88"",""id"":""urn:uuid:bbc8ddb7-1756-51ac-9d2b-14a313c2d61a"",""normalized_state"":""candidate"",""owner_authority_id"":""urn:uuid:2c0d398e-59cd-57ca-9674-8120edd7d69c"",""owner_native_state"":null,""payload"":{""course_id"":""A30"",""edition_id"":""urn:uuid:981f6a22-1980-5906-a410-b659bc69cadd"",""native_id"":""m49312"",""ordinal"":7,""unit_id"":""urn:uuid:c7c2a9c7-62fd-59c7-a703-30df1b8beac6""},""record_type"":""course_unit_membership"",""recorded_at"":""2026-09-07T00:00:00Z"",""semantic_key"":""a30:membership:m49312""}"
tables/course_unit_memberships.jsonl,50,urn:uuid:c08231a9-7f15-5f7b-9fc6-fb1b3c89905d,course_unit_membership,"{""dataset_id"":""urn:uuid:661831b3-5b74-549b-be92-b84ce5992a88"",""id"":""urn:uuid:c08231a9-7f15-5f7b-9fc6-fb1b3c89905d"",""normalized_state"":""candidate"",""owner_authority_id"":""urn:uuid:2c0d398e-59cd-57ca-9674-8120edd7d69c"",""owner_native_state"":null,""payload"":{""course_id"":""A30"",""edition_id"":""urn:uuid:981f6a22-1980-5906-a410-b659bc69cadd"",""native_id"":""m49405"",""ordinal"":52,""unit_id"":""urn:uuid:3f7521af-414a-52c9-9030-8e317a19ae40""},""record_type"":""course_unit_membership"",""recorded_at"":""2026-09-07T00:00:00Z"",""semantic_key"":""a30:membership:m49405""}"
tables/course_unit_memberships.jsonl,54,urn:uuid:c0b9ef00-ae17-5050-bad9-7ee2ef3b153d,course_unit_membership,"{""dataset_id"":""urn:uuid:661831b3-5b74-549b-be92-b84ce5992a88"",""id"":""urn:uuid:c0b9ef00-ae17-5050-bad9-7ee2ef3b153d"",""normalized_state"":""candidate"",""owner_authority_id"":""urn:uuid:2c0d398e-59cd-57ca-9674-8120edd7d69c"",""owner_native_state"":null,""payload"":{""course_id"":""A30"",""edition_id"":""urn:uuid:981f6a22-1980-5906-a410-b659bc69cadd"",""native_id"":""m49409"",""ordinal"":56,""unit_id"":""urn:uuid:2dceff21-cedd-5e89-92c7-7f86d365b36b""},""record_type"":""course_unit_membership"",""recorded_at"":""2026-09-07T00:00:00Z"",""semantic_key"":""a30:membership:m49409""}"
tables/course_unit_memberships.jsonl,59,urn:uuid:c1a0136f-1700-5e84-b723-70f688526344,course_unit_membership,"{""dataset_id"":""urn:uuid:661831b3-5b74-549b-be92-b84ce5992a88"",""id"":""urn:uuid:c1a0136f-1700-5e84-b723-70f688526344"",""normalized_state"":""candidate"",""owner_authority_id"":""urn:uuid:2c0d398e-59cd-57ca-9674-8120edd7d69c"",""owner_native_state"":null,""payload"":{""course_id"":""A30"",""edition_id"":""urn:uuid:981f6a22-1980-5906-a410-b659bc69cadd"",""native_id"":""m49420"",""ordinal"":60,""unit_id"":""urn:uuid:b0084aee-fd2f-598a-a080-68ab1f5599fb""},""record_type"":""course_unit_membership"",""recorded_at"":""2026-09-07T00:00:00Z"",""semantic_key"":""a30:membership:m49420""}"
tables/course_unit_memberships.jsonl,33,urn:uuid:c31f8662-992c-5857-8613-b9807de9706e,course_unit_membership,"{""dataset_id"":""urn:uuid:661831b3-5b74-549b-be92-b84ce5992a88"",""id"":""urn:uuid:c31f8662-992c-5857-8613-b9807de9706e"",""normalized_state"":""candidate"",""owner_authority_id"":""urn:uuid:2c0d398e-59cd-57ca-9674-8120edd7d69c"",""owner_native_state"":null,""payload"":{""course_id"":""A30"",""edition_id"":""urn:uuid:981f6a22-1980-5906-a410-b659bc69cadd"",""native_id"":""m49371"",""ordinal"":35,""unit_id"":""urn:uuid:3a57dc28-4b62-524c-b721-f1849261340f""},""record_type"":""course_unit_membership"",""recorded_at"":""2026-09-07T00:00:00Z"",""semantic_key"":""a30:membership:m49371""}"
tables/course_unit_memberships.jsonl,85,urn:uuid:d1addb1e-715c-56ae-be60-008b84da0e51,course_unit_membership,"{""dataset_id"":""urn:uuid:661831b3-5b74-549b-be92-b84ce5992a88"",""id"":""urn:uuid:d1addb1e-715c-56ae-be60-008b84da0e51"",""normalized_state"":""candidate"",""owner_authority_id"":""urn:uuid:2c0d398e-59cd-57ca-9674-8120edd7d69c"",""owner_native_state"":null,""payload"":{""course_id"":""A30"",""edition_id"":""urn:uuid:981f6a22-1980-5906-a410-b659bc69cadd"",""native_id"":""m50389"",""ordinal"":12,""unit_id"":""urn:uuid:d54ec07e-274c-5190-b501-6c0986e61864""},""record_type"":""course_unit_membership"",""recorded_at"":""2026-09-07T00:00:00Z"",""semantic_key"":""a30:membership:m50389""}"
tables/course_unit_memberships.jsonl,5,urn:uuid:d2b19e5b-d074-512e-8b0f-bbda7380991b,course_unit_membership,"{""dataset_id"":""urn:uuid:661831b3-5b74-549b-be92-b84ce5992a88"",""id"":""urn:uuid:d2b19e5b-d074-512e-8b0f-bbda7380991b"",""normalized_state"":""candidate"",""owner_authority_id"":""urn:uuid:2c0d398e-59cd-57ca-9674-8120edd7d69c"",""owner_native_state"":null,""payload"":{""course_id"":""A30"",""edition_id"":""urn:uuid:981f6a22-1980-5906-a410-b659bc69cadd"",""native_id"":""m49308"",""ordinal"":6,""unit_id"":""urn:uuid:6be2cf9f-9951-554b-bd55-1f8ed50242b7""},""record_type"":""course_unit_membership"",""recorded_at"":""2026-09-07T00:00:00Z"",""semantic_key"":""a30:membership:m49308""}"
tables/course_unit_memberships.jsonl,7,urn:uuid:d91e8ef0-c9d7-5191-a14e-b1bd3d983319,course_unit_membership,"{""dataset_id"":""urn:uuid:661831b3-5b74-549b-be92-b84ce5992a88"",""id"":""urn:uuid:d91e8ef0-c9d7-5191-a14e-b1bd3d983319"",""normalized_state"":""candidate"",""owner_authority_id"":""urn:uuid:2c0d398e-59cd-57ca-9674-8120edd7d69c"",""owner_native_state"":null,""payload"":{""course_id"":""A30"",""edition_id"":""urn:uuid:981f6a22-1980-5906-a410-b659bc69cadd"",""native_id"":""m49314"",""ordinal"":8,""unit_id"":""urn:uuid:83aa45f5-9271-5093-a966-e2d31a463840""},""record_type"":""course_unit_membership"",""recorded_at"":""2026-09-07T00:00:00Z"",""semantic_key"":""a30:membership:m49314""}"
tables/course_unit_memberships.jsonl,66,urn:uuid:dfbecaa7-3ba7-5ba2-acd9-586bcd1824b1,course_unit_membership,"{""dataset_id"":""urn:uuid:661831b3-5b74-549b-be92-b84ce5992a88"",""id"":""urn:uuid:dfbecaa7-3ba7-5ba2-acd9-586bcd1824b1"",""normalized_state"":""candidate"",""owner_authority_id"":""urn:uuid:2c0d398e-59cd-57ca-9674-8120edd7d69c"",""owner_native_state"":null,""payload"":{""course_id"":""A30"",""edition_id"":""urn:uuid:981f6a22-1980-5906-a410-b659bc69cadd"",""native_id"":""m49437"",""ordinal"":68,""unit_id"":""urn:uuid:cae38853-a1e6-5850-b660-ce6fc2c0350e""},""record_type"":""course_unit_membership"",""recorded_at"":""2026-09-07T00:00:00Z"",""semantic_key"":""a30:membership:m49437""}"
tables/course_unit_memberships.jsonl,37,urn:uuid:e197e5ab-4b79-52ab-b9e3-ba13371d9491,course_unit_membership,"{""dataset_id"":""urn:uuid:661831b3-5b74-549b-be92-b84ce5992a88"",""id"":""urn:uuid:e197e5ab-4b79-52ab-b9e3-ba13371d9491"",""normalized_state"":""candidate"",""owner_authority_id"":""urn:uuid:2c0d398e-59cd-57ca-9674-8120edd7d69c"",""owner_native_state"":null,""payload"":{""course_id"":""A30"",""edition_id"":""urn:uuid:981f6a22-1980-5906-a410-b659bc69cadd"",""native_id"":""m49386"",""ordinal"":39,""unit_id"":""urn:uuid:caa0b6e9-12d3-59d0-9bc2-0748b9a86947""},""record_type"":""course_unit_membership"",""recorded_at"":""2026-09-07T00:00:00Z"",""semantic_key"":""a30:membership:m49386""}"
tables/course_unit_memberships.jsonl,28,urn:uuid:e4c53091-2996-56bf-ab2b-a41d88c8b212,course_unit_membership,"{""dataset_id"":""urn:uuid:661831b3-5b74-549b-be92-b84ce5992a88"",""id"":""urn:uuid:e4c53091-2996-56bf-ab2b-a41d88c8b212"",""normalized_state"":""candidate"",""owner_authority_id"":""urn:uuid:2c0d398e-59cd-57ca-9674-8120edd7d69c"",""owner_native_state"":null,""payload"":{""course_id"":""A30"",""edition_id"":""urn:uuid:981f6a22-1980-5906-a410-b659bc69cadd"",""native_id"":""m49365"",""ordinal"":30,""unit_id"":""urn:uuid:62698e31-22cf-5c53-9d05-e729554524a8""},""record_type"":""course_unit_membership"",""recorded_at"":""2026-09-07T00:00:00Z"",""semantic_key"":""a30:membership:m49365""}"
tables/course_unit_memberships.jsonl,69,urn:uuid:f33eae7c-85a7-5f66-ad38-f749c9a4d10a,course_unit_membership,"{""dataset_id"":""urn:uuid:661831b3-5b74-549b-be92-b84ce5992a88"",""id"":""urn:uuid:f33eae7c-85a7-5f66-ad38-f749c9a4d10a"",""normalized_state"":""candidate"",""owner_authority_id"":""urn:uuid:2c0d398e-59cd-57ca-9674-8120edd7d69c"",""owner_native_state"":null,""payload"":{""course_id"":""A30"",""edition_id"":""urn:uuid:981f6a22-1980-5906-a410-b659bc69cadd"",""native_id"":""m49440"",""ordinal"":71,""unit_id"":""urn:uuid:e2f480d1-5891-5627-8ec8-0c0c898d1eae""},""record_type"":""course_unit_membership"",""recorded_at"":""2026-09-07T00:00:00Z"",""semantic_key"":""a30:membership:m49440""}"
tables/course_unit_memberships.jsonl,10,urn:uuid:f4e51abb-799f-559f-b84c-fd26ef3c5f09,course_unit_membership,"{""dataset_id"":""urn:uuid:661831b3-5b74-549b-be92-b84ce5992a88"",""id"":""urn:uuid:f4e51abb-799f-559f-b84c-fd26ef3c5f09"",""normalized_state"":""candidate"",""owner_authority_id"":""urn:uuid:2c0d398e-59cd-57ca-9674-8120edd7d69c"",""owner_native_state"":null,""payload"":{""course_id"":""A30"",""edition_id"":""urn:uuid:981f6a22-1980-5906-a410-b659bc69cadd"",""native_id"":""m49324"",""ordinal"":11,""unit_id"":""urn:uuid:4113cbee-2d8d-5844-8304-4ca58366b639""},""record_type"":""course_unit_membership"",""recorded_at"":""2026-09-07T00:00:00Z"",""semantic_key"":""a30:membership:m49324""}"
tables/course_unit_memberships.jsonl,38,urn:uuid:f989e253-a8ec-5f57-ad73-cb05a82d11b5,course_unit_membership,"{""dataset_id"":""urn:uuid:661831b3-5b74-549b-be92-b84ce5992a88"",""id"":""urn:uuid:f989e253-a8ec-5f57-ad73-cb05a82d11b5"",""normalized_state"":""candidate"",""owner_authority_id"":""urn:uuid:2c0d398e-59cd-57ca-9674-8120edd7d69c"",""owner_native_state"":null,""payload"":{""course_id"":""A30"",""edition_id"":""urn:uuid:981f6a22-1980-5906-a410-b659bc69cadd"",""native_id"":""m49387"",""ordinal"":40,""unit_id"":""urn:uuid:36e75bb7-7902-5d63-a7a1-bb5a1d16e520""},""record_type"":""course_unit_membership"",""recorded_at"":""2026-09-07T00:00:00Z"",""semantic_key"":""a30:membership:m49387""}"
tables/course_unit_memberships.jsonl,53,urn:uuid:fc933d3e-e615-5631-810f-34bcd0f28d45,course_unit_membership,"{""dataset_id"":""urn:uuid:661831b3-5b74-549b-be92-b84ce5992a88"",""id"":""urn:uuid:fc933d3e-e615-5631-810f-34bcd0f28d45"",""normalized_state"":""candidate"",""owner_authority_id"":""urn:uuid:2c0d398e-59cd-57ca-9674-8120edd7d69c"",""owner_native_state"":null,""payload"":{""course_id"":""A30"",""edition_id"":""urn:uuid:981f6a22-1980-5906-a410-b659bc69cadd"",""native_id"":""m49408"",""ordinal"":55,""unit_id"":""urn:uuid:91de9788-1651-5a29-bb78-02a3a3577e7e""},""record_type"":""course_unit_membership"",""recorded_at"":""2026-09-07T00:00:00Z"",""semantic_key"":""a30:membership:m49408""}"
tables/course_unit_memberships.jsonl,77,urn:uuid:fe4f0e80-fcaa-5dd3-a3fe-37d1460ca6aa,course_unit_membership,"{""dataset_id"":""urn:uuid:661831b3-5b74-549b-be92-b84ce5992a88"",""id"":""urn:uuid:fe4f0e80-fcaa-5dd3-a3fe-37d1460ca6aa"",""normalized_state"":""candidate"",""owner_authority_id"":""urn:uuid:2c0d398e-59cd-57ca-9674-8120edd7d69c"",""owner_native_state"":null,""payload"":{""course_id"":""A30"",""edition_id"":""urn:uuid:981f6a22-1980-5906-a410-b659bc69cadd"",""native_id"":""m49448"",""ordinal"":79,""unit_id"":""urn:uuid:ab2ae219-f335-5771-a732-a5cf80ffbe2a""},""record_type"":""course_unit_membership"",""recorded_at"":""2026-09-07T00:00:00Z"",""semantic_key"":""a30:membership:m49448""}"
tables/course_unit_memberships.jsonl,25,urn:uuid:ffa27939-6dff-565e-868c-8728ceb556c2,course_unit_membership,"{""dataset_id"":""urn:uuid:661831b3-5b74-549b-be92-b84ce5992a88"",""id"":""urn:uuid:ffa27939-6dff-565e-868c-8728ceb556c2"",""normalized_state"":""candidate"",""owner_authority_id"":""urn:uuid:2c0d398e-59cd-57ca-9674-8120edd7d69c"",""owner_native_state"":null,""payload"":{""course_id"":""A30"",""edition_id"":""urn:uuid:981f6a22-1980-5906-a410-b659bc69cadd"",""native_id"":""m49362"",""ordinal"":27,""unit_id"":""urn:uuid:a3a0dd2c-e105-55a5-a564-8de1e0a4c558""},""record_type"":""course_unit_membership"",""recorded_at"":""2026-09-07T00:00:00Z"",""semantic_key"":""a30:membership:m49362""}"
tables/datasets.jsonl,1,urn:uuid:661831b3-5b74-549b-be92-b84ce5992a88,dataset,"{""dataset_id"":""urn:uuid:661831b3-5b74-549b-be92-b84ce5992a88"",""id"":""urn:uuid:661831b3-5b74-549b-be92-b84ce5992a88"",""normalized_state"":""candidate"",""owner_authority_id"":""urn:uuid:2c0d398e-59cd-57ca-9674-8120edd7d69c"",""owner_native_state"":null,""payload"":{""course_id"":""A30"",""curriculum_role_id"":""A30"",""edition_id"":""urn:uuid:981f6a22-1980-5906-a410-b659bc69cadd"",""owner_authority_id"":""urn:uuid:2c0d398e-59cd-57ca-9674-8120edd7d69c"",""title"":""Prakalkulus dan Trigonometri""},""record_type"":""dataset"",""recorded_at"":""2026-09-07T00:00:00Z"",""semantic_key"":""a30:precalculus-2e:id-ID:v1""}"
tables/editions.jsonl,1,urn:uuid:981f6a22-1980-5906-a410-b659bc69cadd,edition,"{""dataset_id"":""urn:uuid:661831b3-5b74-549b-be92-b84ce5992a88"",""id"":""urn:uuid:981f6a22-1980-5906-a410-b659bc69cadd"",""normalized_state"":""candidate"",""owner_authority_id"":""urn:uuid:2c0d398e-59cd-57ca-9674-8120edd7d69c"",""owner_native_state"":null,""payload"":{""authority_facts"":[{""bytes"":256213,""path"":""00_control/CURRENT_CURSOR.json"",""path_base"":""owner_package_root"",""role"":""owner_control"",""sha256"":""054d56e97c6d5828c0a1d7fa81d6a746accaf3e21acbcd70d3b442a6c2e5d60c""},{""bytes"":11307,""path"":""qa/FULL87_BACKEND_RELEASE_ADAPTER_V3_FINAL_SOURCE_20260904_G.json"",""path_base"":""owner_package_root"",""role"":""release_adapter_qa"",""sha256"":""4052a88d349a8798a02b54c4b271c8967e4e9d3e29d77971deb71b41126bb8c3""}],""dataset_id"":""urn:uuid:661831b3-5b74-549b-be92-b84ce5992a88"",""edition_label"":""unversioned"",""source_format"":""OpenStax CNXML + localized CNXML""},""record_type"":""edition"",""recorded_at"":""2026-09-07T00:00:00Z"",""semantic_key"":""a30:edition""}"
tables/identity_crosswalks.jsonl,81,urn:uuid:01301bbd-5c19-51af-b198-ca88b227b792,identity_crosswalk,"{""dataset_id"":""urn:uuid:661831b3-5b74-549b-be92-b84ce5992a88"",""id"":""urn:uuid:01301bbd-5c19-51af-b198-ca88b227b792"",""normalized_state"":""candidate"",""owner_authority_id"":""urn:uuid:2c0d398e-59cd-57ca-9674-8120edd7d69c"",""owner_native_state"":null,""payload"":{""cardinality"":""one_to_one"",""mapping_state"":""mapped"",""reverse_recipe"":""lookup payload.native_id"",""source_namespace"":""openstax-precalculus-2e/id-ID"",""source_record_id"":""m49452"",""source_record_type"":""native_unit"",""target_namespace"":""7790e70a-ae6d-5cf3-b7f5-c53d7d4c0fbd"",""target_record_id"":""urn:uuid:c60088ce-1ba6-5867-82c2-e7dfe943dd61"",""target_record_type"":""unit""},""record_type"":""identity_crosswalk"",""recorded_at"":""2026-09-07T00:00:00Z"",""semantic_key"":""a30:crosswalk:m49452""}"
tables/identity_crosswalks.jsonl,76,urn:uuid:018ddecd-247f-5be2-8e2d-b6a53871a8f0,identity_crosswalk,"{""dataset_id"":""urn:uuid:661831b3-5b74-549b-be92-b84ce5992a88"",""id"":""urn:uuid:018ddecd-247f-5be2-8e2d-b6a53871a8f0"",""normalized_state"":""candidate"",""owner_authority_id"":""urn:uuid:2c0d398e-59cd-57ca-9674-8120edd7d69c"",""owner_native_state"":null,""payload"":{""cardinality"":""one_to_one"",""mapping_state"":""mapped"",""reverse_recipe"":""lookup payload.native_id"",""source_namespace"":""openstax-precalculus-2e/id-ID"",""source_record_id"":""m49447"",""source_record_type"":""native_unit"",""target_namespace"":""7790e70a-ae6d-5cf3-b7f5-c53d7d4c0fbd"",""target_record_id"":""urn:uuid:9839041a-97b0-588e-a9a7-593d06f5b8fd"",""target_record_type"":""unit""},""record_type"":""identity_crosswalk"",""recorded_at"":""2026-09-07T00:00:00Z"",""semantic_key"":""a30:crosswalk:m49447""}"
tables/identity_crosswalks.jsonl,75,urn:uuid:06b2b24d-78ff-557b-a534-a986598e7e1f,identity_crosswalk,"{""dataset_id"":""urn:uuid:661831b3-5b74-549b-be92-b84ce5992a88"",""id"":""urn:uuid:06b2b24d-78ff-557b-a534-a986598e7e1f"",""normalized_state"":""candidate"",""owner_authority_id"":""urn:uuid:2c0d398e-59cd-57ca-9674-8120edd7d69c"",""owner_native_state"":null,""payload"":{""cardinality"":""one_to_one"",""mapping_state"":""mapped"",""reverse_recipe"":""lookup payload.native_id"",""source_namespace"":""openstax-precalculus-2e/id-ID"",""source_record_id"":""m49446"",""source_record_type"":""native_unit"",""target_namespace"":""7790e70a-ae6d-5cf3-b7f5-c53d7d4c0fbd"",""target_record_id"":""urn:uuid:2bd5567f-eae9-5251-a5a8-be9d0cff94da"",""target_record_type"":""unit""},""record_type"":""identity_crosswalk"",""recorded_at"":""2026-09-07T00:00:00Z"",""semantic_key"":""a30:crosswalk:m49446""}"
tables/identity_crosswalks.jsonl,43,urn:uuid:08840fa5-64f4-5b6e-a67d-b317ae8c5c65,identity_crosswalk,"{""dataset_id"":""urn:uuid:661831b3-5b74-549b-be92-b84ce5992a88"",""id"":""urn:uuid:08840fa5-64f4-5b6e-a67d-b317ae8c5c65"",""normalized_state"":""candidate"",""owner_authority_id"":""urn:uuid:2c0d398e-59cd-57ca-9674-8120edd7d69c"",""owner_native_state"":null,""payload"":{""cardinality"":""one_to_one"",""mapping_state"":""mapped"",""reverse_recipe"":""lookup payload.native_id"",""source_namespace"":""openstax-precalculus-2e/id-ID"",""source_record_id"":""m49395"",""source_record_type"":""native_unit"",""target_namespace"":""7790e70a-ae6d-5cf3-b7f5-c53d7d4c0fbd"",""target_record_id"":""urn:uuid:a68b3de9-b891-5290-b5ab-121d49a41408"",""target_record_type"":""unit""},""record_type"":""identity_crosswalk"",""recorded_at"":""2026-09-07T00:00:00Z"",""semantic_key"":""a30:crosswalk:m49395""}"
tables/identity_crosswalks.jsonl,84,urn:uuid:0d57a183-8ff4-5cbf-80fc-5ac057f48c22,identity_crosswalk,"{""dataset_id"":""urn:uuid:661831b3-5b74-549b-be92-b84ce5992a88"",""id"":""urn:uuid:0d57a183-8ff4-5cbf-80fc-5ac057f48c22"",""normalized_state"":""candidate"",""owner_authority_id"":""urn:uuid:2c0d398e-59cd-57ca-9674-8120edd7d69c"",""owner_native_state"":null,""payload"":{""cardinality"":""one_to_one"",""mapping_state"":""mapped"",""reverse_recipe"":""lookup payload.native_id"",""source_namespace"":""openstax-precalculus-2e/id-ID"",""source_record_id"":""m49455"",""source_record_type"":""native_unit"",""target_namespace"":""7790e70a-ae6d-5cf3-b7f5-c53d7d4c0fbd"",""target_record_id"":""urn:uuid:ef5a11f6-b7b3-5488-8b5e-ec74167fc4d2"",""target_record_type"":""unit""},""record_type"":""identity_crosswalk"",""recorded_at"":""2026-09-07T00:00:00Z"",""semantic_key"":""a30:crosswalk:m49455""}"
tables/identity_crosswalks.jsonl,22,urn:uuid:0f34e3f2-a146-55cd-8a3d-d4db9b4af86f,identity_crosswalk,"{""dataset_id"":""urn:uuid:661831b3-5b74-549b-be92-b84ce5992a88"",""id"":""urn:uuid:0f34e3f2-a146-55cd-8a3d-d4db9b4af86f"",""normalized_state"":""candidate"",""owner_authority_id"":""urn:uuid:2c0d398e-59cd-57ca-9674-8120edd7d69c"",""owner_native_state"":null,""payload"":{""cardinality"":""one_to_one"",""mapping_state"":""mapped"",""reverse_recipe"":""lookup payload.native_id"",""source_namespace"":""openstax-precalculus-2e/id-ID"",""source_record_id"":""m49353"",""source_record_type"":""native_unit"",""target_namespace"":""7790e70a-ae6d-5cf3-b7f5-c53d7d4c0fbd"",""target_record_id"":""urn:uuid:b7ae61b0-f094-56d0-911f-745da1aad6d5"",""target_record_type"":""unit""},""record_type"":""identity_crosswalk"",""recorded_at"":""2026-09-07T00:00:00Z"",""semantic_key"":""a30:crosswalk:m49353""}"
tables/identity_crosswalks.jsonl,68,urn:uuid:106c7455-0d8d-5164-af7c-0003aa05b460,identity_crosswalk,"{""dataset_id"":""urn:uuid:661831b3-5b74-549b-be92-b84ce5992a88"",""id"":""urn:uuid:106c7455-0d8d-5164-af7c-0003aa05b460"",""normalized_state"":""candidate"",""owner_authority_id"":""urn:uuid:2c0d398e-59cd-57ca-9674-8120edd7d69c"",""owner_native_state"":null,""payload"":{""cardinality"":""one_to_one"",""mapping_state"":""mapped"",""reverse_recipe"":""lookup payload.native_id"",""source_namespace"":""openstax-precalculus-2e/id-ID"",""source_record_id"":""m49439"",""source_record_type"":""native_unit"",""target_namespace"":""7790e70a-ae6d-5cf3-b7f5-c53d7d4c0fbd"",""target_record_id"":""urn:uuid:5f04c961-8266-59f1-84e4-01aa84ba4431"",""target_record_type"":""unit""},""record_type"":""identity_crosswalk"",""recorded_at"":""2026-09-07T00:00:00Z"",""semantic_key"":""a30:crosswalk:m49439""}"
tables/identity_crosswalks.jsonl,82,urn:uuid:10e18908-a591-5f18-b192-4ad17b7d2a9f,identity_crosswalk,"{""dataset_id"":""urn:uuid:661831b3-5b74-549b-be92-b84ce5992a88"",""id"":""urn:uuid:10e18908-a591-5f18-b192-4ad17b7d2a9f"",""normalized_state"":""candidate"",""owner_authority_id"":""urn:uuid:2c0d398e-59cd-57ca-9674-8120edd7d69c"",""owner_native_state"":null,""payload"":{""cardinality"":""one_to_one"",""mapping_state"":""mapped"",""reverse_recipe"":""lookup payload.native_id"",""source_namespace"":""openstax-precalculus-2e/id-ID"",""source_record_id"":""m49453"",""source_record_type"":""native_unit"",""target_namespace"":""7790e70a-ae6d-5cf3-b7f5-c53d7d4c0fbd"",""target_record_id"":""urn:uuid:f517107a-975a-5ba9-bc44-d5f0cc9a77b8"",""target_record_type"":""unit""},""record_type"":""identity_crosswalk"",""recorded_at"":""2026-09-07T00:00:00Z"",""semantic_key"":""a30:crosswalk:m49453""}"
tables/identity_crosswalks.jsonl,17,urn:uuid:1168db38-b7d4-5d05-a89b-7a7e7393ba5a,identity_crosswalk,"{""dataset_id"":""urn:uuid:661831b3-5b74-549b-be92-b84ce5992a88"",""id"":""urn:uuid:1168db38-b7d4-5d05-a89b-7a7e7393ba5a"",""normalized_state"":""candidate"",""owner_authority_id"":""urn:uuid:2c0d398e-59cd-57ca-9674-8120edd7d69c"",""owner_native_state"":null,""payload"":{""cardinality"":""one_to_one"",""mapping_state"":""mapped"",""reverse_recipe"":""lookup payload.native_id"",""source_namespace"":""openstax-precalculus-2e/id-ID"",""source_record_id"":""m49347"",""source_record_type"":""native_unit"",""target_namespace"":""7790e70a-ae6d-5cf3-b7f5-c53d7d4c0fbd"",""target_record_id"":""urn:uuid:0c36d32c-f8a1-57bd-8101-cc92b303be62"",""target_record_type"":""unit""},""record_type"":""identity_crosswalk"",""recorded_at"":""2026-09-07T00:00:00Z"",""semantic_key"":""a30:crosswalk:m49347""}"
tables/identity_crosswalks.jsonl,27,urn:uuid:16e33e18-267b-59f5-97bc-6ffd8f85da00,identity_crosswalk,"{""dataset_id"":""urn:uuid:661831b3-5b74-549b-be92-b84ce5992a88"",""id"":""urn:uuid:16e33e18-267b-59f5-97bc-6ffd8f85da00"",""normalized_state"":""candidate"",""owner_authority_id"":""urn:uuid:2c0d398e-59cd-57ca-9674-8120edd7d69c"",""owner_native_state"":null,""payload"":{""cardinality"":""one_to_one"",""mapping_state"":""mapped"",""reverse_recipe"":""lookup payload.native_id"",""source_namespace"":""openstax-precalculus-2e/id-ID"",""source_record_id"":""m49364"",""source_record_type"":""native_unit"",""target_namespace"":""7790e70a-ae6d-5cf3-b7f5-c53d7d4c0fbd"",""target_record_id"":""urn:uuid:e0ece7ad-8075-567c-bd75-0310c2aaa15e"",""target_record_type"":""unit""},""record_type"":""identity_crosswalk"",""recorded_at"":""2026-09-07T00:00:00Z"",""semantic_key"":""a30:crosswalk:m49364""}"
tables/identity_crosswalks.jsonl,55,urn:uuid:1dd5baec-8dec-5d1e-ab5b-aea979f2528e,identity_crosswalk,"{""dataset_id"":""urn:uuid:661831b3-5b74-549b-be92-b84ce5992a88"",""id"":""urn:uuid:1dd5baec-8dec-5d1e-ab5b-aea979f2528e"",""normalized_state"":""candidate"",""owner_authority_id"":""urn:uuid:2c0d398e-59cd-57ca-9674-8120edd7d69c"",""owner_native_state"":null,""payload"":{""cardinality"":""one_to_one"",""mapping_state"":""mapped"",""reverse_recipe"":""lookup payload.native_id"",""source_namespace"":""openstax-precalculus-2e/id-ID"",""source_record_id"":""m49411"",""source_record_type"":""native_unit"",""target_namespace"":""7790e70a-ae6d-5cf3-b7f5-c53d7d4c0fbd"",""target_record_id"":""urn:uuid:a816627b-5a02-5c26-a792-b1d6c693e66f"",""target_record_type"":""unit""},""record_type"":""identity_crosswalk"",""recorded_at"":""2026-09-07T00:00:00Z"",""semantic_key"":""a30:crosswalk:m49411""}"
tables/identity_crosswalks.jsonl,64,urn:uuid:1f97490f-4575-5ffc-b344-a8b16469b0ec,identity_crosswalk,"{""dataset_id"":""urn:uuid:661831b3-5b74-549b-be92-b84ce5992a88"",""id"":""urn:uuid:1f97490f-4575-5ffc-b344-a8b16469b0ec"",""normalized_state"":""candidate"",""owner_authority_id"":""urn:uuid:2c0d398e-59cd-57ca-9674-8120edd7d69c"",""owner_native_state"":null,""payload"":{""cardinality"":""one_to_one"",""mapping_state"":""mapped"",""reverse_recipe"":""lookup payload.native_id"",""source_namespace"":""openstax-precalculus-2e/id-ID"",""source_record_id"":""m49435"",""source_record_type"":""native_unit"",""target_namespace"":""7790e70a-ae6d-5cf3-b7f5-c53d7d4c0fbd"",""target_record_id"":""urn:uuid:048fcd4e-3715-545e-a8fa-d352e03b67ad"",""target_record_type"":""unit""},""record_type"":""identity_crosswalk"",""recorded_at"":""2026-09-07T00:00:00Z"",""semantic_key"":""a30:crosswalk:m49435""}"
tables/identity_crosswalks.jsonl,2,urn:uuid:253c6712-3273-5cf2-ae0c-04c358429e2c,identity_crosswalk,"{""dataset_id"":""urn:uuid:661831b3-5b74-549b-be92-b84ce5992a88"",""id"":""urn:uuid:253c6712-3273-5cf2-ae0c-04c358429e2c"",""normalized_state"":""candidate"",""owner_authority_id"":""urn:uuid:2c0d398e-59cd-57ca-9674-8120edd7d69c"",""owner_native_state"":null,""payload"":{""cardinality"":""one_to_one"",""mapping_state"":""mapped"",""reverse_recipe"":""lookup payload.native_id"",""source_namespace"":""openstax-precalculus-2e/id-ID"",""source_record_id"":""m49301"",""source_record_type"":""native_unit"",""target_namespace"":""7790e70a-ae6d-5cf3-b7f5-c53d7d4c0fbd"",""target_record_id"":""urn:uuid:ecb2439d-e5ab-516e-ae34-d45f391c55f1"",""target_record_type"":""unit""},""record_type"":""identity_crosswalk"",""recorded_at"":""2026-09-07T00:00:00Z"",""semantic_key"":""a30:crosswalk:m49301""}"
tables/identity_crosswalks.jsonl,20,urn:uuid:266a8db3-8a73-588b-ad4f-0508ddf0101b,identity_crosswalk,"{""dataset_id"":""urn:uuid:661831b3-5b74-549b-be92-b84ce5992a88"",""id"":""urn:uuid:266a8db3-8a73-588b-ad4f-0508ddf0101b"",""normalized_state"":""candidate"",""owner_authority_id"":""urn:uuid:2c0d398e-59cd-57ca-9674-8120edd7d69c"",""owner_native_state"":null,""payload"":{""cardinality"":""one_to_one"",""mapping_state"":""mapped"",""reverse_recipe"":""lookup payload.native_id"",""source_namespace"":""openstax-precalculus-2e/id-ID"",""source_record_id"":""m49351"",""source_record_type"":""native_unit"",""target_namespace"":""7790e70a-ae6d-5cf3-b7f5-c53d7d4c0fbd"",""target_record_id"":""urn:uuid:c77272c9-3e91-59f1-9cc6-23cc2c171bb1"",""target_record_type"":""unit""},""record_type"":""identity_crosswalk"",""recorded_at"":""2026-09-07T00:00:00Z"",""semantic_key"":""a30:crosswalk:m49351""}"
tables/identity_crosswalks.jsonl,69,urn:uuid:296856d1-4eea-5cf3-b5fd-7bb2133684cf,identity_crosswalk,"{""dataset_id"":""urn:uuid:661831b3-5b74-549b-be92-b84ce5992a88"",""id"":""urn:uuid:296856d1-4eea-5cf3-b5fd-7bb2133684cf"",""normalized_state"":""candidate"",""owner_authority_id"":""urn:uuid:2c0d398e-59cd-57ca-9674-8120edd7d69c"",""owner_native_state"":null,""payload"":{""cardinality"":""one_to_one"",""mapping_state"":""mapped"",""reverse_recipe"":""lookup payload.native_id"",""source_namespace"":""openstax-precalculus-2e/id-ID"",""source_record_id"":""m49440"",""source_record_type"":""native_unit"",""target_namespace"":""7790e70a-ae6d-5cf3-b7f5-c53d7d4c0fbd"",""target_record_id"":""urn:uuid:e2f480d1-5891-5627-8ec8-0c0c898d1eae"",""target_record_type"":""unit""},""record_type"":""identity_crosswalk"",""recorded_at"":""2026-09-07T00:00:00Z"",""semantic_key"":""a30:crosswalk:m49440""}"
tables/identity_crosswalks.jsonl,53,urn:uuid:2cc666d1-98d6-553a-b500-a8992b7c7c17,identity_crosswalk,"{""dataset_id"":""urn:uuid:661831b3-5b74-549b-be92-b84ce5992a88"",""id"":""urn:uuid:2cc666d1-98d6-553a-b500-a8992b7c7c17"",""normalized_state"":""candidate"",""owner_authority_id"":""urn:uuid:2c0d398e-59cd-57ca-9674-8120edd7d69c"",""owner_native_state"":null,""payload"":{""cardinality"":""one_to_one"",""mapping_state"":""mapped"",""reverse_recipe"":""lookup payload.native_id"",""source_namespace"":""openstax-precalculus-2e/id-ID"",""source_record_id"":""m49408"",""source_record_type"":""native_unit"",""target_namespace"":""7790e70a-ae6d-5cf3-b7f5-c53d7d4c0fbd"",""target_record_id"":""urn:uuid:91de9788-1651-5a29-bb78-02a3a3577e7e"",""target_record_type"":""unit""},""record_type"":""identity_crosswalk"",""recorded_at"":""2026-09-07T00:00:00Z"",""semantic_key"":""a30:crosswalk:m49408""}"
tables/identity_crosswalks.jsonl,59,urn:uuid:2d0e04eb-7a75-5d7a-ba0a-e664295ed804,identity_crosswalk,"{""dataset_id"":""urn:uuid:661831b3-5b74-549b-be92-b84ce5992a88"",""id"":""urn:uuid:2d0e04eb-7a75-5d7a-ba0a-e664295ed804"",""normalized_state"":""candidate"",""owner_authority_id"":""urn:uuid:2c0d398e-59cd-57ca-9674-8120edd7d69c"",""owner_native_state"":null,""payload"":{""cardinality"":""one_to_one"",""mapping_state"":""mapped"",""reverse_recipe"":""lookup payload.native_id"",""source_namespace"":""openstax-precalculus-2e/id-ID"",""source_record_id"":""m49420"",""source_record_type"":""native_unit"",""target_namespace"":""7790e70a-ae6d-5cf3-b7f5-c53d7d4c0fbd"",""target_record_id"":""urn:uuid:b0084aee-fd2f-598a-a080-68ab1f5599fb"",""target_record_type"":""unit""},""record_type"":""identity_crosswalk"",""recorded_at"":""2026-09-07T00:00:00Z"",""semantic_key"":""a30:crosswalk:m49420""}"
tables/identity_crosswalks.jsonl,72,urn:uuid:2e7ce538-ab63-518a-893f-5b3624711906,identity_crosswalk,"{""dataset_id"":""urn:uuid:661831b3-5b74-549b-be92-b84ce5992a88"",""id"":""urn:uuid:2e7ce538-ab63-518a-893f-5b3624711906"",""normalized_state"":""candidate"",""owner_authority_id"":""urn:uuid:2c0d398e-59cd-57ca-9674-8120edd7d69c"",""owner_native_state"":null,""payload"":{""cardinality"":""one_to_one"",""mapping_state"":""mapped"",""reverse_recipe"":""lookup payload.native_id"",""source_namespace"":""openstax-precalculus-2e/id-ID"",""source_record_id"":""m49443"",""source_record_type"":""native_unit"",""target_namespace"":""7790e70a-ae6d-5cf3-b7f5-c53d7d4c0fbd"",""target_record_id"":""urn:uuid:3d174fe0-4210-5293-80f3-a395b864a336"",""target_record_type"":""unit""},""record_type"":""identity_crosswalk"",""recorded_at"":""2026-09-07T00:00:00Z"",""semantic_key"":""a30:crosswalk:m49443""}"
tables/identity_crosswalks.jsonl,10,urn:uuid:2ff855f4-519a-5dfa-9f72-b8a3f70dd5c9,identity_crosswalk,"{""dataset_id"":""urn:uuid:661831b3-5b74-549b-be92-b84ce5992a88"",""id"":""urn:uuid:2ff855f4-519a-5dfa-9f72-b8a3f70dd5c9"",""normalized_state"":""candidate"",""owner_authority_id"":""urn:uuid:2c0d398e-59cd-57ca-9674-8120edd7d69c"",""owner_native_state"":null,""payload"":{""cardinality"":""one_to_one"",""mapping_state"":""mapped"",""reverse_recipe"":""lookup payload.native_id"",""source_namespace"":""openstax-precalculus-2e/id-ID"",""source_record_id"":""m49324"",""source_record_type"":""native_unit"",""target_namespace"":""7790e70a-ae6d-5cf3-b7f5-c53d7d4c0fbd"",""target_record_id"":""urn:uuid:4113cbee-2d8d-5844-8304-4ca58366b639"",""target_record_type"":""unit""},""record_type"":""identity_crosswalk"",""recorded_at"":""2026-09-07T00:00:00Z"",""semantic_key"":""a30:crosswalk:m49324""}"
tables/identity_crosswalks.jsonl,74,urn:uuid:32f1d62f-d8fc-53f2-aa57-5d009c587900,identity_crosswalk,"{""dataset_id"":""urn:uuid:661831b3-5b74-549b-be92-b84ce5992a88"",""id"":""urn:uuid:32f1d62f-d8fc-53f2-aa57-5d009c587900"",""normalized_state"":""candidate"",""owner_authority_id"":""urn:uuid:2c0d398e-59cd-57ca-9674-8120edd7d69c"",""owner_native_state"":null,""payload"":{""cardinality"":""one_to_one"",""mapping_state"":""mapped"",""reverse_recipe"":""lookup payload.native_id"",""source_namespace"":""openstax-precalculus-2e/id-ID"",""source_record_id"":""m49445"",""source_record_type"":""native_unit"",""target_namespace"":""7790e70a-ae6d-5cf3-b7f5-c53d7d4c0fbd"",""target_record_id"":""urn:uuid:35f9afc5-a98f-5b38-92fe-b469abc67eb2"",""target_record_type"":""unit""},""record_type"":""identity_crosswalk"",""recorded_at"":""2026-09-07T00:00:00Z"",""semantic_key"":""a30:crosswalk:m49445""}"
tables/identity_crosswalks.jsonl,77,urn:uuid:3332fd5f-d511-5da0-95a6-03b164d6fca0,identity_crosswalk,"{""dataset_id"":""urn:uuid:661831b3-5b74-549b-be92-b84ce5992a88"",""id"":""urn:uuid:3332fd5f-d511-5da0-95a6-03b164d6fca0"",""normalized_state"":""candidate"",""owner_authority_id"":""urn:uuid:2c0d398e-59cd-57ca-9674-8120edd7d69c"",""owner_native_state"":null,""payload"":{""cardinality"":""one_to_one"",""mapping_state"":""mapped"",""reverse_recipe"":""lookup payload.native_id"",""source_namespace"":""openstax-precalculus-2e/id-ID"",""source_record_id"":""m49448"",""source_record_type"":""native_unit"",""target_namespace"":""7790e70a-ae6d-5cf3-b7f5-c53d7d4c0fbd"",""target_record_id"":""urn:uuid:ab2ae219-f335-5771-a732-a5cf80ffbe2a"",""target_record_type"":""unit""},""record_type"":""identity_crosswalk"",""recorded_at"":""2026-09-07T00:00:00Z"",""semantic_key"":""a30:crosswalk:m49448""}"
tables/identity_crosswalks.jsonl,35,urn:uuid:3417975e-fb7a-5729-bfb5-0ed5c07489ff,identity_crosswalk,"{""dataset_id"":""urn:uuid:661831b3-5b74-549b-be92-b84ce5992a88"",""id"":""urn:uuid:3417975e-fb7a-5729-bfb5-0ed5c07489ff"",""normalized_state"":""candidate"",""owner_authority_id"":""urn:uuid:2c0d398e-59cd-57ca-9674-8120edd7d69c"",""owner_native_state"":null,""payload"":{""cardinality"":""one_to_one"",""mapping_state"":""mapped"",""reverse_recipe"":""lookup payload.native_id"",""source_namespace"":""openstax-precalculus-2e/id-ID"",""source_record_id"":""m49374"",""source_record_type"":""native_unit"",""target_namespace"":""7790e70a-ae6d-5cf3-b7f5-c53d7d4c0fbd"",""target_record_id"":""urn:uuid:57746624-df8f-5cc0-a84c-00212cf95831"",""target_record_type"":""unit""},""record_type"":""identity_crosswalk"",""recorded_at"":""2026-09-07T00:00:00Z"",""semantic_key"":""a30:crosswalk:m49374""}"
tables/identity_crosswalks.jsonl,37,urn:uuid:3485fe33-8391-56b8-b16f-4ad00c40b653,identity_crosswalk,"{""dataset_id"":""urn:uuid:661831b3-5b74-549b-be92-b84ce5992a88"",""id"":""urn:uuid:3485fe33-8391-56b8-b16f-4ad00c40b653"",""normalized_state"":""candidate"",""owner_authority_id"":""urn:uuid:2c0d398e-59cd-57ca-9674-8120edd7d69c"",""owner_native_state"":null,""payload"":{""cardinality"":""one_to_one"",""mapping_state"":""mapped"",""reverse_recipe"":""lookup payload.native_id"",""source_namespace"":""openstax-precalculus-2e/id-ID"",""source_record_id"":""m49386"",""source_record_type"":""native_unit"",""target_namespace"":""7790e70a-ae6d-5cf3-b7f5-c53d7d4c0fbd"",""target_record_id"":""urn:uuid:caa0b6e9-12d3-59d0-9bc2-0748b9a86947"",""target_record_type"":""unit""},""record_type"":""identity_crosswalk"",""recorded_at"":""2026-09-07T00:00:00Z"",""semantic_key"":""a30:crosswalk:m49386""}"
tables/identity_crosswalks.jsonl,45,urn:uuid:39f598fd-0541-514f-852e-1b5d66027daf,identity_crosswalk,"{""dataset_id"":""urn:uuid:661831b3-5b74-549b-be92-b84ce5992a88"",""id"":""urn:uuid:39f598fd-0541-514f-852e-1b5d66027daf"",""normalized_state"":""candidate"",""owner_authority_id"":""urn:uuid:2c0d398e-59cd-57ca-9674-8120edd7d69c"",""owner_native_state"":null,""payload"":{""cardinality"":""one_to_one"",""mapping_state"":""mapped"",""reverse_recipe"":""lookup payload.native_id"",""source_namespace"":""openstax-precalculus-2e/id-ID"",""source_record_id"":""m49397"",""source_record_type"":""native_unit"",""target_namespace"":""7790e70a-ae6d-5cf3-b7f5-c53d7d4c0fbd"",""target_record_id"":""urn:uuid:944e0489-909b-5e2d-8142-ab0febc3a44d"",""target_record_type"":""unit""},""record_type"":""identity_crosswalk"",""recorded_at"":""2026-09-07T00:00:00Z"",""semantic_key"":""a30:crosswalk:m49397""}"
tables/identity_crosswalks.jsonl,44,urn:uuid:3bfcfdd8-557a-5418-b731-f1a9dcc10432,identity_crosswalk,"{""dataset_id"":""urn:uuid:661831b3-5b74-549b-be92-b84ce5992a88"",""id"":""urn:uuid:3bfcfdd8-557a-5418-b731-f1a9dcc10432"",""normalized_state"":""candidate"",""owner_authority_id"":""urn:uuid:2c0d398e-59cd-57ca-9674-8120edd7d69c"",""owner_native_state"":null,""payload"":{""cardinality"":""one_to_one"",""mapping_state"":""mapped"",""reverse_recipe"":""lookup payload.native_id"",""source_namespace"":""openstax-precalculus-2e/id-ID"",""source_record_id"":""m49396"",""source_record_type"":""native_unit"",""target_namespace"":""7790e70a-ae6d-5cf3-b7f5-c53d7d4c0fbd"",""target_record_id"":""urn:uuid:0538843b-ce40-596b-b69e-fc9500682381"",""target_record_type"":""unit""},""record_type"":""identity_crosswalk"",""recorded_at"":""2026-09-07T00:00:00Z"",""semantic_key"":""a30:crosswalk:m49396""}"
tables/identity_crosswalks.jsonl,51,urn:uuid:3ef7e730-833f-579b-9f33-58a7bf62f004,identity_crosswalk,"{""dataset_id"":""urn:uuid:661831b3-5b74-549b-be92-b84ce5992a88"",""id"":""urn:uuid:3ef7e730-833f-579b-9f33-58a7bf62f004"",""normalized_state"":""candidate"",""owner_authority_id"":""urn:uuid:2c0d398e-59cd-57ca-9674-8120edd7d69c"",""owner_native_state"":null,""payload"":{""cardinality"":""one_to_one"",""mapping_state"":""mapped"",""reverse_recipe"":""lookup payload.native_id"",""source_namespace"":""openstax-precalculus-2e/id-ID"",""source_record_id"":""m49406"",""source_record_type"":""native_unit"",""target_namespace"":""7790e70a-ae6d-5cf3-b7f5-c53d7d4c0fbd"",""target_record_id"":""urn:uuid:76de6819-084b-5f51-a9e6-47b6df2adbcd"",""target_record_type"":""unit""},""record_type"":""identity_crosswalk"",""recorded_at"":""2026-09-07T00:00:00Z"",""semantic_key"":""a30:crosswalk:m49406""}"
tables/identity_crosswalks.jsonl,39,urn:uuid:420e9c77-a96c-51dc-90e5-a280116b9c13,identity_crosswalk,"{""dataset_id"":""urn:uuid:661831b3-5b74-549b-be92-b84ce5992a88"",""id"":""urn:uuid:420e9c77-a96c-51dc-90e5-a280116b9c13"",""normalized_state"":""candidate"",""owner_authority_id"":""urn:uuid:2c0d398e-59cd-57ca-9674-8120edd7d69c"",""owner_native_state"":null,""payload"":{""cardinality"":""one_to_one"",""mapping_state"":""mapped"",""reverse_recipe"":""lookup payload.native_id"",""source_namespace"":""openstax-precalculus-2e/id-ID"",""source_record_id"":""m49389"",""source_record_type"":""native_unit"",""target_namespace"":""7790e70a-ae6d-5cf3-b7f5-c53d7d4c0fbd"",""target_record_id"":""urn:uuid:98b7fff5-0c6a-5d86-9fde-7759ce72e03c"",""target_record_type"":""unit""},""record_type"":""identity_crosswalk"",""recorded_at"":""2026-09-07T00:00:00Z"",""semantic_key"":""a30:crosswalk:m49389""}"
tables/identity_crosswalks.jsonl,24,urn:uuid:466ff667-dd3c-57f6-8712-c9dfd7c74549,identity_crosswalk,"{""dataset_id"":""urn:uuid:661831b3-5b74-549b-be92-b84ce5992a88"",""id"":""urn:uuid:466ff667-dd3c-57f6-8712-c9dfd7c74549"",""normalized_state"":""candidate"",""owner_authority_id"":""urn:uuid:2c0d398e-59cd-57ca-9674-8120edd7d69c"",""owner_native_state"":null,""payload"":{""cardinality"":""one_to_one"",""mapping_state"":""mapped"",""reverse_recipe"":""lookup payload.native_id"",""source_namespace"":""openstax-precalculus-2e/id-ID"",""source_record_id"":""m49361"",""source_record_type"":""native_unit"",""target_namespace"":""7790e70a-ae6d-5cf3-b7f5-c53d7d4c0fbd"",""target_record_id"":""urn:uuid:e0e0f597-8cd3-58b1-a1e4-7ced441023be"",""target_record_type"":""unit""},""record_type"":""identity_crosswalk"",""recorded_at"":""2026-09-07T00:00:00Z"",""semantic_key"":""a30:crosswalk:m49361""}"
tables/identity_crosswalks.jsonl,41,urn:uuid:4d3a6d52-6a44-5fbd-b614-4e63a25f25f2,identity_crosswalk,"{""dataset_id"":""urn:uuid:661831b3-5b74-549b-be92-b84ce5992a88"",""id"":""urn:uuid:4d3a6d52-6a44-5fbd-b614-4e63a25f25f2"",""normalized_state"":""candidate"",""owner_authority_id"":""urn:uuid:2c0d398e-59cd-57ca-9674-8120edd7d69c"",""owner_native_state"":null,""payload"":{""cardinality"":""one_to_one"",""mapping_state"":""mapped"",""reverse_recipe"":""lookup payload.native_id"",""source_namespace"":""openstax-precalculus-2e/id-ID"",""source_record_id"":""m49392"",""source_record_type"":""native_unit"",""target_namespace"":""7790e70a-ae6d-5cf3-b7f5-c53d7d4c0fbd"",""target_record_id"":""urn:uuid:85c1e7a1-a27b-5a59-aa61-302b5368bac7"",""target_record_type"":""unit""},""record_type"":""identity_crosswalk"",""recorded_at"":""2026-09-07T00:00:00Z"",""semantic_key"":""a30:crosswalk:m49392""}"
tables/identity_crosswalks.jsonl,3,urn:uuid:4f326864-3859-5704-8cc1-9937996daad8,identity_crosswalk,"{""dataset_id"":""urn:uuid:661831b3-5b74-549b-be92-b84ce5992a88"",""id"":""urn:uuid:4f326864-3859-5704-8cc1-9937996daad8"",""normalized_state"":""candidate"",""owner_authority_id"":""urn:uuid:2c0d398e-59cd-57ca-9674-8120edd7d69c"",""owner_native_state"":null,""payload"":{""cardinality"":""one_to_one"",""mapping_state"":""mapped"",""reverse_recipe"":""lookup payload.native_id"",""source_namespace"":""openstax-precalculus-2e/id-ID"",""source_record_id"":""m49304"",""source_record_type"":""native_unit"",""target_namespace"":""7790e70a-ae6d-5cf3-b7f5-c53d7d4c0fbd"",""target_record_id"":""urn:uuid:06530420-722c-53e9-8940-c5ee9f24a56e"",""target_record_type"":""unit""},""record_type"":""identity_crosswalk"",""recorded_at"":""2026-09-07T00:00:00Z"",""semantic_key"":""a30:crosswalk:m49304""}"
tables/identity_crosswalks.jsonl,62,urn:uuid:4f452fe1-7b06-5d74-84ad-a252b23121fe,identity_crosswalk,"{""dataset_id"":""urn:uuid:661831b3-5b74-549b-be92-b84ce5992a88"",""id"":""urn:uuid:4f452fe1-7b06-5d74-84ad-a252b23121fe"",""normalized_state"":""candidate"",""owner_authority_id"":""urn:uuid:2c0d398e-59cd-57ca-9674-8120edd7d69c"",""owner_native_state"":null,""payload"":{""cardinality"":""one_to_one"",""mapping_state"":""mapped"",""reverse_recipe"":""lookup payload.native_id"",""source_namespace"":""openstax-precalculus-2e/id-ID"",""source_record_id"":""m49433"",""source_record_type"":""native_unit"",""target_namespace"":""7790e70a-ae6d-5cf3-b7f5-c53d7d4c0fbd"",""target_record_id"":""urn:uuid:b46f4834-5e91-57da-9de4-af070c4724b3"",""target_record_type"":""unit""},""record_type"":""identity_crosswalk"",""recorded_at"":""2026-09-07T00:00:00Z"",""semantic_key"":""a30:crosswalk:m49433""}"
tables/identity_crosswalks.jsonl,23,urn:uuid:528fb95a-1f15-57aa-98f5-49fcf8aae52c,identity_crosswalk,"{""dataset_id"":""urn:uuid:661831b3-5b74-549b-be92-b84ce5992a88"",""id"":""urn:uuid:528fb95a-1f15-57aa-98f5-49fcf8aae52c"",""normalized_state"":""candidate"",""owner_authority_id"":""urn:uuid:2c0d398e-59cd-57ca-9674-8120edd7d69c"",""owner_native_state"":null,""payload"":{""cardinality"":""one_to_one"",""mapping_state"":""mapped"",""reverse_recipe"":""lookup payload.native_id"",""source_namespace"":""openstax-precalculus-2e/id-ID"",""source_record_id"":""m49356"",""source_record_type"":""native_unit"",""target_namespace"":""7790e70a-ae6d-5cf3-b7f5-c53d7d4c0fbd"",""target_record_id"":""urn:uuid:6f0f502d-52c9-5323-b266-c7372fbca0de"",""target_record_type"":""unit""},""record_type"":""identity_crosswalk"",""recorded_at"":""2026-09-07T00:00:00Z"",""semantic_key"":""a30:crosswalk:m49356""}"
tables/identity_crosswalks.jsonl,32,urn:uuid:5439cba7-110f-5d71-958b-aefe36d90b9b,identity_crosswalk,"{""dataset_id"":""urn:uuid:661831b3-5b74-549b-be92-b84ce5992a88"",""id"":""urn:uuid:5439cba7-110f-5d71-958b-aefe36d90b9b"",""normalized_state"":""candidate"",""owner_authority_id"":""urn:uuid:2c0d398e-59cd-57ca-9674-8120edd7d69c"",""owner_native_state"":null,""payload"":{""cardinality"":""one_to_one"",""mapping_state"":""mapped"",""reverse_recipe"":""lookup payload.native_id"",""source_namespace"":""openstax-precalculus-2e/id-ID"",""source_record_id"":""m49369"",""source_record_type"":""native_unit"",""target_namespace"":""7790e70a-ae6d-5cf3-b7f5-c53d7d4c0fbd"",""target_record_id"":""urn:uuid:c6ed74da-3a07-5e3b-a3c1-856dfbdc1322"",""target_record_type"":""unit""},""record_type"":""identity_crosswalk"",""recorded_at"":""2026-09-07T00:00:00Z"",""semantic_key"":""a30:crosswalk:m49369""}"
tables/identity_crosswalks.jsonl,11,urn:uuid:57755e17-e820-5f90-a2e2-35f6be3f2e25,identity_crosswalk,"{""dataset_id"":""urn:uuid:661831b3-5b74-549b-be92-b84ce5992a88"",""id"":""urn:uuid:57755e17-e820-5f90-a2e2-35f6be3f2e25"",""normalized_state"":""candidate"",""owner_authority_id"":""urn:uuid:2c0d398e-59cd-57ca-9674-8120edd7d69c"",""owner_native_state"":null,""payload"":{""cardinality"":""one_to_one"",""mapping_state"":""mapped"",""reverse_recipe"":""lookup payload.native_id"",""source_namespace"":""openstax-precalculus-2e/id-ID"",""source_record_id"":""m49326"",""source_record_type"":""native_unit"",""target_namespace"":""7790e70a-ae6d-5cf3-b7f5-c53d7d4c0fbd"",""target_record_id"":""urn:uuid:7dc79841-7e22-5d64-b954-6aa66c68f0fa"",""target_record_type"":""unit""},""record_type"":""identity_crosswalk"",""recorded_at"":""2026-09-07T00:00:00Z"",""semantic_key"":""a30:crosswalk:m49326""}"
tables/identity_crosswalks.jsonl,42,urn:uuid:57ad6b29-a873-5490-9031-4ca078fea7d6,identity_crosswalk,"{""dataset_id"":""urn:uuid:661831b3-5b74-549b-be92-b84ce5992a88"",""id"":""urn:uuid:57ad6b29-a873-5490-9031-4ca078fea7d6"",""normalized_state"":""candidate"",""owner_authority_id"":""urn:uuid:2c0d398e-59cd-57ca-9674-8120edd7d69c"",""owner_native_state"":null,""payload"":{""cardinality"":""one_to_one"",""mapping_state"":""mapped"",""reverse_recipe"":""lookup payload.native_id"",""source_namespace"":""openstax-precalculus-2e/id-ID"",""source_record_id"":""m49393"",""source_record_type"":""native_unit"",""target_namespace"":""7790e70a-ae6d-5cf3-b7f5-c53d7d4c0fbd"",""target_record_id"":""urn:uuid:c1dad04c-de45-5f48-b832-3d029421543f"",""target_record_type"":""unit""},""record_type"":""identity_crosswalk"",""recorded_at"":""2026-09-07T00:00:00Z"",""semantic_key"":""a30:crosswalk:m49393""}"
tables/identity_crosswalks.jsonl,31,urn:uuid:58a62e02-e497-570d-aac7-e8902973e2df,identity_crosswalk,"{""dataset_id"":""urn:uuid:661831b3-5b74-549b-be92-b84ce5992a88"",""id"":""urn:uuid:58a62e02-e497-570d-aac7-e8902973e2df"",""normalized_state"":""candidate"",""owner_authority_id"":""urn:uuid:2c0d398e-59cd-57ca-9674-8120edd7d69c"",""owner_native_state"":null,""payload"":{""cardinality"":""one_to_one"",""mapping_state"":""mapped"",""reverse_recipe"":""lookup payload.native_id"",""source_namespace"":""openstax-precalculus-2e/id-ID"",""source_record_id"":""m49368"",""source_record_type"":""native_unit"",""target_namespace"":""7790e70a-ae6d-5cf3-b7f5-c53d7d4c0fbd"",""target_record_id"":""urn:uuid:154e7129-115c-5c90-9b6a-c31a5064135c"",""target_record_type"":""unit""},""record_type"":""identity_crosswalk"",""recorded_at"":""2026-09-07T00:00:00Z"",""semantic_key"":""a30:crosswalk:m49368""}"
tables/identity_crosswalks.jsonl,78,urn:uuid:5a921aa7-34cf-51a7-808c-4c4957acc021,identity_crosswalk,"{""dataset_id"":""urn:uuid:661831b3-5b74-549b-be92-b84ce5992a88"",""id"":""urn:uuid:5a921aa7-34cf-51a7-808c-4c4957acc021"",""normalized_state"":""candidate"",""owner_authority_id"":""urn:uuid:2c0d398e-59cd-57ca-9674-8120edd7d69c"",""owner_native_state"":null,""payload"":{""cardinality"":""one_to_one"",""mapping_state"":""mapped"",""reverse_recipe"":""lookup payload.native_id"",""source_namespace"":""openstax-precalculus-2e/id-ID"",""source_record_id"":""m49449"",""source_record_type"":""native_unit"",""target_namespace"":""7790e70a-ae6d-5cf3-b7f5-c53d7d4c0fbd"",""target_record_id"":""urn:uuid:94530b21-0b22-50b0-b2c1-e456a99b6c07"",""target_record_type"":""unit""},""record_type"":""identity_crosswalk"",""recorded_at"":""2026-09-07T00:00:00Z"",""semantic_key"":""a30:crosswalk:m49449""}"
tables/identity_crosswalks.jsonl,83,urn:uuid:5f1255cc-ecc1-5e6f-b7bf-d830d5692f15,identity_crosswalk,"{""dataset_id"":""urn:uuid:661831b3-5b74-549b-be92-b84ce5992a88"",""id"":""urn:uuid:5f1255cc-ecc1-5e6f-b7bf-d830d5692f15"",""normalized_state"":""candidate"",""owner_authority_id"":""urn:uuid:2c0d398e-59cd-57ca-9674-8120edd7d69c"",""owner_native_state"":null,""payload"":{""cardinality"":""one_to_one"",""mapping_state"":""mapped"",""reverse_recipe"":""lookup payload.native_id"",""source_namespace"":""openstax-precalculus-2e/id-ID"",""source_record_id"":""m49454"",""source_record_type"":""native_unit"",""target_namespace"":""7790e70a-ae6d-5cf3-b7f5-c53d7d4c0fbd"",""target_record_id"":""urn:uuid:2a7c6bec-581c-5c4e-93af-8b70476534e1"",""target_record_type"":""unit""},""record_type"":""identity_crosswalk"",""recorded_at"":""2026-09-07T00:00:00Z"",""semantic_key"":""a30:crosswalk:m49454""}"
tables/identity_crosswalks.jsonl,9,urn:uuid:6008e6b5-4dc9-57ce-b60f-69e74c3a09d2,identity_crosswalk,"{""dataset_id"":""urn:uuid:661831b3-5b74-549b-be92-b84ce5992a88"",""id"":""urn:uuid:6008e6b5-4dc9-57ce-b60f-69e74c3a09d2"",""normalized_state"":""candidate"",""owner_authority_id"":""urn:uuid:2c0d398e-59cd-57ca-9674-8120edd7d69c"",""owner_native_state"":null,""payload"":{""cardinality"":""one_to_one"",""mapping_state"":""mapped"",""reverse_recipe"":""lookup payload.native_id"",""source_namespace"":""openstax-precalculus-2e/id-ID"",""source_record_id"":""m49321"",""source_record_type"":""native_unit"",""target_namespace"":""7790e70a-ae6d-5cf3-b7f5-c53d7d4c0fbd"",""target_record_id"":""urn:uuid:63c6c031-ac9e-5bf8-8382-99e6a47ab739"",""target_record_type"":""unit""},""record_type"":""identity_crosswalk"",""recorded_at"":""2026-09-07T00:00:00Z"",""semantic_key"":""a30:crosswalk:m49321""}"
tables/identity_crosswalks.jsonl,21,urn:uuid:643b9418-ecbf-5e82-8701-7e5cd3d3b8be,identity_crosswalk,"{""dataset_id"":""urn:uuid:661831b3-5b74-549b-be92-b84ce5992a88"",""id"":""urn:uuid:643b9418-ecbf-5e82-8701-7e5cd3d3b8be"",""normalized_state"":""candidate"",""owner_authority_id"":""urn:uuid:2c0d398e-59cd-57ca-9674-8120edd7d69c"",""owner_native_state"":null,""payload"":{""cardinality"":""one_to_one"",""mapping_state"":""mapped"",""reverse_recipe"":""lookup payload.native_id"",""source_namespace"":""openstax-precalculus-2e/id-ID"",""source_record_id"":""m49352"",""source_record_type"":""native_unit"",""target_namespace"":""7790e70a-ae6d-5cf3-b7f5-c53d7d4c0fbd"",""target_record_id"":""urn:uuid:d395a3a6-f182-5340-a644-5fa16a9471d9"",""target_record_type"":""unit""},""record_type"":""identity_crosswalk"",""recorded_at"":""2026-09-07T00:00:00Z"",""semantic_key"":""a30:crosswalk:m49352""}"
tables/identity_crosswalks.jsonl,60,urn:uuid:64d08ee4-83ad-5956-be9f-a9ef09126766,identity_crosswalk,"{""dataset_id"":""urn:uuid:661831b3-5b74-549b-be92-b84ce5992a88"",""id"":""urn:uuid:64d08ee4-83ad-5956-be9f-a9ef09126766"",""normalized_state"":""candidate"",""owner_authority_id"":""urn:uuid:2c0d398e-59cd-57ca-9674-8120edd7d69c"",""owner_native_state"":null,""payload"":{""cardinality"":""one_to_one"",""mapping_state"":""mapped"",""reverse_recipe"":""lookup payload.native_id"",""source_namespace"":""openstax-precalculus-2e/id-ID"",""source_record_id"":""m49431"",""source_record_type"":""native_unit"",""target_namespace"":""7790e70a-ae6d-5cf3-b7f5-c53d7d4c0fbd"",""target_record_id"":""urn:uuid:64c13dad-b40b-59e7-a36a-27ceee33951b"",""target_record_type"":""unit""},""record_type"":""identity_crosswalk"",""recorded_at"":""2026-09-07T00:00:00Z"",""semantic_key"":""a30:crosswalk:m49431""}"
tables/identity_crosswalks.jsonl,66,urn:uuid:683f3b07-c811-5f18-a681-ed8180149498,identity_crosswalk,"{""dataset_id"":""urn:uuid:661831b3-5b74-549b-be92-b84ce5992a88"",""id"":""urn:uuid:683f3b07-c811-5f18-a681-ed8180149498"",""normalized_state"":""candidate"",""owner_authority_id"":""urn:uuid:2c0d398e-59cd-57ca-9674-8120edd7d69c"",""owner_native_state"":null,""payload"":{""cardinality"":""one_to_one"",""mapping_state"":""mapped"",""reverse_recipe"":""lookup payload.native_id"",""source_namespace"":""openstax-precalculus-2e/id-ID"",""source_record_id"":""m49437"",""source_record_type"":""native_unit"",""target_namespace"":""7790e70a-ae6d-5cf3-b7f5-c53d7d4c0fbd"",""target_record_id"":""urn:uuid:cae38853-a1e6-5850-b660-ce6fc2c0350e"",""target_record_type"":""unit""},""record_type"":""identity_crosswalk"",""recorded_at"":""2026-09-07T00:00:00Z"",""semantic_key"":""a30:crosswalk:m49437""}"
tables/identity_crosswalks.jsonl,19,urn:uuid:698cf307-5073-5645-9e10-bd328627a98d,identity_crosswalk,"{""dataset_id"":""urn:uuid:661831b3-5b74-549b-be92-b84ce5992a88"",""id"":""urn:uuid:698cf307-5073-5645-9e10-bd328627a98d"",""normalized_state"":""candidate"",""owner_authority_id"":""urn:uuid:2c0d398e-59cd-57ca-9674-8120edd7d69c"",""owner_native_state"":null,""payload"":{""cardinality"":""one_to_one"",""mapping_state"":""mapped"",""reverse_recipe"":""lookup payload.native_id"",""source_namespace"":""openstax-precalculus-2e/id-ID"",""source_record_id"":""m49349"",""source_record_type"":""native_unit"",""target_namespace"":""7790e70a-ae6d-5cf3-b7f5-c53d7d4c0fbd"",""target_record_id"":""urn:uuid:e48a4c01-5bfa-5820-a004-fe76e2e2c9a1"",""target_record_type"":""unit""},""record_type"":""identity_crosswalk"",""recorded_at"":""2026-09-07T00:00:00Z"",""semantic_key"":""a30:crosswalk:m49349""}"
tables/identity_crosswalks.jsonl,40,urn:uuid:6af0b95e-c348-55af-a251-3d19a0f2a2ed,identity_crosswalk,"{""dataset_id"":""urn:uuid:661831b3-5b74-549b-be92-b84ce5992a88"",""id"":""urn:uuid:6af0b95e-c348-55af-a251-3d19a0f2a2ed"",""normalized_state"":""candidate"",""owner_authority_id"":""urn:uuid:2c0d398e-59cd-57ca-9674-8120edd7d69c"",""owner_native_state"":null,""payload"":{""cardinality"":""one_to_one"",""mapping_state"":""mapped"",""reverse_recipe"":""lookup payload.native_id"",""source_namespace"":""openstax-precalculus-2e/id-ID"",""source_record_id"":""m49390"",""source_record_type"":""native_unit"",""target_namespace"":""7790e70a-ae6d-5cf3-b7f5-c53d7d4c0fbd"",""target_record_id"":""urn:uuid:74f3794c-fea8-54cc-b601-303fd6d15444"",""target_record_type"":""unit""},""record_type"":""identity_crosswalk"",""recorded_at"":""2026-09-07T00:00:00Z"",""semantic_key"":""a30:crosswalk:m49390""}"
tables/identity_crosswalks.jsonl,33,urn:uuid:6ef2b5e2-ddcf-5c51-adcf-0dfeac4b6bed,identity_crosswalk,"{""dataset_id"":""urn:uuid:661831b3-5b74-549b-be92-b84ce5992a88"",""id"":""urn:uuid:6ef2b5e2-ddcf-5c51-adcf-0dfeac4b6bed"",""normalized_state"":""candidate"",""owner_authority_id"":""urn:uuid:2c0d398e-59cd-57ca-9674-8120edd7d69c"",""owner_native_state"":null,""payload"":{""cardinality"":""one_to_one"",""mapping_state"":""mapped"",""reverse_recipe"":""lookup payload.native_id"",""source_namespace"":""openstax-precalculus-2e/id-ID"",""source_record_id"":""m49371"",""source_record_type"":""native_unit"",""target_namespace"":""7790e70a-ae6d-5cf3-b7f5-c53d7d4c0fbd"",""target_record_id"":""urn:uuid:3a57dc28-4b62-524c-b721-f1849261340f"",""target_record_type"":""unit""},""record_type"":""identity_crosswalk"",""recorded_at"":""2026-09-07T00:00:00Z"",""semantic_key"":""a30:crosswalk:m49371""}"
tables/identity_crosswalks.jsonl,30,urn:uuid:72307337-0905-579e-b9e3-4d6f96f7d80b,identity_crosswalk,"{""dataset_id"":""urn:uuid:661831b3-5b74-549b-be92-b84ce5992a88"",""id"":""urn:uuid:72307337-0905-579e-b9e3-4d6f96f7d80b"",""normalized_state"":""candidate"",""owner_authority_id"":""urn:uuid:2c0d398e-59cd-57ca-9674-8120edd7d69c"",""owner_native_state"":null,""payload"":{""cardinality"":""one_to_one"",""mapping_state"":""mapped"",""reverse_recipe"":""lookup payload.native_id"",""source_namespace"":""openstax-precalculus-2e/id-ID"",""source_record_id"":""m49367"",""source_record_type"":""native_unit"",""target_namespace"":""7790e70a-ae6d-5cf3-b7f5-c53d7d4c0fbd"",""target_record_id"":""urn:uuid:a6b4d407-7b02-5b28-805e-a61ac3315ce5"",""target_record_type"":""unit""},""record_type"":""identity_crosswalk"",""recorded_at"":""2026-09-07T00:00:00Z"",""semantic_key"":""a30:crosswalk:m49367""}"
tables/identity_crosswalks.jsonl,47,urn:uuid:736051ae-1081-58d0-83e3-189846acc977,identity_crosswalk,"{""dataset_id"":""urn:uuid:661831b3-5b74-549b-be92-b84ce5992a88"",""id"":""urn:uuid:736051ae-1081-58d0-83e3-189846acc977"",""normalized_state"":""candidate"",""owner_authority_id"":""urn:uuid:2c0d398e-59cd-57ca-9674-8120edd7d69c"",""owner_native_state"":null,""payload"":{""cardinality"":""one_to_one"",""mapping_state"":""mapped"",""reverse_recipe"":""lookup payload.native_id"",""source_namespace"":""openstax-precalculus-2e/id-ID"",""source_record_id"":""m49399"",""source_record_type"":""native_unit"",""target_namespace"":""7790e70a-ae6d-5cf3-b7f5-c53d7d4c0fbd"",""target_record_id"":""urn:uuid:1a70b144-a53a-587d-bd9e-9c56844c9e32"",""target_record_type"":""unit""},""record_type"":""identity_crosswalk"",""recorded_at"":""2026-09-07T00:00:00Z"",""semantic_key"":""a30:crosswalk:m49399""}"
tables/identity_crosswalks.jsonl,70,urn:uuid:79c0d739-5ee5-5ce9-b539-796f5e6ef5ea,identity_crosswalk,"{""dataset_id"":""urn:uuid:661831b3-5b74-549b-be92-b84ce5992a88"",""id"":""urn:uuid:79c0d739-5ee5-5ce9-b539-796f5e6ef5ea"",""normalized_state"":""candidate"",""owner_authority_id"":""urn:uuid:2c0d398e-59cd-57ca-9674-8120edd7d69c"",""owner_native_state"":null,""payload"":{""cardinality"":""one_to_one"",""mapping_state"":""mapped"",""reverse_recipe"":""lookup payload.native_id"",""source_namespace"":""openstax-precalculus-2e/id-ID"",""source_record_id"":""m49441"",""source_record_type"":""native_unit"",""target_namespace"":""7790e70a-ae6d-5cf3-b7f5-c53d7d4c0fbd"",""target_record_id"":""urn:uuid:6bef4602-aa3f-5537-b8e6-083ce166e5cf"",""target_record_type"":""unit""},""record_type"":""identity_crosswalk"",""recorded_at"":""2026-09-07T00:00:00Z"",""semantic_key"":""a30:crosswalk:m49441""}"
tables/identity_crosswalks.jsonl,54,urn:uuid:7b91365f-5f5c-5a50-8837-824051fc1d2d,identity_crosswalk,"{""dataset_id"":""urn:uuid:661831b3-5b74-549b-be92-b84ce5992a88"",""id"":""urn:uuid:7b91365f-5f5c-5a50-8837-824051fc1d2d"",""normalized_state"":""candidate"",""owner_authority_id"":""urn:uuid:2c0d398e-59cd-57ca-9674-8120edd7d69c"",""owner_native_state"":null,""payload"":{""cardinality"":""one_to_one"",""mapping_state"":""mapped"",""reverse_recipe"":""lookup payload.native_id"",""source_namespace"":""openstax-precalculus-2e/id-ID"",""source_record_id"":""m49409"",""source_record_type"":""native_unit"",""target_namespace"":""7790e70a-ae6d-5cf3-b7f5-c53d7d4c0fbd"",""target_record_id"":""urn:uuid:2dceff21-cedd-5e89-92c7-7f86d365b36b"",""target_record_type"":""unit""},""record_type"":""identity_crosswalk"",""recorded_at"":""2026-09-07T00:00:00Z"",""semantic_key"":""a30:crosswalk:m49409""}"
tables/identity_crosswalks.jsonl,28,urn:uuid:7bd8dd1d-7a7f-5822-bf06-f343f48af2cf,identity_crosswalk,"{""dataset_id"":""urn:uuid:661831b3-5b74-549b-be92-b84ce5992a88"",""id"":""urn:uuid:7bd8dd1d-7a7f-5822-bf06-f343f48af2cf"",""normalized_state"":""candidate"",""owner_authority_id"":""urn:uuid:2c0d398e-59cd-57ca-9674-8120edd7d69c"",""owner_native_state"":null,""payload"":{""cardinality"":""one_to_one"",""mapping_state"":""mapped"",""reverse_recipe"":""lookup payload.native_id"",""source_namespace"":""openstax-precalculus-2e/id-ID"",""source_record_id"":""m49365"",""source_record_type"":""native_unit"",""target_namespace"":""7790e70a-ae6d-5cf3-b7f5-c53d7d4c0fbd"",""target_record_id"":""urn:uuid:62698e31-22cf-5c53-9d05-e729554524a8"",""target_record_type"":""unit""},""record_type"":""identity_crosswalk"",""recorded_at"":""2026-09-07T00:00:00Z"",""semantic_key"":""a30:crosswalk:m49365""}"
tables/identity_crosswalks.jsonl,8,urn:uuid:7d7a6838-4eb1-5b10-b5ea-93273d2f083a,identity_crosswalk,"{""dataset_id"":""urn:uuid:661831b3-5b74-549b-be92-b84ce5992a88"",""id"":""urn:uuid:7d7a6838-4eb1-5b10-b5ea-93273d2f083a"",""normalized_state"":""candidate"",""owner_authority_id"":""urn:uuid:2c0d398e-59cd-57ca-9674-8120edd7d69c"",""owner_native_state"":null,""payload"":{""cardinality"":""one_to_one"",""mapping_state"":""mapped"",""reverse_recipe"":""lookup payload.native_id"",""source_namespace"":""openstax-precalculus-2e/id-ID"",""source_record_id"":""m49320"",""source_record_type"":""native_unit"",""target_namespace"":""7790e70a-ae6d-5cf3-b7f5-c53d7d4c0fbd"",""target_record_id"":""urn:uuid:0d586bde-0c1f-5143-a045-e1b22d5fc6b2"",""target_record_type"":""unit""},""record_type"":""identity_crosswalk"",""recorded_at"":""2026-09-07T00:00:00Z"",""semantic_key"":""a30:crosswalk:m49320""}"
tables/identity_crosswalks.jsonl,48,urn:uuid:81d260b1-1982-5c1b-9afa-4a106857e7e3,identity_crosswalk,"{""dataset_id"":""urn:uuid:661831b3-5b74-549b-be92-b84ce5992a88"",""id"":""urn:uuid:81d260b1-1982-5c1b-9afa-4a106857e7e3"",""normalized_state"":""candidate"",""owner_authority_id"":""urn:uuid:2c0d398e-59cd-57ca-9674-8120edd7d69c"",""owner_native_state"":null,""payload"":{""cardinality"":""one_to_one"",""mapping_state"":""mapped"",""reverse_recipe"":""lookup payload.native_id"",""source_namespace"":""openstax-precalculus-2e/id-ID"",""source_record_id"":""m49402"",""source_record_type"":""native_unit"",""target_namespace"":""7790e70a-ae6d-5cf3-b7f5-c53d7d4c0fbd"",""target_record_id"":""urn:uuid:981d96e3-ba69-53f0-8002-36833de581ee"",""target_record_type"":""unit""},""record_type"":""identity_crosswalk"",""recorded_at"":""2026-09-07T00:00:00Z"",""semantic_key"":""a30:crosswalk:m49402""}"
tables/identity_crosswalks.jsonl,7,urn:uuid:8aa7e4d2-fb5a-5a8b-8e69-ab50fd30446e,identity_crosswalk,"{""dataset_id"":""urn:uuid:661831b3-5b74-549b-be92-b84ce5992a88"",""id"":""urn:uuid:8aa7e4d2-fb5a-5a8b-8e69-ab50fd30446e"",""normalized_state"":""candidate"",""owner_authority_id"":""urn:uuid:2c0d398e-59cd-57ca-9674-8120edd7d69c"",""owner_native_state"":null,""payload"":{""cardinality"":""one_to_one"",""mapping_state"":""mapped"",""reverse_recipe"":""lookup payload.native_id"",""source_namespace"":""openstax-precalculus-2e/id-ID"",""source_record_id"":""m49314"",""source_record_type"":""native_unit"",""target_namespace"":""7790e70a-ae6d-5cf3-b7f5-c53d7d4c0fbd"",""target_record_id"":""urn:uuid:83aa45f5-9271-5093-a966-e2d31a463840"",""target_record_type"":""unit""},""record_type"":""identity_crosswalk"",""recorded_at"":""2026-09-07T00:00:00Z"",""semantic_key"":""a30:crosswalk:m49314""}"
tables/identity_crosswalks.jsonl,14,urn:uuid:8ce628b2-7fcc-5ce3-9ea1-84ffc28b1186,identity_crosswalk,"{""dataset_id"":""urn:uuid:661831b3-5b74-549b-be92-b84ce5992a88"",""id"":""urn:uuid:8ce628b2-7fcc-5ce3-9ea1-84ffc28b1186"",""normalized_state"":""candidate"",""owner_authority_id"":""urn:uuid:2c0d398e-59cd-57ca-9674-8120edd7d69c"",""owner_native_state"":null,""payload"":{""cardinality"":""one_to_one"",""mapping_state"":""mapped"",""reverse_recipe"":""lookup payload.native_id"",""source_namespace"":""openstax-precalculus-2e/id-ID"",""source_record_id"":""m49335"",""source_record_type"":""native_unit"",""target_namespace"":""7790e70a-ae6d-5cf3-b7f5-c53d7d4c0fbd"",""target_record_id"":""urn:uuid:2e0e3417-7777-5090-8880-0c35c155829b"",""target_record_type"":""unit""},""record_type"":""identity_crosswalk"",""recorded_at"":""2026-09-07T00:00:00Z"",""semantic_key"":""a30:crosswalk:m49335""}"
tables/identity_crosswalks.jsonl,18,urn:uuid:8e5495ae-50cf-58f2-8d76-8a3c64471ad3,identity_crosswalk,"{""dataset_id"":""urn:uuid:661831b3-5b74-549b-be92-b84ce5992a88"",""id"":""urn:uuid:8e5495ae-50cf-58f2-8d76-8a3c64471ad3"",""normalized_state"":""candidate"",""owner_authority_id"":""urn:uuid:2c0d398e-59cd-57ca-9674-8120edd7d69c"",""owner_native_state"":null,""payload"":{""cardinality"":""one_to_one"",""mapping_state"":""mapped"",""reverse_recipe"":""lookup payload.native_id"",""source_namespace"":""openstax-precalculus-2e/id-ID"",""source_record_id"":""m49348"",""source_record_type"":""native_unit"",""target_namespace"":""7790e70a-ae6d-5cf3-b7f5-c53d7d4c0fbd"",""target_record_id"":""urn:uuid:3bfffa92-800f-5f99-b293-3967c0fedf2b"",""target_record_type"":""unit""},""record_type"":""identity_crosswalk"",""recorded_at"":""2026-09-07T00:00:00Z"",""semantic_key"":""a30:crosswalk:m49348""}"
tables/identity_crosswalks.jsonl,50,urn:uuid:8faa66ef-1017-5962-88c2-d308e7ff5544,identity_crosswalk,"{""dataset_id"":""urn:uuid:661831b3-5b74-549b-be92-b84ce5992a88"",""id"":""urn:uuid:8faa66ef-1017-5962-88c2-d308e7ff5544"",""normalized_state"":""candidate"",""owner_authority_id"":""urn:uuid:2c0d398e-59cd-57ca-9674-8120edd7d69c"",""owner_native_state"":null,""payload"":{""cardinality"":""one_to_one"",""mapping_state"":""mapped"",""reverse_recipe"":""lookup payload.native_id"",""source_namespace"":""openstax-precalculus-2e/id-ID"",""source_record_id"":""m49405"",""source_record_type"":""native_unit"",""target_namespace"":""7790e70a-ae6d-5cf3-b7f5-c53d7d4c0fbd"",""target_record_id"":""urn:uuid:3f7521af-414a-52c9-9030-8e317a19ae40"",""target_record_type"":""unit""},""record_type"":""identity_crosswalk"",""recorded_at"":""2026-09-07T00:00:00Z"",""semantic_key"":""a30:crosswalk:m49405""}"
tables/identity_crosswalks.jsonl,16,urn:uuid:91960648-0b59-5fb0-815e-a5d2783b8217,identity_crosswalk,"{""dataset_id"":""urn:uuid:661831b3-5b74-549b-be92-b84ce5992a88"",""id"":""urn:uuid:91960648-0b59-5fb0-815e-a5d2783b8217"",""normalized_state"":""candidate"",""owner_authority_id"":""urn:uuid:2c0d398e-59cd-57ca-9674-8120edd7d69c"",""owner_native_state"":null,""payload"":{""cardinality"":""one_to_one"",""mapping_state"":""mapped"",""reverse_recipe"":""lookup payload.native_id"",""source_namespace"":""openstax-precalculus-2e/id-ID"",""source_record_id"":""m49346"",""source_record_type"":""native_unit"",""target_namespace"":""7790e70a-ae6d-5cf3-b7f5-c53d7d4c0fbd"",""target_record_id"":""urn:uuid:7ba86d37-342f-5317-ad45-d1ac823f369d"",""target_record_type"":""unit""},""record_type"":""identity_crosswalk"",""recorded_at"":""2026-09-07T00:00:00Z"",""semantic_key"":""a30:crosswalk:m49346""}"
tables/identity_crosswalks.jsonl,86,urn:uuid:939be095-ace3-59f3-afd4-89b51f1c2f9f,identity_crosswalk,"{""dataset_id"":""urn:uuid:661831b3-5b74-549b-be92-b84ce5992a88"",""id"":""urn:uuid:939be095-ace3-59f3-afd4-89b51f1c2f9f"",""normalized_state"":""candidate"",""owner_authority_id"":""urn:uuid:2c0d398e-59cd-57ca-9674-8120edd7d69c"",""owner_native_state"":null,""payload"":{""cardinality"":""one_to_one"",""mapping_state"":""mapped"",""reverse_recipe"":""lookup payload.native_id"",""source_namespace"":""openstax-precalculus-2e/id-ID"",""source_record_id"":""m50414"",""source_record_type"":""native_unit"",""target_namespace"":""7790e70a-ae6d-5cf3-b7f5-c53d7d4c0fbd"",""target_record_id"":""urn:uuid:1f16841e-3922-5971-9908-087daa6450fd"",""target_record_type"":""unit""},""record_type"":""identity_crosswalk"",""recorded_at"":""2026-09-07T00:00:00Z"",""semantic_key"":""a30:crosswalk:m50414""}"
tables/identity_crosswalks.jsonl,67,urn:uuid:9660f944-60d4-515b-bf67-8ff91dc1c76a,identity_crosswalk,"{""dataset_id"":""urn:uuid:661831b3-5b74-549b-be92-b84ce5992a88"",""id"":""urn:uuid:9660f944-60d4-515b-bf67-8ff91dc1c76a"",""normalized_state"":""candidate"",""owner_authority_id"":""urn:uuid:2c0d398e-59cd-57ca-9674-8120edd7d69c"",""owner_native_state"":null,""payload"":{""cardinality"":""one_to_one"",""mapping_state"":""mapped"",""reverse_recipe"":""lookup payload.native_id"",""source_namespace"":""openstax-precalculus-2e/id-ID"",""source_record_id"":""m49438"",""source_record_type"":""native_unit"",""target_namespace"":""7790e70a-ae6d-5cf3-b7f5-c53d7d4c0fbd"",""target_record_id"":""urn:uuid:d2eebe8e-7f2e-5797-b4dd-684386aa7dad"",""target_record_type"":""unit""},""record_type"":""identity_crosswalk"",""recorded_at"":""2026-09-07T00:00:00Z"",""semantic_key"":""a30:crosswalk:m49438""}"
tables/identity_crosswalks.jsonl,56,urn:uuid:9d3bb848-fda3-5da9-9d37-fa06d189b49e,identity_crosswalk,"{""dataset_id"":""urn:uuid:661831b3-5b74-549b-be92-b84ce5992a88"",""id"":""urn:uuid:9d3bb848-fda3-5da9-9d37-fa06d189b49e"",""normalized_state"":""candidate"",""owner_authority_id"":""urn:uuid:2c0d398e-59cd-57ca-9674-8120edd7d69c"",""owner_native_state"":null,""payload"":{""cardinality"":""one_to_one"",""mapping_state"":""mapped"",""reverse_recipe"":""lookup payload.native_id"",""source_namespace"":""openstax-precalculus-2e/id-ID"",""source_record_id"":""m49412"",""source_record_type"":""native_unit"",""target_namespace"":""7790e70a-ae6d-5cf3-b7f5-c53d7d4c0fbd"",""target_record_id"":""urn:uuid:1a2fc92b-9056-5814-ac9e-947cda1a79ee"",""target_record_type"":""unit""},""record_type"":""identity_crosswalk"",""recorded_at"":""2026-09-07T00:00:00Z"",""semantic_key"":""a30:crosswalk:m49412""}"
tables/identity_crosswalks.jsonl,79,urn:uuid:9d9fa50e-1b6a-5d95-ad8d-69098c90a1ba,identity_crosswalk,"{""dataset_id"":""urn:uuid:661831b3-5b74-549b-be92-b84ce5992a88"",""id"":""urn:uuid:9d9fa50e-1b6a-5d95-ad8d-69098c90a1ba"",""normalized_state"":""candidate"",""owner_authority_id"":""urn:uuid:2c0d398e-59cd-57ca-9674-8120edd7d69c"",""owner_native_state"":null,""payload"":{""cardinality"":""one_to_one"",""mapping_state"":""mapped"",""reverse_recipe"":""lookup payload.native_id"",""source_namespace"":""openstax-precalculus-2e/id-ID"",""source_record_id"":""m49450"",""source_record_type"":""native_unit"",""target_namespace"":""7790e70a-ae6d-5cf3-b7f5-c53d7d4c0fbd"",""target_record_id"":""urn:uuid:e14d7192-db8f-5905-b179-d323a2bff0ae"",""target_record_type"":""unit""},""record_type"":""identity_crosswalk"",""recorded_at"":""2026-09-07T00:00:00Z"",""semantic_key"":""a30:crosswalk:m49450""}"
tables/identity_crosswalks.jsonl,36,urn:uuid:9dbc7aab-c160-53b2-a630-fbf4f68fb6bd,identity_crosswalk,"{""dataset_id"":""urn:uuid:661831b3-5b74-549b-be92-b84ce5992a88"",""id"":""urn:uuid:9dbc7aab-c160-53b2-a630-fbf4f68fb6bd"",""normalized_state"":""candidate"",""owner_authority_id"":""urn:uuid:2c0d398e-59cd-57ca-9674-8120edd7d69c"",""owner_native_state"":null,""payload"":{""cardinality"":""one_to_one"",""mapping_state"":""mapped"",""reverse_recipe"":""lookup payload.native_id"",""source_namespace"":""openstax-precalculus-2e/id-ID"",""source_record_id"":""m49384"",""source_record_type"":""native_unit"",""target_namespace"":""7790e70a-ae6d-5cf3-b7f5-c53d7d4c0fbd"",""target_record_id"":""urn:uuid:23d47f52-4ae0-5be9-b461-a039f5def645"",""target_record_type"":""unit""},""record_type"":""identity_crosswalk"",""recorded_at"":""2026-09-07T00:00:00Z"",""semantic_key"":""a30:crosswalk:m49384""}"
tables/identity_crosswalks.jsonl,29,urn:uuid:a219858a-8fad-5e9b-807b-6cdef6973eab,identity_crosswalk,"{""dataset_id"":""urn:uuid:661831b3-5b74-549b-be92-b84ce5992a88"",""id"":""urn:uuid:a219858a-8fad-5e9b-807b-6cdef6973eab"",""normalized_state"":""candidate"",""owner_authority_id"":""urn:uuid:2c0d398e-59cd-57ca-9674-8120edd7d69c"",""owner_native_state"":null,""payload"":{""cardinality"":""one_to_one"",""mapping_state"":""mapped"",""reverse_recipe"":""lookup payload.native_id"",""source_namespace"":""openstax-precalculus-2e/id-ID"",""source_record_id"":""m49366"",""source_record_type"":""native_unit"",""target_namespace"":""7790e70a-ae6d-5cf3-b7f5-c53d7d4c0fbd"",""target_record_id"":""urn:uuid:4597ebfd-ed2c-5d41-9295-60d75f28bb67"",""target_record_type"":""unit""},""record_type"":""identity_crosswalk"",""recorded_at"":""2026-09-07T00:00:00Z"",""semantic_key"":""a30:crosswalk:m49366""}"
tables/identity_crosswalks.jsonl,57,urn:uuid:aacb0c32-3f3d-5762-9ab5-8418b5e57a34,identity_crosswalk,"{""dataset_id"":""urn:uuid:661831b3-5b74-549b-be92-b84ce5992a88"",""id"":""urn:uuid:aacb0c32-3f3d-5762-9ab5-8418b5e57a34"",""normalized_state"":""candidate"",""owner_authority_id"":""urn:uuid:2c0d398e-59cd-57ca-9674-8120edd7d69c"",""owner_native_state"":null,""payload"":{""cardinality"":""one_to_one"",""mapping_state"":""mapped"",""reverse_recipe"":""lookup payload.native_id"",""source_namespace"":""openstax-precalculus-2e/id-ID"",""source_record_id"":""m49418"",""source_record_type"":""native_unit"",""target_namespace"":""7790e70a-ae6d-5cf3-b7f5-c53d7d4c0fbd"",""target_record_id"":""urn:uuid:33b0d7e6-9364-5a52-a162-84d1f5cc498a"",""target_record_type"":""unit""},""record_type"":""identity_crosswalk"",""recorded_at"":""2026-09-07T00:00:00Z"",""semantic_key"":""a30:crosswalk:m49418""}"
tables/identity_crosswalks.jsonl,5,urn:uuid:ab2ba024-eecb-5946-a415-639b5994adc4,identity_crosswalk,"{""dataset_id"":""urn:uuid:661831b3-5b74-549b-be92-b84ce5992a88"",""id"":""urn:uuid:ab2ba024-eecb-5946-a415-639b5994adc4"",""normalized_state"":""candidate"",""owner_authority_id"":""urn:uuid:2c0d398e-59cd-57ca-9674-8120edd7d69c"",""owner_native_state"":null,""payload"":{""cardinality"":""one_to_one"",""mapping_state"":""mapped"",""reverse_recipe"":""lookup payload.native_id"",""source_namespace"":""openstax-precalculus-2e/id-ID"",""source_record_id"":""m49308"",""source_record_type"":""native_unit"",""target_namespace"":""7790e70a-ae6d-5cf3-b7f5-c53d7d4c0fbd"",""target_record_id"":""urn:uuid:6be2cf9f-9951-554b-bd55-1f8ed50242b7"",""target_record_type"":""unit""},""record_type"":""identity_crosswalk"",""recorded_at"":""2026-09-07T00:00:00Z"",""semantic_key"":""a30:crosswalk:m49308""}"
tables/identity_crosswalks.jsonl,58,urn:uuid:ab7ae2e8-709d-59c9-9082-fc5be220d989,identity_crosswalk,"{""dataset_id"":""urn:uuid:661831b3-5b74-549b-be92-b84ce5992a88"",""id"":""urn:uuid:ab7ae2e8-709d-59c9-9082-fc5be220d989"",""normalized_state"":""candidate"",""owner_authority_id"":""urn:uuid:2c0d398e-59cd-57ca-9674-8120edd7d69c"",""owner_native_state"":null,""payload"":{""cardinality"":""one_to_one"",""mapping_state"":""mapped"",""reverse_recipe"":""lookup payload.native_id"",""source_namespace"":""openstax-precalculus-2e/id-ID"",""source_record_id"":""m49419"",""source_record_type"":""native_unit"",""target_namespace"":""7790e70a-ae6d-5cf3-b7f5-c53d7d4c0fbd"",""target_record_id"":""urn:uuid:fb208ee8-2cca-5962-8077-0cbfe4120502"",""target_record_type"":""unit""},""record_type"":""identity_crosswalk"",""recorded_at"":""2026-09-07T00:00:00Z"",""semantic_key"":""a30:crosswalk:m49419""}"
tables/identity_crosswalks.jsonl,65,urn:uuid:b158d4d1-9d39-5e9d-ac66-f26d51b9a92a,identity_crosswalk,"{""dataset_id"":""urn:uuid:661831b3-5b74-549b-be92-b84ce5992a88"",""id"":""urn:uuid:b158d4d1-9d39-5e9d-ac66-f26d51b9a92a"",""normalized_state"":""candidate"",""owner_authority_id"":""urn:uuid:2c0d398e-59cd-57ca-9674-8120edd7d69c"",""owner_native_state"":null,""payload"":{""cardinality"":""one_to_one"",""mapping_state"":""mapped"",""reverse_recipe"":""lookup payload.native_id"",""source_namespace"":""openstax-precalculus-2e/id-ID"",""source_record_id"":""m49436"",""source_record_type"":""native_unit"",""target_namespace"":""7790e70a-ae6d-5cf3-b7f5-c53d7d4c0fbd"",""target_record_id"":""urn:uuid:724a9f93-39da-554e-84a7-d8ad646cf825"",""target_record_type"":""unit""},""record_type"":""identity_crosswalk"",""recorded_at"":""2026-09-07T00:00:00Z"",""semantic_key"":""a30:crosswalk:m49436""}"
tables/identity_crosswalks.jsonl,1,urn:uuid:b38f971e-6f77-539c-b6a0-22ff107caf0b,identity_crosswalk,"{""dataset_id"":""urn:uuid:661831b3-5b74-549b-be92-b84ce5992a88"",""id"":""urn:uuid:b38f971e-6f77-539c-b6a0-22ff107caf0b"",""normalized_state"":""candidate"",""owner_authority_id"":""urn:uuid:2c0d398e-59cd-57ca-9674-8120edd7d69c"",""owner_native_state"":null,""payload"":{""cardinality"":""one_to_one"",""mapping_state"":""mapped"",""reverse_recipe"":""lookup payload.native_id"",""source_namespace"":""openstax-precalculus-2e/id-ID"",""source_record_id"":""m49299"",""source_record_type"":""native_unit"",""target_namespace"":""7790e70a-ae6d-5cf3-b7f5-c53d7d4c0fbd"",""target_record_id"":""urn:uuid:05e8219c-4324-5cc5-b040-15dc99debf4a"",""target_record_type"":""unit""},""record_type"":""identity_crosswalk"",""recorded_at"":""2026-09-07T00:00:00Z"",""semantic_key"":""a30:crosswalk:m49299""}"
tables/identity_crosswalks.jsonl,63,urn:uuid:c872ce4e-3f77-5f8f-9bfd-ca87231d6a63,identity_crosswalk,"{""dataset_id"":""urn:uuid:661831b3-5b74-549b-be92-b84ce5992a88"",""id"":""urn:uuid:c872ce4e-3f77-5f8f-9bfd-ca87231d6a63"",""normalized_state"":""candidate"",""owner_authority_id"":""urn:uuid:2c0d398e-59cd-57ca-9674-8120edd7d69c"",""owner_native_state"":null,""payload"":{""cardinality"":""one_to_one"",""mapping_state"":""mapped"",""reverse_recipe"":""lookup payload.native_id"",""source_namespace"":""openstax-precalculus-2e/id-ID"",""source_record_id"":""m49434"",""source_record_type"":""native_unit"",""target_namespace"":""7790e70a-ae6d-5cf3-b7f5-c53d7d4c0fbd"",""target_record_id"":""urn:uuid:07b6a173-131e-52f5-8e31-9d26a538d751"",""target_record_type"":""unit""},""record_type"":""identity_crosswalk"",""recorded_at"":""2026-09-07T00:00:00Z"",""semantic_key"":""a30:crosswalk:m49434""}"
tables/identity_crosswalks.jsonl,52,urn:uuid:ca6211dc-fffe-54d0-a653-1c10d1b27fa7,identity_crosswalk,"{""dataset_id"":""urn:uuid:661831b3-5b74-549b-be92-b84ce5992a88"",""id"":""urn:uuid:ca6211dc-fffe-54d0-a653-1c10d1b27fa7"",""normalized_state"":""candidate"",""owner_authority_id"":""urn:uuid:2c0d398e-59cd-57ca-9674-8120edd7d69c"",""owner_native_state"":null,""payload"":{""cardinality"":""one_to_one"",""mapping_state"":""mapped"",""reverse_recipe"":""lookup payload.native_id"",""source_namespace"":""openstax-precalculus-2e/id-ID"",""source_record_id"":""m49407"",""source_record_type"":""native_unit"",""target_namespace"":""7790e70a-ae6d-5cf3-b7f5-c53d7d4c0fbd"",""target_record_id"":""urn:uuid:f12e1b62-34ba-5bde-841a-1c477f90dbcb"",""target_record_type"":""unit""},""record_type"":""identity_crosswalk"",""recorded_at"":""2026-09-07T00:00:00Z"",""semantic_key"":""a30:crosswalk:m49407""}"
tables/identity_crosswalks.jsonl,34,urn:uuid:cc8dda18-5e91-5bfc-b617-a5d21a6c7d40,identity_crosswalk,"{""dataset_id"":""urn:uuid:661831b3-5b74-549b-be92-b84ce5992a88"",""id"":""urn:uuid:cc8dda18-5e91-5bfc-b617-a5d21a6c7d40"",""normalized_state"":""candidate"",""owner_authority_id"":""urn:uuid:2c0d398e-59cd-57ca-9674-8120edd7d69c"",""owner_native_state"":null,""payload"":{""cardinality"":""one_to_one"",""mapping_state"":""mapped"",""reverse_recipe"":""lookup payload.native_id"",""source_namespace"":""openstax-precalculus-2e/id-ID"",""source_record_id"":""m49372"",""source_record_type"":""native_unit"",""target_namespace"":""7790e70a-ae6d-5cf3-b7f5-c53d7d4c0fbd"",""target_record_id"":""urn:uuid:a172fc60-10c5-5f7f-919c-3d89b60431dd"",""target_record_type"":""unit""},""record_type"":""identity_crosswalk"",""recorded_at"":""2026-09-07T00:00:00Z"",""semantic_key"":""a30:crosswalk:m49372""}"
tables/identity_crosswalks.jsonl,61,urn:uuid:cf256c18-b36c-52a6-b295-2bff621f76bb,identity_crosswalk,"{""dataset_id"":""urn:uuid:661831b3-5b74-549b-be92-b84ce5992a88"",""id"":""urn:uuid:cf256c18-b36c-52a6-b295-2bff621f76bb"",""normalized_state"":""candidate"",""owner_authority_id"":""urn:uuid:2c0d398e-59cd-57ca-9674-8120edd7d69c"",""owner_native_state"":null,""payload"":{""cardinality"":""one_to_one"",""mapping_state"":""mapped"",""reverse_recipe"":""lookup payload.native_id"",""source_namespace"":""openstax-precalculus-2e/id-ID"",""source_record_id"":""m49432"",""source_record_type"":""native_unit"",""target_namespace"":""7790e70a-ae6d-5cf3-b7f5-c53d7d4c0fbd"",""target_record_id"":""urn:uuid:1b01e44e-87f6-5815-9ebe-8cc1cb1b3eb5"",""target_record_type"":""unit""},""record_type"":""identity_crosswalk"",""recorded_at"":""2026-09-07T00:00:00Z"",""semantic_key"":""a30:crosswalk:m49432""}"
tables/identity_crosswalks.jsonl,87,urn:uuid:d3b21a33-bfef-53f2-a22f-1f6f84953245,identity_crosswalk,"{""dataset_id"":""urn:uuid:661831b3-5b74-549b-be92-b84ce5992a88"",""id"":""urn:uuid:d3b21a33-bfef-53f2-a22f-1f6f84953245"",""normalized_state"":""candidate"",""owner_authority_id"":""urn:uuid:2c0d398e-59cd-57ca-9674-8120edd7d69c"",""owner_native_state"":null,""payload"":{""cardinality"":""one_to_one"",""mapping_state"":""mapped"",""reverse_recipe"":""lookup payload.native_id"",""source_namespace"":""openstax-precalculus-2e/id-ID"",""source_record_id"":""m50919"",""source_record_type"":""native_unit"",""target_namespace"":""7790e70a-ae6d-5cf3-b7f5-c53d7d4c0fbd"",""target_record_id"":""urn:uuid:e752cd73-317c-59a7-9ecc-df80368aac5e"",""target_record_type"":""unit""},""record_type"":""identity_crosswalk"",""recorded_at"":""2026-09-07T00:00:00Z"",""semantic_key"":""a30:crosswalk:m50919""}"
tables/identity_crosswalks.jsonl,6,urn:uuid:d57e3c42-1e6c-5554-8813-b5d92f485e83,identity_crosswalk,"{""dataset_id"":""urn:uuid:661831b3-5b74-549b-be92-b84ce5992a88"",""id"":""urn:uuid:d57e3c42-1e6c-5554-8813-b5d92f485e83"",""normalized_state"":""candidate"",""owner_authority_id"":""urn:uuid:2c0d398e-59cd-57ca-9674-8120edd7d69c"",""owner_native_state"":null,""payload"":{""cardinality"":""one_to_one"",""mapping_state"":""mapped"",""reverse_recipe"":""lookup payload.native_id"",""source_namespace"":""openstax-precalculus-2e/id-ID"",""source_record_id"":""m49312"",""source_record_type"":""native_unit"",""target_namespace"":""7790e70a-ae6d-5cf3-b7f5-c53d7d4c0fbd"",""target_record_id"":""urn:uuid:c7c2a9c7-62fd-59c7-a703-30df1b8beac6"",""target_record_type"":""unit""},""record_type"":""identity_crosswalk"",""recorded_at"":""2026-09-07T00:00:00Z"",""semantic_key"":""a30:crosswalk:m49312""}"
tables/identity_crosswalks.jsonl,13,urn:uuid:d5d6f792-14e6-5464-ae12-c3bc642854e5,identity_crosswalk,"{""dataset_id"":""urn:uuid:661831b3-5b74-549b-be92-b84ce5992a88"",""id"":""urn:uuid:d5d6f792-14e6-5464-ae12-c3bc642854e5"",""normalized_state"":""candidate"",""owner_authority_id"":""urn:uuid:2c0d398e-59cd-57ca-9674-8120edd7d69c"",""owner_native_state"":null,""payload"":{""cardinality"":""one_to_one"",""mapping_state"":""mapped"",""reverse_recipe"":""lookup payload.native_id"",""source_namespace"":""openstax-precalculus-2e/id-ID"",""source_record_id"":""m49334"",""source_record_type"":""native_unit"",""target_namespace"":""7790e70a-ae6d-5cf3-b7f5-c53d7d4c0fbd"",""target_record_id"":""urn:uuid:f3fa9903-cb3c-5017-8192-f28331a26b4f"",""target_record_type"":""unit""},""record_type"":""identity_crosswalk"",""recorded_at"":""2026-09-07T00:00:00Z"",""semantic_key"":""a30:crosswalk:m49334""}"
tables/identity_crosswalks.jsonl,73,urn:uuid:d7a396cf-6b3a-541c-8843-fd8e3e03e9aa,identity_crosswalk,"{""dataset_id"":""urn:uuid:661831b3-5b74-549b-be92-b84ce5992a88"",""id"":""urn:uuid:d7a396cf-6b3a-541c-8843-fd8e3e03e9aa"",""normalized_state"":""candidate"",""owner_authority_id"":""urn:uuid:2c0d398e-59cd-57ca-9674-8120edd7d69c"",""owner_native_state"":null,""payload"":{""cardinality"":""one_to_one"",""mapping_state"":""mapped"",""reverse_recipe"":""lookup payload.native_id"",""source_namespace"":""openstax-precalculus-2e/id-ID"",""source_record_id"":""m49444"",""source_record_type"":""native_unit"",""target_namespace"":""7790e70a-ae6d-5cf3-b7f5-c53d7d4c0fbd"",""target_record_id"":""urn:uuid:a038e042-ed43-5e6e-92c8-884093ed33d3"",""target_record_type"":""unit""},""record_type"":""identity_crosswalk"",""recorded_at"":""2026-09-07T00:00:00Z"",""semantic_key"":""a30:crosswalk:m49444""}"
tables/identity_crosswalks.jsonl,80,urn:uuid:daf93063-1bb3-5705-b68b-ea0bc379c601,identity_crosswalk,"{""dataset_id"":""urn:uuid:661831b3-5b74-549b-be92-b84ce5992a88"",""id"":""urn:uuid:daf93063-1bb3-5705-b68b-ea0bc379c601"",""normalized_state"":""candidate"",""owner_authority_id"":""urn:uuid:2c0d398e-59cd-57ca-9674-8120edd7d69c"",""owner_native_state"":null,""payload"":{""cardinality"":""one_to_one"",""mapping_state"":""mapped"",""reverse_recipe"":""lookup payload.native_id"",""source_namespace"":""openstax-precalculus-2e/id-ID"",""source_record_id"":""m49451"",""source_record_type"":""native_unit"",""target_namespace"":""7790e70a-ae6d-5cf3-b7f5-c53d7d4c0fbd"",""target_record_id"":""urn:uuid:bb05b47c-eae6-525f-9dd7-e435a108ff70"",""target_record_type"":""unit""},""record_type"":""identity_crosswalk"",""recorded_at"":""2026-09-07T00:00:00Z"",""semantic_key"":""a30:crosswalk:m49451""}"
tables/identity_crosswalks.jsonl,49,urn:uuid:ddcf5c8d-f3e8-57c4-ab1e-cc6d37c1415a,identity_crosswalk,"{""dataset_id"":""urn:uuid:661831b3-5b74-549b-be92-b84ce5992a88"",""id"":""urn:uuid:ddcf5c8d-f3e8-57c4-ab1e-cc6d37c1415a"",""normalized_state"":""candidate"",""owner_authority_id"":""urn:uuid:2c0d398e-59cd-57ca-9674-8120edd7d69c"",""owner_native_state"":null,""payload"":{""cardinality"":""one_to_one"",""mapping_state"":""mapped"",""reverse_recipe"":""lookup payload.native_id"",""source_namespace"":""openstax-precalculus-2e/id-ID"",""source_record_id"":""m49404"",""source_record_type"":""native_unit"",""target_namespace"":""7790e70a-ae6d-5cf3-b7f5-c53d7d4c0fbd"",""target_record_id"":""urn:uuid:a19f7df3-dc10-56b3-ba7b-577b1a8f14b0"",""target_record_type"":""unit""},""record_type"":""identity_crosswalk"",""recorded_at"":""2026-09-07T00:00:00Z"",""semantic_key"":""a30:crosswalk:m49404""}"
tables/identity_crosswalks.jsonl,26,urn:uuid:e19a5cab-a835-5d5e-9e25-d76e0948cbe8,identity_crosswalk,"{""dataset_id"":""urn:uuid:661831b3-5b74-549b-be92-b84ce5992a88"",""id"":""urn:uuid:e19a5cab-a835-5d5e-9e25-d76e0948cbe8"",""normalized_state"":""candidate"",""owner_authority_id"":""urn:uuid:2c0d398e-59cd-57ca-9674-8120edd7d69c"",""owner_native_state"":null,""payload"":{""cardinality"":""one_to_one"",""mapping_state"":""mapped"",""reverse_recipe"":""lookup payload.native_id"",""source_namespace"":""openstax-precalculus-2e/id-ID"",""source_record_id"":""m49363"",""source_record_type"":""native_unit"",""target_namespace"":""7790e70a-ae6d-5cf3-b7f5-c53d7d4c0fbd"",""target_record_id"":""urn:uuid:fb5b4b2f-4b28-57a2-933e-196ab5675726"",""target_record_type"":""unit""},""record_type"":""identity_crosswalk"",""recorded_at"":""2026-09-07T00:00:00Z"",""semantic_key"":""a30:crosswalk:m49363""}"
tables/identity_crosswalks.jsonl,46,urn:uuid:e3483905-d5b1-5585-985d-1a762f17f73d,identity_crosswalk,"{""dataset_id"":""urn:uuid:661831b3-5b74-549b-be92-b84ce5992a88"",""id"":""urn:uuid:e3483905-d5b1-5585-985d-1a762f17f73d"",""normalized_state"":""candidate"",""owner_authority_id"":""urn:uuid:2c0d398e-59cd-57ca-9674-8120edd7d69c"",""owner_native_state"":null,""payload"":{""cardinality"":""one_to_one"",""mapping_state"":""mapped"",""reverse_recipe"":""lookup payload.native_id"",""source_namespace"":""openstax-precalculus-2e/id-ID"",""source_record_id"":""m49398"",""source_record_type"":""native_unit"",""target_namespace"":""7790e70a-ae6d-5cf3-b7f5-c53d7d4c0fbd"",""target_record_id"":""urn:uuid:15eb1b22-a5a9-58c3-80a1-6d6f0030ad7d"",""target_record_type"":""unit""},""record_type"":""identity_crosswalk"",""recorded_at"":""2026-09-07T00:00:00Z"",""semantic_key"":""a30:crosswalk:m49398""}"
tables/identity_crosswalks.jsonl,38,urn:uuid:e39ef785-0eb9-5495-a755-e486dd645f30,identity_crosswalk,"{""dataset_id"":""urn:uuid:661831b3-5b74-549b-be92-b84ce5992a88"",""id"":""urn:uuid:e39ef785-0eb9-5495-a755-e486dd645f30"",""normalized_state"":""candidate"",""owner_authority_id"":""urn:uuid:2c0d398e-59cd-57ca-9674-8120edd7d69c"",""owner_native_state"":null,""payload"":{""cardinality"":""one_to_one"",""mapping_state"":""mapped"",""reverse_recipe"":""lookup payload.native_id"",""source_namespace"":""openstax-precalculus-2e/id-ID"",""source_record_id"":""m49387"",""source_record_type"":""native_unit"",""target_namespace"":""7790e70a-ae6d-5cf3-b7f5-c53d7d4c0fbd"",""target_record_id"":""urn:uuid:36e75bb7-7902-5d63-a7a1-bb5a1d16e520"",""target_record_type"":""unit""},""record_type"":""identity_crosswalk"",""recorded_at"":""2026-09-07T00:00:00Z"",""semantic_key"":""a30:crosswalk:m49387""}"
tables/identity_crosswalks.jsonl,85,urn:uuid:e8575454-9310-5800-9a29-8e703af9d6c3,identity_crosswalk,"{""dataset_id"":""urn:uuid:661831b3-5b74-549b-be92-b84ce5992a88"",""id"":""urn:uuid:e8575454-9310-5800-9a29-8e703af9d6c3"",""normalized_state"":""candidate"",""owner_authority_id"":""urn:uuid:2c0d398e-59cd-57ca-9674-8120edd7d69c"",""owner_native_state"":null,""payload"":{""cardinality"":""one_to_one"",""mapping_state"":""mapped"",""reverse_recipe"":""lookup payload.native_id"",""source_namespace"":""openstax-precalculus-2e/id-ID"",""source_record_id"":""m50389"",""source_record_type"":""native_unit"",""target_namespace"":""7790e70a-ae6d-5cf3-b7f5-c53d7d4c0fbd"",""target_record_id"":""urn:uuid:d54ec07e-274c-5190-b501-6c0986e61864"",""target_record_type"":""unit""},""record_type"":""identity_crosswalk"",""recorded_at"":""2026-09-07T00:00:00Z"",""semantic_key"":""a30:crosswalk:m50389""}"
tables/identity_crosswalks.jsonl,71,urn:uuid:eaec8e31-cc3a-5239-9acd-d36613ac7d39,identity_crosswalk,"{""dataset_id"":""urn:uuid:661831b3-5b74-549b-be92-b84ce5992a88"",""id"":""urn:uuid:eaec8e31-cc3a-5239-9acd-d36613ac7d39"",""normalized_state"":""candidate"",""owner_authority_id"":""urn:uuid:2c0d398e-59cd-57ca-9674-8120edd7d69c"",""owner_native_state"":null,""payload"":{""cardinality"":""one_to_one"",""mapping_state"":""mapped"",""reverse_recipe"":""lookup payload.native_id"",""source_namespace"":""openstax-precalculus-2e/id-ID"",""source_record_id"":""m49442"",""source_record_type"":""native_unit"",""target_namespace"":""7790e70a-ae6d-5cf3-b7f5-c53d7d4c0fbd"",""target_record_id"":""urn:uuid:ee25aa04-a162-53e8-a87b-1922b30aae98"",""target_record_type"":""unit""},""record_type"":""identity_crosswalk"",""recorded_at"":""2026-09-07T00:00:00Z"",""semantic_key"":""a30:crosswalk:m49442""}"
tables/identity_crosswalks.jsonl,4,urn:uuid:ec1bd55b-7049-542b-8044-f516cd97b337,identity_crosswalk,"{""dataset_id"":""urn:uuid:661831b3-5b74-549b-be92-b84ce5992a88"",""id"":""urn:uuid:ec1bd55b-7049-542b-8044-f516cd97b337"",""normalized_state"":""candidate"",""owner_authority_id"":""urn:uuid:2c0d398e-59cd-57ca-9674-8120edd7d69c"",""owner_native_state"":null,""payload"":{""cardinality"":""one_to_one"",""mapping_state"":""mapped"",""reverse_recipe"":""lookup payload.native_id"",""source_namespace"":""openstax-precalculus-2e/id-ID"",""source_record_id"":""m49306"",""source_record_type"":""native_unit"",""target_namespace"":""7790e70a-ae6d-5cf3-b7f5-c53d7d4c0fbd"",""target_record_id"":""urn:uuid:42cf8d80-f09b-5bd9-be2a-1df0178f2c41"",""target_record_type"":""unit""},""record_type"":""identity_crosswalk"",""recorded_at"":""2026-09-07T00:00:00Z"",""semantic_key"":""a30:crosswalk:m49306""}"
tables/identity_crosswalks.jsonl,12,urn:uuid:edac7766-37ab-5730-a2fa-2f1649f07a49,identity_crosswalk,"{""dataset_id"":""urn:uuid:661831b3-5b74-549b-be92-b84ce5992a88"",""id"":""urn:uuid:edac7766-37ab-5730-a2fa-2f1649f07a49"",""normalized_state"":""candidate"",""owner_authority_id"":""urn:uuid:2c0d398e-59cd-57ca-9674-8120edd7d69c"",""owner_native_state"":null,""payload"":{""cardinality"":""one_to_one"",""mapping_state"":""mapped"",""reverse_recipe"":""lookup payload.native_id"",""source_namespace"":""openstax-precalculus-2e/id-ID"",""source_record_id"":""m49327"",""source_record_type"":""native_unit"",""target_namespace"":""7790e70a-ae6d-5cf3-b7f5-c53d7d4c0fbd"",""target_record_id"":""urn:uuid:ecfd1e3f-1dd0-5542-b1b1-0f489bcb3752"",""target_record_type"":""unit""},""record_type"":""identity_crosswalk"",""recorded_at"":""2026-09-07T00:00:00Z"",""semantic_key"":""a30:crosswalk:m49327""}"
tables/identity_crosswalks.jsonl,15,urn:uuid:f4c00977-4fb9-5b62-8916-b3bce9c0bf8f,identity_crosswalk,"{""dataset_id"":""urn:uuid:661831b3-5b74-549b-be92-b84ce5992a88"",""id"":""urn:uuid:f4c00977-4fb9-5b62-8916-b3bce9c0bf8f"",""normalized_state"":""candidate"",""owner_authority_id"":""urn:uuid:2c0d398e-59cd-57ca-9674-8120edd7d69c"",""owner_native_state"":null,""payload"":{""cardinality"":""one_to_one"",""mapping_state"":""mapped"",""reverse_recipe"":""lookup payload.native_id"",""source_namespace"":""openstax-precalculus-2e/id-ID"",""source_record_id"":""m49337"",""source_record_type"":""native_unit"",""target_namespace"":""7790e70a-ae6d-5cf3-b7f5-c53d7d4c0fbd"",""target_record_id"":""urn:uuid:d60a35c9-d991-58ae-a8f6-86fcfc11ab27"",""target_record_type"":""unit""},""record_type"":""identity_crosswalk"",""recorded_at"":""2026-09-07T00:00:00Z"",""semantic_key"":""a30:crosswalk:m49337""}"
tables/identity_crosswalks.jsonl,25,urn:uuid:f8124592-d36f-5eda-ba45-3aa34c5125fb,identity_crosswalk,"{""dataset_id"":""urn:uuid:661831b3-5b74-549b-be92-b84ce5992a88"",""id"":""urn:uuid:f8124592-d36f-5eda-ba45-3aa34c5125fb"",""normalized_state"":""candidate"",""owner_authority_id"":""urn:uuid:2c0d398e-59cd-57ca-9674-8120edd7d69c"",""owner_native_state"":null,""payload"":{""cardinality"":""one_to_one"",""mapping_state"":""mapped"",""reverse_recipe"":""lookup payload.native_id"",""source_namespace"":""openstax-precalculus-2e/id-ID"",""source_record_id"":""m49362"",""source_record_type"":""native_unit"",""target_namespace"":""7790e70a-ae6d-5cf3-b7f5-c53d7d4c0fbd"",""target_record_id"":""urn:uuid:a3a0dd2c-e105-55a5-a564-8de1e0a4c558"",""target_record_type"":""unit""},""record_type"":""identity_crosswalk"",""recorded_at"":""2026-09-07T00:00:00Z"",""semantic_key"":""a30:crosswalk:m49362""}"
tables/native_bindings.jsonl,30,urn:uuid:05368a78-fab7-5d6d-a3b5-0a91a5a01df4,native_binding,"{""dataset_id"":""urn:uuid:661831b3-5b74-549b-be92-b84ce5992a88"",""id"":""urn:uuid:05368a78-fab7-5d6d-a3b5-0a91a5a01df4"",""normalized_state"":""candidate"",""owner_authority_id"":""urn:uuid:2c0d398e-59cd-57ca-9674-8120edd7d69c"",""owner_native_state"":null,""payload"":{""body_prose_copied"":false,""native_bytes"":162619,""native_path"":""m49367/index.cnxml"",""native_record_id"":""m49367"",""native_sha256"":""cc1c7a0deb4c5cc1780934707e512bc194c00dba7e1fa3948652a221e327eb6a"",""owner_id_preserved"":true,""projected_record_id"":""urn:uuid:a6b4d407-7b02-5b28-805e-a61ac3315ce5"",""source_namespace"":""openstax-precalculus-2e/id-ID""},""record_type"":""native_binding"",""recorded_at"":""2026-09-07T00:00:00Z"",""semantic_key"":""a30:native-binding:m49367""}"
tables/native_bindings.jsonl,76,urn:uuid:05813b2d-ebe7-5d01-88b6-3cfe6e6571a0,native_binding,"{""dataset_id"":""urn:uuid:661831b3-5b74-549b-be92-b84ce5992a88"",""id"":""urn:uuid:05813b2d-ebe7-5d01-88b6-3cfe6e6571a0"",""normalized_state"":""candidate"",""owner_authority_id"":""urn:uuid:2c0d398e-59cd-57ca-9674-8120edd7d69c"",""owner_native_state"":null,""payload"":{""body_prose_copied"":false,""native_bytes"":163212,""native_path"":""m49447/index.cnxml"",""native_record_id"":""m49447"",""native_sha256"":""64185677bb53d1d0fdfcf03f8569541bbc1821a7304d1cb41fd9c678efbdc728"",""owner_id_preserved"":true,""projected_record_id"":""urn:uuid:9839041a-97b0-588e-a9a7-593d06f5b8fd"",""source_namespace"":""openstax-precalculus-2e/id-ID""},""record_type"":""native_binding"",""recorded_at"":""2026-09-07T00:00:00Z"",""semantic_key"":""a30:native-binding:m49447""}"
tables/native_bindings.jsonl,53,urn:uuid:058f8905-0309-5483-bd1e-b74279030dfa,native_binding,"{""dataset_id"":""urn:uuid:661831b3-5b74-549b-be92-b84ce5992a88"",""id"":""urn:uuid:058f8905-0309-5483-bd1e-b74279030dfa"",""normalized_state"":""candidate"",""owner_authority_id"":""urn:uuid:2c0d398e-59cd-57ca-9674-8120edd7d69c"",""owner_native_state"":null,""payload"":{""body_prose_copied"":false,""native_bytes"":138099,""native_path"":""m49408/index.cnxml"",""native_record_id"":""m49408"",""native_sha256"":""a12116e77556f3093bb3b66fccdb6be69aafa32421860627468625fdbb48ac82"",""owner_id_preserved"":true,""projected_record_id"":""urn:uuid:91de9788-1651-5a29-bb78-02a3a3577e7e"",""source_namespace"":""openstax-precalculus-2e/id-ID""},""record_type"":""native_binding"",""recorded_at"":""2026-09-07T00:00:00Z"",""semantic_key"":""a30:native-binding:m49408""}"
tables/native_bindings.jsonl,73,urn:uuid:085678c6-a82d-50df-8ad3-4ddfa7c4458b,native_binding,"{""dataset_id"":""urn:uuid:661831b3-5b74-549b-be92-b84ce5992a88"",""id"":""urn:uuid:085678c6-a82d-50df-8ad3-4ddfa7c4458b"",""normalized_state"":""candidate"",""owner_authority_id"":""urn:uuid:2c0d398e-59cd-57ca-9674-8120edd7d69c"",""owner_native_state"":null,""payload"":{""body_prose_copied"":false,""native_bytes"":192831,""native_path"":""m49444/index.cnxml"",""native_record_id"":""m49444"",""native_sha256"":""19a073807f83ebba2ed7d8e8db18474bd9640b246df4b5438ca219a76a8eeddd"",""owner_id_preserved"":true,""projected_record_id"":""urn:uuid:a038e042-ed43-5e6e-92c8-884093ed33d3"",""source_namespace"":""openstax-precalculus-2e/id-ID""},""record_type"":""native_binding"",""recorded_at"":""2026-09-07T00:00:00Z"",""semantic_key"":""a30:native-binding:m49444""}"
tables/native_bindings.jsonl,21,urn:uuid:08e27fe4-2cde-5510-8f9f-a71fa91eec53,native_binding,"{""dataset_id"":""urn:uuid:661831b3-5b74-549b-be92-b84ce5992a88"",""id"":""urn:uuid:08e27fe4-2cde-5510-8f9f-a71fa91eec53"",""normalized_state"":""candidate"",""owner_authority_id"":""urn:uuid:2c0d398e-59cd-57ca-9674-8120edd7d69c"",""owner_native_state"":null,""payload"":{""body_prose_copied"":false,""native_bytes"":140537,""native_path"":""m49352/index.cnxml"",""native_record_id"":""m49352"",""native_sha256"":""58e5395654c50d7c5cb4cbebe07caef785662678a42a7f6ecfbe43b10f33d76b"",""owner_id_preserved"":true,""projected_record_id"":""urn:uuid:d395a3a6-f182-5340-a644-5fa16a9471d9"",""source_namespace"":""openstax-precalculus-2e/id-ID""},""record_type"":""native_binding"",""recorded_at"":""2026-09-07T00:00:00Z"",""semantic_key"":""a30:native-binding:m49352""}"
tables/native_bindings.jsonl,44,urn:uuid:0934de00-0ced-55a5-b530-de3223425e3e,native_binding,"{""dataset_id"":""urn:uuid:661831b3-5b74-549b-be92-b84ce5992a88"",""id"":""urn:uuid:0934de00-0ced-55a5-b530-de3223425e3e"",""normalized_state"":""candidate"",""owner_authority_id"":""urn:uuid:2c0d398e-59cd-57ca-9674-8120edd7d69c"",""owner_native_state"":null,""payload"":{""body_prose_copied"":false,""native_bytes"":230612,""native_path"":""m49396/index.cnxml"",""native_record_id"":""m49396"",""native_sha256"":""3ac803d81877dc0fb60f4a94ec5c17ec3b2df7b4eb033effd6845aed28d1b13e"",""owner_id_preserved"":true,""projected_record_id"":""urn:uuid:0538843b-ce40-596b-b69e-fc9500682381"",""source_namespace"":""openstax-precalculus-2e/id-ID""},""record_type"":""native_binding"",""recorded_at"":""2026-09-07T00:00:00Z"",""semantic_key"":""a30:native-binding:m49396""}"
tables/native_bindings.jsonl,79,urn:uuid:09847200-82b5-5d39-84b2-8402b9d57a70,native_binding,"{""dataset_id"":""urn:uuid:661831b3-5b74-549b-be92-b84ce5992a88"",""id"":""urn:uuid:09847200-82b5-5d39-84b2-8402b9d57a70"",""normalized_state"":""candidate"",""owner_authority_id"":""urn:uuid:2c0d398e-59cd-57ca-9674-8120edd7d69c"",""owner_native_state"":null,""payload"":{""body_prose_copied"":false,""native_bytes"":146218,""native_path"":""m49450/index.cnxml"",""native_record_id"":""m49450"",""native_sha256"":""ec4357f1d27c0d9f411413075dc01dea326fbc77fe4f4b032f8c95c1b5cccfa7"",""owner_id_preserved"":true,""projected_record_id"":""urn:uuid:e14d7192-db8f-5905-b179-d323a2bff0ae"",""source_namespace"":""openstax-precalculus-2e/id-ID""},""record_type"":""native_binding"",""recorded_at"":""2026-09-07T00:00:00Z"",""semantic_key"":""a30:native-binding:m49450""}"
tables/native_bindings.jsonl,48,urn:uuid:0c7ddccf-9afe-5872-aed3-be9274dd6caf,native_binding,"{""dataset_id"":""urn:uuid:661831b3-5b74-549b-be92-b84ce5992a88"",""id"":""urn:uuid:0c7ddccf-9afe-5872-aed3-be9274dd6caf"",""normalized_state"":""candidate"",""owner_authority_id"":""urn:uuid:2c0d398e-59cd-57ca-9674-8120edd7d69c"",""owner_native_state"":null,""payload"":{""body_prose_copied"":false,""native_bytes"":1808,""native_path"":""m49402/index.cnxml"",""native_record_id"":""m49402"",""native_sha256"":""6a9987cc9d52dbad2f5ecd2697274604a57777b2478f05b41126e0a713856e9c"",""owner_id_preserved"":true,""projected_record_id"":""urn:uuid:981d96e3-ba69-53f0-8002-36833de581ee"",""source_namespace"":""openstax-precalculus-2e/id-ID""},""record_type"":""native_binding"",""recorded_at"":""2026-09-07T00:00:00Z"",""semantic_key"":""a30:native-binding:m49402""}"
tables/native_bindings.jsonl,43,urn:uuid:0f274e57-bfe8-59f5-925c-471e3f4537b3,native_binding,"{""dataset_id"":""urn:uuid:661831b3-5b74-549b-be92-b84ce5992a88"",""id"":""urn:uuid:0f274e57-bfe8-59f5-925c-471e3f4537b3"",""normalized_state"":""candidate"",""owner_authority_id"":""urn:uuid:2c0d398e-59cd-57ca-9674-8120edd7d69c"",""owner_native_state"":null,""payload"":{""body_prose_copied"":false,""native_bytes"":242661,""native_path"":""m49395/index.cnxml"",""native_record_id"":""m49395"",""native_sha256"":""b1d667f198a070590ded5a2a4ffdbb32c5c86d9b4cad8f3e3b0b1922fb19c64e"",""owner_id_preserved"":true,""projected_record_id"":""urn:uuid:a68b3de9-b891-5290-b5ab-121d49a41408"",""source_namespace"":""openstax-precalculus-2e/id-ID""},""record_type"":""native_binding"",""recorded_at"":""2026-09-07T00:00:00Z"",""semantic_key"":""a30:native-binding:m49395""}"
tables/native_bindings.jsonl,18,urn:uuid:133c2fc5-ebdb-5e7e-9a2e-2a0e4b5af2d9,native_binding,"{""dataset_id"":""urn:uuid:661831b3-5b74-549b-be92-b84ce5992a88"",""id"":""urn:uuid:133c2fc5-ebdb-5e7e-9a2e-2a0e4b5af2d9"",""normalized_state"":""candidate"",""owner_authority_id"":""urn:uuid:2c0d398e-59cd-57ca-9674-8120edd7d69c"",""owner_native_state"":null,""payload"":{""body_prose_copied"":false,""native_bytes"":108241,""native_path"":""m49348/index.cnxml"",""native_record_id"":""m49348"",""native_sha256"":""7123b63ff87836ed9de9fdc289a82da865d293ccdf75aa1a86287526372f71c8"",""owner_id_preserved"":true,""projected_record_id"":""urn:uuid:3bfffa92-800f-5f99-b293-3967c0fedf2b"",""source_namespace"":""openstax-precalculus-2e/id-ID""},""record_type"":""native_binding"",""recorded_at"":""2026-09-07T00:00:00Z"",""semantic_key"":""a30:native-binding:m49348""}"
tables/native_bindings.jsonl,70,urn:uuid:14cb3896-1975-5b38-a286-ae1e25faf0e4,native_binding,"{""dataset_id"":""urn:uuid:661831b3-5b74-549b-be92-b84ce5992a88"",""id"":""urn:uuid:14cb3896-1975-5b38-a286-ae1e25faf0e4"",""normalized_state"":""candidate"",""owner_authority_id"":""urn:uuid:2c0d398e-59cd-57ca-9674-8120edd7d69c"",""owner_native_state"":null,""payload"":{""body_prose_copied"":false,""native_bytes"":241557,""native_path"":""m49441/index.cnxml"",""native_record_id"":""m49441"",""native_sha256"":""d772bd955269f294ad433abb0d9b09fc0d9052cd929cbc13a6751e748e769ff9"",""owner_id_preserved"":true,""projected_record_id"":""urn:uuid:6bef4602-aa3f-5537-b8e6-083ce166e5cf"",""source_namespace"":""openstax-precalculus-2e/id-ID""},""record_type"":""native_binding"",""recorded_at"":""2026-09-07T00:00:00Z"",""semantic_key"":""a30:native-binding:m49441""}"
tables/native_bindings.jsonl,24,urn:uuid:15c0c8b1-b7d3-5836-888e-03debe2f442e,native_binding,"{""dataset_id"":""urn:uuid:661831b3-5b74-549b-be92-b84ce5992a88"",""id"":""urn:uuid:15c0c8b1-b7d3-5836-888e-03debe2f442e"",""normalized_state"":""candidate"",""owner_authority_id"":""urn:uuid:2c0d398e-59cd-57ca-9674-8120edd7d69c"",""owner_native_state"":null,""payload"":{""body_prose_copied"":false,""native_bytes"":188016,""native_path"":""m49361/index.cnxml"",""native_record_id"":""m49361"",""native_sha256"":""f9d1ac4b848a93247f61c77a2aa13396894a2b40bd36bfd100cbd149eaa4ebbb"",""owner_id_preserved"":true,""projected_record_id"":""urn:uuid:e0e0f597-8cd3-58b1-a1e4-7ced441023be"",""source_namespace"":""openstax-precalculus-2e/id-ID""},""record_type"":""native_binding"",""recorded_at"":""2026-09-07T00:00:00Z"",""semantic_key"":""a30:native-binding:m49361""}"
tables/native_bindings.jsonl,50,urn:uuid:1b954ba1-a1fc-5056-9276-9b8ea6a9ea08,native_binding,"{""dataset_id"":""urn:uuid:661831b3-5b74-549b-be92-b84ce5992a88"",""id"":""urn:uuid:1b954ba1-a1fc-5056-9276-9b8ea6a9ea08"",""normalized_state"":""candidate"",""owner_authority_id"":""urn:uuid:2c0d398e-59cd-57ca-9674-8120edd7d69c"",""owner_native_state"":null,""payload"":{""body_prose_copied"":false,""native_bytes"":115244,""native_path"":""m49405/index.cnxml"",""native_record_id"":""m49405"",""native_sha256"":""87f7460e0454b6046dbae9b7a7875cae995ab65c0f8b2c02a9341d66fd0e56ce"",""owner_id_preserved"":true,""projected_record_id"":""urn:uuid:3f7521af-414a-52c9-9030-8e317a19ae40"",""source_namespace"":""openstax-precalculus-2e/id-ID""},""record_type"":""native_binding"",""recorded_at"":""2026-09-07T00:00:00Z"",""semantic_key"":""a30:native-binding:m49405""}"
tables/native_bindings.jsonl,3,urn:uuid:1ce40a5e-fd12-53d9-8893-e61832c9489b,native_binding,"{""dataset_id"":""urn:uuid:661831b3-5b74-549b-be92-b84ce5992a88"",""id"":""urn:uuid:1ce40a5e-fd12-53d9-8893-e61832c9489b"",""normalized_state"":""candidate"",""owner_authority_id"":""urn:uuid:2c0d398e-59cd-57ca-9674-8120edd7d69c"",""owner_native_state"":null,""payload"":{""body_prose_copied"":false,""native_bytes"":128270,""native_path"":""m49304/index.cnxml"",""native_record_id"":""m49304"",""native_sha256"":""b884c16482dc3cc3bc6f96ebc342ae934863f7aacd5eb39ec73c7a5f6a49f92c"",""owner_id_preserved"":true,""projected_record_id"":""urn:uuid:06530420-722c-53e9-8940-c5ee9f24a56e"",""source_namespace"":""openstax-precalculus-2e/id-ID""},""record_type"":""native_binding"",""recorded_at"":""2026-09-07T00:00:00Z"",""semantic_key"":""a30:native-binding:m49304""}"
tables/native_bindings.jsonl,8,urn:uuid:1e76c820-210b-5dc5-8840-5633b0554101,native_binding,"{""dataset_id"":""urn:uuid:661831b3-5b74-549b-be92-b84ce5992a88"",""id"":""urn:uuid:1e76c820-210b-5dc5-8840-5633b0554101"",""normalized_state"":""candidate"",""owner_authority_id"":""urn:uuid:2c0d398e-59cd-57ca-9674-8120edd7d69c"",""owner_native_state"":null,""payload"":{""body_prose_copied"":false,""native_bytes"":206647,""native_path"":""m49320/index.cnxml"",""native_record_id"":""m49320"",""native_sha256"":""ea72bbc8985a690e64628b5d00b5838e2b0fa464eec08a97a08c16c59e6ccb93"",""owner_id_preserved"":true,""projected_record_id"":""urn:uuid:0d586bde-0c1f-5143-a045-e1b22d5fc6b2"",""source_namespace"":""openstax-precalculus-2e/id-ID""},""record_type"":""native_binding"",""recorded_at"":""2026-09-07T00:00:00Z"",""semantic_key"":""a30:native-binding:m49320""}"
tables/native_bindings.jsonl,4,urn:uuid:1fc38f8d-f633-5f54-aee0-973ce4ee86c1,native_binding,"{""dataset_id"":""urn:uuid:661831b3-5b74-549b-be92-b84ce5992a88"",""id"":""urn:uuid:1fc38f8d-f633-5f54-aee0-973ce4ee86c1"",""normalized_state"":""candidate"",""owner_authority_id"":""urn:uuid:2c0d398e-59cd-57ca-9674-8120edd7d69c"",""owner_native_state"":null,""payload"":{""body_prose_copied"":false,""native_bytes"":116038,""native_path"":""m49306/index.cnxml"",""native_record_id"":""m49306"",""native_sha256"":""87e3bea0a14b4f487e0a5428b8138a644b0630b692d02c5a0e348e26ae3e6806"",""owner_id_preserved"":true,""projected_record_id"":""urn:uuid:42cf8d80-f09b-5bd9-be2a-1df0178f2c41"",""source_namespace"":""openstax-precalculus-2e/id-ID""},""record_type"":""native_binding"",""recorded_at"":""2026-09-07T00:00:00Z"",""semantic_key"":""a30:native-binding:m49306""}"
tables/native_bindings.jsonl,60,urn:uuid:2353ba4d-c2d3-5790-8dbc-a2b8dbddf0d7,native_binding,"{""dataset_id"":""urn:uuid:661831b3-5b74-549b-be92-b84ce5992a88"",""id"":""urn:uuid:2353ba4d-c2d3-5790-8dbc-a2b8dbddf0d7"",""normalized_state"":""candidate"",""owner_authority_id"":""urn:uuid:2c0d398e-59cd-57ca-9674-8120edd7d69c"",""owner_native_state"":null,""payload"":{""body_prose_copied"":false,""native_bytes"":152794,""native_path"":""m49431/index.cnxml"",""native_record_id"":""m49431"",""native_sha256"":""3601eacd088c27bfe7c773010062c94e30c9d988d5118ba92242bdd37cd5fd14"",""owner_id_preserved"":true,""projected_record_id"":""urn:uuid:64c13dad-b40b-59e7-a36a-27ceee33951b"",""source_namespace"":""openstax-precalculus-2e/id-ID""},""record_type"":""native_binding"",""recorded_at"":""2026-09-07T00:00:00Z"",""semantic_key"":""a30:native-binding:m49431""}"
tables/native_bindings.jsonl,36,urn:uuid:2534f449-677b-5cc4-a12f-6d6553501d6c,native_binding,"{""dataset_id"":""urn:uuid:661831b3-5b74-549b-be92-b84ce5992a88"",""id"":""urn:uuid:2534f449-677b-5cc4-a12f-6d6553501d6c"",""normalized_state"":""candidate"",""owner_authority_id"":""urn:uuid:2c0d398e-59cd-57ca-9674-8120edd7d69c"",""owner_native_state"":null,""payload"":{""body_prose_copied"":false,""native_bytes"":126846,""native_path"":""m49384/index.cnxml"",""native_record_id"":""m49384"",""native_sha256"":""16e3c73bd05ae5bb4bad9356d79be0dd33d4f5192359cd90b52fb0eaf8658b4f"",""owner_id_preserved"":true,""projected_record_id"":""urn:uuid:23d47f52-4ae0-5be9-b461-a039f5def645"",""source_namespace"":""openstax-precalculus-2e/id-ID""},""record_type"":""native_binding"",""recorded_at"":""2026-09-07T00:00:00Z"",""semantic_key"":""a30:native-binding:m49384""}"
tables/native_bindings.jsonl,37,urn:uuid:2fbfccaa-f2e2-58f1-898f-8223ab04cf16,native_binding,"{""dataset_id"":""urn:uuid:661831b3-5b74-549b-be92-b84ce5992a88"",""id"":""urn:uuid:2fbfccaa-f2e2-58f1-898f-8223ab04cf16"",""normalized_state"":""candidate"",""owner_authority_id"":""urn:uuid:2c0d398e-59cd-57ca-9674-8120edd7d69c"",""owner_native_state"":null,""payload"":{""body_prose_copied"":false,""native_bytes"":2789,""native_path"":""m49386/index.cnxml"",""native_record_id"":""m49386"",""native_sha256"":""bbb96d1832d83256e4cd90631f514dbe9bbf142d52f8f1dd7d2431de603befe5"",""owner_id_preserved"":true,""projected_record_id"":""urn:uuid:caa0b6e9-12d3-59d0-9bc2-0748b9a86947"",""source_namespace"":""openstax-precalculus-2e/id-ID""},""record_type"":""native_binding"",""recorded_at"":""2026-09-07T00:00:00Z"",""semantic_key"":""a30:native-binding:m49386""}"
tables/native_bindings.jsonl,5,urn:uuid:313180e6-62eb-557a-81b9-6ff770a06374,native_binding,"{""dataset_id"":""urn:uuid:661831b3-5b74-549b-be92-b84ce5992a88"",""id"":""urn:uuid:313180e6-62eb-557a-81b9-6ff770a06374"",""normalized_state"":""candidate"",""owner_authority_id"":""urn:uuid:2c0d398e-59cd-57ca-9674-8120edd7d69c"",""owner_native_state"":null,""payload"":{""body_prose_copied"":false,""native_bytes"":190343,""native_path"":""m49308/index.cnxml"",""native_record_id"":""m49308"",""native_sha256"":""8e463e13c840a2772f75b1fc9380451bea746c1948bc5b660bb2aea677928a81"",""owner_id_preserved"":true,""projected_record_id"":""urn:uuid:6be2cf9f-9951-554b-bd55-1f8ed50242b7"",""source_namespace"":""openstax-precalculus-2e/id-ID""},""record_type"":""native_binding"",""recorded_at"":""2026-09-07T00:00:00Z"",""semantic_key"":""a30:native-binding:m49308""}"
tables/native_bindings.jsonl,59,urn:uuid:34102d07-4ca3-5cea-99bf-2a178bdae3a6,native_binding,"{""dataset_id"":""urn:uuid:661831b3-5b74-549b-be92-b84ce5992a88"",""id"":""urn:uuid:34102d07-4ca3-5cea-99bf-2a178bdae3a6"",""normalized_state"":""candidate"",""owner_authority_id"":""urn:uuid:2c0d398e-59cd-57ca-9674-8120edd7d69c"",""owner_native_state"":null,""payload"":{""body_prose_copied"":false,""native_bytes"":186733,""native_path"":""m49420/index.cnxml"",""native_record_id"":""m49420"",""native_sha256"":""e87ad1749a8fdfbc3fa2cc0a275ba541685918748941819676ca99b04fb3d2f9"",""owner_id_preserved"":true,""projected_record_id"":""urn:uuid:b0084aee-fd2f-598a-a080-68ab1f5599fb"",""source_namespace"":""openstax-precalculus-2e/id-ID""},""record_type"":""native_binding"",""recorded_at"":""2026-09-07T00:00:00Z"",""semantic_key"":""a30:native-binding:m49420""}"
tables/native_bindings.jsonl,1,urn:uuid:348991bf-bd7b-5f4e-9f60-3200e4db3361,native_binding,"{""dataset_id"":""urn:uuid:661831b3-5b74-549b-be92-b84ce5992a88"",""id"":""urn:uuid:348991bf-bd7b-5f4e-9f60-3200e4db3361"",""normalized_state"":""candidate"",""owner_authority_id"":""urn:uuid:2c0d398e-59cd-57ca-9674-8120edd7d69c"",""owner_native_state"":null,""payload"":{""body_prose_copied"":false,""native_bytes"":1963,""native_path"":""m49299/index.cnxml"",""native_record_id"":""m49299"",""native_sha256"":""9539d32c4a802797ad1b350c8823bf105ece72bbffd64d8d006b3b3ef034e906"",""owner_id_preserved"":true,""projected_record_id"":""urn:uuid:05e8219c-4324-5cc5-b040-15dc99debf4a"",""source_namespace"":""openstax-precalculus-2e/id-ID""},""record_type"":""native_binding"",""recorded_at"":""2026-09-07T00:00:00Z"",""semantic_key"":""a30:native-binding:m49299""}"
tables/native_bindings.jsonl,28,urn:uuid:371eaa21-168c-5329-9eb0-197c15053a7a,native_binding,"{""dataset_id"":""urn:uuid:661831b3-5b74-549b-be92-b84ce5992a88"",""id"":""urn:uuid:371eaa21-168c-5329-9eb0-197c15053a7a"",""normalized_state"":""candidate"",""owner_authority_id"":""urn:uuid:2c0d398e-59cd-57ca-9674-8120edd7d69c"",""owner_native_state"":null,""payload"":{""body_prose_copied"":false,""native_bytes"":185095,""native_path"":""m49365/index.cnxml"",""native_record_id"":""m49365"",""native_sha256"":""c0c1906eef6898d2ab903be6cb10e79c1722f6fc135e1f9c98ca5c512bb9ccd3"",""owner_id_preserved"":true,""projected_record_id"":""urn:uuid:62698e31-22cf-5c53-9d05-e729554524a8"",""source_namespace"":""openstax-precalculus-2e/id-ID""},""record_type"":""native_binding"",""recorded_at"":""2026-09-07T00:00:00Z"",""semantic_key"":""a30:native-binding:m49365""}"
tables/native_bindings.jsonl,11,urn:uuid:3801dc10-9554-500f-9063-def454c04c41,native_binding,"{""dataset_id"":""urn:uuid:661831b3-5b74-549b-be92-b84ce5992a88"",""id"":""urn:uuid:3801dc10-9554-500f-9063-def454c04c41"",""normalized_state"":""candidate"",""owner_authority_id"":""urn:uuid:2c0d398e-59cd-57ca-9674-8120edd7d69c"",""owner_native_state"":null,""payload"":{""body_prose_copied"":false,""native_bytes"":92350,""native_path"":""m49326/index.cnxml"",""native_record_id"":""m49326"",""native_sha256"":""7676e49303e8cc6e34aaf1ac62a75fdff47c6fe0b413aec049fbf9d3499c97e2"",""owner_id_preserved"":true,""projected_record_id"":""urn:uuid:7dc79841-7e22-5d64-b954-6aa66c68f0fa"",""source_namespace"":""openstax-precalculus-2e/id-ID""},""record_type"":""native_binding"",""recorded_at"":""2026-09-07T00:00:00Z"",""semantic_key"":""a30:native-binding:m49326""}"
tables/native_bindings.jsonl,87,urn:uuid:3ca0e3a8-272c-58e7-b0e8-1375e22a1200,native_binding,"{""dataset_id"":""urn:uuid:661831b3-5b74-549b-be92-b84ce5992a88"",""id"":""urn:uuid:3ca0e3a8-272c-58e7-b0e8-1375e22a1200"",""normalized_state"":""candidate"",""owner_authority_id"":""urn:uuid:2c0d398e-59cd-57ca-9674-8120edd7d69c"",""owner_native_state"":null,""payload"":{""body_prose_copied"":false,""native_bytes"":25847,""native_path"":""m50919/index.cnxml"",""native_record_id"":""m50919"",""native_sha256"":""f6cfb6514c8b3e8cbeff7e1e81bc3ef2db53750bc91305f167af43fb70805a69"",""owner_id_preserved"":true,""projected_record_id"":""urn:uuid:e752cd73-317c-59a7-9ecc-df80368aac5e"",""source_namespace"":""openstax-precalculus-2e/id-ID""},""record_type"":""native_binding"",""recorded_at"":""2026-09-07T00:00:00Z"",""semantic_key"":""a30:native-binding:m50919""}"
tables/native_bindings.jsonl,31,urn:uuid:3d4e1f08-ba5b-5b53-bdf8-2dfa5b54c013,native_binding,"{""dataset_id"":""urn:uuid:661831b3-5b74-549b-be92-b84ce5992a88"",""id"":""urn:uuid:3d4e1f08-ba5b-5b53-bdf8-2dfa5b54c013"",""normalized_state"":""candidate"",""owner_authority_id"":""urn:uuid:2c0d398e-59cd-57ca-9674-8120edd7d69c"",""owner_native_state"":null,""payload"":{""body_prose_copied"":false,""native_bytes"":220336,""native_path"":""m49368/index.cnxml"",""native_record_id"":""m49368"",""native_sha256"":""7d2b7b342c1b5c32eca3a3874ee8a0649dcfb960fd9d0a81cf150ac60bc40f10"",""owner_id_preserved"":true,""projected_record_id"":""urn:uuid:154e7129-115c-5c90-9b6a-c31a5064135c"",""source_namespace"":""openstax-precalculus-2e/id-ID""},""record_type"":""native_binding"",""recorded_at"":""2026-09-07T00:00:00Z"",""semantic_key"":""a30:native-binding:m49368""}"
tables/native_bindings.jsonl,45,urn:uuid:3df14bcd-41e9-599e-bfee-5732e72b133b,native_binding,"{""dataset_id"":""urn:uuid:661831b3-5b74-549b-be92-b84ce5992a88"",""id"":""urn:uuid:3df14bcd-41e9-599e-bfee-5732e72b133b"",""normalized_state"":""candidate"",""owner_authority_id"":""urn:uuid:2c0d398e-59cd-57ca-9674-8120edd7d69c"",""owner_native_state"":null,""payload"":{""body_prose_copied"":false,""native_bytes"":161828,""native_path"":""m49397/index.cnxml"",""native_record_id"":""m49397"",""native_sha256"":""518e82cad5d41cb19f9a3e5389d70d54c2c80817461c8be92df6d9178b1d2899"",""owner_id_preserved"":true,""projected_record_id"":""urn:uuid:944e0489-909b-5e2d-8142-ab0febc3a44d"",""source_namespace"":""openstax-precalculus-2e/id-ID""},""record_type"":""native_binding"",""recorded_at"":""2026-09-07T00:00:00Z"",""semantic_key"":""a30:native-binding:m49397""}"
tables/native_bindings.jsonl,67,urn:uuid:42b8e922-8786-5135-904e-088d44f2e586,native_binding,"{""dataset_id"":""urn:uuid:661831b3-5b74-549b-be92-b84ce5992a88"",""id"":""urn:uuid:42b8e922-8786-5135-904e-088d44f2e586"",""normalized_state"":""candidate"",""owner_authority_id"":""urn:uuid:2c0d398e-59cd-57ca-9674-8120edd7d69c"",""owner_native_state"":null,""payload"":{""body_prose_copied"":false,""native_bytes"":267149,""native_path"":""m49438/index.cnxml"",""native_record_id"":""m49438"",""native_sha256"":""70f04e4b512f35ec5617f5b8c7045e5c7ac4a4473a6bf69a464f0477135d5a5e"",""owner_id_preserved"":true,""projected_record_id"":""urn:uuid:d2eebe8e-7f2e-5797-b4dd-684386aa7dad"",""source_namespace"":""openstax-precalculus-2e/id-ID""},""record_type"":""native_binding"",""recorded_at"":""2026-09-07T00:00:00Z"",""semantic_key"":""a30:native-binding:m49438""}"
tables/native_bindings.jsonl,52,urn:uuid:48d0e289-c4c2-5c65-8e4e-1a1dda16c2e6,native_binding,"{""dataset_id"":""urn:uuid:661831b3-5b74-549b-be92-b84ce5992a88"",""id"":""urn:uuid:48d0e289-c4c2-5c65-8e4e-1a1dda16c2e6"",""normalized_state"":""candidate"",""owner_authority_id"":""urn:uuid:2c0d398e-59cd-57ca-9674-8120edd7d69c"",""owner_native_state"":null,""payload"":{""body_prose_copied"":false,""native_bytes"":175368,""native_path"":""m49407/index.cnxml"",""native_record_id"":""m49407"",""native_sha256"":""3783ce0448cac5515ba6b1f416af9cfe01275f4388ab45e1b443d98127fb12d8"",""owner_id_preserved"":true,""projected_record_id"":""urn:uuid:f12e1b62-34ba-5bde-841a-1c477f90dbcb"",""source_namespace"":""openstax-precalculus-2e/id-ID""},""record_type"":""native_binding"",""recorded_at"":""2026-09-07T00:00:00Z"",""semantic_key"":""a30:native-binding:m49407""}"
tables/native_bindings.jsonl,64,urn:uuid:4f8d1781-ca99-5f7d-98f7-c45089ee4350,native_binding,"{""dataset_id"":""urn:uuid:661831b3-5b74-549b-be92-b84ce5992a88"",""id"":""urn:uuid:4f8d1781-ca99-5f7d-98f7-c45089ee4350"",""normalized_state"":""candidate"",""owner_authority_id"":""urn:uuid:2c0d398e-59cd-57ca-9674-8120edd7d69c"",""owner_native_state"":null,""payload"":{""body_prose_copied"":false,""native_bytes"":357623,""native_path"":""m49435/index.cnxml"",""native_record_id"":""m49435"",""native_sha256"":""9fb8562e01949dab44c79513c56a498e2beeb264a4e68a6da8a6880aeba392b5"",""owner_id_preserved"":true,""projected_record_id"":""urn:uuid:048fcd4e-3715-545e-a8fa-d352e03b67ad"",""source_namespace"":""openstax-precalculus-2e/id-ID""},""record_type"":""native_binding"",""recorded_at"":""2026-09-07T00:00:00Z"",""semantic_key"":""a30:native-binding:m49435""}"
tables/native_bindings.jsonl,82,urn:uuid:521d3bcf-be45-5be3-8df2-1d194e603570,native_binding,"{""dataset_id"":""urn:uuid:661831b3-5b74-549b-be92-b84ce5992a88"",""id"":""urn:uuid:521d3bcf-be45-5be3-8df2-1d194e603570"",""normalized_state"":""candidate"",""owner_authority_id"":""urn:uuid:2c0d398e-59cd-57ca-9674-8120edd7d69c"",""owner_native_state"":null,""payload"":{""body_prose_copied"":false,""native_bytes"":124052,""native_path"":""m49453/index.cnxml"",""native_record_id"":""m49453"",""native_sha256"":""239efbbc055450819e397454bebe6a5368af399d2bc2b688a5222b8ca79877c9"",""owner_id_preserved"":true,""projected_record_id"":""urn:uuid:f517107a-975a-5ba9-bc44-d5f0cc9a77b8"",""source_namespace"":""openstax-precalculus-2e/id-ID""},""record_type"":""native_binding"",""recorded_at"":""2026-09-07T00:00:00Z"",""semantic_key"":""a30:native-binding:m49453""}"
tables/native_bindings.jsonl,39,urn:uuid:55115132-7600-5f61-8c83-af8a92d717b6,native_binding,"{""dataset_id"":""urn:uuid:661831b3-5b74-549b-be92-b84ce5992a88"",""id"":""urn:uuid:55115132-7600-5f61-8c83-af8a92d717b6"",""normalized_state"":""candidate"",""owner_authority_id"":""urn:uuid:2c0d398e-59cd-57ca-9674-8120edd7d69c"",""owner_native_state"":null,""payload"":{""body_prose_copied"":false,""native_bytes"":197841,""native_path"":""m49389/index.cnxml"",""native_record_id"":""m49389"",""native_sha256"":""c1d1bda6c7e893c2c32668406eafa62b5ed2a62a40cfd5f6bd00ac474d6dd72f"",""owner_id_preserved"":true,""projected_record_id"":""urn:uuid:98b7fff5-0c6a-5d86-9fde-7759ce72e03c"",""source_namespace"":""openstax-precalculus-2e/id-ID""},""record_type"":""native_binding"",""recorded_at"":""2026-09-07T00:00:00Z"",""semantic_key"":""a30:native-binding:m49389""}"
tables/native_bindings.jsonl,47,urn:uuid:5564ef48-9276-590f-b820-033d3152c1bf,native_binding,"{""dataset_id"":""urn:uuid:661831b3-5b74-549b-be92-b84ce5992a88"",""id"":""urn:uuid:5564ef48-9276-590f-b820-033d3152c1bf"",""normalized_state"":""candidate"",""owner_authority_id"":""urn:uuid:2c0d398e-59cd-57ca-9674-8120edd7d69c"",""owner_native_state"":null,""payload"":{""body_prose_copied"":false,""native_bytes"":283293,""native_path"":""m49399/index.cnxml"",""native_record_id"":""m49399"",""native_sha256"":""9211168fa400315837f46b8b9b9d0ead5ea3a9e1fff631b3858523c897229e67"",""owner_id_preserved"":true,""projected_record_id"":""urn:uuid:1a70b144-a53a-587d-bd9e-9c56844c9e32"",""source_namespace"":""openstax-precalculus-2e/id-ID""},""record_type"":""native_binding"",""recorded_at"":""2026-09-07T00:00:00Z"",""semantic_key"":""a30:native-binding:m49399""}"
tables/native_bindings.jsonl,86,urn:uuid:5d2c2890-938d-517c-a587-14bdfd66264f,native_binding,"{""dataset_id"":""urn:uuid:661831b3-5b74-549b-be92-b84ce5992a88"",""id"":""urn:uuid:5d2c2890-938d-517c-a587-14bdfd66264f"",""normalized_state"":""candidate"",""owner_authority_id"":""urn:uuid:2c0d398e-59cd-57ca-9674-8120edd7d69c"",""owner_native_state"":null,""payload"":{""body_prose_copied"":false,""native_bytes"":31467,""native_path"":""m50414/index.cnxml"",""native_record_id"":""m50414"",""native_sha256"":""783db8140af97eeb52984caa4aa85b986fe6538356ef681493d3e99f9ee2128e"",""owner_id_preserved"":true,""projected_record_id"":""urn:uuid:1f16841e-3922-5971-9908-087daa6450fd"",""source_namespace"":""openstax-precalculus-2e/id-ID""},""record_type"":""native_binding"",""recorded_at"":""2026-09-07T00:00:00Z"",""semantic_key"":""a30:native-binding:m50414""}"
tables/native_bindings.jsonl,58,urn:uuid:5da8140c-dcce-5673-b2d8-7120b7574812,native_binding,"{""dataset_id"":""urn:uuid:661831b3-5b74-549b-be92-b84ce5992a88"",""id"":""urn:uuid:5da8140c-dcce-5673-b2d8-7120b7574812"",""normalized_state"":""candidate"",""owner_authority_id"":""urn:uuid:2c0d398e-59cd-57ca-9674-8120edd7d69c"",""owner_native_state"":null,""payload"":{""body_prose_copied"":false,""native_bytes"":171871,""native_path"":""m49419/index.cnxml"",""native_record_id"":""m49419"",""native_sha256"":""a5262806cdee35dcb4d062e6c1eae601c6f039a06e7179bba3a509d03c1a9373"",""owner_id_preserved"":true,""projected_record_id"":""urn:uuid:fb208ee8-2cca-5962-8077-0cbfe4120502"",""source_namespace"":""openstax-precalculus-2e/id-ID""},""record_type"":""native_binding"",""recorded_at"":""2026-09-07T00:00:00Z"",""semantic_key"":""a30:native-binding:m49419""}"
tables/native_bindings.jsonl,62,urn:uuid:5e2d8edd-8c9f-5b46-9a5f-9a2fc7169e5e,native_binding,"{""dataset_id"":""urn:uuid:661831b3-5b74-549b-be92-b84ce5992a88"",""id"":""urn:uuid:5e2d8edd-8c9f-5b46-9a5f-9a2fc7169e5e"",""normalized_state"":""candidate"",""owner_authority_id"":""urn:uuid:2c0d398e-59cd-57ca-9674-8120edd7d69c"",""owner_native_state"":null,""payload"":{""body_prose_copied"":false,""native_bytes"":262294,""native_path"":""m49433/index.cnxml"",""native_record_id"":""m49433"",""native_sha256"":""3714ab2c27e006a483960c9d1290a5304db45264f07efd49ac4fcb871553652f"",""owner_id_preserved"":true,""projected_record_id"":""urn:uuid:b46f4834-5e91-57da-9de4-af070c4724b3"",""source_namespace"":""openstax-precalculus-2e/id-ID""},""record_type"":""native_binding"",""recorded_at"":""2026-09-07T00:00:00Z"",""semantic_key"":""a30:native-binding:m49433""}"
tables/native_bindings.jsonl,63,urn:uuid:5f3c5525-4aae-5bdd-8434-544f3e63723b,native_binding,"{""dataset_id"":""urn:uuid:661831b3-5b74-549b-be92-b84ce5992a88"",""id"":""urn:uuid:5f3c5525-4aae-5bdd-8434-544f3e63723b"",""normalized_state"":""candidate"",""owner_authority_id"":""urn:uuid:2c0d398e-59cd-57ca-9674-8120edd7d69c"",""owner_native_state"":null,""payload"":{""body_prose_copied"":false,""native_bytes"":248927,""native_path"":""m49434/index.cnxml"",""native_record_id"":""m49434"",""native_sha256"":""97b425e131bf633f4eae72a37cbf406278dfe219692d2cbdd51121eb5b760d6f"",""owner_id_preserved"":true,""projected_record_id"":""urn:uuid:07b6a173-131e-52f5-8e31-9d26a538d751"",""source_namespace"":""openstax-precalculus-2e/id-ID""},""record_type"":""native_binding"",""recorded_at"":""2026-09-07T00:00:00Z"",""semantic_key"":""a30:native-binding:m49434""}"
tables/native_bindings.jsonl,42,urn:uuid:6679c8a7-fb38-549e-b2f6-9e96ec5ccc95,native_binding,"{""dataset_id"":""urn:uuid:661831b3-5b74-549b-be92-b84ce5992a88"",""id"":""urn:uuid:6679c8a7-fb38-549e-b2f6-9e96ec5ccc95"",""normalized_state"":""candidate"",""owner_authority_id"":""urn:uuid:2c0d398e-59cd-57ca-9674-8120edd7d69c"",""owner_native_state"":null,""payload"":{""body_prose_copied"":false,""native_bytes"":141573,""native_path"":""m49393/index.cnxml"",""native_record_id"":""m49393"",""native_sha256"":""127998ee2cb1b1aa44beb4df1bee6aab9b593dddaf3e7e919e1e047d2ef59747"",""owner_id_preserved"":true,""projected_record_id"":""urn:uuid:c1dad04c-de45-5f48-b832-3d029421543f"",""source_namespace"":""openstax-precalculus-2e/id-ID""},""record_type"":""native_binding"",""recorded_at"":""2026-09-07T00:00:00Z"",""semantic_key"":""a30:native-binding:m49393""}"
tables/native_bindings.jsonl,75,urn:uuid:71791cb1-0e9a-54ee-9f3b-c681a060cc20,native_binding,"{""dataset_id"":""urn:uuid:661831b3-5b74-549b-be92-b84ce5992a88"",""id"":""urn:uuid:71791cb1-0e9a-54ee-9f3b-c681a060cc20"",""normalized_state"":""candidate"",""owner_authority_id"":""urn:uuid:2c0d398e-59cd-57ca-9674-8120edd7d69c"",""owner_native_state"":null,""payload"":{""body_prose_copied"":false,""native_bytes"":112514,""native_path"":""m49446/index.cnxml"",""native_record_id"":""m49446"",""native_sha256"":""447ab1761c7a2845b48af9711291244004d056c1209cb38398673839f6329ec5"",""owner_id_preserved"":true,""projected_record_id"":""urn:uuid:2bd5567f-eae9-5251-a5a8-be9d0cff94da"",""source_namespace"":""openstax-precalculus-2e/id-ID""},""record_type"":""native_binding"",""recorded_at"":""2026-09-07T00:00:00Z"",""semantic_key"":""a30:native-binding:m49446""}"
tables/native_bindings.jsonl,40,urn:uuid:7386aeae-0d3e-5765-8bf1-98822ba53519,native_binding,"{""dataset_id"":""urn:uuid:661831b3-5b74-549b-be92-b84ce5992a88"",""id"":""urn:uuid:7386aeae-0d3e-5765-8bf1-98822ba53519"",""normalized_state"":""candidate"",""owner_authority_id"":""urn:uuid:2c0d398e-59cd-57ca-9674-8120edd7d69c"",""owner_native_state"":null,""payload"":{""body_prose_copied"":false,""native_bytes"":239182,""native_path"":""m49390/index.cnxml"",""native_record_id"":""m49390"",""native_sha256"":""97c66042d3d978a570d83efdfdadffeafc00cd9e4145f29c54c87124aa724d53"",""owner_id_preserved"":true,""projected_record_id"":""urn:uuid:74f3794c-fea8-54cc-b601-303fd6d15444"",""source_namespace"":""openstax-precalculus-2e/id-ID""},""record_type"":""native_binding"",""recorded_at"":""2026-09-07T00:00:00Z"",""semantic_key"":""a30:native-binding:m49390""}"
tables/native_bindings.jsonl,46,urn:uuid:74ec4d93-3d66-56a2-98fa-0943b16157cb,native_binding,"{""dataset_id"":""urn:uuid:661831b3-5b74-549b-be92-b84ce5992a88"",""id"":""urn:uuid:74ec4d93-3d66-56a2-98fa-0943b16157cb"",""normalized_state"":""candidate"",""owner_authority_id"":""urn:uuid:2c0d398e-59cd-57ca-9674-8120edd7d69c"",""owner_native_state"":null,""payload"":{""body_prose_copied"":false,""native_bytes"":184807,""native_path"":""m49398/index.cnxml"",""native_record_id"":""m49398"",""native_sha256"":""bea40de87c9c0beb6555d8d6a29b59b133ee8f6836e324cf4f954ba2af1502b1"",""owner_id_preserved"":true,""projected_record_id"":""urn:uuid:15eb1b22-a5a9-58c3-80a1-6d6f0030ad7d"",""source_namespace"":""openstax-precalculus-2e/id-ID""},""record_type"":""native_binding"",""recorded_at"":""2026-09-07T00:00:00Z"",""semantic_key"":""a30:native-binding:m49398""}"
tables/native_bindings.jsonl,77,urn:uuid:7bf232a4-a6a3-5c54-ba6a-99509982270e,native_binding,"{""dataset_id"":""urn:uuid:661831b3-5b74-549b-be92-b84ce5992a88"",""id"":""urn:uuid:7bf232a4-a6a3-5c54-ba6a-99509982270e"",""normalized_state"":""candidate"",""owner_authority_id"":""urn:uuid:2c0d398e-59cd-57ca-9674-8120edd7d69c"",""owner_native_state"":null,""payload"":{""body_prose_copied"":false,""native_bytes"":96356,""native_path"":""m49448/index.cnxml"",""native_record_id"":""m49448"",""native_sha256"":""5dab69ee46ae70231986b2d244d448b904594520087736a52ce7bbd567c0fba5"",""owner_id_preserved"":true,""projected_record_id"":""urn:uuid:ab2ae219-f335-5771-a732-a5cf80ffbe2a"",""source_namespace"":""openstax-precalculus-2e/id-ID""},""record_type"":""native_binding"",""recorded_at"":""2026-09-07T00:00:00Z"",""semantic_key"":""a30:native-binding:m49448""}"
tables/native_bindings.jsonl,54,urn:uuid:7c935bd2-62ce-5d6e-ae89-1f403e12a3b3,native_binding,"{""dataset_id"":""urn:uuid:661831b3-5b74-549b-be92-b84ce5992a88"",""id"":""urn:uuid:7c935bd2-62ce-5d6e-ae89-1f403e12a3b3"",""normalized_state"":""candidate"",""owner_authority_id"":""urn:uuid:2c0d398e-59cd-57ca-9674-8120edd7d69c"",""owner_native_state"":null,""payload"":{""body_prose_copied"":false,""native_bytes"":146586,""native_path"":""m49409/index.cnxml"",""native_record_id"":""m49409"",""native_sha256"":""f18aba1f87276e229883ce3786c474b0f11ba870792615e9be3988d6d3323516"",""owner_id_preserved"":true,""projected_record_id"":""urn:uuid:2dceff21-cedd-5e89-92c7-7f86d365b36b"",""source_namespace"":""openstax-precalculus-2e/id-ID""},""record_type"":""native_binding"",""recorded_at"":""2026-09-07T00:00:00Z"",""semantic_key"":""a30:native-binding:m49409""}"
tables/native_bindings.jsonl,71,urn:uuid:7d4a3aa5-4bd3-5253-9de1-b431388805b7,native_binding,"{""dataset_id"":""urn:uuid:661831b3-5b74-549b-be92-b84ce5992a88"",""id"":""urn:uuid:7d4a3aa5-4bd3-5253-9de1-b431388805b7"",""normalized_state"":""candidate"",""owner_authority_id"":""urn:uuid:2c0d398e-59cd-57ca-9674-8120edd7d69c"",""owner_native_state"":null,""payload"":{""body_prose_copied"":false,""native_bytes"":221462,""native_path"":""m49442/index.cnxml"",""native_record_id"":""m49442"",""native_sha256"":""fcc8e508be4191c3d80e890fc3623171d56ff2b350b27fa67885a37ca5f7d1a8"",""owner_id_preserved"":true,""projected_record_id"":""urn:uuid:ee25aa04-a162-53e8-a87b-1922b30aae98"",""source_namespace"":""openstax-precalculus-2e/id-ID""},""record_type"":""native_binding"",""recorded_at"":""2026-09-07T00:00:00Z"",""semantic_key"":""a30:native-binding:m49442""}"
tables/native_bindings.jsonl,13,urn:uuid:7f4fa8c0-1285-5894-9545-99f54d4beee6,native_binding,"{""dataset_id"":""urn:uuid:661831b3-5b74-549b-be92-b84ce5992a88"",""id"":""urn:uuid:7f4fa8c0-1285-5894-9545-99f54d4beee6"",""normalized_state"":""candidate"",""owner_authority_id"":""urn:uuid:2c0d398e-59cd-57ca-9674-8120edd7d69c"",""owner_native_state"":null,""payload"":{""body_prose_copied"":false,""native_bytes"":2291,""native_path"":""m49334/index.cnxml"",""native_record_id"":""m49334"",""native_sha256"":""d3b403307895210436da9776c1e23248ca7788dcfa3380205c2ec37a5639a220"",""owner_id_preserved"":true,""projected_record_id"":""urn:uuid:f3fa9903-cb3c-5017-8192-f28331a26b4f"",""source_namespace"":""openstax-precalculus-2e/id-ID""},""record_type"":""native_binding"",""recorded_at"":""2026-09-07T00:00:00Z"",""semantic_key"":""a30:native-binding:m49334""}"
tables/native_bindings.jsonl,74,urn:uuid:80cfa60b-7037-526b-a3e0-a574dfff6c5b,native_binding,"{""dataset_id"":""urn:uuid:661831b3-5b74-549b-be92-b84ce5992a88"",""id"":""urn:uuid:80cfa60b-7037-526b-a3e0-a574dfff6c5b"",""normalized_state"":""candidate"",""owner_authority_id"":""urn:uuid:2c0d398e-59cd-57ca-9674-8120edd7d69c"",""owner_native_state"":null,""payload"":{""body_prose_copied"":false,""native_bytes"":124828,""native_path"":""m49445/index.cnxml"",""native_record_id"":""m49445"",""native_sha256"":""7bc2719ed6f8338a7d76d7b082e22f00d16ae27a1cf7b5127624ef18564178de"",""owner_id_preserved"":true,""projected_record_id"":""urn:uuid:35f9afc5-a98f-5b38-92fe-b469abc67eb2"",""source_namespace"":""openstax-precalculus-2e/id-ID""},""record_type"":""native_binding"",""recorded_at"":""2026-09-07T00:00:00Z"",""semantic_key"":""a30:native-binding:m49445""}"
tables/native_bindings.jsonl,55,urn:uuid:81ca2fee-cb28-5c02-b49f-eb720a2253da,native_binding,"{""dataset_id"":""urn:uuid:661831b3-5b74-549b-be92-b84ce5992a88"",""id"":""urn:uuid:81ca2fee-cb28-5c02-b49f-eb720a2253da"",""normalized_state"":""candidate"",""owner_authority_id"":""urn:uuid:2c0d398e-59cd-57ca-9674-8120edd7d69c"",""owner_native_state"":null,""payload"":{""body_prose_copied"":false,""native_bytes"":163837,""native_path"":""m49411/index.cnxml"",""native_record_id"":""m49411"",""native_sha256"":""ca22a64e28d55660e31887d683aa222826c00b1c74b048e2c8f9406546ec7647"",""owner_id_preserved"":true,""projected_record_id"":""urn:uuid:a816627b-5a02-5c26-a792-b1d6c693e66f"",""source_namespace"":""openstax-precalculus-2e/id-ID""},""record_type"":""native_binding"",""recorded_at"":""2026-09-07T00:00:00Z"",""semantic_key"":""a30:native-binding:m49411""}"
tables/native_bindings.jsonl,25,urn:uuid:824648e1-bd1a-5c4f-bf13-73c4ad03b989,native_binding,"{""dataset_id"":""urn:uuid:661831b3-5b74-549b-be92-b84ce5992a88"",""id"":""urn:uuid:824648e1-bd1a-5c4f-bf13-73c4ad03b989"",""normalized_state"":""candidate"",""owner_authority_id"":""urn:uuid:2c0d398e-59cd-57ca-9674-8120edd7d69c"",""owner_native_state"":null,""payload"":{""body_prose_copied"":false,""native_bytes"":151747,""native_path"":""m49362/index.cnxml"",""native_record_id"":""m49362"",""native_sha256"":""4e1a0d4858afc43f543d20c2f03f2be1bf30ec60c49bba9adb3f3ae77254113a"",""owner_id_preserved"":true,""projected_record_id"":""urn:uuid:a3a0dd2c-e105-55a5-a564-8de1e0a4c558"",""source_namespace"":""openstax-precalculus-2e/id-ID""},""record_type"":""native_binding"",""recorded_at"":""2026-09-07T00:00:00Z"",""semantic_key"":""a30:native-binding:m49362""}"
tables/native_bindings.jsonl,9,urn:uuid:8280a4c1-5af1-5e67-ae02-d91038c3b270,native_binding,"{""dataset_id"":""urn:uuid:661831b3-5b74-549b-be92-b84ce5992a88"",""id"":""urn:uuid:8280a4c1-5af1-5e67-ae02-d91038c3b270"",""normalized_state"":""candidate"",""owner_authority_id"":""urn:uuid:2c0d398e-59cd-57ca-9674-8120edd7d69c"",""owner_native_state"":null,""payload"":{""body_prose_copied"":false,""native_bytes"":1829,""native_path"":""m49321/index.cnxml"",""native_record_id"":""m49321"",""native_sha256"":""6d26c96d6f4dc62b0772984b8433045a797c11b8e265efc5ff8dad5eb792eed5"",""owner_id_preserved"":true,""projected_record_id"":""urn:uuid:63c6c031-ac9e-5bf8-8382-99e6a47ab739"",""source_namespace"":""openstax-precalculus-2e/id-ID""},""record_type"":""native_binding"",""recorded_at"":""2026-09-07T00:00:00Z"",""semantic_key"":""a30:native-binding:m49321""}"
tables/native_bindings.jsonl,33,urn:uuid:8524642c-b183-5f8d-b4ec-c65e8bb0cfac,native_binding,"{""dataset_id"":""urn:uuid:661831b3-5b74-549b-be92-b84ce5992a88"",""id"":""urn:uuid:8524642c-b183-5f8d-b4ec-c65e8bb0cfac"",""normalized_state"":""candidate"",""owner_authority_id"":""urn:uuid:2c0d398e-59cd-57ca-9674-8120edd7d69c"",""owner_native_state"":null,""payload"":{""body_prose_copied"":false,""native_bytes"":138269,""native_path"":""m49371/index.cnxml"",""native_record_id"":""m49371"",""native_sha256"":""7a1b27d6d178b0a7f89b3b3252f7f440f12a1e60d7e9a08c59c7407a92b4ef3a"",""owner_id_preserved"":true,""projected_record_id"":""urn:uuid:3a57dc28-4b62-524c-b721-f1849261340f"",""source_namespace"":""openstax-precalculus-2e/id-ID""},""record_type"":""native_binding"",""recorded_at"":""2026-09-07T00:00:00Z"",""semantic_key"":""a30:native-binding:m49371""}"
tables/native_bindings.jsonl,23,urn:uuid:87083370-8ff4-5a28-860c-da2e2024b232,native_binding,"{""dataset_id"":""urn:uuid:661831b3-5b74-549b-be92-b84ce5992a88"",""id"":""urn:uuid:87083370-8ff4-5a28-860c-da2e2024b232"",""normalized_state"":""candidate"",""owner_authority_id"":""urn:uuid:2c0d398e-59cd-57ca-9674-8120edd7d69c"",""owner_native_state"":null,""payload"":{""body_prose_copied"":false,""native_bytes"":4079,""native_path"":""m49356/index.cnxml"",""native_record_id"":""m49356"",""native_sha256"":""984614358d7e4418b0ae7fcf26e150f3bd5a0f0417636a1520741ea364c365eb"",""owner_id_preserved"":true,""projected_record_id"":""urn:uuid:6f0f502d-52c9-5323-b266-c7372fbca0de"",""source_namespace"":""openstax-precalculus-2e/id-ID""},""record_type"":""native_binding"",""recorded_at"":""2026-09-07T00:00:00Z"",""semantic_key"":""a30:native-binding:m49356""}"
tables/native_bindings.jsonl,72,urn:uuid:8b79d29c-131b-52ea-925a-cc576272475e,native_binding,"{""dataset_id"":""urn:uuid:661831b3-5b74-549b-be92-b84ce5992a88"",""id"":""urn:uuid:8b79d29c-131b-52ea-925a-cc576272475e"",""normalized_state"":""candidate"",""owner_authority_id"":""urn:uuid:2c0d398e-59cd-57ca-9674-8120edd7d69c"",""owner_native_state"":null,""payload"":{""body_prose_copied"":false,""native_bytes"":1901,""native_path"":""m49443/index.cnxml"",""native_record_id"":""m49443"",""native_sha256"":""320b377ef5bc58d9d812889123919eb3635658ead59f9551ed1486cd81bd43df"",""owner_id_preserved"":true,""projected_record_id"":""urn:uuid:3d174fe0-4210-5293-80f3-a395b864a336"",""source_namespace"":""openstax-precalculus-2e/id-ID""},""record_type"":""native_binding"",""recorded_at"":""2026-09-07T00:00:00Z"",""semantic_key"":""a30:native-binding:m49443""}"
tables/native_bindings.jsonl,61,urn:uuid:8fc0b410-b33e-532a-a880-473ea8f0b59c,native_binding,"{""dataset_id"":""urn:uuid:661831b3-5b74-549b-be92-b84ce5992a88"",""id"":""urn:uuid:8fc0b410-b33e-532a-a880-473ea8f0b59c"",""normalized_state"":""candidate"",""owner_authority_id"":""urn:uuid:2c0d398e-59cd-57ca-9674-8120edd7d69c"",""owner_native_state"":null,""payload"":{""body_prose_copied"":false,""native_bytes"":202078,""native_path"":""m49432/index.cnxml"",""native_record_id"":""m49432"",""native_sha256"":""534724d24739789c342bee0f1a4a9dd0ee946261cf0101d701af55589f29faef"",""owner_id_preserved"":true,""projected_record_id"":""urn:uuid:1b01e44e-87f6-5815-9ebe-8cc1cb1b3eb5"",""source_namespace"":""openstax-precalculus-2e/id-ID""},""record_type"":""native_binding"",""recorded_at"":""2026-09-07T00:00:00Z"",""semantic_key"":""a30:native-binding:m49432""}"
tables/native_bindings.jsonl,51,urn:uuid:939ca35b-fd21-5fb7-9e47-8e06a0e86325,native_binding,"{""dataset_id"":""urn:uuid:661831b3-5b74-549b-be92-b84ce5992a88"",""id"":""urn:uuid:939ca35b-fd21-5fb7-9e47-8e06a0e86325"",""normalized_state"":""candidate"",""owner_authority_id"":""urn:uuid:2c0d398e-59cd-57ca-9674-8120edd7d69c"",""owner_native_state"":null,""payload"":{""body_prose_copied"":false,""native_bytes"":130167,""native_path"":""m49406/index.cnxml"",""native_record_id"":""m49406"",""native_sha256"":""eaef72d753e625134090d8c3ce02e20f2b1da15a282696c47da281b7452a0765"",""owner_id_preserved"":true,""projected_record_id"":""urn:uuid:76de6819-084b-5f51-a9e6-47b6df2adbcd"",""source_namespace"":""openstax-precalculus-2e/id-ID""},""record_type"":""native_binding"",""recorded_at"":""2026-09-07T00:00:00Z"",""semantic_key"":""a30:native-binding:m49406""}"
tables/native_bindings.jsonl,27,urn:uuid:9524c924-9526-51f3-b84f-a300dc356e78,native_binding,"{""dataset_id"":""urn:uuid:661831b3-5b74-549b-be92-b84ce5992a88"",""id"":""urn:uuid:9524c924-9526-51f3-b84f-a300dc356e78"",""normalized_state"":""candidate"",""owner_authority_id"":""urn:uuid:2c0d398e-59cd-57ca-9674-8120edd7d69c"",""owner_native_state"":null,""payload"":{""body_prose_copied"":false,""native_bytes"":203450,""native_path"":""m49364/index.cnxml"",""native_record_id"":""m49364"",""native_sha256"":""ee072d83b8b786b648a4f4539a119654affac56990be4ccab9b8d2795bb7adc6"",""owner_id_preserved"":true,""projected_record_id"":""urn:uuid:e0ece7ad-8075-567c-bd75-0310c2aaa15e"",""source_namespace"":""openstax-precalculus-2e/id-ID""},""record_type"":""native_binding"",""recorded_at"":""2026-09-07T00:00:00Z"",""semantic_key"":""a30:native-binding:m49364""}"
tables/native_bindings.jsonl,7,urn:uuid:98018c51-7b62-567d-a057-33562c489cf6,native_binding,"{""dataset_id"":""urn:uuid:661831b3-5b74-549b-be92-b84ce5992a88"",""id"":""urn:uuid:98018c51-7b62-567d-a057-33562c489cf6"",""normalized_state"":""candidate"",""owner_authority_id"":""urn:uuid:2c0d398e-59cd-57ca-9674-8120edd7d69c"",""owner_native_state"":null,""payload"":{""body_prose_copied"":false,""native_bytes"":112709,""native_path"":""m49314/index.cnxml"",""native_record_id"":""m49314"",""native_sha256"":""168c6458c2d8d0be13ea57bd8f630bdbfecdad661b9d2885c2490b439ca7642b"",""owner_id_preserved"":true,""projected_record_id"":""urn:uuid:83aa45f5-9271-5093-a966-e2d31a463840"",""source_namespace"":""openstax-precalculus-2e/id-ID""},""record_type"":""native_binding"",""recorded_at"":""2026-09-07T00:00:00Z"",""semantic_key"":""a30:native-binding:m49314""}"
tables/native_bindings.jsonl,16,urn:uuid:9934d1f9-5609-504f-8ef6-8d0203df907f,native_binding,"{""dataset_id"":""urn:uuid:661831b3-5b74-549b-be92-b84ce5992a88"",""id"":""urn:uuid:9934d1f9-5609-504f-8ef6-8d0203df907f"",""normalized_state"":""candidate"",""owner_authority_id"":""urn:uuid:2c0d398e-59cd-57ca-9674-8120edd7d69c"",""owner_native_state"":null,""payload"":{""body_prose_copied"":false,""native_bytes"":163855,""native_path"":""m49346/index.cnxml"",""native_record_id"":""m49346"",""native_sha256"":""d5363285e67a8613fc46b2f071d7fed286d64f664b3c313df121da84e4fa1064"",""owner_id_preserved"":true,""projected_record_id"":""urn:uuid:7ba86d37-342f-5317-ad45-d1ac823f369d"",""source_namespace"":""openstax-precalculus-2e/id-ID""},""record_type"":""native_binding"",""recorded_at"":""2026-09-07T00:00:00Z"",""semantic_key"":""a30:native-binding:m49346""}"
tables/native_bindings.jsonl,65,urn:uuid:9feb5e80-319c-5046-8a37-13be05cafd70,native_binding,"{""dataset_id"":""urn:uuid:661831b3-5b74-549b-be92-b84ce5992a88"",""id"":""urn:uuid:9feb5e80-319c-5046-8a37-13be05cafd70"",""normalized_state"":""candidate"",""owner_authority_id"":""urn:uuid:2c0d398e-59cd-57ca-9674-8120edd7d69c"",""owner_native_state"":null,""payload"":{""body_prose_copied"":false,""native_bytes"":299087,""native_path"":""m49436/index.cnxml"",""native_record_id"":""m49436"",""native_sha256"":""8b019287dde63a899203d5033d97780d26817fe1631161b90359f7419bc94fba"",""owner_id_preserved"":true,""projected_record_id"":""urn:uuid:724a9f93-39da-554e-84a7-d8ad646cf825"",""source_namespace"":""openstax-precalculus-2e/id-ID""},""record_type"":""native_binding"",""recorded_at"":""2026-09-07T00:00:00Z"",""semantic_key"":""a30:native-binding:m49436""}"
tables/native_bindings.jsonl,80,urn:uuid:a00950fb-899d-56bd-ab54-7d79cbf2625b,native_binding,"{""dataset_id"":""urn:uuid:661831b3-5b74-549b-be92-b84ce5992a88"",""id"":""urn:uuid:a00950fb-899d-56bd-ab54-7d79cbf2625b"",""normalized_state"":""candidate"",""owner_authority_id"":""urn:uuid:2c0d398e-59cd-57ca-9674-8120edd7d69c"",""owner_native_state"":null,""payload"":{""body_prose_copied"":false,""native_bytes"":1585,""native_path"":""m49451/index.cnxml"",""native_record_id"":""m49451"",""native_sha256"":""f5b80f23976d693c130e2d5f2f790768285f53463689309efe35922ce5ec720e"",""owner_id_preserved"":true,""projected_record_id"":""urn:uuid:bb05b47c-eae6-525f-9dd7-e435a108ff70"",""source_namespace"":""openstax-precalculus-2e/id-ID""},""record_type"":""native_binding"",""recorded_at"":""2026-09-07T00:00:00Z"",""semantic_key"":""a30:native-binding:m49451""}"
tables/native_bindings.jsonl,84,urn:uuid:a17745b2-9fb4-5ae4-a67c-6ee04b4c68cd,native_binding,"{""dataset_id"":""urn:uuid:661831b3-5b74-549b-be92-b84ce5992a88"",""id"":""urn:uuid:a17745b2-9fb4-5ae4-a67c-6ee04b4c68cd"",""normalized_state"":""candidate"",""owner_authority_id"":""urn:uuid:2c0d398e-59cd-57ca-9674-8120edd7d69c"",""owner_native_state"":null,""payload"":{""body_prose_copied"":false,""native_bytes"":303095,""native_path"":""m49455/index.cnxml"",""native_record_id"":""m49455"",""native_sha256"":""a81dd626fad3b0d7484235fc580af4f09c0aadab8f8962ced969013f656b7971"",""owner_id_preserved"":true,""projected_record_id"":""urn:uuid:ef5a11f6-b7b3-5488-8b5e-ec74167fc4d2"",""source_namespace"":""openstax-precalculus-2e/id-ID""},""record_type"":""native_binding"",""recorded_at"":""2026-09-07T00:00:00Z"",""semantic_key"":""a30:native-binding:m49455""}"
tables/native_bindings.jsonl,26,urn:uuid:a2f917e1-f026-516f-a84d-537b9228a19e,native_binding,"{""dataset_id"":""urn:uuid:661831b3-5b74-549b-be92-b84ce5992a88"",""id"":""urn:uuid:a2f917e1-f026-516f-a84d-537b9228a19e"",""normalized_state"":""candidate"",""owner_authority_id"":""urn:uuid:2c0d398e-59cd-57ca-9674-8120edd7d69c"",""owner_native_state"":null,""payload"":{""body_prose_copied"":false,""native_bytes"":122415,""native_path"":""m49363/index.cnxml"",""native_record_id"":""m49363"",""native_sha256"":""099985e632e6e9ad3689fd74c1a423f454e71ab4920de5014318220df7d82fe6"",""owner_id_preserved"":true,""projected_record_id"":""urn:uuid:fb5b4b2f-4b28-57a2-933e-196ab5675726"",""source_namespace"":""openstax-precalculus-2e/id-ID""},""record_type"":""native_binding"",""recorded_at"":""2026-09-07T00:00:00Z"",""semantic_key"":""a30:native-binding:m49363""}"
tables/native_bindings.jsonl,17,urn:uuid:a39de58a-339f-57a7-b6ab-ec172c504261,native_binding,"{""dataset_id"":""urn:uuid:661831b3-5b74-549b-be92-b84ce5992a88"",""id"":""urn:uuid:a39de58a-339f-57a7-b6ab-ec172c504261"",""normalized_state"":""candidate"",""owner_authority_id"":""urn:uuid:2c0d398e-59cd-57ca-9674-8120edd7d69c"",""owner_native_state"":null,""payload"":{""body_prose_copied"":false,""native_bytes"":187926,""native_path"":""m49347/index.cnxml"",""native_record_id"":""m49347"",""native_sha256"":""5a0ac9ac9cca3251f449449a70a530b4dd532614cd2fba2a33c66cfaff47bf3f"",""owner_id_preserved"":true,""projected_record_id"":""urn:uuid:0c36d32c-f8a1-57bd-8101-cc92b303be62"",""source_namespace"":""openstax-precalculus-2e/id-ID""},""record_type"":""native_binding"",""recorded_at"":""2026-09-07T00:00:00Z"",""semantic_key"":""a30:native-binding:m49347""}"
tables/native_bindings.jsonl,20,urn:uuid:a5235dff-4d40-5c2c-a6f1-bb0d05f03970,native_binding,"{""dataset_id"":""urn:uuid:661831b3-5b74-549b-be92-b84ce5992a88"",""id"":""urn:uuid:a5235dff-4d40-5c2c-a6f1-bb0d05f03970"",""normalized_state"":""candidate"",""owner_authority_id"":""urn:uuid:2c0d398e-59cd-57ca-9674-8120edd7d69c"",""owner_native_state"":null,""payload"":{""body_prose_copied"":false,""native_bytes"":218862,""native_path"":""m49351/index.cnxml"",""native_record_id"":""m49351"",""native_sha256"":""bfa56df96090dc05de9f41b2a7df98f6c36e319eb4ae2b98e4fe3e1dfa7bea90"",""owner_id_preserved"":true,""projected_record_id"":""urn:uuid:c77272c9-3e91-59f1-9cc6-23cc2c171bb1"",""source_namespace"":""openstax-precalculus-2e/id-ID""},""record_type"":""native_binding"",""recorded_at"":""2026-09-07T00:00:00Z"",""semantic_key"":""a30:native-binding:m49351""}"
tables/native_bindings.jsonl,35,urn:uuid:a732a038-4bfe-55c0-aa62-86d7cf89afc5,native_binding,"{""dataset_id"":""urn:uuid:661831b3-5b74-549b-be92-b84ce5992a88"",""id"":""urn:uuid:a732a038-4bfe-55c0-aa62-86d7cf89afc5"",""normalized_state"":""candidate"",""owner_authority_id"":""urn:uuid:2c0d398e-59cd-57ca-9674-8120edd7d69c"",""owner_native_state"":null,""payload"":{""body_prose_copied"":false,""native_bytes"":172416,""native_path"":""m49374/index.cnxml"",""native_record_id"":""m49374"",""native_sha256"":""71dd34da0ae68ed1f0be7d668d2e0c7406836900599baac85f49185f406b5479"",""owner_id_preserved"":true,""projected_record_id"":""urn:uuid:57746624-df8f-5cc0-a84c-00212cf95831"",""source_namespace"":""openstax-precalculus-2e/id-ID""},""record_type"":""native_binding"",""recorded_at"":""2026-09-07T00:00:00Z"",""semantic_key"":""a30:native-binding:m49374""}"
tables/native_bindings.jsonl,6,urn:uuid:a810a7b1-4f65-5272-81f8-88a57c5ed366,native_binding,"{""dataset_id"":""urn:uuid:661831b3-5b74-549b-be92-b84ce5992a88"",""id"":""urn:uuid:a810a7b1-4f65-5272-81f8-88a57c5ed366"",""normalized_state"":""candidate"",""owner_authority_id"":""urn:uuid:2c0d398e-59cd-57ca-9674-8120edd7d69c"",""owner_native_state"":null,""payload"":{""body_prose_copied"":false,""native_bytes"":230828,""native_path"":""m49312/index.cnxml"",""native_record_id"":""m49312"",""native_sha256"":""668e2034f4a8dc108ed871b5837ca4a19e2d81e0eda2d89e019df4359a570c00"",""owner_id_preserved"":true,""projected_record_id"":""urn:uuid:c7c2a9c7-62fd-59c7-a703-30df1b8beac6"",""source_namespace"":""openstax-precalculus-2e/id-ID""},""record_type"":""native_binding"",""recorded_at"":""2026-09-07T00:00:00Z"",""semantic_key"":""a30:native-binding:m49312""}"
tables/native_bindings.jsonl,12,urn:uuid:adc4087c-c435-5264-b094-29121a6a5f2c,native_binding,"{""dataset_id"":""urn:uuid:661831b3-5b74-549b-be92-b84ce5992a88"",""id"":""urn:uuid:adc4087c-c435-5264-b094-29121a6a5f2c"",""normalized_state"":""candidate"",""owner_authority_id"":""urn:uuid:2c0d398e-59cd-57ca-9674-8120edd7d69c"",""owner_native_state"":null,""payload"":{""body_prose_copied"":false,""native_bytes"":139768,""native_path"":""m49327/index.cnxml"",""native_record_id"":""m49327"",""native_sha256"":""8765c38377604e4eec697cf583f5ed977fe1e14fe12813c9e82c9733decd9681"",""owner_id_preserved"":true,""projected_record_id"":""urn:uuid:ecfd1e3f-1dd0-5542-b1b1-0f489bcb3752"",""source_namespace"":""openstax-precalculus-2e/id-ID""},""record_type"":""native_binding"",""recorded_at"":""2026-09-07T00:00:00Z"",""semantic_key"":""a30:native-binding:m49327""}"
tables/native_bindings.jsonl,57,urn:uuid:b38b4b2c-ced1-51a6-8372-f78cbbc7d4ac,native_binding,"{""dataset_id"":""urn:uuid:661831b3-5b74-549b-be92-b84ce5992a88"",""id"":""urn:uuid:b38b4b2c-ced1-51a6-8372-f78cbbc7d4ac"",""normalized_state"":""candidate"",""owner_authority_id"":""urn:uuid:2c0d398e-59cd-57ca-9674-8120edd7d69c"",""owner_native_state"":null,""payload"":{""body_prose_copied"":false,""native_bytes"":4609,""native_path"":""m49418/index.cnxml"",""native_record_id"":""m49418"",""native_sha256"":""e1ab64393d9d1be72b3bdea15d667a4b4dd82255b8ce43738d410dc0d82d0910"",""owner_id_preserved"":true,""projected_record_id"":""urn:uuid:33b0d7e6-9364-5a52-a162-84d1f5cc498a"",""source_namespace"":""openstax-precalculus-2e/id-ID""},""record_type"":""native_binding"",""recorded_at"":""2026-09-07T00:00:00Z"",""semantic_key"":""a30:native-binding:m49418""}"
tables/native_bindings.jsonl,2,urn:uuid:b4bd4546-66ea-5eae-84ac-af2b980f579f,native_binding,"{""dataset_id"":""urn:uuid:661831b3-5b74-549b-be92-b84ce5992a88"",""id"":""urn:uuid:b4bd4546-66ea-5eae-84ac-af2b980f579f"",""normalized_state"":""candidate"",""owner_authority_id"":""urn:uuid:2c0d398e-59cd-57ca-9674-8120edd7d69c"",""owner_native_state"":null,""payload"":{""body_prose_copied"":false,""native_bytes"":197298,""native_path"":""m49301/index.cnxml"",""native_record_id"":""m49301"",""native_sha256"":""81115d90dd1d9781e65844526bbbfbea638cc6fd515c623c4d535bf3bd0e37e3"",""owner_id_preserved"":true,""projected_record_id"":""urn:uuid:ecb2439d-e5ab-516e-ae34-d45f391c55f1"",""source_namespace"":""openstax-precalculus-2e/id-ID""},""record_type"":""native_binding"",""recorded_at"":""2026-09-07T00:00:00Z"",""semantic_key"":""a30:native-binding:m49301""}"
tables/native_bindings.jsonl,81,urn:uuid:b7debb3b-91be-51c6-9410-837a396a0ad1,native_binding,"{""dataset_id"":""urn:uuid:661831b3-5b74-549b-be92-b84ce5992a88"",""id"":""urn:uuid:b7debb3b-91be-51c6-9410-837a396a0ad1"",""normalized_state"":""candidate"",""owner_authority_id"":""urn:uuid:2c0d398e-59cd-57ca-9674-8120edd7d69c"",""owner_native_state"":null,""payload"":{""body_prose_copied"":false,""native_bytes"":141093,""native_path"":""m49452/index.cnxml"",""native_record_id"":""m49452"",""native_sha256"":""f1b1310fea76259c9d92f574e388f7458a32f06636f51debb94ad2a5708ea1b8"",""owner_id_preserved"":true,""projected_record_id"":""urn:uuid:c60088ce-1ba6-5867-82c2-e7dfe943dd61"",""source_namespace"":""openstax-precalculus-2e/id-ID""},""record_type"":""native_binding"",""recorded_at"":""2026-09-07T00:00:00Z"",""semantic_key"":""a30:native-binding:m49452""}"
tables/native_bindings.jsonl,66,urn:uuid:b9affee2-5bce-50ab-b7bb-66e8263e2736,native_binding,"{""dataset_id"":""urn:uuid:661831b3-5b74-549b-be92-b84ce5992a88"",""id"":""urn:uuid:b9affee2-5bce-50ab-b7bb-66e8263e2736"",""normalized_state"":""candidate"",""owner_authority_id"":""urn:uuid:2c0d398e-59cd-57ca-9674-8120edd7d69c"",""owner_native_state"":null,""payload"":{""body_prose_copied"":false,""native_bytes"":3563,""native_path"":""m49437/index.cnxml"",""native_record_id"":""m49437"",""native_sha256"":""5ba6a654a0907495b2c7702de693a5cb14571f0e8a9fe994c2cc0313fbd8b709"",""owner_id_preserved"":true,""projected_record_id"":""urn:uuid:cae38853-a1e6-5850-b660-ce6fc2c0350e"",""source_namespace"":""openstax-precalculus-2e/id-ID""},""record_type"":""native_binding"",""recorded_at"":""2026-09-07T00:00:00Z"",""semantic_key"":""a30:native-binding:m49437""}"
tables/native_bindings.jsonl,68,urn:uuid:be39230a-5f1d-58ae-9182-76f2109a0428,native_binding,"{""dataset_id"":""urn:uuid:661831b3-5b74-549b-be92-b84ce5992a88"",""id"":""urn:uuid:be39230a-5f1d-58ae-9182-76f2109a0428"",""normalized_state"":""candidate"",""owner_authority_id"":""urn:uuid:2c0d398e-59cd-57ca-9674-8120edd7d69c"",""owner_native_state"":null,""payload"":{""body_prose_copied"":false,""native_bytes"":239923,""native_path"":""m49439/index.cnxml"",""native_record_id"":""m49439"",""native_sha256"":""f202b645610d2b3d6d52ecbcee83f4f95c67b6d77a633d626efb88eb18286918"",""owner_id_preserved"":true,""projected_record_id"":""urn:uuid:5f04c961-8266-59f1-84e4-01aa84ba4431"",""source_namespace"":""openstax-precalculus-2e/id-ID""},""record_type"":""native_binding"",""recorded_at"":""2026-09-07T00:00:00Z"",""semantic_key"":""a30:native-binding:m49439""}"
tables/native_bindings.jsonl,19,urn:uuid:bfe33ac6-addc-54c9-8bb4-da979f6e6576,native_binding,"{""dataset_id"":""urn:uuid:661831b3-5b74-549b-be92-b84ce5992a88"",""id"":""urn:uuid:bfe33ac6-addc-54c9-8bb4-da979f6e6576"",""normalized_state"":""candidate"",""owner_authority_id"":""urn:uuid:2c0d398e-59cd-57ca-9674-8120edd7d69c"",""owner_native_state"":null,""payload"":{""body_prose_copied"":false,""native_bytes"":177366,""native_path"":""m49349/index.cnxml"",""native_record_id"":""m49349"",""native_sha256"":""ea2a1a64926ebd3159c3fa1130b7e1202a8d563325c034b50b4d960523626b2e"",""owner_id_preserved"":true,""projected_record_id"":""urn:uuid:e48a4c01-5bfa-5820-a004-fe76e2e2c9a1"",""source_namespace"":""openstax-precalculus-2e/id-ID""},""record_type"":""native_binding"",""recorded_at"":""2026-09-07T00:00:00Z"",""semantic_key"":""a30:native-binding:m49349""}"
tables/native_bindings.jsonl,22,urn:uuid:c0de85fe-ff26-5a6c-9227-75db26a9ced2,native_binding,"{""dataset_id"":""urn:uuid:661831b3-5b74-549b-be92-b84ce5992a88"",""id"":""urn:uuid:c0de85fe-ff26-5a6c-9227-75db26a9ced2"",""normalized_state"":""candidate"",""owner_authority_id"":""urn:uuid:2c0d398e-59cd-57ca-9674-8120edd7d69c"",""owner_native_state"":null,""payload"":{""body_prose_copied"":false,""native_bytes"":141813,""native_path"":""m49353/index.cnxml"",""native_record_id"":""m49353"",""native_sha256"":""ab1cbc8de5d6366e19d1511ed6d4a7dc5da8248360d92a6d32614cd3df24ee64"",""owner_id_preserved"":true,""projected_record_id"":""urn:uuid:b7ae61b0-f094-56d0-911f-745da1aad6d5"",""source_namespace"":""openstax-precalculus-2e/id-ID""},""record_type"":""native_binding"",""recorded_at"":""2026-09-07T00:00:00Z"",""semantic_key"":""a30:native-binding:m49353""}"
tables/native_bindings.jsonl,83,urn:uuid:c6e8929e-aa52-5618-917c-151ba8303742,native_binding,"{""dataset_id"":""urn:uuid:661831b3-5b74-549b-be92-b84ce5992a88"",""id"":""urn:uuid:c6e8929e-aa52-5618-917c-151ba8303742"",""normalized_state"":""candidate"",""owner_authority_id"":""urn:uuid:2c0d398e-59cd-57ca-9674-8120edd7d69c"",""owner_native_state"":null,""payload"":{""body_prose_copied"":false,""native_bytes"":144044,""native_path"":""m49454/index.cnxml"",""native_record_id"":""m49454"",""native_sha256"":""d576f7864c36b84b246a199b4c2b35c38a5c575b44a266e53f8ebd4f29f0a5ba"",""owner_id_preserved"":true,""projected_record_id"":""urn:uuid:2a7c6bec-581c-5c4e-93af-8b70476534e1"",""source_namespace"":""openstax-precalculus-2e/id-ID""},""record_type"":""native_binding"",""recorded_at"":""2026-09-07T00:00:00Z"",""semantic_key"":""a30:native-binding:m49454""}"
tables/native_bindings.jsonl,10,urn:uuid:ca01545f-c7cc-509a-ac95-0d2005c74fdc,native_binding,"{""dataset_id"":""urn:uuid:661831b3-5b74-549b-be92-b84ce5992a88"",""id"":""urn:uuid:ca01545f-c7cc-509a-ac95-0d2005c74fdc"",""normalized_state"":""candidate"",""owner_authority_id"":""urn:uuid:2c0d398e-59cd-57ca-9674-8120edd7d69c"",""owner_native_state"":null,""payload"":{""body_prose_copied"":false,""native_bytes"":165705,""native_path"":""m49324/index.cnxml"",""native_record_id"":""m49324"",""native_sha256"":""db87d66cfbe4b0058b30cf91bae829b7202c0c0579bcf942a4f1c35135c822aa"",""owner_id_preserved"":true,""projected_record_id"":""urn:uuid:4113cbee-2d8d-5844-8304-4ca58366b639"",""source_namespace"":""openstax-precalculus-2e/id-ID""},""record_type"":""native_binding"",""recorded_at"":""2026-09-07T00:00:00Z"",""semantic_key"":""a30:native-binding:m49324""}"
tables/native_bindings.jsonl,85,urn:uuid:cd0337cc-7f29-522a-96ab-bcd4a1d79050,native_binding,"{""dataset_id"":""urn:uuid:661831b3-5b74-549b-be92-b84ce5992a88"",""id"":""urn:uuid:cd0337cc-7f29-522a-96ab-bcd4a1d79050"",""normalized_state"":""candidate"",""owner_authority_id"":""urn:uuid:2c0d398e-59cd-57ca-9674-8120edd7d69c"",""owner_native_state"":null,""payload"":{""body_prose_copied"":false,""native_bytes"":167775,""native_path"":""m50389/index.cnxml"",""native_record_id"":""m50389"",""native_sha256"":""13f1dbb0f4450537c081e39169a7f2977b0689bac726acb21ad8519b125f924f"",""owner_id_preserved"":true,""projected_record_id"":""urn:uuid:d54ec07e-274c-5190-b501-6c0986e61864"",""source_namespace"":""openstax-precalculus-2e/id-ID""},""record_type"":""native_binding"",""recorded_at"":""2026-09-07T00:00:00Z"",""semantic_key"":""a30:native-binding:m50389""}"
tables/native_bindings.jsonl,32,urn:uuid:cdfc8c9c-4029-538a-ba24-27d1c25fe2ff,native_binding,"{""dataset_id"":""urn:uuid:661831b3-5b74-549b-be92-b84ce5992a88"",""id"":""urn:uuid:cdfc8c9c-4029-538a-ba24-27d1c25fe2ff"",""normalized_state"":""candidate"",""owner_authority_id"":""urn:uuid:2c0d398e-59cd-57ca-9674-8120edd7d69c"",""owner_native_state"":null,""payload"":{""body_prose_copied"":false,""native_bytes"":2502,""native_path"":""m49369/index.cnxml"",""native_record_id"":""m49369"",""native_sha256"":""1dbec86f1d876e1d8998c00685f6f84d5ee3ad4d8497c0447912e77b24d35f0d"",""owner_id_preserved"":true,""projected_record_id"":""urn:uuid:c6ed74da-3a07-5e3b-a3c1-856dfbdc1322"",""source_namespace"":""openstax-precalculus-2e/id-ID""},""record_type"":""native_binding"",""recorded_at"":""2026-09-07T00:00:00Z"",""semantic_key"":""a30:native-binding:m49369""}"
tables/native_bindings.jsonl,38,urn:uuid:db9bb8cd-2ed8-52e3-9914-edad9550fc1e,native_binding,"{""dataset_id"":""urn:uuid:661831b3-5b74-549b-be92-b84ce5992a88"",""id"":""urn:uuid:db9bb8cd-2ed8-52e3-9914-edad9550fc1e"",""normalized_state"":""candidate"",""owner_authority_id"":""urn:uuid:2c0d398e-59cd-57ca-9674-8120edd7d69c"",""owner_native_state"":null,""payload"":{""body_prose_copied"":false,""native_bytes"":160667,""native_path"":""m49387/index.cnxml"",""native_record_id"":""m49387"",""native_sha256"":""b5b272b9da0e191a539f578c6b20cceba669d48fffc9c9e7078d0d90cd15dc3d"",""owner_id_preserved"":true,""projected_record_id"":""urn:uuid:36e75bb7-7902-5d63-a7a1-bb5a1d16e520"",""source_namespace"":""openstax-precalculus-2e/id-ID""},""record_type"":""native_binding"",""recorded_at"":""2026-09-07T00:00:00Z"",""semantic_key"":""a30:native-binding:m49387""}"
tables/native_bindings.jsonl,69,urn:uuid:e0467466-32e2-56c8-be1d-ace0421e9344,native_binding,"{""dataset_id"":""urn:uuid:661831b3-5b74-549b-be92-b84ce5992a88"",""id"":""urn:uuid:e0467466-32e2-56c8-be1d-ace0421e9344"",""normalized_state"":""candidate"",""owner_authority_id"":""urn:uuid:2c0d398e-59cd-57ca-9674-8120edd7d69c"",""owner_native_state"":null,""payload"":{""body_prose_copied"":false,""native_bytes"":206288,""native_path"":""m49440/index.cnxml"",""native_record_id"":""m49440"",""native_sha256"":""af9a04fd189c87014cdd9134404525fdc55477f5db511455c6d6d99be3e863b6"",""owner_id_preserved"":true,""projected_record_id"":""urn:uuid:e2f480d1-5891-5627-8ec8-0c0c898d1eae"",""source_namespace"":""openstax-precalculus-2e/id-ID""},""record_type"":""native_binding"",""recorded_at"":""2026-09-07T00:00:00Z"",""semantic_key"":""a30:native-binding:m49440""}"
tables/native_bindings.jsonl,14,urn:uuid:e0579375-1423-50ea-a454-d25c7b40fc40,native_binding,"{""dataset_id"":""urn:uuid:661831b3-5b74-549b-be92-b84ce5992a88"",""id"":""urn:uuid:e0579375-1423-50ea-a454-d25c7b40fc40"",""normalized_state"":""candidate"",""owner_authority_id"":""urn:uuid:2c0d398e-59cd-57ca-9674-8120edd7d69c"",""owner_native_state"":null,""payload"":{""body_prose_copied"":false,""native_bytes"":105920,""native_path"":""m49335/index.cnxml"",""native_record_id"":""m49335"",""native_sha256"":""67eae9bd4d699a78e17b316b56f39ae77b0d59d5b8c0dc78bb1e604ce444c8d5"",""owner_id_preserved"":true,""projected_record_id"":""urn:uuid:2e0e3417-7777-5090-8880-0c35c155829b"",""source_namespace"":""openstax-precalculus-2e/id-ID""},""record_type"":""native_binding"",""recorded_at"":""2026-09-07T00:00:00Z"",""semantic_key"":""a30:native-binding:m49335""}"
tables/native_bindings.jsonl,34,urn:uuid:e207d13f-dd2d-538f-acec-0c79d56ad659,native_binding,"{""dataset_id"":""urn:uuid:661831b3-5b74-549b-be92-b84ce5992a88"",""id"":""urn:uuid:e207d13f-dd2d-538f-acec-0c79d56ad659"",""normalized_state"":""candidate"",""owner_authority_id"":""urn:uuid:2c0d398e-59cd-57ca-9674-8120edd7d69c"",""owner_native_state"":null,""payload"":{""body_prose_copied"":false,""native_bytes"":158351,""native_path"":""m49372/index.cnxml"",""native_record_id"":""m49372"",""native_sha256"":""c077229b183cf61abf2c57229dbc284c052ca20081cfe6ac618b19c8a86c6996"",""owner_id_preserved"":true,""projected_record_id"":""urn:uuid:a172fc60-10c5-5f7f-919c-3d89b60431dd"",""source_namespace"":""openstax-precalculus-2e/id-ID""},""record_type"":""native_binding"",""recorded_at"":""2026-09-07T00:00:00Z"",""semantic_key"":""a30:native-binding:m49372""}"
tables/native_bindings.jsonl,15,urn:uuid:e325465b-7642-5b8e-b08e-659dcf1feac7,native_binding,"{""dataset_id"":""urn:uuid:661831b3-5b74-549b-be92-b84ce5992a88"",""id"":""urn:uuid:e325465b-7642-5b8e-b08e-659dcf1feac7"",""normalized_state"":""candidate"",""owner_authority_id"":""urn:uuid:2c0d398e-59cd-57ca-9674-8120edd7d69c"",""owner_native_state"":null,""payload"":{""body_prose_copied"":false,""native_bytes"":186391,""native_path"":""m49337/index.cnxml"",""native_record_id"":""m49337"",""native_sha256"":""a657ceac3d9b3d7992f420b1482ad1723fe32b411b11d278cd17662b8665fe25"",""owner_id_preserved"":true,""projected_record_id"":""urn:uuid:d60a35c9-d991-58ae-a8f6-86fcfc11ab27"",""source_namespace"":""openstax-precalculus-2e/id-ID""},""record_type"":""native_binding"",""recorded_at"":""2026-09-07T00:00:00Z"",""semantic_key"":""a30:native-binding:m49337""}"
tables/native_bindings.jsonl,49,urn:uuid:e4618287-6bea-5339-bab9-ee4172436268,native_binding,"{""dataset_id"":""urn:uuid:661831b3-5b74-549b-be92-b84ce5992a88"",""id"":""urn:uuid:e4618287-6bea-5339-bab9-ee4172436268"",""normalized_state"":""candidate"",""owner_authority_id"":""urn:uuid:2c0d398e-59cd-57ca-9674-8120edd7d69c"",""owner_native_state"":null,""payload"":{""body_prose_copied"":false,""native_bytes"":133436,""native_path"":""m49404/index.cnxml"",""native_record_id"":""m49404"",""native_sha256"":""76c431dd238fbda94b3ce628f91ba9a2910fc9a75234603dba53d78148b18253"",""owner_id_preserved"":true,""projected_record_id"":""urn:uuid:a19f7df3-dc10-56b3-ba7b-577b1a8f14b0"",""source_namespace"":""openstax-precalculus-2e/id-ID""},""record_type"":""native_binding"",""recorded_at"":""2026-09-07T00:00:00Z"",""semantic_key"":""a30:native-binding:m49404""}"
tables/native_bindings.jsonl,78,urn:uuid:e87f1b7b-0504-5b48-a27e-039b88ffab85,native_binding,"{""dataset_id"":""urn:uuid:661831b3-5b74-549b-be92-b84ce5992a88"",""id"":""urn:uuid:e87f1b7b-0504-5b48-a27e-039b88ffab85"",""normalized_state"":""candidate"",""owner_authority_id"":""urn:uuid:2c0d398e-59cd-57ca-9674-8120edd7d69c"",""owner_native_state"":null,""payload"":{""body_prose_copied"":false,""native_bytes"":124868,""native_path"":""m49449/index.cnxml"",""native_record_id"":""m49449"",""native_sha256"":""2f3cb191efaa04dab5c1f704aa47f6bfa2645efdcd56a01cdaaf6c5b424a7fcc"",""owner_id_preserved"":true,""projected_record_id"":""urn:uuid:94530b21-0b22-50b0-b2c1-e456a99b6c07"",""source_namespace"":""openstax-precalculus-2e/id-ID""},""record_type"":""native_binding"",""recorded_at"":""2026-09-07T00:00:00Z"",""semantic_key"":""a30:native-binding:m49449""}"
tables/native_bindings.jsonl,29,urn:uuid:ee687980-7a3f-50d2-b2aa-549c254dfc01,native_binding,"{""dataset_id"":""urn:uuid:661831b3-5b74-549b-be92-b84ce5992a88"",""id"":""urn:uuid:ee687980-7a3f-50d2-b2aa-549c254dfc01"",""normalized_state"":""candidate"",""owner_authority_id"":""urn:uuid:2c0d398e-59cd-57ca-9674-8120edd7d69c"",""owner_native_state"":null,""payload"":{""body_prose_copied"":false,""native_bytes"":171852,""native_path"":""m49366/index.cnxml"",""native_record_id"":""m49366"",""native_sha256"":""07444c4b8e645421f3321b614847ed476ceaaae58cd836fcb38e0d1a76605d0c"",""owner_id_preserved"":true,""projected_record_id"":""urn:uuid:4597ebfd-ed2c-5d41-9295-60d75f28bb67"",""source_namespace"":""openstax-precalculus-2e/id-ID""},""record_type"":""native_binding"",""recorded_at"":""2026-09-07T00:00:00Z"",""semantic_key"":""a30:native-binding:m49366""}"
tables/native_bindings.jsonl,56,urn:uuid:f4f7223a-03ac-55b8-8543-bad365f90538,native_binding,"{""dataset_id"":""urn:uuid:661831b3-5b74-549b-be92-b84ce5992a88"",""id"":""urn:uuid:f4f7223a-03ac-55b8-8543-bad365f90538"",""normalized_state"":""candidate"",""owner_authority_id"":""urn:uuid:2c0d398e-59cd-57ca-9674-8120edd7d69c"",""owner_native_state"":null,""payload"":{""body_prose_copied"":false,""native_bytes"":262974,""native_path"":""m49412/index.cnxml"",""native_record_id"":""m49412"",""native_sha256"":""16760071707bb1be77d13d3f5545b9debdbd31e0902fcbed0a0e3332900ff5ae"",""owner_id_preserved"":true,""projected_record_id"":""urn:uuid:1a2fc92b-9056-5814-ac9e-947cda1a79ee"",""source_namespace"":""openstax-precalculus-2e/id-ID""},""record_type"":""native_binding"",""recorded_at"":""2026-09-07T00:00:00Z"",""semantic_key"":""a30:native-binding:m49412""}"
tables/native_bindings.jsonl,41,urn:uuid:f9a7aa3a-b941-5229-a4a3-02ece9e87afd,native_binding,"{""dataset_id"":""urn:uuid:661831b3-5b74-549b-be92-b84ce5992a88"",""id"":""urn:uuid:f9a7aa3a-b941-5229-a4a3-02ece9e87afd"",""normalized_state"":""candidate"",""owner_authority_id"":""urn:uuid:2c0d398e-59cd-57ca-9674-8120edd7d69c"",""owner_native_state"":null,""payload"":{""body_prose_copied"":false,""native_bytes"":1892,""native_path"":""m49392/index.cnxml"",""native_record_id"":""m49392"",""native_sha256"":""1c3527fb75112c456fe58f605d68bee71bc99a922caece28fd695ba9c57ee739"",""owner_id_preserved"":true,""projected_record_id"":""urn:uuid:85c1e7a1-a27b-5a59-aa61-302b5368bac7"",""source_namespace"":""openstax-precalculus-2e/id-ID""},""record_type"":""native_binding"",""recorded_at"":""2026-09-07T00:00:00Z"",""semantic_key"":""a30:native-binding:m49392""}"
tables/owner_authorities.jsonl,1,urn:uuid:2c0d398e-59cd-57ca-9674-8120edd7d69c,owner_authority,"{""dataset_id"":""urn:uuid:661831b3-5b74-549b-be92-b84ce5992a88"",""id"":""urn:uuid:2c0d398e-59cd-57ca-9674-8120edd7d69c"",""normalized_state"":""candidate"",""owner_authority_id"":""urn:uuid:2c0d398e-59cd-57ca-9674-8120edd7d69c"",""owner_native_state"":null,""payload"":{""authority_facts"":[{""bytes"":256213,""path"":""00_control/CURRENT_CURSOR.json"",""path_base"":""owner_package_root"",""role"":""owner_control"",""sha256"":""054d56e97c6d5828c0a1d7fa81d6a746accaf3e21acbcd70d3b442a6c2e5d60c""},{""bytes"":11307,""path"":""qa/FULL87_BACKEND_RELEASE_ADAPTER_V3_FINAL_SOURCE_20260904_G.json"",""path_base"":""owner_package_root"",""role"":""release_adapter_qa"",""sha256"":""4052a88d349a8798a02b54c4b271c8967e4e9d3e29d77971deb71b41126bb8c3""}],""curriculum_authority"":{""bytes"":86522,""path"":""backend/v2/program-matematika-indonesia-federation-v0.4.4/data/courses.jsonl"",""path_base"":""program_repository_root"",""role"":""curriculum_authority"",""sha256"":""7dee2faef2019e23fe4d3650ee772a23f9120979dae69409672fde3951101351""},""owner_namespace"":""openstax-precalculus-2e/id-ID"",""public_authority_status"":""complete_87_of_87"",""role_id"":""A30"",""title"":""Prakalkulus dan Trigonometri""},""record_type"":""owner_authority"",""recorded_at"":""2026-09-07T00:00:00Z"",""semantic_key"":""a30:owner-authority""}"
tables/qa_events.jsonl,1,urn:uuid:cfcc4251-c5e2-521d-a8e3-cac2f7becf1b,qa_event,"{""dataset_id"":""urn:uuid:661831b3-5b74-549b-be92-b84ce5992a88"",""id"":""urn:uuid:cfcc4251-c5e2-521d-a8e3-cac2f7becf1b"",""normalized_state"":""candidate"",""owner_authority_id"":""urn:uuid:2c0d398e-59cd-57ca-9674-8120edd7d69c"",""owner_native_state"":null,""payload"":{""event_type"":""adapter_generation"",""scope"":""thin_zero_copy_envelope"",""status"":""pending_independent_twin_replay""},""record_type"":""qa_event"",""recorded_at"":""2026-09-07T00:00:00Z"",""semantic_key"":""a30:qa:adapter-candidate""}"
tables/reader_surfaces.jsonl,1,urn:uuid:233431f1-de07-5d20-822f-84270c60bdc3,reader_surface,"{""dataset_id"":""urn:uuid:661831b3-5b74-549b-be92-b84ce5992a88"",""id"":""urn:uuid:233431f1-de07-5d20-822f-84270c60bdc3"",""normalized_state"":""published"",""owner_authority_id"":""urn:uuid:2c0d398e-59cd-57ca-9674-8120edd7d69c"",""owner_native_state"":null,""payload"":{""action"":""pdf"",""artifact_id"":""urn:uuid:32d2bbc1-e8ce-5f0d-81a3-4be9ffc5af44"",""machine_data_is_learner_destination"":false,""primary"":true,""public_readback"":{""bytes"":305654938,""evidence_path"":""00_control/CURRENT_CURSOR.json"",""http_status"":200,""sha256"":""3cfd5294b91252cc766992f158b6601e80aa31b719b0b8bf69e1ff6d08a4fa3e"",""status"":""pass""},""route"":""/id/courses/A30/"",""state"":""published"",""url"":""https://zenodo.org/records/22290180/files/OpenStax-Precalculus-2e-id-ID-1.0.0-reader.pdf?download=1""},""record_type"":""reader_surface"",""recorded_at"":""2026-09-07T00:00:00Z"",""semantic_key"":""a30:surface:pdf""}"
tables/relations.jsonl,85,urn:uuid:013c2985-bba9-5e0c-b4d4-7c41a1c6f023,relation,"{""dataset_id"":""urn:uuid:661831b3-5b74-549b-be92-b84ce5992a88"",""id"":""urn:uuid:013c2985-bba9-5e0c-b4d4-7c41a1c6f023"",""normalized_state"":""candidate"",""owner_authority_id"":""urn:uuid:2c0d398e-59cd-57ca-9674-8120edd7d69c"",""owner_native_state"":null,""payload"":{""relation_type"":""precedes_in_release_order"",""source_unit_id"":""urn:uuid:ef5a11f6-b7b3-5488-8b5e-ec74167fc4d2"",""target_unit_id"":""urn:uuid:1f16841e-3922-5971-9908-087daa6450fd""},""record_type"":""relation"",""recorded_at"":""2026-09-07T00:00:00Z"",""semantic_key"":""a30:precedes:m49455:m50414""}"
tables/relations.jsonl,77,urn:uuid:031c7420-d9f2-5051-b538-4a2bfed9e83d,relation,"{""dataset_id"":""urn:uuid:661831b3-5b74-549b-be92-b84ce5992a88"",""id"":""urn:uuid:031c7420-d9f2-5051-b538-4a2bfed9e83d"",""normalized_state"":""candidate"",""owner_authority_id"":""urn:uuid:2c0d398e-59cd-57ca-9674-8120edd7d69c"",""owner_native_state"":null,""payload"":{""relation_type"":""precedes_in_release_order"",""source_unit_id"":""urn:uuid:9839041a-97b0-588e-a9a7-593d06f5b8fd"",""target_unit_id"":""urn:uuid:ab2ae219-f335-5771-a732-a5cf80ffbe2a""},""record_type"":""relation"",""recorded_at"":""2026-09-07T00:00:00Z"",""semantic_key"":""a30:precedes:m49447:m49448""}"
tables/relations.jsonl,32,urn:uuid:091aefcd-08b3-5882-9425-e8ad2612cec6,relation,"{""dataset_id"":""urn:uuid:661831b3-5b74-549b-be92-b84ce5992a88"",""id"":""urn:uuid:091aefcd-08b3-5882-9425-e8ad2612cec6"",""normalized_state"":""candidate"",""owner_authority_id"":""urn:uuid:2c0d398e-59cd-57ca-9674-8120edd7d69c"",""owner_native_state"":null,""payload"":{""relation_type"":""precedes_in_release_order"",""source_unit_id"":""urn:uuid:154e7129-115c-5c90-9b6a-c31a5064135c"",""target_unit_id"":""urn:uuid:c6ed74da-3a07-5e3b-a3c1-856dfbdc1322""},""record_type"":""relation"",""recorded_at"":""2026-09-07T00:00:00Z"",""semantic_key"":""a30:precedes:m49368:m49369""}"
tables/relations.jsonl,62,urn:uuid:0f4254f2-9ef2-5be1-9917-0f6d9fda9a8f,relation,"{""dataset_id"":""urn:uuid:661831b3-5b74-549b-be92-b84ce5992a88"",""id"":""urn:uuid:0f4254f2-9ef2-5be1-9917-0f6d9fda9a8f"",""normalized_state"":""candidate"",""owner_authority_id"":""urn:uuid:2c0d398e-59cd-57ca-9674-8120edd7d69c"",""owner_native_state"":null,""payload"":{""relation_type"":""precedes_in_release_order"",""source_unit_id"":""urn:uuid:1b01e44e-87f6-5815-9ebe-8cc1cb1b3eb5"",""target_unit_id"":""urn:uuid:b46f4834-5e91-57da-9de4-af070c4724b3""},""record_type"":""relation"",""recorded_at"":""2026-09-07T00:00:00Z"",""semantic_key"":""a30:precedes:m49432:m49433""}"
tables/relations.jsonl,72,urn:uuid:0fc679c2-94f2-5100-98c0-cd3c203bfcd8,relation,"{""dataset_id"":""urn:uuid:661831b3-5b74-549b-be92-b84ce5992a88"",""id"":""urn:uuid:0fc679c2-94f2-5100-98c0-cd3c203bfcd8"",""normalized_state"":""candidate"",""owner_authority_id"":""urn:uuid:2c0d398e-59cd-57ca-9674-8120edd7d69c"",""owner_native_state"":null,""payload"":{""relation_type"":""precedes_in_release_order"",""source_unit_id"":""urn:uuid:ee25aa04-a162-53e8-a87b-1922b30aae98"",""target_unit_id"":""urn:uuid:3d174fe0-4210-5293-80f3-a395b864a336""},""record_type"":""relation"",""recorded_at"":""2026-09-07T00:00:00Z"",""semantic_key"":""a30:precedes:m49442:m49443""}"
tables/relations.jsonl,87,urn:uuid:0fdeb172-9272-54dc-954c-196113d61513,relation,"{""dataset_id"":""urn:uuid:661831b3-5b74-549b-be92-b84ce5992a88"",""id"":""urn:uuid:0fdeb172-9272-54dc-954c-196113d61513"",""normalized_state"":""candidate"",""owner_authority_id"":""urn:uuid:2c0d398e-59cd-57ca-9674-8120edd7d69c"",""owner_native_state"":null,""payload"":{""relation_type"":""precedes_in_release_order"",""source_unit_id"":""urn:uuid:e752cd73-317c-59a7-9ecc-df80368aac5e"",""target_unit_id"":""urn:uuid:05e8219c-4324-5cc5-b040-15dc99debf4a""},""record_type"":""relation"",""recorded_at"":""2026-09-07T00:00:00Z"",""semantic_key"":""a30:precedes:m50919:m49299""}"
tables/relations.jsonl,55,urn:uuid:120d4649-20c0-502c-8688-3b885c88fb0f,relation,"{""dataset_id"":""urn:uuid:661831b3-5b74-549b-be92-b84ce5992a88"",""id"":""urn:uuid:120d4649-20c0-502c-8688-3b885c88fb0f"",""normalized_state"":""candidate"",""owner_authority_id"":""urn:uuid:2c0d398e-59cd-57ca-9674-8120edd7d69c"",""owner_native_state"":null,""payload"":{""relation_type"":""precedes_in_release_order"",""source_unit_id"":""urn:uuid:2dceff21-cedd-5e89-92c7-7f86d365b36b"",""target_unit_id"":""urn:uuid:a816627b-5a02-5c26-a792-b1d6c693e66f""},""record_type"":""relation"",""recorded_at"":""2026-09-07T00:00:00Z"",""semantic_key"":""a30:precedes:m49409:m49411""}"
tables/relations.jsonl,7,urn:uuid:15e58ce6-9c75-5b85-b6e8-28eae4010537,relation,"{""dataset_id"":""urn:uuid:661831b3-5b74-549b-be92-b84ce5992a88"",""id"":""urn:uuid:15e58ce6-9c75-5b85-b6e8-28eae4010537"",""normalized_state"":""candidate"",""owner_authority_id"":""urn:uuid:2c0d398e-59cd-57ca-9674-8120edd7d69c"",""owner_native_state"":null,""payload"":{""relation_type"":""precedes_in_release_order"",""source_unit_id"":""urn:uuid:c7c2a9c7-62fd-59c7-a703-30df1b8beac6"",""target_unit_id"":""urn:uuid:83aa45f5-9271-5093-a966-e2d31a463840""},""record_type"":""relation"",""recorded_at"":""2026-09-07T00:00:00Z"",""semantic_key"":""a30:precedes:m49312:m49314""}"
tables/relations.jsonl,50,urn:uuid:19aa527c-0830-53fa-9d47-e23515f47d31,relation,"{""dataset_id"":""urn:uuid:661831b3-5b74-549b-be92-b84ce5992a88"",""id"":""urn:uuid:19aa527c-0830-53fa-9d47-e23515f47d31"",""normalized_state"":""candidate"",""owner_authority_id"":""urn:uuid:2c0d398e-59cd-57ca-9674-8120edd7d69c"",""owner_native_state"":null,""payload"":{""relation_type"":""precedes_in_release_order"",""source_unit_id"":""urn:uuid:a19f7df3-dc10-56b3-ba7b-577b1a8f14b0"",""target_unit_id"":""urn:uuid:3f7521af-414a-52c9-9030-8e317a19ae40""},""record_type"":""relation"",""recorded_at"":""2026-09-07T00:00:00Z"",""semantic_key"":""a30:precedes:m49404:m49405""}"
tables/relations.jsonl,70,urn:uuid:1c8e293c-b1d0-5259-911d-67f993e7b3f2,relation,"{""dataset_id"":""urn:uuid:661831b3-5b74-549b-be92-b84ce5992a88"",""id"":""urn:uuid:1c8e293c-b1d0-5259-911d-67f993e7b3f2"",""normalized_state"":""candidate"",""owner_authority_id"":""urn:uuid:2c0d398e-59cd-57ca-9674-8120edd7d69c"",""owner_native_state"":null,""payload"":{""relation_type"":""precedes_in_release_order"",""source_unit_id"":""urn:uuid:e2f480d1-5891-5627-8ec8-0c0c898d1eae"",""target_unit_id"":""urn:uuid:6bef4602-aa3f-5537-b8e6-083ce166e5cf""},""record_type"":""relation"",""recorded_at"":""2026-09-07T00:00:00Z"",""semantic_key"":""a30:precedes:m49440:m49441""}"
tables/relations.jsonl,69,urn:uuid:1d9fdeb5-de97-5dc8-93ad-24c99220cbc6,relation,"{""dataset_id"":""urn:uuid:661831b3-5b74-549b-be92-b84ce5992a88"",""id"":""urn:uuid:1d9fdeb5-de97-5dc8-93ad-24c99220cbc6"",""normalized_state"":""candidate"",""owner_authority_id"":""urn:uuid:2c0d398e-59cd-57ca-9674-8120edd7d69c"",""owner_native_state"":null,""payload"":{""relation_type"":""precedes_in_release_order"",""source_unit_id"":""urn:uuid:5f04c961-8266-59f1-84e4-01aa84ba4431"",""target_unit_id"":""urn:uuid:e2f480d1-5891-5627-8ec8-0c0c898d1eae""},""record_type"":""relation"",""recorded_at"":""2026-09-07T00:00:00Z"",""semantic_key"":""a30:precedes:m49439:m49440""}"
tables/relations.jsonl,27,urn:uuid:1dc671b3-68ca-5b9d-b8c9-733c16579a2d,relation,"{""dataset_id"":""urn:uuid:661831b3-5b74-549b-be92-b84ce5992a88"",""id"":""urn:uuid:1dc671b3-68ca-5b9d-b8c9-733c16579a2d"",""normalized_state"":""candidate"",""owner_authority_id"":""urn:uuid:2c0d398e-59cd-57ca-9674-8120edd7d69c"",""owner_native_state"":null,""payload"":{""relation_type"":""precedes_in_release_order"",""source_unit_id"":""urn:uuid:fb5b4b2f-4b28-57a2-933e-196ab5675726"",""target_unit_id"":""urn:uuid:e0ece7ad-8075-567c-bd75-0310c2aaa15e""},""record_type"":""relation"",""recorded_at"":""2026-09-07T00:00:00Z"",""semantic_key"":""a30:precedes:m49363:m49364""}"
tables/relations.jsonl,1,urn:uuid:1e3bead5-6070-5fc1-9608-142b8dff30fc,relation,"{""dataset_id"":""urn:uuid:661831b3-5b74-549b-be92-b84ce5992a88"",""id"":""urn:uuid:1e3bead5-6070-5fc1-9608-142b8dff30fc"",""normalized_state"":""candidate"",""owner_authority_id"":""urn:uuid:2c0d398e-59cd-57ca-9674-8120edd7d69c"",""owner_native_state"":null,""payload"":{""relation_type"":""course_prerequisite"",""source_course_id"":""A30"",""target_course_id"":""A20""},""record_type"":""relation"",""recorded_at"":""2026-09-07T00:00:00Z"",""semantic_key"":""a30:course-prerequisite:A20""}"
tables/relations.jsonl,2,urn:uuid:1f2fe440-113a-5bdf-ba02-ae6b6db50d67,relation,"{""dataset_id"":""urn:uuid:661831b3-5b74-549b-be92-b84ce5992a88"",""id"":""urn:uuid:1f2fe440-113a-5bdf-ba02-ae6b6db50d67"",""normalized_state"":""candidate"",""owner_authority_id"":""urn:uuid:2c0d398e-59cd-57ca-9674-8120edd7d69c"",""owner_native_state"":null,""payload"":{""relation_type"":""precedes_in_release_order"",""source_unit_id"":""urn:uuid:05e8219c-4324-5cc5-b040-15dc99debf4a"",""target_unit_id"":""urn:uuid:ecb2439d-e5ab-516e-ae34-d45f391c55f1""},""record_type"":""relation"",""recorded_at"":""2026-09-07T00:00:00Z"",""semantic_key"":""a30:precedes:m49299:m49301""}"
tables/relations.jsonl,41,urn:uuid:20ab6952-50f0-5a7c-a405-97665d8cd193,relation,"{""dataset_id"":""urn:uuid:661831b3-5b74-549b-be92-b84ce5992a88"",""id"":""urn:uuid:20ab6952-50f0-5a7c-a405-97665d8cd193"",""normalized_state"":""candidate"",""owner_authority_id"":""urn:uuid:2c0d398e-59cd-57ca-9674-8120edd7d69c"",""owner_native_state"":null,""payload"":{""relation_type"":""precedes_in_release_order"",""source_unit_id"":""urn:uuid:74f3794c-fea8-54cc-b601-303fd6d15444"",""target_unit_id"":""urn:uuid:85c1e7a1-a27b-5a59-aa61-302b5368bac7""},""record_type"":""relation"",""recorded_at"":""2026-09-07T00:00:00Z"",""semantic_key"":""a30:precedes:m49390:m49392""}"
tables/relations.jsonl,78,urn:uuid:21595ec1-b88d-58c3-90a9-7b5af32a3d57,relation,"{""dataset_id"":""urn:uuid:661831b3-5b74-549b-be92-b84ce5992a88"",""id"":""urn:uuid:21595ec1-b88d-58c3-90a9-7b5af32a3d57"",""normalized_state"":""candidate"",""owner_authority_id"":""urn:uuid:2c0d398e-59cd-57ca-9674-8120edd7d69c"",""owner_native_state"":null,""payload"":{""relation_type"":""precedes_in_release_order"",""source_unit_id"":""urn:uuid:ab2ae219-f335-5771-a732-a5cf80ffbe2a"",""target_unit_id"":""urn:uuid:94530b21-0b22-50b0-b2c1-e456a99b6c07""},""record_type"":""relation"",""recorded_at"":""2026-09-07T00:00:00Z"",""semantic_key"":""a30:precedes:m49448:m49449""}"
tables/relations.jsonl,38,urn:uuid:21a6cf67-db68-596e-8a23-b6c3978a724a,relation,"{""dataset_id"":""urn:uuid:661831b3-5b74-549b-be92-b84ce5992a88"",""id"":""urn:uuid:21a6cf67-db68-596e-8a23-b6c3978a724a"",""normalized_state"":""candidate"",""owner_authority_id"":""urn:uuid:2c0d398e-59cd-57ca-9674-8120edd7d69c"",""owner_native_state"":null,""payload"":{""relation_type"":""precedes_in_release_order"",""source_unit_id"":""urn:uuid:caa0b6e9-12d3-59d0-9bc2-0748b9a86947"",""target_unit_id"":""urn:uuid:36e75bb7-7902-5d63-a7a1-bb5a1d16e520""},""record_type"":""relation"",""recorded_at"":""2026-09-07T00:00:00Z"",""semantic_key"":""a30:precedes:m49386:m49387""}"
tables/relations.jsonl,20,urn:uuid:260bb79c-1ed4-51c0-9d7c-4d56f70fd0f4,relation,"{""dataset_id"":""urn:uuid:661831b3-5b74-549b-be92-b84ce5992a88"",""id"":""urn:uuid:260bb79c-1ed4-51c0-9d7c-4d56f70fd0f4"",""normalized_state"":""candidate"",""owner_authority_id"":""urn:uuid:2c0d398e-59cd-57ca-9674-8120edd7d69c"",""owner_native_state"":null,""payload"":{""relation_type"":""precedes_in_release_order"",""source_unit_id"":""urn:uuid:e48a4c01-5bfa-5820-a004-fe76e2e2c9a1"",""target_unit_id"":""urn:uuid:c77272c9-3e91-59f1-9cc6-23cc2c171bb1""},""record_type"":""relation"",""recorded_at"":""2026-09-07T00:00:00Z"",""semantic_key"":""a30:precedes:m49349:m49351""}"
tables/relations.jsonl,11,urn:uuid:263e91e4-4452-5129-8a0a-82a4e8a72bb5,relation,"{""dataset_id"":""urn:uuid:661831b3-5b74-549b-be92-b84ce5992a88"",""id"":""urn:uuid:263e91e4-4452-5129-8a0a-82a4e8a72bb5"",""normalized_state"":""candidate"",""owner_authority_id"":""urn:uuid:2c0d398e-59cd-57ca-9674-8120edd7d69c"",""owner_native_state"":null,""payload"":{""relation_type"":""precedes_in_release_order"",""source_unit_id"":""urn:uuid:4113cbee-2d8d-5844-8304-4ca58366b639"",""target_unit_id"":""urn:uuid:d54ec07e-274c-5190-b501-6c0986e61864""},""record_type"":""relation"",""recorded_at"":""2026-09-07T00:00:00Z"",""semantic_key"":""a30:precedes:m49324:m50389""}"
tables/relations.jsonl,34,urn:uuid:26e6080e-ca14-53e8-835e-a351df542e77,relation,"{""dataset_id"":""urn:uuid:661831b3-5b74-549b-be92-b84ce5992a88"",""id"":""urn:uuid:26e6080e-ca14-53e8-835e-a351df542e77"",""normalized_state"":""candidate"",""owner_authority_id"":""urn:uuid:2c0d398e-59cd-57ca-9674-8120edd7d69c"",""owner_native_state"":null,""payload"":{""relation_type"":""precedes_in_release_order"",""source_unit_id"":""urn:uuid:3a57dc28-4b62-524c-b721-f1849261340f"",""target_unit_id"":""urn:uuid:a172fc60-10c5-5f7f-919c-3d89b60431dd""},""record_type"":""relation"",""recorded_at"":""2026-09-07T00:00:00Z"",""semantic_key"":""a30:precedes:m49371:m49372""}"
tables/relations.jsonl,24,urn:uuid:288127ea-b99d-5ea6-b7b6-63c4874d35f8,relation,"{""dataset_id"":""urn:uuid:661831b3-5b74-549b-be92-b84ce5992a88"",""id"":""urn:uuid:288127ea-b99d-5ea6-b7b6-63c4874d35f8"",""normalized_state"":""candidate"",""owner_authority_id"":""urn:uuid:2c0d398e-59cd-57ca-9674-8120edd7d69c"",""owner_native_state"":null,""payload"":{""relation_type"":""precedes_in_release_order"",""source_unit_id"":""urn:uuid:6f0f502d-52c9-5323-b266-c7372fbca0de"",""target_unit_id"":""urn:uuid:e0e0f597-8cd3-58b1-a1e4-7ced441023be""},""record_type"":""relation"",""recorded_at"":""2026-09-07T00:00:00Z"",""semantic_key"":""a30:precedes:m49356:m49361""}"
tables/relations.jsonl,67,urn:uuid:299631d5-0735-5014-b9ff-77c9763012bf,relation,"{""dataset_id"":""urn:uuid:661831b3-5b74-549b-be92-b84ce5992a88"",""id"":""urn:uuid:299631d5-0735-5014-b9ff-77c9763012bf"",""normalized_state"":""candidate"",""owner_authority_id"":""urn:uuid:2c0d398e-59cd-57ca-9674-8120edd7d69c"",""owner_native_state"":null,""payload"":{""relation_type"":""precedes_in_release_order"",""source_unit_id"":""urn:uuid:cae38853-a1e6-5850-b660-ce6fc2c0350e"",""target_unit_id"":""urn:uuid:d2eebe8e-7f2e-5797-b4dd-684386aa7dad""},""record_type"":""relation"",""recorded_at"":""2026-09-07T00:00:00Z"",""semantic_key"":""a30:precedes:m49437:m49438""}"
tables/relations.jsonl,80,urn:uuid:344489ff-d48e-5433-be1a-f1874052b548,relation,"{""dataset_id"":""urn:uuid:661831b3-5b74-549b-be92-b84ce5992a88"",""id"":""urn:uuid:344489ff-d48e-5433-be1a-f1874052b548"",""normalized_state"":""candidate"",""owner_authority_id"":""urn:uuid:2c0d398e-59cd-57ca-9674-8120edd7d69c"",""owner_native_state"":null,""payload"":{""relation_type"":""precedes_in_release_order"",""source_unit_id"":""urn:uuid:e14d7192-db8f-5905-b179-d323a2bff0ae"",""target_unit_id"":""urn:uuid:bb05b47c-eae6-525f-9dd7-e435a108ff70""},""record_type"":""relation"",""recorded_at"":""2026-09-07T00:00:00Z"",""semantic_key"":""a30:precedes:m49450:m49451""}"
tables/relations.jsonl,51,urn:uuid:384b44e1-f8fb-564d-81c6-8efdfdfbfd72,relation,"{""dataset_id"":""urn:uuid:661831b3-5b74-549b-be92-b84ce5992a88"",""id"":""urn:uuid:384b44e1-f8fb-564d-81c6-8efdfdfbfd72"",""normalized_state"":""candidate"",""owner_authority_id"":""urn:uuid:2c0d398e-59cd-57ca-9674-8120edd7d69c"",""owner_native_state"":null,""payload"":{""relation_type"":""precedes_in_release_order"",""source_unit_id"":""urn:uuid:3f7521af-414a-52c9-9030-8e317a19ae40"",""target_unit_id"":""urn:uuid:76de6819-084b-5f51-a9e6-47b6df2adbcd""},""record_type"":""relation"",""recorded_at"":""2026-09-07T00:00:00Z"",""semantic_key"":""a30:precedes:m49405:m49406""}"
tables/relations.jsonl,36,urn:uuid:385af5b6-1a45-5102-87e0-36f29c69e453,relation,"{""dataset_id"":""urn:uuid:661831b3-5b74-549b-be92-b84ce5992a88"",""id"":""urn:uuid:385af5b6-1a45-5102-87e0-36f29c69e453"",""normalized_state"":""candidate"",""owner_authority_id"":""urn:uuid:2c0d398e-59cd-57ca-9674-8120edd7d69c"",""owner_native_state"":null,""payload"":{""relation_type"":""precedes_in_release_order"",""source_unit_id"":""urn:uuid:57746624-df8f-5cc0-a84c-00212cf95831"",""target_unit_id"":""urn:uuid:23d47f52-4ae0-5be9-b461-a039f5def645""},""record_type"":""relation"",""recorded_at"":""2026-09-07T00:00:00Z"",""semantic_key"":""a30:precedes:m49374:m49384""}"
tables/relations.jsonl,56,urn:uuid:38b0fe29-5a2d-5ce1-893c-b4d075551748,relation,"{""dataset_id"":""urn:uuid:661831b3-5b74-549b-be92-b84ce5992a88"",""id"":""urn:uuid:38b0fe29-5a2d-5ce1-893c-b4d075551748"",""normalized_state"":""candidate"",""owner_authority_id"":""urn:uuid:2c0d398e-59cd-57ca-9674-8120edd7d69c"",""owner_native_state"":null,""payload"":{""relation_type"":""precedes_in_release_order"",""source_unit_id"":""urn:uuid:a816627b-5a02-5c26-a792-b1d6c693e66f"",""target_unit_id"":""urn:uuid:1a2fc92b-9056-5814-ac9e-947cda1a79ee""},""record_type"":""relation"",""recorded_at"":""2026-09-07T00:00:00Z"",""semantic_key"":""a30:precedes:m49411:m49412""}"
tables/relations.jsonl,49,urn:uuid:38b8a83d-ae2f-5bc5-8ceb-b38e2cc699ca,relation,"{""dataset_id"":""urn:uuid:661831b3-5b74-549b-be92-b84ce5992a88"",""id"":""urn:uuid:38b8a83d-ae2f-5bc5-8ceb-b38e2cc699ca"",""normalized_state"":""candidate"",""owner_authority_id"":""urn:uuid:2c0d398e-59cd-57ca-9674-8120edd7d69c"",""owner_native_state"":null,""payload"":{""relation_type"":""precedes_in_release_order"",""source_unit_id"":""urn:uuid:981d96e3-ba69-53f0-8002-36833de581ee"",""target_unit_id"":""urn:uuid:a19f7df3-dc10-56b3-ba7b-577b1a8f14b0""},""record_type"":""relation"",""recorded_at"":""2026-09-07T00:00:00Z"",""semantic_key"":""a30:precedes:m49402:m49404""}"
tables/relations.jsonl,60,urn:uuid:43adac2a-092c-5985-9f52-12b3d3b1701a,relation,"{""dataset_id"":""urn:uuid:661831b3-5b74-549b-be92-b84ce5992a88"",""id"":""urn:uuid:43adac2a-092c-5985-9f52-12b3d3b1701a"",""normalized_state"":""candidate"",""owner_authority_id"":""urn:uuid:2c0d398e-59cd-57ca-9674-8120edd7d69c"",""owner_native_state"":null,""payload"":{""relation_type"":""precedes_in_release_order"",""source_unit_id"":""urn:uuid:b0084aee-fd2f-598a-a080-68ab1f5599fb"",""target_unit_id"":""urn:uuid:fb208ee8-2cca-5962-8077-0cbfe4120502""},""record_type"":""relation"",""recorded_at"":""2026-09-07T00:00:00Z"",""semantic_key"":""a30:precedes:m49420:m49419""}"
tables/relations.jsonl,52,urn:uuid:446373a6-36fb-580a-bca5-9ae103bd8501,relation,"{""dataset_id"":""urn:uuid:661831b3-5b74-549b-be92-b84ce5992a88"",""id"":""urn:uuid:446373a6-36fb-580a-bca5-9ae103bd8501"",""normalized_state"":""candidate"",""owner_authority_id"":""urn:uuid:2c0d398e-59cd-57ca-9674-8120edd7d69c"",""owner_native_state"":null,""payload"":{""relation_type"":""precedes_in_release_order"",""source_unit_id"":""urn:uuid:76de6819-084b-5f51-a9e6-47b6df2adbcd"",""target_unit_id"":""urn:uuid:f12e1b62-34ba-5bde-841a-1c477f90dbcb""},""record_type"":""relation"",""recorded_at"":""2026-09-07T00:00:00Z"",""semantic_key"":""a30:precedes:m49406:m49407""}"
tables/relations.jsonl,13,urn:uuid:44de6611-cf26-5f4a-8abe-5fb72be61dd8,relation,"{""dataset_id"":""urn:uuid:661831b3-5b74-549b-be92-b84ce5992a88"",""id"":""urn:uuid:44de6611-cf26-5f4a-8abe-5fb72be61dd8"",""normalized_state"":""candidate"",""owner_authority_id"":""urn:uuid:2c0d398e-59cd-57ca-9674-8120edd7d69c"",""owner_native_state"":null,""payload"":{""relation_type"":""precedes_in_release_order"",""source_unit_id"":""urn:uuid:ecfd1e3f-1dd0-5542-b1b1-0f489bcb3752"",""target_unit_id"":""urn:uuid:f3fa9903-cb3c-5017-8192-f28331a26b4f""},""record_type"":""relation"",""recorded_at"":""2026-09-07T00:00:00Z"",""semantic_key"":""a30:precedes:m49327:m49334""}"
tables/relations.jsonl,39,urn:uuid:47118cf8-2e60-5545-9f4a-200b3dc98c1f,relation,"{""dataset_id"":""urn:uuid:661831b3-5b74-549b-be92-b84ce5992a88"",""id"":""urn:uuid:47118cf8-2e60-5545-9f4a-200b3dc98c1f"",""normalized_state"":""candidate"",""owner_authority_id"":""urn:uuid:2c0d398e-59cd-57ca-9674-8120edd7d69c"",""owner_native_state"":null,""payload"":{""relation_type"":""precedes_in_release_order"",""source_unit_id"":""urn:uuid:36e75bb7-7902-5d63-a7a1-bb5a1d16e520"",""target_unit_id"":""urn:uuid:98b7fff5-0c6a-5d86-9fde-7759ce72e03c""},""record_type"":""relation"",""recorded_at"":""2026-09-07T00:00:00Z"",""semantic_key"":""a30:precedes:m49387:m49389""}"
tables/relations.jsonl,44,urn:uuid:4a0d1ff0-e885-5335-8985-baa21ea9f3da,relation,"{""dataset_id"":""urn:uuid:661831b3-5b74-549b-be92-b84ce5992a88"",""id"":""urn:uuid:4a0d1ff0-e885-5335-8985-baa21ea9f3da"",""normalized_state"":""candidate"",""owner_authority_id"":""urn:uuid:2c0d398e-59cd-57ca-9674-8120edd7d69c"",""owner_native_state"":null,""payload"":{""relation_type"":""precedes_in_release_order"",""source_unit_id"":""urn:uuid:a68b3de9-b891-5290-b5ab-121d49a41408"",""target_unit_id"":""urn:uuid:0538843b-ce40-596b-b69e-fc9500682381""},""record_type"":""relation"",""recorded_at"":""2026-09-07T00:00:00Z"",""semantic_key"":""a30:precedes:m49395:m49396""}"
tables/relations.jsonl,16,urn:uuid:4ae70c15-f7e3-5d37-aece-6de7e2d92c85,relation,"{""dataset_id"":""urn:uuid:661831b3-5b74-549b-be92-b84ce5992a88"",""id"":""urn:uuid:4ae70c15-f7e3-5d37-aece-6de7e2d92c85"",""normalized_state"":""candidate"",""owner_authority_id"":""urn:uuid:2c0d398e-59cd-57ca-9674-8120edd7d69c"",""owner_native_state"":null,""payload"":{""relation_type"":""precedes_in_release_order"",""source_unit_id"":""urn:uuid:d60a35c9-d991-58ae-a8f6-86fcfc11ab27"",""target_unit_id"":""urn:uuid:7ba86d37-342f-5317-ad45-d1ac823f369d""},""record_type"":""relation"",""recorded_at"":""2026-09-07T00:00:00Z"",""semantic_key"":""a30:precedes:m49337:m49346""}"
tables/relations.jsonl,23,urn:uuid:4b1fdd17-2c36-517c-86b4-98695284291c,relation,"{""dataset_id"":""urn:uuid:661831b3-5b74-549b-be92-b84ce5992a88"",""id"":""urn:uuid:4b1fdd17-2c36-517c-86b4-98695284291c"",""normalized_state"":""candidate"",""owner_authority_id"":""urn:uuid:2c0d398e-59cd-57ca-9674-8120edd7d69c"",""owner_native_state"":null,""payload"":{""relation_type"":""precedes_in_release_order"",""source_unit_id"":""urn:uuid:b7ae61b0-f094-56d0-911f-745da1aad6d5"",""target_unit_id"":""urn:uuid:6f0f502d-52c9-5323-b266-c7372fbca0de""},""record_type"":""relation"",""recorded_at"":""2026-09-07T00:00:00Z"",""semantic_key"":""a30:precedes:m49353:m49356""}"
tables/relations.jsonl,37,urn:uuid:5870681a-11d1-5a15-820f-3ebe56f8dc7e,relation,"{""dataset_id"":""urn:uuid:661831b3-5b74-549b-be92-b84ce5992a88"",""id"":""urn:uuid:5870681a-11d1-5a15-820f-3ebe56f8dc7e"",""normalized_state"":""candidate"",""owner_authority_id"":""urn:uuid:2c0d398e-59cd-57ca-9674-8120edd7d69c"",""owner_native_state"":null,""payload"":{""relation_type"":""precedes_in_release_order"",""source_unit_id"":""urn:uuid:23d47f52-4ae0-5be9-b461-a039f5def645"",""target_unit_id"":""urn:uuid:caa0b6e9-12d3-59d0-9bc2-0748b9a86947""},""record_type"":""relation"",""recorded_at"":""2026-09-07T00:00:00Z"",""semantic_key"":""a30:precedes:m49384:m49386""}"
tables/relations.jsonl,25,urn:uuid:5aeb38e0-c4e8-5f7c-a2cb-976cf4d938aa,relation,"{""dataset_id"":""urn:uuid:661831b3-5b74-549b-be92-b84ce5992a88"",""id"":""urn:uuid:5aeb38e0-c4e8-5f7c-a2cb-976cf4d938aa"",""normalized_state"":""candidate"",""owner_authority_id"":""urn:uuid:2c0d398e-59cd-57ca-9674-8120edd7d69c"",""owner_native_state"":null,""payload"":{""relation_type"":""precedes_in_release_order"",""source_unit_id"":""urn:uuid:e0e0f597-8cd3-58b1-a1e4-7ced441023be"",""target_unit_id"":""urn:uuid:a3a0dd2c-e105-55a5-a564-8de1e0a4c558""},""record_type"":""relation"",""recorded_at"":""2026-09-07T00:00:00Z"",""semantic_key"":""a30:precedes:m49361:m49362""}"
tables/relations.jsonl,63,urn:uuid:6043ebe9-a862-5201-ad81-5c6bb35df042,relation,"{""dataset_id"":""urn:uuid:661831b3-5b74-549b-be92-b84ce5992a88"",""id"":""urn:uuid:6043ebe9-a862-5201-ad81-5c6bb35df042"",""normalized_state"":""candidate"",""owner_authority_id"":""urn:uuid:2c0d398e-59cd-57ca-9674-8120edd7d69c"",""owner_native_state"":null,""payload"":{""relation_type"":""precedes_in_release_order"",""source_unit_id"":""urn:uuid:b46f4834-5e91-57da-9de4-af070c4724b3"",""target_unit_id"":""urn:uuid:07b6a173-131e-52f5-8e31-9d26a538d751""},""record_type"":""relation"",""recorded_at"":""2026-09-07T00:00:00Z"",""semantic_key"":""a30:precedes:m49433:m49434""}"
tables/relations.jsonl,82,urn:uuid:6367972c-8730-5ac9-9310-7faced36fe0a,relation,"{""dataset_id"":""urn:uuid:661831b3-5b74-549b-be92-b84ce5992a88"",""id"":""urn:uuid:6367972c-8730-5ac9-9310-7faced36fe0a"",""normalized_state"":""candidate"",""owner_authority_id"":""urn:uuid:2c0d398e-59cd-57ca-9674-8120edd7d69c"",""owner_native_state"":null,""payload"":{""relation_type"":""precedes_in_release_order"",""source_unit_id"":""urn:uuid:c60088ce-1ba6-5867-82c2-e7dfe943dd61"",""target_unit_id"":""urn:uuid:f517107a-975a-5ba9-bc44-d5f0cc9a77b8""},""record_type"":""relation"",""recorded_at"":""2026-09-07T00:00:00Z"",""semantic_key"":""a30:precedes:m49452:m49453""}"
tables/relations.jsonl,28,urn:uuid:6f4037c4-d7ea-5235-97e2-c6280cdd85cd,relation,"{""dataset_id"":""urn:uuid:661831b3-5b74-549b-be92-b84ce5992a88"",""id"":""urn:uuid:6f4037c4-d7ea-5235-97e2-c6280cdd85cd"",""normalized_state"":""candidate"",""owner_authority_id"":""urn:uuid:2c0d398e-59cd-57ca-9674-8120edd7d69c"",""owner_native_state"":null,""payload"":{""relation_type"":""precedes_in_release_order"",""source_unit_id"":""urn:uuid:e0ece7ad-8075-567c-bd75-0310c2aaa15e"",""target_unit_id"":""urn:uuid:62698e31-22cf-5c53-9d05-e729554524a8""},""record_type"":""relation"",""recorded_at"":""2026-09-07T00:00:00Z"",""semantic_key"":""a30:precedes:m49364:m49365""}"
tables/relations.jsonl,53,urn:uuid:6fecfd27-a58b-521e-b836-c7377ce92fc9,relation,"{""dataset_id"":""urn:uuid:661831b3-5b74-549b-be92-b84ce5992a88"",""id"":""urn:uuid:6fecfd27-a58b-521e-b836-c7377ce92fc9"",""normalized_state"":""candidate"",""owner_authority_id"":""urn:uuid:2c0d398e-59cd-57ca-9674-8120edd7d69c"",""owner_native_state"":null,""payload"":{""relation_type"":""precedes_in_release_order"",""source_unit_id"":""urn:uuid:f12e1b62-34ba-5bde-841a-1c477f90dbcb"",""target_unit_id"":""urn:uuid:91de9788-1651-5a29-bb78-02a3a3577e7e""},""record_type"":""relation"",""recorded_at"":""2026-09-07T00:00:00Z"",""semantic_key"":""a30:precedes:m49407:m49408""}"
tables/relations.jsonl,43,urn:uuid:7de3cb97-142a-5c7c-b471-9d7755b25fcb,relation,"{""dataset_id"":""urn:uuid:661831b3-5b74-549b-be92-b84ce5992a88"",""id"":""urn:uuid:7de3cb97-142a-5c7c-b471-9d7755b25fcb"",""normalized_state"":""candidate"",""owner_authority_id"":""urn:uuid:2c0d398e-59cd-57ca-9674-8120edd7d69c"",""owner_native_state"":null,""payload"":{""relation_type"":""precedes_in_release_order"",""source_unit_id"":""urn:uuid:c1dad04c-de45-5f48-b832-3d029421543f"",""target_unit_id"":""urn:uuid:a68b3de9-b891-5290-b5ab-121d49a41408""},""record_type"":""relation"",""recorded_at"":""2026-09-07T00:00:00Z"",""semantic_key"":""a30:precedes:m49393:m49395""}"
tables/relations.jsonl,45,urn:uuid:82efa7df-7def-5d12-b90e-e84d96265e11,relation,"{""dataset_id"":""urn:uuid:661831b3-5b74-549b-be92-b84ce5992a88"",""id"":""urn:uuid:82efa7df-7def-5d12-b90e-e84d96265e11"",""normalized_state"":""candidate"",""owner_authority_id"":""urn:uuid:2c0d398e-59cd-57ca-9674-8120edd7d69c"",""owner_native_state"":null,""payload"":{""relation_type"":""precedes_in_release_order"",""source_unit_id"":""urn:uuid:0538843b-ce40-596b-b69e-fc9500682381"",""target_unit_id"":""urn:uuid:944e0489-909b-5e2d-8142-ab0febc3a44d""},""record_type"":""relation"",""recorded_at"":""2026-09-07T00:00:00Z"",""semantic_key"":""a30:precedes:m49396:m49397""}"
tables/relations.jsonl,26,urn:uuid:85dd290e-fead-5176-88ad-c9155c17db9e,relation,"{""dataset_id"":""urn:uuid:661831b3-5b74-549b-be92-b84ce5992a88"",""id"":""urn:uuid:85dd290e-fead-5176-88ad-c9155c17db9e"",""normalized_state"":""candidate"",""owner_authority_id"":""urn:uuid:2c0d398e-59cd-57ca-9674-8120edd7d69c"",""owner_native_state"":null,""payload"":{""relation_type"":""precedes_in_release_order"",""source_unit_id"":""urn:uuid:a3a0dd2c-e105-55a5-a564-8de1e0a4c558"",""target_unit_id"":""urn:uuid:fb5b4b2f-4b28-57a2-933e-196ab5675726""},""record_type"":""relation"",""recorded_at"":""2026-09-07T00:00:00Z"",""semantic_key"":""a30:precedes:m49362:m49363""}"
tables/relations.jsonl,79,urn:uuid:890a61b2-07d5-5c4a-bfe7-bc707c11647c,relation,"{""dataset_id"":""urn:uuid:661831b3-5b74-549b-be92-b84ce5992a88"",""id"":""urn:uuid:890a61b2-07d5-5c4a-bfe7-bc707c11647c"",""normalized_state"":""candidate"",""owner_authority_id"":""urn:uuid:2c0d398e-59cd-57ca-9674-8120edd7d69c"",""owner_native_state"":null,""payload"":{""relation_type"":""precedes_in_release_order"",""source_unit_id"":""urn:uuid:94530b21-0b22-50b0-b2c1-e456a99b6c07"",""target_unit_id"":""urn:uuid:e14d7192-db8f-5905-b179-d323a2bff0ae""},""record_type"":""relation"",""recorded_at"":""2026-09-07T00:00:00Z"",""semantic_key"":""a30:precedes:m49449:m49450""}"
tables/relations.jsonl,21,urn:uuid:9101562b-5604-513b-a9ec-5c2fd734856d,relation,"{""dataset_id"":""urn:uuid:661831b3-5b74-549b-be92-b84ce5992a88"",""id"":""urn:uuid:9101562b-5604-513b-a9ec-5c2fd734856d"",""normalized_state"":""candidate"",""owner_authority_id"":""urn:uuid:2c0d398e-59cd-57ca-9674-8120edd7d69c"",""owner_native_state"":null,""payload"":{""relation_type"":""precedes_in_release_order"",""source_unit_id"":""urn:uuid:c77272c9-3e91-59f1-9cc6-23cc2c171bb1"",""target_unit_id"":""urn:uuid:d395a3a6-f182-5340-a644-5fa16a9471d9""},""record_type"":""relation"",""recorded_at"":""2026-09-07T00:00:00Z"",""semantic_key"":""a30:precedes:m49351:m49352""}"
tables/relations.jsonl,31,urn:uuid:9a2ab25c-1e58-53d0-9539-99bbf407a96a,relation,"{""dataset_id"":""urn:uuid:661831b3-5b74-549b-be92-b84ce5992a88"",""id"":""urn:uuid:9a2ab25c-1e58-53d0-9539-99bbf407a96a"",""normalized_state"":""candidate"",""owner_authority_id"":""urn:uuid:2c0d398e-59cd-57ca-9674-8120edd7d69c"",""owner_native_state"":null,""payload"":{""relation_type"":""precedes_in_release_order"",""source_unit_id"":""urn:uuid:a6b4d407-7b02-5b28-805e-a61ac3315ce5"",""target_unit_id"":""urn:uuid:154e7129-115c-5c90-9b6a-c31a5064135c""},""record_type"":""relation"",""recorded_at"":""2026-09-07T00:00:00Z"",""semantic_key"":""a30:precedes:m49367:m49368""}"
tables/relations.jsonl,58,urn:uuid:9d51ac3c-0df0-58a0-8c79-b00d74c88cfc,relation,"{""dataset_id"":""urn:uuid:661831b3-5b74-549b-be92-b84ce5992a88"",""id"":""urn:uuid:9d51ac3c-0df0-58a0-8c79-b00d74c88cfc"",""normalized_state"":""candidate"",""owner_authority_id"":""urn:uuid:2c0d398e-59cd-57ca-9674-8120edd7d69c"",""owner_native_state"":null,""payload"":{""relation_type"":""precedes_in_release_order"",""source_unit_id"":""urn:uuid:33b0d7e6-9364-5a52-a162-84d1f5cc498a"",""target_unit_id"":""urn:uuid:b0084aee-fd2f-598a-a080-68ab1f5599fb""},""record_type"":""relation"",""recorded_at"":""2026-09-07T00:00:00Z"",""semantic_key"":""a30:precedes:m49418:m49420""}"
tables/relations.jsonl,22,urn:uuid:9de7bf1d-6214-5e1c-861e-19dc843b884b,relation,"{""dataset_id"":""urn:uuid:661831b3-5b74-549b-be92-b84ce5992a88"",""id"":""urn:uuid:9de7bf1d-6214-5e1c-861e-19dc843b884b"",""normalized_state"":""candidate"",""owner_authority_id"":""urn:uuid:2c0d398e-59cd-57ca-9674-8120edd7d69c"",""owner_native_state"":null,""payload"":{""relation_type"":""precedes_in_release_order"",""source_unit_id"":""urn:uuid:d395a3a6-f182-5340-a644-5fa16a9471d9"",""target_unit_id"":""urn:uuid:b7ae61b0-f094-56d0-911f-745da1aad6d5""},""record_type"":""relation"",""recorded_at"":""2026-09-07T00:00:00Z"",""semantic_key"":""a30:precedes:m49352:m49353""}"
tables/relations.jsonl,12,urn:uuid:a1199061-021b-5a5d-8eee-cba52449dc07,relation,"{""dataset_id"":""urn:uuid:661831b3-5b74-549b-be92-b84ce5992a88"",""id"":""urn:uuid:a1199061-021b-5a5d-8eee-cba52449dc07"",""normalized_state"":""candidate"",""owner_authority_id"":""urn:uuid:2c0d398e-59cd-57ca-9674-8120edd7d69c"",""owner_native_state"":null,""payload"":{""relation_type"":""precedes_in_release_order"",""source_unit_id"":""urn:uuid:7dc79841-7e22-5d64-b954-6aa66c68f0fa"",""target_unit_id"":""urn:uuid:ecfd1e3f-1dd0-5542-b1b1-0f489bcb3752""},""record_type"":""relation"",""recorded_at"":""2026-09-07T00:00:00Z"",""semantic_key"":""a30:precedes:m49326:m49327""}"
tables/relations.jsonl,29,urn:uuid:a3d3df22-739f-54ac-9262-dca8eaa07af5,relation,"{""dataset_id"":""urn:uuid:661831b3-5b74-549b-be92-b84ce5992a88"",""id"":""urn:uuid:a3d3df22-739f-54ac-9262-dca8eaa07af5"",""normalized_state"":""candidate"",""owner_authority_id"":""urn:uuid:2c0d398e-59cd-57ca-9674-8120edd7d69c"",""owner_native_state"":null,""payload"":{""relation_type"":""precedes_in_release_order"",""source_unit_id"":""urn:uuid:62698e31-22cf-5c53-9d05-e729554524a8"",""target_unit_id"":""urn:uuid:4597ebfd-ed2c-5d41-9295-60d75f28bb67""},""record_type"":""relation"",""recorded_at"":""2026-09-07T00:00:00Z"",""semantic_key"":""a30:precedes:m49365:m49366""}"
tables/relations.jsonl,86,urn:uuid:a43b2179-31ec-5324-82e8-17af59351b19,relation,"{""dataset_id"":""urn:uuid:661831b3-5b74-549b-be92-b84ce5992a88"",""id"":""urn:uuid:a43b2179-31ec-5324-82e8-17af59351b19"",""normalized_state"":""candidate"",""owner_authority_id"":""urn:uuid:2c0d398e-59cd-57ca-9674-8120edd7d69c"",""owner_native_state"":null,""payload"":{""relation_type"":""precedes_in_release_order"",""source_unit_id"":""urn:uuid:d54ec07e-274c-5190-b501-6c0986e61864"",""target_unit_id"":""urn:uuid:7dc79841-7e22-5d64-b954-6aa66c68f0fa""},""record_type"":""relation"",""recorded_at"":""2026-09-07T00:00:00Z"",""semantic_key"":""a30:precedes:m50389:m49326""}"
tables/relations.jsonl,65,urn:uuid:a5ca100c-644c-518c-bf74-baa43d9ca9de,relation,"{""dataset_id"":""urn:uuid:661831b3-5b74-549b-be92-b84ce5992a88"",""id"":""urn:uuid:a5ca100c-644c-518c-bf74-baa43d9ca9de"",""normalized_state"":""candidate"",""owner_authority_id"":""urn:uuid:2c0d398e-59cd-57ca-9674-8120edd7d69c"",""owner_native_state"":null,""payload"":{""relation_type"":""precedes_in_release_order"",""source_unit_id"":""urn:uuid:048fcd4e-3715-545e-a8fa-d352e03b67ad"",""target_unit_id"":""urn:uuid:724a9f93-39da-554e-84a7-d8ad646cf825""},""record_type"":""relation"",""recorded_at"":""2026-09-07T00:00:00Z"",""semantic_key"":""a30:precedes:m49435:m49436""}"
tables/relations.jsonl,68,urn:uuid:a87c0521-46c7-5069-be79-eba5192d740b,relation,"{""dataset_id"":""urn:uuid:661831b3-5b74-549b-be92-b84ce5992a88"",""id"":""urn:uuid:a87c0521-46c7-5069-be79-eba5192d740b"",""normalized_state"":""candidate"",""owner_authority_id"":""urn:uuid:2c0d398e-59cd-57ca-9674-8120edd7d69c"",""owner_native_state"":null,""payload"":{""relation_type"":""precedes_in_release_order"",""source_unit_id"":""urn:uuid:d2eebe8e-7f2e-5797-b4dd-684386aa7dad"",""target_unit_id"":""urn:uuid:5f04c961-8266-59f1-84e4-01aa84ba4431""},""record_type"":""relation"",""recorded_at"":""2026-09-07T00:00:00Z"",""semantic_key"":""a30:precedes:m49438:m49439""}"
tables/relations.jsonl,15,urn:uuid:aa8f0e8e-df1c-5f9a-9621-d6cca0408ba0,relation,"{""dataset_id"":""urn:uuid:661831b3-5b74-549b-be92-b84ce5992a88"",""id"":""urn:uuid:aa8f0e8e-df1c-5f9a-9621-d6cca0408ba0"",""normalized_state"":""candidate"",""owner_authority_id"":""urn:uuid:2c0d398e-59cd-57ca-9674-8120edd7d69c"",""owner_native_state"":null,""payload"":{""relation_type"":""precedes_in_release_order"",""source_unit_id"":""urn:uuid:2e0e3417-7777-5090-8880-0c35c155829b"",""target_unit_id"":""urn:uuid:d60a35c9-d991-58ae-a8f6-86fcfc11ab27""},""record_type"":""relation"",""recorded_at"":""2026-09-07T00:00:00Z"",""semantic_key"":""a30:precedes:m49335:m49337""}"
tables/relations.jsonl,6,urn:uuid:ae7cde55-a9fc-5483-bee0-774f35577069,relation,"{""dataset_id"":""urn:uuid:661831b3-5b74-549b-be92-b84ce5992a88"",""id"":""urn:uuid:ae7cde55-a9fc-5483-bee0-774f35577069"",""normalized_state"":""candidate"",""owner_authority_id"":""urn:uuid:2c0d398e-59cd-57ca-9674-8120edd7d69c"",""owner_native_state"":null,""payload"":{""relation_type"":""precedes_in_release_order"",""source_unit_id"":""urn:uuid:6be2cf9f-9951-554b-bd55-1f8ed50242b7"",""target_unit_id"":""urn:uuid:c7c2a9c7-62fd-59c7-a703-30df1b8beac6""},""record_type"":""relation"",""recorded_at"":""2026-09-07T00:00:00Z"",""semantic_key"":""a30:precedes:m49308:m49312""}"
tables/relations.jsonl,42,urn:uuid:b11fbdcc-3804-5a29-be0c-901434d04c86,relation,"{""dataset_id"":""urn:uuid:661831b3-5b74-549b-be92-b84ce5992a88"",""id"":""urn:uuid:b11fbdcc-3804-5a29-be0c-901434d04c86"",""normalized_state"":""candidate"",""owner_authority_id"":""urn:uuid:2c0d398e-59cd-57ca-9674-8120edd7d69c"",""owner_native_state"":null,""payload"":{""relation_type"":""precedes_in_release_order"",""source_unit_id"":""urn:uuid:85c1e7a1-a27b-5a59-aa61-302b5368bac7"",""target_unit_id"":""urn:uuid:c1dad04c-de45-5f48-b832-3d029421543f""},""record_type"":""relation"",""recorded_at"":""2026-09-07T00:00:00Z"",""semantic_key"":""a30:precedes:m49392:m49393""}"
tables/relations.jsonl,9,urn:uuid:b21e2cb8-40f4-570b-b47e-fe4711a83022,relation,"{""dataset_id"":""urn:uuid:661831b3-5b74-549b-be92-b84ce5992a88"",""id"":""urn:uuid:b21e2cb8-40f4-570b-b47e-fe4711a83022"",""normalized_state"":""candidate"",""owner_authority_id"":""urn:uuid:2c0d398e-59cd-57ca-9674-8120edd7d69c"",""owner_native_state"":null,""payload"":{""relation_type"":""precedes_in_release_order"",""source_unit_id"":""urn:uuid:0d586bde-0c1f-5143-a045-e1b22d5fc6b2"",""target_unit_id"":""urn:uuid:63c6c031-ac9e-5bf8-8382-99e6a47ab739""},""record_type"":""relation"",""recorded_at"":""2026-09-07T00:00:00Z"",""semantic_key"":""a30:precedes:m49320:m49321""}"
tables/relations.jsonl,76,urn:uuid:b261dfee-b8b6-5f2d-9d00-4bd3f0d700a9,relation,"{""dataset_id"":""urn:uuid:661831b3-5b74-549b-be92-b84ce5992a88"",""id"":""urn:uuid:b261dfee-b8b6-5f2d-9d00-4bd3f0d700a9"",""normalized_state"":""candidate"",""owner_authority_id"":""urn:uuid:2c0d398e-59cd-57ca-9674-8120edd7d69c"",""owner_native_state"":null,""payload"":{""relation_type"":""precedes_in_release_order"",""source_unit_id"":""urn:uuid:2bd5567f-eae9-5251-a5a8-be9d0cff94da"",""target_unit_id"":""urn:uuid:9839041a-97b0-588e-a9a7-593d06f5b8fd""},""record_type"":""relation"",""recorded_at"":""2026-09-07T00:00:00Z"",""semantic_key"":""a30:precedes:m49446:m49447""}"
tables/relations.jsonl,18,urn:uuid:b463c198-86c8-5da9-b849-bbf06e9afa48,relation,"{""dataset_id"":""urn:uuid:661831b3-5b74-549b-be92-b84ce5992a88"",""id"":""urn:uuid:b463c198-86c8-5da9-b849-bbf06e9afa48"",""normalized_state"":""candidate"",""owner_authority_id"":""urn:uuid:2c0d398e-59cd-57ca-9674-8120edd7d69c"",""owner_native_state"":null,""payload"":{""relation_type"":""precedes_in_release_order"",""source_unit_id"":""urn:uuid:0c36d32c-f8a1-57bd-8101-cc92b303be62"",""target_unit_id"":""urn:uuid:3bfffa92-800f-5f99-b293-3967c0fedf2b""},""record_type"":""relation"",""recorded_at"":""2026-09-07T00:00:00Z"",""semantic_key"":""a30:precedes:m49347:m49348""}"
tables/relations.jsonl,75,urn:uuid:b82130a6-d44d-50f0-867a-93b4a669434d,relation,"{""dataset_id"":""urn:uuid:661831b3-5b74-549b-be92-b84ce5992a88"",""id"":""urn:uuid:b82130a6-d44d-50f0-867a-93b4a669434d"",""normalized_state"":""candidate"",""owner_authority_id"":""urn:uuid:2c0d398e-59cd-57ca-9674-8120edd7d69c"",""owner_native_state"":null,""payload"":{""relation_type"":""precedes_in_release_order"",""source_unit_id"":""urn:uuid:35f9afc5-a98f-5b38-92fe-b469abc67eb2"",""target_unit_id"":""urn:uuid:2bd5567f-eae9-5251-a5a8-be9d0cff94da""},""record_type"":""relation"",""recorded_at"":""2026-09-07T00:00:00Z"",""semantic_key"":""a30:precedes:m49445:m49446""}"
tables/relations.jsonl,48,urn:uuid:bc4b70ad-c86e-55ea-b5ca-990216bb9db5,relation,"{""dataset_id"":""urn:uuid:661831b3-5b74-549b-be92-b84ce5992a88"",""id"":""urn:uuid:bc4b70ad-c86e-55ea-b5ca-990216bb9db5"",""normalized_state"":""candidate"",""owner_authority_id"":""urn:uuid:2c0d398e-59cd-57ca-9674-8120edd7d69c"",""owner_native_state"":null,""payload"":{""relation_type"":""precedes_in_release_order"",""source_unit_id"":""urn:uuid:1a70b144-a53a-587d-bd9e-9c56844c9e32"",""target_unit_id"":""urn:uuid:981d96e3-ba69-53f0-8002-36833de581ee""},""record_type"":""relation"",""recorded_at"":""2026-09-07T00:00:00Z"",""semantic_key"":""a30:precedes:m49399:m49402""}"
tables/relations.jsonl,19,urn:uuid:c030a44e-6216-57a9-b2bb-99371ed65466,relation,"{""dataset_id"":""urn:uuid:661831b3-5b74-549b-be92-b84ce5992a88"",""id"":""urn:uuid:c030a44e-6216-57a9-b2bb-99371ed65466"",""normalized_state"":""candidate"",""owner_authority_id"":""urn:uuid:2c0d398e-59cd-57ca-9674-8120edd7d69c"",""owner_native_state"":null,""payload"":{""relation_type"":""precedes_in_release_order"",""source_unit_id"":""urn:uuid:3bfffa92-800f-5f99-b293-3967c0fedf2b"",""target_unit_id"":""urn:uuid:e48a4c01-5bfa-5820-a004-fe76e2e2c9a1""},""record_type"":""relation"",""recorded_at"":""2026-09-07T00:00:00Z"",""semantic_key"":""a30:precedes:m49348:m49349""}"
tables/relations.jsonl,33,urn:uuid:c47821e6-b89c-5668-bb03-d9ea6a467a27,relation,"{""dataset_id"":""urn:uuid:661831b3-5b74-549b-be92-b84ce5992a88"",""id"":""urn:uuid:c47821e6-b89c-5668-bb03-d9ea6a467a27"",""normalized_state"":""candidate"",""owner_authority_id"":""urn:uuid:2c0d398e-59cd-57ca-9674-8120edd7d69c"",""owner_native_state"":null,""payload"":{""relation_type"":""precedes_in_release_order"",""source_unit_id"":""urn:uuid:c6ed74da-3a07-5e3b-a3c1-856dfbdc1322"",""target_unit_id"":""urn:uuid:3a57dc28-4b62-524c-b721-f1849261340f""},""record_type"":""relation"",""recorded_at"":""2026-09-07T00:00:00Z"",""semantic_key"":""a30:precedes:m49369:m49371""}"
tables/relations.jsonl,73,urn:uuid:c5a22e65-ee0d-5b6a-ac31-1a794372e479,relation,"{""dataset_id"":""urn:uuid:661831b3-5b74-549b-be92-b84ce5992a88"",""id"":""urn:uuid:c5a22e65-ee0d-5b6a-ac31-1a794372e479"",""normalized_state"":""candidate"",""owner_authority_id"":""urn:uuid:2c0d398e-59cd-57ca-9674-8120edd7d69c"",""owner_native_state"":null,""payload"":{""relation_type"":""precedes_in_release_order"",""source_unit_id"":""urn:uuid:3d174fe0-4210-5293-80f3-a395b864a336"",""target_unit_id"":""urn:uuid:a038e042-ed43-5e6e-92c8-884093ed33d3""},""record_type"":""relation"",""recorded_at"":""2026-09-07T00:00:00Z"",""semantic_key"":""a30:precedes:m49443:m49444""}"
tables/relations.jsonl,66,urn:uuid:c8777ad0-6cc1-5992-9f99-603d639a59bf,relation,"{""dataset_id"":""urn:uuid:661831b3-5b74-549b-be92-b84ce5992a88"",""id"":""urn:uuid:c8777ad0-6cc1-5992-9f99-603d639a59bf"",""normalized_state"":""candidate"",""owner_authority_id"":""urn:uuid:2c0d398e-59cd-57ca-9674-8120edd7d69c"",""owner_native_state"":null,""payload"":{""relation_type"":""precedes_in_release_order"",""source_unit_id"":""urn:uuid:724a9f93-39da-554e-84a7-d8ad646cf825"",""target_unit_id"":""urn:uuid:cae38853-a1e6-5850-b660-ce6fc2c0350e""},""record_type"":""relation"",""recorded_at"":""2026-09-07T00:00:00Z"",""semantic_key"":""a30:precedes:m49436:m49437""}"
tables/relations.jsonl,84,urn:uuid:ca08b7b8-ff4f-5449-8df4-18bfc36e6cd3,relation,"{""dataset_id"":""urn:uuid:661831b3-5b74-549b-be92-b84ce5992a88"",""id"":""urn:uuid:ca08b7b8-ff4f-5449-8df4-18bfc36e6cd3"",""normalized_state"":""candidate"",""owner_authority_id"":""urn:uuid:2c0d398e-59cd-57ca-9674-8120edd7d69c"",""owner_native_state"":null,""payload"":{""relation_type"":""precedes_in_release_order"",""source_unit_id"":""urn:uuid:2a7c6bec-581c-5c4e-93af-8b70476534e1"",""target_unit_id"":""urn:uuid:ef5a11f6-b7b3-5488-8b5e-ec74167fc4d2""},""record_type"":""relation"",""recorded_at"":""2026-09-07T00:00:00Z"",""semantic_key"":""a30:precedes:m49454:m49455""}"
tables/relations.jsonl,4,urn:uuid:cfa20234-e65e-5fca-93d6-68a6bd0f8658,relation,"{""dataset_id"":""urn:uuid:661831b3-5b74-549b-be92-b84ce5992a88"",""id"":""urn:uuid:cfa20234-e65e-5fca-93d6-68a6bd0f8658"",""normalized_state"":""candidate"",""owner_authority_id"":""urn:uuid:2c0d398e-59cd-57ca-9674-8120edd7d69c"",""owner_native_state"":null,""payload"":{""relation_type"":""precedes_in_release_order"",""source_unit_id"":""urn:uuid:06530420-722c-53e9-8940-c5ee9f24a56e"",""target_unit_id"":""urn:uuid:42cf8d80-f09b-5bd9-be2a-1df0178f2c41""},""record_type"":""relation"",""recorded_at"":""2026-09-07T00:00:00Z"",""semantic_key"":""a30:precedes:m49304:m49306""}"
tables/relations.jsonl,59,urn:uuid:d428afe7-2fd6-5d0c-84d6-5e5d6d0c320a,relation,"{""dataset_id"":""urn:uuid:661831b3-5b74-549b-be92-b84ce5992a88"",""id"":""urn:uuid:d428afe7-2fd6-5d0c-84d6-5e5d6d0c320a"",""normalized_state"":""candidate"",""owner_authority_id"":""urn:uuid:2c0d398e-59cd-57ca-9674-8120edd7d69c"",""owner_native_state"":null,""payload"":{""relation_type"":""precedes_in_release_order"",""source_unit_id"":""urn:uuid:fb208ee8-2cca-5962-8077-0cbfe4120502"",""target_unit_id"":""urn:uuid:64c13dad-b40b-59e7-a36a-27ceee33951b""},""record_type"":""relation"",""recorded_at"":""2026-09-07T00:00:00Z"",""semantic_key"":""a30:precedes:m49419:m49431""}"
tables/relations.jsonl,30,urn:uuid:d4539131-c7c4-5fc6-a63f-fb7968bcea48,relation,"{""dataset_id"":""urn:uuid:661831b3-5b74-549b-be92-b84ce5992a88"",""id"":""urn:uuid:d4539131-c7c4-5fc6-a63f-fb7968bcea48"",""normalized_state"":""candidate"",""owner_authority_id"":""urn:uuid:2c0d398e-59cd-57ca-9674-8120edd7d69c"",""owner_native_state"":null,""payload"":{""relation_type"":""precedes_in_release_order"",""source_unit_id"":""urn:uuid:4597ebfd-ed2c-5d41-9295-60d75f28bb67"",""target_unit_id"":""urn:uuid:a6b4d407-7b02-5b28-805e-a61ac3315ce5""},""record_type"":""relation"",""recorded_at"":""2026-09-07T00:00:00Z"",""semantic_key"":""a30:precedes:m49366:m49367""}"
tables/relations.jsonl,5,urn:uuid:d7e1c2d4-d607-5e0f-8a54-b8998f01237a,relation,"{""dataset_id"":""urn:uuid:661831b3-5b74-549b-be92-b84ce5992a88"",""id"":""urn:uuid:d7e1c2d4-d607-5e0f-8a54-b8998f01237a"",""normalized_state"":""candidate"",""owner_authority_id"":""urn:uuid:2c0d398e-59cd-57ca-9674-8120edd7d69c"",""owner_native_state"":null,""payload"":{""relation_type"":""precedes_in_release_order"",""source_unit_id"":""urn:uuid:42cf8d80-f09b-5bd9-be2a-1df0178f2c41"",""target_unit_id"":""urn:uuid:6be2cf9f-9951-554b-bd55-1f8ed50242b7""},""record_type"":""relation"",""recorded_at"":""2026-09-07T00:00:00Z"",""semantic_key"":""a30:precedes:m49306:m49308""}"
tables/relations.jsonl,71,urn:uuid:d9a3001c-84b4-5433-9ce3-d848d981bf62,relation,"{""dataset_id"":""urn:uuid:661831b3-5b74-549b-be92-b84ce5992a88"",""id"":""urn:uuid:d9a3001c-84b4-5433-9ce3-d848d981bf62"",""normalized_state"":""candidate"",""owner_authority_id"":""urn:uuid:2c0d398e-59cd-57ca-9674-8120edd7d69c"",""owner_native_state"":null,""payload"":{""relation_type"":""precedes_in_release_order"",""source_unit_id"":""urn:uuid:6bef4602-aa3f-5537-b8e6-083ce166e5cf"",""target_unit_id"":""urn:uuid:ee25aa04-a162-53e8-a87b-1922b30aae98""},""record_type"":""relation"",""recorded_at"":""2026-09-07T00:00:00Z"",""semantic_key"":""a30:precedes:m49441:m49442""}"
tables/relations.jsonl,35,urn:uuid:dbb890d0-1dae-5069-ae8f-e4ad9f97eefe,relation,"{""dataset_id"":""urn:uuid:661831b3-5b74-549b-be92-b84ce5992a88"",""id"":""urn:uuid:dbb890d0-1dae-5069-ae8f-e4ad9f97eefe"",""normalized_state"":""candidate"",""owner_authority_id"":""urn:uuid:2c0d398e-59cd-57ca-9674-8120edd7d69c"",""owner_native_state"":null,""payload"":{""relation_type"":""precedes_in_release_order"",""source_unit_id"":""urn:uuid:a172fc60-10c5-5f7f-919c-3d89b60431dd"",""target_unit_id"":""urn:uuid:57746624-df8f-5cc0-a84c-00212cf95831""},""record_type"":""relation"",""recorded_at"":""2026-09-07T00:00:00Z"",""semantic_key"":""a30:precedes:m49372:m49374""}"
tables/relations.jsonl,54,urn:uuid:de287c25-e75b-5de6-bedf-4c831ea482b7,relation,"{""dataset_id"":""urn:uuid:661831b3-5b74-549b-be92-b84ce5992a88"",""id"":""urn:uuid:de287c25-e75b-5de6-bedf-4c831ea482b7"",""normalized_state"":""candidate"",""owner_authority_id"":""urn:uuid:2c0d398e-59cd-57ca-9674-8120edd7d69c"",""owner_native_state"":null,""payload"":{""relation_type"":""precedes_in_release_order"",""source_unit_id"":""urn:uuid:91de9788-1651-5a29-bb78-02a3a3577e7e"",""target_unit_id"":""urn:uuid:2dceff21-cedd-5e89-92c7-7f86d365b36b""},""record_type"":""relation"",""recorded_at"":""2026-09-07T00:00:00Z"",""semantic_key"":""a30:precedes:m49408:m49409""}"
tables/relations.jsonl,47,urn:uuid:de97672f-6003-543d-8e4f-1d6908c35293,relation,"{""dataset_id"":""urn:uuid:661831b3-5b74-549b-be92-b84ce5992a88"",""id"":""urn:uuid:de97672f-6003-543d-8e4f-1d6908c35293"",""normalized_state"":""candidate"",""owner_authority_id"":""urn:uuid:2c0d398e-59cd-57ca-9674-8120edd7d69c"",""owner_native_state"":null,""payload"":{""relation_type"":""precedes_in_release_order"",""source_unit_id"":""urn:uuid:15eb1b22-a5a9-58c3-80a1-6d6f0030ad7d"",""target_unit_id"":""urn:uuid:1a70b144-a53a-587d-bd9e-9c56844c9e32""},""record_type"":""relation"",""recorded_at"":""2026-09-07T00:00:00Z"",""semantic_key"":""a30:precedes:m49398:m49399""}"
tables/relations.jsonl,74,urn:uuid:e226c9ba-0fda-58d5-a6a3-39c59656a8cd,relation,"{""dataset_id"":""urn:uuid:661831b3-5b74-549b-be92-b84ce5992a88"",""id"":""urn:uuid:e226c9ba-0fda-58d5-a6a3-39c59656a8cd"",""normalized_state"":""candidate"",""owner_authority_id"":""urn:uuid:2c0d398e-59cd-57ca-9674-8120edd7d69c"",""owner_native_state"":null,""payload"":{""relation_type"":""precedes_in_release_order"",""source_unit_id"":""urn:uuid:a038e042-ed43-5e6e-92c8-884093ed33d3"",""target_unit_id"":""urn:uuid:35f9afc5-a98f-5b38-92fe-b469abc67eb2""},""record_type"":""relation"",""recorded_at"":""2026-09-07T00:00:00Z"",""semantic_key"":""a30:precedes:m49444:m49445""}"
tables/relations.jsonl,81,urn:uuid:e33bb54a-59d9-5e16-9c90-7721388211a7,relation,"{""dataset_id"":""urn:uuid:661831b3-5b74-549b-be92-b84ce5992a88"",""id"":""urn:uuid:e33bb54a-59d9-5e16-9c90-7721388211a7"",""normalized_state"":""candidate"",""owner_authority_id"":""urn:uuid:2c0d398e-59cd-57ca-9674-8120edd7d69c"",""owner_native_state"":null,""payload"":{""relation_type"":""precedes_in_release_order"",""source_unit_id"":""urn:uuid:bb05b47c-eae6-525f-9dd7-e435a108ff70"",""target_unit_id"":""urn:uuid:c60088ce-1ba6-5867-82c2-e7dfe943dd61""},""record_type"":""relation"",""recorded_at"":""2026-09-07T00:00:00Z"",""semantic_key"":""a30:precedes:m49451:m49452""}"
tables/relations.jsonl,46,urn:uuid:efac6b3e-1409-5982-adb7-b5113027a47f,relation,"{""dataset_id"":""urn:uuid:661831b3-5b74-549b-be92-b84ce5992a88"",""id"":""urn:uuid:efac6b3e-1409-5982-adb7-b5113027a47f"",""normalized_state"":""candidate"",""owner_authority_id"":""urn:uuid:2c0d398e-59cd-57ca-9674-8120edd7d69c"",""owner_native_state"":null,""payload"":{""relation_type"":""precedes_in_release_order"",""source_unit_id"":""urn:uuid:944e0489-909b-5e2d-8142-ab0febc3a44d"",""target_unit_id"":""urn:uuid:15eb1b22-a5a9-58c3-80a1-6d6f0030ad7d""},""record_type"":""relation"",""recorded_at"":""2026-09-07T00:00:00Z"",""semantic_key"":""a30:precedes:m49397:m49398""}"
tables/relations.jsonl,17,urn:uuid:f3bde0bd-610c-52dc-97b3-2009827067ed,relation,"{""dataset_id"":""urn:uuid:661831b3-5b74-549b-be92-b84ce5992a88"",""id"":""urn:uuid:f3bde0bd-610c-52dc-97b3-2009827067ed"",""normalized_state"":""candidate"",""owner_authority_id"":""urn:uuid:2c0d398e-59cd-57ca-9674-8120edd7d69c"",""owner_native_state"":null,""payload"":{""relation_type"":""precedes_in_release_order"",""source_unit_id"":""urn:uuid:7ba86d37-342f-5317-ad45-d1ac823f369d"",""target_unit_id"":""urn:uuid:0c36d32c-f8a1-57bd-8101-cc92b303be62""},""record_type"":""relation"",""recorded_at"":""2026-09-07T00:00:00Z"",""semantic_key"":""a30:precedes:m49346:m49347""}"
tables/relations.jsonl,14,urn:uuid:f3ff834d-be9e-5bfd-95c0-12d0121202de,relation,"{""dataset_id"":""urn:uuid:661831b3-5b74-549b-be92-b84ce5992a88"",""id"":""urn:uuid:f3ff834d-be9e-5bfd-95c0-12d0121202de"",""normalized_state"":""candidate"",""owner_authority_id"":""urn:uuid:2c0d398e-59cd-57ca-9674-8120edd7d69c"",""owner_native_state"":null,""payload"":{""relation_type"":""precedes_in_release_order"",""source_unit_id"":""urn:uuid:f3fa9903-cb3c-5017-8192-f28331a26b4f"",""target_unit_id"":""urn:uuid:2e0e3417-7777-5090-8880-0c35c155829b""},""record_type"":""relation"",""recorded_at"":""2026-09-07T00:00:00Z"",""semantic_key"":""a30:precedes:m49334:m49335""}"
tables/relations.jsonl,64,urn:uuid:f4873689-7a9d-559a-a71e-80dd35f48e7f,relation,"{""dataset_id"":""urn:uuid:661831b3-5b74-549b-be92-b84ce5992a88"",""id"":""urn:uuid:f4873689-7a9d-559a-a71e-80dd35f48e7f"",""normalized_state"":""candidate"",""owner_authority_id"":""urn:uuid:2c0d398e-59cd-57ca-9674-8120edd7d69c"",""owner_native_state"":null,""payload"":{""relation_type"":""precedes_in_release_order"",""source_unit_id"":""urn:uuid:07b6a173-131e-52f5-8e31-9d26a538d751"",""target_unit_id"":""urn:uuid:048fcd4e-3715-545e-a8fa-d352e03b67ad""},""record_type"":""relation"",""recorded_at"":""2026-09-07T00:00:00Z"",""semantic_key"":""a30:precedes:m49434:m49435""}"
tables/relations.jsonl,83,urn:uuid:f4bab7f9-39b3-5386-b34c-7d079dad3eb4,relation,"{""dataset_id"":""urn:uuid:661831b3-5b74-549b-be92-b84ce5992a88"",""id"":""urn:uuid:f4bab7f9-39b3-5386-b34c-7d079dad3eb4"",""normalized_state"":""candidate"",""owner_authority_id"":""urn:uuid:2c0d398e-59cd-57ca-9674-8120edd7d69c"",""owner_native_state"":null,""payload"":{""relation_type"":""precedes_in_release_order"",""source_unit_id"":""urn:uuid:f517107a-975a-5ba9-bc44-d5f0cc9a77b8"",""target_unit_id"":""urn:uuid:2a7c6bec-581c-5c4e-93af-8b70476534e1""},""record_type"":""relation"",""recorded_at"":""2026-09-07T00:00:00Z"",""semantic_key"":""a30:precedes:m49453:m49454""}"
tables/relations.jsonl,61,urn:uuid:f81a5425-4e68-50f8-a31c-5eb7b57ff75e,relation,"{""dataset_id"":""urn:uuid:661831b3-5b74-549b-be92-b84ce5992a88"",""id"":""urn:uuid:f81a5425-4e68-50f8-a31c-5eb7b57ff75e"",""normalized_state"":""candidate"",""owner_authority_id"":""urn:uuid:2c0d398e-59cd-57ca-9674-8120edd7d69c"",""owner_native_state"":null,""payload"":{""relation_type"":""precedes_in_release_order"",""source_unit_id"":""urn:uuid:64c13dad-b40b-59e7-a36a-27ceee33951b"",""target_unit_id"":""urn:uuid:1b01e44e-87f6-5815-9ebe-8cc1cb1b3eb5""},""record_type"":""relation"",""recorded_at"":""2026-09-07T00:00:00Z"",""semantic_key"":""a30:precedes:m49431:m49432""}"
tables/relations.jsonl,3,urn:uuid:f9330ab1-51a9-5843-ba66-ebd00b67c478,relation,"{""dataset_id"":""urn:uuid:661831b3-5b74-549b-be92-b84ce5992a88"",""id"":""urn:uuid:f9330ab1-51a9-5843-ba66-ebd00b67c478"",""normalized_state"":""candidate"",""owner_authority_id"":""urn:uuid:2c0d398e-59cd-57ca-9674-8120edd7d69c"",""owner_native_state"":null,""payload"":{""relation_type"":""precedes_in_release_order"",""source_unit_id"":""urn:uuid:ecb2439d-e5ab-516e-ae34-d45f391c55f1"",""target_unit_id"":""urn:uuid:06530420-722c-53e9-8940-c5ee9f24a56e""},""record_type"":""relation"",""recorded_at"":""2026-09-07T00:00:00Z"",""semantic_key"":""a30:precedes:m49301:m49304""}"
tables/relations.jsonl,8,urn:uuid:fb70b4f4-0fdd-5aec-948f-d49518bdbca0,relation,"{""dataset_id"":""urn:uuid:661831b3-5b74-549b-be92-b84ce5992a88"",""id"":""urn:uuid:fb70b4f4-0fdd-5aec-948f-d49518bdbca0"",""normalized_state"":""candidate"",""owner_authority_id"":""urn:uuid:2c0d398e-59cd-57ca-9674-8120edd7d69c"",""owner_native_state"":null,""payload"":{""relation_type"":""precedes_in_release_order"",""source_unit_id"":""urn:uuid:83aa45f5-9271-5093-a966-e2d31a463840"",""target_unit_id"":""urn:uuid:0d586bde-0c1f-5143-a045-e1b22d5fc6b2""},""record_type"":""relation"",""recorded_at"":""2026-09-07T00:00:00Z"",""semantic_key"":""a30:precedes:m49314:m49320""}"
tables/relations.jsonl,40,urn:uuid:fddf38fb-b107-5948-94d0-34e757e43c8e,relation,"{""dataset_id"":""urn:uuid:661831b3-5b74-549b-be92-b84ce5992a88"",""id"":""urn:uuid:fddf38fb-b107-5948-94d0-34e757e43c8e"",""normalized_state"":""candidate"",""owner_authority_id"":""urn:uuid:2c0d398e-59cd-57ca-9674-8120edd7d69c"",""owner_native_state"":null,""payload"":{""relation_type"":""precedes_in_release_order"",""source_unit_id"":""urn:uuid:98b7fff5-0c6a-5d86-9fde-7759ce72e03c"",""target_unit_id"":""urn:uuid:74f3794c-fea8-54cc-b601-303fd6d15444""},""record_type"":""relation"",""recorded_at"":""2026-09-07T00:00:00Z"",""semantic_key"":""a30:precedes:m49389:m49390""}"
tables/relations.jsonl,10,urn:uuid:fef86533-ba66-5922-8020-a1e4b26195bf,relation,"{""dataset_id"":""urn:uuid:661831b3-5b74-549b-be92-b84ce5992a88"",""id"":""urn:uuid:fef86533-ba66-5922-8020-a1e4b26195bf"",""normalized_state"":""candidate"",""owner_authority_id"":""urn:uuid:2c0d398e-59cd-57ca-9674-8120edd7d69c"",""owner_native_state"":null,""payload"":{""relation_type"":""precedes_in_release_order"",""source_unit_id"":""urn:uuid:63c6c031-ac9e-5bf8-8382-99e6a47ab739"",""target_unit_id"":""urn:uuid:4113cbee-2d8d-5844-8304-4ca58366b639""},""record_type"":""relation"",""recorded_at"":""2026-09-07T00:00:00Z"",""semantic_key"":""a30:precedes:m49321:m49324""}"
tables/relations.jsonl,57,urn:uuid:ffc62237-e581-5318-bd74-b85e9f513a0b,relation,"{""dataset_id"":""urn:uuid:661831b3-5b74-549b-be92-b84ce5992a88"",""id"":""urn:uuid:ffc62237-e581-5318-bd74-b85e9f513a0b"",""normalized_state"":""candidate"",""owner_authority_id"":""urn:uuid:2c0d398e-59cd-57ca-9674-8120edd7d69c"",""owner_native_state"":null,""payload"":{""relation_type"":""precedes_in_release_order"",""source_unit_id"":""urn:uuid:1a2fc92b-9056-5814-ac9e-947cda1a79ee"",""target_unit_id"":""urn:uuid:33b0d7e6-9364-5a52-a162-84d1f5cc498a""},""record_type"":""relation"",""recorded_at"":""2026-09-07T00:00:00Z"",""semantic_key"":""a30:precedes:m49412:m49418""}"
tables/rights.jsonl,1,urn:uuid:c944d8a5-d141-528d-9a1f-d9e424b71dec,rights,"{""dataset_id"":""urn:uuid:661831b3-5b74-549b-be92-b84ce5992a88"",""id"":""urn:uuid:c944d8a5-d141-528d-9a1f-d9e424b71dec"",""normalized_state"":""candidate"",""owner_authority_id"":""urn:uuid:2c0d398e-59cd-57ca-9674-8120edd7d69c"",""owner_native_state"":null,""payload"":{""id"":""primary"",""license"":""CC-BY-NC-SA-4.0"",""note"":""Component credits remain authoritative."",""status"":""verified""},""record_type"":""rights"",""recorded_at"":""2026-09-07T00:00:00Z"",""semantic_key"":""a30:rights:primary""}"
tables/rights_assignments.jsonl,1,urn:uuid:92b45a47-0d94-5a2b-a77d-bd66f1ce8647,rights_assignment,"{""dataset_id"":""urn:uuid:661831b3-5b74-549b-be92-b84ce5992a88"",""id"":""urn:uuid:92b45a47-0d94-5a2b-a77d-bd66f1ce8647"",""normalized_state"":""candidate"",""owner_authority_id"":""urn:uuid:2c0d398e-59cd-57ca-9674-8120edd7d69c"",""owner_native_state"":null,""payload"":{""component_id"":""primary"",""rights_id"":""urn:uuid:c944d8a5-d141-528d-9a1f-d9e424b71dec"",""target_record_id"":""urn:uuid:661831b3-5b74-549b-be92-b84ce5992a88"",""target_record_type"":""dataset""},""record_type"":""rights_assignment"",""recorded_at"":""2026-09-07T00:00:00Z"",""semantic_key"":""a30:rights-assignment:primary""}"
tables/routes.jsonl,1,urn:uuid:4e9dd5f1-0317-5787-aaa0-5866ecdcfa0f,route,"{""dataset_id"":""urn:uuid:661831b3-5b74-549b-be92-b84ce5992a88"",""id"":""urn:uuid:4e9dd5f1-0317-5787-aaa0-5866ecdcfa0f"",""normalized_state"":""published"",""owner_authority_id"":""urn:uuid:2c0d398e-59cd-57ca-9674-8120edd7d69c"",""owner_native_state"":null,""payload"":{""action"":""pdf"",""reader_surface_id"":""urn:uuid:233431f1-de07-5d20-822f-84270c60bdc3"",""route"":""/id/courses/A30/"",""state"":""published""},""record_type"":""route"",""recorded_at"":""2026-09-07T00:00:00Z"",""semantic_key"":""a30:route:pdf""}"
tables/search_documents.jsonl,40,urn:uuid:001eaa20-c691-51cf-a885-8fc89de9919e,search_document,"{""dataset_id"":""urn:uuid:661831b3-5b74-549b-be92-b84ce5992a88"",""id"":""urn:uuid:001eaa20-c691-51cf-a885-8fc89de9919e"",""normalized_state"":""candidate"",""owner_authority_id"":""urn:uuid:2c0d398e-59cd-57ca-9674-8120edd7d69c"",""owner_native_state"":null,""payload"":{""label"":""m49390"",""ordinal"":42,""title"":""Modul m49390"",""unit_id"":""urn:uuid:74f3794c-fea8-54cc-b601-303fd6d15444""},""record_type"":""search_document"",""recorded_at"":""2026-09-07T00:00:00Z"",""semantic_key"":""a30:search:m49390""}"
tables/search_documents.jsonl,79,urn:uuid:03866ea2-9744-5d85-8c67-557171934421,search_document,"{""dataset_id"":""urn:uuid:661831b3-5b74-549b-be92-b84ce5992a88"",""id"":""urn:uuid:03866ea2-9744-5d85-8c67-557171934421"",""normalized_state"":""candidate"",""owner_authority_id"":""urn:uuid:2c0d398e-59cd-57ca-9674-8120edd7d69c"",""owner_native_state"":null,""payload"":{""label"":""m49450"",""ordinal"":81,""title"":""Modul m49450"",""unit_id"":""urn:uuid:e14d7192-db8f-5905-b179-d323a2bff0ae""},""record_type"":""search_document"",""recorded_at"":""2026-09-07T00:00:00Z"",""semantic_key"":""a30:search:m49450""}"
tables/search_documents.jsonl,41,urn:uuid:0393959d-8bb8-53e9-ab80-ce79d13d88af,search_document,"{""dataset_id"":""urn:uuid:661831b3-5b74-549b-be92-b84ce5992a88"",""id"":""urn:uuid:0393959d-8bb8-53e9-ab80-ce79d13d88af"",""normalized_state"":""candidate"",""owner_authority_id"":""urn:uuid:2c0d398e-59cd-57ca-9674-8120edd7d69c"",""owner_native_state"":null,""payload"":{""label"":""m49392"",""ordinal"":43,""title"":""Modul m49392"",""unit_id"":""urn:uuid:85c1e7a1-a27b-5a59-aa61-302b5368bac7""},""record_type"":""search_document"",""recorded_at"":""2026-09-07T00:00:00Z"",""semantic_key"":""a30:search:m49392""}"
tables/search_documents.jsonl,32,urn:uuid:070f8be1-e9be-55c5-b54d-02f241dcfc6e,search_document,"{""dataset_id"":""urn:uuid:661831b3-5b74-549b-be92-b84ce5992a88"",""id"":""urn:uuid:070f8be1-e9be-55c5-b54d-02f241dcfc6e"",""normalized_state"":""candidate"",""owner_authority_id"":""urn:uuid:2c0d398e-59cd-57ca-9674-8120edd7d69c"",""owner_native_state"":null,""payload"":{""label"":""m49369"",""ordinal"":34,""title"":""Modul m49369"",""unit_id"":""urn:uuid:c6ed74da-3a07-5e3b-a3c1-856dfbdc1322""},""record_type"":""search_document"",""recorded_at"":""2026-09-07T00:00:00Z"",""semantic_key"":""a30:search:m49369""}"
tables/search_documents.jsonl,74,urn:uuid:0bb09f76-e1a1-56c2-8e91-998294ac71a1,search_document,"{""dataset_id"":""urn:uuid:661831b3-5b74-549b-be92-b84ce5992a88"",""id"":""urn:uuid:0bb09f76-e1a1-56c2-8e91-998294ac71a1"",""normalized_state"":""candidate"",""owner_authority_id"":""urn:uuid:2c0d398e-59cd-57ca-9674-8120edd7d69c"",""owner_native_state"":null,""payload"":{""label"":""m49445"",""ordinal"":76,""title"":""Modul m49445"",""unit_id"":""urn:uuid:35f9afc5-a98f-5b38-92fe-b469abc67eb2""},""record_type"":""search_document"",""recorded_at"":""2026-09-07T00:00:00Z"",""semantic_key"":""a30:search:m49445""}"
tables/search_documents.jsonl,82,urn:uuid:0ddc891b-47fa-5703-ad10-b435e18f18cc,search_document,"{""dataset_id"":""urn:uuid:661831b3-5b74-549b-be92-b84ce5992a88"",""id"":""urn:uuid:0ddc891b-47fa-5703-ad10-b435e18f18cc"",""normalized_state"":""candidate"",""owner_authority_id"":""urn:uuid:2c0d398e-59cd-57ca-9674-8120edd7d69c"",""owner_native_state"":null,""payload"":{""label"":""m49453"",""ordinal"":84,""title"":""Modul m49453"",""unit_id"":""urn:uuid:f517107a-975a-5ba9-bc44-d5f0cc9a77b8""},""record_type"":""search_document"",""recorded_at"":""2026-09-07T00:00:00Z"",""semantic_key"":""a30:search:m49453""}"
tables/search_documents.jsonl,15,urn:uuid:10f7aa98-e696-5da0-b5f1-8f1f3fd3133b,search_document,"{""dataset_id"":""urn:uuid:661831b3-5b74-549b-be92-b84ce5992a88"",""id"":""urn:uuid:10f7aa98-e696-5da0-b5f1-8f1f3fd3133b"",""normalized_state"":""candidate"",""owner_authority_id"":""urn:uuid:2c0d398e-59cd-57ca-9674-8120edd7d69c"",""owner_native_state"":null,""payload"":{""label"":""m49337"",""ordinal"":17,""title"":""Modul m49337"",""unit_id"":""urn:uuid:d60a35c9-d991-58ae-a8f6-86fcfc11ab27""},""record_type"":""search_document"",""recorded_at"":""2026-09-07T00:00:00Z"",""semantic_key"":""a30:search:m49337""}"
tables/search_documents.jsonl,42,urn:uuid:12ffb3a9-fc88-5125-9ce0-1f2aae3657fc,search_document,"{""dataset_id"":""urn:uuid:661831b3-5b74-549b-be92-b84ce5992a88"",""id"":""urn:uuid:12ffb3a9-fc88-5125-9ce0-1f2aae3657fc"",""normalized_state"":""candidate"",""owner_authority_id"":""urn:uuid:2c0d398e-59cd-57ca-9674-8120edd7d69c"",""owner_native_state"":null,""payload"":{""label"":""m49393"",""ordinal"":44,""title"":""Modul m49393"",""unit_id"":""urn:uuid:c1dad04c-de45-5f48-b832-3d029421543f""},""record_type"":""search_document"",""recorded_at"":""2026-09-07T00:00:00Z"",""semantic_key"":""a30:search:m49393""}"
tables/search_documents.jsonl,87,urn:uuid:18e55739-efe1-5a2b-9a93-b9bda7159208,search_document,"{""dataset_id"":""urn:uuid:661831b3-5b74-549b-be92-b84ce5992a88"",""id"":""urn:uuid:18e55739-efe1-5a2b-9a93-b9bda7159208"",""normalized_state"":""candidate"",""owner_authority_id"":""urn:uuid:2c0d398e-59cd-57ca-9674-8120edd7d69c"",""owner_native_state"":null,""payload"":{""label"":""m50919"",""ordinal"":1,""title"":""Modul m50919"",""unit_id"":""urn:uuid:e752cd73-317c-59a7-9ecc-df80368aac5e""},""record_type"":""search_document"",""recorded_at"":""2026-09-07T00:00:00Z"",""semantic_key"":""a30:search:m50919""}"
tables/search_documents.jsonl,67,urn:uuid:1bbf5242-5d4d-56fc-aea0-08748075b571,search_document,"{""dataset_id"":""urn:uuid:661831b3-5b74-549b-be92-b84ce5992a88"",""id"":""urn:uuid:1bbf5242-5d4d-56fc-aea0-08748075b571"",""normalized_state"":""candidate"",""owner_authority_id"":""urn:uuid:2c0d398e-59cd-57ca-9674-8120edd7d69c"",""owner_native_state"":null,""payload"":{""label"":""m49438"",""ordinal"":69,""title"":""Modul m49438"",""unit_id"":""urn:uuid:d2eebe8e-7f2e-5797-b4dd-684386aa7dad""},""record_type"":""search_document"",""recorded_at"":""2026-09-07T00:00:00Z"",""semantic_key"":""a30:search:m49438""}"
tables/search_documents.jsonl,24,urn:uuid:20256b80-ef6c-5daa-adfe-4e8475fbda55,search_document,"{""dataset_id"":""urn:uuid:661831b3-5b74-549b-be92-b84ce5992a88"",""id"":""urn:uuid:20256b80-ef6c-5daa-adfe-4e8475fbda55"",""normalized_state"":""candidate"",""owner_authority_id"":""urn:uuid:2c0d398e-59cd-57ca-9674-8120edd7d69c"",""owner_native_state"":null,""payload"":{""label"":""m49361"",""ordinal"":26,""title"":""Modul m49361"",""unit_id"":""urn:uuid:e0e0f597-8cd3-58b1-a1e4-7ced441023be""},""record_type"":""search_document"",""recorded_at"":""2026-09-07T00:00:00Z"",""semantic_key"":""a30:search:m49361""}"
tables/search_documents.jsonl,30,urn:uuid:20dc63f6-d13c-56cb-95c0-ccca732c770a,search_document,"{""dataset_id"":""urn:uuid:661831b3-5b74-549b-be92-b84ce5992a88"",""id"":""urn:uuid:20dc63f6-d13c-56cb-95c0-ccca732c770a"",""normalized_state"":""candidate"",""owner_authority_id"":""urn:uuid:2c0d398e-59cd-57ca-9674-8120edd7d69c"",""owner_native_state"":null,""payload"":{""label"":""m49367"",""ordinal"":32,""title"":""Modul m49367"",""unit_id"":""urn:uuid:a6b4d407-7b02-5b28-805e-a61ac3315ce5""},""record_type"":""search_document"",""recorded_at"":""2026-09-07T00:00:00Z"",""semantic_key"":""a30:search:m49367""}"
tables/search_documents.jsonl,22,urn:uuid:2207bc56-5fd8-5cc7-8a2a-cf8aed632083,search_document,"{""dataset_id"":""urn:uuid:661831b3-5b74-549b-be92-b84ce5992a88"",""id"":""urn:uuid:2207bc56-5fd8-5cc7-8a2a-cf8aed632083"",""normalized_state"":""candidate"",""owner_authority_id"":""urn:uuid:2c0d398e-59cd-57ca-9674-8120edd7d69c"",""owner_native_state"":null,""payload"":{""label"":""m49353"",""ordinal"":24,""title"":""Modul m49353"",""unit_id"":""urn:uuid:b7ae61b0-f094-56d0-911f-745da1aad6d5""},""record_type"":""search_document"",""recorded_at"":""2026-09-07T00:00:00Z"",""semantic_key"":""a30:search:m49353""}"
tables/search_documents.jsonl,6,urn:uuid:23da822c-d1e3-507f-a6b8-bb160d362c35,search_document,"{""dataset_id"":""urn:uuid:661831b3-5b74-549b-be92-b84ce5992a88"",""id"":""urn:uuid:23da822c-d1e3-507f-a6b8-bb160d362c35"",""normalized_state"":""candidate"",""owner_authority_id"":""urn:uuid:2c0d398e-59cd-57ca-9674-8120edd7d69c"",""owner_native_state"":null,""payload"":{""label"":""m49312"",""ordinal"":7,""title"":""Modul m49312"",""unit_id"":""urn:uuid:c7c2a9c7-62fd-59c7-a703-30df1b8beac6""},""record_type"":""search_document"",""recorded_at"":""2026-09-07T00:00:00Z"",""semantic_key"":""a30:search:m49312""}"
tables/search_documents.jsonl,12,urn:uuid:261268e6-4d58-5731-bf05-065873938e2f,search_document,"{""dataset_id"":""urn:uuid:661831b3-5b74-549b-be92-b84ce5992a88"",""id"":""urn:uuid:261268e6-4d58-5731-bf05-065873938e2f"",""normalized_state"":""candidate"",""owner_authority_id"":""urn:uuid:2c0d398e-59cd-57ca-9674-8120edd7d69c"",""owner_native_state"":null,""payload"":{""label"":""m49327"",""ordinal"":14,""title"":""Modul m49327"",""unit_id"":""urn:uuid:ecfd1e3f-1dd0-5542-b1b1-0f489bcb3752""},""record_type"":""search_document"",""recorded_at"":""2026-09-07T00:00:00Z"",""semantic_key"":""a30:search:m49327""}"
tables/search_documents.jsonl,13,urn:uuid:2735dc57-ea61-5df7-8800-d7f609512bcc,search_document,"{""dataset_id"":""urn:uuid:661831b3-5b74-549b-be92-b84ce5992a88"",""id"":""urn:uuid:2735dc57-ea61-5df7-8800-d7f609512bcc"",""normalized_state"":""candidate"",""owner_authority_id"":""urn:uuid:2c0d398e-59cd-57ca-9674-8120edd7d69c"",""owner_native_state"":null,""payload"":{""label"":""m49334"",""ordinal"":15,""title"":""Modul m49334"",""unit_id"":""urn:uuid:f3fa9903-cb3c-5017-8192-f28331a26b4f""},""record_type"":""search_document"",""recorded_at"":""2026-09-07T00:00:00Z"",""semantic_key"":""a30:search:m49334""}"
tables/search_documents.jsonl,50,urn:uuid:2a80ee48-806a-57b0-ae2e-19b3c6a8756b,search_document,"{""dataset_id"":""urn:uuid:661831b3-5b74-549b-be92-b84ce5992a88"",""id"":""urn:uuid:2a80ee48-806a-57b0-ae2e-19b3c6a8756b"",""normalized_state"":""candidate"",""owner_authority_id"":""urn:uuid:2c0d398e-59cd-57ca-9674-8120edd7d69c"",""owner_native_state"":null,""payload"":{""label"":""m49405"",""ordinal"":52,""title"":""Modul m49405"",""unit_id"":""urn:uuid:3f7521af-414a-52c9-9030-8e317a19ae40""},""record_type"":""search_document"",""recorded_at"":""2026-09-07T00:00:00Z"",""semantic_key"":""a30:search:m49405""}"
tables/search_documents.jsonl,5,urn:uuid:2bb97f5a-59eb-50a4-94e3-5b0b4b57745b,search_document,"{""dataset_id"":""urn:uuid:661831b3-5b74-549b-be92-b84ce5992a88"",""id"":""urn:uuid:2bb97f5a-59eb-50a4-94e3-5b0b4b57745b"",""normalized_state"":""candidate"",""owner_authority_id"":""urn:uuid:2c0d398e-59cd-57ca-9674-8120edd7d69c"",""owner_native_state"":null,""payload"":{""label"":""m49308"",""ordinal"":6,""title"":""Modul m49308"",""unit_id"":""urn:uuid:6be2cf9f-9951-554b-bd55-1f8ed50242b7""},""record_type"":""search_document"",""recorded_at"":""2026-09-07T00:00:00Z"",""semantic_key"":""a30:search:m49308""}"
tables/search_documents.jsonl,9,urn:uuid:325c3112-a650-5bf0-96e7-0b5f0cedbe73,search_document,"{""dataset_id"":""urn:uuid:661831b3-5b74-549b-be92-b84ce5992a88"",""id"":""urn:uuid:325c3112-a650-5bf0-96e7-0b5f0cedbe73"",""normalized_state"":""candidate"",""owner_authority_id"":""urn:uuid:2c0d398e-59cd-57ca-9674-8120edd7d69c"",""owner_native_state"":null,""payload"":{""label"":""m49321"",""ordinal"":10,""title"":""Modul m49321"",""unit_id"":""urn:uuid:63c6c031-ac9e-5bf8-8382-99e6a47ab739""},""record_type"":""search_document"",""recorded_at"":""2026-09-07T00:00:00Z"",""semantic_key"":""a30:search:m49321""}"
tables/search_documents.jsonl,80,urn:uuid:334a8e2c-9280-578d-b40a-fc51997e8b67,search_document,"{""dataset_id"":""urn:uuid:661831b3-5b74-549b-be92-b84ce5992a88"",""id"":""urn:uuid:334a8e2c-9280-578d-b40a-fc51997e8b67"",""normalized_state"":""candidate"",""owner_authority_id"":""urn:uuid:2c0d398e-59cd-57ca-9674-8120edd7d69c"",""owner_native_state"":null,""payload"":{""label"":""m49451"",""ordinal"":82,""title"":""Modul m49451"",""unit_id"":""urn:uuid:bb05b47c-eae6-525f-9dd7-e435a108ff70""},""record_type"":""search_document"",""recorded_at"":""2026-09-07T00:00:00Z"",""semantic_key"":""a30:search:m49451""}"
tables/search_documents.jsonl,18,urn:uuid:38ebee1c-4b69-5cdb-a064-54a752188100,search_document,"{""dataset_id"":""urn:uuid:661831b3-5b74-549b-be92-b84ce5992a88"",""id"":""urn:uuid:38ebee1c-4b69-5cdb-a064-54a752188100"",""normalized_state"":""candidate"",""owner_authority_id"":""urn:uuid:2c0d398e-59cd-57ca-9674-8120edd7d69c"",""owner_native_state"":null,""payload"":{""label"":""m49348"",""ordinal"":20,""title"":""Modul m49348"",""unit_id"":""urn:uuid:3bfffa92-800f-5f99-b293-3967c0fedf2b""},""record_type"":""search_document"",""recorded_at"":""2026-09-07T00:00:00Z"",""semantic_key"":""a30:search:m49348""}"
tables/search_documents.jsonl,84,urn:uuid:3ac7a9b9-5520-5f1b-a81a-568256a11525,search_document,"{""dataset_id"":""urn:uuid:661831b3-5b74-549b-be92-b84ce5992a88"",""id"":""urn:uuid:3ac7a9b9-5520-5f1b-a81a-568256a11525"",""normalized_state"":""candidate"",""owner_authority_id"":""urn:uuid:2c0d398e-59cd-57ca-9674-8120edd7d69c"",""owner_native_state"":null,""payload"":{""label"":""m49455"",""ordinal"":86,""title"":""Modul m49455"",""unit_id"":""urn:uuid:ef5a11f6-b7b3-5488-8b5e-ec74167fc4d2""},""record_type"":""search_document"",""recorded_at"":""2026-09-07T00:00:00Z"",""semantic_key"":""a30:search:m49455""}"
tables/search_documents.jsonl,10,urn:uuid:3cbbf618-bf4a-5826-b173-78cee43d3bf5,search_document,"{""dataset_id"":""urn:uuid:661831b3-5b74-549b-be92-b84ce5992a88"",""id"":""urn:uuid:3cbbf618-bf4a-5826-b173-78cee43d3bf5"",""normalized_state"":""candidate"",""owner_authority_id"":""urn:uuid:2c0d398e-59cd-57ca-9674-8120edd7d69c"",""owner_native_state"":null,""payload"":{""label"":""m49324"",""ordinal"":11,""title"":""Modul m49324"",""unit_id"":""urn:uuid:4113cbee-2d8d-5844-8304-4ca58366b639""},""record_type"":""search_document"",""recorded_at"":""2026-09-07T00:00:00Z"",""semantic_key"":""a30:search:m49324""}"
tables/search_documents.jsonl,86,urn:uuid:3ee3f923-3225-5c5b-9823-2193cf10809d,search_document,"{""dataset_id"":""urn:uuid:661831b3-5b74-549b-be92-b84ce5992a88"",""id"":""urn:uuid:3ee3f923-3225-5c5b-9823-2193cf10809d"",""normalized_state"":""candidate"",""owner_authority_id"":""urn:uuid:2c0d398e-59cd-57ca-9674-8120edd7d69c"",""owner_native_state"":null,""payload"":{""label"":""m50414"",""ordinal"":87,""title"":""Modul m50414"",""unit_id"":""urn:uuid:1f16841e-3922-5971-9908-087daa6450fd""},""record_type"":""search_document"",""recorded_at"":""2026-09-07T00:00:00Z"",""semantic_key"":""a30:search:m50414""}"
tables/search_documents.jsonl,36,urn:uuid:40d26497-7b0b-5313-ab90-b976d3b3550a,search_document,"{""dataset_id"":""urn:uuid:661831b3-5b74-549b-be92-b84ce5992a88"",""id"":""urn:uuid:40d26497-7b0b-5313-ab90-b976d3b3550a"",""normalized_state"":""candidate"",""owner_authority_id"":""urn:uuid:2c0d398e-59cd-57ca-9674-8120edd7d69c"",""owner_native_state"":null,""payload"":{""label"":""m49384"",""ordinal"":38,""title"":""Modul m49384"",""unit_id"":""urn:uuid:23d47f52-4ae0-5be9-b461-a039f5def645""},""record_type"":""search_document"",""recorded_at"":""2026-09-07T00:00:00Z"",""semantic_key"":""a30:search:m49384""}"
tables/search_documents.jsonl,73,urn:uuid:42226bd1-780b-552b-8905-057c1ff299e7,search_document,"{""dataset_id"":""urn:uuid:661831b3-5b74-549b-be92-b84ce5992a88"",""id"":""urn:uuid:42226bd1-780b-552b-8905-057c1ff299e7"",""normalized_state"":""candidate"",""owner_authority_id"":""urn:uuid:2c0d398e-59cd-57ca-9674-8120edd7d69c"",""owner_native_state"":null,""payload"":{""label"":""m49444"",""ordinal"":75,""title"":""Modul m49444"",""unit_id"":""urn:uuid:a038e042-ed43-5e6e-92c8-884093ed33d3""},""record_type"":""search_document"",""recorded_at"":""2026-09-07T00:00:00Z"",""semantic_key"":""a30:search:m49444""}"
tables/search_documents.jsonl,70,urn:uuid:4bd81685-fb47-52ef-be41-49fe23a5baa2,search_document,"{""dataset_id"":""urn:uuid:661831b3-5b74-549b-be92-b84ce5992a88"",""id"":""urn:uuid:4bd81685-fb47-52ef-be41-49fe23a5baa2"",""normalized_state"":""candidate"",""owner_authority_id"":""urn:uuid:2c0d398e-59cd-57ca-9674-8120edd7d69c"",""owner_native_state"":null,""payload"":{""label"":""m49441"",""ordinal"":72,""title"":""Modul m49441"",""unit_id"":""urn:uuid:6bef4602-aa3f-5537-b8e6-083ce166e5cf""},""record_type"":""search_document"",""recorded_at"":""2026-09-07T00:00:00Z"",""semantic_key"":""a30:search:m49441""}"
tables/search_documents.jsonl,21,urn:uuid:4dad0724-00aa-5965-a5ae-f7356b98a96d,search_document,"{""dataset_id"":""urn:uuid:661831b3-5b74-549b-be92-b84ce5992a88"",""id"":""urn:uuid:4dad0724-00aa-5965-a5ae-f7356b98a96d"",""normalized_state"":""candidate"",""owner_authority_id"":""urn:uuid:2c0d398e-59cd-57ca-9674-8120edd7d69c"",""owner_native_state"":null,""payload"":{""label"":""m49352"",""ordinal"":23,""title"":""Modul m49352"",""unit_id"":""urn:uuid:d395a3a6-f182-5340-a644-5fa16a9471d9""},""record_type"":""search_document"",""recorded_at"":""2026-09-07T00:00:00Z"",""semantic_key"":""a30:search:m49352""}"
tables/search_documents.jsonl,33,urn:uuid:4e0ae05f-0e14-50a0-801d-8bd6c77b6ef8,search_document,"{""dataset_id"":""urn:uuid:661831b3-5b74-549b-be92-b84ce5992a88"",""id"":""urn:uuid:4e0ae05f-0e14-50a0-801d-8bd6c77b6ef8"",""normalized_state"":""candidate"",""owner_authority_id"":""urn:uuid:2c0d398e-59cd-57ca-9674-8120edd7d69c"",""owner_native_state"":null,""payload"":{""label"":""m49371"",""ordinal"":35,""title"":""Modul m49371"",""unit_id"":""urn:uuid:3a57dc28-4b62-524c-b721-f1849261340f""},""record_type"":""search_document"",""recorded_at"":""2026-09-07T00:00:00Z"",""semantic_key"":""a30:search:m49371""}"
tables/search_documents.jsonl,69,urn:uuid:4f430c3d-2df6-5df1-9f2a-8701cf53bf51,search_document,"{""dataset_id"":""urn:uuid:661831b3-5b74-549b-be92-b84ce5992a88"",""id"":""urn:uuid:4f430c3d-2df6-5df1-9f2a-8701cf53bf51"",""normalized_state"":""candidate"",""owner_authority_id"":""urn:uuid:2c0d398e-59cd-57ca-9674-8120edd7d69c"",""owner_native_state"":null,""payload"":{""label"":""m49440"",""ordinal"":71,""title"":""Modul m49440"",""unit_id"":""urn:uuid:e2f480d1-5891-5627-8ec8-0c0c898d1eae""},""record_type"":""search_document"",""recorded_at"":""2026-09-07T00:00:00Z"",""semantic_key"":""a30:search:m49440""}"
tables/search_documents.jsonl,26,urn:uuid:560ea40a-a322-5738-a0ae-0a46dca0469c,search_document,"{""dataset_id"":""urn:uuid:661831b3-5b74-549b-be92-b84ce5992a88"",""id"":""urn:uuid:560ea40a-a322-5738-a0ae-0a46dca0469c"",""normalized_state"":""candidate"",""owner_authority_id"":""urn:uuid:2c0d398e-59cd-57ca-9674-8120edd7d69c"",""owner_native_state"":null,""payload"":{""label"":""m49363"",""ordinal"":28,""title"":""Modul m49363"",""unit_id"":""urn:uuid:fb5b4b2f-4b28-57a2-933e-196ab5675726""},""record_type"":""search_document"",""recorded_at"":""2026-09-07T00:00:00Z"",""semantic_key"":""a30:search:m49363""}"
tables/search_documents.jsonl,31,urn:uuid:5762a68a-6355-5a90-b5e0-4597cf88151a,search_document,"{""dataset_id"":""urn:uuid:661831b3-5b74-549b-be92-b84ce5992a88"",""id"":""urn:uuid:5762a68a-6355-5a90-b5e0-4597cf88151a"",""normalized_state"":""candidate"",""owner_authority_id"":""urn:uuid:2c0d398e-59cd-57ca-9674-8120edd7d69c"",""owner_native_state"":null,""payload"":{""label"":""m49368"",""ordinal"":33,""title"":""Modul m49368"",""unit_id"":""urn:uuid:154e7129-115c-5c90-9b6a-c31a5064135c""},""record_type"":""search_document"",""recorded_at"":""2026-09-07T00:00:00Z"",""semantic_key"":""a30:search:m49368""}"
tables/search_documents.jsonl,38,urn:uuid:5f4f9ffb-3718-5b8a-b994-c04f8f712075,search_document,"{""dataset_id"":""urn:uuid:661831b3-5b74-549b-be92-b84ce5992a88"",""id"":""urn:uuid:5f4f9ffb-3718-5b8a-b994-c04f8f712075"",""normalized_state"":""candidate"",""owner_authority_id"":""urn:uuid:2c0d398e-59cd-57ca-9674-8120edd7d69c"",""owner_native_state"":null,""payload"":{""label"":""m49387"",""ordinal"":40,""title"":""Modul m49387"",""unit_id"":""urn:uuid:36e75bb7-7902-5d63-a7a1-bb5a1d16e520""},""record_type"":""search_document"",""recorded_at"":""2026-09-07T00:00:00Z"",""semantic_key"":""a30:search:m49387""}"
tables/search_documents.jsonl,43,urn:uuid:643c695f-9c75-5e33-b09e-62e4e7ecda37,search_document,"{""dataset_id"":""urn:uuid:661831b3-5b74-549b-be92-b84ce5992a88"",""id"":""urn:uuid:643c695f-9c75-5e33-b09e-62e4e7ecda37"",""normalized_state"":""candidate"",""owner_authority_id"":""urn:uuid:2c0d398e-59cd-57ca-9674-8120edd7d69c"",""owner_native_state"":null,""payload"":{""label"":""m49395"",""ordinal"":45,""title"":""Modul m49395"",""unit_id"":""urn:uuid:a68b3de9-b891-5290-b5ab-121d49a41408""},""record_type"":""search_document"",""recorded_at"":""2026-09-07T00:00:00Z"",""semantic_key"":""a30:search:m49395""}"
tables/search_documents.jsonl,20,urn:uuid:687c1c3c-1c80-5088-a328-6e3e1ac6a39b,search_document,"{""dataset_id"":""urn:uuid:661831b3-5b74-549b-be92-b84ce5992a88"",""id"":""urn:uuid:687c1c3c-1c80-5088-a328-6e3e1ac6a39b"",""normalized_state"":""candidate"",""owner_authority_id"":""urn:uuid:2c0d398e-59cd-57ca-9674-8120edd7d69c"",""owner_native_state"":null,""payload"":{""label"":""m49351"",""ordinal"":22,""title"":""Modul m49351"",""unit_id"":""urn:uuid:c77272c9-3e91-59f1-9cc6-23cc2c171bb1""},""record_type"":""search_document"",""recorded_at"":""2026-09-07T00:00:00Z"",""semantic_key"":""a30:search:m49351""}"
tables/search_documents.jsonl,68,urn:uuid:6d852354-cf75-5b4c-beee-2ef1505fc9a3,search_document,"{""dataset_id"":""urn:uuid:661831b3-5b74-549b-be92-b84ce5992a88"",""id"":""urn:uuid:6d852354-cf75-5b4c-beee-2ef1505fc9a3"",""normalized_state"":""candidate"",""owner_authority_id"":""urn:uuid:2c0d398e-59cd-57ca-9674-8120edd7d69c"",""owner_native_state"":null,""payload"":{""label"":""m49439"",""ordinal"":70,""title"":""Modul m49439"",""unit_id"":""urn:uuid:5f04c961-8266-59f1-84e4-01aa84ba4431""},""record_type"":""search_document"",""recorded_at"":""2026-09-07T00:00:00Z"",""semantic_key"":""a30:search:m49439""}"
tables/search_documents.jsonl,83,urn:uuid:6ee2a4eb-604c-542c-b133-c38f54b6620f,search_document,"{""dataset_id"":""urn:uuid:661831b3-5b74-549b-be92-b84ce5992a88"",""id"":""urn:uuid:6ee2a4eb-604c-542c-b133-c38f54b6620f"",""normalized_state"":""candidate"",""owner_authority_id"":""urn:uuid:2c0d398e-59cd-57ca-9674-8120edd7d69c"",""owner_native_state"":null,""payload"":{""label"":""m49454"",""ordinal"":85,""title"":""Modul m49454"",""unit_id"":""urn:uuid:2a7c6bec-581c-5c4e-93af-8b70476534e1""},""record_type"":""search_document"",""recorded_at"":""2026-09-07T00:00:00Z"",""semantic_key"":""a30:search:m49454""}"
tables/search_documents.jsonl,34,urn:uuid:72d0373f-712c-53d6-8685-115b10a80748,search_document,"{""dataset_id"":""urn:uuid:661831b3-5b74-549b-be92-b84ce5992a88"",""id"":""urn:uuid:72d0373f-712c-53d6-8685-115b10a80748"",""normalized_state"":""candidate"",""owner_authority_id"":""urn:uuid:2c0d398e-59cd-57ca-9674-8120edd7d69c"",""owner_native_state"":null,""payload"":{""label"":""m49372"",""ordinal"":36,""title"":""Modul m49372"",""unit_id"":""urn:uuid:a172fc60-10c5-5f7f-919c-3d89b60431dd""},""record_type"":""search_document"",""recorded_at"":""2026-09-07T00:00:00Z"",""semantic_key"":""a30:search:m49372""}"
tables/search_documents.jsonl,52,urn:uuid:74adfa98-a6ac-50e1-a314-3c6a4d2a9f3a,search_document,"{""dataset_id"":""urn:uuid:661831b3-5b74-549b-be92-b84ce5992a88"",""id"":""urn:uuid:74adfa98-a6ac-50e1-a314-3c6a4d2a9f3a"",""normalized_state"":""candidate"",""owner_authority_id"":""urn:uuid:2c0d398e-59cd-57ca-9674-8120edd7d69c"",""owner_native_state"":null,""payload"":{""label"":""m49407"",""ordinal"":54,""title"":""Modul m49407"",""unit_id"":""urn:uuid:f12e1b62-34ba-5bde-841a-1c477f90dbcb""},""record_type"":""search_document"",""recorded_at"":""2026-09-07T00:00:00Z"",""semantic_key"":""a30:search:m49407""}"
tables/search_documents.jsonl,71,urn:uuid:75c06659-511c-5a4d-bd31-68ada14b84db,search_document,"{""dataset_id"":""urn:uuid:661831b3-5b74-549b-be92-b84ce5992a88"",""id"":""urn:uuid:75c06659-511c-5a4d-bd31-68ada14b84db"",""normalized_state"":""candidate"",""owner_authority_id"":""urn:uuid:2c0d398e-59cd-57ca-9674-8120edd7d69c"",""owner_native_state"":null,""payload"":{""label"":""m49442"",""ordinal"":73,""title"":""Modul m49442"",""unit_id"":""urn:uuid:ee25aa04-a162-53e8-a87b-1922b30aae98""},""record_type"":""search_document"",""recorded_at"":""2026-09-07T00:00:00Z"",""semantic_key"":""a30:search:m49442""}"
tables/search_documents.jsonl,7,urn:uuid:7a06ed90-5916-56c6-950e-6da90a41b978,search_document,"{""dataset_id"":""urn:uuid:661831b3-5b74-549b-be92-b84ce5992a88"",""id"":""urn:uuid:7a06ed90-5916-56c6-950e-6da90a41b978"",""normalized_state"":""candidate"",""owner_authority_id"":""urn:uuid:2c0d398e-59cd-57ca-9674-8120edd7d69c"",""owner_native_state"":null,""payload"":{""label"":""m49314"",""ordinal"":8,""title"":""Modul m49314"",""unit_id"":""urn:uuid:83aa45f5-9271-5093-a966-e2d31a463840""},""record_type"":""search_document"",""recorded_at"":""2026-09-07T00:00:00Z"",""semantic_key"":""a30:search:m49314""}"
tables/search_documents.jsonl,1,urn:uuid:7cc7bfe0-9f0e-5a58-b65f-54592348b430,search_document,"{""dataset_id"":""urn:uuid:661831b3-5b74-549b-be92-b84ce5992a88"",""id"":""urn:uuid:7cc7bfe0-9f0e-5a58-b65f-54592348b430"",""normalized_state"":""candidate"",""owner_authority_id"":""urn:uuid:2c0d398e-59cd-57ca-9674-8120edd7d69c"",""owner_native_state"":null,""payload"":{""label"":""m49299"",""ordinal"":2,""title"":""Modul m49299"",""unit_id"":""urn:uuid:05e8219c-4324-5cc5-b040-15dc99debf4a""},""record_type"":""search_document"",""recorded_at"":""2026-09-07T00:00:00Z"",""semantic_key"":""a30:search:m49299""}"
tables/search_documents.jsonl,27,urn:uuid:7db3c3ae-630e-52ca-947c-3625a73de789,search_document,"{""dataset_id"":""urn:uuid:661831b3-5b74-549b-be92-b84ce5992a88"",""id"":""urn:uuid:7db3c3ae-630e-52ca-947c-3625a73de789"",""normalized_state"":""candidate"",""owner_authority_id"":""urn:uuid:2c0d398e-59cd-57ca-9674-8120edd7d69c"",""owner_native_state"":null,""payload"":{""label"":""m49364"",""ordinal"":29,""title"":""Modul m49364"",""unit_id"":""urn:uuid:e0ece7ad-8075-567c-bd75-0310c2aaa15e""},""record_type"":""search_document"",""recorded_at"":""2026-09-07T00:00:00Z"",""semantic_key"":""a30:search:m49364""}"
tables/search_documents.jsonl,78,urn:uuid:7dfcd703-31a9-5021-bb6d-f9b8ab3bf016,search_document,"{""dataset_id"":""urn:uuid:661831b3-5b74-549b-be92-b84ce5992a88"",""id"":""urn:uuid:7dfcd703-31a9-5021-bb6d-f9b8ab3bf016"",""normalized_state"":""candidate"",""owner_authority_id"":""urn:uuid:2c0d398e-59cd-57ca-9674-8120edd7d69c"",""owner_native_state"":null,""payload"":{""label"":""m49449"",""ordinal"":80,""title"":""Modul m49449"",""unit_id"":""urn:uuid:94530b21-0b22-50b0-b2c1-e456a99b6c07""},""record_type"":""search_document"",""recorded_at"":""2026-09-07T00:00:00Z"",""semantic_key"":""a30:search:m49449""}"
tables/search_documents.jsonl,29,urn:uuid:80e278d3-b288-5842-9c8c-e8fe6669c9b8,search_document,"{""dataset_id"":""urn:uuid:661831b3-5b74-549b-be92-b84ce5992a88"",""id"":""urn:uuid:80e278d3-b288-5842-9c8c-e8fe6669c9b8"",""normalized_state"":""candidate"",""owner_authority_id"":""urn:uuid:2c0d398e-59cd-57ca-9674-8120edd7d69c"",""owner_native_state"":null,""payload"":{""label"":""m49366"",""ordinal"":31,""title"":""Modul m49366"",""unit_id"":""urn:uuid:4597ebfd-ed2c-5d41-9295-60d75f28bb67""},""record_type"":""search_document"",""recorded_at"":""2026-09-07T00:00:00Z"",""semantic_key"":""a30:search:m49366""}"
tables/search_documents.jsonl,47,urn:uuid:856485c7-71d7-53b0-99fd-9c234b9d6023,search_document,"{""dataset_id"":""urn:uuid:661831b3-5b74-549b-be92-b84ce5992a88"",""id"":""urn:uuid:856485c7-71d7-53b0-99fd-9c234b9d6023"",""normalized_state"":""candidate"",""owner_authority_id"":""urn:uuid:2c0d398e-59cd-57ca-9674-8120edd7d69c"",""owner_native_state"":null,""payload"":{""label"":""m49399"",""ordinal"":49,""title"":""Modul m49399"",""unit_id"":""urn:uuid:1a70b144-a53a-587d-bd9e-9c56844c9e32""},""record_type"":""search_document"",""recorded_at"":""2026-09-07T00:00:00Z"",""semantic_key"":""a30:search:m49399""}"
tables/search_documents.jsonl,76,urn:uuid:8796136c-135e-5d3b-99ef-96bbcdb3ad19,search_document,"{""dataset_id"":""urn:uuid:661831b3-5b74-549b-be92-b84ce5992a88"",""id"":""urn:uuid:8796136c-135e-5d3b-99ef-96bbcdb3ad19"",""normalized_state"":""candidate"",""owner_authority_id"":""urn:uuid:2c0d398e-59cd-57ca-9674-8120edd7d69c"",""owner_native_state"":null,""payload"":{""label"":""m49447"",""ordinal"":78,""title"":""Modul m49447"",""unit_id"":""urn:uuid:9839041a-97b0-588e-a9a7-593d06f5b8fd""},""record_type"":""search_document"",""recorded_at"":""2026-09-07T00:00:00Z"",""semantic_key"":""a30:search:m49447""}"
tables/search_documents.jsonl,56,urn:uuid:91d86a17-b909-5732-b35b-b37fcdc7e3a8,search_document,"{""dataset_id"":""urn:uuid:661831b3-5b74-549b-be92-b84ce5992a88"",""id"":""urn:uuid:91d86a17-b909-5732-b35b-b37fcdc7e3a8"",""normalized_state"":""candidate"",""owner_authority_id"":""urn:uuid:2c0d398e-59cd-57ca-9674-8120edd7d69c"",""owner_native_state"":null,""payload"":{""label"":""m49412"",""ordinal"":58,""title"":""Modul m49412"",""unit_id"":""urn:uuid:1a2fc92b-9056-5814-ac9e-947cda1a79ee""},""record_type"":""search_document"",""recorded_at"":""2026-09-07T00:00:00Z"",""semantic_key"":""a30:search:m49412""}"
tables/search_documents.jsonl,19,urn:uuid:9248f9e2-e6ac-50e1-91bd-c677a9090e6a,search_document,"{""dataset_id"":""urn:uuid:661831b3-5b74-549b-be92-b84ce5992a88"",""id"":""urn:uuid:9248f9e2-e6ac-50e1-91bd-c677a9090e6a"",""normalized_state"":""candidate"",""owner_authority_id"":""urn:uuid:2c0d398e-59cd-57ca-9674-8120edd7d69c"",""owner_native_state"":null,""payload"":{""label"":""m49349"",""ordinal"":21,""title"":""Modul m49349"",""unit_id"":""urn:uuid:e48a4c01-5bfa-5820-a004-fe76e2e2c9a1""},""record_type"":""search_document"",""recorded_at"":""2026-09-07T00:00:00Z"",""semantic_key"":""a30:search:m49349""}"
tables/search_documents.jsonl,14,urn:uuid:94006ce9-de06-58c0-b7b4-0c87d7e7a2c7,search_document,"{""dataset_id"":""urn:uuid:661831b3-5b74-549b-be92-b84ce5992a88"",""id"":""urn:uuid:94006ce9-de06-58c0-b7b4-0c87d7e7a2c7"",""normalized_state"":""candidate"",""owner_authority_id"":""urn:uuid:2c0d398e-59cd-57ca-9674-8120edd7d69c"",""owner_native_state"":null,""payload"":{""label"":""m49335"",""ordinal"":16,""title"":""Modul m49335"",""unit_id"":""urn:uuid:2e0e3417-7777-5090-8880-0c35c155829b""},""record_type"":""search_document"",""recorded_at"":""2026-09-07T00:00:00Z"",""semantic_key"":""a30:search:m49335""}"
tables/search_documents.jsonl,44,urn:uuid:94c517dc-1488-58f5-b330-b5ae41596ea2,search_document,"{""dataset_id"":""urn:uuid:661831b3-5b74-549b-be92-b84ce5992a88"",""id"":""urn:uuid:94c517dc-1488-58f5-b330-b5ae41596ea2"",""normalized_state"":""candidate"",""owner_authority_id"":""urn:uuid:2c0d398e-59cd-57ca-9674-8120edd7d69c"",""owner_native_state"":null,""payload"":{""label"":""m49396"",""ordinal"":46,""title"":""Modul m49396"",""unit_id"":""urn:uuid:0538843b-ce40-596b-b69e-fc9500682381""},""record_type"":""search_document"",""recorded_at"":""2026-09-07T00:00:00Z"",""semantic_key"":""a30:search:m49396""}"
tables/search_documents.jsonl,77,urn:uuid:9aaff04c-785f-5b1a-b8b6-163ce0acd15b,search_document,"{""dataset_id"":""urn:uuid:661831b3-5b74-549b-be92-b84ce5992a88"",""id"":""urn:uuid:9aaff04c-785f-5b1a-b8b6-163ce0acd15b"",""normalized_state"":""candidate"",""owner_authority_id"":""urn:uuid:2c0d398e-59cd-57ca-9674-8120edd7d69c"",""owner_native_state"":null,""payload"":{""label"":""m49448"",""ordinal"":79,""title"":""Modul m49448"",""unit_id"":""urn:uuid:ab2ae219-f335-5771-a732-a5cf80ffbe2a""},""record_type"":""search_document"",""recorded_at"":""2026-09-07T00:00:00Z"",""semantic_key"":""a30:search:m49448""}"
tables/search_documents.jsonl,61,urn:uuid:a0fdf6fa-4e0f-579b-be85-ee6512d1d140,search_document,"{""dataset_id"":""urn:uuid:661831b3-5b74-549b-be92-b84ce5992a88"",""id"":""urn:uuid:a0fdf6fa-4e0f-579b-be85-ee6512d1d140"",""normalized_state"":""candidate"",""owner_authority_id"":""urn:uuid:2c0d398e-59cd-57ca-9674-8120edd7d69c"",""owner_native_state"":null,""payload"":{""label"":""m49432"",""ordinal"":63,""title"":""Modul m49432"",""unit_id"":""urn:uuid:1b01e44e-87f6-5815-9ebe-8cc1cb1b3eb5""},""record_type"":""search_document"",""recorded_at"":""2026-09-07T00:00:00Z"",""semantic_key"":""a30:search:m49432""}"
tables/search_documents.jsonl,54,urn:uuid:a6dfe618-f2d9-5ff9-b289-4fd48e4f8dd6,search_document,"{""dataset_id"":""urn:uuid:661831b3-5b74-549b-be92-b84ce5992a88"",""id"":""urn:uuid:a6dfe618-f2d9-5ff9-b289-4fd48e4f8dd6"",""normalized_state"":""candidate"",""owner_authority_id"":""urn:uuid:2c0d398e-59cd-57ca-9674-8120edd7d69c"",""owner_native_state"":null,""payload"":{""label"":""m49409"",""ordinal"":56,""title"":""Modul m49409"",""unit_id"":""urn:uuid:2dceff21-cedd-5e89-92c7-7f86d365b36b""},""record_type"":""search_document"",""recorded_at"":""2026-09-07T00:00:00Z"",""semantic_key"":""a30:search:m49409""}"
tables/search_documents.jsonl,16,urn:uuid:a872a25f-437d-558c-8e36-73eb975d8ee9,search_document,"{""dataset_id"":""urn:uuid:661831b3-5b74-549b-be92-b84ce5992a88"",""id"":""urn:uuid:a872a25f-437d-558c-8e36-73eb975d8ee9"",""normalized_state"":""candidate"",""owner_authority_id"":""urn:uuid:2c0d398e-59cd-57ca-9674-8120edd7d69c"",""owner_native_state"":null,""payload"":{""label"":""m49346"",""ordinal"":18,""title"":""Modul m49346"",""unit_id"":""urn:uuid:7ba86d37-342f-5317-ad45-d1ac823f369d""},""record_type"":""search_document"",""recorded_at"":""2026-09-07T00:00:00Z"",""semantic_key"":""a30:search:m49346""}"
tables/search_documents.jsonl,46,urn:uuid:a9505367-490a-5e35-9de2-a497b50905ce,search_document,"{""dataset_id"":""urn:uuid:661831b3-5b74-549b-be92-b84ce5992a88"",""id"":""urn:uuid:a9505367-490a-5e35-9de2-a497b50905ce"",""normalized_state"":""candidate"",""owner_authority_id"":""urn:uuid:2c0d398e-59cd-57ca-9674-8120edd7d69c"",""owner_native_state"":null,""payload"":{""label"":""m49398"",""ordinal"":48,""title"":""Modul m49398"",""unit_id"":""urn:uuid:15eb1b22-a5a9-58c3-80a1-6d6f0030ad7d""},""record_type"":""search_document"",""recorded_at"":""2026-09-07T00:00:00Z"",""semantic_key"":""a30:search:m49398""}"
tables/search_documents.jsonl,11,urn:uuid:acfdfaee-04a1-5d0f-a27e-66cacfe49c8d,search_document,"{""dataset_id"":""urn:uuid:661831b3-5b74-549b-be92-b84ce5992a88"",""id"":""urn:uuid:acfdfaee-04a1-5d0f-a27e-66cacfe49c8d"",""normalized_state"":""candidate"",""owner_authority_id"":""urn:uuid:2c0d398e-59cd-57ca-9674-8120edd7d69c"",""owner_native_state"":null,""payload"":{""label"":""m49326"",""ordinal"":13,""title"":""Modul m49326"",""unit_id"":""urn:uuid:7dc79841-7e22-5d64-b954-6aa66c68f0fa""},""record_type"":""search_document"",""recorded_at"":""2026-09-07T00:00:00Z"",""semantic_key"":""a30:search:m49326""}"
tables/search_documents.jsonl,55,urn:uuid:ad4cb72f-b3c3-5f45-85d0-c7ce0779e616,search_document,"{""dataset_id"":""urn:uuid:661831b3-5b74-549b-be92-b84ce5992a88"",""id"":""urn:uuid:ad4cb72f-b3c3-5f45-85d0-c7ce0779e616"",""normalized_state"":""candidate"",""owner_authority_id"":""urn:uuid:2c0d398e-59cd-57ca-9674-8120edd7d69c"",""owner_native_state"":null,""payload"":{""label"":""m49411"",""ordinal"":57,""title"":""Modul m49411"",""unit_id"":""urn:uuid:a816627b-5a02-5c26-a792-b1d6c693e66f""},""record_type"":""search_document"",""recorded_at"":""2026-09-07T00:00:00Z"",""semantic_key"":""a30:search:m49411""}"
tables/search_documents.jsonl,23,urn:uuid:b4bfb46e-1a8e-5e7f-8fdb-4de5df5cb49b,search_document,"{""dataset_id"":""urn:uuid:661831b3-5b74-549b-be92-b84ce5992a88"",""id"":""urn:uuid:b4bfb46e-1a8e-5e7f-8fdb-4de5df5cb49b"",""normalized_state"":""candidate"",""owner_authority_id"":""urn:uuid:2c0d398e-59cd-57ca-9674-8120edd7d69c"",""owner_native_state"":null,""payload"":{""label"":""m49356"",""ordinal"":25,""title"":""Modul m49356"",""unit_id"":""urn:uuid:6f0f502d-52c9-5323-b266-c7372fbca0de""},""record_type"":""search_document"",""recorded_at"":""2026-09-07T00:00:00Z"",""semantic_key"":""a30:search:m49356""}"
tables/search_documents.jsonl,4,urn:uuid:b5db039b-fb74-5b0b-b533-2114b7c435aa,search_document,"{""dataset_id"":""urn:uuid:661831b3-5b74-549b-be92-b84ce5992a88"",""id"":""urn:uuid:b5db039b-fb74-5b0b-b533-2114b7c435aa"",""normalized_state"":""candidate"",""owner_authority_id"":""urn:uuid:2c0d398e-59cd-57ca-9674-8120edd7d69c"",""owner_native_state"":null,""payload"":{""label"":""m49306"",""ordinal"":5,""title"":""Modul m49306"",""unit_id"":""urn:uuid:42cf8d80-f09b-5bd9-be2a-1df0178f2c41""},""record_type"":""search_document"",""recorded_at"":""2026-09-07T00:00:00Z"",""semantic_key"":""a30:search:m49306""}"
tables/search_documents.jsonl,75,urn:uuid:b76d6bc9-8b19-5b47-b82e-1b4209070320,search_document,"{""dataset_id"":""urn:uuid:661831b3-5b74-549b-be92-b84ce5992a88"",""id"":""urn:uuid:b76d6bc9-8b19-5b47-b82e-1b4209070320"",""normalized_state"":""candidate"",""owner_authority_id"":""urn:uuid:2c0d398e-59cd-57ca-9674-8120edd7d69c"",""owner_native_state"":null,""payload"":{""label"":""m49446"",""ordinal"":77,""title"":""Modul m49446"",""unit_id"":""urn:uuid:2bd5567f-eae9-5251-a5a8-be9d0cff94da""},""record_type"":""search_document"",""recorded_at"":""2026-09-07T00:00:00Z"",""semantic_key"":""a30:search:m49446""}"
tables/search_documents.jsonl,51,urn:uuid:ba27acbf-add9-5b06-b93b-481f4f8f8887,search_document,"{""dataset_id"":""urn:uuid:661831b3-5b74-549b-be92-b84ce5992a88"",""id"":""urn:uuid:ba27acbf-add9-5b06-b93b-481f4f8f8887"",""normalized_state"":""candidate"",""owner_authority_id"":""urn:uuid:2c0d398e-59cd-57ca-9674-8120edd7d69c"",""owner_native_state"":null,""payload"":{""label"":""m49406"",""ordinal"":53,""title"":""Modul m49406"",""unit_id"":""urn:uuid:76de6819-084b-5f51-a9e6-47b6df2adbcd""},""record_type"":""search_document"",""recorded_at"":""2026-09-07T00:00:00Z"",""semantic_key"":""a30:search:m49406""}"
tables/search_documents.jsonl,28,urn:uuid:ba2d20b6-0d32-5acd-88b2-cda154aa72e9,search_document,"{""dataset_id"":""urn:uuid:661831b3-5b74-549b-be92-b84ce5992a88"",""id"":""urn:uuid:ba2d20b6-0d32-5acd-88b2-cda154aa72e9"",""normalized_state"":""candidate"",""owner_authority_id"":""urn:uuid:2c0d398e-59cd-57ca-9674-8120edd7d69c"",""owner_native_state"":null,""payload"":{""label"":""m49365"",""ordinal"":30,""title"":""Modul m49365"",""unit_id"":""urn:uuid:62698e31-22cf-5c53-9d05-e729554524a8""},""record_type"":""search_document"",""recorded_at"":""2026-09-07T00:00:00Z"",""semantic_key"":""a30:search:m49365""}"
tables/search_documents.jsonl,37,urn:uuid:bc0095d0-859e-579a-98ee-aa1a4d934eed,search_document,"{""dataset_id"":""urn:uuid:661831b3-5b74-549b-be92-b84ce5992a88"",""id"":""urn:uuid:bc0095d0-859e-579a-98ee-aa1a4d934eed"",""normalized_state"":""candidate"",""owner_authority_id"":""urn:uuid:2c0d398e-59cd-57ca-9674-8120edd7d69c"",""owner_native_state"":null,""payload"":{""label"":""m49386"",""ordinal"":39,""title"":""Modul m49386"",""unit_id"":""urn:uuid:caa0b6e9-12d3-59d0-9bc2-0748b9a86947""},""record_type"":""search_document"",""recorded_at"":""2026-09-07T00:00:00Z"",""semantic_key"":""a30:search:m49386""}"
tables/search_documents.jsonl,64,urn:uuid:bc4f70b7-97c5-5c53-8683-8934585c92f9,search_document,"{""dataset_id"":""urn:uuid:661831b3-5b74-549b-be92-b84ce5992a88"",""id"":""urn:uuid:bc4f70b7-97c5-5c53-8683-8934585c92f9"",""normalized_state"":""candidate"",""owner_authority_id"":""urn:uuid:2c0d398e-59cd-57ca-9674-8120edd7d69c"",""owner_native_state"":null,""payload"":{""label"":""m49435"",""ordinal"":66,""title"":""Modul m49435"",""unit_id"":""urn:uuid:048fcd4e-3715-545e-a8fa-d352e03b67ad""},""record_type"":""search_document"",""recorded_at"":""2026-09-07T00:00:00Z"",""semantic_key"":""a30:search:m49435""}"
tables/search_documents.jsonl,39,urn:uuid:bc76b508-02ee-51a2-8c9a-aadfd1385bf8,search_document,"{""dataset_id"":""urn:uuid:661831b3-5b74-549b-be92-b84ce5992a88"",""id"":""urn:uuid:bc76b508-02ee-51a2-8c9a-aadfd1385bf8"",""normalized_state"":""candidate"",""owner_authority_id"":""urn:uuid:2c0d398e-59cd-57ca-9674-8120edd7d69c"",""owner_native_state"":null,""payload"":{""label"":""m49389"",""ordinal"":41,""title"":""Modul m49389"",""unit_id"":""urn:uuid:98b7fff5-0c6a-5d86-9fde-7759ce72e03c""},""record_type"":""search_document"",""recorded_at"":""2026-09-07T00:00:00Z"",""semantic_key"":""a30:search:m49389""}"
tables/search_documents.jsonl,58,urn:uuid:bc7bef12-c71f-5fc6-bcb0-14c07cb34630,search_document,"{""dataset_id"":""urn:uuid:661831b3-5b74-549b-be92-b84ce5992a88"",""id"":""urn:uuid:bc7bef12-c71f-5fc6-bcb0-14c07cb34630"",""normalized_state"":""candidate"",""owner_authority_id"":""urn:uuid:2c0d398e-59cd-57ca-9674-8120edd7d69c"",""owner_native_state"":null,""payload"":{""label"":""m49419"",""ordinal"":61,""title"":""Modul m49419"",""unit_id"":""urn:uuid:fb208ee8-2cca-5962-8077-0cbfe4120502""},""record_type"":""search_document"",""recorded_at"":""2026-09-07T00:00:00Z"",""semantic_key"":""a30:search:m49419""}"
tables/search_documents.jsonl,53,urn:uuid:c18a0fd7-9604-50d9-b368-d25dc8669ef7,search_document,"{""dataset_id"":""urn:uuid:661831b3-5b74-549b-be92-b84ce5992a88"",""id"":""urn:uuid:c18a0fd7-9604-50d9-b368-d25dc8669ef7"",""normalized_state"":""candidate"",""owner_authority_id"":""urn:uuid:2c0d398e-59cd-57ca-9674-8120edd7d69c"",""owner_native_state"":null,""payload"":{""label"":""m49408"",""ordinal"":55,""title"":""Modul m49408"",""unit_id"":""urn:uuid:91de9788-1651-5a29-bb78-02a3a3577e7e""},""record_type"":""search_document"",""recorded_at"":""2026-09-07T00:00:00Z"",""semantic_key"":""a30:search:m49408""}"
tables/search_documents.jsonl,35,urn:uuid:c56d048e-7ec2-559e-8c9f-3b0372f7c6be,search_document,"{""dataset_id"":""urn:uuid:661831b3-5b74-549b-be92-b84ce5992a88"",""id"":""urn:uuid:c56d048e-7ec2-559e-8c9f-3b0372f7c6be"",""normalized_state"":""candidate"",""owner_authority_id"":""urn:uuid:2c0d398e-59cd-57ca-9674-8120edd7d69c"",""owner_native_state"":null,""payload"":{""label"":""m49374"",""ordinal"":37,""title"":""Modul m49374"",""unit_id"":""urn:uuid:57746624-df8f-5cc0-a84c-00212cf95831""},""record_type"":""search_document"",""recorded_at"":""2026-09-07T00:00:00Z"",""semantic_key"":""a30:search:m49374""}"
tables/search_documents.jsonl,3,urn:uuid:c8f1dede-59c0-580c-b7bc-5d290adfc905,search_document,"{""dataset_id"":""urn:uuid:661831b3-5b74-549b-be92-b84ce5992a88"",""id"":""urn:uuid:c8f1dede-59c0-580c-b7bc-5d290adfc905"",""normalized_state"":""candidate"",""owner_authority_id"":""urn:uuid:2c0d398e-59cd-57ca-9674-8120edd7d69c"",""owner_native_state"":null,""payload"":{""label"":""m49304"",""ordinal"":4,""title"":""Modul m49304"",""unit_id"":""urn:uuid:06530420-722c-53e9-8940-c5ee9f24a56e""},""record_type"":""search_document"",""recorded_at"":""2026-09-07T00:00:00Z"",""semantic_key"":""a30:search:m49304""}"
tables/search_documents.jsonl,59,urn:uuid:d0b06b57-8dc2-5e42-87b6-8a0be518198a,search_document,"{""dataset_id"":""urn:uuid:661831b3-5b74-549b-be92-b84ce5992a88"",""id"":""urn:uuid:d0b06b57-8dc2-5e42-87b6-8a0be518198a"",""normalized_state"":""candidate"",""owner_authority_id"":""urn:uuid:2c0d398e-59cd-57ca-9674-8120edd7d69c"",""owner_native_state"":null,""payload"":{""label"":""m49420"",""ordinal"":60,""title"":""Modul m49420"",""unit_id"":""urn:uuid:b0084aee-fd2f-598a-a080-68ab1f5599fb""},""record_type"":""search_document"",""recorded_at"":""2026-09-07T00:00:00Z"",""semantic_key"":""a30:search:m49420""}"
tables/search_documents.jsonl,62,urn:uuid:d2657e77-3ae0-5c00-b26c-129ceea5728a,search_document,"{""dataset_id"":""urn:uuid:661831b3-5b74-549b-be92-b84ce5992a88"",""id"":""urn:uuid:d2657e77-3ae0-5c00-b26c-129ceea5728a"",""normalized_state"":""candidate"",""owner_authority_id"":""urn:uuid:2c0d398e-59cd-57ca-9674-8120edd7d69c"",""owner_native_state"":null,""payload"":{""label"":""m49433"",""ordinal"":64,""title"":""Modul m49433"",""unit_id"":""urn:uuid:b46f4834-5e91-57da-9de4-af070c4724b3""},""record_type"":""search_document"",""recorded_at"":""2026-09-07T00:00:00Z"",""semantic_key"":""a30:search:m49433""}"
tables/search_documents.jsonl,57,urn:uuid:d36e64ee-c240-548c-956a-69ed3240fc4a,search_document,"{""dataset_id"":""urn:uuid:661831b3-5b74-549b-be92-b84ce5992a88"",""id"":""urn:uuid:d36e64ee-c240-548c-956a-69ed3240fc4a"",""normalized_state"":""candidate"",""owner_authority_id"":""urn:uuid:2c0d398e-59cd-57ca-9674-8120edd7d69c"",""owner_native_state"":null,""payload"":{""label"":""m49418"",""ordinal"":59,""title"":""Modul m49418"",""unit_id"":""urn:uuid:33b0d7e6-9364-5a52-a162-84d1f5cc498a""},""record_type"":""search_document"",""recorded_at"":""2026-09-07T00:00:00Z"",""semantic_key"":""a30:search:m49418""}"
tables/search_documents.jsonl,48,urn:uuid:d92addb0-4007-568a-abdf-05343ca7fb01,search_document,"{""dataset_id"":""urn:uuid:661831b3-5b74-549b-be92-b84ce5992a88"",""id"":""urn:uuid:d92addb0-4007-568a-abdf-05343ca7fb01"",""normalized_state"":""candidate"",""owner_authority_id"":""urn:uuid:2c0d398e-59cd-57ca-9674-8120edd7d69c"",""owner_native_state"":null,""payload"":{""label"":""m49402"",""ordinal"":50,""title"":""Modul m49402"",""unit_id"":""urn:uuid:981d96e3-ba69-53f0-8002-36833de581ee""},""record_type"":""search_document"",""recorded_at"":""2026-09-07T00:00:00Z"",""semantic_key"":""a30:search:m49402""}"
tables/search_documents.jsonl,65,urn:uuid:dac13761-30e4-50a0-b9d2-c4eb8967367e,search_document,"{""dataset_id"":""urn:uuid:661831b3-5b74-549b-be92-b84ce5992a88"",""id"":""urn:uuid:dac13761-30e4-50a0-b9d2-c4eb8967367e"",""normalized_state"":""candidate"",""owner_authority_id"":""urn:uuid:2c0d398e-59cd-57ca-9674-8120edd7d69c"",""owner_native_state"":null,""payload"":{""label"":""m49436"",""ordinal"":67,""title"":""Modul m49436"",""unit_id"":""urn:uuid:724a9f93-39da-554e-84a7-d8ad646cf825""},""record_type"":""search_document"",""recorded_at"":""2026-09-07T00:00:00Z"",""semantic_key"":""a30:search:m49436""}"
tables/search_documents.jsonl,72,urn:uuid:db5c1ca8-85dc-5f93-b801-8302cf9bda0a,search_document,"{""dataset_id"":""urn:uuid:661831b3-5b74-549b-be92-b84ce5992a88"",""id"":""urn:uuid:db5c1ca8-85dc-5f93-b801-8302cf9bda0a"",""normalized_state"":""candidate"",""owner_authority_id"":""urn:uuid:2c0d398e-59cd-57ca-9674-8120edd7d69c"",""owner_native_state"":null,""payload"":{""label"":""m49443"",""ordinal"":74,""title"":""Modul m49443"",""unit_id"":""urn:uuid:3d174fe0-4210-5293-80f3-a395b864a336""},""record_type"":""search_document"",""recorded_at"":""2026-09-07T00:00:00Z"",""semantic_key"":""a30:search:m49443""}"
tables/search_documents.jsonl,81,urn:uuid:dcb274a7-f25a-5b96-bf5b-81440e945601,search_document,"{""dataset_id"":""urn:uuid:661831b3-5b74-549b-be92-b84ce5992a88"",""id"":""urn:uuid:dcb274a7-f25a-5b96-bf5b-81440e945601"",""normalized_state"":""candidate"",""owner_authority_id"":""urn:uuid:2c0d398e-59cd-57ca-9674-8120edd7d69c"",""owner_native_state"":null,""payload"":{""label"":""m49452"",""ordinal"":83,""title"":""Modul m49452"",""unit_id"":""urn:uuid:c60088ce-1ba6-5867-82c2-e7dfe943dd61""},""record_type"":""search_document"",""recorded_at"":""2026-09-07T00:00:00Z"",""semantic_key"":""a30:search:m49452""}"
tables/search_documents.jsonl,63,urn:uuid:e0416721-82ee-5011-800f-82e3cea6d751,search_document,"{""dataset_id"":""urn:uuid:661831b3-5b74-549b-be92-b84ce5992a88"",""id"":""urn:uuid:e0416721-82ee-5011-800f-82e3cea6d751"",""normalized_state"":""candidate"",""owner_authority_id"":""urn:uuid:2c0d398e-59cd-57ca-9674-8120edd7d69c"",""owner_native_state"":null,""payload"":{""label"":""m49434"",""ordinal"":65,""title"":""Modul m49434"",""unit_id"":""urn:uuid:07b6a173-131e-52f5-8e31-9d26a538d751""},""record_type"":""search_document"",""recorded_at"":""2026-09-07T00:00:00Z"",""semantic_key"":""a30:search:m49434""}"
tables/search_documents.jsonl,66,urn:uuid:e3293053-a355-5048-973d-5d01d343e8da,search_document,"{""dataset_id"":""urn:uuid:661831b3-5b74-549b-be92-b84ce5992a88"",""id"":""urn:uuid:e3293053-a355-5048-973d-5d01d343e8da"",""normalized_state"":""candidate"",""owner_authority_id"":""urn:uuid:2c0d398e-59cd-57ca-9674-8120edd7d69c"",""owner_native_state"":null,""payload"":{""label"":""m49437"",""ordinal"":68,""title"":""Modul m49437"",""unit_id"":""urn:uuid:cae38853-a1e6-5850-b660-ce6fc2c0350e""},""record_type"":""search_document"",""recorded_at"":""2026-09-07T00:00:00Z"",""semantic_key"":""a30:search:m49437""}"
tables/search_documents.jsonl,85,urn:uuid:e5c12ed3-e76b-588f-82c3-7a652325cd01,search_document,"{""dataset_id"":""urn:uuid:661831b3-5b74-549b-be92-b84ce5992a88"",""id"":""urn:uuid:e5c12ed3-e76b-588f-82c3-7a652325cd01"",""normalized_state"":""candidate"",""owner_authority_id"":""urn:uuid:2c0d398e-59cd-57ca-9674-8120edd7d69c"",""owner_native_state"":null,""payload"":{""label"":""m50389"",""ordinal"":12,""title"":""Modul m50389"",""unit_id"":""urn:uuid:d54ec07e-274c-5190-b501-6c0986e61864""},""record_type"":""search_document"",""recorded_at"":""2026-09-07T00:00:00Z"",""semantic_key"":""a30:search:m50389""}"
tables/search_documents.jsonl,2,urn:uuid:e73a5bae-595e-542a-8cd2-8114f39210c0,search_document,"{""dataset_id"":""urn:uuid:661831b3-5b74-549b-be92-b84ce5992a88"",""id"":""urn:uuid:e73a5bae-595e-542a-8cd2-8114f39210c0"",""normalized_state"":""candidate"",""owner_authority_id"":""urn:uuid:2c0d398e-59cd-57ca-9674-8120edd7d69c"",""owner_native_state"":null,""payload"":{""label"":""m49301"",""ordinal"":3,""title"":""Modul m49301"",""unit_id"":""urn:uuid:ecb2439d-e5ab-516e-ae34-d45f391c55f1""},""record_type"":""search_document"",""recorded_at"":""2026-09-07T00:00:00Z"",""semantic_key"":""a30:search:m49301""}"
tables/search_documents.jsonl,60,urn:uuid:e801da6c-fa0e-5054-8211-96175998c9ef,search_document,"{""dataset_id"":""urn:uuid:661831b3-5b74-549b-be92-b84ce5992a88"",""id"":""urn:uuid:e801da6c-fa0e-5054-8211-96175998c9ef"",""normalized_state"":""candidate"",""owner_authority_id"":""urn:uuid:2c0d398e-59cd-57ca-9674-8120edd7d69c"",""owner_native_state"":null,""payload"":{""label"":""m49431"",""ordinal"":62,""title"":""Modul m49431"",""unit_id"":""urn:uuid:64c13dad-b40b-59e7-a36a-27ceee33951b""},""record_type"":""search_document"",""recorded_at"":""2026-09-07T00:00:00Z"",""semantic_key"":""a30:search:m49431""}"
tables/search_documents.jsonl,45,urn:uuid:e80e75a9-903e-5d4a-95f0-620fb4bcbdcb,search_document,"{""dataset_id"":""urn:uuid:661831b3-5b74-549b-be92-b84ce5992a88"",""id"":""urn:uuid:e80e75a9-903e-5d4a-95f0-620fb4bcbdcb"",""normalized_state"":""candidate"",""owner_authority_id"":""urn:uuid:2c0d398e-59cd-57ca-9674-8120edd7d69c"",""owner_native_state"":null,""payload"":{""label"":""m49397"",""ordinal"":47,""title"":""Modul m49397"",""unit_id"":""urn:uuid:944e0489-909b-5e2d-8142-ab0febc3a44d""},""record_type"":""search_document"",""recorded_at"":""2026-09-07T00:00:00Z"",""semantic_key"":""a30:search:m49397""}"
tables/search_documents.jsonl,17,urn:uuid:ec947b2c-6752-5639-a821-c1199b79db81,search_document,"{""dataset_id"":""urn:uuid:661831b3-5b74-549b-be92-b84ce5992a88"",""id"":""urn:uuid:ec947b2c-6752-5639-a821-c1199b79db81"",""normalized_state"":""candidate"",""owner_authority_id"":""urn:uuid:2c0d398e-59cd-57ca-9674-8120edd7d69c"",""owner_native_state"":null,""payload"":{""label"":""m49347"",""ordinal"":19,""title"":""Modul m49347"",""unit_id"":""urn:uuid:0c36d32c-f8a1-57bd-8101-cc92b303be62""},""record_type"":""search_document"",""recorded_at"":""2026-09-07T00:00:00Z"",""semantic_key"":""a30:search:m49347""}"
tables/search_documents.jsonl,25,urn:uuid:ed9c7ae5-a833-5567-af86-802250034027,search_document,"{""dataset_id"":""urn:uuid:661831b3-5b74-549b-be92-b84ce5992a88"",""id"":""urn:uuid:ed9c7ae5-a833-5567-af86-802250034027"",""normalized_state"":""candidate"",""owner_authority_id"":""urn:uuid:2c0d398e-59cd-57ca-9674-8120edd7d69c"",""owner_native_state"":null,""payload"":{""label"":""m49362"",""ordinal"":27,""title"":""Modul m49362"",""unit_id"":""urn:uuid:a3a0dd2c-e105-55a5-a564-8de1e0a4c558""},""record_type"":""search_document"",""recorded_at"":""2026-09-07T00:00:00Z"",""semantic_key"":""a30:search:m49362""}"
tables/search_documents.jsonl,8,urn:uuid:f8e43c9d-248a-5887-a097-2db0eb8cbe6c,search_document,"{""dataset_id"":""urn:uuid:661831b3-5b74-549b-be92-b84ce5992a88"",""id"":""urn:uuid:f8e43c9d-248a-5887-a097-2db0eb8cbe6c"",""normalized_state"":""candidate"",""owner_authority_id"":""urn:uuid:2c0d398e-59cd-57ca-9674-8120edd7d69c"",""owner_native_state"":null,""payload"":{""label"":""m49320"",""ordinal"":9,""title"":""Modul m49320"",""unit_id"":""urn:uuid:0d586bde-0c1f-5143-a045-e1b22d5fc6b2""},""record_type"":""search_document"",""recorded_at"":""2026-09-07T00:00:00Z"",""semantic_key"":""a30:search:m49320""}"
tables/search_documents.jsonl,49,urn:uuid:fca003f5-6049-5a71-8c6a-26087edde811,search_document,"{""dataset_id"":""urn:uuid:661831b3-5b74-549b-be92-b84ce5992a88"",""id"":""urn:uuid:fca003f5-6049-5a71-8c6a-26087edde811"",""normalized_state"":""candidate"",""owner_authority_id"":""urn:uuid:2c0d398e-59cd-57ca-9674-8120edd7d69c"",""owner_native_state"":null,""payload"":{""label"":""m49404"",""ordinal"":51,""title"":""Modul m49404"",""unit_id"":""urn:uuid:a19f7df3-dc10-56b3-ba7b-577b1a8f14b0""},""record_type"":""search_document"",""recorded_at"":""2026-09-07T00:00:00Z"",""semantic_key"":""a30:search:m49404""}"
tables/units.jsonl,64,urn:uuid:048fcd4e-3715-545e-a8fa-d352e03b67ad,unit,"{""dataset_id"":""urn:uuid:661831b3-5b74-549b-be92-b84ce5992a88"",""id"":""urn:uuid:048fcd4e-3715-545e-a8fa-d352e03b67ad"",""normalized_state"":""candidate"",""owner_authority_id"":""urn:uuid:2c0d398e-59cd-57ca-9674-8120edd7d69c"",""owner_native_state"":""language_reviewed"",""payload"":{""body_prose_copied"":false,""course_id"":""A30"",""edition_id"":""urn:uuid:981f6a22-1980-5906-a410-b659bc69cadd"",""label"":""m49435"",""learner_route_state"":""explicit_unavailable"",""native_id"":""m49435"",""ordinal"":66,""owner_source_bytes"":357623,""owner_source_path"":""m49435/index.cnxml"",""owner_source_sha256"":""9fb8562e01949dab44c79513c56a498e2beeb264a4e68a6da8a6880aeba392b5"",""owner_target_bytes"":360512,""owner_target_path"":""m49435/index.cnxml"",""owner_target_sha256"":""eb5b17d8df96ed1367e8399af8eb371d5301cd9eef84fe85d930e61d3f3e35eb"",""title"":""Modul m49435"",""unit_url"":null},""record_type"":""unit"",""recorded_at"":""2026-09-07T00:00:00Z"",""semantic_key"":""a30:unit:m49435""}"
tables/units.jsonl,44,urn:uuid:0538843b-ce40-596b-b69e-fc9500682381,unit,"{""dataset_id"":""urn:uuid:661831b3-5b74-549b-be92-b84ce5992a88"",""id"":""urn:uuid:0538843b-ce40-596b-b69e-fc9500682381"",""normalized_state"":""candidate"",""owner_authority_id"":""urn:uuid:2c0d398e-59cd-57ca-9674-8120edd7d69c"",""owner_native_state"":""language_reviewed"",""payload"":{""body_prose_copied"":false,""course_id"":""A30"",""edition_id"":""urn:uuid:981f6a22-1980-5906-a410-b659bc69cadd"",""label"":""m49396"",""learner_route_state"":""explicit_unavailable"",""native_id"":""m49396"",""ordinal"":46,""owner_source_bytes"":230612,""owner_source_path"":""m49396/index.cnxml"",""owner_source_sha256"":""3ac803d81877dc0fb60f4a94ec5c17ec3b2df7b4eb033effd6845aed28d1b13e"",""owner_target_bytes"":232200,""owner_target_path"":""m49396/index.cnxml"",""owner_target_sha256"":""ced54382c745753457c2c0f2773b8f1aec44717af3eda90cc78c0f598fd9f9c2"",""title"":""Modul m49396"",""unit_url"":null},""record_type"":""unit"",""recorded_at"":""2026-09-07T00:00:00Z"",""semantic_key"":""a30:unit:m49396""}"
tables/units.jsonl,1,urn:uuid:05e8219c-4324-5cc5-b040-15dc99debf4a,unit,"{""dataset_id"":""urn:uuid:661831b3-5b74-549b-be92-b84ce5992a88"",""id"":""urn:uuid:05e8219c-4324-5cc5-b040-15dc99debf4a"",""normalized_state"":""candidate"",""owner_authority_id"":""urn:uuid:2c0d398e-59cd-57ca-9674-8120edd7d69c"",""owner_native_state"":""language_reviewed"",""payload"":{""body_prose_copied"":false,""course_id"":""A30"",""edition_id"":""urn:uuid:981f6a22-1980-5906-a410-b659bc69cadd"",""label"":""m49299"",""learner_route_state"":""explicit_unavailable"",""native_id"":""m49299"",""ordinal"":2,""owner_source_bytes"":1963,""owner_source_path"":""m49299/index.cnxml"",""owner_source_sha256"":""9539d32c4a802797ad1b350c8823bf105ece72bbffd64d8d006b3b3ef034e906"",""owner_target_bytes"":2249,""owner_target_path"":""m49299/index.cnxml"",""owner_target_sha256"":""298829ef88555d695b1dfec2ebac14ce787a2546ce964c04c16ca5ab79a76b7b"",""title"":""Modul m49299"",""unit_url"":null},""record_type"":""unit"",""recorded_at"":""2026-09-07T00:00:00Z"",""semantic_key"":""a30:unit:m49299""}"
tables/units.jsonl,3,urn:uuid:06530420-722c-53e9-8940-c5ee9f24a56e,unit,"{""dataset_id"":""urn:uuid:661831b3-5b74-549b-be92-b84ce5992a88"",""id"":""urn:uuid:06530420-722c-53e9-8940-c5ee9f24a56e"",""normalized_state"":""candidate"",""owner_authority_id"":""urn:uuid:2c0d398e-59cd-57ca-9674-8120edd7d69c"",""owner_native_state"":""language_reviewed"",""payload"":{""body_prose_copied"":false,""course_id"":""A30"",""edition_id"":""urn:uuid:981f6a22-1980-5906-a410-b659bc69cadd"",""label"":""m49304"",""learner_route_state"":""explicit_unavailable"",""native_id"":""m49304"",""ordinal"":4,""owner_source_bytes"":128270,""owner_source_path"":""m49304/index.cnxml"",""owner_source_sha256"":""b884c16482dc3cc3bc6f96ebc342ae934863f7aacd5eb39ec73c7a5f6a49f92c"",""owner_target_bytes"":135761,""owner_target_path"":""m49304/index.cnxml"",""owner_target_sha256"":""a341bb8c05830b95c865b18d64b186fc9a88a08640bbb12f030879faa90b7539"",""title"":""Modul m49304"",""unit_url"":null},""record_type"":""unit"",""recorded_at"":""2026-09-07T00:00:00Z"",""semantic_key"":""a30:unit:m49304""}"
tables/units.jsonl,63,urn:uuid:07b6a173-131e-52f5-8e31-9d26a538d751,unit,"{""dataset_id"":""urn:uuid:661831b3-5b74-549b-be92-b84ce5992a88"",""id"":""urn:uuid:07b6a173-131e-52f5-8e31-9d26a538d751"",""normalized_state"":""candidate"",""owner_authority_id"":""urn:uuid:2c0d398e-59cd-57ca-9674-8120edd7d69c"",""owner_native_state"":""language_reviewed"",""payload"":{""body_prose_copied"":false,""course_id"":""A30"",""edition_id"":""urn:uuid:981f6a22-1980-5906-a410-b659bc69cadd"",""label"":""m49434"",""learner_route_state"":""explicit_unavailable"",""native_id"":""m49434"",""ordinal"":65,""owner_source_bytes"":248927,""owner_source_path"":""m49434/index.cnxml"",""owner_source_sha256"":""97b425e131bf633f4eae72a37cbf406278dfe219692d2cbdd51121eb5b760d6f"",""owner_target_bytes"":252533,""owner_target_path"":""m49434/index.cnxml"",""owner_target_sha256"":""091c2f8082b5d60cde9f6bc02c0c584a83a6bb00507b9a57cbe369dab077976e"",""title"":""Modul m49434"",""unit_url"":null},""record_type"":""unit"",""recorded_at"":""2026-09-07T00:00:00Z"",""semantic_key"":""a30:unit:m49434""}"
tables/units.jsonl,17,urn:uuid:0c36d32c-f8a1-57bd-8101-cc92b303be62,unit,"{""dataset_id"":""urn:uuid:661831b3-5b74-549b-be92-b84ce5992a88"",""id"":""urn:uuid:0c36d32c-f8a1-57bd-8101-cc92b303be62"",""normalized_state"":""candidate"",""owner_authority_id"":""urn:uuid:2c0d398e-59cd-57ca-9674-8120edd7d69c"",""owner_native_state"":""language_reviewed"",""payload"":{""body_prose_copied"":false,""course_id"":""A30"",""edition_id"":""urn:uuid:981f6a22-1980-5906-a410-b659bc69cadd"",""label"":""m49347"",""learner_route_state"":""explicit_unavailable"",""native_id"":""m49347"",""ordinal"":19,""owner_source_bytes"":187926,""owner_source_path"":""m49347/index.cnxml"",""owner_source_sha256"":""5a0ac9ac9cca3251f449449a70a530b4dd532614cd2fba2a33c66cfaff47bf3f"",""owner_target_bytes"":193157,""owner_target_path"":""m49347/index.cnxml"",""owner_target_sha256"":""44fb270e589f1fe4c23ded8eab5aa0b9d2ff8baced8866ef2d4df5ed7365fc49"",""title"":""Modul m49347"",""unit_url"":null},""record_type"":""unit"",""recorded_at"":""2026-09-07T00:00:00Z"",""semantic_key"":""a30:unit:m49347""}"
tables/units.jsonl,8,urn:uuid:0d586bde-0c1f-5143-a045-e1b22d5fc6b2,unit,"{""dataset_id"":""urn:uuid:661831b3-5b74-549b-be92-b84ce5992a88"",""id"":""urn:uuid:0d586bde-0c1f-5143-a045-e1b22d5fc6b2"",""normalized_state"":""candidate"",""owner_authority_id"":""urn:uuid:2c0d398e-59cd-57ca-9674-8120edd7d69c"",""owner_native_state"":""language_reviewed"",""payload"":{""body_prose_copied"":false,""course_id"":""A30"",""edition_id"":""urn:uuid:981f6a22-1980-5906-a410-b659bc69cadd"",""label"":""m49320"",""learner_route_state"":""explicit_unavailable"",""native_id"":""m49320"",""ordinal"":9,""owner_source_bytes"":206647,""owner_source_path"":""m49320/index.cnxml"",""owner_source_sha256"":""ea72bbc8985a690e64628b5d00b5838e2b0fa464eec08a97a08c16c59e6ccb93"",""owner_target_bytes"":208899,""owner_target_path"":""m49320/index.cnxml"",""owner_target_sha256"":""589200a1257e44c309c44999740d838be8350eb29c648ba3222fe97de9f55e36"",""title"":""Modul m49320"",""unit_url"":null},""record_type"":""unit"",""recorded_at"":""2026-09-07T00:00:00Z"",""semantic_key"":""a30:unit:m49320""}"
tables/units.jsonl,31,urn:uuid:154e7129-115c-5c90-9b6a-c31a5064135c,unit,"{""dataset_id"":""urn:uuid:661831b3-5b74-549b-be92-b84ce5992a88"",""id"":""urn:uuid:154e7129-115c-5c90-9b6a-c31a5064135c"",""normalized_state"":""candidate"",""owner_authority_id"":""urn:uuid:2c0d398e-59cd-57ca-9674-8120edd7d69c"",""owner_native_state"":""language_reviewed"",""payload"":{""body_prose_copied"":false,""course_id"":""A30"",""edition_id"":""urn:uuid:981f6a22-1980-5906-a410-b659bc69cadd"",""label"":""m49368"",""learner_route_state"":""explicit_unavailable"",""native_id"":""m49368"",""ordinal"":33,""owner_source_bytes"":220336,""owner_source_path"":""m49368/index.cnxml"",""owner_source_sha256"":""7d2b7b342c1b5c32eca3a3874ee8a0649dcfb960fd9d0a81cf150ac60bc40f10"",""owner_target_bytes"":210606,""owner_target_path"":""m49368/index.cnxml"",""owner_target_sha256"":""3f3523254a9b1e9c615a5c7fc8cfabdb9ff6f6539564d19fc772d7b2a2c436b0"",""title"":""Modul m49368"",""unit_url"":null},""record_type"":""unit"",""recorded_at"":""2026-09-07T00:00:00Z"",""semantic_key"":""a30:unit:m49368""}"
tables/units.jsonl,46,urn:uuid:15eb1b22-a5a9-58c3-80a1-6d6f0030ad7d,unit,"{""dataset_id"":""urn:uuid:661831b3-5b74-549b-be92-b84ce5992a88"",""id"":""urn:uuid:15eb1b22-a5a9-58c3-80a1-6d6f0030ad7d"",""normalized_state"":""candidate"",""owner_authority_id"":""urn:uuid:2c0d398e-59cd-57ca-9674-8120edd7d69c"",""owner_native_state"":""language_reviewed"",""payload"":{""body_prose_copied"":false,""course_id"":""A30"",""edition_id"":""urn:uuid:981f6a22-1980-5906-a410-b659bc69cadd"",""label"":""m49398"",""learner_route_state"":""explicit_unavailable"",""native_id"":""m49398"",""ordinal"":48,""owner_source_bytes"":184807,""owner_source_path"":""m49398/index.cnxml"",""owner_source_sha256"":""bea40de87c9c0beb6555d8d6a29b59b133ee8f6836e324cf4f954ba2af1502b1"",""owner_target_bytes"":187042,""owner_target_path"":""m49398/index.cnxml"",""owner_target_sha256"":""600ab80be1acecba1befa5b966ab453e82b97bcf83704407092c69e50602c0d3"",""title"":""Modul m49398"",""unit_url"":null},""record_type"":""unit"",""recorded_at"":""2026-09-07T00:00:00Z"",""semantic_key"":""a30:unit:m49398""}"
tables/units.jsonl,56,urn:uuid:1a2fc92b-9056-5814-ac9e-947cda1a79ee,unit,"{""dataset_id"":""urn:uuid:661831b3-5b74-549b-be92-b84ce5992a88"",""id"":""urn:uuid:1a2fc92b-9056-5814-ac9e-947cda1a79ee"",""normalized_state"":""candidate"",""owner_authority_id"":""urn:uuid:2c0d398e-59cd-57ca-9674-8120edd7d69c"",""owner_native_state"":""language_reviewed"",""payload"":{""body_prose_copied"":false,""course_id"":""A30"",""edition_id"":""urn:uuid:981f6a22-1980-5906-a410-b659bc69cadd"",""label"":""m49412"",""learner_route_state"":""explicit_unavailable"",""native_id"":""m49412"",""ordinal"":58,""owner_source_bytes"":262974,""owner_source_path"":""m49412/index.cnxml"",""owner_source_sha256"":""16760071707bb1be77d13d3f5545b9debdbd31e0902fcbed0a0e3332900ff5ae"",""owner_target_bytes"":263485,""owner_target_path"":""m49412/index.cnxml"",""owner_target_sha256"":""84855fe63a32db0e205d199e2ac3ce867e3e859d36562dd250dcfdc4bbba3a41"",""title"":""Modul m49412"",""unit_url"":null},""record_type"":""unit"",""recorded_at"":""2026-09-07T00:00:00Z"",""semantic_key"":""a30:unit:m49412""}"
tables/units.jsonl,47,urn:uuid:1a70b144-a53a-587d-bd9e-9c56844c9e32,unit,"{""dataset_id"":""urn:uuid:661831b3-5b74-549b-be92-b84ce5992a88"",""id"":""urn:uuid:1a70b144-a53a-587d-bd9e-9c56844c9e32"",""normalized_state"":""candidate"",""owner_authority_id"":""urn:uuid:2c0d398e-59cd-57ca-9674-8120edd7d69c"",""owner_native_state"":""language_reviewed"",""payload"":{""body_prose_copied"":false,""course_id"":""A30"",""edition_id"":""urn:uuid:981f6a22-1980-5906-a410-b659bc69cadd"",""label"":""m49399"",""learner_route_state"":""explicit_unavailable"",""native_id"":""m49399"",""ordinal"":49,""owner_source_bytes"":283293,""owner_source_path"":""m49399/index.cnxml"",""owner_source_sha256"":""9211168fa400315837f46b8b9b9d0ead5ea3a9e1fff631b3858523c897229e67"",""owner_target_bytes"":284841,""owner_target_path"":""m49399/index.cnxml"",""owner_target_sha256"":""9de3e3d5fc4dc0dabcc74fc6b25c67ad880475a95a7ad374ed638aa329105420"",""title"":""Modul m49399"",""unit_url"":null},""record_type"":""unit"",""recorded_at"":""2026-09-07T00:00:00Z"",""semantic_key"":""a30:unit:m49399""}"
tables/units.jsonl,61,urn:uuid:1b01e44e-87f6-5815-9ebe-8cc1cb1b3eb5,unit,"{""dataset_id"":""urn:uuid:661831b3-5b74-549b-be92-b84ce5992a88"",""id"":""urn:uuid:1b01e44e-87f6-5815-9ebe-8cc1cb1b3eb5"",""normalized_state"":""candidate"",""owner_authority_id"":""urn:uuid:2c0d398e-59cd-57ca-9674-8120edd7d69c"",""owner_native_state"":""language_reviewed"",""payload"":{""body_prose_copied"":false,""course_id"":""A30"",""edition_id"":""urn:uuid:981f6a22-1980-5906-a410-b659bc69cadd"",""label"":""m49432"",""learner_route_state"":""explicit_unavailable"",""native_id"":""m49432"",""ordinal"":63,""owner_source_bytes"":202078,""owner_source_path"":""m49432/index.cnxml"",""owner_source_sha256"":""534724d24739789c342bee0f1a4a9dd0ee946261cf0101d701af55589f29faef"",""owner_target_bytes"":204073,""owner_target_path"":""m49432/index.cnxml"",""owner_target_sha256"":""7b48d918c4b078ee178baaa2ba05c14c445791718d0a5904fb3bb5b922b28386"",""title"":""Modul m49432"",""unit_url"":null},""record_type"":""unit"",""recorded_at"":""2026-09-07T00:00:00Z"",""semantic_key"":""a30:unit:m49432""}"
tables/units.jsonl,86,urn:uuid:1f16841e-3922-5971-9908-087daa6450fd,unit,"{""dataset_id"":""urn:uuid:661831b3-5b74-549b-be92-b84ce5992a88"",""id"":""urn:uuid:1f16841e-3922-5971-9908-087daa6450fd"",""normalized_state"":""candidate"",""owner_authority_id"":""urn:uuid:2c0d398e-59cd-57ca-9674-8120edd7d69c"",""owner_native_state"":""language_reviewed"",""payload"":{""body_prose_copied"":false,""course_id"":""A30"",""edition_id"":""urn:uuid:981f6a22-1980-5906-a410-b659bc69cadd"",""label"":""m50414"",""learner_route_state"":""explicit_unavailable"",""native_id"":""m50414"",""ordinal"":87,""owner_source_bytes"":31467,""owner_source_path"":""m50414/index.cnxml"",""owner_source_sha256"":""783db8140af97eeb52984caa4aa85b986fe6538356ef681493d3e99f9ee2128e"",""owner_target_bytes"":32574,""owner_target_path"":""m50414/index.cnxml"",""owner_target_sha256"":""c6cedf84fbbf4f07c34cd377a367d812da1806bd20895f21f59c222940ed18d9"",""title"":""Modul m50414"",""unit_url"":null},""record_type"":""unit"",""recorded_at"":""2026-09-07T00:00:00Z"",""semantic_key"":""a30:unit:m50414""}"
tables/units.jsonl,36,urn:uuid:23d47f52-4ae0-5be9-b461-a039f5def645,unit,"{""dataset_id"":""urn:uuid:661831b3-5b74-549b-be92-b84ce5992a88"",""id"":""urn:uuid:23d47f52-4ae0-5be9-b461-a039f5def645"",""normalized_state"":""candidate"",""owner_authority_id"":""urn:uuid:2c0d398e-59cd-57ca-9674-8120edd7d69c"",""owner_native_state"":""language_reviewed"",""payload"":{""body_prose_copied"":false,""course_id"":""A30"",""edition_id"":""urn:uuid:981f6a22-1980-5906-a410-b659bc69cadd"",""label"":""m49384"",""learner_route_state"":""explicit_unavailable"",""native_id"":""m49384"",""ordinal"":38,""owner_source_bytes"":126846,""owner_source_path"":""m49384/index.cnxml"",""owner_source_sha256"":""16e3c73bd05ae5bb4bad9356d79be0dd33d4f5192359cd90b52fb0eaf8658b4f"",""owner_target_bytes"":128425,""owner_target_path"":""m49384/index.cnxml"",""owner_target_sha256"":""e236527df4d68552687b2ebbdcac6bf629f1dfc4fa41e374c74fb62e6e8863b2"",""title"":""Modul m49384"",""unit_url"":null},""record_type"":""unit"",""recorded_at"":""2026-09-07T00:00:00Z"",""semantic_key"":""a30:unit:m49384""}"
tables/units.jsonl,83,urn:uuid:2a7c6bec-581c-5c4e-93af-8b70476534e1,unit,"{""dataset_id"":""urn:uuid:661831b3-5b74-549b-be92-b84ce5992a88"",""id"":""urn:uuid:2a7c6bec-581c-5c4e-93af-8b70476534e1"",""normalized_state"":""candidate"",""owner_authority_id"":""urn:uuid:2c0d398e-59cd-57ca-9674-8120edd7d69c"",""owner_native_state"":""language_reviewed"",""payload"":{""body_prose_copied"":false,""course_id"":""A30"",""edition_id"":""urn:uuid:981f6a22-1980-5906-a410-b659bc69cadd"",""label"":""m49454"",""learner_route_state"":""explicit_unavailable"",""native_id"":""m49454"",""ordinal"":85,""owner_source_bytes"":144044,""owner_source_path"":""m49454/index.cnxml"",""owner_source_sha256"":""d576f7864c36b84b246a199b4c2b35c38a5c575b44a266e53f8ebd4f29f0a5ba"",""owner_target_bytes"":144349,""owner_target_path"":""m49454/index.cnxml"",""owner_target_sha256"":""38a7a73691541a8146d0119258f0c80169dfcf2d859f64e194e2850449d7e83c"",""title"":""Modul m49454"",""unit_url"":null},""record_type"":""unit"",""recorded_at"":""2026-09-07T00:00:00Z"",""semantic_key"":""a30:unit:m49454""}"
tables/units.jsonl,75,urn:uuid:2bd5567f-eae9-5251-a5a8-be9d0cff94da,unit,"{""dataset_id"":""urn:uuid:661831b3-5b74-549b-be92-b84ce5992a88"",""id"":""urn:uuid:2bd5567f-eae9-5251-a5a8-be9d0cff94da"",""normalized_state"":""candidate"",""owner_authority_id"":""urn:uuid:2c0d398e-59cd-57ca-9674-8120edd7d69c"",""owner_native_state"":""language_reviewed"",""payload"":{""body_prose_copied"":false,""course_id"":""A30"",""edition_id"":""urn:uuid:981f6a22-1980-5906-a410-b659bc69cadd"",""label"":""m49446"",""learner_route_state"":""explicit_unavailable"",""native_id"":""m49446"",""ordinal"":77,""owner_source_bytes"":112514,""owner_source_path"":""m49446/index.cnxml"",""owner_source_sha256"":""447ab1761c7a2845b48af9711291244004d056c1209cb38398673839f6329ec5"",""owner_target_bytes"":113368,""owner_target_path"":""m49446/index.cnxml"",""owner_target_sha256"":""6973c48dfe3964e2b219f554d86bb1ab2cd70ec49e9828096c35819431ca279f"",""title"":""Modul m49446"",""unit_url"":null},""record_type"":""unit"",""recorded_at"":""2026-09-07T00:00:00Z"",""semantic_key"":""a30:unit:m49446""}"
tables/units.jsonl,54,urn:uuid:2dceff21-cedd-5e89-92c7-7f86d365b36b,unit,"{""dataset_id"":""urn:uuid:661831b3-5b74-549b-be92-b84ce5992a88"",""id"":""urn:uuid:2dceff21-cedd-5e89-92c7-7f86d365b36b"",""normalized_state"":""candidate"",""owner_authority_id"":""urn:uuid:2c0d398e-59cd-57ca-9674-8120edd7d69c"",""owner_native_state"":""language_reviewed"",""payload"":{""body_prose_copied"":false,""course_id"":""A30"",""edition_id"":""urn:uuid:981f6a22-1980-5906-a410-b659bc69cadd"",""label"":""m49409"",""learner_route_state"":""explicit_unavailable"",""native_id"":""m49409"",""ordinal"":56,""owner_source_bytes"":146586,""owner_source_path"":""m49409/index.cnxml"",""owner_source_sha256"":""f18aba1f87276e229883ce3786c474b0f11ba870792615e9be3988d6d3323516"",""owner_target_bytes"":147500,""owner_target_path"":""m49409/index.cnxml"",""owner_target_sha256"":""5465d17dbabfdffecd8a6e94ea1aed86de42b9523c19a02100f50ab2a57fd580"",""title"":""Modul m49409"",""unit_url"":null},""record_type"":""unit"",""recorded_at"":""2026-09-07T00:00:00Z"",""semantic_key"":""a30:unit:m49409""}"
tables/units.jsonl,14,urn:uuid:2e0e3417-7777-5090-8880-0c35c155829b,unit,"{""dataset_id"":""urn:uuid:661831b3-5b74-549b-be92-b84ce5992a88"",""id"":""urn:uuid:2e0e3417-7777-5090-8880-0c35c155829b"",""normalized_state"":""candidate"",""owner_authority_id"":""urn:uuid:2c0d398e-59cd-57ca-9674-8120edd7d69c"",""owner_native_state"":""language_reviewed"",""payload"":{""body_prose_copied"":false,""course_id"":""A30"",""edition_id"":""urn:uuid:981f6a22-1980-5906-a410-b659bc69cadd"",""label"":""m49335"",""learner_route_state"":""explicit_unavailable"",""native_id"":""m49335"",""ordinal"":16,""owner_source_bytes"":105920,""owner_source_path"":""m49335/index.cnxml"",""owner_source_sha256"":""67eae9bd4d699a78e17b316b56f39ae77b0d59d5b8c0dc78bb1e604ce444c8d5"",""owner_target_bytes"":107968,""owner_target_path"":""m49335/index.cnxml"",""owner_target_sha256"":""b790a51c4eac9471ba9a844cd36e189dbecbe00a4e3a41b9c6e5788a348f71a1"",""title"":""Modul m49335"",""unit_url"":null},""record_type"":""unit"",""recorded_at"":""2026-09-07T00:00:00Z"",""semantic_key"":""a30:unit:m49335""}"
tables/units.jsonl,57,urn:uuid:33b0d7e6-9364-5a52-a162-84d1f5cc498a,unit,"{""dataset_id"":""urn:uuid:661831b3-5b74-549b-be92-b84ce5992a88"",""id"":""urn:uuid:33b0d7e6-9364-5a52-a162-84d1f5cc498a"",""normalized_state"":""candidate"",""owner_authority_id"":""urn:uuid:2c0d398e-59cd-57ca-9674-8120edd7d69c"",""owner_native_state"":""language_reviewed"",""payload"":{""body_prose_copied"":false,""course_id"":""A30"",""edition_id"":""urn:uuid:981f6a22-1980-5906-a410-b659bc69cadd"",""label"":""m49418"",""learner_route_state"":""explicit_unavailable"",""native_id"":""m49418"",""ordinal"":59,""owner_source_bytes"":4609,""owner_source_path"":""m49418/index.cnxml"",""owner_source_sha256"":""e1ab64393d9d1be72b3bdea15d667a4b4dd82255b8ce43738d410dc0d82d0910"",""owner_target_bytes"":5010,""owner_target_path"":""m49418/index.cnxml"",""owner_target_sha256"":""eb96a44f8ae7f0f8b1a8e99948329b02725d8d2f0aedecd6a669a4a6c31dcf72"",""title"":""Modul m49418"",""unit_url"":null},""record_type"":""unit"",""recorded_at"":""2026-09-07T00:00:00Z"",""semantic_key"":""a30:unit:m49418""}"
tables/units.jsonl,74,urn:uuid:35f9afc5-a98f-5b38-92fe-b469abc67eb2,unit,"{""dataset_id"":""urn:uuid:661831b3-5b74-549b-be92-b84ce5992a88"",""id"":""urn:uuid:35f9afc5-a98f-5b38-92fe-b469abc67eb2"",""normalized_state"":""candidate"",""owner_authority_id"":""urn:uuid:2c0d398e-59cd-57ca-9674-8120edd7d69c"",""owner_native_state"":""language_reviewed"",""payload"":{""body_prose_copied"":false,""course_id"":""A30"",""edition_id"":""urn:uuid:981f6a22-1980-5906-a410-b659bc69cadd"",""label"":""m49445"",""learner_route_state"":""explicit_unavailable"",""native_id"":""m49445"",""ordinal"":76,""owner_source_bytes"":124828,""owner_source_path"":""m49445/index.cnxml"",""owner_source_sha256"":""7bc2719ed6f8338a7d76d7b082e22f00d16ae27a1cf7b5127624ef18564178de"",""owner_target_bytes"":125667,""owner_target_path"":""m49445/index.cnxml"",""owner_target_sha256"":""d35d8dd48310d2627a79057dfccdfa84c4cd26fb1a60545902cf05616c8d1fa6"",""title"":""Modul m49445"",""unit_url"":null},""record_type"":""unit"",""recorded_at"":""2026-09-07T00:00:00Z"",""semantic_key"":""a30:unit:m49445""}"
tables/units.jsonl,38,urn:uuid:36e75bb7-7902-5d63-a7a1-bb5a1d16e520,unit,"{""dataset_id"":""urn:uuid:661831b3-5b74-549b-be92-b84ce5992a88"",""id"":""urn:uuid:36e75bb7-7902-5d63-a7a1-bb5a1d16e520"",""normalized_state"":""candidate"",""owner_authority_id"":""urn:uuid:2c0d398e-59cd-57ca-9674-8120edd7d69c"",""owner_native_state"":""language_reviewed"",""payload"":{""body_prose_copied"":false,""course_id"":""A30"",""edition_id"":""urn:uuid:981f6a22-1980-5906-a410-b659bc69cadd"",""label"":""m49387"",""learner_route_state"":""explicit_unavailable"",""native_id"":""m49387"",""ordinal"":40,""owner_source_bytes"":160667,""owner_source_path"":""m49387/index.cnxml"",""owner_source_sha256"":""b5b272b9da0e191a539f578c6b20cceba669d48fffc9c9e7078d0d90cd15dc3d"",""owner_target_bytes"":161152,""owner_target_path"":""m49387/index.cnxml"",""owner_target_sha256"":""90a26755845640f304b5136b80a753a5cf81836718c4b94b67f8ffc7cb1052a3"",""title"":""Modul m49387"",""unit_url"":null},""record_type"":""unit"",""recorded_at"":""2026-09-07T00:00:00Z"",""semantic_key"":""a30:unit:m49387""}"
tables/units.jsonl,33,urn:uuid:3a57dc28-4b62-524c-b721-f1849261340f,unit,"{""dataset_id"":""urn:uuid:661831b3-5b74-549b-be92-b84ce5992a88"",""id"":""urn:uuid:3a57dc28-4b62-524c-b721-f1849261340f"",""normalized_state"":""candidate"",""owner_authority_id"":""urn:uuid:2c0d398e-59cd-57ca-9674-8120edd7d69c"",""owner_native_state"":""language_reviewed"",""payload"":{""body_prose_copied"":false,""course_id"":""A30"",""edition_id"":""urn:uuid:981f6a22-1980-5906-a410-b659bc69cadd"",""label"":""m49371"",""learner_route_state"":""explicit_unavailable"",""native_id"":""m49371"",""ordinal"":35,""owner_source_bytes"":138269,""owner_source_path"":""m49371/index.cnxml"",""owner_source_sha256"":""7a1b27d6d178b0a7f89b3b3252f7f440f12a1e60d7e9a08c59c7407a92b4ef3a"",""owner_target_bytes"":141126,""owner_target_path"":""m49371/index.cnxml"",""owner_target_sha256"":""05a515031fb879a327a6fe60d7fe93f172dd48b759e96acf7d781dd0c1faba06"",""title"":""Modul m49371"",""unit_url"":null},""record_type"":""unit"",""recorded_at"":""2026-09-07T00:00:00Z"",""semantic_key"":""a30:unit:m49371""}"
tables/units.jsonl,18,urn:uuid:3bfffa92-800f-5f99-b293-3967c0fedf2b,unit,"{""dataset_id"":""urn:uuid:661831b3-5b74-549b-be92-b84ce5992a88"",""id"":""urn:uuid:3bfffa92-800f-5f99-b293-3967c0fedf2b"",""normalized_state"":""candidate"",""owner_authority_id"":""urn:uuid:2c0d398e-59cd-57ca-9674-8120edd7d69c"",""owner_native_state"":""language_reviewed"",""payload"":{""body_prose_copied"":false,""course_id"":""A30"",""edition_id"":""urn:uuid:981f6a22-1980-5906-a410-b659bc69cadd"",""label"":""m49348"",""learner_route_state"":""explicit_unavailable"",""native_id"":""m49348"",""ordinal"":20,""owner_source_bytes"":108241,""owner_source_path"":""m49348/index.cnxml"",""owner_source_sha256"":""7123b63ff87836ed9de9fdc289a82da865d293ccdf75aa1a86287526372f71c8"",""owner_target_bytes"":110287,""owner_target_path"":""m49348/index.cnxml"",""owner_target_sha256"":""257028b078a33f55e14de3a3495d29946c4a384c59010ed7e29dea19d96c6a15"",""title"":""Modul m49348"",""unit_url"":null},""record_type"":""unit"",""recorded_at"":""2026-09-07T00:00:00Z"",""semantic_key"":""a30:unit:m49348""}"
tables/units.jsonl,72,urn:uuid:3d174fe0-4210-5293-80f3-a395b864a336,unit,"{""dataset_id"":""urn:uuid:661831b3-5b74-549b-be92-b84ce5992a88"",""id"":""urn:uuid:3d174fe0-4210-5293-80f3-a395b864a336"",""normalized_state"":""candidate"",""owner_authority_id"":""urn:uuid:2c0d398e-59cd-57ca-9674-8120edd7d69c"",""owner_native_state"":""language_reviewed"",""payload"":{""body_prose_copied"":false,""course_id"":""A30"",""edition_id"":""urn:uuid:981f6a22-1980-5906-a410-b659bc69cadd"",""label"":""m49443"",""learner_route_state"":""explicit_unavailable"",""native_id"":""m49443"",""ordinal"":74,""owner_source_bytes"":1901,""owner_source_path"":""m49443/index.cnxml"",""owner_source_sha256"":""320b377ef5bc58d9d812889123919eb3635658ead59f9551ed1486cd81bd43df"",""owner_target_bytes"":2142,""owner_target_path"":""m49443/index.cnxml"",""owner_target_sha256"":""84535594084a5d47f50320522944515d50b66229504ca8a14b0106c7f3563308"",""title"":""Modul m49443"",""unit_url"":null},""record_type"":""unit"",""recorded_at"":""2026-09-07T00:00:00Z"",""semantic_key"":""a30:unit:m49443""}"
tables/units.jsonl,50,urn:uuid:3f7521af-414a-52c9-9030-8e317a19ae40,unit,"{""dataset_id"":""urn:uuid:661831b3-5b74-549b-be92-b84ce5992a88"",""id"":""urn:uuid:3f7521af-414a-52c9-9030-8e317a19ae40"",""normalized_state"":""candidate"",""owner_authority_id"":""urn:uuid:2c0d398e-59cd-57ca-9674-8120edd7d69c"",""owner_native_state"":""language_reviewed"",""payload"":{""body_prose_copied"":false,""course_id"":""A30"",""edition_id"":""urn:uuid:981f6a22-1980-5906-a410-b659bc69cadd"",""label"":""m49405"",""learner_route_state"":""explicit_unavailable"",""native_id"":""m49405"",""ordinal"":52,""owner_source_bytes"":115244,""owner_source_path"":""m49405/index.cnxml"",""owner_source_sha256"":""87f7460e0454b6046dbae9b7a7875cae995ab65c0f8b2c02a9341d66fd0e56ce"",""owner_target_bytes"":118749,""owner_target_path"":""m49405/index.cnxml"",""owner_target_sha256"":""ad0a0305f605b2d3caf5ffeca73c0bc5d9668e250dde80ba6fe632cd95055312"",""title"":""Modul m49405"",""unit_url"":null},""record_type"":""unit"",""recorded_at"":""2026-09-07T00:00:00Z"",""semantic_key"":""a30:unit:m49405""}"
tables/units.jsonl,10,urn:uuid:4113cbee-2d8d-5844-8304-4ca58366b639,unit,"{""dataset_id"":""urn:uuid:661831b3-5b74-549b-be92-b84ce5992a88"",""id"":""urn:uuid:4113cbee-2d8d-5844-8304-4ca58366b639"",""normalized_state"":""candidate"",""owner_authority_id"":""urn:uuid:2c0d398e-59cd-57ca-9674-8120edd7d69c"",""owner_native_state"":""language_reviewed"",""payload"":{""body_prose_copied"":false,""course_id"":""A30"",""edition_id"":""urn:uuid:981f6a22-1980-5906-a410-b659bc69cadd"",""label"":""m49324"",""learner_route_state"":""explicit_unavailable"",""native_id"":""m49324"",""ordinal"":11,""owner_source_bytes"":165705,""owner_source_path"":""m49324/index.cnxml"",""owner_source_sha256"":""db87d66cfbe4b0058b30cf91bae829b7202c0c0579bcf942a4f1c35135c822aa"",""owner_target_bytes"":168053,""owner_target_path"":""m49324/index.cnxml"",""owner_target_sha256"":""748d285189c80dcd7d5c098c829850d513a0489fc4ee5bfc9194eff6b5a910f2"",""title"":""Modul m49324"",""unit_url"":null},""record_type"":""unit"",""recorded_at"":""2026-09-07T00:00:00Z"",""semantic_key"":""a30:unit:m49324""}"
tables/units.jsonl,4,urn:uuid:42cf8d80-f09b-5bd9-be2a-1df0178f2c41,unit,"{""dataset_id"":""urn:uuid:661831b3-5b74-549b-be92-b84ce5992a88"",""id"":""urn:uuid:42cf8d80-f09b-5bd9-be2a-1df0178f2c41"",""normalized_state"":""candidate"",""owner_authority_id"":""urn:uuid:2c0d398e-59cd-57ca-9674-8120edd7d69c"",""owner_native_state"":""language_reviewed"",""payload"":{""body_prose_copied"":false,""course_id"":""A30"",""edition_id"":""urn:uuid:981f6a22-1980-5906-a410-b659bc69cadd"",""label"":""m49306"",""learner_route_state"":""explicit_unavailable"",""native_id"":""m49306"",""ordinal"":5,""owner_source_bytes"":116038,""owner_source_path"":""m49306/index.cnxml"",""owner_source_sha256"":""87e3bea0a14b4f487e0a5428b8138a644b0630b692d02c5a0e348e26ae3e6806"",""owner_target_bytes"":119287,""owner_target_path"":""m49306/index.cnxml"",""owner_target_sha256"":""d14cddfd180339f2958f47d66e30c90709c2119c3f2074165d3bf5c4dfef6c9e"",""title"":""Modul m49306"",""unit_url"":null},""record_type"":""unit"",""recorded_at"":""2026-09-07T00:00:00Z"",""semantic_key"":""a30:unit:m49306""}"
tables/units.jsonl,29,urn:uuid:4597ebfd-ed2c-5d41-9295-60d75f28bb67,unit,"{""dataset_id"":""urn:uuid:661831b3-5b74-549b-be92-b84ce5992a88"",""id"":""urn:uuid:4597ebfd-ed2c-5d41-9295-60d75f28bb67"",""normalized_state"":""candidate"",""owner_authority_id"":""urn:uuid:2c0d398e-59cd-57ca-9674-8120edd7d69c"",""owner_native_state"":""language_reviewed"",""payload"":{""body_prose_copied"":false,""course_id"":""A30"",""edition_id"":""urn:uuid:981f6a22-1980-5906-a410-b659bc69cadd"",""label"":""m49366"",""learner_route_state"":""explicit_unavailable"",""native_id"":""m49366"",""ordinal"":31,""owner_source_bytes"":171852,""owner_source_path"":""m49366/index.cnxml"",""owner_source_sha256"":""07444c4b8e645421f3321b614847ed476ceaaae58cd836fcb38e0d1a76605d0c"",""owner_target_bytes"":178256,""owner_target_path"":""m49366/index.cnxml"",""owner_target_sha256"":""3cf275456bef34d78d28f206c8b38049f76b8eb0e4180468d2585c389d0c72e4"",""title"":""Modul m49366"",""unit_url"":null},""record_type"":""unit"",""recorded_at"":""2026-09-07T00:00:00Z"",""semantic_key"":""a30:unit:m49366""}"
tables/units.jsonl,35,urn:uuid:57746624-df8f-5cc0-a84c-00212cf95831,unit,"{""dataset_id"":""urn:uuid:661831b3-5b74-549b-be92-b84ce5992a88"",""id"":""urn:uuid:57746624-df8f-5cc0-a84c-00212cf95831"",""normalized_state"":""candidate"",""owner_authority_id"":""urn:uuid:2c0d398e-59cd-57ca-9674-8120edd7d69c"",""owner_native_state"":""language_reviewed"",""payload"":{""body_prose_copied"":false,""course_id"":""A30"",""edition_id"":""urn:uuid:981f6a22-1980-5906-a410-b659bc69cadd"",""label"":""m49374"",""learner_route_state"":""explicit_unavailable"",""native_id"":""m49374"",""ordinal"":37,""owner_source_bytes"":172416,""owner_source_path"":""m49374/index.cnxml"",""owner_source_sha256"":""71dd34da0ae68ed1f0be7d668d2e0c7406836900599baac85f49185f406b5479"",""owner_target_bytes"":173836,""owner_target_path"":""m49374/index.cnxml"",""owner_target_sha256"":""56a6d2b3523e4bd1e1c2bc64713bdf6a686753d2a9674872a5887809ac205fef"",""title"":""Modul m49374"",""unit_url"":null},""record_type"":""unit"",""recorded_at"":""2026-09-07T00:00:00Z"",""semantic_key"":""a30:unit:m49374""}"
tables/units.jsonl,68,urn:uuid:5f04c961-8266-59f1-84e4-01aa84ba4431,unit,"{""dataset_id"":""urn:uuid:661831b3-5b74-549b-be92-b84ce5992a88"",""id"":""urn:uuid:5f04c961-8266-59f1-84e4-01aa84ba4431"",""normalized_state"":""candidate"",""owner_authority_id"":""urn:uuid:2c0d398e-59cd-57ca-9674-8120edd7d69c"",""owner_native_state"":""language_reviewed"",""payload"":{""body_prose_copied"":false,""course_id"":""A30"",""edition_id"":""urn:uuid:981f6a22-1980-5906-a410-b659bc69cadd"",""label"":""m49439"",""learner_route_state"":""explicit_unavailable"",""native_id"":""m49439"",""ordinal"":70,""owner_source_bytes"":239923,""owner_source_path"":""m49439/index.cnxml"",""owner_source_sha256"":""f202b645610d2b3d6d52ecbcee83f4f95c67b6d77a633d626efb88eb18286918"",""owner_target_bytes"":242146,""owner_target_path"":""m49439/index.cnxml"",""owner_target_sha256"":""f4fea121cbe2690e6b3dbb43b4c07cf85559eb475049516a58e837f11d83eb25"",""title"":""Modul m49439"",""unit_url"":null},""record_type"":""unit"",""recorded_at"":""2026-09-07T00:00:00Z"",""semantic_key"":""a30:unit:m49439""}"
tables/units.jsonl,28,urn:uuid:62698e31-22cf-5c53-9d05-e729554524a8,unit,"{""dataset_id"":""urn:uuid:661831b3-5b74-549b-be92-b84ce5992a88"",""id"":""urn:uuid:62698e31-22cf-5c53-9d05-e729554524a8"",""normalized_state"":""candidate"",""owner_authority_id"":""urn:uuid:2c0d398e-59cd-57ca-9674-8120edd7d69c"",""owner_native_state"":""language_reviewed"",""payload"":{""body_prose_copied"":false,""course_id"":""A30"",""edition_id"":""urn:uuid:981f6a22-1980-5906-a410-b659bc69cadd"",""label"":""m49365"",""learner_route_state"":""explicit_unavailable"",""native_id"":""m49365"",""ordinal"":30,""owner_source_bytes"":185095,""owner_source_path"":""m49365/index.cnxml"",""owner_source_sha256"":""c0c1906eef6898d2ab903be6cb10e79c1722f6fc135e1f9c98ca5c512bb9ccd3"",""owner_target_bytes"":190593,""owner_target_path"":""m49365/index.cnxml"",""owner_target_sha256"":""dd6854db70908346f04820be970f5f256cf7664da83c4e7a3c7fe07eaf285c1b"",""title"":""Modul m49365"",""unit_url"":null},""record_type"":""unit"",""recorded_at"":""2026-09-07T00:00:00Z"",""semantic_key"":""a30:unit:m49365""}"
tables/units.jsonl,9,urn:uuid:63c6c031-ac9e-5bf8-8382-99e6a47ab739,unit,"{""dataset_id"":""urn:uuid:661831b3-5b74-549b-be92-b84ce5992a88"",""id"":""urn:uuid:63c6c031-ac9e-5bf8-8382-99e6a47ab739"",""normalized_state"":""candidate"",""owner_authority_id"":""urn:uuid:2c0d398e-59cd-57ca-9674-8120edd7d69c"",""owner_native_state"":""language_reviewed"",""payload"":{""body_prose_copied"":false,""course_id"":""A30"",""edition_id"":""urn:uuid:981f6a22-1980-5906-a410-b659bc69cadd"",""label"":""m49321"",""learner_route_state"":""explicit_unavailable"",""native_id"":""m49321"",""ordinal"":10,""owner_source_bytes"":1829,""owner_source_path"":""m49321/index.cnxml"",""owner_source_sha256"":""6d26c96d6f4dc62b0772984b8433045a797c11b8e265efc5ff8dad5eb792eed5"",""owner_target_bytes"":1935,""owner_target_path"":""m49321/index.cnxml"",""owner_target_sha256"":""c86ea085857df82c759df77d8765c7e4610a75cc2e3693c8e1e0beb5444220ec"",""title"":""Modul m49321"",""unit_url"":null},""record_type"":""unit"",""recorded_at"":""2026-09-07T00:00:00Z"",""semantic_key"":""a30:unit:m49321""}"
tables/units.jsonl,60,urn:uuid:64c13dad-b40b-59e7-a36a-27ceee33951b,unit,"{""dataset_id"":""urn:uuid:661831b3-5b74-549b-be92-b84ce5992a88"",""id"":""urn:uuid:64c13dad-b40b-59e7-a36a-27ceee33951b"",""normalized_state"":""candidate"",""owner_authority_id"":""urn:uuid:2c0d398e-59cd-57ca-9674-8120edd7d69c"",""owner_native_state"":""language_reviewed"",""payload"":{""body_prose_copied"":false,""course_id"":""A30"",""edition_id"":""urn:uuid:981f6a22-1980-5906-a410-b659bc69cadd"",""label"":""m49431"",""learner_route_state"":""explicit_unavailable"",""native_id"":""m49431"",""ordinal"":62,""owner_source_bytes"":152794,""owner_source_path"":""m49431/index.cnxml"",""owner_source_sha256"":""3601eacd088c27bfe7c773010062c94e30c9d988d5118ba92242bdd37cd5fd14"",""owner_target_bytes"":156122,""owner_target_path"":""m49431/index.cnxml"",""owner_target_sha256"":""305da3f1d22080566940afcb3ac3ea8c78e2f05012cfe56d116c1c1942bb6db3"",""title"":""Modul m49431"",""unit_url"":null},""record_type"":""unit"",""recorded_at"":""2026-09-07T00:00:00Z"",""semantic_key"":""a30:unit:m49431""}"
tables/units.jsonl,5,urn:uuid:6be2cf9f-9951-554b-bd55-1f8ed50242b7,unit,"{""dataset_id"":""urn:uuid:661831b3-5b74-549b-be92-b84ce5992a88"",""id"":""urn:uuid:6be2cf9f-9951-554b-bd55-1f8ed50242b7"",""normalized_state"":""candidate"",""owner_authority_id"":""urn:uuid:2c0d398e-59cd-57ca-9674-8120edd7d69c"",""owner_native_state"":""language_reviewed"",""payload"":{""body_prose_copied"":false,""course_id"":""A30"",""edition_id"":""urn:uuid:981f6a22-1980-5906-a410-b659bc69cadd"",""label"":""m49308"",""learner_route_state"":""explicit_unavailable"",""native_id"":""m49308"",""ordinal"":6,""owner_source_bytes"":190343,""owner_source_path"":""m49308/index.cnxml"",""owner_source_sha256"":""8e463e13c840a2772f75b1fc9380451bea746c1948bc5b660bb2aea677928a81"",""owner_target_bytes"":192135,""owner_target_path"":""m49308/index.cnxml"",""owner_target_sha256"":""48d9b3569901687035e65fe6841b8de52b80d9c9edc3eb3209a62cb468eccebf"",""title"":""Modul m49308"",""unit_url"":null},""record_type"":""unit"",""recorded_at"":""2026-09-07T00:00:00Z"",""semantic_key"":""a30:unit:m49308""}"
tables/units.jsonl,70,urn:uuid:6bef4602-aa3f-5537-b8e6-083ce166e5cf,unit,"{""dataset_id"":""urn:uuid:661831b3-5b74-549b-be92-b84ce5992a88"",""id"":""urn:uuid:6bef4602-aa3f-5537-b8e6-083ce166e5cf"",""normalized_state"":""candidate"",""owner_authority_id"":""urn:uuid:2c0d398e-59cd-57ca-9674-8120edd7d69c"",""owner_native_state"":""language_reviewed"",""payload"":{""body_prose_copied"":false,""course_id"":""A30"",""edition_id"":""urn:uuid:981f6a22-1980-5906-a410-b659bc69cadd"",""label"":""m49441"",""learner_route_state"":""explicit_unavailable"",""native_id"":""m49441"",""ordinal"":72,""owner_source_bytes"":241557,""owner_source_path"":""m49441/index.cnxml"",""owner_source_sha256"":""d772bd955269f294ad433abb0d9b09fc0d9052cd929cbc13a6751e748e769ff9"",""owner_target_bytes"":243762,""owner_target_path"":""m49441/index.cnxml"",""owner_target_sha256"":""397a36af085206e92db38a532fb98a3b3761ca2c0a81999d99bd090cd2ec51a1"",""title"":""Modul m49441"",""unit_url"":null},""record_type"":""unit"",""recorded_at"":""2026-09-07T00:00:00Z"",""semantic_key"":""a30:unit:m49441""}"
tables/units.jsonl,23,urn:uuid:6f0f502d-52c9-5323-b266-c7372fbca0de,unit,"{""dataset_id"":""urn:uuid:661831b3-5b74-549b-be92-b84ce5992a88"",""id"":""urn:uuid:6f0f502d-52c9-5323-b266-c7372fbca0de"",""normalized_state"":""candidate"",""owner_authority_id"":""urn:uuid:2c0d398e-59cd-57ca-9674-8120edd7d69c"",""owner_native_state"":""language_reviewed"",""payload"":{""body_prose_copied"":false,""course_id"":""A30"",""edition_id"":""urn:uuid:981f6a22-1980-5906-a410-b659bc69cadd"",""label"":""m49356"",""learner_route_state"":""explicit_unavailable"",""native_id"":""m49356"",""ordinal"":25,""owner_source_bytes"":4079,""owner_source_path"":""m49356/index.cnxml"",""owner_source_sha256"":""984614358d7e4418b0ae7fcf26e150f3bd5a0f0417636a1520741ea364c365eb"",""owner_target_bytes"":4403,""owner_target_path"":""m49356/index.cnxml"",""owner_target_sha256"":""288c64451008c3814e52e3c6f799639fa170c85116fe95b4348221367069920a"",""title"":""Modul m49356"",""unit_url"":null},""record_type"":""unit"",""recorded_at"":""2026-09-07T00:00:00Z"",""semantic_key"":""a30:unit:m49356""}"
tables/units.jsonl,65,urn:uuid:724a9f93-39da-554e-84a7-d8ad646cf825,unit,"{""dataset_id"":""urn:uuid:661831b3-5b74-549b-be92-b84ce5992a88"",""id"":""urn:uuid:724a9f93-39da-554e-84a7-d8ad646cf825"",""normalized_state"":""candidate"",""owner_authority_id"":""urn:uuid:2c0d398e-59cd-57ca-9674-8120edd7d69c"",""owner_native_state"":""language_reviewed"",""payload"":{""body_prose_copied"":false,""course_id"":""A30"",""edition_id"":""urn:uuid:981f6a22-1980-5906-a410-b659bc69cadd"",""label"":""m49436"",""learner_route_state"":""explicit_unavailable"",""native_id"":""m49436"",""ordinal"":67,""owner_source_bytes"":299087,""owner_source_path"":""m49436/index.cnxml"",""owner_source_sha256"":""8b019287dde63a899203d5033d97780d26817fe1631161b90359f7419bc94fba"",""owner_target_bytes"":301293,""owner_target_path"":""m49436/index.cnxml"",""owner_target_sha256"":""acfd6653480f27ca06033aec9787c66e9c5cd67791efffe6cb746dc7a6347d35"",""title"":""Modul m49436"",""unit_url"":null},""record_type"":""unit"",""recorded_at"":""2026-09-07T00:00:00Z"",""semantic_key"":""a30:unit:m49436""}"
tables/units.jsonl,40,urn:uuid:74f3794c-fea8-54cc-b601-303fd6d15444,unit,"{""dataset_id"":""urn:uuid:661831b3-5b74-549b-be92-b84ce5992a88"",""id"":""urn:uuid:74f3794c-fea8-54cc-b601-303fd6d15444"",""normalized_state"":""candidate"",""owner_authority_id"":""urn:uuid:2c0d398e-59cd-57ca-9674-8120edd7d69c"",""owner_native_state"":""language_reviewed"",""payload"":{""body_prose_copied"":false,""course_id"":""A30"",""edition_id"":""urn:uuid:981f6a22-1980-5906-a410-b659bc69cadd"",""label"":""m49390"",""learner_route_state"":""explicit_unavailable"",""native_id"":""m49390"",""ordinal"":42,""owner_source_bytes"":239182,""owner_source_path"":""m49390/index.cnxml"",""owner_source_sha256"":""97c66042d3d978a570d83efdfdadffeafc00cd9e4145f29c54c87124aa724d53"",""owner_target_bytes"":239594,""owner_target_path"":""m49390/index.cnxml"",""owner_target_sha256"":""d1e8b2640fb8f9d59948b074dd901524adb6a4e1502c7244d7142375e7f39dda"",""title"":""Modul m49390"",""unit_url"":null},""record_type"":""unit"",""recorded_at"":""2026-09-07T00:00:00Z"",""semantic_key"":""a30:unit:m49390""}"
tables/units.jsonl,51,urn:uuid:76de6819-084b-5f51-a9e6-47b6df2adbcd,unit,"{""dataset_id"":""urn:uuid:661831b3-5b74-549b-be92-b84ce5992a88"",""id"":""urn:uuid:76de6819-084b-5f51-a9e6-47b6df2adbcd"",""normalized_state"":""candidate"",""owner_authority_id"":""urn:uuid:2c0d398e-59cd-57ca-9674-8120edd7d69c"",""owner_native_state"":""language_reviewed"",""payload"":{""body_prose_copied"":false,""course_id"":""A30"",""edition_id"":""urn:uuid:981f6a22-1980-5906-a410-b659bc69cadd"",""label"":""m49406"",""learner_route_state"":""explicit_unavailable"",""native_id"":""m49406"",""ordinal"":53,""owner_source_bytes"":130167,""owner_source_path"":""m49406/index.cnxml"",""owner_source_sha256"":""eaef72d753e625134090d8c3ce02e20f2b1da15a282696c47da281b7452a0765"",""owner_target_bytes"":135201,""owner_target_path"":""m49406/index.cnxml"",""owner_target_sha256"":""65c7d6aa64d5fe3ff5e409dc6ba4ed0c25b3c9245af8c164d99cd0becf96f22e"",""title"":""Modul m49406"",""unit_url"":null},""record_type"":""unit"",""recorded_at"":""2026-09-07T00:00:00Z"",""semantic_key"":""a30:unit:m49406""}"
tables/units.jsonl,16,urn:uuid:7ba86d37-342f-5317-ad45-d1ac823f369d,unit,"{""dataset_id"":""urn:uuid:661831b3-5b74-549b-be92-b84ce5992a88"",""id"":""urn:uuid:7ba86d37-342f-5317-ad45-d1ac823f369d"",""normalized_state"":""candidate"",""owner_authority_id"":""urn:uuid:2c0d398e-59cd-57ca-9674-8120edd7d69c"",""owner_native_state"":""language_reviewed"",""payload"":{""body_prose_copied"":false,""course_id"":""A30"",""edition_id"":""urn:uuid:981f6a22-1980-5906-a410-b659bc69cadd"",""label"":""m49346"",""learner_route_state"":""explicit_unavailable"",""native_id"":""m49346"",""ordinal"":18,""owner_source_bytes"":163855,""owner_source_path"":""m49346/index.cnxml"",""owner_source_sha256"":""d5363285e67a8613fc46b2f071d7fed286d64f664b3c313df121da84e4fa1064"",""owner_target_bytes"":168056,""owner_target_path"":""m49346/index.cnxml"",""owner_target_sha256"":""9d6b4ae93a6d9eeb10e9c7188f7028a664f8892fa4298574830bd8e2c7066a29"",""title"":""Modul m49346"",""unit_url"":null},""record_type"":""unit"",""recorded_at"":""2026-09-07T00:00:00Z"",""semantic_key"":""a30:unit:m49346""}"
tables/units.jsonl,11,urn:uuid:7dc79841-7e22-5d64-b954-6aa66c68f0fa,unit,"{""dataset_id"":""urn:uuid:661831b3-5b74-549b-be92-b84ce5992a88"",""id"":""urn:uuid:7dc79841-7e22-5d64-b954-6aa66c68f0fa"",""normalized_state"":""candidate"",""owner_authority_id"":""urn:uuid:2c0d398e-59cd-57ca-9674-8120edd7d69c"",""owner_native_state"":""language_reviewed"",""payload"":{""body_prose_copied"":false,""course_id"":""A30"",""edition_id"":""urn:uuid:981f6a22-1980-5906-a410-b659bc69cadd"",""label"":""m49326"",""learner_route_state"":""explicit_unavailable"",""native_id"":""m49326"",""ordinal"":13,""owner_source_bytes"":92350,""owner_source_path"":""m49326/index.cnxml"",""owner_source_sha256"":""7676e49303e8cc6e34aaf1ac62a75fdff47c6fe0b413aec049fbf9d3499c97e2"",""owner_target_bytes"":96599,""owner_target_path"":""m49326/index.cnxml"",""owner_target_sha256"":""6ff5daeff037812563a3e663bc99fbdcf55ede04bb9b29bccf947a5ea728fe5e"",""title"":""Modul m49326"",""unit_url"":null},""record_type"":""unit"",""recorded_at"":""2026-09-07T00:00:00Z"",""semantic_key"":""a30:unit:m49326""}"
tables/units.jsonl,7,urn:uuid:83aa45f5-9271-5093-a966-e2d31a463840,unit,"{""dataset_id"":""urn:uuid:661831b3-5b74-549b-be92-b84ce5992a88"",""id"":""urn:uuid:83aa45f5-9271-5093-a966-e2d31a463840"",""normalized_state"":""candidate"",""owner_authority_id"":""urn:uuid:2c0d398e-59cd-57ca-9674-8120edd7d69c"",""owner_native_state"":""language_reviewed"",""payload"":{""body_prose_copied"":false,""course_id"":""A30"",""edition_id"":""urn:uuid:981f6a22-1980-5906-a410-b659bc69cadd"",""label"":""m49314"",""learner_route_state"":""explicit_unavailable"",""native_id"":""m49314"",""ordinal"":8,""owner_source_bytes"":112709,""owner_source_path"":""m49314/index.cnxml"",""owner_source_sha256"":""168c6458c2d8d0be13ea57bd8f630bdbfecdad661b9d2885c2490b439ca7642b"",""owner_target_bytes"":116421,""owner_target_path"":""m49314/index.cnxml"",""owner_target_sha256"":""6bb88883701138c2976636d35234383396e0c36af4a0e9133463a885ccfddeb0"",""title"":""Modul m49314"",""unit_url"":null},""record_type"":""unit"",""recorded_at"":""2026-09-07T00:00:00Z"",""semantic_key"":""a30:unit:m49314""}"
tables/units.jsonl,41,urn:uuid:85c1e7a1-a27b-5a59-aa61-302b5368bac7,unit,"{""dataset_id"":""urn:uuid:661831b3-5b74-549b-be92-b84ce5992a88"",""id"":""urn:uuid:85c1e7a1-a27b-5a59-aa61-302b5368bac7"",""normalized_state"":""candidate"",""owner_authority_id"":""urn:uuid:2c0d398e-59cd-57ca-9674-8120edd7d69c"",""owner_native_state"":""language_reviewed"",""payload"":{""body_prose_copied"":false,""course_id"":""A30"",""edition_id"":""urn:uuid:981f6a22-1980-5906-a410-b659bc69cadd"",""label"":""m49392"",""learner_route_state"":""explicit_unavailable"",""native_id"":""m49392"",""ordinal"":43,""owner_source_bytes"":1892,""owner_source_path"":""m49392/index.cnxml"",""owner_source_sha256"":""1c3527fb75112c456fe58f605d68bee71bc99a922caece28fd695ba9c57ee739"",""owner_target_bytes"":1960,""owner_target_path"":""m49392/index.cnxml"",""owner_target_sha256"":""2661c89425f5e13021d979ed098253270f3eef3307a406ba9a66cce7ca46ba75"",""title"":""Modul m49392"",""unit_url"":null},""record_type"":""unit"",""recorded_at"":""2026-09-07T00:00:00Z"",""semantic_key"":""a30:unit:m49392""}"
tables/units.jsonl,53,urn:uuid:91de9788-1651-5a29-bb78-02a3a3577e7e,unit,"{""dataset_id"":""urn:uuid:661831b3-5b74-549b-be92-b84ce5992a88"",""id"":""urn:uuid:91de9788-1651-5a29-bb78-02a3a3577e7e"",""normalized_state"":""candidate"",""owner_authority_id"":""urn:uuid:2c0d398e-59cd-57ca-9674-8120edd7d69c"",""owner_native_state"":""language_reviewed"",""payload"":{""body_prose_copied"":false,""course_id"":""A30"",""edition_id"":""urn:uuid:981f6a22-1980-5906-a410-b659bc69cadd"",""label"":""m49408"",""learner_route_state"":""explicit_unavailable"",""native_id"":""m49408"",""ordinal"":55,""owner_source_bytes"":138099,""owner_source_path"":""m49408/index.cnxml"",""owner_source_sha256"":""a12116e77556f3093bb3b66fccdb6be69aafa32421860627468625fdbb48ac82"",""owner_target_bytes"":139082,""owner_target_path"":""m49408/index.cnxml"",""owner_target_sha256"":""21797ed5ed99cd27adab6b849afe4922aaa9ec546b7ab33ec5544d6fb82888df"",""title"":""Modul m49408"",""unit_url"":null},""record_type"":""unit"",""recorded_at"":""2026-09-07T00:00:00Z"",""semantic_key"":""a30:unit:m49408""}"
tables/units.jsonl,45,urn:uuid:944e0489-909b-5e2d-8142-ab0febc3a44d,unit,"{""dataset_id"":""urn:uuid:661831b3-5b74-549b-be92-b84ce5992a88"",""id"":""urn:uuid:944e0489-909b-5e2d-8142-ab0febc3a44d"",""normalized_state"":""candidate"",""owner_authority_id"":""urn:uuid:2c0d398e-59cd-57ca-9674-8120edd7d69c"",""owner_native_state"":""language_reviewed"",""payload"":{""body_prose_copied"":false,""course_id"":""A30"",""edition_id"":""urn:uuid:981f6a22-1980-5906-a410-b659bc69cadd"",""label"":""m49397"",""learner_route_state"":""explicit_unavailable"",""native_id"":""m49397"",""ordinal"":47,""owner_source_bytes"":161828,""owner_source_path"":""m49397/index.cnxml"",""owner_source_sha256"":""518e82cad5d41cb19f9a3e5389d70d54c2c80817461c8be92df6d9178b1d2899"",""owner_target_bytes"":163374,""owner_target_path"":""m49397/index.cnxml"",""owner_target_sha256"":""673f377b3e73acd37246258a9d2622a5131919dd8d7e0861500b321c2f877e2d"",""title"":""Modul m49397"",""unit_url"":null},""record_type"":""unit"",""recorded_at"":""2026-09-07T00:00:00Z"",""semantic_key"":""a30:unit:m49397""}"
tables/units.jsonl,78,urn:uuid:94530b21-0b22-50b0-b2c1-e456a99b6c07,unit,"{""dataset_id"":""urn:uuid:661831b3-5b74-549b-be92-b84ce5992a88"",""id"":""urn:uuid:94530b21-0b22-50b0-b2c1-e456a99b6c07"",""normalized_state"":""candidate"",""owner_authority_id"":""urn:uuid:2c0d398e-59cd-57ca-9674-8120edd7d69c"",""owner_native_state"":""language_reviewed"",""payload"":{""body_prose_copied"":false,""course_id"":""A30"",""edition_id"":""urn:uuid:981f6a22-1980-5906-a410-b659bc69cadd"",""label"":""m49449"",""learner_route_state"":""explicit_unavailable"",""native_id"":""m49449"",""ordinal"":80,""owner_source_bytes"":124868,""owner_source_path"":""m49449/index.cnxml"",""owner_source_sha256"":""2f3cb191efaa04dab5c1f704aa47f6bfa2645efdcd56a01cdaaf6c5b424a7fcc"",""owner_target_bytes"":125502,""owner_target_path"":""m49449/index.cnxml"",""owner_target_sha256"":""b04435f918406ff7f36b319b9ae061c54f70f9c914d6decb8698912d285c1ed7"",""title"":""Modul m49449"",""unit_url"":null},""record_type"":""unit"",""recorded_at"":""2026-09-07T00:00:00Z"",""semantic_key"":""a30:unit:m49449""}"
tables/units.jsonl,48,urn:uuid:981d96e3-ba69-53f0-8002-36833de581ee,unit,"{""dataset_id"":""urn:uuid:661831b3-5b74-549b-be92-b84ce5992a88"",""id"":""urn:uuid:981d96e3-ba69-53f0-8002-36833de581ee"",""normalized_state"":""candidate"",""owner_authority_id"":""urn:uuid:2c0d398e-59cd-57ca-9674-8120edd7d69c"",""owner_native_state"":""language_reviewed"",""payload"":{""body_prose_copied"":false,""course_id"":""A30"",""edition_id"":""urn:uuid:981f6a22-1980-5906-a410-b659bc69cadd"",""label"":""m49402"",""learner_route_state"":""explicit_unavailable"",""native_id"":""m49402"",""ordinal"":50,""owner_source_bytes"":1808,""owner_source_path"":""m49402/index.cnxml"",""owner_source_sha256"":""6a9987cc9d52dbad2f5ecd2697274604a57777b2478f05b41126e0a713856e9c"",""owner_target_bytes"":1809,""owner_target_path"":""m49402/index.cnxml"",""owner_target_sha256"":""6e120a72349d24041a463988ca8fff373a529ebba762e7aa8c8e965f1c3980e8"",""title"":""Modul m49402"",""unit_url"":null},""record_type"":""unit"",""recorded_at"":""2026-09-07T00:00:00Z"",""semantic_key"":""a30:unit:m49402""}"
tables/units.jsonl,76,urn:uuid:9839041a-97b0-588e-a9a7-593d06f5b8fd,unit,"{""dataset_id"":""urn:uuid:661831b3-5b74-549b-be92-b84ce5992a88"",""id"":""urn:uuid:9839041a-97b0-588e-a9a7-593d06f5b8fd"",""normalized_state"":""candidate"",""owner_authority_id"":""urn:uuid:2c0d398e-59cd-57ca-9674-8120edd7d69c"",""owner_native_state"":""language_reviewed"",""payload"":{""body_prose_copied"":false,""course_id"":""A30"",""edition_id"":""urn:uuid:981f6a22-1980-5906-a410-b659bc69cadd"",""label"":""m49447"",""learner_route_state"":""explicit_unavailable"",""native_id"":""m49447"",""ordinal"":78,""owner_source_bytes"":163212,""owner_source_path"":""m49447/index.cnxml"",""owner_source_sha256"":""64185677bb53d1d0fdfcf03f8569541bbc1821a7304d1cb41fd9c678efbdc728"",""owner_target_bytes"":164197,""owner_target_path"":""m49447/index.cnxml"",""owner_target_sha256"":""ed1c48f4adcab6389f76a90c61dfce56cda25fcc5eef4a226076bbe41cccdec1"",""title"":""Modul m49447"",""unit_url"":null},""record_type"":""unit"",""recorded_at"":""2026-09-07T00:00:00Z"",""semantic_key"":""a30:unit:m49447""}"
tables/units.jsonl,39,urn:uuid:98b7fff5-0c6a-5d86-9fde-7759ce72e03c,unit,"{""dataset_id"":""urn:uuid:661831b3-5b74-549b-be92-b84ce5992a88"",""id"":""urn:uuid:98b7fff5-0c6a-5d86-9fde-7759ce72e03c"",""normalized_state"":""candidate"",""owner_authority_id"":""urn:uuid:2c0d398e-59cd-57ca-9674-8120edd7d69c"",""owner_native_state"":""language_reviewed"",""payload"":{""body_prose_copied"":false,""course_id"":""A30"",""edition_id"":""urn:uuid:981f6a22-1980-5906-a410-b659bc69cadd"",""label"":""m49389"",""learner_route_state"":""explicit_unavailable"",""native_id"":""m49389"",""ordinal"":41,""owner_source_bytes"":197841,""owner_source_path"":""m49389/index.cnxml"",""owner_source_sha256"":""c1d1bda6c7e893c2c32668406eafa62b5ed2a62a40cfd5f6bd00ac474d6dd72f"",""owner_target_bytes"":198758,""owner_target_path"":""m49389/index.cnxml"",""owner_target_sha256"":""44c96c20b34490ba9b0b916b51a0c5d9d88ff01135e6695de5c9d8e281b5e627"",""title"":""Modul m49389"",""unit_url"":null},""record_type"":""unit"",""recorded_at"":""2026-09-07T00:00:00Z"",""semantic_key"":""a30:unit:m49389""}"
tables/units.jsonl,73,urn:uuid:a038e042-ed43-5e6e-92c8-884093ed33d3,unit,"{""dataset_id"":""urn:uuid:661831b3-5b74-549b-be92-b84ce5992a88"",""id"":""urn:uuid:a038e042-ed43-5e6e-92c8-884093ed33d3"",""normalized_state"":""candidate"",""owner_authority_id"":""urn:uuid:2c0d398e-59cd-57ca-9674-8120edd7d69c"",""owner_native_state"":""language_reviewed"",""payload"":{""body_prose_copied"":false,""course_id"":""A30"",""edition_id"":""urn:uuid:981f6a22-1980-5906-a410-b659bc69cadd"",""label"":""m49444"",""learner_route_state"":""explicit_unavailable"",""native_id"":""m49444"",""ordinal"":75,""owner_source_bytes"":192831,""owner_source_path"":""m49444/index.cnxml"",""owner_source_sha256"":""19a073807f83ebba2ed7d8e8db18474bd9640b246df4b5438ca219a76a8eeddd"",""owner_target_bytes"":193578,""owner_target_path"":""m49444/index.cnxml"",""owner_target_sha256"":""1ff201fdfe0583faa3b812ef9e79916fffa156ae510f7f25629bbbaf488a6bf8"",""title"":""Modul m49444"",""unit_url"":null},""record_type"":""unit"",""recorded_at"":""2026-09-07T00:00:00Z"",""semantic_key"":""a30:unit:m49444""}"
tables/units.jsonl,34,urn:uuid:a172fc60-10c5-5f7f-919c-3d89b60431dd,unit,"{""dataset_id"":""urn:uuid:661831b3-5b74-549b-be92-b84ce5992a88"",""id"":""urn:uuid:a172fc60-10c5-5f7f-919c-3d89b60431dd"",""normalized_state"":""candidate"",""owner_authority_id"":""urn:uuid:2c0d398e-59cd-57ca-9674-8120edd7d69c"",""owner_native_state"":""language_reviewed"",""payload"":{""body_prose_copied"":false,""course_id"":""A30"",""edition_id"":""urn:uuid:981f6a22-1980-5906-a410-b659bc69cadd"",""label"":""m49372"",""learner_route_state"":""explicit_unavailable"",""native_id"":""m49372"",""ordinal"":36,""owner_source_bytes"":158351,""owner_source_path"":""m49372/index.cnxml"",""owner_source_sha256"":""c077229b183cf61abf2c57229dbc284c052ca20081cfe6ac618b19c8a86c6996"",""owner_target_bytes"":159507,""owner_target_path"":""m49372/index.cnxml"",""owner_target_sha256"":""249d78b355c513cb7b491ca9df20cf360269a86f9e6adf61d01d2d3d77b252d6"",""title"":""Modul m49372"",""unit_url"":null},""record_type"":""unit"",""recorded_at"":""2026-09-07T00:00:00Z"",""semantic_key"":""a30:unit:m49372""}"
tables/units.jsonl,49,urn:uuid:a19f7df3-dc10-56b3-ba7b-577b1a8f14b0,unit,"{""dataset_id"":""urn:uuid:661831b3-5b74-549b-be92-b84ce5992a88"",""id"":""urn:uuid:a19f7df3-dc10-56b3-ba7b-577b1a8f14b0"",""normalized_state"":""candidate"",""owner_authority_id"":""urn:uuid:2c0d398e-59cd-57ca-9674-8120edd7d69c"",""owner_native_state"":""language_reviewed"",""payload"":{""body_prose_copied"":false,""course_id"":""A30"",""edition_id"":""urn:uuid:981f6a22-1980-5906-a410-b659bc69cadd"",""label"":""m49404"",""learner_route_state"":""explicit_unavailable"",""native_id"":""m49404"",""ordinal"":51,""owner_source_bytes"":133436,""owner_source_path"":""m49404/index.cnxml"",""owner_source_sha256"":""76c431dd238fbda94b3ce628f91ba9a2910fc9a75234603dba53d78148b18253"",""owner_target_bytes"":138702,""owner_target_path"":""m49404/index.cnxml"",""owner_target_sha256"":""c589d12b7b20e119ecddcbe0884454a9bdfd2b10cf1d83170d3aa0ccc032da88"",""title"":""Modul m49404"",""unit_url"":null},""record_type"":""unit"",""recorded_at"":""2026-09-07T00:00:00Z"",""semantic_key"":""a30:unit:m49404""}"
tables/units.jsonl,25,urn:uuid:a3a0dd2c-e105-55a5-a564-8de1e0a4c558,unit,"{""dataset_id"":""urn:uuid:661831b3-5b74-549b-be92-b84ce5992a88"",""id"":""urn:uuid:a3a0dd2c-e105-55a5-a564-8de1e0a4c558"",""normalized_state"":""candidate"",""owner_authority_id"":""urn:uuid:2c0d398e-59cd-57ca-9674-8120edd7d69c"",""owner_native_state"":""language_reviewed"",""payload"":{""body_prose_copied"":false,""course_id"":""A30"",""edition_id"":""urn:uuid:981f6a22-1980-5906-a410-b659bc69cadd"",""label"":""m49362"",""learner_route_state"":""explicit_unavailable"",""native_id"":""m49362"",""ordinal"":27,""owner_source_bytes"":151747,""owner_source_path"":""m49362/index.cnxml"",""owner_source_sha256"":""4e1a0d4858afc43f543d20c2f03f2be1bf30ec60c49bba9adb3f3ae77254113a"",""owner_target_bytes"":154419,""owner_target_path"":""m49362/index.cnxml"",""owner_target_sha256"":""5082f8312163aeb98b93b6a2b5bb0e173c0a68e75668c619e1e607ae4faa0ae0"",""title"":""Modul m49362"",""unit_url"":null},""record_type"":""unit"",""recorded_at"":""2026-09-07T00:00:00Z"",""semantic_key"":""a30:unit:m49362""}"
tables/units.jsonl,43,urn:uuid:a68b3de9-b891-5290-b5ab-121d49a41408,unit,"{""dataset_id"":""urn:uuid:661831b3-5b74-549b-be92-b84ce5992a88"",""id"":""urn:uuid:a68b3de9-b891-5290-b5ab-121d49a41408"",""normalized_state"":""candidate"",""owner_authority_id"":""urn:uuid:2c0d398e-59cd-57ca-9674-8120edd7d69c"",""owner_native_state"":""language_reviewed"",""payload"":{""body_prose_copied"":false,""course_id"":""A30"",""edition_id"":""urn:uuid:981f6a22-1980-5906-a410-b659bc69cadd"",""label"":""m49395"",""learner_route_state"":""explicit_unavailable"",""native_id"":""m49395"",""ordinal"":45,""owner_source_bytes"":242661,""owner_source_path"":""m49395/index.cnxml"",""owner_source_sha256"":""b1d667f198a070590ded5a2a4ffdbb32c5c86d9b4cad8f3e3b0b1922fb19c64e"",""owner_target_bytes"":243948,""owner_target_path"":""m49395/index.cnxml"",""owner_target_sha256"":""30e2aa214e2d80624f137f9b647854730baddcbd7890bde08b08a0c412a1b784"",""title"":""Modul m49395"",""unit_url"":null},""record_type"":""unit"",""recorded_at"":""2026-09-07T00:00:00Z"",""semantic_key"":""a30:unit:m49395""}"
tables/units.jsonl,30,urn:uuid:a6b4d407-7b02-5b28-805e-a61ac3315ce5,unit,"{""dataset_id"":""urn:uuid:661831b3-5b74-549b-be92-b84ce5992a88"",""id"":""urn:uuid:a6b4d407-7b02-5b28-805e-a61ac3315ce5"",""normalized_state"":""candidate"",""owner_authority_id"":""urn:uuid:2c0d398e-59cd-57ca-9674-8120edd7d69c"",""owner_native_state"":""language_reviewed"",""payload"":{""body_prose_copied"":false,""course_id"":""A30"",""edition_id"":""urn:uuid:981f6a22-1980-5906-a410-b659bc69cadd"",""label"":""m49367"",""learner_route_state"":""explicit_unavailable"",""native_id"":""m49367"",""ordinal"":32,""owner_source_bytes"":162619,""owner_source_path"":""m49367/index.cnxml"",""owner_source_sha256"":""cc1c7a0deb4c5cc1780934707e512bc194c00dba7e1fa3948652a221e327eb6a"",""owner_target_bytes"":173380,""owner_target_path"":""m49367/index.cnxml"",""owner_target_sha256"":""df71bfb02c57658092bebbe41b7cd168654e6812db7308a751361889238e26c5"",""title"":""Modul m49367"",""unit_url"":null},""record_type"":""unit"",""recorded_at"":""2026-09-07T00:00:00Z"",""semantic_key"":""a30:unit:m49367""}"
tables/units.jsonl,55,urn:uuid:a816627b-5a02-5c26-a792-b1d6c693e66f,unit,"{""dataset_id"":""urn:uuid:661831b3-5b74-549b-be92-b84ce5992a88"",""id"":""urn:uuid:a816627b-5a02-5c26-a792-b1d6c693e66f"",""normalized_state"":""candidate"",""owner_authority_id"":""urn:uuid:2c0d398e-59cd-57ca-9674-8120edd7d69c"",""owner_native_state"":""language_reviewed"",""payload"":{""body_prose_copied"":false,""course_id"":""A30"",""edition_id"":""urn:uuid:981f6a22-1980-5906-a410-b659bc69cadd"",""label"":""m49411"",""learner_route_state"":""explicit_unavailable"",""native_id"":""m49411"",""ordinal"":57,""owner_source_bytes"":163837,""owner_source_path"":""m49411/index.cnxml"",""owner_source_sha256"":""ca22a64e28d55660e31887d683aa222826c00b1c74b048e2c8f9406546ec7647"",""owner_target_bytes"":163943,""owner_target_path"":""m49411/index.cnxml"",""owner_target_sha256"":""94b95f8a342419958cd466329603e07e81184387c027a8b12ab4a64c1ae796a6"",""title"":""Modul m49411"",""unit_url"":null},""record_type"":""unit"",""recorded_at"":""2026-09-07T00:00:00Z"",""semantic_key"":""a30:unit:m49411""}"
tables/units.jsonl,77,urn:uuid:ab2ae219-f335-5771-a732-a5cf80ffbe2a,unit,"{""dataset_id"":""urn:uuid:661831b3-5b74-549b-be92-b84ce5992a88"",""id"":""urn:uuid:ab2ae219-f335-5771-a732-a5cf80ffbe2a"",""normalized_state"":""candidate"",""owner_authority_id"":""urn:uuid:2c0d398e-59cd-57ca-9674-8120edd7d69c"",""owner_native_state"":""language_reviewed"",""payload"":{""body_prose_copied"":false,""course_id"":""A30"",""edition_id"":""urn:uuid:981f6a22-1980-5906-a410-b659bc69cadd"",""label"":""m49448"",""learner_route_state"":""explicit_unavailable"",""native_id"":""m49448"",""ordinal"":79,""owner_source_bytes"":96356,""owner_source_path"":""m49448/index.cnxml"",""owner_source_sha256"":""5dab69ee46ae70231986b2d244d448b904594520087736a52ce7bbd567c0fba5"",""owner_target_bytes"":96489,""owner_target_path"":""m49448/index.cnxml"",""owner_target_sha256"":""bfe885b9415dbca9f08d64cadaf09641c52f591f3f9d4e2660fe08c517cf4ff3"",""title"":""Modul m49448"",""unit_url"":null},""record_type"":""unit"",""recorded_at"":""2026-09-07T00:00:00Z"",""semantic_key"":""a30:unit:m49448""}"
tables/units.jsonl,59,urn:uuid:b0084aee-fd2f-598a-a080-68ab1f5599fb,unit,"{""dataset_id"":""urn:uuid:661831b3-5b74-549b-be92-b84ce5992a88"",""id"":""urn:uuid:b0084aee-fd2f-598a-a080-68ab1f5599fb"",""normalized_state"":""candidate"",""owner_authority_id"":""urn:uuid:2c0d398e-59cd-57ca-9674-8120edd7d69c"",""owner_native_state"":""language_reviewed"",""payload"":{""body_prose_copied"":false,""course_id"":""A30"",""edition_id"":""urn:uuid:981f6a22-1980-5906-a410-b659bc69cadd"",""label"":""m49420"",""learner_route_state"":""explicit_unavailable"",""native_id"":""m49420"",""ordinal"":60,""owner_source_bytes"":186733,""owner_source_path"":""m49420/index.cnxml"",""owner_source_sha256"":""e87ad1749a8fdfbc3fa2cc0a275ba541685918748941819676ca99b04fb3d2f9"",""owner_target_bytes"":311180,""owner_target_path"":""m49420/index.cnxml"",""owner_target_sha256"":""8173e6c140c7e7507a1852f8afd4b675d23d54c2384fcea8c5b58fe215ee53d8"",""title"":""Modul m49420"",""unit_url"":null},""record_type"":""unit"",""recorded_at"":""2026-09-07T00:00:00Z"",""semantic_key"":""a30:unit:m49420""}"
tables/units.jsonl,62,urn:uuid:b46f4834-5e91-57da-9de4-af070c4724b3,unit,"{""dataset_id"":""urn:uuid:661831b3-5b74-549b-be92-b84ce5992a88"",""id"":""urn:uuid:b46f4834-5e91-57da-9de4-af070c4724b3"",""normalized_state"":""candidate"",""owner_authority_id"":""urn:uuid:2c0d398e-59cd-57ca-9674-8120edd7d69c"",""owner_native_state"":""language_reviewed"",""payload"":{""body_prose_copied"":false,""course_id"":""A30"",""edition_id"":""urn:uuid:981f6a22-1980-5906-a410-b659bc69cadd"",""label"":""m49433"",""learner_route_state"":""explicit_unavailable"",""native_id"":""m49433"",""ordinal"":64,""owner_source_bytes"":262294,""owner_source_path"":""m49433/index.cnxml"",""owner_source_sha256"":""3714ab2c27e006a483960c9d1290a5304db45264f07efd49ac4fcb871553652f"",""owner_target_bytes"":264528,""owner_target_path"":""m49433/index.cnxml"",""owner_target_sha256"":""04950f5bada701f08a9beff55759efc87c79ae27aafb88b71853d616cb698cb9"",""title"":""Modul m49433"",""unit_url"":null},""record_type"":""unit"",""recorded_at"":""2026-09-07T00:00:00Z"",""semantic_key"":""a30:unit:m49433""}"
tables/units.jsonl,22,urn:uuid:b7ae61b0-f094-56d0-911f-745da1aad6d5,unit,"{""dataset_id"":""urn:uuid:661831b3-5b74-549b-be92-b84ce5992a88"",""id"":""urn:uuid:b7ae61b0-f094-56d0-911f-745da1aad6d5"",""normalized_state"":""candidate"",""owner_authority_id"":""urn:uuid:2c0d398e-59cd-57ca-9674-8120edd7d69c"",""owner_native_state"":""language_reviewed"",""payload"":{""body_prose_copied"":false,""course_id"":""A30"",""edition_id"":""urn:uuid:981f6a22-1980-5906-a410-b659bc69cadd"",""label"":""m49353"",""learner_route_state"":""explicit_unavailable"",""native_id"":""m49353"",""ordinal"":24,""owner_source_bytes"":141813,""owner_source_path"":""m49353/index.cnxml"",""owner_source_sha256"":""ab1cbc8de5d6366e19d1511ed6d4a7dc5da8248360d92a6d32614cd3df24ee64"",""owner_target_bytes"":143899,""owner_target_path"":""m49353/index.cnxml"",""owner_target_sha256"":""de7998fe6083fe515d6873987314e3d96c4bfd584e33b7974872c05da7f0869f"",""title"":""Modul m49353"",""unit_url"":null},""record_type"":""unit"",""recorded_at"":""2026-09-07T00:00:00Z"",""semantic_key"":""a30:unit:m49353""}"
tables/units.jsonl,80,urn:uuid:bb05b47c-eae6-525f-9dd7-e435a108ff70,unit,"{""dataset_id"":""urn:uuid:661831b3-5b74-549b-be92-b84ce5992a88"",""id"":""urn:uuid:bb05b47c-eae6-525f-9dd7-e435a108ff70"",""normalized_state"":""candidate"",""owner_authority_id"":""urn:uuid:2c0d398e-59cd-57ca-9674-8120edd7d69c"",""owner_native_state"":""language_reviewed"",""payload"":{""body_prose_copied"":false,""course_id"":""A30"",""edition_id"":""urn:uuid:981f6a22-1980-5906-a410-b659bc69cadd"",""label"":""m49451"",""learner_route_state"":""explicit_unavailable"",""native_id"":""m49451"",""ordinal"":82,""owner_source_bytes"":1585,""owner_source_path"":""m49451/index.cnxml"",""owner_source_sha256"":""f5b80f23976d693c130e2d5f2f790768285f53463689309efe35922ce5ec720e"",""owner_target_bytes"":1719,""owner_target_path"":""m49451/index.cnxml"",""owner_target_sha256"":""2a1af6ee8a68d5af1f50624955c46c2f2e8525757d2b65d1d0e40c8e5f7d976d"",""title"":""Modul m49451"",""unit_url"":null},""record_type"":""unit"",""recorded_at"":""2026-09-07T00:00:00Z"",""semantic_key"":""a30:unit:m49451""}"
tables/units.jsonl,42,urn:uuid:c1dad04c-de45-5f48-b832-3d029421543f,unit,"{""dataset_id"":""urn:uuid:661831b3-5b74-549b-be92-b84ce5992a88"",""id"":""urn:uuid:c1dad04c-de45-5f48-b832-3d029421543f"",""normalized_state"":""candidate"",""owner_authority_id"":""urn:uuid:2c0d398e-59cd-57ca-9674-8120edd7d69c"",""owner_native_state"":""language_reviewed"",""payload"":{""body_prose_copied"":false,""course_id"":""A30"",""edition_id"":""urn:uuid:981f6a22-1980-5906-a410-b659bc69cadd"",""label"":""m49393"",""learner_route_state"":""explicit_unavailable"",""native_id"":""m49393"",""ordinal"":44,""owner_source_bytes"":141573,""owner_source_path"":""m49393/index.cnxml"",""owner_source_sha256"":""127998ee2cb1b1aa44beb4df1bee6aab9b593dddaf3e7e919e1e047d2ef59747"",""owner_target_bytes"":143090,""owner_target_path"":""m49393/index.cnxml"",""owner_target_sha256"":""3ce95ac0f66c9707c414bdd59025f6510bb1de2fd5135a0cb3b329c68a8c20fc"",""title"":""Modul m49393"",""unit_url"":null},""record_type"":""unit"",""recorded_at"":""2026-09-07T00:00:00Z"",""semantic_key"":""a30:unit:m49393""}"
tables/units.jsonl,81,urn:uuid:c60088ce-1ba6-5867-82c2-e7dfe943dd61,unit,"{""dataset_id"":""urn:uuid:661831b3-5b74-549b-be92-b84ce5992a88"",""id"":""urn:uuid:c60088ce-1ba6-5867-82c2-e7dfe943dd61"",""normalized_state"":""candidate"",""owner_authority_id"":""urn:uuid:2c0d398e-59cd-57ca-9674-8120edd7d69c"",""owner_native_state"":""language_reviewed"",""payload"":{""body_prose_copied"":false,""course_id"":""A30"",""edition_id"":""urn:uuid:981f6a22-1980-5906-a410-b659bc69cadd"",""label"":""m49452"",""learner_route_state"":""explicit_unavailable"",""native_id"":""m49452"",""ordinal"":83,""owner_source_bytes"":141093,""owner_source_path"":""m49452/index.cnxml"",""owner_source_sha256"":""f1b1310fea76259c9d92f574e388f7458a32f06636f51debb94ad2a5708ea1b8"",""owner_target_bytes"":141539,""owner_target_path"":""m49452/index.cnxml"",""owner_target_sha256"":""4b88ae72d9291fc3ffc327664e80147b4e0ff138a8e4efa41afc06c521c198cb"",""title"":""Modul m49452"",""unit_url"":null},""record_type"":""unit"",""recorded_at"":""2026-09-07T00:00:00Z"",""semantic_key"":""a30:unit:m49452""}"
tables/units.jsonl,32,urn:uuid:c6ed74da-3a07-5e3b-a3c1-856dfbdc1322,unit,"{""dataset_id"":""urn:uuid:661831b3-5b74-549b-be92-b84ce5992a88"",""id"":""urn:uuid:c6ed74da-3a07-5e3b-a3c1-856dfbdc1322"",""normalized_state"":""candidate"",""owner_authority_id"":""urn:uuid:2c0d398e-59cd-57ca-9674-8120edd7d69c"",""owner_native_state"":""language_reviewed"",""payload"":{""body_prose_copied"":false,""course_id"":""A30"",""edition_id"":""urn:uuid:981f6a22-1980-5906-a410-b659bc69cadd"",""label"":""m49369"",""learner_route_state"":""explicit_unavailable"",""native_id"":""m49369"",""ordinal"":34,""owner_source_bytes"":2502,""owner_source_path"":""m49369/index.cnxml"",""owner_source_sha256"":""1dbec86f1d876e1d8998c00685f6f84d5ee3ad4d8497c0447912e77b24d35f0d"",""owner_target_bytes"":2567,""owner_target_path"":""m49369/index.cnxml"",""owner_target_sha256"":""3eecc053e32ff6c52a12918b23b8104d3571938ab6ca62afbcbff7e2d95a2f2e"",""title"":""Modul m49369"",""unit_url"":null},""record_type"":""unit"",""recorded_at"":""2026-09-07T00:00:00Z"",""semantic_key"":""a30:unit:m49369""}"
tables/units.jsonl,20,urn:uuid:c77272c9-3e91-59f1-9cc6-23cc2c171bb1,unit,"{""dataset_id"":""urn:uuid:661831b3-5b74-549b-be92-b84ce5992a88"",""id"":""urn:uuid:c77272c9-3e91-59f1-9cc6-23cc2c171bb1"",""normalized_state"":""candidate"",""owner_authority_id"":""urn:uuid:2c0d398e-59cd-57ca-9674-8120edd7d69c"",""owner_native_state"":""language_reviewed"",""payload"":{""body_prose_copied"":false,""course_id"":""A30"",""edition_id"":""urn:uuid:981f6a22-1980-5906-a410-b659bc69cadd"",""label"":""m49351"",""learner_route_state"":""explicit_unavailable"",""native_id"":""m49351"",""ordinal"":22,""owner_source_bytes"":218862,""owner_source_path"":""m49351/index.cnxml"",""owner_source_sha256"":""bfa56df96090dc05de9f41b2a7df98f6c36e319eb4ae2b98e4fe3e1dfa7bea90"",""owner_target_bytes"":219023,""owner_target_path"":""m49351/index.cnxml"",""owner_target_sha256"":""51f31588b1862df3cf789680f13a529d33f041bbef7eabc1f062892bb1393e60"",""title"":""Modul m49351"",""unit_url"":null},""record_type"":""unit"",""recorded_at"":""2026-09-07T00:00:00Z"",""semantic_key"":""a30:unit:m49351""}"
tables/units.jsonl,6,urn:uuid:c7c2a9c7-62fd-59c7-a703-30df1b8beac6,unit,"{""dataset_id"":""urn:uuid:661831b3-5b74-549b-be92-b84ce5992a88"",""id"":""urn:uuid:c7c2a9c7-62fd-59c7-a703-30df1b8beac6"",""normalized_state"":""candidate"",""owner_authority_id"":""urn:uuid:2c0d398e-59cd-57ca-9674-8120edd7d69c"",""owner_native_state"":""language_reviewed"",""payload"":{""body_prose_copied"":false,""course_id"":""A30"",""edition_id"":""urn:uuid:981f6a22-1980-5906-a410-b659bc69cadd"",""label"":""m49312"",""learner_route_state"":""explicit_unavailable"",""native_id"":""m49312"",""ordinal"":7,""owner_source_bytes"":230828,""owner_source_path"":""m49312/index.cnxml"",""owner_source_sha256"":""668e2034f4a8dc108ed871b5837ca4a19e2d81e0eda2d89e019df4359a570c00"",""owner_target_bytes"":236081,""owner_target_path"":""m49312/index.cnxml"",""owner_target_sha256"":""e2c2cf1197c74d1b88437730750aec247215d6ea37dd19c4ef83eddc730334f8"",""title"":""Modul m49312"",""unit_url"":null},""record_type"":""unit"",""recorded_at"":""2026-09-07T00:00:00Z"",""semantic_key"":""a30:unit:m49312""}"
tables/units.jsonl,37,urn:uuid:caa0b6e9-12d3-59d0-9bc2-0748b9a86947,unit,"{""dataset_id"":""urn:uuid:661831b3-5b74-549b-be92-b84ce5992a88"",""id"":""urn:uuid:caa0b6e9-12d3-59d0-9bc2-0748b9a86947"",""normalized_state"":""candidate"",""owner_authority_id"":""urn:uuid:2c0d398e-59cd-57ca-9674-8120edd7d69c"",""owner_native_state"":""language_reviewed"",""payload"":{""body_prose_copied"":false,""course_id"":""A30"",""edition_id"":""urn:uuid:981f6a22-1980-5906-a410-b659bc69cadd"",""label"":""m49386"",""learner_route_state"":""explicit_unavailable"",""native_id"":""m49386"",""ordinal"":39,""owner_source_bytes"":2789,""owner_source_path"":""m49386/index.cnxml"",""owner_source_sha256"":""bbb96d1832d83256e4cd90631f514dbe9bbf142d52f8f1dd7d2431de603befe5"",""owner_target_bytes"":2893,""owner_target_path"":""m49386/index.cnxml"",""owner_target_sha256"":""8facb3f47c07d61a95fc1f96771cebb15b9167e2c099e3031ae057116178344c"",""title"":""Modul m49386"",""unit_url"":null},""record_type"":""unit"",""recorded_at"":""2026-09-07T00:00:00Z"",""semantic_key"":""a30:unit:m49386""}"
tables/units.jsonl,66,urn:uuid:cae38853-a1e6-5850-b660-ce6fc2c0350e,unit,"{""dataset_id"":""urn:uuid:661831b3-5b74-549b-be92-b84ce5992a88"",""id"":""urn:uuid:cae38853-a1e6-5850-b660-ce6fc2c0350e"",""normalized_state"":""candidate"",""owner_authority_id"":""urn:uuid:2c0d398e-59cd-57ca-9674-8120edd7d69c"",""owner_native_state"":""language_reviewed"",""payload"":{""body_prose_copied"":false,""course_id"":""A30"",""edition_id"":""urn:uuid:981f6a22-1980-5906-a410-b659bc69cadd"",""label"":""m49437"",""learner_route_state"":""explicit_unavailable"",""native_id"":""m49437"",""ordinal"":68,""owner_source_bytes"":3563,""owner_source_path"":""m49437/index.cnxml"",""owner_source_sha256"":""5ba6a654a0907495b2c7702de693a5cb14571f0e8a9fe994c2cc0313fbd8b709"",""owner_target_bytes"":4119,""owner_target_path"":""m49437/index.cnxml"",""owner_target_sha256"":""b416bc30c857423c0b4ac81f78a0d93660ce49fd3241069e89684d6ed1e2c61e"",""title"":""Modul m49437"",""unit_url"":null},""record_type"":""unit"",""recorded_at"":""2026-09-07T00:00:00Z"",""semantic_key"":""a30:unit:m49437""}"
tables/units.jsonl,67,urn:uuid:d2eebe8e-7f2e-5797-b4dd-684386aa7dad,unit,"{""dataset_id"":""urn:uuid:661831b3-5b74-549b-be92-b84ce5992a88"",""id"":""urn:uuid:d2eebe8e-7f2e-5797-b4dd-684386aa7dad"",""normalized_state"":""candidate"",""owner_authority_id"":""urn:uuid:2c0d398e-59cd-57ca-9674-8120edd7d69c"",""owner_native_state"":""language_reviewed"",""payload"":{""body_prose_copied"":false,""course_id"":""A30"",""edition_id"":""urn:uuid:981f6a22-1980-5906-a410-b659bc69cadd"",""label"":""m49438"",""learner_route_state"":""explicit_unavailable"",""native_id"":""m49438"",""ordinal"":69,""owner_source_bytes"":267149,""owner_source_path"":""m49438/index.cnxml"",""owner_source_sha256"":""70f04e4b512f35ec5617f5b8c7045e5c7ac4a4473a6bf69a464f0477135d5a5e"",""owner_target_bytes"":269946,""owner_target_path"":""m49438/index.cnxml"",""owner_target_sha256"":""62fb5cf940c3e376fe61cfe2c495a3f71532cc000d93a37631f090fcb3796a2e"",""title"":""Modul m49438"",""unit_url"":null},""record_type"":""unit"",""recorded_at"":""2026-09-07T00:00:00Z"",""semantic_key"":""a30:unit:m49438""}"
tables/units.jsonl,21,urn:uuid:d395a3a6-f182-5340-a644-5fa16a9471d9,unit,"{""dataset_id"":""urn:uuid:661831b3-5b74-549b-be92-b84ce5992a88"",""id"":""urn:uuid:d395a3a6-f182-5340-a644-5fa16a9471d9"",""normalized_state"":""candidate"",""owner_authority_id"":""urn:uuid:2c0d398e-59cd-57ca-9674-8120edd7d69c"",""owner_native_state"":""language_reviewed"",""payload"":{""body_prose_copied"":false,""course_id"":""A30"",""edition_id"":""urn:uuid:981f6a22-1980-5906-a410-b659bc69cadd"",""label"":""m49352"",""learner_route_state"":""explicit_unavailable"",""native_id"":""m49352"",""ordinal"":23,""owner_source_bytes"":140537,""owner_source_path"":""m49352/index.cnxml"",""owner_source_sha256"":""58e5395654c50d7c5cb4cbebe07caef785662678a42a7f6ecfbe43b10f33d76b"",""owner_target_bytes"":140192,""owner_target_path"":""m49352/index.cnxml"",""owner_target_sha256"":""83be3388b9b4460bc79d74ec8838f1d54e61b9d9cf49b5e94f1be77cb2e43ce5"",""title"":""Modul m49352"",""unit_url"":null},""record_type"":""unit"",""recorded_at"":""2026-09-07T00:00:00Z"",""semantic_key"":""a30:unit:m49352""}"
tables/units.jsonl,85,urn:uuid:d54ec07e-274c-5190-b501-6c0986e61864,unit,"{""dataset_id"":""urn:uuid:661831b3-5b74-549b-be92-b84ce5992a88"",""id"":""urn:uuid:d54ec07e-274c-5190-b501-6c0986e61864"",""normalized_state"":""candidate"",""owner_authority_id"":""urn:uuid:2c0d398e-59cd-57ca-9674-8120edd7d69c"",""owner_native_state"":""language_reviewed"",""payload"":{""body_prose_copied"":false,""course_id"":""A30"",""edition_id"":""urn:uuid:981f6a22-1980-5906-a410-b659bc69cadd"",""label"":""m50389"",""learner_route_state"":""explicit_unavailable"",""native_id"":""m50389"",""ordinal"":12,""owner_source_bytes"":167775,""owner_source_path"":""m50389/index.cnxml"",""owner_source_sha256"":""13f1dbb0f4450537c081e39169a7f2977b0689bac726acb21ad8519b125f924f"",""owner_target_bytes"":173872,""owner_target_path"":""m50389/index.cnxml"",""owner_target_sha256"":""5ed8f2a7afecb4d95a591afa327bb1aae10b239ab70d99fe1d56e8d077f112fd"",""title"":""Modul m50389"",""unit_url"":null},""record_type"":""unit"",""recorded_at"":""2026-09-07T00:00:00Z"",""semantic_key"":""a30:unit:m50389""}"
tables/units.jsonl,15,urn:uuid:d60a35c9-d991-58ae-a8f6-86fcfc11ab27,unit,"{""dataset_id"":""urn:uuid:661831b3-5b74-549b-be92-b84ce5992a88"",""id"":""urn:uuid:d60a35c9-d991-58ae-a8f6-86fcfc11ab27"",""normalized_state"":""candidate"",""owner_authority_id"":""urn:uuid:2c0d398e-59cd-57ca-9674-8120edd7d69c"",""owner_native_state"":""language_reviewed"",""payload"":{""body_prose_copied"":false,""course_id"":""A30"",""edition_id"":""urn:uuid:981f6a22-1980-5906-a410-b659bc69cadd"",""label"":""m49337"",""learner_route_state"":""explicit_unavailable"",""native_id"":""m49337"",""ordinal"":17,""owner_source_bytes"":186391,""owner_source_path"":""m49337/index.cnxml"",""owner_source_sha256"":""a657ceac3d9b3d7992f420b1482ad1723fe32b411b11d278cd17662b8665fe25"",""owner_target_bytes"":189672,""owner_target_path"":""m49337/index.cnxml"",""owner_target_sha256"":""0dce0c06c48959ef51247421123219cb501b420e687faba61905f7698c40233b"",""title"":""Modul m49337"",""unit_url"":null},""record_type"":""unit"",""recorded_at"":""2026-09-07T00:00:00Z"",""semantic_key"":""a30:unit:m49337""}"
tables/units.jsonl,24,urn:uuid:e0e0f597-8cd3-58b1-a1e4-7ced441023be,unit,"{""dataset_id"":""urn:uuid:661831b3-5b74-549b-be92-b84ce5992a88"",""id"":""urn:uuid:e0e0f597-8cd3-58b1-a1e4-7ced441023be"",""normalized_state"":""candidate"",""owner_authority_id"":""urn:uuid:2c0d398e-59cd-57ca-9674-8120edd7d69c"",""owner_native_state"":""language_reviewed"",""payload"":{""body_prose_copied"":false,""course_id"":""A30"",""edition_id"":""urn:uuid:981f6a22-1980-5906-a410-b659bc69cadd"",""label"":""m49361"",""learner_route_state"":""explicit_unavailable"",""native_id"":""m49361"",""ordinal"":26,""owner_source_bytes"":188016,""owner_source_path"":""m49361/index.cnxml"",""owner_source_sha256"":""f9d1ac4b848a93247f61c77a2aa13396894a2b40bd36bfd100cbd149eaa4ebbb"",""owner_target_bytes"":192565,""owner_target_path"":""m49361/index.cnxml"",""owner_target_sha256"":""ba0ad875be9e0496efeb0c3db5cff7276f275392031ee9f0d7e168ba810f5e56"",""title"":""Modul m49361"",""unit_url"":null},""record_type"":""unit"",""recorded_at"":""2026-09-07T00:00:00Z"",""semantic_key"":""a30:unit:m49361""}"
tables/units.jsonl,27,urn:uuid:e0ece7ad-8075-567c-bd75-0310c2aaa15e,unit,"{""dataset_id"":""urn:uuid:661831b3-5b74-549b-be92-b84ce5992a88"",""id"":""urn:uuid:e0ece7ad-8075-567c-bd75-0310c2aaa15e"",""normalized_state"":""candidate"",""owner_authority_id"":""urn:uuid:2c0d398e-59cd-57ca-9674-8120edd7d69c"",""owner_native_state"":""language_reviewed"",""payload"":{""body_prose_copied"":false,""course_id"":""A30"",""edition_id"":""urn:uuid:981f6a22-1980-5906-a410-b659bc69cadd"",""label"":""m49364"",""learner_route_state"":""explicit_unavailable"",""native_id"":""m49364"",""ordinal"":29,""owner_source_bytes"":203450,""owner_source_path"":""m49364/index.cnxml"",""owner_source_sha256"":""ee072d83b8b786b648a4f4539a119654affac56990be4ccab9b8d2795bb7adc6"",""owner_target_bytes"":205713,""owner_target_path"":""m49364/index.cnxml"",""owner_target_sha256"":""e7b78fbf72c0cf846238c2766c5f47ffa35bf03042bd9586f6569555f9c83be8"",""title"":""Modul m49364"",""unit_url"":null},""record_type"":""unit"",""recorded_at"":""2026-09-07T00:00:00Z"",""semantic_key"":""a30:unit:m49364""}"
tables/units.jsonl,79,urn:uuid:e14d7192-db8f-5905-b179-d323a2bff0ae,unit,"{""dataset_id"":""urn:uuid:661831b3-5b74-549b-be92-b84ce5992a88"",""id"":""urn:uuid:e14d7192-db8f-5905-b179-d323a2bff0ae"",""normalized_state"":""candidate"",""owner_authority_id"":""urn:uuid:2c0d398e-59cd-57ca-9674-8120edd7d69c"",""owner_native_state"":""language_reviewed"",""payload"":{""body_prose_copied"":false,""course_id"":""A30"",""edition_id"":""urn:uuid:981f6a22-1980-5906-a410-b659bc69cadd"",""label"":""m49450"",""learner_route_state"":""explicit_unavailable"",""native_id"":""m49450"",""ordinal"":81,""owner_source_bytes"":146218,""owner_source_path"":""m49450/index.cnxml"",""owner_source_sha256"":""ec4357f1d27c0d9f411413075dc01dea326fbc77fe4f4b032f8c95c1b5cccfa7"",""owner_target_bytes"":146599,""owner_target_path"":""m49450/index.cnxml"",""owner_target_sha256"":""919c7ed0815590fe41c2906698504ae456a05c7794a878c6b95d37e88e1dcd06"",""title"":""Modul m49450"",""unit_url"":null},""record_type"":""unit"",""recorded_at"":""2026-09-07T00:00:00Z"",""semantic_key"":""a30:unit:m49450""}"
tables/units.jsonl,69,urn:uuid:e2f480d1-5891-5627-8ec8-0c0c898d1eae,unit,"{""dataset_id"":""urn:uuid:661831b3-5b74-549b-be92-b84ce5992a88"",""id"":""urn:uuid:e2f480d1-5891-5627-8ec8-0c0c898d1eae"",""normalized_state"":""candidate"",""owner_authority_id"":""urn:uuid:2c0d398e-59cd-57ca-9674-8120edd7d69c"",""owner_native_state"":""language_reviewed"",""payload"":{""body_prose_copied"":false,""course_id"":""A30"",""edition_id"":""urn:uuid:981f6a22-1980-5906-a410-b659bc69cadd"",""label"":""m49440"",""learner_route_state"":""explicit_unavailable"",""native_id"":""m49440"",""ordinal"":71,""owner_source_bytes"":206288,""owner_source_path"":""m49440/index.cnxml"",""owner_source_sha256"":""af9a04fd189c87014cdd9134404525fdc55477f5db511455c6d6d99be3e863b6"",""owner_target_bytes"":208776,""owner_target_path"":""m49440/index.cnxml"",""owner_target_sha256"":""92a1482ec2d1a6c0476ddcbbe9bc7252e16f39814127fe5490314f0123cad2db"",""title"":""Modul m49440"",""unit_url"":null},""record_type"":""unit"",""recorded_at"":""2026-09-07T00:00:00Z"",""semantic_key"":""a30:unit:m49440""}"
tables/units.jsonl,19,urn:uuid:e48a4c01-5bfa-5820-a004-fe76e2e2c9a1,unit,"{""dataset_id"":""urn:uuid:661831b3-5b74-549b-be92-b84ce5992a88"",""id"":""urn:uuid:e48a4c01-5bfa-5820-a004-fe76e2e2c9a1"",""normalized_state"":""candidate"",""owner_authority_id"":""urn:uuid:2c0d398e-59cd-57ca-9674-8120edd7d69c"",""owner_native_state"":""language_reviewed"",""payload"":{""body_prose_copied"":false,""course_id"":""A30"",""edition_id"":""urn:uuid:981f6a22-1980-5906-a410-b659bc69cadd"",""label"":""m49349"",""learner_route_state"":""explicit_unavailable"",""native_id"":""m49349"",""ordinal"":21,""owner_source_bytes"":177366,""owner_source_path"":""m49349/index.cnxml"",""owner_source_sha256"":""ea2a1a64926ebd3159c3fa1130b7e1202a8d563325c034b50b4d960523626b2e"",""owner_target_bytes"":182397,""owner_target_path"":""m49349/index.cnxml"",""owner_target_sha256"":""5a12f8e751892da3099320d87ca0dbabdece2459a706f139a6c78bb94849b75e"",""title"":""Modul m49349"",""unit_url"":null},""record_type"":""unit"",""recorded_at"":""2026-09-07T00:00:00Z"",""semantic_key"":""a30:unit:m49349""}"
tables/units.jsonl,87,urn:uuid:e752cd73-317c-59a7-9ecc-df80368aac5e,unit,"{""dataset_id"":""urn:uuid:661831b3-5b74-549b-be92-b84ce5992a88"",""id"":""urn:uuid:e752cd73-317c-59a7-9ecc-df80368aac5e"",""normalized_state"":""candidate"",""owner_authority_id"":""urn:uuid:2c0d398e-59cd-57ca-9674-8120edd7d69c"",""owner_native_state"":""language_reviewed"",""payload"":{""body_prose_copied"":false,""course_id"":""A30"",""edition_id"":""urn:uuid:981f6a22-1980-5906-a410-b659bc69cadd"",""label"":""m50919"",""learner_route_state"":""explicit_unavailable"",""native_id"":""m50919"",""ordinal"":1,""owner_source_bytes"":25847,""owner_source_path"":""m50919/index.cnxml"",""owner_source_sha256"":""f6cfb6514c8b3e8cbeff7e1e81bc3ef2db53750bc91305f167af43fb70805a69"",""owner_target_bytes"":27053,""owner_target_path"":""m50919/index.cnxml"",""owner_target_sha256"":""c27732bd5c9002733638ac561caaff778ed63de04cbdd63f10d9b0724a18c972"",""title"":""Modul m50919"",""unit_url"":null},""record_type"":""unit"",""recorded_at"":""2026-09-07T00:00:00Z"",""semantic_key"":""a30:unit:m50919""}"
tables/units.jsonl,2,urn:uuid:ecb2439d-e5ab-516e-ae34-d45f391c55f1,unit,"{""dataset_id"":""urn:uuid:661831b3-5b74-549b-be92-b84ce5992a88"",""id"":""urn:uuid:ecb2439d-e5ab-516e-ae34-d45f391c55f1"",""normalized_state"":""candidate"",""owner_authority_id"":""urn:uuid:2c0d398e-59cd-57ca-9674-8120edd7d69c"",""owner_native_state"":""language_reviewed"",""payload"":{""body_prose_copied"":false,""course_id"":""A30"",""edition_id"":""urn:uuid:981f6a22-1980-5906-a410-b659bc69cadd"",""label"":""m49301"",""learner_route_state"":""explicit_unavailable"",""native_id"":""m49301"",""ordinal"":3,""owner_source_bytes"":197298,""owner_source_path"":""m49301/index.cnxml"",""owner_source_sha256"":""81115d90dd1d9781e65844526bbbfbea638cc6fd515c623c4d535bf3bd0e37e3"",""owner_target_bytes"":205706,""owner_target_path"":""m49301/index.cnxml"",""owner_target_sha256"":""67678da7d3faa988d0c42a63ef15f140a2c0478610cd1fadc499fb749d55c77a"",""title"":""Modul m49301"",""unit_url"":null},""record_type"":""unit"",""recorded_at"":""2026-09-07T00:00:00Z"",""semantic_key"":""a30:unit:m49301""}"
tables/units.jsonl,12,urn:uuid:ecfd1e3f-1dd0-5542-b1b1-0f489bcb3752,unit,"{""dataset_id"":""urn:uuid:661831b3-5b74-549b-be92-b84ce5992a88"",""id"":""urn:uuid:ecfd1e3f-1dd0-5542-b1b1-0f489bcb3752"",""normalized_state"":""candidate"",""owner_authority_id"":""urn:uuid:2c0d398e-59cd-57ca-9674-8120edd7d69c"",""owner_native_state"":""language_reviewed"",""payload"":{""body_prose_copied"":false,""course_id"":""A30"",""edition_id"":""urn:uuid:981f6a22-1980-5906-a410-b659bc69cadd"",""label"":""m49327"",""learner_route_state"":""explicit_unavailable"",""native_id"":""m49327"",""ordinal"":14,""owner_source_bytes"":139768,""owner_source_path"":""m49327/index.cnxml"",""owner_source_sha256"":""8765c38377604e4eec697cf583f5ed977fe1e14fe12813c9e82c9733decd9681"",""owner_target_bytes"":142834,""owner_target_path"":""m49327/index.cnxml"",""owner_target_sha256"":""c6d46db9da3f9cbe13188c7c909f0cb12f19b8fd7ea72f731f396dac2bd9d8cd"",""title"":""Modul m49327"",""unit_url"":null},""record_type"":""unit"",""recorded_at"":""2026-09-07T00:00:00Z"",""semantic_key"":""a30:unit:m49327""}"
tables/units.jsonl,71,urn:uuid:ee25aa04-a162-53e8-a87b-1922b30aae98,unit,"{""dataset_id"":""urn:uuid:661831b3-5b74-549b-be92-b84ce5992a88"",""id"":""urn:uuid:ee25aa04-a162-53e8-a87b-1922b30aae98"",""normalized_state"":""candidate"",""owner_authority_id"":""urn:uuid:2c0d398e-59cd-57ca-9674-8120edd7d69c"",""owner_native_state"":""language_reviewed"",""payload"":{""body_prose_copied"":false,""course_id"":""A30"",""edition_id"":""urn:uuid:981f6a22-1980-5906-a410-b659bc69cadd"",""label"":""m49442"",""learner_route_state"":""explicit_unavailable"",""native_id"":""m49442"",""ordinal"":73,""owner_source_bytes"":221462,""owner_source_path"":""m49442/index.cnxml"",""owner_source_sha256"":""fcc8e508be4191c3d80e890fc3623171d56ff2b350b27fa67885a37ca5f7d1a8"",""owner_target_bytes"":224027,""owner_target_path"":""m49442/index.cnxml"",""owner_target_sha256"":""48b099ac33c663acb6dfc337516e39883228297e4b7dc61709b2ba2401541271"",""title"":""Modul m49442"",""unit_url"":null},""record_type"":""unit"",""recorded_at"":""2026-09-07T00:00:00Z"",""semantic_key"":""a30:unit:m49442""}"
tables/units.jsonl,84,urn:uuid:ef5a11f6-b7b3-5488-8b5e-ec74167fc4d2,unit,"{""dataset_id"":""urn:uuid:661831b3-5b74-549b-be92-b84ce5992a88"",""id"":""urn:uuid:ef5a11f6-b7b3-5488-8b5e-ec74167fc4d2"",""normalized_state"":""candidate"",""owner_authority_id"":""urn:uuid:2c0d398e-59cd-57ca-9674-8120edd7d69c"",""owner_native_state"":""language_reviewed"",""payload"":{""body_prose_copied"":false,""course_id"":""A30"",""edition_id"":""urn:uuid:981f6a22-1980-5906-a410-b659bc69cadd"",""label"":""m49455"",""learner_route_state"":""explicit_unavailable"",""native_id"":""m49455"",""ordinal"":86,""owner_source_bytes"":303095,""owner_source_path"":""m49455/index.cnxml"",""owner_source_sha256"":""a81dd626fad3b0d7484235fc580af4f09c0aadab8f8962ced969013f656b7971"",""owner_target_bytes"":296985,""owner_target_path"":""m49455/index.cnxml"",""owner_target_sha256"":""0d721da8d360ebd79d933a7019cfcb5ab46cfbd1aad7c17c434df59303ffa82b"",""title"":""Modul m49455"",""unit_url"":null},""record_type"":""unit"",""recorded_at"":""2026-09-07T00:00:00Z"",""semantic_key"":""a30:unit:m49455""}"
tables/units.jsonl,52,urn:uuid:f12e1b62-34ba-5bde-841a-1c477f90dbcb,unit,"{""dataset_id"":""urn:uuid:661831b3-5b74-549b-be92-b84ce5992a88"",""id"":""urn:uuid:f12e1b62-34ba-5bde-841a-1c477f90dbcb"",""normalized_state"":""candidate"",""owner_authority_id"":""urn:uuid:2c0d398e-59cd-57ca-9674-8120edd7d69c"",""owner_native_state"":""language_reviewed"",""payload"":{""body_prose_copied"":false,""course_id"":""A30"",""edition_id"":""urn:uuid:981f6a22-1980-5906-a410-b659bc69cadd"",""label"":""m49407"",""learner_route_state"":""explicit_unavailable"",""native_id"":""m49407"",""ordinal"":54,""owner_source_bytes"":175368,""owner_source_path"":""m49407/index.cnxml"",""owner_source_sha256"":""3783ce0448cac5515ba6b1f416af9cfe01275f4388ab45e1b443d98127fb12d8"",""owner_target_bytes"":176287,""owner_target_path"":""m49407/index.cnxml"",""owner_target_sha256"":""4f8beca31e2b9e38b454b0920af85d4ab020e3a1a44af63392daf364889053ac"",""title"":""Modul m49407"",""unit_url"":null},""record_type"":""unit"",""recorded_at"":""2026-09-07T00:00:00Z"",""semantic_key"":""a30:unit:m49407""}"
tables/units.jsonl,13,urn:uuid:f3fa9903-cb3c-5017-8192-f28331a26b4f,unit,"{""dataset_id"":""urn:uuid:661831b3-5b74-549b-be92-b84ce5992a88"",""id"":""urn:uuid:f3fa9903-cb3c-5017-8192-f28331a26b4f"",""normalized_state"":""candidate"",""owner_authority_id"":""urn:uuid:2c0d398e-59cd-57ca-9674-8120edd7d69c"",""owner_native_state"":""language_reviewed"",""payload"":{""body_prose_copied"":false,""course_id"":""A30"",""edition_id"":""urn:uuid:981f6a22-1980-5906-a410-b659bc69cadd"",""label"":""m49334"",""learner_route_state"":""explicit_unavailable"",""native_id"":""m49334"",""ordinal"":15,""owner_source_bytes"":2291,""owner_source_path"":""m49334/index.cnxml"",""owner_source_sha256"":""d3b403307895210436da9776c1e23248ca7788dcfa3380205c2ec37a5639a220"",""owner_target_bytes"":2465,""owner_target_path"":""m49334/index.cnxml"",""owner_target_sha256"":""81af9f513a822d5b829b87aec547f61d43879cf703fe4a3543884fa1ad0810ee"",""title"":""Modul m49334"",""unit_url"":null},""record_type"":""unit"",""recorded_at"":""2026-09-07T00:00:00Z"",""semantic_key"":""a30:unit:m49334""}"
tables/units.jsonl,82,urn:uuid:f517107a-975a-5ba9-bc44-d5f0cc9a77b8,unit,"{""dataset_id"":""urn:uuid:661831b3-5b74-549b-be92-b84ce5992a88"",""id"":""urn:uuid:f517107a-975a-5ba9-bc44-d5f0cc9a77b8"",""normalized_state"":""candidate"",""owner_authority_id"":""urn:uuid:2c0d398e-59cd-57ca-9674-8120edd7d69c"",""owner_native_state"":""language_reviewed"",""payload"":{""body_prose_copied"":false,""course_id"":""A30"",""edition_id"":""urn:uuid:981f6a22-1980-5906-a410-b659bc69cadd"",""label"":""m49453"",""learner_route_state"":""explicit_unavailable"",""native_id"":""m49453"",""ordinal"":84,""owner_source_bytes"":124052,""owner_source_path"":""m49453/index.cnxml"",""owner_source_sha256"":""239efbbc055450819e397454bebe6a5368af399d2bc2b688a5222b8ca79877c9"",""owner_target_bytes"":124801,""owner_target_path"":""m49453/index.cnxml"",""owner_target_sha256"":""648d3c467c42152db59bef881e3f37ace1297da0cee40b1c1aae6d005aba9056"",""title"":""Modul m49453"",""unit_url"":null},""record_type"":""unit"",""recorded_at"":""2026-09-07T00:00:00Z"",""semantic_key"":""a30:unit:m49453""}"
tables/units.jsonl,58,urn:uuid:fb208ee8-2cca-5962-8077-0cbfe4120502,unit,"{""dataset_id"":""urn:uuid:661831b3-5b74-549b-be92-b84ce5992a88"",""id"":""urn:uuid:fb208ee8-2cca-5962-8077-0cbfe4120502"",""normalized_state"":""candidate"",""owner_authority_id"":""urn:uuid:2c0d398e-59cd-57ca-9674-8120edd7d69c"",""owner_native_state"":""language_reviewed"",""payload"":{""body_prose_copied"":false,""course_id"":""A30"",""edition_id"":""urn:uuid:981f6a22-1980-5906-a410-b659bc69cadd"",""label"":""m49419"",""learner_route_state"":""explicit_unavailable"",""native_id"":""m49419"",""ordinal"":61,""owner_source_bytes"":171871,""owner_source_path"":""m49419/index.cnxml"",""owner_source_sha256"":""a5262806cdee35dcb4d062e6c1eae601c6f039a06e7179bba3a509d03c1a9373"",""owner_target_bytes"":310166,""owner_target_path"":""m49419/index.cnxml"",""owner_target_sha256"":""6dbbcdeec26ed153ba67c01c1631378672854a97988b382a82b8cf31d3452739"",""title"":""Modul m49419"",""unit_url"":null},""record_type"":""unit"",""recorded_at"":""2026-09-07T00:00:00Z"",""semantic_key"":""a30:unit:m49419""}"
tables/units.jsonl,26,urn:uuid:fb5b4b2f-4b28-57a2-933e-196ab5675726,unit,"{""dataset_id"":""urn:uuid:661831b3-5b74-549b-be92-b84ce5992a88"",""id"":""urn:uuid:fb5b4b2f-4b28-57a2-933e-196ab5675726"",""normalized_state"":""candidate"",""owner_authority_id"":""urn:uuid:2c0d398e-59cd-57ca-9674-8120edd7d69c"",""owner_native_state"":""language_reviewed"",""payload"":{""body_prose_copied"":false,""course_id"":""A30"",""edition_id"":""urn:uuid:981f6a22-1980-5906-a410-b659bc69cadd"",""label"":""m49363"",""learner_route_state"":""explicit_unavailable"",""native_id"":""m49363"",""ordinal"":28,""owner_source_bytes"":122415,""owner_source_path"":""m49363/index.cnxml"",""owner_source_sha256"":""099985e632e6e9ad3689fd74c1a423f454e71ab4920de5014318220df7d82fe6"",""owner_target_bytes"":125651,""owner_target_path"":""m49363/index.cnxml"",""owner_target_sha256"":""5b22371618ddb98894fcf4d3c18ac8bfe81ab83b8409fef47e1428a6c1321ce8"",""title"":""Modul m49363"",""unit_url"":null},""record_type"":""unit"",""recorded_at"":""2026-09-07T00:00:00Z"",""semantic_key"":""a30:unit:m49363""}"
