stable_id,record_type,canonical_record_json
urn:uuid:bf6f8829-84e2-5c72-a3a2-5e5f2c288602,identity_crosswalk,"{""dataset_id"":""urn:uuid:6090fc4b-b34d-5cff-8f65-acaa06ddd1fc"",""id"":""urn:uuid:bf6f8829-84e2-5c72-a3a2-5e5f2c288602"",""normalized_state"":""validated"",""owner_authority_id"":""urn:uuid:4dea4d1d-09ba-504e-9fcd-83524281ca97"",""owner_native_state"":""identity_declared"",""payload"":{""mapping_cardinality"":""one_to_one"",""mapping_state"":""mapped"",""reverse_recipe"":""jsonl_id(data/units.jsonl,urn:uuid:82d239c3-1cde-57c4-b480-18b23beba54a)"",""source_id"":""urn:uuid:82d239c3-1cde-57c4-b480-18b23beba54a"",""source_namespace"":""e810c566-4edf-5b5a-ad52-de3dc04e2083"",""source_record_type"":""unit"",""target_id"":""urn:uuid:11550bda-ab68-58a2-ba09-1b4804a618bd"",""target_namespace"":""0e4d7b37-6108-5065-b08f-d1098697cc02"",""target_record_type"":""unit""},""record_type"":""identity_crosswalk"",""recorded_at"":""2026-08-30T00:00:00Z"",""semantic_key"":""b10:dmoi4:crosswalk:urn:uuid:82d239c3-1cde-57c4-b480-18b23beba54a""}"
urn:uuid:20fce0cd-13cf-5cdd-941a-37c0d0430534,identity_crosswalk,"{""dataset_id"":""urn:uuid:6090fc4b-b34d-5cff-8f65-acaa06ddd1fc"",""id"":""urn:uuid:20fce0cd-13cf-5cdd-941a-37c0d0430534"",""normalized_state"":""validated"",""owner_authority_id"":""urn:uuid:4dea4d1d-09ba-504e-9fcd-83524281ca97"",""owner_native_state"":""identity_declared"",""payload"":{""mapping_cardinality"":""one_to_one"",""mapping_state"":""mapped"",""reverse_recipe"":""jsonl_id(data/units.jsonl,urn:uuid:a15e9a92-85ff-590c-8ee9-5d7d4ec7e6ba)"",""source_id"":""urn:uuid:a15e9a92-85ff-590c-8ee9-5d7d4ec7e6ba"",""source_namespace"":""e810c566-4edf-5b5a-ad52-de3dc04e2083"",""source_record_type"":""unit"",""target_id"":""urn:uuid:84cd5e39-b417-569a-8752-d5cfa138de04"",""target_namespace"":""0e4d7b37-6108-5065-b08f-d1098697cc02"",""target_record_type"":""unit""},""record_type"":""identity_crosswalk"",""recorded_at"":""2026-08-30T00:00:00Z"",""semantic_key"":""b10:dmoi4:crosswalk:urn:uuid:a15e9a92-85ff-590c-8ee9-5d7d4ec7e6ba""}"
urn:uuid:43b95573-555c-5fe7-8c96-a940c3496b7e,identity_crosswalk,"{""dataset_id"":""urn:uuid:6090fc4b-b34d-5cff-8f65-acaa06ddd1fc"",""id"":""urn:uuid:43b95573-555c-5fe7-8c96-a940c3496b7e"",""normalized_state"":""validated"",""owner_authority_id"":""urn:uuid:4dea4d1d-09ba-504e-9fcd-83524281ca97"",""owner_native_state"":""identity_declared"",""payload"":{""mapping_cardinality"":""one_to_one"",""mapping_state"":""mapped"",""reverse_recipe"":""jsonl_id(data/units.jsonl,urn:uuid:d5ad10eb-618e-5020-ba8c-9706c0f82d36)"",""source_id"":""urn:uuid:d5ad10eb-618e-5020-ba8c-9706c0f82d36"",""source_namespace"":""e810c566-4edf-5b5a-ad52-de3dc04e2083"",""source_record_type"":""unit"",""target_id"":""urn:uuid:766c090b-83b7-5869-9a47-1ec6c69c15a5"",""target_namespace"":""0e4d7b37-6108-5065-b08f-d1098697cc02"",""target_record_type"":""unit""},""record_type"":""identity_crosswalk"",""recorded_at"":""2026-08-30T00:00:00Z"",""semantic_key"":""b10:dmoi4:crosswalk:urn:uuid:d5ad10eb-618e-5020-ba8c-9706c0f82d36""}"
urn:uuid:a92824ca-ed93-5662-a1cf-78ab9a1312ef,identity_crosswalk,"{""dataset_id"":""urn:uuid:6090fc4b-b34d-5cff-8f65-acaa06ddd1fc"",""id"":""urn:uuid:a92824ca-ed93-5662-a1cf-78ab9a1312ef"",""normalized_state"":""validated"",""owner_authority_id"":""urn:uuid:4dea4d1d-09ba-504e-9fcd-83524281ca97"",""owner_native_state"":""identity_declared"",""payload"":{""mapping_cardinality"":""one_to_one"",""mapping_state"":""mapped"",""reverse_recipe"":""jsonl_id(data/units.jsonl,urn:uuid:efca38ac-b48c-5892-bfab-621754bb213f)"",""source_id"":""urn:uuid:efca38ac-b48c-5892-bfab-621754bb213f"",""source_namespace"":""e810c566-4edf-5b5a-ad52-de3dc04e2083"",""source_record_type"":""unit"",""target_id"":""urn:uuid:9051e86f-ccdc-51d1-90de-c7536078b00e"",""target_namespace"":""0e4d7b37-6108-5065-b08f-d1098697cc02"",""target_record_type"":""unit""},""record_type"":""identity_crosswalk"",""recorded_at"":""2026-08-30T00:00:00Z"",""semantic_key"":""b10:dmoi4:crosswalk:urn:uuid:efca38ac-b48c-5892-bfab-621754bb213f""}"
urn:uuid:d8318042-de70-5106-9654-a03128b0fb9e,identity_crosswalk,"{""dataset_id"":""urn:uuid:6090fc4b-b34d-5cff-8f65-acaa06ddd1fc"",""id"":""urn:uuid:d8318042-de70-5106-9654-a03128b0fb9e"",""normalized_state"":""validated"",""owner_authority_id"":""urn:uuid:4dea4d1d-09ba-504e-9fcd-83524281ca97"",""owner_native_state"":""identity_declared"",""payload"":{""mapping_cardinality"":""one_to_one"",""mapping_state"":""mapped"",""reverse_recipe"":""jsonl_id(data/units.jsonl,urn:uuid:7c5993dd-8b3b-5d7a-aa84-3249241b2902)"",""source_id"":""urn:uuid:7c5993dd-8b3b-5d7a-aa84-3249241b2902"",""source_namespace"":""e810c566-4edf-5b5a-ad52-de3dc04e2083"",""source_record_type"":""unit"",""target_id"":""urn:uuid:3e2d6337-52e0-5978-8fcd-53b54eb3371c"",""target_namespace"":""0e4d7b37-6108-5065-b08f-d1098697cc02"",""target_record_type"":""unit""},""record_type"":""identity_crosswalk"",""recorded_at"":""2026-08-30T00:00:00Z"",""semantic_key"":""b10:dmoi4:crosswalk:urn:uuid:7c5993dd-8b3b-5d7a-aa84-3249241b2902""}"
urn:uuid:0eb052e0-1d87-5ed1-ade7-5991c13637c7,identity_crosswalk,"{""dataset_id"":""urn:uuid:6090fc4b-b34d-5cff-8f65-acaa06ddd1fc"",""id"":""urn:uuid:0eb052e0-1d87-5ed1-ade7-5991c13637c7"",""normalized_state"":""validated"",""owner_authority_id"":""urn:uuid:4dea4d1d-09ba-504e-9fcd-83524281ca97"",""owner_native_state"":""identity_declared"",""payload"":{""mapping_cardinality"":""one_to_one"",""mapping_state"":""mapped"",""reverse_recipe"":""jsonl_id(data/units.jsonl,urn:uuid:efd1261e-76a8-5f4e-97e5-4333fe0a3277)"",""source_id"":""urn:uuid:efd1261e-76a8-5f4e-97e5-4333fe0a3277"",""source_namespace"":""e810c566-4edf-5b5a-ad52-de3dc04e2083"",""source_record_type"":""unit"",""target_id"":""urn:uuid:6b2a4f1c-3c35-5bd1-bc52-5765d6f46456"",""target_namespace"":""0e4d7b37-6108-5065-b08f-d1098697cc02"",""target_record_type"":""unit""},""record_type"":""identity_crosswalk"",""recorded_at"":""2026-08-30T00:00:00Z"",""semantic_key"":""b10:dmoi4:crosswalk:urn:uuid:efd1261e-76a8-5f4e-97e5-4333fe0a3277""}"
urn:uuid:2846f363-40f4-59c0-816a-2897ddb0a2b4,identity_crosswalk,"{""dataset_id"":""urn:uuid:6090fc4b-b34d-5cff-8f65-acaa06ddd1fc"",""id"":""urn:uuid:2846f363-40f4-59c0-816a-2897ddb0a2b4"",""normalized_state"":""validated"",""owner_authority_id"":""urn:uuid:4dea4d1d-09ba-504e-9fcd-83524281ca97"",""owner_native_state"":""identity_declared"",""payload"":{""mapping_cardinality"":""one_to_one"",""mapping_state"":""mapped"",""reverse_recipe"":""jsonl_id(data/units.jsonl,urn:uuid:9f48b5ff-4d59-5007-8e41-6772ca2e8596)"",""source_id"":""urn:uuid:9f48b5ff-4d59-5007-8e41-6772ca2e8596"",""source_namespace"":""e810c566-4edf-5b5a-ad52-de3dc04e2083"",""source_record_type"":""unit"",""target_id"":""urn:uuid:d7bb0097-2569-5d12-a917-79ca08045b39"",""target_namespace"":""0e4d7b37-6108-5065-b08f-d1098697cc02"",""target_record_type"":""unit""},""record_type"":""identity_crosswalk"",""recorded_at"":""2026-08-30T00:00:00Z"",""semantic_key"":""b10:dmoi4:crosswalk:urn:uuid:9f48b5ff-4d59-5007-8e41-6772ca2e8596""}"
urn:uuid:d277b0b8-32e7-51e0-9427-04410325449b,identity_crosswalk,"{""dataset_id"":""urn:uuid:6090fc4b-b34d-5cff-8f65-acaa06ddd1fc"",""id"":""urn:uuid:d277b0b8-32e7-51e0-9427-04410325449b"",""normalized_state"":""validated"",""owner_authority_id"":""urn:uuid:4dea4d1d-09ba-504e-9fcd-83524281ca97"",""owner_native_state"":""identity_declared"",""payload"":{""mapping_cardinality"":""one_to_one"",""mapping_state"":""mapped"",""reverse_recipe"":""jsonl_id(data/units.jsonl,urn:uuid:c62f81d9-e1b1-5b8f-a1ca-222b980eea84)"",""source_id"":""urn:uuid:c62f81d9-e1b1-5b8f-a1ca-222b980eea84"",""source_namespace"":""e810c566-4edf-5b5a-ad52-de3dc04e2083"",""source_record_type"":""unit"",""target_id"":""urn:uuid:b979da6e-1e58-52af-a0be-aef429a0450e"",""target_namespace"":""0e4d7b37-6108-5065-b08f-d1098697cc02"",""target_record_type"":""unit""},""record_type"":""identity_crosswalk"",""recorded_at"":""2026-08-30T00:00:00Z"",""semantic_key"":""b10:dmoi4:crosswalk:urn:uuid:c62f81d9-e1b1-5b8f-a1ca-222b980eea84""}"
urn:uuid:48ddc993-a76a-5c75-84a7-5741af6643af,identity_crosswalk,"{""dataset_id"":""urn:uuid:6090fc4b-b34d-5cff-8f65-acaa06ddd1fc"",""id"":""urn:uuid:48ddc993-a76a-5c75-84a7-5741af6643af"",""normalized_state"":""validated"",""owner_authority_id"":""urn:uuid:4dea4d1d-09ba-504e-9fcd-83524281ca97"",""owner_native_state"":""identity_declared"",""payload"":{""mapping_cardinality"":""one_to_one"",""mapping_state"":""mapped"",""reverse_recipe"":""jsonl_id(data/units.jsonl,urn:uuid:437004b6-9db4-521e-bbdc-443327280397)"",""source_id"":""urn:uuid:437004b6-9db4-521e-bbdc-443327280397"",""source_namespace"":""e810c566-4edf-5b5a-ad52-de3dc04e2083"",""source_record_type"":""unit"",""target_id"":""urn:uuid:4db66166-83d2-567a-89d6-e549c98bf28a"",""target_namespace"":""0e4d7b37-6108-5065-b08f-d1098697cc02"",""target_record_type"":""unit""},""record_type"":""identity_crosswalk"",""recorded_at"":""2026-08-30T00:00:00Z"",""semantic_key"":""b10:dmoi4:crosswalk:urn:uuid:437004b6-9db4-521e-bbdc-443327280397""}"
urn:uuid:717b470a-93bd-54c7-9447-1b936744660d,identity_crosswalk,"{""dataset_id"":""urn:uuid:6090fc4b-b34d-5cff-8f65-acaa06ddd1fc"",""id"":""urn:uuid:717b470a-93bd-54c7-9447-1b936744660d"",""normalized_state"":""validated"",""owner_authority_id"":""urn:uuid:4dea4d1d-09ba-504e-9fcd-83524281ca97"",""owner_native_state"":""identity_declared"",""payload"":{""mapping_cardinality"":""one_to_one"",""mapping_state"":""mapped"",""reverse_recipe"":""jsonl_id(data/units.jsonl,urn:uuid:20050fc6-9223-5ecb-8b25-c4d3241193f7)"",""source_id"":""urn:uuid:20050fc6-9223-5ecb-8b25-c4d3241193f7"",""source_namespace"":""e810c566-4edf-5b5a-ad52-de3dc04e2083"",""source_record_type"":""unit"",""target_id"":""urn:uuid:299f0824-e5f1-5371-b8b9-ae1c3d2c9efa"",""target_namespace"":""0e4d7b37-6108-5065-b08f-d1098697cc02"",""target_record_type"":""unit""},""record_type"":""identity_crosswalk"",""recorded_at"":""2026-08-30T00:00:00Z"",""semantic_key"":""b10:dmoi4:crosswalk:urn:uuid:20050fc6-9223-5ecb-8b25-c4d3241193f7""}"
urn:uuid:a1f89584-d8cd-5229-9e63-60fe52f01d3c,identity_crosswalk,"{""dataset_id"":""urn:uuid:6090fc4b-b34d-5cff-8f65-acaa06ddd1fc"",""id"":""urn:uuid:a1f89584-d8cd-5229-9e63-60fe52f01d3c"",""normalized_state"":""validated"",""owner_authority_id"":""urn:uuid:4dea4d1d-09ba-504e-9fcd-83524281ca97"",""owner_native_state"":""identity_declared"",""payload"":{""mapping_cardinality"":""one_to_one"",""mapping_state"":""mapped"",""reverse_recipe"":""jsonl_id(data/units.jsonl,urn:uuid:ce1ad081-835f-5198-92b4-22c6e8b1c25b)"",""source_id"":""urn:uuid:ce1ad081-835f-5198-92b4-22c6e8b1c25b"",""source_namespace"":""e810c566-4edf-5b5a-ad52-de3dc04e2083"",""source_record_type"":""unit"",""target_id"":""urn:uuid:f9f985ef-4ade-58cd-8508-84ebd4099b68"",""target_namespace"":""0e4d7b37-6108-5065-b08f-d1098697cc02"",""target_record_type"":""unit""},""record_type"":""identity_crosswalk"",""recorded_at"":""2026-08-30T00:00:00Z"",""semantic_key"":""b10:dmoi4:crosswalk:urn:uuid:ce1ad081-835f-5198-92b4-22c6e8b1c25b""}"
urn:uuid:6c277109-33e0-5a0f-a64e-5a041845b780,identity_crosswalk,"{""dataset_id"":""urn:uuid:6090fc4b-b34d-5cff-8f65-acaa06ddd1fc"",""id"":""urn:uuid:6c277109-33e0-5a0f-a64e-5a041845b780"",""normalized_state"":""validated"",""owner_authority_id"":""urn:uuid:4dea4d1d-09ba-504e-9fcd-83524281ca97"",""owner_native_state"":""identity_declared"",""payload"":{""mapping_cardinality"":""one_to_one"",""mapping_state"":""mapped"",""reverse_recipe"":""jsonl_id(data/units.jsonl,urn:uuid:dcc8a1b1-baec-5ebb-ace0-b05ac0b0dbb3)"",""source_id"":""urn:uuid:dcc8a1b1-baec-5ebb-ace0-b05ac0b0dbb3"",""source_namespace"":""e810c566-4edf-5b5a-ad52-de3dc04e2083"",""source_record_type"":""unit"",""target_id"":""urn:uuid:8cc6bdb5-98aa-5c1e-b187-b04733a0c205"",""target_namespace"":""0e4d7b37-6108-5065-b08f-d1098697cc02"",""target_record_type"":""unit""},""record_type"":""identity_crosswalk"",""recorded_at"":""2026-08-30T00:00:00Z"",""semantic_key"":""b10:dmoi4:crosswalk:urn:uuid:dcc8a1b1-baec-5ebb-ace0-b05ac0b0dbb3""}"
urn:uuid:469afb2d-8a2f-5770-9f4b-502089ba3bd3,identity_crosswalk,"{""dataset_id"":""urn:uuid:6090fc4b-b34d-5cff-8f65-acaa06ddd1fc"",""id"":""urn:uuid:469afb2d-8a2f-5770-9f4b-502089ba3bd3"",""normalized_state"":""validated"",""owner_authority_id"":""urn:uuid:4dea4d1d-09ba-504e-9fcd-83524281ca97"",""owner_native_state"":""identity_declared"",""payload"":{""mapping_cardinality"":""one_to_one"",""mapping_state"":""mapped"",""reverse_recipe"":""jsonl_id(data/units.jsonl,urn:uuid:d267e9b0-4f2c-59d8-be2f-fea5a4ef7e93)"",""source_id"":""urn:uuid:d267e9b0-4f2c-59d8-be2f-fea5a4ef7e93"",""source_namespace"":""e810c566-4edf-5b5a-ad52-de3dc04e2083"",""source_record_type"":""unit"",""target_id"":""urn:uuid:c3756ea1-fba4-5de4-88f5-2b9a431cb4b3"",""target_namespace"":""0e4d7b37-6108-5065-b08f-d1098697cc02"",""target_record_type"":""unit""},""record_type"":""identity_crosswalk"",""recorded_at"":""2026-08-30T00:00:00Z"",""semantic_key"":""b10:dmoi4:crosswalk:urn:uuid:d267e9b0-4f2c-59d8-be2f-fea5a4ef7e93""}"
urn:uuid:109121b6-03ae-521b-840a-3abbf1a07d12,identity_crosswalk,"{""dataset_id"":""urn:uuid:6090fc4b-b34d-5cff-8f65-acaa06ddd1fc"",""id"":""urn:uuid:109121b6-03ae-521b-840a-3abbf1a07d12"",""normalized_state"":""validated"",""owner_authority_id"":""urn:uuid:4dea4d1d-09ba-504e-9fcd-83524281ca97"",""owner_native_state"":""identity_declared"",""payload"":{""mapping_cardinality"":""one_to_one"",""mapping_state"":""mapped"",""reverse_recipe"":""jsonl_id(data/units.jsonl,urn:uuid:1ce5d3c9-15e3-5454-9647-fb4816ced777)"",""source_id"":""urn:uuid:1ce5d3c9-15e3-5454-9647-fb4816ced777"",""source_namespace"":""e810c566-4edf-5b5a-ad52-de3dc04e2083"",""source_record_type"":""unit"",""target_id"":""urn:uuid:8729e8a5-9bfa-5a59-af37-a9ccdec0611c"",""target_namespace"":""0e4d7b37-6108-5065-b08f-d1098697cc02"",""target_record_type"":""unit""},""record_type"":""identity_crosswalk"",""recorded_at"":""2026-08-30T00:00:00Z"",""semantic_key"":""b10:dmoi4:crosswalk:urn:uuid:1ce5d3c9-15e3-5454-9647-fb4816ced777""}"
urn:uuid:4ecc8a01-9da1-526f-91f8-785f001a5ce1,identity_crosswalk,"{""dataset_id"":""urn:uuid:6090fc4b-b34d-5cff-8f65-acaa06ddd1fc"",""id"":""urn:uuid:4ecc8a01-9da1-526f-91f8-785f001a5ce1"",""normalized_state"":""validated"",""owner_authority_id"":""urn:uuid:4dea4d1d-09ba-504e-9fcd-83524281ca97"",""owner_native_state"":""identity_declared"",""payload"":{""mapping_cardinality"":""one_to_one"",""mapping_state"":""mapped"",""reverse_recipe"":""jsonl_id(data/units.jsonl,urn:uuid:4ebee82f-1c11-5a7d-bc0b-36c9bda66ced)"",""source_id"":""urn:uuid:4ebee82f-1c11-5a7d-bc0b-36c9bda66ced"",""source_namespace"":""e810c566-4edf-5b5a-ad52-de3dc04e2083"",""source_record_type"":""unit"",""target_id"":""urn:uuid:31b8e990-3f1b-5b8e-ac4c-9b25742a7baa"",""target_namespace"":""0e4d7b37-6108-5065-b08f-d1098697cc02"",""target_record_type"":""unit""},""record_type"":""identity_crosswalk"",""recorded_at"":""2026-08-30T00:00:00Z"",""semantic_key"":""b10:dmoi4:crosswalk:urn:uuid:4ebee82f-1c11-5a7d-bc0b-36c9bda66ced""}"
urn:uuid:e2c0948c-62b8-5e3e-bcd0-60b76da30d90,identity_crosswalk,"{""dataset_id"":""urn:uuid:6090fc4b-b34d-5cff-8f65-acaa06ddd1fc"",""id"":""urn:uuid:e2c0948c-62b8-5e3e-bcd0-60b76da30d90"",""normalized_state"":""validated"",""owner_authority_id"":""urn:uuid:4dea4d1d-09ba-504e-9fcd-83524281ca97"",""owner_native_state"":""identity_declared"",""payload"":{""mapping_cardinality"":""one_to_one"",""mapping_state"":""mapped"",""reverse_recipe"":""jsonl_id(data/units.jsonl,urn:uuid:534cf573-b62a-58c4-9b9b-cf06e171c88e)"",""source_id"":""urn:uuid:534cf573-b62a-58c4-9b9b-cf06e171c88e"",""source_namespace"":""e810c566-4edf-5b5a-ad52-de3dc04e2083"",""source_record_type"":""unit"",""target_id"":""urn:uuid:312e4a06-dc22-5bfd-b100-b7536c280fc7"",""target_namespace"":""0e4d7b37-6108-5065-b08f-d1098697cc02"",""target_record_type"":""unit""},""record_type"":""identity_crosswalk"",""recorded_at"":""2026-08-30T00:00:00Z"",""semantic_key"":""b10:dmoi4:crosswalk:urn:uuid:534cf573-b62a-58c4-9b9b-cf06e171c88e""}"
urn:uuid:18417c45-f176-5080-8df6-64fb1d7147a4,identity_crosswalk,"{""dataset_id"":""urn:uuid:6090fc4b-b34d-5cff-8f65-acaa06ddd1fc"",""id"":""urn:uuid:18417c45-f176-5080-8df6-64fb1d7147a4"",""normalized_state"":""validated"",""owner_authority_id"":""urn:uuid:4dea4d1d-09ba-504e-9fcd-83524281ca97"",""owner_native_state"":""identity_declared"",""payload"":{""mapping_cardinality"":""one_to_one"",""mapping_state"":""mapped"",""reverse_recipe"":""jsonl_id(data/units.jsonl,urn:uuid:9755415d-7e8e-58bd-b71a-627f7787e534)"",""source_id"":""urn:uuid:9755415d-7e8e-58bd-b71a-627f7787e534"",""source_namespace"":""e810c566-4edf-5b5a-ad52-de3dc04e2083"",""source_record_type"":""unit"",""target_id"":""urn:uuid:73354fe7-5dd9-56b2-9548-ea98cebcabe7"",""target_namespace"":""0e4d7b37-6108-5065-b08f-d1098697cc02"",""target_record_type"":""unit""},""record_type"":""identity_crosswalk"",""recorded_at"":""2026-08-30T00:00:00Z"",""semantic_key"":""b10:dmoi4:crosswalk:urn:uuid:9755415d-7e8e-58bd-b71a-627f7787e534""}"
urn:uuid:049b7a03-3921-5795-8e7e-9173384c7171,identity_crosswalk,"{""dataset_id"":""urn:uuid:6090fc4b-b34d-5cff-8f65-acaa06ddd1fc"",""id"":""urn:uuid:049b7a03-3921-5795-8e7e-9173384c7171"",""normalized_state"":""validated"",""owner_authority_id"":""urn:uuid:4dea4d1d-09ba-504e-9fcd-83524281ca97"",""owner_native_state"":""identity_declared"",""payload"":{""mapping_cardinality"":""one_to_one"",""mapping_state"":""mapped"",""reverse_recipe"":""jsonl_id(data/units.jsonl,urn:uuid:477b71fa-a708-54ca-aa0a-a022e9107e4f)"",""source_id"":""urn:uuid:477b71fa-a708-54ca-aa0a-a022e9107e4f"",""source_namespace"":""e810c566-4edf-5b5a-ad52-de3dc04e2083"",""source_record_type"":""unit"",""target_id"":""urn:uuid:f4d28aef-e9ba-5929-93ab-9e56bbeb4845"",""target_namespace"":""0e4d7b37-6108-5065-b08f-d1098697cc02"",""target_record_type"":""unit""},""record_type"":""identity_crosswalk"",""recorded_at"":""2026-08-30T00:00:00Z"",""semantic_key"":""b10:dmoi4:crosswalk:urn:uuid:477b71fa-a708-54ca-aa0a-a022e9107e4f""}"
urn:uuid:0770ce91-290d-507a-87df-93c04f764d65,identity_crosswalk,"{""dataset_id"":""urn:uuid:6090fc4b-b34d-5cff-8f65-acaa06ddd1fc"",""id"":""urn:uuid:0770ce91-290d-507a-87df-93c04f764d65"",""normalized_state"":""validated"",""owner_authority_id"":""urn:uuid:4dea4d1d-09ba-504e-9fcd-83524281ca97"",""owner_native_state"":""identity_declared"",""payload"":{""mapping_cardinality"":""one_to_one"",""mapping_state"":""mapped"",""reverse_recipe"":""jsonl_id(data/units.jsonl,urn:uuid:1e2aa05b-49df-5806-b999-c8cd2ae9252d)"",""source_id"":""urn:uuid:1e2aa05b-49df-5806-b999-c8cd2ae9252d"",""source_namespace"":""e810c566-4edf-5b5a-ad52-de3dc04e2083"",""source_record_type"":""unit"",""target_id"":""urn:uuid:da5a6067-9036-5183-8fab-01a6a429bfa5"",""target_namespace"":""0e4d7b37-6108-5065-b08f-d1098697cc02"",""target_record_type"":""unit""},""record_type"":""identity_crosswalk"",""recorded_at"":""2026-08-30T00:00:00Z"",""semantic_key"":""b10:dmoi4:crosswalk:urn:uuid:1e2aa05b-49df-5806-b999-c8cd2ae9252d""}"
urn:uuid:8e17d677-4271-548b-b606-710e2afa91e1,identity_crosswalk,"{""dataset_id"":""urn:uuid:6090fc4b-b34d-5cff-8f65-acaa06ddd1fc"",""id"":""urn:uuid:8e17d677-4271-548b-b606-710e2afa91e1"",""normalized_state"":""validated"",""owner_authority_id"":""urn:uuid:4dea4d1d-09ba-504e-9fcd-83524281ca97"",""owner_native_state"":""identity_declared"",""payload"":{""mapping_cardinality"":""one_to_one"",""mapping_state"":""mapped"",""reverse_recipe"":""jsonl_id(data/units.jsonl,urn:uuid:c4fb9c9e-e59b-5a7d-a14e-0dac93dccad2)"",""source_id"":""urn:uuid:c4fb9c9e-e59b-5a7d-a14e-0dac93dccad2"",""source_namespace"":""e810c566-4edf-5b5a-ad52-de3dc04e2083"",""source_record_type"":""unit"",""target_id"":""urn:uuid:bac3b8c4-fa61-5975-af6c-dec43c9a9946"",""target_namespace"":""0e4d7b37-6108-5065-b08f-d1098697cc02"",""target_record_type"":""unit""},""record_type"":""identity_crosswalk"",""recorded_at"":""2026-08-30T00:00:00Z"",""semantic_key"":""b10:dmoi4:crosswalk:urn:uuid:c4fb9c9e-e59b-5a7d-a14e-0dac93dccad2""}"
urn:uuid:2c342e5c-6296-59bb-b81c-a2e27c06f3eb,identity_crosswalk,"{""dataset_id"":""urn:uuid:6090fc4b-b34d-5cff-8f65-acaa06ddd1fc"",""id"":""urn:uuid:2c342e5c-6296-59bb-b81c-a2e27c06f3eb"",""normalized_state"":""validated"",""owner_authority_id"":""urn:uuid:4dea4d1d-09ba-504e-9fcd-83524281ca97"",""owner_native_state"":""identity_declared"",""payload"":{""mapping_cardinality"":""one_to_one"",""mapping_state"":""mapped"",""reverse_recipe"":""jsonl_id(data/units.jsonl,urn:uuid:75565ac0-0188-5e97-9b71-0fe965d8f204)"",""source_id"":""urn:uuid:75565ac0-0188-5e97-9b71-0fe965d8f204"",""source_namespace"":""e810c566-4edf-5b5a-ad52-de3dc04e2083"",""source_record_type"":""unit"",""target_id"":""urn:uuid:9f397d4d-f919-53af-9ee7-14d6ed96a5b1"",""target_namespace"":""0e4d7b37-6108-5065-b08f-d1098697cc02"",""target_record_type"":""unit""},""record_type"":""identity_crosswalk"",""recorded_at"":""2026-08-30T00:00:00Z"",""semantic_key"":""b10:dmoi4:crosswalk:urn:uuid:75565ac0-0188-5e97-9b71-0fe965d8f204""}"
urn:uuid:60a06776-c30b-5b7a-86d3-bfff22c0798c,identity_crosswalk,"{""dataset_id"":""urn:uuid:6090fc4b-b34d-5cff-8f65-acaa06ddd1fc"",""id"":""urn:uuid:60a06776-c30b-5b7a-86d3-bfff22c0798c"",""normalized_state"":""validated"",""owner_authority_id"":""urn:uuid:4dea4d1d-09ba-504e-9fcd-83524281ca97"",""owner_native_state"":""identity_declared"",""payload"":{""mapping_cardinality"":""one_to_one"",""mapping_state"":""mapped"",""reverse_recipe"":""jsonl_id(data/units.jsonl,urn:uuid:a59fa894-43a4-5162-a043-1d683bc7e52e)"",""source_id"":""urn:uuid:a59fa894-43a4-5162-a043-1d683bc7e52e"",""source_namespace"":""e810c566-4edf-5b5a-ad52-de3dc04e2083"",""source_record_type"":""unit"",""target_id"":""urn:uuid:5996e8aa-17f7-597c-96ca-ba3e878f62b2"",""target_namespace"":""0e4d7b37-6108-5065-b08f-d1098697cc02"",""target_record_type"":""unit""},""record_type"":""identity_crosswalk"",""recorded_at"":""2026-08-30T00:00:00Z"",""semantic_key"":""b10:dmoi4:crosswalk:urn:uuid:a59fa894-43a4-5162-a043-1d683bc7e52e""}"
urn:uuid:9bafbf2b-455b-531a-a158-ad71ac30bb7f,identity_crosswalk,"{""dataset_id"":""urn:uuid:6090fc4b-b34d-5cff-8f65-acaa06ddd1fc"",""id"":""urn:uuid:9bafbf2b-455b-531a-a158-ad71ac30bb7f"",""normalized_state"":""validated"",""owner_authority_id"":""urn:uuid:4dea4d1d-09ba-504e-9fcd-83524281ca97"",""owner_native_state"":""identity_declared"",""payload"":{""mapping_cardinality"":""one_to_one"",""mapping_state"":""mapped"",""reverse_recipe"":""jsonl_id(data/units.jsonl,urn:uuid:ee5e6c65-fb1e-505e-850a-fc1c241c0555)"",""source_id"":""urn:uuid:ee5e6c65-fb1e-505e-850a-fc1c241c0555"",""source_namespace"":""e810c566-4edf-5b5a-ad52-de3dc04e2083"",""source_record_type"":""unit"",""target_id"":""urn:uuid:5f8d9d1b-bc2e-59ce-b1e3-5baf65adda90"",""target_namespace"":""0e4d7b37-6108-5065-b08f-d1098697cc02"",""target_record_type"":""unit""},""record_type"":""identity_crosswalk"",""recorded_at"":""2026-08-30T00:00:00Z"",""semantic_key"":""b10:dmoi4:crosswalk:urn:uuid:ee5e6c65-fb1e-505e-850a-fc1c241c0555""}"
urn:uuid:2cf4f242-a8b2-5900-9195-026580cccdee,identity_crosswalk,"{""dataset_id"":""urn:uuid:6090fc4b-b34d-5cff-8f65-acaa06ddd1fc"",""id"":""urn:uuid:2cf4f242-a8b2-5900-9195-026580cccdee"",""normalized_state"":""validated"",""owner_authority_id"":""urn:uuid:4dea4d1d-09ba-504e-9fcd-83524281ca97"",""owner_native_state"":""identity_declared"",""payload"":{""mapping_cardinality"":""one_to_one"",""mapping_state"":""mapped"",""reverse_recipe"":""jsonl_id(data/units.jsonl,urn:uuid:1097d4b3-80a2-5df0-84f7-e3b1ab75e4be)"",""source_id"":""urn:uuid:1097d4b3-80a2-5df0-84f7-e3b1ab75e4be"",""source_namespace"":""e810c566-4edf-5b5a-ad52-de3dc04e2083"",""source_record_type"":""unit"",""target_id"":""urn:uuid:381a8881-37e6-524c-a408-553697603f3c"",""target_namespace"":""0e4d7b37-6108-5065-b08f-d1098697cc02"",""target_record_type"":""unit""},""record_type"":""identity_crosswalk"",""recorded_at"":""2026-08-30T00:00:00Z"",""semantic_key"":""b10:dmoi4:crosswalk:urn:uuid:1097d4b3-80a2-5df0-84f7-e3b1ab75e4be""}"
urn:uuid:db1d39b7-03ba-5916-9f54-1f342955861f,identity_crosswalk,"{""dataset_id"":""urn:uuid:6090fc4b-b34d-5cff-8f65-acaa06ddd1fc"",""id"":""urn:uuid:db1d39b7-03ba-5916-9f54-1f342955861f"",""normalized_state"":""validated"",""owner_authority_id"":""urn:uuid:4dea4d1d-09ba-504e-9fcd-83524281ca97"",""owner_native_state"":""identity_declared"",""payload"":{""mapping_cardinality"":""one_to_one"",""mapping_state"":""mapped"",""reverse_recipe"":""jsonl_id(data/units.jsonl,urn:uuid:678d2c32-d7bd-5cb3-a2c1-24e1748a821d)"",""source_id"":""urn:uuid:678d2c32-d7bd-5cb3-a2c1-24e1748a821d"",""source_namespace"":""e810c566-4edf-5b5a-ad52-de3dc04e2083"",""source_record_type"":""unit"",""target_id"":""urn:uuid:13df02c2-6879-50f3-9437-c523619594ae"",""target_namespace"":""0e4d7b37-6108-5065-b08f-d1098697cc02"",""target_record_type"":""unit""},""record_type"":""identity_crosswalk"",""recorded_at"":""2026-08-30T00:00:00Z"",""semantic_key"":""b10:dmoi4:crosswalk:urn:uuid:678d2c32-d7bd-5cb3-a2c1-24e1748a821d""}"
urn:uuid:6df45133-c42f-5459-81df-f131dd09334f,identity_crosswalk,"{""dataset_id"":""urn:uuid:6090fc4b-b34d-5cff-8f65-acaa06ddd1fc"",""id"":""urn:uuid:6df45133-c42f-5459-81df-f131dd09334f"",""normalized_state"":""validated"",""owner_authority_id"":""urn:uuid:4dea4d1d-09ba-504e-9fcd-83524281ca97"",""owner_native_state"":""identity_declared"",""payload"":{""mapping_cardinality"":""one_to_one"",""mapping_state"":""mapped"",""reverse_recipe"":""jsonl_id(data/units.jsonl,urn:uuid:d0604aed-7823-5452-98e4-c842363ae352)"",""source_id"":""urn:uuid:d0604aed-7823-5452-98e4-c842363ae352"",""source_namespace"":""e810c566-4edf-5b5a-ad52-de3dc04e2083"",""source_record_type"":""unit"",""target_id"":""urn:uuid:fcbaa9a2-807c-5893-979b-cca4c7bfe544"",""target_namespace"":""0e4d7b37-6108-5065-b08f-d1098697cc02"",""target_record_type"":""unit""},""record_type"":""identity_crosswalk"",""recorded_at"":""2026-08-30T00:00:00Z"",""semantic_key"":""b10:dmoi4:crosswalk:urn:uuid:d0604aed-7823-5452-98e4-c842363ae352""}"
urn:uuid:195bb631-1f45-5b3e-863f-5e277c3a0139,identity_crosswalk,"{""dataset_id"":""urn:uuid:6090fc4b-b34d-5cff-8f65-acaa06ddd1fc"",""id"":""urn:uuid:195bb631-1f45-5b3e-863f-5e277c3a0139"",""normalized_state"":""validated"",""owner_authority_id"":""urn:uuid:4dea4d1d-09ba-504e-9fcd-83524281ca97"",""owner_native_state"":""identity_declared"",""payload"":{""mapping_cardinality"":""one_to_one"",""mapping_state"":""mapped"",""reverse_recipe"":""jsonl_id(data/units.jsonl,urn:uuid:897c18f0-2375-5d3e-9e58-2ee2770232de)"",""source_id"":""urn:uuid:897c18f0-2375-5d3e-9e58-2ee2770232de"",""source_namespace"":""e810c566-4edf-5b5a-ad52-de3dc04e2083"",""source_record_type"":""unit"",""target_id"":""urn:uuid:282b6624-d3b7-57a1-9f1f-b1f2af380af2"",""target_namespace"":""0e4d7b37-6108-5065-b08f-d1098697cc02"",""target_record_type"":""unit""},""record_type"":""identity_crosswalk"",""recorded_at"":""2026-08-30T00:00:00Z"",""semantic_key"":""b10:dmoi4:crosswalk:urn:uuid:897c18f0-2375-5d3e-9e58-2ee2770232de""}"
urn:uuid:9460d0b9-f04a-52e8-91cc-c01f14cfac43,identity_crosswalk,"{""dataset_id"":""urn:uuid:6090fc4b-b34d-5cff-8f65-acaa06ddd1fc"",""id"":""urn:uuid:9460d0b9-f04a-52e8-91cc-c01f14cfac43"",""normalized_state"":""validated"",""owner_authority_id"":""urn:uuid:4dea4d1d-09ba-504e-9fcd-83524281ca97"",""owner_native_state"":""identity_declared"",""payload"":{""mapping_cardinality"":""one_to_one"",""mapping_state"":""mapped"",""reverse_recipe"":""jsonl_id(data/units.jsonl,urn:uuid:7b2c9539-0140-52a8-b334-26ee7e47fd38)"",""source_id"":""urn:uuid:7b2c9539-0140-52a8-b334-26ee7e47fd38"",""source_namespace"":""e810c566-4edf-5b5a-ad52-de3dc04e2083"",""source_record_type"":""unit"",""target_id"":""urn:uuid:16cf28e8-8094-5c2e-8016-9a823e5af94d"",""target_namespace"":""0e4d7b37-6108-5065-b08f-d1098697cc02"",""target_record_type"":""unit""},""record_type"":""identity_crosswalk"",""recorded_at"":""2026-08-30T00:00:00Z"",""semantic_key"":""b10:dmoi4:crosswalk:urn:uuid:7b2c9539-0140-52a8-b334-26ee7e47fd38""}"
urn:uuid:d152cd57-752a-5225-9af6-e8b17c085dd0,identity_crosswalk,"{""dataset_id"":""urn:uuid:6090fc4b-b34d-5cff-8f65-acaa06ddd1fc"",""id"":""urn:uuid:d152cd57-752a-5225-9af6-e8b17c085dd0"",""normalized_state"":""validated"",""owner_authority_id"":""urn:uuid:4dea4d1d-09ba-504e-9fcd-83524281ca97"",""owner_native_state"":""identity_declared"",""payload"":{""mapping_cardinality"":""one_to_one"",""mapping_state"":""mapped"",""reverse_recipe"":""jsonl_id(data/units.jsonl,urn:uuid:35ae3025-0fa1-5aa4-bb83-1bc712d9752e)"",""source_id"":""urn:uuid:35ae3025-0fa1-5aa4-bb83-1bc712d9752e"",""source_namespace"":""e810c566-4edf-5b5a-ad52-de3dc04e2083"",""source_record_type"":""unit"",""target_id"":""urn:uuid:33285309-8b39-5c88-b3a4-74dc75709e3a"",""target_namespace"":""0e4d7b37-6108-5065-b08f-d1098697cc02"",""target_record_type"":""unit""},""record_type"":""identity_crosswalk"",""recorded_at"":""2026-08-30T00:00:00Z"",""semantic_key"":""b10:dmoi4:crosswalk:urn:uuid:35ae3025-0fa1-5aa4-bb83-1bc712d9752e""}"
urn:uuid:eafa57e7-f6f7-59b6-8962-ba3173cda989,identity_crosswalk,"{""dataset_id"":""urn:uuid:6090fc4b-b34d-5cff-8f65-acaa06ddd1fc"",""id"":""urn:uuid:eafa57e7-f6f7-59b6-8962-ba3173cda989"",""normalized_state"":""validated"",""owner_authority_id"":""urn:uuid:4dea4d1d-09ba-504e-9fcd-83524281ca97"",""owner_native_state"":""identity_declared"",""payload"":{""mapping_cardinality"":""one_to_one"",""mapping_state"":""mapped"",""reverse_recipe"":""jsonl_id(data/units.jsonl,urn:uuid:920170b3-2d61-5507-83a9-689cd2210a3a)"",""source_id"":""urn:uuid:920170b3-2d61-5507-83a9-689cd2210a3a"",""source_namespace"":""e810c566-4edf-5b5a-ad52-de3dc04e2083"",""source_record_type"":""unit"",""target_id"":""urn:uuid:96cb5fa7-fba1-53de-944e-4848780f72b9"",""target_namespace"":""0e4d7b37-6108-5065-b08f-d1098697cc02"",""target_record_type"":""unit""},""record_type"":""identity_crosswalk"",""recorded_at"":""2026-08-30T00:00:00Z"",""semantic_key"":""b10:dmoi4:crosswalk:urn:uuid:920170b3-2d61-5507-83a9-689cd2210a3a""}"
urn:uuid:796eee08-4021-5354-a96b-3515ee275805,identity_crosswalk,"{""dataset_id"":""urn:uuid:6090fc4b-b34d-5cff-8f65-acaa06ddd1fc"",""id"":""urn:uuid:796eee08-4021-5354-a96b-3515ee275805"",""normalized_state"":""validated"",""owner_authority_id"":""urn:uuid:4dea4d1d-09ba-504e-9fcd-83524281ca97"",""owner_native_state"":""identity_declared"",""payload"":{""mapping_cardinality"":""one_to_one"",""mapping_state"":""mapped"",""reverse_recipe"":""jsonl_id(data/units.jsonl,urn:uuid:4b83ce11-a05c-5287-a950-64bfa3304e93)"",""source_id"":""urn:uuid:4b83ce11-a05c-5287-a950-64bfa3304e93"",""source_namespace"":""e810c566-4edf-5b5a-ad52-de3dc04e2083"",""source_record_type"":""unit"",""target_id"":""urn:uuid:5bc38ae9-c8a3-5778-8281-cb1fd27a1aa8"",""target_namespace"":""0e4d7b37-6108-5065-b08f-d1098697cc02"",""target_record_type"":""unit""},""record_type"":""identity_crosswalk"",""recorded_at"":""2026-08-30T00:00:00Z"",""semantic_key"":""b10:dmoi4:crosswalk:urn:uuid:4b83ce11-a05c-5287-a950-64bfa3304e93""}"
urn:uuid:31f8a87b-4ea8-5f51-9dec-ef76587960de,identity_crosswalk,"{""dataset_id"":""urn:uuid:6090fc4b-b34d-5cff-8f65-acaa06ddd1fc"",""id"":""urn:uuid:31f8a87b-4ea8-5f51-9dec-ef76587960de"",""normalized_state"":""validated"",""owner_authority_id"":""urn:uuid:4dea4d1d-09ba-504e-9fcd-83524281ca97"",""owner_native_state"":""identity_declared"",""payload"":{""mapping_cardinality"":""one_to_one"",""mapping_state"":""mapped"",""reverse_recipe"":""jsonl_id(data/units.jsonl,urn:uuid:9974619c-b6d2-5419-bb7d-bd90a199a8a4)"",""source_id"":""urn:uuid:9974619c-b6d2-5419-bb7d-bd90a199a8a4"",""source_namespace"":""e810c566-4edf-5b5a-ad52-de3dc04e2083"",""source_record_type"":""unit"",""target_id"":""urn:uuid:b6b05022-6e65-59e7-a9b7-73b679c98d56"",""target_namespace"":""0e4d7b37-6108-5065-b08f-d1098697cc02"",""target_record_type"":""unit""},""record_type"":""identity_crosswalk"",""recorded_at"":""2026-08-30T00:00:00Z"",""semantic_key"":""b10:dmoi4:crosswalk:urn:uuid:9974619c-b6d2-5419-bb7d-bd90a199a8a4""}"
urn:uuid:eb97324f-57e1-52ad-810b-fa767f3350f4,identity_crosswalk,"{""dataset_id"":""urn:uuid:6090fc4b-b34d-5cff-8f65-acaa06ddd1fc"",""id"":""urn:uuid:eb97324f-57e1-52ad-810b-fa767f3350f4"",""normalized_state"":""validated"",""owner_authority_id"":""urn:uuid:4dea4d1d-09ba-504e-9fcd-83524281ca97"",""owner_native_state"":""identity_declared"",""payload"":{""mapping_cardinality"":""one_to_one"",""mapping_state"":""mapped"",""reverse_recipe"":""jsonl_id(data/units.jsonl,urn:uuid:fa0b5a48-6a48-5dc9-b270-10bcb7dbf256)"",""source_id"":""urn:uuid:fa0b5a48-6a48-5dc9-b270-10bcb7dbf256"",""source_namespace"":""e810c566-4edf-5b5a-ad52-de3dc04e2083"",""source_record_type"":""unit"",""target_id"":""urn:uuid:a73c0546-e0dd-5fbf-9747-877ec4c5bc3f"",""target_namespace"":""0e4d7b37-6108-5065-b08f-d1098697cc02"",""target_record_type"":""unit""},""record_type"":""identity_crosswalk"",""recorded_at"":""2026-08-30T00:00:00Z"",""semantic_key"":""b10:dmoi4:crosswalk:urn:uuid:fa0b5a48-6a48-5dc9-b270-10bcb7dbf256""}"
urn:uuid:ff8f05b2-a42d-5fbd-b3ad-605bcbfab3a9,identity_crosswalk,"{""dataset_id"":""urn:uuid:6090fc4b-b34d-5cff-8f65-acaa06ddd1fc"",""id"":""urn:uuid:ff8f05b2-a42d-5fbd-b3ad-605bcbfab3a9"",""normalized_state"":""validated"",""owner_authority_id"":""urn:uuid:4dea4d1d-09ba-504e-9fcd-83524281ca97"",""owner_native_state"":""identity_declared"",""payload"":{""mapping_cardinality"":""one_to_one"",""mapping_state"":""mapped"",""reverse_recipe"":""jsonl_id(data/units.jsonl,urn:uuid:e2627f47-135c-5211-9a22-2bdca7715bcc)"",""source_id"":""urn:uuid:e2627f47-135c-5211-9a22-2bdca7715bcc"",""source_namespace"":""e810c566-4edf-5b5a-ad52-de3dc04e2083"",""source_record_type"":""unit"",""target_id"":""urn:uuid:b75410d4-fc89-5ace-a242-fc9d9cd8a7fc"",""target_namespace"":""0e4d7b37-6108-5065-b08f-d1098697cc02"",""target_record_type"":""unit""},""record_type"":""identity_crosswalk"",""recorded_at"":""2026-08-30T00:00:00Z"",""semantic_key"":""b10:dmoi4:crosswalk:urn:uuid:e2627f47-135c-5211-9a22-2bdca7715bcc""}"
urn:uuid:a9170d63-f394-5df9-bc96-dee323b16666,identity_crosswalk,"{""dataset_id"":""urn:uuid:6090fc4b-b34d-5cff-8f65-acaa06ddd1fc"",""id"":""urn:uuid:a9170d63-f394-5df9-bc96-dee323b16666"",""normalized_state"":""validated"",""owner_authority_id"":""urn:uuid:4dea4d1d-09ba-504e-9fcd-83524281ca97"",""owner_native_state"":""identity_declared"",""payload"":{""mapping_cardinality"":""one_to_one"",""mapping_state"":""mapped"",""reverse_recipe"":""jsonl_id(data/units.jsonl,urn:uuid:a4356481-670a-5206-aba7-293c7f3044c0)"",""source_id"":""urn:uuid:a4356481-670a-5206-aba7-293c7f3044c0"",""source_namespace"":""e810c566-4edf-5b5a-ad52-de3dc04e2083"",""source_record_type"":""unit"",""target_id"":""urn:uuid:60ff9de9-dbcc-5ddf-a860-24b17006ff3e"",""target_namespace"":""0e4d7b37-6108-5065-b08f-d1098697cc02"",""target_record_type"":""unit""},""record_type"":""identity_crosswalk"",""recorded_at"":""2026-08-30T00:00:00Z"",""semantic_key"":""b10:dmoi4:crosswalk:urn:uuid:a4356481-670a-5206-aba7-293c7f3044c0""}"
urn:uuid:9dbdf49c-c041-59f2-8ab2-6a641da3feec,identity_crosswalk,"{""dataset_id"":""urn:uuid:6090fc4b-b34d-5cff-8f65-acaa06ddd1fc"",""id"":""urn:uuid:9dbdf49c-c041-59f2-8ab2-6a641da3feec"",""normalized_state"":""validated"",""owner_authority_id"":""urn:uuid:4dea4d1d-09ba-504e-9fcd-83524281ca97"",""owner_native_state"":""identity_declared"",""payload"":{""mapping_cardinality"":""one_to_one"",""mapping_state"":""mapped"",""reverse_recipe"":""jsonl_id(data/units.jsonl,urn:uuid:d2e3679c-fc7b-554f-b04c-53341acb188c)"",""source_id"":""urn:uuid:d2e3679c-fc7b-554f-b04c-53341acb188c"",""source_namespace"":""e810c566-4edf-5b5a-ad52-de3dc04e2083"",""source_record_type"":""unit"",""target_id"":""urn:uuid:2efe3365-50a0-5284-840f-9b7e4584ce05"",""target_namespace"":""0e4d7b37-6108-5065-b08f-d1098697cc02"",""target_record_type"":""unit""},""record_type"":""identity_crosswalk"",""recorded_at"":""2026-08-30T00:00:00Z"",""semantic_key"":""b10:dmoi4:crosswalk:urn:uuid:d2e3679c-fc7b-554f-b04c-53341acb188c""}"
urn:uuid:0f4b56d3-a0a2-599f-a9ea-cb2ac07b032d,identity_crosswalk,"{""dataset_id"":""urn:uuid:6090fc4b-b34d-5cff-8f65-acaa06ddd1fc"",""id"":""urn:uuid:0f4b56d3-a0a2-599f-a9ea-cb2ac07b032d"",""normalized_state"":""validated"",""owner_authority_id"":""urn:uuid:4dea4d1d-09ba-504e-9fcd-83524281ca97"",""owner_native_state"":""identity_declared"",""payload"":{""mapping_cardinality"":""one_to_one"",""mapping_state"":""mapped"",""reverse_recipe"":""jsonl_id(data/units.jsonl,urn:uuid:aae7e05c-4fd6-5c32-9668-98af89fa0b2c)"",""source_id"":""urn:uuid:aae7e05c-4fd6-5c32-9668-98af89fa0b2c"",""source_namespace"":""e810c566-4edf-5b5a-ad52-de3dc04e2083"",""source_record_type"":""unit"",""target_id"":""urn:uuid:c22f57f1-b735-5c72-a8e0-a006fe0d5b1b"",""target_namespace"":""0e4d7b37-6108-5065-b08f-d1098697cc02"",""target_record_type"":""unit""},""record_type"":""identity_crosswalk"",""recorded_at"":""2026-08-30T00:00:00Z"",""semantic_key"":""b10:dmoi4:crosswalk:urn:uuid:aae7e05c-4fd6-5c32-9668-98af89fa0b2c""}"
urn:uuid:df538468-b995-5146-850d-59283b2c8dd1,identity_crosswalk,"{""dataset_id"":""urn:uuid:6090fc4b-b34d-5cff-8f65-acaa06ddd1fc"",""id"":""urn:uuid:df538468-b995-5146-850d-59283b2c8dd1"",""normalized_state"":""validated"",""owner_authority_id"":""urn:uuid:4dea4d1d-09ba-504e-9fcd-83524281ca97"",""owner_native_state"":""identity_declared"",""payload"":{""mapping_cardinality"":""one_to_one"",""mapping_state"":""mapped"",""reverse_recipe"":""jsonl_id(data/units.jsonl,urn:uuid:029cd6c2-c951-5bf6-affc-00e61ba4d416)"",""source_id"":""urn:uuid:029cd6c2-c951-5bf6-affc-00e61ba4d416"",""source_namespace"":""e810c566-4edf-5b5a-ad52-de3dc04e2083"",""source_record_type"":""unit"",""target_id"":""urn:uuid:2fb2f571-f9c3-5f87-996c-077e008a4d46"",""target_namespace"":""0e4d7b37-6108-5065-b08f-d1098697cc02"",""target_record_type"":""unit""},""record_type"":""identity_crosswalk"",""recorded_at"":""2026-08-30T00:00:00Z"",""semantic_key"":""b10:dmoi4:crosswalk:urn:uuid:029cd6c2-c951-5bf6-affc-00e61ba4d416""}"
urn:uuid:625ec1a7-120c-543a-b51f-d08922d65d20,identity_crosswalk,"{""dataset_id"":""urn:uuid:6090fc4b-b34d-5cff-8f65-acaa06ddd1fc"",""id"":""urn:uuid:625ec1a7-120c-543a-b51f-d08922d65d20"",""normalized_state"":""validated"",""owner_authority_id"":""urn:uuid:4dea4d1d-09ba-504e-9fcd-83524281ca97"",""owner_native_state"":""identity_declared"",""payload"":{""mapping_cardinality"":""one_to_one"",""mapping_state"":""mapped"",""reverse_recipe"":""jsonl_id(data/units.jsonl,urn:uuid:3c330b8c-c9e3-5334-b5b9-e28040b84571)"",""source_id"":""urn:uuid:3c330b8c-c9e3-5334-b5b9-e28040b84571"",""source_namespace"":""e810c566-4edf-5b5a-ad52-de3dc04e2083"",""source_record_type"":""unit"",""target_id"":""urn:uuid:fe287e6d-365f-5ccb-a5cd-d2af80ac9e12"",""target_namespace"":""0e4d7b37-6108-5065-b08f-d1098697cc02"",""target_record_type"":""unit""},""record_type"":""identity_crosswalk"",""recorded_at"":""2026-08-30T00:00:00Z"",""semantic_key"":""b10:dmoi4:crosswalk:urn:uuid:3c330b8c-c9e3-5334-b5b9-e28040b84571""}"
urn:uuid:6671649c-4d2b-50e3-9fff-8aa37c45da62,identity_crosswalk,"{""dataset_id"":""urn:uuid:6090fc4b-b34d-5cff-8f65-acaa06ddd1fc"",""id"":""urn:uuid:6671649c-4d2b-50e3-9fff-8aa37c45da62"",""normalized_state"":""validated"",""owner_authority_id"":""urn:uuid:4dea4d1d-09ba-504e-9fcd-83524281ca97"",""owner_native_state"":""identity_declared"",""payload"":{""mapping_cardinality"":""one_to_one"",""mapping_state"":""mapped"",""reverse_recipe"":""jsonl_id(data/units.jsonl,urn:uuid:8fec6502-3006-5814-8945-4f78aa6b357e)"",""source_id"":""urn:uuid:8fec6502-3006-5814-8945-4f78aa6b357e"",""source_namespace"":""e810c566-4edf-5b5a-ad52-de3dc04e2083"",""source_record_type"":""unit"",""target_id"":""urn:uuid:5993bcde-78e7-5b3d-afb0-a82900e6001b"",""target_namespace"":""0e4d7b37-6108-5065-b08f-d1098697cc02"",""target_record_type"":""unit""},""record_type"":""identity_crosswalk"",""recorded_at"":""2026-08-30T00:00:00Z"",""semantic_key"":""b10:dmoi4:crosswalk:urn:uuid:8fec6502-3006-5814-8945-4f78aa6b357e""}"
urn:uuid:fed06839-4249-59d7-b884-937e935256ab,identity_crosswalk,"{""dataset_id"":""urn:uuid:6090fc4b-b34d-5cff-8f65-acaa06ddd1fc"",""id"":""urn:uuid:fed06839-4249-59d7-b884-937e935256ab"",""normalized_state"":""validated"",""owner_authority_id"":""urn:uuid:4dea4d1d-09ba-504e-9fcd-83524281ca97"",""owner_native_state"":""identity_declared"",""payload"":{""mapping_cardinality"":""one_to_one"",""mapping_state"":""mapped"",""reverse_recipe"":""jsonl_id(data/units.jsonl,urn:uuid:d699676f-28f3-5930-81f2-4927bae3973f)"",""source_id"":""urn:uuid:d699676f-28f3-5930-81f2-4927bae3973f"",""source_namespace"":""e810c566-4edf-5b5a-ad52-de3dc04e2083"",""source_record_type"":""unit"",""target_id"":""urn:uuid:a3df6f90-069b-5cb0-9507-ee3a71128db8"",""target_namespace"":""0e4d7b37-6108-5065-b08f-d1098697cc02"",""target_record_type"":""unit""},""record_type"":""identity_crosswalk"",""recorded_at"":""2026-08-30T00:00:00Z"",""semantic_key"":""b10:dmoi4:crosswalk:urn:uuid:d699676f-28f3-5930-81f2-4927bae3973f""}"
urn:uuid:f0c418a6-7b78-521b-99bf-59aff66bf835,identity_crosswalk,"{""dataset_id"":""urn:uuid:6090fc4b-b34d-5cff-8f65-acaa06ddd1fc"",""id"":""urn:uuid:f0c418a6-7b78-521b-99bf-59aff66bf835"",""normalized_state"":""validated"",""owner_authority_id"":""urn:uuid:4dea4d1d-09ba-504e-9fcd-83524281ca97"",""owner_native_state"":""identity_declared"",""payload"":{""mapping_cardinality"":""one_to_one"",""mapping_state"":""mapped"",""reverse_recipe"":""jsonl_id(data/units.jsonl,urn:uuid:c271e0d8-f961-5c91-9128-2eece0eaa146)"",""source_id"":""urn:uuid:c271e0d8-f961-5c91-9128-2eece0eaa146"",""source_namespace"":""e810c566-4edf-5b5a-ad52-de3dc04e2083"",""source_record_type"":""unit"",""target_id"":""urn:uuid:b95edd49-bef4-5069-9c46-884f45998bfe"",""target_namespace"":""0e4d7b37-6108-5065-b08f-d1098697cc02"",""target_record_type"":""unit""},""record_type"":""identity_crosswalk"",""recorded_at"":""2026-08-30T00:00:00Z"",""semantic_key"":""b10:dmoi4:crosswalk:urn:uuid:c271e0d8-f961-5c91-9128-2eece0eaa146""}"
urn:uuid:b6c95008-c590-5ddf-9eb9-dfa2c18e1bac,identity_crosswalk,"{""dataset_id"":""urn:uuid:6090fc4b-b34d-5cff-8f65-acaa06ddd1fc"",""id"":""urn:uuid:b6c95008-c590-5ddf-9eb9-dfa2c18e1bac"",""normalized_state"":""validated"",""owner_authority_id"":""urn:uuid:4dea4d1d-09ba-504e-9fcd-83524281ca97"",""owner_native_state"":""identity_declared"",""payload"":{""mapping_cardinality"":""one_to_one"",""mapping_state"":""mapped"",""reverse_recipe"":""jsonl_id(data/units.jsonl,urn:uuid:bb2d29da-7d8e-52d4-bbec-b09b5d291713)"",""source_id"":""urn:uuid:bb2d29da-7d8e-52d4-bbec-b09b5d291713"",""source_namespace"":""e810c566-4edf-5b5a-ad52-de3dc04e2083"",""source_record_type"":""unit"",""target_id"":""urn:uuid:357cee66-25c5-524a-a299-96db22ea2fe9"",""target_namespace"":""0e4d7b37-6108-5065-b08f-d1098697cc02"",""target_record_type"":""unit""},""record_type"":""identity_crosswalk"",""recorded_at"":""2026-08-30T00:00:00Z"",""semantic_key"":""b10:dmoi4:crosswalk:urn:uuid:bb2d29da-7d8e-52d4-bbec-b09b5d291713""}"
urn:uuid:bd6f2ca8-e17b-5ef0-a2f5-484cec5efda1,identity_crosswalk,"{""dataset_id"":""urn:uuid:6090fc4b-b34d-5cff-8f65-acaa06ddd1fc"",""id"":""urn:uuid:bd6f2ca8-e17b-5ef0-a2f5-484cec5efda1"",""normalized_state"":""validated"",""owner_authority_id"":""urn:uuid:4dea4d1d-09ba-504e-9fcd-83524281ca97"",""owner_native_state"":""identity_declared"",""payload"":{""mapping_cardinality"":""one_to_one"",""mapping_state"":""mapped"",""reverse_recipe"":""jsonl_id(data/units.jsonl,urn:uuid:c9ec9851-c7c8-5b3e-9eb9-1724383e3d80)"",""source_id"":""urn:uuid:c9ec9851-c7c8-5b3e-9eb9-1724383e3d80"",""source_namespace"":""e810c566-4edf-5b5a-ad52-de3dc04e2083"",""source_record_type"":""unit"",""target_id"":""urn:uuid:19782d47-7d26-5573-ac01-b436d462e4a9"",""target_namespace"":""0e4d7b37-6108-5065-b08f-d1098697cc02"",""target_record_type"":""unit""},""record_type"":""identity_crosswalk"",""recorded_at"":""2026-08-30T00:00:00Z"",""semantic_key"":""b10:dmoi4:crosswalk:urn:uuid:c9ec9851-c7c8-5b3e-9eb9-1724383e3d80""}"
urn:uuid:7a161b7d-23cc-53eb-b317-c2f98997e18c,identity_crosswalk,"{""dataset_id"":""urn:uuid:6090fc4b-b34d-5cff-8f65-acaa06ddd1fc"",""id"":""urn:uuid:7a161b7d-23cc-53eb-b317-c2f98997e18c"",""normalized_state"":""validated"",""owner_authority_id"":""urn:uuid:4dea4d1d-09ba-504e-9fcd-83524281ca97"",""owner_native_state"":""identity_declared"",""payload"":{""mapping_cardinality"":""one_to_one"",""mapping_state"":""mapped"",""reverse_recipe"":""jsonl_id(data/units.jsonl,urn:uuid:101d36b2-cada-5b15-a96e-b130ede327e8)"",""source_id"":""urn:uuid:101d36b2-cada-5b15-a96e-b130ede327e8"",""source_namespace"":""e810c566-4edf-5b5a-ad52-de3dc04e2083"",""source_record_type"":""unit"",""target_id"":""urn:uuid:0d77d2af-a9e8-540c-beb8-da0ed24a31f8"",""target_namespace"":""0e4d7b37-6108-5065-b08f-d1098697cc02"",""target_record_type"":""unit""},""record_type"":""identity_crosswalk"",""recorded_at"":""2026-08-30T00:00:00Z"",""semantic_key"":""b10:dmoi4:crosswalk:urn:uuid:101d36b2-cada-5b15-a96e-b130ede327e8""}"
urn:uuid:966415e0-1e03-5c68-b751-816187d9db95,identity_crosswalk,"{""dataset_id"":""urn:uuid:6090fc4b-b34d-5cff-8f65-acaa06ddd1fc"",""id"":""urn:uuid:966415e0-1e03-5c68-b751-816187d9db95"",""normalized_state"":""validated"",""owner_authority_id"":""urn:uuid:4dea4d1d-09ba-504e-9fcd-83524281ca97"",""owner_native_state"":""identity_declared"",""payload"":{""mapping_cardinality"":""one_to_one"",""mapping_state"":""mapped"",""reverse_recipe"":""jsonl_id(data/units.jsonl,urn:uuid:133ebff9-3ea0-5212-9491-829cf9c983c2)"",""source_id"":""urn:uuid:133ebff9-3ea0-5212-9491-829cf9c983c2"",""source_namespace"":""e810c566-4edf-5b5a-ad52-de3dc04e2083"",""source_record_type"":""unit"",""target_id"":""urn:uuid:77e2c861-8de4-59c2-83ef-4c87c41127ed"",""target_namespace"":""0e4d7b37-6108-5065-b08f-d1098697cc02"",""target_record_type"":""unit""},""record_type"":""identity_crosswalk"",""recorded_at"":""2026-08-30T00:00:00Z"",""semantic_key"":""b10:dmoi4:crosswalk:urn:uuid:133ebff9-3ea0-5212-9491-829cf9c983c2""}"
urn:uuid:f9b5144b-ab84-5ca5-972d-c3b5def796c5,identity_crosswalk,"{""dataset_id"":""urn:uuid:6090fc4b-b34d-5cff-8f65-acaa06ddd1fc"",""id"":""urn:uuid:f9b5144b-ab84-5ca5-972d-c3b5def796c5"",""normalized_state"":""validated"",""owner_authority_id"":""urn:uuid:4dea4d1d-09ba-504e-9fcd-83524281ca97"",""owner_native_state"":""identity_declared"",""payload"":{""mapping_cardinality"":""one_to_one"",""mapping_state"":""mapped"",""reverse_recipe"":""jsonl_id(data/units.jsonl,urn:uuid:860447d3-33a8-5eff-bbf8-3ab290627917)"",""source_id"":""urn:uuid:860447d3-33a8-5eff-bbf8-3ab290627917"",""source_namespace"":""e810c566-4edf-5b5a-ad52-de3dc04e2083"",""source_record_type"":""unit"",""target_id"":""urn:uuid:51608a44-3653-5916-aa7f-8c2319250fa1"",""target_namespace"":""0e4d7b37-6108-5065-b08f-d1098697cc02"",""target_record_type"":""unit""},""record_type"":""identity_crosswalk"",""recorded_at"":""2026-08-30T00:00:00Z"",""semantic_key"":""b10:dmoi4:crosswalk:urn:uuid:860447d3-33a8-5eff-bbf8-3ab290627917""}"
urn:uuid:5f1010fd-8987-5552-816c-d4d9936deccc,identity_crosswalk,"{""dataset_id"":""urn:uuid:6090fc4b-b34d-5cff-8f65-acaa06ddd1fc"",""id"":""urn:uuid:5f1010fd-8987-5552-816c-d4d9936deccc"",""normalized_state"":""validated"",""owner_authority_id"":""urn:uuid:4dea4d1d-09ba-504e-9fcd-83524281ca97"",""owner_native_state"":""identity_declared"",""payload"":{""mapping_cardinality"":""one_to_one"",""mapping_state"":""mapped"",""reverse_recipe"":""jsonl_id(data/units.jsonl,urn:uuid:7b901c5a-9d96-5f82-8906-749de080f549)"",""source_id"":""urn:uuid:7b901c5a-9d96-5f82-8906-749de080f549"",""source_namespace"":""e810c566-4edf-5b5a-ad52-de3dc04e2083"",""source_record_type"":""unit"",""target_id"":""urn:uuid:72ae4829-ea86-5f04-98bf-f83bcc94e1a1"",""target_namespace"":""0e4d7b37-6108-5065-b08f-d1098697cc02"",""target_record_type"":""unit""},""record_type"":""identity_crosswalk"",""recorded_at"":""2026-08-30T00:00:00Z"",""semantic_key"":""b10:dmoi4:crosswalk:urn:uuid:7b901c5a-9d96-5f82-8906-749de080f549""}"
urn:uuid:25393ca0-45a8-5460-9c55-823cf6ab7598,identity_crosswalk,"{""dataset_id"":""urn:uuid:6090fc4b-b34d-5cff-8f65-acaa06ddd1fc"",""id"":""urn:uuid:25393ca0-45a8-5460-9c55-823cf6ab7598"",""normalized_state"":""validated"",""owner_authority_id"":""urn:uuid:4dea4d1d-09ba-504e-9fcd-83524281ca97"",""owner_native_state"":""identity_declared"",""payload"":{""mapping_cardinality"":""one_to_one"",""mapping_state"":""mapped"",""reverse_recipe"":""jsonl_id(data/units.jsonl,urn:uuid:79eeab77-5bb4-5fa6-9caf-c557db59c6fa)"",""source_id"":""urn:uuid:79eeab77-5bb4-5fa6-9caf-c557db59c6fa"",""source_namespace"":""e810c566-4edf-5b5a-ad52-de3dc04e2083"",""source_record_type"":""unit"",""target_id"":""urn:uuid:3a930687-9aa8-5fde-9604-65533373297e"",""target_namespace"":""0e4d7b37-6108-5065-b08f-d1098697cc02"",""target_record_type"":""unit""},""record_type"":""identity_crosswalk"",""recorded_at"":""2026-08-30T00:00:00Z"",""semantic_key"":""b10:dmoi4:crosswalk:urn:uuid:79eeab77-5bb4-5fa6-9caf-c557db59c6fa""}"
urn:uuid:4cf8ea55-5acb-56d3-ac53-a9841c438a88,identity_crosswalk,"{""dataset_id"":""urn:uuid:6090fc4b-b34d-5cff-8f65-acaa06ddd1fc"",""id"":""urn:uuid:4cf8ea55-5acb-56d3-ac53-a9841c438a88"",""normalized_state"":""validated"",""owner_authority_id"":""urn:uuid:4dea4d1d-09ba-504e-9fcd-83524281ca97"",""owner_native_state"":""identity_declared"",""payload"":{""mapping_cardinality"":""one_to_one"",""mapping_state"":""mapped"",""reverse_recipe"":""jsonl_id(data/units.jsonl,urn:uuid:9f7bd6a7-4d09-5676-b930-9ad711f5f6b0)"",""source_id"":""urn:uuid:9f7bd6a7-4d09-5676-b930-9ad711f5f6b0"",""source_namespace"":""e810c566-4edf-5b5a-ad52-de3dc04e2083"",""source_record_type"":""unit"",""target_id"":""urn:uuid:6e475629-a6e7-5a71-a907-b8d8a87a8166"",""target_namespace"":""0e4d7b37-6108-5065-b08f-d1098697cc02"",""target_record_type"":""unit""},""record_type"":""identity_crosswalk"",""recorded_at"":""2026-08-30T00:00:00Z"",""semantic_key"":""b10:dmoi4:crosswalk:urn:uuid:9f7bd6a7-4d09-5676-b930-9ad711f5f6b0""}"
urn:uuid:17eb896b-fd75-5694-860f-2cf7c11dd1e4,identity_crosswalk,"{""dataset_id"":""urn:uuid:6090fc4b-b34d-5cff-8f65-acaa06ddd1fc"",""id"":""urn:uuid:17eb896b-fd75-5694-860f-2cf7c11dd1e4"",""normalized_state"":""validated"",""owner_authority_id"":""urn:uuid:4dea4d1d-09ba-504e-9fcd-83524281ca97"",""owner_native_state"":""identity_declared"",""payload"":{""mapping_cardinality"":""one_to_one"",""mapping_state"":""mapped"",""reverse_recipe"":""jsonl_id(data/units.jsonl,urn:uuid:93d01b92-048f-58dc-ac0a-78f14da1dfbb)"",""source_id"":""urn:uuid:93d01b92-048f-58dc-ac0a-78f14da1dfbb"",""source_namespace"":""e810c566-4edf-5b5a-ad52-de3dc04e2083"",""source_record_type"":""unit"",""target_id"":""urn:uuid:dde75616-b238-5e25-b2fa-a2fe8d2849ca"",""target_namespace"":""0e4d7b37-6108-5065-b08f-d1098697cc02"",""target_record_type"":""unit""},""record_type"":""identity_crosswalk"",""recorded_at"":""2026-08-30T00:00:00Z"",""semantic_key"":""b10:dmoi4:crosswalk:urn:uuid:93d01b92-048f-58dc-ac0a-78f14da1dfbb""}"
urn:uuid:4874db95-8e59-55b2-bd9e-8b4d162565cb,identity_crosswalk,"{""dataset_id"":""urn:uuid:6090fc4b-b34d-5cff-8f65-acaa06ddd1fc"",""id"":""urn:uuid:4874db95-8e59-55b2-bd9e-8b4d162565cb"",""normalized_state"":""validated"",""owner_authority_id"":""urn:uuid:4dea4d1d-09ba-504e-9fcd-83524281ca97"",""owner_native_state"":""identity_declared"",""payload"":{""mapping_cardinality"":""one_to_one"",""mapping_state"":""mapped"",""reverse_recipe"":""jsonl_id(data/units.jsonl,urn:uuid:a30dc040-96fe-5967-a3ff-b693a221d5c5)"",""source_id"":""urn:uuid:a30dc040-96fe-5967-a3ff-b693a221d5c5"",""source_namespace"":""e810c566-4edf-5b5a-ad52-de3dc04e2083"",""source_record_type"":""unit"",""target_id"":""urn:uuid:2ebd9f38-483c-52f0-8fc3-8e5d7b3f7571"",""target_namespace"":""0e4d7b37-6108-5065-b08f-d1098697cc02"",""target_record_type"":""unit""},""record_type"":""identity_crosswalk"",""recorded_at"":""2026-08-30T00:00:00Z"",""semantic_key"":""b10:dmoi4:crosswalk:urn:uuid:a30dc040-96fe-5967-a3ff-b693a221d5c5""}"
urn:uuid:4584fa6a-73b0-5dd6-9e41-a61438a01ff6,identity_crosswalk,"{""dataset_id"":""urn:uuid:6090fc4b-b34d-5cff-8f65-acaa06ddd1fc"",""id"":""urn:uuid:4584fa6a-73b0-5dd6-9e41-a61438a01ff6"",""normalized_state"":""validated"",""owner_authority_id"":""urn:uuid:4dea4d1d-09ba-504e-9fcd-83524281ca97"",""owner_native_state"":""identity_declared"",""payload"":{""mapping_cardinality"":""one_to_one"",""mapping_state"":""mapped"",""reverse_recipe"":""jsonl_id(data/units.jsonl,urn:uuid:cd24cab2-000e-53c3-b3f9-b0a983b274a3)"",""source_id"":""urn:uuid:cd24cab2-000e-53c3-b3f9-b0a983b274a3"",""source_namespace"":""e810c566-4edf-5b5a-ad52-de3dc04e2083"",""source_record_type"":""unit"",""target_id"":""urn:uuid:f059f2be-85cf-5574-b208-29d26d91c977"",""target_namespace"":""0e4d7b37-6108-5065-b08f-d1098697cc02"",""target_record_type"":""unit""},""record_type"":""identity_crosswalk"",""recorded_at"":""2026-08-30T00:00:00Z"",""semantic_key"":""b10:dmoi4:crosswalk:urn:uuid:cd24cab2-000e-53c3-b3f9-b0a983b274a3""}"
urn:uuid:9c5acb0a-b262-5c68-935c-840acd581549,identity_crosswalk,"{""dataset_id"":""urn:uuid:6090fc4b-b34d-5cff-8f65-acaa06ddd1fc"",""id"":""urn:uuid:9c5acb0a-b262-5c68-935c-840acd581549"",""normalized_state"":""validated"",""owner_authority_id"":""urn:uuid:4dea4d1d-09ba-504e-9fcd-83524281ca97"",""owner_native_state"":""identity_declared"",""payload"":{""mapping_cardinality"":""one_to_one"",""mapping_state"":""mapped"",""reverse_recipe"":""jsonl_id(data/units.jsonl,urn:uuid:a49c23f7-29bc-51b5-8b2b-fef409c1ddd5)"",""source_id"":""urn:uuid:a49c23f7-29bc-51b5-8b2b-fef409c1ddd5"",""source_namespace"":""e810c566-4edf-5b5a-ad52-de3dc04e2083"",""source_record_type"":""unit"",""target_id"":""urn:uuid:a6d7e3f7-9ae2-58ae-b0da-4ee5923eee96"",""target_namespace"":""0e4d7b37-6108-5065-b08f-d1098697cc02"",""target_record_type"":""unit""},""record_type"":""identity_crosswalk"",""recorded_at"":""2026-08-30T00:00:00Z"",""semantic_key"":""b10:dmoi4:crosswalk:urn:uuid:a49c23f7-29bc-51b5-8b2b-fef409c1ddd5""}"
urn:uuid:ff3a525a-562c-517f-ae7c-8de59ed1be83,identity_crosswalk,"{""dataset_id"":""urn:uuid:6090fc4b-b34d-5cff-8f65-acaa06ddd1fc"",""id"":""urn:uuid:ff3a525a-562c-517f-ae7c-8de59ed1be83"",""normalized_state"":""validated"",""owner_authority_id"":""urn:uuid:4dea4d1d-09ba-504e-9fcd-83524281ca97"",""owner_native_state"":""identity_declared"",""payload"":{""mapping_cardinality"":""one_to_one"",""mapping_state"":""mapped"",""reverse_recipe"":""jsonl_id(data/units.jsonl,urn:uuid:f3da3bdf-a765-537d-8ce6-6a3a160531d9)"",""source_id"":""urn:uuid:f3da3bdf-a765-537d-8ce6-6a3a160531d9"",""source_namespace"":""e810c566-4edf-5b5a-ad52-de3dc04e2083"",""source_record_type"":""unit"",""target_id"":""urn:uuid:5dd39094-9938-50a2-8dca-2610c6b42ea7"",""target_namespace"":""0e4d7b37-6108-5065-b08f-d1098697cc02"",""target_record_type"":""unit""},""record_type"":""identity_crosswalk"",""recorded_at"":""2026-08-30T00:00:00Z"",""semantic_key"":""b10:dmoi4:crosswalk:urn:uuid:f3da3bdf-a765-537d-8ce6-6a3a160531d9""}"
urn:uuid:4132b851-b3e0-531e-93d9-8156ca405c28,identity_crosswalk,"{""dataset_id"":""urn:uuid:6090fc4b-b34d-5cff-8f65-acaa06ddd1fc"",""id"":""urn:uuid:4132b851-b3e0-531e-93d9-8156ca405c28"",""normalized_state"":""validated"",""owner_authority_id"":""urn:uuid:4dea4d1d-09ba-504e-9fcd-83524281ca97"",""owner_native_state"":""identity_declared"",""payload"":{""mapping_cardinality"":""one_to_one"",""mapping_state"":""mapped"",""reverse_recipe"":""jsonl_id(data/units.jsonl,urn:uuid:3fe3e64e-5c76-59ed-8042-b77fc5581dee)"",""source_id"":""urn:uuid:3fe3e64e-5c76-59ed-8042-b77fc5581dee"",""source_namespace"":""e810c566-4edf-5b5a-ad52-de3dc04e2083"",""source_record_type"":""unit"",""target_id"":""urn:uuid:b6ac4c86-5f09-55d3-8c16-2f31f046c03f"",""target_namespace"":""0e4d7b37-6108-5065-b08f-d1098697cc02"",""target_record_type"":""unit""},""record_type"":""identity_crosswalk"",""recorded_at"":""2026-08-30T00:00:00Z"",""semantic_key"":""b10:dmoi4:crosswalk:urn:uuid:3fe3e64e-5c76-59ed-8042-b77fc5581dee""}"
urn:uuid:e99d0ce2-1174-5821-af05-2995fa141159,identity_crosswalk,"{""dataset_id"":""urn:uuid:6090fc4b-b34d-5cff-8f65-acaa06ddd1fc"",""id"":""urn:uuid:e99d0ce2-1174-5821-af05-2995fa141159"",""normalized_state"":""validated"",""owner_authority_id"":""urn:uuid:4dea4d1d-09ba-504e-9fcd-83524281ca97"",""owner_native_state"":""identity_declared"",""payload"":{""mapping_cardinality"":""one_to_one"",""mapping_state"":""mapped"",""reverse_recipe"":""jsonl_id(data/units.jsonl,urn:uuid:1b3ccc28-1e8d-5d78-b935-ab04d49ae87c)"",""source_id"":""urn:uuid:1b3ccc28-1e8d-5d78-b935-ab04d49ae87c"",""source_namespace"":""e810c566-4edf-5b5a-ad52-de3dc04e2083"",""source_record_type"":""unit"",""target_id"":""urn:uuid:84ed3f80-8a68-5b47-b1f0-683b686ab817"",""target_namespace"":""0e4d7b37-6108-5065-b08f-d1098697cc02"",""target_record_type"":""unit""},""record_type"":""identity_crosswalk"",""recorded_at"":""2026-08-30T00:00:00Z"",""semantic_key"":""b10:dmoi4:crosswalk:urn:uuid:1b3ccc28-1e8d-5d78-b935-ab04d49ae87c""}"
urn:uuid:a0174898-1911-5bde-ab10-51c44e4019c9,identity_crosswalk,"{""dataset_id"":""urn:uuid:6090fc4b-b34d-5cff-8f65-acaa06ddd1fc"",""id"":""urn:uuid:a0174898-1911-5bde-ab10-51c44e4019c9"",""normalized_state"":""validated"",""owner_authority_id"":""urn:uuid:4dea4d1d-09ba-504e-9fcd-83524281ca97"",""owner_native_state"":""identity_declared"",""payload"":{""mapping_cardinality"":""one_to_one"",""mapping_state"":""mapped"",""reverse_recipe"":""jsonl_id(data/units.jsonl,urn:uuid:401baf3c-8042-583e-ab34-2f3d0d2c59f5)"",""source_id"":""urn:uuid:401baf3c-8042-583e-ab34-2f3d0d2c59f5"",""source_namespace"":""e810c566-4edf-5b5a-ad52-de3dc04e2083"",""source_record_type"":""unit"",""target_id"":""urn:uuid:6166af73-35e4-5b64-b5ae-2430f5f82273"",""target_namespace"":""0e4d7b37-6108-5065-b08f-d1098697cc02"",""target_record_type"":""unit""},""record_type"":""identity_crosswalk"",""recorded_at"":""2026-08-30T00:00:00Z"",""semantic_key"":""b10:dmoi4:crosswalk:urn:uuid:401baf3c-8042-583e-ab34-2f3d0d2c59f5""}"
urn:uuid:0cbff097-e821-56c4-8f32-2b546a378417,identity_crosswalk,"{""dataset_id"":""urn:uuid:6090fc4b-b34d-5cff-8f65-acaa06ddd1fc"",""id"":""urn:uuid:0cbff097-e821-56c4-8f32-2b546a378417"",""normalized_state"":""validated"",""owner_authority_id"":""urn:uuid:4dea4d1d-09ba-504e-9fcd-83524281ca97"",""owner_native_state"":""identity_declared"",""payload"":{""mapping_cardinality"":""one_to_one"",""mapping_state"":""mapped"",""reverse_recipe"":""jsonl_id(data/units.jsonl,urn:uuid:5fc7c6ba-2ec9-5219-91ba-7c765d9db3c0)"",""source_id"":""urn:uuid:5fc7c6ba-2ec9-5219-91ba-7c765d9db3c0"",""source_namespace"":""e810c566-4edf-5b5a-ad52-de3dc04e2083"",""source_record_type"":""unit"",""target_id"":""urn:uuid:98127f4f-f4cb-5af1-8e9a-a70675990779"",""target_namespace"":""0e4d7b37-6108-5065-b08f-d1098697cc02"",""target_record_type"":""unit""},""record_type"":""identity_crosswalk"",""recorded_at"":""2026-08-30T00:00:00Z"",""semantic_key"":""b10:dmoi4:crosswalk:urn:uuid:5fc7c6ba-2ec9-5219-91ba-7c765d9db3c0""}"
urn:uuid:c5c56680-b0bb-5637-90d5-af8a9db2fa5f,identity_crosswalk,"{""dataset_id"":""urn:uuid:6090fc4b-b34d-5cff-8f65-acaa06ddd1fc"",""id"":""urn:uuid:c5c56680-b0bb-5637-90d5-af8a9db2fa5f"",""normalized_state"":""validated"",""owner_authority_id"":""urn:uuid:4dea4d1d-09ba-504e-9fcd-83524281ca97"",""owner_native_state"":""identity_declared"",""payload"":{""mapping_cardinality"":""one_to_one"",""mapping_state"":""mapped"",""reverse_recipe"":""jsonl_id(data/units.jsonl,urn:uuid:78b9926a-8883-5412-b8aa-b1c4a1d85476)"",""source_id"":""urn:uuid:78b9926a-8883-5412-b8aa-b1c4a1d85476"",""source_namespace"":""e810c566-4edf-5b5a-ad52-de3dc04e2083"",""source_record_type"":""unit"",""target_id"":""urn:uuid:d5604972-61fa-596f-9cab-67c703578bd4"",""target_namespace"":""0e4d7b37-6108-5065-b08f-d1098697cc02"",""target_record_type"":""unit""},""record_type"":""identity_crosswalk"",""recorded_at"":""2026-08-30T00:00:00Z"",""semantic_key"":""b10:dmoi4:crosswalk:urn:uuid:78b9926a-8883-5412-b8aa-b1c4a1d85476""}"
urn:uuid:5cb46581-63cb-5d72-a916-e16d1daa75a7,identity_crosswalk,"{""dataset_id"":""urn:uuid:6090fc4b-b34d-5cff-8f65-acaa06ddd1fc"",""id"":""urn:uuid:5cb46581-63cb-5d72-a916-e16d1daa75a7"",""normalized_state"":""validated"",""owner_authority_id"":""urn:uuid:4dea4d1d-09ba-504e-9fcd-83524281ca97"",""owner_native_state"":""identity_declared"",""payload"":{""mapping_cardinality"":""one_to_one"",""mapping_state"":""mapped"",""reverse_recipe"":""jsonl_id(data/units.jsonl,urn:uuid:cc9fb72a-c545-5fa9-8061-4c0a6b1f496d)"",""source_id"":""urn:uuid:cc9fb72a-c545-5fa9-8061-4c0a6b1f496d"",""source_namespace"":""e810c566-4edf-5b5a-ad52-de3dc04e2083"",""source_record_type"":""unit"",""target_id"":""urn:uuid:49c5a6e5-b8b6-5a24-9a03-5f31bf4f41d8"",""target_namespace"":""0e4d7b37-6108-5065-b08f-d1098697cc02"",""target_record_type"":""unit""},""record_type"":""identity_crosswalk"",""recorded_at"":""2026-08-30T00:00:00Z"",""semantic_key"":""b10:dmoi4:crosswalk:urn:uuid:cc9fb72a-c545-5fa9-8061-4c0a6b1f496d""}"
urn:uuid:61186bc0-3b8f-590a-b4a7-a81dba77830e,identity_crosswalk,"{""dataset_id"":""urn:uuid:6090fc4b-b34d-5cff-8f65-acaa06ddd1fc"",""id"":""urn:uuid:61186bc0-3b8f-590a-b4a7-a81dba77830e"",""normalized_state"":""validated"",""owner_authority_id"":""urn:uuid:4dea4d1d-09ba-504e-9fcd-83524281ca97"",""owner_native_state"":""identity_declared"",""payload"":{""mapping_cardinality"":""one_to_one"",""mapping_state"":""mapped"",""reverse_recipe"":""jsonl_id(data/units.jsonl,urn:uuid:6dce5df1-0284-5bd3-9f84-ff7c1d3bd160)"",""source_id"":""urn:uuid:6dce5df1-0284-5bd3-9f84-ff7c1d3bd160"",""source_namespace"":""e810c566-4edf-5b5a-ad52-de3dc04e2083"",""source_record_type"":""unit"",""target_id"":""urn:uuid:db2274e9-5e6e-5f0e-a31e-dc3ee3cb1781"",""target_namespace"":""0e4d7b37-6108-5065-b08f-d1098697cc02"",""target_record_type"":""unit""},""record_type"":""identity_crosswalk"",""recorded_at"":""2026-08-30T00:00:00Z"",""semantic_key"":""b10:dmoi4:crosswalk:urn:uuid:6dce5df1-0284-5bd3-9f84-ff7c1d3bd160""}"
urn:uuid:c4717ddc-72c7-5a60-a0d5-f74e1cf9cafc,identity_crosswalk,"{""dataset_id"":""urn:uuid:6090fc4b-b34d-5cff-8f65-acaa06ddd1fc"",""id"":""urn:uuid:c4717ddc-72c7-5a60-a0d5-f74e1cf9cafc"",""normalized_state"":""validated"",""owner_authority_id"":""urn:uuid:4dea4d1d-09ba-504e-9fcd-83524281ca97"",""owner_native_state"":""identity_declared"",""payload"":{""mapping_cardinality"":""one_to_one"",""mapping_state"":""mapped"",""reverse_recipe"":""jsonl_id(data/units.jsonl,urn:uuid:8c18cd9d-a5a6-5772-8315-776ec2ed52a9)"",""source_id"":""urn:uuid:8c18cd9d-a5a6-5772-8315-776ec2ed52a9"",""source_namespace"":""e810c566-4edf-5b5a-ad52-de3dc04e2083"",""source_record_type"":""unit"",""target_id"":""urn:uuid:24352e6b-98b1-52d4-b244-45f32eb56d39"",""target_namespace"":""0e4d7b37-6108-5065-b08f-d1098697cc02"",""target_record_type"":""unit""},""record_type"":""identity_crosswalk"",""recorded_at"":""2026-08-30T00:00:00Z"",""semantic_key"":""b10:dmoi4:crosswalk:urn:uuid:8c18cd9d-a5a6-5772-8315-776ec2ed52a9""}"
urn:uuid:289f0bbc-1fbb-5eae-bac8-cf3ae2e3e89a,identity_crosswalk,"{""dataset_id"":""urn:uuid:6090fc4b-b34d-5cff-8f65-acaa06ddd1fc"",""id"":""urn:uuid:289f0bbc-1fbb-5eae-bac8-cf3ae2e3e89a"",""normalized_state"":""validated"",""owner_authority_id"":""urn:uuid:4dea4d1d-09ba-504e-9fcd-83524281ca97"",""owner_native_state"":""identity_declared"",""payload"":{""mapping_cardinality"":""one_to_one"",""mapping_state"":""mapped"",""reverse_recipe"":""jsonl_id(data/units.jsonl,urn:uuid:466c2d34-ecc3-5c6e-88e9-302ebb85caf5)"",""source_id"":""urn:uuid:466c2d34-ecc3-5c6e-88e9-302ebb85caf5"",""source_namespace"":""e810c566-4edf-5b5a-ad52-de3dc04e2083"",""source_record_type"":""unit"",""target_id"":""urn:uuid:fd2f272f-0cf2-54ea-b704-434a3efa8295"",""target_namespace"":""0e4d7b37-6108-5065-b08f-d1098697cc02"",""target_record_type"":""unit""},""record_type"":""identity_crosswalk"",""recorded_at"":""2026-08-30T00:00:00Z"",""semantic_key"":""b10:dmoi4:crosswalk:urn:uuid:466c2d34-ecc3-5c6e-88e9-302ebb85caf5""}"
urn:uuid:e1d19be6-404b-5f70-8ea6-0a2fe40356b4,identity_crosswalk,"{""dataset_id"":""urn:uuid:6090fc4b-b34d-5cff-8f65-acaa06ddd1fc"",""id"":""urn:uuid:e1d19be6-404b-5f70-8ea6-0a2fe40356b4"",""normalized_state"":""validated"",""owner_authority_id"":""urn:uuid:4dea4d1d-09ba-504e-9fcd-83524281ca97"",""owner_native_state"":""identity_declared"",""payload"":{""mapping_cardinality"":""one_to_one"",""mapping_state"":""mapped"",""reverse_recipe"":""jsonl_id(data/units.jsonl,urn:uuid:f50eed74-ff89-506b-b0ca-87874c3d8511)"",""source_id"":""urn:uuid:f50eed74-ff89-506b-b0ca-87874c3d8511"",""source_namespace"":""e810c566-4edf-5b5a-ad52-de3dc04e2083"",""source_record_type"":""unit"",""target_id"":""urn:uuid:3ec1885a-2ac5-567a-b9f3-e5627c1f665a"",""target_namespace"":""0e4d7b37-6108-5065-b08f-d1098697cc02"",""target_record_type"":""unit""},""record_type"":""identity_crosswalk"",""recorded_at"":""2026-08-30T00:00:00Z"",""semantic_key"":""b10:dmoi4:crosswalk:urn:uuid:f50eed74-ff89-506b-b0ca-87874c3d8511""}"
urn:uuid:d8273737-f112-5a2d-82f6-c17ad10f35ae,identity_crosswalk,"{""dataset_id"":""urn:uuid:6090fc4b-b34d-5cff-8f65-acaa06ddd1fc"",""id"":""urn:uuid:d8273737-f112-5a2d-82f6-c17ad10f35ae"",""normalized_state"":""validated"",""owner_authority_id"":""urn:uuid:4dea4d1d-09ba-504e-9fcd-83524281ca97"",""owner_native_state"":""identity_declared"",""payload"":{""mapping_cardinality"":""one_to_one"",""mapping_state"":""mapped"",""reverse_recipe"":""jsonl_id(data/units.jsonl,urn:uuid:fe8fd25e-cfb7-5cf6-aff8-40a84aa8ee21)"",""source_id"":""urn:uuid:fe8fd25e-cfb7-5cf6-aff8-40a84aa8ee21"",""source_namespace"":""e810c566-4edf-5b5a-ad52-de3dc04e2083"",""source_record_type"":""unit"",""target_id"":""urn:uuid:a3807c03-68f4-586c-a5d0-2d46f559e865"",""target_namespace"":""0e4d7b37-6108-5065-b08f-d1098697cc02"",""target_record_type"":""unit""},""record_type"":""identity_crosswalk"",""recorded_at"":""2026-08-30T00:00:00Z"",""semantic_key"":""b10:dmoi4:crosswalk:urn:uuid:fe8fd25e-cfb7-5cf6-aff8-40a84aa8ee21""}"
urn:uuid:27930cec-e327-58f8-8445-83c236379401,identity_crosswalk,"{""dataset_id"":""urn:uuid:6090fc4b-b34d-5cff-8f65-acaa06ddd1fc"",""id"":""urn:uuid:27930cec-e327-58f8-8445-83c236379401"",""normalized_state"":""validated"",""owner_authority_id"":""urn:uuid:4dea4d1d-09ba-504e-9fcd-83524281ca97"",""owner_native_state"":""identity_declared"",""payload"":{""mapping_cardinality"":""one_to_one"",""mapping_state"":""mapped"",""reverse_recipe"":""jsonl_id(data/units.jsonl,urn:uuid:b0680aba-e863-5693-acb7-2cefd7835884)"",""source_id"":""urn:uuid:b0680aba-e863-5693-acb7-2cefd7835884"",""source_namespace"":""e810c566-4edf-5b5a-ad52-de3dc04e2083"",""source_record_type"":""unit"",""target_id"":""urn:uuid:e004deeb-7315-52c4-8a44-39f3326af20f"",""target_namespace"":""0e4d7b37-6108-5065-b08f-d1098697cc02"",""target_record_type"":""unit""},""record_type"":""identity_crosswalk"",""recorded_at"":""2026-08-30T00:00:00Z"",""semantic_key"":""b10:dmoi4:crosswalk:urn:uuid:b0680aba-e863-5693-acb7-2cefd7835884""}"
urn:uuid:fc527e27-3523-54bf-a714-619f6c4b0e6f,identity_crosswalk,"{""dataset_id"":""urn:uuid:6090fc4b-b34d-5cff-8f65-acaa06ddd1fc"",""id"":""urn:uuid:fc527e27-3523-54bf-a714-619f6c4b0e6f"",""normalized_state"":""validated"",""owner_authority_id"":""urn:uuid:4dea4d1d-09ba-504e-9fcd-83524281ca97"",""owner_native_state"":""identity_declared"",""payload"":{""mapping_cardinality"":""one_to_one"",""mapping_state"":""mapped"",""reverse_recipe"":""jsonl_id(data/units.jsonl,urn:uuid:64c3ba36-b981-5117-9903-c5e6063f6270)"",""source_id"":""urn:uuid:64c3ba36-b981-5117-9903-c5e6063f6270"",""source_namespace"":""e810c566-4edf-5b5a-ad52-de3dc04e2083"",""source_record_type"":""unit"",""target_id"":""urn:uuid:0a70f94f-f805-5ab3-bea1-22c7dde24c85"",""target_namespace"":""0e4d7b37-6108-5065-b08f-d1098697cc02"",""target_record_type"":""unit""},""record_type"":""identity_crosswalk"",""recorded_at"":""2026-08-30T00:00:00Z"",""semantic_key"":""b10:dmoi4:crosswalk:urn:uuid:64c3ba36-b981-5117-9903-c5e6063f6270""}"
urn:uuid:ba910053-5c41-5d00-b937-9ea2b9887223,identity_crosswalk,"{""dataset_id"":""urn:uuid:6090fc4b-b34d-5cff-8f65-acaa06ddd1fc"",""id"":""urn:uuid:ba910053-5c41-5d00-b937-9ea2b9887223"",""normalized_state"":""validated"",""owner_authority_id"":""urn:uuid:4dea4d1d-09ba-504e-9fcd-83524281ca97"",""owner_native_state"":""identity_declared"",""payload"":{""mapping_cardinality"":""one_to_one"",""mapping_state"":""mapped"",""reverse_recipe"":""jsonl_id(data/units.jsonl,urn:uuid:f4ae49da-6e22-5379-9745-23abe9ccc5e6)"",""source_id"":""urn:uuid:f4ae49da-6e22-5379-9745-23abe9ccc5e6"",""source_namespace"":""e810c566-4edf-5b5a-ad52-de3dc04e2083"",""source_record_type"":""unit"",""target_id"":""urn:uuid:e503b5d1-3d5d-5334-8ddc-d66c56d89333"",""target_namespace"":""0e4d7b37-6108-5065-b08f-d1098697cc02"",""target_record_type"":""unit""},""record_type"":""identity_crosswalk"",""recorded_at"":""2026-08-30T00:00:00Z"",""semantic_key"":""b10:dmoi4:crosswalk:urn:uuid:f4ae49da-6e22-5379-9745-23abe9ccc5e6""}"
urn:uuid:f6d9b566-2de5-5c60-a5b9-98aaeeb23fb9,identity_crosswalk,"{""dataset_id"":""urn:uuid:6090fc4b-b34d-5cff-8f65-acaa06ddd1fc"",""id"":""urn:uuid:f6d9b566-2de5-5c60-a5b9-98aaeeb23fb9"",""normalized_state"":""validated"",""owner_authority_id"":""urn:uuid:4dea4d1d-09ba-504e-9fcd-83524281ca97"",""owner_native_state"":""identity_declared"",""payload"":{""mapping_cardinality"":""one_to_one"",""mapping_state"":""mapped"",""reverse_recipe"":""jsonl_id(data/units.jsonl,urn:uuid:64c227a4-1910-5e86-83b7-f0d47ca13f5f)"",""source_id"":""urn:uuid:64c227a4-1910-5e86-83b7-f0d47ca13f5f"",""source_namespace"":""e810c566-4edf-5b5a-ad52-de3dc04e2083"",""source_record_type"":""unit"",""target_id"":""urn:uuid:3719f407-3958-5213-8408-baade6dd0bdd"",""target_namespace"":""0e4d7b37-6108-5065-b08f-d1098697cc02"",""target_record_type"":""unit""},""record_type"":""identity_crosswalk"",""recorded_at"":""2026-08-30T00:00:00Z"",""semantic_key"":""b10:dmoi4:crosswalk:urn:uuid:64c227a4-1910-5e86-83b7-f0d47ca13f5f""}"
urn:uuid:ca702615-8e72-5d85-9563-1ab9437979ed,identity_crosswalk,"{""dataset_id"":""urn:uuid:6090fc4b-b34d-5cff-8f65-acaa06ddd1fc"",""id"":""urn:uuid:ca702615-8e72-5d85-9563-1ab9437979ed"",""normalized_state"":""validated"",""owner_authority_id"":""urn:uuid:4dea4d1d-09ba-504e-9fcd-83524281ca97"",""owner_native_state"":""identity_declared"",""payload"":{""mapping_cardinality"":""one_to_one"",""mapping_state"":""mapped"",""reverse_recipe"":""jsonl_id(data/units.jsonl,urn:uuid:492faccc-1a07-59a0-9cca-8c08a93d1130)"",""source_id"":""urn:uuid:492faccc-1a07-59a0-9cca-8c08a93d1130"",""source_namespace"":""e810c566-4edf-5b5a-ad52-de3dc04e2083"",""source_record_type"":""unit"",""target_id"":""urn:uuid:89df1db7-700f-5a34-98af-1c674273518d"",""target_namespace"":""0e4d7b37-6108-5065-b08f-d1098697cc02"",""target_record_type"":""unit""},""record_type"":""identity_crosswalk"",""recorded_at"":""2026-08-30T00:00:00Z"",""semantic_key"":""b10:dmoi4:crosswalk:urn:uuid:492faccc-1a07-59a0-9cca-8c08a93d1130""}"
urn:uuid:02920c0b-01ae-57db-825c-df8706a584e6,identity_crosswalk,"{""dataset_id"":""urn:uuid:6090fc4b-b34d-5cff-8f65-acaa06ddd1fc"",""id"":""urn:uuid:02920c0b-01ae-57db-825c-df8706a584e6"",""normalized_state"":""validated"",""owner_authority_id"":""urn:uuid:4dea4d1d-09ba-504e-9fcd-83524281ca97"",""owner_native_state"":""identity_declared"",""payload"":{""mapping_cardinality"":""one_to_one"",""mapping_state"":""mapped"",""reverse_recipe"":""jsonl_id(data/units.jsonl,urn:uuid:e8018399-ba3c-526d-8bd8-32d37971508a)"",""source_id"":""urn:uuid:e8018399-ba3c-526d-8bd8-32d37971508a"",""source_namespace"":""e810c566-4edf-5b5a-ad52-de3dc04e2083"",""source_record_type"":""unit"",""target_id"":""urn:uuid:c5376aae-5491-534f-8c45-d44686fc5830"",""target_namespace"":""0e4d7b37-6108-5065-b08f-d1098697cc02"",""target_record_type"":""unit""},""record_type"":""identity_crosswalk"",""recorded_at"":""2026-08-30T00:00:00Z"",""semantic_key"":""b10:dmoi4:crosswalk:urn:uuid:e8018399-ba3c-526d-8bd8-32d37971508a""}"
urn:uuid:a4f464af-6929-5051-9895-92fdf39f6d79,identity_crosswalk,"{""dataset_id"":""urn:uuid:6090fc4b-b34d-5cff-8f65-acaa06ddd1fc"",""id"":""urn:uuid:a4f464af-6929-5051-9895-92fdf39f6d79"",""normalized_state"":""validated"",""owner_authority_id"":""urn:uuid:4dea4d1d-09ba-504e-9fcd-83524281ca97"",""owner_native_state"":""identity_declared"",""payload"":{""mapping_cardinality"":""one_to_one"",""mapping_state"":""mapped"",""reverse_recipe"":""jsonl_id(data/units.jsonl,urn:uuid:a77315a3-2ea0-5af2-8f93-19bb9da35ca7)"",""source_id"":""urn:uuid:a77315a3-2ea0-5af2-8f93-19bb9da35ca7"",""source_namespace"":""e810c566-4edf-5b5a-ad52-de3dc04e2083"",""source_record_type"":""unit"",""target_id"":""urn:uuid:8ea55d26-d560-52fc-afca-cf60be0a991e"",""target_namespace"":""0e4d7b37-6108-5065-b08f-d1098697cc02"",""target_record_type"":""unit""},""record_type"":""identity_crosswalk"",""recorded_at"":""2026-08-30T00:00:00Z"",""semantic_key"":""b10:dmoi4:crosswalk:urn:uuid:a77315a3-2ea0-5af2-8f93-19bb9da35ca7""}"
urn:uuid:8f2995d2-7248-5540-b6c2-31b28a81f447,identity_crosswalk,"{""dataset_id"":""urn:uuid:6090fc4b-b34d-5cff-8f65-acaa06ddd1fc"",""id"":""urn:uuid:8f2995d2-7248-5540-b6c2-31b28a81f447"",""normalized_state"":""validated"",""owner_authority_id"":""urn:uuid:4dea4d1d-09ba-504e-9fcd-83524281ca97"",""owner_native_state"":""identity_declared"",""payload"":{""mapping_cardinality"":""one_to_one"",""mapping_state"":""mapped"",""reverse_recipe"":""jsonl_id(data/units.jsonl,urn:uuid:158886ea-b223-5dfc-a0f8-e9c9b3173282)"",""source_id"":""urn:uuid:158886ea-b223-5dfc-a0f8-e9c9b3173282"",""source_namespace"":""e810c566-4edf-5b5a-ad52-de3dc04e2083"",""source_record_type"":""unit"",""target_id"":""urn:uuid:6672fb83-5c6e-5f07-95df-8a815f8f3c2a"",""target_namespace"":""0e4d7b37-6108-5065-b08f-d1098697cc02"",""target_record_type"":""unit""},""record_type"":""identity_crosswalk"",""recorded_at"":""2026-08-30T00:00:00Z"",""semantic_key"":""b10:dmoi4:crosswalk:urn:uuid:158886ea-b223-5dfc-a0f8-e9c9b3173282""}"
urn:uuid:c37426f2-80ca-55b5-957e-15ba96ce8fff,identity_crosswalk,"{""dataset_id"":""urn:uuid:6090fc4b-b34d-5cff-8f65-acaa06ddd1fc"",""id"":""urn:uuid:c37426f2-80ca-55b5-957e-15ba96ce8fff"",""normalized_state"":""validated"",""owner_authority_id"":""urn:uuid:4dea4d1d-09ba-504e-9fcd-83524281ca97"",""owner_native_state"":""identity_declared"",""payload"":{""mapping_cardinality"":""one_to_one"",""mapping_state"":""mapped"",""reverse_recipe"":""jsonl_id(data/units.jsonl,urn:uuid:5a6a77d8-8d40-5fb8-adc3-a0673710266d)"",""source_id"":""urn:uuid:5a6a77d8-8d40-5fb8-adc3-a0673710266d"",""source_namespace"":""e810c566-4edf-5b5a-ad52-de3dc04e2083"",""source_record_type"":""unit"",""target_id"":""urn:uuid:2f602456-87cf-597b-b375-3323b8c77b70"",""target_namespace"":""0e4d7b37-6108-5065-b08f-d1098697cc02"",""target_record_type"":""unit""},""record_type"":""identity_crosswalk"",""recorded_at"":""2026-08-30T00:00:00Z"",""semantic_key"":""b10:dmoi4:crosswalk:urn:uuid:5a6a77d8-8d40-5fb8-adc3-a0673710266d""}"
urn:uuid:a8ec27a4-373b-5b02-93f0-4a092cf8a5c9,identity_crosswalk,"{""dataset_id"":""urn:uuid:6090fc4b-b34d-5cff-8f65-acaa06ddd1fc"",""id"":""urn:uuid:a8ec27a4-373b-5b02-93f0-4a092cf8a5c9"",""normalized_state"":""validated"",""owner_authority_id"":""urn:uuid:4dea4d1d-09ba-504e-9fcd-83524281ca97"",""owner_native_state"":""identity_declared"",""payload"":{""mapping_cardinality"":""one_to_one"",""mapping_state"":""mapped"",""reverse_recipe"":""jsonl_id(data/units.jsonl,urn:uuid:4468fb3d-c6dd-5bd0-a78d-c3983e0b383b)"",""source_id"":""urn:uuid:4468fb3d-c6dd-5bd0-a78d-c3983e0b383b"",""source_namespace"":""e810c566-4edf-5b5a-ad52-de3dc04e2083"",""source_record_type"":""unit"",""target_id"":""urn:uuid:0bb76aed-38c4-5161-989e-e1e81a056647"",""target_namespace"":""0e4d7b37-6108-5065-b08f-d1098697cc02"",""target_record_type"":""unit""},""record_type"":""identity_crosswalk"",""recorded_at"":""2026-08-30T00:00:00Z"",""semantic_key"":""b10:dmoi4:crosswalk:urn:uuid:4468fb3d-c6dd-5bd0-a78d-c3983e0b383b""}"
urn:uuid:9e194522-6b75-5704-ad19-f1a0a932ad4a,identity_crosswalk,"{""dataset_id"":""urn:uuid:6090fc4b-b34d-5cff-8f65-acaa06ddd1fc"",""id"":""urn:uuid:9e194522-6b75-5704-ad19-f1a0a932ad4a"",""normalized_state"":""validated"",""owner_authority_id"":""urn:uuid:4dea4d1d-09ba-504e-9fcd-83524281ca97"",""owner_native_state"":""identity_declared"",""payload"":{""mapping_cardinality"":""one_to_one"",""mapping_state"":""mapped"",""reverse_recipe"":""jsonl_id(data/units.jsonl,urn:uuid:6027100c-f10c-5ac9-906e-e3bdcb6de257)"",""source_id"":""urn:uuid:6027100c-f10c-5ac9-906e-e3bdcb6de257"",""source_namespace"":""e810c566-4edf-5b5a-ad52-de3dc04e2083"",""source_record_type"":""unit"",""target_id"":""urn:uuid:1bcf267e-6f4d-5bb8-b137-61b6bfb87a16"",""target_namespace"":""0e4d7b37-6108-5065-b08f-d1098697cc02"",""target_record_type"":""unit""},""record_type"":""identity_crosswalk"",""recorded_at"":""2026-08-30T00:00:00Z"",""semantic_key"":""b10:dmoi4:crosswalk:urn:uuid:6027100c-f10c-5ac9-906e-e3bdcb6de257""}"
urn:uuid:64cfbedf-bead-5fb5-b815-d0ab47036805,identity_crosswalk,"{""dataset_id"":""urn:uuid:6090fc4b-b34d-5cff-8f65-acaa06ddd1fc"",""id"":""urn:uuid:64cfbedf-bead-5fb5-b815-d0ab47036805"",""normalized_state"":""validated"",""owner_authority_id"":""urn:uuid:4dea4d1d-09ba-504e-9fcd-83524281ca97"",""owner_native_state"":""identity_declared"",""payload"":{""mapping_cardinality"":""one_to_one"",""mapping_state"":""mapped"",""reverse_recipe"":""jsonl_id(data/units.jsonl,urn:uuid:48ca9331-78e7-58b7-807f-92a5fa0d9a58)"",""source_id"":""urn:uuid:48ca9331-78e7-58b7-807f-92a5fa0d9a58"",""source_namespace"":""e810c566-4edf-5b5a-ad52-de3dc04e2083"",""source_record_type"":""unit"",""target_id"":""urn:uuid:4b31ff65-b43f-568d-8b6d-e9eec5fd7d3f"",""target_namespace"":""0e4d7b37-6108-5065-b08f-d1098697cc02"",""target_record_type"":""unit""},""record_type"":""identity_crosswalk"",""recorded_at"":""2026-08-30T00:00:00Z"",""semantic_key"":""b10:dmoi4:crosswalk:urn:uuid:48ca9331-78e7-58b7-807f-92a5fa0d9a58""}"
urn:uuid:d31cc81b-d8f1-5ee7-b67f-7a431e328c08,identity_crosswalk,"{""dataset_id"":""urn:uuid:6090fc4b-b34d-5cff-8f65-acaa06ddd1fc"",""id"":""urn:uuid:d31cc81b-d8f1-5ee7-b67f-7a431e328c08"",""normalized_state"":""validated"",""owner_authority_id"":""urn:uuid:4dea4d1d-09ba-504e-9fcd-83524281ca97"",""owner_native_state"":""identity_declared"",""payload"":{""mapping_cardinality"":""one_to_one"",""mapping_state"":""mapped"",""reverse_recipe"":""jsonl_id(data/units.jsonl,urn:uuid:3baa871b-1567-542a-a737-6c7929d86e50)"",""source_id"":""urn:uuid:3baa871b-1567-542a-a737-6c7929d86e50"",""source_namespace"":""e810c566-4edf-5b5a-ad52-de3dc04e2083"",""source_record_type"":""unit"",""target_id"":""urn:uuid:f8e22a2d-68e2-5902-8b8f-e8d6c03edea0"",""target_namespace"":""0e4d7b37-6108-5065-b08f-d1098697cc02"",""target_record_type"":""unit""},""record_type"":""identity_crosswalk"",""recorded_at"":""2026-08-30T00:00:00Z"",""semantic_key"":""b10:dmoi4:crosswalk:urn:uuid:3baa871b-1567-542a-a737-6c7929d86e50""}"
urn:uuid:165e6ebf-24ad-5484-826d-e5474e549f0d,identity_crosswalk,"{""dataset_id"":""urn:uuid:6090fc4b-b34d-5cff-8f65-acaa06ddd1fc"",""id"":""urn:uuid:165e6ebf-24ad-5484-826d-e5474e549f0d"",""normalized_state"":""validated"",""owner_authority_id"":""urn:uuid:4dea4d1d-09ba-504e-9fcd-83524281ca97"",""owner_native_state"":""identity_declared"",""payload"":{""mapping_cardinality"":""one_to_one"",""mapping_state"":""mapped"",""reverse_recipe"":""jsonl_id(data/units.jsonl,urn:uuid:44d6530d-226d-5d56-a3e0-2f0534534958)"",""source_id"":""urn:uuid:44d6530d-226d-5d56-a3e0-2f0534534958"",""source_namespace"":""e810c566-4edf-5b5a-ad52-de3dc04e2083"",""source_record_type"":""unit"",""target_id"":""urn:uuid:7309e993-9633-5f8c-9a5e-fd451f825ebd"",""target_namespace"":""0e4d7b37-6108-5065-b08f-d1098697cc02"",""target_record_type"":""unit""},""record_type"":""identity_crosswalk"",""recorded_at"":""2026-08-30T00:00:00Z"",""semantic_key"":""b10:dmoi4:crosswalk:urn:uuid:44d6530d-226d-5d56-a3e0-2f0534534958""}"
urn:uuid:9bfed2ae-c47e-5577-8b39-f915185b450a,identity_crosswalk,"{""dataset_id"":""urn:uuid:6090fc4b-b34d-5cff-8f65-acaa06ddd1fc"",""id"":""urn:uuid:9bfed2ae-c47e-5577-8b39-f915185b450a"",""normalized_state"":""validated"",""owner_authority_id"":""urn:uuid:4dea4d1d-09ba-504e-9fcd-83524281ca97"",""owner_native_state"":""identity_declared"",""payload"":{""mapping_cardinality"":""one_to_one"",""mapping_state"":""mapped"",""reverse_recipe"":""jsonl_id(data/units.jsonl,urn:uuid:099de06e-dd3d-5711-ba9e-5edc11026831)"",""source_id"":""urn:uuid:099de06e-dd3d-5711-ba9e-5edc11026831"",""source_namespace"":""e810c566-4edf-5b5a-ad52-de3dc04e2083"",""source_record_type"":""unit"",""target_id"":""urn:uuid:dd923b91-846f-5016-8764-37b6c2a9fe60"",""target_namespace"":""0e4d7b37-6108-5065-b08f-d1098697cc02"",""target_record_type"":""unit""},""record_type"":""identity_crosswalk"",""recorded_at"":""2026-08-30T00:00:00Z"",""semantic_key"":""b10:dmoi4:crosswalk:urn:uuid:099de06e-dd3d-5711-ba9e-5edc11026831""}"
urn:uuid:1c273779-3a13-5f40-bc5d-50fd5c7e705d,identity_crosswalk,"{""dataset_id"":""urn:uuid:6090fc4b-b34d-5cff-8f65-acaa06ddd1fc"",""id"":""urn:uuid:1c273779-3a13-5f40-bc5d-50fd5c7e705d"",""normalized_state"":""validated"",""owner_authority_id"":""urn:uuid:4dea4d1d-09ba-504e-9fcd-83524281ca97"",""owner_native_state"":""identity_declared"",""payload"":{""mapping_cardinality"":""one_to_one"",""mapping_state"":""mapped"",""reverse_recipe"":""jsonl_id(data/units.jsonl,urn:uuid:84a0b4ee-3d47-548f-9073-51c24cf75ed0)"",""source_id"":""urn:uuid:84a0b4ee-3d47-548f-9073-51c24cf75ed0"",""source_namespace"":""e810c566-4edf-5b5a-ad52-de3dc04e2083"",""source_record_type"":""unit"",""target_id"":""urn:uuid:a29013a5-e291-515c-96a1-17e7b18db95f"",""target_namespace"":""0e4d7b37-6108-5065-b08f-d1098697cc02"",""target_record_type"":""unit""},""record_type"":""identity_crosswalk"",""recorded_at"":""2026-08-30T00:00:00Z"",""semantic_key"":""b10:dmoi4:crosswalk:urn:uuid:84a0b4ee-3d47-548f-9073-51c24cf75ed0""}"
urn:uuid:f58d1d50-69f2-5184-8290-8f292ce56acb,identity_crosswalk,"{""dataset_id"":""urn:uuid:6090fc4b-b34d-5cff-8f65-acaa06ddd1fc"",""id"":""urn:uuid:f58d1d50-69f2-5184-8290-8f292ce56acb"",""normalized_state"":""validated"",""owner_authority_id"":""urn:uuid:4dea4d1d-09ba-504e-9fcd-83524281ca97"",""owner_native_state"":""identity_declared"",""payload"":{""mapping_cardinality"":""one_to_one"",""mapping_state"":""mapped"",""reverse_recipe"":""jsonl_id(data/units.jsonl,urn:uuid:727faf70-fb80-598a-b57d-55e3269ab2d3)"",""source_id"":""urn:uuid:727faf70-fb80-598a-b57d-55e3269ab2d3"",""source_namespace"":""e810c566-4edf-5b5a-ad52-de3dc04e2083"",""source_record_type"":""unit"",""target_id"":""urn:uuid:1fc96fe6-56b6-5931-b17a-e8213f9e4159"",""target_namespace"":""0e4d7b37-6108-5065-b08f-d1098697cc02"",""target_record_type"":""unit""},""record_type"":""identity_crosswalk"",""recorded_at"":""2026-08-30T00:00:00Z"",""semantic_key"":""b10:dmoi4:crosswalk:urn:uuid:727faf70-fb80-598a-b57d-55e3269ab2d3""}"
urn:uuid:83f8871c-94ba-52fd-a589-40b97987f657,identity_crosswalk,"{""dataset_id"":""urn:uuid:6090fc4b-b34d-5cff-8f65-acaa06ddd1fc"",""id"":""urn:uuid:83f8871c-94ba-52fd-a589-40b97987f657"",""normalized_state"":""validated"",""owner_authority_id"":""urn:uuid:4dea4d1d-09ba-504e-9fcd-83524281ca97"",""owner_native_state"":""identity_declared"",""payload"":{""mapping_cardinality"":""one_to_one"",""mapping_state"":""mapped"",""reverse_recipe"":""jsonl_id(data/units.jsonl,urn:uuid:7d4d1886-a979-5088-9373-2111449294f9)"",""source_id"":""urn:uuid:7d4d1886-a979-5088-9373-2111449294f9"",""source_namespace"":""e810c566-4edf-5b5a-ad52-de3dc04e2083"",""source_record_type"":""unit"",""target_id"":""urn:uuid:c57200be-10d2-5305-a998-25e8b4b18616"",""target_namespace"":""0e4d7b37-6108-5065-b08f-d1098697cc02"",""target_record_type"":""unit""},""record_type"":""identity_crosswalk"",""recorded_at"":""2026-08-30T00:00:00Z"",""semantic_key"":""b10:dmoi4:crosswalk:urn:uuid:7d4d1886-a979-5088-9373-2111449294f9""}"
urn:uuid:dfae6f83-5669-5f36-99f1-d08796985987,identity_crosswalk,"{""dataset_id"":""urn:uuid:6090fc4b-b34d-5cff-8f65-acaa06ddd1fc"",""id"":""urn:uuid:dfae6f83-5669-5f36-99f1-d08796985987"",""normalized_state"":""validated"",""owner_authority_id"":""urn:uuid:4dea4d1d-09ba-504e-9fcd-83524281ca97"",""owner_native_state"":""identity_declared"",""payload"":{""mapping_cardinality"":""one_to_one"",""mapping_state"":""mapped"",""reverse_recipe"":""jsonl_id(data/units.jsonl,urn:uuid:65c9c582-b808-5217-9628-502da401bcff)"",""source_id"":""urn:uuid:65c9c582-b808-5217-9628-502da401bcff"",""source_namespace"":""e810c566-4edf-5b5a-ad52-de3dc04e2083"",""source_record_type"":""unit"",""target_id"":""urn:uuid:89344072-c970-5a5b-98c2-7fe41f60e79b"",""target_namespace"":""0e4d7b37-6108-5065-b08f-d1098697cc02"",""target_record_type"":""unit""},""record_type"":""identity_crosswalk"",""recorded_at"":""2026-08-30T00:00:00Z"",""semantic_key"":""b10:dmoi4:crosswalk:urn:uuid:65c9c582-b808-5217-9628-502da401bcff""}"
urn:uuid:be2c56d2-97a2-570f-9ca8-983442a993b2,identity_crosswalk,"{""dataset_id"":""urn:uuid:6090fc4b-b34d-5cff-8f65-acaa06ddd1fc"",""id"":""urn:uuid:be2c56d2-97a2-570f-9ca8-983442a993b2"",""normalized_state"":""validated"",""owner_authority_id"":""urn:uuid:4dea4d1d-09ba-504e-9fcd-83524281ca97"",""owner_native_state"":""identity_declared"",""payload"":{""mapping_cardinality"":""one_to_one"",""mapping_state"":""mapped"",""reverse_recipe"":""jsonl_id(data/units.jsonl,urn:uuid:b0294629-644e-589a-a3f1-e15026068f08)"",""source_id"":""urn:uuid:b0294629-644e-589a-a3f1-e15026068f08"",""source_namespace"":""e810c566-4edf-5b5a-ad52-de3dc04e2083"",""source_record_type"":""unit"",""target_id"":""urn:uuid:ef730354-fcf4-56f6-8f73-309a8ead5205"",""target_namespace"":""0e4d7b37-6108-5065-b08f-d1098697cc02"",""target_record_type"":""unit""},""record_type"":""identity_crosswalk"",""recorded_at"":""2026-08-30T00:00:00Z"",""semantic_key"":""b10:dmoi4:crosswalk:urn:uuid:b0294629-644e-589a-a3f1-e15026068f08""}"
urn:uuid:6d2e462c-ab84-5082-8c8e-ad732d50f08f,identity_crosswalk,"{""dataset_id"":""urn:uuid:6090fc4b-b34d-5cff-8f65-acaa06ddd1fc"",""id"":""urn:uuid:6d2e462c-ab84-5082-8c8e-ad732d50f08f"",""normalized_state"":""validated"",""owner_authority_id"":""urn:uuid:4dea4d1d-09ba-504e-9fcd-83524281ca97"",""owner_native_state"":""identity_declared"",""payload"":{""mapping_cardinality"":""one_to_one"",""mapping_state"":""mapped"",""reverse_recipe"":""jsonl_id(data/units.jsonl,urn:uuid:f770965c-ec0e-591d-93ef-5236a2c54282)"",""source_id"":""urn:uuid:f770965c-ec0e-591d-93ef-5236a2c54282"",""source_namespace"":""e810c566-4edf-5b5a-ad52-de3dc04e2083"",""source_record_type"":""unit"",""target_id"":""urn:uuid:31fa84f6-0db0-5c7a-a050-ef281d7965df"",""target_namespace"":""0e4d7b37-6108-5065-b08f-d1098697cc02"",""target_record_type"":""unit""},""record_type"":""identity_crosswalk"",""recorded_at"":""2026-08-30T00:00:00Z"",""semantic_key"":""b10:dmoi4:crosswalk:urn:uuid:f770965c-ec0e-591d-93ef-5236a2c54282""}"
urn:uuid:a16fd0a8-afe1-5501-a4e3-12b5d2af6a35,identity_crosswalk,"{""dataset_id"":""urn:uuid:6090fc4b-b34d-5cff-8f65-acaa06ddd1fc"",""id"":""urn:uuid:a16fd0a8-afe1-5501-a4e3-12b5d2af6a35"",""normalized_state"":""validated"",""owner_authority_id"":""urn:uuid:4dea4d1d-09ba-504e-9fcd-83524281ca97"",""owner_native_state"":""identity_declared"",""payload"":{""mapping_cardinality"":""one_to_one"",""mapping_state"":""mapped"",""reverse_recipe"":""jsonl_id(data/units.jsonl,urn:uuid:257be9f1-c4c3-5d0a-b7fb-efc09e0b7b42)"",""source_id"":""urn:uuid:257be9f1-c4c3-5d0a-b7fb-efc09e0b7b42"",""source_namespace"":""e810c566-4edf-5b5a-ad52-de3dc04e2083"",""source_record_type"":""unit"",""target_id"":""urn:uuid:2d7c1c4a-e832-56b2-8082-1813d8639f84"",""target_namespace"":""0e4d7b37-6108-5065-b08f-d1098697cc02"",""target_record_type"":""unit""},""record_type"":""identity_crosswalk"",""recorded_at"":""2026-08-30T00:00:00Z"",""semantic_key"":""b10:dmoi4:crosswalk:urn:uuid:257be9f1-c4c3-5d0a-b7fb-efc09e0b7b42""}"
urn:uuid:e17faec1-7950-5706-8406-5b177ae47d23,identity_crosswalk,"{""dataset_id"":""urn:uuid:6090fc4b-b34d-5cff-8f65-acaa06ddd1fc"",""id"":""urn:uuid:e17faec1-7950-5706-8406-5b177ae47d23"",""normalized_state"":""validated"",""owner_authority_id"":""urn:uuid:4dea4d1d-09ba-504e-9fcd-83524281ca97"",""owner_native_state"":""identity_declared"",""payload"":{""mapping_cardinality"":""one_to_one"",""mapping_state"":""mapped"",""reverse_recipe"":""jsonl_id(data/units.jsonl,urn:uuid:83c87ad3-79b9-5294-ab77-803c6a6314a6)"",""source_id"":""urn:uuid:83c87ad3-79b9-5294-ab77-803c6a6314a6"",""source_namespace"":""e810c566-4edf-5b5a-ad52-de3dc04e2083"",""source_record_type"":""unit"",""target_id"":""urn:uuid:e3854871-8927-5bfd-be38-f5eb82351bd8"",""target_namespace"":""0e4d7b37-6108-5065-b08f-d1098697cc02"",""target_record_type"":""unit""},""record_type"":""identity_crosswalk"",""recorded_at"":""2026-08-30T00:00:00Z"",""semantic_key"":""b10:dmoi4:crosswalk:urn:uuid:83c87ad3-79b9-5294-ab77-803c6a6314a6""}"
urn:uuid:f7726216-dfa1-5c44-9aa8-632422bbc900,identity_crosswalk,"{""dataset_id"":""urn:uuid:6090fc4b-b34d-5cff-8f65-acaa06ddd1fc"",""id"":""urn:uuid:f7726216-dfa1-5c44-9aa8-632422bbc900"",""normalized_state"":""validated"",""owner_authority_id"":""urn:uuid:4dea4d1d-09ba-504e-9fcd-83524281ca97"",""owner_native_state"":""identity_declared"",""payload"":{""mapping_cardinality"":""one_to_one"",""mapping_state"":""mapped"",""reverse_recipe"":""jsonl_id(data/units.jsonl,urn:uuid:ea887dd9-0109-5269-bc1e-5f278878e813)"",""source_id"":""urn:uuid:ea887dd9-0109-5269-bc1e-5f278878e813"",""source_namespace"":""e810c566-4edf-5b5a-ad52-de3dc04e2083"",""source_record_type"":""unit"",""target_id"":""urn:uuid:516eb4e5-5fc4-582c-b1ab-728320489f0d"",""target_namespace"":""0e4d7b37-6108-5065-b08f-d1098697cc02"",""target_record_type"":""unit""},""record_type"":""identity_crosswalk"",""recorded_at"":""2026-08-30T00:00:00Z"",""semantic_key"":""b10:dmoi4:crosswalk:urn:uuid:ea887dd9-0109-5269-bc1e-5f278878e813""}"
urn:uuid:f3b5c637-3e30-58cc-9408-b57a9f87e2a0,identity_crosswalk,"{""dataset_id"":""urn:uuid:6090fc4b-b34d-5cff-8f65-acaa06ddd1fc"",""id"":""urn:uuid:f3b5c637-3e30-58cc-9408-b57a9f87e2a0"",""normalized_state"":""validated"",""owner_authority_id"":""urn:uuid:4dea4d1d-09ba-504e-9fcd-83524281ca97"",""owner_native_state"":""identity_declared"",""payload"":{""mapping_cardinality"":""one_to_one"",""mapping_state"":""mapped"",""reverse_recipe"":""jsonl_id(data/units.jsonl,urn:uuid:4b5d4a64-95fe-5092-95a6-e35c6de74730)"",""source_id"":""urn:uuid:4b5d4a64-95fe-5092-95a6-e35c6de74730"",""source_namespace"":""e810c566-4edf-5b5a-ad52-de3dc04e2083"",""source_record_type"":""unit"",""target_id"":""urn:uuid:9cd088fc-11b5-54f5-843e-623d2c713954"",""target_namespace"":""0e4d7b37-6108-5065-b08f-d1098697cc02"",""target_record_type"":""unit""},""record_type"":""identity_crosswalk"",""recorded_at"":""2026-08-30T00:00:00Z"",""semantic_key"":""b10:dmoi4:crosswalk:urn:uuid:4b5d4a64-95fe-5092-95a6-e35c6de74730""}"
urn:uuid:5ccdf518-816f-506f-a6a8-8729a5a14c14,identity_crosswalk,"{""dataset_id"":""urn:uuid:6090fc4b-b34d-5cff-8f65-acaa06ddd1fc"",""id"":""urn:uuid:5ccdf518-816f-506f-a6a8-8729a5a14c14"",""normalized_state"":""validated"",""owner_authority_id"":""urn:uuid:4dea4d1d-09ba-504e-9fcd-83524281ca97"",""owner_native_state"":""identity_declared"",""payload"":{""mapping_cardinality"":""one_to_one"",""mapping_state"":""mapped"",""reverse_recipe"":""jsonl_id(data/units.jsonl,urn:uuid:6de6368b-daa0-5d8b-a333-621b4b895de9)"",""source_id"":""urn:uuid:6de6368b-daa0-5d8b-a333-621b4b895de9"",""source_namespace"":""e810c566-4edf-5b5a-ad52-de3dc04e2083"",""source_record_type"":""unit"",""target_id"":""urn:uuid:d132fda4-0376-5db7-bf0a-0d00e208a1fe"",""target_namespace"":""0e4d7b37-6108-5065-b08f-d1098697cc02"",""target_record_type"":""unit""},""record_type"":""identity_crosswalk"",""recorded_at"":""2026-08-30T00:00:00Z"",""semantic_key"":""b10:dmoi4:crosswalk:urn:uuid:6de6368b-daa0-5d8b-a333-621b4b895de9""}"
urn:uuid:38c18325-740f-593a-9a96-1e28d218d849,identity_crosswalk,"{""dataset_id"":""urn:uuid:6090fc4b-b34d-5cff-8f65-acaa06ddd1fc"",""id"":""urn:uuid:38c18325-740f-593a-9a96-1e28d218d849"",""normalized_state"":""validated"",""owner_authority_id"":""urn:uuid:4dea4d1d-09ba-504e-9fcd-83524281ca97"",""owner_native_state"":""identity_declared"",""payload"":{""mapping_cardinality"":""one_to_one"",""mapping_state"":""mapped"",""reverse_recipe"":""jsonl_id(data/units.jsonl,urn:uuid:e755d292-569a-5b8a-b42b-6cf0582af31a)"",""source_id"":""urn:uuid:e755d292-569a-5b8a-b42b-6cf0582af31a"",""source_namespace"":""e810c566-4edf-5b5a-ad52-de3dc04e2083"",""source_record_type"":""unit"",""target_id"":""urn:uuid:bcbd642d-8940-5d7a-9ebc-62747bd1f024"",""target_namespace"":""0e4d7b37-6108-5065-b08f-d1098697cc02"",""target_record_type"":""unit""},""record_type"":""identity_crosswalk"",""recorded_at"":""2026-08-30T00:00:00Z"",""semantic_key"":""b10:dmoi4:crosswalk:urn:uuid:e755d292-569a-5b8a-b42b-6cf0582af31a""}"
urn:uuid:aee10b09-86b3-53d3-90c1-79f56c3f8abc,identity_crosswalk,"{""dataset_id"":""urn:uuid:6090fc4b-b34d-5cff-8f65-acaa06ddd1fc"",""id"":""urn:uuid:aee10b09-86b3-53d3-90c1-79f56c3f8abc"",""normalized_state"":""validated"",""owner_authority_id"":""urn:uuid:4dea4d1d-09ba-504e-9fcd-83524281ca97"",""owner_native_state"":""identity_declared"",""payload"":{""mapping_cardinality"":""one_to_one"",""mapping_state"":""mapped"",""reverse_recipe"":""jsonl_id(data/units.jsonl,urn:uuid:eb099a6c-34f6-51cc-a20c-42a915f8036d)"",""source_id"":""urn:uuid:eb099a6c-34f6-51cc-a20c-42a915f8036d"",""source_namespace"":""e810c566-4edf-5b5a-ad52-de3dc04e2083"",""source_record_type"":""unit"",""target_id"":""urn:uuid:86ef125b-a234-572c-98d6-90e28de9546c"",""target_namespace"":""0e4d7b37-6108-5065-b08f-d1098697cc02"",""target_record_type"":""unit""},""record_type"":""identity_crosswalk"",""recorded_at"":""2026-08-30T00:00:00Z"",""semantic_key"":""b10:dmoi4:crosswalk:urn:uuid:eb099a6c-34f6-51cc-a20c-42a915f8036d""}"
urn:uuid:30e32eca-503d-5ea4-ad82-b7acdcf2af8d,identity_crosswalk,"{""dataset_id"":""urn:uuid:6090fc4b-b34d-5cff-8f65-acaa06ddd1fc"",""id"":""urn:uuid:30e32eca-503d-5ea4-ad82-b7acdcf2af8d"",""normalized_state"":""validated"",""owner_authority_id"":""urn:uuid:4dea4d1d-09ba-504e-9fcd-83524281ca97"",""owner_native_state"":""identity_declared"",""payload"":{""mapping_cardinality"":""one_to_one"",""mapping_state"":""mapped"",""reverse_recipe"":""jsonl_id(data/units.jsonl,urn:uuid:cb633525-6d22-50b7-8c9f-08212a6a385d)"",""source_id"":""urn:uuid:cb633525-6d22-50b7-8c9f-08212a6a385d"",""source_namespace"":""e810c566-4edf-5b5a-ad52-de3dc04e2083"",""source_record_type"":""unit"",""target_id"":""urn:uuid:ca095221-9ae4-59c4-bc19-150159773e4e"",""target_namespace"":""0e4d7b37-6108-5065-b08f-d1098697cc02"",""target_record_type"":""unit""},""record_type"":""identity_crosswalk"",""recorded_at"":""2026-08-30T00:00:00Z"",""semantic_key"":""b10:dmoi4:crosswalk:urn:uuid:cb633525-6d22-50b7-8c9f-08212a6a385d""}"
urn:uuid:2ae0b570-599a-5c44-bd14-402bb4ba638d,identity_crosswalk,"{""dataset_id"":""urn:uuid:6090fc4b-b34d-5cff-8f65-acaa06ddd1fc"",""id"":""urn:uuid:2ae0b570-599a-5c44-bd14-402bb4ba638d"",""normalized_state"":""validated"",""owner_authority_id"":""urn:uuid:4dea4d1d-09ba-504e-9fcd-83524281ca97"",""owner_native_state"":""identity_declared"",""payload"":{""mapping_cardinality"":""one_to_one"",""mapping_state"":""mapped"",""reverse_recipe"":""jsonl_id(data/units.jsonl,urn:uuid:1e7d9dc7-fc2c-5cfd-8bb5-859955d9c31b)"",""source_id"":""urn:uuid:1e7d9dc7-fc2c-5cfd-8bb5-859955d9c31b"",""source_namespace"":""e810c566-4edf-5b5a-ad52-de3dc04e2083"",""source_record_type"":""unit"",""target_id"":""urn:uuid:a4e55f0c-9890-56e8-925c-065677424cfa"",""target_namespace"":""0e4d7b37-6108-5065-b08f-d1098697cc02"",""target_record_type"":""unit""},""record_type"":""identity_crosswalk"",""recorded_at"":""2026-08-30T00:00:00Z"",""semantic_key"":""b10:dmoi4:crosswalk:urn:uuid:1e7d9dc7-fc2c-5cfd-8bb5-859955d9c31b""}"
urn:uuid:215ea31e-7778-553d-8476-c9da9fcacc4e,identity_crosswalk,"{""dataset_id"":""urn:uuid:6090fc4b-b34d-5cff-8f65-acaa06ddd1fc"",""id"":""urn:uuid:215ea31e-7778-553d-8476-c9da9fcacc4e"",""normalized_state"":""validated"",""owner_authority_id"":""urn:uuid:4dea4d1d-09ba-504e-9fcd-83524281ca97"",""owner_native_state"":""identity_declared"",""payload"":{""mapping_cardinality"":""one_to_one"",""mapping_state"":""mapped"",""reverse_recipe"":""jsonl_id(data/units.jsonl,urn:uuid:a5832a98-b280-5766-bf2e-cc28d8905a49)"",""source_id"":""urn:uuid:a5832a98-b280-5766-bf2e-cc28d8905a49"",""source_namespace"":""e810c566-4edf-5b5a-ad52-de3dc04e2083"",""source_record_type"":""unit"",""target_id"":""urn:uuid:8c8e5889-eb43-54c8-94f9-6e14d1188928"",""target_namespace"":""0e4d7b37-6108-5065-b08f-d1098697cc02"",""target_record_type"":""unit""},""record_type"":""identity_crosswalk"",""recorded_at"":""2026-08-30T00:00:00Z"",""semantic_key"":""b10:dmoi4:crosswalk:urn:uuid:a5832a98-b280-5766-bf2e-cc28d8905a49""}"
urn:uuid:ebbab14e-778c-522e-925c-5508fa20dd59,identity_crosswalk,"{""dataset_id"":""urn:uuid:6090fc4b-b34d-5cff-8f65-acaa06ddd1fc"",""id"":""urn:uuid:ebbab14e-778c-522e-925c-5508fa20dd59"",""normalized_state"":""validated"",""owner_authority_id"":""urn:uuid:4dea4d1d-09ba-504e-9fcd-83524281ca97"",""owner_native_state"":""identity_declared"",""payload"":{""mapping_cardinality"":""one_to_one"",""mapping_state"":""mapped"",""reverse_recipe"":""jsonl_id(data/units.jsonl,urn:uuid:f9a1a2de-c0d9-5fb3-955a-0ebab5459fed)"",""source_id"":""urn:uuid:f9a1a2de-c0d9-5fb3-955a-0ebab5459fed"",""source_namespace"":""e810c566-4edf-5b5a-ad52-de3dc04e2083"",""source_record_type"":""unit"",""target_id"":""urn:uuid:321a93e1-8c18-59dc-bf34-102b7f6abfee"",""target_namespace"":""0e4d7b37-6108-5065-b08f-d1098697cc02"",""target_record_type"":""unit""},""record_type"":""identity_crosswalk"",""recorded_at"":""2026-08-30T00:00:00Z"",""semantic_key"":""b10:dmoi4:crosswalk:urn:uuid:f9a1a2de-c0d9-5fb3-955a-0ebab5459fed""}"
urn:uuid:39c97af5-de5b-5c06-8c82-e6f11a79fe0d,identity_crosswalk,"{""dataset_id"":""urn:uuid:6090fc4b-b34d-5cff-8f65-acaa06ddd1fc"",""id"":""urn:uuid:39c97af5-de5b-5c06-8c82-e6f11a79fe0d"",""normalized_state"":""validated"",""owner_authority_id"":""urn:uuid:4dea4d1d-09ba-504e-9fcd-83524281ca97"",""owner_native_state"":""identity_declared"",""payload"":{""mapping_cardinality"":""one_to_one"",""mapping_state"":""mapped"",""reverse_recipe"":""jsonl_id(data/units.jsonl,urn:uuid:b9cfe798-1eda-5676-bcb2-35ae152245a0)"",""source_id"":""urn:uuid:b9cfe798-1eda-5676-bcb2-35ae152245a0"",""source_namespace"":""e810c566-4edf-5b5a-ad52-de3dc04e2083"",""source_record_type"":""unit"",""target_id"":""urn:uuid:0f9c2112-394c-57cc-a92b-cf80d80cdabb"",""target_namespace"":""0e4d7b37-6108-5065-b08f-d1098697cc02"",""target_record_type"":""unit""},""record_type"":""identity_crosswalk"",""recorded_at"":""2026-08-30T00:00:00Z"",""semantic_key"":""b10:dmoi4:crosswalk:urn:uuid:b9cfe798-1eda-5676-bcb2-35ae152245a0""}"
urn:uuid:70be4083-de4c-5c21-bdc2-e180c69c7d61,identity_crosswalk,"{""dataset_id"":""urn:uuid:6090fc4b-b34d-5cff-8f65-acaa06ddd1fc"",""id"":""urn:uuid:70be4083-de4c-5c21-bdc2-e180c69c7d61"",""normalized_state"":""validated"",""owner_authority_id"":""urn:uuid:4dea4d1d-09ba-504e-9fcd-83524281ca97"",""owner_native_state"":""identity_declared"",""payload"":{""mapping_cardinality"":""one_to_one"",""mapping_state"":""mapped"",""reverse_recipe"":""jsonl_id(data/units.jsonl,urn:uuid:3832a877-42f8-5dbc-8ab2-c1c17e5e38e5)"",""source_id"":""urn:uuid:3832a877-42f8-5dbc-8ab2-c1c17e5e38e5"",""source_namespace"":""e810c566-4edf-5b5a-ad52-de3dc04e2083"",""source_record_type"":""unit"",""target_id"":""urn:uuid:b7a0541f-4f3d-5f21-a26e-7dbcd2f5c814"",""target_namespace"":""0e4d7b37-6108-5065-b08f-d1098697cc02"",""target_record_type"":""unit""},""record_type"":""identity_crosswalk"",""recorded_at"":""2026-08-30T00:00:00Z"",""semantic_key"":""b10:dmoi4:crosswalk:urn:uuid:3832a877-42f8-5dbc-8ab2-c1c17e5e38e5""}"
urn:uuid:225868af-8096-5d40-8206-bfd7c8b2a188,identity_crosswalk,"{""dataset_id"":""urn:uuid:6090fc4b-b34d-5cff-8f65-acaa06ddd1fc"",""id"":""urn:uuid:225868af-8096-5d40-8206-bfd7c8b2a188"",""normalized_state"":""validated"",""owner_authority_id"":""urn:uuid:4dea4d1d-09ba-504e-9fcd-83524281ca97"",""owner_native_state"":""identity_declared"",""payload"":{""mapping_cardinality"":""one_to_one"",""mapping_state"":""mapped"",""reverse_recipe"":""jsonl_id(data/units.jsonl,urn:uuid:8190cac9-7d71-5d79-a618-7fdc63a065f9)"",""source_id"":""urn:uuid:8190cac9-7d71-5d79-a618-7fdc63a065f9"",""source_namespace"":""e810c566-4edf-5b5a-ad52-de3dc04e2083"",""source_record_type"":""unit"",""target_id"":""urn:uuid:67788ef1-7b87-5de3-8950-9f600b966c26"",""target_namespace"":""0e4d7b37-6108-5065-b08f-d1098697cc02"",""target_record_type"":""unit""},""record_type"":""identity_crosswalk"",""recorded_at"":""2026-08-30T00:00:00Z"",""semantic_key"":""b10:dmoi4:crosswalk:urn:uuid:8190cac9-7d71-5d79-a618-7fdc63a065f9""}"
urn:uuid:49ba7f26-74bc-5b1e-8b00-e04c827f563b,identity_crosswalk,"{""dataset_id"":""urn:uuid:6090fc4b-b34d-5cff-8f65-acaa06ddd1fc"",""id"":""urn:uuid:49ba7f26-74bc-5b1e-8b00-e04c827f563b"",""normalized_state"":""validated"",""owner_authority_id"":""urn:uuid:4dea4d1d-09ba-504e-9fcd-83524281ca97"",""owner_native_state"":""identity_declared"",""payload"":{""mapping_cardinality"":""one_to_one"",""mapping_state"":""mapped"",""reverse_recipe"":""jsonl_id(data/units.jsonl,urn:uuid:f25f3d25-e332-5e2f-be48-aa6cb3f52aed)"",""source_id"":""urn:uuid:f25f3d25-e332-5e2f-be48-aa6cb3f52aed"",""source_namespace"":""e810c566-4edf-5b5a-ad52-de3dc04e2083"",""source_record_type"":""unit"",""target_id"":""urn:uuid:ec15bbbb-8c68-53ee-81e5-14e91df5d9ec"",""target_namespace"":""0e4d7b37-6108-5065-b08f-d1098697cc02"",""target_record_type"":""unit""},""record_type"":""identity_crosswalk"",""recorded_at"":""2026-08-30T00:00:00Z"",""semantic_key"":""b10:dmoi4:crosswalk:urn:uuid:f25f3d25-e332-5e2f-be48-aa6cb3f52aed""}"
urn:uuid:08345e5e-a808-5dce-81ee-9fd382b0427e,identity_crosswalk,"{""dataset_id"":""urn:uuid:6090fc4b-b34d-5cff-8f65-acaa06ddd1fc"",""id"":""urn:uuid:08345e5e-a808-5dce-81ee-9fd382b0427e"",""normalized_state"":""validated"",""owner_authority_id"":""urn:uuid:4dea4d1d-09ba-504e-9fcd-83524281ca97"",""owner_native_state"":""identity_declared"",""payload"":{""mapping_cardinality"":""one_to_one"",""mapping_state"":""mapped"",""reverse_recipe"":""jsonl_id(data/units.jsonl,urn:uuid:e7defa00-7fc3-5e8c-82b0-175177750bce)"",""source_id"":""urn:uuid:e7defa00-7fc3-5e8c-82b0-175177750bce"",""source_namespace"":""e810c566-4edf-5b5a-ad52-de3dc04e2083"",""source_record_type"":""unit"",""target_id"":""urn:uuid:8a3f06ce-3e74-506e-a699-c363f9deb50b"",""target_namespace"":""0e4d7b37-6108-5065-b08f-d1098697cc02"",""target_record_type"":""unit""},""record_type"":""identity_crosswalk"",""recorded_at"":""2026-08-30T00:00:00Z"",""semantic_key"":""b10:dmoi4:crosswalk:urn:uuid:e7defa00-7fc3-5e8c-82b0-175177750bce""}"
urn:uuid:55539cdd-e494-548d-94e9-89748df67147,identity_crosswalk,"{""dataset_id"":""urn:uuid:6090fc4b-b34d-5cff-8f65-acaa06ddd1fc"",""id"":""urn:uuid:55539cdd-e494-548d-94e9-89748df67147"",""normalized_state"":""validated"",""owner_authority_id"":""urn:uuid:4dea4d1d-09ba-504e-9fcd-83524281ca97"",""owner_native_state"":""identity_declared"",""payload"":{""mapping_cardinality"":""one_to_one"",""mapping_state"":""mapped"",""reverse_recipe"":""jsonl_id(data/units.jsonl,urn:uuid:46e4715d-b87f-5a1b-8f0b-13391d54822f)"",""source_id"":""urn:uuid:46e4715d-b87f-5a1b-8f0b-13391d54822f"",""source_namespace"":""e810c566-4edf-5b5a-ad52-de3dc04e2083"",""source_record_type"":""unit"",""target_id"":""urn:uuid:e7643c9b-51b1-5a5e-bf63-ce3e6b7b5e19"",""target_namespace"":""0e4d7b37-6108-5065-b08f-d1098697cc02"",""target_record_type"":""unit""},""record_type"":""identity_crosswalk"",""recorded_at"":""2026-08-30T00:00:00Z"",""semantic_key"":""b10:dmoi4:crosswalk:urn:uuid:46e4715d-b87f-5a1b-8f0b-13391d54822f""}"
urn:uuid:ebf65d31-313e-5041-8c9d-033407556725,identity_crosswalk,"{""dataset_id"":""urn:uuid:6090fc4b-b34d-5cff-8f65-acaa06ddd1fc"",""id"":""urn:uuid:ebf65d31-313e-5041-8c9d-033407556725"",""normalized_state"":""validated"",""owner_authority_id"":""urn:uuid:4dea4d1d-09ba-504e-9fcd-83524281ca97"",""owner_native_state"":""identity_declared"",""payload"":{""mapping_cardinality"":""one_to_one"",""mapping_state"":""mapped"",""reverse_recipe"":""jsonl_id(data/units.jsonl,urn:uuid:04ec8099-78a5-58ca-b8e7-bb113bb2020a)"",""source_id"":""urn:uuid:04ec8099-78a5-58ca-b8e7-bb113bb2020a"",""source_namespace"":""e810c566-4edf-5b5a-ad52-de3dc04e2083"",""source_record_type"":""unit"",""target_id"":""urn:uuid:1a61f843-766b-5ab0-8caa-7ad6f75f241d"",""target_namespace"":""0e4d7b37-6108-5065-b08f-d1098697cc02"",""target_record_type"":""unit""},""record_type"":""identity_crosswalk"",""recorded_at"":""2026-08-30T00:00:00Z"",""semantic_key"":""b10:dmoi4:crosswalk:urn:uuid:04ec8099-78a5-58ca-b8e7-bb113bb2020a""}"
urn:uuid:25dd5ed4-6689-56fd-9d3c-15d555dc984c,identity_crosswalk,"{""dataset_id"":""urn:uuid:6090fc4b-b34d-5cff-8f65-acaa06ddd1fc"",""id"":""urn:uuid:25dd5ed4-6689-56fd-9d3c-15d555dc984c"",""normalized_state"":""validated"",""owner_authority_id"":""urn:uuid:4dea4d1d-09ba-504e-9fcd-83524281ca97"",""owner_native_state"":""identity_declared"",""payload"":{""mapping_cardinality"":""one_to_one"",""mapping_state"":""mapped"",""reverse_recipe"":""jsonl_id(data/units.jsonl,urn:uuid:b2e4bd61-071e-514c-8788-c44863c4b8ef)"",""source_id"":""urn:uuid:b2e4bd61-071e-514c-8788-c44863c4b8ef"",""source_namespace"":""e810c566-4edf-5b5a-ad52-de3dc04e2083"",""source_record_type"":""unit"",""target_id"":""urn:uuid:742242f6-5e88-5b3c-9694-cb600784d6a5"",""target_namespace"":""0e4d7b37-6108-5065-b08f-d1098697cc02"",""target_record_type"":""unit""},""record_type"":""identity_crosswalk"",""recorded_at"":""2026-08-30T00:00:00Z"",""semantic_key"":""b10:dmoi4:crosswalk:urn:uuid:b2e4bd61-071e-514c-8788-c44863c4b8ef""}"
urn:uuid:f6142481-a478-5a76-a19f-f85608d394d1,identity_crosswalk,"{""dataset_id"":""urn:uuid:6090fc4b-b34d-5cff-8f65-acaa06ddd1fc"",""id"":""urn:uuid:f6142481-a478-5a76-a19f-f85608d394d1"",""normalized_state"":""validated"",""owner_authority_id"":""urn:uuid:4dea4d1d-09ba-504e-9fcd-83524281ca97"",""owner_native_state"":""identity_declared"",""payload"":{""mapping_cardinality"":""one_to_one"",""mapping_state"":""mapped"",""reverse_recipe"":""jsonl_id(data/units.jsonl,urn:uuid:fbd6c617-604f-56b8-8ad2-4eb0c3788400)"",""source_id"":""urn:uuid:fbd6c617-604f-56b8-8ad2-4eb0c3788400"",""source_namespace"":""e810c566-4edf-5b5a-ad52-de3dc04e2083"",""source_record_type"":""unit"",""target_id"":""urn:uuid:84f368f1-2de4-5967-803d-0d82da660a94"",""target_namespace"":""0e4d7b37-6108-5065-b08f-d1098697cc02"",""target_record_type"":""unit""},""record_type"":""identity_crosswalk"",""recorded_at"":""2026-08-30T00:00:00Z"",""semantic_key"":""b10:dmoi4:crosswalk:urn:uuid:fbd6c617-604f-56b8-8ad2-4eb0c3788400""}"
urn:uuid:d6ee91bf-a73f-5866-9f5e-64430774d3f2,identity_crosswalk,"{""dataset_id"":""urn:uuid:6090fc4b-b34d-5cff-8f65-acaa06ddd1fc"",""id"":""urn:uuid:d6ee91bf-a73f-5866-9f5e-64430774d3f2"",""normalized_state"":""validated"",""owner_authority_id"":""urn:uuid:4dea4d1d-09ba-504e-9fcd-83524281ca97"",""owner_native_state"":""identity_declared"",""payload"":{""mapping_cardinality"":""one_to_one"",""mapping_state"":""mapped"",""reverse_recipe"":""jsonl_id(data/units.jsonl,urn:uuid:9da9f3a0-81ce-561b-b625-1fe204a5212a)"",""source_id"":""urn:uuid:9da9f3a0-81ce-561b-b625-1fe204a5212a"",""source_namespace"":""e810c566-4edf-5b5a-ad52-de3dc04e2083"",""source_record_type"":""unit"",""target_id"":""urn:uuid:ff7c27a3-526a-5467-8ef3-38b349d0dce6"",""target_namespace"":""0e4d7b37-6108-5065-b08f-d1098697cc02"",""target_record_type"":""unit""},""record_type"":""identity_crosswalk"",""recorded_at"":""2026-08-30T00:00:00Z"",""semantic_key"":""b10:dmoi4:crosswalk:urn:uuid:9da9f3a0-81ce-561b-b625-1fe204a5212a""}"
urn:uuid:0562a985-3930-5d4d-b2ea-8f77e7372268,identity_crosswalk,"{""dataset_id"":""urn:uuid:6090fc4b-b34d-5cff-8f65-acaa06ddd1fc"",""id"":""urn:uuid:0562a985-3930-5d4d-b2ea-8f77e7372268"",""normalized_state"":""validated"",""owner_authority_id"":""urn:uuid:4dea4d1d-09ba-504e-9fcd-83524281ca97"",""owner_native_state"":""identity_declared"",""payload"":{""mapping_cardinality"":""one_to_one"",""mapping_state"":""mapped"",""reverse_recipe"":""jsonl_id(data/units.jsonl,urn:uuid:4ef2642b-2925-5749-bdc1-e15a4f93f02b)"",""source_id"":""urn:uuid:4ef2642b-2925-5749-bdc1-e15a4f93f02b"",""source_namespace"":""e810c566-4edf-5b5a-ad52-de3dc04e2083"",""source_record_type"":""unit"",""target_id"":""urn:uuid:d38c092a-aefd-5d86-8bac-caf0f6f81613"",""target_namespace"":""0e4d7b37-6108-5065-b08f-d1098697cc02"",""target_record_type"":""unit""},""record_type"":""identity_crosswalk"",""recorded_at"":""2026-08-30T00:00:00Z"",""semantic_key"":""b10:dmoi4:crosswalk:urn:uuid:4ef2642b-2925-5749-bdc1-e15a4f93f02b""}"
urn:uuid:b2c7df87-3e41-5516-ae1c-2d1fdea20890,identity_crosswalk,"{""dataset_id"":""urn:uuid:6090fc4b-b34d-5cff-8f65-acaa06ddd1fc"",""id"":""urn:uuid:b2c7df87-3e41-5516-ae1c-2d1fdea20890"",""normalized_state"":""validated"",""owner_authority_id"":""urn:uuid:4dea4d1d-09ba-504e-9fcd-83524281ca97"",""owner_native_state"":""identity_declared"",""payload"":{""mapping_cardinality"":""one_to_one"",""mapping_state"":""mapped"",""reverse_recipe"":""jsonl_id(data/units.jsonl,urn:uuid:f129b20d-a414-59f9-92ac-edbce3cf021d)"",""source_id"":""urn:uuid:f129b20d-a414-59f9-92ac-edbce3cf021d"",""source_namespace"":""e810c566-4edf-5b5a-ad52-de3dc04e2083"",""source_record_type"":""unit"",""target_id"":""urn:uuid:f382f851-55e1-5533-8113-fcc9ad23bfef"",""target_namespace"":""0e4d7b37-6108-5065-b08f-d1098697cc02"",""target_record_type"":""unit""},""record_type"":""identity_crosswalk"",""recorded_at"":""2026-08-30T00:00:00Z"",""semantic_key"":""b10:dmoi4:crosswalk:urn:uuid:f129b20d-a414-59f9-92ac-edbce3cf021d""}"
urn:uuid:d7ce463b-1fe0-5357-bc96-92b721990f8e,identity_crosswalk,"{""dataset_id"":""urn:uuid:6090fc4b-b34d-5cff-8f65-acaa06ddd1fc"",""id"":""urn:uuid:d7ce463b-1fe0-5357-bc96-92b721990f8e"",""normalized_state"":""validated"",""owner_authority_id"":""urn:uuid:4dea4d1d-09ba-504e-9fcd-83524281ca97"",""owner_native_state"":""identity_declared"",""payload"":{""mapping_cardinality"":""one_to_one"",""mapping_state"":""mapped"",""reverse_recipe"":""jsonl_id(data/units.jsonl,urn:uuid:19ea5430-df56-5790-850c-cc430bf1b015)"",""source_id"":""urn:uuid:19ea5430-df56-5790-850c-cc430bf1b015"",""source_namespace"":""e810c566-4edf-5b5a-ad52-de3dc04e2083"",""source_record_type"":""unit"",""target_id"":""urn:uuid:63c35ed2-dcef-58d1-b115-2d4b9f50167d"",""target_namespace"":""0e4d7b37-6108-5065-b08f-d1098697cc02"",""target_record_type"":""unit""},""record_type"":""identity_crosswalk"",""recorded_at"":""2026-08-30T00:00:00Z"",""semantic_key"":""b10:dmoi4:crosswalk:urn:uuid:19ea5430-df56-5790-850c-cc430bf1b015""}"
urn:uuid:177f9437-8e8c-56f5-ab92-163009d88507,identity_crosswalk,"{""dataset_id"":""urn:uuid:6090fc4b-b34d-5cff-8f65-acaa06ddd1fc"",""id"":""urn:uuid:177f9437-8e8c-56f5-ab92-163009d88507"",""normalized_state"":""validated"",""owner_authority_id"":""urn:uuid:4dea4d1d-09ba-504e-9fcd-83524281ca97"",""owner_native_state"":""identity_declared"",""payload"":{""mapping_cardinality"":""one_to_one"",""mapping_state"":""mapped"",""reverse_recipe"":""jsonl_id(data/units.jsonl,urn:uuid:d77ac50a-8e92-5fb4-b32d-2884d673b368)"",""source_id"":""urn:uuid:d77ac50a-8e92-5fb4-b32d-2884d673b368"",""source_namespace"":""e810c566-4edf-5b5a-ad52-de3dc04e2083"",""source_record_type"":""unit"",""target_id"":""urn:uuid:c8ad07a5-4800-5e85-b1b7-c3491ccb6008"",""target_namespace"":""0e4d7b37-6108-5065-b08f-d1098697cc02"",""target_record_type"":""unit""},""record_type"":""identity_crosswalk"",""recorded_at"":""2026-08-30T00:00:00Z"",""semantic_key"":""b10:dmoi4:crosswalk:urn:uuid:d77ac50a-8e92-5fb4-b32d-2884d673b368""}"
urn:uuid:e6c5b7b1-b1b2-5e1e-bc6a-d253a7450900,identity_crosswalk,"{""dataset_id"":""urn:uuid:6090fc4b-b34d-5cff-8f65-acaa06ddd1fc"",""id"":""urn:uuid:e6c5b7b1-b1b2-5e1e-bc6a-d253a7450900"",""normalized_state"":""validated"",""owner_authority_id"":""urn:uuid:4dea4d1d-09ba-504e-9fcd-83524281ca97"",""owner_native_state"":""identity_declared"",""payload"":{""mapping_cardinality"":""one_to_one"",""mapping_state"":""mapped"",""reverse_recipe"":""jsonl_id(data/units.jsonl,urn:uuid:b7c2189f-42cf-5bf5-8458-d6c20d5ea6df)"",""source_id"":""urn:uuid:b7c2189f-42cf-5bf5-8458-d6c20d5ea6df"",""source_namespace"":""e810c566-4edf-5b5a-ad52-de3dc04e2083"",""source_record_type"":""unit"",""target_id"":""urn:uuid:1fabeeeb-9b09-5c0b-953a-67ed60765ce4"",""target_namespace"":""0e4d7b37-6108-5065-b08f-d1098697cc02"",""target_record_type"":""unit""},""record_type"":""identity_crosswalk"",""recorded_at"":""2026-08-30T00:00:00Z"",""semantic_key"":""b10:dmoi4:crosswalk:urn:uuid:b7c2189f-42cf-5bf5-8458-d6c20d5ea6df""}"
urn:uuid:ab6e6c91-85dd-5e1c-a227-b6281e1ceba4,identity_crosswalk,"{""dataset_id"":""urn:uuid:6090fc4b-b34d-5cff-8f65-acaa06ddd1fc"",""id"":""urn:uuid:ab6e6c91-85dd-5e1c-a227-b6281e1ceba4"",""normalized_state"":""validated"",""owner_authority_id"":""urn:uuid:4dea4d1d-09ba-504e-9fcd-83524281ca97"",""owner_native_state"":""identity_declared"",""payload"":{""mapping_cardinality"":""one_to_one"",""mapping_state"":""mapped"",""reverse_recipe"":""jsonl_id(data/units.jsonl,urn:uuid:5464d3ea-6b6d-58da-b255-60bf456cc8b4)"",""source_id"":""urn:uuid:5464d3ea-6b6d-58da-b255-60bf456cc8b4"",""source_namespace"":""e810c566-4edf-5b5a-ad52-de3dc04e2083"",""source_record_type"":""unit"",""target_id"":""urn:uuid:6dfd9475-193b-54bf-801e-054da99b2b7a"",""target_namespace"":""0e4d7b37-6108-5065-b08f-d1098697cc02"",""target_record_type"":""unit""},""record_type"":""identity_crosswalk"",""recorded_at"":""2026-08-30T00:00:00Z"",""semantic_key"":""b10:dmoi4:crosswalk:urn:uuid:5464d3ea-6b6d-58da-b255-60bf456cc8b4""}"
urn:uuid:795546cc-db23-57b1-a140-75078a64406c,identity_crosswalk,"{""dataset_id"":""urn:uuid:6090fc4b-b34d-5cff-8f65-acaa06ddd1fc"",""id"":""urn:uuid:795546cc-db23-57b1-a140-75078a64406c"",""normalized_state"":""validated"",""owner_authority_id"":""urn:uuid:4dea4d1d-09ba-504e-9fcd-83524281ca97"",""owner_native_state"":""identity_declared"",""payload"":{""mapping_cardinality"":""one_to_one"",""mapping_state"":""mapped"",""reverse_recipe"":""jsonl_id(data/units.jsonl,urn:uuid:05228726-9598-56be-b15b-26a83661d0d2)"",""source_id"":""urn:uuid:05228726-9598-56be-b15b-26a83661d0d2"",""source_namespace"":""e810c566-4edf-5b5a-ad52-de3dc04e2083"",""source_record_type"":""unit"",""target_id"":""urn:uuid:e1e4f925-1208-5354-8f93-0f01fd5b54fb"",""target_namespace"":""0e4d7b37-6108-5065-b08f-d1098697cc02"",""target_record_type"":""unit""},""record_type"":""identity_crosswalk"",""recorded_at"":""2026-08-30T00:00:00Z"",""semantic_key"":""b10:dmoi4:crosswalk:urn:uuid:05228726-9598-56be-b15b-26a83661d0d2""}"
urn:uuid:97b3848d-d530-5a4f-91bc-355f70f8c9d7,identity_crosswalk,"{""dataset_id"":""urn:uuid:6090fc4b-b34d-5cff-8f65-acaa06ddd1fc"",""id"":""urn:uuid:97b3848d-d530-5a4f-91bc-355f70f8c9d7"",""normalized_state"":""validated"",""owner_authority_id"":""urn:uuid:4dea4d1d-09ba-504e-9fcd-83524281ca97"",""owner_native_state"":""identity_declared"",""payload"":{""mapping_cardinality"":""one_to_one"",""mapping_state"":""mapped"",""reverse_recipe"":""jsonl_id(data/units.jsonl,urn:uuid:c927259d-6c0f-528f-bb08-a485b1e2b23c)"",""source_id"":""urn:uuid:c927259d-6c0f-528f-bb08-a485b1e2b23c"",""source_namespace"":""e810c566-4edf-5b5a-ad52-de3dc04e2083"",""source_record_type"":""unit"",""target_id"":""urn:uuid:f1a446c5-d80b-5a0d-9afb-a905c0011e5b"",""target_namespace"":""0e4d7b37-6108-5065-b08f-d1098697cc02"",""target_record_type"":""unit""},""record_type"":""identity_crosswalk"",""recorded_at"":""2026-08-30T00:00:00Z"",""semantic_key"":""b10:dmoi4:crosswalk:urn:uuid:c927259d-6c0f-528f-bb08-a485b1e2b23c""}"
urn:uuid:0aca95a0-4312-5eda-a062-3aa11c7fb302,identity_crosswalk,"{""dataset_id"":""urn:uuid:6090fc4b-b34d-5cff-8f65-acaa06ddd1fc"",""id"":""urn:uuid:0aca95a0-4312-5eda-a062-3aa11c7fb302"",""normalized_state"":""validated"",""owner_authority_id"":""urn:uuid:4dea4d1d-09ba-504e-9fcd-83524281ca97"",""owner_native_state"":""identity_declared"",""payload"":{""mapping_cardinality"":""one_to_one"",""mapping_state"":""mapped"",""reverse_recipe"":""jsonl_id(data/units.jsonl,urn:uuid:c854155b-85ad-5ce2-9533-dc610468de47)"",""source_id"":""urn:uuid:c854155b-85ad-5ce2-9533-dc610468de47"",""source_namespace"":""e810c566-4edf-5b5a-ad52-de3dc04e2083"",""source_record_type"":""unit"",""target_id"":""urn:uuid:44ae7401-4761-5c46-88a5-4b7d027ff5c4"",""target_namespace"":""0e4d7b37-6108-5065-b08f-d1098697cc02"",""target_record_type"":""unit""},""record_type"":""identity_crosswalk"",""recorded_at"":""2026-08-30T00:00:00Z"",""semantic_key"":""b10:dmoi4:crosswalk:urn:uuid:c854155b-85ad-5ce2-9533-dc610468de47""}"
urn:uuid:d7e6ee4f-94d8-5a01-823d-e4467c794618,identity_crosswalk,"{""dataset_id"":""urn:uuid:6090fc4b-b34d-5cff-8f65-acaa06ddd1fc"",""id"":""urn:uuid:d7e6ee4f-94d8-5a01-823d-e4467c794618"",""normalized_state"":""validated"",""owner_authority_id"":""urn:uuid:4dea4d1d-09ba-504e-9fcd-83524281ca97"",""owner_native_state"":""identity_declared"",""payload"":{""mapping_cardinality"":""one_to_one"",""mapping_state"":""mapped"",""reverse_recipe"":""jsonl_id(data/units.jsonl,urn:uuid:7c45b75d-93d7-5cd3-8455-0164181f30aa)"",""source_id"":""urn:uuid:7c45b75d-93d7-5cd3-8455-0164181f30aa"",""source_namespace"":""e810c566-4edf-5b5a-ad52-de3dc04e2083"",""source_record_type"":""unit"",""target_id"":""urn:uuid:42700e28-d348-5ec0-8938-08604aca7de7"",""target_namespace"":""0e4d7b37-6108-5065-b08f-d1098697cc02"",""target_record_type"":""unit""},""record_type"":""identity_crosswalk"",""recorded_at"":""2026-08-30T00:00:00Z"",""semantic_key"":""b10:dmoi4:crosswalk:urn:uuid:7c45b75d-93d7-5cd3-8455-0164181f30aa""}"
urn:uuid:5eae4ae8-2234-5620-b722-1074e84a0d27,identity_crosswalk,"{""dataset_id"":""urn:uuid:6090fc4b-b34d-5cff-8f65-acaa06ddd1fc"",""id"":""urn:uuid:5eae4ae8-2234-5620-b722-1074e84a0d27"",""normalized_state"":""validated"",""owner_authority_id"":""urn:uuid:4dea4d1d-09ba-504e-9fcd-83524281ca97"",""owner_native_state"":""identity_declared"",""payload"":{""mapping_cardinality"":""one_to_one"",""mapping_state"":""mapped"",""reverse_recipe"":""jsonl_id(data/units.jsonl,urn:uuid:63f1de2a-8925-536e-8ebd-c1c73ffef03a)"",""source_id"":""urn:uuid:63f1de2a-8925-536e-8ebd-c1c73ffef03a"",""source_namespace"":""e810c566-4edf-5b5a-ad52-de3dc04e2083"",""source_record_type"":""unit"",""target_id"":""urn:uuid:59deb509-3300-5a48-a499-541f1290c16a"",""target_namespace"":""0e4d7b37-6108-5065-b08f-d1098697cc02"",""target_record_type"":""unit""},""record_type"":""identity_crosswalk"",""recorded_at"":""2026-08-30T00:00:00Z"",""semantic_key"":""b10:dmoi4:crosswalk:urn:uuid:63f1de2a-8925-536e-8ebd-c1c73ffef03a""}"
urn:uuid:1c15160a-ebad-595b-a437-f73de0d7d1be,identity_crosswalk,"{""dataset_id"":""urn:uuid:6090fc4b-b34d-5cff-8f65-acaa06ddd1fc"",""id"":""urn:uuid:1c15160a-ebad-595b-a437-f73de0d7d1be"",""normalized_state"":""validated"",""owner_authority_id"":""urn:uuid:4dea4d1d-09ba-504e-9fcd-83524281ca97"",""owner_native_state"":""identity_declared"",""payload"":{""mapping_cardinality"":""one_to_one"",""mapping_state"":""mapped"",""reverse_recipe"":""jsonl_id(data/units.jsonl,urn:uuid:2165682e-6bfc-57d9-b21d-df415f38ef6d)"",""source_id"":""urn:uuid:2165682e-6bfc-57d9-b21d-df415f38ef6d"",""source_namespace"":""e810c566-4edf-5b5a-ad52-de3dc04e2083"",""source_record_type"":""unit"",""target_id"":""urn:uuid:53f81a86-1444-5fc1-bebc-fb5a478d6ded"",""target_namespace"":""0e4d7b37-6108-5065-b08f-d1098697cc02"",""target_record_type"":""unit""},""record_type"":""identity_crosswalk"",""recorded_at"":""2026-08-30T00:00:00Z"",""semantic_key"":""b10:dmoi4:crosswalk:urn:uuid:2165682e-6bfc-57d9-b21d-df415f38ef6d""}"
urn:uuid:9f1d639a-d480-5378-a8fc-f30e0435b980,identity_crosswalk,"{""dataset_id"":""urn:uuid:6090fc4b-b34d-5cff-8f65-acaa06ddd1fc"",""id"":""urn:uuid:9f1d639a-d480-5378-a8fc-f30e0435b980"",""normalized_state"":""validated"",""owner_authority_id"":""urn:uuid:4dea4d1d-09ba-504e-9fcd-83524281ca97"",""owner_native_state"":""identity_declared"",""payload"":{""mapping_cardinality"":""one_to_one"",""mapping_state"":""mapped"",""reverse_recipe"":""jsonl_id(data/units.jsonl,urn:uuid:484c12d8-d40e-559a-8c96-8a0131755ea3)"",""source_id"":""urn:uuid:484c12d8-d40e-559a-8c96-8a0131755ea3"",""source_namespace"":""e810c566-4edf-5b5a-ad52-de3dc04e2083"",""source_record_type"":""unit"",""target_id"":""urn:uuid:bdf3fecc-3f79-51d2-8ae9-e729814b2b4b"",""target_namespace"":""0e4d7b37-6108-5065-b08f-d1098697cc02"",""target_record_type"":""unit""},""record_type"":""identity_crosswalk"",""recorded_at"":""2026-08-30T00:00:00Z"",""semantic_key"":""b10:dmoi4:crosswalk:urn:uuid:484c12d8-d40e-559a-8c96-8a0131755ea3""}"
urn:uuid:e07f2b39-12e0-5f83-924b-778e3a5371f9,identity_crosswalk,"{""dataset_id"":""urn:uuid:6090fc4b-b34d-5cff-8f65-acaa06ddd1fc"",""id"":""urn:uuid:e07f2b39-12e0-5f83-924b-778e3a5371f9"",""normalized_state"":""validated"",""owner_authority_id"":""urn:uuid:4dea4d1d-09ba-504e-9fcd-83524281ca97"",""owner_native_state"":""identity_declared"",""payload"":{""mapping_cardinality"":""one_to_one"",""mapping_state"":""mapped"",""reverse_recipe"":""jsonl_id(data/units.jsonl,urn:uuid:c4d80cc8-36c6-5b2e-a1c2-71ad1af56257)"",""source_id"":""urn:uuid:c4d80cc8-36c6-5b2e-a1c2-71ad1af56257"",""source_namespace"":""e810c566-4edf-5b5a-ad52-de3dc04e2083"",""source_record_type"":""unit"",""target_id"":""urn:uuid:32ca07e9-52d1-52cf-b7ae-85c925d20fed"",""target_namespace"":""0e4d7b37-6108-5065-b08f-d1098697cc02"",""target_record_type"":""unit""},""record_type"":""identity_crosswalk"",""recorded_at"":""2026-08-30T00:00:00Z"",""semantic_key"":""b10:dmoi4:crosswalk:urn:uuid:c4d80cc8-36c6-5b2e-a1c2-71ad1af56257""}"
urn:uuid:32628b4a-9732-534e-bb51-d5667d4d0f4d,identity_crosswalk,"{""dataset_id"":""urn:uuid:6090fc4b-b34d-5cff-8f65-acaa06ddd1fc"",""id"":""urn:uuid:32628b4a-9732-534e-bb51-d5667d4d0f4d"",""normalized_state"":""validated"",""owner_authority_id"":""urn:uuid:4dea4d1d-09ba-504e-9fcd-83524281ca97"",""owner_native_state"":""identity_declared"",""payload"":{""mapping_cardinality"":""one_to_one"",""mapping_state"":""mapped"",""reverse_recipe"":""jsonl_id(data/units.jsonl,urn:uuid:af7192b1-fad3-5515-a720-202fac07f022)"",""source_id"":""urn:uuid:af7192b1-fad3-5515-a720-202fac07f022"",""source_namespace"":""e810c566-4edf-5b5a-ad52-de3dc04e2083"",""source_record_type"":""unit"",""target_id"":""urn:uuid:ad59b9ba-8883-51fe-886e-56c748b5fe88"",""target_namespace"":""0e4d7b37-6108-5065-b08f-d1098697cc02"",""target_record_type"":""unit""},""record_type"":""identity_crosswalk"",""recorded_at"":""2026-08-30T00:00:00Z"",""semantic_key"":""b10:dmoi4:crosswalk:urn:uuid:af7192b1-fad3-5515-a720-202fac07f022""}"
urn:uuid:ddf5c159-40ce-5348-9ab6-8d40c0e339ea,identity_crosswalk,"{""dataset_id"":""urn:uuid:6090fc4b-b34d-5cff-8f65-acaa06ddd1fc"",""id"":""urn:uuid:ddf5c159-40ce-5348-9ab6-8d40c0e339ea"",""normalized_state"":""validated"",""owner_authority_id"":""urn:uuid:4dea4d1d-09ba-504e-9fcd-83524281ca97"",""owner_native_state"":""identity_declared"",""payload"":{""mapping_cardinality"":""one_to_one"",""mapping_state"":""mapped"",""reverse_recipe"":""jsonl_id(data/units.jsonl,urn:uuid:38e23eff-f74f-594b-b46e-57c1dc4dd4ad)"",""source_id"":""urn:uuid:38e23eff-f74f-594b-b46e-57c1dc4dd4ad"",""source_namespace"":""e810c566-4edf-5b5a-ad52-de3dc04e2083"",""source_record_type"":""unit"",""target_id"":""urn:uuid:bf78ba46-c556-5946-bf01-23391c99fe21"",""target_namespace"":""0e4d7b37-6108-5065-b08f-d1098697cc02"",""target_record_type"":""unit""},""record_type"":""identity_crosswalk"",""recorded_at"":""2026-08-30T00:00:00Z"",""semantic_key"":""b10:dmoi4:crosswalk:urn:uuid:38e23eff-f74f-594b-b46e-57c1dc4dd4ad""}"
urn:uuid:050820c0-0e10-5cf0-a851-600e68405bc5,identity_crosswalk,"{""dataset_id"":""urn:uuid:6090fc4b-b34d-5cff-8f65-acaa06ddd1fc"",""id"":""urn:uuid:050820c0-0e10-5cf0-a851-600e68405bc5"",""normalized_state"":""validated"",""owner_authority_id"":""urn:uuid:4dea4d1d-09ba-504e-9fcd-83524281ca97"",""owner_native_state"":""identity_declared"",""payload"":{""mapping_cardinality"":""one_to_one"",""mapping_state"":""mapped"",""reverse_recipe"":""jsonl_id(data/units.jsonl,urn:uuid:c79a88a0-6167-594e-93bd-d70ea0b95fc3)"",""source_id"":""urn:uuid:c79a88a0-6167-594e-93bd-d70ea0b95fc3"",""source_namespace"":""e810c566-4edf-5b5a-ad52-de3dc04e2083"",""source_record_type"":""unit"",""target_id"":""urn:uuid:4182ae10-0790-591a-8477-a22a70292150"",""target_namespace"":""0e4d7b37-6108-5065-b08f-d1098697cc02"",""target_record_type"":""unit""},""record_type"":""identity_crosswalk"",""recorded_at"":""2026-08-30T00:00:00Z"",""semantic_key"":""b10:dmoi4:crosswalk:urn:uuid:c79a88a0-6167-594e-93bd-d70ea0b95fc3""}"
urn:uuid:884c0290-fda1-5d2a-88b5-51cc5e7c7f38,identity_crosswalk,"{""dataset_id"":""urn:uuid:6090fc4b-b34d-5cff-8f65-acaa06ddd1fc"",""id"":""urn:uuid:884c0290-fda1-5d2a-88b5-51cc5e7c7f38"",""normalized_state"":""validated"",""owner_authority_id"":""urn:uuid:4dea4d1d-09ba-504e-9fcd-83524281ca97"",""owner_native_state"":""identity_declared"",""payload"":{""mapping_cardinality"":""one_to_one"",""mapping_state"":""mapped"",""reverse_recipe"":""jsonl_id(data/units.jsonl,urn:uuid:327e900a-76bf-5a20-86de-0b69b8f0522a)"",""source_id"":""urn:uuid:327e900a-76bf-5a20-86de-0b69b8f0522a"",""source_namespace"":""e810c566-4edf-5b5a-ad52-de3dc04e2083"",""source_record_type"":""unit"",""target_id"":""urn:uuid:54c5f6a3-aadb-5ace-9eaa-475711e298a7"",""target_namespace"":""0e4d7b37-6108-5065-b08f-d1098697cc02"",""target_record_type"":""unit""},""record_type"":""identity_crosswalk"",""recorded_at"":""2026-08-30T00:00:00Z"",""semantic_key"":""b10:dmoi4:crosswalk:urn:uuid:327e900a-76bf-5a20-86de-0b69b8f0522a""}"
urn:uuid:e6807a3b-234a-5c88-92f8-52599114456d,identity_crosswalk,"{""dataset_id"":""urn:uuid:6090fc4b-b34d-5cff-8f65-acaa06ddd1fc"",""id"":""urn:uuid:e6807a3b-234a-5c88-92f8-52599114456d"",""normalized_state"":""validated"",""owner_authority_id"":""urn:uuid:4dea4d1d-09ba-504e-9fcd-83524281ca97"",""owner_native_state"":""identity_declared"",""payload"":{""mapping_cardinality"":""one_to_one"",""mapping_state"":""mapped"",""reverse_recipe"":""jsonl_id(data/units.jsonl,urn:uuid:c4b8c85f-a37a-5743-86ff-d4eb182a9667)"",""source_id"":""urn:uuid:c4b8c85f-a37a-5743-86ff-d4eb182a9667"",""source_namespace"":""e810c566-4edf-5b5a-ad52-de3dc04e2083"",""source_record_type"":""unit"",""target_id"":""urn:uuid:88e0e0e6-b2b4-59c9-9f48-2b32fae0f2c3"",""target_namespace"":""0e4d7b37-6108-5065-b08f-d1098697cc02"",""target_record_type"":""unit""},""record_type"":""identity_crosswalk"",""recorded_at"":""2026-08-30T00:00:00Z"",""semantic_key"":""b10:dmoi4:crosswalk:urn:uuid:c4b8c85f-a37a-5743-86ff-d4eb182a9667""}"
urn:uuid:ff005e13-d983-516a-b635-ae07f246130b,identity_crosswalk,"{""dataset_id"":""urn:uuid:6090fc4b-b34d-5cff-8f65-acaa06ddd1fc"",""id"":""urn:uuid:ff005e13-d983-516a-b635-ae07f246130b"",""normalized_state"":""validated"",""owner_authority_id"":""urn:uuid:4dea4d1d-09ba-504e-9fcd-83524281ca97"",""owner_native_state"":""identity_declared"",""payload"":{""mapping_cardinality"":""one_to_one"",""mapping_state"":""mapped"",""reverse_recipe"":""jsonl_id(data/units.jsonl,urn:uuid:8b921663-895a-58ba-a836-1e32ad9795a5)"",""source_id"":""urn:uuid:8b921663-895a-58ba-a836-1e32ad9795a5"",""source_namespace"":""e810c566-4edf-5b5a-ad52-de3dc04e2083"",""source_record_type"":""unit"",""target_id"":""urn:uuid:f17f6dd3-3587-5e90-87d4-077067c35f55"",""target_namespace"":""0e4d7b37-6108-5065-b08f-d1098697cc02"",""target_record_type"":""unit""},""record_type"":""identity_crosswalk"",""recorded_at"":""2026-08-30T00:00:00Z"",""semantic_key"":""b10:dmoi4:crosswalk:urn:uuid:8b921663-895a-58ba-a836-1e32ad9795a5""}"
urn:uuid:74e39d5a-bf70-55a0-a616-9fe84f6cbc85,identity_crosswalk,"{""dataset_id"":""urn:uuid:6090fc4b-b34d-5cff-8f65-acaa06ddd1fc"",""id"":""urn:uuid:74e39d5a-bf70-55a0-a616-9fe84f6cbc85"",""normalized_state"":""validated"",""owner_authority_id"":""urn:uuid:4dea4d1d-09ba-504e-9fcd-83524281ca97"",""owner_native_state"":""identity_declared"",""payload"":{""mapping_cardinality"":""one_to_one"",""mapping_state"":""mapped"",""reverse_recipe"":""jsonl_id(data/units.jsonl,urn:uuid:52208520-fa97-5ae6-832e-64fc5f08e4e0)"",""source_id"":""urn:uuid:52208520-fa97-5ae6-832e-64fc5f08e4e0"",""source_namespace"":""e810c566-4edf-5b5a-ad52-de3dc04e2083"",""source_record_type"":""unit"",""target_id"":""urn:uuid:cb4e1bf3-4c66-5a48-ac3d-47404af42f06"",""target_namespace"":""0e4d7b37-6108-5065-b08f-d1098697cc02"",""target_record_type"":""unit""},""record_type"":""identity_crosswalk"",""recorded_at"":""2026-08-30T00:00:00Z"",""semantic_key"":""b10:dmoi4:crosswalk:urn:uuid:52208520-fa97-5ae6-832e-64fc5f08e4e0""}"
urn:uuid:3ed2971e-f4f8-5d20-80f8-453fcdb01653,identity_crosswalk,"{""dataset_id"":""urn:uuid:6090fc4b-b34d-5cff-8f65-acaa06ddd1fc"",""id"":""urn:uuid:3ed2971e-f4f8-5d20-80f8-453fcdb01653"",""normalized_state"":""validated"",""owner_authority_id"":""urn:uuid:4dea4d1d-09ba-504e-9fcd-83524281ca97"",""owner_native_state"":""identity_declared"",""payload"":{""mapping_cardinality"":""one_to_one"",""mapping_state"":""mapped"",""reverse_recipe"":""jsonl_id(data/units.jsonl,urn:uuid:ecf87d52-bcf3-503b-bc27-2c1e4a1c641c)"",""source_id"":""urn:uuid:ecf87d52-bcf3-503b-bc27-2c1e4a1c641c"",""source_namespace"":""e810c566-4edf-5b5a-ad52-de3dc04e2083"",""source_record_type"":""unit"",""target_id"":""urn:uuid:72936f9b-39d3-5ccd-80de-406ad1c7d7f2"",""target_namespace"":""0e4d7b37-6108-5065-b08f-d1098697cc02"",""target_record_type"":""unit""},""record_type"":""identity_crosswalk"",""recorded_at"":""2026-08-30T00:00:00Z"",""semantic_key"":""b10:dmoi4:crosswalk:urn:uuid:ecf87d52-bcf3-503b-bc27-2c1e4a1c641c""}"
urn:uuid:5614a860-7024-57e8-aba2-2073b804144d,identity_crosswalk,"{""dataset_id"":""urn:uuid:6090fc4b-b34d-5cff-8f65-acaa06ddd1fc"",""id"":""urn:uuid:5614a860-7024-57e8-aba2-2073b804144d"",""normalized_state"":""validated"",""owner_authority_id"":""urn:uuid:4dea4d1d-09ba-504e-9fcd-83524281ca97"",""owner_native_state"":""identity_declared"",""payload"":{""mapping_cardinality"":""one_to_one"",""mapping_state"":""mapped"",""reverse_recipe"":""jsonl_id(data/units.jsonl,urn:uuid:9fea6a45-c264-51df-9a22-1ffd3e4261c7)"",""source_id"":""urn:uuid:9fea6a45-c264-51df-9a22-1ffd3e4261c7"",""source_namespace"":""e810c566-4edf-5b5a-ad52-de3dc04e2083"",""source_record_type"":""unit"",""target_id"":""urn:uuid:949bee0d-f57f-5501-855b-92b8f8032b07"",""target_namespace"":""0e4d7b37-6108-5065-b08f-d1098697cc02"",""target_record_type"":""unit""},""record_type"":""identity_crosswalk"",""recorded_at"":""2026-08-30T00:00:00Z"",""semantic_key"":""b10:dmoi4:crosswalk:urn:uuid:9fea6a45-c264-51df-9a22-1ffd3e4261c7""}"
urn:uuid:b35d0030-60fa-521d-8846-b81929f02c86,identity_crosswalk,"{""dataset_id"":""urn:uuid:6090fc4b-b34d-5cff-8f65-acaa06ddd1fc"",""id"":""urn:uuid:b35d0030-60fa-521d-8846-b81929f02c86"",""normalized_state"":""validated"",""owner_authority_id"":""urn:uuid:4dea4d1d-09ba-504e-9fcd-83524281ca97"",""owner_native_state"":""identity_declared"",""payload"":{""mapping_cardinality"":""one_to_one"",""mapping_state"":""mapped"",""reverse_recipe"":""jsonl_id(data/units.jsonl,urn:uuid:1b38c2d8-c4eb-5c0e-aaea-0c49a6aef79f)"",""source_id"":""urn:uuid:1b38c2d8-c4eb-5c0e-aaea-0c49a6aef79f"",""source_namespace"":""e810c566-4edf-5b5a-ad52-de3dc04e2083"",""source_record_type"":""unit"",""target_id"":""urn:uuid:9a19d021-9a7f-55e9-aa22-5de568308f68"",""target_namespace"":""0e4d7b37-6108-5065-b08f-d1098697cc02"",""target_record_type"":""unit""},""record_type"":""identity_crosswalk"",""recorded_at"":""2026-08-30T00:00:00Z"",""semantic_key"":""b10:dmoi4:crosswalk:urn:uuid:1b38c2d8-c4eb-5c0e-aaea-0c49a6aef79f""}"
urn:uuid:3931dc29-7f40-5c32-a63c-31b53f5ca7ed,identity_crosswalk,"{""dataset_id"":""urn:uuid:6090fc4b-b34d-5cff-8f65-acaa06ddd1fc"",""id"":""urn:uuid:3931dc29-7f40-5c32-a63c-31b53f5ca7ed"",""normalized_state"":""validated"",""owner_authority_id"":""urn:uuid:4dea4d1d-09ba-504e-9fcd-83524281ca97"",""owner_native_state"":""identity_declared"",""payload"":{""mapping_cardinality"":""one_to_one"",""mapping_state"":""mapped"",""reverse_recipe"":""jsonl_id(data/units.jsonl,urn:uuid:57a07873-f2f8-52b3-87b1-56d1a99f5593)"",""source_id"":""urn:uuid:57a07873-f2f8-52b3-87b1-56d1a99f5593"",""source_namespace"":""e810c566-4edf-5b5a-ad52-de3dc04e2083"",""source_record_type"":""unit"",""target_id"":""urn:uuid:1a524289-c49a-524b-b89c-59e76e7f03a2"",""target_namespace"":""0e4d7b37-6108-5065-b08f-d1098697cc02"",""target_record_type"":""unit""},""record_type"":""identity_crosswalk"",""recorded_at"":""2026-08-30T00:00:00Z"",""semantic_key"":""b10:dmoi4:crosswalk:urn:uuid:57a07873-f2f8-52b3-87b1-56d1a99f5593""}"
urn:uuid:fc656080-5128-5436-9b67-ac3dbbe97125,identity_crosswalk,"{""dataset_id"":""urn:uuid:6090fc4b-b34d-5cff-8f65-acaa06ddd1fc"",""id"":""urn:uuid:fc656080-5128-5436-9b67-ac3dbbe97125"",""normalized_state"":""validated"",""owner_authority_id"":""urn:uuid:4dea4d1d-09ba-504e-9fcd-83524281ca97"",""owner_native_state"":""identity_declared"",""payload"":{""mapping_cardinality"":""one_to_one"",""mapping_state"":""mapped"",""reverse_recipe"":""jsonl_id(data/units.jsonl,urn:uuid:340f2fcb-0843-52a2-bc90-f8c2fc6d48ba)"",""source_id"":""urn:uuid:340f2fcb-0843-52a2-bc90-f8c2fc6d48ba"",""source_namespace"":""e810c566-4edf-5b5a-ad52-de3dc04e2083"",""source_record_type"":""unit"",""target_id"":""urn:uuid:fa91fc61-bb2e-53eb-9936-1269ece4f99f"",""target_namespace"":""0e4d7b37-6108-5065-b08f-d1098697cc02"",""target_record_type"":""unit""},""record_type"":""identity_crosswalk"",""recorded_at"":""2026-08-30T00:00:00Z"",""semantic_key"":""b10:dmoi4:crosswalk:urn:uuid:340f2fcb-0843-52a2-bc90-f8c2fc6d48ba""}"
urn:uuid:e5d4fe69-49e4-551d-bbb4-84f837f65cc8,identity_crosswalk,"{""dataset_id"":""urn:uuid:6090fc4b-b34d-5cff-8f65-acaa06ddd1fc"",""id"":""urn:uuid:e5d4fe69-49e4-551d-bbb4-84f837f65cc8"",""normalized_state"":""validated"",""owner_authority_id"":""urn:uuid:4dea4d1d-09ba-504e-9fcd-83524281ca97"",""owner_native_state"":""identity_declared"",""payload"":{""mapping_cardinality"":""one_to_one"",""mapping_state"":""mapped"",""reverse_recipe"":""jsonl_id(data/units.jsonl,urn:uuid:458b3f97-c3e8-5f46-af3f-d5236a5bf25d)"",""source_id"":""urn:uuid:458b3f97-c3e8-5f46-af3f-d5236a5bf25d"",""source_namespace"":""e810c566-4edf-5b5a-ad52-de3dc04e2083"",""source_record_type"":""unit"",""target_id"":""urn:uuid:3674f341-89c9-5b36-ab8e-831428ce1975"",""target_namespace"":""0e4d7b37-6108-5065-b08f-d1098697cc02"",""target_record_type"":""unit""},""record_type"":""identity_crosswalk"",""recorded_at"":""2026-08-30T00:00:00Z"",""semantic_key"":""b10:dmoi4:crosswalk:urn:uuid:458b3f97-c3e8-5f46-af3f-d5236a5bf25d""}"
urn:uuid:9e161714-4536-554d-b4f5-05c6675db609,identity_crosswalk,"{""dataset_id"":""urn:uuid:6090fc4b-b34d-5cff-8f65-acaa06ddd1fc"",""id"":""urn:uuid:9e161714-4536-554d-b4f5-05c6675db609"",""normalized_state"":""validated"",""owner_authority_id"":""urn:uuid:4dea4d1d-09ba-504e-9fcd-83524281ca97"",""owner_native_state"":""identity_declared"",""payload"":{""mapping_cardinality"":""one_to_one"",""mapping_state"":""mapped"",""reverse_recipe"":""jsonl_id(data/units.jsonl,urn:uuid:437bf5cc-9af0-566c-96b2-5266a23e7307)"",""source_id"":""urn:uuid:437bf5cc-9af0-566c-96b2-5266a23e7307"",""source_namespace"":""e810c566-4edf-5b5a-ad52-de3dc04e2083"",""source_record_type"":""unit"",""target_id"":""urn:uuid:d110106c-0269-55e4-bc9c-bb6ab37561a4"",""target_namespace"":""0e4d7b37-6108-5065-b08f-d1098697cc02"",""target_record_type"":""unit""},""record_type"":""identity_crosswalk"",""recorded_at"":""2026-08-30T00:00:00Z"",""semantic_key"":""b10:dmoi4:crosswalk:urn:uuid:437bf5cc-9af0-566c-96b2-5266a23e7307""}"
urn:uuid:018b98a4-103b-5da8-b224-91e1ca0c7801,identity_crosswalk,"{""dataset_id"":""urn:uuid:6090fc4b-b34d-5cff-8f65-acaa06ddd1fc"",""id"":""urn:uuid:018b98a4-103b-5da8-b224-91e1ca0c7801"",""normalized_state"":""validated"",""owner_authority_id"":""urn:uuid:4dea4d1d-09ba-504e-9fcd-83524281ca97"",""owner_native_state"":""identity_declared"",""payload"":{""mapping_cardinality"":""one_to_one"",""mapping_state"":""mapped"",""reverse_recipe"":""jsonl_id(data/units.jsonl,urn:uuid:b4130979-7127-5b3d-814a-458c5030a423)"",""source_id"":""urn:uuid:b4130979-7127-5b3d-814a-458c5030a423"",""source_namespace"":""e810c566-4edf-5b5a-ad52-de3dc04e2083"",""source_record_type"":""unit"",""target_id"":""urn:uuid:a0c9f1a7-e336-5576-a2da-faa12dc67f1e"",""target_namespace"":""0e4d7b37-6108-5065-b08f-d1098697cc02"",""target_record_type"":""unit""},""record_type"":""identity_crosswalk"",""recorded_at"":""2026-08-30T00:00:00Z"",""semantic_key"":""b10:dmoi4:crosswalk:urn:uuid:b4130979-7127-5b3d-814a-458c5030a423""}"
urn:uuid:906b1566-f853-514f-a9ff-a4b5934bb5ff,identity_crosswalk,"{""dataset_id"":""urn:uuid:6090fc4b-b34d-5cff-8f65-acaa06ddd1fc"",""id"":""urn:uuid:906b1566-f853-514f-a9ff-a4b5934bb5ff"",""normalized_state"":""validated"",""owner_authority_id"":""urn:uuid:4dea4d1d-09ba-504e-9fcd-83524281ca97"",""owner_native_state"":""identity_declared"",""payload"":{""mapping_cardinality"":""one_to_one"",""mapping_state"":""mapped"",""reverse_recipe"":""jsonl_id(data/units.jsonl,urn:uuid:269955d5-3ef0-5729-b2c1-c1b4e816b3a5)"",""source_id"":""urn:uuid:269955d5-3ef0-5729-b2c1-c1b4e816b3a5"",""source_namespace"":""e810c566-4edf-5b5a-ad52-de3dc04e2083"",""source_record_type"":""unit"",""target_id"":""urn:uuid:4e1276f8-e35a-5d93-9a8f-0a0e758bd66e"",""target_namespace"":""0e4d7b37-6108-5065-b08f-d1098697cc02"",""target_record_type"":""unit""},""record_type"":""identity_crosswalk"",""recorded_at"":""2026-08-30T00:00:00Z"",""semantic_key"":""b10:dmoi4:crosswalk:urn:uuid:269955d5-3ef0-5729-b2c1-c1b4e816b3a5""}"
urn:uuid:f1b46d73-d8ec-5ca4-870e-47488eadfae7,identity_crosswalk,"{""dataset_id"":""urn:uuid:6090fc4b-b34d-5cff-8f65-acaa06ddd1fc"",""id"":""urn:uuid:f1b46d73-d8ec-5ca4-870e-47488eadfae7"",""normalized_state"":""validated"",""owner_authority_id"":""urn:uuid:4dea4d1d-09ba-504e-9fcd-83524281ca97"",""owner_native_state"":""identity_declared"",""payload"":{""mapping_cardinality"":""one_to_one"",""mapping_state"":""mapped"",""reverse_recipe"":""jsonl_id(data/units.jsonl,urn:uuid:4f60a63b-8d54-5af2-8cb5-1f69dafcb3d6)"",""source_id"":""urn:uuid:4f60a63b-8d54-5af2-8cb5-1f69dafcb3d6"",""source_namespace"":""e810c566-4edf-5b5a-ad52-de3dc04e2083"",""source_record_type"":""unit"",""target_id"":""urn:uuid:84afaf04-92d3-5a91-84ff-1108bedf0281"",""target_namespace"":""0e4d7b37-6108-5065-b08f-d1098697cc02"",""target_record_type"":""unit""},""record_type"":""identity_crosswalk"",""recorded_at"":""2026-08-30T00:00:00Z"",""semantic_key"":""b10:dmoi4:crosswalk:urn:uuid:4f60a63b-8d54-5af2-8cb5-1f69dafcb3d6""}"
urn:uuid:4ce2c72c-5fc0-57b7-a989-59159e702d77,identity_crosswalk,"{""dataset_id"":""urn:uuid:6090fc4b-b34d-5cff-8f65-acaa06ddd1fc"",""id"":""urn:uuid:4ce2c72c-5fc0-57b7-a989-59159e702d77"",""normalized_state"":""validated"",""owner_authority_id"":""urn:uuid:4dea4d1d-09ba-504e-9fcd-83524281ca97"",""owner_native_state"":""identity_declared"",""payload"":{""mapping_cardinality"":""one_to_one"",""mapping_state"":""mapped"",""reverse_recipe"":""jsonl_id(data/units.jsonl,urn:uuid:e48b3022-7279-57f3-b2bb-a71083700a46)"",""source_id"":""urn:uuid:e48b3022-7279-57f3-b2bb-a71083700a46"",""source_namespace"":""e810c566-4edf-5b5a-ad52-de3dc04e2083"",""source_record_type"":""unit"",""target_id"":""urn:uuid:6b0bee20-5223-5e8a-8522-f3a948d654e6"",""target_namespace"":""0e4d7b37-6108-5065-b08f-d1098697cc02"",""target_record_type"":""unit""},""record_type"":""identity_crosswalk"",""recorded_at"":""2026-08-30T00:00:00Z"",""semantic_key"":""b10:dmoi4:crosswalk:urn:uuid:e48b3022-7279-57f3-b2bb-a71083700a46""}"
urn:uuid:0adfe0a3-37cf-548f-bfac-77b3ab0768b1,identity_crosswalk,"{""dataset_id"":""urn:uuid:6090fc4b-b34d-5cff-8f65-acaa06ddd1fc"",""id"":""urn:uuid:0adfe0a3-37cf-548f-bfac-77b3ab0768b1"",""normalized_state"":""validated"",""owner_authority_id"":""urn:uuid:4dea4d1d-09ba-504e-9fcd-83524281ca97"",""owner_native_state"":""identity_declared"",""payload"":{""mapping_cardinality"":""one_to_one"",""mapping_state"":""mapped"",""reverse_recipe"":""jsonl_id(data/units.jsonl,urn:uuid:d7897d8e-0878-5129-bbd8-2bff162600a0)"",""source_id"":""urn:uuid:d7897d8e-0878-5129-bbd8-2bff162600a0"",""source_namespace"":""e810c566-4edf-5b5a-ad52-de3dc04e2083"",""source_record_type"":""unit"",""target_id"":""urn:uuid:c109d48c-5e73-52e1-915a-429e4657135a"",""target_namespace"":""0e4d7b37-6108-5065-b08f-d1098697cc02"",""target_record_type"":""unit""},""record_type"":""identity_crosswalk"",""recorded_at"":""2026-08-30T00:00:00Z"",""semantic_key"":""b10:dmoi4:crosswalk:urn:uuid:d7897d8e-0878-5129-bbd8-2bff162600a0""}"
urn:uuid:d1e4f96f-78ff-5946-8c22-53086d8847f9,identity_crosswalk,"{""dataset_id"":""urn:uuid:6090fc4b-b34d-5cff-8f65-acaa06ddd1fc"",""id"":""urn:uuid:d1e4f96f-78ff-5946-8c22-53086d8847f9"",""normalized_state"":""validated"",""owner_authority_id"":""urn:uuid:4dea4d1d-09ba-504e-9fcd-83524281ca97"",""owner_native_state"":""identity_declared"",""payload"":{""mapping_cardinality"":""one_to_one"",""mapping_state"":""mapped"",""reverse_recipe"":""jsonl_id(data/units.jsonl,urn:uuid:2d15eeb0-b3c1-560e-b10a-b29eb74d5e60)"",""source_id"":""urn:uuid:2d15eeb0-b3c1-560e-b10a-b29eb74d5e60"",""source_namespace"":""e810c566-4edf-5b5a-ad52-de3dc04e2083"",""source_record_type"":""unit"",""target_id"":""urn:uuid:f15c5f39-0d3e-523a-9da1-3f1fb9c1a516"",""target_namespace"":""0e4d7b37-6108-5065-b08f-d1098697cc02"",""target_record_type"":""unit""},""record_type"":""identity_crosswalk"",""recorded_at"":""2026-08-30T00:00:00Z"",""semantic_key"":""b10:dmoi4:crosswalk:urn:uuid:2d15eeb0-b3c1-560e-b10a-b29eb74d5e60""}"
urn:uuid:053eebe0-7b27-5096-a951-8fa9d86d14f5,identity_crosswalk,"{""dataset_id"":""urn:uuid:6090fc4b-b34d-5cff-8f65-acaa06ddd1fc"",""id"":""urn:uuid:053eebe0-7b27-5096-a951-8fa9d86d14f5"",""normalized_state"":""validated"",""owner_authority_id"":""urn:uuid:4dea4d1d-09ba-504e-9fcd-83524281ca97"",""owner_native_state"":""identity_declared"",""payload"":{""mapping_cardinality"":""one_to_one"",""mapping_state"":""mapped"",""reverse_recipe"":""jsonl_id(data/units.jsonl,urn:uuid:49cbf686-a78a-57d6-8518-7f4367bfdffa)"",""source_id"":""urn:uuid:49cbf686-a78a-57d6-8518-7f4367bfdffa"",""source_namespace"":""e810c566-4edf-5b5a-ad52-de3dc04e2083"",""source_record_type"":""unit"",""target_id"":""urn:uuid:0218c651-a707-51a4-887a-126e7a19bc86"",""target_namespace"":""0e4d7b37-6108-5065-b08f-d1098697cc02"",""target_record_type"":""unit""},""record_type"":""identity_crosswalk"",""recorded_at"":""2026-08-30T00:00:00Z"",""semantic_key"":""b10:dmoi4:crosswalk:urn:uuid:49cbf686-a78a-57d6-8518-7f4367bfdffa""}"
urn:uuid:bf71d6a8-fa1a-5e93-b6b5-c1b1f3b50eb4,identity_crosswalk,"{""dataset_id"":""urn:uuid:6090fc4b-b34d-5cff-8f65-acaa06ddd1fc"",""id"":""urn:uuid:bf71d6a8-fa1a-5e93-b6b5-c1b1f3b50eb4"",""normalized_state"":""validated"",""owner_authority_id"":""urn:uuid:4dea4d1d-09ba-504e-9fcd-83524281ca97"",""owner_native_state"":""identity_declared"",""payload"":{""mapping_cardinality"":""one_to_one"",""mapping_state"":""mapped"",""reverse_recipe"":""jsonl_id(data/units.jsonl,urn:uuid:6e1f8158-d481-5e62-b699-56d17d4cf395)"",""source_id"":""urn:uuid:6e1f8158-d481-5e62-b699-56d17d4cf395"",""source_namespace"":""e810c566-4edf-5b5a-ad52-de3dc04e2083"",""source_record_type"":""unit"",""target_id"":""urn:uuid:ca8f5fd2-f271-5d64-9844-f1fc62442fcf"",""target_namespace"":""0e4d7b37-6108-5065-b08f-d1098697cc02"",""target_record_type"":""unit""},""record_type"":""identity_crosswalk"",""recorded_at"":""2026-08-30T00:00:00Z"",""semantic_key"":""b10:dmoi4:crosswalk:urn:uuid:6e1f8158-d481-5e62-b699-56d17d4cf395""}"
urn:uuid:4ee7723c-fac8-5f69-b213-87043d6f7d8a,identity_crosswalk,"{""dataset_id"":""urn:uuid:6090fc4b-b34d-5cff-8f65-acaa06ddd1fc"",""id"":""urn:uuid:4ee7723c-fac8-5f69-b213-87043d6f7d8a"",""normalized_state"":""validated"",""owner_authority_id"":""urn:uuid:4dea4d1d-09ba-504e-9fcd-83524281ca97"",""owner_native_state"":""identity_declared"",""payload"":{""mapping_cardinality"":""one_to_one"",""mapping_state"":""mapped"",""reverse_recipe"":""jsonl_id(data/units.jsonl,urn:uuid:ac4eddfd-4b0f-5fdf-93c9-357b6c8a0612)"",""source_id"":""urn:uuid:ac4eddfd-4b0f-5fdf-93c9-357b6c8a0612"",""source_namespace"":""e810c566-4edf-5b5a-ad52-de3dc04e2083"",""source_record_type"":""unit"",""target_id"":""urn:uuid:21bb5b69-edf9-5e73-9ea8-95f1e098caa0"",""target_namespace"":""0e4d7b37-6108-5065-b08f-d1098697cc02"",""target_record_type"":""unit""},""record_type"":""identity_crosswalk"",""recorded_at"":""2026-08-30T00:00:00Z"",""semantic_key"":""b10:dmoi4:crosswalk:urn:uuid:ac4eddfd-4b0f-5fdf-93c9-357b6c8a0612""}"
urn:uuid:e1b276cc-5f90-5961-bb18-81823487d377,identity_crosswalk,"{""dataset_id"":""urn:uuid:6090fc4b-b34d-5cff-8f65-acaa06ddd1fc"",""id"":""urn:uuid:e1b276cc-5f90-5961-bb18-81823487d377"",""normalized_state"":""validated"",""owner_authority_id"":""urn:uuid:4dea4d1d-09ba-504e-9fcd-83524281ca97"",""owner_native_state"":""identity_declared"",""payload"":{""mapping_cardinality"":""one_to_one"",""mapping_state"":""mapped"",""reverse_recipe"":""jsonl_id(data/units.jsonl,urn:uuid:bfe1ccde-4c5d-5d30-98d7-8d594bf6b2df)"",""source_id"":""urn:uuid:bfe1ccde-4c5d-5d30-98d7-8d594bf6b2df"",""source_namespace"":""e810c566-4edf-5b5a-ad52-de3dc04e2083"",""source_record_type"":""unit"",""target_id"":""urn:uuid:dc683ade-6a48-5a25-b0cc-c1d5dca5e2db"",""target_namespace"":""0e4d7b37-6108-5065-b08f-d1098697cc02"",""target_record_type"":""unit""},""record_type"":""identity_crosswalk"",""recorded_at"":""2026-08-30T00:00:00Z"",""semantic_key"":""b10:dmoi4:crosswalk:urn:uuid:bfe1ccde-4c5d-5d30-98d7-8d594bf6b2df""}"
urn:uuid:a8eac5de-71eb-5940-9ac2-364fcab5164f,identity_crosswalk,"{""dataset_id"":""urn:uuid:6090fc4b-b34d-5cff-8f65-acaa06ddd1fc"",""id"":""urn:uuid:a8eac5de-71eb-5940-9ac2-364fcab5164f"",""normalized_state"":""validated"",""owner_authority_id"":""urn:uuid:4dea4d1d-09ba-504e-9fcd-83524281ca97"",""owner_native_state"":""identity_declared"",""payload"":{""mapping_cardinality"":""one_to_one"",""mapping_state"":""mapped"",""reverse_recipe"":""jsonl_id(data/units.jsonl,urn:uuid:cb7fffa2-e8fc-568e-af2d-df95b11e9251)"",""source_id"":""urn:uuid:cb7fffa2-e8fc-568e-af2d-df95b11e9251"",""source_namespace"":""e810c566-4edf-5b5a-ad52-de3dc04e2083"",""source_record_type"":""unit"",""target_id"":""urn:uuid:17d02238-fa55-5b4e-8020-8f9a9f258d43"",""target_namespace"":""0e4d7b37-6108-5065-b08f-d1098697cc02"",""target_record_type"":""unit""},""record_type"":""identity_crosswalk"",""recorded_at"":""2026-08-30T00:00:00Z"",""semantic_key"":""b10:dmoi4:crosswalk:urn:uuid:cb7fffa2-e8fc-568e-af2d-df95b11e9251""}"
urn:uuid:60f01dd7-89df-5d65-8f07-180aea9d5920,identity_crosswalk,"{""dataset_id"":""urn:uuid:6090fc4b-b34d-5cff-8f65-acaa06ddd1fc"",""id"":""urn:uuid:60f01dd7-89df-5d65-8f07-180aea9d5920"",""normalized_state"":""validated"",""owner_authority_id"":""urn:uuid:4dea4d1d-09ba-504e-9fcd-83524281ca97"",""owner_native_state"":""identity_declared"",""payload"":{""mapping_cardinality"":""one_to_one"",""mapping_state"":""mapped"",""reverse_recipe"":""jsonl_id(data/units.jsonl,urn:uuid:59d6f92e-28e5-5920-a8a1-e4f925570072)"",""source_id"":""urn:uuid:59d6f92e-28e5-5920-a8a1-e4f925570072"",""source_namespace"":""e810c566-4edf-5b5a-ad52-de3dc04e2083"",""source_record_type"":""unit"",""target_id"":""urn:uuid:4a2f67bf-b869-5240-93da-0bd24b1488b5"",""target_namespace"":""0e4d7b37-6108-5065-b08f-d1098697cc02"",""target_record_type"":""unit""},""record_type"":""identity_crosswalk"",""recorded_at"":""2026-08-30T00:00:00Z"",""semantic_key"":""b10:dmoi4:crosswalk:urn:uuid:59d6f92e-28e5-5920-a8a1-e4f925570072""}"
urn:uuid:38c16be7-349a-519c-b84a-109a2f31043b,identity_crosswalk,"{""dataset_id"":""urn:uuid:6090fc4b-b34d-5cff-8f65-acaa06ddd1fc"",""id"":""urn:uuid:38c16be7-349a-519c-b84a-109a2f31043b"",""normalized_state"":""validated"",""owner_authority_id"":""urn:uuid:4dea4d1d-09ba-504e-9fcd-83524281ca97"",""owner_native_state"":""identity_declared"",""payload"":{""mapping_cardinality"":""one_to_one"",""mapping_state"":""mapped"",""reverse_recipe"":""jsonl_id(data/units.jsonl,urn:uuid:55b5e781-becc-5d2f-9147-127125e479e3)"",""source_id"":""urn:uuid:55b5e781-becc-5d2f-9147-127125e479e3"",""source_namespace"":""e810c566-4edf-5b5a-ad52-de3dc04e2083"",""source_record_type"":""unit"",""target_id"":""urn:uuid:f8eeab59-8e60-53fd-a099-48e78e0fc2a1"",""target_namespace"":""0e4d7b37-6108-5065-b08f-d1098697cc02"",""target_record_type"":""unit""},""record_type"":""identity_crosswalk"",""recorded_at"":""2026-08-30T00:00:00Z"",""semantic_key"":""b10:dmoi4:crosswalk:urn:uuid:55b5e781-becc-5d2f-9147-127125e479e3""}"
urn:uuid:6dc144cf-826d-5ac9-af73-a551fdd1d54f,identity_crosswalk,"{""dataset_id"":""urn:uuid:6090fc4b-b34d-5cff-8f65-acaa06ddd1fc"",""id"":""urn:uuid:6dc144cf-826d-5ac9-af73-a551fdd1d54f"",""normalized_state"":""validated"",""owner_authority_id"":""urn:uuid:4dea4d1d-09ba-504e-9fcd-83524281ca97"",""owner_native_state"":""identity_declared"",""payload"":{""mapping_cardinality"":""one_to_one"",""mapping_state"":""mapped"",""reverse_recipe"":""jsonl_id(data/units.jsonl,urn:uuid:2e8b7711-9a29-5b65-877e-44177be0caa3)"",""source_id"":""urn:uuid:2e8b7711-9a29-5b65-877e-44177be0caa3"",""source_namespace"":""e810c566-4edf-5b5a-ad52-de3dc04e2083"",""source_record_type"":""unit"",""target_id"":""urn:uuid:ee97710a-db14-5896-b26b-96816248d158"",""target_namespace"":""0e4d7b37-6108-5065-b08f-d1098697cc02"",""target_record_type"":""unit""},""record_type"":""identity_crosswalk"",""recorded_at"":""2026-08-30T00:00:00Z"",""semantic_key"":""b10:dmoi4:crosswalk:urn:uuid:2e8b7711-9a29-5b65-877e-44177be0caa3""}"
urn:uuid:d0dfb8dd-1efa-5602-ac30-802224379b55,identity_crosswalk,"{""dataset_id"":""urn:uuid:6090fc4b-b34d-5cff-8f65-acaa06ddd1fc"",""id"":""urn:uuid:d0dfb8dd-1efa-5602-ac30-802224379b55"",""normalized_state"":""validated"",""owner_authority_id"":""urn:uuid:4dea4d1d-09ba-504e-9fcd-83524281ca97"",""owner_native_state"":""identity_declared"",""payload"":{""mapping_cardinality"":""one_to_one"",""mapping_state"":""mapped"",""reverse_recipe"":""jsonl_id(data/units.jsonl,urn:uuid:80291bb6-7cae-5206-9598-3e72118fe953)"",""source_id"":""urn:uuid:80291bb6-7cae-5206-9598-3e72118fe953"",""source_namespace"":""e810c566-4edf-5b5a-ad52-de3dc04e2083"",""source_record_type"":""unit"",""target_id"":""urn:uuid:a079177b-7456-507d-8721-fdcffd80266c"",""target_namespace"":""0e4d7b37-6108-5065-b08f-d1098697cc02"",""target_record_type"":""unit""},""record_type"":""identity_crosswalk"",""recorded_at"":""2026-08-30T00:00:00Z"",""semantic_key"":""b10:dmoi4:crosswalk:urn:uuid:80291bb6-7cae-5206-9598-3e72118fe953""}"
urn:uuid:9ecc7ddb-2b08-5182-8f8a-0b7dfd4a1c23,identity_crosswalk,"{""dataset_id"":""urn:uuid:6090fc4b-b34d-5cff-8f65-acaa06ddd1fc"",""id"":""urn:uuid:9ecc7ddb-2b08-5182-8f8a-0b7dfd4a1c23"",""normalized_state"":""validated"",""owner_authority_id"":""urn:uuid:4dea4d1d-09ba-504e-9fcd-83524281ca97"",""owner_native_state"":""identity_declared"",""payload"":{""mapping_cardinality"":""one_to_one"",""mapping_state"":""mapped"",""reverse_recipe"":""jsonl_id(data/units.jsonl,urn:uuid:1403aaf9-1256-5e6a-a7a4-ca40e3994cd6)"",""source_id"":""urn:uuid:1403aaf9-1256-5e6a-a7a4-ca40e3994cd6"",""source_namespace"":""e810c566-4edf-5b5a-ad52-de3dc04e2083"",""source_record_type"":""unit"",""target_id"":""urn:uuid:7313fc36-7c13-59b0-b260-a3f2604d5526"",""target_namespace"":""0e4d7b37-6108-5065-b08f-d1098697cc02"",""target_record_type"":""unit""},""record_type"":""identity_crosswalk"",""recorded_at"":""2026-08-30T00:00:00Z"",""semantic_key"":""b10:dmoi4:crosswalk:urn:uuid:1403aaf9-1256-5e6a-a7a4-ca40e3994cd6""}"
urn:uuid:f55dbb7e-db05-51ec-a99d-c335c8847027,identity_crosswalk,"{""dataset_id"":""urn:uuid:6090fc4b-b34d-5cff-8f65-acaa06ddd1fc"",""id"":""urn:uuid:f55dbb7e-db05-51ec-a99d-c335c8847027"",""normalized_state"":""validated"",""owner_authority_id"":""urn:uuid:4dea4d1d-09ba-504e-9fcd-83524281ca97"",""owner_native_state"":""identity_declared"",""payload"":{""mapping_cardinality"":""one_to_one"",""mapping_state"":""mapped"",""reverse_recipe"":""jsonl_id(data/units.jsonl,urn:uuid:354add4f-76f2-5559-b828-f07e1eb44de5)"",""source_id"":""urn:uuid:354add4f-76f2-5559-b828-f07e1eb44de5"",""source_namespace"":""e810c566-4edf-5b5a-ad52-de3dc04e2083"",""source_record_type"":""unit"",""target_id"":""urn:uuid:6f8d846f-393d-5d03-a38c-7d960b166a88"",""target_namespace"":""0e4d7b37-6108-5065-b08f-d1098697cc02"",""target_record_type"":""unit""},""record_type"":""identity_crosswalk"",""recorded_at"":""2026-08-30T00:00:00Z"",""semantic_key"":""b10:dmoi4:crosswalk:urn:uuid:354add4f-76f2-5559-b828-f07e1eb44de5""}"
urn:uuid:4252d6e3-64d8-53b2-b385-faa900745fb9,identity_crosswalk,"{""dataset_id"":""urn:uuid:6090fc4b-b34d-5cff-8f65-acaa06ddd1fc"",""id"":""urn:uuid:4252d6e3-64d8-53b2-b385-faa900745fb9"",""normalized_state"":""validated"",""owner_authority_id"":""urn:uuid:4dea4d1d-09ba-504e-9fcd-83524281ca97"",""owner_native_state"":""identity_declared"",""payload"":{""mapping_cardinality"":""one_to_one"",""mapping_state"":""mapped"",""reverse_recipe"":""jsonl_id(data/units.jsonl,urn:uuid:353b17ab-3e31-5ccb-8bcd-69d624fcb4e3)"",""source_id"":""urn:uuid:353b17ab-3e31-5ccb-8bcd-69d624fcb4e3"",""source_namespace"":""e810c566-4edf-5b5a-ad52-de3dc04e2083"",""source_record_type"":""unit"",""target_id"":""urn:uuid:1b299e56-2f72-56d6-8993-a7731c9a8893"",""target_namespace"":""0e4d7b37-6108-5065-b08f-d1098697cc02"",""target_record_type"":""unit""},""record_type"":""identity_crosswalk"",""recorded_at"":""2026-08-30T00:00:00Z"",""semantic_key"":""b10:dmoi4:crosswalk:urn:uuid:353b17ab-3e31-5ccb-8bcd-69d624fcb4e3""}"
urn:uuid:8edbbabc-d3a5-588b-94c4-bc17b2be6c5f,identity_crosswalk,"{""dataset_id"":""urn:uuid:6090fc4b-b34d-5cff-8f65-acaa06ddd1fc"",""id"":""urn:uuid:8edbbabc-d3a5-588b-94c4-bc17b2be6c5f"",""normalized_state"":""validated"",""owner_authority_id"":""urn:uuid:4dea4d1d-09ba-504e-9fcd-83524281ca97"",""owner_native_state"":""identity_declared"",""payload"":{""mapping_cardinality"":""one_to_one"",""mapping_state"":""mapped"",""reverse_recipe"":""jsonl_id(data/units.jsonl,urn:uuid:6a2fce3b-3d85-5925-9771-9eb696cc8718)"",""source_id"":""urn:uuid:6a2fce3b-3d85-5925-9771-9eb696cc8718"",""source_namespace"":""e810c566-4edf-5b5a-ad52-de3dc04e2083"",""source_record_type"":""unit"",""target_id"":""urn:uuid:cd1670dd-735a-58ac-9418-6e1ccb9d05c6"",""target_namespace"":""0e4d7b37-6108-5065-b08f-d1098697cc02"",""target_record_type"":""unit""},""record_type"":""identity_crosswalk"",""recorded_at"":""2026-08-30T00:00:00Z"",""semantic_key"":""b10:dmoi4:crosswalk:urn:uuid:6a2fce3b-3d85-5925-9771-9eb696cc8718""}"
urn:uuid:964dafc3-e586-5836-8254-6c1869499ec4,identity_crosswalk,"{""dataset_id"":""urn:uuid:6090fc4b-b34d-5cff-8f65-acaa06ddd1fc"",""id"":""urn:uuid:964dafc3-e586-5836-8254-6c1869499ec4"",""normalized_state"":""validated"",""owner_authority_id"":""urn:uuid:4dea4d1d-09ba-504e-9fcd-83524281ca97"",""owner_native_state"":""identity_declared"",""payload"":{""mapping_cardinality"":""one_to_one"",""mapping_state"":""mapped"",""reverse_recipe"":""jsonl_id(data/units.jsonl,urn:uuid:37d02e50-6bf0-5833-9ce0-06ed99a899e6)"",""source_id"":""urn:uuid:37d02e50-6bf0-5833-9ce0-06ed99a899e6"",""source_namespace"":""e810c566-4edf-5b5a-ad52-de3dc04e2083"",""source_record_type"":""unit"",""target_id"":""urn:uuid:54e81c5d-5d01-5a04-990e-de6eb96a6902"",""target_namespace"":""0e4d7b37-6108-5065-b08f-d1098697cc02"",""target_record_type"":""unit""},""record_type"":""identity_crosswalk"",""recorded_at"":""2026-08-30T00:00:00Z"",""semantic_key"":""b10:dmoi4:crosswalk:urn:uuid:37d02e50-6bf0-5833-9ce0-06ed99a899e6""}"
urn:uuid:52fac9c5-76e8-5379-a537-a740d6918742,identity_crosswalk,"{""dataset_id"":""urn:uuid:6090fc4b-b34d-5cff-8f65-acaa06ddd1fc"",""id"":""urn:uuid:52fac9c5-76e8-5379-a537-a740d6918742"",""normalized_state"":""validated"",""owner_authority_id"":""urn:uuid:4dea4d1d-09ba-504e-9fcd-83524281ca97"",""owner_native_state"":""identity_declared"",""payload"":{""mapping_cardinality"":""one_to_one"",""mapping_state"":""mapped"",""reverse_recipe"":""jsonl_id(data/units.jsonl,urn:uuid:f915a1a7-a6ca-5bbe-8ed8-f5e82efb9595)"",""source_id"":""urn:uuid:f915a1a7-a6ca-5bbe-8ed8-f5e82efb9595"",""source_namespace"":""e810c566-4edf-5b5a-ad52-de3dc04e2083"",""source_record_type"":""unit"",""target_id"":""urn:uuid:18c8fc56-eccb-542a-aef5-21af80fa752f"",""target_namespace"":""0e4d7b37-6108-5065-b08f-d1098697cc02"",""target_record_type"":""unit""},""record_type"":""identity_crosswalk"",""recorded_at"":""2026-08-30T00:00:00Z"",""semantic_key"":""b10:dmoi4:crosswalk:urn:uuid:f915a1a7-a6ca-5bbe-8ed8-f5e82efb9595""}"
urn:uuid:661a79e3-bd5e-5c28-9807-73a2184fbca6,identity_crosswalk,"{""dataset_id"":""urn:uuid:6090fc4b-b34d-5cff-8f65-acaa06ddd1fc"",""id"":""urn:uuid:661a79e3-bd5e-5c28-9807-73a2184fbca6"",""normalized_state"":""validated"",""owner_authority_id"":""urn:uuid:4dea4d1d-09ba-504e-9fcd-83524281ca97"",""owner_native_state"":""identity_declared"",""payload"":{""mapping_cardinality"":""one_to_one"",""mapping_state"":""mapped"",""reverse_recipe"":""jsonl_id(data/units.jsonl,urn:uuid:4e3218ac-6ff1-56fd-af19-325dd636367a)"",""source_id"":""urn:uuid:4e3218ac-6ff1-56fd-af19-325dd636367a"",""source_namespace"":""e810c566-4edf-5b5a-ad52-de3dc04e2083"",""source_record_type"":""unit"",""target_id"":""urn:uuid:4bc321fc-8c52-5153-937a-57aba5fbe9fa"",""target_namespace"":""0e4d7b37-6108-5065-b08f-d1098697cc02"",""target_record_type"":""unit""},""record_type"":""identity_crosswalk"",""recorded_at"":""2026-08-30T00:00:00Z"",""semantic_key"":""b10:dmoi4:crosswalk:urn:uuid:4e3218ac-6ff1-56fd-af19-325dd636367a""}"
urn:uuid:b57aaf0b-7372-5718-81c1-85a05ea6c872,identity_crosswalk,"{""dataset_id"":""urn:uuid:6090fc4b-b34d-5cff-8f65-acaa06ddd1fc"",""id"":""urn:uuid:b57aaf0b-7372-5718-81c1-85a05ea6c872"",""normalized_state"":""validated"",""owner_authority_id"":""urn:uuid:4dea4d1d-09ba-504e-9fcd-83524281ca97"",""owner_native_state"":""identity_declared"",""payload"":{""mapping_cardinality"":""one_to_one"",""mapping_state"":""mapped"",""reverse_recipe"":""jsonl_id(data/units.jsonl,urn:uuid:64f38afd-0890-591f-a6e4-63ab497edf03)"",""source_id"":""urn:uuid:64f38afd-0890-591f-a6e4-63ab497edf03"",""source_namespace"":""e810c566-4edf-5b5a-ad52-de3dc04e2083"",""source_record_type"":""unit"",""target_id"":""urn:uuid:3acbd5dc-d1e2-529a-9974-90fb3985affc"",""target_namespace"":""0e4d7b37-6108-5065-b08f-d1098697cc02"",""target_record_type"":""unit""},""record_type"":""identity_crosswalk"",""recorded_at"":""2026-08-30T00:00:00Z"",""semantic_key"":""b10:dmoi4:crosswalk:urn:uuid:64f38afd-0890-591f-a6e4-63ab497edf03""}"
urn:uuid:d9b22863-c568-5ed8-b18e-cfb4212633cb,identity_crosswalk,"{""dataset_id"":""urn:uuid:6090fc4b-b34d-5cff-8f65-acaa06ddd1fc"",""id"":""urn:uuid:d9b22863-c568-5ed8-b18e-cfb4212633cb"",""normalized_state"":""validated"",""owner_authority_id"":""urn:uuid:4dea4d1d-09ba-504e-9fcd-83524281ca97"",""owner_native_state"":""identity_declared"",""payload"":{""mapping_cardinality"":""one_to_one"",""mapping_state"":""mapped"",""reverse_recipe"":""jsonl_id(data/units.jsonl,urn:uuid:70b77669-ed4c-547a-a8df-2a5d42d0b518)"",""source_id"":""urn:uuid:70b77669-ed4c-547a-a8df-2a5d42d0b518"",""source_namespace"":""e810c566-4edf-5b5a-ad52-de3dc04e2083"",""source_record_type"":""unit"",""target_id"":""urn:uuid:e5193416-6ebf-5844-aca8-205a49aa4892"",""target_namespace"":""0e4d7b37-6108-5065-b08f-d1098697cc02"",""target_record_type"":""unit""},""record_type"":""identity_crosswalk"",""recorded_at"":""2026-08-30T00:00:00Z"",""semantic_key"":""b10:dmoi4:crosswalk:urn:uuid:70b77669-ed4c-547a-a8df-2a5d42d0b518""}"
urn:uuid:65b4d63e-7462-5bda-915d-cd52509915df,identity_crosswalk,"{""dataset_id"":""urn:uuid:6090fc4b-b34d-5cff-8f65-acaa06ddd1fc"",""id"":""urn:uuid:65b4d63e-7462-5bda-915d-cd52509915df"",""normalized_state"":""validated"",""owner_authority_id"":""urn:uuid:4dea4d1d-09ba-504e-9fcd-83524281ca97"",""owner_native_state"":""identity_declared"",""payload"":{""mapping_cardinality"":""one_to_one"",""mapping_state"":""mapped"",""reverse_recipe"":""jsonl_id(data/units.jsonl,urn:uuid:0e80a96f-4af1-5314-97c9-52842cb7a949)"",""source_id"":""urn:uuid:0e80a96f-4af1-5314-97c9-52842cb7a949"",""source_namespace"":""e810c566-4edf-5b5a-ad52-de3dc04e2083"",""source_record_type"":""unit"",""target_id"":""urn:uuid:1e21056c-08fd-5a0a-8514-41b682488a15"",""target_namespace"":""0e4d7b37-6108-5065-b08f-d1098697cc02"",""target_record_type"":""unit""},""record_type"":""identity_crosswalk"",""recorded_at"":""2026-08-30T00:00:00Z"",""semantic_key"":""b10:dmoi4:crosswalk:urn:uuid:0e80a96f-4af1-5314-97c9-52842cb7a949""}"
