stable_id,record_type,canonical_record_json
urn:uuid:20362a41-4d14-5768-8281-775bccbb4257,relation,"{""dataset_id"":""urn:uuid:6090fc4b-b34d-5cff-8f65-acaa06ddd1fc"",""id"":""urn:uuid:20362a41-4d14-5768-8281-775bccbb4257"",""normalized_state"":""validated"",""owner_authority_id"":""urn:uuid:4dea4d1d-09ba-504e-9fcd-83524281ca97"",""owner_native_state"":""exact_evidence"",""payload"":{""concept_relation_inferred"":false,""evidence"":{""assertion_method"":""source_topology"",""confidence"":""exact"",""native_relation_id"":""urn:uuid:a7b26f5b-8355-5e05-9240-7009cb4c80c5"",""source_locator"":""full authority XInclude/element topology""},""from_endpoint"":{""native_id"":""urn:uuid:04ec8099-78a5-58ca-b8e7-bb113bb2020a"",""projected_id"":""urn:uuid:1a61f843-766b-5ab0-8caa-7ad6f75f241d""},""relation_type"":""contains"",""strength"":""hard"",""to_endpoint"":{""native_id"":""urn:uuid:4ef2642b-2925-5749-bdc1-e15a4f93f02b"",""projected_id"":""urn:uuid:d38c092a-aefd-5d86-8bac-caf0f6f81613""}},""record_type"":""relation"",""recorded_at"":""2026-08-30T00:00:00Z"",""semantic_key"":""b10:dmoi4:relation:urn:uuid:a7b26f5b-8355-5e05-9240-7009cb4c80c5""}"
urn:uuid:13da3149-9190-5152-bc1b-592df3e2b0a0,relation,"{""dataset_id"":""urn:uuid:6090fc4b-b34d-5cff-8f65-acaa06ddd1fc"",""id"":""urn:uuid:13da3149-9190-5152-bc1b-592df3e2b0a0"",""normalized_state"":""validated"",""owner_authority_id"":""urn:uuid:4dea4d1d-09ba-504e-9fcd-83524281ca97"",""owner_native_state"":""exact_evidence"",""payload"":{""concept_relation_inferred"":false,""evidence"":{""assertion_method"":""source_topology"",""confidence"":""exact"",""native_relation_id"":""urn:uuid:67ed560e-b14e-52a4-81d2-9b2b3fc3425a"",""source_locator"":""full authority XInclude/element topology""},""from_endpoint"":{""native_id"":""urn:uuid:04ec8099-78a5-58ca-b8e7-bb113bb2020a"",""projected_id"":""urn:uuid:1a61f843-766b-5ab0-8caa-7ad6f75f241d""},""relation_type"":""contains"",""strength"":""hard"",""to_endpoint"":{""native_id"":""urn:uuid:9da9f3a0-81ce-561b-b625-1fe204a5212a"",""projected_id"":""urn:uuid:ff7c27a3-526a-5467-8ef3-38b349d0dce6""}},""record_type"":""relation"",""recorded_at"":""2026-08-30T00:00:00Z"",""semantic_key"":""b10:dmoi4:relation:urn:uuid:67ed560e-b14e-52a4-81d2-9b2b3fc3425a""}"
urn:uuid:fd607eae-7698-52c6-8c98-bb80be3b3400,relation,"{""dataset_id"":""urn:uuid:6090fc4b-b34d-5cff-8f65-acaa06ddd1fc"",""id"":""urn:uuid:fd607eae-7698-52c6-8c98-bb80be3b3400"",""normalized_state"":""validated"",""owner_authority_id"":""urn:uuid:4dea4d1d-09ba-504e-9fcd-83524281ca97"",""owner_native_state"":""exact_evidence"",""payload"":{""concept_relation_inferred"":false,""evidence"":{""assertion_method"":""source_topology"",""confidence"":""exact"",""native_relation_id"":""urn:uuid:1f6f372b-5fea-56fb-9145-b940757285fe"",""source_locator"":""full authority XInclude/element topology""},""from_endpoint"":{""native_id"":""urn:uuid:04ec8099-78a5-58ca-b8e7-bb113bb2020a"",""projected_id"":""urn:uuid:1a61f843-766b-5ab0-8caa-7ad6f75f241d""},""relation_type"":""contains"",""strength"":""hard"",""to_endpoint"":{""native_id"":""urn:uuid:b2e4bd61-071e-514c-8788-c44863c4b8ef"",""projected_id"":""urn:uuid:742242f6-5e88-5b3c-9694-cb600784d6a5""}},""record_type"":""relation"",""recorded_at"":""2026-08-30T00:00:00Z"",""semantic_key"":""b10:dmoi4:relation:urn:uuid:1f6f372b-5fea-56fb-9145-b940757285fe""}"
urn:uuid:0819a7ae-a508-5407-bb4c-56846420f52b,relation,"{""dataset_id"":""urn:uuid:6090fc4b-b34d-5cff-8f65-acaa06ddd1fc"",""id"":""urn:uuid:0819a7ae-a508-5407-bb4c-56846420f52b"",""normalized_state"":""validated"",""owner_authority_id"":""urn:uuid:4dea4d1d-09ba-504e-9fcd-83524281ca97"",""owner_native_state"":""exact_evidence"",""payload"":{""concept_relation_inferred"":false,""evidence"":{""assertion_method"":""source_topology"",""confidence"":""exact"",""native_relation_id"":""urn:uuid:4f99205e-e1d3-5157-a7a7-6c388bbca222"",""source_locator"":""full authority XInclude/element topology""},""from_endpoint"":{""native_id"":""urn:uuid:04ec8099-78a5-58ca-b8e7-bb113bb2020a"",""projected_id"":""urn:uuid:1a61f843-766b-5ab0-8caa-7ad6f75f241d""},""relation_type"":""contains"",""strength"":""hard"",""to_endpoint"":{""native_id"":""urn:uuid:fbd6c617-604f-56b8-8ad2-4eb0c3788400"",""projected_id"":""urn:uuid:84f368f1-2de4-5967-803d-0d82da660a94""}},""record_type"":""relation"",""recorded_at"":""2026-08-30T00:00:00Z"",""semantic_key"":""b10:dmoi4:relation:urn:uuid:4f99205e-e1d3-5157-a7a7-6c388bbca222""}"
urn:uuid:339f4f64-280d-572a-9b3c-fa9f893f81dd,relation,"{""dataset_id"":""urn:uuid:6090fc4b-b34d-5cff-8f65-acaa06ddd1fc"",""id"":""urn:uuid:339f4f64-280d-572a-9b3c-fa9f893f81dd"",""normalized_state"":""validated"",""owner_authority_id"":""urn:uuid:4dea4d1d-09ba-504e-9fcd-83524281ca97"",""owner_native_state"":""exact_evidence"",""payload"":{""concept_relation_inferred"":false,""evidence"":{""assertion_method"":""source_topology"",""confidence"":""exact"",""native_relation_id"":""urn:uuid:f85be527-6cbf-5cab-8e01-e45bfaa85007"",""source_locator"":""full authority XInclude/element topology""},""from_endpoint"":{""native_id"":""urn:uuid:19ea5430-df56-5790-850c-cc430bf1b015"",""projected_id"":""urn:uuid:63c35ed2-dcef-58d1-b115-2d4b9f50167d""},""relation_type"":""contains"",""strength"":""hard"",""to_endpoint"":{""native_id"":""urn:uuid:437bf5cc-9af0-566c-96b2-5266a23e7307"",""projected_id"":""urn:uuid:d110106c-0269-55e4-bc9c-bb6ab37561a4""}},""record_type"":""relation"",""recorded_at"":""2026-08-30T00:00:00Z"",""semantic_key"":""b10:dmoi4:relation:urn:uuid:f85be527-6cbf-5cab-8e01-e45bfaa85007""}"
urn:uuid:5474d837-5239-5c93-9e53-c70f2eabaee2,relation,"{""dataset_id"":""urn:uuid:6090fc4b-b34d-5cff-8f65-acaa06ddd1fc"",""id"":""urn:uuid:5474d837-5239-5c93-9e53-c70f2eabaee2"",""normalized_state"":""validated"",""owner_authority_id"":""urn:uuid:4dea4d1d-09ba-504e-9fcd-83524281ca97"",""owner_native_state"":""exact_evidence"",""payload"":{""concept_relation_inferred"":false,""evidence"":{""assertion_method"":""source_topology"",""confidence"":""exact"",""native_relation_id"":""urn:uuid:f247fd17-8420-50cc-9026-49778b7efbd0"",""source_locator"":""full authority XInclude/element topology""},""from_endpoint"":{""native_id"":""urn:uuid:19ea5430-df56-5790-850c-cc430bf1b015"",""projected_id"":""urn:uuid:63c35ed2-dcef-58d1-b115-2d4b9f50167d""},""relation_type"":""contains"",""strength"":""hard"",""to_endpoint"":{""native_id"":""urn:uuid:4f60a63b-8d54-5af2-8cb5-1f69dafcb3d6"",""projected_id"":""urn:uuid:84afaf04-92d3-5a91-84ff-1108bedf0281""}},""record_type"":""relation"",""recorded_at"":""2026-08-30T00:00:00Z"",""semantic_key"":""b10:dmoi4:relation:urn:uuid:f247fd17-8420-50cc-9026-49778b7efbd0""}"
urn:uuid:833adc37-2e32-5da3-8651-7b300ebfd414,relation,"{""dataset_id"":""urn:uuid:6090fc4b-b34d-5cff-8f65-acaa06ddd1fc"",""id"":""urn:uuid:833adc37-2e32-5da3-8651-7b300ebfd414"",""normalized_state"":""validated"",""owner_authority_id"":""urn:uuid:4dea4d1d-09ba-504e-9fcd-83524281ca97"",""owner_native_state"":""exact_evidence"",""payload"":{""concept_relation_inferred"":false,""evidence"":{""assertion_method"":""source_topology"",""confidence"":""exact"",""native_relation_id"":""urn:uuid:ec592836-0137-5e1c-a830-9f81c44b2a9e"",""source_locator"":""full authority XInclude/element topology""},""from_endpoint"":{""native_id"":""urn:uuid:19ea5430-df56-5790-850c-cc430bf1b015"",""projected_id"":""urn:uuid:63c35ed2-dcef-58d1-b115-2d4b9f50167d""},""relation_type"":""contains"",""strength"":""hard"",""to_endpoint"":{""native_id"":""urn:uuid:9fea6a45-c264-51df-9a22-1ffd3e4261c7"",""projected_id"":""urn:uuid:949bee0d-f57f-5501-855b-92b8f8032b07""}},""record_type"":""relation"",""recorded_at"":""2026-08-30T00:00:00Z"",""semantic_key"":""b10:dmoi4:relation:urn:uuid:ec592836-0137-5e1c-a830-9f81c44b2a9e""}"
urn:uuid:15c8a4e1-ffce-56f6-afd0-2ba904b58d1c,relation,"{""dataset_id"":""urn:uuid:6090fc4b-b34d-5cff-8f65-acaa06ddd1fc"",""id"":""urn:uuid:15c8a4e1-ffce-56f6-afd0-2ba904b58d1c"",""normalized_state"":""validated"",""owner_authority_id"":""urn:uuid:4dea4d1d-09ba-504e-9fcd-83524281ca97"",""owner_native_state"":""exact_evidence"",""payload"":{""concept_relation_inferred"":false,""evidence"":{""assertion_method"":""source_topology"",""confidence"":""exact"",""native_relation_id"":""urn:uuid:032d531b-48eb-55fb-ac89-dc75204dde72"",""source_locator"":""full authority XInclude/element topology""},""from_endpoint"":{""native_id"":""urn:uuid:19ea5430-df56-5790-850c-cc430bf1b015"",""projected_id"":""urn:uuid:63c35ed2-dcef-58d1-b115-2d4b9f50167d""},""relation_type"":""contains"",""strength"":""hard"",""to_endpoint"":{""native_id"":""urn:uuid:c4b8c85f-a37a-5743-86ff-d4eb182a9667"",""projected_id"":""urn:uuid:88e0e0e6-b2b4-59c9-9f48-2b32fae0f2c3""}},""record_type"":""relation"",""recorded_at"":""2026-08-30T00:00:00Z"",""semantic_key"":""b10:dmoi4:relation:urn:uuid:032d531b-48eb-55fb-ac89-dc75204dde72""}"
urn:uuid:dff533f6-a4d8-52ab-a428-2ffaa4e75b41,relation,"{""dataset_id"":""urn:uuid:6090fc4b-b34d-5cff-8f65-acaa06ddd1fc"",""id"":""urn:uuid:dff533f6-a4d8-52ab-a428-2ffaa4e75b41"",""normalized_state"":""validated"",""owner_authority_id"":""urn:uuid:4dea4d1d-09ba-504e-9fcd-83524281ca97"",""owner_native_state"":""exact_evidence"",""payload"":{""concept_relation_inferred"":false,""evidence"":{""assertion_method"":""source_topology"",""confidence"":""exact"",""native_relation_id"":""urn:uuid:cecb3024-cd42-5db9-925c-2b6f9d7bcfbe"",""source_locator"":""full authority XInclude/element topology""},""from_endpoint"":{""native_id"":""urn:uuid:19ea5430-df56-5790-850c-cc430bf1b015"",""projected_id"":""urn:uuid:63c35ed2-dcef-58d1-b115-2d4b9f50167d""},""relation_type"":""contains"",""strength"":""hard"",""to_endpoint"":{""native_id"":""urn:uuid:c4d80cc8-36c6-5b2e-a1c2-71ad1af56257"",""projected_id"":""urn:uuid:32ca07e9-52d1-52cf-b7ae-85c925d20fed""}},""record_type"":""relation"",""recorded_at"":""2026-08-30T00:00:00Z"",""semantic_key"":""b10:dmoi4:relation:urn:uuid:cecb3024-cd42-5db9-925c-2b6f9d7bcfbe""}"
urn:uuid:0115a747-2693-57fb-81d3-dfd5efcc3159,relation,"{""dataset_id"":""urn:uuid:6090fc4b-b34d-5cff-8f65-acaa06ddd1fc"",""id"":""urn:uuid:0115a747-2693-57fb-81d3-dfd5efcc3159"",""normalized_state"":""validated"",""owner_authority_id"":""urn:uuid:4dea4d1d-09ba-504e-9fcd-83524281ca97"",""owner_native_state"":""exact_evidence"",""payload"":{""concept_relation_inferred"":false,""evidence"":{""assertion_method"":""source_topology"",""confidence"":""exact"",""native_relation_id"":""urn:uuid:5b6b05f6-aaef-5fc6-95d5-25203c08d82e"",""source_locator"":""full authority XInclude/element topology""},""from_endpoint"":{""native_id"":""urn:uuid:19ea5430-df56-5790-850c-cc430bf1b015"",""projected_id"":""urn:uuid:63c35ed2-dcef-58d1-b115-2d4b9f50167d""},""relation_type"":""contains"",""strength"":""hard"",""to_endpoint"":{""native_id"":""urn:uuid:c854155b-85ad-5ce2-9533-dc610468de47"",""projected_id"":""urn:uuid:44ae7401-4761-5c46-88a5-4b7d027ff5c4""}},""record_type"":""relation"",""recorded_at"":""2026-08-30T00:00:00Z"",""semantic_key"":""b10:dmoi4:relation:urn:uuid:5b6b05f6-aaef-5fc6-95d5-25203c08d82e""}"
urn:uuid:6529e956-aa54-56df-96df-b7a11f851444,relation,"{""dataset_id"":""urn:uuid:6090fc4b-b34d-5cff-8f65-acaa06ddd1fc"",""id"":""urn:uuid:6529e956-aa54-56df-96df-b7a11f851444"",""normalized_state"":""validated"",""owner_authority_id"":""urn:uuid:4dea4d1d-09ba-504e-9fcd-83524281ca97"",""owner_native_state"":""exact_evidence"",""payload"":{""concept_relation_inferred"":false,""evidence"":{""assertion_method"":""source_topology"",""confidence"":""exact"",""native_relation_id"":""urn:uuid:d3806c9b-7377-5885-b3a3-7d3138f3a6f2"",""source_locator"":""full authority XInclude/element topology""},""from_endpoint"":{""native_id"":""urn:uuid:19ea5430-df56-5790-850c-cc430bf1b015"",""projected_id"":""urn:uuid:63c35ed2-dcef-58d1-b115-2d4b9f50167d""},""relation_type"":""contains"",""strength"":""hard"",""to_endpoint"":{""native_id"":""urn:uuid:d77ac50a-8e92-5fb4-b32d-2884d673b368"",""projected_id"":""urn:uuid:c8ad07a5-4800-5e85-b1b7-c3491ccb6008""}},""record_type"":""relation"",""recorded_at"":""2026-08-30T00:00:00Z"",""semantic_key"":""b10:dmoi4:relation:urn:uuid:d3806c9b-7377-5885-b3a3-7d3138f3a6f2""}"
urn:uuid:9d7d2810-9ede-58de-adc9-e0ec3b2ac290,relation,"{""dataset_id"":""urn:uuid:6090fc4b-b34d-5cff-8f65-acaa06ddd1fc"",""id"":""urn:uuid:9d7d2810-9ede-58de-adc9-e0ec3b2ac290"",""normalized_state"":""validated"",""owner_authority_id"":""urn:uuid:4dea4d1d-09ba-504e-9fcd-83524281ca97"",""owner_native_state"":""exact_evidence"",""payload"":{""concept_relation_inferred"":false,""evidence"":{""assertion_method"":""source_topology"",""confidence"":""exact"",""native_relation_id"":""urn:uuid:6fa31f9c-98d2-5532-8928-29964e19e15d"",""source_locator"":""full authority XInclude/element topology""},""from_endpoint"":{""native_id"":""urn:uuid:1e7d9dc7-fc2c-5cfd-8bb5-859955d9c31b"",""projected_id"":""urn:uuid:a4e55f0c-9890-56e8-925c-065677424cfa""},""relation_type"":""contains"",""strength"":""hard"",""to_endpoint"":{""native_id"":""urn:uuid:a5832a98-b280-5766-bf2e-cc28d8905a49"",""projected_id"":""urn:uuid:8c8e5889-eb43-54c8-94f9-6e14d1188928""}},""record_type"":""relation"",""recorded_at"":""2026-08-30T00:00:00Z"",""semantic_key"":""b10:dmoi4:relation:urn:uuid:6fa31f9c-98d2-5532-8928-29964e19e15d""}"
urn:uuid:9c3c2675-5e78-5102-864e-b63c139b595b,relation,"{""dataset_id"":""urn:uuid:6090fc4b-b34d-5cff-8f65-acaa06ddd1fc"",""id"":""urn:uuid:9c3c2675-5e78-5102-864e-b63c139b595b"",""normalized_state"":""validated"",""owner_authority_id"":""urn:uuid:4dea4d1d-09ba-504e-9fcd-83524281ca97"",""owner_native_state"":""exact_evidence"",""payload"":{""concept_relation_inferred"":false,""evidence"":{""assertion_method"":""source_topology"",""confidence"":""exact"",""native_relation_id"":""urn:uuid:edf001f0-237b-5e46-8c7f-99ab31e2c478"",""source_locator"":""full authority XInclude/element topology""},""from_endpoint"":{""native_id"":""urn:uuid:1e7d9dc7-fc2c-5cfd-8bb5-859955d9c31b"",""projected_id"":""urn:uuid:a4e55f0c-9890-56e8-925c-065677424cfa""},""relation_type"":""contains"",""strength"":""hard"",""to_endpoint"":{""native_id"":""urn:uuid:b9cfe798-1eda-5676-bcb2-35ae152245a0"",""projected_id"":""urn:uuid:0f9c2112-394c-57cc-a92b-cf80d80cdabb""}},""record_type"":""relation"",""recorded_at"":""2026-08-30T00:00:00Z"",""semantic_key"":""b10:dmoi4:relation:urn:uuid:edf001f0-237b-5e46-8c7f-99ab31e2c478""}"
urn:uuid:79510a8b-95d6-56ef-a9c9-6817cc4283bf,relation,"{""dataset_id"":""urn:uuid:6090fc4b-b34d-5cff-8f65-acaa06ddd1fc"",""id"":""urn:uuid:79510a8b-95d6-56ef-a9c9-6817cc4283bf"",""normalized_state"":""validated"",""owner_authority_id"":""urn:uuid:4dea4d1d-09ba-504e-9fcd-83524281ca97"",""owner_native_state"":""exact_evidence"",""payload"":{""concept_relation_inferred"":false,""evidence"":{""assertion_method"":""source_topology"",""confidence"":""exact"",""native_relation_id"":""urn:uuid:83f3c0b8-caef-5ef2-a799-17b630e39edb"",""source_locator"":""full authority XInclude/element topology""},""from_endpoint"":{""native_id"":""urn:uuid:1e7d9dc7-fc2c-5cfd-8bb5-859955d9c31b"",""projected_id"":""urn:uuid:a4e55f0c-9890-56e8-925c-065677424cfa""},""relation_type"":""contains"",""strength"":""hard"",""to_endpoint"":{""native_id"":""urn:uuid:f9a1a2de-c0d9-5fb3-955a-0ebab5459fed"",""projected_id"":""urn:uuid:321a93e1-8c18-59dc-bf34-102b7f6abfee""}},""record_type"":""relation"",""recorded_at"":""2026-08-30T00:00:00Z"",""semantic_key"":""b10:dmoi4:relation:urn:uuid:83f3c0b8-caef-5ef2-a799-17b630e39edb""}"
urn:uuid:6b4c487c-490c-52d1-acd6-186b8ffcd956,relation,"{""dataset_id"":""urn:uuid:6090fc4b-b34d-5cff-8f65-acaa06ddd1fc"",""id"":""urn:uuid:6b4c487c-490c-52d1-acd6-186b8ffcd956"",""normalized_state"":""validated"",""owner_authority_id"":""urn:uuid:4dea4d1d-09ba-504e-9fcd-83524281ca97"",""owner_native_state"":""exact_evidence"",""payload"":{""concept_relation_inferred"":false,""evidence"":{""assertion_method"":""source_topology"",""confidence"":""exact"",""native_relation_id"":""urn:uuid:b9de1b15-4033-59f5-99f2-e515ae30e0ef"",""source_locator"":""full authority XInclude/element topology""},""from_endpoint"":{""native_id"":""urn:uuid:2e8b7711-9a29-5b65-877e-44177be0caa3"",""projected_id"":""urn:uuid:ee97710a-db14-5896-b26b-96816248d158""},""relation_type"":""contains"",""strength"":""hard"",""to_endpoint"":{""native_id"":""urn:uuid:37d02e50-6bf0-5833-9ce0-06ed99a899e6"",""projected_id"":""urn:uuid:54e81c5d-5d01-5a04-990e-de6eb96a6902""}},""record_type"":""relation"",""recorded_at"":""2026-08-30T00:00:00Z"",""semantic_key"":""b10:dmoi4:relation:urn:uuid:b9de1b15-4033-59f5-99f2-e515ae30e0ef""}"
urn:uuid:bc8da6b4-0b29-53c8-9fb9-e15fed64188d,relation,"{""dataset_id"":""urn:uuid:6090fc4b-b34d-5cff-8f65-acaa06ddd1fc"",""id"":""urn:uuid:bc8da6b4-0b29-53c8-9fb9-e15fed64188d"",""normalized_state"":""validated"",""owner_authority_id"":""urn:uuid:4dea4d1d-09ba-504e-9fcd-83524281ca97"",""owner_native_state"":""exact_evidence"",""payload"":{""concept_relation_inferred"":false,""evidence"":{""assertion_method"":""source_topology"",""confidence"":""exact"",""native_relation_id"":""urn:uuid:e5bb4598-2ba9-5fcf-8eb9-99e656721436"",""source_locator"":""full authority XInclude/element topology""},""from_endpoint"":{""native_id"":""urn:uuid:2e8b7711-9a29-5b65-877e-44177be0caa3"",""projected_id"":""urn:uuid:ee97710a-db14-5896-b26b-96816248d158""},""relation_type"":""contains"",""strength"":""hard"",""to_endpoint"":{""native_id"":""urn:uuid:80291bb6-7cae-5206-9598-3e72118fe953"",""projected_id"":""urn:uuid:a079177b-7456-507d-8721-fdcffd80266c""}},""record_type"":""relation"",""recorded_at"":""2026-08-30T00:00:00Z"",""semantic_key"":""b10:dmoi4:relation:urn:uuid:e5bb4598-2ba9-5fcf-8eb9-99e656721436""}"
urn:uuid:aa3bfd3d-690a-579a-b265-ca6f7c2d5633,relation,"{""dataset_id"":""urn:uuid:6090fc4b-b34d-5cff-8f65-acaa06ddd1fc"",""id"":""urn:uuid:aa3bfd3d-690a-579a-b265-ca6f7c2d5633"",""normalized_state"":""validated"",""owner_authority_id"":""urn:uuid:4dea4d1d-09ba-504e-9fcd-83524281ca97"",""owner_native_state"":""exact_evidence"",""payload"":{""concept_relation_inferred"":false,""evidence"":{""assertion_method"":""source_topology"",""confidence"":""exact"",""native_relation_id"":""urn:uuid:ae7ea373-b8da-558e-a740-2f4a5c529b10"",""source_locator"":""full authority XInclude/element topology""},""from_endpoint"":{""native_id"":""urn:uuid:37d02e50-6bf0-5833-9ce0-06ed99a899e6"",""projected_id"":""urn:uuid:54e81c5d-5d01-5a04-990e-de6eb96a6902""},""relation_type"":""contains"",""strength"":""hard"",""to_endpoint"":{""native_id"":""urn:uuid:0e80a96f-4af1-5314-97c9-52842cb7a949"",""projected_id"":""urn:uuid:1e21056c-08fd-5a0a-8514-41b682488a15""}},""record_type"":""relation"",""recorded_at"":""2026-08-30T00:00:00Z"",""semantic_key"":""b10:dmoi4:relation:urn:uuid:ae7ea373-b8da-558e-a740-2f4a5c529b10""}"
urn:uuid:40fb19c1-00c3-51e0-a172-7655de4222b6,relation,"{""dataset_id"":""urn:uuid:6090fc4b-b34d-5cff-8f65-acaa06ddd1fc"",""id"":""urn:uuid:40fb19c1-00c3-51e0-a172-7655de4222b6"",""normalized_state"":""validated"",""owner_authority_id"":""urn:uuid:4dea4d1d-09ba-504e-9fcd-83524281ca97"",""owner_native_state"":""exact_evidence"",""payload"":{""concept_relation_inferred"":false,""evidence"":{""assertion_method"":""source_topology"",""confidence"":""exact"",""native_relation_id"":""urn:uuid:4c0df0af-a51c-5a2d-8964-2b6924dcf08d"",""source_locator"":""full authority XInclude/element topology""},""from_endpoint"":{""native_id"":""urn:uuid:37d02e50-6bf0-5833-9ce0-06ed99a899e6"",""projected_id"":""urn:uuid:54e81c5d-5d01-5a04-990e-de6eb96a6902""},""relation_type"":""contains"",""strength"":""hard"",""to_endpoint"":{""native_id"":""urn:uuid:4e3218ac-6ff1-56fd-af19-325dd636367a"",""projected_id"":""urn:uuid:4bc321fc-8c52-5153-937a-57aba5fbe9fa""}},""record_type"":""relation"",""recorded_at"":""2026-08-30T00:00:00Z"",""semantic_key"":""b10:dmoi4:relation:urn:uuid:4c0df0af-a51c-5a2d-8964-2b6924dcf08d""}"
urn:uuid:951c5f28-e65c-5611-8ca7-0ac7c6133747,relation,"{""dataset_id"":""urn:uuid:6090fc4b-b34d-5cff-8f65-acaa06ddd1fc"",""id"":""urn:uuid:951c5f28-e65c-5611-8ca7-0ac7c6133747"",""normalized_state"":""validated"",""owner_authority_id"":""urn:uuid:4dea4d1d-09ba-504e-9fcd-83524281ca97"",""owner_native_state"":""exact_evidence"",""payload"":{""concept_relation_inferred"":false,""evidence"":{""assertion_method"":""source_topology"",""confidence"":""exact"",""native_relation_id"":""urn:uuid:87a67f5e-e88a-5014-a3e0-befb2b5608cd"",""source_locator"":""full authority XInclude/element topology""},""from_endpoint"":{""native_id"":""urn:uuid:37d02e50-6bf0-5833-9ce0-06ed99a899e6"",""projected_id"":""urn:uuid:54e81c5d-5d01-5a04-990e-de6eb96a6902""},""relation_type"":""contains"",""strength"":""hard"",""to_endpoint"":{""native_id"":""urn:uuid:64f38afd-0890-591f-a6e4-63ab497edf03"",""projected_id"":""urn:uuid:3acbd5dc-d1e2-529a-9974-90fb3985affc""}},""record_type"":""relation"",""recorded_at"":""2026-08-30T00:00:00Z"",""semantic_key"":""b10:dmoi4:relation:urn:uuid:87a67f5e-e88a-5014-a3e0-befb2b5608cd""}"
urn:uuid:b80eb482-1482-56af-a81b-28b9562457f0,relation,"{""dataset_id"":""urn:uuid:6090fc4b-b34d-5cff-8f65-acaa06ddd1fc"",""id"":""urn:uuid:b80eb482-1482-56af-a81b-28b9562457f0"",""normalized_state"":""validated"",""owner_authority_id"":""urn:uuid:4dea4d1d-09ba-504e-9fcd-83524281ca97"",""owner_native_state"":""exact_evidence"",""payload"":{""concept_relation_inferred"":false,""evidence"":{""assertion_method"":""source_topology"",""confidence"":""exact"",""native_relation_id"":""urn:uuid:a2d1733d-cebd-5f06-95eb-811278ddb598"",""source_locator"":""full authority XInclude/element topology""},""from_endpoint"":{""native_id"":""urn:uuid:37d02e50-6bf0-5833-9ce0-06ed99a899e6"",""projected_id"":""urn:uuid:54e81c5d-5d01-5a04-990e-de6eb96a6902""},""relation_type"":""contains"",""strength"":""hard"",""to_endpoint"":{""native_id"":""urn:uuid:70b77669-ed4c-547a-a8df-2a5d42d0b518"",""projected_id"":""urn:uuid:e5193416-6ebf-5844-aca8-205a49aa4892""}},""record_type"":""relation"",""recorded_at"":""2026-08-30T00:00:00Z"",""semantic_key"":""b10:dmoi4:relation:urn:uuid:a2d1733d-cebd-5f06-95eb-811278ddb598""}"
urn:uuid:46c386fe-6215-5821-af33-14ffafbde9e7,relation,"{""dataset_id"":""urn:uuid:6090fc4b-b34d-5cff-8f65-acaa06ddd1fc"",""id"":""urn:uuid:46c386fe-6215-5821-af33-14ffafbde9e7"",""normalized_state"":""validated"",""owner_authority_id"":""urn:uuid:4dea4d1d-09ba-504e-9fcd-83524281ca97"",""owner_native_state"":""exact_evidence"",""payload"":{""concept_relation_inferred"":false,""evidence"":{""assertion_method"":""source_topology"",""confidence"":""exact"",""native_relation_id"":""urn:uuid:16149fed-f8ed-5622-b25e-f2cc14770a7a"",""source_locator"":""full authority XInclude/element topology""},""from_endpoint"":{""native_id"":""urn:uuid:37d02e50-6bf0-5833-9ce0-06ed99a899e6"",""projected_id"":""urn:uuid:54e81c5d-5d01-5a04-990e-de6eb96a6902""},""relation_type"":""contains"",""strength"":""hard"",""to_endpoint"":{""native_id"":""urn:uuid:f915a1a7-a6ca-5bbe-8ed8-f5e82efb9595"",""projected_id"":""urn:uuid:18c8fc56-eccb-542a-aef5-21af80fa752f""}},""record_type"":""relation"",""recorded_at"":""2026-08-30T00:00:00Z"",""semantic_key"":""b10:dmoi4:relation:urn:uuid:16149fed-f8ed-5622-b25e-f2cc14770a7a""}"
urn:uuid:6465d08b-1748-5643-a481-c4749aab1e7e,relation,"{""dataset_id"":""urn:uuid:6090fc4b-b34d-5cff-8f65-acaa06ddd1fc"",""id"":""urn:uuid:6465d08b-1748-5643-a481-c4749aab1e7e"",""normalized_state"":""validated"",""owner_authority_id"":""urn:uuid:4dea4d1d-09ba-504e-9fcd-83524281ca97"",""owner_native_state"":""exact_evidence"",""payload"":{""concept_relation_inferred"":false,""evidence"":{""assertion_method"":""source_topology"",""confidence"":""exact"",""native_relation_id"":""urn:uuid:9df33bfe-9eb6-50e3-a745-61b185805833"",""source_locator"":""full authority XInclude/element topology""},""from_endpoint"":{""native_id"":""urn:uuid:3832a877-42f8-5dbc-8ab2-c1c17e5e38e5"",""projected_id"":""urn:uuid:b7a0541f-4f3d-5f21-a26e-7dbcd2f5c814""},""relation_type"":""contains"",""strength"":""hard"",""to_endpoint"":{""native_id"":""urn:uuid:46e4715d-b87f-5a1b-8f0b-13391d54822f"",""projected_id"":""urn:uuid:e7643c9b-51b1-5a5e-bf63-ce3e6b7b5e19""}},""record_type"":""relation"",""recorded_at"":""2026-08-30T00:00:00Z"",""semantic_key"":""b10:dmoi4:relation:urn:uuid:9df33bfe-9eb6-50e3-a745-61b185805833""}"
urn:uuid:37cd5501-0900-5673-a1ab-cdd316f634d7,relation,"{""dataset_id"":""urn:uuid:6090fc4b-b34d-5cff-8f65-acaa06ddd1fc"",""id"":""urn:uuid:37cd5501-0900-5673-a1ab-cdd316f634d7"",""normalized_state"":""validated"",""owner_authority_id"":""urn:uuid:4dea4d1d-09ba-504e-9fcd-83524281ca97"",""owner_native_state"":""exact_evidence"",""payload"":{""concept_relation_inferred"":false,""evidence"":{""assertion_method"":""source_topology"",""confidence"":""exact"",""native_relation_id"":""urn:uuid:48650be3-a177-544f-b7d7-f010c2a540c3"",""source_locator"":""full authority XInclude/element topology""},""from_endpoint"":{""native_id"":""urn:uuid:3832a877-42f8-5dbc-8ab2-c1c17e5e38e5"",""projected_id"":""urn:uuid:b7a0541f-4f3d-5f21-a26e-7dbcd2f5c814""},""relation_type"":""contains"",""strength"":""hard"",""to_endpoint"":{""native_id"":""urn:uuid:8190cac9-7d71-5d79-a618-7fdc63a065f9"",""projected_id"":""urn:uuid:67788ef1-7b87-5de3-8950-9f600b966c26""}},""record_type"":""relation"",""recorded_at"":""2026-08-30T00:00:00Z"",""semantic_key"":""b10:dmoi4:relation:urn:uuid:48650be3-a177-544f-b7d7-f010c2a540c3""}"
urn:uuid:bebe8794-df8e-583a-b76f-e0b00aa13f78,relation,"{""dataset_id"":""urn:uuid:6090fc4b-b34d-5cff-8f65-acaa06ddd1fc"",""id"":""urn:uuid:bebe8794-df8e-583a-b76f-e0b00aa13f78"",""normalized_state"":""validated"",""owner_authority_id"":""urn:uuid:4dea4d1d-09ba-504e-9fcd-83524281ca97"",""owner_native_state"":""exact_evidence"",""payload"":{""concept_relation_inferred"":false,""evidence"":{""assertion_method"":""source_topology"",""confidence"":""exact"",""native_relation_id"":""urn:uuid:59d2837d-c5db-59e9-8974-59ee39502d8c"",""source_locator"":""full authority XInclude/element topology""},""from_endpoint"":{""native_id"":""urn:uuid:3832a877-42f8-5dbc-8ab2-c1c17e5e38e5"",""projected_id"":""urn:uuid:b7a0541f-4f3d-5f21-a26e-7dbcd2f5c814""},""relation_type"":""contains"",""strength"":""hard"",""to_endpoint"":{""native_id"":""urn:uuid:e7defa00-7fc3-5e8c-82b0-175177750bce"",""projected_id"":""urn:uuid:8a3f06ce-3e74-506e-a699-c363f9deb50b""}},""record_type"":""relation"",""recorded_at"":""2026-08-30T00:00:00Z"",""semantic_key"":""b10:dmoi4:relation:urn:uuid:59d2837d-c5db-59e9-8974-59ee39502d8c""}"
urn:uuid:2bee45d6-c8a4-5b63-a64a-60e8defcdbc3,relation,"{""dataset_id"":""urn:uuid:6090fc4b-b34d-5cff-8f65-acaa06ddd1fc"",""id"":""urn:uuid:2bee45d6-c8a4-5b63-a64a-60e8defcdbc3"",""normalized_state"":""validated"",""owner_authority_id"":""urn:uuid:4dea4d1d-09ba-504e-9fcd-83524281ca97"",""owner_native_state"":""exact_evidence"",""payload"":{""concept_relation_inferred"":false,""evidence"":{""assertion_method"":""source_topology"",""confidence"":""exact"",""native_relation_id"":""urn:uuid:682e02ff-9382-5439-af85-779f821b22ab"",""source_locator"":""full authority XInclude/element topology""},""from_endpoint"":{""native_id"":""urn:uuid:3832a877-42f8-5dbc-8ab2-c1c17e5e38e5"",""projected_id"":""urn:uuid:b7a0541f-4f3d-5f21-a26e-7dbcd2f5c814""},""relation_type"":""contains"",""strength"":""hard"",""to_endpoint"":{""native_id"":""urn:uuid:f25f3d25-e332-5e2f-be48-aa6cb3f52aed"",""projected_id"":""urn:uuid:ec15bbbb-8c68-53ee-81e5-14e91df5d9ec""}},""record_type"":""relation"",""recorded_at"":""2026-08-30T00:00:00Z"",""semantic_key"":""b10:dmoi4:relation:urn:uuid:682e02ff-9382-5439-af85-779f821b22ab""}"
urn:uuid:b1e5d99c-270e-5971-87c2-812e9b679b94,relation,"{""dataset_id"":""urn:uuid:6090fc4b-b34d-5cff-8f65-acaa06ddd1fc"",""id"":""urn:uuid:b1e5d99c-270e-5971-87c2-812e9b679b94"",""normalized_state"":""validated"",""owner_authority_id"":""urn:uuid:4dea4d1d-09ba-504e-9fcd-83524281ca97"",""owner_native_state"":""exact_evidence"",""payload"":{""concept_relation_inferred"":false,""evidence"":{""assertion_method"":""source_topology"",""confidence"":""exact"",""native_relation_id"":""urn:uuid:aa59df6a-7665-525b-b171-8ada8501b1a4"",""source_locator"":""full authority XInclude/element topology""},""from_endpoint"":{""native_id"":""urn:uuid:401baf3c-8042-583e-ab34-2f3d0d2c59f5"",""projected_id"":""urn:uuid:6166af73-35e4-5b64-b5ae-2430f5f82273""},""relation_type"":""contains"",""strength"":""hard"",""to_endpoint"":{""native_id"":""urn:uuid:5fc7c6ba-2ec9-5219-91ba-7c765d9db3c0"",""projected_id"":""urn:uuid:98127f4f-f4cb-5af1-8e9a-a70675990779""}},""record_type"":""relation"",""recorded_at"":""2026-08-30T00:00:00Z"",""semantic_key"":""b10:dmoi4:relation:urn:uuid:aa59df6a-7665-525b-b171-8ada8501b1a4""}"
urn:uuid:ed508fb1-fc64-5dbd-8e89-9ee788e3a596,relation,"{""dataset_id"":""urn:uuid:6090fc4b-b34d-5cff-8f65-acaa06ddd1fc"",""id"":""urn:uuid:ed508fb1-fc64-5dbd-8e89-9ee788e3a596"",""normalized_state"":""validated"",""owner_authority_id"":""urn:uuid:4dea4d1d-09ba-504e-9fcd-83524281ca97"",""owner_native_state"":""exact_evidence"",""payload"":{""concept_relation_inferred"":false,""evidence"":{""assertion_method"":""source_topology"",""confidence"":""exact"",""native_relation_id"":""urn:uuid:347996fe-a579-5fa4-bc42-c16089a78ec2"",""source_locator"":""full authority XInclude/element topology""},""from_endpoint"":{""native_id"":""urn:uuid:401baf3c-8042-583e-ab34-2f3d0d2c59f5"",""projected_id"":""urn:uuid:6166af73-35e4-5b64-b5ae-2430f5f82273""},""relation_type"":""contains"",""strength"":""hard"",""to_endpoint"":{""native_id"":""urn:uuid:78b9926a-8883-5412-b8aa-b1c4a1d85476"",""projected_id"":""urn:uuid:d5604972-61fa-596f-9cab-67c703578bd4""}},""record_type"":""relation"",""recorded_at"":""2026-08-30T00:00:00Z"",""semantic_key"":""b10:dmoi4:relation:urn:uuid:347996fe-a579-5fa4-bc42-c16089a78ec2""}"
urn:uuid:3ce95f0f-3376-5a37-b78d-52a1bd1a5214,relation,"{""dataset_id"":""urn:uuid:6090fc4b-b34d-5cff-8f65-acaa06ddd1fc"",""id"":""urn:uuid:3ce95f0f-3376-5a37-b78d-52a1bd1a5214"",""normalized_state"":""validated"",""owner_authority_id"":""urn:uuid:4dea4d1d-09ba-504e-9fcd-83524281ca97"",""owner_native_state"":""exact_evidence"",""payload"":{""concept_relation_inferred"":false,""evidence"":{""assertion_method"":""source_topology"",""confidence"":""exact"",""native_relation_id"":""urn:uuid:514cd2f4-7cc1-5e0f-b867-7f53cd2f9ec2"",""source_locator"":""full authority XInclude/element topology""},""from_endpoint"":{""native_id"":""urn:uuid:401baf3c-8042-583e-ab34-2f3d0d2c59f5"",""projected_id"":""urn:uuid:6166af73-35e4-5b64-b5ae-2430f5f82273""},""relation_type"":""contains"",""strength"":""hard"",""to_endpoint"":{""native_id"":""urn:uuid:cc9fb72a-c545-5fa9-8061-4c0a6b1f496d"",""projected_id"":""urn:uuid:49c5a6e5-b8b6-5a24-9a03-5f31bf4f41d8""}},""record_type"":""relation"",""recorded_at"":""2026-08-30T00:00:00Z"",""semantic_key"":""b10:dmoi4:relation:urn:uuid:514cd2f4-7cc1-5e0f-b867-7f53cd2f9ec2""}"
urn:uuid:e8bd456a-bb53-50b4-bfe4-c773c39ade16,relation,"{""dataset_id"":""urn:uuid:6090fc4b-b34d-5cff-8f65-acaa06ddd1fc"",""id"":""urn:uuid:e8bd456a-bb53-50b4-bfe4-c773c39ade16"",""normalized_state"":""validated"",""owner_authority_id"":""urn:uuid:4dea4d1d-09ba-504e-9fcd-83524281ca97"",""owner_native_state"":""exact_evidence"",""payload"":{""concept_relation_inferred"":false,""evidence"":{""assertion_method"":""source_topology"",""confidence"":""exact"",""native_relation_id"":""urn:uuid:916f0ca6-ed1f-58c3-b1b3-2c025f4bdb76"",""source_locator"":""full authority XInclude/element topology""},""from_endpoint"":{""native_id"":""urn:uuid:437bf5cc-9af0-566c-96b2-5266a23e7307"",""projected_id"":""urn:uuid:d110106c-0269-55e4-bc9c-bb6ab37561a4""},""relation_type"":""contains"",""strength"":""hard"",""to_endpoint"":{""native_id"":""urn:uuid:269955d5-3ef0-5729-b2c1-c1b4e816b3a5"",""projected_id"":""urn:uuid:4e1276f8-e35a-5d93-9a8f-0a0e758bd66e""}},""record_type"":""relation"",""recorded_at"":""2026-08-30T00:00:00Z"",""semantic_key"":""b10:dmoi4:relation:urn:uuid:916f0ca6-ed1f-58c3-b1b3-2c025f4bdb76""}"
urn:uuid:f23c42e7-3ed5-5e45-9a79-ff0cae7fb21a,relation,"{""dataset_id"":""urn:uuid:6090fc4b-b34d-5cff-8f65-acaa06ddd1fc"",""id"":""urn:uuid:f23c42e7-3ed5-5e45-9a79-ff0cae7fb21a"",""normalized_state"":""validated"",""owner_authority_id"":""urn:uuid:4dea4d1d-09ba-504e-9fcd-83524281ca97"",""owner_native_state"":""exact_evidence"",""payload"":{""concept_relation_inferred"":false,""evidence"":{""assertion_method"":""source_topology"",""confidence"":""exact"",""native_relation_id"":""urn:uuid:384c6149-587b-55cd-a5e2-fef4e1a544ff"",""source_locator"":""full authority XInclude/element topology""},""from_endpoint"":{""native_id"":""urn:uuid:437bf5cc-9af0-566c-96b2-5266a23e7307"",""projected_id"":""urn:uuid:d110106c-0269-55e4-bc9c-bb6ab37561a4""},""relation_type"":""contains"",""strength"":""hard"",""to_endpoint"":{""native_id"":""urn:uuid:b4130979-7127-5b3d-814a-458c5030a423"",""projected_id"":""urn:uuid:a0c9f1a7-e336-5576-a2da-faa12dc67f1e""}},""record_type"":""relation"",""recorded_at"":""2026-08-30T00:00:00Z"",""semantic_key"":""b10:dmoi4:relation:urn:uuid:384c6149-587b-55cd-a5e2-fef4e1a544ff""}"
urn:uuid:4acae249-a4e3-5472-be9b-95bb8b219006,relation,"{""dataset_id"":""urn:uuid:6090fc4b-b34d-5cff-8f65-acaa06ddd1fc"",""id"":""urn:uuid:4acae249-a4e3-5472-be9b-95bb8b219006"",""normalized_state"":""validated"",""owner_authority_id"":""urn:uuid:4dea4d1d-09ba-504e-9fcd-83524281ca97"",""owner_native_state"":""exact_evidence"",""payload"":{""concept_relation_inferred"":false,""evidence"":{""assertion_method"":""source_topology"",""confidence"":""exact"",""native_relation_id"":""urn:uuid:dbb738b6-2840-57e0-be21-90261e7298ef"",""source_locator"":""full authority XInclude/element topology""},""from_endpoint"":{""native_id"":""urn:uuid:492faccc-1a07-59a0-9cca-8c08a93d1130"",""projected_id"":""urn:uuid:89df1db7-700f-5a34-98af-1c674273518d""},""relation_type"":""contains"",""strength"":""hard"",""to_endpoint"":{""native_id"":""urn:uuid:158886ea-b223-5dfc-a0f8-e9c9b3173282"",""projected_id"":""urn:uuid:6672fb83-5c6e-5f07-95df-8a815f8f3c2a""}},""record_type"":""relation"",""recorded_at"":""2026-08-30T00:00:00Z"",""semantic_key"":""b10:dmoi4:relation:urn:uuid:dbb738b6-2840-57e0-be21-90261e7298ef""}"
urn:uuid:4af97992-516d-5d1f-bb2a-d974de35a536,relation,"{""dataset_id"":""urn:uuid:6090fc4b-b34d-5cff-8f65-acaa06ddd1fc"",""id"":""urn:uuid:4af97992-516d-5d1f-bb2a-d974de35a536"",""normalized_state"":""validated"",""owner_authority_id"":""urn:uuid:4dea4d1d-09ba-504e-9fcd-83524281ca97"",""owner_native_state"":""exact_evidence"",""payload"":{""concept_relation_inferred"":false,""evidence"":{""assertion_method"":""source_topology"",""confidence"":""exact"",""native_relation_id"":""urn:uuid:086eeb4b-91c4-5826-85d5-86e75adf2731"",""source_locator"":""full authority XInclude/element topology""},""from_endpoint"":{""native_id"":""urn:uuid:492faccc-1a07-59a0-9cca-8c08a93d1130"",""projected_id"":""urn:uuid:89df1db7-700f-5a34-98af-1c674273518d""},""relation_type"":""contains"",""strength"":""hard"",""to_endpoint"":{""native_id"":""urn:uuid:4468fb3d-c6dd-5bd0-a78d-c3983e0b383b"",""projected_id"":""urn:uuid:0bb76aed-38c4-5161-989e-e1e81a056647""}},""record_type"":""relation"",""recorded_at"":""2026-08-30T00:00:00Z"",""semantic_key"":""b10:dmoi4:relation:urn:uuid:086eeb4b-91c4-5826-85d5-86e75adf2731""}"
urn:uuid:6871df52-be7d-5a41-9e94-280eda72fd53,relation,"{""dataset_id"":""urn:uuid:6090fc4b-b34d-5cff-8f65-acaa06ddd1fc"",""id"":""urn:uuid:6871df52-be7d-5a41-9e94-280eda72fd53"",""normalized_state"":""validated"",""owner_authority_id"":""urn:uuid:4dea4d1d-09ba-504e-9fcd-83524281ca97"",""owner_native_state"":""exact_evidence"",""payload"":{""concept_relation_inferred"":false,""evidence"":{""assertion_method"":""source_topology"",""confidence"":""exact"",""native_relation_id"":""urn:uuid:f9669424-d50a-5d7f-b2eb-fa8a3ee82122"",""source_locator"":""full authority XInclude/element topology""},""from_endpoint"":{""native_id"":""urn:uuid:492faccc-1a07-59a0-9cca-8c08a93d1130"",""projected_id"":""urn:uuid:89df1db7-700f-5a34-98af-1c674273518d""},""relation_type"":""contains"",""strength"":""hard"",""to_endpoint"":{""native_id"":""urn:uuid:5a6a77d8-8d40-5fb8-adc3-a0673710266d"",""projected_id"":""urn:uuid:2f602456-87cf-597b-b375-3323b8c77b70""}},""record_type"":""relation"",""recorded_at"":""2026-08-30T00:00:00Z"",""semantic_key"":""b10:dmoi4:relation:urn:uuid:f9669424-d50a-5d7f-b2eb-fa8a3ee82122""}"
urn:uuid:9f7046f5-4cdc-5355-860f-648289262605,relation,"{""dataset_id"":""urn:uuid:6090fc4b-b34d-5cff-8f65-acaa06ddd1fc"",""id"":""urn:uuid:9f7046f5-4cdc-5355-860f-648289262605"",""normalized_state"":""validated"",""owner_authority_id"":""urn:uuid:4dea4d1d-09ba-504e-9fcd-83524281ca97"",""owner_native_state"":""exact_evidence"",""payload"":{""concept_relation_inferred"":false,""evidence"":{""assertion_method"":""source_topology"",""confidence"":""exact"",""native_relation_id"":""urn:uuid:6348b363-f4ee-5664-a0bf-f32ea83a0ebc"",""source_locator"":""full authority XInclude/element topology""},""from_endpoint"":{""native_id"":""urn:uuid:492faccc-1a07-59a0-9cca-8c08a93d1130"",""projected_id"":""urn:uuid:89df1db7-700f-5a34-98af-1c674273518d""},""relation_type"":""contains"",""strength"":""hard"",""to_endpoint"":{""native_id"":""urn:uuid:a77315a3-2ea0-5af2-8f93-19bb9da35ca7"",""projected_id"":""urn:uuid:8ea55d26-d560-52fc-afca-cf60be0a991e""}},""record_type"":""relation"",""recorded_at"":""2026-08-30T00:00:00Z"",""semantic_key"":""b10:dmoi4:relation:urn:uuid:6348b363-f4ee-5664-a0bf-f32ea83a0ebc""}"
urn:uuid:45ee911e-49bf-56e4-bb0e-00e19136d1b6,relation,"{""dataset_id"":""urn:uuid:6090fc4b-b34d-5cff-8f65-acaa06ddd1fc"",""id"":""urn:uuid:45ee911e-49bf-56e4-bb0e-00e19136d1b6"",""normalized_state"":""validated"",""owner_authority_id"":""urn:uuid:4dea4d1d-09ba-504e-9fcd-83524281ca97"",""owner_native_state"":""exact_evidence"",""payload"":{""concept_relation_inferred"":false,""evidence"":{""assertion_method"":""source_topology"",""confidence"":""exact"",""native_relation_id"":""urn:uuid:51d78950-066f-5035-84c2-052ee5ee97b5"",""source_locator"":""full authority XInclude/element topology""},""from_endpoint"":{""native_id"":""urn:uuid:492faccc-1a07-59a0-9cca-8c08a93d1130"",""projected_id"":""urn:uuid:89df1db7-700f-5a34-98af-1c674273518d""},""relation_type"":""contains"",""strength"":""hard"",""to_endpoint"":{""native_id"":""urn:uuid:e8018399-ba3c-526d-8bd8-32d37971508a"",""projected_id"":""urn:uuid:c5376aae-5491-534f-8c45-d44686fc5830""}},""record_type"":""relation"",""recorded_at"":""2026-08-30T00:00:00Z"",""semantic_key"":""b10:dmoi4:relation:urn:uuid:51d78950-066f-5035-84c2-052ee5ee97b5""}"
urn:uuid:e671ac5f-3418-5efa-a8d8-2e37812dc66c,relation,"{""dataset_id"":""urn:uuid:6090fc4b-b34d-5cff-8f65-acaa06ddd1fc"",""id"":""urn:uuid:e671ac5f-3418-5efa-a8d8-2e37812dc66c"",""normalized_state"":""validated"",""owner_authority_id"":""urn:uuid:4dea4d1d-09ba-504e-9fcd-83524281ca97"",""owner_native_state"":""exact_evidence"",""payload"":{""concept_relation_inferred"":false,""evidence"":{""assertion_method"":""source_topology"",""confidence"":""exact"",""native_relation_id"":""urn:uuid:e24b58d7-c2a2-5204-b641-c6cad080adf2"",""source_locator"":""full authority XInclude/element topology""},""from_endpoint"":{""native_id"":""urn:uuid:6027100c-f10c-5ac9-906e-e3bdcb6de257"",""projected_id"":""urn:uuid:1bcf267e-6f4d-5bb8-b137-61b6bfb87a16""},""relation_type"":""contains"",""strength"":""hard"",""to_endpoint"":{""native_id"":""urn:uuid:099de06e-dd3d-5711-ba9e-5edc11026831"",""projected_id"":""urn:uuid:dd923b91-846f-5016-8764-37b6c2a9fe60""}},""record_type"":""relation"",""recorded_at"":""2026-08-30T00:00:00Z"",""semantic_key"":""b10:dmoi4:relation:urn:uuid:e24b58d7-c2a2-5204-b641-c6cad080adf2""}"
urn:uuid:524a84ae-8273-589e-9d95-022f85072dac,relation,"{""dataset_id"":""urn:uuid:6090fc4b-b34d-5cff-8f65-acaa06ddd1fc"",""id"":""urn:uuid:524a84ae-8273-589e-9d95-022f85072dac"",""normalized_state"":""validated"",""owner_authority_id"":""urn:uuid:4dea4d1d-09ba-504e-9fcd-83524281ca97"",""owner_native_state"":""exact_evidence"",""payload"":{""concept_relation_inferred"":false,""evidence"":{""assertion_method"":""source_topology"",""confidence"":""exact"",""native_relation_id"":""urn:uuid:f4caebae-9fda-52d7-aa56-e9b1d36f6338"",""source_locator"":""full authority XInclude/element topology""},""from_endpoint"":{""native_id"":""urn:uuid:6027100c-f10c-5ac9-906e-e3bdcb6de257"",""projected_id"":""urn:uuid:1bcf267e-6f4d-5bb8-b137-61b6bfb87a16""},""relation_type"":""contains"",""strength"":""hard"",""to_endpoint"":{""native_id"":""urn:uuid:3baa871b-1567-542a-a737-6c7929d86e50"",""projected_id"":""urn:uuid:f8e22a2d-68e2-5902-8b8f-e8d6c03edea0""}},""record_type"":""relation"",""recorded_at"":""2026-08-30T00:00:00Z"",""semantic_key"":""b10:dmoi4:relation:urn:uuid:f4caebae-9fda-52d7-aa56-e9b1d36f6338""}"
urn:uuid:ab622e4e-41fc-558e-9a9d-6910a1687bf6,relation,"{""dataset_id"":""urn:uuid:6090fc4b-b34d-5cff-8f65-acaa06ddd1fc"",""id"":""urn:uuid:ab622e4e-41fc-558e-9a9d-6910a1687bf6"",""normalized_state"":""validated"",""owner_authority_id"":""urn:uuid:4dea4d1d-09ba-504e-9fcd-83524281ca97"",""owner_native_state"":""exact_evidence"",""payload"":{""concept_relation_inferred"":false,""evidence"":{""assertion_method"":""source_topology"",""confidence"":""exact"",""native_relation_id"":""urn:uuid:c17dc2f7-d4a3-5ce8-aae3-8ef64e3d3c7c"",""source_locator"":""full authority XInclude/element topology""},""from_endpoint"":{""native_id"":""urn:uuid:6027100c-f10c-5ac9-906e-e3bdcb6de257"",""projected_id"":""urn:uuid:1bcf267e-6f4d-5bb8-b137-61b6bfb87a16""},""relation_type"":""contains"",""strength"":""hard"",""to_endpoint"":{""native_id"":""urn:uuid:44d6530d-226d-5d56-a3e0-2f0534534958"",""projected_id"":""urn:uuid:7309e993-9633-5f8c-9a5e-fd451f825ebd""}},""record_type"":""relation"",""recorded_at"":""2026-08-30T00:00:00Z"",""semantic_key"":""b10:dmoi4:relation:urn:uuid:c17dc2f7-d4a3-5ce8-aae3-8ef64e3d3c7c""}"
urn:uuid:595a7243-a706-532a-be26-a3afae4f8690,relation,"{""dataset_id"":""urn:uuid:6090fc4b-b34d-5cff-8f65-acaa06ddd1fc"",""id"":""urn:uuid:595a7243-a706-532a-be26-a3afae4f8690"",""normalized_state"":""validated"",""owner_authority_id"":""urn:uuid:4dea4d1d-09ba-504e-9fcd-83524281ca97"",""owner_native_state"":""exact_evidence"",""payload"":{""concept_relation_inferred"":false,""evidence"":{""assertion_method"":""source_topology"",""confidence"":""exact"",""native_relation_id"":""urn:uuid:497980c8-a172-5f43-8d5b-cf3b561a289f"",""source_locator"":""full authority XInclude/element topology""},""from_endpoint"":{""native_id"":""urn:uuid:6027100c-f10c-5ac9-906e-e3bdcb6de257"",""projected_id"":""urn:uuid:1bcf267e-6f4d-5bb8-b137-61b6bfb87a16""},""relation_type"":""contains"",""strength"":""hard"",""to_endpoint"":{""native_id"":""urn:uuid:48ca9331-78e7-58b7-807f-92a5fa0d9a58"",""projected_id"":""urn:uuid:4b31ff65-b43f-568d-8b6d-e9eec5fd7d3f""}},""record_type"":""relation"",""recorded_at"":""2026-08-30T00:00:00Z"",""semantic_key"":""b10:dmoi4:relation:urn:uuid:497980c8-a172-5f43-8d5b-cf3b561a289f""}"
urn:uuid:93cda6a6-85c5-5c14-8e06-7d59e066d94d,relation,"{""dataset_id"":""urn:uuid:6090fc4b-b34d-5cff-8f65-acaa06ddd1fc"",""id"":""urn:uuid:93cda6a6-85c5-5c14-8e06-7d59e066d94d"",""normalized_state"":""validated"",""owner_authority_id"":""urn:uuid:4dea4d1d-09ba-504e-9fcd-83524281ca97"",""owner_native_state"":""exact_evidence"",""payload"":{""concept_relation_inferred"":false,""evidence"":{""assertion_method"":""source_topology"",""confidence"":""exact"",""native_relation_id"":""urn:uuid:5214332c-2b9f-585d-a7fc-7eeee75f7fca"",""source_locator"":""full authority XInclude/element topology""},""from_endpoint"":{""native_id"":""urn:uuid:64c227a4-1910-5e86-83b7-f0d47ca13f5f"",""projected_id"":""urn:uuid:3719f407-3958-5213-8408-baade6dd0bdd""},""relation_type"":""contains"",""strength"":""hard"",""to_endpoint"":{""native_id"":""urn:uuid:04ec8099-78a5-58ca-b8e7-bb113bb2020a"",""projected_id"":""urn:uuid:1a61f843-766b-5ab0-8caa-7ad6f75f241d""}},""record_type"":""relation"",""recorded_at"":""2026-08-30T00:00:00Z"",""semantic_key"":""b10:dmoi4:relation:urn:uuid:5214332c-2b9f-585d-a7fc-7eeee75f7fca""}"
urn:uuid:137a9f0a-4c07-5d69-b0e2-d6c7dca6e9b8,relation,"{""dataset_id"":""urn:uuid:6090fc4b-b34d-5cff-8f65-acaa06ddd1fc"",""id"":""urn:uuid:137a9f0a-4c07-5d69-b0e2-d6c7dca6e9b8"",""normalized_state"":""validated"",""owner_authority_id"":""urn:uuid:4dea4d1d-09ba-504e-9fcd-83524281ca97"",""owner_native_state"":""exact_evidence"",""payload"":{""concept_relation_inferred"":false,""evidence"":{""assertion_method"":""source_topology"",""confidence"":""exact"",""native_relation_id"":""urn:uuid:123ae1c9-f008-5eb2-bd02-4ab300520085"",""source_locator"":""full authority XInclude/element topology""},""from_endpoint"":{""native_id"":""urn:uuid:64c227a4-1910-5e86-83b7-f0d47ca13f5f"",""projected_id"":""urn:uuid:3719f407-3958-5213-8408-baade6dd0bdd""},""relation_type"":""contains"",""strength"":""hard"",""to_endpoint"":{""native_id"":""urn:uuid:1e7d9dc7-fc2c-5cfd-8bb5-859955d9c31b"",""projected_id"":""urn:uuid:a4e55f0c-9890-56e8-925c-065677424cfa""}},""record_type"":""relation"",""recorded_at"":""2026-08-30T00:00:00Z"",""semantic_key"":""b10:dmoi4:relation:urn:uuid:123ae1c9-f008-5eb2-bd02-4ab300520085""}"
urn:uuid:ded94fc9-7228-526d-af4d-fdfdf1d598c0,relation,"{""dataset_id"":""urn:uuid:6090fc4b-b34d-5cff-8f65-acaa06ddd1fc"",""id"":""urn:uuid:ded94fc9-7228-526d-af4d-fdfdf1d598c0"",""normalized_state"":""validated"",""owner_authority_id"":""urn:uuid:4dea4d1d-09ba-504e-9fcd-83524281ca97"",""owner_native_state"":""exact_evidence"",""payload"":{""concept_relation_inferred"":false,""evidence"":{""assertion_method"":""source_topology"",""confidence"":""exact"",""native_relation_id"":""urn:uuid:40c20bda-a132-5ba4-bd16-a2fbe28381a8"",""source_locator"":""full authority XInclude/element topology""},""from_endpoint"":{""native_id"":""urn:uuid:64c227a4-1910-5e86-83b7-f0d47ca13f5f"",""projected_id"":""urn:uuid:3719f407-3958-5213-8408-baade6dd0bdd""},""relation_type"":""contains"",""strength"":""hard"",""to_endpoint"":{""native_id"":""urn:uuid:3832a877-42f8-5dbc-8ab2-c1c17e5e38e5"",""projected_id"":""urn:uuid:b7a0541f-4f3d-5f21-a26e-7dbcd2f5c814""}},""record_type"":""relation"",""recorded_at"":""2026-08-30T00:00:00Z"",""semantic_key"":""b10:dmoi4:relation:urn:uuid:40c20bda-a132-5ba4-bd16-a2fbe28381a8""}"
urn:uuid:8c81edd4-4a53-5dd1-b921-d57bf10a592d,relation,"{""dataset_id"":""urn:uuid:6090fc4b-b34d-5cff-8f65-acaa06ddd1fc"",""id"":""urn:uuid:8c81edd4-4a53-5dd1-b921-d57bf10a592d"",""normalized_state"":""validated"",""owner_authority_id"":""urn:uuid:4dea4d1d-09ba-504e-9fcd-83524281ca97"",""owner_native_state"":""exact_evidence"",""payload"":{""concept_relation_inferred"":false,""evidence"":{""assertion_method"":""source_topology"",""confidence"":""exact"",""native_relation_id"":""urn:uuid:def331e3-73f8-5dd5-aad5-09eafe5d08bb"",""source_locator"":""full authority XInclude/element topology""},""from_endpoint"":{""native_id"":""urn:uuid:64c227a4-1910-5e86-83b7-f0d47ca13f5f"",""projected_id"":""urn:uuid:3719f407-3958-5213-8408-baade6dd0bdd""},""relation_type"":""contains"",""strength"":""hard"",""to_endpoint"":{""native_id"":""urn:uuid:492faccc-1a07-59a0-9cca-8c08a93d1130"",""projected_id"":""urn:uuid:89df1db7-700f-5a34-98af-1c674273518d""}},""record_type"":""relation"",""recorded_at"":""2026-08-30T00:00:00Z"",""semantic_key"":""b10:dmoi4:relation:urn:uuid:def331e3-73f8-5dd5-aad5-09eafe5d08bb""}"
urn:uuid:69372aee-94dd-59ce-bedc-a9699effcb65,relation,"{""dataset_id"":""urn:uuid:6090fc4b-b34d-5cff-8f65-acaa06ddd1fc"",""id"":""urn:uuid:69372aee-94dd-59ce-bedc-a9699effcb65"",""normalized_state"":""validated"",""owner_authority_id"":""urn:uuid:4dea4d1d-09ba-504e-9fcd-83524281ca97"",""owner_native_state"":""exact_evidence"",""payload"":{""concept_relation_inferred"":false,""evidence"":{""assertion_method"":""source_topology"",""confidence"":""exact"",""native_relation_id"":""urn:uuid:f30b2895-c735-5d90-8b2d-c80b6fe91721"",""source_locator"":""full authority XInclude/element topology""},""from_endpoint"":{""native_id"":""urn:uuid:64c227a4-1910-5e86-83b7-f0d47ca13f5f"",""projected_id"":""urn:uuid:3719f407-3958-5213-8408-baade6dd0bdd""},""relation_type"":""contains"",""strength"":""hard"",""to_endpoint"":{""native_id"":""urn:uuid:6027100c-f10c-5ac9-906e-e3bdcb6de257"",""projected_id"":""urn:uuid:1bcf267e-6f4d-5bb8-b137-61b6bfb87a16""}},""record_type"":""relation"",""recorded_at"":""2026-08-30T00:00:00Z"",""semantic_key"":""b10:dmoi4:relation:urn:uuid:f30b2895-c735-5d90-8b2d-c80b6fe91721""}"
urn:uuid:4c8e4703-1f47-58d1-8e13-736c18acbf69,relation,"{""dataset_id"":""urn:uuid:6090fc4b-b34d-5cff-8f65-acaa06ddd1fc"",""id"":""urn:uuid:4c8e4703-1f47-58d1-8e13-736c18acbf69"",""normalized_state"":""validated"",""owner_authority_id"":""urn:uuid:4dea4d1d-09ba-504e-9fcd-83524281ca97"",""owner_native_state"":""exact_evidence"",""payload"":{""concept_relation_inferred"":false,""evidence"":{""assertion_method"":""source_topology"",""confidence"":""exact"",""native_relation_id"":""urn:uuid:9c949cf2-67f0-536d-9dc2-edc74fe2d808"",""source_locator"":""full authority XInclude/element topology""},""from_endpoint"":{""native_id"":""urn:uuid:64c227a4-1910-5e86-83b7-f0d47ca13f5f"",""projected_id"":""urn:uuid:3719f407-3958-5213-8408-baade6dd0bdd""},""relation_type"":""contains"",""strength"":""hard"",""to_endpoint"":{""native_id"":""urn:uuid:6de6368b-daa0-5d8b-a333-621b4b895de9"",""projected_id"":""urn:uuid:d132fda4-0376-5db7-bf0a-0d00e208a1fe""}},""record_type"":""relation"",""recorded_at"":""2026-08-30T00:00:00Z"",""semantic_key"":""b10:dmoi4:relation:urn:uuid:9c949cf2-67f0-536d-9dc2-edc74fe2d808""}"
urn:uuid:d66ffe27-64e1-5688-b62a-605a48e52485,relation,"{""dataset_id"":""urn:uuid:6090fc4b-b34d-5cff-8f65-acaa06ddd1fc"",""id"":""urn:uuid:d66ffe27-64e1-5688-b62a-605a48e52485"",""normalized_state"":""validated"",""owner_authority_id"":""urn:uuid:4dea4d1d-09ba-504e-9fcd-83524281ca97"",""owner_native_state"":""exact_evidence"",""payload"":{""concept_relation_inferred"":false,""evidence"":{""assertion_method"":""source_topology"",""confidence"":""exact"",""native_relation_id"":""urn:uuid:a1a7882c-249c-5136-a972-279c68fd5c1d"",""source_locator"":""full authority XInclude/element topology""},""from_endpoint"":{""native_id"":""urn:uuid:64c227a4-1910-5e86-83b7-f0d47ca13f5f"",""projected_id"":""urn:uuid:3719f407-3958-5213-8408-baade6dd0bdd""},""relation_type"":""contains"",""strength"":""hard"",""to_endpoint"":{""native_id"":""urn:uuid:84a0b4ee-3d47-548f-9073-51c24cf75ed0"",""projected_id"":""urn:uuid:a29013a5-e291-515c-96a1-17e7b18db95f""}},""record_type"":""relation"",""recorded_at"":""2026-08-30T00:00:00Z"",""semantic_key"":""b10:dmoi4:relation:urn:uuid:a1a7882c-249c-5136-a972-279c68fd5c1d""}"
urn:uuid:139feeec-e588-55bb-8890-09d2544ab1ec,relation,"{""dataset_id"":""urn:uuid:6090fc4b-b34d-5cff-8f65-acaa06ddd1fc"",""id"":""urn:uuid:139feeec-e588-55bb-8890-09d2544ab1ec"",""normalized_state"":""validated"",""owner_authority_id"":""urn:uuid:4dea4d1d-09ba-504e-9fcd-83524281ca97"",""owner_native_state"":""exact_evidence"",""payload"":{""concept_relation_inferred"":false,""evidence"":{""assertion_method"":""source_topology"",""confidence"":""exact"",""native_relation_id"":""urn:uuid:d28ad6d0-e008-51c2-a6bf-adb1bebac0b9"",""source_locator"":""full authority XInclude/element topology""},""from_endpoint"":{""native_id"":""urn:uuid:64c227a4-1910-5e86-83b7-f0d47ca13f5f"",""projected_id"":""urn:uuid:3719f407-3958-5213-8408-baade6dd0bdd""},""relation_type"":""contains"",""strength"":""hard"",""to_endpoint"":{""native_id"":""urn:uuid:f129b20d-a414-59f9-92ac-edbce3cf021d"",""projected_id"":""urn:uuid:f382f851-55e1-5533-8113-fcc9ad23bfef""}},""record_type"":""relation"",""recorded_at"":""2026-08-30T00:00:00Z"",""semantic_key"":""b10:dmoi4:relation:urn:uuid:d28ad6d0-e008-51c2-a6bf-adb1bebac0b9""}"
urn:uuid:2d44d01b-4f0e-5207-87fe-b6205fb1f95f,relation,"{""dataset_id"":""urn:uuid:6090fc4b-b34d-5cff-8f65-acaa06ddd1fc"",""id"":""urn:uuid:2d44d01b-4f0e-5207-87fe-b6205fb1f95f"",""normalized_state"":""validated"",""owner_authority_id"":""urn:uuid:4dea4d1d-09ba-504e-9fcd-83524281ca97"",""owner_native_state"":""exact_evidence"",""payload"":{""concept_relation_inferred"":false,""evidence"":{""assertion_method"":""source_topology"",""confidence"":""exact"",""native_relation_id"":""urn:uuid:69820fca-5026-5431-94ba-0d5223f845cf"",""source_locator"":""full authority XInclude/element topology""},""from_endpoint"":{""native_id"":""urn:uuid:64c227a4-1910-5e86-83b7-f0d47ca13f5f"",""projected_id"":""urn:uuid:3719f407-3958-5213-8408-baade6dd0bdd""},""relation_type"":""contains"",""strength"":""hard"",""to_endpoint"":{""native_id"":""urn:uuid:f770965c-ec0e-591d-93ef-5236a2c54282"",""projected_id"":""urn:uuid:31fa84f6-0db0-5c7a-a050-ef281d7965df""}},""record_type"":""relation"",""recorded_at"":""2026-08-30T00:00:00Z"",""semantic_key"":""b10:dmoi4:relation:urn:uuid:69820fca-5026-5431-94ba-0d5223f845cf""}"
urn:uuid:17e38925-976f-5e9a-acca-666febb774a1,relation,"{""dataset_id"":""urn:uuid:6090fc4b-b34d-5cff-8f65-acaa06ddd1fc"",""id"":""urn:uuid:17e38925-976f-5e9a-acca-666febb774a1"",""normalized_state"":""validated"",""owner_authority_id"":""urn:uuid:4dea4d1d-09ba-504e-9fcd-83524281ca97"",""owner_native_state"":""exact_evidence"",""payload"":{""concept_relation_inferred"":false,""evidence"":{""assertion_method"":""source_topology"",""confidence"":""exact"",""native_relation_id"":""urn:uuid:d0b3ab47-886a-5b7e-89f0-8b21815a4365"",""source_locator"":""full authority XInclude/element topology""},""from_endpoint"":{""native_id"":""urn:uuid:6dce5df1-0284-5bd3-9f84-ff7c1d3bd160"",""projected_id"":""urn:uuid:db2274e9-5e6e-5f0e-a31e-dc3ee3cb1781""},""relation_type"":""contains"",""strength"":""hard"",""to_endpoint"":{""native_id"":""urn:uuid:466c2d34-ecc3-5c6e-88e9-302ebb85caf5"",""projected_id"":""urn:uuid:fd2f272f-0cf2-54ea-b704-434a3efa8295""}},""record_type"":""relation"",""recorded_at"":""2026-08-30T00:00:00Z"",""semantic_key"":""b10:dmoi4:relation:urn:uuid:d0b3ab47-886a-5b7e-89f0-8b21815a4365""}"
urn:uuid:d9c857a3-516e-584f-92f3-c57a84c837b5,relation,"{""dataset_id"":""urn:uuid:6090fc4b-b34d-5cff-8f65-acaa06ddd1fc"",""id"":""urn:uuid:d9c857a3-516e-584f-92f3-c57a84c837b5"",""normalized_state"":""validated"",""owner_authority_id"":""urn:uuid:4dea4d1d-09ba-504e-9fcd-83524281ca97"",""owner_native_state"":""exact_evidence"",""payload"":{""concept_relation_inferred"":false,""evidence"":{""assertion_method"":""source_topology"",""confidence"":""exact"",""native_relation_id"":""urn:uuid:b7891908-2185-5d9f-8de8-a8c26b3939fc"",""source_locator"":""full authority XInclude/element topology""},""from_endpoint"":{""native_id"":""urn:uuid:6dce5df1-0284-5bd3-9f84-ff7c1d3bd160"",""projected_id"":""urn:uuid:db2274e9-5e6e-5f0e-a31e-dc3ee3cb1781""},""relation_type"":""contains"",""strength"":""hard"",""to_endpoint"":{""native_id"":""urn:uuid:8c18cd9d-a5a6-5772-8315-776ec2ed52a9"",""projected_id"":""urn:uuid:24352e6b-98b1-52d4-b244-45f32eb56d39""}},""record_type"":""relation"",""recorded_at"":""2026-08-30T00:00:00Z"",""semantic_key"":""b10:dmoi4:relation:urn:uuid:b7891908-2185-5d9f-8de8-a8c26b3939fc""}"
urn:uuid:3e83226d-c3d3-5feb-81ae-7cfafe8d3ddf,relation,"{""dataset_id"":""urn:uuid:6090fc4b-b34d-5cff-8f65-acaa06ddd1fc"",""id"":""urn:uuid:3e83226d-c3d3-5feb-81ae-7cfafe8d3ddf"",""normalized_state"":""validated"",""owner_authority_id"":""urn:uuid:4dea4d1d-09ba-504e-9fcd-83524281ca97"",""owner_native_state"":""exact_evidence"",""payload"":{""concept_relation_inferred"":false,""evidence"":{""assertion_method"":""source_topology"",""confidence"":""exact"",""native_relation_id"":""urn:uuid:37847367-ec2c-55e5-b589-75a4395ddc3e"",""source_locator"":""full authority XInclude/element topology""},""from_endpoint"":{""native_id"":""urn:uuid:6dce5df1-0284-5bd3-9f84-ff7c1d3bd160"",""projected_id"":""urn:uuid:db2274e9-5e6e-5f0e-a31e-dc3ee3cb1781""},""relation_type"":""contains"",""strength"":""hard"",""to_endpoint"":{""native_id"":""urn:uuid:b0680aba-e863-5693-acb7-2cefd7835884"",""projected_id"":""urn:uuid:e004deeb-7315-52c4-8a44-39f3326af20f""}},""record_type"":""relation"",""recorded_at"":""2026-08-30T00:00:00Z"",""semantic_key"":""b10:dmoi4:relation:urn:uuid:37847367-ec2c-55e5-b589-75a4395ddc3e""}"
urn:uuid:0708179d-bcd8-57a8-ae6b-3278c4321ae9,relation,"{""dataset_id"":""urn:uuid:6090fc4b-b34d-5cff-8f65-acaa06ddd1fc"",""id"":""urn:uuid:0708179d-bcd8-57a8-ae6b-3278c4321ae9"",""normalized_state"":""validated"",""owner_authority_id"":""urn:uuid:4dea4d1d-09ba-504e-9fcd-83524281ca97"",""owner_native_state"":""exact_evidence"",""payload"":{""concept_relation_inferred"":false,""evidence"":{""assertion_method"":""source_topology"",""confidence"":""exact"",""native_relation_id"":""urn:uuid:1722a9da-1520-506b-ba7e-707460d9c84c"",""source_locator"":""full authority XInclude/element topology""},""from_endpoint"":{""native_id"":""urn:uuid:6dce5df1-0284-5bd3-9f84-ff7c1d3bd160"",""projected_id"":""urn:uuid:db2274e9-5e6e-5f0e-a31e-dc3ee3cb1781""},""relation_type"":""contains"",""strength"":""hard"",""to_endpoint"":{""native_id"":""urn:uuid:f50eed74-ff89-506b-b0ca-87874c3d8511"",""projected_id"":""urn:uuid:3ec1885a-2ac5-567a-b9f3-e5627c1f665a""}},""record_type"":""relation"",""recorded_at"":""2026-08-30T00:00:00Z"",""semantic_key"":""b10:dmoi4:relation:urn:uuid:1722a9da-1520-506b-ba7e-707460d9c84c""}"
urn:uuid:1fa6ffe5-a785-5a09-8e0f-3449a0984e88,relation,"{""dataset_id"":""urn:uuid:6090fc4b-b34d-5cff-8f65-acaa06ddd1fc"",""id"":""urn:uuid:1fa6ffe5-a785-5a09-8e0f-3449a0984e88"",""normalized_state"":""validated"",""owner_authority_id"":""urn:uuid:4dea4d1d-09ba-504e-9fcd-83524281ca97"",""owner_native_state"":""exact_evidence"",""payload"":{""concept_relation_inferred"":false,""evidence"":{""assertion_method"":""source_topology"",""confidence"":""exact"",""native_relation_id"":""urn:uuid:3da030c1-8455-5d87-96ed-ba0185d9d35a"",""source_locator"":""full authority XInclude/element topology""},""from_endpoint"":{""native_id"":""urn:uuid:6dce5df1-0284-5bd3-9f84-ff7c1d3bd160"",""projected_id"":""urn:uuid:db2274e9-5e6e-5f0e-a31e-dc3ee3cb1781""},""relation_type"":""contains"",""strength"":""hard"",""to_endpoint"":{""native_id"":""urn:uuid:fe8fd25e-cfb7-5cf6-aff8-40a84aa8ee21"",""projected_id"":""urn:uuid:a3807c03-68f4-586c-a5d0-2d46f559e865""}},""record_type"":""relation"",""recorded_at"":""2026-08-30T00:00:00Z"",""semantic_key"":""b10:dmoi4:relation:urn:uuid:3da030c1-8455-5d87-96ed-ba0185d9d35a""}"
urn:uuid:ae8e3d50-9970-55bb-b459-e31ea6d61bfb,relation,"{""dataset_id"":""urn:uuid:6090fc4b-b34d-5cff-8f65-acaa06ddd1fc"",""id"":""urn:uuid:ae8e3d50-9970-55bb-b459-e31ea6d61bfb"",""normalized_state"":""validated"",""owner_authority_id"":""urn:uuid:4dea4d1d-09ba-504e-9fcd-83524281ca97"",""owner_native_state"":""exact_evidence"",""payload"":{""concept_relation_inferred"":false,""evidence"":{""assertion_method"":""source_topology"",""confidence"":""exact"",""native_relation_id"":""urn:uuid:877f24cc-748d-5ea3-8905-6b08246ea7ac"",""source_locator"":""full authority XInclude/element topology""},""from_endpoint"":{""native_id"":""urn:uuid:6de6368b-daa0-5d8b-a333-621b4b895de9"",""projected_id"":""urn:uuid:d132fda4-0376-5db7-bf0a-0d00e208a1fe""},""relation_type"":""contains"",""strength"":""hard"",""to_endpoint"":{""native_id"":""urn:uuid:cb633525-6d22-50b7-8c9f-08212a6a385d"",""projected_id"":""urn:uuid:ca095221-9ae4-59c4-bc19-150159773e4e""}},""record_type"":""relation"",""recorded_at"":""2026-08-30T00:00:00Z"",""semantic_key"":""b10:dmoi4:relation:urn:uuid:877f24cc-748d-5ea3-8905-6b08246ea7ac""}"
urn:uuid:051b677d-1dbc-5880-ab9c-9e912245f95d,relation,"{""dataset_id"":""urn:uuid:6090fc4b-b34d-5cff-8f65-acaa06ddd1fc"",""id"":""urn:uuid:051b677d-1dbc-5880-ab9c-9e912245f95d"",""normalized_state"":""validated"",""owner_authority_id"":""urn:uuid:4dea4d1d-09ba-504e-9fcd-83524281ca97"",""owner_native_state"":""exact_evidence"",""payload"":{""concept_relation_inferred"":false,""evidence"":{""assertion_method"":""source_topology"",""confidence"":""exact"",""native_relation_id"":""urn:uuid:e28249d1-025c-5a73-a01e-f41e762f4a79"",""source_locator"":""full authority XInclude/element topology""},""from_endpoint"":{""native_id"":""urn:uuid:6de6368b-daa0-5d8b-a333-621b4b895de9"",""projected_id"":""urn:uuid:d132fda4-0376-5db7-bf0a-0d00e208a1fe""},""relation_type"":""contains"",""strength"":""hard"",""to_endpoint"":{""native_id"":""urn:uuid:e755d292-569a-5b8a-b42b-6cf0582af31a"",""projected_id"":""urn:uuid:bcbd642d-8940-5d7a-9ebc-62747bd1f024""}},""record_type"":""relation"",""recorded_at"":""2026-08-30T00:00:00Z"",""semantic_key"":""b10:dmoi4:relation:urn:uuid:e28249d1-025c-5a73-a01e-f41e762f4a79""}"
urn:uuid:43000995-65f2-5fae-9b54-44a03886495f,relation,"{""dataset_id"":""urn:uuid:6090fc4b-b34d-5cff-8f65-acaa06ddd1fc"",""id"":""urn:uuid:43000995-65f2-5fae-9b54-44a03886495f"",""normalized_state"":""validated"",""owner_authority_id"":""urn:uuid:4dea4d1d-09ba-504e-9fcd-83524281ca97"",""owner_native_state"":""exact_evidence"",""payload"":{""concept_relation_inferred"":false,""evidence"":{""assertion_method"":""source_topology"",""confidence"":""exact"",""native_relation_id"":""urn:uuid:76676527-221d-5ed4-9b59-bb7114abc862"",""source_locator"":""full authority XInclude/element topology""},""from_endpoint"":{""native_id"":""urn:uuid:6de6368b-daa0-5d8b-a333-621b4b895de9"",""projected_id"":""urn:uuid:d132fda4-0376-5db7-bf0a-0d00e208a1fe""},""relation_type"":""contains"",""strength"":""hard"",""to_endpoint"":{""native_id"":""urn:uuid:eb099a6c-34f6-51cc-a20c-42a915f8036d"",""projected_id"":""urn:uuid:86ef125b-a234-572c-98d6-90e28de9546c""}},""record_type"":""relation"",""recorded_at"":""2026-08-30T00:00:00Z"",""semantic_key"":""b10:dmoi4:relation:urn:uuid:76676527-221d-5ed4-9b59-bb7114abc862""}"
urn:uuid:43dbf8cb-6164-5536-9067-5501372f34f9,relation,"{""dataset_id"":""urn:uuid:6090fc4b-b34d-5cff-8f65-acaa06ddd1fc"",""id"":""urn:uuid:43dbf8cb-6164-5536-9067-5501372f34f9"",""normalized_state"":""validated"",""owner_authority_id"":""urn:uuid:4dea4d1d-09ba-504e-9fcd-83524281ca97"",""owner_native_state"":""exact_evidence"",""payload"":{""concept_relation_inferred"":false,""evidence"":{""assertion_method"":""source_topology"",""confidence"":""exact"",""native_relation_id"":""urn:uuid:3bc4157b-d294-51c7-b8d0-e103de09efdf"",""source_locator"":""full authority XInclude/element topology""},""from_endpoint"":{""native_id"":""urn:uuid:75565ac0-0188-5e97-9b71-0fe965d8f204"",""projected_id"":""urn:uuid:9f397d4d-f919-53af-9ee7-14d6ed96a5b1""},""relation_type"":""contains"",""strength"":""hard"",""to_endpoint"":{""native_id"":""urn:uuid:1097d4b3-80a2-5df0-84f7-e3b1ab75e4be"",""projected_id"":""urn:uuid:381a8881-37e6-524c-a408-553697603f3c""}},""record_type"":""relation"",""recorded_at"":""2026-08-30T00:00:00Z"",""semantic_key"":""b10:dmoi4:relation:urn:uuid:3bc4157b-d294-51c7-b8d0-e103de09efdf""}"
urn:uuid:435a1502-148c-5704-bedb-2b39388826db,relation,"{""dataset_id"":""urn:uuid:6090fc4b-b34d-5cff-8f65-acaa06ddd1fc"",""id"":""urn:uuid:435a1502-148c-5704-bedb-2b39388826db"",""normalized_state"":""validated"",""owner_authority_id"":""urn:uuid:4dea4d1d-09ba-504e-9fcd-83524281ca97"",""owner_native_state"":""exact_evidence"",""payload"":{""concept_relation_inferred"":false,""evidence"":{""assertion_method"":""source_topology"",""confidence"":""exact"",""native_relation_id"":""urn:uuid:25f4e593-b9d6-59d0-a7af-a3a0555c4bc7"",""source_locator"":""full authority XInclude/element topology""},""from_endpoint"":{""native_id"":""urn:uuid:75565ac0-0188-5e97-9b71-0fe965d8f204"",""projected_id"":""urn:uuid:9f397d4d-f919-53af-9ee7-14d6ed96a5b1""},""relation_type"":""contains"",""strength"":""hard"",""to_endpoint"":{""native_id"":""urn:uuid:678d2c32-d7bd-5cb3-a2c1-24e1748a821d"",""projected_id"":""urn:uuid:13df02c2-6879-50f3-9437-c523619594ae""}},""record_type"":""relation"",""recorded_at"":""2026-08-30T00:00:00Z"",""semantic_key"":""b10:dmoi4:relation:urn:uuid:25f4e593-b9d6-59d0-a7af-a3a0555c4bc7""}"
urn:uuid:5f7002a9-9401-5220-911c-98084b3633e7,relation,"{""dataset_id"":""urn:uuid:6090fc4b-b34d-5cff-8f65-acaa06ddd1fc"",""id"":""urn:uuid:5f7002a9-9401-5220-911c-98084b3633e7"",""normalized_state"":""validated"",""owner_authority_id"":""urn:uuid:4dea4d1d-09ba-504e-9fcd-83524281ca97"",""owner_native_state"":""exact_evidence"",""payload"":{""concept_relation_inferred"":false,""evidence"":{""assertion_method"":""source_topology"",""confidence"":""exact"",""native_relation_id"":""urn:uuid:a3a0b8e6-04d7-5253-a65e-2ae71160dcc9"",""source_locator"":""full authority XInclude/element topology""},""from_endpoint"":{""native_id"":""urn:uuid:75565ac0-0188-5e97-9b71-0fe965d8f204"",""projected_id"":""urn:uuid:9f397d4d-f919-53af-9ee7-14d6ed96a5b1""},""relation_type"":""contains"",""strength"":""hard"",""to_endpoint"":{""native_id"":""urn:uuid:a59fa894-43a4-5162-a043-1d683bc7e52e"",""projected_id"":""urn:uuid:5996e8aa-17f7-597c-96ca-ba3e878f62b2""}},""record_type"":""relation"",""recorded_at"":""2026-08-30T00:00:00Z"",""semantic_key"":""b10:dmoi4:relation:urn:uuid:a3a0b8e6-04d7-5253-a65e-2ae71160dcc9""}"
urn:uuid:f5c38264-32b1-5426-b0d2-2a4bb6f97112,relation,"{""dataset_id"":""urn:uuid:6090fc4b-b34d-5cff-8f65-acaa06ddd1fc"",""id"":""urn:uuid:f5c38264-32b1-5426-b0d2-2a4bb6f97112"",""normalized_state"":""validated"",""owner_authority_id"":""urn:uuid:4dea4d1d-09ba-504e-9fcd-83524281ca97"",""owner_native_state"":""exact_evidence"",""payload"":{""concept_relation_inferred"":false,""evidence"":{""assertion_method"":""source_topology"",""confidence"":""exact"",""native_relation_id"":""urn:uuid:4c7d83f3-724a-58aa-9e7b-2bb3e646cb94"",""source_locator"":""full authority XInclude/element topology""},""from_endpoint"":{""native_id"":""urn:uuid:75565ac0-0188-5e97-9b71-0fe965d8f204"",""projected_id"":""urn:uuid:9f397d4d-f919-53af-9ee7-14d6ed96a5b1""},""relation_type"":""contains"",""strength"":""hard"",""to_endpoint"":{""native_id"":""urn:uuid:d0604aed-7823-5452-98e4-c842363ae352"",""projected_id"":""urn:uuid:fcbaa9a2-807c-5893-979b-cca4c7bfe544""}},""record_type"":""relation"",""recorded_at"":""2026-08-30T00:00:00Z"",""semantic_key"":""b10:dmoi4:relation:urn:uuid:4c7d83f3-724a-58aa-9e7b-2bb3e646cb94""}"
urn:uuid:7f961ee0-d8c4-5711-abe8-ad3b4372654d,relation,"{""dataset_id"":""urn:uuid:6090fc4b-b34d-5cff-8f65-acaa06ddd1fc"",""id"":""urn:uuid:7f961ee0-d8c4-5711-abe8-ad3b4372654d"",""normalized_state"":""validated"",""owner_authority_id"":""urn:uuid:4dea4d1d-09ba-504e-9fcd-83524281ca97"",""owner_native_state"":""exact_evidence"",""payload"":{""concept_relation_inferred"":false,""evidence"":{""assertion_method"":""source_topology"",""confidence"":""exact"",""native_relation_id"":""urn:uuid:ffbca6e8-eaa1-592e-8fbf-f653352d9a99"",""source_locator"":""full authority XInclude/element topology""},""from_endpoint"":{""native_id"":""urn:uuid:75565ac0-0188-5e97-9b71-0fe965d8f204"",""projected_id"":""urn:uuid:9f397d4d-f919-53af-9ee7-14d6ed96a5b1""},""relation_type"":""contains"",""strength"":""hard"",""to_endpoint"":{""native_id"":""urn:uuid:ee5e6c65-fb1e-505e-850a-fc1c241c0555"",""projected_id"":""urn:uuid:5f8d9d1b-bc2e-59ce-b1e3-5baf65adda90""}},""record_type"":""relation"",""recorded_at"":""2026-08-30T00:00:00Z"",""semantic_key"":""b10:dmoi4:relation:urn:uuid:ffbca6e8-eaa1-592e-8fbf-f653352d9a99""}"
urn:uuid:5c72e48c-584e-56e2-b61e-32230248ac9d,relation,"{""dataset_id"":""urn:uuid:6090fc4b-b34d-5cff-8f65-acaa06ddd1fc"",""id"":""urn:uuid:5c72e48c-584e-56e2-b61e-32230248ac9d"",""normalized_state"":""validated"",""owner_authority_id"":""urn:uuid:4dea4d1d-09ba-504e-9fcd-83524281ca97"",""owner_native_state"":""exact_evidence"",""payload"":{""concept_relation_inferred"":false,""evidence"":{""assertion_method"":""source_topology"",""confidence"":""exact"",""native_relation_id"":""urn:uuid:b4a89006-f8db-5736-8f70-eca486e5fe35"",""source_locator"":""full authority XInclude/element topology""},""from_endpoint"":{""native_id"":""urn:uuid:79eeab77-5bb4-5fa6-9caf-c557db59c6fa"",""projected_id"":""urn:uuid:3a930687-9aa8-5fde-9604-65533373297e""},""relation_type"":""contains"",""strength"":""hard"",""to_endpoint"":{""native_id"":""urn:uuid:93d01b92-048f-58dc-ac0a-78f14da1dfbb"",""projected_id"":""urn:uuid:dde75616-b238-5e25-b2fa-a2fe8d2849ca""}},""record_type"":""relation"",""recorded_at"":""2026-08-30T00:00:00Z"",""semantic_key"":""b10:dmoi4:relation:urn:uuid:b4a89006-f8db-5736-8f70-eca486e5fe35""}"
urn:uuid:e4be5dca-46ef-5704-810b-c8b779309a68,relation,"{""dataset_id"":""urn:uuid:6090fc4b-b34d-5cff-8f65-acaa06ddd1fc"",""id"":""urn:uuid:e4be5dca-46ef-5704-810b-c8b779309a68"",""normalized_state"":""validated"",""owner_authority_id"":""urn:uuid:4dea4d1d-09ba-504e-9fcd-83524281ca97"",""owner_native_state"":""exact_evidence"",""payload"":{""concept_relation_inferred"":false,""evidence"":{""assertion_method"":""source_topology"",""confidence"":""exact"",""native_relation_id"":""urn:uuid:7e9632b7-c713-5ac8-b7af-268c41923ec3"",""source_locator"":""full authority XInclude/element topology""},""from_endpoint"":{""native_id"":""urn:uuid:79eeab77-5bb4-5fa6-9caf-c557db59c6fa"",""projected_id"":""urn:uuid:3a930687-9aa8-5fde-9604-65533373297e""},""relation_type"":""contains"",""strength"":""hard"",""to_endpoint"":{""native_id"":""urn:uuid:9f7bd6a7-4d09-5676-b930-9ad711f5f6b0"",""projected_id"":""urn:uuid:6e475629-a6e7-5a71-a907-b8d8a87a8166""}},""record_type"":""relation"",""recorded_at"":""2026-08-30T00:00:00Z"",""semantic_key"":""b10:dmoi4:relation:urn:uuid:7e9632b7-c713-5ac8-b7af-268c41923ec3""}"
urn:uuid:351c928a-c5f0-5d74-a2df-479bc51cf77a,relation,"{""dataset_id"":""urn:uuid:6090fc4b-b34d-5cff-8f65-acaa06ddd1fc"",""id"":""urn:uuid:351c928a-c5f0-5d74-a2df-479bc51cf77a"",""normalized_state"":""validated"",""owner_authority_id"":""urn:uuid:4dea4d1d-09ba-504e-9fcd-83524281ca97"",""owner_native_state"":""exact_evidence"",""payload"":{""concept_relation_inferred"":false,""evidence"":{""assertion_method"":""source_topology"",""confidence"":""exact"",""native_relation_id"":""urn:uuid:2f887db3-d0e3-594b-af54-70ba067606e0"",""source_locator"":""full authority XInclude/element topology""},""from_endpoint"":{""native_id"":""urn:uuid:79eeab77-5bb4-5fa6-9caf-c557db59c6fa"",""projected_id"":""urn:uuid:3a930687-9aa8-5fde-9604-65533373297e""},""relation_type"":""contains"",""strength"":""hard"",""to_endpoint"":{""native_id"":""urn:uuid:a30dc040-96fe-5967-a3ff-b693a221d5c5"",""projected_id"":""urn:uuid:2ebd9f38-483c-52f0-8fc3-8e5d7b3f7571""}},""record_type"":""relation"",""recorded_at"":""2026-08-30T00:00:00Z"",""semantic_key"":""b10:dmoi4:relation:urn:uuid:2f887db3-d0e3-594b-af54-70ba067606e0""}"
urn:uuid:63f43c49-4f95-5bd6-9146-70e1fc931e9d,relation,"{""dataset_id"":""urn:uuid:6090fc4b-b34d-5cff-8f65-acaa06ddd1fc"",""id"":""urn:uuid:63f43c49-4f95-5bd6-9146-70e1fc931e9d"",""normalized_state"":""validated"",""owner_authority_id"":""urn:uuid:4dea4d1d-09ba-504e-9fcd-83524281ca97"",""owner_native_state"":""exact_evidence"",""payload"":{""concept_relation_inferred"":false,""evidence"":{""assertion_method"":""source_topology"",""confidence"":""exact"",""native_relation_id"":""urn:uuid:2c501639-6e52-5029-abfb-2cb89a15ba98"",""source_locator"":""full authority XInclude/element topology""},""from_endpoint"":{""native_id"":""urn:uuid:79eeab77-5bb4-5fa6-9caf-c557db59c6fa"",""projected_id"":""urn:uuid:3a930687-9aa8-5fde-9604-65533373297e""},""relation_type"":""contains"",""strength"":""hard"",""to_endpoint"":{""native_id"":""urn:uuid:cd24cab2-000e-53c3-b3f9-b0a983b274a3"",""projected_id"":""urn:uuid:f059f2be-85cf-5574-b208-29d26d91c977""}},""record_type"":""relation"",""recorded_at"":""2026-08-30T00:00:00Z"",""semantic_key"":""b10:dmoi4:relation:urn:uuid:2c501639-6e52-5029-abfb-2cb89a15ba98""}"
urn:uuid:8ccba998-6023-5f9e-9aab-2b6d16249b63,relation,"{""dataset_id"":""urn:uuid:6090fc4b-b34d-5cff-8f65-acaa06ddd1fc"",""id"":""urn:uuid:8ccba998-6023-5f9e-9aab-2b6d16249b63"",""normalized_state"":""validated"",""owner_authority_id"":""urn:uuid:4dea4d1d-09ba-504e-9fcd-83524281ca97"",""owner_native_state"":""exact_evidence"",""payload"":{""concept_relation_inferred"":false,""evidence"":{""assertion_method"":""source_topology"",""confidence"":""exact"",""native_relation_id"":""urn:uuid:307b92f1-1aed-5c78-9a1a-7382dbc366ec"",""source_locator"":""full authority XInclude/element topology""},""from_endpoint"":{""native_id"":""urn:uuid:80291bb6-7cae-5206-9598-3e72118fe953"",""projected_id"":""urn:uuid:a079177b-7456-507d-8721-fdcffd80266c""},""relation_type"":""contains"",""strength"":""hard"",""to_endpoint"":{""native_id"":""urn:uuid:1403aaf9-1256-5e6a-a7a4-ca40e3994cd6"",""projected_id"":""urn:uuid:7313fc36-7c13-59b0-b260-a3f2604d5526""}},""record_type"":""relation"",""recorded_at"":""2026-08-30T00:00:00Z"",""semantic_key"":""b10:dmoi4:relation:urn:uuid:307b92f1-1aed-5c78-9a1a-7382dbc366ec""}"
urn:uuid:f264ed8c-4ea5-552a-8733-ffceb2f2611a,relation,"{""dataset_id"":""urn:uuid:6090fc4b-b34d-5cff-8f65-acaa06ddd1fc"",""id"":""urn:uuid:f264ed8c-4ea5-552a-8733-ffceb2f2611a"",""normalized_state"":""validated"",""owner_authority_id"":""urn:uuid:4dea4d1d-09ba-504e-9fcd-83524281ca97"",""owner_native_state"":""exact_evidence"",""payload"":{""concept_relation_inferred"":false,""evidence"":{""assertion_method"":""source_topology"",""confidence"":""exact"",""native_relation_id"":""urn:uuid:f6c93570-49bb-5b1e-9aa5-5f010771dfdc"",""source_locator"":""full authority XInclude/element topology""},""from_endpoint"":{""native_id"":""urn:uuid:80291bb6-7cae-5206-9598-3e72118fe953"",""projected_id"":""urn:uuid:a079177b-7456-507d-8721-fdcffd80266c""},""relation_type"":""contains"",""strength"":""hard"",""to_endpoint"":{""native_id"":""urn:uuid:353b17ab-3e31-5ccb-8bcd-69d624fcb4e3"",""projected_id"":""urn:uuid:1b299e56-2f72-56d6-8993-a7731c9a8893""}},""record_type"":""relation"",""recorded_at"":""2026-08-30T00:00:00Z"",""semantic_key"":""b10:dmoi4:relation:urn:uuid:f6c93570-49bb-5b1e-9aa5-5f010771dfdc""}"
urn:uuid:f931bfa4-eb9f-55c8-9506-3c7b093b6d3d,relation,"{""dataset_id"":""urn:uuid:6090fc4b-b34d-5cff-8f65-acaa06ddd1fc"",""id"":""urn:uuid:f931bfa4-eb9f-55c8-9506-3c7b093b6d3d"",""normalized_state"":""validated"",""owner_authority_id"":""urn:uuid:4dea4d1d-09ba-504e-9fcd-83524281ca97"",""owner_native_state"":""exact_evidence"",""payload"":{""concept_relation_inferred"":false,""evidence"":{""assertion_method"":""source_topology"",""confidence"":""exact"",""native_relation_id"":""urn:uuid:0f1385b3-e74c-58bc-b040-db79b07120a2"",""source_locator"":""full authority XInclude/element topology""},""from_endpoint"":{""native_id"":""urn:uuid:80291bb6-7cae-5206-9598-3e72118fe953"",""projected_id"":""urn:uuid:a079177b-7456-507d-8721-fdcffd80266c""},""relation_type"":""contains"",""strength"":""hard"",""to_endpoint"":{""native_id"":""urn:uuid:354add4f-76f2-5559-b828-f07e1eb44de5"",""projected_id"":""urn:uuid:6f8d846f-393d-5d03-a38c-7d960b166a88""}},""record_type"":""relation"",""recorded_at"":""2026-08-30T00:00:00Z"",""semantic_key"":""b10:dmoi4:relation:urn:uuid:0f1385b3-e74c-58bc-b040-db79b07120a2""}"
urn:uuid:26169d8b-5db8-567a-bd82-87421f71e7bd,relation,"{""dataset_id"":""urn:uuid:6090fc4b-b34d-5cff-8f65-acaa06ddd1fc"",""id"":""urn:uuid:26169d8b-5db8-567a-bd82-87421f71e7bd"",""normalized_state"":""validated"",""owner_authority_id"":""urn:uuid:4dea4d1d-09ba-504e-9fcd-83524281ca97"",""owner_native_state"":""exact_evidence"",""payload"":{""concept_relation_inferred"":false,""evidence"":{""assertion_method"":""source_topology"",""confidence"":""exact"",""native_relation_id"":""urn:uuid:15692eee-e26b-59fa-ba12-f671330d18c2"",""source_locator"":""full authority XInclude/element topology""},""from_endpoint"":{""native_id"":""urn:uuid:80291bb6-7cae-5206-9598-3e72118fe953"",""projected_id"":""urn:uuid:a079177b-7456-507d-8721-fdcffd80266c""},""relation_type"":""contains"",""strength"":""hard"",""to_endpoint"":{""native_id"":""urn:uuid:6a2fce3b-3d85-5925-9771-9eb696cc8718"",""projected_id"":""urn:uuid:cd1670dd-735a-58ac-9418-6e1ccb9d05c6""}},""record_type"":""relation"",""recorded_at"":""2026-08-30T00:00:00Z"",""semantic_key"":""b10:dmoi4:relation:urn:uuid:15692eee-e26b-59fa-ba12-f671330d18c2""}"
urn:uuid:52eec170-d625-58f0-b542-c1e94b3881a1,relation,"{""dataset_id"":""urn:uuid:6090fc4b-b34d-5cff-8f65-acaa06ddd1fc"",""id"":""urn:uuid:52eec170-d625-58f0-b542-c1e94b3881a1"",""normalized_state"":""validated"",""owner_authority_id"":""urn:uuid:4dea4d1d-09ba-504e-9fcd-83524281ca97"",""owner_native_state"":""exact_evidence"",""payload"":{""concept_relation_inferred"":false,""evidence"":{""assertion_method"":""source_topology"",""confidence"":""exact"",""native_relation_id"":""urn:uuid:b673db96-013f-516b-8ea2-e2664a7e0885"",""source_locator"":""full authority XInclude/element topology""},""from_endpoint"":{""native_id"":""urn:uuid:82d239c3-1cde-57c4-b480-18b23beba54a"",""projected_id"":""urn:uuid:11550bda-ab68-58a2-ba09-1b4804a618bd""},""relation_type"":""contains"",""strength"":""hard"",""to_endpoint"":{""native_id"":""urn:uuid:19ea5430-df56-5790-850c-cc430bf1b015"",""projected_id"":""urn:uuid:63c35ed2-dcef-58d1-b115-2d4b9f50167d""}},""record_type"":""relation"",""recorded_at"":""2026-08-30T00:00:00Z"",""semantic_key"":""b10:dmoi4:relation:urn:uuid:b673db96-013f-516b-8ea2-e2664a7e0885""}"
urn:uuid:2407d347-4f49-5ce0-b3e2-88cf0ad4e7a5,relation,"{""dataset_id"":""urn:uuid:6090fc4b-b34d-5cff-8f65-acaa06ddd1fc"",""id"":""urn:uuid:2407d347-4f49-5ce0-b3e2-88cf0ad4e7a5"",""normalized_state"":""validated"",""owner_authority_id"":""urn:uuid:4dea4d1d-09ba-504e-9fcd-83524281ca97"",""owner_native_state"":""exact_evidence"",""payload"":{""concept_relation_inferred"":false,""evidence"":{""assertion_method"":""source_topology"",""confidence"":""exact"",""native_relation_id"":""urn:uuid:71b56a2b-1c06-51e2-9224-1a88a8a37be7"",""source_locator"":""full authority XInclude/element topology""},""from_endpoint"":{""native_id"":""urn:uuid:82d239c3-1cde-57c4-b480-18b23beba54a"",""projected_id"":""urn:uuid:11550bda-ab68-58a2-ba09-1b4804a618bd""},""relation_type"":""contains"",""strength"":""hard"",""to_endpoint"":{""native_id"":""urn:uuid:2e8b7711-9a29-5b65-877e-44177be0caa3"",""projected_id"":""urn:uuid:ee97710a-db14-5896-b26b-96816248d158""}},""record_type"":""relation"",""recorded_at"":""2026-08-30T00:00:00Z"",""semantic_key"":""b10:dmoi4:relation:urn:uuid:71b56a2b-1c06-51e2-9224-1a88a8a37be7""}"
urn:uuid:75126046-2d7d-57f7-adae-898bc4aa0449,relation,"{""dataset_id"":""urn:uuid:6090fc4b-b34d-5cff-8f65-acaa06ddd1fc"",""id"":""urn:uuid:75126046-2d7d-57f7-adae-898bc4aa0449"",""normalized_state"":""validated"",""owner_authority_id"":""urn:uuid:4dea4d1d-09ba-504e-9fcd-83524281ca97"",""owner_native_state"":""exact_evidence"",""payload"":{""concept_relation_inferred"":false,""evidence"":{""assertion_method"":""source_topology"",""confidence"":""exact"",""native_relation_id"":""urn:uuid:5eb4b228-7da5-531d-a03b-3262f6b1475b"",""source_locator"":""full authority XInclude/element topology""},""from_endpoint"":{""native_id"":""urn:uuid:82d239c3-1cde-57c4-b480-18b23beba54a"",""projected_id"":""urn:uuid:11550bda-ab68-58a2-ba09-1b4804a618bd""},""relation_type"":""contains"",""strength"":""hard"",""to_endpoint"":{""native_id"":""urn:uuid:64c227a4-1910-5e86-83b7-f0d47ca13f5f"",""projected_id"":""urn:uuid:3719f407-3958-5213-8408-baade6dd0bdd""}},""record_type"":""relation"",""recorded_at"":""2026-08-30T00:00:00Z"",""semantic_key"":""b10:dmoi4:relation:urn:uuid:5eb4b228-7da5-531d-a03b-3262f6b1475b""}"
urn:uuid:8ec83cdc-97bd-5d3f-bbff-ea1f35e7ebfa,relation,"{""dataset_id"":""urn:uuid:6090fc4b-b34d-5cff-8f65-acaa06ddd1fc"",""id"":""urn:uuid:8ec83cdc-97bd-5d3f-bbff-ea1f35e7ebfa"",""normalized_state"":""validated"",""owner_authority_id"":""urn:uuid:4dea4d1d-09ba-504e-9fcd-83524281ca97"",""owner_native_state"":""exact_evidence"",""payload"":{""concept_relation_inferred"":false,""evidence"":{""assertion_method"":""source_topology"",""confidence"":""exact"",""native_relation_id"":""urn:uuid:dbbe12c3-146b-5532-8855-5cb9b711a321"",""source_locator"":""source/dmoi.ptx""},""from_endpoint"":{""native_id"":""urn:uuid:82d239c3-1cde-57c4-b480-18b23beba54a"",""projected_id"":""urn:uuid:11550bda-ab68-58a2-ba09-1b4804a618bd""},""relation_type"":""contains"",""strength"":""hard"",""to_endpoint"":{""native_id"":""urn:uuid:8fec6502-3006-5814-8945-4f78aa6b357e"",""projected_id"":""urn:uuid:5993bcde-78e7-5b3d-afb0-a82900e6001b""}},""record_type"":""relation"",""recorded_at"":""2026-08-30T00:00:00Z"",""semantic_key"":""b10:dmoi4:relation:urn:uuid:dbbe12c3-146b-5532-8855-5cb9b711a321""}"
urn:uuid:d0ec446e-fca1-5e79-971a-9b029b85072f,relation,"{""dataset_id"":""urn:uuid:6090fc4b-b34d-5cff-8f65-acaa06ddd1fc"",""id"":""urn:uuid:d0ec446e-fca1-5e79-971a-9b029b85072f"",""normalized_state"":""validated"",""owner_authority_id"":""urn:uuid:4dea4d1d-09ba-504e-9fcd-83524281ca97"",""owner_native_state"":""exact_evidence"",""payload"":{""concept_relation_inferred"":false,""evidence"":{""assertion_method"":""source_topology"",""confidence"":""exact"",""native_relation_id"":""urn:uuid:e2e6475b-3c87-580e-802b-ec18c83e3489"",""source_locator"":""full authority XInclude/element topology""},""from_endpoint"":{""native_id"":""urn:uuid:82d239c3-1cde-57c4-b480-18b23beba54a"",""projected_id"":""urn:uuid:11550bda-ab68-58a2-ba09-1b4804a618bd""},""relation_type"":""contains"",""strength"":""hard"",""to_endpoint"":{""native_id"":""urn:uuid:a15e9a92-85ff-590c-8ee9-5d7d4ec7e6ba"",""projected_id"":""urn:uuid:84cd5e39-b417-569a-8752-d5cfa138de04""}},""record_type"":""relation"",""recorded_at"":""2026-08-30T00:00:00Z"",""semantic_key"":""b10:dmoi4:relation:urn:uuid:e2e6475b-3c87-580e-802b-ec18c83e3489""}"
urn:uuid:0486c73c-c288-5e23-ae4a-752092e16332,relation,"{""dataset_id"":""urn:uuid:6090fc4b-b34d-5cff-8f65-acaa06ddd1fc"",""id"":""urn:uuid:0486c73c-c288-5e23-ae4a-752092e16332"",""normalized_state"":""validated"",""owner_authority_id"":""urn:uuid:4dea4d1d-09ba-504e-9fcd-83524281ca97"",""owner_native_state"":""exact_evidence"",""payload"":{""concept_relation_inferred"":false,""evidence"":{""assertion_method"":""source_topology"",""confidence"":""exact"",""native_relation_id"":""urn:uuid:32a3e72b-caf8-5ab5-b39c-a70f244cd44a"",""source_locator"":""full authority XInclude/element topology""},""from_endpoint"":{""native_id"":""urn:uuid:82d239c3-1cde-57c4-b480-18b23beba54a"",""projected_id"":""urn:uuid:11550bda-ab68-58a2-ba09-1b4804a618bd""},""relation_type"":""contains"",""strength"":""hard"",""to_endpoint"":{""native_id"":""urn:uuid:dcc8a1b1-baec-5ebb-ace0-b05ac0b0dbb3"",""projected_id"":""urn:uuid:8cc6bdb5-98aa-5c1e-b187-b04733a0c205""}},""record_type"":""relation"",""recorded_at"":""2026-08-30T00:00:00Z"",""semantic_key"":""b10:dmoi4:relation:urn:uuid:32a3e72b-caf8-5ab5-b39c-a70f244cd44a""}"
urn:uuid:f11ba7f4-2459-5c44-92e9-553ca0a96ca2,relation,"{""dataset_id"":""urn:uuid:6090fc4b-b34d-5cff-8f65-acaa06ddd1fc"",""id"":""urn:uuid:f11ba7f4-2459-5c44-92e9-553ca0a96ca2"",""normalized_state"":""validated"",""owner_authority_id"":""urn:uuid:4dea4d1d-09ba-504e-9fcd-83524281ca97"",""owner_native_state"":""exact_evidence"",""payload"":{""concept_relation_inferred"":false,""evidence"":{""assertion_method"":""source_topology"",""confidence"":""exact"",""native_relation_id"":""urn:uuid:43218ecb-8117-50d6-8783-0d33c1b2b615"",""source_locator"":""full authority XInclude/element topology""},""from_endpoint"":{""native_id"":""urn:uuid:82d239c3-1cde-57c4-b480-18b23beba54a"",""projected_id"":""urn:uuid:11550bda-ab68-58a2-ba09-1b4804a618bd""},""relation_type"":""contains"",""strength"":""hard"",""to_endpoint"":{""native_id"":""urn:uuid:e48b3022-7279-57f3-b2bb-a71083700a46"",""projected_id"":""urn:uuid:6b0bee20-5223-5e8a-8522-f3a948d654e6""}},""record_type"":""relation"",""recorded_at"":""2026-08-30T00:00:00Z"",""semantic_key"":""b10:dmoi4:relation:urn:uuid:43218ecb-8117-50d6-8783-0d33c1b2b615""}"
urn:uuid:d0012726-260e-5c75-8e67-e188c92edd67,relation,"{""dataset_id"":""urn:uuid:6090fc4b-b34d-5cff-8f65-acaa06ddd1fc"",""id"":""urn:uuid:d0012726-260e-5c75-8e67-e188c92edd67"",""normalized_state"":""validated"",""owner_authority_id"":""urn:uuid:4dea4d1d-09ba-504e-9fcd-83524281ca97"",""owner_native_state"":""exact_evidence"",""payload"":{""concept_relation_inferred"":false,""evidence"":{""assertion_method"":""source_topology"",""confidence"":""exact"",""native_relation_id"":""urn:uuid:6e098171-6ea2-58a4-ae6a-cc508056545b"",""source_locator"":""full authority XInclude/element topology""},""from_endpoint"":{""native_id"":""urn:uuid:84a0b4ee-3d47-548f-9073-51c24cf75ed0"",""projected_id"":""urn:uuid:a29013a5-e291-515c-96a1-17e7b18db95f""},""relation_type"":""contains"",""strength"":""hard"",""to_endpoint"":{""native_id"":""urn:uuid:65c9c582-b808-5217-9628-502da401bcff"",""projected_id"":""urn:uuid:89344072-c970-5a5b-98c2-7fe41f60e79b""}},""record_type"":""relation"",""recorded_at"":""2026-08-30T00:00:00Z"",""semantic_key"":""b10:dmoi4:relation:urn:uuid:6e098171-6ea2-58a4-ae6a-cc508056545b""}"
urn:uuid:957940d3-2f91-5ad3-830d-96b5493a0317,relation,"{""dataset_id"":""urn:uuid:6090fc4b-b34d-5cff-8f65-acaa06ddd1fc"",""id"":""urn:uuid:957940d3-2f91-5ad3-830d-96b5493a0317"",""normalized_state"":""validated"",""owner_authority_id"":""urn:uuid:4dea4d1d-09ba-504e-9fcd-83524281ca97"",""owner_native_state"":""exact_evidence"",""payload"":{""concept_relation_inferred"":false,""evidence"":{""assertion_method"":""source_topology"",""confidence"":""exact"",""native_relation_id"":""urn:uuid:ce7138f9-7188-5973-a208-bd5c9d96411e"",""source_locator"":""full authority XInclude/element topology""},""from_endpoint"":{""native_id"":""urn:uuid:84a0b4ee-3d47-548f-9073-51c24cf75ed0"",""projected_id"":""urn:uuid:a29013a5-e291-515c-96a1-17e7b18db95f""},""relation_type"":""contains"",""strength"":""hard"",""to_endpoint"":{""native_id"":""urn:uuid:727faf70-fb80-598a-b57d-55e3269ab2d3"",""projected_id"":""urn:uuid:1fc96fe6-56b6-5931-b17a-e8213f9e4159""}},""record_type"":""relation"",""recorded_at"":""2026-08-30T00:00:00Z"",""semantic_key"":""b10:dmoi4:relation:urn:uuid:ce7138f9-7188-5973-a208-bd5c9d96411e""}"
urn:uuid:a796bfa0-a391-5d29-a036-f3f576edbba8,relation,"{""dataset_id"":""urn:uuid:6090fc4b-b34d-5cff-8f65-acaa06ddd1fc"",""id"":""urn:uuid:a796bfa0-a391-5d29-a036-f3f576edbba8"",""normalized_state"":""validated"",""owner_authority_id"":""urn:uuid:4dea4d1d-09ba-504e-9fcd-83524281ca97"",""owner_native_state"":""exact_evidence"",""payload"":{""concept_relation_inferred"":false,""evidence"":{""assertion_method"":""source_topology"",""confidence"":""exact"",""native_relation_id"":""urn:uuid:b7451568-e1c5-52a1-8696-d33832a824e1"",""source_locator"":""full authority XInclude/element topology""},""from_endpoint"":{""native_id"":""urn:uuid:84a0b4ee-3d47-548f-9073-51c24cf75ed0"",""projected_id"":""urn:uuid:a29013a5-e291-515c-96a1-17e7b18db95f""},""relation_type"":""contains"",""strength"":""hard"",""to_endpoint"":{""native_id"":""urn:uuid:7d4d1886-a979-5088-9373-2111449294f9"",""projected_id"":""urn:uuid:c57200be-10d2-5305-a998-25e8b4b18616""}},""record_type"":""relation"",""recorded_at"":""2026-08-30T00:00:00Z"",""semantic_key"":""b10:dmoi4:relation:urn:uuid:b7451568-e1c5-52a1-8696-d33832a824e1""}"
urn:uuid:adb6f6b5-f9d7-58e1-b1f6-797055f9d90f,relation,"{""dataset_id"":""urn:uuid:6090fc4b-b34d-5cff-8f65-acaa06ddd1fc"",""id"":""urn:uuid:adb6f6b5-f9d7-58e1-b1f6-797055f9d90f"",""normalized_state"":""validated"",""owner_authority_id"":""urn:uuid:4dea4d1d-09ba-504e-9fcd-83524281ca97"",""owner_native_state"":""exact_evidence"",""payload"":{""concept_relation_inferred"":false,""evidence"":{""assertion_method"":""source_topology"",""confidence"":""exact"",""native_relation_id"":""urn:uuid:d982859e-bc7c-5e02-b85d-084b857f136e"",""source_locator"":""full authority XInclude/element topology""},""from_endpoint"":{""native_id"":""urn:uuid:84a0b4ee-3d47-548f-9073-51c24cf75ed0"",""projected_id"":""urn:uuid:a29013a5-e291-515c-96a1-17e7b18db95f""},""relation_type"":""contains"",""strength"":""hard"",""to_endpoint"":{""native_id"":""urn:uuid:b0294629-644e-589a-a3f1-e15026068f08"",""projected_id"":""urn:uuid:ef730354-fcf4-56f6-8f73-309a8ead5205""}},""record_type"":""relation"",""recorded_at"":""2026-08-30T00:00:00Z"",""semantic_key"":""b10:dmoi4:relation:urn:uuid:d982859e-bc7c-5e02-b85d-084b857f136e""}"
urn:uuid:dc437aa2-0b1d-533c-bd20-9b61836f64ba,relation,"{""dataset_id"":""urn:uuid:6090fc4b-b34d-5cff-8f65-acaa06ddd1fc"",""id"":""urn:uuid:dc437aa2-0b1d-533c-bd20-9b61836f64ba"",""normalized_state"":""validated"",""owner_authority_id"":""urn:uuid:4dea4d1d-09ba-504e-9fcd-83524281ca97"",""owner_native_state"":""exact_evidence"",""payload"":{""concept_relation_inferred"":false,""evidence"":{""assertion_method"":""source_topology"",""confidence"":""exact"",""native_relation_id"":""urn:uuid:a0d6b6fc-7836-56d9-8f23-90e67aaf736f"",""source_locator"":""full authority XInclude/element topology""},""from_endpoint"":{""native_id"":""urn:uuid:897c18f0-2375-5d3e-9e58-2ee2770232de"",""projected_id"":""urn:uuid:282b6624-d3b7-57a1-9f1f-b1f2af380af2""},""relation_type"":""contains"",""strength"":""hard"",""to_endpoint"":{""native_id"":""urn:uuid:35ae3025-0fa1-5aa4-bb83-1bc712d9752e"",""projected_id"":""urn:uuid:33285309-8b39-5c88-b3a4-74dc75709e3a""}},""record_type"":""relation"",""recorded_at"":""2026-08-30T00:00:00Z"",""semantic_key"":""b10:dmoi4:relation:urn:uuid:a0d6b6fc-7836-56d9-8f23-90e67aaf736f""}"
urn:uuid:d85aa49b-2e7d-5ae3-b17e-a9b2a911c60e,relation,"{""dataset_id"":""urn:uuid:6090fc4b-b34d-5cff-8f65-acaa06ddd1fc"",""id"":""urn:uuid:d85aa49b-2e7d-5ae3-b17e-a9b2a911c60e"",""normalized_state"":""validated"",""owner_authority_id"":""urn:uuid:4dea4d1d-09ba-504e-9fcd-83524281ca97"",""owner_native_state"":""exact_evidence"",""payload"":{""concept_relation_inferred"":false,""evidence"":{""assertion_method"":""source_topology"",""confidence"":""exact"",""native_relation_id"":""urn:uuid:28acef56-96c6-51ca-803c-b16c25d6670f"",""source_locator"":""full authority XInclude/element topology""},""from_endpoint"":{""native_id"":""urn:uuid:897c18f0-2375-5d3e-9e58-2ee2770232de"",""projected_id"":""urn:uuid:282b6624-d3b7-57a1-9f1f-b1f2af380af2""},""relation_type"":""contains"",""strength"":""hard"",""to_endpoint"":{""native_id"":""urn:uuid:4b83ce11-a05c-5287-a950-64bfa3304e93"",""projected_id"":""urn:uuid:5bc38ae9-c8a3-5778-8281-cb1fd27a1aa8""}},""record_type"":""relation"",""recorded_at"":""2026-08-30T00:00:00Z"",""semantic_key"":""b10:dmoi4:relation:urn:uuid:28acef56-96c6-51ca-803c-b16c25d6670f""}"
urn:uuid:4b1a04ad-04fb-56fd-8810-bb0695d70fd5,relation,"{""dataset_id"":""urn:uuid:6090fc4b-b34d-5cff-8f65-acaa06ddd1fc"",""id"":""urn:uuid:4b1a04ad-04fb-56fd-8810-bb0695d70fd5"",""normalized_state"":""validated"",""owner_authority_id"":""urn:uuid:4dea4d1d-09ba-504e-9fcd-83524281ca97"",""owner_native_state"":""exact_evidence"",""payload"":{""concept_relation_inferred"":false,""evidence"":{""assertion_method"":""source_topology"",""confidence"":""exact"",""native_relation_id"":""urn:uuid:2d56306d-88fa-5896-b270-1fc56cb7345f"",""source_locator"":""full authority XInclude/element topology""},""from_endpoint"":{""native_id"":""urn:uuid:897c18f0-2375-5d3e-9e58-2ee2770232de"",""projected_id"":""urn:uuid:282b6624-d3b7-57a1-9f1f-b1f2af380af2""},""relation_type"":""contains"",""strength"":""hard"",""to_endpoint"":{""native_id"":""urn:uuid:7b2c9539-0140-52a8-b334-26ee7e47fd38"",""projected_id"":""urn:uuid:16cf28e8-8094-5c2e-8016-9a823e5af94d""}},""record_type"":""relation"",""recorded_at"":""2026-08-30T00:00:00Z"",""semantic_key"":""b10:dmoi4:relation:urn:uuid:2d56306d-88fa-5896-b270-1fc56cb7345f""}"
urn:uuid:70a83b73-e559-5c9a-bcdb-c8cf37c7fa2e,relation,"{""dataset_id"":""urn:uuid:6090fc4b-b34d-5cff-8f65-acaa06ddd1fc"",""id"":""urn:uuid:70a83b73-e559-5c9a-bcdb-c8cf37c7fa2e"",""normalized_state"":""validated"",""owner_authority_id"":""urn:uuid:4dea4d1d-09ba-504e-9fcd-83524281ca97"",""owner_native_state"":""exact_evidence"",""payload"":{""concept_relation_inferred"":false,""evidence"":{""assertion_method"":""source_topology"",""confidence"":""exact"",""native_relation_id"":""urn:uuid:92ed7b7e-a08c-531b-b145-c2d2fa575403"",""source_locator"":""full authority XInclude/element topology""},""from_endpoint"":{""native_id"":""urn:uuid:897c18f0-2375-5d3e-9e58-2ee2770232de"",""projected_id"":""urn:uuid:282b6624-d3b7-57a1-9f1f-b1f2af380af2""},""relation_type"":""contains"",""strength"":""hard"",""to_endpoint"":{""native_id"":""urn:uuid:920170b3-2d61-5507-83a9-689cd2210a3a"",""projected_id"":""urn:uuid:96cb5fa7-fba1-53de-944e-4848780f72b9""}},""record_type"":""relation"",""recorded_at"":""2026-08-30T00:00:00Z"",""semantic_key"":""b10:dmoi4:relation:urn:uuid:92ed7b7e-a08c-531b-b145-c2d2fa575403""}"
urn:uuid:65489915-64f1-5cbd-89bc-857051fb1d7e,relation,"{""dataset_id"":""urn:uuid:6090fc4b-b34d-5cff-8f65-acaa06ddd1fc"",""id"":""urn:uuid:65489915-64f1-5cbd-89bc-857051fb1d7e"",""normalized_state"":""validated"",""owner_authority_id"":""urn:uuid:4dea4d1d-09ba-504e-9fcd-83524281ca97"",""owner_native_state"":""exact_evidence"",""payload"":{""concept_relation_inferred"":false,""evidence"":{""assertion_method"":""source_topology"",""confidence"":""exact"",""native_relation_id"":""urn:uuid:f3205515-d8f0-52ba-b715-e38fb1da731e"",""source_locator"":""full authority XInclude/element topology""},""from_endpoint"":{""native_id"":""urn:uuid:897c18f0-2375-5d3e-9e58-2ee2770232de"",""projected_id"":""urn:uuid:282b6624-d3b7-57a1-9f1f-b1f2af380af2""},""relation_type"":""contains"",""strength"":""hard"",""to_endpoint"":{""native_id"":""urn:uuid:9974619c-b6d2-5419-bb7d-bd90a199a8a4"",""projected_id"":""urn:uuid:b6b05022-6e65-59e7-a9b7-73b679c98d56""}},""record_type"":""relation"",""recorded_at"":""2026-08-30T00:00:00Z"",""semantic_key"":""b10:dmoi4:relation:urn:uuid:f3205515-d8f0-52ba-b715-e38fb1da731e""}"
urn:uuid:a4e34fb0-71bd-5ec5-97fc-51eba2a58f48,relation,"{""dataset_id"":""urn:uuid:6090fc4b-b34d-5cff-8f65-acaa06ddd1fc"",""id"":""urn:uuid:a4e34fb0-71bd-5ec5-97fc-51eba2a58f48"",""normalized_state"":""validated"",""owner_authority_id"":""urn:uuid:4dea4d1d-09ba-504e-9fcd-83524281ca97"",""owner_native_state"":""exact_evidence"",""payload"":{""concept_relation_inferred"":false,""evidence"":{""assertion_method"":""source_topology"",""confidence"":""exact"",""native_relation_id"":""urn:uuid:2d5b840e-09fa-51d9-9b96-5a28365f49d2"",""source_locator"":""full authority XInclude/element topology""},""from_endpoint"":{""native_id"":""urn:uuid:8fec6502-3006-5814-8945-4f78aa6b357e"",""projected_id"":""urn:uuid:5993bcde-78e7-5b3d-afb0-a82900e6001b""},""relation_type"":""contains"",""strength"":""hard"",""to_endpoint"":{""native_id"":""urn:uuid:401baf3c-8042-583e-ab34-2f3d0d2c59f5"",""projected_id"":""urn:uuid:6166af73-35e4-5b64-b5ae-2430f5f82273""}},""record_type"":""relation"",""recorded_at"":""2026-08-30T00:00:00Z"",""semantic_key"":""b10:dmoi4:relation:urn:uuid:2d5b840e-09fa-51d9-9b96-5a28365f49d2""}"
urn:uuid:5ba0492b-fbc5-53d9-aa1f-9593fbd645aa,relation,"{""dataset_id"":""urn:uuid:6090fc4b-b34d-5cff-8f65-acaa06ddd1fc"",""id"":""urn:uuid:5ba0492b-fbc5-53d9-aa1f-9593fbd645aa"",""normalized_state"":""validated"",""owner_authority_id"":""urn:uuid:4dea4d1d-09ba-504e-9fcd-83524281ca97"",""owner_native_state"":""exact_evidence"",""payload"":{""concept_relation_inferred"":false,""evidence"":{""assertion_method"":""source_topology"",""confidence"":""exact"",""native_relation_id"":""urn:uuid:e79a55d6-feb7-5778-a019-568ede7fdb97"",""source_locator"":""full authority XInclude/element topology""},""from_endpoint"":{""native_id"":""urn:uuid:8fec6502-3006-5814-8945-4f78aa6b357e"",""projected_id"":""urn:uuid:5993bcde-78e7-5b3d-afb0-a82900e6001b""},""relation_type"":""contains"",""strength"":""hard"",""to_endpoint"":{""native_id"":""urn:uuid:64c3ba36-b981-5117-9903-c5e6063f6270"",""projected_id"":""urn:uuid:0a70f94f-f805-5ab3-bea1-22c7dde24c85""}},""record_type"":""relation"",""recorded_at"":""2026-08-30T00:00:00Z"",""semantic_key"":""b10:dmoi4:relation:urn:uuid:e79a55d6-feb7-5778-a019-568ede7fdb97""}"
urn:uuid:0d15ef85-9a9a-5182-ae23-7043aaa93b8d,relation,"{""dataset_id"":""urn:uuid:6090fc4b-b34d-5cff-8f65-acaa06ddd1fc"",""id"":""urn:uuid:0d15ef85-9a9a-5182-ae23-7043aaa93b8d"",""normalized_state"":""validated"",""owner_authority_id"":""urn:uuid:4dea4d1d-09ba-504e-9fcd-83524281ca97"",""owner_native_state"":""exact_evidence"",""payload"":{""concept_relation_inferred"":false,""evidence"":{""assertion_method"":""source_topology"",""confidence"":""exact"",""native_relation_id"":""urn:uuid:ac6a05bf-a5ae-5ccf-9185-be8ad51f233a"",""source_locator"":""full authority XInclude/element topology""},""from_endpoint"":{""native_id"":""urn:uuid:8fec6502-3006-5814-8945-4f78aa6b357e"",""projected_id"":""urn:uuid:5993bcde-78e7-5b3d-afb0-a82900e6001b""},""relation_type"":""contains"",""strength"":""hard"",""to_endpoint"":{""native_id"":""urn:uuid:6dce5df1-0284-5bd3-9f84-ff7c1d3bd160"",""projected_id"":""urn:uuid:db2274e9-5e6e-5f0e-a31e-dc3ee3cb1781""}},""record_type"":""relation"",""recorded_at"":""2026-08-30T00:00:00Z"",""semantic_key"":""b10:dmoi4:relation:urn:uuid:ac6a05bf-a5ae-5ccf-9185-be8ad51f233a""}"
urn:uuid:832c8a87-6357-5dad-99f6-cb56f127afe7,relation,"{""dataset_id"":""urn:uuid:6090fc4b-b34d-5cff-8f65-acaa06ddd1fc"",""id"":""urn:uuid:832c8a87-6357-5dad-99f6-cb56f127afe7"",""normalized_state"":""validated"",""owner_authority_id"":""urn:uuid:4dea4d1d-09ba-504e-9fcd-83524281ca97"",""owner_native_state"":""exact_evidence"",""payload"":{""concept_relation_inferred"":false,""evidence"":{""assertion_method"":""source_topology"",""confidence"":""exact"",""native_relation_id"":""urn:uuid:f8fb1d3e-2daa-54eb-8c31-9ccb2792b9da"",""source_locator"":""full authority XInclude/element topology""},""from_endpoint"":{""native_id"":""urn:uuid:8fec6502-3006-5814-8945-4f78aa6b357e"",""projected_id"":""urn:uuid:5993bcde-78e7-5b3d-afb0-a82900e6001b""},""relation_type"":""contains"",""strength"":""hard"",""to_endpoint"":{""native_id"":""urn:uuid:79eeab77-5bb4-5fa6-9caf-c557db59c6fa"",""projected_id"":""urn:uuid:3a930687-9aa8-5fde-9604-65533373297e""}},""record_type"":""relation"",""recorded_at"":""2026-08-30T00:00:00Z"",""semantic_key"":""b10:dmoi4:relation:urn:uuid:f8fb1d3e-2daa-54eb-8c31-9ccb2792b9da""}"
urn:uuid:d9a7a830-aa81-540a-9a5a-e1996eebb2c2,relation,"{""dataset_id"":""urn:uuid:6090fc4b-b34d-5cff-8f65-acaa06ddd1fc"",""id"":""urn:uuid:d9a7a830-aa81-540a-9a5a-e1996eebb2c2"",""normalized_state"":""validated"",""owner_authority_id"":""urn:uuid:4dea4d1d-09ba-504e-9fcd-83524281ca97"",""owner_native_state"":""exact_evidence"",""payload"":{""concept_relation_inferred"":false,""evidence"":{""assertion_method"":""source_topology"",""confidence"":""exact"",""native_relation_id"":""urn:uuid:fa0e7e94-7b4c-594c-b0bb-0e26445cdbcb"",""source_locator"":""full authority XInclude/element topology""},""from_endpoint"":{""native_id"":""urn:uuid:8fec6502-3006-5814-8945-4f78aa6b357e"",""projected_id"":""urn:uuid:5993bcde-78e7-5b3d-afb0-a82900e6001b""},""relation_type"":""contains"",""strength"":""hard"",""to_endpoint"":{""native_id"":""urn:uuid:a49c23f7-29bc-51b5-8b2b-fef409c1ddd5"",""projected_id"":""urn:uuid:a6d7e3f7-9ae2-58ae-b0da-4ee5923eee96""}},""record_type"":""relation"",""recorded_at"":""2026-08-30T00:00:00Z"",""semantic_key"":""b10:dmoi4:relation:urn:uuid:fa0e7e94-7b4c-594c-b0bb-0e26445cdbcb""}"
urn:uuid:9c171fc5-56d7-5a1d-adb2-9a895e4d22f8,relation,"{""dataset_id"":""urn:uuid:6090fc4b-b34d-5cff-8f65-acaa06ddd1fc"",""id"":""urn:uuid:9c171fc5-56d7-5a1d-adb2-9a895e4d22f8"",""normalized_state"":""validated"",""owner_authority_id"":""urn:uuid:4dea4d1d-09ba-504e-9fcd-83524281ca97"",""owner_native_state"":""exact_evidence"",""payload"":{""concept_relation_inferred"":false,""evidence"":{""assertion_method"":""source_topology"",""confidence"":""exact"",""native_relation_id"":""urn:uuid:bf71d01a-4c70-5b4f-864b-b7b152d378fa"",""source_locator"":""full authority XInclude/element topology""},""from_endpoint"":{""native_id"":""urn:uuid:8fec6502-3006-5814-8945-4f78aa6b357e"",""projected_id"":""urn:uuid:5993bcde-78e7-5b3d-afb0-a82900e6001b""},""relation_type"":""contains"",""strength"":""hard"",""to_endpoint"":{""native_id"":""urn:uuid:c9ec9851-c7c8-5b3e-9eb9-1724383e3d80"",""projected_id"":""urn:uuid:19782d47-7d26-5573-ac01-b436d462e4a9""}},""record_type"":""relation"",""recorded_at"":""2026-08-30T00:00:00Z"",""semantic_key"":""b10:dmoi4:relation:urn:uuid:bf71d01a-4c70-5b4f-864b-b7b152d378fa""}"
urn:uuid:7a591b37-dc81-5374-a660-cdce2beadad3,relation,"{""dataset_id"":""urn:uuid:6090fc4b-b34d-5cff-8f65-acaa06ddd1fc"",""id"":""urn:uuid:7a591b37-dc81-5374-a660-cdce2beadad3"",""normalized_state"":""validated"",""owner_authority_id"":""urn:uuid:4dea4d1d-09ba-504e-9fcd-83524281ca97"",""owner_native_state"":""exact_evidence"",""payload"":{""concept_relation_inferred"":false,""evidence"":{""assertion_method"":""source_topology"",""confidence"":""exact"",""native_relation_id"":""urn:uuid:8871b8ba-51ce-5dab-84c9-f48e07f465ad"",""source_locator"":""pilot source topology""},""from_endpoint"":{""native_id"":""urn:uuid:8fec6502-3006-5814-8945-4f78aa6b357e"",""projected_id"":""urn:uuid:5993bcde-78e7-5b3d-afb0-a82900e6001b""},""relation_type"":""contains"",""strength"":""hard"",""to_endpoint"":{""native_id"":""urn:uuid:d699676f-28f3-5930-81f2-4927bae3973f"",""projected_id"":""urn:uuid:a3df6f90-069b-5cb0-9507-ee3a71128db8""}},""record_type"":""relation"",""recorded_at"":""2026-08-30T00:00:00Z"",""semantic_key"":""b10:dmoi4:relation:urn:uuid:8871b8ba-51ce-5dab-84c9-f48e07f465ad""}"
urn:uuid:ed61ecd8-cff6-5ea1-9b9f-bb8734f60dd5,relation,"{""dataset_id"":""urn:uuid:6090fc4b-b34d-5cff-8f65-acaa06ddd1fc"",""id"":""urn:uuid:ed61ecd8-cff6-5ea1-9b9f-bb8734f60dd5"",""normalized_state"":""validated"",""owner_authority_id"":""urn:uuid:4dea4d1d-09ba-504e-9fcd-83524281ca97"",""owner_native_state"":""exact_evidence"",""payload"":{""concept_relation_inferred"":false,""evidence"":{""assertion_method"":""source_topology"",""confidence"":""exact"",""native_relation_id"":""urn:uuid:9dd353f7-1f5c-5df9-a4bd-ce6bb0177e80"",""source_locator"":""source/ch_graphtheory.ptx""},""from_endpoint"":{""native_id"":""urn:uuid:8fec6502-3006-5814-8945-4f78aa6b357e"",""projected_id"":""urn:uuid:5993bcde-78e7-5b3d-afb0-a82900e6001b""},""relation_type"":""contains"",""strength"":""hard"",""to_endpoint"":{""native_id"":""urn:uuid:d699676f-28f3-5930-81f2-4927bae3973f"",""projected_id"":""urn:uuid:a3df6f90-069b-5cb0-9507-ee3a71128db8""}},""record_type"":""relation"",""recorded_at"":""2026-08-30T00:00:00Z"",""semantic_key"":""b10:dmoi4:relation:urn:uuid:9dd353f7-1f5c-5df9-a4bd-ce6bb0177e80""}"
urn:uuid:9e03f924-2375-58b3-8975-9f119069baa3,relation,"{""dataset_id"":""urn:uuid:6090fc4b-b34d-5cff-8f65-acaa06ddd1fc"",""id"":""urn:uuid:9e03f924-2375-58b3-8975-9f119069baa3"",""normalized_state"":""validated"",""owner_authority_id"":""urn:uuid:4dea4d1d-09ba-504e-9fcd-83524281ca97"",""owner_native_state"":""exact_evidence"",""payload"":{""concept_relation_inferred"":false,""evidence"":{""assertion_method"":""source_topology"",""confidence"":""exact"",""native_relation_id"":""urn:uuid:6c2419da-92e5-5a81-8016-a7b2b0eb79e9"",""source_locator"":""full authority XInclude/element topology""},""from_endpoint"":{""native_id"":""urn:uuid:8fec6502-3006-5814-8945-4f78aa6b357e"",""projected_id"":""urn:uuid:5993bcde-78e7-5b3d-afb0-a82900e6001b""},""relation_type"":""contains"",""strength"":""hard"",""to_endpoint"":{""native_id"":""urn:uuid:f4ae49da-6e22-5379-9745-23abe9ccc5e6"",""projected_id"":""urn:uuid:e503b5d1-3d5d-5334-8ddc-d66c56d89333""}},""record_type"":""relation"",""recorded_at"":""2026-08-30T00:00:00Z"",""semantic_key"":""b10:dmoi4:relation:urn:uuid:6c2419da-92e5-5a81-8016-a7b2b0eb79e9""}"
urn:uuid:f82466f2-3c36-53d3-9643-aabf9edf5b33,relation,"{""dataset_id"":""urn:uuid:6090fc4b-b34d-5cff-8f65-acaa06ddd1fc"",""id"":""urn:uuid:f82466f2-3c36-53d3-9643-aabf9edf5b33"",""normalized_state"":""validated"",""owner_authority_id"":""urn:uuid:4dea4d1d-09ba-504e-9fcd-83524281ca97"",""owner_native_state"":""exact_evidence"",""payload"":{""concept_relation_inferred"":false,""evidence"":{""assertion_method"":""source_topology"",""confidence"":""exact"",""native_relation_id"":""urn:uuid:0ed0c949-7995-5e95-ac46-e3e3bf73bea4"",""source_locator"":""full authority XInclude/element topology""},""from_endpoint"":{""native_id"":""urn:uuid:9755415d-7e8e-58bd-b71a-627f7787e534"",""projected_id"":""urn:uuid:73354fe7-5dd9-56b2-9548-ea98cebcabe7""},""relation_type"":""contains"",""strength"":""hard"",""to_endpoint"":{""native_id"":""urn:uuid:1e2aa05b-49df-5806-b999-c8cd2ae9252d"",""projected_id"":""urn:uuid:da5a6067-9036-5183-8fab-01a6a429bfa5""}},""record_type"":""relation"",""recorded_at"":""2026-08-30T00:00:00Z"",""semantic_key"":""b10:dmoi4:relation:urn:uuid:0ed0c949-7995-5e95-ac46-e3e3bf73bea4""}"
urn:uuid:b3936354-d6b3-59e1-bf2a-f6f830af0162,relation,"{""dataset_id"":""urn:uuid:6090fc4b-b34d-5cff-8f65-acaa06ddd1fc"",""id"":""urn:uuid:b3936354-d6b3-59e1-bf2a-f6f830af0162"",""normalized_state"":""validated"",""owner_authority_id"":""urn:uuid:4dea4d1d-09ba-504e-9fcd-83524281ca97"",""owner_native_state"":""exact_evidence"",""payload"":{""concept_relation_inferred"":false,""evidence"":{""assertion_method"":""source_topology"",""confidence"":""exact"",""native_relation_id"":""urn:uuid:fc493cfa-836b-51e6-9f8d-4dec76bff575"",""source_locator"":""full authority XInclude/element topology""},""from_endpoint"":{""native_id"":""urn:uuid:9755415d-7e8e-58bd-b71a-627f7787e534"",""projected_id"":""urn:uuid:73354fe7-5dd9-56b2-9548-ea98cebcabe7""},""relation_type"":""contains"",""strength"":""hard"",""to_endpoint"":{""native_id"":""urn:uuid:477b71fa-a708-54ca-aa0a-a022e9107e4f"",""projected_id"":""urn:uuid:f4d28aef-e9ba-5929-93ab-9e56bbeb4845""}},""record_type"":""relation"",""recorded_at"":""2026-08-30T00:00:00Z"",""semantic_key"":""b10:dmoi4:relation:urn:uuid:fc493cfa-836b-51e6-9f8d-4dec76bff575""}"
urn:uuid:36299a91-6f34-5e3b-961b-288dbffe02fc,relation,"{""dataset_id"":""urn:uuid:6090fc4b-b34d-5cff-8f65-acaa06ddd1fc"",""id"":""urn:uuid:36299a91-6f34-5e3b-961b-288dbffe02fc"",""normalized_state"":""validated"",""owner_authority_id"":""urn:uuid:4dea4d1d-09ba-504e-9fcd-83524281ca97"",""owner_native_state"":""exact_evidence"",""payload"":{""concept_relation_inferred"":false,""evidence"":{""assertion_method"":""source_topology"",""confidence"":""exact"",""native_relation_id"":""urn:uuid:13eb0ad9-9243-5236-8dd0-9ccd3a58f8e4"",""source_locator"":""full authority XInclude/element topology""},""from_endpoint"":{""native_id"":""urn:uuid:9755415d-7e8e-58bd-b71a-627f7787e534"",""projected_id"":""urn:uuid:73354fe7-5dd9-56b2-9548-ea98cebcabe7""},""relation_type"":""contains"",""strength"":""hard"",""to_endpoint"":{""native_id"":""urn:uuid:c4fb9c9e-e59b-5a7d-a14e-0dac93dccad2"",""projected_id"":""urn:uuid:bac3b8c4-fa61-5975-af6c-dec43c9a9946""}},""record_type"":""relation"",""recorded_at"":""2026-08-30T00:00:00Z"",""semantic_key"":""b10:dmoi4:relation:urn:uuid:13eb0ad9-9243-5236-8dd0-9ccd3a58f8e4""}"
urn:uuid:0b09c96c-3171-5b80-8fe4-b666cef61b94,relation,"{""dataset_id"":""urn:uuid:6090fc4b-b34d-5cff-8f65-acaa06ddd1fc"",""id"":""urn:uuid:0b09c96c-3171-5b80-8fe4-b666cef61b94"",""normalized_state"":""validated"",""owner_authority_id"":""urn:uuid:4dea4d1d-09ba-504e-9fcd-83524281ca97"",""owner_native_state"":""exact_evidence"",""payload"":{""concept_relation_inferred"":false,""evidence"":{""assertion_method"":""source_topology"",""confidence"":""exact"",""native_relation_id"":""urn:uuid:4a358605-5bc3-5900-9a11-e221ea20afca"",""source_locator"":""full authority XInclude/element topology""},""from_endpoint"":{""native_id"":""urn:uuid:9fea6a45-c264-51df-9a22-1ffd3e4261c7"",""projected_id"":""urn:uuid:949bee0d-f57f-5501-855b-92b8f8032b07""},""relation_type"":""contains"",""strength"":""hard"",""to_endpoint"":{""native_id"":""urn:uuid:1b38c2d8-c4eb-5c0e-aaea-0c49a6aef79f"",""projected_id"":""urn:uuid:9a19d021-9a7f-55e9-aa22-5de568308f68""}},""record_type"":""relation"",""recorded_at"":""2026-08-30T00:00:00Z"",""semantic_key"":""b10:dmoi4:relation:urn:uuid:4a358605-5bc3-5900-9a11-e221ea20afca""}"
urn:uuid:9343a860-a224-500c-9dc2-590a46d2a095,relation,"{""dataset_id"":""urn:uuid:6090fc4b-b34d-5cff-8f65-acaa06ddd1fc"",""id"":""urn:uuid:9343a860-a224-500c-9dc2-590a46d2a095"",""normalized_state"":""validated"",""owner_authority_id"":""urn:uuid:4dea4d1d-09ba-504e-9fcd-83524281ca97"",""owner_native_state"":""exact_evidence"",""payload"":{""concept_relation_inferred"":false,""evidence"":{""assertion_method"":""source_topology"",""confidence"":""exact"",""native_relation_id"":""urn:uuid:bf11ebae-95c9-5c10-bdac-0b5fe60c7209"",""source_locator"":""full authority XInclude/element topology""},""from_endpoint"":{""native_id"":""urn:uuid:9fea6a45-c264-51df-9a22-1ffd3e4261c7"",""projected_id"":""urn:uuid:949bee0d-f57f-5501-855b-92b8f8032b07""},""relation_type"":""contains"",""strength"":""hard"",""to_endpoint"":{""native_id"":""urn:uuid:340f2fcb-0843-52a2-bc90-f8c2fc6d48ba"",""projected_id"":""urn:uuid:fa91fc61-bb2e-53eb-9936-1269ece4f99f""}},""record_type"":""relation"",""recorded_at"":""2026-08-30T00:00:00Z"",""semantic_key"":""b10:dmoi4:relation:urn:uuid:bf11ebae-95c9-5c10-bdac-0b5fe60c7209""}"
urn:uuid:acbb171a-fcb3-5005-b2d8-2163224addbc,relation,"{""dataset_id"":""urn:uuid:6090fc4b-b34d-5cff-8f65-acaa06ddd1fc"",""id"":""urn:uuid:acbb171a-fcb3-5005-b2d8-2163224addbc"",""normalized_state"":""validated"",""owner_authority_id"":""urn:uuid:4dea4d1d-09ba-504e-9fcd-83524281ca97"",""owner_native_state"":""exact_evidence"",""payload"":{""concept_relation_inferred"":false,""evidence"":{""assertion_method"":""source_topology"",""confidence"":""exact"",""native_relation_id"":""urn:uuid:a9757836-69c9-55dc-8f51-51e9ccf64705"",""source_locator"":""full authority XInclude/element topology""},""from_endpoint"":{""native_id"":""urn:uuid:9fea6a45-c264-51df-9a22-1ffd3e4261c7"",""projected_id"":""urn:uuid:949bee0d-f57f-5501-855b-92b8f8032b07""},""relation_type"":""contains"",""strength"":""hard"",""to_endpoint"":{""native_id"":""urn:uuid:458b3f97-c3e8-5f46-af3f-d5236a5bf25d"",""projected_id"":""urn:uuid:3674f341-89c9-5b36-ab8e-831428ce1975""}},""record_type"":""relation"",""recorded_at"":""2026-08-30T00:00:00Z"",""semantic_key"":""b10:dmoi4:relation:urn:uuid:a9757836-69c9-55dc-8f51-51e9ccf64705""}"
urn:uuid:38098f08-71d4-528d-bd50-0351bf93cd52,relation,"{""dataset_id"":""urn:uuid:6090fc4b-b34d-5cff-8f65-acaa06ddd1fc"",""id"":""urn:uuid:38098f08-71d4-528d-bd50-0351bf93cd52"",""normalized_state"":""validated"",""owner_authority_id"":""urn:uuid:4dea4d1d-09ba-504e-9fcd-83524281ca97"",""owner_native_state"":""exact_evidence"",""payload"":{""concept_relation_inferred"":false,""evidence"":{""assertion_method"":""source_topology"",""confidence"":""exact"",""native_relation_id"":""urn:uuid:64d93c06-99d7-5511-af8a-3ded8f3890b6"",""source_locator"":""full authority XInclude/element topology""},""from_endpoint"":{""native_id"":""urn:uuid:9fea6a45-c264-51df-9a22-1ffd3e4261c7"",""projected_id"":""urn:uuid:949bee0d-f57f-5501-855b-92b8f8032b07""},""relation_type"":""contains"",""strength"":""hard"",""to_endpoint"":{""native_id"":""urn:uuid:57a07873-f2f8-52b3-87b1-56d1a99f5593"",""projected_id"":""urn:uuid:1a524289-c49a-524b-b89c-59e76e7f03a2""}},""record_type"":""relation"",""recorded_at"":""2026-08-30T00:00:00Z"",""semantic_key"":""b10:dmoi4:relation:urn:uuid:64d93c06-99d7-5511-af8a-3ded8f3890b6""}"
urn:uuid:f11e1d30-fb04-5929-b29f-ac60df4e6ebc,relation,"{""dataset_id"":""urn:uuid:6090fc4b-b34d-5cff-8f65-acaa06ddd1fc"",""id"":""urn:uuid:f11e1d30-fb04-5929-b29f-ac60df4e6ebc"",""normalized_state"":""validated"",""owner_authority_id"":""urn:uuid:4dea4d1d-09ba-504e-9fcd-83524281ca97"",""owner_native_state"":""exact_evidence"",""payload"":{""concept_relation_inferred"":false,""evidence"":{""assertion_method"":""source_topology"",""confidence"":""exact"",""native_relation_id"":""urn:uuid:476a87cf-4446-5db3-98ba-6dacdb42d26f"",""source_locator"":""full authority XInclude/element topology""},""from_endpoint"":{""native_id"":""urn:uuid:a15e9a92-85ff-590c-8ee9-5d7d4ec7e6ba"",""projected_id"":""urn:uuid:84cd5e39-b417-569a-8752-d5cfa138de04""},""relation_type"":""contains"",""strength"":""hard"",""to_endpoint"":{""native_id"":""urn:uuid:d5ad10eb-618e-5020-ba8c-9706c0f82d36"",""projected_id"":""urn:uuid:766c090b-83b7-5869-9a47-1ec6c69c15a5""}},""record_type"":""relation"",""recorded_at"":""2026-08-30T00:00:00Z"",""semantic_key"":""b10:dmoi4:relation:urn:uuid:476a87cf-4446-5db3-98ba-6dacdb42d26f""}"
urn:uuid:c732df34-466d-5d34-b605-8ed348d4af82,relation,"{""dataset_id"":""urn:uuid:6090fc4b-b34d-5cff-8f65-acaa06ddd1fc"",""id"":""urn:uuid:c732df34-466d-5d34-b605-8ed348d4af82"",""normalized_state"":""validated"",""owner_authority_id"":""urn:uuid:4dea4d1d-09ba-504e-9fcd-83524281ca97"",""owner_native_state"":""exact_evidence"",""payload"":{""concept_relation_inferred"":false,""evidence"":{""assertion_method"":""source_topology"",""confidence"":""exact"",""native_relation_id"":""urn:uuid:53869623-7789-5fdd-9d41-a248558c890f"",""source_locator"":""full authority XInclude/element topology""},""from_endpoint"":{""native_id"":""urn:uuid:a15e9a92-85ff-590c-8ee9-5d7d4ec7e6ba"",""projected_id"":""urn:uuid:84cd5e39-b417-569a-8752-d5cfa138de04""},""relation_type"":""contains"",""strength"":""hard"",""to_endpoint"":{""native_id"":""urn:uuid:efca38ac-b48c-5892-bfab-621754bb213f"",""projected_id"":""urn:uuid:9051e86f-ccdc-51d1-90de-c7536078b00e""}},""record_type"":""relation"",""recorded_at"":""2026-08-30T00:00:00Z"",""semantic_key"":""b10:dmoi4:relation:urn:uuid:53869623-7789-5fdd-9d41-a248558c890f""}"
urn:uuid:43ce6fbb-ea3c-5269-94c0-99de5aa08098,relation,"{""dataset_id"":""urn:uuid:6090fc4b-b34d-5cff-8f65-acaa06ddd1fc"",""id"":""urn:uuid:43ce6fbb-ea3c-5269-94c0-99de5aa08098"",""normalized_state"":""validated"",""owner_authority_id"":""urn:uuid:4dea4d1d-09ba-504e-9fcd-83524281ca97"",""owner_native_state"":""exact_evidence"",""payload"":{""concept_relation_inferred"":false,""evidence"":{""assertion_method"":""source_topology"",""confidence"":""exact"",""native_relation_id"":""urn:uuid:02c24f5b-df5c-5618-9304-9ba0299644bf"",""source_locator"":""full authority XInclude/element topology""},""from_endpoint"":{""native_id"":""urn:uuid:a49c23f7-29bc-51b5-8b2b-fef409c1ddd5"",""projected_id"":""urn:uuid:a6d7e3f7-9ae2-58ae-b0da-4ee5923eee96""},""relation_type"":""contains"",""strength"":""hard"",""to_endpoint"":{""native_id"":""urn:uuid:1b3ccc28-1e8d-5d78-b935-ab04d49ae87c"",""projected_id"":""urn:uuid:84ed3f80-8a68-5b47-b1f0-683b686ab817""}},""record_type"":""relation"",""recorded_at"":""2026-08-30T00:00:00Z"",""semantic_key"":""b10:dmoi4:relation:urn:uuid:02c24f5b-df5c-5618-9304-9ba0299644bf""}"
urn:uuid:e369dde7-1b74-5d4d-9f55-6460d9aca9a6,relation,"{""dataset_id"":""urn:uuid:6090fc4b-b34d-5cff-8f65-acaa06ddd1fc"",""id"":""urn:uuid:e369dde7-1b74-5d4d-9f55-6460d9aca9a6"",""normalized_state"":""validated"",""owner_authority_id"":""urn:uuid:4dea4d1d-09ba-504e-9fcd-83524281ca97"",""owner_native_state"":""exact_evidence"",""payload"":{""concept_relation_inferred"":false,""evidence"":{""assertion_method"":""source_topology"",""confidence"":""exact"",""native_relation_id"":""urn:uuid:12f9ed0f-a6eb-5238-91cc-b00275325165"",""source_locator"":""full authority XInclude/element topology""},""from_endpoint"":{""native_id"":""urn:uuid:a49c23f7-29bc-51b5-8b2b-fef409c1ddd5"",""projected_id"":""urn:uuid:a6d7e3f7-9ae2-58ae-b0da-4ee5923eee96""},""relation_type"":""contains"",""strength"":""hard"",""to_endpoint"":{""native_id"":""urn:uuid:3fe3e64e-5c76-59ed-8042-b77fc5581dee"",""projected_id"":""urn:uuid:b6ac4c86-5f09-55d3-8c16-2f31f046c03f""}},""record_type"":""relation"",""recorded_at"":""2026-08-30T00:00:00Z"",""semantic_key"":""b10:dmoi4:relation:urn:uuid:12f9ed0f-a6eb-5238-91cc-b00275325165""}"
urn:uuid:f48327c0-727e-5e04-926b-28dfebed9b52,relation,"{""dataset_id"":""urn:uuid:6090fc4b-b34d-5cff-8f65-acaa06ddd1fc"",""id"":""urn:uuid:f48327c0-727e-5e04-926b-28dfebed9b52"",""normalized_state"":""validated"",""owner_authority_id"":""urn:uuid:4dea4d1d-09ba-504e-9fcd-83524281ca97"",""owner_native_state"":""exact_evidence"",""payload"":{""concept_relation_inferred"":false,""evidence"":{""assertion_method"":""source_topology"",""confidence"":""exact"",""native_relation_id"":""urn:uuid:3b9febb1-885a-5be3-82a9-29058d23de28"",""source_locator"":""full authority XInclude/element topology""},""from_endpoint"":{""native_id"":""urn:uuid:a49c23f7-29bc-51b5-8b2b-fef409c1ddd5"",""projected_id"":""urn:uuid:a6d7e3f7-9ae2-58ae-b0da-4ee5923eee96""},""relation_type"":""contains"",""strength"":""hard"",""to_endpoint"":{""native_id"":""urn:uuid:f3da3bdf-a765-537d-8ce6-6a3a160531d9"",""projected_id"":""urn:uuid:5dd39094-9938-50a2-8dca-2610c6b42ea7""}},""record_type"":""relation"",""recorded_at"":""2026-08-30T00:00:00Z"",""semantic_key"":""b10:dmoi4:relation:urn:uuid:3b9febb1-885a-5be3-82a9-29058d23de28""}"
urn:uuid:93b900be-4ac1-5b14-816e-897fa0b5e885,relation,"{""dataset_id"":""urn:uuid:6090fc4b-b34d-5cff-8f65-acaa06ddd1fc"",""id"":""urn:uuid:93b900be-4ac1-5b14-816e-897fa0b5e885"",""normalized_state"":""validated"",""owner_authority_id"":""urn:uuid:4dea4d1d-09ba-504e-9fcd-83524281ca97"",""owner_native_state"":""exact_evidence"",""payload"":{""concept_relation_inferred"":false,""evidence"":{""assertion_method"":""source_topology"",""confidence"":""exact"",""native_relation_id"":""urn:uuid:47120ca7-b75c-56a0-b75a-1bff90af210b"",""source_locator"":""full authority XInclude/element topology""},""from_endpoint"":{""native_id"":""urn:uuid:bfe1ccde-4c5d-5d30-98d7-8d594bf6b2df"",""projected_id"":""urn:uuid:dc683ade-6a48-5a25-b0cc-c1d5dca5e2db""},""relation_type"":""contains"",""strength"":""hard"",""to_endpoint"":{""native_id"":""urn:uuid:55b5e781-becc-5d2f-9147-127125e479e3"",""projected_id"":""urn:uuid:f8eeab59-8e60-53fd-a099-48e78e0fc2a1""}},""record_type"":""relation"",""recorded_at"":""2026-08-30T00:00:00Z"",""semantic_key"":""b10:dmoi4:relation:urn:uuid:47120ca7-b75c-56a0-b75a-1bff90af210b""}"
urn:uuid:97dbf63e-8abc-527b-a0dc-12a74e8af9a1,relation,"{""dataset_id"":""urn:uuid:6090fc4b-b34d-5cff-8f65-acaa06ddd1fc"",""id"":""urn:uuid:97dbf63e-8abc-527b-a0dc-12a74e8af9a1"",""normalized_state"":""validated"",""owner_authority_id"":""urn:uuid:4dea4d1d-09ba-504e-9fcd-83524281ca97"",""owner_native_state"":""exact_evidence"",""payload"":{""concept_relation_inferred"":false,""evidence"":{""assertion_method"":""source_topology"",""confidence"":""exact"",""native_relation_id"":""urn:uuid:e7a1038d-c5b8-5c25-9b39-c488224033c2"",""source_locator"":""full authority XInclude/element topology""},""from_endpoint"":{""native_id"":""urn:uuid:bfe1ccde-4c5d-5d30-98d7-8d594bf6b2df"",""projected_id"":""urn:uuid:dc683ade-6a48-5a25-b0cc-c1d5dca5e2db""},""relation_type"":""contains"",""strength"":""hard"",""to_endpoint"":{""native_id"":""urn:uuid:59d6f92e-28e5-5920-a8a1-e4f925570072"",""projected_id"":""urn:uuid:4a2f67bf-b869-5240-93da-0bd24b1488b5""}},""record_type"":""relation"",""recorded_at"":""2026-08-30T00:00:00Z"",""semantic_key"":""b10:dmoi4:relation:urn:uuid:e7a1038d-c5b8-5c25-9b39-c488224033c2""}"
urn:uuid:47943a74-ac37-54f2-b2d8-7cc60395ca5a,relation,"{""dataset_id"":""urn:uuid:6090fc4b-b34d-5cff-8f65-acaa06ddd1fc"",""id"":""urn:uuid:47943a74-ac37-54f2-b2d8-7cc60395ca5a"",""normalized_state"":""validated"",""owner_authority_id"":""urn:uuid:4dea4d1d-09ba-504e-9fcd-83524281ca97"",""owner_native_state"":""exact_evidence"",""payload"":{""concept_relation_inferred"":false,""evidence"":{""assertion_method"":""source_topology"",""confidence"":""exact"",""native_relation_id"":""urn:uuid:bc0feacb-714e-5a58-aba5-a1c2780fac14"",""source_locator"":""full authority XInclude/element topology""},""from_endpoint"":{""native_id"":""urn:uuid:bfe1ccde-4c5d-5d30-98d7-8d594bf6b2df"",""projected_id"":""urn:uuid:dc683ade-6a48-5a25-b0cc-c1d5dca5e2db""},""relation_type"":""contains"",""strength"":""hard"",""to_endpoint"":{""native_id"":""urn:uuid:cb7fffa2-e8fc-568e-af2d-df95b11e9251"",""projected_id"":""urn:uuid:17d02238-fa55-5b4e-8020-8f9a9f258d43""}},""record_type"":""relation"",""recorded_at"":""2026-08-30T00:00:00Z"",""semantic_key"":""b10:dmoi4:relation:urn:uuid:bc0feacb-714e-5a58-aba5-a1c2780fac14""}"
urn:uuid:ad85a733-50a6-5b17-ba31-4d33daebc9ec,relation,"{""dataset_id"":""urn:uuid:6090fc4b-b34d-5cff-8f65-acaa06ddd1fc"",""id"":""urn:uuid:ad85a733-50a6-5b17-ba31-4d33daebc9ec"",""normalized_state"":""validated"",""owner_authority_id"":""urn:uuid:4dea4d1d-09ba-504e-9fcd-83524281ca97"",""owner_native_state"":""exact_evidence"",""payload"":{""concept_relation_inferred"":false,""evidence"":{""assertion_method"":""source_topology"",""confidence"":""exact"",""native_relation_id"":""urn:uuid:06ce592a-54d4-5f83-b9ab-a117327f2563"",""source_locator"":""full authority XInclude/element topology""},""from_endpoint"":{""native_id"":""urn:uuid:c4b8c85f-a37a-5743-86ff-d4eb182a9667"",""projected_id"":""urn:uuid:88e0e0e6-b2b4-59c9-9f48-2b32fae0f2c3""},""relation_type"":""contains"",""strength"":""hard"",""to_endpoint"":{""native_id"":""urn:uuid:52208520-fa97-5ae6-832e-64fc5f08e4e0"",""projected_id"":""urn:uuid:cb4e1bf3-4c66-5a48-ac3d-47404af42f06""}},""record_type"":""relation"",""recorded_at"":""2026-08-30T00:00:00Z"",""semantic_key"":""b10:dmoi4:relation:urn:uuid:06ce592a-54d4-5f83-b9ab-a117327f2563""}"
urn:uuid:ad2d71ac-a318-5844-b7a6-56f2e662b899,relation,"{""dataset_id"":""urn:uuid:6090fc4b-b34d-5cff-8f65-acaa06ddd1fc"",""id"":""urn:uuid:ad2d71ac-a318-5844-b7a6-56f2e662b899"",""normalized_state"":""validated"",""owner_authority_id"":""urn:uuid:4dea4d1d-09ba-504e-9fcd-83524281ca97"",""owner_native_state"":""exact_evidence"",""payload"":{""concept_relation_inferred"":false,""evidence"":{""assertion_method"":""source_topology"",""confidence"":""exact"",""native_relation_id"":""urn:uuid:0269588a-afc7-5f80-988b-180b38bb2028"",""source_locator"":""full authority XInclude/element topology""},""from_endpoint"":{""native_id"":""urn:uuid:c4b8c85f-a37a-5743-86ff-d4eb182a9667"",""projected_id"":""urn:uuid:88e0e0e6-b2b4-59c9-9f48-2b32fae0f2c3""},""relation_type"":""contains"",""strength"":""hard"",""to_endpoint"":{""native_id"":""urn:uuid:8b921663-895a-58ba-a836-1e32ad9795a5"",""projected_id"":""urn:uuid:f17f6dd3-3587-5e90-87d4-077067c35f55""}},""record_type"":""relation"",""recorded_at"":""2026-08-30T00:00:00Z"",""semantic_key"":""b10:dmoi4:relation:urn:uuid:0269588a-afc7-5f80-988b-180b38bb2028""}"
urn:uuid:36fd3007-f2fa-54d7-8189-3d4a5fde6209,relation,"{""dataset_id"":""urn:uuid:6090fc4b-b34d-5cff-8f65-acaa06ddd1fc"",""id"":""urn:uuid:36fd3007-f2fa-54d7-8189-3d4a5fde6209"",""normalized_state"":""validated"",""owner_authority_id"":""urn:uuid:4dea4d1d-09ba-504e-9fcd-83524281ca97"",""owner_native_state"":""exact_evidence"",""payload"":{""concept_relation_inferred"":false,""evidence"":{""assertion_method"":""source_topology"",""confidence"":""exact"",""native_relation_id"":""urn:uuid:4f969aee-4f6d-52bb-9e1a-8f099278e445"",""source_locator"":""full authority XInclude/element topology""},""from_endpoint"":{""native_id"":""urn:uuid:c4b8c85f-a37a-5743-86ff-d4eb182a9667"",""projected_id"":""urn:uuid:88e0e0e6-b2b4-59c9-9f48-2b32fae0f2c3""},""relation_type"":""contains"",""strength"":""hard"",""to_endpoint"":{""native_id"":""urn:uuid:ecf87d52-bcf3-503b-bc27-2c1e4a1c641c"",""projected_id"":""urn:uuid:72936f9b-39d3-5ccd-80de-406ad1c7d7f2""}},""record_type"":""relation"",""recorded_at"":""2026-08-30T00:00:00Z"",""semantic_key"":""b10:dmoi4:relation:urn:uuid:4f969aee-4f6d-52bb-9e1a-8f099278e445""}"
urn:uuid:48de8b2c-d998-536f-8fc3-cffec3ce7c2c,relation,"{""dataset_id"":""urn:uuid:6090fc4b-b34d-5cff-8f65-acaa06ddd1fc"",""id"":""urn:uuid:48de8b2c-d998-536f-8fc3-cffec3ce7c2c"",""normalized_state"":""validated"",""owner_authority_id"":""urn:uuid:4dea4d1d-09ba-504e-9fcd-83524281ca97"",""owner_native_state"":""exact_evidence"",""payload"":{""concept_relation_inferred"":false,""evidence"":{""assertion_method"":""source_topology"",""confidence"":""exact"",""native_relation_id"":""urn:uuid:6bbae282-c430-57bc-bed5-7ff32a9c7e75"",""source_locator"":""full authority XInclude/element topology""},""from_endpoint"":{""native_id"":""urn:uuid:c4d80cc8-36c6-5b2e-a1c2-71ad1af56257"",""projected_id"":""urn:uuid:32ca07e9-52d1-52cf-b7ae-85c925d20fed""},""relation_type"":""contains"",""strength"":""hard"",""to_endpoint"":{""native_id"":""urn:uuid:327e900a-76bf-5a20-86de-0b69b8f0522a"",""projected_id"":""urn:uuid:54c5f6a3-aadb-5ace-9eaa-475711e298a7""}},""record_type"":""relation"",""recorded_at"":""2026-08-30T00:00:00Z"",""semantic_key"":""b10:dmoi4:relation:urn:uuid:6bbae282-c430-57bc-bed5-7ff32a9c7e75""}"
urn:uuid:df8561ae-c39e-5348-99c5-12ec6afb44ba,relation,"{""dataset_id"":""urn:uuid:6090fc4b-b34d-5cff-8f65-acaa06ddd1fc"",""id"":""urn:uuid:df8561ae-c39e-5348-99c5-12ec6afb44ba"",""normalized_state"":""validated"",""owner_authority_id"":""urn:uuid:4dea4d1d-09ba-504e-9fcd-83524281ca97"",""owner_native_state"":""exact_evidence"",""payload"":{""concept_relation_inferred"":false,""evidence"":{""assertion_method"":""source_topology"",""confidence"":""exact"",""native_relation_id"":""urn:uuid:9469ef79-dc36-5295-8ed9-dfbf1cd6d2e2"",""source_locator"":""full authority XInclude/element topology""},""from_endpoint"":{""native_id"":""urn:uuid:c4d80cc8-36c6-5b2e-a1c2-71ad1af56257"",""projected_id"":""urn:uuid:32ca07e9-52d1-52cf-b7ae-85c925d20fed""},""relation_type"":""contains"",""strength"":""hard"",""to_endpoint"":{""native_id"":""urn:uuid:38e23eff-f74f-594b-b46e-57c1dc4dd4ad"",""projected_id"":""urn:uuid:bf78ba46-c556-5946-bf01-23391c99fe21""}},""record_type"":""relation"",""recorded_at"":""2026-08-30T00:00:00Z"",""semantic_key"":""b10:dmoi4:relation:urn:uuid:9469ef79-dc36-5295-8ed9-dfbf1cd6d2e2""}"
urn:uuid:0612543b-8dfa-507d-9b0c-f426bcce817a,relation,"{""dataset_id"":""urn:uuid:6090fc4b-b34d-5cff-8f65-acaa06ddd1fc"",""id"":""urn:uuid:0612543b-8dfa-507d-9b0c-f426bcce817a"",""normalized_state"":""validated"",""owner_authority_id"":""urn:uuid:4dea4d1d-09ba-504e-9fcd-83524281ca97"",""owner_native_state"":""exact_evidence"",""payload"":{""concept_relation_inferred"":false,""evidence"":{""assertion_method"":""source_topology"",""confidence"":""exact"",""native_relation_id"":""urn:uuid:97c59d05-a849-5518-bfa0-a69612f89829"",""source_locator"":""full authority XInclude/element topology""},""from_endpoint"":{""native_id"":""urn:uuid:c4d80cc8-36c6-5b2e-a1c2-71ad1af56257"",""projected_id"":""urn:uuid:32ca07e9-52d1-52cf-b7ae-85c925d20fed""},""relation_type"":""contains"",""strength"":""hard"",""to_endpoint"":{""native_id"":""urn:uuid:af7192b1-fad3-5515-a720-202fac07f022"",""projected_id"":""urn:uuid:ad59b9ba-8883-51fe-886e-56c748b5fe88""}},""record_type"":""relation"",""recorded_at"":""2026-08-30T00:00:00Z"",""semantic_key"":""b10:dmoi4:relation:urn:uuid:97c59d05-a849-5518-bfa0-a69612f89829""}"
urn:uuid:654dc688-f1ae-548d-8b7a-7851b002d6f0,relation,"{""dataset_id"":""urn:uuid:6090fc4b-b34d-5cff-8f65-acaa06ddd1fc"",""id"":""urn:uuid:654dc688-f1ae-548d-8b7a-7851b002d6f0"",""normalized_state"":""validated"",""owner_authority_id"":""urn:uuid:4dea4d1d-09ba-504e-9fcd-83524281ca97"",""owner_native_state"":""exact_evidence"",""payload"":{""concept_relation_inferred"":false,""evidence"":{""assertion_method"":""source_topology"",""confidence"":""exact"",""native_relation_id"":""urn:uuid:a11ba536-48dc-5fd2-88e6-791ef5576aca"",""source_locator"":""full authority XInclude/element topology""},""from_endpoint"":{""native_id"":""urn:uuid:c4d80cc8-36c6-5b2e-a1c2-71ad1af56257"",""projected_id"":""urn:uuid:32ca07e9-52d1-52cf-b7ae-85c925d20fed""},""relation_type"":""contains"",""strength"":""hard"",""to_endpoint"":{""native_id"":""urn:uuid:c79a88a0-6167-594e-93bd-d70ea0b95fc3"",""projected_id"":""urn:uuid:4182ae10-0790-591a-8477-a22a70292150""}},""record_type"":""relation"",""recorded_at"":""2026-08-30T00:00:00Z"",""semantic_key"":""b10:dmoi4:relation:urn:uuid:a11ba536-48dc-5fd2-88e6-791ef5576aca""}"
urn:uuid:8af2c9e4-7569-52bf-a39e-804303eddd34,relation,"{""dataset_id"":""urn:uuid:6090fc4b-b34d-5cff-8f65-acaa06ddd1fc"",""id"":""urn:uuid:8af2c9e4-7569-52bf-a39e-804303eddd34"",""normalized_state"":""validated"",""owner_authority_id"":""urn:uuid:4dea4d1d-09ba-504e-9fcd-83524281ca97"",""owner_native_state"":""exact_evidence"",""payload"":{""concept_relation_inferred"":false,""evidence"":{""assertion_method"":""source_topology"",""confidence"":""exact"",""native_relation_id"":""urn:uuid:efaa3231-cdf7-5e71-b924-4897922882b4"",""source_locator"":""full authority XInclude/element topology""},""from_endpoint"":{""native_id"":""urn:uuid:c854155b-85ad-5ce2-9533-dc610468de47"",""projected_id"":""urn:uuid:44ae7401-4761-5c46-88a5-4b7d027ff5c4""},""relation_type"":""contains"",""strength"":""hard"",""to_endpoint"":{""native_id"":""urn:uuid:2165682e-6bfc-57d9-b21d-df415f38ef6d"",""projected_id"":""urn:uuid:53f81a86-1444-5fc1-bebc-fb5a478d6ded""}},""record_type"":""relation"",""recorded_at"":""2026-08-30T00:00:00Z"",""semantic_key"":""b10:dmoi4:relation:urn:uuid:efaa3231-cdf7-5e71-b924-4897922882b4""}"
urn:uuid:cc97a984-6853-58ef-abe2-d23566e96519,relation,"{""dataset_id"":""urn:uuid:6090fc4b-b34d-5cff-8f65-acaa06ddd1fc"",""id"":""urn:uuid:cc97a984-6853-58ef-abe2-d23566e96519"",""normalized_state"":""validated"",""owner_authority_id"":""urn:uuid:4dea4d1d-09ba-504e-9fcd-83524281ca97"",""owner_native_state"":""exact_evidence"",""payload"":{""concept_relation_inferred"":false,""evidence"":{""assertion_method"":""source_topology"",""confidence"":""exact"",""native_relation_id"":""urn:uuid:2af229e0-0a59-56e4-9651-5174c43fe3dc"",""source_locator"":""full authority XInclude/element topology""},""from_endpoint"":{""native_id"":""urn:uuid:c854155b-85ad-5ce2-9533-dc610468de47"",""projected_id"":""urn:uuid:44ae7401-4761-5c46-88a5-4b7d027ff5c4""},""relation_type"":""contains"",""strength"":""hard"",""to_endpoint"":{""native_id"":""urn:uuid:484c12d8-d40e-559a-8c96-8a0131755ea3"",""projected_id"":""urn:uuid:bdf3fecc-3f79-51d2-8ae9-e729814b2b4b""}},""record_type"":""relation"",""recorded_at"":""2026-08-30T00:00:00Z"",""semantic_key"":""b10:dmoi4:relation:urn:uuid:2af229e0-0a59-56e4-9651-5174c43fe3dc""}"
urn:uuid:ef623752-5fd7-561c-a329-c1584c9ff16c,relation,"{""dataset_id"":""urn:uuid:6090fc4b-b34d-5cff-8f65-acaa06ddd1fc"",""id"":""urn:uuid:ef623752-5fd7-561c-a329-c1584c9ff16c"",""normalized_state"":""validated"",""owner_authority_id"":""urn:uuid:4dea4d1d-09ba-504e-9fcd-83524281ca97"",""owner_native_state"":""exact_evidence"",""payload"":{""concept_relation_inferred"":false,""evidence"":{""assertion_method"":""source_topology"",""confidence"":""exact"",""native_relation_id"":""urn:uuid:aadc5f7e-81cf-5364-8570-a57c044c8393"",""source_locator"":""full authority XInclude/element topology""},""from_endpoint"":{""native_id"":""urn:uuid:c854155b-85ad-5ce2-9533-dc610468de47"",""projected_id"":""urn:uuid:44ae7401-4761-5c46-88a5-4b7d027ff5c4""},""relation_type"":""contains"",""strength"":""hard"",""to_endpoint"":{""native_id"":""urn:uuid:63f1de2a-8925-536e-8ebd-c1c73ffef03a"",""projected_id"":""urn:uuid:59deb509-3300-5a48-a499-541f1290c16a""}},""record_type"":""relation"",""recorded_at"":""2026-08-30T00:00:00Z"",""semantic_key"":""b10:dmoi4:relation:urn:uuid:aadc5f7e-81cf-5364-8570-a57c044c8393""}"
urn:uuid:1b4e4d7d-e257-5e67-be74-3f9e447e5145,relation,"{""dataset_id"":""urn:uuid:6090fc4b-b34d-5cff-8f65-acaa06ddd1fc"",""id"":""urn:uuid:1b4e4d7d-e257-5e67-be74-3f9e447e5145"",""normalized_state"":""validated"",""owner_authority_id"":""urn:uuid:4dea4d1d-09ba-504e-9fcd-83524281ca97"",""owner_native_state"":""exact_evidence"",""payload"":{""concept_relation_inferred"":false,""evidence"":{""assertion_method"":""source_topology"",""confidence"":""exact"",""native_relation_id"":""urn:uuid:18c197c8-d032-5bd9-9627-da8e014bddb0"",""source_locator"":""full authority XInclude/element topology""},""from_endpoint"":{""native_id"":""urn:uuid:c854155b-85ad-5ce2-9533-dc610468de47"",""projected_id"":""urn:uuid:44ae7401-4761-5c46-88a5-4b7d027ff5c4""},""relation_type"":""contains"",""strength"":""hard"",""to_endpoint"":{""native_id"":""urn:uuid:7c45b75d-93d7-5cd3-8455-0164181f30aa"",""projected_id"":""urn:uuid:42700e28-d348-5ec0-8938-08604aca7de7""}},""record_type"":""relation"",""recorded_at"":""2026-08-30T00:00:00Z"",""semantic_key"":""b10:dmoi4:relation:urn:uuid:18c197c8-d032-5bd9-9627-da8e014bddb0""}"
urn:uuid:6299feb1-b4e6-5bf6-a27a-37d2a001b5a1,relation,"{""dataset_id"":""urn:uuid:6090fc4b-b34d-5cff-8f65-acaa06ddd1fc"",""id"":""urn:uuid:6299feb1-b4e6-5bf6-a27a-37d2a001b5a1"",""normalized_state"":""validated"",""owner_authority_id"":""urn:uuid:4dea4d1d-09ba-504e-9fcd-83524281ca97"",""owner_native_state"":""exact_evidence"",""payload"":{""concept_relation_inferred"":false,""evidence"":{""assertion_method"":""source_topology"",""confidence"":""exact"",""native_relation_id"":""urn:uuid:07c2ac28-ed41-5d03-be4d-5591cea2979c"",""source_locator"":""full authority XInclude/element topology""},""from_endpoint"":{""native_id"":""urn:uuid:c9ec9851-c7c8-5b3e-9eb9-1724383e3d80"",""projected_id"":""urn:uuid:19782d47-7d26-5573-ac01-b436d462e4a9""},""relation_type"":""contains"",""strength"":""hard"",""to_endpoint"":{""native_id"":""urn:uuid:101d36b2-cada-5b15-a96e-b130ede327e8"",""projected_id"":""urn:uuid:0d77d2af-a9e8-540c-beb8-da0ed24a31f8""}},""record_type"":""relation"",""recorded_at"":""2026-08-30T00:00:00Z"",""semantic_key"":""b10:dmoi4:relation:urn:uuid:07c2ac28-ed41-5d03-be4d-5591cea2979c""}"
urn:uuid:82397a28-0df4-529a-98d3-5565734f0285,relation,"{""dataset_id"":""urn:uuid:6090fc4b-b34d-5cff-8f65-acaa06ddd1fc"",""id"":""urn:uuid:82397a28-0df4-529a-98d3-5565734f0285"",""normalized_state"":""validated"",""owner_authority_id"":""urn:uuid:4dea4d1d-09ba-504e-9fcd-83524281ca97"",""owner_native_state"":""exact_evidence"",""payload"":{""concept_relation_inferred"":false,""evidence"":{""assertion_method"":""source_topology"",""confidence"":""exact"",""native_relation_id"":""urn:uuid:ea4a47f5-8960-59fe-a3f0-572c17ce5321"",""source_locator"":""full authority XInclude/element topology""},""from_endpoint"":{""native_id"":""urn:uuid:c9ec9851-c7c8-5b3e-9eb9-1724383e3d80"",""projected_id"":""urn:uuid:19782d47-7d26-5573-ac01-b436d462e4a9""},""relation_type"":""contains"",""strength"":""hard"",""to_endpoint"":{""native_id"":""urn:uuid:133ebff9-3ea0-5212-9491-829cf9c983c2"",""projected_id"":""urn:uuid:77e2c861-8de4-59c2-83ef-4c87c41127ed""}},""record_type"":""relation"",""recorded_at"":""2026-08-30T00:00:00Z"",""semantic_key"":""b10:dmoi4:relation:urn:uuid:ea4a47f5-8960-59fe-a3f0-572c17ce5321""}"
urn:uuid:8743b87b-6485-5a53-805b-c4459fe65b4c,relation,"{""dataset_id"":""urn:uuid:6090fc4b-b34d-5cff-8f65-acaa06ddd1fc"",""id"":""urn:uuid:8743b87b-6485-5a53-805b-c4459fe65b4c"",""normalized_state"":""validated"",""owner_authority_id"":""urn:uuid:4dea4d1d-09ba-504e-9fcd-83524281ca97"",""owner_native_state"":""exact_evidence"",""payload"":{""concept_relation_inferred"":false,""evidence"":{""assertion_method"":""source_topology"",""confidence"":""exact"",""native_relation_id"":""urn:uuid:a6c48e7b-1670-51f6-aee1-50e31445421c"",""source_locator"":""full authority XInclude/element topology""},""from_endpoint"":{""native_id"":""urn:uuid:c9ec9851-c7c8-5b3e-9eb9-1724383e3d80"",""projected_id"":""urn:uuid:19782d47-7d26-5573-ac01-b436d462e4a9""},""relation_type"":""contains"",""strength"":""hard"",""to_endpoint"":{""native_id"":""urn:uuid:7b901c5a-9d96-5f82-8906-749de080f549"",""projected_id"":""urn:uuid:72ae4829-ea86-5f04-98bf-f83bcc94e1a1""}},""record_type"":""relation"",""recorded_at"":""2026-08-30T00:00:00Z"",""semantic_key"":""b10:dmoi4:relation:urn:uuid:a6c48e7b-1670-51f6-aee1-50e31445421c""}"
urn:uuid:f78e03e7-14fb-5fed-ac9c-6e4668fdeb05,relation,"{""dataset_id"":""urn:uuid:6090fc4b-b34d-5cff-8f65-acaa06ddd1fc"",""id"":""urn:uuid:f78e03e7-14fb-5fed-ac9c-6e4668fdeb05"",""normalized_state"":""validated"",""owner_authority_id"":""urn:uuid:4dea4d1d-09ba-504e-9fcd-83524281ca97"",""owner_native_state"":""exact_evidence"",""payload"":{""concept_relation_inferred"":false,""evidence"":{""assertion_method"":""source_topology"",""confidence"":""exact"",""native_relation_id"":""urn:uuid:464ae8e4-5955-5184-82af-e5c579bafeb2"",""source_locator"":""full authority XInclude/element topology""},""from_endpoint"":{""native_id"":""urn:uuid:c9ec9851-c7c8-5b3e-9eb9-1724383e3d80"",""projected_id"":""urn:uuid:19782d47-7d26-5573-ac01-b436d462e4a9""},""relation_type"":""contains"",""strength"":""hard"",""to_endpoint"":{""native_id"":""urn:uuid:860447d3-33a8-5eff-bbf8-3ab290627917"",""projected_id"":""urn:uuid:51608a44-3653-5916-aa7f-8c2319250fa1""}},""record_type"":""relation"",""recorded_at"":""2026-08-30T00:00:00Z"",""semantic_key"":""b10:dmoi4:relation:urn:uuid:464ae8e4-5955-5184-82af-e5c579bafeb2""}"
urn:uuid:0bb4639b-d1bd-5d93-ae4f-0c61c2491a04,relation,"{""dataset_id"":""urn:uuid:6090fc4b-b34d-5cff-8f65-acaa06ddd1fc"",""id"":""urn:uuid:0bb4639b-d1bd-5d93-ae4f-0c61c2491a04"",""normalized_state"":""validated"",""owner_authority_id"":""urn:uuid:4dea4d1d-09ba-504e-9fcd-83524281ca97"",""owner_native_state"":""exact_evidence"",""payload"":{""concept_relation_inferred"":false,""evidence"":{""assertion_method"":""source_topology"",""confidence"":""exact"",""native_relation_id"":""urn:uuid:56579fc4-af79-55ee-86fe-a106efa07f3f"",""source_locator"":""full authority XInclude/element topology""},""from_endpoint"":{""native_id"":""urn:uuid:d267e9b0-4f2c-59d8-be2f-fea5a4ef7e93"",""projected_id"":""urn:uuid:c3756ea1-fba4-5de4-88f5-2b9a431cb4b3""},""relation_type"":""contains"",""strength"":""hard"",""to_endpoint"":{""native_id"":""urn:uuid:1ce5d3c9-15e3-5454-9647-fb4816ced777"",""projected_id"":""urn:uuid:8729e8a5-9bfa-5a59-af37-a9ccdec0611c""}},""record_type"":""relation"",""recorded_at"":""2026-08-30T00:00:00Z"",""semantic_key"":""b10:dmoi4:relation:urn:uuid:56579fc4-af79-55ee-86fe-a106efa07f3f""}"
urn:uuid:2d9564a2-7e5e-5de7-9bbd-8bb3e8f3a0c1,relation,"{""dataset_id"":""urn:uuid:6090fc4b-b34d-5cff-8f65-acaa06ddd1fc"",""id"":""urn:uuid:2d9564a2-7e5e-5de7-9bbd-8bb3e8f3a0c1"",""normalized_state"":""validated"",""owner_authority_id"":""urn:uuid:4dea4d1d-09ba-504e-9fcd-83524281ca97"",""owner_native_state"":""exact_evidence"",""payload"":{""concept_relation_inferred"":false,""evidence"":{""assertion_method"":""source_topology"",""confidence"":""exact"",""native_relation_id"":""urn:uuid:742d4ada-9dc9-5f0a-b254-3923dd6ffad6"",""source_locator"":""full authority XInclude/element topology""},""from_endpoint"":{""native_id"":""urn:uuid:d267e9b0-4f2c-59d8-be2f-fea5a4ef7e93"",""projected_id"":""urn:uuid:c3756ea1-fba4-5de4-88f5-2b9a431cb4b3""},""relation_type"":""contains"",""strength"":""hard"",""to_endpoint"":{""native_id"":""urn:uuid:4ebee82f-1c11-5a7d-bc0b-36c9bda66ced"",""projected_id"":""urn:uuid:31b8e990-3f1b-5b8e-ac4c-9b25742a7baa""}},""record_type"":""relation"",""recorded_at"":""2026-08-30T00:00:00Z"",""semantic_key"":""b10:dmoi4:relation:urn:uuid:742d4ada-9dc9-5f0a-b254-3923dd6ffad6""}"
urn:uuid:c1a7496c-6c5d-5224-8007-1918d5dd1c40,relation,"{""dataset_id"":""urn:uuid:6090fc4b-b34d-5cff-8f65-acaa06ddd1fc"",""id"":""urn:uuid:c1a7496c-6c5d-5224-8007-1918d5dd1c40"",""normalized_state"":""validated"",""owner_authority_id"":""urn:uuid:4dea4d1d-09ba-504e-9fcd-83524281ca97"",""owner_native_state"":""exact_evidence"",""payload"":{""concept_relation_inferred"":false,""evidence"":{""assertion_method"":""source_topology"",""confidence"":""exact"",""native_relation_id"":""urn:uuid:91113902-b35b-51b5-a511-365c0b848d6d"",""source_locator"":""full authority XInclude/element topology""},""from_endpoint"":{""native_id"":""urn:uuid:d267e9b0-4f2c-59d8-be2f-fea5a4ef7e93"",""projected_id"":""urn:uuid:c3756ea1-fba4-5de4-88f5-2b9a431cb4b3""},""relation_type"":""contains"",""strength"":""hard"",""to_endpoint"":{""native_id"":""urn:uuid:534cf573-b62a-58c4-9b9b-cf06e171c88e"",""projected_id"":""urn:uuid:312e4a06-dc22-5bfd-b100-b7536c280fc7""}},""record_type"":""relation"",""recorded_at"":""2026-08-30T00:00:00Z"",""semantic_key"":""b10:dmoi4:relation:urn:uuid:91113902-b35b-51b5-a511-365c0b848d6d""}"
urn:uuid:1625cc9c-7931-5b41-832e-fd027c9713c9,relation,"{""dataset_id"":""urn:uuid:6090fc4b-b34d-5cff-8f65-acaa06ddd1fc"",""id"":""urn:uuid:1625cc9c-7931-5b41-832e-fd027c9713c9"",""normalized_state"":""validated"",""owner_authority_id"":""urn:uuid:4dea4d1d-09ba-504e-9fcd-83524281ca97"",""owner_native_state"":""exact_evidence"",""payload"":{""concept_relation_inferred"":false,""evidence"":{""assertion_method"":""source_topology"",""confidence"":""exact"",""native_relation_id"":""urn:uuid:5ac2b69b-8a08-5924-b501-4dd2df68c14c"",""source_locator"":""pilot source topology""},""from_endpoint"":{""native_id"":""urn:uuid:d699676f-28f3-5930-81f2-4927bae3973f"",""projected_id"":""urn:uuid:a3df6f90-069b-5cb0-9507-ee3a71128db8""},""relation_type"":""contains"",""strength"":""hard"",""to_endpoint"":{""native_id"":""urn:uuid:bb2d29da-7d8e-52d4-bbec-b09b5d291713"",""projected_id"":""urn:uuid:357cee66-25c5-524a-a299-96db22ea2fe9""}},""record_type"":""relation"",""recorded_at"":""2026-08-30T00:00:00Z"",""semantic_key"":""b10:dmoi4:relation:urn:uuid:5ac2b69b-8a08-5924-b501-4dd2df68c14c""}"
urn:uuid:e9636bb3-3ecb-59df-9175-9880a4ce7f80,relation,"{""dataset_id"":""urn:uuid:6090fc4b-b34d-5cff-8f65-acaa06ddd1fc"",""id"":""urn:uuid:e9636bb3-3ecb-59df-9175-9880a4ce7f80"",""normalized_state"":""validated"",""owner_authority_id"":""urn:uuid:4dea4d1d-09ba-504e-9fcd-83524281ca97"",""owner_native_state"":""exact_evidence"",""payload"":{""concept_relation_inferred"":false,""evidence"":{""assertion_method"":""source_topology"",""confidence"":""exact"",""native_relation_id"":""urn:uuid:d74f313b-95c0-5908-90e7-7b9e24c6d5a0"",""source_locator"":""pilot source topology""},""from_endpoint"":{""native_id"":""urn:uuid:d699676f-28f3-5930-81f2-4927bae3973f"",""projected_id"":""urn:uuid:a3df6f90-069b-5cb0-9507-ee3a71128db8""},""relation_type"":""contains"",""strength"":""hard"",""to_endpoint"":{""native_id"":""urn:uuid:c271e0d8-f961-5c91-9128-2eece0eaa146"",""projected_id"":""urn:uuid:b95edd49-bef4-5069-9c46-884f45998bfe""}},""record_type"":""relation"",""recorded_at"":""2026-08-30T00:00:00Z"",""semantic_key"":""b10:dmoi4:relation:urn:uuid:d74f313b-95c0-5908-90e7-7b9e24c6d5a0""}"
urn:uuid:e6ccd24f-9b97-58ce-8b66-0021d47b4b38,relation,"{""dataset_id"":""urn:uuid:6090fc4b-b34d-5cff-8f65-acaa06ddd1fc"",""id"":""urn:uuid:e6ccd24f-9b97-58ce-8b66-0021d47b4b38"",""normalized_state"":""validated"",""owner_authority_id"":""urn:uuid:4dea4d1d-09ba-504e-9fcd-83524281ca97"",""owner_native_state"":""exact_evidence"",""payload"":{""concept_relation_inferred"":false,""evidence"":{""assertion_method"":""source_topology"",""confidence"":""exact"",""native_relation_id"":""urn:uuid:42bc9fa3-0a06-56c4-a5a4-fec787da5927"",""source_locator"":""full authority XInclude/element topology""},""from_endpoint"":{""native_id"":""urn:uuid:d77ac50a-8e92-5fb4-b32d-2884d673b368"",""projected_id"":""urn:uuid:c8ad07a5-4800-5e85-b1b7-c3491ccb6008""},""relation_type"":""contains"",""strength"":""hard"",""to_endpoint"":{""native_id"":""urn:uuid:05228726-9598-56be-b15b-26a83661d0d2"",""projected_id"":""urn:uuid:e1e4f925-1208-5354-8f93-0f01fd5b54fb""}},""record_type"":""relation"",""recorded_at"":""2026-08-30T00:00:00Z"",""semantic_key"":""b10:dmoi4:relation:urn:uuid:42bc9fa3-0a06-56c4-a5a4-fec787da5927""}"
urn:uuid:d3a062b9-2d13-5133-98c3-3c4d4b512352,relation,"{""dataset_id"":""urn:uuid:6090fc4b-b34d-5cff-8f65-acaa06ddd1fc"",""id"":""urn:uuid:d3a062b9-2d13-5133-98c3-3c4d4b512352"",""normalized_state"":""validated"",""owner_authority_id"":""urn:uuid:4dea4d1d-09ba-504e-9fcd-83524281ca97"",""owner_native_state"":""exact_evidence"",""payload"":{""concept_relation_inferred"":false,""evidence"":{""assertion_method"":""source_topology"",""confidence"":""exact"",""native_relation_id"":""urn:uuid:a04bdb5c-ded8-5789-84b9-f1ee3fc10d0d"",""source_locator"":""full authority XInclude/element topology""},""from_endpoint"":{""native_id"":""urn:uuid:d77ac50a-8e92-5fb4-b32d-2884d673b368"",""projected_id"":""urn:uuid:c8ad07a5-4800-5e85-b1b7-c3491ccb6008""},""relation_type"":""contains"",""strength"":""hard"",""to_endpoint"":{""native_id"":""urn:uuid:5464d3ea-6b6d-58da-b255-60bf456cc8b4"",""projected_id"":""urn:uuid:6dfd9475-193b-54bf-801e-054da99b2b7a""}},""record_type"":""relation"",""recorded_at"":""2026-08-30T00:00:00Z"",""semantic_key"":""b10:dmoi4:relation:urn:uuid:a04bdb5c-ded8-5789-84b9-f1ee3fc10d0d""}"
urn:uuid:c15ee398-3784-50a9-af0a-cba4457baa64,relation,"{""dataset_id"":""urn:uuid:6090fc4b-b34d-5cff-8f65-acaa06ddd1fc"",""id"":""urn:uuid:c15ee398-3784-50a9-af0a-cba4457baa64"",""normalized_state"":""validated"",""owner_authority_id"":""urn:uuid:4dea4d1d-09ba-504e-9fcd-83524281ca97"",""owner_native_state"":""exact_evidence"",""payload"":{""concept_relation_inferred"":false,""evidence"":{""assertion_method"":""source_topology"",""confidence"":""exact"",""native_relation_id"":""urn:uuid:120b9662-210c-596f-8006-61733aa57cbf"",""source_locator"":""full authority XInclude/element topology""},""from_endpoint"":{""native_id"":""urn:uuid:d77ac50a-8e92-5fb4-b32d-2884d673b368"",""projected_id"":""urn:uuid:c8ad07a5-4800-5e85-b1b7-c3491ccb6008""},""relation_type"":""contains"",""strength"":""hard"",""to_endpoint"":{""native_id"":""urn:uuid:b7c2189f-42cf-5bf5-8458-d6c20d5ea6df"",""projected_id"":""urn:uuid:1fabeeeb-9b09-5c0b-953a-67ed60765ce4""}},""record_type"":""relation"",""recorded_at"":""2026-08-30T00:00:00Z"",""semantic_key"":""b10:dmoi4:relation:urn:uuid:120b9662-210c-596f-8006-61733aa57cbf""}"
urn:uuid:f7a7fa14-4018-53ef-98fc-b8cf38968f0b,relation,"{""dataset_id"":""urn:uuid:6090fc4b-b34d-5cff-8f65-acaa06ddd1fc"",""id"":""urn:uuid:f7a7fa14-4018-53ef-98fc-b8cf38968f0b"",""normalized_state"":""validated"",""owner_authority_id"":""urn:uuid:4dea4d1d-09ba-504e-9fcd-83524281ca97"",""owner_native_state"":""exact_evidence"",""payload"":{""concept_relation_inferred"":false,""evidence"":{""assertion_method"":""source_topology"",""confidence"":""exact"",""native_relation_id"":""urn:uuid:785ff7f6-1d86-5b19-a365-d9a31693d8d2"",""source_locator"":""full authority XInclude/element topology""},""from_endpoint"":{""native_id"":""urn:uuid:d77ac50a-8e92-5fb4-b32d-2884d673b368"",""projected_id"":""urn:uuid:c8ad07a5-4800-5e85-b1b7-c3491ccb6008""},""relation_type"":""contains"",""strength"":""hard"",""to_endpoint"":{""native_id"":""urn:uuid:c927259d-6c0f-528f-bb08-a485b1e2b23c"",""projected_id"":""urn:uuid:f1a446c5-d80b-5a0d-9afb-a905c0011e5b""}},""record_type"":""relation"",""recorded_at"":""2026-08-30T00:00:00Z"",""semantic_key"":""b10:dmoi4:relation:urn:uuid:785ff7f6-1d86-5b19-a365-d9a31693d8d2""}"
urn:uuid:6b3c7316-f97a-5fc4-9d8f-a9375bb78e62,relation,"{""dataset_id"":""urn:uuid:6090fc4b-b34d-5cff-8f65-acaa06ddd1fc"",""id"":""urn:uuid:6b3c7316-f97a-5fc4-9d8f-a9375bb78e62"",""normalized_state"":""validated"",""owner_authority_id"":""urn:uuid:4dea4d1d-09ba-504e-9fcd-83524281ca97"",""owner_native_state"":""exact_evidence"",""payload"":{""concept_relation_inferred"":false,""evidence"":{""assertion_method"":""source_topology"",""confidence"":""exact"",""native_relation_id"":""urn:uuid:481a5054-3dff-51dc-8b17-025aaa8a3c41"",""source_locator"":""full authority XInclude/element topology""},""from_endpoint"":{""native_id"":""urn:uuid:d7897d8e-0878-5129-bbd8-2bff162600a0"",""projected_id"":""urn:uuid:c109d48c-5e73-52e1-915a-429e4657135a""},""relation_type"":""contains"",""strength"":""hard"",""to_endpoint"":{""native_id"":""urn:uuid:2d15eeb0-b3c1-560e-b10a-b29eb74d5e60"",""projected_id"":""urn:uuid:f15c5f39-0d3e-523a-9da1-3f1fb9c1a516""}},""record_type"":""relation"",""recorded_at"":""2026-08-30T00:00:00Z"",""semantic_key"":""b10:dmoi4:relation:urn:uuid:481a5054-3dff-51dc-8b17-025aaa8a3c41""}"
urn:uuid:21e8d41b-505b-5586-977a-7fcfd5e60cde,relation,"{""dataset_id"":""urn:uuid:6090fc4b-b34d-5cff-8f65-acaa06ddd1fc"",""id"":""urn:uuid:21e8d41b-505b-5586-977a-7fcfd5e60cde"",""normalized_state"":""validated"",""owner_authority_id"":""urn:uuid:4dea4d1d-09ba-504e-9fcd-83524281ca97"",""owner_native_state"":""exact_evidence"",""payload"":{""concept_relation_inferred"":false,""evidence"":{""assertion_method"":""source_topology"",""confidence"":""exact"",""native_relation_id"":""urn:uuid:23a8fa51-2055-58bf-b069-1bb252f300ed"",""source_locator"":""full authority XInclude/element topology""},""from_endpoint"":{""native_id"":""urn:uuid:d7897d8e-0878-5129-bbd8-2bff162600a0"",""projected_id"":""urn:uuid:c109d48c-5e73-52e1-915a-429e4657135a""},""relation_type"":""contains"",""strength"":""hard"",""to_endpoint"":{""native_id"":""urn:uuid:49cbf686-a78a-57d6-8518-7f4367bfdffa"",""projected_id"":""urn:uuid:0218c651-a707-51a4-887a-126e7a19bc86""}},""record_type"":""relation"",""recorded_at"":""2026-08-30T00:00:00Z"",""semantic_key"":""b10:dmoi4:relation:urn:uuid:23a8fa51-2055-58bf-b069-1bb252f300ed""}"
urn:uuid:289bcf4b-b816-5916-985e-d29ebe06371b,relation,"{""dataset_id"":""urn:uuid:6090fc4b-b34d-5cff-8f65-acaa06ddd1fc"",""id"":""urn:uuid:289bcf4b-b816-5916-985e-d29ebe06371b"",""normalized_state"":""validated"",""owner_authority_id"":""urn:uuid:4dea4d1d-09ba-504e-9fcd-83524281ca97"",""owner_native_state"":""exact_evidence"",""payload"":{""concept_relation_inferred"":false,""evidence"":{""assertion_method"":""source_topology"",""confidence"":""exact"",""native_relation_id"":""urn:uuid:ca5a78f9-50d1-56b4-a2c1-0221df91a29d"",""source_locator"":""full authority XInclude/element topology""},""from_endpoint"":{""native_id"":""urn:uuid:d7897d8e-0878-5129-bbd8-2bff162600a0"",""projected_id"":""urn:uuid:c109d48c-5e73-52e1-915a-429e4657135a""},""relation_type"":""contains"",""strength"":""hard"",""to_endpoint"":{""native_id"":""urn:uuid:6e1f8158-d481-5e62-b699-56d17d4cf395"",""projected_id"":""urn:uuid:ca8f5fd2-f271-5d64-9844-f1fc62442fcf""}},""record_type"":""relation"",""recorded_at"":""2026-08-30T00:00:00Z"",""semantic_key"":""b10:dmoi4:relation:urn:uuid:ca5a78f9-50d1-56b4-a2c1-0221df91a29d""}"
urn:uuid:afc9f2d1-1902-5c88-9f47-b461b211f273,relation,"{""dataset_id"":""urn:uuid:6090fc4b-b34d-5cff-8f65-acaa06ddd1fc"",""id"":""urn:uuid:afc9f2d1-1902-5c88-9f47-b461b211f273"",""normalized_state"":""validated"",""owner_authority_id"":""urn:uuid:4dea4d1d-09ba-504e-9fcd-83524281ca97"",""owner_native_state"":""exact_evidence"",""payload"":{""concept_relation_inferred"":false,""evidence"":{""assertion_method"":""source_topology"",""confidence"":""exact"",""native_relation_id"":""urn:uuid:fd4ae988-6c63-5980-915b-bf804816d1b4"",""source_locator"":""full authority XInclude/element topology""},""from_endpoint"":{""native_id"":""urn:uuid:d7897d8e-0878-5129-bbd8-2bff162600a0"",""projected_id"":""urn:uuid:c109d48c-5e73-52e1-915a-429e4657135a""},""relation_type"":""contains"",""strength"":""hard"",""to_endpoint"":{""native_id"":""urn:uuid:ac4eddfd-4b0f-5fdf-93c9-357b6c8a0612"",""projected_id"":""urn:uuid:21bb5b69-edf9-5e73-9ea8-95f1e098caa0""}},""record_type"":""relation"",""recorded_at"":""2026-08-30T00:00:00Z"",""semantic_key"":""b10:dmoi4:relation:urn:uuid:fd4ae988-6c63-5980-915b-bf804816d1b4""}"
urn:uuid:6902023d-6473-5ee4-a2ae-e2428caca415,relation,"{""dataset_id"":""urn:uuid:6090fc4b-b34d-5cff-8f65-acaa06ddd1fc"",""id"":""urn:uuid:6902023d-6473-5ee4-a2ae-e2428caca415"",""normalized_state"":""validated"",""owner_authority_id"":""urn:uuid:4dea4d1d-09ba-504e-9fcd-83524281ca97"",""owner_native_state"":""exact_evidence"",""payload"":{""concept_relation_inferred"":false,""evidence"":{""assertion_method"":""source_topology"",""confidence"":""exact"",""native_relation_id"":""urn:uuid:46b8e61e-a56f-5a4e-ab9f-1d7d9a93a3d7"",""source_locator"":""full authority XInclude/element topology""},""from_endpoint"":{""native_id"":""urn:uuid:dcc8a1b1-baec-5ebb-ace0-b05ac0b0dbb3"",""projected_id"":""urn:uuid:8cc6bdb5-98aa-5c1e-b187-b04733a0c205""},""relation_type"":""contains"",""strength"":""hard"",""to_endpoint"":{""native_id"":""urn:uuid:3c330b8c-c9e3-5334-b5b9-e28040b84571"",""projected_id"":""urn:uuid:fe287e6d-365f-5ccb-a5cd-d2af80ac9e12""}},""record_type"":""relation"",""recorded_at"":""2026-08-30T00:00:00Z"",""semantic_key"":""b10:dmoi4:relation:urn:uuid:46b8e61e-a56f-5a4e-ab9f-1d7d9a93a3d7""}"
urn:uuid:cfb67f3c-81be-50cb-8f62-dc32cbe9c081,relation,"{""dataset_id"":""urn:uuid:6090fc4b-b34d-5cff-8f65-acaa06ddd1fc"",""id"":""urn:uuid:cfb67f3c-81be-50cb-8f62-dc32cbe9c081"",""normalized_state"":""validated"",""owner_authority_id"":""urn:uuid:4dea4d1d-09ba-504e-9fcd-83524281ca97"",""owner_native_state"":""exact_evidence"",""payload"":{""concept_relation_inferred"":false,""evidence"":{""assertion_method"":""source_topology"",""confidence"":""exact"",""native_relation_id"":""urn:uuid:07c3421d-0ef4-5807-ac78-81bc4f70a042"",""source_locator"":""full authority XInclude/element topology""},""from_endpoint"":{""native_id"":""urn:uuid:dcc8a1b1-baec-5ebb-ace0-b05ac0b0dbb3"",""projected_id"":""urn:uuid:8cc6bdb5-98aa-5c1e-b187-b04733a0c205""},""relation_type"":""contains"",""strength"":""hard"",""to_endpoint"":{""native_id"":""urn:uuid:75565ac0-0188-5e97-9b71-0fe965d8f204"",""projected_id"":""urn:uuid:9f397d4d-f919-53af-9ee7-14d6ed96a5b1""}},""record_type"":""relation"",""recorded_at"":""2026-08-30T00:00:00Z"",""semantic_key"":""b10:dmoi4:relation:urn:uuid:07c3421d-0ef4-5807-ac78-81bc4f70a042""}"
urn:uuid:400bf02f-6ed1-529f-aec2-dd0fac377927,relation,"{""dataset_id"":""urn:uuid:6090fc4b-b34d-5cff-8f65-acaa06ddd1fc"",""id"":""urn:uuid:400bf02f-6ed1-529f-aec2-dd0fac377927"",""normalized_state"":""validated"",""owner_authority_id"":""urn:uuid:4dea4d1d-09ba-504e-9fcd-83524281ca97"",""owner_native_state"":""exact_evidence"",""payload"":{""concept_relation_inferred"":false,""evidence"":{""assertion_method"":""source_topology"",""confidence"":""exact"",""native_relation_id"":""urn:uuid:96850744-fe35-53e1-a6ac-cb095ba9a553"",""source_locator"":""full authority XInclude/element topology""},""from_endpoint"":{""native_id"":""urn:uuid:dcc8a1b1-baec-5ebb-ace0-b05ac0b0dbb3"",""projected_id"":""urn:uuid:8cc6bdb5-98aa-5c1e-b187-b04733a0c205""},""relation_type"":""contains"",""strength"":""hard"",""to_endpoint"":{""native_id"":""urn:uuid:897c18f0-2375-5d3e-9e58-2ee2770232de"",""projected_id"":""urn:uuid:282b6624-d3b7-57a1-9f1f-b1f2af380af2""}},""record_type"":""relation"",""recorded_at"":""2026-08-30T00:00:00Z"",""semantic_key"":""b10:dmoi4:relation:urn:uuid:96850744-fe35-53e1-a6ac-cb095ba9a553""}"
urn:uuid:a3b04493-9e6a-5127-b907-c40e1c304ead,relation,"{""dataset_id"":""urn:uuid:6090fc4b-b34d-5cff-8f65-acaa06ddd1fc"",""id"":""urn:uuid:a3b04493-9e6a-5127-b907-c40e1c304ead"",""normalized_state"":""validated"",""owner_authority_id"":""urn:uuid:4dea4d1d-09ba-504e-9fcd-83524281ca97"",""owner_native_state"":""exact_evidence"",""payload"":{""concept_relation_inferred"":false,""evidence"":{""assertion_method"":""source_topology"",""confidence"":""exact"",""native_relation_id"":""urn:uuid:73ee2b74-60ab-5850-8662-b3da0bd9a6a4"",""source_locator"":""full authority XInclude/element topology""},""from_endpoint"":{""native_id"":""urn:uuid:dcc8a1b1-baec-5ebb-ace0-b05ac0b0dbb3"",""projected_id"":""urn:uuid:8cc6bdb5-98aa-5c1e-b187-b04733a0c205""},""relation_type"":""contains"",""strength"":""hard"",""to_endpoint"":{""native_id"":""urn:uuid:9755415d-7e8e-58bd-b71a-627f7787e534"",""projected_id"":""urn:uuid:73354fe7-5dd9-56b2-9548-ea98cebcabe7""}},""record_type"":""relation"",""recorded_at"":""2026-08-30T00:00:00Z"",""semantic_key"":""b10:dmoi4:relation:urn:uuid:73ee2b74-60ab-5850-8662-b3da0bd9a6a4""}"
urn:uuid:7cc296f4-2fd1-52b3-9bfb-77d8407dbeb7,relation,"{""dataset_id"":""urn:uuid:6090fc4b-b34d-5cff-8f65-acaa06ddd1fc"",""id"":""urn:uuid:7cc296f4-2fd1-52b3-9bfb-77d8407dbeb7"",""normalized_state"":""validated"",""owner_authority_id"":""urn:uuid:4dea4d1d-09ba-504e-9fcd-83524281ca97"",""owner_native_state"":""exact_evidence"",""payload"":{""concept_relation_inferred"":false,""evidence"":{""assertion_method"":""source_topology"",""confidence"":""exact"",""native_relation_id"":""urn:uuid:9dac9db2-4ae8-551a-a0d7-253cd054e950"",""source_locator"":""full authority XInclude/element topology""},""from_endpoint"":{""native_id"":""urn:uuid:dcc8a1b1-baec-5ebb-ace0-b05ac0b0dbb3"",""projected_id"":""urn:uuid:8cc6bdb5-98aa-5c1e-b187-b04733a0c205""},""relation_type"":""contains"",""strength"":""hard"",""to_endpoint"":{""native_id"":""urn:uuid:d267e9b0-4f2c-59d8-be2f-fea5a4ef7e93"",""projected_id"":""urn:uuid:c3756ea1-fba4-5de4-88f5-2b9a431cb4b3""}},""record_type"":""relation"",""recorded_at"":""2026-08-30T00:00:00Z"",""semantic_key"":""b10:dmoi4:relation:urn:uuid:9dac9db2-4ae8-551a-a0d7-253cd054e950""}"
urn:uuid:fefd375b-20b7-5914-9f00-02eac7ef3d36,relation,"{""dataset_id"":""urn:uuid:6090fc4b-b34d-5cff-8f65-acaa06ddd1fc"",""id"":""urn:uuid:fefd375b-20b7-5914-9f00-02eac7ef3d36"",""normalized_state"":""validated"",""owner_authority_id"":""urn:uuid:4dea4d1d-09ba-504e-9fcd-83524281ca97"",""owner_native_state"":""exact_evidence"",""payload"":{""concept_relation_inferred"":false,""evidence"":{""assertion_method"":""source_topology"",""confidence"":""exact"",""native_relation_id"":""urn:uuid:7966c64a-ef40-5316-b56e-f0fdb7a91a5d"",""source_locator"":""full authority XInclude/element topology""},""from_endpoint"":{""native_id"":""urn:uuid:dcc8a1b1-baec-5ebb-ace0-b05ac0b0dbb3"",""projected_id"":""urn:uuid:8cc6bdb5-98aa-5c1e-b187-b04733a0c205""},""relation_type"":""contains"",""strength"":""hard"",""to_endpoint"":{""native_id"":""urn:uuid:fa0b5a48-6a48-5dc9-b270-10bcb7dbf256"",""projected_id"":""urn:uuid:a73c0546-e0dd-5fbf-9747-877ec4c5bc3f""}},""record_type"":""relation"",""recorded_at"":""2026-08-30T00:00:00Z"",""semantic_key"":""b10:dmoi4:relation:urn:uuid:7966c64a-ef40-5316-b56e-f0fdb7a91a5d""}"
urn:uuid:63017c72-1ecc-50ab-81ed-ce235d49ee8a,relation,"{""dataset_id"":""urn:uuid:6090fc4b-b34d-5cff-8f65-acaa06ddd1fc"",""id"":""urn:uuid:63017c72-1ecc-50ab-81ed-ce235d49ee8a"",""normalized_state"":""validated"",""owner_authority_id"":""urn:uuid:4dea4d1d-09ba-504e-9fcd-83524281ca97"",""owner_native_state"":""exact_evidence"",""payload"":{""concept_relation_inferred"":false,""evidence"":{""assertion_method"":""source_topology"",""confidence"":""exact"",""native_relation_id"":""urn:uuid:4853d833-912b-515d-98e5-fcb4e3323d03"",""source_locator"":""full authority XInclude/element topology""},""from_endpoint"":{""native_id"":""urn:uuid:e48b3022-7279-57f3-b2bb-a71083700a46"",""projected_id"":""urn:uuid:6b0bee20-5223-5e8a-8522-f3a948d654e6""},""relation_type"":""contains"",""strength"":""hard"",""to_endpoint"":{""native_id"":""urn:uuid:bfe1ccde-4c5d-5d30-98d7-8d594bf6b2df"",""projected_id"":""urn:uuid:dc683ade-6a48-5a25-b0cc-c1d5dca5e2db""}},""record_type"":""relation"",""recorded_at"":""2026-08-30T00:00:00Z"",""semantic_key"":""b10:dmoi4:relation:urn:uuid:4853d833-912b-515d-98e5-fcb4e3323d03""}"
urn:uuid:43107c64-f2c4-5d2d-b869-30101f60b84f,relation,"{""dataset_id"":""urn:uuid:6090fc4b-b34d-5cff-8f65-acaa06ddd1fc"",""id"":""urn:uuid:43107c64-f2c4-5d2d-b869-30101f60b84f"",""normalized_state"":""validated"",""owner_authority_id"":""urn:uuid:4dea4d1d-09ba-504e-9fcd-83524281ca97"",""owner_native_state"":""exact_evidence"",""payload"":{""concept_relation_inferred"":false,""evidence"":{""assertion_method"":""source_topology"",""confidence"":""exact"",""native_relation_id"":""urn:uuid:108f1fd1-1f80-5e29-8dc6-fd63ffce2ea8"",""source_locator"":""full authority XInclude/element topology""},""from_endpoint"":{""native_id"":""urn:uuid:e48b3022-7279-57f3-b2bb-a71083700a46"",""projected_id"":""urn:uuid:6b0bee20-5223-5e8a-8522-f3a948d654e6""},""relation_type"":""contains"",""strength"":""hard"",""to_endpoint"":{""native_id"":""urn:uuid:d7897d8e-0878-5129-bbd8-2bff162600a0"",""projected_id"":""urn:uuid:c109d48c-5e73-52e1-915a-429e4657135a""}},""record_type"":""relation"",""recorded_at"":""2026-08-30T00:00:00Z"",""semantic_key"":""b10:dmoi4:relation:urn:uuid:108f1fd1-1f80-5e29-8dc6-fd63ffce2ea8""}"
urn:uuid:c06dd7b4-46e9-5719-b33a-f200c47aa119,relation,"{""dataset_id"":""urn:uuid:6090fc4b-b34d-5cff-8f65-acaa06ddd1fc"",""id"":""urn:uuid:c06dd7b4-46e9-5719-b33a-f200c47aa119"",""normalized_state"":""validated"",""owner_authority_id"":""urn:uuid:4dea4d1d-09ba-504e-9fcd-83524281ca97"",""owner_native_state"":""exact_evidence"",""payload"":{""concept_relation_inferred"":false,""evidence"":{""assertion_method"":""source_topology"",""confidence"":""exact"",""native_relation_id"":""urn:uuid:1247b07e-748a-5661-9467-9a5f6088aa82"",""source_locator"":""full authority XInclude/element topology""},""from_endpoint"":{""native_id"":""urn:uuid:efca38ac-b48c-5892-bfab-621754bb213f"",""projected_id"":""urn:uuid:9051e86f-ccdc-51d1-90de-c7536078b00e""},""relation_type"":""contains"",""strength"":""hard"",""to_endpoint"":{""native_id"":""urn:uuid:20050fc6-9223-5ecb-8b25-c4d3241193f7"",""projected_id"":""urn:uuid:299f0824-e5f1-5371-b8b9-ae1c3d2c9efa""}},""record_type"":""relation"",""recorded_at"":""2026-08-30T00:00:00Z"",""semantic_key"":""b10:dmoi4:relation:urn:uuid:1247b07e-748a-5661-9467-9a5f6088aa82""}"
urn:uuid:51f52fe3-a15f-573f-987e-fcf5602ccc21,relation,"{""dataset_id"":""urn:uuid:6090fc4b-b34d-5cff-8f65-acaa06ddd1fc"",""id"":""urn:uuid:51f52fe3-a15f-573f-987e-fcf5602ccc21"",""normalized_state"":""validated"",""owner_authority_id"":""urn:uuid:4dea4d1d-09ba-504e-9fcd-83524281ca97"",""owner_native_state"":""exact_evidence"",""payload"":{""concept_relation_inferred"":false,""evidence"":{""assertion_method"":""source_topology"",""confidence"":""exact"",""native_relation_id"":""urn:uuid:a9c8d754-ae55-50e6-a421-8c0db4938d29"",""source_locator"":""full authority XInclude/element topology""},""from_endpoint"":{""native_id"":""urn:uuid:efca38ac-b48c-5892-bfab-621754bb213f"",""projected_id"":""urn:uuid:9051e86f-ccdc-51d1-90de-c7536078b00e""},""relation_type"":""contains"",""strength"":""hard"",""to_endpoint"":{""native_id"":""urn:uuid:437004b6-9db4-521e-bbdc-443327280397"",""projected_id"":""urn:uuid:4db66166-83d2-567a-89d6-e549c98bf28a""}},""record_type"":""relation"",""recorded_at"":""2026-08-30T00:00:00Z"",""semantic_key"":""b10:dmoi4:relation:urn:uuid:a9c8d754-ae55-50e6-a421-8c0db4938d29""}"
urn:uuid:ea0235b8-576e-5c43-9ef8-9864b69a2972,relation,"{""dataset_id"":""urn:uuid:6090fc4b-b34d-5cff-8f65-acaa06ddd1fc"",""id"":""urn:uuid:ea0235b8-576e-5c43-9ef8-9864b69a2972"",""normalized_state"":""validated"",""owner_authority_id"":""urn:uuid:4dea4d1d-09ba-504e-9fcd-83524281ca97"",""owner_native_state"":""exact_evidence"",""payload"":{""concept_relation_inferred"":false,""evidence"":{""assertion_method"":""source_topology"",""confidence"":""exact"",""native_relation_id"":""urn:uuid:c050ec09-fed5-5141-bdc8-53935238fb5a"",""source_locator"":""full authority XInclude/element topology""},""from_endpoint"":{""native_id"":""urn:uuid:efca38ac-b48c-5892-bfab-621754bb213f"",""projected_id"":""urn:uuid:9051e86f-ccdc-51d1-90de-c7536078b00e""},""relation_type"":""contains"",""strength"":""hard"",""to_endpoint"":{""native_id"":""urn:uuid:7c5993dd-8b3b-5d7a-aa84-3249241b2902"",""projected_id"":""urn:uuid:3e2d6337-52e0-5978-8fcd-53b54eb3371c""}},""record_type"":""relation"",""recorded_at"":""2026-08-30T00:00:00Z"",""semantic_key"":""b10:dmoi4:relation:urn:uuid:c050ec09-fed5-5141-bdc8-53935238fb5a""}"
urn:uuid:6cdd1689-5938-5f42-b8e2-6201f9d718dc,relation,"{""dataset_id"":""urn:uuid:6090fc4b-b34d-5cff-8f65-acaa06ddd1fc"",""id"":""urn:uuid:6cdd1689-5938-5f42-b8e2-6201f9d718dc"",""normalized_state"":""validated"",""owner_authority_id"":""urn:uuid:4dea4d1d-09ba-504e-9fcd-83524281ca97"",""owner_native_state"":""exact_evidence"",""payload"":{""concept_relation_inferred"":false,""evidence"":{""assertion_method"":""source_topology"",""confidence"":""exact"",""native_relation_id"":""urn:uuid:b3a09b2a-0329-5914-9562-d241f4d4650d"",""source_locator"":""full authority XInclude/element topology""},""from_endpoint"":{""native_id"":""urn:uuid:efca38ac-b48c-5892-bfab-621754bb213f"",""projected_id"":""urn:uuid:9051e86f-ccdc-51d1-90de-c7536078b00e""},""relation_type"":""contains"",""strength"":""hard"",""to_endpoint"":{""native_id"":""urn:uuid:9f48b5ff-4d59-5007-8e41-6772ca2e8596"",""projected_id"":""urn:uuid:d7bb0097-2569-5d12-a917-79ca08045b39""}},""record_type"":""relation"",""recorded_at"":""2026-08-30T00:00:00Z"",""semantic_key"":""b10:dmoi4:relation:urn:uuid:b3a09b2a-0329-5914-9562-d241f4d4650d""}"
urn:uuid:3e31d359-8347-552f-805f-31bc4ecf5312,relation,"{""dataset_id"":""urn:uuid:6090fc4b-b34d-5cff-8f65-acaa06ddd1fc"",""id"":""urn:uuid:3e31d359-8347-552f-805f-31bc4ecf5312"",""normalized_state"":""validated"",""owner_authority_id"":""urn:uuid:4dea4d1d-09ba-504e-9fcd-83524281ca97"",""owner_native_state"":""exact_evidence"",""payload"":{""concept_relation_inferred"":false,""evidence"":{""assertion_method"":""source_topology"",""confidence"":""exact"",""native_relation_id"":""urn:uuid:63aed1c4-6c98-5e5f-a108-f73f1daca281"",""source_locator"":""full authority XInclude/element topology""},""from_endpoint"":{""native_id"":""urn:uuid:efca38ac-b48c-5892-bfab-621754bb213f"",""projected_id"":""urn:uuid:9051e86f-ccdc-51d1-90de-c7536078b00e""},""relation_type"":""contains"",""strength"":""hard"",""to_endpoint"":{""native_id"":""urn:uuid:c62f81d9-e1b1-5b8f-a1ca-222b980eea84"",""projected_id"":""urn:uuid:b979da6e-1e58-52af-a0be-aef429a0450e""}},""record_type"":""relation"",""recorded_at"":""2026-08-30T00:00:00Z"",""semantic_key"":""b10:dmoi4:relation:urn:uuid:63aed1c4-6c98-5e5f-a108-f73f1daca281""}"
urn:uuid:f6dc313c-f895-579d-a653-e9f363167794,relation,"{""dataset_id"":""urn:uuid:6090fc4b-b34d-5cff-8f65-acaa06ddd1fc"",""id"":""urn:uuid:f6dc313c-f895-579d-a653-e9f363167794"",""normalized_state"":""validated"",""owner_authority_id"":""urn:uuid:4dea4d1d-09ba-504e-9fcd-83524281ca97"",""owner_native_state"":""exact_evidence"",""payload"":{""concept_relation_inferred"":false,""evidence"":{""assertion_method"":""source_topology"",""confidence"":""exact"",""native_relation_id"":""urn:uuid:1cd9e53a-b4a6-5817-9ca7-f898672d67c7"",""source_locator"":""full authority XInclude/element topology""},""from_endpoint"":{""native_id"":""urn:uuid:efca38ac-b48c-5892-bfab-621754bb213f"",""projected_id"":""urn:uuid:9051e86f-ccdc-51d1-90de-c7536078b00e""},""relation_type"":""contains"",""strength"":""hard"",""to_endpoint"":{""native_id"":""urn:uuid:ce1ad081-835f-5198-92b4-22c6e8b1c25b"",""projected_id"":""urn:uuid:f9f985ef-4ade-58cd-8508-84ebd4099b68""}},""record_type"":""relation"",""recorded_at"":""2026-08-30T00:00:00Z"",""semantic_key"":""b10:dmoi4:relation:urn:uuid:1cd9e53a-b4a6-5817-9ca7-f898672d67c7""}"
urn:uuid:a81ae531-7a66-51ef-87e5-b4938821b968,relation,"{""dataset_id"":""urn:uuid:6090fc4b-b34d-5cff-8f65-acaa06ddd1fc"",""id"":""urn:uuid:a81ae531-7a66-51ef-87e5-b4938821b968"",""normalized_state"":""validated"",""owner_authority_id"":""urn:uuid:4dea4d1d-09ba-504e-9fcd-83524281ca97"",""owner_native_state"":""exact_evidence"",""payload"":{""concept_relation_inferred"":false,""evidence"":{""assertion_method"":""source_topology"",""confidence"":""exact"",""native_relation_id"":""urn:uuid:083fd71a-26c5-5e6b-9fc2-e25765e02eff"",""source_locator"":""full authority XInclude/element topology""},""from_endpoint"":{""native_id"":""urn:uuid:efca38ac-b48c-5892-bfab-621754bb213f"",""projected_id"":""urn:uuid:9051e86f-ccdc-51d1-90de-c7536078b00e""},""relation_type"":""contains"",""strength"":""hard"",""to_endpoint"":{""native_id"":""urn:uuid:efd1261e-76a8-5f4e-97e5-4333fe0a3277"",""projected_id"":""urn:uuid:6b2a4f1c-3c35-5bd1-bc52-5765d6f46456""}},""record_type"":""relation"",""recorded_at"":""2026-08-30T00:00:00Z"",""semantic_key"":""b10:dmoi4:relation:urn:uuid:083fd71a-26c5-5e6b-9fc2-e25765e02eff""}"
urn:uuid:37e622e6-e613-5230-9a13-9637130c1e9b,relation,"{""dataset_id"":""urn:uuid:6090fc4b-b34d-5cff-8f65-acaa06ddd1fc"",""id"":""urn:uuid:37e622e6-e613-5230-9a13-9637130c1e9b"",""normalized_state"":""validated"",""owner_authority_id"":""urn:uuid:4dea4d1d-09ba-504e-9fcd-83524281ca97"",""owner_native_state"":""exact_evidence"",""payload"":{""concept_relation_inferred"":false,""evidence"":{""assertion_method"":""source_topology"",""confidence"":""exact"",""native_relation_id"":""urn:uuid:b6533fd4-0f71-599e-911f-64416fd7b919"",""source_locator"":""full authority XInclude/element topology""},""from_endpoint"":{""native_id"":""urn:uuid:f770965c-ec0e-591d-93ef-5236a2c54282"",""projected_id"":""urn:uuid:31fa84f6-0db0-5c7a-a050-ef281d7965df""},""relation_type"":""contains"",""strength"":""hard"",""to_endpoint"":{""native_id"":""urn:uuid:257be9f1-c4c3-5d0a-b7fb-efc09e0b7b42"",""projected_id"":""urn:uuid:2d7c1c4a-e832-56b2-8082-1813d8639f84""}},""record_type"":""relation"",""recorded_at"":""2026-08-30T00:00:00Z"",""semantic_key"":""b10:dmoi4:relation:urn:uuid:b6533fd4-0f71-599e-911f-64416fd7b919""}"
urn:uuid:9bf4079d-ed98-59a9-9674-b9d3e4efcffd,relation,"{""dataset_id"":""urn:uuid:6090fc4b-b34d-5cff-8f65-acaa06ddd1fc"",""id"":""urn:uuid:9bf4079d-ed98-59a9-9674-b9d3e4efcffd"",""normalized_state"":""validated"",""owner_authority_id"":""urn:uuid:4dea4d1d-09ba-504e-9fcd-83524281ca97"",""owner_native_state"":""exact_evidence"",""payload"":{""concept_relation_inferred"":false,""evidence"":{""assertion_method"":""source_topology"",""confidence"":""exact"",""native_relation_id"":""urn:uuid:e5a3f756-0807-524d-ab90-e8b516d56c6e"",""source_locator"":""full authority XInclude/element topology""},""from_endpoint"":{""native_id"":""urn:uuid:f770965c-ec0e-591d-93ef-5236a2c54282"",""projected_id"":""urn:uuid:31fa84f6-0db0-5c7a-a050-ef281d7965df""},""relation_type"":""contains"",""strength"":""hard"",""to_endpoint"":{""native_id"":""urn:uuid:4b5d4a64-95fe-5092-95a6-e35c6de74730"",""projected_id"":""urn:uuid:9cd088fc-11b5-54f5-843e-623d2c713954""}},""record_type"":""relation"",""recorded_at"":""2026-08-30T00:00:00Z"",""semantic_key"":""b10:dmoi4:relation:urn:uuid:e5a3f756-0807-524d-ab90-e8b516d56c6e""}"
urn:uuid:23535e2f-b93a-5a4c-93ac-eed35d60bb01,relation,"{""dataset_id"":""urn:uuid:6090fc4b-b34d-5cff-8f65-acaa06ddd1fc"",""id"":""urn:uuid:23535e2f-b93a-5a4c-93ac-eed35d60bb01"",""normalized_state"":""validated"",""owner_authority_id"":""urn:uuid:4dea4d1d-09ba-504e-9fcd-83524281ca97"",""owner_native_state"":""exact_evidence"",""payload"":{""concept_relation_inferred"":false,""evidence"":{""assertion_method"":""source_topology"",""confidence"":""exact"",""native_relation_id"":""urn:uuid:e5e27c1e-8ba4-5ae9-846b-87aa126e045b"",""source_locator"":""full authority XInclude/element topology""},""from_endpoint"":{""native_id"":""urn:uuid:f770965c-ec0e-591d-93ef-5236a2c54282"",""projected_id"":""urn:uuid:31fa84f6-0db0-5c7a-a050-ef281d7965df""},""relation_type"":""contains"",""strength"":""hard"",""to_endpoint"":{""native_id"":""urn:uuid:83c87ad3-79b9-5294-ab77-803c6a6314a6"",""projected_id"":""urn:uuid:e3854871-8927-5bfd-be38-f5eb82351bd8""}},""record_type"":""relation"",""recorded_at"":""2026-08-30T00:00:00Z"",""semantic_key"":""b10:dmoi4:relation:urn:uuid:e5e27c1e-8ba4-5ae9-846b-87aa126e045b""}"
urn:uuid:7d9dfa09-c474-5edd-badc-2f464e744abb,relation,"{""dataset_id"":""urn:uuid:6090fc4b-b34d-5cff-8f65-acaa06ddd1fc"",""id"":""urn:uuid:7d9dfa09-c474-5edd-badc-2f464e744abb"",""normalized_state"":""validated"",""owner_authority_id"":""urn:uuid:4dea4d1d-09ba-504e-9fcd-83524281ca97"",""owner_native_state"":""exact_evidence"",""payload"":{""concept_relation_inferred"":false,""evidence"":{""assertion_method"":""source_topology"",""confidence"":""exact"",""native_relation_id"":""urn:uuid:4f85bb3a-a204-576b-9bb2-594eee6116cf"",""source_locator"":""full authority XInclude/element topology""},""from_endpoint"":{""native_id"":""urn:uuid:f770965c-ec0e-591d-93ef-5236a2c54282"",""projected_id"":""urn:uuid:31fa84f6-0db0-5c7a-a050-ef281d7965df""},""relation_type"":""contains"",""strength"":""hard"",""to_endpoint"":{""native_id"":""urn:uuid:ea887dd9-0109-5269-bc1e-5f278878e813"",""projected_id"":""urn:uuid:516eb4e5-5fc4-582c-b1ab-728320489f0d""}},""record_type"":""relation"",""recorded_at"":""2026-08-30T00:00:00Z"",""semantic_key"":""b10:dmoi4:relation:urn:uuid:4f85bb3a-a204-576b-9bb2-594eee6116cf""}"
urn:uuid:3bff8e22-6090-5a9d-bed7-c850df5da713,relation,"{""dataset_id"":""urn:uuid:6090fc4b-b34d-5cff-8f65-acaa06ddd1fc"",""id"":""urn:uuid:3bff8e22-6090-5a9d-bed7-c850df5da713"",""normalized_state"":""validated"",""owner_authority_id"":""urn:uuid:4dea4d1d-09ba-504e-9fcd-83524281ca97"",""owner_native_state"":""exact_evidence"",""payload"":{""concept_relation_inferred"":false,""evidence"":{""assertion_method"":""source_topology"",""confidence"":""exact"",""native_relation_id"":""urn:uuid:989bfc94-acbd-5083-b916-25ac76fc22fe"",""source_locator"":""full authority XInclude/element topology""},""from_endpoint"":{""native_id"":""urn:uuid:fa0b5a48-6a48-5dc9-b270-10bcb7dbf256"",""projected_id"":""urn:uuid:a73c0546-e0dd-5fbf-9747-877ec4c5bc3f""},""relation_type"":""contains"",""strength"":""hard"",""to_endpoint"":{""native_id"":""urn:uuid:029cd6c2-c951-5bf6-affc-00e61ba4d416"",""projected_id"":""urn:uuid:2fb2f571-f9c3-5f87-996c-077e008a4d46""}},""record_type"":""relation"",""recorded_at"":""2026-08-30T00:00:00Z"",""semantic_key"":""b10:dmoi4:relation:urn:uuid:989bfc94-acbd-5083-b916-25ac76fc22fe""}"
urn:uuid:ce46559f-70f9-5f79-a22e-a5152fb2a7a3,relation,"{""dataset_id"":""urn:uuid:6090fc4b-b34d-5cff-8f65-acaa06ddd1fc"",""id"":""urn:uuid:ce46559f-70f9-5f79-a22e-a5152fb2a7a3"",""normalized_state"":""validated"",""owner_authority_id"":""urn:uuid:4dea4d1d-09ba-504e-9fcd-83524281ca97"",""owner_native_state"":""exact_evidence"",""payload"":{""concept_relation_inferred"":false,""evidence"":{""assertion_method"":""source_topology"",""confidence"":""exact"",""native_relation_id"":""urn:uuid:decbbcab-1c04-55bd-b2a9-7506b8af85c0"",""source_locator"":""full authority XInclude/element topology""},""from_endpoint"":{""native_id"":""urn:uuid:fa0b5a48-6a48-5dc9-b270-10bcb7dbf256"",""projected_id"":""urn:uuid:a73c0546-e0dd-5fbf-9747-877ec4c5bc3f""},""relation_type"":""contains"",""strength"":""hard"",""to_endpoint"":{""native_id"":""urn:uuid:a4356481-670a-5206-aba7-293c7f3044c0"",""projected_id"":""urn:uuid:60ff9de9-dbcc-5ddf-a860-24b17006ff3e""}},""record_type"":""relation"",""recorded_at"":""2026-08-30T00:00:00Z"",""semantic_key"":""b10:dmoi4:relation:urn:uuid:decbbcab-1c04-55bd-b2a9-7506b8af85c0""}"
urn:uuid:4bea2c96-226f-51e7-98f4-79b8935abd78,relation,"{""dataset_id"":""urn:uuid:6090fc4b-b34d-5cff-8f65-acaa06ddd1fc"",""id"":""urn:uuid:4bea2c96-226f-51e7-98f4-79b8935abd78"",""normalized_state"":""validated"",""owner_authority_id"":""urn:uuid:4dea4d1d-09ba-504e-9fcd-83524281ca97"",""owner_native_state"":""exact_evidence"",""payload"":{""concept_relation_inferred"":false,""evidence"":{""assertion_method"":""source_topology"",""confidence"":""exact"",""native_relation_id"":""urn:uuid:cce44b41-5852-5dc5-95be-637706808e54"",""source_locator"":""full authority XInclude/element topology""},""from_endpoint"":{""native_id"":""urn:uuid:fa0b5a48-6a48-5dc9-b270-10bcb7dbf256"",""projected_id"":""urn:uuid:a73c0546-e0dd-5fbf-9747-877ec4c5bc3f""},""relation_type"":""contains"",""strength"":""hard"",""to_endpoint"":{""native_id"":""urn:uuid:aae7e05c-4fd6-5c32-9668-98af89fa0b2c"",""projected_id"":""urn:uuid:c22f57f1-b735-5c72-a8e0-a006fe0d5b1b""}},""record_type"":""relation"",""recorded_at"":""2026-08-30T00:00:00Z"",""semantic_key"":""b10:dmoi4:relation:urn:uuid:cce44b41-5852-5dc5-95be-637706808e54""}"
urn:uuid:2e0f7de2-6642-5442-80a2-5983411528ec,relation,"{""dataset_id"":""urn:uuid:6090fc4b-b34d-5cff-8f65-acaa06ddd1fc"",""id"":""urn:uuid:2e0f7de2-6642-5442-80a2-5983411528ec"",""normalized_state"":""validated"",""owner_authority_id"":""urn:uuid:4dea4d1d-09ba-504e-9fcd-83524281ca97"",""owner_native_state"":""exact_evidence"",""payload"":{""concept_relation_inferred"":false,""evidence"":{""assertion_method"":""source_topology"",""confidence"":""exact"",""native_relation_id"":""urn:uuid:755ade26-52d1-54bc-a9e9-9443b03d63b6"",""source_locator"":""full authority XInclude/element topology""},""from_endpoint"":{""native_id"":""urn:uuid:fa0b5a48-6a48-5dc9-b270-10bcb7dbf256"",""projected_id"":""urn:uuid:a73c0546-e0dd-5fbf-9747-877ec4c5bc3f""},""relation_type"":""contains"",""strength"":""hard"",""to_endpoint"":{""native_id"":""urn:uuid:d2e3679c-fc7b-554f-b04c-53341acb188c"",""projected_id"":""urn:uuid:2efe3365-50a0-5284-840f-9b7e4584ce05""}},""record_type"":""relation"",""recorded_at"":""2026-08-30T00:00:00Z"",""semantic_key"":""b10:dmoi4:relation:urn:uuid:755ade26-52d1-54bc-a9e9-9443b03d63b6""}"
urn:uuid:b42ceab8-c288-5877-9c6d-74256d12d360,relation,"{""dataset_id"":""urn:uuid:6090fc4b-b34d-5cff-8f65-acaa06ddd1fc"",""id"":""urn:uuid:b42ceab8-c288-5877-9c6d-74256d12d360"",""normalized_state"":""validated"",""owner_authority_id"":""urn:uuid:4dea4d1d-09ba-504e-9fcd-83524281ca97"",""owner_native_state"":""exact_evidence"",""payload"":{""concept_relation_inferred"":false,""evidence"":{""assertion_method"":""source_topology"",""confidence"":""exact"",""native_relation_id"":""urn:uuid:b28dbe3f-06ad-52ad-80c0-4a9a2886fcc3"",""source_locator"":""full authority XInclude/element topology""},""from_endpoint"":{""native_id"":""urn:uuid:fa0b5a48-6a48-5dc9-b270-10bcb7dbf256"",""projected_id"":""urn:uuid:a73c0546-e0dd-5fbf-9747-877ec4c5bc3f""},""relation_type"":""contains"",""strength"":""hard"",""to_endpoint"":{""native_id"":""urn:uuid:e2627f47-135c-5211-9a22-2bdca7715bcc"",""projected_id"":""urn:uuid:b75410d4-fc89-5ace-a242-fc9d9cd8a7fc""}},""record_type"":""relation"",""recorded_at"":""2026-08-30T00:00:00Z"",""semantic_key"":""b10:dmoi4:relation:urn:uuid:b28dbe3f-06ad-52ad-80c0-4a9a2886fcc3""}"
urn:uuid:e9667919-6acf-5e0b-9ec2-5ce6f459880c,relation,"{""dataset_id"":""urn:uuid:6090fc4b-b34d-5cff-8f65-acaa06ddd1fc"",""id"":""urn:uuid:e9667919-6acf-5e0b-9ec2-5ce6f459880c"",""normalized_state"":""validated"",""owner_authority_id"":""urn:uuid:4dea4d1d-09ba-504e-9fcd-83524281ca97"",""owner_native_state"":""exact_evidence"",""payload"":{""concept_relation_inferred"":false,""evidence"":{""assertion_method"":""source_topology"",""confidence"":""exact"",""native_relation_id"":""urn:uuid:34938efb-abaf-5c95-9531-5e8614a8ab4b"",""source_locator"":""full authority document order""},""from_endpoint"":{""native_id"":""urn:uuid:04ec8099-78a5-58ca-b8e7-bb113bb2020a"",""projected_id"":""urn:uuid:1a61f843-766b-5ab0-8caa-7ad6f75f241d""},""relation_type"":""precedes"",""strength"":""hard"",""to_endpoint"":{""native_id"":""urn:uuid:f129b20d-a414-59f9-92ac-edbce3cf021d"",""projected_id"":""urn:uuid:f382f851-55e1-5533-8113-fcc9ad23bfef""}},""record_type"":""relation"",""recorded_at"":""2026-08-30T00:00:00Z"",""semantic_key"":""b10:dmoi4:relation:urn:uuid:34938efb-abaf-5c95-9531-5e8614a8ab4b""}"
urn:uuid:c7311311-fb57-57b7-8fc6-c4b4da676c83,relation,"{""dataset_id"":""urn:uuid:6090fc4b-b34d-5cff-8f65-acaa06ddd1fc"",""id"":""urn:uuid:c7311311-fb57-57b7-8fc6-c4b4da676c83"",""normalized_state"":""validated"",""owner_authority_id"":""urn:uuid:4dea4d1d-09ba-504e-9fcd-83524281ca97"",""owner_native_state"":""exact_evidence"",""payload"":{""concept_relation_inferred"":false,""evidence"":{""assertion_method"":""source_topology"",""confidence"":""exact"",""native_relation_id"":""urn:uuid:ec4eb2a8-55b5-5126-9058-5fa472e2b1be"",""source_locator"":""full authority document order""},""from_endpoint"":{""native_id"":""urn:uuid:05228726-9598-56be-b15b-26a83661d0d2"",""projected_id"":""urn:uuid:e1e4f925-1208-5354-8f93-0f01fd5b54fb""},""relation_type"":""precedes"",""strength"":""hard"",""to_endpoint"":{""native_id"":""urn:uuid:c927259d-6c0f-528f-bb08-a485b1e2b23c"",""projected_id"":""urn:uuid:f1a446c5-d80b-5a0d-9afb-a905c0011e5b""}},""record_type"":""relation"",""recorded_at"":""2026-08-30T00:00:00Z"",""semantic_key"":""b10:dmoi4:relation:urn:uuid:ec4eb2a8-55b5-5126-9058-5fa472e2b1be""}"
urn:uuid:0a590005-f7a7-5db6-bcf4-de5fdb5a0dd8,relation,"{""dataset_id"":""urn:uuid:6090fc4b-b34d-5cff-8f65-acaa06ddd1fc"",""id"":""urn:uuid:0a590005-f7a7-5db6-bcf4-de5fdb5a0dd8"",""normalized_state"":""validated"",""owner_authority_id"":""urn:uuid:4dea4d1d-09ba-504e-9fcd-83524281ca97"",""owner_native_state"":""exact_evidence"",""payload"":{""concept_relation_inferred"":false,""evidence"":{""assertion_method"":""source_topology"",""confidence"":""exact"",""native_relation_id"":""urn:uuid:4b1989ef-915b-5bf9-8be8-33b0cc22dd1a"",""source_locator"":""full authority document order""},""from_endpoint"":{""native_id"":""urn:uuid:101d36b2-cada-5b15-a96e-b130ede327e8"",""projected_id"":""urn:uuid:0d77d2af-a9e8-540c-beb8-da0ed24a31f8""},""relation_type"":""precedes"",""strength"":""hard"",""to_endpoint"":{""native_id"":""urn:uuid:133ebff9-3ea0-5212-9491-829cf9c983c2"",""projected_id"":""urn:uuid:77e2c861-8de4-59c2-83ef-4c87c41127ed""}},""record_type"":""relation"",""recorded_at"":""2026-08-30T00:00:00Z"",""semantic_key"":""b10:dmoi4:relation:urn:uuid:4b1989ef-915b-5bf9-8be8-33b0cc22dd1a""}"
urn:uuid:20e3665e-746f-523b-bfbc-c7067c0f4661,relation,"{""dataset_id"":""urn:uuid:6090fc4b-b34d-5cff-8f65-acaa06ddd1fc"",""id"":""urn:uuid:20e3665e-746f-523b-bfbc-c7067c0f4661"",""normalized_state"":""validated"",""owner_authority_id"":""urn:uuid:4dea4d1d-09ba-504e-9fcd-83524281ca97"",""owner_native_state"":""exact_evidence"",""payload"":{""concept_relation_inferred"":false,""evidence"":{""assertion_method"":""source_topology"",""confidence"":""exact"",""native_relation_id"":""urn:uuid:8115a74d-e315-5e19-9101-4ad6e41bd792"",""source_locator"":""full authority document order""},""from_endpoint"":{""native_id"":""urn:uuid:1097d4b3-80a2-5df0-84f7-e3b1ab75e4be"",""projected_id"":""urn:uuid:381a8881-37e6-524c-a408-553697603f3c""},""relation_type"":""precedes"",""strength"":""hard"",""to_endpoint"":{""native_id"":""urn:uuid:678d2c32-d7bd-5cb3-a2c1-24e1748a821d"",""projected_id"":""urn:uuid:13df02c2-6879-50f3-9437-c523619594ae""}},""record_type"":""relation"",""recorded_at"":""2026-08-30T00:00:00Z"",""semantic_key"":""b10:dmoi4:relation:urn:uuid:8115a74d-e315-5e19-9101-4ad6e41bd792""}"
urn:uuid:809533d7-b1f4-5686-91f6-b2a47cc45bf7,relation,"{""dataset_id"":""urn:uuid:6090fc4b-b34d-5cff-8f65-acaa06ddd1fc"",""id"":""urn:uuid:809533d7-b1f4-5686-91f6-b2a47cc45bf7"",""normalized_state"":""validated"",""owner_authority_id"":""urn:uuid:4dea4d1d-09ba-504e-9fcd-83524281ca97"",""owner_native_state"":""exact_evidence"",""payload"":{""concept_relation_inferred"":false,""evidence"":{""assertion_method"":""source_topology"",""confidence"":""exact"",""native_relation_id"":""urn:uuid:bff77543-9c16-5f43-b48c-9cccaee26343"",""source_locator"":""full authority document order""},""from_endpoint"":{""native_id"":""urn:uuid:133ebff9-3ea0-5212-9491-829cf9c983c2"",""projected_id"":""urn:uuid:77e2c861-8de4-59c2-83ef-4c87c41127ed""},""relation_type"":""precedes"",""strength"":""hard"",""to_endpoint"":{""native_id"":""urn:uuid:860447d3-33a8-5eff-bbf8-3ab290627917"",""projected_id"":""urn:uuid:51608a44-3653-5916-aa7f-8c2319250fa1""}},""record_type"":""relation"",""recorded_at"":""2026-08-30T00:00:00Z"",""semantic_key"":""b10:dmoi4:relation:urn:uuid:bff77543-9c16-5f43-b48c-9cccaee26343""}"
urn:uuid:70f76cf0-b63a-5eb5-9775-d78ff434b097,relation,"{""dataset_id"":""urn:uuid:6090fc4b-b34d-5cff-8f65-acaa06ddd1fc"",""id"":""urn:uuid:70f76cf0-b63a-5eb5-9775-d78ff434b097"",""normalized_state"":""validated"",""owner_authority_id"":""urn:uuid:4dea4d1d-09ba-504e-9fcd-83524281ca97"",""owner_native_state"":""exact_evidence"",""payload"":{""concept_relation_inferred"":false,""evidence"":{""assertion_method"":""source_topology"",""confidence"":""exact"",""native_relation_id"":""urn:uuid:6cc19545-9e7e-55d6-a6ae-9b3227b06672"",""source_locator"":""full authority document order""},""from_endpoint"":{""native_id"":""urn:uuid:1403aaf9-1256-5e6a-a7a4-ca40e3994cd6"",""projected_id"":""urn:uuid:7313fc36-7c13-59b0-b260-a3f2604d5526""},""relation_type"":""precedes"",""strength"":""hard"",""to_endpoint"":{""native_id"":""urn:uuid:354add4f-76f2-5559-b828-f07e1eb44de5"",""projected_id"":""urn:uuid:6f8d846f-393d-5d03-a38c-7d960b166a88""}},""record_type"":""relation"",""recorded_at"":""2026-08-30T00:00:00Z"",""semantic_key"":""b10:dmoi4:relation:urn:uuid:6cc19545-9e7e-55d6-a6ae-9b3227b06672""}"
urn:uuid:2d186699-9ad3-5df6-b6c8-4509b888ec2f,relation,"{""dataset_id"":""urn:uuid:6090fc4b-b34d-5cff-8f65-acaa06ddd1fc"",""id"":""urn:uuid:2d186699-9ad3-5df6-b6c8-4509b888ec2f"",""normalized_state"":""validated"",""owner_authority_id"":""urn:uuid:4dea4d1d-09ba-504e-9fcd-83524281ca97"",""owner_native_state"":""exact_evidence"",""payload"":{""concept_relation_inferred"":false,""evidence"":{""assertion_method"":""source_topology"",""confidence"":""exact"",""native_relation_id"":""urn:uuid:84f93949-ee48-502e-8765-225772babce0"",""source_locator"":""full authority document order""},""from_endpoint"":{""native_id"":""urn:uuid:158886ea-b223-5dfc-a0f8-e9c9b3173282"",""projected_id"":""urn:uuid:6672fb83-5c6e-5f07-95df-8a815f8f3c2a""},""relation_type"":""precedes"",""strength"":""hard"",""to_endpoint"":{""native_id"":""urn:uuid:5a6a77d8-8d40-5fb8-adc3-a0673710266d"",""projected_id"":""urn:uuid:2f602456-87cf-597b-b375-3323b8c77b70""}},""record_type"":""relation"",""recorded_at"":""2026-08-30T00:00:00Z"",""semantic_key"":""b10:dmoi4:relation:urn:uuid:84f93949-ee48-502e-8765-225772babce0""}"
urn:uuid:1101620c-20df-5687-95a2-ee07b5c47050,relation,"{""dataset_id"":""urn:uuid:6090fc4b-b34d-5cff-8f65-acaa06ddd1fc"",""id"":""urn:uuid:1101620c-20df-5687-95a2-ee07b5c47050"",""normalized_state"":""validated"",""owner_authority_id"":""urn:uuid:4dea4d1d-09ba-504e-9fcd-83524281ca97"",""owner_native_state"":""exact_evidence"",""payload"":{""concept_relation_inferred"":false,""evidence"":{""assertion_method"":""source_topology"",""confidence"":""exact"",""native_relation_id"":""urn:uuid:9235cd92-1d90-5bc0-8219-d0a43d33761d"",""source_locator"":""full authority document order""},""from_endpoint"":{""native_id"":""urn:uuid:19ea5430-df56-5790-850c-cc430bf1b015"",""projected_id"":""urn:uuid:63c35ed2-dcef-58d1-b115-2d4b9f50167d""},""relation_type"":""precedes"",""strength"":""hard"",""to_endpoint"":{""native_id"":""urn:uuid:e48b3022-7279-57f3-b2bb-a71083700a46"",""projected_id"":""urn:uuid:6b0bee20-5223-5e8a-8522-f3a948d654e6""}},""record_type"":""relation"",""recorded_at"":""2026-08-30T00:00:00Z"",""semantic_key"":""b10:dmoi4:relation:urn:uuid:9235cd92-1d90-5bc0-8219-d0a43d33761d""}"
urn:uuid:079f61bf-1806-559c-b73f-338fcd50ffa6,relation,"{""dataset_id"":""urn:uuid:6090fc4b-b34d-5cff-8f65-acaa06ddd1fc"",""id"":""urn:uuid:079f61bf-1806-559c-b73f-338fcd50ffa6"",""normalized_state"":""validated"",""owner_authority_id"":""urn:uuid:4dea4d1d-09ba-504e-9fcd-83524281ca97"",""owner_native_state"":""exact_evidence"",""payload"":{""concept_relation_inferred"":false,""evidence"":{""assertion_method"":""source_topology"",""confidence"":""exact"",""native_relation_id"":""urn:uuid:414108e3-6626-5d80-9c19-67eeb47c0e66"",""source_locator"":""full authority document order""},""from_endpoint"":{""native_id"":""urn:uuid:1b38c2d8-c4eb-5c0e-aaea-0c49a6aef79f"",""projected_id"":""urn:uuid:9a19d021-9a7f-55e9-aa22-5de568308f68""},""relation_type"":""precedes"",""strength"":""hard"",""to_endpoint"":{""native_id"":""urn:uuid:57a07873-f2f8-52b3-87b1-56d1a99f5593"",""projected_id"":""urn:uuid:1a524289-c49a-524b-b89c-59e76e7f03a2""}},""record_type"":""relation"",""recorded_at"":""2026-08-30T00:00:00Z"",""semantic_key"":""b10:dmoi4:relation:urn:uuid:414108e3-6626-5d80-9c19-67eeb47c0e66""}"
urn:uuid:79274e8e-8e4f-569f-8f4b-000dea02f3e1,relation,"{""dataset_id"":""urn:uuid:6090fc4b-b34d-5cff-8f65-acaa06ddd1fc"",""id"":""urn:uuid:79274e8e-8e4f-569f-8f4b-000dea02f3e1"",""normalized_state"":""validated"",""owner_authority_id"":""urn:uuid:4dea4d1d-09ba-504e-9fcd-83524281ca97"",""owner_native_state"":""exact_evidence"",""payload"":{""concept_relation_inferred"":false,""evidence"":{""assertion_method"":""source_topology"",""confidence"":""exact"",""native_relation_id"":""urn:uuid:e8bdd3e1-6647-5774-bb0c-c9e90f8cf424"",""source_locator"":""full authority document order""},""from_endpoint"":{""native_id"":""urn:uuid:1ce5d3c9-15e3-5454-9647-fb4816ced777"",""projected_id"":""urn:uuid:8729e8a5-9bfa-5a59-af37-a9ccdec0611c""},""relation_type"":""precedes"",""strength"":""hard"",""to_endpoint"":{""native_id"":""urn:uuid:4ebee82f-1c11-5a7d-bc0b-36c9bda66ced"",""projected_id"":""urn:uuid:31b8e990-3f1b-5b8e-ac4c-9b25742a7baa""}},""record_type"":""relation"",""recorded_at"":""2026-08-30T00:00:00Z"",""semantic_key"":""b10:dmoi4:relation:urn:uuid:e8bdd3e1-6647-5774-bb0c-c9e90f8cf424""}"
urn:uuid:902fd341-20d5-5ea8-9f42-2320e53bfbf8,relation,"{""dataset_id"":""urn:uuid:6090fc4b-b34d-5cff-8f65-acaa06ddd1fc"",""id"":""urn:uuid:902fd341-20d5-5ea8-9f42-2320e53bfbf8"",""normalized_state"":""validated"",""owner_authority_id"":""urn:uuid:4dea4d1d-09ba-504e-9fcd-83524281ca97"",""owner_native_state"":""exact_evidence"",""payload"":{""concept_relation_inferred"":false,""evidence"":{""assertion_method"":""source_topology"",""confidence"":""exact"",""native_relation_id"":""urn:uuid:77ec6fd1-9507-5f72-a705-d9012582994d"",""source_locator"":""full authority document order""},""from_endpoint"":{""native_id"":""urn:uuid:1e2aa05b-49df-5806-b999-c8cd2ae9252d"",""projected_id"":""urn:uuid:da5a6067-9036-5183-8fab-01a6a429bfa5""},""relation_type"":""precedes"",""strength"":""hard"",""to_endpoint"":{""native_id"":""urn:uuid:c4fb9c9e-e59b-5a7d-a14e-0dac93dccad2"",""projected_id"":""urn:uuid:bac3b8c4-fa61-5975-af6c-dec43c9a9946""}},""record_type"":""relation"",""recorded_at"":""2026-08-30T00:00:00Z"",""semantic_key"":""b10:dmoi4:relation:urn:uuid:77ec6fd1-9507-5f72-a705-d9012582994d""}"
urn:uuid:375bc2e7-531b-5771-b7a9-06a17dc2c6a5,relation,"{""dataset_id"":""urn:uuid:6090fc4b-b34d-5cff-8f65-acaa06ddd1fc"",""id"":""urn:uuid:375bc2e7-531b-5771-b7a9-06a17dc2c6a5"",""normalized_state"":""validated"",""owner_authority_id"":""urn:uuid:4dea4d1d-09ba-504e-9fcd-83524281ca97"",""owner_native_state"":""exact_evidence"",""payload"":{""concept_relation_inferred"":false,""evidence"":{""assertion_method"":""source_topology"",""confidence"":""exact"",""native_relation_id"":""urn:uuid:bfdec1cd-1f62-58ba-828f-2e0ebe821b6b"",""source_locator"":""full authority document order""},""from_endpoint"":{""native_id"":""urn:uuid:1e7d9dc7-fc2c-5cfd-8bb5-859955d9c31b"",""projected_id"":""urn:uuid:a4e55f0c-9890-56e8-925c-065677424cfa""},""relation_type"":""precedes"",""strength"":""hard"",""to_endpoint"":{""native_id"":""urn:uuid:3832a877-42f8-5dbc-8ab2-c1c17e5e38e5"",""projected_id"":""urn:uuid:b7a0541f-4f3d-5f21-a26e-7dbcd2f5c814""}},""record_type"":""relation"",""recorded_at"":""2026-08-30T00:00:00Z"",""semantic_key"":""b10:dmoi4:relation:urn:uuid:bfdec1cd-1f62-58ba-828f-2e0ebe821b6b""}"
urn:uuid:ab63e03e-6412-59d5-a682-e9a73cb96048,relation,"{""dataset_id"":""urn:uuid:6090fc4b-b34d-5cff-8f65-acaa06ddd1fc"",""id"":""urn:uuid:ab63e03e-6412-59d5-a682-e9a73cb96048"",""normalized_state"":""validated"",""owner_authority_id"":""urn:uuid:4dea4d1d-09ba-504e-9fcd-83524281ca97"",""owner_native_state"":""exact_evidence"",""payload"":{""concept_relation_inferred"":false,""evidence"":{""assertion_method"":""source_topology"",""confidence"":""exact"",""native_relation_id"":""urn:uuid:78d961c8-cd54-5a43-ba3a-0dcfb96cd045"",""source_locator"":""full authority document order""},""from_endpoint"":{""native_id"":""urn:uuid:20050fc6-9223-5ecb-8b25-c4d3241193f7"",""projected_id"":""urn:uuid:299f0824-e5f1-5371-b8b9-ae1c3d2c9efa""},""relation_type"":""precedes"",""strength"":""hard"",""to_endpoint"":{""native_id"":""urn:uuid:ce1ad081-835f-5198-92b4-22c6e8b1c25b"",""projected_id"":""urn:uuid:f9f985ef-4ade-58cd-8508-84ebd4099b68""}},""record_type"":""relation"",""recorded_at"":""2026-08-30T00:00:00Z"",""semantic_key"":""b10:dmoi4:relation:urn:uuid:78d961c8-cd54-5a43-ba3a-0dcfb96cd045""}"
urn:uuid:843d7501-e40e-5058-ab49-bcb4126954d0,relation,"{""dataset_id"":""urn:uuid:6090fc4b-b34d-5cff-8f65-acaa06ddd1fc"",""id"":""urn:uuid:843d7501-e40e-5058-ab49-bcb4126954d0"",""normalized_state"":""validated"",""owner_authority_id"":""urn:uuid:4dea4d1d-09ba-504e-9fcd-83524281ca97"",""owner_native_state"":""exact_evidence"",""payload"":{""concept_relation_inferred"":false,""evidence"":{""assertion_method"":""source_topology"",""confidence"":""exact"",""native_relation_id"":""urn:uuid:e91f9010-6d8b-51fd-952c-4fc06616133f"",""source_locator"":""full authority document order""},""from_endpoint"":{""native_id"":""urn:uuid:2165682e-6bfc-57d9-b21d-df415f38ef6d"",""projected_id"":""urn:uuid:53f81a86-1444-5fc1-bebc-fb5a478d6ded""},""relation_type"":""precedes"",""strength"":""hard"",""to_endpoint"":{""native_id"":""urn:uuid:484c12d8-d40e-559a-8c96-8a0131755ea3"",""projected_id"":""urn:uuid:bdf3fecc-3f79-51d2-8ae9-e729814b2b4b""}},""record_type"":""relation"",""recorded_at"":""2026-08-30T00:00:00Z"",""semantic_key"":""b10:dmoi4:relation:urn:uuid:e91f9010-6d8b-51fd-952c-4fc06616133f""}"
urn:uuid:7f751b65-3801-5282-a273-0826b2b4443c,relation,"{""dataset_id"":""urn:uuid:6090fc4b-b34d-5cff-8f65-acaa06ddd1fc"",""id"":""urn:uuid:7f751b65-3801-5282-a273-0826b2b4443c"",""normalized_state"":""validated"",""owner_authority_id"":""urn:uuid:4dea4d1d-09ba-504e-9fcd-83524281ca97"",""owner_native_state"":""exact_evidence"",""payload"":{""concept_relation_inferred"":false,""evidence"":{""assertion_method"":""source_topology"",""confidence"":""exact"",""native_relation_id"":""urn:uuid:11d15035-1e0f-5d9e-857c-cac070321139"",""source_locator"":""full authority document order""},""from_endpoint"":{""native_id"":""urn:uuid:257be9f1-c4c3-5d0a-b7fb-efc09e0b7b42"",""projected_id"":""urn:uuid:2d7c1c4a-e832-56b2-8082-1813d8639f84""},""relation_type"":""precedes"",""strength"":""hard"",""to_endpoint"":{""native_id"":""urn:uuid:83c87ad3-79b9-5294-ab77-803c6a6314a6"",""projected_id"":""urn:uuid:e3854871-8927-5bfd-be38-f5eb82351bd8""}},""record_type"":""relation"",""recorded_at"":""2026-08-30T00:00:00Z"",""semantic_key"":""b10:dmoi4:relation:urn:uuid:11d15035-1e0f-5d9e-857c-cac070321139""}"
urn:uuid:fca41585-89a3-5081-9873-fb47681eb2af,relation,"{""dataset_id"":""urn:uuid:6090fc4b-b34d-5cff-8f65-acaa06ddd1fc"",""id"":""urn:uuid:fca41585-89a3-5081-9873-fb47681eb2af"",""normalized_state"":""validated"",""owner_authority_id"":""urn:uuid:4dea4d1d-09ba-504e-9fcd-83524281ca97"",""owner_native_state"":""exact_evidence"",""payload"":{""concept_relation_inferred"":false,""evidence"":{""assertion_method"":""source_topology"",""confidence"":""exact"",""native_relation_id"":""urn:uuid:a5e04d69-9910-5ae3-bb15-f43de9fde62e"",""source_locator"":""full authority document order""},""from_endpoint"":{""native_id"":""urn:uuid:2d15eeb0-b3c1-560e-b10a-b29eb74d5e60"",""projected_id"":""urn:uuid:f15c5f39-0d3e-523a-9da1-3f1fb9c1a516""},""relation_type"":""precedes"",""strength"":""hard"",""to_endpoint"":{""native_id"":""urn:uuid:49cbf686-a78a-57d6-8518-7f4367bfdffa"",""projected_id"":""urn:uuid:0218c651-a707-51a4-887a-126e7a19bc86""}},""record_type"":""relation"",""recorded_at"":""2026-08-30T00:00:00Z"",""semantic_key"":""b10:dmoi4:relation:urn:uuid:a5e04d69-9910-5ae3-bb15-f43de9fde62e""}"
urn:uuid:de81b415-2d61-5511-aa3b-a80f0d4282d8,relation,"{""dataset_id"":""urn:uuid:6090fc4b-b34d-5cff-8f65-acaa06ddd1fc"",""id"":""urn:uuid:de81b415-2d61-5511-aa3b-a80f0d4282d8"",""normalized_state"":""validated"",""owner_authority_id"":""urn:uuid:4dea4d1d-09ba-504e-9fcd-83524281ca97"",""owner_native_state"":""exact_evidence"",""payload"":{""concept_relation_inferred"":false,""evidence"":{""assertion_method"":""source_topology"",""confidence"":""exact"",""native_relation_id"":""urn:uuid:77c02181-b7d0-5969-95af-20e6fbdfdd5f"",""source_locator"":""full authority document order""},""from_endpoint"":{""native_id"":""urn:uuid:340f2fcb-0843-52a2-bc90-f8c2fc6d48ba"",""projected_id"":""urn:uuid:fa91fc61-bb2e-53eb-9936-1269ece4f99f""},""relation_type"":""precedes"",""strength"":""hard"",""to_endpoint"":{""native_id"":""urn:uuid:458b3f97-c3e8-5f46-af3f-d5236a5bf25d"",""projected_id"":""urn:uuid:3674f341-89c9-5b36-ab8e-831428ce1975""}},""record_type"":""relation"",""recorded_at"":""2026-08-30T00:00:00Z"",""semantic_key"":""b10:dmoi4:relation:urn:uuid:77c02181-b7d0-5969-95af-20e6fbdfdd5f""}"
urn:uuid:2abf69d9-de9f-59f1-a79d-b41d748ef684,relation,"{""dataset_id"":""urn:uuid:6090fc4b-b34d-5cff-8f65-acaa06ddd1fc"",""id"":""urn:uuid:2abf69d9-de9f-59f1-a79d-b41d748ef684"",""normalized_state"":""validated"",""owner_authority_id"":""urn:uuid:4dea4d1d-09ba-504e-9fcd-83524281ca97"",""owner_native_state"":""exact_evidence"",""payload"":{""concept_relation_inferred"":false,""evidence"":{""assertion_method"":""source_topology"",""confidence"":""exact"",""native_relation_id"":""urn:uuid:fe402e18-351d-5996-ba13-98b90dbc2572"",""source_locator"":""full authority document order""},""from_endpoint"":{""native_id"":""urn:uuid:353b17ab-3e31-5ccb-8bcd-69d624fcb4e3"",""projected_id"":""urn:uuid:1b299e56-2f72-56d6-8993-a7731c9a8893""},""relation_type"":""precedes"",""strength"":""hard"",""to_endpoint"":{""native_id"":""urn:uuid:6a2fce3b-3d85-5925-9771-9eb696cc8718"",""projected_id"":""urn:uuid:cd1670dd-735a-58ac-9418-6e1ccb9d05c6""}},""record_type"":""relation"",""recorded_at"":""2026-08-30T00:00:00Z"",""semantic_key"":""b10:dmoi4:relation:urn:uuid:fe402e18-351d-5996-ba13-98b90dbc2572""}"
urn:uuid:cd689740-c1e8-5cb9-a812-a526a8d7d38f,relation,"{""dataset_id"":""urn:uuid:6090fc4b-b34d-5cff-8f65-acaa06ddd1fc"",""id"":""urn:uuid:cd689740-c1e8-5cb9-a812-a526a8d7d38f"",""normalized_state"":""validated"",""owner_authority_id"":""urn:uuid:4dea4d1d-09ba-504e-9fcd-83524281ca97"",""owner_native_state"":""exact_evidence"",""payload"":{""concept_relation_inferred"":false,""evidence"":{""assertion_method"":""source_topology"",""confidence"":""exact"",""native_relation_id"":""urn:uuid:05e495f2-0f28-5a95-9252-1d6c84b7c787"",""source_locator"":""full authority document order""},""from_endpoint"":{""native_id"":""urn:uuid:354add4f-76f2-5559-b828-f07e1eb44de5"",""projected_id"":""urn:uuid:6f8d846f-393d-5d03-a38c-7d960b166a88""},""relation_type"":""precedes"",""strength"":""hard"",""to_endpoint"":{""native_id"":""urn:uuid:353b17ab-3e31-5ccb-8bcd-69d624fcb4e3"",""projected_id"":""urn:uuid:1b299e56-2f72-56d6-8993-a7731c9a8893""}},""record_type"":""relation"",""recorded_at"":""2026-08-30T00:00:00Z"",""semantic_key"":""b10:dmoi4:relation:urn:uuid:05e495f2-0f28-5a95-9252-1d6c84b7c787""}"
urn:uuid:e8779334-aac1-58d6-ade5-3eec40822e83,relation,"{""dataset_id"":""urn:uuid:6090fc4b-b34d-5cff-8f65-acaa06ddd1fc"",""id"":""urn:uuid:e8779334-aac1-58d6-ade5-3eec40822e83"",""normalized_state"":""validated"",""owner_authority_id"":""urn:uuid:4dea4d1d-09ba-504e-9fcd-83524281ca97"",""owner_native_state"":""exact_evidence"",""payload"":{""concept_relation_inferred"":false,""evidence"":{""assertion_method"":""source_topology"",""confidence"":""exact"",""native_relation_id"":""urn:uuid:23ee8144-6575-5862-aa9a-969c52615468"",""source_locator"":""full authority document order""},""from_endpoint"":{""native_id"":""urn:uuid:35ae3025-0fa1-5aa4-bb83-1bc712d9752e"",""projected_id"":""urn:uuid:33285309-8b39-5c88-b3a4-74dc75709e3a""},""relation_type"":""precedes"",""strength"":""hard"",""to_endpoint"":{""native_id"":""urn:uuid:920170b3-2d61-5507-83a9-689cd2210a3a"",""projected_id"":""urn:uuid:96cb5fa7-fba1-53de-944e-4848780f72b9""}},""record_type"":""relation"",""recorded_at"":""2026-08-30T00:00:00Z"",""semantic_key"":""b10:dmoi4:relation:urn:uuid:23ee8144-6575-5862-aa9a-969c52615468""}"
urn:uuid:f4117419-67fa-5059-bd7f-228e8309987f,relation,"{""dataset_id"":""urn:uuid:6090fc4b-b34d-5cff-8f65-acaa06ddd1fc"",""id"":""urn:uuid:f4117419-67fa-5059-bd7f-228e8309987f"",""normalized_state"":""validated"",""owner_authority_id"":""urn:uuid:4dea4d1d-09ba-504e-9fcd-83524281ca97"",""owner_native_state"":""exact_evidence"",""payload"":{""concept_relation_inferred"":false,""evidence"":{""assertion_method"":""source_topology"",""confidence"":""exact"",""native_relation_id"":""urn:uuid:7be5499b-e5d2-5c14-b12e-49a4008bf87b"",""source_locator"":""full authority document order""},""from_endpoint"":{""native_id"":""urn:uuid:3832a877-42f8-5dbc-8ab2-c1c17e5e38e5"",""projected_id"":""urn:uuid:b7a0541f-4f3d-5f21-a26e-7dbcd2f5c814""},""relation_type"":""precedes"",""strength"":""hard"",""to_endpoint"":{""native_id"":""urn:uuid:04ec8099-78a5-58ca-b8e7-bb113bb2020a"",""projected_id"":""urn:uuid:1a61f843-766b-5ab0-8caa-7ad6f75f241d""}},""record_type"":""relation"",""recorded_at"":""2026-08-30T00:00:00Z"",""semantic_key"":""b10:dmoi4:relation:urn:uuid:7be5499b-e5d2-5c14-b12e-49a4008bf87b""}"
urn:uuid:2921e780-67c7-5c63-af0b-3078586086b0,relation,"{""dataset_id"":""urn:uuid:6090fc4b-b34d-5cff-8f65-acaa06ddd1fc"",""id"":""urn:uuid:2921e780-67c7-5c63-af0b-3078586086b0"",""normalized_state"":""validated"",""owner_authority_id"":""urn:uuid:4dea4d1d-09ba-504e-9fcd-83524281ca97"",""owner_native_state"":""exact_evidence"",""payload"":{""concept_relation_inferred"":false,""evidence"":{""assertion_method"":""source_topology"",""confidence"":""exact"",""native_relation_id"":""urn:uuid:7b4b2085-2e7a-50e2-bc8f-bc0bcc94e1bb"",""source_locator"":""full authority document order""},""from_endpoint"":{""native_id"":""urn:uuid:38e23eff-f74f-594b-b46e-57c1dc4dd4ad"",""projected_id"":""urn:uuid:bf78ba46-c556-5946-bf01-23391c99fe21""},""relation_type"":""precedes"",""strength"":""hard"",""to_endpoint"":{""native_id"":""urn:uuid:c79a88a0-6167-594e-93bd-d70ea0b95fc3"",""projected_id"":""urn:uuid:4182ae10-0790-591a-8477-a22a70292150""}},""record_type"":""relation"",""recorded_at"":""2026-08-30T00:00:00Z"",""semantic_key"":""b10:dmoi4:relation:urn:uuid:7b4b2085-2e7a-50e2-bc8f-bc0bcc94e1bb""}"
urn:uuid:b4d31893-8a52-594e-872b-7c5816374775,relation,"{""dataset_id"":""urn:uuid:6090fc4b-b34d-5cff-8f65-acaa06ddd1fc"",""id"":""urn:uuid:b4d31893-8a52-594e-872b-7c5816374775"",""normalized_state"":""validated"",""owner_authority_id"":""urn:uuid:4dea4d1d-09ba-504e-9fcd-83524281ca97"",""owner_native_state"":""exact_evidence"",""payload"":{""concept_relation_inferred"":false,""evidence"":{""assertion_method"":""source_topology"",""confidence"":""exact"",""native_relation_id"":""urn:uuid:fde048c8-91e4-5f5a-aa62-68062f0446a4"",""source_locator"":""full authority document order""},""from_endpoint"":{""native_id"":""urn:uuid:3baa871b-1567-542a-a737-6c7929d86e50"",""projected_id"":""urn:uuid:f8e22a2d-68e2-5902-8b8f-e8d6c03edea0""},""relation_type"":""precedes"",""strength"":""hard"",""to_endpoint"":{""native_id"":""urn:uuid:44d6530d-226d-5d56-a3e0-2f0534534958"",""projected_id"":""urn:uuid:7309e993-9633-5f8c-9a5e-fd451f825ebd""}},""record_type"":""relation"",""recorded_at"":""2026-08-30T00:00:00Z"",""semantic_key"":""b10:dmoi4:relation:urn:uuid:fde048c8-91e4-5f5a-aa62-68062f0446a4""}"
urn:uuid:b92693c7-c798-5288-b7d9-aea5751d61ca,relation,"{""dataset_id"":""urn:uuid:6090fc4b-b34d-5cff-8f65-acaa06ddd1fc"",""id"":""urn:uuid:b92693c7-c798-5288-b7d9-aea5751d61ca"",""normalized_state"":""validated"",""owner_authority_id"":""urn:uuid:4dea4d1d-09ba-504e-9fcd-83524281ca97"",""owner_native_state"":""exact_evidence"",""payload"":{""concept_relation_inferred"":false,""evidence"":{""assertion_method"":""source_topology"",""confidence"":""exact"",""native_relation_id"":""urn:uuid:f4fdb1fa-ecd4-5241-8227-2333f716161f"",""source_locator"":""full authority document order""},""from_endpoint"":{""native_id"":""urn:uuid:3fe3e64e-5c76-59ed-8042-b77fc5581dee"",""projected_id"":""urn:uuid:b6ac4c86-5f09-55d3-8c16-2f31f046c03f""},""relation_type"":""precedes"",""strength"":""hard"",""to_endpoint"":{""native_id"":""urn:uuid:1b3ccc28-1e8d-5d78-b935-ab04d49ae87c"",""projected_id"":""urn:uuid:84ed3f80-8a68-5b47-b1f0-683b686ab817""}},""record_type"":""relation"",""recorded_at"":""2026-08-30T00:00:00Z"",""semantic_key"":""b10:dmoi4:relation:urn:uuid:f4fdb1fa-ecd4-5241-8227-2333f716161f""}"
urn:uuid:fccc13c0-bc9b-591d-a06a-67cb4f5e0f39,relation,"{""dataset_id"":""urn:uuid:6090fc4b-b34d-5cff-8f65-acaa06ddd1fc"",""id"":""urn:uuid:fccc13c0-bc9b-591d-a06a-67cb4f5e0f39"",""normalized_state"":""validated"",""owner_authority_id"":""urn:uuid:4dea4d1d-09ba-504e-9fcd-83524281ca97"",""owner_native_state"":""exact_evidence"",""payload"":{""concept_relation_inferred"":false,""evidence"":{""assertion_method"":""source_topology"",""confidence"":""exact"",""native_relation_id"":""urn:uuid:b220c429-7527-5518-93c1-ecbfa63a1c37"",""source_locator"":""full authority document order""},""from_endpoint"":{""native_id"":""urn:uuid:401baf3c-8042-583e-ab34-2f3d0d2c59f5"",""projected_id"":""urn:uuid:6166af73-35e4-5b64-b5ae-2430f5f82273""},""relation_type"":""precedes"",""strength"":""hard"",""to_endpoint"":{""native_id"":""urn:uuid:6dce5df1-0284-5bd3-9f84-ff7c1d3bd160"",""projected_id"":""urn:uuid:db2274e9-5e6e-5f0e-a31e-dc3ee3cb1781""}},""record_type"":""relation"",""recorded_at"":""2026-08-30T00:00:00Z"",""semantic_key"":""b10:dmoi4:relation:urn:uuid:b220c429-7527-5518-93c1-ecbfa63a1c37""}"
urn:uuid:51e8c767-078f-5e72-9934-6831f2cef838,relation,"{""dataset_id"":""urn:uuid:6090fc4b-b34d-5cff-8f65-acaa06ddd1fc"",""id"":""urn:uuid:51e8c767-078f-5e72-9934-6831f2cef838"",""normalized_state"":""validated"",""owner_authority_id"":""urn:uuid:4dea4d1d-09ba-504e-9fcd-83524281ca97"",""owner_native_state"":""exact_evidence"",""payload"":{""concept_relation_inferred"":false,""evidence"":{""assertion_method"":""source_topology"",""confidence"":""exact"",""native_relation_id"":""urn:uuid:d30869ad-4039-5187-bbe2-1f4577f10abe"",""source_locator"":""full authority document order""},""from_endpoint"":{""native_id"":""urn:uuid:437004b6-9db4-521e-bbdc-443327280397"",""projected_id"":""urn:uuid:4db66166-83d2-567a-89d6-e549c98bf28a""},""relation_type"":""precedes"",""strength"":""hard"",""to_endpoint"":{""native_id"":""urn:uuid:20050fc6-9223-5ecb-8b25-c4d3241193f7"",""projected_id"":""urn:uuid:299f0824-e5f1-5371-b8b9-ae1c3d2c9efa""}},""record_type"":""relation"",""recorded_at"":""2026-08-30T00:00:00Z"",""semantic_key"":""b10:dmoi4:relation:urn:uuid:d30869ad-4039-5187-bbe2-1f4577f10abe""}"
urn:uuid:822d8258-ecde-529f-a6b8-5bb7b1ac180c,relation,"{""dataset_id"":""urn:uuid:6090fc4b-b34d-5cff-8f65-acaa06ddd1fc"",""id"":""urn:uuid:822d8258-ecde-529f-a6b8-5bb7b1ac180c"",""normalized_state"":""validated"",""owner_authority_id"":""urn:uuid:4dea4d1d-09ba-504e-9fcd-83524281ca97"",""owner_native_state"":""exact_evidence"",""payload"":{""concept_relation_inferred"":false,""evidence"":{""assertion_method"":""source_topology"",""confidence"":""exact"",""native_relation_id"":""urn:uuid:f8ab3292-8752-51c4-a80a-2ca8044d7b70"",""source_locator"":""full authority document order""},""from_endpoint"":{""native_id"":""urn:uuid:437bf5cc-9af0-566c-96b2-5266a23e7307"",""projected_id"":""urn:uuid:d110106c-0269-55e4-bc9c-bb6ab37561a4""},""relation_type"":""precedes"",""strength"":""hard"",""to_endpoint"":{""native_id"":""urn:uuid:4f60a63b-8d54-5af2-8cb5-1f69dafcb3d6"",""projected_id"":""urn:uuid:84afaf04-92d3-5a91-84ff-1108bedf0281""}},""record_type"":""relation"",""recorded_at"":""2026-08-30T00:00:00Z"",""semantic_key"":""b10:dmoi4:relation:urn:uuid:f8ab3292-8752-51c4-a80a-2ca8044d7b70""}"
urn:uuid:7fa22278-633c-5ffa-9842-952ea0e5f068,relation,"{""dataset_id"":""urn:uuid:6090fc4b-b34d-5cff-8f65-acaa06ddd1fc"",""id"":""urn:uuid:7fa22278-633c-5ffa-9842-952ea0e5f068"",""normalized_state"":""validated"",""owner_authority_id"":""urn:uuid:4dea4d1d-09ba-504e-9fcd-83524281ca97"",""owner_native_state"":""exact_evidence"",""payload"":{""concept_relation_inferred"":false,""evidence"":{""assertion_method"":""source_topology"",""confidence"":""exact"",""native_relation_id"":""urn:uuid:c9bc197b-b6c8-521a-a089-b894d8eec4ad"",""source_locator"":""full authority document order""},""from_endpoint"":{""native_id"":""urn:uuid:44d6530d-226d-5d56-a3e0-2f0534534958"",""projected_id"":""urn:uuid:7309e993-9633-5f8c-9a5e-fd451f825ebd""},""relation_type"":""precedes"",""strength"":""hard"",""to_endpoint"":{""native_id"":""urn:uuid:099de06e-dd3d-5711-ba9e-5edc11026831"",""projected_id"":""urn:uuid:dd923b91-846f-5016-8764-37b6c2a9fe60""}},""record_type"":""relation"",""recorded_at"":""2026-08-30T00:00:00Z"",""semantic_key"":""b10:dmoi4:relation:urn:uuid:c9bc197b-b6c8-521a-a089-b894d8eec4ad""}"
urn:uuid:f9826a3b-5982-50b6-8176-ccd5a90ed983,relation,"{""dataset_id"":""urn:uuid:6090fc4b-b34d-5cff-8f65-acaa06ddd1fc"",""id"":""urn:uuid:f9826a3b-5982-50b6-8176-ccd5a90ed983"",""normalized_state"":""validated"",""owner_authority_id"":""urn:uuid:4dea4d1d-09ba-504e-9fcd-83524281ca97"",""owner_native_state"":""exact_evidence"",""payload"":{""concept_relation_inferred"":false,""evidence"":{""assertion_method"":""source_topology"",""confidence"":""exact"",""native_relation_id"":""urn:uuid:d298b6b1-bf68-5327-890c-06813bb1594d"",""source_locator"":""full authority document order""},""from_endpoint"":{""native_id"":""urn:uuid:466c2d34-ecc3-5c6e-88e9-302ebb85caf5"",""projected_id"":""urn:uuid:fd2f272f-0cf2-54ea-b704-434a3efa8295""},""relation_type"":""precedes"",""strength"":""hard"",""to_endpoint"":{""native_id"":""urn:uuid:f50eed74-ff89-506b-b0ca-87874c3d8511"",""projected_id"":""urn:uuid:3ec1885a-2ac5-567a-b9f3-e5627c1f665a""}},""record_type"":""relation"",""recorded_at"":""2026-08-30T00:00:00Z"",""semantic_key"":""b10:dmoi4:relation:urn:uuid:d298b6b1-bf68-5327-890c-06813bb1594d""}"
urn:uuid:9724f15d-a8a0-518d-acbd-400191280737,relation,"{""dataset_id"":""urn:uuid:6090fc4b-b34d-5cff-8f65-acaa06ddd1fc"",""id"":""urn:uuid:9724f15d-a8a0-518d-acbd-400191280737"",""normalized_state"":""validated"",""owner_authority_id"":""urn:uuid:4dea4d1d-09ba-504e-9fcd-83524281ca97"",""owner_native_state"":""exact_evidence"",""payload"":{""concept_relation_inferred"":false,""evidence"":{""assertion_method"":""source_topology"",""confidence"":""exact"",""native_relation_id"":""urn:uuid:8654dace-eb43-5dc7-93f6-d6138410fd49"",""source_locator"":""full authority document order""},""from_endpoint"":{""native_id"":""urn:uuid:477b71fa-a708-54ca-aa0a-a022e9107e4f"",""projected_id"":""urn:uuid:f4d28aef-e9ba-5929-93ab-9e56bbeb4845""},""relation_type"":""precedes"",""strength"":""hard"",""to_endpoint"":{""native_id"":""urn:uuid:1e2aa05b-49df-5806-b999-c8cd2ae9252d"",""projected_id"":""urn:uuid:da5a6067-9036-5183-8fab-01a6a429bfa5""}},""record_type"":""relation"",""recorded_at"":""2026-08-30T00:00:00Z"",""semantic_key"":""b10:dmoi4:relation:urn:uuid:8654dace-eb43-5dc7-93f6-d6138410fd49""}"
urn:uuid:dba0f856-4f7c-5c8c-8524-94ff211fa1cf,relation,"{""dataset_id"":""urn:uuid:6090fc4b-b34d-5cff-8f65-acaa06ddd1fc"",""id"":""urn:uuid:dba0f856-4f7c-5c8c-8524-94ff211fa1cf"",""normalized_state"":""validated"",""owner_authority_id"":""urn:uuid:4dea4d1d-09ba-504e-9fcd-83524281ca97"",""owner_native_state"":""exact_evidence"",""payload"":{""concept_relation_inferred"":false,""evidence"":{""assertion_method"":""source_topology"",""confidence"":""exact"",""native_relation_id"":""urn:uuid:5126399b-2ff1-5d0f-bc14-1d51826abd71"",""source_locator"":""full authority document order""},""from_endpoint"":{""native_id"":""urn:uuid:48ca9331-78e7-58b7-807f-92a5fa0d9a58"",""projected_id"":""urn:uuid:4b31ff65-b43f-568d-8b6d-e9eec5fd7d3f""},""relation_type"":""precedes"",""strength"":""hard"",""to_endpoint"":{""native_id"":""urn:uuid:3baa871b-1567-542a-a737-6c7929d86e50"",""projected_id"":""urn:uuid:f8e22a2d-68e2-5902-8b8f-e8d6c03edea0""}},""record_type"":""relation"",""recorded_at"":""2026-08-30T00:00:00Z"",""semantic_key"":""b10:dmoi4:relation:urn:uuid:5126399b-2ff1-5d0f-bc14-1d51826abd71""}"
urn:uuid:5ebb5d64-e497-510f-98cf-03fad08e21c7,relation,"{""dataset_id"":""urn:uuid:6090fc4b-b34d-5cff-8f65-acaa06ddd1fc"",""id"":""urn:uuid:5ebb5d64-e497-510f-98cf-03fad08e21c7"",""normalized_state"":""validated"",""owner_authority_id"":""urn:uuid:4dea4d1d-09ba-504e-9fcd-83524281ca97"",""owner_native_state"":""exact_evidence"",""payload"":{""concept_relation_inferred"":false,""evidence"":{""assertion_method"":""source_topology"",""confidence"":""exact"",""native_relation_id"":""urn:uuid:456ce856-ac44-5376-86b4-257e9b7afdb3"",""source_locator"":""full authority document order""},""from_endpoint"":{""native_id"":""urn:uuid:492faccc-1a07-59a0-9cca-8c08a93d1130"",""projected_id"":""urn:uuid:89df1db7-700f-5a34-98af-1c674273518d""},""relation_type"":""precedes"",""strength"":""hard"",""to_endpoint"":{""native_id"":""urn:uuid:6027100c-f10c-5ac9-906e-e3bdcb6de257"",""projected_id"":""urn:uuid:1bcf267e-6f4d-5bb8-b137-61b6bfb87a16""}},""record_type"":""relation"",""recorded_at"":""2026-08-30T00:00:00Z"",""semantic_key"":""b10:dmoi4:relation:urn:uuid:456ce856-ac44-5376-86b4-257e9b7afdb3""}"
urn:uuid:bcfd502e-7880-5aac-bd3d-825fd7b3d52c,relation,"{""dataset_id"":""urn:uuid:6090fc4b-b34d-5cff-8f65-acaa06ddd1fc"",""id"":""urn:uuid:bcfd502e-7880-5aac-bd3d-825fd7b3d52c"",""normalized_state"":""validated"",""owner_authority_id"":""urn:uuid:4dea4d1d-09ba-504e-9fcd-83524281ca97"",""owner_native_state"":""exact_evidence"",""payload"":{""concept_relation_inferred"":false,""evidence"":{""assertion_method"":""source_topology"",""confidence"":""exact"",""native_relation_id"":""urn:uuid:3bfd78ad-6914-5faa-80ff-b4bd09e1c3ca"",""source_locator"":""full authority document order""},""from_endpoint"":{""native_id"":""urn:uuid:49cbf686-a78a-57d6-8518-7f4367bfdffa"",""projected_id"":""urn:uuid:0218c651-a707-51a4-887a-126e7a19bc86""},""relation_type"":""precedes"",""strength"":""hard"",""to_endpoint"":{""native_id"":""urn:uuid:6e1f8158-d481-5e62-b699-56d17d4cf395"",""projected_id"":""urn:uuid:ca8f5fd2-f271-5d64-9844-f1fc62442fcf""}},""record_type"":""relation"",""recorded_at"":""2026-08-30T00:00:00Z"",""semantic_key"":""b10:dmoi4:relation:urn:uuid:3bfd78ad-6914-5faa-80ff-b4bd09e1c3ca""}"
urn:uuid:d244058f-1801-5a2d-81e3-1327882d7c4c,relation,"{""dataset_id"":""urn:uuid:6090fc4b-b34d-5cff-8f65-acaa06ddd1fc"",""id"":""urn:uuid:d244058f-1801-5a2d-81e3-1327882d7c4c"",""normalized_state"":""validated"",""owner_authority_id"":""urn:uuid:4dea4d1d-09ba-504e-9fcd-83524281ca97"",""owner_native_state"":""exact_evidence"",""payload"":{""concept_relation_inferred"":false,""evidence"":{""assertion_method"":""source_topology"",""confidence"":""exact"",""native_relation_id"":""urn:uuid:f0400623-f4c8-54b5-8dd5-bc9913253eb3"",""source_locator"":""full authority document order""},""from_endpoint"":{""native_id"":""urn:uuid:4b83ce11-a05c-5287-a950-64bfa3304e93"",""projected_id"":""urn:uuid:5bc38ae9-c8a3-5778-8281-cb1fd27a1aa8""},""relation_type"":""precedes"",""strength"":""hard"",""to_endpoint"":{""native_id"":""urn:uuid:9974619c-b6d2-5419-bb7d-bd90a199a8a4"",""projected_id"":""urn:uuid:b6b05022-6e65-59e7-a9b7-73b679c98d56""}},""record_type"":""relation"",""recorded_at"":""2026-08-30T00:00:00Z"",""semantic_key"":""b10:dmoi4:relation:urn:uuid:f0400623-f4c8-54b5-8dd5-bc9913253eb3""}"
urn:uuid:29a42897-e236-561d-8dca-00fe2397b3a7,relation,"{""dataset_id"":""urn:uuid:6090fc4b-b34d-5cff-8f65-acaa06ddd1fc"",""id"":""urn:uuid:29a42897-e236-561d-8dca-00fe2397b3a7"",""normalized_state"":""validated"",""owner_authority_id"":""urn:uuid:4dea4d1d-09ba-504e-9fcd-83524281ca97"",""owner_native_state"":""exact_evidence"",""payload"":{""concept_relation_inferred"":false,""evidence"":{""assertion_method"":""source_topology"",""confidence"":""exact"",""native_relation_id"":""urn:uuid:13c580e1-4d86-5843-8e8b-8dc3252e1ff3"",""source_locator"":""full authority document order""},""from_endpoint"":{""native_id"":""urn:uuid:4e3218ac-6ff1-56fd-af19-325dd636367a"",""projected_id"":""urn:uuid:4bc321fc-8c52-5153-937a-57aba5fbe9fa""},""relation_type"":""precedes"",""strength"":""hard"",""to_endpoint"":{""native_id"":""urn:uuid:64f38afd-0890-591f-a6e4-63ab497edf03"",""projected_id"":""urn:uuid:3acbd5dc-d1e2-529a-9974-90fb3985affc""}},""record_type"":""relation"",""recorded_at"":""2026-08-30T00:00:00Z"",""semantic_key"":""b10:dmoi4:relation:urn:uuid:13c580e1-4d86-5843-8e8b-8dc3252e1ff3""}"
urn:uuid:335ecc68-e3d7-51fa-ad85-ecdbdee941b0,relation,"{""dataset_id"":""urn:uuid:6090fc4b-b34d-5cff-8f65-acaa06ddd1fc"",""id"":""urn:uuid:335ecc68-e3d7-51fa-ad85-ecdbdee941b0"",""normalized_state"":""validated"",""owner_authority_id"":""urn:uuid:4dea4d1d-09ba-504e-9fcd-83524281ca97"",""owner_native_state"":""exact_evidence"",""payload"":{""concept_relation_inferred"":false,""evidence"":{""assertion_method"":""source_topology"",""confidence"":""exact"",""native_relation_id"":""urn:uuid:b45f8713-4951-5c56-8429-4ab80e5ffdc7"",""source_locator"":""full authority document order""},""from_endpoint"":{""native_id"":""urn:uuid:4ebee82f-1c11-5a7d-bc0b-36c9bda66ced"",""projected_id"":""urn:uuid:31b8e990-3f1b-5b8e-ac4c-9b25742a7baa""},""relation_type"":""precedes"",""strength"":""hard"",""to_endpoint"":{""native_id"":""urn:uuid:534cf573-b62a-58c4-9b9b-cf06e171c88e"",""projected_id"":""urn:uuid:312e4a06-dc22-5bfd-b100-b7536c280fc7""}},""record_type"":""relation"",""recorded_at"":""2026-08-30T00:00:00Z"",""semantic_key"":""b10:dmoi4:relation:urn:uuid:b45f8713-4951-5c56-8429-4ab80e5ffdc7""}"
urn:uuid:e1345340-13f6-5961-9c79-e86dc4a3fa64,relation,"{""dataset_id"":""urn:uuid:6090fc4b-b34d-5cff-8f65-acaa06ddd1fc"",""id"":""urn:uuid:e1345340-13f6-5961-9c79-e86dc4a3fa64"",""normalized_state"":""validated"",""owner_authority_id"":""urn:uuid:4dea4d1d-09ba-504e-9fcd-83524281ca97"",""owner_native_state"":""exact_evidence"",""payload"":{""concept_relation_inferred"":false,""evidence"":{""assertion_method"":""source_topology"",""confidence"":""exact"",""native_relation_id"":""urn:uuid:fa06cf81-2062-5255-aea0-2cfbeea150fb"",""source_locator"":""full authority document order""},""from_endpoint"":{""native_id"":""urn:uuid:52208520-fa97-5ae6-832e-64fc5f08e4e0"",""projected_id"":""urn:uuid:cb4e1bf3-4c66-5a48-ac3d-47404af42f06""},""relation_type"":""precedes"",""strength"":""hard"",""to_endpoint"":{""native_id"":""urn:uuid:ecf87d52-bcf3-503b-bc27-2c1e4a1c641c"",""projected_id"":""urn:uuid:72936f9b-39d3-5ccd-80de-406ad1c7d7f2""}},""record_type"":""relation"",""recorded_at"":""2026-08-30T00:00:00Z"",""semantic_key"":""b10:dmoi4:relation:urn:uuid:fa06cf81-2062-5255-aea0-2cfbeea150fb""}"
urn:uuid:7868ce44-f429-5488-8030-61f9275d67f2,relation,"{""dataset_id"":""urn:uuid:6090fc4b-b34d-5cff-8f65-acaa06ddd1fc"",""id"":""urn:uuid:7868ce44-f429-5488-8030-61f9275d67f2"",""normalized_state"":""validated"",""owner_authority_id"":""urn:uuid:4dea4d1d-09ba-504e-9fcd-83524281ca97"",""owner_native_state"":""exact_evidence"",""payload"":{""concept_relation_inferred"":false,""evidence"":{""assertion_method"":""source_topology"",""confidence"":""exact"",""native_relation_id"":""urn:uuid:58e2691c-564b-53b7-b2f1-81e5845a99b8"",""source_locator"":""full authority document order""},""from_endpoint"":{""native_id"":""urn:uuid:5464d3ea-6b6d-58da-b255-60bf456cc8b4"",""projected_id"":""urn:uuid:6dfd9475-193b-54bf-801e-054da99b2b7a""},""relation_type"":""precedes"",""strength"":""hard"",""to_endpoint"":{""native_id"":""urn:uuid:05228726-9598-56be-b15b-26a83661d0d2"",""projected_id"":""urn:uuid:e1e4f925-1208-5354-8f93-0f01fd5b54fb""}},""record_type"":""relation"",""recorded_at"":""2026-08-30T00:00:00Z"",""semantic_key"":""b10:dmoi4:relation:urn:uuid:58e2691c-564b-53b7-b2f1-81e5845a99b8""}"
urn:uuid:019ba138-8b3a-5924-b4d6-65e88802af6e,relation,"{""dataset_id"":""urn:uuid:6090fc4b-b34d-5cff-8f65-acaa06ddd1fc"",""id"":""urn:uuid:019ba138-8b3a-5924-b4d6-65e88802af6e"",""normalized_state"":""validated"",""owner_authority_id"":""urn:uuid:4dea4d1d-09ba-504e-9fcd-83524281ca97"",""owner_native_state"":""exact_evidence"",""payload"":{""concept_relation_inferred"":false,""evidence"":{""assertion_method"":""source_topology"",""confidence"":""exact"",""native_relation_id"":""urn:uuid:c6ec77be-7a9e-544d-afe7-85da5af111ab"",""source_locator"":""full authority document order""},""from_endpoint"":{""native_id"":""urn:uuid:57a07873-f2f8-52b3-87b1-56d1a99f5593"",""projected_id"":""urn:uuid:1a524289-c49a-524b-b89c-59e76e7f03a2""},""relation_type"":""precedes"",""strength"":""hard"",""to_endpoint"":{""native_id"":""urn:uuid:340f2fcb-0843-52a2-bc90-f8c2fc6d48ba"",""projected_id"":""urn:uuid:fa91fc61-bb2e-53eb-9936-1269ece4f99f""}},""record_type"":""relation"",""recorded_at"":""2026-08-30T00:00:00Z"",""semantic_key"":""b10:dmoi4:relation:urn:uuid:c6ec77be-7a9e-544d-afe7-85da5af111ab""}"
urn:uuid:70dabcff-706e-524f-afe2-812a1f737f82,relation,"{""dataset_id"":""urn:uuid:6090fc4b-b34d-5cff-8f65-acaa06ddd1fc"",""id"":""urn:uuid:70dabcff-706e-524f-afe2-812a1f737f82"",""normalized_state"":""validated"",""owner_authority_id"":""urn:uuid:4dea4d1d-09ba-504e-9fcd-83524281ca97"",""owner_native_state"":""exact_evidence"",""payload"":{""concept_relation_inferred"":false,""evidence"":{""assertion_method"":""source_topology"",""confidence"":""exact"",""native_relation_id"":""urn:uuid:48c322a0-dada-5997-b7f4-37db94ea1227"",""source_locator"":""full authority document order""},""from_endpoint"":{""native_id"":""urn:uuid:59d6f92e-28e5-5920-a8a1-e4f925570072"",""projected_id"":""urn:uuid:4a2f67bf-b869-5240-93da-0bd24b1488b5""},""relation_type"":""precedes"",""strength"":""hard"",""to_endpoint"":{""native_id"":""urn:uuid:55b5e781-becc-5d2f-9147-127125e479e3"",""projected_id"":""urn:uuid:f8eeab59-8e60-53fd-a099-48e78e0fc2a1""}},""record_type"":""relation"",""recorded_at"":""2026-08-30T00:00:00Z"",""semantic_key"":""b10:dmoi4:relation:urn:uuid:48c322a0-dada-5997-b7f4-37db94ea1227""}"
urn:uuid:352baeec-9170-5a0d-bc32-8119d155c12b,relation,"{""dataset_id"":""urn:uuid:6090fc4b-b34d-5cff-8f65-acaa06ddd1fc"",""id"":""urn:uuid:352baeec-9170-5a0d-bc32-8119d155c12b"",""normalized_state"":""validated"",""owner_authority_id"":""urn:uuid:4dea4d1d-09ba-504e-9fcd-83524281ca97"",""owner_native_state"":""exact_evidence"",""payload"":{""concept_relation_inferred"":false,""evidence"":{""assertion_method"":""source_topology"",""confidence"":""exact"",""native_relation_id"":""urn:uuid:a6afccc4-e894-54f4-bb13-7395cf31f680"",""source_locator"":""full authority document order""},""from_endpoint"":{""native_id"":""urn:uuid:5a6a77d8-8d40-5fb8-adc3-a0673710266d"",""projected_id"":""urn:uuid:2f602456-87cf-597b-b375-3323b8c77b70""},""relation_type"":""precedes"",""strength"":""hard"",""to_endpoint"":{""native_id"":""urn:uuid:4468fb3d-c6dd-5bd0-a78d-c3983e0b383b"",""projected_id"":""urn:uuid:0bb76aed-38c4-5161-989e-e1e81a056647""}},""record_type"":""relation"",""recorded_at"":""2026-08-30T00:00:00Z"",""semantic_key"":""b10:dmoi4:relation:urn:uuid:a6afccc4-e894-54f4-bb13-7395cf31f680""}"
urn:uuid:b6eb51ae-f82c-5add-8db4-92341bb4b086,relation,"{""dataset_id"":""urn:uuid:6090fc4b-b34d-5cff-8f65-acaa06ddd1fc"",""id"":""urn:uuid:b6eb51ae-f82c-5add-8db4-92341bb4b086"",""normalized_state"":""validated"",""owner_authority_id"":""urn:uuid:4dea4d1d-09ba-504e-9fcd-83524281ca97"",""owner_native_state"":""exact_evidence"",""payload"":{""concept_relation_inferred"":false,""evidence"":{""assertion_method"":""source_topology"",""confidence"":""exact"",""native_relation_id"":""urn:uuid:da015646-4269-59f1-a5c4-9e9ea0df17f9"",""source_locator"":""full authority document order""},""from_endpoint"":{""native_id"":""urn:uuid:5fc7c6ba-2ec9-5219-91ba-7c765d9db3c0"",""projected_id"":""urn:uuid:98127f4f-f4cb-5af1-8e9a-a70675990779""},""relation_type"":""precedes"",""strength"":""hard"",""to_endpoint"":{""native_id"":""urn:uuid:78b9926a-8883-5412-b8aa-b1c4a1d85476"",""projected_id"":""urn:uuid:d5604972-61fa-596f-9cab-67c703578bd4""}},""record_type"":""relation"",""recorded_at"":""2026-08-30T00:00:00Z"",""semantic_key"":""b10:dmoi4:relation:urn:uuid:da015646-4269-59f1-a5c4-9e9ea0df17f9""}"
urn:uuid:6279e979-fa46-5a67-87e6-3d9b4d3ef78a,relation,"{""dataset_id"":""urn:uuid:6090fc4b-b34d-5cff-8f65-acaa06ddd1fc"",""id"":""urn:uuid:6279e979-fa46-5a67-87e6-3d9b4d3ef78a"",""normalized_state"":""validated"",""owner_authority_id"":""urn:uuid:4dea4d1d-09ba-504e-9fcd-83524281ca97"",""owner_native_state"":""exact_evidence"",""payload"":{""concept_relation_inferred"":false,""evidence"":{""assertion_method"":""source_topology"",""confidence"":""exact"",""native_relation_id"":""urn:uuid:cfa6c01e-72a6-59b0-91f0-248866ae0be2"",""source_locator"":""full authority document order""},""from_endpoint"":{""native_id"":""urn:uuid:6027100c-f10c-5ac9-906e-e3bdcb6de257"",""projected_id"":""urn:uuid:1bcf267e-6f4d-5bb8-b137-61b6bfb87a16""},""relation_type"":""precedes"",""strength"":""hard"",""to_endpoint"":{""native_id"":""urn:uuid:84a0b4ee-3d47-548f-9073-51c24cf75ed0"",""projected_id"":""urn:uuid:a29013a5-e291-515c-96a1-17e7b18db95f""}},""record_type"":""relation"",""recorded_at"":""2026-08-30T00:00:00Z"",""semantic_key"":""b10:dmoi4:relation:urn:uuid:cfa6c01e-72a6-59b0-91f0-248866ae0be2""}"
urn:uuid:3d042d20-7ea4-550e-b55f-ee65777eeb1b,relation,"{""dataset_id"":""urn:uuid:6090fc4b-b34d-5cff-8f65-acaa06ddd1fc"",""id"":""urn:uuid:3d042d20-7ea4-550e-b55f-ee65777eeb1b"",""normalized_state"":""validated"",""owner_authority_id"":""urn:uuid:4dea4d1d-09ba-504e-9fcd-83524281ca97"",""owner_native_state"":""exact_evidence"",""payload"":{""concept_relation_inferred"":false,""evidence"":{""assertion_method"":""source_topology"",""confidence"":""exact"",""native_relation_id"":""urn:uuid:0ae02b11-7266-5988-bd01-fd9f53a6267b"",""source_locator"":""full authority document order""},""from_endpoint"":{""native_id"":""urn:uuid:63f1de2a-8925-536e-8ebd-c1c73ffef03a"",""projected_id"":""urn:uuid:59deb509-3300-5a48-a499-541f1290c16a""},""relation_type"":""precedes"",""strength"":""hard"",""to_endpoint"":{""native_id"":""urn:uuid:2165682e-6bfc-57d9-b21d-df415f38ef6d"",""projected_id"":""urn:uuid:53f81a86-1444-5fc1-bebc-fb5a478d6ded""}},""record_type"":""relation"",""recorded_at"":""2026-08-30T00:00:00Z"",""semantic_key"":""b10:dmoi4:relation:urn:uuid:0ae02b11-7266-5988-bd01-fd9f53a6267b""}"
urn:uuid:0bef9c7e-1df5-5fe8-8160-60bd4df28505,relation,"{""dataset_id"":""urn:uuid:6090fc4b-b34d-5cff-8f65-acaa06ddd1fc"",""id"":""urn:uuid:0bef9c7e-1df5-5fe8-8160-60bd4df28505"",""normalized_state"":""validated"",""owner_authority_id"":""urn:uuid:4dea4d1d-09ba-504e-9fcd-83524281ca97"",""owner_native_state"":""exact_evidence"",""payload"":{""concept_relation_inferred"":false,""evidence"":{""assertion_method"":""source_topology"",""confidence"":""exact"",""native_relation_id"":""urn:uuid:0b3c4708-eac3-530c-be65-76cc80403755"",""source_locator"":""full authority document order""},""from_endpoint"":{""native_id"":""urn:uuid:64c227a4-1910-5e86-83b7-f0d47ca13f5f"",""projected_id"":""urn:uuid:3719f407-3958-5213-8408-baade6dd0bdd""},""relation_type"":""precedes"",""strength"":""hard"",""to_endpoint"":{""native_id"":""urn:uuid:19ea5430-df56-5790-850c-cc430bf1b015"",""projected_id"":""urn:uuid:63c35ed2-dcef-58d1-b115-2d4b9f50167d""}},""record_type"":""relation"",""recorded_at"":""2026-08-30T00:00:00Z"",""semantic_key"":""b10:dmoi4:relation:urn:uuid:0b3c4708-eac3-530c-be65-76cc80403755""}"
urn:uuid:04fa092c-f7a2-5996-9252-a888f1306157,relation,"{""dataset_id"":""urn:uuid:6090fc4b-b34d-5cff-8f65-acaa06ddd1fc"",""id"":""urn:uuid:04fa092c-f7a2-5996-9252-a888f1306157"",""normalized_state"":""validated"",""owner_authority_id"":""urn:uuid:4dea4d1d-09ba-504e-9fcd-83524281ca97"",""owner_native_state"":""exact_evidence"",""payload"":{""concept_relation_inferred"":false,""evidence"":{""assertion_method"":""source_topology"",""confidence"":""exact"",""native_relation_id"":""urn:uuid:69f57943-5a1f-580c-a8a3-e43d5cc03d05"",""source_locator"":""full authority document order""},""from_endpoint"":{""native_id"":""urn:uuid:64c3ba36-b981-5117-9903-c5e6063f6270"",""projected_id"":""urn:uuid:0a70f94f-f805-5ab3-bea1-22c7dde24c85""},""relation_type"":""precedes"",""strength"":""hard"",""to_endpoint"":{""native_id"":""urn:uuid:f4ae49da-6e22-5379-9745-23abe9ccc5e6"",""projected_id"":""urn:uuid:e503b5d1-3d5d-5334-8ddc-d66c56d89333""}},""record_type"":""relation"",""recorded_at"":""2026-08-30T00:00:00Z"",""semantic_key"":""b10:dmoi4:relation:urn:uuid:69f57943-5a1f-580c-a8a3-e43d5cc03d05""}"
urn:uuid:b21f12dd-fc19-5f9e-b7a9-8f9cb2a0664c,relation,"{""dataset_id"":""urn:uuid:6090fc4b-b34d-5cff-8f65-acaa06ddd1fc"",""id"":""urn:uuid:b21f12dd-fc19-5f9e-b7a9-8f9cb2a0664c"",""normalized_state"":""validated"",""owner_authority_id"":""urn:uuid:4dea4d1d-09ba-504e-9fcd-83524281ca97"",""owner_native_state"":""exact_evidence"",""payload"":{""concept_relation_inferred"":false,""evidence"":{""assertion_method"":""source_topology"",""confidence"":""exact"",""native_relation_id"":""urn:uuid:e3fc625f-409f-58a4-b109-fed7ab5de1f1"",""source_locator"":""full authority document order""},""from_endpoint"":{""native_id"":""urn:uuid:64f38afd-0890-591f-a6e4-63ab497edf03"",""projected_id"":""urn:uuid:3acbd5dc-d1e2-529a-9974-90fb3985affc""},""relation_type"":""precedes"",""strength"":""hard"",""to_endpoint"":{""native_id"":""urn:uuid:70b77669-ed4c-547a-a8df-2a5d42d0b518"",""projected_id"":""urn:uuid:e5193416-6ebf-5844-aca8-205a49aa4892""}},""record_type"":""relation"",""recorded_at"":""2026-08-30T00:00:00Z"",""semantic_key"":""b10:dmoi4:relation:urn:uuid:e3fc625f-409f-58a4-b109-fed7ab5de1f1""}"
urn:uuid:22e4f477-c83f-5b2c-b112-d693060694c8,relation,"{""dataset_id"":""urn:uuid:6090fc4b-b34d-5cff-8f65-acaa06ddd1fc"",""id"":""urn:uuid:22e4f477-c83f-5b2c-b112-d693060694c8"",""normalized_state"":""validated"",""owner_authority_id"":""urn:uuid:4dea4d1d-09ba-504e-9fcd-83524281ca97"",""owner_native_state"":""exact_evidence"",""payload"":{""concept_relation_inferred"":false,""evidence"":{""assertion_method"":""source_topology"",""confidence"":""exact"",""native_relation_id"":""urn:uuid:fd6573b0-4a08-5f10-8d0e-7755f60501fe"",""source_locator"":""full authority document order""},""from_endpoint"":{""native_id"":""urn:uuid:65c9c582-b808-5217-9628-502da401bcff"",""projected_id"":""urn:uuid:89344072-c970-5a5b-98c2-7fe41f60e79b""},""relation_type"":""precedes"",""strength"":""hard"",""to_endpoint"":{""native_id"":""urn:uuid:b0294629-644e-589a-a3f1-e15026068f08"",""projected_id"":""urn:uuid:ef730354-fcf4-56f6-8f73-309a8ead5205""}},""record_type"":""relation"",""recorded_at"":""2026-08-30T00:00:00Z"",""semantic_key"":""b10:dmoi4:relation:urn:uuid:fd6573b0-4a08-5f10-8d0e-7755f60501fe""}"
urn:uuid:0a6bcc67-eb20-5215-a6ac-5cff2c101006,relation,"{""dataset_id"":""urn:uuid:6090fc4b-b34d-5cff-8f65-acaa06ddd1fc"",""id"":""urn:uuid:0a6bcc67-eb20-5215-a6ac-5cff2c101006"",""normalized_state"":""validated"",""owner_authority_id"":""urn:uuid:4dea4d1d-09ba-504e-9fcd-83524281ca97"",""owner_native_state"":""exact_evidence"",""payload"":{""concept_relation_inferred"":false,""evidence"":{""assertion_method"":""source_topology"",""confidence"":""exact"",""native_relation_id"":""urn:uuid:83e030d0-3fbe-5cf4-bef4-9db98d1f0aa3"",""source_locator"":""full authority document order""},""from_endpoint"":{""native_id"":""urn:uuid:678d2c32-d7bd-5cb3-a2c1-24e1748a821d"",""projected_id"":""urn:uuid:13df02c2-6879-50f3-9437-c523619594ae""},""relation_type"":""precedes"",""strength"":""hard"",""to_endpoint"":{""native_id"":""urn:uuid:d0604aed-7823-5452-98e4-c842363ae352"",""projected_id"":""urn:uuid:fcbaa9a2-807c-5893-979b-cca4c7bfe544""}},""record_type"":""relation"",""recorded_at"":""2026-08-30T00:00:00Z"",""semantic_key"":""b10:dmoi4:relation:urn:uuid:83e030d0-3fbe-5cf4-bef4-9db98d1f0aa3""}"
urn:uuid:e996f25f-accc-546a-a572-fed377a0c77f,relation,"{""dataset_id"":""urn:uuid:6090fc4b-b34d-5cff-8f65-acaa06ddd1fc"",""id"":""urn:uuid:e996f25f-accc-546a-a572-fed377a0c77f"",""normalized_state"":""validated"",""owner_authority_id"":""urn:uuid:4dea4d1d-09ba-504e-9fcd-83524281ca97"",""owner_native_state"":""exact_evidence"",""payload"":{""concept_relation_inferred"":false,""evidence"":{""assertion_method"":""source_topology"",""confidence"":""exact"",""native_relation_id"":""urn:uuid:1d835f63-ce23-5050-b277-d3a78d0afefd"",""source_locator"":""full authority document order""},""from_endpoint"":{""native_id"":""urn:uuid:6dce5df1-0284-5bd3-9f84-ff7c1d3bd160"",""projected_id"":""urn:uuid:db2274e9-5e6e-5f0e-a31e-dc3ee3cb1781""},""relation_type"":""precedes"",""strength"":""hard"",""to_endpoint"":{""native_id"":""urn:uuid:64c3ba36-b981-5117-9903-c5e6063f6270"",""projected_id"":""urn:uuid:0a70f94f-f805-5ab3-bea1-22c7dde24c85""}},""record_type"":""relation"",""recorded_at"":""2026-08-30T00:00:00Z"",""semantic_key"":""b10:dmoi4:relation:urn:uuid:1d835f63-ce23-5050-b277-d3a78d0afefd""}"
urn:uuid:99ddde8a-7430-5eeb-a858-5605a358a6a7,relation,"{""dataset_id"":""urn:uuid:6090fc4b-b34d-5cff-8f65-acaa06ddd1fc"",""id"":""urn:uuid:99ddde8a-7430-5eeb-a858-5605a358a6a7"",""normalized_state"":""validated"",""owner_authority_id"":""urn:uuid:4dea4d1d-09ba-504e-9fcd-83524281ca97"",""owner_native_state"":""exact_evidence"",""payload"":{""concept_relation_inferred"":false,""evidence"":{""assertion_method"":""source_topology"",""confidence"":""exact"",""native_relation_id"":""urn:uuid:e1897b2a-9e6f-54a8-9be8-29cc98c531bc"",""source_locator"":""full authority document order""},""from_endpoint"":{""native_id"":""urn:uuid:6de6368b-daa0-5d8b-a333-621b4b895de9"",""projected_id"":""urn:uuid:d132fda4-0376-5db7-bf0a-0d00e208a1fe""},""relation_type"":""precedes"",""strength"":""hard"",""to_endpoint"":{""native_id"":""urn:uuid:1e7d9dc7-fc2c-5cfd-8bb5-859955d9c31b"",""projected_id"":""urn:uuid:a4e55f0c-9890-56e8-925c-065677424cfa""}},""record_type"":""relation"",""recorded_at"":""2026-08-30T00:00:00Z"",""semantic_key"":""b10:dmoi4:relation:urn:uuid:e1897b2a-9e6f-54a8-9be8-29cc98c531bc""}"
urn:uuid:aa9089f5-2545-51a1-b588-7a8a43bbeea1,relation,"{""dataset_id"":""urn:uuid:6090fc4b-b34d-5cff-8f65-acaa06ddd1fc"",""id"":""urn:uuid:aa9089f5-2545-51a1-b588-7a8a43bbeea1"",""normalized_state"":""validated"",""owner_authority_id"":""urn:uuid:4dea4d1d-09ba-504e-9fcd-83524281ca97"",""owner_native_state"":""exact_evidence"",""payload"":{""concept_relation_inferred"":false,""evidence"":{""assertion_method"":""source_topology"",""confidence"":""exact"",""native_relation_id"":""urn:uuid:cdc6e4a2-426b-54c8-8dc4-dbf8d25652db"",""source_locator"":""full authority document order""},""from_endpoint"":{""native_id"":""urn:uuid:6e1f8158-d481-5e62-b699-56d17d4cf395"",""projected_id"":""urn:uuid:ca8f5fd2-f271-5d64-9844-f1fc62442fcf""},""relation_type"":""precedes"",""strength"":""hard"",""to_endpoint"":{""native_id"":""urn:uuid:ac4eddfd-4b0f-5fdf-93c9-357b6c8a0612"",""projected_id"":""urn:uuid:21bb5b69-edf9-5e73-9ea8-95f1e098caa0""}},""record_type"":""relation"",""recorded_at"":""2026-08-30T00:00:00Z"",""semantic_key"":""b10:dmoi4:relation:urn:uuid:cdc6e4a2-426b-54c8-8dc4-dbf8d25652db""}"
urn:uuid:40c5e3a2-8b62-546b-ab02-094a8ab6151d,relation,"{""dataset_id"":""urn:uuid:6090fc4b-b34d-5cff-8f65-acaa06ddd1fc"",""id"":""urn:uuid:40c5e3a2-8b62-546b-ab02-094a8ab6151d"",""normalized_state"":""validated"",""owner_authority_id"":""urn:uuid:4dea4d1d-09ba-504e-9fcd-83524281ca97"",""owner_native_state"":""exact_evidence"",""payload"":{""concept_relation_inferred"":false,""evidence"":{""assertion_method"":""source_topology"",""confidence"":""exact"",""native_relation_id"":""urn:uuid:b24cb31b-ac19-54d8-aaa9-565d8ae8ef1e"",""source_locator"":""full authority document order""},""from_endpoint"":{""native_id"":""urn:uuid:70b77669-ed4c-547a-a8df-2a5d42d0b518"",""projected_id"":""urn:uuid:e5193416-6ebf-5844-aca8-205a49aa4892""},""relation_type"":""precedes"",""strength"":""hard"",""to_endpoint"":{""native_id"":""urn:uuid:0e80a96f-4af1-5314-97c9-52842cb7a949"",""projected_id"":""urn:uuid:1e21056c-08fd-5a0a-8514-41b682488a15""}},""record_type"":""relation"",""recorded_at"":""2026-08-30T00:00:00Z"",""semantic_key"":""b10:dmoi4:relation:urn:uuid:b24cb31b-ac19-54d8-aaa9-565d8ae8ef1e""}"
urn:uuid:3ae418a6-f0f3-5107-84a4-64761f867eac,relation,"{""dataset_id"":""urn:uuid:6090fc4b-b34d-5cff-8f65-acaa06ddd1fc"",""id"":""urn:uuid:3ae418a6-f0f3-5107-84a4-64761f867eac"",""normalized_state"":""validated"",""owner_authority_id"":""urn:uuid:4dea4d1d-09ba-504e-9fcd-83524281ca97"",""owner_native_state"":""exact_evidence"",""payload"":{""concept_relation_inferred"":false,""evidence"":{""assertion_method"":""source_topology"",""confidence"":""exact"",""native_relation_id"":""urn:uuid:5bfa4584-9fc9-581d-baa5-716ce05ce40a"",""source_locator"":""full authority document order""},""from_endpoint"":{""native_id"":""urn:uuid:727faf70-fb80-598a-b57d-55e3269ab2d3"",""projected_id"":""urn:uuid:1fc96fe6-56b6-5931-b17a-e8213f9e4159""},""relation_type"":""precedes"",""strength"":""hard"",""to_endpoint"":{""native_id"":""urn:uuid:7d4d1886-a979-5088-9373-2111449294f9"",""projected_id"":""urn:uuid:c57200be-10d2-5305-a998-25e8b4b18616""}},""record_type"":""relation"",""recorded_at"":""2026-08-30T00:00:00Z"",""semantic_key"":""b10:dmoi4:relation:urn:uuid:5bfa4584-9fc9-581d-baa5-716ce05ce40a""}"
urn:uuid:c8176280-e719-51a3-9c7a-53a6b84324d2,relation,"{""dataset_id"":""urn:uuid:6090fc4b-b34d-5cff-8f65-acaa06ddd1fc"",""id"":""urn:uuid:c8176280-e719-51a3-9c7a-53a6b84324d2"",""normalized_state"":""validated"",""owner_authority_id"":""urn:uuid:4dea4d1d-09ba-504e-9fcd-83524281ca97"",""owner_native_state"":""exact_evidence"",""payload"":{""concept_relation_inferred"":false,""evidence"":{""assertion_method"":""source_topology"",""confidence"":""exact"",""native_relation_id"":""urn:uuid:af078dd2-6cf7-538e-b583-6edbfa420452"",""source_locator"":""full authority document order""},""from_endpoint"":{""native_id"":""urn:uuid:75565ac0-0188-5e97-9b71-0fe965d8f204"",""projected_id"":""urn:uuid:9f397d4d-f919-53af-9ee7-14d6ed96a5b1""},""relation_type"":""precedes"",""strength"":""hard"",""to_endpoint"":{""native_id"":""urn:uuid:897c18f0-2375-5d3e-9e58-2ee2770232de"",""projected_id"":""urn:uuid:282b6624-d3b7-57a1-9f1f-b1f2af380af2""}},""record_type"":""relation"",""recorded_at"":""2026-08-30T00:00:00Z"",""semantic_key"":""b10:dmoi4:relation:urn:uuid:af078dd2-6cf7-538e-b583-6edbfa420452""}"
urn:uuid:e21980a4-1ce0-54a9-85ad-2c1537eb7e8e,relation,"{""dataset_id"":""urn:uuid:6090fc4b-b34d-5cff-8f65-acaa06ddd1fc"",""id"":""urn:uuid:e21980a4-1ce0-54a9-85ad-2c1537eb7e8e"",""normalized_state"":""validated"",""owner_authority_id"":""urn:uuid:4dea4d1d-09ba-504e-9fcd-83524281ca97"",""owner_native_state"":""exact_evidence"",""payload"":{""concept_relation_inferred"":false,""evidence"":{""assertion_method"":""source_topology"",""confidence"":""exact"",""native_relation_id"":""urn:uuid:a51c5b7f-3266-5c59-8298-7f37b9647017"",""source_locator"":""full authority document order""},""from_endpoint"":{""native_id"":""urn:uuid:78b9926a-8883-5412-b8aa-b1c4a1d85476"",""projected_id"":""urn:uuid:d5604972-61fa-596f-9cab-67c703578bd4""},""relation_type"":""precedes"",""strength"":""hard"",""to_endpoint"":{""native_id"":""urn:uuid:cc9fb72a-c545-5fa9-8061-4c0a6b1f496d"",""projected_id"":""urn:uuid:49c5a6e5-b8b6-5a24-9a03-5f31bf4f41d8""}},""record_type"":""relation"",""recorded_at"":""2026-08-30T00:00:00Z"",""semantic_key"":""b10:dmoi4:relation:urn:uuid:a51c5b7f-3266-5c59-8298-7f37b9647017""}"
urn:uuid:78c7ad06-04c2-5cd9-adde-7e293c246131,relation,"{""dataset_id"":""urn:uuid:6090fc4b-b34d-5cff-8f65-acaa06ddd1fc"",""id"":""urn:uuid:78c7ad06-04c2-5cd9-adde-7e293c246131"",""normalized_state"":""validated"",""owner_authority_id"":""urn:uuid:4dea4d1d-09ba-504e-9fcd-83524281ca97"",""owner_native_state"":""exact_evidence"",""payload"":{""concept_relation_inferred"":false,""evidence"":{""assertion_method"":""source_topology"",""confidence"":""exact"",""native_relation_id"":""urn:uuid:b6c51678-120b-580b-a4f5-a4a76d0fa2cd"",""source_locator"":""full authority document order""},""from_endpoint"":{""native_id"":""urn:uuid:79eeab77-5bb4-5fa6-9caf-c557db59c6fa"",""projected_id"":""urn:uuid:3a930687-9aa8-5fde-9604-65533373297e""},""relation_type"":""precedes"",""strength"":""hard"",""to_endpoint"":{""native_id"":""urn:uuid:a49c23f7-29bc-51b5-8b2b-fef409c1ddd5"",""projected_id"":""urn:uuid:a6d7e3f7-9ae2-58ae-b0da-4ee5923eee96""}},""record_type"":""relation"",""recorded_at"":""2026-08-30T00:00:00Z"",""semantic_key"":""b10:dmoi4:relation:urn:uuid:b6c51678-120b-580b-a4f5-a4a76d0fa2cd""}"
urn:uuid:4faa2497-9fe9-57c3-8b63-2c5c717629d0,relation,"{""dataset_id"":""urn:uuid:6090fc4b-b34d-5cff-8f65-acaa06ddd1fc"",""id"":""urn:uuid:4faa2497-9fe9-57c3-8b63-2c5c717629d0"",""normalized_state"":""validated"",""owner_authority_id"":""urn:uuid:4dea4d1d-09ba-504e-9fcd-83524281ca97"",""owner_native_state"":""exact_evidence"",""payload"":{""concept_relation_inferred"":false,""evidence"":{""assertion_method"":""source_topology"",""confidence"":""exact"",""native_relation_id"":""urn:uuid:a748f9de-814d-5699-80f7-9166193e2f23"",""source_locator"":""full authority document order""},""from_endpoint"":{""native_id"":""urn:uuid:7b2c9539-0140-52a8-b334-26ee7e47fd38"",""projected_id"":""urn:uuid:16cf28e8-8094-5c2e-8016-9a823e5af94d""},""relation_type"":""precedes"",""strength"":""hard"",""to_endpoint"":{""native_id"":""urn:uuid:35ae3025-0fa1-5aa4-bb83-1bc712d9752e"",""projected_id"":""urn:uuid:33285309-8b39-5c88-b3a4-74dc75709e3a""}},""record_type"":""relation"",""recorded_at"":""2026-08-30T00:00:00Z"",""semantic_key"":""b10:dmoi4:relation:urn:uuid:a748f9de-814d-5699-80f7-9166193e2f23""}"
urn:uuid:2ad61e1b-9567-5d54-a1bf-24a41362c0e1,relation,"{""dataset_id"":""urn:uuid:6090fc4b-b34d-5cff-8f65-acaa06ddd1fc"",""id"":""urn:uuid:2ad61e1b-9567-5d54-a1bf-24a41362c0e1"",""normalized_state"":""validated"",""owner_authority_id"":""urn:uuid:4dea4d1d-09ba-504e-9fcd-83524281ca97"",""owner_native_state"":""exact_evidence"",""payload"":{""concept_relation_inferred"":false,""evidence"":{""assertion_method"":""source_topology"",""confidence"":""exact"",""native_relation_id"":""urn:uuid:e95ba57c-8a36-5378-8a5e-c67fcd3146bb"",""source_locator"":""full authority document order""},""from_endpoint"":{""native_id"":""urn:uuid:7c45b75d-93d7-5cd3-8455-0164181f30aa"",""projected_id"":""urn:uuid:42700e28-d348-5ec0-8938-08604aca7de7""},""relation_type"":""precedes"",""strength"":""hard"",""to_endpoint"":{""native_id"":""urn:uuid:63f1de2a-8925-536e-8ebd-c1c73ffef03a"",""projected_id"":""urn:uuid:59deb509-3300-5a48-a499-541f1290c16a""}},""record_type"":""relation"",""recorded_at"":""2026-08-30T00:00:00Z"",""semantic_key"":""b10:dmoi4:relation:urn:uuid:e95ba57c-8a36-5378-8a5e-c67fcd3146bb""}"
urn:uuid:a9241209-8f99-573a-a6a9-27c3ec663b23,relation,"{""dataset_id"":""urn:uuid:6090fc4b-b34d-5cff-8f65-acaa06ddd1fc"",""id"":""urn:uuid:a9241209-8f99-573a-a6a9-27c3ec663b23"",""normalized_state"":""validated"",""owner_authority_id"":""urn:uuid:4dea4d1d-09ba-504e-9fcd-83524281ca97"",""owner_native_state"":""exact_evidence"",""payload"":{""concept_relation_inferred"":false,""evidence"":{""assertion_method"":""source_topology"",""confidence"":""exact"",""native_relation_id"":""urn:uuid:fff49f61-3531-5a72-86a3-c0dc6da738a7"",""source_locator"":""full authority document order""},""from_endpoint"":{""native_id"":""urn:uuid:7c5993dd-8b3b-5d7a-aa84-3249241b2902"",""projected_id"":""urn:uuid:3e2d6337-52e0-5978-8fcd-53b54eb3371c""},""relation_type"":""precedes"",""strength"":""hard"",""to_endpoint"":{""native_id"":""urn:uuid:efd1261e-76a8-5f4e-97e5-4333fe0a3277"",""projected_id"":""urn:uuid:6b2a4f1c-3c35-5bd1-bc52-5765d6f46456""}},""record_type"":""relation"",""recorded_at"":""2026-08-30T00:00:00Z"",""semantic_key"":""b10:dmoi4:relation:urn:uuid:fff49f61-3531-5a72-86a3-c0dc6da738a7""}"
urn:uuid:11485574-b59b-507f-872c-4782ad4f4b2f,relation,"{""dataset_id"":""urn:uuid:6090fc4b-b34d-5cff-8f65-acaa06ddd1fc"",""id"":""urn:uuid:11485574-b59b-507f-872c-4782ad4f4b2f"",""normalized_state"":""validated"",""owner_authority_id"":""urn:uuid:4dea4d1d-09ba-504e-9fcd-83524281ca97"",""owner_native_state"":""exact_evidence"",""payload"":{""concept_relation_inferred"":false,""evidence"":{""assertion_method"":""source_topology"",""confidence"":""exact"",""native_relation_id"":""urn:uuid:954b77cf-d588-5d65-821e-b3d9c034aaa3"",""source_locator"":""full authority document order""},""from_endpoint"":{""native_id"":""urn:uuid:7d4d1886-a979-5088-9373-2111449294f9"",""projected_id"":""urn:uuid:c57200be-10d2-5305-a998-25e8b4b18616""},""relation_type"":""precedes"",""strength"":""hard"",""to_endpoint"":{""native_id"":""urn:uuid:65c9c582-b808-5217-9628-502da401bcff"",""projected_id"":""urn:uuid:89344072-c970-5a5b-98c2-7fe41f60e79b""}},""record_type"":""relation"",""recorded_at"":""2026-08-30T00:00:00Z"",""semantic_key"":""b10:dmoi4:relation:urn:uuid:954b77cf-d588-5d65-821e-b3d9c034aaa3""}"
urn:uuid:9057d03f-40d8-5446-bcf1-c34e11d1d41d,relation,"{""dataset_id"":""urn:uuid:6090fc4b-b34d-5cff-8f65-acaa06ddd1fc"",""id"":""urn:uuid:9057d03f-40d8-5446-bcf1-c34e11d1d41d"",""normalized_state"":""validated"",""owner_authority_id"":""urn:uuid:4dea4d1d-09ba-504e-9fcd-83524281ca97"",""owner_native_state"":""exact_evidence"",""payload"":{""concept_relation_inferred"":false,""evidence"":{""assertion_method"":""source_topology"",""confidence"":""exact"",""native_relation_id"":""urn:uuid:af8ce28f-53db-5edc-aed0-6e670e35dd82"",""source_locator"":""full authority document order""},""from_endpoint"":{""native_id"":""urn:uuid:80291bb6-7cae-5206-9598-3e72118fe953"",""projected_id"":""urn:uuid:a079177b-7456-507d-8721-fdcffd80266c""},""relation_type"":""precedes"",""strength"":""hard"",""to_endpoint"":{""native_id"":""urn:uuid:37d02e50-6bf0-5833-9ce0-06ed99a899e6"",""projected_id"":""urn:uuid:54e81c5d-5d01-5a04-990e-de6eb96a6902""}},""record_type"":""relation"",""recorded_at"":""2026-08-30T00:00:00Z"",""semantic_key"":""b10:dmoi4:relation:urn:uuid:af8ce28f-53db-5edc-aed0-6e670e35dd82""}"
urn:uuid:b60dd619-aaa7-52f3-988e-5c12ad6afb9d,relation,"{""dataset_id"":""urn:uuid:6090fc4b-b34d-5cff-8f65-acaa06ddd1fc"",""id"":""urn:uuid:b60dd619-aaa7-52f3-988e-5c12ad6afb9d"",""normalized_state"":""validated"",""owner_authority_id"":""urn:uuid:4dea4d1d-09ba-504e-9fcd-83524281ca97"",""owner_native_state"":""exact_evidence"",""payload"":{""concept_relation_inferred"":false,""evidence"":{""assertion_method"":""source_topology"",""confidence"":""exact"",""native_relation_id"":""urn:uuid:3c617db9-2aad-5932-bce0-aa0c2ea1bd2d"",""source_locator"":""full authority document order""},""from_endpoint"":{""native_id"":""urn:uuid:8190cac9-7d71-5d79-a618-7fdc63a065f9"",""projected_id"":""urn:uuid:67788ef1-7b87-5de3-8950-9f600b966c26""},""relation_type"":""precedes"",""strength"":""hard"",""to_endpoint"":{""native_id"":""urn:uuid:f25f3d25-e332-5e2f-be48-aa6cb3f52aed"",""projected_id"":""urn:uuid:ec15bbbb-8c68-53ee-81e5-14e91df5d9ec""}},""record_type"":""relation"",""recorded_at"":""2026-08-30T00:00:00Z"",""semantic_key"":""b10:dmoi4:relation:urn:uuid:3c617db9-2aad-5932-bce0-aa0c2ea1bd2d""}"
urn:uuid:b8c14700-805f-5b5f-ac1e-1b9bdced4443,relation,"{""dataset_id"":""urn:uuid:6090fc4b-b34d-5cff-8f65-acaa06ddd1fc"",""id"":""urn:uuid:b8c14700-805f-5b5f-ac1e-1b9bdced4443"",""normalized_state"":""validated"",""owner_authority_id"":""urn:uuid:4dea4d1d-09ba-504e-9fcd-83524281ca97"",""owner_native_state"":""exact_evidence"",""payload"":{""concept_relation_inferred"":false,""evidence"":{""assertion_method"":""source_topology"",""confidence"":""exact"",""native_relation_id"":""urn:uuid:ca3eefb7-9703-514d-a75d-9330da7a7ca0"",""source_locator"":""full authority document order""},""from_endpoint"":{""native_id"":""urn:uuid:83c87ad3-79b9-5294-ab77-803c6a6314a6"",""projected_id"":""urn:uuid:e3854871-8927-5bfd-be38-f5eb82351bd8""},""relation_type"":""precedes"",""strength"":""hard"",""to_endpoint"":{""native_id"":""urn:uuid:ea887dd9-0109-5269-bc1e-5f278878e813"",""projected_id"":""urn:uuid:516eb4e5-5fc4-582c-b1ab-728320489f0d""}},""record_type"":""relation"",""recorded_at"":""2026-08-30T00:00:00Z"",""semantic_key"":""b10:dmoi4:relation:urn:uuid:ca3eefb7-9703-514d-a75d-9330da7a7ca0""}"
urn:uuid:4586ad39-1015-5a58-92ae-28e6abac51ce,relation,"{""dataset_id"":""urn:uuid:6090fc4b-b34d-5cff-8f65-acaa06ddd1fc"",""id"":""urn:uuid:4586ad39-1015-5a58-92ae-28e6abac51ce"",""normalized_state"":""validated"",""owner_authority_id"":""urn:uuid:4dea4d1d-09ba-504e-9fcd-83524281ca97"",""owner_native_state"":""exact_evidence"",""payload"":{""concept_relation_inferred"":false,""evidence"":{""assertion_method"":""source_topology"",""confidence"":""exact"",""native_relation_id"":""urn:uuid:cf7023e9-0c87-502d-b3f6-2f4f6783f36d"",""source_locator"":""full authority document order""},""from_endpoint"":{""native_id"":""urn:uuid:84a0b4ee-3d47-548f-9073-51c24cf75ed0"",""projected_id"":""urn:uuid:a29013a5-e291-515c-96a1-17e7b18db95f""},""relation_type"":""precedes"",""strength"":""hard"",""to_endpoint"":{""native_id"":""urn:uuid:f770965c-ec0e-591d-93ef-5236a2c54282"",""projected_id"":""urn:uuid:31fa84f6-0db0-5c7a-a050-ef281d7965df""}},""record_type"":""relation"",""recorded_at"":""2026-08-30T00:00:00Z"",""semantic_key"":""b10:dmoi4:relation:urn:uuid:cf7023e9-0c87-502d-b3f6-2f4f6783f36d""}"
urn:uuid:c7a80855-e4de-571f-9f98-d82fa4aaf1f5,relation,"{""dataset_id"":""urn:uuid:6090fc4b-b34d-5cff-8f65-acaa06ddd1fc"",""id"":""urn:uuid:c7a80855-e4de-571f-9f98-d82fa4aaf1f5"",""normalized_state"":""validated"",""owner_authority_id"":""urn:uuid:4dea4d1d-09ba-504e-9fcd-83524281ca97"",""owner_native_state"":""exact_evidence"",""payload"":{""concept_relation_inferred"":false,""evidence"":{""assertion_method"":""source_topology"",""confidence"":""exact"",""native_relation_id"":""urn:uuid:e0492d76-41d9-5fdb-aafd-c0239b22b22d"",""source_locator"":""full authority document order""},""from_endpoint"":{""native_id"":""urn:uuid:860447d3-33a8-5eff-bbf8-3ab290627917"",""projected_id"":""urn:uuid:51608a44-3653-5916-aa7f-8c2319250fa1""},""relation_type"":""precedes"",""strength"":""hard"",""to_endpoint"":{""native_id"":""urn:uuid:7b901c5a-9d96-5f82-8906-749de080f549"",""projected_id"":""urn:uuid:72ae4829-ea86-5f04-98bf-f83bcc94e1a1""}},""record_type"":""relation"",""recorded_at"":""2026-08-30T00:00:00Z"",""semantic_key"":""b10:dmoi4:relation:urn:uuid:e0492d76-41d9-5fdb-aafd-c0239b22b22d""}"
urn:uuid:e6e6db2f-1dea-5041-85b8-59aa2dc081f8,relation,"{""dataset_id"":""urn:uuid:6090fc4b-b34d-5cff-8f65-acaa06ddd1fc"",""id"":""urn:uuid:e6e6db2f-1dea-5041-85b8-59aa2dc081f8"",""normalized_state"":""validated"",""owner_authority_id"":""urn:uuid:4dea4d1d-09ba-504e-9fcd-83524281ca97"",""owner_native_state"":""exact_evidence"",""payload"":{""concept_relation_inferred"":false,""evidence"":{""assertion_method"":""source_topology"",""confidence"":""exact"",""native_relation_id"":""urn:uuid:a9346bce-fae2-5e9e-ae9c-15f661413d5e"",""source_locator"":""full authority document order""},""from_endpoint"":{""native_id"":""urn:uuid:897c18f0-2375-5d3e-9e58-2ee2770232de"",""projected_id"":""urn:uuid:282b6624-d3b7-57a1-9f1f-b1f2af380af2""},""relation_type"":""precedes"",""strength"":""hard"",""to_endpoint"":{""native_id"":""urn:uuid:fa0b5a48-6a48-5dc9-b270-10bcb7dbf256"",""projected_id"":""urn:uuid:a73c0546-e0dd-5fbf-9747-877ec4c5bc3f""}},""record_type"":""relation"",""recorded_at"":""2026-08-30T00:00:00Z"",""semantic_key"":""b10:dmoi4:relation:urn:uuid:a9346bce-fae2-5e9e-ae9c-15f661413d5e""}"
urn:uuid:43cb4455-0f66-5f6f-96d8-02da80639a29,relation,"{""dataset_id"":""urn:uuid:6090fc4b-b34d-5cff-8f65-acaa06ddd1fc"",""id"":""urn:uuid:43cb4455-0f66-5f6f-96d8-02da80639a29"",""normalized_state"":""validated"",""owner_authority_id"":""urn:uuid:4dea4d1d-09ba-504e-9fcd-83524281ca97"",""owner_native_state"":""exact_evidence"",""payload"":{""concept_relation_inferred"":false,""evidence"":{""assertion_method"":""source_topology"",""confidence"":""exact"",""native_relation_id"":""urn:uuid:c80a613a-3bf3-559e-9af9-72b38e5cbd0e"",""source_locator"":""full authority document order""},""from_endpoint"":{""native_id"":""urn:uuid:8b921663-895a-58ba-a836-1e32ad9795a5"",""projected_id"":""urn:uuid:f17f6dd3-3587-5e90-87d4-077067c35f55""},""relation_type"":""precedes"",""strength"":""hard"",""to_endpoint"":{""native_id"":""urn:uuid:52208520-fa97-5ae6-832e-64fc5f08e4e0"",""projected_id"":""urn:uuid:cb4e1bf3-4c66-5a48-ac3d-47404af42f06""}},""record_type"":""relation"",""recorded_at"":""2026-08-30T00:00:00Z"",""semantic_key"":""b10:dmoi4:relation:urn:uuid:c80a613a-3bf3-559e-9af9-72b38e5cbd0e""}"
urn:uuid:56c71489-8152-5308-ba3f-bb2a56cb3a2b,relation,"{""dataset_id"":""urn:uuid:6090fc4b-b34d-5cff-8f65-acaa06ddd1fc"",""id"":""urn:uuid:56c71489-8152-5308-ba3f-bb2a56cb3a2b"",""normalized_state"":""validated"",""owner_authority_id"":""urn:uuid:4dea4d1d-09ba-504e-9fcd-83524281ca97"",""owner_native_state"":""exact_evidence"",""payload"":{""concept_relation_inferred"":false,""evidence"":{""assertion_method"":""source_topology"",""confidence"":""exact"",""native_relation_id"":""urn:uuid:0e0cd375-82c2-55b2-b6df-29b6b3b5b9c4"",""source_locator"":""full authority document order""},""from_endpoint"":{""native_id"":""urn:uuid:8c18cd9d-a5a6-5772-8315-776ec2ed52a9"",""projected_id"":""urn:uuid:24352e6b-98b1-52d4-b244-45f32eb56d39""},""relation_type"":""precedes"",""strength"":""hard"",""to_endpoint"":{""native_id"":""urn:uuid:466c2d34-ecc3-5c6e-88e9-302ebb85caf5"",""projected_id"":""urn:uuid:fd2f272f-0cf2-54ea-b704-434a3efa8295""}},""record_type"":""relation"",""recorded_at"":""2026-08-30T00:00:00Z"",""semantic_key"":""b10:dmoi4:relation:urn:uuid:0e0cd375-82c2-55b2-b6df-29b6b3b5b9c4""}"
urn:uuid:f8125512-5349-533b-a6d9-26c78f10cba0,relation,"{""dataset_id"":""urn:uuid:6090fc4b-b34d-5cff-8f65-acaa06ddd1fc"",""id"":""urn:uuid:f8125512-5349-533b-a6d9-26c78f10cba0"",""normalized_state"":""validated"",""owner_authority_id"":""urn:uuid:4dea4d1d-09ba-504e-9fcd-83524281ca97"",""owner_native_state"":""exact_evidence"",""payload"":{""concept_relation_inferred"":false,""evidence"":{""assertion_method"":""source_topology"",""confidence"":""exact"",""native_relation_id"":""urn:uuid:3d91b943-5d5c-5426-bfea-d8fcd0ba6b60"",""source_locator"":""full authority document order""},""from_endpoint"":{""native_id"":""urn:uuid:8fec6502-3006-5814-8945-4f78aa6b357e"",""projected_id"":""urn:uuid:5993bcde-78e7-5b3d-afb0-a82900e6001b""},""relation_type"":""precedes"",""strength"":""hard"",""to_endpoint"":{""native_id"":""urn:uuid:64c227a4-1910-5e86-83b7-f0d47ca13f5f"",""projected_id"":""urn:uuid:3719f407-3958-5213-8408-baade6dd0bdd""}},""record_type"":""relation"",""recorded_at"":""2026-08-30T00:00:00Z"",""semantic_key"":""b10:dmoi4:relation:urn:uuid:3d91b943-5d5c-5426-bfea-d8fcd0ba6b60""}"
urn:uuid:bb8a78af-230f-5b16-a035-a7b1c379005f,relation,"{""dataset_id"":""urn:uuid:6090fc4b-b34d-5cff-8f65-acaa06ddd1fc"",""id"":""urn:uuid:bb8a78af-230f-5b16-a035-a7b1c379005f"",""normalized_state"":""validated"",""owner_authority_id"":""urn:uuid:4dea4d1d-09ba-504e-9fcd-83524281ca97"",""owner_native_state"":""exact_evidence"",""payload"":{""concept_relation_inferred"":false,""evidence"":{""assertion_method"":""source_topology"",""confidence"":""exact"",""native_relation_id"":""urn:uuid:eaf187ec-35c1-5f79-b037-d76dd89e7b2f"",""source_locator"":""full authority document order""},""from_endpoint"":{""native_id"":""urn:uuid:920170b3-2d61-5507-83a9-689cd2210a3a"",""projected_id"":""urn:uuid:96cb5fa7-fba1-53de-944e-4848780f72b9""},""relation_type"":""precedes"",""strength"":""hard"",""to_endpoint"":{""native_id"":""urn:uuid:4b83ce11-a05c-5287-a950-64bfa3304e93"",""projected_id"":""urn:uuid:5bc38ae9-c8a3-5778-8281-cb1fd27a1aa8""}},""record_type"":""relation"",""recorded_at"":""2026-08-30T00:00:00Z"",""semantic_key"":""b10:dmoi4:relation:urn:uuid:eaf187ec-35c1-5f79-b037-d76dd89e7b2f""}"
urn:uuid:c930b554-eee0-527a-8136-550b6fb61ed3,relation,"{""dataset_id"":""urn:uuid:6090fc4b-b34d-5cff-8f65-acaa06ddd1fc"",""id"":""urn:uuid:c930b554-eee0-527a-8136-550b6fb61ed3"",""normalized_state"":""validated"",""owner_authority_id"":""urn:uuid:4dea4d1d-09ba-504e-9fcd-83524281ca97"",""owner_native_state"":""exact_evidence"",""payload"":{""concept_relation_inferred"":false,""evidence"":{""assertion_method"":""source_topology"",""confidence"":""exact"",""native_relation_id"":""urn:uuid:7545bf71-a263-5d97-9e7c-e2c2fbe33ed1"",""source_locator"":""full authority document order""},""from_endpoint"":{""native_id"":""urn:uuid:93d01b92-048f-58dc-ac0a-78f14da1dfbb"",""projected_id"":""urn:uuid:dde75616-b238-5e25-b2fa-a2fe8d2849ca""},""relation_type"":""precedes"",""strength"":""hard"",""to_endpoint"":{""native_id"":""urn:uuid:a30dc040-96fe-5967-a3ff-b693a221d5c5"",""projected_id"":""urn:uuid:2ebd9f38-483c-52f0-8fc3-8e5d7b3f7571""}},""record_type"":""relation"",""recorded_at"":""2026-08-30T00:00:00Z"",""semantic_key"":""b10:dmoi4:relation:urn:uuid:7545bf71-a263-5d97-9e7c-e2c2fbe33ed1""}"
urn:uuid:3e9d33da-16e2-566f-8e56-c20ef62b6f49,relation,"{""dataset_id"":""urn:uuid:6090fc4b-b34d-5cff-8f65-acaa06ddd1fc"",""id"":""urn:uuid:3e9d33da-16e2-566f-8e56-c20ef62b6f49"",""normalized_state"":""validated"",""owner_authority_id"":""urn:uuid:4dea4d1d-09ba-504e-9fcd-83524281ca97"",""owner_native_state"":""exact_evidence"",""payload"":{""concept_relation_inferred"":false,""evidence"":{""assertion_method"":""source_topology"",""confidence"":""exact"",""native_relation_id"":""urn:uuid:7e0ae63a-7085-55d6-9e23-bc86eaf18e83"",""source_locator"":""full authority document order""},""from_endpoint"":{""native_id"":""urn:uuid:9755415d-7e8e-58bd-b71a-627f7787e534"",""projected_id"":""urn:uuid:73354fe7-5dd9-56b2-9548-ea98cebcabe7""},""relation_type"":""precedes"",""strength"":""hard"",""to_endpoint"":{""native_id"":""urn:uuid:75565ac0-0188-5e97-9b71-0fe965d8f204"",""projected_id"":""urn:uuid:9f397d4d-f919-53af-9ee7-14d6ed96a5b1""}},""record_type"":""relation"",""recorded_at"":""2026-08-30T00:00:00Z"",""semantic_key"":""b10:dmoi4:relation:urn:uuid:7e0ae63a-7085-55d6-9e23-bc86eaf18e83""}"
urn:uuid:9c92fdc4-2c95-546a-874e-98a26b52b6b8,relation,"{""dataset_id"":""urn:uuid:6090fc4b-b34d-5cff-8f65-acaa06ddd1fc"",""id"":""urn:uuid:9c92fdc4-2c95-546a-874e-98a26b52b6b8"",""normalized_state"":""validated"",""owner_authority_id"":""urn:uuid:4dea4d1d-09ba-504e-9fcd-83524281ca97"",""owner_native_state"":""exact_evidence"",""payload"":{""concept_relation_inferred"":false,""evidence"":{""assertion_method"":""source_topology"",""confidence"":""exact"",""native_relation_id"":""urn:uuid:ab9dcb3e-e01a-5a66-9d57-d20a55d60c71"",""source_locator"":""full authority document order""},""from_endpoint"":{""native_id"":""urn:uuid:9da9f3a0-81ce-561b-b625-1fe204a5212a"",""projected_id"":""urn:uuid:ff7c27a3-526a-5467-8ef3-38b349d0dce6""},""relation_type"":""precedes"",""strength"":""hard"",""to_endpoint"":{""native_id"":""urn:uuid:4ef2642b-2925-5749-bdc1-e15a4f93f02b"",""projected_id"":""urn:uuid:d38c092a-aefd-5d86-8bac-caf0f6f81613""}},""record_type"":""relation"",""recorded_at"":""2026-08-30T00:00:00Z"",""semantic_key"":""b10:dmoi4:relation:urn:uuid:ab9dcb3e-e01a-5a66-9d57-d20a55d60c71""}"
urn:uuid:39318022-bece-5364-a23b-1c0a0bac323d,relation,"{""dataset_id"":""urn:uuid:6090fc4b-b34d-5cff-8f65-acaa06ddd1fc"",""id"":""urn:uuid:39318022-bece-5364-a23b-1c0a0bac323d"",""normalized_state"":""validated"",""owner_authority_id"":""urn:uuid:4dea4d1d-09ba-504e-9fcd-83524281ca97"",""owner_native_state"":""exact_evidence"",""payload"":{""concept_relation_inferred"":false,""evidence"":{""assertion_method"":""source_topology"",""confidence"":""exact"",""native_relation_id"":""urn:uuid:68563c8d-f68d-5628-8aad-30c86405ab55"",""source_locator"":""full authority document order""},""from_endpoint"":{""native_id"":""urn:uuid:9f48b5ff-4d59-5007-8e41-6772ca2e8596"",""projected_id"":""urn:uuid:d7bb0097-2569-5d12-a917-79ca08045b39""},""relation_type"":""precedes"",""strength"":""hard"",""to_endpoint"":{""native_id"":""urn:uuid:c62f81d9-e1b1-5b8f-a1ca-222b980eea84"",""projected_id"":""urn:uuid:b979da6e-1e58-52af-a0be-aef429a0450e""}},""record_type"":""relation"",""recorded_at"":""2026-08-30T00:00:00Z"",""semantic_key"":""b10:dmoi4:relation:urn:uuid:68563c8d-f68d-5628-8aad-30c86405ab55""}"
urn:uuid:b0b1196e-e05c-58a4-8397-f6e1236bcb55,relation,"{""dataset_id"":""urn:uuid:6090fc4b-b34d-5cff-8f65-acaa06ddd1fc"",""id"":""urn:uuid:b0b1196e-e05c-58a4-8397-f6e1236bcb55"",""normalized_state"":""validated"",""owner_authority_id"":""urn:uuid:4dea4d1d-09ba-504e-9fcd-83524281ca97"",""owner_native_state"":""exact_evidence"",""payload"":{""concept_relation_inferred"":false,""evidence"":{""assertion_method"":""source_topology"",""confidence"":""exact"",""native_relation_id"":""urn:uuid:120ffff6-7239-51a8-b211-449d108c91e4"",""source_locator"":""full authority document order""},""from_endpoint"":{""native_id"":""urn:uuid:9f7bd6a7-4d09-5676-b930-9ad711f5f6b0"",""projected_id"":""urn:uuid:6e475629-a6e7-5a71-a907-b8d8a87a8166""},""relation_type"":""precedes"",""strength"":""hard"",""to_endpoint"":{""native_id"":""urn:uuid:93d01b92-048f-58dc-ac0a-78f14da1dfbb"",""projected_id"":""urn:uuid:dde75616-b238-5e25-b2fa-a2fe8d2849ca""}},""record_type"":""relation"",""recorded_at"":""2026-08-30T00:00:00Z"",""semantic_key"":""b10:dmoi4:relation:urn:uuid:120ffff6-7239-51a8-b211-449d108c91e4""}"
urn:uuid:b8febd80-4d88-59a0-b9e9-94d190d03989,relation,"{""dataset_id"":""urn:uuid:6090fc4b-b34d-5cff-8f65-acaa06ddd1fc"",""id"":""urn:uuid:b8febd80-4d88-59a0-b9e9-94d190d03989"",""normalized_state"":""validated"",""owner_authority_id"":""urn:uuid:4dea4d1d-09ba-504e-9fcd-83524281ca97"",""owner_native_state"":""exact_evidence"",""payload"":{""concept_relation_inferred"":false,""evidence"":{""assertion_method"":""source_topology"",""confidence"":""exact"",""native_relation_id"":""urn:uuid:476149d6-698a-5ebd-b951-64acbdfea141"",""source_locator"":""full authority document order""},""from_endpoint"":{""native_id"":""urn:uuid:9fea6a45-c264-51df-9a22-1ffd3e4261c7"",""projected_id"":""urn:uuid:949bee0d-f57f-5501-855b-92b8f8032b07""},""relation_type"":""precedes"",""strength"":""hard"",""to_endpoint"":{""native_id"":""urn:uuid:437bf5cc-9af0-566c-96b2-5266a23e7307"",""projected_id"":""urn:uuid:d110106c-0269-55e4-bc9c-bb6ab37561a4""}},""record_type"":""relation"",""recorded_at"":""2026-08-30T00:00:00Z"",""semantic_key"":""b10:dmoi4:relation:urn:uuid:476149d6-698a-5ebd-b951-64acbdfea141""}"
urn:uuid:d4941496-2fe3-5d89-9475-220e7ffc7ba0,relation,"{""dataset_id"":""urn:uuid:6090fc4b-b34d-5cff-8f65-acaa06ddd1fc"",""id"":""urn:uuid:d4941496-2fe3-5d89-9475-220e7ffc7ba0"",""normalized_state"":""validated"",""owner_authority_id"":""urn:uuid:4dea4d1d-09ba-504e-9fcd-83524281ca97"",""owner_native_state"":""exact_evidence"",""payload"":{""concept_relation_inferred"":false,""evidence"":{""assertion_method"":""source_topology"",""confidence"":""exact"",""native_relation_id"":""urn:uuid:f191e8de-0115-5cf7-8d31-7251ac663a72"",""source_locator"":""full authority document order""},""from_endpoint"":{""native_id"":""urn:uuid:a15e9a92-85ff-590c-8ee9-5d7d4ec7e6ba"",""projected_id"":""urn:uuid:84cd5e39-b417-569a-8752-d5cfa138de04""},""relation_type"":""precedes"",""strength"":""hard"",""to_endpoint"":{""native_id"":""urn:uuid:dcc8a1b1-baec-5ebb-ace0-b05ac0b0dbb3"",""projected_id"":""urn:uuid:8cc6bdb5-98aa-5c1e-b187-b04733a0c205""}},""record_type"":""relation"",""recorded_at"":""2026-08-30T00:00:00Z"",""semantic_key"":""b10:dmoi4:relation:urn:uuid:f191e8de-0115-5cf7-8d31-7251ac663a72""}"
urn:uuid:ebe0ad24-2b95-55b6-ab91-620d4ca1ee3a,relation,"{""dataset_id"":""urn:uuid:6090fc4b-b34d-5cff-8f65-acaa06ddd1fc"",""id"":""urn:uuid:ebe0ad24-2b95-55b6-ab91-620d4ca1ee3a"",""normalized_state"":""validated"",""owner_authority_id"":""urn:uuid:4dea4d1d-09ba-504e-9fcd-83524281ca97"",""owner_native_state"":""exact_evidence"",""payload"":{""concept_relation_inferred"":false,""evidence"":{""assertion_method"":""source_topology"",""confidence"":""exact"",""native_relation_id"":""urn:uuid:f1eb793a-e572-50c1-803f-720b38611adf"",""source_locator"":""full authority document order""},""from_endpoint"":{""native_id"":""urn:uuid:a30dc040-96fe-5967-a3ff-b693a221d5c5"",""projected_id"":""urn:uuid:2ebd9f38-483c-52f0-8fc3-8e5d7b3f7571""},""relation_type"":""precedes"",""strength"":""hard"",""to_endpoint"":{""native_id"":""urn:uuid:cd24cab2-000e-53c3-b3f9-b0a983b274a3"",""projected_id"":""urn:uuid:f059f2be-85cf-5574-b208-29d26d91c977""}},""record_type"":""relation"",""recorded_at"":""2026-08-30T00:00:00Z"",""semantic_key"":""b10:dmoi4:relation:urn:uuid:f1eb793a-e572-50c1-803f-720b38611adf""}"
urn:uuid:87e94d59-a379-5f24-a5b2-9d11413ec9cb,relation,"{""dataset_id"":""urn:uuid:6090fc4b-b34d-5cff-8f65-acaa06ddd1fc"",""id"":""urn:uuid:87e94d59-a379-5f24-a5b2-9d11413ec9cb"",""normalized_state"":""validated"",""owner_authority_id"":""urn:uuid:4dea4d1d-09ba-504e-9fcd-83524281ca97"",""owner_native_state"":""exact_evidence"",""payload"":{""concept_relation_inferred"":false,""evidence"":{""assertion_method"":""source_topology"",""confidence"":""exact"",""native_relation_id"":""urn:uuid:912715f7-c022-51d1-b91e-fb549d501caf"",""source_locator"":""full authority document order""},""from_endpoint"":{""native_id"":""urn:uuid:a4356481-670a-5206-aba7-293c7f3044c0"",""projected_id"":""urn:uuid:60ff9de9-dbcc-5ddf-a860-24b17006ff3e""},""relation_type"":""precedes"",""strength"":""hard"",""to_endpoint"":{""native_id"":""urn:uuid:d2e3679c-fc7b-554f-b04c-53341acb188c"",""projected_id"":""urn:uuid:2efe3365-50a0-5284-840f-9b7e4584ce05""}},""record_type"":""relation"",""recorded_at"":""2026-08-30T00:00:00Z"",""semantic_key"":""b10:dmoi4:relation:urn:uuid:912715f7-c022-51d1-b91e-fb549d501caf""}"
urn:uuid:820168bc-1515-593b-891e-c100c652f1de,relation,"{""dataset_id"":""urn:uuid:6090fc4b-b34d-5cff-8f65-acaa06ddd1fc"",""id"":""urn:uuid:820168bc-1515-593b-891e-c100c652f1de"",""normalized_state"":""validated"",""owner_authority_id"":""urn:uuid:4dea4d1d-09ba-504e-9fcd-83524281ca97"",""owner_native_state"":""exact_evidence"",""payload"":{""concept_relation_inferred"":false,""evidence"":{""assertion_method"":""source_topology"",""confidence"":""exact"",""native_relation_id"":""urn:uuid:d4612b83-2db5-5d17-a6f0-268ffd38fd61"",""source_locator"":""full authority document order""},""from_endpoint"":{""native_id"":""urn:uuid:a49c23f7-29bc-51b5-8b2b-fef409c1ddd5"",""projected_id"":""urn:uuid:a6d7e3f7-9ae2-58ae-b0da-4ee5923eee96""},""relation_type"":""precedes"",""strength"":""hard"",""to_endpoint"":{""native_id"":""urn:uuid:401baf3c-8042-583e-ab34-2f3d0d2c59f5"",""projected_id"":""urn:uuid:6166af73-35e4-5b64-b5ae-2430f5f82273""}},""record_type"":""relation"",""recorded_at"":""2026-08-30T00:00:00Z"",""semantic_key"":""b10:dmoi4:relation:urn:uuid:d4612b83-2db5-5d17-a6f0-268ffd38fd61""}"
urn:uuid:35f28585-d971-5962-82c1-d64b621f0186,relation,"{""dataset_id"":""urn:uuid:6090fc4b-b34d-5cff-8f65-acaa06ddd1fc"",""id"":""urn:uuid:35f28585-d971-5962-82c1-d64b621f0186"",""normalized_state"":""validated"",""owner_authority_id"":""urn:uuid:4dea4d1d-09ba-504e-9fcd-83524281ca97"",""owner_native_state"":""exact_evidence"",""payload"":{""concept_relation_inferred"":false,""evidence"":{""assertion_method"":""source_topology"",""confidence"":""exact"",""native_relation_id"":""urn:uuid:b0720350-a76d-5f31-85bd-74570740b8d3"",""source_locator"":""full authority document order""},""from_endpoint"":{""native_id"":""urn:uuid:a5832a98-b280-5766-bf2e-cc28d8905a49"",""projected_id"":""urn:uuid:8c8e5889-eb43-54c8-94f9-6e14d1188928""},""relation_type"":""precedes"",""strength"":""hard"",""to_endpoint"":{""native_id"":""urn:uuid:f9a1a2de-c0d9-5fb3-955a-0ebab5459fed"",""projected_id"":""urn:uuid:321a93e1-8c18-59dc-bf34-102b7f6abfee""}},""record_type"":""relation"",""recorded_at"":""2026-08-30T00:00:00Z"",""semantic_key"":""b10:dmoi4:relation:urn:uuid:b0720350-a76d-5f31-85bd-74570740b8d3""}"
urn:uuid:ec994c9f-cc31-5166-b16b-2b727d7b6f58,relation,"{""dataset_id"":""urn:uuid:6090fc4b-b34d-5cff-8f65-acaa06ddd1fc"",""id"":""urn:uuid:ec994c9f-cc31-5166-b16b-2b727d7b6f58"",""normalized_state"":""validated"",""owner_authority_id"":""urn:uuid:4dea4d1d-09ba-504e-9fcd-83524281ca97"",""owner_native_state"":""exact_evidence"",""payload"":{""concept_relation_inferred"":false,""evidence"":{""assertion_method"":""source_topology"",""confidence"":""exact"",""native_relation_id"":""urn:uuid:2df7f2a0-2be6-5460-8069-5d550116f1a9"",""source_locator"":""full authority document order""},""from_endpoint"":{""native_id"":""urn:uuid:a59fa894-43a4-5162-a043-1d683bc7e52e"",""projected_id"":""urn:uuid:5996e8aa-17f7-597c-96ca-ba3e878f62b2""},""relation_type"":""precedes"",""strength"":""hard"",""to_endpoint"":{""native_id"":""urn:uuid:ee5e6c65-fb1e-505e-850a-fc1c241c0555"",""projected_id"":""urn:uuid:5f8d9d1b-bc2e-59ce-b1e3-5baf65adda90""}},""record_type"":""relation"",""recorded_at"":""2026-08-30T00:00:00Z"",""semantic_key"":""b10:dmoi4:relation:urn:uuid:2df7f2a0-2be6-5460-8069-5d550116f1a9""}"
urn:uuid:2fb099a8-1115-5d7d-af49-4316024946dc,relation,"{""dataset_id"":""urn:uuid:6090fc4b-b34d-5cff-8f65-acaa06ddd1fc"",""id"":""urn:uuid:2fb099a8-1115-5d7d-af49-4316024946dc"",""normalized_state"":""validated"",""owner_authority_id"":""urn:uuid:4dea4d1d-09ba-504e-9fcd-83524281ca97"",""owner_native_state"":""exact_evidence"",""payload"":{""concept_relation_inferred"":false,""evidence"":{""assertion_method"":""source_topology"",""confidence"":""exact"",""native_relation_id"":""urn:uuid:64eb804d-2602-547b-b9b2-f9995a93f71d"",""source_locator"":""full authority document order""},""from_endpoint"":{""native_id"":""urn:uuid:a77315a3-2ea0-5af2-8f93-19bb9da35ca7"",""projected_id"":""urn:uuid:8ea55d26-d560-52fc-afca-cf60be0a991e""},""relation_type"":""precedes"",""strength"":""hard"",""to_endpoint"":{""native_id"":""urn:uuid:158886ea-b223-5dfc-a0f8-e9c9b3173282"",""projected_id"":""urn:uuid:6672fb83-5c6e-5f07-95df-8a815f8f3c2a""}},""record_type"":""relation"",""recorded_at"":""2026-08-30T00:00:00Z"",""semantic_key"":""b10:dmoi4:relation:urn:uuid:64eb804d-2602-547b-b9b2-f9995a93f71d""}"
urn:uuid:9195963c-86ee-535f-a354-788f3f72b5ef,relation,"{""dataset_id"":""urn:uuid:6090fc4b-b34d-5cff-8f65-acaa06ddd1fc"",""id"":""urn:uuid:9195963c-86ee-535f-a354-788f3f72b5ef"",""normalized_state"":""validated"",""owner_authority_id"":""urn:uuid:4dea4d1d-09ba-504e-9fcd-83524281ca97"",""owner_native_state"":""exact_evidence"",""payload"":{""concept_relation_inferred"":false,""evidence"":{""assertion_method"":""source_topology"",""confidence"":""exact"",""native_relation_id"":""urn:uuid:ccef9883-d431-56b5-8e97-669e0f15a632"",""source_locator"":""full authority document order""},""from_endpoint"":{""native_id"":""urn:uuid:aae7e05c-4fd6-5c32-9668-98af89fa0b2c"",""projected_id"":""urn:uuid:c22f57f1-b735-5c72-a8e0-a006fe0d5b1b""},""relation_type"":""precedes"",""strength"":""hard"",""to_endpoint"":{""native_id"":""urn:uuid:029cd6c2-c951-5bf6-affc-00e61ba4d416"",""projected_id"":""urn:uuid:2fb2f571-f9c3-5f87-996c-077e008a4d46""}},""record_type"":""relation"",""recorded_at"":""2026-08-30T00:00:00Z"",""semantic_key"":""b10:dmoi4:relation:urn:uuid:ccef9883-d431-56b5-8e97-669e0f15a632""}"
urn:uuid:d15c20e0-240e-569c-8668-aa863d6f01b1,relation,"{""dataset_id"":""urn:uuid:6090fc4b-b34d-5cff-8f65-acaa06ddd1fc"",""id"":""urn:uuid:d15c20e0-240e-569c-8668-aa863d6f01b1"",""normalized_state"":""validated"",""owner_authority_id"":""urn:uuid:4dea4d1d-09ba-504e-9fcd-83524281ca97"",""owner_native_state"":""exact_evidence"",""payload"":{""concept_relation_inferred"":false,""evidence"":{""assertion_method"":""source_topology"",""confidence"":""exact"",""native_relation_id"":""urn:uuid:2a13ebe1-48df-510c-86aa-ddc88ff2543d"",""source_locator"":""full authority document order""},""from_endpoint"":{""native_id"":""urn:uuid:af7192b1-fad3-5515-a720-202fac07f022"",""projected_id"":""urn:uuid:ad59b9ba-8883-51fe-886e-56c748b5fe88""},""relation_type"":""precedes"",""strength"":""hard"",""to_endpoint"":{""native_id"":""urn:uuid:38e23eff-f74f-594b-b46e-57c1dc4dd4ad"",""projected_id"":""urn:uuid:bf78ba46-c556-5946-bf01-23391c99fe21""}},""record_type"":""relation"",""recorded_at"":""2026-08-30T00:00:00Z"",""semantic_key"":""b10:dmoi4:relation:urn:uuid:2a13ebe1-48df-510c-86aa-ddc88ff2543d""}"
urn:uuid:66b279c6-8a60-564e-a272-a4365c12bcec,relation,"{""dataset_id"":""urn:uuid:6090fc4b-b34d-5cff-8f65-acaa06ddd1fc"",""id"":""urn:uuid:66b279c6-8a60-564e-a272-a4365c12bcec"",""normalized_state"":""validated"",""owner_authority_id"":""urn:uuid:4dea4d1d-09ba-504e-9fcd-83524281ca97"",""owner_native_state"":""exact_evidence"",""payload"":{""concept_relation_inferred"":false,""evidence"":{""assertion_method"":""source_topology"",""confidence"":""exact"",""native_relation_id"":""urn:uuid:09251888-54a6-506b-a800-94b3db307656"",""source_locator"":""full authority document order""},""from_endpoint"":{""native_id"":""urn:uuid:b2e4bd61-071e-514c-8788-c44863c4b8ef"",""projected_id"":""urn:uuid:742242f6-5e88-5b3c-9694-cb600784d6a5""},""relation_type"":""precedes"",""strength"":""hard"",""to_endpoint"":{""native_id"":""urn:uuid:fbd6c617-604f-56b8-8ad2-4eb0c3788400"",""projected_id"":""urn:uuid:84f368f1-2de4-5967-803d-0d82da660a94""}},""record_type"":""relation"",""recorded_at"":""2026-08-30T00:00:00Z"",""semantic_key"":""b10:dmoi4:relation:urn:uuid:09251888-54a6-506b-a800-94b3db307656""}"
urn:uuid:9d739a01-7df1-56b4-bee9-7f796ec32c8e,relation,"{""dataset_id"":""urn:uuid:6090fc4b-b34d-5cff-8f65-acaa06ddd1fc"",""id"":""urn:uuid:9d739a01-7df1-56b4-bee9-7f796ec32c8e"",""normalized_state"":""validated"",""owner_authority_id"":""urn:uuid:4dea4d1d-09ba-504e-9fcd-83524281ca97"",""owner_native_state"":""exact_evidence"",""payload"":{""concept_relation_inferred"":false,""evidence"":{""assertion_method"":""source_topology"",""confidence"":""exact"",""native_relation_id"":""urn:uuid:fea6995a-29b6-5ddf-9ac3-a2833678cc44"",""source_locator"":""full authority document order""},""from_endpoint"":{""native_id"":""urn:uuid:b4130979-7127-5b3d-814a-458c5030a423"",""projected_id"":""urn:uuid:a0c9f1a7-e336-5576-a2da-faa12dc67f1e""},""relation_type"":""precedes"",""strength"":""hard"",""to_endpoint"":{""native_id"":""urn:uuid:269955d5-3ef0-5729-b2c1-c1b4e816b3a5"",""projected_id"":""urn:uuid:4e1276f8-e35a-5d93-9a8f-0a0e758bd66e""}},""record_type"":""relation"",""recorded_at"":""2026-08-30T00:00:00Z"",""semantic_key"":""b10:dmoi4:relation:urn:uuid:fea6995a-29b6-5ddf-9ac3-a2833678cc44""}"
urn:uuid:f1a95650-9688-5368-b935-e8d6f871d1ae,relation,"{""dataset_id"":""urn:uuid:6090fc4b-b34d-5cff-8f65-acaa06ddd1fc"",""id"":""urn:uuid:f1a95650-9688-5368-b935-e8d6f871d1ae"",""normalized_state"":""validated"",""owner_authority_id"":""urn:uuid:4dea4d1d-09ba-504e-9fcd-83524281ca97"",""owner_native_state"":""exact_evidence"",""payload"":{""concept_relation_inferred"":false,""evidence"":{""assertion_method"":""source_topology"",""confidence"":""exact"",""native_relation_id"":""urn:uuid:45743f7e-877c-5978-bf1b-c5f92ba79979"",""source_locator"":""full authority document order""},""from_endpoint"":{""native_id"":""urn:uuid:b7c2189f-42cf-5bf5-8458-d6c20d5ea6df"",""projected_id"":""urn:uuid:1fabeeeb-9b09-5c0b-953a-67ed60765ce4""},""relation_type"":""precedes"",""strength"":""hard"",""to_endpoint"":{""native_id"":""urn:uuid:5464d3ea-6b6d-58da-b255-60bf456cc8b4"",""projected_id"":""urn:uuid:6dfd9475-193b-54bf-801e-054da99b2b7a""}},""record_type"":""relation"",""recorded_at"":""2026-08-30T00:00:00Z"",""semantic_key"":""b10:dmoi4:relation:urn:uuid:45743f7e-877c-5978-bf1b-c5f92ba79979""}"
urn:uuid:ef1957fd-eec7-565d-ba33-2bf222ec9461,relation,"{""dataset_id"":""urn:uuid:6090fc4b-b34d-5cff-8f65-acaa06ddd1fc"",""id"":""urn:uuid:ef1957fd-eec7-565d-ba33-2bf222ec9461"",""normalized_state"":""validated"",""owner_authority_id"":""urn:uuid:4dea4d1d-09ba-504e-9fcd-83524281ca97"",""owner_native_state"":""exact_evidence"",""payload"":{""concept_relation_inferred"":false,""evidence"":{""assertion_method"":""source_topology"",""confidence"":""exact"",""native_relation_id"":""urn:uuid:ceffa850-6bed-59b6-be64-388432f6bd74"",""source_locator"":""pilot source topology""},""from_endpoint"":{""native_id"":""urn:uuid:c271e0d8-f961-5c91-9128-2eece0eaa146"",""projected_id"":""urn:uuid:b95edd49-bef4-5069-9c46-884f45998bfe""},""relation_type"":""precedes"",""strength"":""hard"",""to_endpoint"":{""native_id"":""urn:uuid:bb2d29da-7d8e-52d4-bbec-b09b5d291713"",""projected_id"":""urn:uuid:357cee66-25c5-524a-a299-96db22ea2fe9""}},""record_type"":""relation"",""recorded_at"":""2026-08-30T00:00:00Z"",""semantic_key"":""b10:dmoi4:relation:urn:uuid:ceffa850-6bed-59b6-be64-388432f6bd74""}"
urn:uuid:12a96070-f4f2-56c0-ad6b-98df304d6527,relation,"{""dataset_id"":""urn:uuid:6090fc4b-b34d-5cff-8f65-acaa06ddd1fc"",""id"":""urn:uuid:12a96070-f4f2-56c0-ad6b-98df304d6527"",""normalized_state"":""validated"",""owner_authority_id"":""urn:uuid:4dea4d1d-09ba-504e-9fcd-83524281ca97"",""owner_native_state"":""exact_evidence"",""payload"":{""concept_relation_inferred"":false,""evidence"":{""assertion_method"":""source_topology"",""confidence"":""exact"",""native_relation_id"":""urn:uuid:937626ea-ca6e-5883-8123-f317a20656d5"",""source_locator"":""full authority document order""},""from_endpoint"":{""native_id"":""urn:uuid:c4b8c85f-a37a-5743-86ff-d4eb182a9667"",""projected_id"":""urn:uuid:88e0e0e6-b2b4-59c9-9f48-2b32fae0f2c3""},""relation_type"":""precedes"",""strength"":""hard"",""to_endpoint"":{""native_id"":""urn:uuid:9fea6a45-c264-51df-9a22-1ffd3e4261c7"",""projected_id"":""urn:uuid:949bee0d-f57f-5501-855b-92b8f8032b07""}},""record_type"":""relation"",""recorded_at"":""2026-08-30T00:00:00Z"",""semantic_key"":""b10:dmoi4:relation:urn:uuid:937626ea-ca6e-5883-8123-f317a20656d5""}"
urn:uuid:79492c28-dd3d-5ebf-bb74-1d12d75d4d15,relation,"{""dataset_id"":""urn:uuid:6090fc4b-b34d-5cff-8f65-acaa06ddd1fc"",""id"":""urn:uuid:79492c28-dd3d-5ebf-bb74-1d12d75d4d15"",""normalized_state"":""validated"",""owner_authority_id"":""urn:uuid:4dea4d1d-09ba-504e-9fcd-83524281ca97"",""owner_native_state"":""exact_evidence"",""payload"":{""concept_relation_inferred"":false,""evidence"":{""assertion_method"":""source_topology"",""confidence"":""exact"",""native_relation_id"":""urn:uuid:3382862d-ca88-5ae2-8d1c-d6ebd62c5ee2"",""source_locator"":""full authority document order""},""from_endpoint"":{""native_id"":""urn:uuid:c4d80cc8-36c6-5b2e-a1c2-71ad1af56257"",""projected_id"":""urn:uuid:32ca07e9-52d1-52cf-b7ae-85c925d20fed""},""relation_type"":""precedes"",""strength"":""hard"",""to_endpoint"":{""native_id"":""urn:uuid:c4b8c85f-a37a-5743-86ff-d4eb182a9667"",""projected_id"":""urn:uuid:88e0e0e6-b2b4-59c9-9f48-2b32fae0f2c3""}},""record_type"":""relation"",""recorded_at"":""2026-08-30T00:00:00Z"",""semantic_key"":""b10:dmoi4:relation:urn:uuid:3382862d-ca88-5ae2-8d1c-d6ebd62c5ee2""}"
urn:uuid:e5a99b48-0215-5856-a131-190f30382fb9,relation,"{""dataset_id"":""urn:uuid:6090fc4b-b34d-5cff-8f65-acaa06ddd1fc"",""id"":""urn:uuid:e5a99b48-0215-5856-a131-190f30382fb9"",""normalized_state"":""validated"",""owner_authority_id"":""urn:uuid:4dea4d1d-09ba-504e-9fcd-83524281ca97"",""owner_native_state"":""exact_evidence"",""payload"":{""concept_relation_inferred"":false,""evidence"":{""assertion_method"":""source_topology"",""confidence"":""exact"",""native_relation_id"":""urn:uuid:2e7d670f-83e2-5a9c-b03c-7e6881157c8a"",""source_locator"":""full authority document order""},""from_endpoint"":{""native_id"":""urn:uuid:c62f81d9-e1b1-5b8f-a1ca-222b980eea84"",""projected_id"":""urn:uuid:b979da6e-1e58-52af-a0be-aef429a0450e""},""relation_type"":""precedes"",""strength"":""hard"",""to_endpoint"":{""native_id"":""urn:uuid:437004b6-9db4-521e-bbdc-443327280397"",""projected_id"":""urn:uuid:4db66166-83d2-567a-89d6-e549c98bf28a""}},""record_type"":""relation"",""recorded_at"":""2026-08-30T00:00:00Z"",""semantic_key"":""b10:dmoi4:relation:urn:uuid:2e7d670f-83e2-5a9c-b03c-7e6881157c8a""}"
urn:uuid:9d49f371-bbd7-5b81-b102-945fbd69d135,relation,"{""dataset_id"":""urn:uuid:6090fc4b-b34d-5cff-8f65-acaa06ddd1fc"",""id"":""urn:uuid:9d49f371-bbd7-5b81-b102-945fbd69d135"",""normalized_state"":""validated"",""owner_authority_id"":""urn:uuid:4dea4d1d-09ba-504e-9fcd-83524281ca97"",""owner_native_state"":""exact_evidence"",""payload"":{""concept_relation_inferred"":false,""evidence"":{""assertion_method"":""source_topology"",""confidence"":""exact"",""native_relation_id"":""urn:uuid:d8e2dc03-47ca-5e4f-bbdf-85cd3e7d6057"",""source_locator"":""full authority document order""},""from_endpoint"":{""native_id"":""urn:uuid:c79a88a0-6167-594e-93bd-d70ea0b95fc3"",""projected_id"":""urn:uuid:4182ae10-0790-591a-8477-a22a70292150""},""relation_type"":""precedes"",""strength"":""hard"",""to_endpoint"":{""native_id"":""urn:uuid:327e900a-76bf-5a20-86de-0b69b8f0522a"",""projected_id"":""urn:uuid:54c5f6a3-aadb-5ace-9eaa-475711e298a7""}},""record_type"":""relation"",""recorded_at"":""2026-08-30T00:00:00Z"",""semantic_key"":""b10:dmoi4:relation:urn:uuid:d8e2dc03-47ca-5e4f-bbdf-85cd3e7d6057""}"
urn:uuid:367ab4bf-8c3e-5a55-9df9-2fd2cd59b22a,relation,"{""dataset_id"":""urn:uuid:6090fc4b-b34d-5cff-8f65-acaa06ddd1fc"",""id"":""urn:uuid:367ab4bf-8c3e-5a55-9df9-2fd2cd59b22a"",""normalized_state"":""validated"",""owner_authority_id"":""urn:uuid:4dea4d1d-09ba-504e-9fcd-83524281ca97"",""owner_native_state"":""exact_evidence"",""payload"":{""concept_relation_inferred"":false,""evidence"":{""assertion_method"":""source_topology"",""confidence"":""exact"",""native_relation_id"":""urn:uuid:af93642c-abca-5dc5-9f72-d695d06974d5"",""source_locator"":""full authority document order""},""from_endpoint"":{""native_id"":""urn:uuid:c854155b-85ad-5ce2-9533-dc610468de47"",""projected_id"":""urn:uuid:44ae7401-4761-5c46-88a5-4b7d027ff5c4""},""relation_type"":""precedes"",""strength"":""hard"",""to_endpoint"":{""native_id"":""urn:uuid:c4d80cc8-36c6-5b2e-a1c2-71ad1af56257"",""projected_id"":""urn:uuid:32ca07e9-52d1-52cf-b7ae-85c925d20fed""}},""record_type"":""relation"",""recorded_at"":""2026-08-30T00:00:00Z"",""semantic_key"":""b10:dmoi4:relation:urn:uuid:af93642c-abca-5dc5-9f72-d695d06974d5""}"
urn:uuid:18bbfe58-3f58-52ab-bbab-83b921afc321,relation,"{""dataset_id"":""urn:uuid:6090fc4b-b34d-5cff-8f65-acaa06ddd1fc"",""id"":""urn:uuid:18bbfe58-3f58-52ab-bbab-83b921afc321"",""normalized_state"":""validated"",""owner_authority_id"":""urn:uuid:4dea4d1d-09ba-504e-9fcd-83524281ca97"",""owner_native_state"":""exact_evidence"",""payload"":{""concept_relation_inferred"":false,""evidence"":{""assertion_method"":""source_topology"",""confidence"":""exact"",""native_relation_id"":""urn:uuid:921ba852-60cc-5996-b3d1-5be0d04638b2"",""source_locator"":""full authority document order""},""from_endpoint"":{""native_id"":""urn:uuid:c9ec9851-c7c8-5b3e-9eb9-1724383e3d80"",""projected_id"":""urn:uuid:19782d47-7d26-5573-ac01-b436d462e4a9""},""relation_type"":""precedes"",""strength"":""hard"",""to_endpoint"":{""native_id"":""urn:uuid:79eeab77-5bb4-5fa6-9caf-c557db59c6fa"",""projected_id"":""urn:uuid:3a930687-9aa8-5fde-9604-65533373297e""}},""record_type"":""relation"",""recorded_at"":""2026-08-30T00:00:00Z"",""semantic_key"":""b10:dmoi4:relation:urn:uuid:921ba852-60cc-5996-b3d1-5be0d04638b2""}"
urn:uuid:f99e468b-f174-58b0-8837-0947462c59f9,relation,"{""dataset_id"":""urn:uuid:6090fc4b-b34d-5cff-8f65-acaa06ddd1fc"",""id"":""urn:uuid:f99e468b-f174-58b0-8837-0947462c59f9"",""normalized_state"":""validated"",""owner_authority_id"":""urn:uuid:4dea4d1d-09ba-504e-9fcd-83524281ca97"",""owner_native_state"":""exact_evidence"",""payload"":{""concept_relation_inferred"":false,""evidence"":{""assertion_method"":""source_topology"",""confidence"":""exact"",""native_relation_id"":""urn:uuid:0874b531-4711-5311-9065-415c710ec37a"",""source_locator"":""full authority document order""},""from_endpoint"":{""native_id"":""urn:uuid:cb7fffa2-e8fc-568e-af2d-df95b11e9251"",""projected_id"":""urn:uuid:17d02238-fa55-5b4e-8020-8f9a9f258d43""},""relation_type"":""precedes"",""strength"":""hard"",""to_endpoint"":{""native_id"":""urn:uuid:59d6f92e-28e5-5920-a8a1-e4f925570072"",""projected_id"":""urn:uuid:4a2f67bf-b869-5240-93da-0bd24b1488b5""}},""record_type"":""relation"",""recorded_at"":""2026-08-30T00:00:00Z"",""semantic_key"":""b10:dmoi4:relation:urn:uuid:0874b531-4711-5311-9065-415c710ec37a""}"
urn:uuid:6578ba21-f14b-5c2d-b618-330cbd448363,relation,"{""dataset_id"":""urn:uuid:6090fc4b-b34d-5cff-8f65-acaa06ddd1fc"",""id"":""urn:uuid:6578ba21-f14b-5c2d-b618-330cbd448363"",""normalized_state"":""validated"",""owner_authority_id"":""urn:uuid:4dea4d1d-09ba-504e-9fcd-83524281ca97"",""owner_native_state"":""exact_evidence"",""payload"":{""concept_relation_inferred"":false,""evidence"":{""assertion_method"":""source_topology"",""confidence"":""exact"",""native_relation_id"":""urn:uuid:cb123f8a-bea5-556a-8902-38a6f35a9dea"",""source_locator"":""full authority document order""},""from_endpoint"":{""native_id"":""urn:uuid:d267e9b0-4f2c-59d8-be2f-fea5a4ef7e93"",""projected_id"":""urn:uuid:c3756ea1-fba4-5de4-88f5-2b9a431cb4b3""},""relation_type"":""precedes"",""strength"":""hard"",""to_endpoint"":{""native_id"":""urn:uuid:9755415d-7e8e-58bd-b71a-627f7787e534"",""projected_id"":""urn:uuid:73354fe7-5dd9-56b2-9548-ea98cebcabe7""}},""record_type"":""relation"",""recorded_at"":""2026-08-30T00:00:00Z"",""semantic_key"":""b10:dmoi4:relation:urn:uuid:cb123f8a-bea5-556a-8902-38a6f35a9dea""}"
urn:uuid:1ae80c79-6ee8-539a-a6e8-9ea20f20309b,relation,"{""dataset_id"":""urn:uuid:6090fc4b-b34d-5cff-8f65-acaa06ddd1fc"",""id"":""urn:uuid:1ae80c79-6ee8-539a-a6e8-9ea20f20309b"",""normalized_state"":""validated"",""owner_authority_id"":""urn:uuid:4dea4d1d-09ba-504e-9fcd-83524281ca97"",""owner_native_state"":""exact_evidence"",""payload"":{""concept_relation_inferred"":false,""evidence"":{""assertion_method"":""source_topology"",""confidence"":""exact"",""native_relation_id"":""urn:uuid:104ba313-0080-53ee-be4a-111e4e51d32a"",""source_locator"":""full authority document order""},""from_endpoint"":{""native_id"":""urn:uuid:d2e3679c-fc7b-554f-b04c-53341acb188c"",""projected_id"":""urn:uuid:2efe3365-50a0-5284-840f-9b7e4584ce05""},""relation_type"":""precedes"",""strength"":""hard"",""to_endpoint"":{""native_id"":""urn:uuid:aae7e05c-4fd6-5c32-9668-98af89fa0b2c"",""projected_id"":""urn:uuid:c22f57f1-b735-5c72-a8e0-a006fe0d5b1b""}},""record_type"":""relation"",""recorded_at"":""2026-08-30T00:00:00Z"",""semantic_key"":""b10:dmoi4:relation:urn:uuid:104ba313-0080-53ee-be4a-111e4e51d32a""}"
urn:uuid:8fbd721d-177a-5e71-a5ea-623a9583c958,relation,"{""dataset_id"":""urn:uuid:6090fc4b-b34d-5cff-8f65-acaa06ddd1fc"",""id"":""urn:uuid:8fbd721d-177a-5e71-a5ea-623a9583c958"",""normalized_state"":""validated"",""owner_authority_id"":""urn:uuid:4dea4d1d-09ba-504e-9fcd-83524281ca97"",""owner_native_state"":""exact_evidence"",""payload"":{""concept_relation_inferred"":false,""evidence"":{""assertion_method"":""source_topology"",""confidence"":""exact"",""native_relation_id"":""urn:uuid:800e8294-5470-505e-a828-1709fea59d76"",""source_locator"":""full authority document order""},""from_endpoint"":{""native_id"":""urn:uuid:d5ad10eb-618e-5020-ba8c-9706c0f82d36"",""projected_id"":""urn:uuid:766c090b-83b7-5869-9a47-1ec6c69c15a5""},""relation_type"":""precedes"",""strength"":""hard"",""to_endpoint"":{""native_id"":""urn:uuid:efca38ac-b48c-5892-bfab-621754bb213f"",""projected_id"":""urn:uuid:9051e86f-ccdc-51d1-90de-c7536078b00e""}},""record_type"":""relation"",""recorded_at"":""2026-08-30T00:00:00Z"",""semantic_key"":""b10:dmoi4:relation:urn:uuid:800e8294-5470-505e-a828-1709fea59d76""}"
urn:uuid:64760caa-430d-5a11-9a7d-8cbacb6f552f,relation,"{""dataset_id"":""urn:uuid:6090fc4b-b34d-5cff-8f65-acaa06ddd1fc"",""id"":""urn:uuid:64760caa-430d-5a11-9a7d-8cbacb6f552f"",""normalized_state"":""validated"",""owner_authority_id"":""urn:uuid:4dea4d1d-09ba-504e-9fcd-83524281ca97"",""owner_native_state"":""exact_evidence"",""payload"":{""concept_relation_inferred"":false,""evidence"":{""assertion_method"":""source_topology"",""confidence"":""exact"",""native_relation_id"":""urn:uuid:252f8a49-e3bc-5404-b560-6ef647382b7a"",""source_locator"":""full authority document order""},""from_endpoint"":{""native_id"":""urn:uuid:d699676f-28f3-5930-81f2-4927bae3973f"",""projected_id"":""urn:uuid:a3df6f90-069b-5cb0-9507-ee3a71128db8""},""relation_type"":""precedes"",""strength"":""hard"",""to_endpoint"":{""native_id"":""urn:uuid:c9ec9851-c7c8-5b3e-9eb9-1724383e3d80"",""projected_id"":""urn:uuid:19782d47-7d26-5573-ac01-b436d462e4a9""}},""record_type"":""relation"",""recorded_at"":""2026-08-30T00:00:00Z"",""semantic_key"":""b10:dmoi4:relation:urn:uuid:252f8a49-e3bc-5404-b560-6ef647382b7a""}"
urn:uuid:ad5fab37-9ac5-5615-8679-7c4280159ea6,relation,"{""dataset_id"":""urn:uuid:6090fc4b-b34d-5cff-8f65-acaa06ddd1fc"",""id"":""urn:uuid:ad5fab37-9ac5-5615-8679-7c4280159ea6"",""normalized_state"":""validated"",""owner_authority_id"":""urn:uuid:4dea4d1d-09ba-504e-9fcd-83524281ca97"",""owner_native_state"":""exact_evidence"",""payload"":{""concept_relation_inferred"":false,""evidence"":{""assertion_method"":""source_topology"",""confidence"":""exact"",""native_relation_id"":""urn:uuid:b2ec7e4b-5fdb-5152-aacd-3df6d08337b9"",""source_locator"":""full authority document order""},""from_endpoint"":{""native_id"":""urn:uuid:d77ac50a-8e92-5fb4-b32d-2884d673b368"",""projected_id"":""urn:uuid:c8ad07a5-4800-5e85-b1b7-c3491ccb6008""},""relation_type"":""precedes"",""strength"":""hard"",""to_endpoint"":{""native_id"":""urn:uuid:c854155b-85ad-5ce2-9533-dc610468de47"",""projected_id"":""urn:uuid:44ae7401-4761-5c46-88a5-4b7d027ff5c4""}},""record_type"":""relation"",""recorded_at"":""2026-08-30T00:00:00Z"",""semantic_key"":""b10:dmoi4:relation:urn:uuid:b2ec7e4b-5fdb-5152-aacd-3df6d08337b9""}"
urn:uuid:02011d4f-03f5-57ae-b36d-9b05f194411c,relation,"{""dataset_id"":""urn:uuid:6090fc4b-b34d-5cff-8f65-acaa06ddd1fc"",""id"":""urn:uuid:02011d4f-03f5-57ae-b36d-9b05f194411c"",""normalized_state"":""validated"",""owner_authority_id"":""urn:uuid:4dea4d1d-09ba-504e-9fcd-83524281ca97"",""owner_native_state"":""exact_evidence"",""payload"":{""concept_relation_inferred"":false,""evidence"":{""assertion_method"":""source_topology"",""confidence"":""exact"",""native_relation_id"":""urn:uuid:9c1f64a0-3d55-5716-9798-2ecd88b98708"",""source_locator"":""full authority document order""},""from_endpoint"":{""native_id"":""urn:uuid:d7897d8e-0878-5129-bbd8-2bff162600a0"",""projected_id"":""urn:uuid:c109d48c-5e73-52e1-915a-429e4657135a""},""relation_type"":""precedes"",""strength"":""hard"",""to_endpoint"":{""native_id"":""urn:uuid:bfe1ccde-4c5d-5d30-98d7-8d594bf6b2df"",""projected_id"":""urn:uuid:dc683ade-6a48-5a25-b0cc-c1d5dca5e2db""}},""record_type"":""relation"",""recorded_at"":""2026-08-30T00:00:00Z"",""semantic_key"":""b10:dmoi4:relation:urn:uuid:9c1f64a0-3d55-5716-9798-2ecd88b98708""}"
urn:uuid:13c1769a-84a4-5742-b364-80943b92b49f,relation,"{""dataset_id"":""urn:uuid:6090fc4b-b34d-5cff-8f65-acaa06ddd1fc"",""id"":""urn:uuid:13c1769a-84a4-5742-b364-80943b92b49f"",""normalized_state"":""validated"",""owner_authority_id"":""urn:uuid:4dea4d1d-09ba-504e-9fcd-83524281ca97"",""owner_native_state"":""exact_evidence"",""payload"":{""concept_relation_inferred"":false,""evidence"":{""assertion_method"":""source_topology"",""confidence"":""exact"",""native_relation_id"":""urn:uuid:0d573f11-cf50-56c3-b223-136f41272846"",""source_locator"":""full authority document order""},""from_endpoint"":{""native_id"":""urn:uuid:dcc8a1b1-baec-5ebb-ace0-b05ac0b0dbb3"",""projected_id"":""urn:uuid:8cc6bdb5-98aa-5c1e-b187-b04733a0c205""},""relation_type"":""precedes"",""strength"":""hard"",""to_endpoint"":{""native_id"":""urn:uuid:8fec6502-3006-5814-8945-4f78aa6b357e"",""projected_id"":""urn:uuid:5993bcde-78e7-5b3d-afb0-a82900e6001b""}},""record_type"":""relation"",""recorded_at"":""2026-08-30T00:00:00Z"",""semantic_key"":""b10:dmoi4:relation:urn:uuid:0d573f11-cf50-56c3-b223-136f41272846""}"
urn:uuid:b5b00226-6d6f-5b5e-a5f0-e938282b33ef,relation,"{""dataset_id"":""urn:uuid:6090fc4b-b34d-5cff-8f65-acaa06ddd1fc"",""id"":""urn:uuid:b5b00226-6d6f-5b5e-a5f0-e938282b33ef"",""normalized_state"":""validated"",""owner_authority_id"":""urn:uuid:4dea4d1d-09ba-504e-9fcd-83524281ca97"",""owner_native_state"":""exact_evidence"",""payload"":{""concept_relation_inferred"":false,""evidence"":{""assertion_method"":""source_topology"",""confidence"":""exact"",""native_relation_id"":""urn:uuid:cd6e2423-4354-5426-a980-f4f97e9596c6"",""source_locator"":""full authority document order""},""from_endpoint"":{""native_id"":""urn:uuid:e2627f47-135c-5211-9a22-2bdca7715bcc"",""projected_id"":""urn:uuid:b75410d4-fc89-5ace-a242-fc9d9cd8a7fc""},""relation_type"":""precedes"",""strength"":""hard"",""to_endpoint"":{""native_id"":""urn:uuid:a4356481-670a-5206-aba7-293c7f3044c0"",""projected_id"":""urn:uuid:60ff9de9-dbcc-5ddf-a860-24b17006ff3e""}},""record_type"":""relation"",""recorded_at"":""2026-08-30T00:00:00Z"",""semantic_key"":""b10:dmoi4:relation:urn:uuid:cd6e2423-4354-5426-a980-f4f97e9596c6""}"
urn:uuid:15003d8b-0fc6-52ad-962e-d0f5b4235230,relation,"{""dataset_id"":""urn:uuid:6090fc4b-b34d-5cff-8f65-acaa06ddd1fc"",""id"":""urn:uuid:15003d8b-0fc6-52ad-962e-d0f5b4235230"",""normalized_state"":""validated"",""owner_authority_id"":""urn:uuid:4dea4d1d-09ba-504e-9fcd-83524281ca97"",""owner_native_state"":""exact_evidence"",""payload"":{""concept_relation_inferred"":false,""evidence"":{""assertion_method"":""source_topology"",""confidence"":""exact"",""native_relation_id"":""urn:uuid:06af96ae-bda1-515e-bbee-d5e79ccdc928"",""source_locator"":""full authority document order""},""from_endpoint"":{""native_id"":""urn:uuid:e48b3022-7279-57f3-b2bb-a71083700a46"",""projected_id"":""urn:uuid:6b0bee20-5223-5e8a-8522-f3a948d654e6""},""relation_type"":""precedes"",""strength"":""hard"",""to_endpoint"":{""native_id"":""urn:uuid:2e8b7711-9a29-5b65-877e-44177be0caa3"",""projected_id"":""urn:uuid:ee97710a-db14-5896-b26b-96816248d158""}},""record_type"":""relation"",""recorded_at"":""2026-08-30T00:00:00Z"",""semantic_key"":""b10:dmoi4:relation:urn:uuid:06af96ae-bda1-515e-bbee-d5e79ccdc928""}"
urn:uuid:d6f4e18b-d114-5310-9816-2544d16bbe35,relation,"{""dataset_id"":""urn:uuid:6090fc4b-b34d-5cff-8f65-acaa06ddd1fc"",""id"":""urn:uuid:d6f4e18b-d114-5310-9816-2544d16bbe35"",""normalized_state"":""validated"",""owner_authority_id"":""urn:uuid:4dea4d1d-09ba-504e-9fcd-83524281ca97"",""owner_native_state"":""exact_evidence"",""payload"":{""concept_relation_inferred"":false,""evidence"":{""assertion_method"":""source_topology"",""confidence"":""exact"",""native_relation_id"":""urn:uuid:e2793173-3375-5c4d-a853-df0ec445e029"",""source_locator"":""full authority document order""},""from_endpoint"":{""native_id"":""urn:uuid:e755d292-569a-5b8a-b42b-6cf0582af31a"",""projected_id"":""urn:uuid:bcbd642d-8940-5d7a-9ebc-62747bd1f024""},""relation_type"":""precedes"",""strength"":""hard"",""to_endpoint"":{""native_id"":""urn:uuid:eb099a6c-34f6-51cc-a20c-42a915f8036d"",""projected_id"":""urn:uuid:86ef125b-a234-572c-98d6-90e28de9546c""}},""record_type"":""relation"",""recorded_at"":""2026-08-30T00:00:00Z"",""semantic_key"":""b10:dmoi4:relation:urn:uuid:e2793173-3375-5c4d-a853-df0ec445e029""}"
urn:uuid:be8982ec-77f7-52c7-a317-65c484a149ba,relation,"{""dataset_id"":""urn:uuid:6090fc4b-b34d-5cff-8f65-acaa06ddd1fc"",""id"":""urn:uuid:be8982ec-77f7-52c7-a317-65c484a149ba"",""normalized_state"":""validated"",""owner_authority_id"":""urn:uuid:4dea4d1d-09ba-504e-9fcd-83524281ca97"",""owner_native_state"":""exact_evidence"",""payload"":{""concept_relation_inferred"":false,""evidence"":{""assertion_method"":""source_topology"",""confidence"":""exact"",""native_relation_id"":""urn:uuid:3d03ccc1-df59-51de-908c-bb9fc06b0cb9"",""source_locator"":""full authority document order""},""from_endpoint"":{""native_id"":""urn:uuid:e7defa00-7fc3-5e8c-82b0-175177750bce"",""projected_id"":""urn:uuid:8a3f06ce-3e74-506e-a699-c363f9deb50b""},""relation_type"":""precedes"",""strength"":""hard"",""to_endpoint"":{""native_id"":""urn:uuid:46e4715d-b87f-5a1b-8f0b-13391d54822f"",""projected_id"":""urn:uuid:e7643c9b-51b1-5a5e-bf63-ce3e6b7b5e19""}},""record_type"":""relation"",""recorded_at"":""2026-08-30T00:00:00Z"",""semantic_key"":""b10:dmoi4:relation:urn:uuid:3d03ccc1-df59-51de-908c-bb9fc06b0cb9""}"
urn:uuid:c47f0c4a-b67d-5a2e-85a9-bd926021f772,relation,"{""dataset_id"":""urn:uuid:6090fc4b-b34d-5cff-8f65-acaa06ddd1fc"",""id"":""urn:uuid:c47f0c4a-b67d-5a2e-85a9-bd926021f772"",""normalized_state"":""validated"",""owner_authority_id"":""urn:uuid:4dea4d1d-09ba-504e-9fcd-83524281ca97"",""owner_native_state"":""exact_evidence"",""payload"":{""concept_relation_inferred"":false,""evidence"":{""assertion_method"":""source_topology"",""confidence"":""exact"",""native_relation_id"":""urn:uuid:fe7eb0ba-6d14-5257-ba24-21fbe60532a5"",""source_locator"":""full authority document order""},""from_endpoint"":{""native_id"":""urn:uuid:e8018399-ba3c-526d-8bd8-32d37971508a"",""projected_id"":""urn:uuid:c5376aae-5491-534f-8c45-d44686fc5830""},""relation_type"":""precedes"",""strength"":""hard"",""to_endpoint"":{""native_id"":""urn:uuid:a77315a3-2ea0-5af2-8f93-19bb9da35ca7"",""projected_id"":""urn:uuid:8ea55d26-d560-52fc-afca-cf60be0a991e""}},""record_type"":""relation"",""recorded_at"":""2026-08-30T00:00:00Z"",""semantic_key"":""b10:dmoi4:relation:urn:uuid:fe7eb0ba-6d14-5257-ba24-21fbe60532a5""}"
urn:uuid:a7e9cefd-12ac-575f-86d9-1d551edcb281,relation,"{""dataset_id"":""urn:uuid:6090fc4b-b34d-5cff-8f65-acaa06ddd1fc"",""id"":""urn:uuid:a7e9cefd-12ac-575f-86d9-1d551edcb281"",""normalized_state"":""validated"",""owner_authority_id"":""urn:uuid:4dea4d1d-09ba-504e-9fcd-83524281ca97"",""owner_native_state"":""exact_evidence"",""payload"":{""concept_relation_inferred"":false,""evidence"":{""assertion_method"":""source_topology"",""confidence"":""exact"",""native_relation_id"":""urn:uuid:bf1fd428-0155-5415-ad55-8a48df1a06cd"",""source_locator"":""full authority document order""},""from_endpoint"":{""native_id"":""urn:uuid:ea887dd9-0109-5269-bc1e-5f278878e813"",""projected_id"":""urn:uuid:516eb4e5-5fc4-582c-b1ab-728320489f0d""},""relation_type"":""precedes"",""strength"":""hard"",""to_endpoint"":{""native_id"":""urn:uuid:4b5d4a64-95fe-5092-95a6-e35c6de74730"",""projected_id"":""urn:uuid:9cd088fc-11b5-54f5-843e-623d2c713954""}},""record_type"":""relation"",""recorded_at"":""2026-08-30T00:00:00Z"",""semantic_key"":""b10:dmoi4:relation:urn:uuid:bf1fd428-0155-5415-ad55-8a48df1a06cd""}"
urn:uuid:d84a1715-4c41-55e9-bedd-bf7a786542d1,relation,"{""dataset_id"":""urn:uuid:6090fc4b-b34d-5cff-8f65-acaa06ddd1fc"",""id"":""urn:uuid:d84a1715-4c41-55e9-bedd-bf7a786542d1"",""normalized_state"":""validated"",""owner_authority_id"":""urn:uuid:4dea4d1d-09ba-504e-9fcd-83524281ca97"",""owner_native_state"":""exact_evidence"",""payload"":{""concept_relation_inferred"":false,""evidence"":{""assertion_method"":""source_topology"",""confidence"":""exact"",""native_relation_id"":""urn:uuid:fd1d837d-012e-5e88-a9ef-1d70527c8d91"",""source_locator"":""full authority document order""},""from_endpoint"":{""native_id"":""urn:uuid:eb099a6c-34f6-51cc-a20c-42a915f8036d"",""projected_id"":""urn:uuid:86ef125b-a234-572c-98d6-90e28de9546c""},""relation_type"":""precedes"",""strength"":""hard"",""to_endpoint"":{""native_id"":""urn:uuid:cb633525-6d22-50b7-8c9f-08212a6a385d"",""projected_id"":""urn:uuid:ca095221-9ae4-59c4-bc19-150159773e4e""}},""record_type"":""relation"",""recorded_at"":""2026-08-30T00:00:00Z"",""semantic_key"":""b10:dmoi4:relation:urn:uuid:fd1d837d-012e-5e88-a9ef-1d70527c8d91""}"
urn:uuid:1c707e3e-9ed6-51bb-b837-5a5c05604cd2,relation,"{""dataset_id"":""urn:uuid:6090fc4b-b34d-5cff-8f65-acaa06ddd1fc"",""id"":""urn:uuid:1c707e3e-9ed6-51bb-b837-5a5c05604cd2"",""normalized_state"":""validated"",""owner_authority_id"":""urn:uuid:4dea4d1d-09ba-504e-9fcd-83524281ca97"",""owner_native_state"":""exact_evidence"",""payload"":{""concept_relation_inferred"":false,""evidence"":{""assertion_method"":""source_topology"",""confidence"":""exact"",""native_relation_id"":""urn:uuid:b4a204f8-05c8-5c22-8d04-44c3dc591559"",""source_locator"":""full authority document order""},""from_endpoint"":{""native_id"":""urn:uuid:ee5e6c65-fb1e-505e-850a-fc1c241c0555"",""projected_id"":""urn:uuid:5f8d9d1b-bc2e-59ce-b1e3-5baf65adda90""},""relation_type"":""precedes"",""strength"":""hard"",""to_endpoint"":{""native_id"":""urn:uuid:1097d4b3-80a2-5df0-84f7-e3b1ab75e4be"",""projected_id"":""urn:uuid:381a8881-37e6-524c-a408-553697603f3c""}},""record_type"":""relation"",""recorded_at"":""2026-08-30T00:00:00Z"",""semantic_key"":""b10:dmoi4:relation:urn:uuid:b4a204f8-05c8-5c22-8d04-44c3dc591559""}"
urn:uuid:5b620447-339c-5cc6-ace4-1cb02f8ae2ff,relation,"{""dataset_id"":""urn:uuid:6090fc4b-b34d-5cff-8f65-acaa06ddd1fc"",""id"":""urn:uuid:5b620447-339c-5cc6-ace4-1cb02f8ae2ff"",""normalized_state"":""validated"",""owner_authority_id"":""urn:uuid:4dea4d1d-09ba-504e-9fcd-83524281ca97"",""owner_native_state"":""exact_evidence"",""payload"":{""concept_relation_inferred"":false,""evidence"":{""assertion_method"":""source_topology"",""confidence"":""exact"",""native_relation_id"":""urn:uuid:68aa64db-11ea-5c29-8a1c-bdd9b78f2cd4"",""source_locator"":""full authority document order""},""from_endpoint"":{""native_id"":""urn:uuid:efd1261e-76a8-5f4e-97e5-4333fe0a3277"",""projected_id"":""urn:uuid:6b2a4f1c-3c35-5bd1-bc52-5765d6f46456""},""relation_type"":""precedes"",""strength"":""hard"",""to_endpoint"":{""native_id"":""urn:uuid:9f48b5ff-4d59-5007-8e41-6772ca2e8596"",""projected_id"":""urn:uuid:d7bb0097-2569-5d12-a917-79ca08045b39""}},""record_type"":""relation"",""recorded_at"":""2026-08-30T00:00:00Z"",""semantic_key"":""b10:dmoi4:relation:urn:uuid:68aa64db-11ea-5c29-8a1c-bdd9b78f2cd4""}"
urn:uuid:0ba6f888-0862-5d3f-bb93-15182b65a446,relation,"{""dataset_id"":""urn:uuid:6090fc4b-b34d-5cff-8f65-acaa06ddd1fc"",""id"":""urn:uuid:0ba6f888-0862-5d3f-bb93-15182b65a446"",""normalized_state"":""validated"",""owner_authority_id"":""urn:uuid:4dea4d1d-09ba-504e-9fcd-83524281ca97"",""owner_native_state"":""exact_evidence"",""payload"":{""concept_relation_inferred"":false,""evidence"":{""assertion_method"":""source_topology"",""confidence"":""exact"",""native_relation_id"":""urn:uuid:80dd8383-cafa-5b46-ab3e-1c78128e4714"",""source_locator"":""full authority document order""},""from_endpoint"":{""native_id"":""urn:uuid:f25f3d25-e332-5e2f-be48-aa6cb3f52aed"",""projected_id"":""urn:uuid:ec15bbbb-8c68-53ee-81e5-14e91df5d9ec""},""relation_type"":""precedes"",""strength"":""hard"",""to_endpoint"":{""native_id"":""urn:uuid:e7defa00-7fc3-5e8c-82b0-175177750bce"",""projected_id"":""urn:uuid:8a3f06ce-3e74-506e-a699-c363f9deb50b""}},""record_type"":""relation"",""recorded_at"":""2026-08-30T00:00:00Z"",""semantic_key"":""b10:dmoi4:relation:urn:uuid:80dd8383-cafa-5b46-ab3e-1c78128e4714""}"
urn:uuid:4e4ad089-0aaf-5603-a07c-40c1bb06ff66,relation,"{""dataset_id"":""urn:uuid:6090fc4b-b34d-5cff-8f65-acaa06ddd1fc"",""id"":""urn:uuid:4e4ad089-0aaf-5603-a07c-40c1bb06ff66"",""normalized_state"":""validated"",""owner_authority_id"":""urn:uuid:4dea4d1d-09ba-504e-9fcd-83524281ca97"",""owner_native_state"":""exact_evidence"",""payload"":{""concept_relation_inferred"":false,""evidence"":{""assertion_method"":""source_topology"",""confidence"":""exact"",""native_relation_id"":""urn:uuid:7d71bb71-ad18-5350-9c9c-d2fa54ea6953"",""source_locator"":""full authority document order""},""from_endpoint"":{""native_id"":""urn:uuid:f3da3bdf-a765-537d-8ce6-6a3a160531d9"",""projected_id"":""urn:uuid:5dd39094-9938-50a2-8dca-2610c6b42ea7""},""relation_type"":""precedes"",""strength"":""hard"",""to_endpoint"":{""native_id"":""urn:uuid:3fe3e64e-5c76-59ed-8042-b77fc5581dee"",""projected_id"":""urn:uuid:b6ac4c86-5f09-55d3-8c16-2f31f046c03f""}},""record_type"":""relation"",""recorded_at"":""2026-08-30T00:00:00Z"",""semantic_key"":""b10:dmoi4:relation:urn:uuid:7d71bb71-ad18-5350-9c9c-d2fa54ea6953""}"
urn:uuid:f6806ae2-e647-563d-a37a-ca17c8752ca3,relation,"{""dataset_id"":""urn:uuid:6090fc4b-b34d-5cff-8f65-acaa06ddd1fc"",""id"":""urn:uuid:f6806ae2-e647-563d-a37a-ca17c8752ca3"",""normalized_state"":""validated"",""owner_authority_id"":""urn:uuid:4dea4d1d-09ba-504e-9fcd-83524281ca97"",""owner_native_state"":""exact_evidence"",""payload"":{""concept_relation_inferred"":false,""evidence"":{""assertion_method"":""source_topology"",""confidence"":""exact"",""native_relation_id"":""urn:uuid:11c1f1b2-1b62-5cd8-8d59-65eeab61548a"",""source_locator"":""full authority document order""},""from_endpoint"":{""native_id"":""urn:uuid:f50eed74-ff89-506b-b0ca-87874c3d8511"",""projected_id"":""urn:uuid:3ec1885a-2ac5-567a-b9f3-e5627c1f665a""},""relation_type"":""precedes"",""strength"":""hard"",""to_endpoint"":{""native_id"":""urn:uuid:fe8fd25e-cfb7-5cf6-aff8-40a84aa8ee21"",""projected_id"":""urn:uuid:a3807c03-68f4-586c-a5d0-2d46f559e865""}},""record_type"":""relation"",""recorded_at"":""2026-08-30T00:00:00Z"",""semantic_key"":""b10:dmoi4:relation:urn:uuid:11c1f1b2-1b62-5cd8-8d59-65eeab61548a""}"
urn:uuid:13db4fa6-53f1-5e0e-896e-81f4f38b31da,relation,"{""dataset_id"":""urn:uuid:6090fc4b-b34d-5cff-8f65-acaa06ddd1fc"",""id"":""urn:uuid:13db4fa6-53f1-5e0e-896e-81f4f38b31da"",""normalized_state"":""validated"",""owner_authority_id"":""urn:uuid:4dea4d1d-09ba-504e-9fcd-83524281ca97"",""owner_native_state"":""exact_evidence"",""payload"":{""concept_relation_inferred"":false,""evidence"":{""assertion_method"":""source_topology"",""confidence"":""exact"",""native_relation_id"":""urn:uuid:36c73f3e-359e-5b80-a247-da1a35240a94"",""source_locator"":""full authority document order""},""from_endpoint"":{""native_id"":""urn:uuid:f770965c-ec0e-591d-93ef-5236a2c54282"",""projected_id"":""urn:uuid:31fa84f6-0db0-5c7a-a050-ef281d7965df""},""relation_type"":""precedes"",""strength"":""hard"",""to_endpoint"":{""native_id"":""urn:uuid:6de6368b-daa0-5d8b-a333-621b4b895de9"",""projected_id"":""urn:uuid:d132fda4-0376-5db7-bf0a-0d00e208a1fe""}},""record_type"":""relation"",""recorded_at"":""2026-08-30T00:00:00Z"",""semantic_key"":""b10:dmoi4:relation:urn:uuid:36c73f3e-359e-5b80-a247-da1a35240a94""}"
urn:uuid:252489a4-868b-5a8d-bae1-e7f29c89c0ba,relation,"{""dataset_id"":""urn:uuid:6090fc4b-b34d-5cff-8f65-acaa06ddd1fc"",""id"":""urn:uuid:252489a4-868b-5a8d-bae1-e7f29c89c0ba"",""normalized_state"":""validated"",""owner_authority_id"":""urn:uuid:4dea4d1d-09ba-504e-9fcd-83524281ca97"",""owner_native_state"":""exact_evidence"",""payload"":{""concept_relation_inferred"":false,""evidence"":{""assertion_method"":""source_topology"",""confidence"":""exact"",""native_relation_id"":""urn:uuid:9fada4dc-2d42-58c4-a500-78e63be812a6"",""source_locator"":""full authority document order""},""from_endpoint"":{""native_id"":""urn:uuid:f915a1a7-a6ca-5bbe-8ed8-f5e82efb9595"",""projected_id"":""urn:uuid:18c8fc56-eccb-542a-aef5-21af80fa752f""},""relation_type"":""precedes"",""strength"":""hard"",""to_endpoint"":{""native_id"":""urn:uuid:4e3218ac-6ff1-56fd-af19-325dd636367a"",""projected_id"":""urn:uuid:4bc321fc-8c52-5153-937a-57aba5fbe9fa""}},""record_type"":""relation"",""recorded_at"":""2026-08-30T00:00:00Z"",""semantic_key"":""b10:dmoi4:relation:urn:uuid:9fada4dc-2d42-58c4-a500-78e63be812a6""}"
urn:uuid:b88c4fd8-723b-5d67-89ed-05b0dbeceac7,relation,"{""dataset_id"":""urn:uuid:6090fc4b-b34d-5cff-8f65-acaa06ddd1fc"",""id"":""urn:uuid:b88c4fd8-723b-5d67-89ed-05b0dbeceac7"",""normalized_state"":""validated"",""owner_authority_id"":""urn:uuid:4dea4d1d-09ba-504e-9fcd-83524281ca97"",""owner_native_state"":""exact_evidence"",""payload"":{""concept_relation_inferred"":false,""evidence"":{""assertion_method"":""source_topology"",""confidence"":""exact"",""native_relation_id"":""urn:uuid:143c9946-7823-524c-9907-46028556f686"",""source_locator"":""full authority document order""},""from_endpoint"":{""native_id"":""urn:uuid:f9a1a2de-c0d9-5fb3-955a-0ebab5459fed"",""projected_id"":""urn:uuid:321a93e1-8c18-59dc-bf34-102b7f6abfee""},""relation_type"":""precedes"",""strength"":""hard"",""to_endpoint"":{""native_id"":""urn:uuid:b9cfe798-1eda-5676-bcb2-35ae152245a0"",""projected_id"":""urn:uuid:0f9c2112-394c-57cc-a92b-cf80d80cdabb""}},""record_type"":""relation"",""recorded_at"":""2026-08-30T00:00:00Z"",""semantic_key"":""b10:dmoi4:relation:urn:uuid:143c9946-7823-524c-9907-46028556f686""}"
urn:uuid:40d57358-a742-5dc9-af49-7c502181d759,relation,"{""dataset_id"":""urn:uuid:6090fc4b-b34d-5cff-8f65-acaa06ddd1fc"",""id"":""urn:uuid:40d57358-a742-5dc9-af49-7c502181d759"",""normalized_state"":""validated"",""owner_authority_id"":""urn:uuid:4dea4d1d-09ba-504e-9fcd-83524281ca97"",""owner_native_state"":""exact_evidence"",""payload"":{""concept_relation_inferred"":false,""evidence"":{""assertion_method"":""source_topology"",""confidence"":""exact"",""native_relation_id"":""urn:uuid:256e13be-d87f-5fcc-aece-e41c374989fb"",""source_locator"":""full authority document order""},""from_endpoint"":{""native_id"":""urn:uuid:fa0b5a48-6a48-5dc9-b270-10bcb7dbf256"",""projected_id"":""urn:uuid:a73c0546-e0dd-5fbf-9747-877ec4c5bc3f""},""relation_type"":""precedes"",""strength"":""hard"",""to_endpoint"":{""native_id"":""urn:uuid:3c330b8c-c9e3-5334-b5b9-e28040b84571"",""projected_id"":""urn:uuid:fe287e6d-365f-5ccb-a5cd-d2af80ac9e12""}},""record_type"":""relation"",""recorded_at"":""2026-08-30T00:00:00Z"",""semantic_key"":""b10:dmoi4:relation:urn:uuid:256e13be-d87f-5fcc-aece-e41c374989fb""}"
urn:uuid:cf44ef80-acf7-54db-98ad-f020382b8041,relation,"{""dataset_id"":""urn:uuid:6090fc4b-b34d-5cff-8f65-acaa06ddd1fc"",""id"":""urn:uuid:cf44ef80-acf7-54db-98ad-f020382b8041"",""normalized_state"":""validated"",""owner_authority_id"":""urn:uuid:4dea4d1d-09ba-504e-9fcd-83524281ca97"",""owner_native_state"":""exact_evidence"",""payload"":{""concept_relation_inferred"":false,""evidence"":{""assertion_method"":""source_topology"",""confidence"":""exact"",""native_relation_id"":""urn:uuid:6aa4d616-bb6d-52e0-a8ba-938380bed86e"",""source_locator"":""full authority document order""},""from_endpoint"":{""native_id"":""urn:uuid:fbd6c617-604f-56b8-8ad2-4eb0c3788400"",""projected_id"":""urn:uuid:84f368f1-2de4-5967-803d-0d82da660a94""},""relation_type"":""precedes"",""strength"":""hard"",""to_endpoint"":{""native_id"":""urn:uuid:9da9f3a0-81ce-561b-b625-1fe204a5212a"",""projected_id"":""urn:uuid:ff7c27a3-526a-5467-8ef3-38b349d0dce6""}},""record_type"":""relation"",""recorded_at"":""2026-08-30T00:00:00Z"",""semantic_key"":""b10:dmoi4:relation:urn:uuid:6aa4d616-bb6d-52e0-a8ba-938380bed86e""}"
urn:uuid:3340e205-92bf-5c24-9a95-251e19e7cb51,relation,"{""dataset_id"":""urn:uuid:6090fc4b-b34d-5cff-8f65-acaa06ddd1fc"",""id"":""urn:uuid:3340e205-92bf-5c24-9a95-251e19e7cb51"",""normalized_state"":""validated"",""owner_authority_id"":""urn:uuid:4dea4d1d-09ba-504e-9fcd-83524281ca97"",""owner_native_state"":""exact_evidence"",""payload"":{""concept_relation_inferred"":false,""evidence"":{""assertion_method"":""source_topology"",""confidence"":""exact"",""native_relation_id"":""urn:uuid:1e2a580d-9f59-5139-8642-cc5072885c81"",""source_locator"":""full authority document order""},""from_endpoint"":{""native_id"":""urn:uuid:fe8fd25e-cfb7-5cf6-aff8-40a84aa8ee21"",""projected_id"":""urn:uuid:a3807c03-68f4-586c-a5d0-2d46f559e865""},""relation_type"":""precedes"",""strength"":""hard"",""to_endpoint"":{""native_id"":""urn:uuid:b0680aba-e863-5693-acb7-2cefd7835884"",""projected_id"":""urn:uuid:e004deeb-7315-52c4-8a44-39f3326af20f""}},""record_type"":""relation"",""recorded_at"":""2026-08-30T00:00:00Z"",""semantic_key"":""b10:dmoi4:relation:urn:uuid:1e2a580d-9f59-5139-8642-cc5072885c81""}"
urn:uuid:824697ae-78b8-56fc-968f-166039283cbc,relation,"{""dataset_id"":""urn:uuid:6090fc4b-b34d-5cff-8f65-acaa06ddd1fc"",""id"":""urn:uuid:824697ae-78b8-56fc-968f-166039283cbc"",""normalized_state"":""validated"",""owner_authority_id"":""urn:uuid:4dea4d1d-09ba-504e-9fcd-83524281ca97"",""owner_native_state"":""exact_evidence"",""payload"":{""concept_relation_inferred"":false,""evidence"":{""central_course_record_id"":""urn:uuid:8937ae38-2a8f-5cb6-b223-b62da2720974"",""central_courses_jsonl_sha256"":""9549b341587898f92960622c5bce788355e08e7b04f5c491c5bd65c2240aaf7f"",""current_a30_course_record_id"":""urn:uuid:def941e5-b60b-59ca-a3c7-1ed71ab3146d"",""current_a30_course_record_sha256"":""c2175d10af5888fca7aa13537835784c22ddb7c469fa94a7389ba799c2983fb0"",""current_a30_v1_course_id"":""urn:uuid:d1133682-6bc8-5b17-911d-47f36299c75d"",""current_b10_course_record_id"":""urn:uuid:8937ae38-2a8f-5cb6-b223-b62da2720974"",""current_b10_course_record_sha256"":""ee77ef5accd27d3557c443f582eeec290edd97dcb31653571600be442d0bf7a3"",""current_b10_v1_course_id"":""urn:uuid:5b7d2a5e-1421-5ac0-b02c-5ae619645272"",""current_central_courses_jsonl_sha256"":""7dee2faef2019e23fe4d3650ee772a23f9120979dae69409672fde3951101351"",""current_prerequisite_binding_state"":""reconfirmed_from_federation_v0.4.4"",""current_prerequisite_course_ids"":[""A30""],""historical_pilot_evidence_preserved"":true,""source_field"":""payload.prerequisite_course_ids""},""from_endpoint"":{""native_id"":""course:B10"",""projected_id"":null},""relation_type"":""requires_course"",""strength"":""hard"",""to_endpoint"":{""native_id"":""course:A30"",""projected_id"":null}},""record_type"":""relation"",""recorded_at"":""2026-08-30T00:00:00Z"",""semantic_key"":""b10:dmoi4:relation:central:requires_course:course:B10:course:A30""}"
