stable_id,record_type,canonical_record_json
urn:uuid:711ff36d-e5dd-568e-be43-0345d23ed687,rights_assignment,"{""dataset_id"":""urn:uuid:6090fc4b-b34d-5cff-8f65-acaa06ddd1fc"",""id"":""urn:uuid:711ff36d-e5dd-568e-be43-0345d23ed687"",""normalized_state"":""published"",""owner_authority_id"":""urn:uuid:4dea4d1d-09ba-504e-9fcd-83524281ca97"",""owner_native_state"":""admitted"",""payload"":{""assignment_state"":""effective"",""inheritance"":""direct_from_pilot_unit"",""rights_id"":""urn:uuid:71eb9923-410e-55f2-8fe6-41dc669a8635"",""target_id"":""urn:uuid:11550bda-ab68-58a2-ba09-1b4804a618bd"",""target_native_id"":""urn:uuid:82d239c3-1cde-57c4-b480-18b23beba54a""},""record_type"":""rights_assignment"",""recorded_at"":""2026-08-30T00:00:00Z"",""semantic_key"":""b10:dmoi4:rights-assignment:urn:uuid:82d239c3-1cde-57c4-b480-18b23beba54a""}"
urn:uuid:30346061-4f5b-503e-8090-034d54817b41,rights_assignment,"{""dataset_id"":""urn:uuid:6090fc4b-b34d-5cff-8f65-acaa06ddd1fc"",""id"":""urn:uuid:30346061-4f5b-503e-8090-034d54817b41"",""normalized_state"":""published"",""owner_authority_id"":""urn:uuid:4dea4d1d-09ba-504e-9fcd-83524281ca97"",""owner_native_state"":""admitted"",""payload"":{""assignment_state"":""effective"",""inheritance"":""direct_from_pilot_unit"",""rights_id"":""urn:uuid:71eb9923-410e-55f2-8fe6-41dc669a8635"",""target_id"":""urn:uuid:84cd5e39-b417-569a-8752-d5cfa138de04"",""target_native_id"":""urn:uuid:a15e9a92-85ff-590c-8ee9-5d7d4ec7e6ba""},""record_type"":""rights_assignment"",""recorded_at"":""2026-08-30T00:00:00Z"",""semantic_key"":""b10:dmoi4:rights-assignment:urn:uuid:a15e9a92-85ff-590c-8ee9-5d7d4ec7e6ba""}"
urn:uuid:1ca67a3e-b768-5f95-8bfe-28a015d789b5,rights_assignment,"{""dataset_id"":""urn:uuid:6090fc4b-b34d-5cff-8f65-acaa06ddd1fc"",""id"":""urn:uuid:1ca67a3e-b768-5f95-8bfe-28a015d789b5"",""normalized_state"":""published"",""owner_authority_id"":""urn:uuid:4dea4d1d-09ba-504e-9fcd-83524281ca97"",""owner_native_state"":""admitted"",""payload"":{""assignment_state"":""effective"",""inheritance"":""direct_from_pilot_unit"",""rights_id"":""urn:uuid:71eb9923-410e-55f2-8fe6-41dc669a8635"",""target_id"":""urn:uuid:766c090b-83b7-5869-9a47-1ec6c69c15a5"",""target_native_id"":""urn:uuid:d5ad10eb-618e-5020-ba8c-9706c0f82d36""},""record_type"":""rights_assignment"",""recorded_at"":""2026-08-30T00:00:00Z"",""semantic_key"":""b10:dmoi4:rights-assignment:urn:uuid:d5ad10eb-618e-5020-ba8c-9706c0f82d36""}"
urn:uuid:c36ad5ba-8c19-5d43-8818-e959e781356a,rights_assignment,"{""dataset_id"":""urn:uuid:6090fc4b-b34d-5cff-8f65-acaa06ddd1fc"",""id"":""urn:uuid:c36ad5ba-8c19-5d43-8818-e959e781356a"",""normalized_state"":""published"",""owner_authority_id"":""urn:uuid:4dea4d1d-09ba-504e-9fcd-83524281ca97"",""owner_native_state"":""admitted"",""payload"":{""assignment_state"":""effective"",""inheritance"":""direct_from_pilot_unit"",""rights_id"":""urn:uuid:71eb9923-410e-55f2-8fe6-41dc669a8635"",""target_id"":""urn:uuid:9051e86f-ccdc-51d1-90de-c7536078b00e"",""target_native_id"":""urn:uuid:efca38ac-b48c-5892-bfab-621754bb213f""},""record_type"":""rights_assignment"",""recorded_at"":""2026-08-30T00:00:00Z"",""semantic_key"":""b10:dmoi4:rights-assignment:urn:uuid:efca38ac-b48c-5892-bfab-621754bb213f""}"
urn:uuid:88d4f5b9-ce91-56f8-9025-04af793dc372,rights_assignment,"{""dataset_id"":""urn:uuid:6090fc4b-b34d-5cff-8f65-acaa06ddd1fc"",""id"":""urn:uuid:88d4f5b9-ce91-56f8-9025-04af793dc372"",""normalized_state"":""published"",""owner_authority_id"":""urn:uuid:4dea4d1d-09ba-504e-9fcd-83524281ca97"",""owner_native_state"":""admitted"",""payload"":{""assignment_state"":""effective"",""inheritance"":""direct_from_pilot_unit"",""rights_id"":""urn:uuid:71eb9923-410e-55f2-8fe6-41dc669a8635"",""target_id"":""urn:uuid:3e2d6337-52e0-5978-8fcd-53b54eb3371c"",""target_native_id"":""urn:uuid:7c5993dd-8b3b-5d7a-aa84-3249241b2902""},""record_type"":""rights_assignment"",""recorded_at"":""2026-08-30T00:00:00Z"",""semantic_key"":""b10:dmoi4:rights-assignment:urn:uuid:7c5993dd-8b3b-5d7a-aa84-3249241b2902""}"
urn:uuid:93bfe4cc-c333-5830-b728-dc9602985cc3,rights_assignment,"{""dataset_id"":""urn:uuid:6090fc4b-b34d-5cff-8f65-acaa06ddd1fc"",""id"":""urn:uuid:93bfe4cc-c333-5830-b728-dc9602985cc3"",""normalized_state"":""published"",""owner_authority_id"":""urn:uuid:4dea4d1d-09ba-504e-9fcd-83524281ca97"",""owner_native_state"":""admitted"",""payload"":{""assignment_state"":""effective"",""inheritance"":""direct_from_pilot_unit"",""rights_id"":""urn:uuid:71eb9923-410e-55f2-8fe6-41dc669a8635"",""target_id"":""urn:uuid:6b2a4f1c-3c35-5bd1-bc52-5765d6f46456"",""target_native_id"":""urn:uuid:efd1261e-76a8-5f4e-97e5-4333fe0a3277""},""record_type"":""rights_assignment"",""recorded_at"":""2026-08-30T00:00:00Z"",""semantic_key"":""b10:dmoi4:rights-assignment:urn:uuid:efd1261e-76a8-5f4e-97e5-4333fe0a3277""}"
urn:uuid:7e4d15bf-bafd-54f5-8997-7ee92ecb9b2a,rights_assignment,"{""dataset_id"":""urn:uuid:6090fc4b-b34d-5cff-8f65-acaa06ddd1fc"",""id"":""urn:uuid:7e4d15bf-bafd-54f5-8997-7ee92ecb9b2a"",""normalized_state"":""published"",""owner_authority_id"":""urn:uuid:4dea4d1d-09ba-504e-9fcd-83524281ca97"",""owner_native_state"":""admitted"",""payload"":{""assignment_state"":""effective"",""inheritance"":""direct_from_pilot_unit"",""rights_id"":""urn:uuid:71eb9923-410e-55f2-8fe6-41dc669a8635"",""target_id"":""urn:uuid:d7bb0097-2569-5d12-a917-79ca08045b39"",""target_native_id"":""urn:uuid:9f48b5ff-4d59-5007-8e41-6772ca2e8596""},""record_type"":""rights_assignment"",""recorded_at"":""2026-08-30T00:00:00Z"",""semantic_key"":""b10:dmoi4:rights-assignment:urn:uuid:9f48b5ff-4d59-5007-8e41-6772ca2e8596""}"
urn:uuid:3c3ef720-854c-5d64-a5ae-44950c436ff0,rights_assignment,"{""dataset_id"":""urn:uuid:6090fc4b-b34d-5cff-8f65-acaa06ddd1fc"",""id"":""urn:uuid:3c3ef720-854c-5d64-a5ae-44950c436ff0"",""normalized_state"":""published"",""owner_authority_id"":""urn:uuid:4dea4d1d-09ba-504e-9fcd-83524281ca97"",""owner_native_state"":""admitted"",""payload"":{""assignment_state"":""effective"",""inheritance"":""direct_from_pilot_unit"",""rights_id"":""urn:uuid:71eb9923-410e-55f2-8fe6-41dc669a8635"",""target_id"":""urn:uuid:b979da6e-1e58-52af-a0be-aef429a0450e"",""target_native_id"":""urn:uuid:c62f81d9-e1b1-5b8f-a1ca-222b980eea84""},""record_type"":""rights_assignment"",""recorded_at"":""2026-08-30T00:00:00Z"",""semantic_key"":""b10:dmoi4:rights-assignment:urn:uuid:c62f81d9-e1b1-5b8f-a1ca-222b980eea84""}"
urn:uuid:4bcc921f-bcb1-5472-ab6d-013b0bab6bdf,rights_assignment,"{""dataset_id"":""urn:uuid:6090fc4b-b34d-5cff-8f65-acaa06ddd1fc"",""id"":""urn:uuid:4bcc921f-bcb1-5472-ab6d-013b0bab6bdf"",""normalized_state"":""published"",""owner_authority_id"":""urn:uuid:4dea4d1d-09ba-504e-9fcd-83524281ca97"",""owner_native_state"":""admitted"",""payload"":{""assignment_state"":""effective"",""inheritance"":""direct_from_pilot_unit"",""rights_id"":""urn:uuid:71eb9923-410e-55f2-8fe6-41dc669a8635"",""target_id"":""urn:uuid:4db66166-83d2-567a-89d6-e549c98bf28a"",""target_native_id"":""urn:uuid:437004b6-9db4-521e-bbdc-443327280397""},""record_type"":""rights_assignment"",""recorded_at"":""2026-08-30T00:00:00Z"",""semantic_key"":""b10:dmoi4:rights-assignment:urn:uuid:437004b6-9db4-521e-bbdc-443327280397""}"
urn:uuid:2a9dd860-c60c-50c0-b9c4-614cb2e242dd,rights_assignment,"{""dataset_id"":""urn:uuid:6090fc4b-b34d-5cff-8f65-acaa06ddd1fc"",""id"":""urn:uuid:2a9dd860-c60c-50c0-b9c4-614cb2e242dd"",""normalized_state"":""published"",""owner_authority_id"":""urn:uuid:4dea4d1d-09ba-504e-9fcd-83524281ca97"",""owner_native_state"":""admitted"",""payload"":{""assignment_state"":""effective"",""inheritance"":""direct_from_pilot_unit"",""rights_id"":""urn:uuid:71eb9923-410e-55f2-8fe6-41dc669a8635"",""target_id"":""urn:uuid:299f0824-e5f1-5371-b8b9-ae1c3d2c9efa"",""target_native_id"":""urn:uuid:20050fc6-9223-5ecb-8b25-c4d3241193f7""},""record_type"":""rights_assignment"",""recorded_at"":""2026-08-30T00:00:00Z"",""semantic_key"":""b10:dmoi4:rights-assignment:urn:uuid:20050fc6-9223-5ecb-8b25-c4d3241193f7""}"
urn:uuid:945a2768-872a-52ef-8653-523b807366d5,rights_assignment,"{""dataset_id"":""urn:uuid:6090fc4b-b34d-5cff-8f65-acaa06ddd1fc"",""id"":""urn:uuid:945a2768-872a-52ef-8653-523b807366d5"",""normalized_state"":""published"",""owner_authority_id"":""urn:uuid:4dea4d1d-09ba-504e-9fcd-83524281ca97"",""owner_native_state"":""admitted"",""payload"":{""assignment_state"":""effective"",""inheritance"":""direct_from_pilot_unit"",""rights_id"":""urn:uuid:71eb9923-410e-55f2-8fe6-41dc669a8635"",""target_id"":""urn:uuid:f9f985ef-4ade-58cd-8508-84ebd4099b68"",""target_native_id"":""urn:uuid:ce1ad081-835f-5198-92b4-22c6e8b1c25b""},""record_type"":""rights_assignment"",""recorded_at"":""2026-08-30T00:00:00Z"",""semantic_key"":""b10:dmoi4:rights-assignment:urn:uuid:ce1ad081-835f-5198-92b4-22c6e8b1c25b""}"
urn:uuid:9d215fc7-cb31-5c01-a073-84ed3f3935ae,rights_assignment,"{""dataset_id"":""urn:uuid:6090fc4b-b34d-5cff-8f65-acaa06ddd1fc"",""id"":""urn:uuid:9d215fc7-cb31-5c01-a073-84ed3f3935ae"",""normalized_state"":""published"",""owner_authority_id"":""urn:uuid:4dea4d1d-09ba-504e-9fcd-83524281ca97"",""owner_native_state"":""admitted"",""payload"":{""assignment_state"":""effective"",""inheritance"":""direct_from_pilot_unit"",""rights_id"":""urn:uuid:71eb9923-410e-55f2-8fe6-41dc669a8635"",""target_id"":""urn:uuid:8cc6bdb5-98aa-5c1e-b187-b04733a0c205"",""target_native_id"":""urn:uuid:dcc8a1b1-baec-5ebb-ace0-b05ac0b0dbb3""},""record_type"":""rights_assignment"",""recorded_at"":""2026-08-30T00:00:00Z"",""semantic_key"":""b10:dmoi4:rights-assignment:urn:uuid:dcc8a1b1-baec-5ebb-ace0-b05ac0b0dbb3""}"
urn:uuid:2f3af48a-b27c-5679-8729-823f9cfbb87d,rights_assignment,"{""dataset_id"":""urn:uuid:6090fc4b-b34d-5cff-8f65-acaa06ddd1fc"",""id"":""urn:uuid:2f3af48a-b27c-5679-8729-823f9cfbb87d"",""normalized_state"":""published"",""owner_authority_id"":""urn:uuid:4dea4d1d-09ba-504e-9fcd-83524281ca97"",""owner_native_state"":""admitted"",""payload"":{""assignment_state"":""effective"",""inheritance"":""direct_from_pilot_unit"",""rights_id"":""urn:uuid:71eb9923-410e-55f2-8fe6-41dc669a8635"",""target_id"":""urn:uuid:c3756ea1-fba4-5de4-88f5-2b9a431cb4b3"",""target_native_id"":""urn:uuid:d267e9b0-4f2c-59d8-be2f-fea5a4ef7e93""},""record_type"":""rights_assignment"",""recorded_at"":""2026-08-30T00:00:00Z"",""semantic_key"":""b10:dmoi4:rights-assignment:urn:uuid:d267e9b0-4f2c-59d8-be2f-fea5a4ef7e93""}"
urn:uuid:365848ee-9b37-565c-8b8c-7f0ef0671645,rights_assignment,"{""dataset_id"":""urn:uuid:6090fc4b-b34d-5cff-8f65-acaa06ddd1fc"",""id"":""urn:uuid:365848ee-9b37-565c-8b8c-7f0ef0671645"",""normalized_state"":""published"",""owner_authority_id"":""urn:uuid:4dea4d1d-09ba-504e-9fcd-83524281ca97"",""owner_native_state"":""admitted"",""payload"":{""assignment_state"":""effective"",""inheritance"":""direct_from_pilot_unit"",""rights_id"":""urn:uuid:71eb9923-410e-55f2-8fe6-41dc669a8635"",""target_id"":""urn:uuid:8729e8a5-9bfa-5a59-af37-a9ccdec0611c"",""target_native_id"":""urn:uuid:1ce5d3c9-15e3-5454-9647-fb4816ced777""},""record_type"":""rights_assignment"",""recorded_at"":""2026-08-30T00:00:00Z"",""semantic_key"":""b10:dmoi4:rights-assignment:urn:uuid:1ce5d3c9-15e3-5454-9647-fb4816ced777""}"
urn:uuid:e9a781fd-5636-5139-afb5-11d4fb511db4,rights_assignment,"{""dataset_id"":""urn:uuid:6090fc4b-b34d-5cff-8f65-acaa06ddd1fc"",""id"":""urn:uuid:e9a781fd-5636-5139-afb5-11d4fb511db4"",""normalized_state"":""published"",""owner_authority_id"":""urn:uuid:4dea4d1d-09ba-504e-9fcd-83524281ca97"",""owner_native_state"":""admitted"",""payload"":{""assignment_state"":""effective"",""inheritance"":""direct_from_pilot_unit"",""rights_id"":""urn:uuid:71eb9923-410e-55f2-8fe6-41dc669a8635"",""target_id"":""urn:uuid:31b8e990-3f1b-5b8e-ac4c-9b25742a7baa"",""target_native_id"":""urn:uuid:4ebee82f-1c11-5a7d-bc0b-36c9bda66ced""},""record_type"":""rights_assignment"",""recorded_at"":""2026-08-30T00:00:00Z"",""semantic_key"":""b10:dmoi4:rights-assignment:urn:uuid:4ebee82f-1c11-5a7d-bc0b-36c9bda66ced""}"
urn:uuid:9e7b9632-b1d0-5887-b31a-3062466553e1,rights_assignment,"{""dataset_id"":""urn:uuid:6090fc4b-b34d-5cff-8f65-acaa06ddd1fc"",""id"":""urn:uuid:9e7b9632-b1d0-5887-b31a-3062466553e1"",""normalized_state"":""published"",""owner_authority_id"":""urn:uuid:4dea4d1d-09ba-504e-9fcd-83524281ca97"",""owner_native_state"":""admitted"",""payload"":{""assignment_state"":""effective"",""inheritance"":""direct_from_pilot_unit"",""rights_id"":""urn:uuid:71eb9923-410e-55f2-8fe6-41dc669a8635"",""target_id"":""urn:uuid:312e4a06-dc22-5bfd-b100-b7536c280fc7"",""target_native_id"":""urn:uuid:534cf573-b62a-58c4-9b9b-cf06e171c88e""},""record_type"":""rights_assignment"",""recorded_at"":""2026-08-30T00:00:00Z"",""semantic_key"":""b10:dmoi4:rights-assignment:urn:uuid:534cf573-b62a-58c4-9b9b-cf06e171c88e""}"
urn:uuid:2e4e416c-6342-5b2f-b0c4-f4e05ef44146,rights_assignment,"{""dataset_id"":""urn:uuid:6090fc4b-b34d-5cff-8f65-acaa06ddd1fc"",""id"":""urn:uuid:2e4e416c-6342-5b2f-b0c4-f4e05ef44146"",""normalized_state"":""published"",""owner_authority_id"":""urn:uuid:4dea4d1d-09ba-504e-9fcd-83524281ca97"",""owner_native_state"":""admitted"",""payload"":{""assignment_state"":""effective"",""inheritance"":""direct_from_pilot_unit"",""rights_id"":""urn:uuid:71eb9923-410e-55f2-8fe6-41dc669a8635"",""target_id"":""urn:uuid:73354fe7-5dd9-56b2-9548-ea98cebcabe7"",""target_native_id"":""urn:uuid:9755415d-7e8e-58bd-b71a-627f7787e534""},""record_type"":""rights_assignment"",""recorded_at"":""2026-08-30T00:00:00Z"",""semantic_key"":""b10:dmoi4:rights-assignment:urn:uuid:9755415d-7e8e-58bd-b71a-627f7787e534""}"
urn:uuid:9fae107a-c3f8-5aa2-b699-95b0ec51b8b3,rights_assignment,"{""dataset_id"":""urn:uuid:6090fc4b-b34d-5cff-8f65-acaa06ddd1fc"",""id"":""urn:uuid:9fae107a-c3f8-5aa2-b699-95b0ec51b8b3"",""normalized_state"":""published"",""owner_authority_id"":""urn:uuid:4dea4d1d-09ba-504e-9fcd-83524281ca97"",""owner_native_state"":""admitted"",""payload"":{""assignment_state"":""effective"",""inheritance"":""direct_from_pilot_unit"",""rights_id"":""urn:uuid:71eb9923-410e-55f2-8fe6-41dc669a8635"",""target_id"":""urn:uuid:f4d28aef-e9ba-5929-93ab-9e56bbeb4845"",""target_native_id"":""urn:uuid:477b71fa-a708-54ca-aa0a-a022e9107e4f""},""record_type"":""rights_assignment"",""recorded_at"":""2026-08-30T00:00:00Z"",""semantic_key"":""b10:dmoi4:rights-assignment:urn:uuid:477b71fa-a708-54ca-aa0a-a022e9107e4f""}"
urn:uuid:3674e6ea-a553-5b17-aec4-186a06fcb3e1,rights_assignment,"{""dataset_id"":""urn:uuid:6090fc4b-b34d-5cff-8f65-acaa06ddd1fc"",""id"":""urn:uuid:3674e6ea-a553-5b17-aec4-186a06fcb3e1"",""normalized_state"":""published"",""owner_authority_id"":""urn:uuid:4dea4d1d-09ba-504e-9fcd-83524281ca97"",""owner_native_state"":""admitted"",""payload"":{""assignment_state"":""effective"",""inheritance"":""direct_from_pilot_unit"",""rights_id"":""urn:uuid:71eb9923-410e-55f2-8fe6-41dc669a8635"",""target_id"":""urn:uuid:da5a6067-9036-5183-8fab-01a6a429bfa5"",""target_native_id"":""urn:uuid:1e2aa05b-49df-5806-b999-c8cd2ae9252d""},""record_type"":""rights_assignment"",""recorded_at"":""2026-08-30T00:00:00Z"",""semantic_key"":""b10:dmoi4:rights-assignment:urn:uuid:1e2aa05b-49df-5806-b999-c8cd2ae9252d""}"
urn:uuid:9bd3adb0-a50e-5f87-8af7-2631d8b81fdd,rights_assignment,"{""dataset_id"":""urn:uuid:6090fc4b-b34d-5cff-8f65-acaa06ddd1fc"",""id"":""urn:uuid:9bd3adb0-a50e-5f87-8af7-2631d8b81fdd"",""normalized_state"":""published"",""owner_authority_id"":""urn:uuid:4dea4d1d-09ba-504e-9fcd-83524281ca97"",""owner_native_state"":""admitted"",""payload"":{""assignment_state"":""effective"",""inheritance"":""direct_from_pilot_unit"",""rights_id"":""urn:uuid:71eb9923-410e-55f2-8fe6-41dc669a8635"",""target_id"":""urn:uuid:bac3b8c4-fa61-5975-af6c-dec43c9a9946"",""target_native_id"":""urn:uuid:c4fb9c9e-e59b-5a7d-a14e-0dac93dccad2""},""record_type"":""rights_assignment"",""recorded_at"":""2026-08-30T00:00:00Z"",""semantic_key"":""b10:dmoi4:rights-assignment:urn:uuid:c4fb9c9e-e59b-5a7d-a14e-0dac93dccad2""}"
urn:uuid:f4bcce74-b11c-52dd-8ff6-dfcef0ad7e27,rights_assignment,"{""dataset_id"":""urn:uuid:6090fc4b-b34d-5cff-8f65-acaa06ddd1fc"",""id"":""urn:uuid:f4bcce74-b11c-52dd-8ff6-dfcef0ad7e27"",""normalized_state"":""published"",""owner_authority_id"":""urn:uuid:4dea4d1d-09ba-504e-9fcd-83524281ca97"",""owner_native_state"":""admitted"",""payload"":{""assignment_state"":""effective"",""inheritance"":""direct_from_pilot_unit"",""rights_id"":""urn:uuid:71eb9923-410e-55f2-8fe6-41dc669a8635"",""target_id"":""urn:uuid:9f397d4d-f919-53af-9ee7-14d6ed96a5b1"",""target_native_id"":""urn:uuid:75565ac0-0188-5e97-9b71-0fe965d8f204""},""record_type"":""rights_assignment"",""recorded_at"":""2026-08-30T00:00:00Z"",""semantic_key"":""b10:dmoi4:rights-assignment:urn:uuid:75565ac0-0188-5e97-9b71-0fe965d8f204""}"
urn:uuid:77508f6b-c1ca-5cba-95e1-0706b8c9da87,rights_assignment,"{""dataset_id"":""urn:uuid:6090fc4b-b34d-5cff-8f65-acaa06ddd1fc"",""id"":""urn:uuid:77508f6b-c1ca-5cba-95e1-0706b8c9da87"",""normalized_state"":""published"",""owner_authority_id"":""urn:uuid:4dea4d1d-09ba-504e-9fcd-83524281ca97"",""owner_native_state"":""admitted"",""payload"":{""assignment_state"":""effective"",""inheritance"":""direct_from_pilot_unit"",""rights_id"":""urn:uuid:71eb9923-410e-55f2-8fe6-41dc669a8635"",""target_id"":""urn:uuid:5996e8aa-17f7-597c-96ca-ba3e878f62b2"",""target_native_id"":""urn:uuid:a59fa894-43a4-5162-a043-1d683bc7e52e""},""record_type"":""rights_assignment"",""recorded_at"":""2026-08-30T00:00:00Z"",""semantic_key"":""b10:dmoi4:rights-assignment:urn:uuid:a59fa894-43a4-5162-a043-1d683bc7e52e""}"
urn:uuid:b3677527-8e4b-5bde-ab3f-d11d41f84119,rights_assignment,"{""dataset_id"":""urn:uuid:6090fc4b-b34d-5cff-8f65-acaa06ddd1fc"",""id"":""urn:uuid:b3677527-8e4b-5bde-ab3f-d11d41f84119"",""normalized_state"":""published"",""owner_authority_id"":""urn:uuid:4dea4d1d-09ba-504e-9fcd-83524281ca97"",""owner_native_state"":""admitted"",""payload"":{""assignment_state"":""effective"",""inheritance"":""direct_from_pilot_unit"",""rights_id"":""urn:uuid:71eb9923-410e-55f2-8fe6-41dc669a8635"",""target_id"":""urn:uuid:5f8d9d1b-bc2e-59ce-b1e3-5baf65adda90"",""target_native_id"":""urn:uuid:ee5e6c65-fb1e-505e-850a-fc1c241c0555""},""record_type"":""rights_assignment"",""recorded_at"":""2026-08-30T00:00:00Z"",""semantic_key"":""b10:dmoi4:rights-assignment:urn:uuid:ee5e6c65-fb1e-505e-850a-fc1c241c0555""}"
urn:uuid:0025903b-e0f5-5251-b93c-08c28b02ab7f,rights_assignment,"{""dataset_id"":""urn:uuid:6090fc4b-b34d-5cff-8f65-acaa06ddd1fc"",""id"":""urn:uuid:0025903b-e0f5-5251-b93c-08c28b02ab7f"",""normalized_state"":""published"",""owner_authority_id"":""urn:uuid:4dea4d1d-09ba-504e-9fcd-83524281ca97"",""owner_native_state"":""admitted"",""payload"":{""assignment_state"":""effective"",""inheritance"":""direct_from_pilot_unit"",""rights_id"":""urn:uuid:71eb9923-410e-55f2-8fe6-41dc669a8635"",""target_id"":""urn:uuid:381a8881-37e6-524c-a408-553697603f3c"",""target_native_id"":""urn:uuid:1097d4b3-80a2-5df0-84f7-e3b1ab75e4be""},""record_type"":""rights_assignment"",""recorded_at"":""2026-08-30T00:00:00Z"",""semantic_key"":""b10:dmoi4:rights-assignment:urn:uuid:1097d4b3-80a2-5df0-84f7-e3b1ab75e4be""}"
urn:uuid:fc48d88a-63bb-57ab-b0ad-e7bbacc554e4,rights_assignment,"{""dataset_id"":""urn:uuid:6090fc4b-b34d-5cff-8f65-acaa06ddd1fc"",""id"":""urn:uuid:fc48d88a-63bb-57ab-b0ad-e7bbacc554e4"",""normalized_state"":""published"",""owner_authority_id"":""urn:uuid:4dea4d1d-09ba-504e-9fcd-83524281ca97"",""owner_native_state"":""admitted"",""payload"":{""assignment_state"":""effective"",""inheritance"":""direct_from_pilot_unit"",""rights_id"":""urn:uuid:71eb9923-410e-55f2-8fe6-41dc669a8635"",""target_id"":""urn:uuid:13df02c2-6879-50f3-9437-c523619594ae"",""target_native_id"":""urn:uuid:678d2c32-d7bd-5cb3-a2c1-24e1748a821d""},""record_type"":""rights_assignment"",""recorded_at"":""2026-08-30T00:00:00Z"",""semantic_key"":""b10:dmoi4:rights-assignment:urn:uuid:678d2c32-d7bd-5cb3-a2c1-24e1748a821d""}"
urn:uuid:812354f9-a22b-5441-8888-cc13648ba384,rights_assignment,"{""dataset_id"":""urn:uuid:6090fc4b-b34d-5cff-8f65-acaa06ddd1fc"",""id"":""urn:uuid:812354f9-a22b-5441-8888-cc13648ba384"",""normalized_state"":""published"",""owner_authority_id"":""urn:uuid:4dea4d1d-09ba-504e-9fcd-83524281ca97"",""owner_native_state"":""admitted"",""payload"":{""assignment_state"":""effective"",""inheritance"":""direct_from_pilot_unit"",""rights_id"":""urn:uuid:71eb9923-410e-55f2-8fe6-41dc669a8635"",""target_id"":""urn:uuid:fcbaa9a2-807c-5893-979b-cca4c7bfe544"",""target_native_id"":""urn:uuid:d0604aed-7823-5452-98e4-c842363ae352""},""record_type"":""rights_assignment"",""recorded_at"":""2026-08-30T00:00:00Z"",""semantic_key"":""b10:dmoi4:rights-assignment:urn:uuid:d0604aed-7823-5452-98e4-c842363ae352""}"
urn:uuid:6705a45c-7aec-5a9d-a4dd-349f2f6215de,rights_assignment,"{""dataset_id"":""urn:uuid:6090fc4b-b34d-5cff-8f65-acaa06ddd1fc"",""id"":""urn:uuid:6705a45c-7aec-5a9d-a4dd-349f2f6215de"",""normalized_state"":""published"",""owner_authority_id"":""urn:uuid:4dea4d1d-09ba-504e-9fcd-83524281ca97"",""owner_native_state"":""admitted"",""payload"":{""assignment_state"":""effective"",""inheritance"":""direct_from_pilot_unit"",""rights_id"":""urn:uuid:71eb9923-410e-55f2-8fe6-41dc669a8635"",""target_id"":""urn:uuid:282b6624-d3b7-57a1-9f1f-b1f2af380af2"",""target_native_id"":""urn:uuid:897c18f0-2375-5d3e-9e58-2ee2770232de""},""record_type"":""rights_assignment"",""recorded_at"":""2026-08-30T00:00:00Z"",""semantic_key"":""b10:dmoi4:rights-assignment:urn:uuid:897c18f0-2375-5d3e-9e58-2ee2770232de""}"
urn:uuid:2b29873e-e999-53e2-9015-d9e32b086ee7,rights_assignment,"{""dataset_id"":""urn:uuid:6090fc4b-b34d-5cff-8f65-acaa06ddd1fc"",""id"":""urn:uuid:2b29873e-e999-53e2-9015-d9e32b086ee7"",""normalized_state"":""published"",""owner_authority_id"":""urn:uuid:4dea4d1d-09ba-504e-9fcd-83524281ca97"",""owner_native_state"":""admitted"",""payload"":{""assignment_state"":""effective"",""inheritance"":""direct_from_pilot_unit"",""rights_id"":""urn:uuid:71eb9923-410e-55f2-8fe6-41dc669a8635"",""target_id"":""urn:uuid:16cf28e8-8094-5c2e-8016-9a823e5af94d"",""target_native_id"":""urn:uuid:7b2c9539-0140-52a8-b334-26ee7e47fd38""},""record_type"":""rights_assignment"",""recorded_at"":""2026-08-30T00:00:00Z"",""semantic_key"":""b10:dmoi4:rights-assignment:urn:uuid:7b2c9539-0140-52a8-b334-26ee7e47fd38""}"
urn:uuid:659f73a6-400f-5efc-ad05-45ac47639db9,rights_assignment,"{""dataset_id"":""urn:uuid:6090fc4b-b34d-5cff-8f65-acaa06ddd1fc"",""id"":""urn:uuid:659f73a6-400f-5efc-ad05-45ac47639db9"",""normalized_state"":""published"",""owner_authority_id"":""urn:uuid:4dea4d1d-09ba-504e-9fcd-83524281ca97"",""owner_native_state"":""admitted"",""payload"":{""assignment_state"":""effective"",""inheritance"":""direct_from_pilot_unit"",""rights_id"":""urn:uuid:71eb9923-410e-55f2-8fe6-41dc669a8635"",""target_id"":""urn:uuid:33285309-8b39-5c88-b3a4-74dc75709e3a"",""target_native_id"":""urn:uuid:35ae3025-0fa1-5aa4-bb83-1bc712d9752e""},""record_type"":""rights_assignment"",""recorded_at"":""2026-08-30T00:00:00Z"",""semantic_key"":""b10:dmoi4:rights-assignment:urn:uuid:35ae3025-0fa1-5aa4-bb83-1bc712d9752e""}"
urn:uuid:4100a044-ce78-5cc5-9d8d-3a0a9af6a0db,rights_assignment,"{""dataset_id"":""urn:uuid:6090fc4b-b34d-5cff-8f65-acaa06ddd1fc"",""id"":""urn:uuid:4100a044-ce78-5cc5-9d8d-3a0a9af6a0db"",""normalized_state"":""published"",""owner_authority_id"":""urn:uuid:4dea4d1d-09ba-504e-9fcd-83524281ca97"",""owner_native_state"":""admitted"",""payload"":{""assignment_state"":""effective"",""inheritance"":""direct_from_pilot_unit"",""rights_id"":""urn:uuid:71eb9923-410e-55f2-8fe6-41dc669a8635"",""target_id"":""urn:uuid:96cb5fa7-fba1-53de-944e-4848780f72b9"",""target_native_id"":""urn:uuid:920170b3-2d61-5507-83a9-689cd2210a3a""},""record_type"":""rights_assignment"",""recorded_at"":""2026-08-30T00:00:00Z"",""semantic_key"":""b10:dmoi4:rights-assignment:urn:uuid:920170b3-2d61-5507-83a9-689cd2210a3a""}"
urn:uuid:c07ff5b8-500b-57ef-8ad3-a398c23eebad,rights_assignment,"{""dataset_id"":""urn:uuid:6090fc4b-b34d-5cff-8f65-acaa06ddd1fc"",""id"":""urn:uuid:c07ff5b8-500b-57ef-8ad3-a398c23eebad"",""normalized_state"":""published"",""owner_authority_id"":""urn:uuid:4dea4d1d-09ba-504e-9fcd-83524281ca97"",""owner_native_state"":""admitted"",""payload"":{""assignment_state"":""effective"",""inheritance"":""direct_from_pilot_unit"",""rights_id"":""urn:uuid:71eb9923-410e-55f2-8fe6-41dc669a8635"",""target_id"":""urn:uuid:5bc38ae9-c8a3-5778-8281-cb1fd27a1aa8"",""target_native_id"":""urn:uuid:4b83ce11-a05c-5287-a950-64bfa3304e93""},""record_type"":""rights_assignment"",""recorded_at"":""2026-08-30T00:00:00Z"",""semantic_key"":""b10:dmoi4:rights-assignment:urn:uuid:4b83ce11-a05c-5287-a950-64bfa3304e93""}"
urn:uuid:04fa9c41-8076-5412-8357-2d6357b6d778,rights_assignment,"{""dataset_id"":""urn:uuid:6090fc4b-b34d-5cff-8f65-acaa06ddd1fc"",""id"":""urn:uuid:04fa9c41-8076-5412-8357-2d6357b6d778"",""normalized_state"":""published"",""owner_authority_id"":""urn:uuid:4dea4d1d-09ba-504e-9fcd-83524281ca97"",""owner_native_state"":""admitted"",""payload"":{""assignment_state"":""effective"",""inheritance"":""direct_from_pilot_unit"",""rights_id"":""urn:uuid:71eb9923-410e-55f2-8fe6-41dc669a8635"",""target_id"":""urn:uuid:b6b05022-6e65-59e7-a9b7-73b679c98d56"",""target_native_id"":""urn:uuid:9974619c-b6d2-5419-bb7d-bd90a199a8a4""},""record_type"":""rights_assignment"",""recorded_at"":""2026-08-30T00:00:00Z"",""semantic_key"":""b10:dmoi4:rights-assignment:urn:uuid:9974619c-b6d2-5419-bb7d-bd90a199a8a4""}"
urn:uuid:7a8505ab-0e50-505f-a0b0-5a889dd9b40f,rights_assignment,"{""dataset_id"":""urn:uuid:6090fc4b-b34d-5cff-8f65-acaa06ddd1fc"",""id"":""urn:uuid:7a8505ab-0e50-505f-a0b0-5a889dd9b40f"",""normalized_state"":""published"",""owner_authority_id"":""urn:uuid:4dea4d1d-09ba-504e-9fcd-83524281ca97"",""owner_native_state"":""admitted"",""payload"":{""assignment_state"":""effective"",""inheritance"":""direct_from_pilot_unit"",""rights_id"":""urn:uuid:71eb9923-410e-55f2-8fe6-41dc669a8635"",""target_id"":""urn:uuid:a73c0546-e0dd-5fbf-9747-877ec4c5bc3f"",""target_native_id"":""urn:uuid:fa0b5a48-6a48-5dc9-b270-10bcb7dbf256""},""record_type"":""rights_assignment"",""recorded_at"":""2026-08-30T00:00:00Z"",""semantic_key"":""b10:dmoi4:rights-assignment:urn:uuid:fa0b5a48-6a48-5dc9-b270-10bcb7dbf256""}"
urn:uuid:2d40d424-a22a-59a9-be76-325446de5f18,rights_assignment,"{""dataset_id"":""urn:uuid:6090fc4b-b34d-5cff-8f65-acaa06ddd1fc"",""id"":""urn:uuid:2d40d424-a22a-59a9-be76-325446de5f18"",""normalized_state"":""published"",""owner_authority_id"":""urn:uuid:4dea4d1d-09ba-504e-9fcd-83524281ca97"",""owner_native_state"":""admitted"",""payload"":{""assignment_state"":""effective"",""inheritance"":""direct_from_pilot_unit"",""rights_id"":""urn:uuid:71eb9923-410e-55f2-8fe6-41dc669a8635"",""target_id"":""urn:uuid:b75410d4-fc89-5ace-a242-fc9d9cd8a7fc"",""target_native_id"":""urn:uuid:e2627f47-135c-5211-9a22-2bdca7715bcc""},""record_type"":""rights_assignment"",""recorded_at"":""2026-08-30T00:00:00Z"",""semantic_key"":""b10:dmoi4:rights-assignment:urn:uuid:e2627f47-135c-5211-9a22-2bdca7715bcc""}"
urn:uuid:28fcff02-ba1a-56ce-be24-953940928210,rights_assignment,"{""dataset_id"":""urn:uuid:6090fc4b-b34d-5cff-8f65-acaa06ddd1fc"",""id"":""urn:uuid:28fcff02-ba1a-56ce-be24-953940928210"",""normalized_state"":""published"",""owner_authority_id"":""urn:uuid:4dea4d1d-09ba-504e-9fcd-83524281ca97"",""owner_native_state"":""admitted"",""payload"":{""assignment_state"":""effective"",""inheritance"":""direct_from_pilot_unit"",""rights_id"":""urn:uuid:71eb9923-410e-55f2-8fe6-41dc669a8635"",""target_id"":""urn:uuid:60ff9de9-dbcc-5ddf-a860-24b17006ff3e"",""target_native_id"":""urn:uuid:a4356481-670a-5206-aba7-293c7f3044c0""},""record_type"":""rights_assignment"",""recorded_at"":""2026-08-30T00:00:00Z"",""semantic_key"":""b10:dmoi4:rights-assignment:urn:uuid:a4356481-670a-5206-aba7-293c7f3044c0""}"
urn:uuid:0e85fd90-ee2e-51d3-a758-a782ab536cf1,rights_assignment,"{""dataset_id"":""urn:uuid:6090fc4b-b34d-5cff-8f65-acaa06ddd1fc"",""id"":""urn:uuid:0e85fd90-ee2e-51d3-a758-a782ab536cf1"",""normalized_state"":""published"",""owner_authority_id"":""urn:uuid:4dea4d1d-09ba-504e-9fcd-83524281ca97"",""owner_native_state"":""admitted"",""payload"":{""assignment_state"":""effective"",""inheritance"":""direct_from_pilot_unit"",""rights_id"":""urn:uuid:71eb9923-410e-55f2-8fe6-41dc669a8635"",""target_id"":""urn:uuid:2efe3365-50a0-5284-840f-9b7e4584ce05"",""target_native_id"":""urn:uuid:d2e3679c-fc7b-554f-b04c-53341acb188c""},""record_type"":""rights_assignment"",""recorded_at"":""2026-08-30T00:00:00Z"",""semantic_key"":""b10:dmoi4:rights-assignment:urn:uuid:d2e3679c-fc7b-554f-b04c-53341acb188c""}"
urn:uuid:00533bc5-320e-59b5-a582-b6414f74cbfe,rights_assignment,"{""dataset_id"":""urn:uuid:6090fc4b-b34d-5cff-8f65-acaa06ddd1fc"",""id"":""urn:uuid:00533bc5-320e-59b5-a582-b6414f74cbfe"",""normalized_state"":""published"",""owner_authority_id"":""urn:uuid:4dea4d1d-09ba-504e-9fcd-83524281ca97"",""owner_native_state"":""admitted"",""payload"":{""assignment_state"":""effective"",""inheritance"":""direct_from_pilot_unit"",""rights_id"":""urn:uuid:71eb9923-410e-55f2-8fe6-41dc669a8635"",""target_id"":""urn:uuid:c22f57f1-b735-5c72-a8e0-a006fe0d5b1b"",""target_native_id"":""urn:uuid:aae7e05c-4fd6-5c32-9668-98af89fa0b2c""},""record_type"":""rights_assignment"",""recorded_at"":""2026-08-30T00:00:00Z"",""semantic_key"":""b10:dmoi4:rights-assignment:urn:uuid:aae7e05c-4fd6-5c32-9668-98af89fa0b2c""}"
urn:uuid:66a25404-448e-5ff6-88d6-f8af1f6e83b0,rights_assignment,"{""dataset_id"":""urn:uuid:6090fc4b-b34d-5cff-8f65-acaa06ddd1fc"",""id"":""urn:uuid:66a25404-448e-5ff6-88d6-f8af1f6e83b0"",""normalized_state"":""published"",""owner_authority_id"":""urn:uuid:4dea4d1d-09ba-504e-9fcd-83524281ca97"",""owner_native_state"":""admitted"",""payload"":{""assignment_state"":""effective"",""inheritance"":""direct_from_pilot_unit"",""rights_id"":""urn:uuid:71eb9923-410e-55f2-8fe6-41dc669a8635"",""target_id"":""urn:uuid:2fb2f571-f9c3-5f87-996c-077e008a4d46"",""target_native_id"":""urn:uuid:029cd6c2-c951-5bf6-affc-00e61ba4d416""},""record_type"":""rights_assignment"",""recorded_at"":""2026-08-30T00:00:00Z"",""semantic_key"":""b10:dmoi4:rights-assignment:urn:uuid:029cd6c2-c951-5bf6-affc-00e61ba4d416""}"
urn:uuid:eceab0a3-f2bd-5470-8327-0f9c940f71fc,rights_assignment,"{""dataset_id"":""urn:uuid:6090fc4b-b34d-5cff-8f65-acaa06ddd1fc"",""id"":""urn:uuid:eceab0a3-f2bd-5470-8327-0f9c940f71fc"",""normalized_state"":""published"",""owner_authority_id"":""urn:uuid:4dea4d1d-09ba-504e-9fcd-83524281ca97"",""owner_native_state"":""admitted"",""payload"":{""assignment_state"":""effective"",""inheritance"":""direct_from_pilot_unit"",""rights_id"":""urn:uuid:71eb9923-410e-55f2-8fe6-41dc669a8635"",""target_id"":""urn:uuid:fe287e6d-365f-5ccb-a5cd-d2af80ac9e12"",""target_native_id"":""urn:uuid:3c330b8c-c9e3-5334-b5b9-e28040b84571""},""record_type"":""rights_assignment"",""recorded_at"":""2026-08-30T00:00:00Z"",""semantic_key"":""b10:dmoi4:rights-assignment:urn:uuid:3c330b8c-c9e3-5334-b5b9-e28040b84571""}"
urn:uuid:e05ce747-6faa-5c0f-b183-e3db289977fb,rights_assignment,"{""dataset_id"":""urn:uuid:6090fc4b-b34d-5cff-8f65-acaa06ddd1fc"",""id"":""urn:uuid:e05ce747-6faa-5c0f-b183-e3db289977fb"",""normalized_state"":""published"",""owner_authority_id"":""urn:uuid:4dea4d1d-09ba-504e-9fcd-83524281ca97"",""owner_native_state"":""admitted"",""payload"":{""assignment_state"":""effective"",""inheritance"":""direct_from_pilot_unit"",""rights_id"":""urn:uuid:71eb9923-410e-55f2-8fe6-41dc669a8635"",""target_id"":""urn:uuid:5993bcde-78e7-5b3d-afb0-a82900e6001b"",""target_native_id"":""urn:uuid:8fec6502-3006-5814-8945-4f78aa6b357e""},""record_type"":""rights_assignment"",""recorded_at"":""2026-08-30T00:00:00Z"",""semantic_key"":""b10:dmoi4:rights-assignment:urn:uuid:8fec6502-3006-5814-8945-4f78aa6b357e""}"
urn:uuid:56329c20-0b03-5e6b-b6d1-5b0576796974,rights_assignment,"{""dataset_id"":""urn:uuid:6090fc4b-b34d-5cff-8f65-acaa06ddd1fc"",""id"":""urn:uuid:56329c20-0b03-5e6b-b6d1-5b0576796974"",""normalized_state"":""published"",""owner_authority_id"":""urn:uuid:4dea4d1d-09ba-504e-9fcd-83524281ca97"",""owner_native_state"":""admitted"",""payload"":{""assignment_state"":""effective"",""inheritance"":""direct_from_pilot_unit"",""rights_id"":""urn:uuid:71eb9923-410e-55f2-8fe6-41dc669a8635"",""target_id"":""urn:uuid:a3df6f90-069b-5cb0-9507-ee3a71128db8"",""target_native_id"":""urn:uuid:d699676f-28f3-5930-81f2-4927bae3973f""},""record_type"":""rights_assignment"",""recorded_at"":""2026-08-30T00:00:00Z"",""semantic_key"":""b10:dmoi4:rights-assignment:urn:uuid:d699676f-28f3-5930-81f2-4927bae3973f""}"
urn:uuid:a33c96cb-a233-5e21-be1b-19d8dd77ca47,rights_assignment,"{""dataset_id"":""urn:uuid:6090fc4b-b34d-5cff-8f65-acaa06ddd1fc"",""id"":""urn:uuid:a33c96cb-a233-5e21-be1b-19d8dd77ca47"",""normalized_state"":""published"",""owner_authority_id"":""urn:uuid:4dea4d1d-09ba-504e-9fcd-83524281ca97"",""owner_native_state"":""admitted"",""payload"":{""assignment_state"":""effective"",""inheritance"":""direct_from_pilot_unit"",""rights_id"":""urn:uuid:71eb9923-410e-55f2-8fe6-41dc669a8635"",""target_id"":""urn:uuid:b95edd49-bef4-5069-9c46-884f45998bfe"",""target_native_id"":""urn:uuid:c271e0d8-f961-5c91-9128-2eece0eaa146""},""record_type"":""rights_assignment"",""recorded_at"":""2026-08-30T00:00:00Z"",""semantic_key"":""b10:dmoi4:rights-assignment:urn:uuid:c271e0d8-f961-5c91-9128-2eece0eaa146""}"
urn:uuid:f7e3fb58-7d4e-5c5f-8d72-c160200534fd,rights_assignment,"{""dataset_id"":""urn:uuid:6090fc4b-b34d-5cff-8f65-acaa06ddd1fc"",""id"":""urn:uuid:f7e3fb58-7d4e-5c5f-8d72-c160200534fd"",""normalized_state"":""published"",""owner_authority_id"":""urn:uuid:4dea4d1d-09ba-504e-9fcd-83524281ca97"",""owner_native_state"":""admitted"",""payload"":{""assignment_state"":""effective"",""inheritance"":""direct_from_pilot_unit"",""rights_id"":""urn:uuid:71eb9923-410e-55f2-8fe6-41dc669a8635"",""target_id"":""urn:uuid:357cee66-25c5-524a-a299-96db22ea2fe9"",""target_native_id"":""urn:uuid:bb2d29da-7d8e-52d4-bbec-b09b5d291713""},""record_type"":""rights_assignment"",""recorded_at"":""2026-08-30T00:00:00Z"",""semantic_key"":""b10:dmoi4:rights-assignment:urn:uuid:bb2d29da-7d8e-52d4-bbec-b09b5d291713""}"
urn:uuid:cfdadbd5-2ab9-585f-bc71-30a4afe82cb2,rights_assignment,"{""dataset_id"":""urn:uuid:6090fc4b-b34d-5cff-8f65-acaa06ddd1fc"",""id"":""urn:uuid:cfdadbd5-2ab9-585f-bc71-30a4afe82cb2"",""normalized_state"":""published"",""owner_authority_id"":""urn:uuid:4dea4d1d-09ba-504e-9fcd-83524281ca97"",""owner_native_state"":""admitted"",""payload"":{""assignment_state"":""effective"",""inheritance"":""direct_from_pilot_unit"",""rights_id"":""urn:uuid:71eb9923-410e-55f2-8fe6-41dc669a8635"",""target_id"":""urn:uuid:19782d47-7d26-5573-ac01-b436d462e4a9"",""target_native_id"":""urn:uuid:c9ec9851-c7c8-5b3e-9eb9-1724383e3d80""},""record_type"":""rights_assignment"",""recorded_at"":""2026-08-30T00:00:00Z"",""semantic_key"":""b10:dmoi4:rights-assignment:urn:uuid:c9ec9851-c7c8-5b3e-9eb9-1724383e3d80""}"
urn:uuid:24a509fd-a582-5574-9539-3fa137845800,rights_assignment,"{""dataset_id"":""urn:uuid:6090fc4b-b34d-5cff-8f65-acaa06ddd1fc"",""id"":""urn:uuid:24a509fd-a582-5574-9539-3fa137845800"",""normalized_state"":""published"",""owner_authority_id"":""urn:uuid:4dea4d1d-09ba-504e-9fcd-83524281ca97"",""owner_native_state"":""admitted"",""payload"":{""assignment_state"":""effective"",""inheritance"":""direct_from_pilot_unit"",""rights_id"":""urn:uuid:71eb9923-410e-55f2-8fe6-41dc669a8635"",""target_id"":""urn:uuid:0d77d2af-a9e8-540c-beb8-da0ed24a31f8"",""target_native_id"":""urn:uuid:101d36b2-cada-5b15-a96e-b130ede327e8""},""record_type"":""rights_assignment"",""recorded_at"":""2026-08-30T00:00:00Z"",""semantic_key"":""b10:dmoi4:rights-assignment:urn:uuid:101d36b2-cada-5b15-a96e-b130ede327e8""}"
urn:uuid:3da342d6-bb76-5644-8931-874c2df474b5,rights_assignment,"{""dataset_id"":""urn:uuid:6090fc4b-b34d-5cff-8f65-acaa06ddd1fc"",""id"":""urn:uuid:3da342d6-bb76-5644-8931-874c2df474b5"",""normalized_state"":""published"",""owner_authority_id"":""urn:uuid:4dea4d1d-09ba-504e-9fcd-83524281ca97"",""owner_native_state"":""admitted"",""payload"":{""assignment_state"":""effective"",""inheritance"":""direct_from_pilot_unit"",""rights_id"":""urn:uuid:71eb9923-410e-55f2-8fe6-41dc669a8635"",""target_id"":""urn:uuid:77e2c861-8de4-59c2-83ef-4c87c41127ed"",""target_native_id"":""urn:uuid:133ebff9-3ea0-5212-9491-829cf9c983c2""},""record_type"":""rights_assignment"",""recorded_at"":""2026-08-30T00:00:00Z"",""semantic_key"":""b10:dmoi4:rights-assignment:urn:uuid:133ebff9-3ea0-5212-9491-829cf9c983c2""}"
urn:uuid:65293708-2776-5c32-9044-ad380dd48094,rights_assignment,"{""dataset_id"":""urn:uuid:6090fc4b-b34d-5cff-8f65-acaa06ddd1fc"",""id"":""urn:uuid:65293708-2776-5c32-9044-ad380dd48094"",""normalized_state"":""published"",""owner_authority_id"":""urn:uuid:4dea4d1d-09ba-504e-9fcd-83524281ca97"",""owner_native_state"":""admitted"",""payload"":{""assignment_state"":""effective"",""inheritance"":""direct_from_pilot_unit"",""rights_id"":""urn:uuid:71eb9923-410e-55f2-8fe6-41dc669a8635"",""target_id"":""urn:uuid:51608a44-3653-5916-aa7f-8c2319250fa1"",""target_native_id"":""urn:uuid:860447d3-33a8-5eff-bbf8-3ab290627917""},""record_type"":""rights_assignment"",""recorded_at"":""2026-08-30T00:00:00Z"",""semantic_key"":""b10:dmoi4:rights-assignment:urn:uuid:860447d3-33a8-5eff-bbf8-3ab290627917""}"
urn:uuid:f6d7abb7-089d-56f8-ae6c-6599de421d96,rights_assignment,"{""dataset_id"":""urn:uuid:6090fc4b-b34d-5cff-8f65-acaa06ddd1fc"",""id"":""urn:uuid:f6d7abb7-089d-56f8-ae6c-6599de421d96"",""normalized_state"":""published"",""owner_authority_id"":""urn:uuid:4dea4d1d-09ba-504e-9fcd-83524281ca97"",""owner_native_state"":""admitted"",""payload"":{""assignment_state"":""effective"",""inheritance"":""direct_from_pilot_unit"",""rights_id"":""urn:uuid:71eb9923-410e-55f2-8fe6-41dc669a8635"",""target_id"":""urn:uuid:72ae4829-ea86-5f04-98bf-f83bcc94e1a1"",""target_native_id"":""urn:uuid:7b901c5a-9d96-5f82-8906-749de080f549""},""record_type"":""rights_assignment"",""recorded_at"":""2026-08-30T00:00:00Z"",""semantic_key"":""b10:dmoi4:rights-assignment:urn:uuid:7b901c5a-9d96-5f82-8906-749de080f549""}"
urn:uuid:a5338421-5a21-5fa2-bbcd-9ee81bc058d3,rights_assignment,"{""dataset_id"":""urn:uuid:6090fc4b-b34d-5cff-8f65-acaa06ddd1fc"",""id"":""urn:uuid:a5338421-5a21-5fa2-bbcd-9ee81bc058d3"",""normalized_state"":""published"",""owner_authority_id"":""urn:uuid:4dea4d1d-09ba-504e-9fcd-83524281ca97"",""owner_native_state"":""admitted"",""payload"":{""assignment_state"":""effective"",""inheritance"":""direct_from_pilot_unit"",""rights_id"":""urn:uuid:71eb9923-410e-55f2-8fe6-41dc669a8635"",""target_id"":""urn:uuid:3a930687-9aa8-5fde-9604-65533373297e"",""target_native_id"":""urn:uuid:79eeab77-5bb4-5fa6-9caf-c557db59c6fa""},""record_type"":""rights_assignment"",""recorded_at"":""2026-08-30T00:00:00Z"",""semantic_key"":""b10:dmoi4:rights-assignment:urn:uuid:79eeab77-5bb4-5fa6-9caf-c557db59c6fa""}"
urn:uuid:d3187250-945f-522e-94aa-f98cee705c34,rights_assignment,"{""dataset_id"":""urn:uuid:6090fc4b-b34d-5cff-8f65-acaa06ddd1fc"",""id"":""urn:uuid:d3187250-945f-522e-94aa-f98cee705c34"",""normalized_state"":""published"",""owner_authority_id"":""urn:uuid:4dea4d1d-09ba-504e-9fcd-83524281ca97"",""owner_native_state"":""admitted"",""payload"":{""assignment_state"":""effective"",""inheritance"":""direct_from_pilot_unit"",""rights_id"":""urn:uuid:71eb9923-410e-55f2-8fe6-41dc669a8635"",""target_id"":""urn:uuid:6e475629-a6e7-5a71-a907-b8d8a87a8166"",""target_native_id"":""urn:uuid:9f7bd6a7-4d09-5676-b930-9ad711f5f6b0""},""record_type"":""rights_assignment"",""recorded_at"":""2026-08-30T00:00:00Z"",""semantic_key"":""b10:dmoi4:rights-assignment:urn:uuid:9f7bd6a7-4d09-5676-b930-9ad711f5f6b0""}"
urn:uuid:d9770fb5-5045-51ef-a5c9-8acbf79a5961,rights_assignment,"{""dataset_id"":""urn:uuid:6090fc4b-b34d-5cff-8f65-acaa06ddd1fc"",""id"":""urn:uuid:d9770fb5-5045-51ef-a5c9-8acbf79a5961"",""normalized_state"":""published"",""owner_authority_id"":""urn:uuid:4dea4d1d-09ba-504e-9fcd-83524281ca97"",""owner_native_state"":""admitted"",""payload"":{""assignment_state"":""effective"",""inheritance"":""direct_from_pilot_unit"",""rights_id"":""urn:uuid:71eb9923-410e-55f2-8fe6-41dc669a8635"",""target_id"":""urn:uuid:dde75616-b238-5e25-b2fa-a2fe8d2849ca"",""target_native_id"":""urn:uuid:93d01b92-048f-58dc-ac0a-78f14da1dfbb""},""record_type"":""rights_assignment"",""recorded_at"":""2026-08-30T00:00:00Z"",""semantic_key"":""b10:dmoi4:rights-assignment:urn:uuid:93d01b92-048f-58dc-ac0a-78f14da1dfbb""}"
urn:uuid:2fcc95ae-5d0d-57d9-8e3e-284480696303,rights_assignment,"{""dataset_id"":""urn:uuid:6090fc4b-b34d-5cff-8f65-acaa06ddd1fc"",""id"":""urn:uuid:2fcc95ae-5d0d-57d9-8e3e-284480696303"",""normalized_state"":""published"",""owner_authority_id"":""urn:uuid:4dea4d1d-09ba-504e-9fcd-83524281ca97"",""owner_native_state"":""admitted"",""payload"":{""assignment_state"":""effective"",""inheritance"":""direct_from_pilot_unit"",""rights_id"":""urn:uuid:71eb9923-410e-55f2-8fe6-41dc669a8635"",""target_id"":""urn:uuid:2ebd9f38-483c-52f0-8fc3-8e5d7b3f7571"",""target_native_id"":""urn:uuid:a30dc040-96fe-5967-a3ff-b693a221d5c5""},""record_type"":""rights_assignment"",""recorded_at"":""2026-08-30T00:00:00Z"",""semantic_key"":""b10:dmoi4:rights-assignment:urn:uuid:a30dc040-96fe-5967-a3ff-b693a221d5c5""}"
urn:uuid:37371785-1c45-5db7-9bc5-e2f292030e73,rights_assignment,"{""dataset_id"":""urn:uuid:6090fc4b-b34d-5cff-8f65-acaa06ddd1fc"",""id"":""urn:uuid:37371785-1c45-5db7-9bc5-e2f292030e73"",""normalized_state"":""published"",""owner_authority_id"":""urn:uuid:4dea4d1d-09ba-504e-9fcd-83524281ca97"",""owner_native_state"":""admitted"",""payload"":{""assignment_state"":""effective"",""inheritance"":""direct_from_pilot_unit"",""rights_id"":""urn:uuid:71eb9923-410e-55f2-8fe6-41dc669a8635"",""target_id"":""urn:uuid:f059f2be-85cf-5574-b208-29d26d91c977"",""target_native_id"":""urn:uuid:cd24cab2-000e-53c3-b3f9-b0a983b274a3""},""record_type"":""rights_assignment"",""recorded_at"":""2026-08-30T00:00:00Z"",""semantic_key"":""b10:dmoi4:rights-assignment:urn:uuid:cd24cab2-000e-53c3-b3f9-b0a983b274a3""}"
urn:uuid:7a9683dd-2372-5a19-aeb5-607e9bfdddc8,rights_assignment,"{""dataset_id"":""urn:uuid:6090fc4b-b34d-5cff-8f65-acaa06ddd1fc"",""id"":""urn:uuid:7a9683dd-2372-5a19-aeb5-607e9bfdddc8"",""normalized_state"":""published"",""owner_authority_id"":""urn:uuid:4dea4d1d-09ba-504e-9fcd-83524281ca97"",""owner_native_state"":""admitted"",""payload"":{""assignment_state"":""effective"",""inheritance"":""direct_from_pilot_unit"",""rights_id"":""urn:uuid:71eb9923-410e-55f2-8fe6-41dc669a8635"",""target_id"":""urn:uuid:a6d7e3f7-9ae2-58ae-b0da-4ee5923eee96"",""target_native_id"":""urn:uuid:a49c23f7-29bc-51b5-8b2b-fef409c1ddd5""},""record_type"":""rights_assignment"",""recorded_at"":""2026-08-30T00:00:00Z"",""semantic_key"":""b10:dmoi4:rights-assignment:urn:uuid:a49c23f7-29bc-51b5-8b2b-fef409c1ddd5""}"
urn:uuid:3e4f2136-3060-503c-8c02-1760b4e19d3b,rights_assignment,"{""dataset_id"":""urn:uuid:6090fc4b-b34d-5cff-8f65-acaa06ddd1fc"",""id"":""urn:uuid:3e4f2136-3060-503c-8c02-1760b4e19d3b"",""normalized_state"":""published"",""owner_authority_id"":""urn:uuid:4dea4d1d-09ba-504e-9fcd-83524281ca97"",""owner_native_state"":""admitted"",""payload"":{""assignment_state"":""effective"",""inheritance"":""direct_from_pilot_unit"",""rights_id"":""urn:uuid:71eb9923-410e-55f2-8fe6-41dc669a8635"",""target_id"":""urn:uuid:5dd39094-9938-50a2-8dca-2610c6b42ea7"",""target_native_id"":""urn:uuid:f3da3bdf-a765-537d-8ce6-6a3a160531d9""},""record_type"":""rights_assignment"",""recorded_at"":""2026-08-30T00:00:00Z"",""semantic_key"":""b10:dmoi4:rights-assignment:urn:uuid:f3da3bdf-a765-537d-8ce6-6a3a160531d9""}"
urn:uuid:7493d884-96d0-5b48-8df2-9a3fa64d43a3,rights_assignment,"{""dataset_id"":""urn:uuid:6090fc4b-b34d-5cff-8f65-acaa06ddd1fc"",""id"":""urn:uuid:7493d884-96d0-5b48-8df2-9a3fa64d43a3"",""normalized_state"":""published"",""owner_authority_id"":""urn:uuid:4dea4d1d-09ba-504e-9fcd-83524281ca97"",""owner_native_state"":""admitted"",""payload"":{""assignment_state"":""effective"",""inheritance"":""direct_from_pilot_unit"",""rights_id"":""urn:uuid:71eb9923-410e-55f2-8fe6-41dc669a8635"",""target_id"":""urn:uuid:b6ac4c86-5f09-55d3-8c16-2f31f046c03f"",""target_native_id"":""urn:uuid:3fe3e64e-5c76-59ed-8042-b77fc5581dee""},""record_type"":""rights_assignment"",""recorded_at"":""2026-08-30T00:00:00Z"",""semantic_key"":""b10:dmoi4:rights-assignment:urn:uuid:3fe3e64e-5c76-59ed-8042-b77fc5581dee""}"
urn:uuid:29204fb4-ef70-5c69-8daa-08def3906c05,rights_assignment,"{""dataset_id"":""urn:uuid:6090fc4b-b34d-5cff-8f65-acaa06ddd1fc"",""id"":""urn:uuid:29204fb4-ef70-5c69-8daa-08def3906c05"",""normalized_state"":""published"",""owner_authority_id"":""urn:uuid:4dea4d1d-09ba-504e-9fcd-83524281ca97"",""owner_native_state"":""admitted"",""payload"":{""assignment_state"":""effective"",""inheritance"":""direct_from_pilot_unit"",""rights_id"":""urn:uuid:71eb9923-410e-55f2-8fe6-41dc669a8635"",""target_id"":""urn:uuid:84ed3f80-8a68-5b47-b1f0-683b686ab817"",""target_native_id"":""urn:uuid:1b3ccc28-1e8d-5d78-b935-ab04d49ae87c""},""record_type"":""rights_assignment"",""recorded_at"":""2026-08-30T00:00:00Z"",""semantic_key"":""b10:dmoi4:rights-assignment:urn:uuid:1b3ccc28-1e8d-5d78-b935-ab04d49ae87c""}"
urn:uuid:54a461f5-03e4-5670-a94e-2f84a572ca3e,rights_assignment,"{""dataset_id"":""urn:uuid:6090fc4b-b34d-5cff-8f65-acaa06ddd1fc"",""id"":""urn:uuid:54a461f5-03e4-5670-a94e-2f84a572ca3e"",""normalized_state"":""published"",""owner_authority_id"":""urn:uuid:4dea4d1d-09ba-504e-9fcd-83524281ca97"",""owner_native_state"":""admitted"",""payload"":{""assignment_state"":""effective"",""inheritance"":""direct_from_pilot_unit"",""rights_id"":""urn:uuid:71eb9923-410e-55f2-8fe6-41dc669a8635"",""target_id"":""urn:uuid:6166af73-35e4-5b64-b5ae-2430f5f82273"",""target_native_id"":""urn:uuid:401baf3c-8042-583e-ab34-2f3d0d2c59f5""},""record_type"":""rights_assignment"",""recorded_at"":""2026-08-30T00:00:00Z"",""semantic_key"":""b10:dmoi4:rights-assignment:urn:uuid:401baf3c-8042-583e-ab34-2f3d0d2c59f5""}"
urn:uuid:681e6811-74e7-50fc-ab29-5acf718d7a8f,rights_assignment,"{""dataset_id"":""urn:uuid:6090fc4b-b34d-5cff-8f65-acaa06ddd1fc"",""id"":""urn:uuid:681e6811-74e7-50fc-ab29-5acf718d7a8f"",""normalized_state"":""published"",""owner_authority_id"":""urn:uuid:4dea4d1d-09ba-504e-9fcd-83524281ca97"",""owner_native_state"":""admitted"",""payload"":{""assignment_state"":""effective"",""inheritance"":""direct_from_pilot_unit"",""rights_id"":""urn:uuid:71eb9923-410e-55f2-8fe6-41dc669a8635"",""target_id"":""urn:uuid:98127f4f-f4cb-5af1-8e9a-a70675990779"",""target_native_id"":""urn:uuid:5fc7c6ba-2ec9-5219-91ba-7c765d9db3c0""},""record_type"":""rights_assignment"",""recorded_at"":""2026-08-30T00:00:00Z"",""semantic_key"":""b10:dmoi4:rights-assignment:urn:uuid:5fc7c6ba-2ec9-5219-91ba-7c765d9db3c0""}"
urn:uuid:ebdc1394-f09e-5ce6-a030-d3708a30a614,rights_assignment,"{""dataset_id"":""urn:uuid:6090fc4b-b34d-5cff-8f65-acaa06ddd1fc"",""id"":""urn:uuid:ebdc1394-f09e-5ce6-a030-d3708a30a614"",""normalized_state"":""published"",""owner_authority_id"":""urn:uuid:4dea4d1d-09ba-504e-9fcd-83524281ca97"",""owner_native_state"":""admitted"",""payload"":{""assignment_state"":""effective"",""inheritance"":""direct_from_pilot_unit"",""rights_id"":""urn:uuid:71eb9923-410e-55f2-8fe6-41dc669a8635"",""target_id"":""urn:uuid:d5604972-61fa-596f-9cab-67c703578bd4"",""target_native_id"":""urn:uuid:78b9926a-8883-5412-b8aa-b1c4a1d85476""},""record_type"":""rights_assignment"",""recorded_at"":""2026-08-30T00:00:00Z"",""semantic_key"":""b10:dmoi4:rights-assignment:urn:uuid:78b9926a-8883-5412-b8aa-b1c4a1d85476""}"
urn:uuid:b9c93734-1aca-5a80-a6c6-f924a75e501f,rights_assignment,"{""dataset_id"":""urn:uuid:6090fc4b-b34d-5cff-8f65-acaa06ddd1fc"",""id"":""urn:uuid:b9c93734-1aca-5a80-a6c6-f924a75e501f"",""normalized_state"":""published"",""owner_authority_id"":""urn:uuid:4dea4d1d-09ba-504e-9fcd-83524281ca97"",""owner_native_state"":""admitted"",""payload"":{""assignment_state"":""effective"",""inheritance"":""direct_from_pilot_unit"",""rights_id"":""urn:uuid:71eb9923-410e-55f2-8fe6-41dc669a8635"",""target_id"":""urn:uuid:49c5a6e5-b8b6-5a24-9a03-5f31bf4f41d8"",""target_native_id"":""urn:uuid:cc9fb72a-c545-5fa9-8061-4c0a6b1f496d""},""record_type"":""rights_assignment"",""recorded_at"":""2026-08-30T00:00:00Z"",""semantic_key"":""b10:dmoi4:rights-assignment:urn:uuid:cc9fb72a-c545-5fa9-8061-4c0a6b1f496d""}"
urn:uuid:77fbc5ac-7293-501d-bdde-82fab6ae1317,rights_assignment,"{""dataset_id"":""urn:uuid:6090fc4b-b34d-5cff-8f65-acaa06ddd1fc"",""id"":""urn:uuid:77fbc5ac-7293-501d-bdde-82fab6ae1317"",""normalized_state"":""published"",""owner_authority_id"":""urn:uuid:4dea4d1d-09ba-504e-9fcd-83524281ca97"",""owner_native_state"":""admitted"",""payload"":{""assignment_state"":""effective"",""inheritance"":""direct_from_pilot_unit"",""rights_id"":""urn:uuid:71eb9923-410e-55f2-8fe6-41dc669a8635"",""target_id"":""urn:uuid:db2274e9-5e6e-5f0e-a31e-dc3ee3cb1781"",""target_native_id"":""urn:uuid:6dce5df1-0284-5bd3-9f84-ff7c1d3bd160""},""record_type"":""rights_assignment"",""recorded_at"":""2026-08-30T00:00:00Z"",""semantic_key"":""b10:dmoi4:rights-assignment:urn:uuid:6dce5df1-0284-5bd3-9f84-ff7c1d3bd160""}"
urn:uuid:9390bbd5-2d0b-5dff-9c18-6b1900adc27f,rights_assignment,"{""dataset_id"":""urn:uuid:6090fc4b-b34d-5cff-8f65-acaa06ddd1fc"",""id"":""urn:uuid:9390bbd5-2d0b-5dff-9c18-6b1900adc27f"",""normalized_state"":""published"",""owner_authority_id"":""urn:uuid:4dea4d1d-09ba-504e-9fcd-83524281ca97"",""owner_native_state"":""admitted"",""payload"":{""assignment_state"":""effective"",""inheritance"":""direct_from_pilot_unit"",""rights_id"":""urn:uuid:71eb9923-410e-55f2-8fe6-41dc669a8635"",""target_id"":""urn:uuid:24352e6b-98b1-52d4-b244-45f32eb56d39"",""target_native_id"":""urn:uuid:8c18cd9d-a5a6-5772-8315-776ec2ed52a9""},""record_type"":""rights_assignment"",""recorded_at"":""2026-08-30T00:00:00Z"",""semantic_key"":""b10:dmoi4:rights-assignment:urn:uuid:8c18cd9d-a5a6-5772-8315-776ec2ed52a9""}"
urn:uuid:0fb455b9-8909-5a0a-bce2-c5fbc4e54a75,rights_assignment,"{""dataset_id"":""urn:uuid:6090fc4b-b34d-5cff-8f65-acaa06ddd1fc"",""id"":""urn:uuid:0fb455b9-8909-5a0a-bce2-c5fbc4e54a75"",""normalized_state"":""published"",""owner_authority_id"":""urn:uuid:4dea4d1d-09ba-504e-9fcd-83524281ca97"",""owner_native_state"":""admitted"",""payload"":{""assignment_state"":""effective"",""inheritance"":""direct_from_pilot_unit"",""rights_id"":""urn:uuid:71eb9923-410e-55f2-8fe6-41dc669a8635"",""target_id"":""urn:uuid:fd2f272f-0cf2-54ea-b704-434a3efa8295"",""target_native_id"":""urn:uuid:466c2d34-ecc3-5c6e-88e9-302ebb85caf5""},""record_type"":""rights_assignment"",""recorded_at"":""2026-08-30T00:00:00Z"",""semantic_key"":""b10:dmoi4:rights-assignment:urn:uuid:466c2d34-ecc3-5c6e-88e9-302ebb85caf5""}"
urn:uuid:6f32e94d-8507-5f83-8226-d6bb5e5218d1,rights_assignment,"{""dataset_id"":""urn:uuid:6090fc4b-b34d-5cff-8f65-acaa06ddd1fc"",""id"":""urn:uuid:6f32e94d-8507-5f83-8226-d6bb5e5218d1"",""normalized_state"":""published"",""owner_authority_id"":""urn:uuid:4dea4d1d-09ba-504e-9fcd-83524281ca97"",""owner_native_state"":""admitted"",""payload"":{""assignment_state"":""effective"",""inheritance"":""direct_from_pilot_unit"",""rights_id"":""urn:uuid:71eb9923-410e-55f2-8fe6-41dc669a8635"",""target_id"":""urn:uuid:3ec1885a-2ac5-567a-b9f3-e5627c1f665a"",""target_native_id"":""urn:uuid:f50eed74-ff89-506b-b0ca-87874c3d8511""},""record_type"":""rights_assignment"",""recorded_at"":""2026-08-30T00:00:00Z"",""semantic_key"":""b10:dmoi4:rights-assignment:urn:uuid:f50eed74-ff89-506b-b0ca-87874c3d8511""}"
urn:uuid:6ac2eb27-bb68-5b08-ab72-67c3d56eaf82,rights_assignment,"{""dataset_id"":""urn:uuid:6090fc4b-b34d-5cff-8f65-acaa06ddd1fc"",""id"":""urn:uuid:6ac2eb27-bb68-5b08-ab72-67c3d56eaf82"",""normalized_state"":""published"",""owner_authority_id"":""urn:uuid:4dea4d1d-09ba-504e-9fcd-83524281ca97"",""owner_native_state"":""admitted"",""payload"":{""assignment_state"":""effective"",""inheritance"":""direct_from_pilot_unit"",""rights_id"":""urn:uuid:71eb9923-410e-55f2-8fe6-41dc669a8635"",""target_id"":""urn:uuid:a3807c03-68f4-586c-a5d0-2d46f559e865"",""target_native_id"":""urn:uuid:fe8fd25e-cfb7-5cf6-aff8-40a84aa8ee21""},""record_type"":""rights_assignment"",""recorded_at"":""2026-08-30T00:00:00Z"",""semantic_key"":""b10:dmoi4:rights-assignment:urn:uuid:fe8fd25e-cfb7-5cf6-aff8-40a84aa8ee21""}"
urn:uuid:c78a4d92-061a-5143-b3e8-797a7ff99abe,rights_assignment,"{""dataset_id"":""urn:uuid:6090fc4b-b34d-5cff-8f65-acaa06ddd1fc"",""id"":""urn:uuid:c78a4d92-061a-5143-b3e8-797a7ff99abe"",""normalized_state"":""published"",""owner_authority_id"":""urn:uuid:4dea4d1d-09ba-504e-9fcd-83524281ca97"",""owner_native_state"":""admitted"",""payload"":{""assignment_state"":""effective"",""inheritance"":""direct_from_pilot_unit"",""rights_id"":""urn:uuid:71eb9923-410e-55f2-8fe6-41dc669a8635"",""target_id"":""urn:uuid:e004deeb-7315-52c4-8a44-39f3326af20f"",""target_native_id"":""urn:uuid:b0680aba-e863-5693-acb7-2cefd7835884""},""record_type"":""rights_assignment"",""recorded_at"":""2026-08-30T00:00:00Z"",""semantic_key"":""b10:dmoi4:rights-assignment:urn:uuid:b0680aba-e863-5693-acb7-2cefd7835884""}"
urn:uuid:e09ec480-680e-556f-b4a1-957ff81fe61f,rights_assignment,"{""dataset_id"":""urn:uuid:6090fc4b-b34d-5cff-8f65-acaa06ddd1fc"",""id"":""urn:uuid:e09ec480-680e-556f-b4a1-957ff81fe61f"",""normalized_state"":""published"",""owner_authority_id"":""urn:uuid:4dea4d1d-09ba-504e-9fcd-83524281ca97"",""owner_native_state"":""admitted"",""payload"":{""assignment_state"":""effective"",""inheritance"":""direct_from_pilot_unit"",""rights_id"":""urn:uuid:71eb9923-410e-55f2-8fe6-41dc669a8635"",""target_id"":""urn:uuid:0a70f94f-f805-5ab3-bea1-22c7dde24c85"",""target_native_id"":""urn:uuid:64c3ba36-b981-5117-9903-c5e6063f6270""},""record_type"":""rights_assignment"",""recorded_at"":""2026-08-30T00:00:00Z"",""semantic_key"":""b10:dmoi4:rights-assignment:urn:uuid:64c3ba36-b981-5117-9903-c5e6063f6270""}"
urn:uuid:0ad4c4dd-2efc-5669-9cea-54c2f0174440,rights_assignment,"{""dataset_id"":""urn:uuid:6090fc4b-b34d-5cff-8f65-acaa06ddd1fc"",""id"":""urn:uuid:0ad4c4dd-2efc-5669-9cea-54c2f0174440"",""normalized_state"":""published"",""owner_authority_id"":""urn:uuid:4dea4d1d-09ba-504e-9fcd-83524281ca97"",""owner_native_state"":""admitted"",""payload"":{""assignment_state"":""effective"",""inheritance"":""direct_from_pilot_unit"",""rights_id"":""urn:uuid:71eb9923-410e-55f2-8fe6-41dc669a8635"",""target_id"":""urn:uuid:e503b5d1-3d5d-5334-8ddc-d66c56d89333"",""target_native_id"":""urn:uuid:f4ae49da-6e22-5379-9745-23abe9ccc5e6""},""record_type"":""rights_assignment"",""recorded_at"":""2026-08-30T00:00:00Z"",""semantic_key"":""b10:dmoi4:rights-assignment:urn:uuid:f4ae49da-6e22-5379-9745-23abe9ccc5e6""}"
urn:uuid:272a5f37-fd7f-500b-afa4-f7497496a8b9,rights_assignment,"{""dataset_id"":""urn:uuid:6090fc4b-b34d-5cff-8f65-acaa06ddd1fc"",""id"":""urn:uuid:272a5f37-fd7f-500b-afa4-f7497496a8b9"",""normalized_state"":""published"",""owner_authority_id"":""urn:uuid:4dea4d1d-09ba-504e-9fcd-83524281ca97"",""owner_native_state"":""admitted"",""payload"":{""assignment_state"":""effective"",""inheritance"":""direct_from_pilot_unit"",""rights_id"":""urn:uuid:71eb9923-410e-55f2-8fe6-41dc669a8635"",""target_id"":""urn:uuid:3719f407-3958-5213-8408-baade6dd0bdd"",""target_native_id"":""urn:uuid:64c227a4-1910-5e86-83b7-f0d47ca13f5f""},""record_type"":""rights_assignment"",""recorded_at"":""2026-08-30T00:00:00Z"",""semantic_key"":""b10:dmoi4:rights-assignment:urn:uuid:64c227a4-1910-5e86-83b7-f0d47ca13f5f""}"
urn:uuid:5cb35383-af7b-57d3-a9b1-2eb51f534371,rights_assignment,"{""dataset_id"":""urn:uuid:6090fc4b-b34d-5cff-8f65-acaa06ddd1fc"",""id"":""urn:uuid:5cb35383-af7b-57d3-a9b1-2eb51f534371"",""normalized_state"":""published"",""owner_authority_id"":""urn:uuid:4dea4d1d-09ba-504e-9fcd-83524281ca97"",""owner_native_state"":""admitted"",""payload"":{""assignment_state"":""effective"",""inheritance"":""direct_from_pilot_unit"",""rights_id"":""urn:uuid:71eb9923-410e-55f2-8fe6-41dc669a8635"",""target_id"":""urn:uuid:89df1db7-700f-5a34-98af-1c674273518d"",""target_native_id"":""urn:uuid:492faccc-1a07-59a0-9cca-8c08a93d1130""},""record_type"":""rights_assignment"",""recorded_at"":""2026-08-30T00:00:00Z"",""semantic_key"":""b10:dmoi4:rights-assignment:urn:uuid:492faccc-1a07-59a0-9cca-8c08a93d1130""}"
urn:uuid:7c8a2d55-b051-58a9-8d82-7b8ec85a7a51,rights_assignment,"{""dataset_id"":""urn:uuid:6090fc4b-b34d-5cff-8f65-acaa06ddd1fc"",""id"":""urn:uuid:7c8a2d55-b051-58a9-8d82-7b8ec85a7a51"",""normalized_state"":""published"",""owner_authority_id"":""urn:uuid:4dea4d1d-09ba-504e-9fcd-83524281ca97"",""owner_native_state"":""admitted"",""payload"":{""assignment_state"":""effective"",""inheritance"":""direct_from_pilot_unit"",""rights_id"":""urn:uuid:71eb9923-410e-55f2-8fe6-41dc669a8635"",""target_id"":""urn:uuid:c5376aae-5491-534f-8c45-d44686fc5830"",""target_native_id"":""urn:uuid:e8018399-ba3c-526d-8bd8-32d37971508a""},""record_type"":""rights_assignment"",""recorded_at"":""2026-08-30T00:00:00Z"",""semantic_key"":""b10:dmoi4:rights-assignment:urn:uuid:e8018399-ba3c-526d-8bd8-32d37971508a""}"
urn:uuid:1ec46022-0b92-5708-aed9-3446f3751e4f,rights_assignment,"{""dataset_id"":""urn:uuid:6090fc4b-b34d-5cff-8f65-acaa06ddd1fc"",""id"":""urn:uuid:1ec46022-0b92-5708-aed9-3446f3751e4f"",""normalized_state"":""published"",""owner_authority_id"":""urn:uuid:4dea4d1d-09ba-504e-9fcd-83524281ca97"",""owner_native_state"":""admitted"",""payload"":{""assignment_state"":""effective"",""inheritance"":""direct_from_pilot_unit"",""rights_id"":""urn:uuid:71eb9923-410e-55f2-8fe6-41dc669a8635"",""target_id"":""urn:uuid:8ea55d26-d560-52fc-afca-cf60be0a991e"",""target_native_id"":""urn:uuid:a77315a3-2ea0-5af2-8f93-19bb9da35ca7""},""record_type"":""rights_assignment"",""recorded_at"":""2026-08-30T00:00:00Z"",""semantic_key"":""b10:dmoi4:rights-assignment:urn:uuid:a77315a3-2ea0-5af2-8f93-19bb9da35ca7""}"
urn:uuid:0752c657-bd6d-526c-97f2-fa8d127924a3,rights_assignment,"{""dataset_id"":""urn:uuid:6090fc4b-b34d-5cff-8f65-acaa06ddd1fc"",""id"":""urn:uuid:0752c657-bd6d-526c-97f2-fa8d127924a3"",""normalized_state"":""published"",""owner_authority_id"":""urn:uuid:4dea4d1d-09ba-504e-9fcd-83524281ca97"",""owner_native_state"":""admitted"",""payload"":{""assignment_state"":""effective"",""inheritance"":""direct_from_pilot_unit"",""rights_id"":""urn:uuid:71eb9923-410e-55f2-8fe6-41dc669a8635"",""target_id"":""urn:uuid:6672fb83-5c6e-5f07-95df-8a815f8f3c2a"",""target_native_id"":""urn:uuid:158886ea-b223-5dfc-a0f8-e9c9b3173282""},""record_type"":""rights_assignment"",""recorded_at"":""2026-08-30T00:00:00Z"",""semantic_key"":""b10:dmoi4:rights-assignment:urn:uuid:158886ea-b223-5dfc-a0f8-e9c9b3173282""}"
urn:uuid:a1b5de9a-d770-5097-a2db-e19c1bd0df9d,rights_assignment,"{""dataset_id"":""urn:uuid:6090fc4b-b34d-5cff-8f65-acaa06ddd1fc"",""id"":""urn:uuid:a1b5de9a-d770-5097-a2db-e19c1bd0df9d"",""normalized_state"":""published"",""owner_authority_id"":""urn:uuid:4dea4d1d-09ba-504e-9fcd-83524281ca97"",""owner_native_state"":""admitted"",""payload"":{""assignment_state"":""effective"",""inheritance"":""direct_from_pilot_unit"",""rights_id"":""urn:uuid:71eb9923-410e-55f2-8fe6-41dc669a8635"",""target_id"":""urn:uuid:2f602456-87cf-597b-b375-3323b8c77b70"",""target_native_id"":""urn:uuid:5a6a77d8-8d40-5fb8-adc3-a0673710266d""},""record_type"":""rights_assignment"",""recorded_at"":""2026-08-30T00:00:00Z"",""semantic_key"":""b10:dmoi4:rights-assignment:urn:uuid:5a6a77d8-8d40-5fb8-adc3-a0673710266d""}"
urn:uuid:b92fc04b-e29e-5acd-908d-5cba8b5b5da1,rights_assignment,"{""dataset_id"":""urn:uuid:6090fc4b-b34d-5cff-8f65-acaa06ddd1fc"",""id"":""urn:uuid:b92fc04b-e29e-5acd-908d-5cba8b5b5da1"",""normalized_state"":""published"",""owner_authority_id"":""urn:uuid:4dea4d1d-09ba-504e-9fcd-83524281ca97"",""owner_native_state"":""admitted"",""payload"":{""assignment_state"":""effective"",""inheritance"":""direct_from_pilot_unit"",""rights_id"":""urn:uuid:71eb9923-410e-55f2-8fe6-41dc669a8635"",""target_id"":""urn:uuid:0bb76aed-38c4-5161-989e-e1e81a056647"",""target_native_id"":""urn:uuid:4468fb3d-c6dd-5bd0-a78d-c3983e0b383b""},""record_type"":""rights_assignment"",""recorded_at"":""2026-08-30T00:00:00Z"",""semantic_key"":""b10:dmoi4:rights-assignment:urn:uuid:4468fb3d-c6dd-5bd0-a78d-c3983e0b383b""}"
urn:uuid:0455310f-c8e9-563f-a32e-c775d83df876,rights_assignment,"{""dataset_id"":""urn:uuid:6090fc4b-b34d-5cff-8f65-acaa06ddd1fc"",""id"":""urn:uuid:0455310f-c8e9-563f-a32e-c775d83df876"",""normalized_state"":""published"",""owner_authority_id"":""urn:uuid:4dea4d1d-09ba-504e-9fcd-83524281ca97"",""owner_native_state"":""admitted"",""payload"":{""assignment_state"":""effective"",""inheritance"":""direct_from_pilot_unit"",""rights_id"":""urn:uuid:71eb9923-410e-55f2-8fe6-41dc669a8635"",""target_id"":""urn:uuid:1bcf267e-6f4d-5bb8-b137-61b6bfb87a16"",""target_native_id"":""urn:uuid:6027100c-f10c-5ac9-906e-e3bdcb6de257""},""record_type"":""rights_assignment"",""recorded_at"":""2026-08-30T00:00:00Z"",""semantic_key"":""b10:dmoi4:rights-assignment:urn:uuid:6027100c-f10c-5ac9-906e-e3bdcb6de257""}"
urn:uuid:f973ddb5-617c-5935-a78e-a85628079f06,rights_assignment,"{""dataset_id"":""urn:uuid:6090fc4b-b34d-5cff-8f65-acaa06ddd1fc"",""id"":""urn:uuid:f973ddb5-617c-5935-a78e-a85628079f06"",""normalized_state"":""published"",""owner_authority_id"":""urn:uuid:4dea4d1d-09ba-504e-9fcd-83524281ca97"",""owner_native_state"":""admitted"",""payload"":{""assignment_state"":""effective"",""inheritance"":""direct_from_pilot_unit"",""rights_id"":""urn:uuid:71eb9923-410e-55f2-8fe6-41dc669a8635"",""target_id"":""urn:uuid:4b31ff65-b43f-568d-8b6d-e9eec5fd7d3f"",""target_native_id"":""urn:uuid:48ca9331-78e7-58b7-807f-92a5fa0d9a58""},""record_type"":""rights_assignment"",""recorded_at"":""2026-08-30T00:00:00Z"",""semantic_key"":""b10:dmoi4:rights-assignment:urn:uuid:48ca9331-78e7-58b7-807f-92a5fa0d9a58""}"
urn:uuid:06079ca4-9b04-5bda-b5f4-fffe7a6aa675,rights_assignment,"{""dataset_id"":""urn:uuid:6090fc4b-b34d-5cff-8f65-acaa06ddd1fc"",""id"":""urn:uuid:06079ca4-9b04-5bda-b5f4-fffe7a6aa675"",""normalized_state"":""published"",""owner_authority_id"":""urn:uuid:4dea4d1d-09ba-504e-9fcd-83524281ca97"",""owner_native_state"":""admitted"",""payload"":{""assignment_state"":""effective"",""inheritance"":""direct_from_pilot_unit"",""rights_id"":""urn:uuid:71eb9923-410e-55f2-8fe6-41dc669a8635"",""target_id"":""urn:uuid:f8e22a2d-68e2-5902-8b8f-e8d6c03edea0"",""target_native_id"":""urn:uuid:3baa871b-1567-542a-a737-6c7929d86e50""},""record_type"":""rights_assignment"",""recorded_at"":""2026-08-30T00:00:00Z"",""semantic_key"":""b10:dmoi4:rights-assignment:urn:uuid:3baa871b-1567-542a-a737-6c7929d86e50""}"
urn:uuid:a670885b-4245-50ec-99a1-bb887e52f163,rights_assignment,"{""dataset_id"":""urn:uuid:6090fc4b-b34d-5cff-8f65-acaa06ddd1fc"",""id"":""urn:uuid:a670885b-4245-50ec-99a1-bb887e52f163"",""normalized_state"":""published"",""owner_authority_id"":""urn:uuid:4dea4d1d-09ba-504e-9fcd-83524281ca97"",""owner_native_state"":""admitted"",""payload"":{""assignment_state"":""effective"",""inheritance"":""direct_from_pilot_unit"",""rights_id"":""urn:uuid:71eb9923-410e-55f2-8fe6-41dc669a8635"",""target_id"":""urn:uuid:7309e993-9633-5f8c-9a5e-fd451f825ebd"",""target_native_id"":""urn:uuid:44d6530d-226d-5d56-a3e0-2f0534534958""},""record_type"":""rights_assignment"",""recorded_at"":""2026-08-30T00:00:00Z"",""semantic_key"":""b10:dmoi4:rights-assignment:urn:uuid:44d6530d-226d-5d56-a3e0-2f0534534958""}"
urn:uuid:d55f5ac8-bb8d-541b-8f83-30f4fd673349,rights_assignment,"{""dataset_id"":""urn:uuid:6090fc4b-b34d-5cff-8f65-acaa06ddd1fc"",""id"":""urn:uuid:d55f5ac8-bb8d-541b-8f83-30f4fd673349"",""normalized_state"":""published"",""owner_authority_id"":""urn:uuid:4dea4d1d-09ba-504e-9fcd-83524281ca97"",""owner_native_state"":""admitted"",""payload"":{""assignment_state"":""effective"",""inheritance"":""direct_from_pilot_unit"",""rights_id"":""urn:uuid:71eb9923-410e-55f2-8fe6-41dc669a8635"",""target_id"":""urn:uuid:dd923b91-846f-5016-8764-37b6c2a9fe60"",""target_native_id"":""urn:uuid:099de06e-dd3d-5711-ba9e-5edc11026831""},""record_type"":""rights_assignment"",""recorded_at"":""2026-08-30T00:00:00Z"",""semantic_key"":""b10:dmoi4:rights-assignment:urn:uuid:099de06e-dd3d-5711-ba9e-5edc11026831""}"
urn:uuid:ac464bdd-a39e-5937-b9d3-3c555feb18e5,rights_assignment,"{""dataset_id"":""urn:uuid:6090fc4b-b34d-5cff-8f65-acaa06ddd1fc"",""id"":""urn:uuid:ac464bdd-a39e-5937-b9d3-3c555feb18e5"",""normalized_state"":""published"",""owner_authority_id"":""urn:uuid:4dea4d1d-09ba-504e-9fcd-83524281ca97"",""owner_native_state"":""admitted"",""payload"":{""assignment_state"":""effective"",""inheritance"":""direct_from_pilot_unit"",""rights_id"":""urn:uuid:71eb9923-410e-55f2-8fe6-41dc669a8635"",""target_id"":""urn:uuid:a29013a5-e291-515c-96a1-17e7b18db95f"",""target_native_id"":""urn:uuid:84a0b4ee-3d47-548f-9073-51c24cf75ed0""},""record_type"":""rights_assignment"",""recorded_at"":""2026-08-30T00:00:00Z"",""semantic_key"":""b10:dmoi4:rights-assignment:urn:uuid:84a0b4ee-3d47-548f-9073-51c24cf75ed0""}"
urn:uuid:dd2c567d-469d-55c7-9982-ede58d51a9c2,rights_assignment,"{""dataset_id"":""urn:uuid:6090fc4b-b34d-5cff-8f65-acaa06ddd1fc"",""id"":""urn:uuid:dd2c567d-469d-55c7-9982-ede58d51a9c2"",""normalized_state"":""published"",""owner_authority_id"":""urn:uuid:4dea4d1d-09ba-504e-9fcd-83524281ca97"",""owner_native_state"":""admitted"",""payload"":{""assignment_state"":""effective"",""inheritance"":""direct_from_pilot_unit"",""rights_id"":""urn:uuid:71eb9923-410e-55f2-8fe6-41dc669a8635"",""target_id"":""urn:uuid:1fc96fe6-56b6-5931-b17a-e8213f9e4159"",""target_native_id"":""urn:uuid:727faf70-fb80-598a-b57d-55e3269ab2d3""},""record_type"":""rights_assignment"",""recorded_at"":""2026-08-30T00:00:00Z"",""semantic_key"":""b10:dmoi4:rights-assignment:urn:uuid:727faf70-fb80-598a-b57d-55e3269ab2d3""}"
urn:uuid:f541e572-7b9c-5949-ba88-166a7566a44d,rights_assignment,"{""dataset_id"":""urn:uuid:6090fc4b-b34d-5cff-8f65-acaa06ddd1fc"",""id"":""urn:uuid:f541e572-7b9c-5949-ba88-166a7566a44d"",""normalized_state"":""published"",""owner_authority_id"":""urn:uuid:4dea4d1d-09ba-504e-9fcd-83524281ca97"",""owner_native_state"":""admitted"",""payload"":{""assignment_state"":""effective"",""inheritance"":""direct_from_pilot_unit"",""rights_id"":""urn:uuid:71eb9923-410e-55f2-8fe6-41dc669a8635"",""target_id"":""urn:uuid:c57200be-10d2-5305-a998-25e8b4b18616"",""target_native_id"":""urn:uuid:7d4d1886-a979-5088-9373-2111449294f9""},""record_type"":""rights_assignment"",""recorded_at"":""2026-08-30T00:00:00Z"",""semantic_key"":""b10:dmoi4:rights-assignment:urn:uuid:7d4d1886-a979-5088-9373-2111449294f9""}"
urn:uuid:5e994892-bfb2-57ad-88d8-b40fbb1c06ea,rights_assignment,"{""dataset_id"":""urn:uuid:6090fc4b-b34d-5cff-8f65-acaa06ddd1fc"",""id"":""urn:uuid:5e994892-bfb2-57ad-88d8-b40fbb1c06ea"",""normalized_state"":""published"",""owner_authority_id"":""urn:uuid:4dea4d1d-09ba-504e-9fcd-83524281ca97"",""owner_native_state"":""admitted"",""payload"":{""assignment_state"":""effective"",""inheritance"":""direct_from_pilot_unit"",""rights_id"":""urn:uuid:71eb9923-410e-55f2-8fe6-41dc669a8635"",""target_id"":""urn:uuid:89344072-c970-5a5b-98c2-7fe41f60e79b"",""target_native_id"":""urn:uuid:65c9c582-b808-5217-9628-502da401bcff""},""record_type"":""rights_assignment"",""recorded_at"":""2026-08-30T00:00:00Z"",""semantic_key"":""b10:dmoi4:rights-assignment:urn:uuid:65c9c582-b808-5217-9628-502da401bcff""}"
urn:uuid:6f8f8ffc-264a-5f99-8701-fcde2e433061,rights_assignment,"{""dataset_id"":""urn:uuid:6090fc4b-b34d-5cff-8f65-acaa06ddd1fc"",""id"":""urn:uuid:6f8f8ffc-264a-5f99-8701-fcde2e433061"",""normalized_state"":""published"",""owner_authority_id"":""urn:uuid:4dea4d1d-09ba-504e-9fcd-83524281ca97"",""owner_native_state"":""admitted"",""payload"":{""assignment_state"":""effective"",""inheritance"":""direct_from_pilot_unit"",""rights_id"":""urn:uuid:71eb9923-410e-55f2-8fe6-41dc669a8635"",""target_id"":""urn:uuid:ef730354-fcf4-56f6-8f73-309a8ead5205"",""target_native_id"":""urn:uuid:b0294629-644e-589a-a3f1-e15026068f08""},""record_type"":""rights_assignment"",""recorded_at"":""2026-08-30T00:00:00Z"",""semantic_key"":""b10:dmoi4:rights-assignment:urn:uuid:b0294629-644e-589a-a3f1-e15026068f08""}"
urn:uuid:8a082875-cd79-5d1e-bf33-3136093fd445,rights_assignment,"{""dataset_id"":""urn:uuid:6090fc4b-b34d-5cff-8f65-acaa06ddd1fc"",""id"":""urn:uuid:8a082875-cd79-5d1e-bf33-3136093fd445"",""normalized_state"":""published"",""owner_authority_id"":""urn:uuid:4dea4d1d-09ba-504e-9fcd-83524281ca97"",""owner_native_state"":""admitted"",""payload"":{""assignment_state"":""effective"",""inheritance"":""direct_from_pilot_unit"",""rights_id"":""urn:uuid:71eb9923-410e-55f2-8fe6-41dc669a8635"",""target_id"":""urn:uuid:31fa84f6-0db0-5c7a-a050-ef281d7965df"",""target_native_id"":""urn:uuid:f770965c-ec0e-591d-93ef-5236a2c54282""},""record_type"":""rights_assignment"",""recorded_at"":""2026-08-30T00:00:00Z"",""semantic_key"":""b10:dmoi4:rights-assignment:urn:uuid:f770965c-ec0e-591d-93ef-5236a2c54282""}"
urn:uuid:9cc54253-d235-5820-ba55-3d62b586e30e,rights_assignment,"{""dataset_id"":""urn:uuid:6090fc4b-b34d-5cff-8f65-acaa06ddd1fc"",""id"":""urn:uuid:9cc54253-d235-5820-ba55-3d62b586e30e"",""normalized_state"":""published"",""owner_authority_id"":""urn:uuid:4dea4d1d-09ba-504e-9fcd-83524281ca97"",""owner_native_state"":""admitted"",""payload"":{""assignment_state"":""effective"",""inheritance"":""direct_from_pilot_unit"",""rights_id"":""urn:uuid:71eb9923-410e-55f2-8fe6-41dc669a8635"",""target_id"":""urn:uuid:2d7c1c4a-e832-56b2-8082-1813d8639f84"",""target_native_id"":""urn:uuid:257be9f1-c4c3-5d0a-b7fb-efc09e0b7b42""},""record_type"":""rights_assignment"",""recorded_at"":""2026-08-30T00:00:00Z"",""semantic_key"":""b10:dmoi4:rights-assignment:urn:uuid:257be9f1-c4c3-5d0a-b7fb-efc09e0b7b42""}"
urn:uuid:db4b814e-8553-5e9c-a4c7-1a3aeb2fe457,rights_assignment,"{""dataset_id"":""urn:uuid:6090fc4b-b34d-5cff-8f65-acaa06ddd1fc"",""id"":""urn:uuid:db4b814e-8553-5e9c-a4c7-1a3aeb2fe457"",""normalized_state"":""published"",""owner_authority_id"":""urn:uuid:4dea4d1d-09ba-504e-9fcd-83524281ca97"",""owner_native_state"":""admitted"",""payload"":{""assignment_state"":""effective"",""inheritance"":""direct_from_pilot_unit"",""rights_id"":""urn:uuid:71eb9923-410e-55f2-8fe6-41dc669a8635"",""target_id"":""urn:uuid:e3854871-8927-5bfd-be38-f5eb82351bd8"",""target_native_id"":""urn:uuid:83c87ad3-79b9-5294-ab77-803c6a6314a6""},""record_type"":""rights_assignment"",""recorded_at"":""2026-08-30T00:00:00Z"",""semantic_key"":""b10:dmoi4:rights-assignment:urn:uuid:83c87ad3-79b9-5294-ab77-803c6a6314a6""}"
urn:uuid:8f7ad57a-0b1b-5312-95d8-70d626f72774,rights_assignment,"{""dataset_id"":""urn:uuid:6090fc4b-b34d-5cff-8f65-acaa06ddd1fc"",""id"":""urn:uuid:8f7ad57a-0b1b-5312-95d8-70d626f72774"",""normalized_state"":""published"",""owner_authority_id"":""urn:uuid:4dea4d1d-09ba-504e-9fcd-83524281ca97"",""owner_native_state"":""admitted"",""payload"":{""assignment_state"":""effective"",""inheritance"":""direct_from_pilot_unit"",""rights_id"":""urn:uuid:71eb9923-410e-55f2-8fe6-41dc669a8635"",""target_id"":""urn:uuid:516eb4e5-5fc4-582c-b1ab-728320489f0d"",""target_native_id"":""urn:uuid:ea887dd9-0109-5269-bc1e-5f278878e813""},""record_type"":""rights_assignment"",""recorded_at"":""2026-08-30T00:00:00Z"",""semantic_key"":""b10:dmoi4:rights-assignment:urn:uuid:ea887dd9-0109-5269-bc1e-5f278878e813""}"
urn:uuid:8dc62a2b-80d6-5ca7-b94d-780322603c15,rights_assignment,"{""dataset_id"":""urn:uuid:6090fc4b-b34d-5cff-8f65-acaa06ddd1fc"",""id"":""urn:uuid:8dc62a2b-80d6-5ca7-b94d-780322603c15"",""normalized_state"":""published"",""owner_authority_id"":""urn:uuid:4dea4d1d-09ba-504e-9fcd-83524281ca97"",""owner_native_state"":""admitted"",""payload"":{""assignment_state"":""effective"",""inheritance"":""direct_from_pilot_unit"",""rights_id"":""urn:uuid:71eb9923-410e-55f2-8fe6-41dc669a8635"",""target_id"":""urn:uuid:9cd088fc-11b5-54f5-843e-623d2c713954"",""target_native_id"":""urn:uuid:4b5d4a64-95fe-5092-95a6-e35c6de74730""},""record_type"":""rights_assignment"",""recorded_at"":""2026-08-30T00:00:00Z"",""semantic_key"":""b10:dmoi4:rights-assignment:urn:uuid:4b5d4a64-95fe-5092-95a6-e35c6de74730""}"
urn:uuid:b73fc03f-4551-57e7-956a-2284ced3cbc7,rights_assignment,"{""dataset_id"":""urn:uuid:6090fc4b-b34d-5cff-8f65-acaa06ddd1fc"",""id"":""urn:uuid:b73fc03f-4551-57e7-956a-2284ced3cbc7"",""normalized_state"":""published"",""owner_authority_id"":""urn:uuid:4dea4d1d-09ba-504e-9fcd-83524281ca97"",""owner_native_state"":""admitted"",""payload"":{""assignment_state"":""effective"",""inheritance"":""direct_from_pilot_unit"",""rights_id"":""urn:uuid:71eb9923-410e-55f2-8fe6-41dc669a8635"",""target_id"":""urn:uuid:d132fda4-0376-5db7-bf0a-0d00e208a1fe"",""target_native_id"":""urn:uuid:6de6368b-daa0-5d8b-a333-621b4b895de9""},""record_type"":""rights_assignment"",""recorded_at"":""2026-08-30T00:00:00Z"",""semantic_key"":""b10:dmoi4:rights-assignment:urn:uuid:6de6368b-daa0-5d8b-a333-621b4b895de9""}"
urn:uuid:ccc63d9b-c4c3-5fda-afef-5f93d6272ca8,rights_assignment,"{""dataset_id"":""urn:uuid:6090fc4b-b34d-5cff-8f65-acaa06ddd1fc"",""id"":""urn:uuid:ccc63d9b-c4c3-5fda-afef-5f93d6272ca8"",""normalized_state"":""published"",""owner_authority_id"":""urn:uuid:4dea4d1d-09ba-504e-9fcd-83524281ca97"",""owner_native_state"":""admitted"",""payload"":{""assignment_state"":""effective"",""inheritance"":""direct_from_pilot_unit"",""rights_id"":""urn:uuid:71eb9923-410e-55f2-8fe6-41dc669a8635"",""target_id"":""urn:uuid:bcbd642d-8940-5d7a-9ebc-62747bd1f024"",""target_native_id"":""urn:uuid:e755d292-569a-5b8a-b42b-6cf0582af31a""},""record_type"":""rights_assignment"",""recorded_at"":""2026-08-30T00:00:00Z"",""semantic_key"":""b10:dmoi4:rights-assignment:urn:uuid:e755d292-569a-5b8a-b42b-6cf0582af31a""}"
urn:uuid:a789b590-9f04-537c-b0af-3da28241d841,rights_assignment,"{""dataset_id"":""urn:uuid:6090fc4b-b34d-5cff-8f65-acaa06ddd1fc"",""id"":""urn:uuid:a789b590-9f04-537c-b0af-3da28241d841"",""normalized_state"":""published"",""owner_authority_id"":""urn:uuid:4dea4d1d-09ba-504e-9fcd-83524281ca97"",""owner_native_state"":""admitted"",""payload"":{""assignment_state"":""effective"",""inheritance"":""direct_from_pilot_unit"",""rights_id"":""urn:uuid:71eb9923-410e-55f2-8fe6-41dc669a8635"",""target_id"":""urn:uuid:86ef125b-a234-572c-98d6-90e28de9546c"",""target_native_id"":""urn:uuid:eb099a6c-34f6-51cc-a20c-42a915f8036d""},""record_type"":""rights_assignment"",""recorded_at"":""2026-08-30T00:00:00Z"",""semantic_key"":""b10:dmoi4:rights-assignment:urn:uuid:eb099a6c-34f6-51cc-a20c-42a915f8036d""}"
urn:uuid:72f7cd13-faf6-561a-9906-095167138d4d,rights_assignment,"{""dataset_id"":""urn:uuid:6090fc4b-b34d-5cff-8f65-acaa06ddd1fc"",""id"":""urn:uuid:72f7cd13-faf6-561a-9906-095167138d4d"",""normalized_state"":""published"",""owner_authority_id"":""urn:uuid:4dea4d1d-09ba-504e-9fcd-83524281ca97"",""owner_native_state"":""admitted"",""payload"":{""assignment_state"":""effective"",""inheritance"":""direct_from_pilot_unit"",""rights_id"":""urn:uuid:71eb9923-410e-55f2-8fe6-41dc669a8635"",""target_id"":""urn:uuid:ca095221-9ae4-59c4-bc19-150159773e4e"",""target_native_id"":""urn:uuid:cb633525-6d22-50b7-8c9f-08212a6a385d""},""record_type"":""rights_assignment"",""recorded_at"":""2026-08-30T00:00:00Z"",""semantic_key"":""b10:dmoi4:rights-assignment:urn:uuid:cb633525-6d22-50b7-8c9f-08212a6a385d""}"
urn:uuid:88cae5c4-71d3-5580-a6af-df6a5b6d4c8b,rights_assignment,"{""dataset_id"":""urn:uuid:6090fc4b-b34d-5cff-8f65-acaa06ddd1fc"",""id"":""urn:uuid:88cae5c4-71d3-5580-a6af-df6a5b6d4c8b"",""normalized_state"":""published"",""owner_authority_id"":""urn:uuid:4dea4d1d-09ba-504e-9fcd-83524281ca97"",""owner_native_state"":""admitted"",""payload"":{""assignment_state"":""effective"",""inheritance"":""direct_from_pilot_unit"",""rights_id"":""urn:uuid:71eb9923-410e-55f2-8fe6-41dc669a8635"",""target_id"":""urn:uuid:a4e55f0c-9890-56e8-925c-065677424cfa"",""target_native_id"":""urn:uuid:1e7d9dc7-fc2c-5cfd-8bb5-859955d9c31b""},""record_type"":""rights_assignment"",""recorded_at"":""2026-08-30T00:00:00Z"",""semantic_key"":""b10:dmoi4:rights-assignment:urn:uuid:1e7d9dc7-fc2c-5cfd-8bb5-859955d9c31b""}"
urn:uuid:32a101b1-fc95-5b14-8baf-3236dbeae8f1,rights_assignment,"{""dataset_id"":""urn:uuid:6090fc4b-b34d-5cff-8f65-acaa06ddd1fc"",""id"":""urn:uuid:32a101b1-fc95-5b14-8baf-3236dbeae8f1"",""normalized_state"":""published"",""owner_authority_id"":""urn:uuid:4dea4d1d-09ba-504e-9fcd-83524281ca97"",""owner_native_state"":""admitted"",""payload"":{""assignment_state"":""effective"",""inheritance"":""direct_from_pilot_unit"",""rights_id"":""urn:uuid:71eb9923-410e-55f2-8fe6-41dc669a8635"",""target_id"":""urn:uuid:8c8e5889-eb43-54c8-94f9-6e14d1188928"",""target_native_id"":""urn:uuid:a5832a98-b280-5766-bf2e-cc28d8905a49""},""record_type"":""rights_assignment"",""recorded_at"":""2026-08-30T00:00:00Z"",""semantic_key"":""b10:dmoi4:rights-assignment:urn:uuid:a5832a98-b280-5766-bf2e-cc28d8905a49""}"
urn:uuid:6bbdaf1e-ca17-5510-9037-6433bc6f739c,rights_assignment,"{""dataset_id"":""urn:uuid:6090fc4b-b34d-5cff-8f65-acaa06ddd1fc"",""id"":""urn:uuid:6bbdaf1e-ca17-5510-9037-6433bc6f739c"",""normalized_state"":""published"",""owner_authority_id"":""urn:uuid:4dea4d1d-09ba-504e-9fcd-83524281ca97"",""owner_native_state"":""admitted"",""payload"":{""assignment_state"":""effective"",""inheritance"":""direct_from_pilot_unit"",""rights_id"":""urn:uuid:71eb9923-410e-55f2-8fe6-41dc669a8635"",""target_id"":""urn:uuid:321a93e1-8c18-59dc-bf34-102b7f6abfee"",""target_native_id"":""urn:uuid:f9a1a2de-c0d9-5fb3-955a-0ebab5459fed""},""record_type"":""rights_assignment"",""recorded_at"":""2026-08-30T00:00:00Z"",""semantic_key"":""b10:dmoi4:rights-assignment:urn:uuid:f9a1a2de-c0d9-5fb3-955a-0ebab5459fed""}"
urn:uuid:636d3ee8-a0c0-5f56-afdc-fa10ae052dd1,rights_assignment,"{""dataset_id"":""urn:uuid:6090fc4b-b34d-5cff-8f65-acaa06ddd1fc"",""id"":""urn:uuid:636d3ee8-a0c0-5f56-afdc-fa10ae052dd1"",""normalized_state"":""published"",""owner_authority_id"":""urn:uuid:4dea4d1d-09ba-504e-9fcd-83524281ca97"",""owner_native_state"":""admitted"",""payload"":{""assignment_state"":""effective"",""inheritance"":""direct_from_pilot_unit"",""rights_id"":""urn:uuid:71eb9923-410e-55f2-8fe6-41dc669a8635"",""target_id"":""urn:uuid:0f9c2112-394c-57cc-a92b-cf80d80cdabb"",""target_native_id"":""urn:uuid:b9cfe798-1eda-5676-bcb2-35ae152245a0""},""record_type"":""rights_assignment"",""recorded_at"":""2026-08-30T00:00:00Z"",""semantic_key"":""b10:dmoi4:rights-assignment:urn:uuid:b9cfe798-1eda-5676-bcb2-35ae152245a0""}"
urn:uuid:37ce26dc-aa6f-5e8f-80cf-7008d3d0f5be,rights_assignment,"{""dataset_id"":""urn:uuid:6090fc4b-b34d-5cff-8f65-acaa06ddd1fc"",""id"":""urn:uuid:37ce26dc-aa6f-5e8f-80cf-7008d3d0f5be"",""normalized_state"":""published"",""owner_authority_id"":""urn:uuid:4dea4d1d-09ba-504e-9fcd-83524281ca97"",""owner_native_state"":""admitted"",""payload"":{""assignment_state"":""effective"",""inheritance"":""direct_from_pilot_unit"",""rights_id"":""urn:uuid:71eb9923-410e-55f2-8fe6-41dc669a8635"",""target_id"":""urn:uuid:b7a0541f-4f3d-5f21-a26e-7dbcd2f5c814"",""target_native_id"":""urn:uuid:3832a877-42f8-5dbc-8ab2-c1c17e5e38e5""},""record_type"":""rights_assignment"",""recorded_at"":""2026-08-30T00:00:00Z"",""semantic_key"":""b10:dmoi4:rights-assignment:urn:uuid:3832a877-42f8-5dbc-8ab2-c1c17e5e38e5""}"
urn:uuid:2fbdef9b-7486-5bd0-be86-3813d529e940,rights_assignment,"{""dataset_id"":""urn:uuid:6090fc4b-b34d-5cff-8f65-acaa06ddd1fc"",""id"":""urn:uuid:2fbdef9b-7486-5bd0-be86-3813d529e940"",""normalized_state"":""published"",""owner_authority_id"":""urn:uuid:4dea4d1d-09ba-504e-9fcd-83524281ca97"",""owner_native_state"":""admitted"",""payload"":{""assignment_state"":""effective"",""inheritance"":""direct_from_pilot_unit"",""rights_id"":""urn:uuid:71eb9923-410e-55f2-8fe6-41dc669a8635"",""target_id"":""urn:uuid:67788ef1-7b87-5de3-8950-9f600b966c26"",""target_native_id"":""urn:uuid:8190cac9-7d71-5d79-a618-7fdc63a065f9""},""record_type"":""rights_assignment"",""recorded_at"":""2026-08-30T00:00:00Z"",""semantic_key"":""b10:dmoi4:rights-assignment:urn:uuid:8190cac9-7d71-5d79-a618-7fdc63a065f9""}"
urn:uuid:56360322-3176-5159-a7e6-dc7b50bcdca2,rights_assignment,"{""dataset_id"":""urn:uuid:6090fc4b-b34d-5cff-8f65-acaa06ddd1fc"",""id"":""urn:uuid:56360322-3176-5159-a7e6-dc7b50bcdca2"",""normalized_state"":""published"",""owner_authority_id"":""urn:uuid:4dea4d1d-09ba-504e-9fcd-83524281ca97"",""owner_native_state"":""admitted"",""payload"":{""assignment_state"":""effective"",""inheritance"":""direct_from_pilot_unit"",""rights_id"":""urn:uuid:71eb9923-410e-55f2-8fe6-41dc669a8635"",""target_id"":""urn:uuid:ec15bbbb-8c68-53ee-81e5-14e91df5d9ec"",""target_native_id"":""urn:uuid:f25f3d25-e332-5e2f-be48-aa6cb3f52aed""},""record_type"":""rights_assignment"",""recorded_at"":""2026-08-30T00:00:00Z"",""semantic_key"":""b10:dmoi4:rights-assignment:urn:uuid:f25f3d25-e332-5e2f-be48-aa6cb3f52aed""}"
urn:uuid:3e725e9d-a7be-52dc-9e8a-5c7bc80be21a,rights_assignment,"{""dataset_id"":""urn:uuid:6090fc4b-b34d-5cff-8f65-acaa06ddd1fc"",""id"":""urn:uuid:3e725e9d-a7be-52dc-9e8a-5c7bc80be21a"",""normalized_state"":""published"",""owner_authority_id"":""urn:uuid:4dea4d1d-09ba-504e-9fcd-83524281ca97"",""owner_native_state"":""admitted"",""payload"":{""assignment_state"":""effective"",""inheritance"":""direct_from_pilot_unit"",""rights_id"":""urn:uuid:71eb9923-410e-55f2-8fe6-41dc669a8635"",""target_id"":""urn:uuid:8a3f06ce-3e74-506e-a699-c363f9deb50b"",""target_native_id"":""urn:uuid:e7defa00-7fc3-5e8c-82b0-175177750bce""},""record_type"":""rights_assignment"",""recorded_at"":""2026-08-30T00:00:00Z"",""semantic_key"":""b10:dmoi4:rights-assignment:urn:uuid:e7defa00-7fc3-5e8c-82b0-175177750bce""}"
urn:uuid:1afb9417-5687-5a4b-9935-de7676e00872,rights_assignment,"{""dataset_id"":""urn:uuid:6090fc4b-b34d-5cff-8f65-acaa06ddd1fc"",""id"":""urn:uuid:1afb9417-5687-5a4b-9935-de7676e00872"",""normalized_state"":""published"",""owner_authority_id"":""urn:uuid:4dea4d1d-09ba-504e-9fcd-83524281ca97"",""owner_native_state"":""admitted"",""payload"":{""assignment_state"":""effective"",""inheritance"":""direct_from_pilot_unit"",""rights_id"":""urn:uuid:71eb9923-410e-55f2-8fe6-41dc669a8635"",""target_id"":""urn:uuid:e7643c9b-51b1-5a5e-bf63-ce3e6b7b5e19"",""target_native_id"":""urn:uuid:46e4715d-b87f-5a1b-8f0b-13391d54822f""},""record_type"":""rights_assignment"",""recorded_at"":""2026-08-30T00:00:00Z"",""semantic_key"":""b10:dmoi4:rights-assignment:urn:uuid:46e4715d-b87f-5a1b-8f0b-13391d54822f""}"
urn:uuid:b83ee67d-0f37-53ef-9b85-4ed0cc415f19,rights_assignment,"{""dataset_id"":""urn:uuid:6090fc4b-b34d-5cff-8f65-acaa06ddd1fc"",""id"":""urn:uuid:b83ee67d-0f37-53ef-9b85-4ed0cc415f19"",""normalized_state"":""published"",""owner_authority_id"":""urn:uuid:4dea4d1d-09ba-504e-9fcd-83524281ca97"",""owner_native_state"":""admitted"",""payload"":{""assignment_state"":""effective"",""inheritance"":""direct_from_pilot_unit"",""rights_id"":""urn:uuid:71eb9923-410e-55f2-8fe6-41dc669a8635"",""target_id"":""urn:uuid:1a61f843-766b-5ab0-8caa-7ad6f75f241d"",""target_native_id"":""urn:uuid:04ec8099-78a5-58ca-b8e7-bb113bb2020a""},""record_type"":""rights_assignment"",""recorded_at"":""2026-08-30T00:00:00Z"",""semantic_key"":""b10:dmoi4:rights-assignment:urn:uuid:04ec8099-78a5-58ca-b8e7-bb113bb2020a""}"
urn:uuid:5ab9baad-7ee3-5c36-b956-7e89ebc1bee7,rights_assignment,"{""dataset_id"":""urn:uuid:6090fc4b-b34d-5cff-8f65-acaa06ddd1fc"",""id"":""urn:uuid:5ab9baad-7ee3-5c36-b956-7e89ebc1bee7"",""normalized_state"":""published"",""owner_authority_id"":""urn:uuid:4dea4d1d-09ba-504e-9fcd-83524281ca97"",""owner_native_state"":""admitted"",""payload"":{""assignment_state"":""effective"",""inheritance"":""direct_from_pilot_unit"",""rights_id"":""urn:uuid:71eb9923-410e-55f2-8fe6-41dc669a8635"",""target_id"":""urn:uuid:742242f6-5e88-5b3c-9694-cb600784d6a5"",""target_native_id"":""urn:uuid:b2e4bd61-071e-514c-8788-c44863c4b8ef""},""record_type"":""rights_assignment"",""recorded_at"":""2026-08-30T00:00:00Z"",""semantic_key"":""b10:dmoi4:rights-assignment:urn:uuid:b2e4bd61-071e-514c-8788-c44863c4b8ef""}"
urn:uuid:54c2273a-d339-50bf-bc08-371ea592fc13,rights_assignment,"{""dataset_id"":""urn:uuid:6090fc4b-b34d-5cff-8f65-acaa06ddd1fc"",""id"":""urn:uuid:54c2273a-d339-50bf-bc08-371ea592fc13"",""normalized_state"":""published"",""owner_authority_id"":""urn:uuid:4dea4d1d-09ba-504e-9fcd-83524281ca97"",""owner_native_state"":""admitted"",""payload"":{""assignment_state"":""effective"",""inheritance"":""direct_from_pilot_unit"",""rights_id"":""urn:uuid:71eb9923-410e-55f2-8fe6-41dc669a8635"",""target_id"":""urn:uuid:84f368f1-2de4-5967-803d-0d82da660a94"",""target_native_id"":""urn:uuid:fbd6c617-604f-56b8-8ad2-4eb0c3788400""},""record_type"":""rights_assignment"",""recorded_at"":""2026-08-30T00:00:00Z"",""semantic_key"":""b10:dmoi4:rights-assignment:urn:uuid:fbd6c617-604f-56b8-8ad2-4eb0c3788400""}"
urn:uuid:a1456e88-4eed-5338-896f-45fffc3761c2,rights_assignment,"{""dataset_id"":""urn:uuid:6090fc4b-b34d-5cff-8f65-acaa06ddd1fc"",""id"":""urn:uuid:a1456e88-4eed-5338-896f-45fffc3761c2"",""normalized_state"":""published"",""owner_authority_id"":""urn:uuid:4dea4d1d-09ba-504e-9fcd-83524281ca97"",""owner_native_state"":""admitted"",""payload"":{""assignment_state"":""effective"",""inheritance"":""direct_from_pilot_unit"",""rights_id"":""urn:uuid:71eb9923-410e-55f2-8fe6-41dc669a8635"",""target_id"":""urn:uuid:ff7c27a3-526a-5467-8ef3-38b349d0dce6"",""target_native_id"":""urn:uuid:9da9f3a0-81ce-561b-b625-1fe204a5212a""},""record_type"":""rights_assignment"",""recorded_at"":""2026-08-30T00:00:00Z"",""semantic_key"":""b10:dmoi4:rights-assignment:urn:uuid:9da9f3a0-81ce-561b-b625-1fe204a5212a""}"
urn:uuid:4fa7d9d0-49a4-5c88-ae78-8f8bcc676979,rights_assignment,"{""dataset_id"":""urn:uuid:6090fc4b-b34d-5cff-8f65-acaa06ddd1fc"",""id"":""urn:uuid:4fa7d9d0-49a4-5c88-ae78-8f8bcc676979"",""normalized_state"":""published"",""owner_authority_id"":""urn:uuid:4dea4d1d-09ba-504e-9fcd-83524281ca97"",""owner_native_state"":""admitted"",""payload"":{""assignment_state"":""effective"",""inheritance"":""direct_from_pilot_unit"",""rights_id"":""urn:uuid:71eb9923-410e-55f2-8fe6-41dc669a8635"",""target_id"":""urn:uuid:d38c092a-aefd-5d86-8bac-caf0f6f81613"",""target_native_id"":""urn:uuid:4ef2642b-2925-5749-bdc1-e15a4f93f02b""},""record_type"":""rights_assignment"",""recorded_at"":""2026-08-30T00:00:00Z"",""semantic_key"":""b10:dmoi4:rights-assignment:urn:uuid:4ef2642b-2925-5749-bdc1-e15a4f93f02b""}"
urn:uuid:b9164be3-4527-511d-b80c-e1017762b4d1,rights_assignment,"{""dataset_id"":""urn:uuid:6090fc4b-b34d-5cff-8f65-acaa06ddd1fc"",""id"":""urn:uuid:b9164be3-4527-511d-b80c-e1017762b4d1"",""normalized_state"":""published"",""owner_authority_id"":""urn:uuid:4dea4d1d-09ba-504e-9fcd-83524281ca97"",""owner_native_state"":""admitted"",""payload"":{""assignment_state"":""effective"",""inheritance"":""direct_from_pilot_unit"",""rights_id"":""urn:uuid:71eb9923-410e-55f2-8fe6-41dc669a8635"",""target_id"":""urn:uuid:f382f851-55e1-5533-8113-fcc9ad23bfef"",""target_native_id"":""urn:uuid:f129b20d-a414-59f9-92ac-edbce3cf021d""},""record_type"":""rights_assignment"",""recorded_at"":""2026-08-30T00:00:00Z"",""semantic_key"":""b10:dmoi4:rights-assignment:urn:uuid:f129b20d-a414-59f9-92ac-edbce3cf021d""}"
urn:uuid:32d73259-837e-5663-8323-405a8292aca9,rights_assignment,"{""dataset_id"":""urn:uuid:6090fc4b-b34d-5cff-8f65-acaa06ddd1fc"",""id"":""urn:uuid:32d73259-837e-5663-8323-405a8292aca9"",""normalized_state"":""published"",""owner_authority_id"":""urn:uuid:4dea4d1d-09ba-504e-9fcd-83524281ca97"",""owner_native_state"":""admitted"",""payload"":{""assignment_state"":""effective"",""inheritance"":""direct_from_pilot_unit"",""rights_id"":""urn:uuid:71eb9923-410e-55f2-8fe6-41dc669a8635"",""target_id"":""urn:uuid:63c35ed2-dcef-58d1-b115-2d4b9f50167d"",""target_native_id"":""urn:uuid:19ea5430-df56-5790-850c-cc430bf1b015""},""record_type"":""rights_assignment"",""recorded_at"":""2026-08-30T00:00:00Z"",""semantic_key"":""b10:dmoi4:rights-assignment:urn:uuid:19ea5430-df56-5790-850c-cc430bf1b015""}"
urn:uuid:7513e6f0-aefd-5f9c-9b58-9ef1cf4f47be,rights_assignment,"{""dataset_id"":""urn:uuid:6090fc4b-b34d-5cff-8f65-acaa06ddd1fc"",""id"":""urn:uuid:7513e6f0-aefd-5f9c-9b58-9ef1cf4f47be"",""normalized_state"":""published"",""owner_authority_id"":""urn:uuid:4dea4d1d-09ba-504e-9fcd-83524281ca97"",""owner_native_state"":""admitted"",""payload"":{""assignment_state"":""effective"",""inheritance"":""direct_from_pilot_unit"",""rights_id"":""urn:uuid:71eb9923-410e-55f2-8fe6-41dc669a8635"",""target_id"":""urn:uuid:c8ad07a5-4800-5e85-b1b7-c3491ccb6008"",""target_native_id"":""urn:uuid:d77ac50a-8e92-5fb4-b32d-2884d673b368""},""record_type"":""rights_assignment"",""recorded_at"":""2026-08-30T00:00:00Z"",""semantic_key"":""b10:dmoi4:rights-assignment:urn:uuid:d77ac50a-8e92-5fb4-b32d-2884d673b368""}"
urn:uuid:bcc77e0b-6a78-5dd9-8a1e-bc11afac0afd,rights_assignment,"{""dataset_id"":""urn:uuid:6090fc4b-b34d-5cff-8f65-acaa06ddd1fc"",""id"":""urn:uuid:bcc77e0b-6a78-5dd9-8a1e-bc11afac0afd"",""normalized_state"":""published"",""owner_authority_id"":""urn:uuid:4dea4d1d-09ba-504e-9fcd-83524281ca97"",""owner_native_state"":""admitted"",""payload"":{""assignment_state"":""effective"",""inheritance"":""direct_from_pilot_unit"",""rights_id"":""urn:uuid:71eb9923-410e-55f2-8fe6-41dc669a8635"",""target_id"":""urn:uuid:1fabeeeb-9b09-5c0b-953a-67ed60765ce4"",""target_native_id"":""urn:uuid:b7c2189f-42cf-5bf5-8458-d6c20d5ea6df""},""record_type"":""rights_assignment"",""recorded_at"":""2026-08-30T00:00:00Z"",""semantic_key"":""b10:dmoi4:rights-assignment:urn:uuid:b7c2189f-42cf-5bf5-8458-d6c20d5ea6df""}"
urn:uuid:c3b23333-3460-5a25-a717-357b424c340b,rights_assignment,"{""dataset_id"":""urn:uuid:6090fc4b-b34d-5cff-8f65-acaa06ddd1fc"",""id"":""urn:uuid:c3b23333-3460-5a25-a717-357b424c340b"",""normalized_state"":""published"",""owner_authority_id"":""urn:uuid:4dea4d1d-09ba-504e-9fcd-83524281ca97"",""owner_native_state"":""admitted"",""payload"":{""assignment_state"":""effective"",""inheritance"":""direct_from_pilot_unit"",""rights_id"":""urn:uuid:71eb9923-410e-55f2-8fe6-41dc669a8635"",""target_id"":""urn:uuid:6dfd9475-193b-54bf-801e-054da99b2b7a"",""target_native_id"":""urn:uuid:5464d3ea-6b6d-58da-b255-60bf456cc8b4""},""record_type"":""rights_assignment"",""recorded_at"":""2026-08-30T00:00:00Z"",""semantic_key"":""b10:dmoi4:rights-assignment:urn:uuid:5464d3ea-6b6d-58da-b255-60bf456cc8b4""}"
urn:uuid:2837a319-92b6-5637-b83f-ea27fd2bdd12,rights_assignment,"{""dataset_id"":""urn:uuid:6090fc4b-b34d-5cff-8f65-acaa06ddd1fc"",""id"":""urn:uuid:2837a319-92b6-5637-b83f-ea27fd2bdd12"",""normalized_state"":""published"",""owner_authority_id"":""urn:uuid:4dea4d1d-09ba-504e-9fcd-83524281ca97"",""owner_native_state"":""admitted"",""payload"":{""assignment_state"":""effective"",""inheritance"":""direct_from_pilot_unit"",""rights_id"":""urn:uuid:71eb9923-410e-55f2-8fe6-41dc669a8635"",""target_id"":""urn:uuid:e1e4f925-1208-5354-8f93-0f01fd5b54fb"",""target_native_id"":""urn:uuid:05228726-9598-56be-b15b-26a83661d0d2""},""record_type"":""rights_assignment"",""recorded_at"":""2026-08-30T00:00:00Z"",""semantic_key"":""b10:dmoi4:rights-assignment:urn:uuid:05228726-9598-56be-b15b-26a83661d0d2""}"
urn:uuid:43087748-c9ad-5f9a-bd7b-b40ef011feeb,rights_assignment,"{""dataset_id"":""urn:uuid:6090fc4b-b34d-5cff-8f65-acaa06ddd1fc"",""id"":""urn:uuid:43087748-c9ad-5f9a-bd7b-b40ef011feeb"",""normalized_state"":""published"",""owner_authority_id"":""urn:uuid:4dea4d1d-09ba-504e-9fcd-83524281ca97"",""owner_native_state"":""admitted"",""payload"":{""assignment_state"":""effective"",""inheritance"":""direct_from_pilot_unit"",""rights_id"":""urn:uuid:71eb9923-410e-55f2-8fe6-41dc669a8635"",""target_id"":""urn:uuid:f1a446c5-d80b-5a0d-9afb-a905c0011e5b"",""target_native_id"":""urn:uuid:c927259d-6c0f-528f-bb08-a485b1e2b23c""},""record_type"":""rights_assignment"",""recorded_at"":""2026-08-30T00:00:00Z"",""semantic_key"":""b10:dmoi4:rights-assignment:urn:uuid:c927259d-6c0f-528f-bb08-a485b1e2b23c""}"
urn:uuid:0f0dd51d-5e03-550b-ac2a-3192a0463fdd,rights_assignment,"{""dataset_id"":""urn:uuid:6090fc4b-b34d-5cff-8f65-acaa06ddd1fc"",""id"":""urn:uuid:0f0dd51d-5e03-550b-ac2a-3192a0463fdd"",""normalized_state"":""published"",""owner_authority_id"":""urn:uuid:4dea4d1d-09ba-504e-9fcd-83524281ca97"",""owner_native_state"":""admitted"",""payload"":{""assignment_state"":""effective"",""inheritance"":""direct_from_pilot_unit"",""rights_id"":""urn:uuid:71eb9923-410e-55f2-8fe6-41dc669a8635"",""target_id"":""urn:uuid:44ae7401-4761-5c46-88a5-4b7d027ff5c4"",""target_native_id"":""urn:uuid:c854155b-85ad-5ce2-9533-dc610468de47""},""record_type"":""rights_assignment"",""recorded_at"":""2026-08-30T00:00:00Z"",""semantic_key"":""b10:dmoi4:rights-assignment:urn:uuid:c854155b-85ad-5ce2-9533-dc610468de47""}"
urn:uuid:fa99358b-5d5d-5ac3-8386-5c34136403f6,rights_assignment,"{""dataset_id"":""urn:uuid:6090fc4b-b34d-5cff-8f65-acaa06ddd1fc"",""id"":""urn:uuid:fa99358b-5d5d-5ac3-8386-5c34136403f6"",""normalized_state"":""published"",""owner_authority_id"":""urn:uuid:4dea4d1d-09ba-504e-9fcd-83524281ca97"",""owner_native_state"":""admitted"",""payload"":{""assignment_state"":""effective"",""inheritance"":""direct_from_pilot_unit"",""rights_id"":""urn:uuid:71eb9923-410e-55f2-8fe6-41dc669a8635"",""target_id"":""urn:uuid:42700e28-d348-5ec0-8938-08604aca7de7"",""target_native_id"":""urn:uuid:7c45b75d-93d7-5cd3-8455-0164181f30aa""},""record_type"":""rights_assignment"",""recorded_at"":""2026-08-30T00:00:00Z"",""semantic_key"":""b10:dmoi4:rights-assignment:urn:uuid:7c45b75d-93d7-5cd3-8455-0164181f30aa""}"
urn:uuid:542e786b-2152-5ddd-8c4e-70eeff7fe0c4,rights_assignment,"{""dataset_id"":""urn:uuid:6090fc4b-b34d-5cff-8f65-acaa06ddd1fc"",""id"":""urn:uuid:542e786b-2152-5ddd-8c4e-70eeff7fe0c4"",""normalized_state"":""published"",""owner_authority_id"":""urn:uuid:4dea4d1d-09ba-504e-9fcd-83524281ca97"",""owner_native_state"":""admitted"",""payload"":{""assignment_state"":""effective"",""inheritance"":""direct_from_pilot_unit"",""rights_id"":""urn:uuid:71eb9923-410e-55f2-8fe6-41dc669a8635"",""target_id"":""urn:uuid:59deb509-3300-5a48-a499-541f1290c16a"",""target_native_id"":""urn:uuid:63f1de2a-8925-536e-8ebd-c1c73ffef03a""},""record_type"":""rights_assignment"",""recorded_at"":""2026-08-30T00:00:00Z"",""semantic_key"":""b10:dmoi4:rights-assignment:urn:uuid:63f1de2a-8925-536e-8ebd-c1c73ffef03a""}"
urn:uuid:84513348-ddb9-5f82-93f7-2275c137346c,rights_assignment,"{""dataset_id"":""urn:uuid:6090fc4b-b34d-5cff-8f65-acaa06ddd1fc"",""id"":""urn:uuid:84513348-ddb9-5f82-93f7-2275c137346c"",""normalized_state"":""published"",""owner_authority_id"":""urn:uuid:4dea4d1d-09ba-504e-9fcd-83524281ca97"",""owner_native_state"":""admitted"",""payload"":{""assignment_state"":""effective"",""inheritance"":""direct_from_pilot_unit"",""rights_id"":""urn:uuid:71eb9923-410e-55f2-8fe6-41dc669a8635"",""target_id"":""urn:uuid:53f81a86-1444-5fc1-bebc-fb5a478d6ded"",""target_native_id"":""urn:uuid:2165682e-6bfc-57d9-b21d-df415f38ef6d""},""record_type"":""rights_assignment"",""recorded_at"":""2026-08-30T00:00:00Z"",""semantic_key"":""b10:dmoi4:rights-assignment:urn:uuid:2165682e-6bfc-57d9-b21d-df415f38ef6d""}"
urn:uuid:d1f002b5-9580-5ec5-b991-d88ad05c43c1,rights_assignment,"{""dataset_id"":""urn:uuid:6090fc4b-b34d-5cff-8f65-acaa06ddd1fc"",""id"":""urn:uuid:d1f002b5-9580-5ec5-b991-d88ad05c43c1"",""normalized_state"":""published"",""owner_authority_id"":""urn:uuid:4dea4d1d-09ba-504e-9fcd-83524281ca97"",""owner_native_state"":""admitted"",""payload"":{""assignment_state"":""effective"",""inheritance"":""direct_from_pilot_unit"",""rights_id"":""urn:uuid:71eb9923-410e-55f2-8fe6-41dc669a8635"",""target_id"":""urn:uuid:bdf3fecc-3f79-51d2-8ae9-e729814b2b4b"",""target_native_id"":""urn:uuid:484c12d8-d40e-559a-8c96-8a0131755ea3""},""record_type"":""rights_assignment"",""recorded_at"":""2026-08-30T00:00:00Z"",""semantic_key"":""b10:dmoi4:rights-assignment:urn:uuid:484c12d8-d40e-559a-8c96-8a0131755ea3""}"
urn:uuid:e51f8004-17e8-5c4b-9026-7e181c10ab2b,rights_assignment,"{""dataset_id"":""urn:uuid:6090fc4b-b34d-5cff-8f65-acaa06ddd1fc"",""id"":""urn:uuid:e51f8004-17e8-5c4b-9026-7e181c10ab2b"",""normalized_state"":""published"",""owner_authority_id"":""urn:uuid:4dea4d1d-09ba-504e-9fcd-83524281ca97"",""owner_native_state"":""admitted"",""payload"":{""assignment_state"":""effective"",""inheritance"":""direct_from_pilot_unit"",""rights_id"":""urn:uuid:71eb9923-410e-55f2-8fe6-41dc669a8635"",""target_id"":""urn:uuid:32ca07e9-52d1-52cf-b7ae-85c925d20fed"",""target_native_id"":""urn:uuid:c4d80cc8-36c6-5b2e-a1c2-71ad1af56257""},""record_type"":""rights_assignment"",""recorded_at"":""2026-08-30T00:00:00Z"",""semantic_key"":""b10:dmoi4:rights-assignment:urn:uuid:c4d80cc8-36c6-5b2e-a1c2-71ad1af56257""}"
urn:uuid:2eceb3dd-5b84-5545-bce3-f25c8e2f3104,rights_assignment,"{""dataset_id"":""urn:uuid:6090fc4b-b34d-5cff-8f65-acaa06ddd1fc"",""id"":""urn:uuid:2eceb3dd-5b84-5545-bce3-f25c8e2f3104"",""normalized_state"":""published"",""owner_authority_id"":""urn:uuid:4dea4d1d-09ba-504e-9fcd-83524281ca97"",""owner_native_state"":""admitted"",""payload"":{""assignment_state"":""effective"",""inheritance"":""direct_from_pilot_unit"",""rights_id"":""urn:uuid:71eb9923-410e-55f2-8fe6-41dc669a8635"",""target_id"":""urn:uuid:ad59b9ba-8883-51fe-886e-56c748b5fe88"",""target_native_id"":""urn:uuid:af7192b1-fad3-5515-a720-202fac07f022""},""record_type"":""rights_assignment"",""recorded_at"":""2026-08-30T00:00:00Z"",""semantic_key"":""b10:dmoi4:rights-assignment:urn:uuid:af7192b1-fad3-5515-a720-202fac07f022""}"
urn:uuid:a7a390c4-622a-5742-b747-21b5488b8e2d,rights_assignment,"{""dataset_id"":""urn:uuid:6090fc4b-b34d-5cff-8f65-acaa06ddd1fc"",""id"":""urn:uuid:a7a390c4-622a-5742-b747-21b5488b8e2d"",""normalized_state"":""published"",""owner_authority_id"":""urn:uuid:4dea4d1d-09ba-504e-9fcd-83524281ca97"",""owner_native_state"":""admitted"",""payload"":{""assignment_state"":""effective"",""inheritance"":""direct_from_pilot_unit"",""rights_id"":""urn:uuid:71eb9923-410e-55f2-8fe6-41dc669a8635"",""target_id"":""urn:uuid:bf78ba46-c556-5946-bf01-23391c99fe21"",""target_native_id"":""urn:uuid:38e23eff-f74f-594b-b46e-57c1dc4dd4ad""},""record_type"":""rights_assignment"",""recorded_at"":""2026-08-30T00:00:00Z"",""semantic_key"":""b10:dmoi4:rights-assignment:urn:uuid:38e23eff-f74f-594b-b46e-57c1dc4dd4ad""}"
urn:uuid:6be08664-08c4-5250-a96e-853fd4904c68,rights_assignment,"{""dataset_id"":""urn:uuid:6090fc4b-b34d-5cff-8f65-acaa06ddd1fc"",""id"":""urn:uuid:6be08664-08c4-5250-a96e-853fd4904c68"",""normalized_state"":""published"",""owner_authority_id"":""urn:uuid:4dea4d1d-09ba-504e-9fcd-83524281ca97"",""owner_native_state"":""admitted"",""payload"":{""assignment_state"":""effective"",""inheritance"":""direct_from_pilot_unit"",""rights_id"":""urn:uuid:71eb9923-410e-55f2-8fe6-41dc669a8635"",""target_id"":""urn:uuid:4182ae10-0790-591a-8477-a22a70292150"",""target_native_id"":""urn:uuid:c79a88a0-6167-594e-93bd-d70ea0b95fc3""},""record_type"":""rights_assignment"",""recorded_at"":""2026-08-30T00:00:00Z"",""semantic_key"":""b10:dmoi4:rights-assignment:urn:uuid:c79a88a0-6167-594e-93bd-d70ea0b95fc3""}"
urn:uuid:02d96d4d-05bd-5985-b6cf-85fc6fee65a6,rights_assignment,"{""dataset_id"":""urn:uuid:6090fc4b-b34d-5cff-8f65-acaa06ddd1fc"",""id"":""urn:uuid:02d96d4d-05bd-5985-b6cf-85fc6fee65a6"",""normalized_state"":""published"",""owner_authority_id"":""urn:uuid:4dea4d1d-09ba-504e-9fcd-83524281ca97"",""owner_native_state"":""admitted"",""payload"":{""assignment_state"":""effective"",""inheritance"":""direct_from_pilot_unit"",""rights_id"":""urn:uuid:71eb9923-410e-55f2-8fe6-41dc669a8635"",""target_id"":""urn:uuid:54c5f6a3-aadb-5ace-9eaa-475711e298a7"",""target_native_id"":""urn:uuid:327e900a-76bf-5a20-86de-0b69b8f0522a""},""record_type"":""rights_assignment"",""recorded_at"":""2026-08-30T00:00:00Z"",""semantic_key"":""b10:dmoi4:rights-assignment:urn:uuid:327e900a-76bf-5a20-86de-0b69b8f0522a""}"
urn:uuid:9746750d-602f-5255-82fc-3c59726a6173,rights_assignment,"{""dataset_id"":""urn:uuid:6090fc4b-b34d-5cff-8f65-acaa06ddd1fc"",""id"":""urn:uuid:9746750d-602f-5255-82fc-3c59726a6173"",""normalized_state"":""published"",""owner_authority_id"":""urn:uuid:4dea4d1d-09ba-504e-9fcd-83524281ca97"",""owner_native_state"":""admitted"",""payload"":{""assignment_state"":""effective"",""inheritance"":""direct_from_pilot_unit"",""rights_id"":""urn:uuid:71eb9923-410e-55f2-8fe6-41dc669a8635"",""target_id"":""urn:uuid:88e0e0e6-b2b4-59c9-9f48-2b32fae0f2c3"",""target_native_id"":""urn:uuid:c4b8c85f-a37a-5743-86ff-d4eb182a9667""},""record_type"":""rights_assignment"",""recorded_at"":""2026-08-30T00:00:00Z"",""semantic_key"":""b10:dmoi4:rights-assignment:urn:uuid:c4b8c85f-a37a-5743-86ff-d4eb182a9667""}"
urn:uuid:54f0135c-dc65-53a7-8f69-46e72c85ef52,rights_assignment,"{""dataset_id"":""urn:uuid:6090fc4b-b34d-5cff-8f65-acaa06ddd1fc"",""id"":""urn:uuid:54f0135c-dc65-53a7-8f69-46e72c85ef52"",""normalized_state"":""published"",""owner_authority_id"":""urn:uuid:4dea4d1d-09ba-504e-9fcd-83524281ca97"",""owner_native_state"":""admitted"",""payload"":{""assignment_state"":""effective"",""inheritance"":""direct_from_pilot_unit"",""rights_id"":""urn:uuid:71eb9923-410e-55f2-8fe6-41dc669a8635"",""target_id"":""urn:uuid:f17f6dd3-3587-5e90-87d4-077067c35f55"",""target_native_id"":""urn:uuid:8b921663-895a-58ba-a836-1e32ad9795a5""},""record_type"":""rights_assignment"",""recorded_at"":""2026-08-30T00:00:00Z"",""semantic_key"":""b10:dmoi4:rights-assignment:urn:uuid:8b921663-895a-58ba-a836-1e32ad9795a5""}"
urn:uuid:e33748cc-48cb-59c3-933e-440ea4e573ba,rights_assignment,"{""dataset_id"":""urn:uuid:6090fc4b-b34d-5cff-8f65-acaa06ddd1fc"",""id"":""urn:uuid:e33748cc-48cb-59c3-933e-440ea4e573ba"",""normalized_state"":""published"",""owner_authority_id"":""urn:uuid:4dea4d1d-09ba-504e-9fcd-83524281ca97"",""owner_native_state"":""admitted"",""payload"":{""assignment_state"":""effective"",""inheritance"":""direct_from_pilot_unit"",""rights_id"":""urn:uuid:71eb9923-410e-55f2-8fe6-41dc669a8635"",""target_id"":""urn:uuid:cb4e1bf3-4c66-5a48-ac3d-47404af42f06"",""target_native_id"":""urn:uuid:52208520-fa97-5ae6-832e-64fc5f08e4e0""},""record_type"":""rights_assignment"",""recorded_at"":""2026-08-30T00:00:00Z"",""semantic_key"":""b10:dmoi4:rights-assignment:urn:uuid:52208520-fa97-5ae6-832e-64fc5f08e4e0""}"
urn:uuid:8ac8054f-d6bc-532c-a57e-fa4e70adc65b,rights_assignment,"{""dataset_id"":""urn:uuid:6090fc4b-b34d-5cff-8f65-acaa06ddd1fc"",""id"":""urn:uuid:8ac8054f-d6bc-532c-a57e-fa4e70adc65b"",""normalized_state"":""published"",""owner_authority_id"":""urn:uuid:4dea4d1d-09ba-504e-9fcd-83524281ca97"",""owner_native_state"":""admitted"",""payload"":{""assignment_state"":""effective"",""inheritance"":""direct_from_pilot_unit"",""rights_id"":""urn:uuid:71eb9923-410e-55f2-8fe6-41dc669a8635"",""target_id"":""urn:uuid:72936f9b-39d3-5ccd-80de-406ad1c7d7f2"",""target_native_id"":""urn:uuid:ecf87d52-bcf3-503b-bc27-2c1e4a1c641c""},""record_type"":""rights_assignment"",""recorded_at"":""2026-08-30T00:00:00Z"",""semantic_key"":""b10:dmoi4:rights-assignment:urn:uuid:ecf87d52-bcf3-503b-bc27-2c1e4a1c641c""}"
urn:uuid:9527eed7-1796-596f-babc-3d8ffcf4ac38,rights_assignment,"{""dataset_id"":""urn:uuid:6090fc4b-b34d-5cff-8f65-acaa06ddd1fc"",""id"":""urn:uuid:9527eed7-1796-596f-babc-3d8ffcf4ac38"",""normalized_state"":""published"",""owner_authority_id"":""urn:uuid:4dea4d1d-09ba-504e-9fcd-83524281ca97"",""owner_native_state"":""admitted"",""payload"":{""assignment_state"":""effective"",""inheritance"":""direct_from_pilot_unit"",""rights_id"":""urn:uuid:71eb9923-410e-55f2-8fe6-41dc669a8635"",""target_id"":""urn:uuid:949bee0d-f57f-5501-855b-92b8f8032b07"",""target_native_id"":""urn:uuid:9fea6a45-c264-51df-9a22-1ffd3e4261c7""},""record_type"":""rights_assignment"",""recorded_at"":""2026-08-30T00:00:00Z"",""semantic_key"":""b10:dmoi4:rights-assignment:urn:uuid:9fea6a45-c264-51df-9a22-1ffd3e4261c7""}"
urn:uuid:3f1e8d60-5561-56c7-823a-7e896e30ff4f,rights_assignment,"{""dataset_id"":""urn:uuid:6090fc4b-b34d-5cff-8f65-acaa06ddd1fc"",""id"":""urn:uuid:3f1e8d60-5561-56c7-823a-7e896e30ff4f"",""normalized_state"":""published"",""owner_authority_id"":""urn:uuid:4dea4d1d-09ba-504e-9fcd-83524281ca97"",""owner_native_state"":""admitted"",""payload"":{""assignment_state"":""effective"",""inheritance"":""direct_from_pilot_unit"",""rights_id"":""urn:uuid:71eb9923-410e-55f2-8fe6-41dc669a8635"",""target_id"":""urn:uuid:9a19d021-9a7f-55e9-aa22-5de568308f68"",""target_native_id"":""urn:uuid:1b38c2d8-c4eb-5c0e-aaea-0c49a6aef79f""},""record_type"":""rights_assignment"",""recorded_at"":""2026-08-30T00:00:00Z"",""semantic_key"":""b10:dmoi4:rights-assignment:urn:uuid:1b38c2d8-c4eb-5c0e-aaea-0c49a6aef79f""}"
urn:uuid:ff511cf1-f758-58b8-bc53-de684d08f0f1,rights_assignment,"{""dataset_id"":""urn:uuid:6090fc4b-b34d-5cff-8f65-acaa06ddd1fc"",""id"":""urn:uuid:ff511cf1-f758-58b8-bc53-de684d08f0f1"",""normalized_state"":""published"",""owner_authority_id"":""urn:uuid:4dea4d1d-09ba-504e-9fcd-83524281ca97"",""owner_native_state"":""admitted"",""payload"":{""assignment_state"":""effective"",""inheritance"":""direct_from_pilot_unit"",""rights_id"":""urn:uuid:71eb9923-410e-55f2-8fe6-41dc669a8635"",""target_id"":""urn:uuid:1a524289-c49a-524b-b89c-59e76e7f03a2"",""target_native_id"":""urn:uuid:57a07873-f2f8-52b3-87b1-56d1a99f5593""},""record_type"":""rights_assignment"",""recorded_at"":""2026-08-30T00:00:00Z"",""semantic_key"":""b10:dmoi4:rights-assignment:urn:uuid:57a07873-f2f8-52b3-87b1-56d1a99f5593""}"
urn:uuid:e57eee7b-e8c6-5721-b8b2-776e59cfc1b2,rights_assignment,"{""dataset_id"":""urn:uuid:6090fc4b-b34d-5cff-8f65-acaa06ddd1fc"",""id"":""urn:uuid:e57eee7b-e8c6-5721-b8b2-776e59cfc1b2"",""normalized_state"":""published"",""owner_authority_id"":""urn:uuid:4dea4d1d-09ba-504e-9fcd-83524281ca97"",""owner_native_state"":""admitted"",""payload"":{""assignment_state"":""effective"",""inheritance"":""direct_from_pilot_unit"",""rights_id"":""urn:uuid:71eb9923-410e-55f2-8fe6-41dc669a8635"",""target_id"":""urn:uuid:fa91fc61-bb2e-53eb-9936-1269ece4f99f"",""target_native_id"":""urn:uuid:340f2fcb-0843-52a2-bc90-f8c2fc6d48ba""},""record_type"":""rights_assignment"",""recorded_at"":""2026-08-30T00:00:00Z"",""semantic_key"":""b10:dmoi4:rights-assignment:urn:uuid:340f2fcb-0843-52a2-bc90-f8c2fc6d48ba""}"
urn:uuid:93ade9df-7179-533d-ba9a-9d71a0203a0c,rights_assignment,"{""dataset_id"":""urn:uuid:6090fc4b-b34d-5cff-8f65-acaa06ddd1fc"",""id"":""urn:uuid:93ade9df-7179-533d-ba9a-9d71a0203a0c"",""normalized_state"":""published"",""owner_authority_id"":""urn:uuid:4dea4d1d-09ba-504e-9fcd-83524281ca97"",""owner_native_state"":""admitted"",""payload"":{""assignment_state"":""effective"",""inheritance"":""direct_from_pilot_unit"",""rights_id"":""urn:uuid:71eb9923-410e-55f2-8fe6-41dc669a8635"",""target_id"":""urn:uuid:3674f341-89c9-5b36-ab8e-831428ce1975"",""target_native_id"":""urn:uuid:458b3f97-c3e8-5f46-af3f-d5236a5bf25d""},""record_type"":""rights_assignment"",""recorded_at"":""2026-08-30T00:00:00Z"",""semantic_key"":""b10:dmoi4:rights-assignment:urn:uuid:458b3f97-c3e8-5f46-af3f-d5236a5bf25d""}"
urn:uuid:aa0207fb-f138-5e2e-824e-040d4266dff8,rights_assignment,"{""dataset_id"":""urn:uuid:6090fc4b-b34d-5cff-8f65-acaa06ddd1fc"",""id"":""urn:uuid:aa0207fb-f138-5e2e-824e-040d4266dff8"",""normalized_state"":""published"",""owner_authority_id"":""urn:uuid:4dea4d1d-09ba-504e-9fcd-83524281ca97"",""owner_native_state"":""admitted"",""payload"":{""assignment_state"":""effective"",""inheritance"":""direct_from_pilot_unit"",""rights_id"":""urn:uuid:71eb9923-410e-55f2-8fe6-41dc669a8635"",""target_id"":""urn:uuid:d110106c-0269-55e4-bc9c-bb6ab37561a4"",""target_native_id"":""urn:uuid:437bf5cc-9af0-566c-96b2-5266a23e7307""},""record_type"":""rights_assignment"",""recorded_at"":""2026-08-30T00:00:00Z"",""semantic_key"":""b10:dmoi4:rights-assignment:urn:uuid:437bf5cc-9af0-566c-96b2-5266a23e7307""}"
urn:uuid:12f01b1d-1532-5781-a721-2984286071cb,rights_assignment,"{""dataset_id"":""urn:uuid:6090fc4b-b34d-5cff-8f65-acaa06ddd1fc"",""id"":""urn:uuid:12f01b1d-1532-5781-a721-2984286071cb"",""normalized_state"":""published"",""owner_authority_id"":""urn:uuid:4dea4d1d-09ba-504e-9fcd-83524281ca97"",""owner_native_state"":""admitted"",""payload"":{""assignment_state"":""effective"",""inheritance"":""direct_from_pilot_unit"",""rights_id"":""urn:uuid:71eb9923-410e-55f2-8fe6-41dc669a8635"",""target_id"":""urn:uuid:a0c9f1a7-e336-5576-a2da-faa12dc67f1e"",""target_native_id"":""urn:uuid:b4130979-7127-5b3d-814a-458c5030a423""},""record_type"":""rights_assignment"",""recorded_at"":""2026-08-30T00:00:00Z"",""semantic_key"":""b10:dmoi4:rights-assignment:urn:uuid:b4130979-7127-5b3d-814a-458c5030a423""}"
urn:uuid:22187b93-e522-598e-a6a2-931976111731,rights_assignment,"{""dataset_id"":""urn:uuid:6090fc4b-b34d-5cff-8f65-acaa06ddd1fc"",""id"":""urn:uuid:22187b93-e522-598e-a6a2-931976111731"",""normalized_state"":""published"",""owner_authority_id"":""urn:uuid:4dea4d1d-09ba-504e-9fcd-83524281ca97"",""owner_native_state"":""admitted"",""payload"":{""assignment_state"":""effective"",""inheritance"":""direct_from_pilot_unit"",""rights_id"":""urn:uuid:71eb9923-410e-55f2-8fe6-41dc669a8635"",""target_id"":""urn:uuid:4e1276f8-e35a-5d93-9a8f-0a0e758bd66e"",""target_native_id"":""urn:uuid:269955d5-3ef0-5729-b2c1-c1b4e816b3a5""},""record_type"":""rights_assignment"",""recorded_at"":""2026-08-30T00:00:00Z"",""semantic_key"":""b10:dmoi4:rights-assignment:urn:uuid:269955d5-3ef0-5729-b2c1-c1b4e816b3a5""}"
urn:uuid:6eb233c6-bb15-5371-bc07-62d845d3ac4e,rights_assignment,"{""dataset_id"":""urn:uuid:6090fc4b-b34d-5cff-8f65-acaa06ddd1fc"",""id"":""urn:uuid:6eb233c6-bb15-5371-bc07-62d845d3ac4e"",""normalized_state"":""published"",""owner_authority_id"":""urn:uuid:4dea4d1d-09ba-504e-9fcd-83524281ca97"",""owner_native_state"":""admitted"",""payload"":{""assignment_state"":""effective"",""inheritance"":""direct_from_pilot_unit"",""rights_id"":""urn:uuid:71eb9923-410e-55f2-8fe6-41dc669a8635"",""target_id"":""urn:uuid:84afaf04-92d3-5a91-84ff-1108bedf0281"",""target_native_id"":""urn:uuid:4f60a63b-8d54-5af2-8cb5-1f69dafcb3d6""},""record_type"":""rights_assignment"",""recorded_at"":""2026-08-30T00:00:00Z"",""semantic_key"":""b10:dmoi4:rights-assignment:urn:uuid:4f60a63b-8d54-5af2-8cb5-1f69dafcb3d6""}"
urn:uuid:4351a860-0b38-521b-8d9e-6130e12b5c06,rights_assignment,"{""dataset_id"":""urn:uuid:6090fc4b-b34d-5cff-8f65-acaa06ddd1fc"",""id"":""urn:uuid:4351a860-0b38-521b-8d9e-6130e12b5c06"",""normalized_state"":""published"",""owner_authority_id"":""urn:uuid:4dea4d1d-09ba-504e-9fcd-83524281ca97"",""owner_native_state"":""admitted"",""payload"":{""assignment_state"":""effective"",""inheritance"":""direct_from_pilot_unit"",""rights_id"":""urn:uuid:71eb9923-410e-55f2-8fe6-41dc669a8635"",""target_id"":""urn:uuid:6b0bee20-5223-5e8a-8522-f3a948d654e6"",""target_native_id"":""urn:uuid:e48b3022-7279-57f3-b2bb-a71083700a46""},""record_type"":""rights_assignment"",""recorded_at"":""2026-08-30T00:00:00Z"",""semantic_key"":""b10:dmoi4:rights-assignment:urn:uuid:e48b3022-7279-57f3-b2bb-a71083700a46""}"
urn:uuid:c5a2a9da-25c4-5ef4-b91e-1aef434ecddc,rights_assignment,"{""dataset_id"":""urn:uuid:6090fc4b-b34d-5cff-8f65-acaa06ddd1fc"",""id"":""urn:uuid:c5a2a9da-25c4-5ef4-b91e-1aef434ecddc"",""normalized_state"":""published"",""owner_authority_id"":""urn:uuid:4dea4d1d-09ba-504e-9fcd-83524281ca97"",""owner_native_state"":""admitted"",""payload"":{""assignment_state"":""effective"",""inheritance"":""direct_from_pilot_unit"",""rights_id"":""urn:uuid:71eb9923-410e-55f2-8fe6-41dc669a8635"",""target_id"":""urn:uuid:c109d48c-5e73-52e1-915a-429e4657135a"",""target_native_id"":""urn:uuid:d7897d8e-0878-5129-bbd8-2bff162600a0""},""record_type"":""rights_assignment"",""recorded_at"":""2026-08-30T00:00:00Z"",""semantic_key"":""b10:dmoi4:rights-assignment:urn:uuid:d7897d8e-0878-5129-bbd8-2bff162600a0""}"
urn:uuid:70458305-eab7-5813-b3da-90d2913d98f1,rights_assignment,"{""dataset_id"":""urn:uuid:6090fc4b-b34d-5cff-8f65-acaa06ddd1fc"",""id"":""urn:uuid:70458305-eab7-5813-b3da-90d2913d98f1"",""normalized_state"":""published"",""owner_authority_id"":""urn:uuid:4dea4d1d-09ba-504e-9fcd-83524281ca97"",""owner_native_state"":""admitted"",""payload"":{""assignment_state"":""effective"",""inheritance"":""direct_from_pilot_unit"",""rights_id"":""urn:uuid:71eb9923-410e-55f2-8fe6-41dc669a8635"",""target_id"":""urn:uuid:f15c5f39-0d3e-523a-9da1-3f1fb9c1a516"",""target_native_id"":""urn:uuid:2d15eeb0-b3c1-560e-b10a-b29eb74d5e60""},""record_type"":""rights_assignment"",""recorded_at"":""2026-08-30T00:00:00Z"",""semantic_key"":""b10:dmoi4:rights-assignment:urn:uuid:2d15eeb0-b3c1-560e-b10a-b29eb74d5e60""}"
urn:uuid:a3462f75-0251-5f36-90c8-30723928787d,rights_assignment,"{""dataset_id"":""urn:uuid:6090fc4b-b34d-5cff-8f65-acaa06ddd1fc"",""id"":""urn:uuid:a3462f75-0251-5f36-90c8-30723928787d"",""normalized_state"":""published"",""owner_authority_id"":""urn:uuid:4dea4d1d-09ba-504e-9fcd-83524281ca97"",""owner_native_state"":""admitted"",""payload"":{""assignment_state"":""effective"",""inheritance"":""direct_from_pilot_unit"",""rights_id"":""urn:uuid:71eb9923-410e-55f2-8fe6-41dc669a8635"",""target_id"":""urn:uuid:0218c651-a707-51a4-887a-126e7a19bc86"",""target_native_id"":""urn:uuid:49cbf686-a78a-57d6-8518-7f4367bfdffa""},""record_type"":""rights_assignment"",""recorded_at"":""2026-08-30T00:00:00Z"",""semantic_key"":""b10:dmoi4:rights-assignment:urn:uuid:49cbf686-a78a-57d6-8518-7f4367bfdffa""}"
urn:uuid:f6f09869-ebd1-59b5-bd1b-2d053f47b347,rights_assignment,"{""dataset_id"":""urn:uuid:6090fc4b-b34d-5cff-8f65-acaa06ddd1fc"",""id"":""urn:uuid:f6f09869-ebd1-59b5-bd1b-2d053f47b347"",""normalized_state"":""published"",""owner_authority_id"":""urn:uuid:4dea4d1d-09ba-504e-9fcd-83524281ca97"",""owner_native_state"":""admitted"",""payload"":{""assignment_state"":""effective"",""inheritance"":""direct_from_pilot_unit"",""rights_id"":""urn:uuid:71eb9923-410e-55f2-8fe6-41dc669a8635"",""target_id"":""urn:uuid:ca8f5fd2-f271-5d64-9844-f1fc62442fcf"",""target_native_id"":""urn:uuid:6e1f8158-d481-5e62-b699-56d17d4cf395""},""record_type"":""rights_assignment"",""recorded_at"":""2026-08-30T00:00:00Z"",""semantic_key"":""b10:dmoi4:rights-assignment:urn:uuid:6e1f8158-d481-5e62-b699-56d17d4cf395""}"
urn:uuid:672e89b8-0207-5dc5-9a52-f2cace9e0996,rights_assignment,"{""dataset_id"":""urn:uuid:6090fc4b-b34d-5cff-8f65-acaa06ddd1fc"",""id"":""urn:uuid:672e89b8-0207-5dc5-9a52-f2cace9e0996"",""normalized_state"":""published"",""owner_authority_id"":""urn:uuid:4dea4d1d-09ba-504e-9fcd-83524281ca97"",""owner_native_state"":""admitted"",""payload"":{""assignment_state"":""effective"",""inheritance"":""direct_from_pilot_unit"",""rights_id"":""urn:uuid:71eb9923-410e-55f2-8fe6-41dc669a8635"",""target_id"":""urn:uuid:21bb5b69-edf9-5e73-9ea8-95f1e098caa0"",""target_native_id"":""urn:uuid:ac4eddfd-4b0f-5fdf-93c9-357b6c8a0612""},""record_type"":""rights_assignment"",""recorded_at"":""2026-08-30T00:00:00Z"",""semantic_key"":""b10:dmoi4:rights-assignment:urn:uuid:ac4eddfd-4b0f-5fdf-93c9-357b6c8a0612""}"
urn:uuid:9ab842bb-2047-5284-9694-c0a214621572,rights_assignment,"{""dataset_id"":""urn:uuid:6090fc4b-b34d-5cff-8f65-acaa06ddd1fc"",""id"":""urn:uuid:9ab842bb-2047-5284-9694-c0a214621572"",""normalized_state"":""published"",""owner_authority_id"":""urn:uuid:4dea4d1d-09ba-504e-9fcd-83524281ca97"",""owner_native_state"":""admitted"",""payload"":{""assignment_state"":""effective"",""inheritance"":""direct_from_pilot_unit"",""rights_id"":""urn:uuid:71eb9923-410e-55f2-8fe6-41dc669a8635"",""target_id"":""urn:uuid:dc683ade-6a48-5a25-b0cc-c1d5dca5e2db"",""target_native_id"":""urn:uuid:bfe1ccde-4c5d-5d30-98d7-8d594bf6b2df""},""record_type"":""rights_assignment"",""recorded_at"":""2026-08-30T00:00:00Z"",""semantic_key"":""b10:dmoi4:rights-assignment:urn:uuid:bfe1ccde-4c5d-5d30-98d7-8d594bf6b2df""}"
urn:uuid:438ab60b-cf9f-5ea5-92b4-c4cebdedc089,rights_assignment,"{""dataset_id"":""urn:uuid:6090fc4b-b34d-5cff-8f65-acaa06ddd1fc"",""id"":""urn:uuid:438ab60b-cf9f-5ea5-92b4-c4cebdedc089"",""normalized_state"":""published"",""owner_authority_id"":""urn:uuid:4dea4d1d-09ba-504e-9fcd-83524281ca97"",""owner_native_state"":""admitted"",""payload"":{""assignment_state"":""effective"",""inheritance"":""direct_from_pilot_unit"",""rights_id"":""urn:uuid:71eb9923-410e-55f2-8fe6-41dc669a8635"",""target_id"":""urn:uuid:17d02238-fa55-5b4e-8020-8f9a9f258d43"",""target_native_id"":""urn:uuid:cb7fffa2-e8fc-568e-af2d-df95b11e9251""},""record_type"":""rights_assignment"",""recorded_at"":""2026-08-30T00:00:00Z"",""semantic_key"":""b10:dmoi4:rights-assignment:urn:uuid:cb7fffa2-e8fc-568e-af2d-df95b11e9251""}"
urn:uuid:51eaf4de-f121-5772-b170-932d2b2cc981,rights_assignment,"{""dataset_id"":""urn:uuid:6090fc4b-b34d-5cff-8f65-acaa06ddd1fc"",""id"":""urn:uuid:51eaf4de-f121-5772-b170-932d2b2cc981"",""normalized_state"":""published"",""owner_authority_id"":""urn:uuid:4dea4d1d-09ba-504e-9fcd-83524281ca97"",""owner_native_state"":""admitted"",""payload"":{""assignment_state"":""effective"",""inheritance"":""direct_from_pilot_unit"",""rights_id"":""urn:uuid:71eb9923-410e-55f2-8fe6-41dc669a8635"",""target_id"":""urn:uuid:4a2f67bf-b869-5240-93da-0bd24b1488b5"",""target_native_id"":""urn:uuid:59d6f92e-28e5-5920-a8a1-e4f925570072""},""record_type"":""rights_assignment"",""recorded_at"":""2026-08-30T00:00:00Z"",""semantic_key"":""b10:dmoi4:rights-assignment:urn:uuid:59d6f92e-28e5-5920-a8a1-e4f925570072""}"
urn:uuid:3e541d2b-5317-504f-8289-53bbd87abc14,rights_assignment,"{""dataset_id"":""urn:uuid:6090fc4b-b34d-5cff-8f65-acaa06ddd1fc"",""id"":""urn:uuid:3e541d2b-5317-504f-8289-53bbd87abc14"",""normalized_state"":""published"",""owner_authority_id"":""urn:uuid:4dea4d1d-09ba-504e-9fcd-83524281ca97"",""owner_native_state"":""admitted"",""payload"":{""assignment_state"":""effective"",""inheritance"":""direct_from_pilot_unit"",""rights_id"":""urn:uuid:71eb9923-410e-55f2-8fe6-41dc669a8635"",""target_id"":""urn:uuid:f8eeab59-8e60-53fd-a099-48e78e0fc2a1"",""target_native_id"":""urn:uuid:55b5e781-becc-5d2f-9147-127125e479e3""},""record_type"":""rights_assignment"",""recorded_at"":""2026-08-30T00:00:00Z"",""semantic_key"":""b10:dmoi4:rights-assignment:urn:uuid:55b5e781-becc-5d2f-9147-127125e479e3""}"
urn:uuid:03c73382-5b87-59fe-be76-a25128525d31,rights_assignment,"{""dataset_id"":""urn:uuid:6090fc4b-b34d-5cff-8f65-acaa06ddd1fc"",""id"":""urn:uuid:03c73382-5b87-59fe-be76-a25128525d31"",""normalized_state"":""published"",""owner_authority_id"":""urn:uuid:4dea4d1d-09ba-504e-9fcd-83524281ca97"",""owner_native_state"":""admitted"",""payload"":{""assignment_state"":""effective"",""inheritance"":""direct_from_pilot_unit"",""rights_id"":""urn:uuid:71eb9923-410e-55f2-8fe6-41dc669a8635"",""target_id"":""urn:uuid:ee97710a-db14-5896-b26b-96816248d158"",""target_native_id"":""urn:uuid:2e8b7711-9a29-5b65-877e-44177be0caa3""},""record_type"":""rights_assignment"",""recorded_at"":""2026-08-30T00:00:00Z"",""semantic_key"":""b10:dmoi4:rights-assignment:urn:uuid:2e8b7711-9a29-5b65-877e-44177be0caa3""}"
urn:uuid:65f8b295-753b-5e61-9b6c-a66bc0d38812,rights_assignment,"{""dataset_id"":""urn:uuid:6090fc4b-b34d-5cff-8f65-acaa06ddd1fc"",""id"":""urn:uuid:65f8b295-753b-5e61-9b6c-a66bc0d38812"",""normalized_state"":""published"",""owner_authority_id"":""urn:uuid:4dea4d1d-09ba-504e-9fcd-83524281ca97"",""owner_native_state"":""admitted"",""payload"":{""assignment_state"":""effective"",""inheritance"":""direct_from_pilot_unit"",""rights_id"":""urn:uuid:71eb9923-410e-55f2-8fe6-41dc669a8635"",""target_id"":""urn:uuid:a079177b-7456-507d-8721-fdcffd80266c"",""target_native_id"":""urn:uuid:80291bb6-7cae-5206-9598-3e72118fe953""},""record_type"":""rights_assignment"",""recorded_at"":""2026-08-30T00:00:00Z"",""semantic_key"":""b10:dmoi4:rights-assignment:urn:uuid:80291bb6-7cae-5206-9598-3e72118fe953""}"
urn:uuid:d13d0edc-f735-59b6-83c1-8e15f2a1c443,rights_assignment,"{""dataset_id"":""urn:uuid:6090fc4b-b34d-5cff-8f65-acaa06ddd1fc"",""id"":""urn:uuid:d13d0edc-f735-59b6-83c1-8e15f2a1c443"",""normalized_state"":""published"",""owner_authority_id"":""urn:uuid:4dea4d1d-09ba-504e-9fcd-83524281ca97"",""owner_native_state"":""admitted"",""payload"":{""assignment_state"":""effective"",""inheritance"":""direct_from_pilot_unit"",""rights_id"":""urn:uuid:71eb9923-410e-55f2-8fe6-41dc669a8635"",""target_id"":""urn:uuid:7313fc36-7c13-59b0-b260-a3f2604d5526"",""target_native_id"":""urn:uuid:1403aaf9-1256-5e6a-a7a4-ca40e3994cd6""},""record_type"":""rights_assignment"",""recorded_at"":""2026-08-30T00:00:00Z"",""semantic_key"":""b10:dmoi4:rights-assignment:urn:uuid:1403aaf9-1256-5e6a-a7a4-ca40e3994cd6""}"
urn:uuid:b2a49b6b-6448-5f35-b647-da7429ac7e9f,rights_assignment,"{""dataset_id"":""urn:uuid:6090fc4b-b34d-5cff-8f65-acaa06ddd1fc"",""id"":""urn:uuid:b2a49b6b-6448-5f35-b647-da7429ac7e9f"",""normalized_state"":""published"",""owner_authority_id"":""urn:uuid:4dea4d1d-09ba-504e-9fcd-83524281ca97"",""owner_native_state"":""admitted"",""payload"":{""assignment_state"":""effective"",""inheritance"":""direct_from_pilot_unit"",""rights_id"":""urn:uuid:71eb9923-410e-55f2-8fe6-41dc669a8635"",""target_id"":""urn:uuid:6f8d846f-393d-5d03-a38c-7d960b166a88"",""target_native_id"":""urn:uuid:354add4f-76f2-5559-b828-f07e1eb44de5""},""record_type"":""rights_assignment"",""recorded_at"":""2026-08-30T00:00:00Z"",""semantic_key"":""b10:dmoi4:rights-assignment:urn:uuid:354add4f-76f2-5559-b828-f07e1eb44de5""}"
urn:uuid:125e4db4-b688-5460-9174-9ddb2bce7ac8,rights_assignment,"{""dataset_id"":""urn:uuid:6090fc4b-b34d-5cff-8f65-acaa06ddd1fc"",""id"":""urn:uuid:125e4db4-b688-5460-9174-9ddb2bce7ac8"",""normalized_state"":""published"",""owner_authority_id"":""urn:uuid:4dea4d1d-09ba-504e-9fcd-83524281ca97"",""owner_native_state"":""admitted"",""payload"":{""assignment_state"":""effective"",""inheritance"":""direct_from_pilot_unit"",""rights_id"":""urn:uuid:71eb9923-410e-55f2-8fe6-41dc669a8635"",""target_id"":""urn:uuid:1b299e56-2f72-56d6-8993-a7731c9a8893"",""target_native_id"":""urn:uuid:353b17ab-3e31-5ccb-8bcd-69d624fcb4e3""},""record_type"":""rights_assignment"",""recorded_at"":""2026-08-30T00:00:00Z"",""semantic_key"":""b10:dmoi4:rights-assignment:urn:uuid:353b17ab-3e31-5ccb-8bcd-69d624fcb4e3""}"
urn:uuid:892b7aa0-fdac-5528-8f80-90a942ac70e9,rights_assignment,"{""dataset_id"":""urn:uuid:6090fc4b-b34d-5cff-8f65-acaa06ddd1fc"",""id"":""urn:uuid:892b7aa0-fdac-5528-8f80-90a942ac70e9"",""normalized_state"":""published"",""owner_authority_id"":""urn:uuid:4dea4d1d-09ba-504e-9fcd-83524281ca97"",""owner_native_state"":""admitted"",""payload"":{""assignment_state"":""effective"",""inheritance"":""direct_from_pilot_unit"",""rights_id"":""urn:uuid:71eb9923-410e-55f2-8fe6-41dc669a8635"",""target_id"":""urn:uuid:cd1670dd-735a-58ac-9418-6e1ccb9d05c6"",""target_native_id"":""urn:uuid:6a2fce3b-3d85-5925-9771-9eb696cc8718""},""record_type"":""rights_assignment"",""recorded_at"":""2026-08-30T00:00:00Z"",""semantic_key"":""b10:dmoi4:rights-assignment:urn:uuid:6a2fce3b-3d85-5925-9771-9eb696cc8718""}"
urn:uuid:6a677957-3fc0-5057-a93b-eb88116dafe2,rights_assignment,"{""dataset_id"":""urn:uuid:6090fc4b-b34d-5cff-8f65-acaa06ddd1fc"",""id"":""urn:uuid:6a677957-3fc0-5057-a93b-eb88116dafe2"",""normalized_state"":""published"",""owner_authority_id"":""urn:uuid:4dea4d1d-09ba-504e-9fcd-83524281ca97"",""owner_native_state"":""admitted"",""payload"":{""assignment_state"":""effective"",""inheritance"":""direct_from_pilot_unit"",""rights_id"":""urn:uuid:71eb9923-410e-55f2-8fe6-41dc669a8635"",""target_id"":""urn:uuid:54e81c5d-5d01-5a04-990e-de6eb96a6902"",""target_native_id"":""urn:uuid:37d02e50-6bf0-5833-9ce0-06ed99a899e6""},""record_type"":""rights_assignment"",""recorded_at"":""2026-08-30T00:00:00Z"",""semantic_key"":""b10:dmoi4:rights-assignment:urn:uuid:37d02e50-6bf0-5833-9ce0-06ed99a899e6""}"
urn:uuid:2aedba12-306e-5860-b55e-06fb81ac32ca,rights_assignment,"{""dataset_id"":""urn:uuid:6090fc4b-b34d-5cff-8f65-acaa06ddd1fc"",""id"":""urn:uuid:2aedba12-306e-5860-b55e-06fb81ac32ca"",""normalized_state"":""published"",""owner_authority_id"":""urn:uuid:4dea4d1d-09ba-504e-9fcd-83524281ca97"",""owner_native_state"":""admitted"",""payload"":{""assignment_state"":""effective"",""inheritance"":""direct_from_pilot_unit"",""rights_id"":""urn:uuid:71eb9923-410e-55f2-8fe6-41dc669a8635"",""target_id"":""urn:uuid:18c8fc56-eccb-542a-aef5-21af80fa752f"",""target_native_id"":""urn:uuid:f915a1a7-a6ca-5bbe-8ed8-f5e82efb9595""},""record_type"":""rights_assignment"",""recorded_at"":""2026-08-30T00:00:00Z"",""semantic_key"":""b10:dmoi4:rights-assignment:urn:uuid:f915a1a7-a6ca-5bbe-8ed8-f5e82efb9595""}"
urn:uuid:4350ed83-834a-54f8-8bbf-da419ab95cc2,rights_assignment,"{""dataset_id"":""urn:uuid:6090fc4b-b34d-5cff-8f65-acaa06ddd1fc"",""id"":""urn:uuid:4350ed83-834a-54f8-8bbf-da419ab95cc2"",""normalized_state"":""published"",""owner_authority_id"":""urn:uuid:4dea4d1d-09ba-504e-9fcd-83524281ca97"",""owner_native_state"":""admitted"",""payload"":{""assignment_state"":""effective"",""inheritance"":""direct_from_pilot_unit"",""rights_id"":""urn:uuid:71eb9923-410e-55f2-8fe6-41dc669a8635"",""target_id"":""urn:uuid:4bc321fc-8c52-5153-937a-57aba5fbe9fa"",""target_native_id"":""urn:uuid:4e3218ac-6ff1-56fd-af19-325dd636367a""},""record_type"":""rights_assignment"",""recorded_at"":""2026-08-30T00:00:00Z"",""semantic_key"":""b10:dmoi4:rights-assignment:urn:uuid:4e3218ac-6ff1-56fd-af19-325dd636367a""}"
urn:uuid:e14e89fe-cb57-54d0-a9da-1c5ed30d65c2,rights_assignment,"{""dataset_id"":""urn:uuid:6090fc4b-b34d-5cff-8f65-acaa06ddd1fc"",""id"":""urn:uuid:e14e89fe-cb57-54d0-a9da-1c5ed30d65c2"",""normalized_state"":""published"",""owner_authority_id"":""urn:uuid:4dea4d1d-09ba-504e-9fcd-83524281ca97"",""owner_native_state"":""admitted"",""payload"":{""assignment_state"":""effective"",""inheritance"":""direct_from_pilot_unit"",""rights_id"":""urn:uuid:71eb9923-410e-55f2-8fe6-41dc669a8635"",""target_id"":""urn:uuid:3acbd5dc-d1e2-529a-9974-90fb3985affc"",""target_native_id"":""urn:uuid:64f38afd-0890-591f-a6e4-63ab497edf03""},""record_type"":""rights_assignment"",""recorded_at"":""2026-08-30T00:00:00Z"",""semantic_key"":""b10:dmoi4:rights-assignment:urn:uuid:64f38afd-0890-591f-a6e4-63ab497edf03""}"
urn:uuid:58db29f7-8987-5250-8140-c836e5ce3a12,rights_assignment,"{""dataset_id"":""urn:uuid:6090fc4b-b34d-5cff-8f65-acaa06ddd1fc"",""id"":""urn:uuid:58db29f7-8987-5250-8140-c836e5ce3a12"",""normalized_state"":""published"",""owner_authority_id"":""urn:uuid:4dea4d1d-09ba-504e-9fcd-83524281ca97"",""owner_native_state"":""admitted"",""payload"":{""assignment_state"":""effective"",""inheritance"":""direct_from_pilot_unit"",""rights_id"":""urn:uuid:71eb9923-410e-55f2-8fe6-41dc669a8635"",""target_id"":""urn:uuid:e5193416-6ebf-5844-aca8-205a49aa4892"",""target_native_id"":""urn:uuid:70b77669-ed4c-547a-a8df-2a5d42d0b518""},""record_type"":""rights_assignment"",""recorded_at"":""2026-08-30T00:00:00Z"",""semantic_key"":""b10:dmoi4:rights-assignment:urn:uuid:70b77669-ed4c-547a-a8df-2a5d42d0b518""}"
urn:uuid:d403ead5-735e-5ece-810f-efed2ad49098,rights_assignment,"{""dataset_id"":""urn:uuid:6090fc4b-b34d-5cff-8f65-acaa06ddd1fc"",""id"":""urn:uuid:d403ead5-735e-5ece-810f-efed2ad49098"",""normalized_state"":""published"",""owner_authority_id"":""urn:uuid:4dea4d1d-09ba-504e-9fcd-83524281ca97"",""owner_native_state"":""admitted"",""payload"":{""assignment_state"":""effective"",""inheritance"":""direct_from_pilot_unit"",""rights_id"":""urn:uuid:71eb9923-410e-55f2-8fe6-41dc669a8635"",""target_id"":""urn:uuid:1e21056c-08fd-5a0a-8514-41b682488a15"",""target_native_id"":""urn:uuid:0e80a96f-4af1-5314-97c9-52842cb7a949""},""record_type"":""rights_assignment"",""recorded_at"":""2026-08-30T00:00:00Z"",""semantic_key"":""b10:dmoi4:rights-assignment:urn:uuid:0e80a96f-4af1-5314-97c9-52842cb7a949""}"
