stable_id,record_type,canonical_record_json
urn:uuid:11550bda-ab68-58a2-ba09-1b4804a618bd,unit,"{""dataset_id"":""urn:uuid:6090fc4b-b34d-5cff-8f65-acaa06ddd1fc"",""id"":""urn:uuid:11550bda-ab68-58a2-ba09-1b4804a618bd"",""normalized_state"":""published"",""owner_authority_id"":""urn:uuid:4dea4d1d-09ba-504e-9fcd-83524281ca97"",""owner_native_state"":""published"",""payload"":{""learner_route"":{""anchor"":null,""machine_data_only"":false,""route_id"":""urn:uuid:2aa436f5-fc73-5a95-85d7-2467dc715d5c"",""route_state"":""course_fallback_unit_route_planned_not_published"",""url"":""https://kokunoyumeto.github.io/discrete-mathematics-open-introduction-id/""},""localized_occurrence_id"":""urn:uuid:8fb308af-3db8-572d-8f5b-2fa13ce32ea0"",""localized_title_payload_sha256"":""6132682c7b367d67e5aa36bcaaf496e148994b56fb66f491590c847efe1ef3e4"",""localized_title_variant_id"":""urn:uuid:02a1560e-d87d-59f7-81e8-6d2c89e81937"",""native_locator"":{""canonical_path"":""source/dmoi.ptx"",""identity_anchor"":""dmoi4"",""source_actual_path"":""authority/upstream-82336dc87d77c3f18d2cdbc8ec1e74eb3ba38799/discrete-book-82336dc87d77c3f18d2cdbc8ec1e74eb3ba38799/source/dmoi.ptx"",""source_xml_path"":""/pretext/book"",""target_actual_path"":""repo/source/dmoi.ptx"",""target_xml_path"":""/pretext/book"",""xml_id"":""dmoi4""},""native_unit_id"":""urn:uuid:82d239c3-1cde-57c4-b480-18b23beba54a"",""native_unit_kind"":""book"",""order_key"":""0001.000001"",""parent_native_unit_id"":null,""parent_projected_unit_id"":null,""rights_id"":""urn:uuid:71eb9923-410e-55f2-8fe6-41dc669a8635"",""source_file_revision_id"":""urn:uuid:916cc86a-95c7-561a-9837-3064e76faedf"",""source_file_sha256"":""f0029601a3478be629c7df9c7a42252f2b12d5267db01c91bd0a1db5e1f1d6c9"",""source_subtree_sha256"":""806cffca53fea8d113555477492eec2fb3a0aec77223ea45c5fec969ff1fa4f8"",""target_file_revision_id"":""urn:uuid:9a5a64b6-45dc-5a0d-bcf0-c61790eb7380"",""target_file_sha256"":""26c3d390d510b2cae62ff1c16576fc878d8f4195c385f856ad942939bbba7cff"",""target_subtree_sha256"":""e05e7d22dc2ecc35b95bf6f60e4780f3e7d7b37ce35eaf7b2697b8dbd9cea199"",""title"":""Matematika Diskret"",""title_locale"":""id-ID"",""translation_state"":""published""},""record_type"":""unit"",""recorded_at"":""2026-08-30T00:00:00Z"",""semantic_key"":""b10:dmoi4:unit:urn:uuid:82d239c3-1cde-57c4-b480-18b23beba54a""}"
urn:uuid:84cd5e39-b417-569a-8752-d5cfa138de04,unit,"{""dataset_id"":""urn:uuid:6090fc4b-b34d-5cff-8f65-acaa06ddd1fc"",""id"":""urn:uuid:84cd5e39-b417-569a-8752-d5cfa138de04"",""normalized_state"":""published"",""owner_authority_id"":""urn:uuid:4dea4d1d-09ba-504e-9fcd-83524281ca97"",""owner_native_state"":""published"",""payload"":{""learner_route"":{""anchor"":null,""machine_data_only"":false,""route_id"":""urn:uuid:2aa436f5-fc73-5a95-85d7-2467dc715d5c"",""route_state"":""course_fallback_unit_route_planned_not_published"",""url"":""https://kokunoyumeto.github.io/discrete-mathematics-open-introduction-id/""},""localized_occurrence_id"":""urn:uuid:f4406113-b777-52aa-96d1-d6f40f058b0c"",""localized_title_payload_sha256"":""e523be201f5d54e96dda11af59283a7501e526a1d135dba504a461e7cf89d2ed"",""localized_title_variant_id"":""urn:uuid:ff293b10-0d92-5fdd-ab53-37f32bfdfc76"",""native_locator"":{""canonical_path"":""source/ch_intro.ptx"",""identity_anchor"":""ch_intro"",""source_actual_path"":""authority/upstream-82336dc87d77c3f18d2cdbc8ec1e74eb3ba38799/discrete-book-82336dc87d77c3f18d2cdbc8ec1e74eb3ba38799/source/ch_intro.ptx"",""source_xml_path"":""/chapter"",""target_actual_path"":""repo/source/ch_intro.ptx"",""target_xml_path"":""/chapter"",""xml_id"":""ch_intro""},""native_unit_id"":""urn:uuid:a15e9a92-85ff-590c-8ee9-5d7d4ec7e6ba"",""native_unit_kind"":""chapter"",""order_key"":""0005.000001"",""parent_native_unit_id"":""urn:uuid:82d239c3-1cde-57c4-b480-18b23beba54a"",""parent_projected_unit_id"":""urn:uuid:11550bda-ab68-58a2-ba09-1b4804a618bd"",""rights_id"":""urn:uuid:71eb9923-410e-55f2-8fe6-41dc669a8635"",""source_file_revision_id"":""urn:uuid:0cdff505-80d7-5f43-ad05-6c8fd37b639f"",""source_file_sha256"":""dc179f92091c81eae8e24b477d982e660dabdf2f8bb1e84c5804b0245aab9ed8"",""source_subtree_sha256"":""bc1978015a85d29a1c5321e9707ad81d60bdb493e386c96ddb587e64cc2ecc3f"",""target_file_revision_id"":""urn:uuid:3fa2bfa8-99ce-5e89-a049-6d1d752dcc06"",""target_file_sha256"":""235739d29fff2aaa48afbcecf274e8cdd2bca0eacfbc8970d42dc0cd1add234c"",""target_subtree_sha256"":""ed242cbc02c8e69090df86b4f31770a8a77c03b900d9f14b4be38b3744e61687"",""title"":""Pendahuluan dan Dasar-Dasar"",""title_locale"":""id-ID"",""translation_state"":""published""},""record_type"":""unit"",""recorded_at"":""2026-08-30T00:00:00Z"",""semantic_key"":""b10:dmoi4:unit:urn:uuid:a15e9a92-85ff-590c-8ee9-5d7d4ec7e6ba""}"
urn:uuid:766c090b-83b7-5869-9a47-1ec6c69c15a5,unit,"{""dataset_id"":""urn:uuid:6090fc4b-b34d-5cff-8f65-acaa06ddd1fc"",""id"":""urn:uuid:766c090b-83b7-5869-9a47-1ec6c69c15a5"",""normalized_state"":""published"",""owner_authority_id"":""urn:uuid:4dea4d1d-09ba-504e-9fcd-83524281ca97"",""owner_native_state"":""published"",""payload"":{""learner_route"":{""anchor"":null,""machine_data_only"":false,""route_id"":""urn:uuid:2aa436f5-fc73-5a95-85d7-2467dc715d5c"",""route_state"":""course_fallback_unit_route_planned_not_published"",""url"":""https://kokunoyumeto.github.io/discrete-mathematics-open-introduction-id/""},""localized_occurrence_id"":""urn:uuid:e64be44e-6ea5-54aa-9703-5dbb50f70db0"",""localized_title_payload_sha256"":""2615974a08f1dfb67486a1b955fb78fea5db6b9b1e42ce4189ccd6aa5029665b"",""localized_title_variant_id"":""urn:uuid:8ab30faa-04f5-5b38-b71b-66c819003d34"",""native_locator"":{""canonical_path"":""source/sec_intro-intro.ptx"",""identity_anchor"":""sec_intro-intro"",""source_actual_path"":""authority/upstream-82336dc87d77c3f18d2cdbc8ec1e74eb3ba38799/discrete-book-82336dc87d77c3f18d2cdbc8ec1e74eb3ba38799/source/sec_intro-intro.ptx"",""source_xml_path"":""/section"",""target_actual_path"":""repo/source/sec_intro-intro.ptx"",""target_xml_path"":""/section"",""xml_id"":""sec_intro-intro""},""native_unit_id"":""urn:uuid:d5ad10eb-618e-5020-ba8c-9706c0f82d36"",""native_unit_kind"":""section"",""order_key"":""0006.000001"",""parent_native_unit_id"":""urn:uuid:a15e9a92-85ff-590c-8ee9-5d7d4ec7e6ba"",""parent_projected_unit_id"":""urn:uuid:84cd5e39-b417-569a-8752-d5cfa138de04"",""rights_id"":""urn:uuid:71eb9923-410e-55f2-8fe6-41dc669a8635"",""source_file_revision_id"":""urn:uuid:4bac5452-543c-5d39-bcaf-d1a8e971a7f5"",""source_file_sha256"":""1adf768614848784d17145f6ef61ac696a926f9f6ed0ca7142744f41654f706e"",""source_subtree_sha256"":""d05319f5ac102e3e353c523a84bcff8229e90300285361abbf3cdf234fc6884c"",""target_file_revision_id"":""urn:uuid:dde8bea1-01b3-5d44-96f1-86dbc80fb960"",""target_file_sha256"":""ffc1f49d28e40bf62a413332452a1428466ad4d54f74c0bd19152727ea6e34e5"",""target_subtree_sha256"":""93e3236ec42b32ba86dbed5c295809e87187b8e90f2a17dddb5390109db6e3d9"",""title"":""Apa itu Matematika Diskret?"",""title_locale"":""id-ID"",""translation_state"":""published""},""record_type"":""unit"",""recorded_at"":""2026-08-30T00:00:00Z"",""semantic_key"":""b10:dmoi4:unit:urn:uuid:d5ad10eb-618e-5020-ba8c-9706c0f82d36""}"
urn:uuid:9051e86f-ccdc-51d1-90de-c7536078b00e,unit,"{""dataset_id"":""urn:uuid:6090fc4b-b34d-5cff-8f65-acaa06ddd1fc"",""id"":""urn:uuid:9051e86f-ccdc-51d1-90de-c7536078b00e"",""normalized_state"":""published"",""owner_authority_id"":""urn:uuid:4dea4d1d-09ba-504e-9fcd-83524281ca97"",""owner_native_state"":""published"",""payload"":{""learner_route"":{""anchor"":null,""machine_data_only"":false,""route_id"":""urn:uuid:2aa436f5-fc73-5a95-85d7-2467dc715d5c"",""route_state"":""course_fallback_unit_route_planned_not_published"",""url"":""https://kokunoyumeto.github.io/discrete-mathematics-open-introduction-id/""},""localized_occurrence_id"":""urn:uuid:bcf12dd6-9a87-56ca-ab35-57e91fe6eb01"",""localized_title_payload_sha256"":""6f2ded759bcea8e9d760fc338ed5af79f3f20513e8c989365da502bb349f571c"",""localized_title_variant_id"":""urn:uuid:8fb548b2-ea52-5cb0-823f-18418a3d6775"",""native_locator"":{""canonical_path"":""source/sec_intro-structures.ptx"",""identity_anchor"":""sec_intro-structures"",""source_actual_path"":""authority/upstream-82336dc87d77c3f18d2cdbc8ec1e74eb3ba38799/discrete-book-82336dc87d77c3f18d2cdbc8ec1e74eb3ba38799/source/sec_intro-structures.ptx"",""source_xml_path"":""/section"",""target_actual_path"":""repo/source/sec_intro-structures.ptx"",""target_xml_path"":""/section"",""xml_id"":""sec_intro-structures""},""native_unit_id"":""urn:uuid:efca38ac-b48c-5892-bfab-621754bb213f"",""native_unit_kind"":""section"",""order_key"":""0007.000001"",""parent_native_unit_id"":""urn:uuid:a15e9a92-85ff-590c-8ee9-5d7d4ec7e6ba"",""parent_projected_unit_id"":""urn:uuid:84cd5e39-b417-569a-8752-d5cfa138de04"",""rights_id"":""urn:uuid:71eb9923-410e-55f2-8fe6-41dc669a8635"",""source_file_revision_id"":""urn:uuid:7c3d3822-e787-5038-a7b9-33de0a4c40d4"",""source_file_sha256"":""21fcdff52ca98cb218a5484f6f7b9a8ef96a053b7b2b9b78eea37ddf35b139e7"",""source_subtree_sha256"":""1cc9bb69cbc8e4c0a1ce52acf98bf22a56b4df8dff0ae02b10ad7fdd01f45a71"",""target_file_revision_id"":""urn:uuid:e1ea00fa-072b-5599-a641-ac142f027815"",""target_file_sha256"":""6001a9d52c5ef751fc0eb3b406f0dc01f7604d65b7cbd0e59dbc1759903ec88b"",""target_subtree_sha256"":""b37f32959eb57613249368ec8712d568785df7bc4bc6fa204d9046d28d2d8de4"",""title"":""Struktur Diskret"",""title_locale"":""id-ID"",""translation_state"":""published""},""record_type"":""unit"",""recorded_at"":""2026-08-30T00:00:00Z"",""semantic_key"":""b10:dmoi4:unit:urn:uuid:efca38ac-b48c-5892-bfab-621754bb213f""}"
urn:uuid:3e2d6337-52e0-5978-8fcd-53b54eb3371c,unit,"{""dataset_id"":""urn:uuid:6090fc4b-b34d-5cff-8f65-acaa06ddd1fc"",""id"":""urn:uuid:3e2d6337-52e0-5978-8fcd-53b54eb3371c"",""normalized_state"":""published"",""owner_authority_id"":""urn:uuid:4dea4d1d-09ba-504e-9fcd-83524281ca97"",""owner_native_state"":""published"",""payload"":{""learner_route"":{""anchor"":null,""machine_data_only"":false,""route_id"":""urn:uuid:2aa436f5-fc73-5a95-85d7-2467dc715d5c"",""route_state"":""course_fallback_unit_route_planned_not_published"",""url"":""https://kokunoyumeto.github.io/discrete-mathematics-open-introduction-id/""},""localized_occurrence_id"":""urn:uuid:b3ee64af-de52-572c-bc60-b4292cffe907"",""localized_title_payload_sha256"":""df1d5466acfd0fbffa73fcb1406ccb516cdb3478ed66beb3ae3e9fef61ccb806"",""localized_title_variant_id"":""urn:uuid:8b556986-010b-5ee6-8263-38290e6380fe"",""native_locator"":{""canonical_path"":""source/sec_intro-structures.ptx"",""identity_anchor"":""source/sec_intro-structures.ptx#/section/subsection[1]"",""source_actual_path"":""authority/upstream-82336dc87d77c3f18d2cdbc8ec1e74eb3ba38799/discrete-book-82336dc87d77c3f18d2cdbc8ec1e74eb3ba38799/source/sec_intro-structures.ptx"",""source_xml_path"":""/section/subsection[1]"",""target_actual_path"":""repo/source/sec_intro-structures.ptx"",""target_xml_path"":""/section/subsection[1]"",""xml_id"":null},""native_unit_id"":""urn:uuid:7c5993dd-8b3b-5d7a-aa84-3249241b2902"",""native_unit_kind"":""subsection"",""order_key"":""0007.000002"",""parent_native_unit_id"":""urn:uuid:efca38ac-b48c-5892-bfab-621754bb213f"",""parent_projected_unit_id"":""urn:uuid:9051e86f-ccdc-51d1-90de-c7536078b00e"",""rights_id"":""urn:uuid:71eb9923-410e-55f2-8fe6-41dc669a8635"",""source_file_revision_id"":""urn:uuid:7c3d3822-e787-5038-a7b9-33de0a4c40d4"",""source_file_sha256"":""21fcdff52ca98cb218a5484f6f7b9a8ef96a053b7b2b9b78eea37ddf35b139e7"",""source_subtree_sha256"":""616cf31b07ad7a6abbb772ba9be2ca0499ea29a251f5b1debc81b53929516ca3"",""target_file_revision_id"":""urn:uuid:e1ea00fa-072b-5599-a641-ac142f027815"",""target_file_sha256"":""6001a9d52c5ef751fc0eb3b406f0dc01f7604d65b7cbd0e59dbc1759903ec88b"",""target_subtree_sha256"":""4fa879ea4a1d216b070176abe842fdf2800d4de86f0e0c7b92ef8370946f29fc"",""title"":""Pendahuluan"",""title_locale"":""id-ID"",""translation_state"":""published""},""record_type"":""unit"",""recorded_at"":""2026-08-30T00:00:00Z"",""semantic_key"":""b10:dmoi4:unit:urn:uuid:7c5993dd-8b3b-5d7a-aa84-3249241b2902""}"
urn:uuid:6b2a4f1c-3c35-5bd1-bc52-5765d6f46456,unit,"{""dataset_id"":""urn:uuid:6090fc4b-b34d-5cff-8f65-acaa06ddd1fc"",""id"":""urn:uuid:6b2a4f1c-3c35-5bd1-bc52-5765d6f46456"",""normalized_state"":""published"",""owner_authority_id"":""urn:uuid:4dea4d1d-09ba-504e-9fcd-83524281ca97"",""owner_native_state"":""published"",""payload"":{""learner_route"":{""anchor"":null,""machine_data_only"":false,""route_id"":""urn:uuid:2aa436f5-fc73-5a95-85d7-2467dc715d5c"",""route_state"":""course_fallback_unit_route_planned_not_published"",""url"":""https://kokunoyumeto.github.io/discrete-mathematics-open-introduction-id/""},""localized_occurrence_id"":""urn:uuid:2cb8a309-82fe-55ad-9b4c-cc3fb17b44e4"",""localized_title_payload_sha256"":""641230a754652930eb364a82076c4f7b6f5c0defc36427e0db0b849c33b7b3f4"",""localized_title_variant_id"":""urn:uuid:ced66196-06b9-5cc1-8393-00827858fed5"",""native_locator"":{""canonical_path"":""source/sec_intro-structures.ptx"",""identity_anchor"":""subsec_structures-sets"",""source_actual_path"":""authority/upstream-82336dc87d77c3f18d2cdbc8ec1e74eb3ba38799/discrete-book-82336dc87d77c3f18d2cdbc8ec1e74eb3ba38799/source/sec_intro-structures.ptx"",""source_xml_path"":""/section/subsection[2]"",""target_actual_path"":""repo/source/sec_intro-structures.ptx"",""target_xml_path"":""/section/subsection[2]"",""xml_id"":""subsec_structures-sets""},""native_unit_id"":""urn:uuid:efd1261e-76a8-5f4e-97e5-4333fe0a3277"",""native_unit_kind"":""subsection"",""order_key"":""0007.000007"",""parent_native_unit_id"":""urn:uuid:efca38ac-b48c-5892-bfab-621754bb213f"",""parent_projected_unit_id"":""urn:uuid:9051e86f-ccdc-51d1-90de-c7536078b00e"",""rights_id"":""urn:uuid:71eb9923-410e-55f2-8fe6-41dc669a8635"",""source_file_revision_id"":""urn:uuid:7c3d3822-e787-5038-a7b9-33de0a4c40d4"",""source_file_sha256"":""21fcdff52ca98cb218a5484f6f7b9a8ef96a053b7b2b9b78eea37ddf35b139e7"",""source_subtree_sha256"":""1c6f15e655622d32532e515e7199cee8cf5b8457d391f5dad3255b274cafa187"",""target_file_revision_id"":""urn:uuid:e1ea00fa-072b-5599-a641-ac142f027815"",""target_file_sha256"":""6001a9d52c5ef751fc0eb3b406f0dc01f7604d65b7cbd0e59dbc1759903ec88b"",""target_subtree_sha256"":""372daa65da2a9aeb58f68ead6514eeada943fc94f493e38076ad927341956c20"",""title"":""Himpunan"",""title_locale"":""id-ID"",""translation_state"":""published""},""record_type"":""unit"",""recorded_at"":""2026-08-30T00:00:00Z"",""semantic_key"":""b10:dmoi4:unit:urn:uuid:efd1261e-76a8-5f4e-97e5-4333fe0a3277""}"
urn:uuid:d7bb0097-2569-5d12-a917-79ca08045b39,unit,"{""dataset_id"":""urn:uuid:6090fc4b-b34d-5cff-8f65-acaa06ddd1fc"",""id"":""urn:uuid:d7bb0097-2569-5d12-a917-79ca08045b39"",""normalized_state"":""published"",""owner_authority_id"":""urn:uuid:4dea4d1d-09ba-504e-9fcd-83524281ca97"",""owner_native_state"":""published"",""payload"":{""learner_route"":{""anchor"":null,""machine_data_only"":false,""route_id"":""urn:uuid:2aa436f5-fc73-5a95-85d7-2467dc715d5c"",""route_state"":""course_fallback_unit_route_planned_not_published"",""url"":""https://kokunoyumeto.github.io/discrete-mathematics-open-introduction-id/""},""localized_occurrence_id"":""urn:uuid:9ed1bc42-8835-5785-b3a8-81e4c9b3fd4d"",""localized_title_payload_sha256"":""52152c2c7c5ce4875b54415173dfb6aff7fcd27cb29f7cdf89c1f5e818fd3de6"",""localized_title_variant_id"":""urn:uuid:38672bca-53e6-5cdb-9323-18150c870a91"",""native_locator"":{""canonical_path"":""source/sec_intro-structures.ptx"",""identity_anchor"":""subsec_structures-functions"",""source_actual_path"":""authority/upstream-82336dc87d77c3f18d2cdbc8ec1e74eb3ba38799/discrete-book-82336dc87d77c3f18d2cdbc8ec1e74eb3ba38799/source/sec_intro-structures.ptx"",""source_xml_path"":""/section/subsection[3]"",""target_actual_path"":""repo/source/sec_intro-structures.ptx"",""target_xml_path"":""/section/subsection[3]"",""xml_id"":""subsec_structures-functions""},""native_unit_id"":""urn:uuid:9f48b5ff-4d59-5007-8e41-6772ca2e8596"",""native_unit_kind"":""subsection"",""order_key"":""0007.000009"",""parent_native_unit_id"":""urn:uuid:efca38ac-b48c-5892-bfab-621754bb213f"",""parent_projected_unit_id"":""urn:uuid:9051e86f-ccdc-51d1-90de-c7536078b00e"",""rights_id"":""urn:uuid:71eb9923-410e-55f2-8fe6-41dc669a8635"",""source_file_revision_id"":""urn:uuid:7c3d3822-e787-5038-a7b9-33de0a4c40d4"",""source_file_sha256"":""21fcdff52ca98cb218a5484f6f7b9a8ef96a053b7b2b9b78eea37ddf35b139e7"",""source_subtree_sha256"":""81af7f75bb1a24653063b9d7aba83dc155fa86d260f0cc51d25ec49e259b2a6a"",""target_file_revision_id"":""urn:uuid:e1ea00fa-072b-5599-a641-ac142f027815"",""target_file_sha256"":""6001a9d52c5ef751fc0eb3b406f0dc01f7604d65b7cbd0e59dbc1759903ec88b"",""target_subtree_sha256"":""fcc31cc913000db0b55c7ce0a8a3b27c3cfe98816d6694dd7f28fb9562991ace"",""title"":""Fungsi"",""title_locale"":""id-ID"",""translation_state"":""published""},""record_type"":""unit"",""recorded_at"":""2026-08-30T00:00:00Z"",""semantic_key"":""b10:dmoi4:unit:urn:uuid:9f48b5ff-4d59-5007-8e41-6772ca2e8596""}"
urn:uuid:b979da6e-1e58-52af-a0be-aef429a0450e,unit,"{""dataset_id"":""urn:uuid:6090fc4b-b34d-5cff-8f65-acaa06ddd1fc"",""id"":""urn:uuid:b979da6e-1e58-52af-a0be-aef429a0450e"",""normalized_state"":""published"",""owner_authority_id"":""urn:uuid:4dea4d1d-09ba-504e-9fcd-83524281ca97"",""owner_native_state"":""published"",""payload"":{""learner_route"":{""anchor"":null,""machine_data_only"":false,""route_id"":""urn:uuid:2aa436f5-fc73-5a95-85d7-2467dc715d5c"",""route_state"":""course_fallback_unit_route_planned_not_published"",""url"":""https://kokunoyumeto.github.io/discrete-mathematics-open-introduction-id/""},""localized_occurrence_id"":""urn:uuid:6fcdc73f-de00-5e58-84c8-dbebe8ff3c32"",""localized_title_payload_sha256"":""21d626f7405b3eaa389626f48b0701ed297247e11b7f6ed03d2e10d3705ed83c"",""localized_title_variant_id"":""urn:uuid:f9af7f19-1222-51e1-8a35-5ced3c4affea"",""native_locator"":{""canonical_path"":""source/sec_intro-structures.ptx"",""identity_anchor"":""subsec_structures-sequences"",""source_actual_path"":""authority/upstream-82336dc87d77c3f18d2cdbc8ec1e74eb3ba38799/discrete-book-82336dc87d77c3f18d2cdbc8ec1e74eb3ba38799/source/sec_intro-structures.ptx"",""source_xml_path"":""/section/subsection[4]"",""target_actual_path"":""repo/source/sec_intro-structures.ptx"",""target_xml_path"":""/section/subsection[4]"",""xml_id"":""subsec_structures-sequences""},""native_unit_id"":""urn:uuid:c62f81d9-e1b1-5b8f-a1ca-222b980eea84"",""native_unit_kind"":""subsection"",""order_key"":""0007.000017"",""parent_native_unit_id"":""urn:uuid:efca38ac-b48c-5892-bfab-621754bb213f"",""parent_projected_unit_id"":""urn:uuid:9051e86f-ccdc-51d1-90de-c7536078b00e"",""rights_id"":""urn:uuid:71eb9923-410e-55f2-8fe6-41dc669a8635"",""source_file_revision_id"":""urn:uuid:7c3d3822-e787-5038-a7b9-33de0a4c40d4"",""source_file_sha256"":""21fcdff52ca98cb218a5484f6f7b9a8ef96a053b7b2b9b78eea37ddf35b139e7"",""source_subtree_sha256"":""b089dc151691053ebc63ceb1030309b382abdcf09883ceee8e4069567c9647a1"",""target_file_revision_id"":""urn:uuid:e1ea00fa-072b-5599-a641-ac142f027815"",""target_file_sha256"":""6001a9d52c5ef751fc0eb3b406f0dc01f7604d65b7cbd0e59dbc1759903ec88b"",""target_subtree_sha256"":""dad66ad99eb792bf1e4fc1a20168ed68295b3d91cc76f6b1b962a7b2e7708b21"",""title"":""Barisan"",""title_locale"":""id-ID"",""translation_state"":""published""},""record_type"":""unit"",""recorded_at"":""2026-08-30T00:00:00Z"",""semantic_key"":""b10:dmoi4:unit:urn:uuid:c62f81d9-e1b1-5b8f-a1ca-222b980eea84""}"
urn:uuid:4db66166-83d2-567a-89d6-e549c98bf28a,unit,"{""dataset_id"":""urn:uuid:6090fc4b-b34d-5cff-8f65-acaa06ddd1fc"",""id"":""urn:uuid:4db66166-83d2-567a-89d6-e549c98bf28a"",""normalized_state"":""published"",""owner_authority_id"":""urn:uuid:4dea4d1d-09ba-504e-9fcd-83524281ca97"",""owner_native_state"":""published"",""payload"":{""learner_route"":{""anchor"":null,""machine_data_only"":false,""route_id"":""urn:uuid:2aa436f5-fc73-5a95-85d7-2467dc715d5c"",""route_state"":""course_fallback_unit_route_planned_not_published"",""url"":""https://kokunoyumeto.github.io/discrete-mathematics-open-introduction-id/""},""localized_occurrence_id"":""urn:uuid:7a57fae1-06d7-593f-a560-2bf5f260074c"",""localized_title_payload_sha256"":""12afc6e91005bb1639b4af81b681146d17601a3c066adc1119b61ae0e9c65dcf"",""localized_title_variant_id"":""urn:uuid:3f937238-da0a-5a9d-a04b-05a859ec61d4"",""native_locator"":{""canonical_path"":""source/sec_intro-structures.ptx"",""identity_anchor"":""subsec-relations"",""source_actual_path"":""authority/upstream-82336dc87d77c3f18d2cdbc8ec1e74eb3ba38799/discrete-book-82336dc87d77c3f18d2cdbc8ec1e74eb3ba38799/source/sec_intro-structures.ptx"",""source_xml_path"":""/section/subsection[5]"",""target_actual_path"":""repo/source/sec_intro-structures.ptx"",""target_xml_path"":""/section/subsection[5]"",""xml_id"":""subsec-relations""},""native_unit_id"":""urn:uuid:437004b6-9db4-521e-bbdc-443327280397"",""native_unit_kind"":""subsection"",""order_key"":""0007.000027"",""parent_native_unit_id"":""urn:uuid:efca38ac-b48c-5892-bfab-621754bb213f"",""parent_projected_unit_id"":""urn:uuid:9051e86f-ccdc-51d1-90de-c7536078b00e"",""rights_id"":""urn:uuid:71eb9923-410e-55f2-8fe6-41dc669a8635"",""source_file_revision_id"":""urn:uuid:7c3d3822-e787-5038-a7b9-33de0a4c40d4"",""source_file_sha256"":""21fcdff52ca98cb218a5484f6f7b9a8ef96a053b7b2b9b78eea37ddf35b139e7"",""source_subtree_sha256"":""3bd2e12f408ec7c9e9f60c825d0680576a29ba010905acbc41d1e20da23b5fe7"",""target_file_revision_id"":""urn:uuid:e1ea00fa-072b-5599-a641-ac142f027815"",""target_file_sha256"":""6001a9d52c5ef751fc0eb3b406f0dc01f7604d65b7cbd0e59dbc1759903ec88b"",""target_subtree_sha256"":""b103ed8beabccc0e0b15f40cc1623b49eee358094a20b023918c8df108aa2787"",""title"":""Relasi"",""title_locale"":""id-ID"",""translation_state"":""published""},""record_type"":""unit"",""recorded_at"":""2026-08-30T00:00:00Z"",""semantic_key"":""b10:dmoi4:unit:urn:uuid:437004b6-9db4-521e-bbdc-443327280397""}"
urn:uuid:299f0824-e5f1-5371-b8b9-ae1c3d2c9efa,unit,"{""dataset_id"":""urn:uuid:6090fc4b-b34d-5cff-8f65-acaa06ddd1fc"",""id"":""urn:uuid:299f0824-e5f1-5371-b8b9-ae1c3d2c9efa"",""normalized_state"":""published"",""owner_authority_id"":""urn:uuid:4dea4d1d-09ba-504e-9fcd-83524281ca97"",""owner_native_state"":""published"",""payload"":{""learner_route"":{""anchor"":null,""machine_data_only"":false,""route_id"":""urn:uuid:2aa436f5-fc73-5a95-85d7-2467dc715d5c"",""route_state"":""course_fallback_unit_route_planned_not_published"",""url"":""https://kokunoyumeto.github.io/discrete-mathematics-open-introduction-id/""},""localized_occurrence_id"":""urn:uuid:36a45928-21f6-5a5e-b99c-0b2c859accdd"",""localized_title_payload_sha256"":""318514689eb1e5a24e9df90b2107e8e0480f2107f4f457f706599306d7a95dd6"",""localized_title_variant_id"":""urn:uuid:453ff10d-dd93-57b1-a3d2-72e61d4acc03"",""native_locator"":{""canonical_path"":""source/sec_intro-structures.ptx"",""identity_anchor"":""subsec_structures-graphs"",""source_actual_path"":""authority/upstream-82336dc87d77c3f18d2cdbc8ec1e74eb3ba38799/discrete-book-82336dc87d77c3f18d2cdbc8ec1e74eb3ba38799/source/sec_intro-structures.ptx"",""source_xml_path"":""/section/subsection[6]"",""target_actual_path"":""repo/source/sec_intro-structures.ptx"",""target_xml_path"":""/section/subsection[6]"",""xml_id"":""subsec_structures-graphs""},""native_unit_id"":""urn:uuid:20050fc6-9223-5ecb-8b25-c4d3241193f7"",""native_unit_kind"":""subsection"",""order_key"":""0007.000037"",""parent_native_unit_id"":""urn:uuid:efca38ac-b48c-5892-bfab-621754bb213f"",""parent_projected_unit_id"":""urn:uuid:9051e86f-ccdc-51d1-90de-c7536078b00e"",""rights_id"":""urn:uuid:71eb9923-410e-55f2-8fe6-41dc669a8635"",""source_file_revision_id"":""urn:uuid:7c3d3822-e787-5038-a7b9-33de0a4c40d4"",""source_file_sha256"":""21fcdff52ca98cb218a5484f6f7b9a8ef96a053b7b2b9b78eea37ddf35b139e7"",""source_subtree_sha256"":""8cb5ad22ff2d115d6cddbcc41d1187fd976fe802ad34c3dfa33b9fb446465817"",""target_file_revision_id"":""urn:uuid:e1ea00fa-072b-5599-a641-ac142f027815"",""target_file_sha256"":""6001a9d52c5ef751fc0eb3b406f0dc01f7604d65b7cbd0e59dbc1759903ec88b"",""target_subtree_sha256"":""e0062d2a03f3f5e1ce14ffdc4c1f8b06b2bc8a53048dc29649bc76406ddcc37e"",""title"":""Graf"",""title_locale"":""id-ID"",""translation_state"":""published""},""record_type"":""unit"",""recorded_at"":""2026-08-30T00:00:00Z"",""semantic_key"":""b10:dmoi4:unit:urn:uuid:20050fc6-9223-5ecb-8b25-c4d3241193f7""}"
urn:uuid:f9f985ef-4ade-58cd-8508-84ebd4099b68,unit,"{""dataset_id"":""urn:uuid:6090fc4b-b34d-5cff-8f65-acaa06ddd1fc"",""id"":""urn:uuid:f9f985ef-4ade-58cd-8508-84ebd4099b68"",""normalized_state"":""published"",""owner_authority_id"":""urn:uuid:4dea4d1d-09ba-504e-9fcd-83524281ca97"",""owner_native_state"":""published"",""payload"":{""learner_route"":{""anchor"":null,""machine_data_only"":false,""route_id"":""urn:uuid:2aa436f5-fc73-5a95-85d7-2467dc715d5c"",""route_state"":""course_fallback_unit_route_planned_not_published"",""url"":""https://kokunoyumeto.github.io/discrete-mathematics-open-introduction-id/""},""localized_occurrence_id"":""urn:uuid:045083b9-6cf0-5a97-9a76-8422a83bad5b"",""localized_title_payload_sha256"":""026dbe9c40c33314df5551f5662d39f9a653f2a223191859d255a3aa7f9bec99"",""localized_title_variant_id"":""urn:uuid:801f7f97-587e-5eb3-b951-002c85f52b18"",""native_locator"":{""canonical_path"":""source/sec_intro-structures.ptx"",""identity_anchor"":""subsec_structures-even-more"",""source_actual_path"":""authority/upstream-82336dc87d77c3f18d2cdbc8ec1e74eb3ba38799/discrete-book-82336dc87d77c3f18d2cdbc8ec1e74eb3ba38799/source/sec_intro-structures.ptx"",""source_xml_path"":""/section/subsection[7]"",""target_actual_path"":""repo/source/sec_intro-structures.ptx"",""target_xml_path"":""/section/subsection[7]"",""xml_id"":""subsec_structures-even-more""},""native_unit_id"":""urn:uuid:ce1ad081-835f-5198-92b4-22c6e8b1c25b"",""native_unit_kind"":""subsection"",""order_key"":""0007.000041"",""parent_native_unit_id"":""urn:uuid:efca38ac-b48c-5892-bfab-621754bb213f"",""parent_projected_unit_id"":""urn:uuid:9051e86f-ccdc-51d1-90de-c7536078b00e"",""rights_id"":""urn:uuid:71eb9923-410e-55f2-8fe6-41dc669a8635"",""source_file_revision_id"":""urn:uuid:7c3d3822-e787-5038-a7b9-33de0a4c40d4"",""source_file_sha256"":""21fcdff52ca98cb218a5484f6f7b9a8ef96a053b7b2b9b78eea37ddf35b139e7"",""source_subtree_sha256"":""a0efd3b870fe7b82dbed9e57709cbfacb29c94ed2c8c377075649cbc57b20339"",""target_file_revision_id"":""urn:uuid:e1ea00fa-072b-5599-a641-ac142f027815"",""target_file_sha256"":""6001a9d52c5ef751fc0eb3b406f0dc01f7604d65b7cbd0e59dbc1759903ec88b"",""target_subtree_sha256"":""7c0b000daeb3089458d7c8f65af0c33100ff8302700d9b71e4e718963014af3f"",""title"":""Lebih Banyak Lagi Struktur"",""title_locale"":""id-ID"",""translation_state"":""published""},""record_type"":""unit"",""recorded_at"":""2026-08-30T00:00:00Z"",""semantic_key"":""b10:dmoi4:unit:urn:uuid:ce1ad081-835f-5198-92b4-22c6e8b1c25b""}"
urn:uuid:8cc6bdb5-98aa-5c1e-b187-b04733a0c205,unit,"{""dataset_id"":""urn:uuid:6090fc4b-b34d-5cff-8f65-acaa06ddd1fc"",""id"":""urn:uuid:8cc6bdb5-98aa-5c1e-b187-b04733a0c205"",""normalized_state"":""published"",""owner_authority_id"":""urn:uuid:4dea4d1d-09ba-504e-9fcd-83524281ca97"",""owner_native_state"":""published"",""payload"":{""learner_route"":{""anchor"":null,""machine_data_only"":false,""route_id"":""urn:uuid:2aa436f5-fc73-5a95-85d7-2467dc715d5c"",""route_state"":""course_fallback_unit_route_planned_not_published"",""url"":""https://kokunoyumeto.github.io/discrete-mathematics-open-introduction-id/""},""localized_occurrence_id"":""urn:uuid:56027cb6-2260-5860-8f94-99c6c29f988e"",""localized_title_payload_sha256"":""5a88713a203886d8d0c30e8241a2e44c1a3d4b0de2916c7f69cf0b4fa16fbc31"",""localized_title_variant_id"":""urn:uuid:98e8daad-67ab-5ad9-9746-333cf9fb04db"",""native_locator"":{""canonical_path"":""source/ch_logic.ptx"",""identity_anchor"":""ch_logic"",""source_actual_path"":""authority/upstream-82336dc87d77c3f18d2cdbc8ec1e74eb3ba38799/discrete-book-82336dc87d77c3f18d2cdbc8ec1e74eb3ba38799/source/ch_logic.ptx"",""source_xml_path"":""/chapter"",""target_actual_path"":""repo/source/ch_logic.ptx"",""target_xml_path"":""/chapter"",""xml_id"":""ch_logic""},""native_unit_id"":""urn:uuid:dcc8a1b1-baec-5ebb-ace0-b05ac0b0dbb3"",""native_unit_kind"":""chapter"",""order_key"":""0008.000001"",""parent_native_unit_id"":""urn:uuid:82d239c3-1cde-57c4-b480-18b23beba54a"",""parent_projected_unit_id"":""urn:uuid:11550bda-ab68-58a2-ba09-1b4804a618bd"",""rights_id"":""urn:uuid:71eb9923-410e-55f2-8fe6-41dc669a8635"",""source_file_revision_id"":""urn:uuid:c131e510-af68-5aa6-aca4-d558a8077a94"",""source_file_sha256"":""491e05adc9aafc8325743feb4156db8bca11402758cc3c2c0653c39e4b86b674"",""source_subtree_sha256"":""689694815e2c4427aa6f1cf7a85020006c8ea0c6c829075e255e817640a00173"",""target_file_revision_id"":""urn:uuid:d071c2a4-790d-56e8-8854-ea12087ddcdf"",""target_file_sha256"":""a80386d4ad16818780d2ee777e8fc7bcdb4d7308d0d6723303fde0a126f9e5d2"",""target_subtree_sha256"":""90ecfb68703968a1e088edc13da1dbbecbb528a8125fe6e650ed334bdd962cb9"",""title"":""Logika dan Pembuktian"",""title_locale"":""id-ID"",""translation_state"":""published""},""record_type"":""unit"",""recorded_at"":""2026-08-30T00:00:00Z"",""semantic_key"":""b10:dmoi4:unit:urn:uuid:dcc8a1b1-baec-5ebb-ace0-b05ac0b0dbb3""}"
urn:uuid:c3756ea1-fba4-5de4-88f5-2b9a431cb4b3,unit,"{""dataset_id"":""urn:uuid:6090fc4b-b34d-5cff-8f65-acaa06ddd1fc"",""id"":""urn:uuid:c3756ea1-fba4-5de4-88f5-2b9a431cb4b3"",""normalized_state"":""published"",""owner_authority_id"":""urn:uuid:4dea4d1d-09ba-504e-9fcd-83524281ca97"",""owner_native_state"":""published"",""payload"":{""learner_route"":{""anchor"":null,""machine_data_only"":false,""route_id"":""urn:uuid:2aa436f5-fc73-5a95-85d7-2467dc715d5c"",""route_state"":""course_fallback_unit_route_planned_not_published"",""url"":""https://kokunoyumeto.github.io/discrete-mathematics-open-introduction-id/""},""localized_occurrence_id"":""urn:uuid:e2018d80-5960-5d08-b442-8492716f7b32"",""localized_title_payload_sha256"":""952eb52552bd763f0ef56ee5b4398ed674c755e9abe60e9f46775e08c46a6e28"",""localized_title_variant_id"":""urn:uuid:81cf0968-0c1c-5673-bfb3-71a4b4e27303"",""native_locator"":{""canonical_path"":""source/sec_logic-statements.ptx"",""identity_anchor"":""sec_logic-statements"",""source_actual_path"":""authority/upstream-82336dc87d77c3f18d2cdbc8ec1e74eb3ba38799/discrete-book-82336dc87d77c3f18d2cdbc8ec1e74eb3ba38799/source/sec_logic-statements.ptx"",""source_xml_path"":""/section"",""target_actual_path"":""repo/source/sec_logic-statements.ptx"",""target_xml_path"":""/section"",""xml_id"":""sec_logic-statements""},""native_unit_id"":""urn:uuid:d267e9b0-4f2c-59d8-be2f-fea5a4ef7e93"",""native_unit_kind"":""section"",""order_key"":""0009.000001"",""parent_native_unit_id"":""urn:uuid:dcc8a1b1-baec-5ebb-ace0-b05ac0b0dbb3"",""parent_projected_unit_id"":""urn:uuid:8cc6bdb5-98aa-5c1e-b187-b04733a0c205"",""rights_id"":""urn:uuid:71eb9923-410e-55f2-8fe6-41dc669a8635"",""source_file_revision_id"":""urn:uuid:9bb9d9e9-b725-584c-adef-4718f7517d44"",""source_file_sha256"":""147fdb79e8c6a4e6d6ca5d647a5e6a1f051d879671a21811e625eab94c1de43b"",""source_subtree_sha256"":""e6dac3d8059cb82478a575e5da78bbdcc92eaa9d72f905ba5c75777c89d6ccbc"",""target_file_revision_id"":""urn:uuid:ff3edcd0-897f-5189-bb23-b7df88d76d62"",""target_file_sha256"":""aa57a97eeccc60044aff99f7e0b59948fc200c93a43476addf98351b3feb6b5e"",""target_subtree_sha256"":""6cea3f1e52035b47ddb536c5874689aef2529192e5dc77e7d0a46a54b486945b"",""title"":""Pernyataan Matematis"",""title_locale"":""id-ID"",""translation_state"":""published""},""record_type"":""unit"",""recorded_at"":""2026-08-30T00:00:00Z"",""semantic_key"":""b10:dmoi4:unit:urn:uuid:d267e9b0-4f2c-59d8-be2f-fea5a4ef7e93""}"
urn:uuid:8729e8a5-9bfa-5a59-af37-a9ccdec0611c,unit,"{""dataset_id"":""urn:uuid:6090fc4b-b34d-5cff-8f65-acaa06ddd1fc"",""id"":""urn:uuid:8729e8a5-9bfa-5a59-af37-a9ccdec0611c"",""normalized_state"":""published"",""owner_authority_id"":""urn:uuid:4dea4d1d-09ba-504e-9fcd-83524281ca97"",""owner_native_state"":""published"",""payload"":{""learner_route"":{""anchor"":null,""machine_data_only"":false,""route_id"":""urn:uuid:2aa436f5-fc73-5a95-85d7-2467dc715d5c"",""route_state"":""course_fallback_unit_route_planned_not_published"",""url"":""https://kokunoyumeto.github.io/discrete-mathematics-open-introduction-id/""},""localized_occurrence_id"":""urn:uuid:aea99de1-ba11-5a5b-bb20-43056158e7d3"",""localized_title_payload_sha256"":""0ec14531841185758ad6feee5626c413110533aa652a65c87a5247f7e0a8ce6b"",""localized_title_variant_id"":""urn:uuid:89a0f431-40dd-5216-89f2-a0400072bbf7"",""native_locator"":{""canonical_path"":""source/sec_logic-statements.ptx"",""identity_anchor"":""source/sec_logic-statements.ptx#/section/subsection[1]"",""source_actual_path"":""authority/upstream-82336dc87d77c3f18d2cdbc8ec1e74eb3ba38799/discrete-book-82336dc87d77c3f18d2cdbc8ec1e74eb3ba38799/source/sec_logic-statements.ptx"",""source_xml_path"":""/section/subsection[1]"",""target_actual_path"":""repo/source/sec_logic-statements.ptx"",""target_xml_path"":""/section/subsection[1]"",""xml_id"":null},""native_unit_id"":""urn:uuid:1ce5d3c9-15e3-5454-9647-fb4816ced777"",""native_unit_kind"":""subsection"",""order_key"":""0009.000003"",""parent_native_unit_id"":""urn:uuid:d267e9b0-4f2c-59d8-be2f-fea5a4ef7e93"",""parent_projected_unit_id"":""urn:uuid:c3756ea1-fba4-5de4-88f5-2b9a431cb4b3"",""rights_id"":""urn:uuid:71eb9923-410e-55f2-8fe6-41dc669a8635"",""source_file_revision_id"":""urn:uuid:9bb9d9e9-b725-584c-adef-4718f7517d44"",""source_file_sha256"":""147fdb79e8c6a4e6d6ca5d647a5e6a1f051d879671a21811e625eab94c1de43b"",""source_subtree_sha256"":""4769f16419a8f79a842f53b98688b7e2163352d84006dd59e6bc59dabe21fd62"",""target_file_revision_id"":""urn:uuid:ff3edcd0-897f-5189-bb23-b7df88d76d62"",""target_file_sha256"":""aa57a97eeccc60044aff99f7e0b59948fc200c93a43476addf98351b3feb6b5e"",""target_subtree_sha256"":""1d24068d79e74224f7755098ffe70145f10cd2a1041d915819450db34ddc9821"",""title"":""Pratinjau Bagian"",""title_locale"":""id-ID"",""translation_state"":""published""},""record_type"":""unit"",""recorded_at"":""2026-08-30T00:00:00Z"",""semantic_key"":""b10:dmoi4:unit:urn:uuid:1ce5d3c9-15e3-5454-9647-fb4816ced777""}"
urn:uuid:31b8e990-3f1b-5b8e-ac4c-9b25742a7baa,unit,"{""dataset_id"":""urn:uuid:6090fc4b-b34d-5cff-8f65-acaa06ddd1fc"",""id"":""urn:uuid:31b8e990-3f1b-5b8e-ac4c-9b25742a7baa"",""normalized_state"":""published"",""owner_authority_id"":""urn:uuid:4dea4d1d-09ba-504e-9fcd-83524281ca97"",""owner_native_state"":""published"",""payload"":{""learner_route"":{""anchor"":null,""machine_data_only"":false,""route_id"":""urn:uuid:2aa436f5-fc73-5a95-85d7-2467dc715d5c"",""route_state"":""course_fallback_unit_route_planned_not_published"",""url"":""https://kokunoyumeto.github.io/discrete-mathematics-open-introduction-id/""},""localized_occurrence_id"":""urn:uuid:63d9418e-8218-519c-abcb-5e95a4555f05"",""localized_title_payload_sha256"":""18b0ef58162a34ed26f8b3c56d5471cb2d0110d75ed47158f66dd316979a652c"",""localized_title_variant_id"":""urn:uuid:65635e2e-4673-51f4-940f-717146b17068"",""native_locator"":{""canonical_path"":""source/sec_logic-statements.ptx"",""identity_anchor"":""atomic-molecular-statements"",""source_actual_path"":""authority/upstream-82336dc87d77c3f18d2cdbc8ec1e74eb3ba38799/discrete-book-82336dc87d77c3f18d2cdbc8ec1e74eb3ba38799/source/sec_logic-statements.ptx"",""source_xml_path"":""/section/subsection[2]"",""target_actual_path"":""repo/source/sec_logic-statements.ptx"",""target_xml_path"":""/section/subsection[2]"",""xml_id"":""atomic-molecular-statements""},""native_unit_id"":""urn:uuid:4ebee82f-1c11-5a7d-bc0b-36c9bda66ced"",""native_unit_kind"":""subsection"",""order_key"":""0009.000032"",""parent_native_unit_id"":""urn:uuid:d267e9b0-4f2c-59d8-be2f-fea5a4ef7e93"",""parent_projected_unit_id"":""urn:uuid:c3756ea1-fba4-5de4-88f5-2b9a431cb4b3"",""rights_id"":""urn:uuid:71eb9923-410e-55f2-8fe6-41dc669a8635"",""source_file_revision_id"":""urn:uuid:9bb9d9e9-b725-584c-adef-4718f7517d44"",""source_file_sha256"":""147fdb79e8c6a4e6d6ca5d647a5e6a1f051d879671a21811e625eab94c1de43b"",""source_subtree_sha256"":""91d25910c68507be88de0b893058a22e438972eab62f048471e8f96f0272b4a3"",""target_file_revision_id"":""urn:uuid:ff3edcd0-897f-5189-bb23-b7df88d76d62"",""target_file_sha256"":""aa57a97eeccc60044aff99f7e0b59948fc200c93a43476addf98351b3feb6b5e"",""target_subtree_sha256"":""e82fd54b9efc56eedcc1bf76e08a462931e86e1b4f5a36188c29ceb5263fb5f0"",""title"":""Pernyataan Atomik dan Molekuler"",""title_locale"":""id-ID"",""translation_state"":""published""},""record_type"":""unit"",""recorded_at"":""2026-08-30T00:00:00Z"",""semantic_key"":""b10:dmoi4:unit:urn:uuid:4ebee82f-1c11-5a7d-bc0b-36c9bda66ced""}"
urn:uuid:312e4a06-dc22-5bfd-b100-b7536c280fc7,unit,"{""dataset_id"":""urn:uuid:6090fc4b-b34d-5cff-8f65-acaa06ddd1fc"",""id"":""urn:uuid:312e4a06-dc22-5bfd-b100-b7536c280fc7"",""normalized_state"":""published"",""owner_authority_id"":""urn:uuid:4dea4d1d-09ba-504e-9fcd-83524281ca97"",""owner_native_state"":""published"",""payload"":{""learner_route"":{""anchor"":null,""machine_data_only"":false,""route_id"":""urn:uuid:2aa436f5-fc73-5a95-85d7-2467dc715d5c"",""route_state"":""course_fallback_unit_route_planned_not_published"",""url"":""https://kokunoyumeto.github.io/discrete-mathematics-open-introduction-id/""},""localized_occurrence_id"":""urn:uuid:3c7cfafa-fb95-5aeb-8729-ee7ce617463b"",""localized_title_payload_sha256"":""bd038cb000af39650ac84b6553b87680850d5aa25984b04e8769d2f5a5e6096a"",""localized_title_variant_id"":""urn:uuid:24e4a05d-e7c2-5cfe-aeb2-53fc6d7a1840"",""native_locator"":{""canonical_path"":""source/sec_logic-statements.ptx"",""identity_anchor"":""subsec_logic-statements-quant"",""source_actual_path"":""authority/upstream-82336dc87d77c3f18d2cdbc8ec1e74eb3ba38799/discrete-book-82336dc87d77c3f18d2cdbc8ec1e74eb3ba38799/source/sec_logic-statements.ptx"",""source_xml_path"":""/section/subsection[3]"",""target_actual_path"":""repo/source/sec_logic-statements.ptx"",""target_xml_path"":""/section/subsection[3]"",""xml_id"":""subsec_logic-statements-quant""},""native_unit_id"":""urn:uuid:534cf573-b62a-58c4-9b9b-cf06e171c88e"",""native_unit_kind"":""subsection"",""order_key"":""0009.000087"",""parent_native_unit_id"":""urn:uuid:d267e9b0-4f2c-59d8-be2f-fea5a4ef7e93"",""parent_projected_unit_id"":""urn:uuid:c3756ea1-fba4-5de4-88f5-2b9a431cb4b3"",""rights_id"":""urn:uuid:71eb9923-410e-55f2-8fe6-41dc669a8635"",""source_file_revision_id"":""urn:uuid:9bb9d9e9-b725-584c-adef-4718f7517d44"",""source_file_sha256"":""147fdb79e8c6a4e6d6ca5d647a5e6a1f051d879671a21811e625eab94c1de43b"",""source_subtree_sha256"":""16b89c292f5bb0d6cdcdddb5ee852ac1ef9a5eb3e4c527a7426194d33e6cd3a3"",""target_file_revision_id"":""urn:uuid:ff3edcd0-897f-5189-bb23-b7df88d76d62"",""target_file_sha256"":""aa57a97eeccc60044aff99f7e0b59948fc200c93a43476addf98351b3feb6b5e"",""target_subtree_sha256"":""d3efa7d18fc90ace7ac70db70c807cf25700f8dd89105ff3e7922c79dcdee5c7"",""title"":""Kuantor dan Predikat"",""title_locale"":""id-ID"",""translation_state"":""published""},""record_type"":""unit"",""recorded_at"":""2026-08-30T00:00:00Z"",""semantic_key"":""b10:dmoi4:unit:urn:uuid:534cf573-b62a-58c4-9b9b-cf06e171c88e""}"
urn:uuid:73354fe7-5dd9-56b2-9548-ea98cebcabe7,unit,"{""dataset_id"":""urn:uuid:6090fc4b-b34d-5cff-8f65-acaa06ddd1fc"",""id"":""urn:uuid:73354fe7-5dd9-56b2-9548-ea98cebcabe7"",""normalized_state"":""published"",""owner_authority_id"":""urn:uuid:4dea4d1d-09ba-504e-9fcd-83524281ca97"",""owner_native_state"":""published"",""payload"":{""learner_route"":{""anchor"":null,""machine_data_only"":false,""route_id"":""urn:uuid:2aa436f5-fc73-5a95-85d7-2467dc715d5c"",""route_state"":""course_fallback_unit_route_planned_not_published"",""url"":""https://kokunoyumeto.github.io/discrete-mathematics-open-introduction-id/""},""localized_occurrence_id"":""urn:uuid:f95d0c9f-a3ec-555d-9405-9f6f7d863b4f"",""localized_title_payload_sha256"":""5ae3658978fad4c6542cf63c666b44ff245a2f72d4d0d8657c86078c40ce91af"",""localized_title_variant_id"":""urn:uuid:d3d98198-2a12-51ee-aae3-d493e31f4ac8"",""native_locator"":{""canonical_path"":""source/sec_logic-implications.ptx"",""identity_anchor"":""sec_logic-implications"",""source_actual_path"":""authority/upstream-82336dc87d77c3f18d2cdbc8ec1e74eb3ba38799/discrete-book-82336dc87d77c3f18d2cdbc8ec1e74eb3ba38799/source/sec_logic-implications.ptx"",""source_xml_path"":""/section"",""target_actual_path"":""repo/source/sec_logic-implications.ptx"",""target_xml_path"":""/section"",""xml_id"":""sec_logic-implications""},""native_unit_id"":""urn:uuid:9755415d-7e8e-58bd-b71a-627f7787e534"",""native_unit_kind"":""section"",""order_key"":""0014.000001"",""parent_native_unit_id"":""urn:uuid:dcc8a1b1-baec-5ebb-ace0-b05ac0b0dbb3"",""parent_projected_unit_id"":""urn:uuid:8cc6bdb5-98aa-5c1e-b187-b04733a0c205"",""rights_id"":""urn:uuid:71eb9923-410e-55f2-8fe6-41dc669a8635"",""source_file_revision_id"":""urn:uuid:f920a602-9219-564d-a573-820a47f11999"",""source_file_sha256"":""7148deb45a74fd2dae8865bb1534e1fbb1dc6797e5ea2f6db71f1e5823b9ace6"",""source_subtree_sha256"":""bde0ca44bf69fb1e1bbef70f80982c5de6103168fff9262d317bbe50744e9156"",""target_file_revision_id"":""urn:uuid:1478e13d-fcdb-5abe-9f51-ee4a1d95a44e"",""target_file_sha256"":""74dd1097632ac6f285c3997082a9ad5a73d08241cc395c1a8127e1d9ad2aaa1f"",""target_subtree_sha256"":""4cfc6595dcfd8688c49f18503b7fd7352efe85d3d2afa01ee37a871328052efd"",""title"":""Implikasi"",""title_locale"":""id-ID"",""translation_state"":""published""},""record_type"":""unit"",""recorded_at"":""2026-08-30T00:00:00Z"",""semantic_key"":""b10:dmoi4:unit:urn:uuid:9755415d-7e8e-58bd-b71a-627f7787e534""}"
urn:uuid:f4d28aef-e9ba-5929-93ab-9e56bbeb4845,unit,"{""dataset_id"":""urn:uuid:6090fc4b-b34d-5cff-8f65-acaa06ddd1fc"",""id"":""urn:uuid:f4d28aef-e9ba-5929-93ab-9e56bbeb4845"",""normalized_state"":""published"",""owner_authority_id"":""urn:uuid:4dea4d1d-09ba-504e-9fcd-83524281ca97"",""owner_native_state"":""published"",""payload"":{""learner_route"":{""anchor"":null,""machine_data_only"":false,""route_id"":""urn:uuid:2aa436f5-fc73-5a95-85d7-2467dc715d5c"",""route_state"":""course_fallback_unit_route_planned_not_published"",""url"":""https://kokunoyumeto.github.io/discrete-mathematics-open-introduction-id/""},""localized_occurrence_id"":""urn:uuid:f61f0c0e-d6aa-5b07-b238-58c1be977069"",""localized_title_payload_sha256"":""0ec14531841185758ad6feee5626c413110533aa652a65c87a5247f7e0a8ce6b"",""localized_title_variant_id"":""urn:uuid:1aef7e7f-89fd-5e04-bf4c-67cd979a1baa"",""native_locator"":{""canonical_path"":""source/sec_logic-implications.ptx"",""identity_anchor"":""subsec-introduction"",""source_actual_path"":""authority/upstream-82336dc87d77c3f18d2cdbc8ec1e74eb3ba38799/discrete-book-82336dc87d77c3f18d2cdbc8ec1e74eb3ba38799/source/sec_logic-implications.ptx"",""source_xml_path"":""/section/subsection[1]"",""target_actual_path"":""repo/source/sec_logic-implications.ptx"",""target_xml_path"":""/section/subsection[1]"",""xml_id"":""subsec-introduction""},""native_unit_id"":""urn:uuid:477b71fa-a708-54ca-aa0a-a022e9107e4f"",""native_unit_kind"":""subsection"",""order_key"":""0014.000003"",""parent_native_unit_id"":""urn:uuid:9755415d-7e8e-58bd-b71a-627f7787e534"",""parent_projected_unit_id"":""urn:uuid:73354fe7-5dd9-56b2-9548-ea98cebcabe7"",""rights_id"":""urn:uuid:71eb9923-410e-55f2-8fe6-41dc669a8635"",""source_file_revision_id"":""urn:uuid:f920a602-9219-564d-a573-820a47f11999"",""source_file_sha256"":""7148deb45a74fd2dae8865bb1534e1fbb1dc6797e5ea2f6db71f1e5823b9ace6"",""source_subtree_sha256"":""15fb411978003f9097dcc2f44d38d5a99271e8004cc43762c2daac03ad6c9a36"",""target_file_revision_id"":""urn:uuid:1478e13d-fcdb-5abe-9f51-ee4a1d95a44e"",""target_file_sha256"":""74dd1097632ac6f285c3997082a9ad5a73d08241cc395c1a8127e1d9ad2aaa1f"",""target_subtree_sha256"":""23fe3eedb583921381393eb99f437cbf1f0d754fe94e6f61d5f0aa59077ab74f"",""title"":""Pratinjau Bagian"",""title_locale"":""id-ID"",""translation_state"":""published""},""record_type"":""unit"",""recorded_at"":""2026-08-30T00:00:00Z"",""semantic_key"":""b10:dmoi4:unit:urn:uuid:477b71fa-a708-54ca-aa0a-a022e9107e4f""}"
urn:uuid:da5a6067-9036-5183-8fab-01a6a429bfa5,unit,"{""dataset_id"":""urn:uuid:6090fc4b-b34d-5cff-8f65-acaa06ddd1fc"",""id"":""urn:uuid:da5a6067-9036-5183-8fab-01a6a429bfa5"",""normalized_state"":""published"",""owner_authority_id"":""urn:uuid:4dea4d1d-09ba-504e-9fcd-83524281ca97"",""owner_native_state"":""published"",""payload"":{""learner_route"":{""anchor"":null,""machine_data_only"":false,""route_id"":""urn:uuid:2aa436f5-fc73-5a95-85d7-2467dc715d5c"",""route_state"":""course_fallback_unit_route_planned_not_published"",""url"":""https://kokunoyumeto.github.io/discrete-mathematics-open-introduction-id/""},""localized_occurrence_id"":""urn:uuid:fa3a3416-f5a2-5d8f-b23d-6215b1a033da"",""localized_title_payload_sha256"":""f31c2a6c71b251d902d2dc37637d42a96e51098fba773939979d4779154434f7"",""localized_title_variant_id"":""urn:uuid:3f6d4a02-f0c6-52ab-941c-4abefca2a77b"",""native_locator"":{""canonical_path"":""source/sec_logic-implications.ptx"",""identity_anchor"":""subsec_implications"",""source_actual_path"":""authority/upstream-82336dc87d77c3f18d2cdbc8ec1e74eb3ba38799/discrete-book-82336dc87d77c3f18d2cdbc8ec1e74eb3ba38799/source/sec_logic-implications.ptx"",""source_xml_path"":""/section/subsection[2]"",""target_actual_path"":""repo/source/sec_logic-implications.ptx"",""target_xml_path"":""/section/subsection[2]"",""xml_id"":""subsec_implications""},""native_unit_id"":""urn:uuid:1e2aa05b-49df-5806-b999-c8cd2ae9252d"",""native_unit_kind"":""subsection"",""order_key"":""0014.000019"",""parent_native_unit_id"":""urn:uuid:9755415d-7e8e-58bd-b71a-627f7787e534"",""parent_projected_unit_id"":""urn:uuid:73354fe7-5dd9-56b2-9548-ea98cebcabe7"",""rights_id"":""urn:uuid:71eb9923-410e-55f2-8fe6-41dc669a8635"",""source_file_revision_id"":""urn:uuid:f920a602-9219-564d-a573-820a47f11999"",""source_file_sha256"":""7148deb45a74fd2dae8865bb1534e1fbb1dc6797e5ea2f6db71f1e5823b9ace6"",""source_subtree_sha256"":""47b0a91bc0f86a164d27aee93ec5aacb799531864ea6b717c1c0b8221a07bb75"",""target_file_revision_id"":""urn:uuid:1478e13d-fcdb-5abe-9f51-ee4a1d95a44e"",""target_file_sha256"":""74dd1097632ac6f285c3997082a9ad5a73d08241cc395c1a8127e1d9ad2aaa1f"",""target_subtree_sha256"":""865cb80c2d11cda276395cb5403a8b341d3086b42a6244939b155dd5a99eec3b"",""title"":""Memahami Tabel Kebenaran"",""title_locale"":""id-ID"",""translation_state"":""published""},""record_type"":""unit"",""recorded_at"":""2026-08-30T00:00:00Z"",""semantic_key"":""b10:dmoi4:unit:urn:uuid:1e2aa05b-49df-5806-b999-c8cd2ae9252d""}"
urn:uuid:bac3b8c4-fa61-5975-af6c-dec43c9a9946,unit,"{""dataset_id"":""urn:uuid:6090fc4b-b34d-5cff-8f65-acaa06ddd1fc"",""id"":""urn:uuid:bac3b8c4-fa61-5975-af6c-dec43c9a9946"",""normalized_state"":""published"",""owner_authority_id"":""urn:uuid:4dea4d1d-09ba-504e-9fcd-83524281ca97"",""owner_native_state"":""published"",""payload"":{""learner_route"":{""anchor"":null,""machine_data_only"":false,""route_id"":""urn:uuid:2aa436f5-fc73-5a95-85d7-2467dc715d5c"",""route_state"":""course_fallback_unit_route_planned_not_published"",""url"":""https://kokunoyumeto.github.io/discrete-mathematics-open-introduction-id/""},""localized_occurrence_id"":""urn:uuid:8923469e-fbc5-5930-a4f6-e582e5843be6"",""localized_title_payload_sha256"":""574458aa8f24c42e62d3a2a9db78537599e11bbffd6ef4dffe15e9c8394190b4"",""localized_title_variant_id"":""urn:uuid:18e54199-853a-52f7-85f1-42f912a3f2a9"",""native_locator"":{""canonical_path"":""source/sec_logic-implications.ptx"",""identity_anchor"":""subsec-related-statements"",""source_actual_path"":""authority/upstream-82336dc87d77c3f18d2cdbc8ec1e74eb3ba38799/discrete-book-82336dc87d77c3f18d2cdbc8ec1e74eb3ba38799/source/sec_logic-implications.ptx"",""source_xml_path"":""/section/subsection[3]"",""target_actual_path"":""repo/source/sec_logic-implications.ptx"",""target_xml_path"":""/section/subsection[3]"",""xml_id"":""subsec-related-statements""},""native_unit_id"":""urn:uuid:c4fb9c9e-e59b-5a7d-a14e-0dac93dccad2"",""native_unit_kind"":""subsection"",""order_key"":""0014.000025"",""parent_native_unit_id"":""urn:uuid:9755415d-7e8e-58bd-b71a-627f7787e534"",""parent_projected_unit_id"":""urn:uuid:73354fe7-5dd9-56b2-9548-ea98cebcabe7"",""rights_id"":""urn:uuid:71eb9923-410e-55f2-8fe6-41dc669a8635"",""source_file_revision_id"":""urn:uuid:f920a602-9219-564d-a573-820a47f11999"",""source_file_sha256"":""7148deb45a74fd2dae8865bb1534e1fbb1dc6797e5ea2f6db71f1e5823b9ace6"",""source_subtree_sha256"":""57c7de2d5f5d4f319fb6291d87dd2ad30292dddf8a219465aec109b6db574f90"",""target_file_revision_id"":""urn:uuid:1478e13d-fcdb-5abe-9f51-ee4a1d95a44e"",""target_file_sha256"":""74dd1097632ac6f285c3997082a9ad5a73d08241cc395c1a8127e1d9ad2aaa1f"",""target_subtree_sha256"":""cb1772877470052fe1cc6298952ffb24a960c7931ec9a58157ed760a79e14c00"",""title"":""Pernyataan yang Berkaitan"",""title_locale"":""id-ID"",""translation_state"":""published""},""record_type"":""unit"",""recorded_at"":""2026-08-30T00:00:00Z"",""semantic_key"":""b10:dmoi4:unit:urn:uuid:c4fb9c9e-e59b-5a7d-a14e-0dac93dccad2""}"
urn:uuid:9f397d4d-f919-53af-9ee7-14d6ed96a5b1,unit,"{""dataset_id"":""urn:uuid:6090fc4b-b34d-5cff-8f65-acaa06ddd1fc"",""id"":""urn:uuid:9f397d4d-f919-53af-9ee7-14d6ed96a5b1"",""normalized_state"":""published"",""owner_authority_id"":""urn:uuid:4dea4d1d-09ba-504e-9fcd-83524281ca97"",""owner_native_state"":""published"",""payload"":{""learner_route"":{""anchor"":null,""machine_data_only"":false,""route_id"":""urn:uuid:2aa436f5-fc73-5a95-85d7-2467dc715d5c"",""route_state"":""course_fallback_unit_route_planned_not_published"",""url"":""https://kokunoyumeto.github.io/discrete-mathematics-open-introduction-id/""},""localized_occurrence_id"":""urn:uuid:c65901a4-bbb1-517a-b057-3b0d0e373c75"",""localized_title_payload_sha256"":""3b9edcb4c4f53ce7728608d9f336e9b42ccef4d28ce8369d94236b4cbd000370"",""localized_title_variant_id"":""urn:uuid:253e705f-9710-515c-9765-0c176f5f27d3"",""native_locator"":{""canonical_path"":""source/sec_logic-rules.ptx"",""identity_anchor"":""sec_logic-rules"",""source_actual_path"":""authority/upstream-82336dc87d77c3f18d2cdbc8ec1e74eb3ba38799/discrete-book-82336dc87d77c3f18d2cdbc8ec1e74eb3ba38799/source/sec_logic-rules.ptx"",""source_xml_path"":""/section"",""target_actual_path"":""repo/source/sec_logic-rules.ptx"",""target_xml_path"":""/section"",""xml_id"":""sec_logic-rules""},""native_unit_id"":""urn:uuid:75565ac0-0188-5e97-9b71-0fe965d8f204"",""native_unit_kind"":""section"",""order_key"":""0017.000001"",""parent_native_unit_id"":""urn:uuid:dcc8a1b1-baec-5ebb-ace0-b05ac0b0dbb3"",""parent_projected_unit_id"":""urn:uuid:8cc6bdb5-98aa-5c1e-b187-b04733a0c205"",""rights_id"":""urn:uuid:71eb9923-410e-55f2-8fe6-41dc669a8635"",""source_file_revision_id"":""urn:uuid:5a934b2f-47fe-59df-bfb8-b0d88608c83a"",""source_file_sha256"":""fa3a02edfc0aa1098bb8b66e6cd0e24c479853311fc3863449b59aa4736488a2"",""source_subtree_sha256"":""c26ed95919dd12a35d67b7d13ab2fbbca1a638c6ec56c4c1a49ae0db2e5b082a"",""target_file_revision_id"":""urn:uuid:e5827ce0-30dc-5a73-8694-887b3e3f1898"",""target_file_sha256"":""7a3ddba577f9c230657d447828bec9ed5f46104fd5e2784cd463f6fad69eae04"",""target_subtree_sha256"":""cae46ba97192c90934eafcc0fd8d1467bfbbdea132f3d11d968a2dfd16c6193f"",""title"":""Aturan Logika"",""title_locale"":""id-ID"",""translation_state"":""published""},""record_type"":""unit"",""recorded_at"":""2026-08-30T00:00:00Z"",""semantic_key"":""b10:dmoi4:unit:urn:uuid:75565ac0-0188-5e97-9b71-0fe965d8f204""}"
urn:uuid:5996e8aa-17f7-597c-96ca-ba3e878f62b2,unit,"{""dataset_id"":""urn:uuid:6090fc4b-b34d-5cff-8f65-acaa06ddd1fc"",""id"":""urn:uuid:5996e8aa-17f7-597c-96ca-ba3e878f62b2"",""normalized_state"":""published"",""owner_authority_id"":""urn:uuid:4dea4d1d-09ba-504e-9fcd-83524281ca97"",""owner_native_state"":""published"",""payload"":{""learner_route"":{""anchor"":null,""machine_data_only"":false,""route_id"":""urn:uuid:2aa436f5-fc73-5a95-85d7-2467dc715d5c"",""route_state"":""course_fallback_unit_route_planned_not_published"",""url"":""https://kokunoyumeto.github.io/discrete-mathematics-open-introduction-id/""},""localized_occurrence_id"":""urn:uuid:578d2c44-b60a-5646-bd4a-2296b5f9a5fc"",""localized_title_payload_sha256"":""0ec14531841185758ad6feee5626c413110533aa652a65c87a5247f7e0a8ce6b"",""localized_title_variant_id"":""urn:uuid:55ed26c0-00e3-5da1-ae64-eba4fa19b901"",""native_locator"":{""canonical_path"":""source/sec_logic-rules.ptx"",""identity_anchor"":""source/sec_logic-rules.ptx#/section/subsection[1]"",""source_actual_path"":""authority/upstream-82336dc87d77c3f18d2cdbc8ec1e74eb3ba38799/discrete-book-82336dc87d77c3f18d2cdbc8ec1e74eb3ba38799/source/sec_logic-rules.ptx"",""source_xml_path"":""/section/subsection[1]"",""target_actual_path"":""repo/source/sec_logic-rules.ptx"",""target_xml_path"":""/section/subsection[1]"",""xml_id"":null},""native_unit_id"":""urn:uuid:a59fa894-43a4-5162-a043-1d683bc7e52e"",""native_unit_kind"":""subsection"",""order_key"":""0017.000003"",""parent_native_unit_id"":""urn:uuid:75565ac0-0188-5e97-9b71-0fe965d8f204"",""parent_projected_unit_id"":""urn:uuid:9f397d4d-f919-53af-9ee7-14d6ed96a5b1"",""rights_id"":""urn:uuid:71eb9923-410e-55f2-8fe6-41dc669a8635"",""source_file_revision_id"":""urn:uuid:5a934b2f-47fe-59df-bfb8-b0d88608c83a"",""source_file_sha256"":""fa3a02edfc0aa1098bb8b66e6cd0e24c479853311fc3863449b59aa4736488a2"",""source_subtree_sha256"":""081990b629148ad4355673719679c94223651e6c2f63e6afb09486037a58bd01"",""target_file_revision_id"":""urn:uuid:e5827ce0-30dc-5a73-8694-887b3e3f1898"",""target_file_sha256"":""7a3ddba577f9c230657d447828bec9ed5f46104fd5e2784cd463f6fad69eae04"",""target_subtree_sha256"":""7ad0d2823f4b3167a2178227be295a3102244a47765cfa12cac32e3858317143"",""title"":""Pratinjau Bagian"",""title_locale"":""id-ID"",""translation_state"":""published""},""record_type"":""unit"",""recorded_at"":""2026-08-30T00:00:00Z"",""semantic_key"":""b10:dmoi4:unit:urn:uuid:a59fa894-43a4-5162-a043-1d683bc7e52e""}"
urn:uuid:5f8d9d1b-bc2e-59ce-b1e3-5baf65adda90,unit,"{""dataset_id"":""urn:uuid:6090fc4b-b34d-5cff-8f65-acaa06ddd1fc"",""id"":""urn:uuid:5f8d9d1b-bc2e-59ce-b1e3-5baf65adda90"",""normalized_state"":""published"",""owner_authority_id"":""urn:uuid:4dea4d1d-09ba-504e-9fcd-83524281ca97"",""owner_native_state"":""published"",""payload"":{""learner_route"":{""anchor"":null,""machine_data_only"":false,""route_id"":""urn:uuid:2aa436f5-fc73-5a95-85d7-2467dc715d5c"",""route_state"":""course_fallback_unit_route_planned_not_published"",""url"":""https://kokunoyumeto.github.io/discrete-mathematics-open-introduction-id/""},""localized_occurrence_id"":""urn:uuid:cc6dc4e1-41d5-5d46-aeb9-d7514ea8be29"",""localized_title_payload_sha256"":""9e86956c7b39bef3b0a6db8698562ea9a14a04110374eea67b4ddaf54db11270"",""localized_title_variant_id"":""urn:uuid:84f24117-39bc-5234-88ad-d468cc065f56"",""native_locator"":{""canonical_path"":""source/sec_logic-rules.ptx"",""identity_anchor"":""source/sec_logic-rules.ptx#/section/subsection[2]"",""source_actual_path"":""authority/upstream-82336dc87d77c3f18d2cdbc8ec1e74eb3ba38799/discrete-book-82336dc87d77c3f18d2cdbc8ec1e74eb3ba38799/source/sec_logic-rules.ptx"",""source_xml_path"":""/section/subsection[2]"",""target_actual_path"":""repo/source/sec_logic-rules.ptx"",""target_xml_path"":""/section/subsection[2]"",""xml_id"":null},""native_unit_id"":""urn:uuid:ee5e6c65-fb1e-505e-850a-fc1c241c0555"",""native_unit_kind"":""subsection"",""order_key"":""0017.000011"",""parent_native_unit_id"":""urn:uuid:75565ac0-0188-5e97-9b71-0fe965d8f204"",""parent_projected_unit_id"":""urn:uuid:9f397d4d-f919-53af-9ee7-14d6ed96a5b1"",""rights_id"":""urn:uuid:71eb9923-410e-55f2-8fe6-41dc669a8635"",""source_file_revision_id"":""urn:uuid:5a934b2f-47fe-59df-bfb8-b0d88608c83a"",""source_file_sha256"":""fa3a02edfc0aa1098bb8b66e6cd0e24c479853311fc3863449b59aa4736488a2"",""source_subtree_sha256"":""8651eef37b1502fb0ce1f6cc2f71ad47558f6ecc665383a0759826d565222aac"",""target_file_revision_id"":""urn:uuid:e5827ce0-30dc-5a73-8694-887b3e3f1898"",""target_file_sha256"":""7a3ddba577f9c230657d447828bec9ed5f46104fd5e2784cd463f6fad69eae04"",""target_subtree_sha256"":""053c60484e2ca1b172c35f206a88eb8e15836608ca8978d1987de85e9d332e37"",""title"":""Tabel Kebenaran"",""title_locale"":""id-ID"",""translation_state"":""published""},""record_type"":""unit"",""recorded_at"":""2026-08-30T00:00:00Z"",""semantic_key"":""b10:dmoi4:unit:urn:uuid:ee5e6c65-fb1e-505e-850a-fc1c241c0555""}"
urn:uuid:381a8881-37e6-524c-a408-553697603f3c,unit,"{""dataset_id"":""urn:uuid:6090fc4b-b34d-5cff-8f65-acaa06ddd1fc"",""id"":""urn:uuid:381a8881-37e6-524c-a408-553697603f3c"",""normalized_state"":""published"",""owner_authority_id"":""urn:uuid:4dea4d1d-09ba-504e-9fcd-83524281ca97"",""owner_native_state"":""published"",""payload"":{""learner_route"":{""anchor"":null,""machine_data_only"":false,""route_id"":""urn:uuid:2aa436f5-fc73-5a95-85d7-2467dc715d5c"",""route_state"":""course_fallback_unit_route_planned_not_published"",""url"":""https://kokunoyumeto.github.io/discrete-mathematics-open-introduction-id/""},""localized_occurrence_id"":""urn:uuid:04a431db-1898-505d-a1c6-0a756a891991"",""localized_title_payload_sha256"":""fce308f8d7f01c79dd936317f84890f1b388b005f1d8411b338a2a647e8986e1"",""localized_title_variant_id"":""urn:uuid:846c2091-4d0d-593b-aa44-7e473958d16a"",""native_locator"":{""canonical_path"":""source/sec_logic-rules.ptx"",""identity_anchor"":""source/sec_logic-rules.ptx#/section/subsection[3]"",""source_actual_path"":""authority/upstream-82336dc87d77c3f18d2cdbc8ec1e74eb3ba38799/discrete-book-82336dc87d77c3f18d2cdbc8ec1e74eb3ba38799/source/sec_logic-rules.ptx"",""source_xml_path"":""/section/subsection[3]"",""target_actual_path"":""repo/source/sec_logic-rules.ptx"",""target_xml_path"":""/section/subsection[3]"",""xml_id"":null},""native_unit_id"":""urn:uuid:1097d4b3-80a2-5df0-84f7-e3b1ab75e4be"",""native_unit_kind"":""subsection"",""order_key"":""0017.000019"",""parent_native_unit_id"":""urn:uuid:75565ac0-0188-5e97-9b71-0fe965d8f204"",""parent_projected_unit_id"":""urn:uuid:9f397d4d-f919-53af-9ee7-14d6ed96a5b1"",""rights_id"":""urn:uuid:71eb9923-410e-55f2-8fe6-41dc669a8635"",""source_file_revision_id"":""urn:uuid:5a934b2f-47fe-59df-bfb8-b0d88608c83a"",""source_file_sha256"":""fa3a02edfc0aa1098bb8b66e6cd0e24c479853311fc3863449b59aa4736488a2"",""source_subtree_sha256"":""d7d335bc31ad46ae1b3286a3aa80d5153c929de20a86637d2030115008302e67"",""target_file_revision_id"":""urn:uuid:e5827ce0-30dc-5a73-8694-887b3e3f1898"",""target_file_sha256"":""7a3ddba577f9c230657d447828bec9ed5f46104fd5e2784cd463f6fad69eae04"",""target_subtree_sha256"":""f51e9ed0a6e72532a1b0bfb7ad1e38c1108fdbc59ac3e4466beadf564412ea5d"",""title"":""Ekuivalensi Logis"",""title_locale"":""id-ID"",""translation_state"":""published""},""record_type"":""unit"",""recorded_at"":""2026-08-30T00:00:00Z"",""semantic_key"":""b10:dmoi4:unit:urn:uuid:1097d4b3-80a2-5df0-84f7-e3b1ab75e4be""}"
urn:uuid:13df02c2-6879-50f3-9437-c523619594ae,unit,"{""dataset_id"":""urn:uuid:6090fc4b-b34d-5cff-8f65-acaa06ddd1fc"",""id"":""urn:uuid:13df02c2-6879-50f3-9437-c523619594ae"",""normalized_state"":""published"",""owner_authority_id"":""urn:uuid:4dea4d1d-09ba-504e-9fcd-83524281ca97"",""owner_native_state"":""published"",""payload"":{""learner_route"":{""anchor"":null,""machine_data_only"":false,""route_id"":""urn:uuid:2aa436f5-fc73-5a95-85d7-2467dc715d5c"",""route_state"":""course_fallback_unit_route_planned_not_published"",""url"":""https://kokunoyumeto.github.io/discrete-mathematics-open-introduction-id/""},""localized_occurrence_id"":""urn:uuid:d490eedf-01cc-5b78-ad0d-bf38d2aef348"",""localized_title_payload_sha256"":""d0cf28aa29b0b2375dde4eb8fa8979feabf654f76dc479b7ace66756fcc6ac4a"",""localized_title_variant_id"":""urn:uuid:671e655e-3f31-57f1-ba3f-ebb0e0b3a01d"",""native_locator"":{""canonical_path"":""source/sec_logic-rules.ptx"",""identity_anchor"":""source/sec_logic-rules.ptx#/section/subsection[4]"",""source_actual_path"":""authority/upstream-82336dc87d77c3f18d2cdbc8ec1e74eb3ba38799/discrete-book-82336dc87d77c3f18d2cdbc8ec1e74eb3ba38799/source/sec_logic-rules.ptx"",""source_xml_path"":""/section/subsection[4]"",""target_actual_path"":""repo/source/sec_logic-rules.ptx"",""target_xml_path"":""/section/subsection[4]"",""xml_id"":null},""native_unit_id"":""urn:uuid:678d2c32-d7bd-5cb3-a2c1-24e1748a821d"",""native_unit_kind"":""subsection"",""order_key"":""0017.000038"",""parent_native_unit_id"":""urn:uuid:75565ac0-0188-5e97-9b71-0fe965d8f204"",""parent_projected_unit_id"":""urn:uuid:9f397d4d-f919-53af-9ee7-14d6ed96a5b1"",""rights_id"":""urn:uuid:71eb9923-410e-55f2-8fe6-41dc669a8635"",""source_file_revision_id"":""urn:uuid:5a934b2f-47fe-59df-bfb8-b0d88608c83a"",""source_file_sha256"":""fa3a02edfc0aa1098bb8b66e6cd0e24c479853311fc3863449b59aa4736488a2"",""source_subtree_sha256"":""c58560f644a7b11abe7c26fa447da50f77c71479912af9f31eaa308b4f740612"",""target_file_revision_id"":""urn:uuid:e5827ce0-30dc-5a73-8694-887b3e3f1898"",""target_file_sha256"":""7a3ddba577f9c230657d447828bec9ed5f46104fd5e2784cd463f6fad69eae04"",""target_subtree_sha256"":""92e5f8e9e7432e6cbc35e3e87a1e3ff88d7a8e983b4cc1b7ede8073dacd17752"",""title"":""Ekuivalensi untuk Pernyataan Berkuantor"",""title_locale"":""id-ID"",""translation_state"":""published""},""record_type"":""unit"",""recorded_at"":""2026-08-30T00:00:00Z"",""semantic_key"":""b10:dmoi4:unit:urn:uuid:678d2c32-d7bd-5cb3-a2c1-24e1748a821d""}"
urn:uuid:fcbaa9a2-807c-5893-979b-cca4c7bfe544,unit,"{""dataset_id"":""urn:uuid:6090fc4b-b34d-5cff-8f65-acaa06ddd1fc"",""id"":""urn:uuid:fcbaa9a2-807c-5893-979b-cca4c7bfe544"",""normalized_state"":""published"",""owner_authority_id"":""urn:uuid:4dea4d1d-09ba-504e-9fcd-83524281ca97"",""owner_native_state"":""published"",""payload"":{""learner_route"":{""anchor"":null,""machine_data_only"":false,""route_id"":""urn:uuid:2aa436f5-fc73-5a95-85d7-2467dc715d5c"",""route_state"":""course_fallback_unit_route_planned_not_published"",""url"":""https://kokunoyumeto.github.io/discrete-mathematics-open-introduction-id/""},""localized_occurrence_id"":""urn:uuid:bfd086ff-b588-5803-bc4e-d253c4da33a4"",""localized_title_payload_sha256"":""0ccb280cab03caa6ca854f0eb03b9cdfe841ccb6561956a1d05fe8c2ee0ec012"",""localized_title_variant_id"":""urn:uuid:2ed27097-2c5b-526c-941d-c721e9198358"",""native_locator"":{""canonical_path"":""source/sec_logic-rules.ptx"",""identity_anchor"":""source/sec_logic-rules.ptx#/section/subsection[5]"",""source_actual_path"":""authority/upstream-82336dc87d77c3f18d2cdbc8ec1e74eb3ba38799/discrete-book-82336dc87d77c3f18d2cdbc8ec1e74eb3ba38799/source/sec_logic-rules.ptx"",""source_xml_path"":""/section/subsection[5]"",""target_actual_path"":""repo/source/sec_logic-rules.ptx"",""target_xml_path"":""/section/subsection[5]"",""xml_id"":null},""native_unit_id"":""urn:uuid:d0604aed-7823-5452-98e4-c842363ae352"",""native_unit_kind"":""subsection"",""order_key"":""0017.000049"",""parent_native_unit_id"":""urn:uuid:75565ac0-0188-5e97-9b71-0fe965d8f204"",""parent_projected_unit_id"":""urn:uuid:9f397d4d-f919-53af-9ee7-14d6ed96a5b1"",""rights_id"":""urn:uuid:71eb9923-410e-55f2-8fe6-41dc669a8635"",""source_file_revision_id"":""urn:uuid:5a934b2f-47fe-59df-bfb8-b0d88608c83a"",""source_file_sha256"":""fa3a02edfc0aa1098bb8b66e6cd0e24c479853311fc3863449b59aa4736488a2"",""source_subtree_sha256"":""cadb2914c862c0fd4a73462313fdf596766c4b6613356cc67fa0f287c2c2e560"",""target_file_revision_id"":""urn:uuid:e5827ce0-30dc-5a73-8694-887b3e3f1898"",""target_file_sha256"":""7a3ddba577f9c230657d447828bec9ed5f46104fd5e2784cd463f6fad69eae04"",""target_subtree_sha256"":""11c02f7d4a2bb115c4ffb2831d0ad30fa46b1649a575f61e51163527ffa0d5b2"",""title"":""Deduksi"",""title_locale"":""id-ID"",""translation_state"":""published""},""record_type"":""unit"",""recorded_at"":""2026-08-30T00:00:00Z"",""semantic_key"":""b10:dmoi4:unit:urn:uuid:d0604aed-7823-5452-98e4-c842363ae352""}"
urn:uuid:282b6624-d3b7-57a1-9f1f-b1f2af380af2,unit,"{""dataset_id"":""urn:uuid:6090fc4b-b34d-5cff-8f65-acaa06ddd1fc"",""id"":""urn:uuid:282b6624-d3b7-57a1-9f1f-b1f2af380af2"",""normalized_state"":""published"",""owner_authority_id"":""urn:uuid:4dea4d1d-09ba-504e-9fcd-83524281ca97"",""owner_native_state"":""published"",""payload"":{""learner_route"":{""anchor"":null,""machine_data_only"":false,""route_id"":""urn:uuid:2aa436f5-fc73-5a95-85d7-2467dc715d5c"",""route_state"":""course_fallback_unit_route_planned_not_published"",""url"":""https://kokunoyumeto.github.io/discrete-mathematics-open-introduction-id/""},""localized_occurrence_id"":""urn:uuid:4e255a8a-c8f8-54e0-9394-089194fa7038"",""localized_title_payload_sha256"":""2c8c12aab670da03236f4d9c4f379c013f09cbfc0b943678f18c14679cfb017d"",""localized_title_variant_id"":""urn:uuid:039283ff-c53b-5d75-bcc6-7e033f41ca9d"",""native_locator"":{""canonical_path"":""source/sec_logic-proofs.ptx"",""identity_anchor"":""sec_logic-proofs"",""source_actual_path"":""authority/upstream-82336dc87d77c3f18d2cdbc8ec1e74eb3ba38799/discrete-book-82336dc87d77c3f18d2cdbc8ec1e74eb3ba38799/source/sec_logic-proofs.ptx"",""source_xml_path"":""/section"",""target_actual_path"":""repo/source/sec_logic-proofs.ptx"",""target_xml_path"":""/section"",""xml_id"":""sec_logic-proofs""},""native_unit_id"":""urn:uuid:897c18f0-2375-5d3e-9e58-2ee2770232de"",""native_unit_kind"":""section"",""order_key"":""0020.000001"",""parent_native_unit_id"":""urn:uuid:dcc8a1b1-baec-5ebb-ace0-b05ac0b0dbb3"",""parent_projected_unit_id"":""urn:uuid:8cc6bdb5-98aa-5c1e-b187-b04733a0c205"",""rights_id"":""urn:uuid:71eb9923-410e-55f2-8fe6-41dc669a8635"",""source_file_revision_id"":""urn:uuid:e522ef55-6c86-57c6-8ba4-cc746329c39f"",""source_file_sha256"":""c97d90f3574c85e5d45a289c69e57a5d4db9f69e1aadda20ab00ce36c6016e3f"",""source_subtree_sha256"":""8711e4fb76d8e6fa916fcef3d944a6b5eaeef8de80b3c9b931822af92e840c3a"",""target_file_revision_id"":""urn:uuid:bae7efd8-834d-5926-8a5b-b6d1c6324da3"",""target_file_sha256"":""4eb53751c7522bd10c718e966b016f80ac6c7c0215baa0fee38f7ff02cc0e33c"",""target_subtree_sha256"":""4456e4cca9fdf196031be0afd6bdac2bb522d5194e62bae1c5e55aeb03bc9978"",""title"":""Pembuktian"",""title_locale"":""id-ID"",""translation_state"":""published""},""record_type"":""unit"",""recorded_at"":""2026-08-30T00:00:00Z"",""semantic_key"":""b10:dmoi4:unit:urn:uuid:897c18f0-2375-5d3e-9e58-2ee2770232de""}"
urn:uuid:16cf28e8-8094-5c2e-8016-9a823e5af94d,unit,"{""dataset_id"":""urn:uuid:6090fc4b-b34d-5cff-8f65-acaa06ddd1fc"",""id"":""urn:uuid:16cf28e8-8094-5c2e-8016-9a823e5af94d"",""normalized_state"":""published"",""owner_authority_id"":""urn:uuid:4dea4d1d-09ba-504e-9fcd-83524281ca97"",""owner_native_state"":""published"",""payload"":{""learner_route"":{""anchor"":null,""machine_data_only"":false,""route_id"":""urn:uuid:2aa436f5-fc73-5a95-85d7-2467dc715d5c"",""route_state"":""course_fallback_unit_route_planned_not_published"",""url"":""https://kokunoyumeto.github.io/discrete-mathematics-open-introduction-id/""},""localized_occurrence_id"":""urn:uuid:60fcf0a9-46eb-5933-8b8e-8f3ea0f887f5"",""localized_title_payload_sha256"":""0ec14531841185758ad6feee5626c413110533aa652a65c87a5247f7e0a8ce6b"",""localized_title_variant_id"":""urn:uuid:5b41a126-9706-5819-a6b4-88cf3dd90bd4"",""native_locator"":{""canonical_path"":""source/sec_logic-proofs.ptx"",""identity_anchor"":""logic-proofs-intro"",""source_actual_path"":""authority/upstream-82336dc87d77c3f18d2cdbc8ec1e74eb3ba38799/discrete-book-82336dc87d77c3f18d2cdbc8ec1e74eb3ba38799/source/sec_logic-proofs.ptx"",""source_xml_path"":""/section/subsection[1]"",""target_actual_path"":""repo/source/sec_logic-proofs.ptx"",""target_xml_path"":""/section/subsection[1]"",""xml_id"":""logic-proofs-intro""},""native_unit_id"":""urn:uuid:7b2c9539-0140-52a8-b334-26ee7e47fd38"",""native_unit_kind"":""subsection"",""order_key"":""0020.000003"",""parent_native_unit_id"":""urn:uuid:897c18f0-2375-5d3e-9e58-2ee2770232de"",""parent_projected_unit_id"":""urn:uuid:282b6624-d3b7-57a1-9f1f-b1f2af380af2"",""rights_id"":""urn:uuid:71eb9923-410e-55f2-8fe6-41dc669a8635"",""source_file_revision_id"":""urn:uuid:e522ef55-6c86-57c6-8ba4-cc746329c39f"",""source_file_sha256"":""c97d90f3574c85e5d45a289c69e57a5d4db9f69e1aadda20ab00ce36c6016e3f"",""source_subtree_sha256"":""17d4db5cf67fe943144bf24e3aee8f3e8813e56ba3420223790f7e9b98d6f0e9"",""target_file_revision_id"":""urn:uuid:bae7efd8-834d-5926-8a5b-b6d1c6324da3"",""target_file_sha256"":""4eb53751c7522bd10c718e966b016f80ac6c7c0215baa0fee38f7ff02cc0e33c"",""target_subtree_sha256"":""0520649f7fbdb0dd231472f97cb01916e851b39e1d52cd1e5a7583a70e9fdfd1"",""title"":""Pratinjau Bagian"",""title_locale"":""id-ID"",""translation_state"":""published""},""record_type"":""unit"",""recorded_at"":""2026-08-30T00:00:00Z"",""semantic_key"":""b10:dmoi4:unit:urn:uuid:7b2c9539-0140-52a8-b334-26ee7e47fd38""}"
urn:uuid:33285309-8b39-5c88-b3a4-74dc75709e3a,unit,"{""dataset_id"":""urn:uuid:6090fc4b-b34d-5cff-8f65-acaa06ddd1fc"",""id"":""urn:uuid:33285309-8b39-5c88-b3a4-74dc75709e3a"",""normalized_state"":""published"",""owner_authority_id"":""urn:uuid:4dea4d1d-09ba-504e-9fcd-83524281ca97"",""owner_native_state"":""published"",""payload"":{""learner_route"":{""anchor"":null,""machine_data_only"":false,""route_id"":""urn:uuid:2aa436f5-fc73-5a95-85d7-2467dc715d5c"",""route_state"":""course_fallback_unit_route_planned_not_published"",""url"":""https://kokunoyumeto.github.io/discrete-mathematics-open-introduction-id/""},""localized_occurrence_id"":""urn:uuid:0043d697-ffa9-54b5-904b-453f2b134cfe"",""localized_title_payload_sha256"":""1bb9be0726d23145c1c1cc47a774949561660e1f33ada6a8ab63632b5157fba9"",""localized_title_variant_id"":""urn:uuid:51b7db86-a52f-5e11-b0f4-ed4dc93fe444"",""native_locator"":{""canonical_path"":""source/sec_logic-proofs.ptx"",""identity_anchor"":""source/sec_logic-proofs.ptx#/section/subsection[2]"",""source_actual_path"":""authority/upstream-82336dc87d77c3f18d2cdbc8ec1e74eb3ba38799/discrete-book-82336dc87d77c3f18d2cdbc8ec1e74eb3ba38799/source/sec_logic-proofs.ptx"",""source_xml_path"":""/section/subsection[2]"",""target_actual_path"":""repo/source/sec_logic-proofs.ptx"",""target_xml_path"":""/section/subsection[2]"",""xml_id"":null},""native_unit_id"":""urn:uuid:35ae3025-0fa1-5aa4-bb83-1bc712d9752e"",""native_unit_kind"":""subsection"",""order_key"":""0020.000009"",""parent_native_unit_id"":""urn:uuid:897c18f0-2375-5d3e-9e58-2ee2770232de"",""parent_projected_unit_id"":""urn:uuid:282b6624-d3b7-57a1-9f1f-b1f2af380af2"",""rights_id"":""urn:uuid:71eb9923-410e-55f2-8fe6-41dc669a8635"",""source_file_revision_id"":""urn:uuid:e522ef55-6c86-57c6-8ba4-cc746329c39f"",""source_file_sha256"":""c97d90f3574c85e5d45a289c69e57a5d4db9f69e1aadda20ab00ce36c6016e3f"",""source_subtree_sha256"":""4d07af7de0734dcc97edcfd77bc9d6ec67bcff36a3bb69681b56b005ad8b97ab"",""target_file_revision_id"":""urn:uuid:bae7efd8-834d-5926-8a5b-b6d1c6324da3"",""target_file_sha256"":""4eb53751c7522bd10c718e966b016f80ac6c7c0215baa0fee38f7ff02cc0e33c"",""target_subtree_sha256"":""965290b0d3ffa7fa2ff4348e30bfa45018c3d17dce9faf8a1f2f0b4959b775cc"",""title"":""Pembuktian Langsung"",""title_locale"":""id-ID"",""translation_state"":""published""},""record_type"":""unit"",""recorded_at"":""2026-08-30T00:00:00Z"",""semantic_key"":""b10:dmoi4:unit:urn:uuid:35ae3025-0fa1-5aa4-bb83-1bc712d9752e""}"
urn:uuid:96cb5fa7-fba1-53de-944e-4848780f72b9,unit,"{""dataset_id"":""urn:uuid:6090fc4b-b34d-5cff-8f65-acaa06ddd1fc"",""id"":""urn:uuid:96cb5fa7-fba1-53de-944e-4848780f72b9"",""normalized_state"":""published"",""owner_authority_id"":""urn:uuid:4dea4d1d-09ba-504e-9fcd-83524281ca97"",""owner_native_state"":""published"",""payload"":{""learner_route"":{""anchor"":null,""machine_data_only"":false,""route_id"":""urn:uuid:2aa436f5-fc73-5a95-85d7-2467dc715d5c"",""route_state"":""course_fallback_unit_route_planned_not_published"",""url"":""https://kokunoyumeto.github.io/discrete-mathematics-open-introduction-id/""},""localized_occurrence_id"":""urn:uuid:31c7e0f0-4853-52b3-96b3-1d01ee99a886"",""localized_title_payload_sha256"":""af6db9ea09d39f2879d3849f29b729c4a15508175804e4afa3ff41dbb43cbb00"",""localized_title_variant_id"":""urn:uuid:026dc47e-9ad9-58af-aab8-456309006fda"",""native_locator"":{""canonical_path"":""source/sec_logic-proofs.ptx"",""identity_anchor"":""source/sec_logic-proofs.ptx#ssec_contrapositive-proof"",""source_actual_path"":""authority/upstream-82336dc87d77c3f18d2cdbc8ec1e74eb3ba38799/discrete-book-82336dc87d77c3f18d2cdbc8ec1e74eb3ba38799/source/sec_logic-proofs.ptx"",""source_xml_path"":""/section/subsection[3]"",""target_actual_path"":""repo/source/sec_logic-proofs.ptx"",""target_xml_path"":""/section/subsection[3]"",""xml_id"":null},""native_unit_id"":""urn:uuid:920170b3-2d61-5507-83a9-689cd2210a3a"",""native_unit_kind"":""subsection"",""order_key"":""0020.000029"",""parent_native_unit_id"":""urn:uuid:897c18f0-2375-5d3e-9e58-2ee2770232de"",""parent_projected_unit_id"":""urn:uuid:282b6624-d3b7-57a1-9f1f-b1f2af380af2"",""rights_id"":""urn:uuid:71eb9923-410e-55f2-8fe6-41dc669a8635"",""source_file_revision_id"":""urn:uuid:e522ef55-6c86-57c6-8ba4-cc746329c39f"",""source_file_sha256"":""c97d90f3574c85e5d45a289c69e57a5d4db9f69e1aadda20ab00ce36c6016e3f"",""source_subtree_sha256"":""5b0dcbefcd027a7b2c426b4127204876d77915069715dd4fe6eb965ab410f747"",""target_file_revision_id"":""urn:uuid:bae7efd8-834d-5926-8a5b-b6d1c6324da3"",""target_file_sha256"":""4eb53751c7522bd10c718e966b016f80ac6c7c0215baa0fee38f7ff02cc0e33c"",""target_subtree_sha256"":""409bd676f2dc75a999897dfab13776b1ff9f4823ba6acf84df790b5a58717ef2"",""title"":""Pembuktian melalui Kontraposisi"",""title_locale"":""id-ID"",""translation_state"":""published""},""record_type"":""unit"",""recorded_at"":""2026-08-30T00:00:00Z"",""semantic_key"":""b10:dmoi4:unit:urn:uuid:920170b3-2d61-5507-83a9-689cd2210a3a""}"
urn:uuid:5bc38ae9-c8a3-5778-8281-cb1fd27a1aa8,unit,"{""dataset_id"":""urn:uuid:6090fc4b-b34d-5cff-8f65-acaa06ddd1fc"",""id"":""urn:uuid:5bc38ae9-c8a3-5778-8281-cb1fd27a1aa8"",""normalized_state"":""published"",""owner_authority_id"":""urn:uuid:4dea4d1d-09ba-504e-9fcd-83524281ca97"",""owner_native_state"":""published"",""payload"":{""learner_route"":{""anchor"":null,""machine_data_only"":false,""route_id"":""urn:uuid:2aa436f5-fc73-5a95-85d7-2467dc715d5c"",""route_state"":""course_fallback_unit_route_planned_not_published"",""url"":""https://kokunoyumeto.github.io/discrete-mathematics-open-introduction-id/""},""localized_occurrence_id"":""urn:uuid:0c7d1f8a-5ed9-58fc-81ee-d8dc7324a18f"",""localized_title_payload_sha256"":""b2f1fff7386df9c250305f61dfb55c8c8b7c18afa0a9fde0fa2abadb2c9af26f"",""localized_title_variant_id"":""urn:uuid:b56c3392-d2cf-59aa-90b3-ee3a9dcfa823"",""native_locator"":{""canonical_path"":""source/sec_logic-proofs.ptx"",""identity_anchor"":""source/sec_logic-proofs.ptx#/section/subsection[4]"",""source_actual_path"":""authority/upstream-82336dc87d77c3f18d2cdbc8ec1e74eb3ba38799/discrete-book-82336dc87d77c3f18d2cdbc8ec1e74eb3ba38799/source/sec_logic-proofs.ptx"",""source_xml_path"":""/section/subsection[4]"",""target_actual_path"":""repo/source/sec_logic-proofs.ptx"",""target_xml_path"":""/section/subsection[4]"",""xml_id"":null},""native_unit_id"":""urn:uuid:4b83ce11-a05c-5287-a950-64bfa3304e93"",""native_unit_kind"":""subsection"",""order_key"":""0020.000044"",""parent_native_unit_id"":""urn:uuid:897c18f0-2375-5d3e-9e58-2ee2770232de"",""parent_projected_unit_id"":""urn:uuid:282b6624-d3b7-57a1-9f1f-b1f2af380af2"",""rights_id"":""urn:uuid:71eb9923-410e-55f2-8fe6-41dc669a8635"",""source_file_revision_id"":""urn:uuid:e522ef55-6c86-57c6-8ba4-cc746329c39f"",""source_file_sha256"":""c97d90f3574c85e5d45a289c69e57a5d4db9f69e1aadda20ab00ce36c6016e3f"",""source_subtree_sha256"":""818946f25e270f098b22cf39918cccc5151f0a02107d89f640cfd632ec8e69c1"",""target_file_revision_id"":""urn:uuid:bae7efd8-834d-5926-8a5b-b6d1c6324da3"",""target_file_sha256"":""4eb53751c7522bd10c718e966b016f80ac6c7c0215baa0fee38f7ff02cc0e33c"",""target_subtree_sha256"":""a30287ca751b9aea2bc917e219af571a425d0a1e3d7470b9f887dcb6d444650d"",""title"":""Pembuktian dengan Kontradiksi"",""title_locale"":""id-ID"",""translation_state"":""published""},""record_type"":""unit"",""recorded_at"":""2026-08-30T00:00:00Z"",""semantic_key"":""b10:dmoi4:unit:urn:uuid:4b83ce11-a05c-5287-a950-64bfa3304e93""}"
urn:uuid:b6b05022-6e65-59e7-a9b7-73b679c98d56,unit,"{""dataset_id"":""urn:uuid:6090fc4b-b34d-5cff-8f65-acaa06ddd1fc"",""id"":""urn:uuid:b6b05022-6e65-59e7-a9b7-73b679c98d56"",""normalized_state"":""published"",""owner_authority_id"":""urn:uuid:4dea4d1d-09ba-504e-9fcd-83524281ca97"",""owner_native_state"":""published"",""payload"":{""learner_route"":{""anchor"":null,""machine_data_only"":false,""route_id"":""urn:uuid:2aa436f5-fc73-5a95-85d7-2467dc715d5c"",""route_state"":""course_fallback_unit_route_planned_not_published"",""url"":""https://kokunoyumeto.github.io/discrete-mathematics-open-introduction-id/""},""localized_occurrence_id"":""urn:uuid:c2d5a172-930c-5111-899e-a64e933bf0d7"",""localized_title_payload_sha256"":""20571de52e872ee3ecc29d82b7ad90cdca65c8bc0a060c102f8340ca8b8b736b"",""localized_title_variant_id"":""urn:uuid:1c91abd2-2ddf-526f-9d4f-3d9d58f03f2c"",""native_locator"":{""canonical_path"":""source/sec_logic-proofs.ptx"",""identity_anchor"":""subsec-summary-of-proof-styles"",""source_actual_path"":""authority/upstream-82336dc87d77c3f18d2cdbc8ec1e74eb3ba38799/discrete-book-82336dc87d77c3f18d2cdbc8ec1e74eb3ba38799/source/sec_logic-proofs.ptx"",""source_xml_path"":""/section/subsection[5]"",""target_actual_path"":""repo/source/sec_logic-proofs.ptx"",""target_xml_path"":""/section/subsection[5]"",""xml_id"":""subsec-summary-of-proof-styles""},""native_unit_id"":""urn:uuid:9974619c-b6d2-5419-bb7d-bd90a199a8a4"",""native_unit_kind"":""subsection"",""order_key"":""0020.000063"",""parent_native_unit_id"":""urn:uuid:897c18f0-2375-5d3e-9e58-2ee2770232de"",""parent_projected_unit_id"":""urn:uuid:282b6624-d3b7-57a1-9f1f-b1f2af380af2"",""rights_id"":""urn:uuid:71eb9923-410e-55f2-8fe6-41dc669a8635"",""source_file_revision_id"":""urn:uuid:e522ef55-6c86-57c6-8ba4-cc746329c39f"",""source_file_sha256"":""c97d90f3574c85e5d45a289c69e57a5d4db9f69e1aadda20ab00ce36c6016e3f"",""source_subtree_sha256"":""9a8751554d3c0e1f5d552b832f41c22c009418f522d6a2982bf8392a96c97eda"",""target_file_revision_id"":""urn:uuid:bae7efd8-834d-5926-8a5b-b6d1c6324da3"",""target_file_sha256"":""4eb53751c7522bd10c718e966b016f80ac6c7c0215baa0fee38f7ff02cc0e33c"",""target_subtree_sha256"":""9ca4a1efceaab1f92105d73e0f0dd7821cba0656adca7b61de5b5164a5013b5a"",""title"":""Ringkasan Gaya Pembuktian"",""title_locale"":""id-ID"",""translation_state"":""published""},""record_type"":""unit"",""recorded_at"":""2026-08-30T00:00:00Z"",""semantic_key"":""b10:dmoi4:unit:urn:uuid:9974619c-b6d2-5419-bb7d-bd90a199a8a4""}"
urn:uuid:a73c0546-e0dd-5fbf-9747-877ec4c5bc3f,unit,"{""dataset_id"":""urn:uuid:6090fc4b-b34d-5cff-8f65-acaa06ddd1fc"",""id"":""urn:uuid:a73c0546-e0dd-5fbf-9747-877ec4c5bc3f"",""normalized_state"":""published"",""owner_authority_id"":""urn:uuid:4dea4d1d-09ba-504e-9fcd-83524281ca97"",""owner_native_state"":""published"",""payload"":{""learner_route"":{""anchor"":null,""machine_data_only"":false,""route_id"":""urn:uuid:2aa436f5-fc73-5a95-85d7-2467dc715d5c"",""route_state"":""course_fallback_unit_route_planned_not_published"",""url"":""https://kokunoyumeto.github.io/discrete-mathematics-open-introduction-id/""},""localized_occurrence_id"":""urn:uuid:c98f5535-bd0c-52b8-8148-6ed005a81f18"",""localized_title_payload_sha256"":""d083e6597bd0b2415a7c48a0471a0ea98954807a104d3342849115576a075f5e"",""localized_title_variant_id"":""urn:uuid:87497936-b53b-50c1-a1fd-8e6b66f99182"",""native_locator"":{""canonical_path"":""source/sec_logic-structures.ptx"",""identity_anchor"":""sec_logic-structures"",""source_actual_path"":""authority/upstream-82336dc87d77c3f18d2cdbc8ec1e74eb3ba38799/discrete-book-82336dc87d77c3f18d2cdbc8ec1e74eb3ba38799/source/sec_logic-structures.ptx"",""source_xml_path"":""/section"",""target_actual_path"":""repo/source/sec_logic-structures.ptx"",""target_xml_path"":""/section"",""xml_id"":""sec_logic-structures""},""native_unit_id"":""urn:uuid:fa0b5a48-6a48-5dc9-b270-10bcb7dbf256"",""native_unit_kind"":""section"",""order_key"":""0024.000001"",""parent_native_unit_id"":""urn:uuid:dcc8a1b1-baec-5ebb-ace0-b05ac0b0dbb3"",""parent_projected_unit_id"":""urn:uuid:8cc6bdb5-98aa-5c1e-b187-b04733a0c205"",""rights_id"":""urn:uuid:71eb9923-410e-55f2-8fe6-41dc669a8635"",""source_file_revision_id"":""urn:uuid:087131f6-30ed-5fa3-a434-8847d59e475c"",""source_file_sha256"":""747deecce1ff1476352ac8bf391aaaee563cb12efc52c8756b000268f2ce5dbf"",""source_subtree_sha256"":""dec30557c8f34ef51a1b3d71ea14ca5121449fcdd2d19131c8b9e69512b6bec0"",""target_file_revision_id"":""urn:uuid:cdd4f2a3-42a1-5a31-9247-7d657538f81a"",""target_file_sha256"":""b7c45bca9a1a44ecbe14c013258f25a615201e9dc61b6fd1a87d96f309fdc899"",""target_subtree_sha256"":""034dfcbff62687dc5bb626da1521237b7bfe719475029bdca391ea4d8fd625a9"",""title"":""Bukti tentang Struktur Diskret"",""title_locale"":""id-ID"",""translation_state"":""published""},""record_type"":""unit"",""recorded_at"":""2026-08-30T00:00:00Z"",""semantic_key"":""b10:dmoi4:unit:urn:uuid:fa0b5a48-6a48-5dc9-b270-10bcb7dbf256""}"
urn:uuid:b75410d4-fc89-5ace-a242-fc9d9cd8a7fc,unit,"{""dataset_id"":""urn:uuid:6090fc4b-b34d-5cff-8f65-acaa06ddd1fc"",""id"":""urn:uuid:b75410d4-fc89-5ace-a242-fc9d9cd8a7fc"",""normalized_state"":""published"",""owner_authority_id"":""urn:uuid:4dea4d1d-09ba-504e-9fcd-83524281ca97"",""owner_native_state"":""published"",""payload"":{""learner_route"":{""anchor"":null,""machine_data_only"":false,""route_id"":""urn:uuid:2aa436f5-fc73-5a95-85d7-2467dc715d5c"",""route_state"":""course_fallback_unit_route_planned_not_published"",""url"":""https://kokunoyumeto.github.io/discrete-mathematics-open-introduction-id/""},""localized_occurrence_id"":""urn:uuid:f5600ec3-b8e4-5234-8731-27ca7002c5b8"",""localized_title_payload_sha256"":""0ec14531841185758ad6feee5626c413110533aa652a65c87a5247f7e0a8ce6b"",""localized_title_variant_id"":""urn:uuid:4e3b5297-10bb-51af-84af-05e55eb38933"",""native_locator"":{""canonical_path"":""source/sec_logic-structures.ptx"",""identity_anchor"":""subsec-logic-structures-intro"",""source_actual_path"":""authority/upstream-82336dc87d77c3f18d2cdbc8ec1e74eb3ba38799/discrete-book-82336dc87d77c3f18d2cdbc8ec1e74eb3ba38799/source/sec_logic-structures.ptx"",""source_xml_path"":""/section/subsection[1]"",""target_actual_path"":""repo/source/sec_logic-structures.ptx"",""target_xml_path"":""/section/subsection[1]"",""xml_id"":""subsec-logic-structures-intro""},""native_unit_id"":""urn:uuid:e2627f47-135c-5211-9a22-2bdca7715bcc"",""native_unit_kind"":""subsection"",""order_key"":""0024.000003"",""parent_native_unit_id"":""urn:uuid:fa0b5a48-6a48-5dc9-b270-10bcb7dbf256"",""parent_projected_unit_id"":""urn:uuid:a73c0546-e0dd-5fbf-9747-877ec4c5bc3f"",""rights_id"":""urn:uuid:71eb9923-410e-55f2-8fe6-41dc669a8635"",""source_file_revision_id"":""urn:uuid:087131f6-30ed-5fa3-a434-8847d59e475c"",""source_file_sha256"":""747deecce1ff1476352ac8bf391aaaee563cb12efc52c8756b000268f2ce5dbf"",""source_subtree_sha256"":""b943d7fac3e2ce54b4156cc75736c2db12c7b8d0780954822e97bcf28b4940d3"",""target_file_revision_id"":""urn:uuid:cdd4f2a3-42a1-5a31-9247-7d657538f81a"",""target_file_sha256"":""b7c45bca9a1a44ecbe14c013258f25a615201e9dc61b6fd1a87d96f309fdc899"",""target_subtree_sha256"":""77918ef39dae33c2c0603bf7c7716f2e3b6a2694e99472cd2d5fec1258518772"",""title"":""Pratinjau Bagian"",""title_locale"":""id-ID"",""translation_state"":""published""},""record_type"":""unit"",""recorded_at"":""2026-08-30T00:00:00Z"",""semantic_key"":""b10:dmoi4:unit:urn:uuid:e2627f47-135c-5211-9a22-2bdca7715bcc""}"
urn:uuid:60ff9de9-dbcc-5ddf-a860-24b17006ff3e,unit,"{""dataset_id"":""urn:uuid:6090fc4b-b34d-5cff-8f65-acaa06ddd1fc"",""id"":""urn:uuid:60ff9de9-dbcc-5ddf-a860-24b17006ff3e"",""normalized_state"":""published"",""owner_authority_id"":""urn:uuid:4dea4d1d-09ba-504e-9fcd-83524281ca97"",""owner_native_state"":""published"",""payload"":{""learner_route"":{""anchor"":null,""machine_data_only"":false,""route_id"":""urn:uuid:2aa436f5-fc73-5a95-85d7-2467dc715d5c"",""route_state"":""course_fallback_unit_route_planned_not_published"",""url"":""https://kokunoyumeto.github.io/discrete-mathematics-open-introduction-id/""},""localized_occurrence_id"":""urn:uuid:d4325ce9-5e9f-5bc6-bcfa-03b7d6de3904"",""localized_title_payload_sha256"":""f36cca0f5f40516385df70ffc60c7219bb8a3dd2c6a5ae035ff3e38bfac2f71b"",""localized_title_variant_id"":""urn:uuid:f5dc635f-6bd1-58c6-90ac-054ac4580726"",""native_locator"":{""canonical_path"":""source/sec_logic-structures.ptx"",""identity_anchor"":""source/sec_logic-structures.ptx#/section/subsection[2]"",""source_actual_path"":""authority/upstream-82336dc87d77c3f18d2cdbc8ec1e74eb3ba38799/discrete-book-82336dc87d77c3f18d2cdbc8ec1e74eb3ba38799/source/sec_logic-structures.ptx"",""source_xml_path"":""/section/subsection[2]"",""target_actual_path"":""repo/source/sec_logic-structures.ptx"",""target_xml_path"":""/section/subsection[2]"",""xml_id"":null},""native_unit_id"":""urn:uuid:a4356481-670a-5206-aba7-293c7f3044c0"",""native_unit_kind"":""subsection"",""order_key"":""0024.000017"",""parent_native_unit_id"":""urn:uuid:fa0b5a48-6a48-5dc9-b270-10bcb7dbf256"",""parent_projected_unit_id"":""urn:uuid:a73c0546-e0dd-5fbf-9747-877ec4c5bc3f"",""rights_id"":""urn:uuid:71eb9923-410e-55f2-8fe6-41dc669a8635"",""source_file_revision_id"":""urn:uuid:087131f6-30ed-5fa3-a434-8847d59e475c"",""source_file_sha256"":""747deecce1ff1476352ac8bf391aaaee563cb12efc52c8756b000268f2ce5dbf"",""source_subtree_sha256"":""5b38bd8caaddf8f819bd396c09d9d49d3e252582a4cfa588fb786469cb6fc3f7"",""target_file_revision_id"":""urn:uuid:cdd4f2a3-42a1-5a31-9247-7d657538f81a"",""target_file_sha256"":""b7c45bca9a1a44ecbe14c013258f25a615201e9dc61b6fd1a87d96f309fdc899"",""target_subtree_sha256"":""d185a8167b4fb25fb26363a8cd780a11062e8356db99c0e51e1f81edc0e47971"",""title"":""Bukti tentang Himpunan"",""title_locale"":""id-ID"",""translation_state"":""published""},""record_type"":""unit"",""recorded_at"":""2026-08-30T00:00:00Z"",""semantic_key"":""b10:dmoi4:unit:urn:uuid:a4356481-670a-5206-aba7-293c7f3044c0""}"
urn:uuid:2efe3365-50a0-5284-840f-9b7e4584ce05,unit,"{""dataset_id"":""urn:uuid:6090fc4b-b34d-5cff-8f65-acaa06ddd1fc"",""id"":""urn:uuid:2efe3365-50a0-5284-840f-9b7e4584ce05"",""normalized_state"":""published"",""owner_authority_id"":""urn:uuid:4dea4d1d-09ba-504e-9fcd-83524281ca97"",""owner_native_state"":""published"",""payload"":{""learner_route"":{""anchor"":null,""machine_data_only"":false,""route_id"":""urn:uuid:2aa436f5-fc73-5a95-85d7-2467dc715d5c"",""route_state"":""course_fallback_unit_route_planned_not_published"",""url"":""https://kokunoyumeto.github.io/discrete-mathematics-open-introduction-id/""},""localized_occurrence_id"":""urn:uuid:538317ae-1c5e-524e-9432-545e2737b487"",""localized_title_payload_sha256"":""67be61625651ed2f8b46442a4c81c69d5f1250b09ed68da0627827b41a629d8f"",""localized_title_variant_id"":""urn:uuid:73501ab0-1af0-5b74-8b6b-85ab2298dc45"",""native_locator"":{""canonical_path"":""source/sec_logic-structures.ptx"",""identity_anchor"":""subsec-logic-proofs-functions"",""source_actual_path"":""authority/upstream-82336dc87d77c3f18d2cdbc8ec1e74eb3ba38799/discrete-book-82336dc87d77c3f18d2cdbc8ec1e74eb3ba38799/source/sec_logic-structures.ptx"",""source_xml_path"":""/section/subsection[3]"",""target_actual_path"":""repo/source/sec_logic-structures.ptx"",""target_xml_path"":""/section/subsection[3]"",""xml_id"":""subsec-logic-proofs-functions""},""native_unit_id"":""urn:uuid:d2e3679c-fc7b-554f-b04c-53341acb188c"",""native_unit_kind"":""subsection"",""order_key"":""0024.000028"",""parent_native_unit_id"":""urn:uuid:fa0b5a48-6a48-5dc9-b270-10bcb7dbf256"",""parent_projected_unit_id"":""urn:uuid:a73c0546-e0dd-5fbf-9747-877ec4c5bc3f"",""rights_id"":""urn:uuid:71eb9923-410e-55f2-8fe6-41dc669a8635"",""source_file_revision_id"":""urn:uuid:087131f6-30ed-5fa3-a434-8847d59e475c"",""source_file_sha256"":""747deecce1ff1476352ac8bf391aaaee563cb12efc52c8756b000268f2ce5dbf"",""source_subtree_sha256"":""d6f1ec82bb952b826cd31af7a18ace3af05f9b21f75fbbfa9bdc887f70b39a4d"",""target_file_revision_id"":""urn:uuid:cdd4f2a3-42a1-5a31-9247-7d657538f81a"",""target_file_sha256"":""b7c45bca9a1a44ecbe14c013258f25a615201e9dc61b6fd1a87d96f309fdc899"",""target_subtree_sha256"":""eb2a86fbe15e0c90ffd5787e755e593350e14d75cbeb1339ea63761af80b89da"",""title"":""Bukti tentang Fungsi"",""title_locale"":""id-ID"",""translation_state"":""published""},""record_type"":""unit"",""recorded_at"":""2026-08-30T00:00:00Z"",""semantic_key"":""b10:dmoi4:unit:urn:uuid:d2e3679c-fc7b-554f-b04c-53341acb188c""}"
urn:uuid:c22f57f1-b735-5c72-a8e0-a006fe0d5b1b,unit,"{""dataset_id"":""urn:uuid:6090fc4b-b34d-5cff-8f65-acaa06ddd1fc"",""id"":""urn:uuid:c22f57f1-b735-5c72-a8e0-a006fe0d5b1b"",""normalized_state"":""published"",""owner_authority_id"":""urn:uuid:4dea4d1d-09ba-504e-9fcd-83524281ca97"",""owner_native_state"":""published"",""payload"":{""learner_route"":{""anchor"":null,""machine_data_only"":false,""route_id"":""urn:uuid:2aa436f5-fc73-5a95-85d7-2467dc715d5c"",""route_state"":""course_fallback_unit_route_planned_not_published"",""url"":""https://kokunoyumeto.github.io/discrete-mathematics-open-introduction-id/""},""localized_occurrence_id"":""urn:uuid:03ef17dd-bb21-5bb3-bfcc-d4e4f68aa0a2"",""localized_title_payload_sha256"":""beb7358442be2ce8afc415643a4f1b3255826f4ab461bad8556672d69053c722"",""localized_title_variant_id"":""urn:uuid:d79b3713-5a5d-5237-9d97-16e513937dcc"",""native_locator"":{""canonical_path"":""source/sec_logic-structures.ptx"",""identity_anchor"":""subsec-proofs-about-relations"",""source_actual_path"":""authority/upstream-82336dc87d77c3f18d2cdbc8ec1e74eb3ba38799/discrete-book-82336dc87d77c3f18d2cdbc8ec1e74eb3ba38799/source/sec_logic-structures.ptx"",""source_xml_path"":""/section/subsection[4]"",""target_actual_path"":""repo/source/sec_logic-structures.ptx"",""target_xml_path"":""/section/subsection[4]"",""xml_id"":""subsec-proofs-about-relations""},""native_unit_id"":""urn:uuid:aae7e05c-4fd6-5c32-9668-98af89fa0b2c"",""native_unit_kind"":""subsection"",""order_key"":""0024.000042"",""parent_native_unit_id"":""urn:uuid:fa0b5a48-6a48-5dc9-b270-10bcb7dbf256"",""parent_projected_unit_id"":""urn:uuid:a73c0546-e0dd-5fbf-9747-877ec4c5bc3f"",""rights_id"":""urn:uuid:71eb9923-410e-55f2-8fe6-41dc669a8635"",""source_file_revision_id"":""urn:uuid:087131f6-30ed-5fa3-a434-8847d59e475c"",""source_file_sha256"":""747deecce1ff1476352ac8bf391aaaee563cb12efc52c8756b000268f2ce5dbf"",""source_subtree_sha256"":""1e1272354b123666d61c41209ec767b04f2b6f7da44ac0e015dc571d3d85958a"",""target_file_revision_id"":""urn:uuid:cdd4f2a3-42a1-5a31-9247-7d657538f81a"",""target_file_sha256"":""b7c45bca9a1a44ecbe14c013258f25a615201e9dc61b6fd1a87d96f309fdc899"",""target_subtree_sha256"":""a19788c5e35efe68dccf42dafe5fe12b83ce00a0c1a49e36c63645d3f9c9dbbc"",""title"":""Bukti tentang Relasi"",""title_locale"":""id-ID"",""translation_state"":""published""},""record_type"":""unit"",""recorded_at"":""2026-08-30T00:00:00Z"",""semantic_key"":""b10:dmoi4:unit:urn:uuid:aae7e05c-4fd6-5c32-9668-98af89fa0b2c""}"
urn:uuid:2fb2f571-f9c3-5f87-996c-077e008a4d46,unit,"{""dataset_id"":""urn:uuid:6090fc4b-b34d-5cff-8f65-acaa06ddd1fc"",""id"":""urn:uuid:2fb2f571-f9c3-5f87-996c-077e008a4d46"",""normalized_state"":""published"",""owner_authority_id"":""urn:uuid:4dea4d1d-09ba-504e-9fcd-83524281ca97"",""owner_native_state"":""published"",""payload"":{""learner_route"":{""anchor"":null,""machine_data_only"":false,""route_id"":""urn:uuid:2aa436f5-fc73-5a95-85d7-2467dc715d5c"",""route_state"":""course_fallback_unit_route_planned_not_published"",""url"":""https://kokunoyumeto.github.io/discrete-mathematics-open-introduction-id/""},""localized_occurrence_id"":""urn:uuid:1210532f-18c4-5e58-bc7b-df4842be4fbd"",""localized_title_payload_sha256"":""67574d71a44d4d932aef882772dd6aa74d6b4a2ebd7743566fd45f458a2cc0c1"",""localized_title_variant_id"":""urn:uuid:9ec3868a-07e7-5672-969c-be4b0bbbc99c"",""native_locator"":{""canonical_path"":""source/sec_logic-structures.ptx"",""identity_anchor"":""subsec-proofs-about-graphs"",""source_actual_path"":""authority/upstream-82336dc87d77c3f18d2cdbc8ec1e74eb3ba38799/discrete-book-82336dc87d77c3f18d2cdbc8ec1e74eb3ba38799/source/sec_logic-structures.ptx"",""source_xml_path"":""/section/subsection[5]"",""target_actual_path"":""repo/source/sec_logic-structures.ptx"",""target_xml_path"":""/section/subsection[5]"",""xml_id"":""subsec-proofs-about-graphs""},""native_unit_id"":""urn:uuid:029cd6c2-c951-5bf6-affc-00e61ba4d416"",""native_unit_kind"":""subsection"",""order_key"":""0024.000049"",""parent_native_unit_id"":""urn:uuid:fa0b5a48-6a48-5dc9-b270-10bcb7dbf256"",""parent_projected_unit_id"":""urn:uuid:a73c0546-e0dd-5fbf-9747-877ec4c5bc3f"",""rights_id"":""urn:uuid:71eb9923-410e-55f2-8fe6-41dc669a8635"",""source_file_revision_id"":""urn:uuid:087131f6-30ed-5fa3-a434-8847d59e475c"",""source_file_sha256"":""747deecce1ff1476352ac8bf391aaaee563cb12efc52c8756b000268f2ce5dbf"",""source_subtree_sha256"":""cceb48a83063ab2a3f89028781b22711d2992fb0a68d9fce7875326650a63077"",""target_file_revision_id"":""urn:uuid:cdd4f2a3-42a1-5a31-9247-7d657538f81a"",""target_file_sha256"":""b7c45bca9a1a44ecbe14c013258f25a615201e9dc61b6fd1a87d96f309fdc899"",""target_subtree_sha256"":""adf782246a9f06ece4fb88692f4c2f7e1311d9e27a7b11e6c3c76aa2ad522aed"",""title"":""Bukti tentang Graf"",""title_locale"":""id-ID"",""translation_state"":""published""},""record_type"":""unit"",""recorded_at"":""2026-08-30T00:00:00Z"",""semantic_key"":""b10:dmoi4:unit:urn:uuid:029cd6c2-c951-5bf6-affc-00e61ba4d416""}"
urn:uuid:fe287e6d-365f-5ccb-a5cd-d2af80ac9e12,unit,"{""dataset_id"":""urn:uuid:6090fc4b-b34d-5cff-8f65-acaa06ddd1fc"",""id"":""urn:uuid:fe287e6d-365f-5ccb-a5cd-d2af80ac9e12"",""normalized_state"":""published"",""owner_authority_id"":""urn:uuid:4dea4d1d-09ba-504e-9fcd-83524281ca97"",""owner_native_state"":""published"",""payload"":{""learner_route"":{""anchor"":null,""machine_data_only"":false,""route_id"":""urn:uuid:2aa436f5-fc73-5a95-85d7-2467dc715d5c"",""route_state"":""course_fallback_unit_route_planned_not_published"",""url"":""https://kokunoyumeto.github.io/discrete-mathematics-open-introduction-id/""},""localized_occurrence_id"":""urn:uuid:0ca2abc2-39fa-5e5d-a93a-10f99547b8ab"",""localized_title_payload_sha256"":""f485ebd31068d7389b0f3fefff7c92f0706eea7e7f9387a26e508879bc90e762"",""localized_title_variant_id"":""urn:uuid:fad2058a-d6f5-5062-a15b-e22db594a5e4"",""native_locator"":{""canonical_path"":""source/sec_logic-conc.ptx"",""identity_anchor"":""sec_logic-conc"",""source_actual_path"":""authority/upstream-82336dc87d77c3f18d2cdbc8ec1e74eb3ba38799/discrete-book-82336dc87d77c3f18d2cdbc8ec1e74eb3ba38799/source/sec_logic-conc.ptx"",""source_xml_path"":""/section"",""target_actual_path"":""repo/source/sec_logic-conc.ptx"",""target_xml_path"":""/section"",""xml_id"":""sec_logic-conc""},""native_unit_id"":""urn:uuid:3c330b8c-c9e3-5334-b5b9-e28040b84571"",""native_unit_kind"":""section"",""order_key"":""0027.000001"",""parent_native_unit_id"":""urn:uuid:dcc8a1b1-baec-5ebb-ace0-b05ac0b0dbb3"",""parent_projected_unit_id"":""urn:uuid:8cc6bdb5-98aa-5c1e-b187-b04733a0c205"",""rights_id"":""urn:uuid:71eb9923-410e-55f2-8fe6-41dc669a8635"",""source_file_revision_id"":""urn:uuid:8ba884b7-fe2a-5145-850e-590a89cb0c75"",""source_file_sha256"":""3f620518e12dc7377f376262cd27a50d1ae37b6aaa84f0ab1193c11f940409ba"",""source_subtree_sha256"":""96be4088d630637a1756db1bc9ac4d833dae21a18faad63a68cbc2dd10b247b7"",""target_file_revision_id"":""urn:uuid:f958ac46-fe4f-54aa-9fd4-98de52d33b90"",""target_file_sha256"":""4f1e0fb3b9bab369a6062192124c47c2c62e3f999276c397be587b5182825f87"",""target_subtree_sha256"":""fbf89d8c10a2a90fef8526cbd2dc3a6f28894314af94391eb899204a7acdfe18"",""title"":""Ringkasan Bab"",""title_locale"":""id-ID"",""translation_state"":""published""},""record_type"":""unit"",""recorded_at"":""2026-08-30T00:00:00Z"",""semantic_key"":""b10:dmoi4:unit:urn:uuid:3c330b8c-c9e3-5334-b5b9-e28040b84571""}"
urn:uuid:5993bcde-78e7-5b3d-afb0-a82900e6001b,unit,"{""dataset_id"":""urn:uuid:6090fc4b-b34d-5cff-8f65-acaa06ddd1fc"",""id"":""urn:uuid:5993bcde-78e7-5b3d-afb0-a82900e6001b"",""normalized_state"":""published"",""owner_authority_id"":""urn:uuid:4dea4d1d-09ba-504e-9fcd-83524281ca97"",""owner_native_state"":""published"",""payload"":{""learner_route"":{""anchor"":null,""machine_data_only"":false,""route_id"":""urn:uuid:2aa436f5-fc73-5a95-85d7-2467dc715d5c"",""route_state"":""course_fallback_unit_route_planned_not_published"",""url"":""https://kokunoyumeto.github.io/discrete-mathematics-open-introduction-id/""},""localized_occurrence_id"":""urn:uuid:be016a92-2bd0-5eb4-a0aa-ecf7025244d8"",""localized_title_payload_sha256"":""a711325721ce0c3e59646e63490d382403f10a0ad9226250176b86f10c4974e3"",""localized_title_variant_id"":""urn:uuid:a6488de9-6e2c-5624-8c1d-608775c80210"",""native_locator"":{""canonical_path"":""source/ch_graphtheory.ptx"",""identity_anchor"":""ch_graphtheory"",""source_actual_path"":""authority/upstream-82336dc87d77c3f18d2cdbc8ec1e74eb3ba38799/discrete-book-82336dc87d77c3f18d2cdbc8ec1e74eb3ba38799/source/ch_graphtheory.ptx"",""source_xml_path"":""/chapter"",""target_actual_path"":""repo/source/ch_graphtheory.ptx"",""target_xml_path"":""/chapter"",""xml_id"":""ch_graphtheory""},""native_unit_id"":""urn:uuid:8fec6502-3006-5814-8945-4f78aa6b357e"",""native_unit_kind"":""chapter"",""order_key"":""0029.000001"",""parent_native_unit_id"":""urn:uuid:82d239c3-1cde-57c4-b480-18b23beba54a"",""parent_projected_unit_id"":""urn:uuid:11550bda-ab68-58a2-ba09-1b4804a618bd"",""rights_id"":""urn:uuid:71eb9923-410e-55f2-8fe6-41dc669a8635"",""source_file_revision_id"":""urn:uuid:cc41bf80-58ef-5f9d-a3c0-47d193f292b6"",""source_file_sha256"":""fd3ecc561addf588ee3f466cc72aa3acfdf69d650e7107cedbe973d45db3b531"",""source_subtree_sha256"":""cd7d35386563c946e718aa0694416241438779bb68062a1448c63646c3423187"",""target_file_revision_id"":""urn:uuid:d25c380e-2a51-51e7-9680-39cf8e80bdb3"",""target_file_sha256"":""a602b0273781ef7386ebd6c68790f72f282051bfad9cd45f08371a07caee2a9e"",""target_subtree_sha256"":""609004d9d8225bd05a6488a5501873e46556b309f2a8237cf508f842e6795785"",""title"":""Teori Graf"",""title_locale"":""id-ID"",""translation_state"":""published""},""record_type"":""unit"",""recorded_at"":""2026-08-30T00:00:00Z"",""semantic_key"":""b10:dmoi4:unit:urn:uuid:8fec6502-3006-5814-8945-4f78aa6b357e""}"
urn:uuid:a3df6f90-069b-5cb0-9507-ee3a71128db8,unit,"{""dataset_id"":""urn:uuid:6090fc4b-b34d-5cff-8f65-acaa06ddd1fc"",""id"":""urn:uuid:a3df6f90-069b-5cb0-9507-ee3a71128db8"",""normalized_state"":""published"",""owner_authority_id"":""urn:uuid:4dea4d1d-09ba-504e-9fcd-83524281ca97"",""owner_native_state"":""published"",""payload"":{""learner_route"":{""anchor"":null,""machine_data_only"":false,""route_id"":""urn:uuid:2aa436f5-fc73-5a95-85d7-2467dc715d5c"",""route_state"":""course_fallback_unit_route_planned_not_published"",""url"":""https://kokunoyumeto.github.io/discrete-mathematics-open-introduction-id/""},""localized_occurrence_id"":""urn:uuid:0a8b05be-c4bf-5bff-b6f0-a7de13134207"",""localized_title_payload_sha256"":""44904a8d366dde5fd000f529392f248e2b1bffcce0ac1a02ecf08d3f92106861"",""localized_title_variant_id"":""urn:uuid:ad4cbc40-4021-54a5-9bb7-e831c116897b"",""native_locator"":{""canonical_path"":""source/sec_gt-intro.ptx"",""identity_anchor"":""sec_gt-intro"",""source_actual_path"":""authority/upstream-82336dc87d77c3f18d2cdbc8ec1e74eb3ba38799/discrete-book-82336dc87d77c3f18d2cdbc8ec1e74eb3ba38799/source/sec_gt-intro.ptx"",""source_xml_path"":""/section"",""target_actual_path"":""repo/source/sec_gt-intro.ptx"",""target_xml_path"":""/section"",""xml_id"":""sec_gt-intro""},""native_unit_id"":""urn:uuid:d699676f-28f3-5930-81f2-4927bae3973f"",""native_unit_kind"":""section"",""order_key"":""0030.000001"",""parent_native_unit_id"":""urn:uuid:8fec6502-3006-5814-8945-4f78aa6b357e"",""parent_projected_unit_id"":""urn:uuid:5993bcde-78e7-5b3d-afb0-a82900e6001b"",""rights_id"":""urn:uuid:71eb9923-410e-55f2-8fe6-41dc669a8635"",""source_file_revision_id"":""urn:uuid:167230ba-ee50-5837-8bc2-c5abab0a3e74"",""source_file_sha256"":""765b1e7f94f1907b6aa06621dd794e10523aa5a3bbd5634688555b545a32b637"",""source_subtree_sha256"":""33d051d3e142902218a2455f164ec2253d9c396057b24f57a0c5477b5f19b5b5"",""target_file_revision_id"":""urn:uuid:16666bb8-be3c-5444-9de7-54310799f686"",""target_file_sha256"":""24bc49712f145a52f0d25d3e8285e5d241346750690fcfafb10f068890e41a98"",""target_subtree_sha256"":""258eeb713d0999d53ff3f8541c64a374f761f0b40e282b2d86383bf4e3dae625"",""title"":""Masalah dan Definisi"",""title_locale"":""id-ID"",""translation_state"":""published""},""record_type"":""unit"",""recorded_at"":""2026-08-30T00:00:00Z"",""semantic_key"":""b10:dmoi4:unit:urn:uuid:d699676f-28f3-5930-81f2-4927bae3973f""}"
urn:uuid:b95edd49-bef4-5069-9c46-884f45998bfe,unit,"{""dataset_id"":""urn:uuid:6090fc4b-b34d-5cff-8f65-acaa06ddd1fc"",""id"":""urn:uuid:b95edd49-bef4-5069-9c46-884f45998bfe"",""normalized_state"":""published"",""owner_authority_id"":""urn:uuid:4dea4d1d-09ba-504e-9fcd-83524281ca97"",""owner_native_state"":""published"",""payload"":{""learner_route"":{""anchor"":null,""machine_data_only"":false,""route_id"":""urn:uuid:2aa436f5-fc73-5a95-85d7-2467dc715d5c"",""route_state"":""course_fallback_unit_route_planned_not_published"",""url"":""https://kokunoyumeto.github.io/discrete-mathematics-open-introduction-id/""},""localized_occurrence_id"":""urn:uuid:1394ff19-8c28-5df3-a20e-c4fc07fa1e87"",""localized_title_payload_sha256"":""0ec14531841185758ad6feee5626c413110533aa652a65c87a5247f7e0a8ce6b"",""localized_title_variant_id"":""urn:uuid:d784093e-5863-58bb-bba8-5f3c9f1358ae"",""native_locator"":{""canonical_path"":""source/sec_gt-intro.ptx"",""identity_anchor"":""subsec-gt-intro-preview"",""source_actual_path"":""authority/upstream-82336dc87d77c3f18d2cdbc8ec1e74eb3ba38799/discrete-book-82336dc87d77c3f18d2cdbc8ec1e74eb3ba38799/source/sec_gt-intro.ptx"",""source_xml_path"":""/section/subsection[1]"",""target_actual_path"":""repo/source/sec_gt-intro.ptx"",""target_xml_path"":""/section/subsection[1]"",""xml_id"":""subsec-gt-intro-preview""},""native_unit_id"":""urn:uuid:c271e0d8-f961-5c91-9128-2eece0eaa146"",""native_unit_kind"":""subsection"",""order_key"":""0030.000003"",""parent_native_unit_id"":""urn:uuid:d699676f-28f3-5930-81f2-4927bae3973f"",""parent_projected_unit_id"":""urn:uuid:a3df6f90-069b-5cb0-9507-ee3a71128db8"",""rights_id"":""urn:uuid:71eb9923-410e-55f2-8fe6-41dc669a8635"",""source_file_revision_id"":""urn:uuid:167230ba-ee50-5837-8bc2-c5abab0a3e74"",""source_file_sha256"":""765b1e7f94f1907b6aa06621dd794e10523aa5a3bbd5634688555b545a32b637"",""source_subtree_sha256"":""2051c65333376032729f9f53cf07b03421e6ecefa87cfb852bb9ddc258a6ae44"",""target_file_revision_id"":""urn:uuid:16666bb8-be3c-5444-9de7-54310799f686"",""target_file_sha256"":""24bc49712f145a52f0d25d3e8285e5d241346750690fcfafb10f068890e41a98"",""target_subtree_sha256"":""4153e3ad7c99325b51a915579cabe1ff2e98fb5c62b90a1f2a4fde78808138b9"",""title"":""Pratinjau Bagian"",""title_locale"":""id-ID"",""translation_state"":""published""},""record_type"":""unit"",""recorded_at"":""2026-08-30T00:00:00Z"",""semantic_key"":""b10:dmoi4:unit:urn:uuid:c271e0d8-f961-5c91-9128-2eece0eaa146""}"
urn:uuid:357cee66-25c5-524a-a299-96db22ea2fe9,unit,"{""dataset_id"":""urn:uuid:6090fc4b-b34d-5cff-8f65-acaa06ddd1fc"",""id"":""urn:uuid:357cee66-25c5-524a-a299-96db22ea2fe9"",""normalized_state"":""published"",""owner_authority_id"":""urn:uuid:4dea4d1d-09ba-504e-9fcd-83524281ca97"",""owner_native_state"":""published"",""payload"":{""learner_route"":{""anchor"":null,""machine_data_only"":false,""route_id"":""urn:uuid:2aa436f5-fc73-5a95-85d7-2467dc715d5c"",""route_state"":""course_fallback_unit_route_planned_not_published"",""url"":""https://kokunoyumeto.github.io/discrete-mathematics-open-introduction-id/""},""localized_occurrence_id"":""urn:uuid:54b768fc-e515-5427-9d4e-cc74608e245f"",""localized_title_payload_sha256"":""550b3c7f2d92aa31f235442fabbd94675ccc489ad57ba19b67e93dce08d20ea4"",""localized_title_variant_id"":""urn:uuid:0c520458-0167-5ebd-bc33-24c26c98a1a9"",""native_locator"":{""canonical_path"":""source/sec_gt-intro.ptx"",""identity_anchor"":""source/sec_gt-intro.ptx#/section/subsection[2]"",""source_actual_path"":""authority/upstream-82336dc87d77c3f18d2cdbc8ec1e74eb3ba38799/discrete-book-82336dc87d77c3f18d2cdbc8ec1e74eb3ba38799/source/sec_gt-intro.ptx"",""source_xml_path"":""/section/subsection[2]"",""target_actual_path"":""repo/source/sec_gt-intro.ptx"",""target_xml_path"":""/section/subsection[2]"",""xml_id"":null},""native_unit_id"":""urn:uuid:bb2d29da-7d8e-52d4-bbec-b09b5d291713"",""native_unit_kind"":""subsection"",""order_key"":""0030.000029"",""parent_native_unit_id"":""urn:uuid:d699676f-28f3-5930-81f2-4927bae3973f"",""parent_projected_unit_id"":""urn:uuid:a3df6f90-069b-5cb0-9507-ee3a71128db8"",""rights_id"":""urn:uuid:71eb9923-410e-55f2-8fe6-41dc669a8635"",""source_file_revision_id"":""urn:uuid:167230ba-ee50-5837-8bc2-c5abab0a3e74"",""source_file_sha256"":""765b1e7f94f1907b6aa06621dd794e10523aa5a3bbd5634688555b545a32b637"",""source_subtree_sha256"":""64b3d2b49a0893bcdfe37911b317375afba7f5a6a6539ce536a2c9fbf96b6dbc"",""target_file_revision_id"":""urn:uuid:16666bb8-be3c-5444-9de7-54310799f686"",""target_file_sha256"":""24bc49712f145a52f0d25d3e8285e5d241346750690fcfafb10f068890e41a98"",""target_subtree_sha256"":""891494789603c670bdcf6721b45613ff0aca20536ce30522c9b742eb56885ca0"",""title"":""Apa Itu Graf?"",""title_locale"":""id-ID"",""translation_state"":""published""},""record_type"":""unit"",""recorded_at"":""2026-08-30T00:00:00Z"",""semantic_key"":""b10:dmoi4:unit:urn:uuid:bb2d29da-7d8e-52d4-bbec-b09b5d291713""}"
urn:uuid:19782d47-7d26-5573-ac01-b436d462e4a9,unit,"{""dataset_id"":""urn:uuid:6090fc4b-b34d-5cff-8f65-acaa06ddd1fc"",""id"":""urn:uuid:19782d47-7d26-5573-ac01-b436d462e4a9"",""normalized_state"":""published"",""owner_authority_id"":""urn:uuid:4dea4d1d-09ba-504e-9fcd-83524281ca97"",""owner_native_state"":""published"",""payload"":{""learner_route"":{""anchor"":null,""machine_data_only"":false,""route_id"":""urn:uuid:2aa436f5-fc73-5a95-85d7-2467dc715d5c"",""route_state"":""course_fallback_unit_route_planned_not_published"",""url"":""https://kokunoyumeto.github.io/discrete-mathematics-open-introduction-id/""},""localized_occurrence_id"":""urn:uuid:ebe9e45a-c3ec-5ab3-a574-bf54f927b7b2"",""localized_title_payload_sha256"":""2b09e09b6c8060697ce6f2610ba36fc5edc52f31ebc8471bfbf97cceca195f34"",""localized_title_variant_id"":""urn:uuid:e3d844d4-7adb-52c7-a3f5-dcd72f798ff8"",""native_locator"":{""canonical_path"":""source/sec_gt-trees.ptx"",""identity_anchor"":""sec_trees"",""source_actual_path"":""authority/upstream-82336dc87d77c3f18d2cdbc8ec1e74eb3ba38799/discrete-book-82336dc87d77c3f18d2cdbc8ec1e74eb3ba38799/source/sec_gt-trees.ptx"",""source_xml_path"":""/section"",""target_actual_path"":""repo/source/sec_gt-trees.ptx"",""target_xml_path"":""/section"",""xml_id"":""sec_trees""},""native_unit_id"":""urn:uuid:c9ec9851-c7c8-5b3e-9eb9-1724383e3d80"",""native_unit_kind"":""section"",""order_key"":""0033.000001"",""parent_native_unit_id"":""urn:uuid:8fec6502-3006-5814-8945-4f78aa6b357e"",""parent_projected_unit_id"":""urn:uuid:5993bcde-78e7-5b3d-afb0-a82900e6001b"",""rights_id"":""urn:uuid:71eb9923-410e-55f2-8fe6-41dc669a8635"",""source_file_revision_id"":""urn:uuid:36386072-3ee9-52c3-ac28-e171df6ded39"",""source_file_sha256"":""749acb1a0506e83dd6a717ece77f5a8becc829587846890a7f479e0402448cd6"",""source_subtree_sha256"":""f6e83f568d7d9afca0b2f764b3d7d72d3dfbf6d293b4765cea6ac1796918d938"",""target_file_revision_id"":""urn:uuid:49ddb392-987e-5d8c-a8be-96c69ead122b"",""target_file_sha256"":""1b19a655a012293ef0a948c8d990e4f94704c1752ed9504ae001d343bea83b22"",""target_subtree_sha256"":""ebe44422090276441a7d6360e76c96acb0f396ad301773f74e11caf9fa219016"",""title"":""Pohon"",""title_locale"":""id-ID"",""translation_state"":""published""},""record_type"":""unit"",""recorded_at"":""2026-08-30T00:00:00Z"",""semantic_key"":""b10:dmoi4:unit:urn:uuid:c9ec9851-c7c8-5b3e-9eb9-1724383e3d80""}"
urn:uuid:0d77d2af-a9e8-540c-beb8-da0ed24a31f8,unit,"{""dataset_id"":""urn:uuid:6090fc4b-b34d-5cff-8f65-acaa06ddd1fc"",""id"":""urn:uuid:0d77d2af-a9e8-540c-beb8-da0ed24a31f8"",""normalized_state"":""published"",""owner_authority_id"":""urn:uuid:4dea4d1d-09ba-504e-9fcd-83524281ca97"",""owner_native_state"":""published"",""payload"":{""learner_route"":{""anchor"":null,""machine_data_only"":false,""route_id"":""urn:uuid:2aa436f5-fc73-5a95-85d7-2467dc715d5c"",""route_state"":""course_fallback_unit_route_planned_not_published"",""url"":""https://kokunoyumeto.github.io/discrete-mathematics-open-introduction-id/""},""localized_occurrence_id"":""urn:uuid:a50fc8ff-1b08-511b-9bbc-d1646148fd03"",""localized_title_payload_sha256"":""0ec14531841185758ad6feee5626c413110533aa652a65c87a5247f7e0a8ce6b"",""localized_title_variant_id"":""urn:uuid:ac7a11f9-cf79-567a-8068-ed5dd0426aa7"",""native_locator"":{""canonical_path"":""source/sec_gt-trees.ptx"",""identity_anchor"":""source/sec_gt-trees.ptx#/section/subsection[1]"",""source_actual_path"":""authority/upstream-82336dc87d77c3f18d2cdbc8ec1e74eb3ba38799/discrete-book-82336dc87d77c3f18d2cdbc8ec1e74eb3ba38799/source/sec_gt-trees.ptx"",""source_xml_path"":""/section/subsection[1]"",""target_actual_path"":""repo/source/sec_gt-trees.ptx"",""target_xml_path"":""/section/subsection[1]"",""xml_id"":null},""native_unit_id"":""urn:uuid:101d36b2-cada-5b15-a96e-b130ede327e8"",""native_unit_kind"":""subsection"",""order_key"":""0033.000003"",""parent_native_unit_id"":""urn:uuid:c9ec9851-c7c8-5b3e-9eb9-1724383e3d80"",""parent_projected_unit_id"":""urn:uuid:19782d47-7d26-5573-ac01-b436d462e4a9"",""rights_id"":""urn:uuid:71eb9923-410e-55f2-8fe6-41dc669a8635"",""source_file_revision_id"":""urn:uuid:36386072-3ee9-52c3-ac28-e171df6ded39"",""source_file_sha256"":""749acb1a0506e83dd6a717ece77f5a8becc829587846890a7f479e0402448cd6"",""source_subtree_sha256"":""abf644fb92fa6b7e359d78afe6096fe52854c534e947e02681b659ab98560d3a"",""target_file_revision_id"":""urn:uuid:49ddb392-987e-5d8c-a8be-96c69ead122b"",""target_file_sha256"":""1b19a655a012293ef0a948c8d990e4f94704c1752ed9504ae001d343bea83b22"",""target_subtree_sha256"":""c6ef666341269042907033a5c1733137a55d72b4244b0fa39320617bc13f5be1"",""title"":""Pratinjau Bagian"",""title_locale"":""id-ID"",""translation_state"":""published""},""record_type"":""unit"",""recorded_at"":""2026-08-30T00:00:00Z"",""semantic_key"":""b10:dmoi4:unit:urn:uuid:101d36b2-cada-5b15-a96e-b130ede327e8""}"
urn:uuid:77e2c861-8de4-59c2-83ef-4c87c41127ed,unit,"{""dataset_id"":""urn:uuid:6090fc4b-b34d-5cff-8f65-acaa06ddd1fc"",""id"":""urn:uuid:77e2c861-8de4-59c2-83ef-4c87c41127ed"",""normalized_state"":""published"",""owner_authority_id"":""urn:uuid:4dea4d1d-09ba-504e-9fcd-83524281ca97"",""owner_native_state"":""published"",""payload"":{""learner_route"":{""anchor"":null,""machine_data_only"":false,""route_id"":""urn:uuid:2aa436f5-fc73-5a95-85d7-2467dc715d5c"",""route_state"":""course_fallback_unit_route_planned_not_published"",""url"":""https://kokunoyumeto.github.io/discrete-mathematics-open-introduction-id/""},""localized_occurrence_id"":""urn:uuid:9e1adcde-92f4-5da3-bfdf-64a0a3f12404"",""localized_title_payload_sha256"":""8ae36d459c8cfb5cbb338d2272070f7a798e4bb8e87c6e3cf3a1dabe597a22fb"",""localized_title_variant_id"":""urn:uuid:e83bc50e-1451-50ef-8bec-a682b3a0241a"",""native_locator"":{""canonical_path"":""source/sec_gt-trees.ptx"",""identity_anchor"":""source/sec_gt-trees.ptx#/section/subsection[2]"",""source_actual_path"":""authority/upstream-82336dc87d77c3f18d2cdbc8ec1e74eb3ba38799/discrete-book-82336dc87d77c3f18d2cdbc8ec1e74eb3ba38799/source/sec_gt-trees.ptx"",""source_xml_path"":""/section/subsection[2]"",""target_actual_path"":""repo/source/sec_gt-trees.ptx"",""target_xml_path"":""/section/subsection[2]"",""xml_id"":null},""native_unit_id"":""urn:uuid:133ebff9-3ea0-5212-9491-829cf9c983c2"",""native_unit_kind"":""subsection"",""order_key"":""0033.000017"",""parent_native_unit_id"":""urn:uuid:c9ec9851-c7c8-5b3e-9eb9-1724383e3d80"",""parent_projected_unit_id"":""urn:uuid:19782d47-7d26-5573-ac01-b436d462e4a9"",""rights_id"":""urn:uuid:71eb9923-410e-55f2-8fe6-41dc669a8635"",""source_file_revision_id"":""urn:uuid:36386072-3ee9-52c3-ac28-e171df6ded39"",""source_file_sha256"":""749acb1a0506e83dd6a717ece77f5a8becc829587846890a7f479e0402448cd6"",""source_subtree_sha256"":""c26fa0517d40d751d5b9b2331372922edc553d97e05a0bc8921ba6800e6cd189"",""target_file_revision_id"":""urn:uuid:49ddb392-987e-5d8c-a8be-96c69ead122b"",""target_file_sha256"":""1b19a655a012293ef0a948c8d990e4f94704c1752ed9504ae001d343bea83b22"",""target_subtree_sha256"":""9cb82a7ce19e830bf68db60ee4b4fe173eebbd9d7e179ff8d42247a358ef66b8"",""title"":""Sifat-Sifat Pohon"",""title_locale"":""id-ID"",""translation_state"":""published""},""record_type"":""unit"",""recorded_at"":""2026-08-30T00:00:00Z"",""semantic_key"":""b10:dmoi4:unit:urn:uuid:133ebff9-3ea0-5212-9491-829cf9c983c2""}"
urn:uuid:51608a44-3653-5916-aa7f-8c2319250fa1,unit,"{""dataset_id"":""urn:uuid:6090fc4b-b34d-5cff-8f65-acaa06ddd1fc"",""id"":""urn:uuid:51608a44-3653-5916-aa7f-8c2319250fa1"",""normalized_state"":""published"",""owner_authority_id"":""urn:uuid:4dea4d1d-09ba-504e-9fcd-83524281ca97"",""owner_native_state"":""published"",""payload"":{""learner_route"":{""anchor"":null,""machine_data_only"":false,""route_id"":""urn:uuid:2aa436f5-fc73-5a95-85d7-2467dc715d5c"",""route_state"":""course_fallback_unit_route_planned_not_published"",""url"":""https://kokunoyumeto.github.io/discrete-mathematics-open-introduction-id/""},""localized_occurrence_id"":""urn:uuid:a0fdd69b-6ab1-529f-a7a0-481e1e9144d7"",""localized_title_payload_sha256"":""a79c18fcbb17b2b4505ad9730d53095e3573d84e1829070d145812292c89dca5"",""localized_title_variant_id"":""urn:uuid:3fa8a0a5-d366-5657-9ed1-05ea428da285"",""native_locator"":{""canonical_path"":""source/sec_gt-trees.ptx"",""identity_anchor"":""source/sec_gt-trees.ptx#/section/subsection[3]"",""source_actual_path"":""authority/upstream-82336dc87d77c3f18d2cdbc8ec1e74eb3ba38799/discrete-book-82336dc87d77c3f18d2cdbc8ec1e74eb3ba38799/source/sec_gt-trees.ptx"",""source_xml_path"":""/section/subsection[3]"",""target_actual_path"":""repo/source/sec_gt-trees.ptx"",""target_xml_path"":""/section/subsection[3]"",""xml_id"":null},""native_unit_id"":""urn:uuid:860447d3-33a8-5eff-bbf8-3ab290627917"",""native_unit_kind"":""subsection"",""order_key"":""0033.000028"",""parent_native_unit_id"":""urn:uuid:c9ec9851-c7c8-5b3e-9eb9-1724383e3d80"",""parent_projected_unit_id"":""urn:uuid:19782d47-7d26-5573-ac01-b436d462e4a9"",""rights_id"":""urn:uuid:71eb9923-410e-55f2-8fe6-41dc669a8635"",""source_file_revision_id"":""urn:uuid:36386072-3ee9-52c3-ac28-e171df6ded39"",""source_file_sha256"":""749acb1a0506e83dd6a717ece77f5a8becc829587846890a7f479e0402448cd6"",""source_subtree_sha256"":""9fd6825945d1ebb874c43532cf858edfaee2c2ad846da3b787e9678918361ca7"",""target_file_revision_id"":""urn:uuid:49ddb392-987e-5d8c-a8be-96c69ead122b"",""target_file_sha256"":""1b19a655a012293ef0a948c8d990e4f94704c1752ed9504ae001d343bea83b22"",""target_subtree_sha256"":""39d8b87578685601710d1e5a799672291d926a07278b25a0acf0984093110eed"",""title"":""Pohon Merentang"",""title_locale"":""id-ID"",""translation_state"":""published""},""record_type"":""unit"",""recorded_at"":""2026-08-30T00:00:00Z"",""semantic_key"":""b10:dmoi4:unit:urn:uuid:860447d3-33a8-5eff-bbf8-3ab290627917""}"
urn:uuid:72ae4829-ea86-5f04-98bf-f83bcc94e1a1,unit,"{""dataset_id"":""urn:uuid:6090fc4b-b34d-5cff-8f65-acaa06ddd1fc"",""id"":""urn:uuid:72ae4829-ea86-5f04-98bf-f83bcc94e1a1"",""normalized_state"":""published"",""owner_authority_id"":""urn:uuid:4dea4d1d-09ba-504e-9fcd-83524281ca97"",""owner_native_state"":""published"",""payload"":{""learner_route"":{""anchor"":null,""machine_data_only"":false,""route_id"":""urn:uuid:2aa436f5-fc73-5a95-85d7-2467dc715d5c"",""route_state"":""course_fallback_unit_route_planned_not_published"",""url"":""https://kokunoyumeto.github.io/discrete-mathematics-open-introduction-id/""},""localized_occurrence_id"":""urn:uuid:469a94d9-726f-5a4f-a41f-62f8f31f6176"",""localized_title_payload_sha256"":""f789516e39383ba5db29161df18f4e3cd89cd2f0ca42443e0dcd510461cf7c34"",""localized_title_variant_id"":""urn:uuid:dab026c4-595f-56e6-bfd3-14eca8d85734"",""native_locator"":{""canonical_path"":""source/sec_gt-trees.ptx"",""identity_anchor"":""subsec-rooted-trees"",""source_actual_path"":""authority/upstream-82336dc87d77c3f18d2cdbc8ec1e74eb3ba38799/discrete-book-82336dc87d77c3f18d2cdbc8ec1e74eb3ba38799/source/sec_gt-trees.ptx"",""source_xml_path"":""/section/subsection[4]"",""target_actual_path"":""repo/source/sec_gt-trees.ptx"",""target_xml_path"":""/section/subsection[4]"",""xml_id"":""subsec-rooted-trees""},""native_unit_id"":""urn:uuid:7b901c5a-9d96-5f82-8906-749de080f549"",""native_unit_kind"":""subsection"",""order_key"":""0033.000041"",""parent_native_unit_id"":""urn:uuid:c9ec9851-c7c8-5b3e-9eb9-1724383e3d80"",""parent_projected_unit_id"":""urn:uuid:19782d47-7d26-5573-ac01-b436d462e4a9"",""rights_id"":""urn:uuid:71eb9923-410e-55f2-8fe6-41dc669a8635"",""source_file_revision_id"":""urn:uuid:36386072-3ee9-52c3-ac28-e171df6ded39"",""source_file_sha256"":""749acb1a0506e83dd6a717ece77f5a8becc829587846890a7f479e0402448cd6"",""source_subtree_sha256"":""4ee2952b0d4a2f48efcb08a2151028c9fb0ea98858349951a5f3138975b91f2f"",""target_file_revision_id"":""urn:uuid:49ddb392-987e-5d8c-a8be-96c69ead122b"",""target_file_sha256"":""1b19a655a012293ef0a948c8d990e4f94704c1752ed9504ae001d343bea83b22"",""target_subtree_sha256"":""9351a7b7640804880ddec9a98933f75c043c31951804ee92dceab3d09933693b"",""title"":""Pohon Berakar"",""title_locale"":""id-ID"",""translation_state"":""published""},""record_type"":""unit"",""recorded_at"":""2026-08-30T00:00:00Z"",""semantic_key"":""b10:dmoi4:unit:urn:uuid:7b901c5a-9d96-5f82-8906-749de080f549""}"
urn:uuid:3a930687-9aa8-5fde-9604-65533373297e,unit,"{""dataset_id"":""urn:uuid:6090fc4b-b34d-5cff-8f65-acaa06ddd1fc"",""id"":""urn:uuid:3a930687-9aa8-5fde-9604-65533373297e"",""normalized_state"":""published"",""owner_authority_id"":""urn:uuid:4dea4d1d-09ba-504e-9fcd-83524281ca97"",""owner_native_state"":""published"",""payload"":{""learner_route"":{""anchor"":null,""machine_data_only"":false,""route_id"":""urn:uuid:2aa436f5-fc73-5a95-85d7-2467dc715d5c"",""route_state"":""course_fallback_unit_route_planned_not_published"",""url"":""https://kokunoyumeto.github.io/discrete-mathematics-open-introduction-id/""},""localized_occurrence_id"":""urn:uuid:7231820a-3016-5a47-afe4-80846b5a6499"",""localized_title_payload_sha256"":""6c6b33ed87b722c4e110f66391e1809b3c8565f1d8357b75ca91b74dca6785d5"",""localized_title_variant_id"":""urn:uuid:69af6842-b320-566e-9730-74cc6e2a7c25"",""native_locator"":{""canonical_path"":""source/sec_gt-planar.ptx"",""identity_anchor"":""sec_gt-planar"",""source_actual_path"":""authority/upstream-82336dc87d77c3f18d2cdbc8ec1e74eb3ba38799/discrete-book-82336dc87d77c3f18d2cdbc8ec1e74eb3ba38799/source/sec_gt-planar.ptx"",""source_xml_path"":""/section"",""target_actual_path"":""repo/source/sec_gt-planar.ptx"",""target_xml_path"":""/section"",""xml_id"":""sec_gt-planar""},""native_unit_id"":""urn:uuid:79eeab77-5bb4-5fa6-9caf-c557db59c6fa"",""native_unit_kind"":""section"",""order_key"":""0036.000001"",""parent_native_unit_id"":""urn:uuid:8fec6502-3006-5814-8945-4f78aa6b357e"",""parent_projected_unit_id"":""urn:uuid:5993bcde-78e7-5b3d-afb0-a82900e6001b"",""rights_id"":""urn:uuid:71eb9923-410e-55f2-8fe6-41dc669a8635"",""source_file_revision_id"":""urn:uuid:6d832f7f-75e6-5c94-a3b6-e6e086f9d439"",""source_file_sha256"":""1d48665812f3d0f97d30f1962450c5d953d6f791297767867ca0e3c04b5b1a01"",""source_subtree_sha256"":""6cc3473855994db1e168100eecf7f3d830597e91a3d18dd8cbd03074aa3a9733"",""target_file_revision_id"":""urn:uuid:c12e4960-9600-5701-b639-65330b225f00"",""target_file_sha256"":""d981e4b455550f9e99242384054c1c8ec6c7422709412eac8edee3ced3ed7bac"",""target_subtree_sha256"":""230bce2dba6f09cbeff52f4d67b6097cceb5f33d3a72c2beb2beb392ee5f122f"",""title"":""Graf Planar"",""title_locale"":""id-ID"",""translation_state"":""published""},""record_type"":""unit"",""recorded_at"":""2026-08-30T00:00:00Z"",""semantic_key"":""b10:dmoi4:unit:urn:uuid:79eeab77-5bb4-5fa6-9caf-c557db59c6fa""}"
urn:uuid:6e475629-a6e7-5a71-a907-b8d8a87a8166,unit,"{""dataset_id"":""urn:uuid:6090fc4b-b34d-5cff-8f65-acaa06ddd1fc"",""id"":""urn:uuid:6e475629-a6e7-5a71-a907-b8d8a87a8166"",""normalized_state"":""published"",""owner_authority_id"":""urn:uuid:4dea4d1d-09ba-504e-9fcd-83524281ca97"",""owner_native_state"":""published"",""payload"":{""learner_route"":{""anchor"":null,""machine_data_only"":false,""route_id"":""urn:uuid:2aa436f5-fc73-5a95-85d7-2467dc715d5c"",""route_state"":""course_fallback_unit_route_planned_not_published"",""url"":""https://kokunoyumeto.github.io/discrete-mathematics-open-introduction-id/""},""localized_occurrence_id"":""urn:uuid:be4834dc-291b-5331-b552-9e86c471cc7d"",""localized_title_payload_sha256"":""0ec14531841185758ad6feee5626c413110533aa652a65c87a5247f7e0a8ce6b"",""localized_title_variant_id"":""urn:uuid:0f98739c-09f3-57d8-8bc1-41fd93e2848d"",""native_locator"":{""canonical_path"":""source/sec_gt-planar.ptx"",""identity_anchor"":""source/sec_gt-planar.ptx#/section/subsection[1]"",""source_actual_path"":""authority/upstream-82336dc87d77c3f18d2cdbc8ec1e74eb3ba38799/discrete-book-82336dc87d77c3f18d2cdbc8ec1e74eb3ba38799/source/sec_gt-planar.ptx"",""source_xml_path"":""/section/subsection[1]"",""target_actual_path"":""repo/source/sec_gt-planar.ptx"",""target_xml_path"":""/section/subsection[1]"",""xml_id"":null},""native_unit_id"":""urn:uuid:9f7bd6a7-4d09-5676-b930-9ad711f5f6b0"",""native_unit_kind"":""subsection"",""order_key"":""0036.000003"",""parent_native_unit_id"":""urn:uuid:79eeab77-5bb4-5fa6-9caf-c557db59c6fa"",""parent_projected_unit_id"":""urn:uuid:3a930687-9aa8-5fde-9604-65533373297e"",""rights_id"":""urn:uuid:71eb9923-410e-55f2-8fe6-41dc669a8635"",""source_file_revision_id"":""urn:uuid:6d832f7f-75e6-5c94-a3b6-e6e086f9d439"",""source_file_sha256"":""1d48665812f3d0f97d30f1962450c5d953d6f791297767867ca0e3c04b5b1a01"",""source_subtree_sha256"":""3ad3837523609b2dabe134251fe89d7ffc7c67d0ebb6cb1b71a6b210ef55136a"",""target_file_revision_id"":""urn:uuid:c12e4960-9600-5701-b639-65330b225f00"",""target_file_sha256"":""d981e4b455550f9e99242384054c1c8ec6c7422709412eac8edee3ced3ed7bac"",""target_subtree_sha256"":""d01424ec9bee4820ed45ac393ca11e62b5df8629833bd9ed4e0f76371b5ce21a"",""title"":""Pratinjau Bagian"",""title_locale"":""id-ID"",""translation_state"":""published""},""record_type"":""unit"",""recorded_at"":""2026-08-30T00:00:00Z"",""semantic_key"":""b10:dmoi4:unit:urn:uuid:9f7bd6a7-4d09-5676-b930-9ad711f5f6b0""}"
urn:uuid:dde75616-b238-5e25-b2fa-a2fe8d2849ca,unit,"{""dataset_id"":""urn:uuid:6090fc4b-b34d-5cff-8f65-acaa06ddd1fc"",""id"":""urn:uuid:dde75616-b238-5e25-b2fa-a2fe8d2849ca"",""normalized_state"":""published"",""owner_authority_id"":""urn:uuid:4dea4d1d-09ba-504e-9fcd-83524281ca97"",""owner_native_state"":""published"",""payload"":{""learner_route"":{""anchor"":null,""machine_data_only"":false,""route_id"":""urn:uuid:2aa436f5-fc73-5a95-85d7-2467dc715d5c"",""route_state"":""course_fallback_unit_route_planned_not_published"",""url"":""https://kokunoyumeto.github.io/discrete-mathematics-open-introduction-id/""},""localized_occurrence_id"":""urn:uuid:c1615f0f-526c-5bbf-9708-5c12c695dcf4"",""localized_title_payload_sha256"":""f1340319ba62cd8858ae7df8659df333d33ce9f91c53f417a728bc07f5e8159c"",""localized_title_variant_id"":""urn:uuid:be7d3942-e319-579d-ad87-63414be7fd59"",""native_locator"":{""canonical_path"":""source/sec_gt-planar.ptx"",""identity_anchor"":""source/sec_gt-planar.ptx#/section/subsection[2]"",""source_actual_path"":""authority/upstream-82336dc87d77c3f18d2cdbc8ec1e74eb3ba38799/discrete-book-82336dc87d77c3f18d2cdbc8ec1e74eb3ba38799/source/sec_gt-planar.ptx"",""source_xml_path"":""/section/subsection[2]"",""target_actual_path"":""repo/source/sec_gt-planar.ptx"",""target_xml_path"":""/section/subsection[2]"",""xml_id"":null},""native_unit_id"":""urn:uuid:93d01b92-048f-58dc-ac0a-78f14da1dfbb"",""native_unit_kind"":""subsection"",""order_key"":""0036.000027"",""parent_native_unit_id"":""urn:uuid:79eeab77-5bb4-5fa6-9caf-c557db59c6fa"",""parent_projected_unit_id"":""urn:uuid:3a930687-9aa8-5fde-9604-65533373297e"",""rights_id"":""urn:uuid:71eb9923-410e-55f2-8fe6-41dc669a8635"",""source_file_revision_id"":""urn:uuid:6d832f7f-75e6-5c94-a3b6-e6e086f9d439"",""source_file_sha256"":""1d48665812f3d0f97d30f1962450c5d953d6f791297767867ca0e3c04b5b1a01"",""source_subtree_sha256"":""f8a019d6d25c92eb8524d53df8b81bb111c0509db344fdde26a57bb8fee717a3"",""target_file_revision_id"":""urn:uuid:c12e4960-9600-5701-b639-65330b225f00"",""target_file_sha256"":""d981e4b455550f9e99242384054c1c8ec6c7422709412eac8edee3ced3ed7bac"",""target_subtree_sha256"":""c1b1ac357bb0bf75665465a23c1608c9ea65d26e5ecb7ecd0af973069d8a6b91"",""title"":""Rumus Euler untuk Graf Planar"",""title_locale"":""id-ID"",""translation_state"":""published""},""record_type"":""unit"",""recorded_at"":""2026-08-30T00:00:00Z"",""semantic_key"":""b10:dmoi4:unit:urn:uuid:93d01b92-048f-58dc-ac0a-78f14da1dfbb""}"
urn:uuid:2ebd9f38-483c-52f0-8fc3-8e5d7b3f7571,unit,"{""dataset_id"":""urn:uuid:6090fc4b-b34d-5cff-8f65-acaa06ddd1fc"",""id"":""urn:uuid:2ebd9f38-483c-52f0-8fc3-8e5d7b3f7571"",""normalized_state"":""published"",""owner_authority_id"":""urn:uuid:4dea4d1d-09ba-504e-9fcd-83524281ca97"",""owner_native_state"":""published"",""payload"":{""learner_route"":{""anchor"":null,""machine_data_only"":false,""route_id"":""urn:uuid:2aa436f5-fc73-5a95-85d7-2467dc715d5c"",""route_state"":""course_fallback_unit_route_planned_not_published"",""url"":""https://kokunoyumeto.github.io/discrete-mathematics-open-introduction-id/""},""localized_occurrence_id"":""urn:uuid:2c39f7a9-04c1-53a8-965e-022510fc27fc"",""localized_title_payload_sha256"":""3dc8a22f49d8090d36af8ce0351b535a11f9379a8af7c88f655f67d271a1f74d"",""localized_title_variant_id"":""urn:uuid:aae196f6-bf0d-5e0b-8f05-ad82dabe13c9"",""native_locator"":{""canonical_path"":""source/sec_gt-planar.ptx"",""identity_anchor"":""source/sec_gt-planar.ptx#/section/subsection[3]"",""source_actual_path"":""authority/upstream-82336dc87d77c3f18d2cdbc8ec1e74eb3ba38799/discrete-book-82336dc87d77c3f18d2cdbc8ec1e74eb3ba38799/source/sec_gt-planar.ptx"",""source_xml_path"":""/section/subsection[3]"",""target_actual_path"":""repo/source/sec_gt-planar.ptx"",""target_xml_path"":""/section/subsection[3]"",""xml_id"":null},""native_unit_id"":""urn:uuid:a30dc040-96fe-5967-a3ff-b693a221d5c5"",""native_unit_kind"":""subsection"",""order_key"":""0036.000030"",""parent_native_unit_id"":""urn:uuid:79eeab77-5bb4-5fa6-9caf-c557db59c6fa"",""parent_projected_unit_id"":""urn:uuid:3a930687-9aa8-5fde-9604-65533373297e"",""rights_id"":""urn:uuid:71eb9923-410e-55f2-8fe6-41dc669a8635"",""source_file_revision_id"":""urn:uuid:6d832f7f-75e6-5c94-a3b6-e6e086f9d439"",""source_file_sha256"":""1d48665812f3d0f97d30f1962450c5d953d6f791297767867ca0e3c04b5b1a01"",""source_subtree_sha256"":""8a9ead77e7a104be7281ce4411082f9a160b51e12bd3cae9e11663afa189dc2f"",""target_file_revision_id"":""urn:uuid:c12e4960-9600-5701-b639-65330b225f00"",""target_file_sha256"":""d981e4b455550f9e99242384054c1c8ec6c7422709412eac8edee3ced3ed7bac"",""target_subtree_sha256"":""8c3a0f10ecb90f03f067fc7dd3748f1c35f9a3d6ca599cefdf2e6e91a9121a75"",""title"":""Graf Nonplanar"",""title_locale"":""id-ID"",""translation_state"":""published""},""record_type"":""unit"",""recorded_at"":""2026-08-30T00:00:00Z"",""semantic_key"":""b10:dmoi4:unit:urn:uuid:a30dc040-96fe-5967-a3ff-b693a221d5c5""}"
urn:uuid:f059f2be-85cf-5574-b208-29d26d91c977,unit,"{""dataset_id"":""urn:uuid:6090fc4b-b34d-5cff-8f65-acaa06ddd1fc"",""id"":""urn:uuid:f059f2be-85cf-5574-b208-29d26d91c977"",""normalized_state"":""published"",""owner_authority_id"":""urn:uuid:4dea4d1d-09ba-504e-9fcd-83524281ca97"",""owner_native_state"":""published"",""payload"":{""learner_route"":{""anchor"":null,""machine_data_only"":false,""route_id"":""urn:uuid:2aa436f5-fc73-5a95-85d7-2467dc715d5c"",""route_state"":""course_fallback_unit_route_planned_not_published"",""url"":""https://kokunoyumeto.github.io/discrete-mathematics-open-introduction-id/""},""localized_occurrence_id"":""urn:uuid:2cd1ef43-0ad0-5c42-b868-90ba99818e17"",""localized_title_payload_sha256"":""6484e1e163b1e1dcb87a55074ae64bbfe400e11f0bd120f10b3aca9f6148dd76"",""localized_title_variant_id"":""urn:uuid:98b53199-7ca4-5de8-97fc-6cf751256a0b"",""native_locator"":{""canonical_path"":""source/sec_gt-planar.ptx"",""identity_anchor"":""source/sec_gt-planar.ptx#/section/subsection[4]"",""source_actual_path"":""authority/upstream-82336dc87d77c3f18d2cdbc8ec1e74eb3ba38799/discrete-book-82336dc87d77c3f18d2cdbc8ec1e74eb3ba38799/source/sec_gt-planar.ptx"",""source_xml_path"":""/section/subsection[4]"",""target_actual_path"":""repo/source/sec_gt-planar.ptx"",""target_xml_path"":""/section/subsection[4]"",""xml_id"":null},""native_unit_id"":""urn:uuid:cd24cab2-000e-53c3-b3f9-b0a983b274a3"",""native_unit_kind"":""subsection"",""order_key"":""0036.000044"",""parent_native_unit_id"":""urn:uuid:79eeab77-5bb4-5fa6-9caf-c557db59c6fa"",""parent_projected_unit_id"":""urn:uuid:3a930687-9aa8-5fde-9604-65533373297e"",""rights_id"":""urn:uuid:71eb9923-410e-55f2-8fe6-41dc669a8635"",""source_file_revision_id"":""urn:uuid:6d832f7f-75e6-5c94-a3b6-e6e086f9d439"",""source_file_sha256"":""1d48665812f3d0f97d30f1962450c5d953d6f791297767867ca0e3c04b5b1a01"",""source_subtree_sha256"":""0f041bfedc073c5fd981cea99f1df40efc47fa8a21d078bb1ef9277615bf468f"",""target_file_revision_id"":""urn:uuid:c12e4960-9600-5701-b639-65330b225f00"",""target_file_sha256"":""d981e4b455550f9e99242384054c1c8ec6c7422709412eac8edee3ced3ed7bac"",""target_subtree_sha256"":""2c8fac340454cae2ecde90f5072647e3992813f96013a6af73cc860b187366fb"",""title"":""Polihedron"",""title_locale"":""id-ID"",""translation_state"":""published""},""record_type"":""unit"",""recorded_at"":""2026-08-30T00:00:00Z"",""semantic_key"":""b10:dmoi4:unit:urn:uuid:cd24cab2-000e-53c3-b3f9-b0a983b274a3""}"
urn:uuid:a6d7e3f7-9ae2-58ae-b0da-4ee5923eee96,unit,"{""dataset_id"":""urn:uuid:6090fc4b-b34d-5cff-8f65-acaa06ddd1fc"",""id"":""urn:uuid:a6d7e3f7-9ae2-58ae-b0da-4ee5923eee96"",""normalized_state"":""published"",""owner_authority_id"":""urn:uuid:4dea4d1d-09ba-504e-9fcd-83524281ca97"",""owner_native_state"":""published"",""payload"":{""learner_route"":{""anchor"":null,""machine_data_only"":false,""route_id"":""urn:uuid:2aa436f5-fc73-5a95-85d7-2467dc715d5c"",""route_state"":""course_fallback_unit_route_planned_not_published"",""url"":""https://kokunoyumeto.github.io/discrete-mathematics-open-introduction-id/""},""localized_occurrence_id"":""urn:uuid:949531b4-8d74-5f51-a7d3-69342d93e38b"",""localized_title_payload_sha256"":""85636a4484ead215d6bc38c0dcc255a3615d234678931bffb467a6a700fade64"",""localized_title_variant_id"":""urn:uuid:13d637a1-37f0-5b08-8ddd-8f5f0635e61d"",""native_locator"":{""canonical_path"":""source/sec_gt-paths.ptx"",""identity_anchor"":""sec_gt-paths"",""source_actual_path"":""authority/upstream-82336dc87d77c3f18d2cdbc8ec1e74eb3ba38799/discrete-book-82336dc87d77c3f18d2cdbc8ec1e74eb3ba38799/source/sec_gt-paths.ptx"",""source_xml_path"":""/section"",""target_actual_path"":""repo/source/sec_gt-paths.ptx"",""target_xml_path"":""/section"",""xml_id"":""sec_gt-paths""},""native_unit_id"":""urn:uuid:a49c23f7-29bc-51b5-8b2b-fef409c1ddd5"",""native_unit_kind"":""section"",""order_key"":""0039.000001"",""parent_native_unit_id"":""urn:uuid:8fec6502-3006-5814-8945-4f78aa6b357e"",""parent_projected_unit_id"":""urn:uuid:5993bcde-78e7-5b3d-afb0-a82900e6001b"",""rights_id"":""urn:uuid:71eb9923-410e-55f2-8fe6-41dc669a8635"",""source_file_revision_id"":""urn:uuid:62df950f-8de0-5f39-b812-ee60b0a5cf21"",""source_file_sha256"":""8780363ac2c434806f6f0f354d03b213f4bf52959e6db81f61d53b45520c1c41"",""source_subtree_sha256"":""eb5b10262e72b79bd511b201e35e59653526af05273a1a34dce6a7a2109b275d"",""target_file_revision_id"":""urn:uuid:ccb4acf0-acec-53bf-83a8-897ce30a978b"",""target_file_sha256"":""be7075ad2c7c2e81d8e35c1b0efb1c8fc2beff843ced230a592a751591113269"",""target_subtree_sha256"":""f0be1aa15f281142cc79ded50570853f17935a9c72989ad64d5c518f7274ed0a"",""title"":""Jejak dan Sirkuit Euler"",""title_locale"":""id-ID"",""translation_state"":""published""},""record_type"":""unit"",""recorded_at"":""2026-08-30T00:00:00Z"",""semantic_key"":""b10:dmoi4:unit:urn:uuid:a49c23f7-29bc-51b5-8b2b-fef409c1ddd5""}"
urn:uuid:5dd39094-9938-50a2-8dca-2610c6b42ea7,unit,"{""dataset_id"":""urn:uuid:6090fc4b-b34d-5cff-8f65-acaa06ddd1fc"",""id"":""urn:uuid:5dd39094-9938-50a2-8dca-2610c6b42ea7"",""normalized_state"":""published"",""owner_authority_id"":""urn:uuid:4dea4d1d-09ba-504e-9fcd-83524281ca97"",""owner_native_state"":""published"",""payload"":{""learner_route"":{""anchor"":null,""machine_data_only"":false,""route_id"":""urn:uuid:2aa436f5-fc73-5a95-85d7-2467dc715d5c"",""route_state"":""course_fallback_unit_route_planned_not_published"",""url"":""https://kokunoyumeto.github.io/discrete-mathematics-open-introduction-id/""},""localized_occurrence_id"":""urn:uuid:5e922ea1-cab3-52c4-8239-aaa7bc832ed8"",""localized_title_payload_sha256"":""0ec14531841185758ad6feee5626c413110533aa652a65c87a5247f7e0a8ce6b"",""localized_title_variant_id"":""urn:uuid:932a6016-34bb-500c-a80b-0d144b7cc027"",""native_locator"":{""canonical_path"":""source/sec_gt-paths.ptx"",""identity_anchor"":""source/sec_gt-paths.ptx#/section/subsection[1]"",""source_actual_path"":""authority/upstream-82336dc87d77c3f18d2cdbc8ec1e74eb3ba38799/discrete-book-82336dc87d77c3f18d2cdbc8ec1e74eb3ba38799/source/sec_gt-paths.ptx"",""source_xml_path"":""/section/subsection[1]"",""target_actual_path"":""repo/source/sec_gt-paths.ptx"",""target_xml_path"":""/section/subsection[1]"",""xml_id"":null},""native_unit_id"":""urn:uuid:f3da3bdf-a765-537d-8ce6-6a3a160531d9"",""native_unit_kind"":""subsection"",""order_key"":""0039.000014"",""parent_native_unit_id"":""urn:uuid:a49c23f7-29bc-51b5-8b2b-fef409c1ddd5"",""parent_projected_unit_id"":""urn:uuid:a6d7e3f7-9ae2-58ae-b0da-4ee5923eee96"",""rights_id"":""urn:uuid:71eb9923-410e-55f2-8fe6-41dc669a8635"",""source_file_revision_id"":""urn:uuid:62df950f-8de0-5f39-b812-ee60b0a5cf21"",""source_file_sha256"":""8780363ac2c434806f6f0f354d03b213f4bf52959e6db81f61d53b45520c1c41"",""source_subtree_sha256"":""327282fb7c02f67093824665ed27a9d048d327fea7d3ea4a4bc141ba6e836aaf"",""target_file_revision_id"":""urn:uuid:ccb4acf0-acec-53bf-83a8-897ce30a978b"",""target_file_sha256"":""be7075ad2c7c2e81d8e35c1b0efb1c8fc2beff843ced230a592a751591113269"",""target_subtree_sha256"":""c4a2b027edaad0c713297c6c5b86260160c04df6b6e505bc75df350fb9c8aa4c"",""title"":""Pratinjau Bagian"",""title_locale"":""id-ID"",""translation_state"":""published""},""record_type"":""unit"",""recorded_at"":""2026-08-30T00:00:00Z"",""semantic_key"":""b10:dmoi4:unit:urn:uuid:f3da3bdf-a765-537d-8ce6-6a3a160531d9""}"
urn:uuid:b6ac4c86-5f09-55d3-8c16-2f31f046c03f,unit,"{""dataset_id"":""urn:uuid:6090fc4b-b34d-5cff-8f65-acaa06ddd1fc"",""id"":""urn:uuid:b6ac4c86-5f09-55d3-8c16-2f31f046c03f"",""normalized_state"":""published"",""owner_authority_id"":""urn:uuid:4dea4d1d-09ba-504e-9fcd-83524281ca97"",""owner_native_state"":""published"",""payload"":{""learner_route"":{""anchor"":null,""machine_data_only"":false,""route_id"":""urn:uuid:2aa436f5-fc73-5a95-85d7-2467dc715d5c"",""route_state"":""course_fallback_unit_route_planned_not_published"",""url"":""https://kokunoyumeto.github.io/discrete-mathematics-open-introduction-id/""},""localized_occurrence_id"":""urn:uuid:1c4dcec0-1e06-52be-8377-816611147e7f"",""localized_title_payload_sha256"":""ec7764e43a980a555db49a6f9d3b5d1e4fafe40ee33c5b690bba59c92a81e72b"",""localized_title_variant_id"":""urn:uuid:a6d6de54-caad-59bf-a478-6cf39f9f7889"",""native_locator"":{""canonical_path"":""source/sec_gt-paths.ptx"",""identity_anchor"":""source/sec_gt-paths.ptx#/section/subsection[2]"",""source_actual_path"":""authority/upstream-82336dc87d77c3f18d2cdbc8ec1e74eb3ba38799/discrete-book-82336dc87d77c3f18d2cdbc8ec1e74eb3ba38799/source/sec_gt-paths.ptx"",""source_xml_path"":""/section/subsection[2]"",""target_actual_path"":""repo/source/sec_gt-paths.ptx"",""target_xml_path"":""/section/subsection[2]"",""xml_id"":null},""native_unit_id"":""urn:uuid:3fe3e64e-5c76-59ed-8042-b77fc5581dee"",""native_unit_kind"":""subsection"",""order_key"":""0039.000033"",""parent_native_unit_id"":""urn:uuid:a49c23f7-29bc-51b5-8b2b-fef409c1ddd5"",""parent_projected_unit_id"":""urn:uuid:a6d7e3f7-9ae2-58ae-b0da-4ee5923eee96"",""rights_id"":""urn:uuid:71eb9923-410e-55f2-8fe6-41dc669a8635"",""source_file_revision_id"":""urn:uuid:62df950f-8de0-5f39-b812-ee60b0a5cf21"",""source_file_sha256"":""8780363ac2c434806f6f0f354d03b213f4bf52959e6db81f61d53b45520c1c41"",""source_subtree_sha256"":""e99185bc7cf98d1bd02bc558d9e58c36e6101b4fc03a7106814b2a6cb3a5191d"",""target_file_revision_id"":""urn:uuid:ccb4acf0-acec-53bf-83a8-897ce30a978b"",""target_file_sha256"":""be7075ad2c7c2e81d8e35c1b0efb1c8fc2beff843ced230a592a751591113269"",""target_subtree_sha256"":""4c43930c2b762d4f5a49076225fd47ec1a854db2a88adceca6ba075fccc8a186"",""title"":""Syarat untuk Jejak Euler"",""title_locale"":""id-ID"",""translation_state"":""published""},""record_type"":""unit"",""recorded_at"":""2026-08-30T00:00:00Z"",""semantic_key"":""b10:dmoi4:unit:urn:uuid:3fe3e64e-5c76-59ed-8042-b77fc5581dee""}"
urn:uuid:84ed3f80-8a68-5b47-b1f0-683b686ab817,unit,"{""dataset_id"":""urn:uuid:6090fc4b-b34d-5cff-8f65-acaa06ddd1fc"",""id"":""urn:uuid:84ed3f80-8a68-5b47-b1f0-683b686ab817"",""normalized_state"":""published"",""owner_authority_id"":""urn:uuid:4dea4d1d-09ba-504e-9fcd-83524281ca97"",""owner_native_state"":""published"",""payload"":{""learner_route"":{""anchor"":null,""machine_data_only"":false,""route_id"":""urn:uuid:2aa436f5-fc73-5a95-85d7-2467dc715d5c"",""route_state"":""course_fallback_unit_route_planned_not_published"",""url"":""https://kokunoyumeto.github.io/discrete-mathematics-open-introduction-id/""},""localized_occurrence_id"":""urn:uuid:a90729be-7743-5ca2-a3aa-ed131e2fa96a"",""localized_title_payload_sha256"":""312ded9b2f68bbf9f1d260b2b975765c44d3b1a650a9455cfec8c3bd441c7e3b"",""localized_title_variant_id"":""urn:uuid:c8a130e9-ce6e-5d16-bb62-b63d77aaacb7"",""native_locator"":{""canonical_path"":""source/sec_gt-paths.ptx"",""identity_anchor"":""gt-ham-paths"",""source_actual_path"":""authority/upstream-82336dc87d77c3f18d2cdbc8ec1e74eb3ba38799/discrete-book-82336dc87d77c3f18d2cdbc8ec1e74eb3ba38799/source/sec_gt-paths.ptx"",""source_xml_path"":""/section/subsection[3]"",""target_actual_path"":""repo/source/sec_gt-paths.ptx"",""target_xml_path"":""/section/subsection[3]"",""xml_id"":""gt-ham-paths""},""native_unit_id"":""urn:uuid:1b3ccc28-1e8d-5d78-b935-ab04d49ae87c"",""native_unit_kind"":""subsection"",""order_key"":""0039.000039"",""parent_native_unit_id"":""urn:uuid:a49c23f7-29bc-51b5-8b2b-fef409c1ddd5"",""parent_projected_unit_id"":""urn:uuid:a6d7e3f7-9ae2-58ae-b0da-4ee5923eee96"",""rights_id"":""urn:uuid:71eb9923-410e-55f2-8fe6-41dc669a8635"",""source_file_revision_id"":""urn:uuid:62df950f-8de0-5f39-b812-ee60b0a5cf21"",""source_file_sha256"":""8780363ac2c434806f6f0f354d03b213f4bf52959e6db81f61d53b45520c1c41"",""source_subtree_sha256"":""f31e08519573fb54b8d8b95862dc5fd99aedd89c27a2d0bca7e616c390991fa6"",""target_file_revision_id"":""urn:uuid:ccb4acf0-acec-53bf-83a8-897ce30a978b"",""target_file_sha256"":""be7075ad2c7c2e81d8e35c1b0efb1c8fc2beff843ced230a592a751591113269"",""target_subtree_sha256"":""56bc4e251a3ce258058f6436d6a6b23ffeede305f10b3443df0c23fc005c6d7e"",""title"":""Lintasan Hamilton"",""title_locale"":""id-ID"",""translation_state"":""published""},""record_type"":""unit"",""recorded_at"":""2026-08-30T00:00:00Z"",""semantic_key"":""b10:dmoi4:unit:urn:uuid:1b3ccc28-1e8d-5d78-b935-ab04d49ae87c""}"
urn:uuid:6166af73-35e4-5b64-b5ae-2430f5f82273,unit,"{""dataset_id"":""urn:uuid:6090fc4b-b34d-5cff-8f65-acaa06ddd1fc"",""id"":""urn:uuid:6166af73-35e4-5b64-b5ae-2430f5f82273"",""normalized_state"":""published"",""owner_authority_id"":""urn:uuid:4dea4d1d-09ba-504e-9fcd-83524281ca97"",""owner_native_state"":""published"",""payload"":{""learner_route"":{""anchor"":null,""machine_data_only"":false,""route_id"":""urn:uuid:2aa436f5-fc73-5a95-85d7-2467dc715d5c"",""route_state"":""course_fallback_unit_route_planned_not_published"",""url"":""https://kokunoyumeto.github.io/discrete-mathematics-open-introduction-id/""},""localized_occurrence_id"":""urn:uuid:a3d15728-f8e8-5a32-9e04-3101ca0f2b5b"",""localized_title_payload_sha256"":""593e3eca027c2b8e79c6cef7c1be7c7e17964c0b9620d677dcba2d419bf76a89"",""localized_title_variant_id"":""urn:uuid:62838d40-d061-5d4d-829e-f4e9bed3f095"",""native_locator"":{""canonical_path"":""source/sec_gt-coloring.ptx"",""identity_anchor"":""sec_coloring"",""source_actual_path"":""authority/upstream-82336dc87d77c3f18d2cdbc8ec1e74eb3ba38799/discrete-book-82336dc87d77c3f18d2cdbc8ec1e74eb3ba38799/source/sec_gt-coloring.ptx"",""source_xml_path"":""/section"",""target_actual_path"":""repo/source/sec_gt-coloring.ptx"",""target_xml_path"":""/section"",""xml_id"":""sec_coloring""},""native_unit_id"":""urn:uuid:401baf3c-8042-583e-ab34-2f3d0d2c59f5"",""native_unit_kind"":""section"",""order_key"":""0042.000001"",""parent_native_unit_id"":""urn:uuid:8fec6502-3006-5814-8945-4f78aa6b357e"",""parent_projected_unit_id"":""urn:uuid:5993bcde-78e7-5b3d-afb0-a82900e6001b"",""rights_id"":""urn:uuid:71eb9923-410e-55f2-8fe6-41dc669a8635"",""source_file_revision_id"":""urn:uuid:aca43121-c84e-52b2-a1e0-73ff2d679684"",""source_file_sha256"":""f7de0a77d445e60e6c0244b7472558d4f973cd2c354a3eab09c772fadbbabec9"",""source_subtree_sha256"":""c7be714c0af2459dc5a62d3cb4a5431814fd502ae47fb967d257eeee2075da15"",""target_file_revision_id"":""urn:uuid:0cd504d5-ff8d-5cc3-974b-25a216cbed2e"",""target_file_sha256"":""da2c414390e1f7a2068b4be0f59016962ac273acf27628503c8e5f96c8d87978"",""target_subtree_sha256"":""7c7f8555d1006927e8285d75a4e8c8a1e17753985ee3bb9dc366e546b55ef291"",""title"":""Pewarnaan"",""title_locale"":""id-ID"",""translation_state"":""published""},""record_type"":""unit"",""recorded_at"":""2026-08-30T00:00:00Z"",""semantic_key"":""b10:dmoi4:unit:urn:uuid:401baf3c-8042-583e-ab34-2f3d0d2c59f5""}"
urn:uuid:98127f4f-f4cb-5af1-8e9a-a70675990779,unit,"{""dataset_id"":""urn:uuid:6090fc4b-b34d-5cff-8f65-acaa06ddd1fc"",""id"":""urn:uuid:98127f4f-f4cb-5af1-8e9a-a70675990779"",""normalized_state"":""published"",""owner_authority_id"":""urn:uuid:4dea4d1d-09ba-504e-9fcd-83524281ca97"",""owner_native_state"":""published"",""payload"":{""learner_route"":{""anchor"":null,""machine_data_only"":false,""route_id"":""urn:uuid:2aa436f5-fc73-5a95-85d7-2467dc715d5c"",""route_state"":""course_fallback_unit_route_planned_not_published"",""url"":""https://kokunoyumeto.github.io/discrete-mathematics-open-introduction-id/""},""localized_occurrence_id"":""urn:uuid:843965f3-0116-5a91-b94f-c3b44cf5409f"",""localized_title_payload_sha256"":""0ec14531841185758ad6feee5626c413110533aa652a65c87a5247f7e0a8ce6b"",""localized_title_variant_id"":""urn:uuid:4016a7aa-871d-550b-b4b3-faa6b716705a"",""native_locator"":{""canonical_path"":""source/sec_gt-coloring.ptx"",""identity_anchor"":""source/sec_gt-coloring.ptx#/section/subsection[1]"",""source_actual_path"":""authority/upstream-82336dc87d77c3f18d2cdbc8ec1e74eb3ba38799/discrete-book-82336dc87d77c3f18d2cdbc8ec1e74eb3ba38799/source/sec_gt-coloring.ptx"",""source_xml_path"":""/section/subsection[1]"",""target_actual_path"":""repo/source/sec_gt-coloring.ptx"",""target_xml_path"":""/section/subsection[1]"",""xml_id"":null},""native_unit_id"":""urn:uuid:5fc7c6ba-2ec9-5219-91ba-7c765d9db3c0"",""native_unit_kind"":""subsection"",""order_key"":""0042.000003"",""parent_native_unit_id"":""urn:uuid:401baf3c-8042-583e-ab34-2f3d0d2c59f5"",""parent_projected_unit_id"":""urn:uuid:6166af73-35e4-5b64-b5ae-2430f5f82273"",""rights_id"":""urn:uuid:71eb9923-410e-55f2-8fe6-41dc669a8635"",""source_file_revision_id"":""urn:uuid:aca43121-c84e-52b2-a1e0-73ff2d679684"",""source_file_sha256"":""f7de0a77d445e60e6c0244b7472558d4f973cd2c354a3eab09c772fadbbabec9"",""source_subtree_sha256"":""f844f12e3480296e6db0099d1296566f9de94fa1549dfa780896bdb65e952436"",""target_file_revision_id"":""urn:uuid:0cd504d5-ff8d-5cc3-974b-25a216cbed2e"",""target_file_sha256"":""da2c414390e1f7a2068b4be0f59016962ac273acf27628503c8e5f96c8d87978"",""target_subtree_sha256"":""7296f76da3b374456bf42a8107c588aa8f334b7edf3dc0d92ea97808ba3756e0"",""title"":""Pratinjau Bagian"",""title_locale"":""id-ID"",""translation_state"":""published""},""record_type"":""unit"",""recorded_at"":""2026-08-30T00:00:00Z"",""semantic_key"":""b10:dmoi4:unit:urn:uuid:5fc7c6ba-2ec9-5219-91ba-7c765d9db3c0""}"
urn:uuid:d5604972-61fa-596f-9cab-67c703578bd4,unit,"{""dataset_id"":""urn:uuid:6090fc4b-b34d-5cff-8f65-acaa06ddd1fc"",""id"":""urn:uuid:d5604972-61fa-596f-9cab-67c703578bd4"",""normalized_state"":""published"",""owner_authority_id"":""urn:uuid:4dea4d1d-09ba-504e-9fcd-83524281ca97"",""owner_native_state"":""published"",""payload"":{""learner_route"":{""anchor"":null,""machine_data_only"":false,""route_id"":""urn:uuid:2aa436f5-fc73-5a95-85d7-2467dc715d5c"",""route_state"":""course_fallback_unit_route_planned_not_published"",""url"":""https://kokunoyumeto.github.io/discrete-mathematics-open-introduction-id/""},""localized_occurrence_id"":""urn:uuid:09b8d1e6-6fed-52d1-90ec-33e0ab68fb8d"",""localized_title_payload_sha256"":""c298335d9b9e16a63c1eda8aaa0bf73f6bfa35decdb4278749efd0ab667b3b2c"",""localized_title_variant_id"":""urn:uuid:15a9aa23-9b77-5732-8ce7-2e6a2712fa42"",""native_locator"":{""canonical_path"":""source/sec_gt-coloring.ptx"",""identity_anchor"":""source/sec_gt-coloring.ptx#/section/subsection[2]"",""source_actual_path"":""authority/upstream-82336dc87d77c3f18d2cdbc8ec1e74eb3ba38799/discrete-book-82336dc87d77c3f18d2cdbc8ec1e74eb3ba38799/source/sec_gt-coloring.ptx"",""source_xml_path"":""/section/subsection[2]"",""target_actual_path"":""repo/source/sec_gt-coloring.ptx"",""target_xml_path"":""/section/subsection[2]"",""xml_id"":null},""native_unit_id"":""urn:uuid:78b9926a-8883-5412-b8aa-b1c4a1d85476"",""native_unit_kind"":""subsection"",""order_key"":""0042.000010"",""parent_native_unit_id"":""urn:uuid:401baf3c-8042-583e-ab34-2f3d0d2c59f5"",""parent_projected_unit_id"":""urn:uuid:6166af73-35e4-5b64-b5ae-2430f5f82273"",""rights_id"":""urn:uuid:71eb9923-410e-55f2-8fe6-41dc669a8635"",""source_file_revision_id"":""urn:uuid:aca43121-c84e-52b2-a1e0-73ff2d679684"",""source_file_sha256"":""f7de0a77d445e60e6c0244b7472558d4f973cd2c354a3eab09c772fadbbabec9"",""source_subtree_sha256"":""e840da32565a23554205836896b83b6816ab1fe43d515a14c6c02ee0ed97cca4"",""target_file_revision_id"":""urn:uuid:0cd504d5-ff8d-5cc3-974b-25a216cbed2e"",""target_file_sha256"":""da2c414390e1f7a2068b4be0f59016962ac273acf27628503c8e5f96c8d87978"",""target_subtree_sha256"":""3379d65b89118366ae534bfaf494e260c0e77745aeb4645879e9e3cadab78b47"",""title"":""Pewarnaan Simpul"",""title_locale"":""id-ID"",""translation_state"":""published""},""record_type"":""unit"",""recorded_at"":""2026-08-30T00:00:00Z"",""semantic_key"":""b10:dmoi4:unit:urn:uuid:78b9926a-8883-5412-b8aa-b1c4a1d85476""}"
urn:uuid:49c5a6e5-b8b6-5a24-9a03-5f31bf4f41d8,unit,"{""dataset_id"":""urn:uuid:6090fc4b-b34d-5cff-8f65-acaa06ddd1fc"",""id"":""urn:uuid:49c5a6e5-b8b6-5a24-9a03-5f31bf4f41d8"",""normalized_state"":""published"",""owner_authority_id"":""urn:uuid:4dea4d1d-09ba-504e-9fcd-83524281ca97"",""owner_native_state"":""published"",""payload"":{""learner_route"":{""anchor"":null,""machine_data_only"":false,""route_id"":""urn:uuid:2aa436f5-fc73-5a95-85d7-2467dc715d5c"",""route_state"":""course_fallback_unit_route_planned_not_published"",""url"":""https://kokunoyumeto.github.io/discrete-mathematics-open-introduction-id/""},""localized_occurrence_id"":""urn:uuid:dd1bdc57-f13a-5c76-bf5d-9859ed2565c4"",""localized_title_payload_sha256"":""6fbecef3392d4c645cea768e61275ddfd615b095e7b10342b030a12cb888dc3e"",""localized_title_variant_id"":""urn:uuid:93625e53-328e-5d05-b44c-c1c8b552c19a"",""native_locator"":{""canonical_path"":""source/sec_gt-coloring.ptx"",""identity_anchor"":""source/sec_gt-coloring.ptx#/section/subsection[3]"",""source_actual_path"":""authority/upstream-82336dc87d77c3f18d2cdbc8ec1e74eb3ba38799/discrete-book-82336dc87d77c3f18d2cdbc8ec1e74eb3ba38799/source/sec_gt-coloring.ptx"",""source_xml_path"":""/section/subsection[3]"",""target_actual_path"":""repo/source/sec_gt-coloring.ptx"",""target_xml_path"":""/section/subsection[3]"",""xml_id"":null},""native_unit_id"":""urn:uuid:cc9fb72a-c545-5fa9-8061-4c0a6b1f496d"",""native_unit_kind"":""subsection"",""order_key"":""0042.000032"",""parent_native_unit_id"":""urn:uuid:401baf3c-8042-583e-ab34-2f3d0d2c59f5"",""parent_projected_unit_id"":""urn:uuid:6166af73-35e4-5b64-b5ae-2430f5f82273"",""rights_id"":""urn:uuid:71eb9923-410e-55f2-8fe6-41dc669a8635"",""source_file_revision_id"":""urn:uuid:aca43121-c84e-52b2-a1e0-73ff2d679684"",""source_file_sha256"":""f7de0a77d445e60e6c0244b7472558d4f973cd2c354a3eab09c772fadbbabec9"",""source_subtree_sha256"":""9f97902b8f80f300f420adebdc681a7e44489ba326bdd797e48026b9d97e42ce"",""target_file_revision_id"":""urn:uuid:0cd504d5-ff8d-5cc3-974b-25a216cbed2e"",""target_file_sha256"":""da2c414390e1f7a2068b4be0f59016962ac273acf27628503c8e5f96c8d87978"",""target_subtree_sha256"":""73d6df100f32f5acfd2c61c4b51cf4edf0a886939ab132f3ba9c6e7dd90396a3"",""title"":""Pewarnaan Sisi"",""title_locale"":""id-ID"",""translation_state"":""published""},""record_type"":""unit"",""recorded_at"":""2026-08-30T00:00:00Z"",""semantic_key"":""b10:dmoi4:unit:urn:uuid:cc9fb72a-c545-5fa9-8061-4c0a6b1f496d""}"
urn:uuid:db2274e9-5e6e-5f0e-a31e-dc3ee3cb1781,unit,"{""dataset_id"":""urn:uuid:6090fc4b-b34d-5cff-8f65-acaa06ddd1fc"",""id"":""urn:uuid:db2274e9-5e6e-5f0e-a31e-dc3ee3cb1781"",""normalized_state"":""published"",""owner_authority_id"":""urn:uuid:4dea4d1d-09ba-504e-9fcd-83524281ca97"",""owner_native_state"":""published"",""payload"":{""learner_route"":{""anchor"":null,""machine_data_only"":false,""route_id"":""urn:uuid:2aa436f5-fc73-5a95-85d7-2467dc715d5c"",""route_state"":""course_fallback_unit_route_planned_not_published"",""url"":""https://kokunoyumeto.github.io/discrete-mathematics-open-introduction-id/""},""localized_occurrence_id"":""urn:uuid:bb0d9b3b-9f5b-5544-92c4-746af435952e"",""localized_title_payload_sha256"":""05aa63a2affaa65c155d3342eaa896f7d6c4fa86d28ba969bffa14e2a696e378"",""localized_title_variant_id"":""urn:uuid:985870bb-eee8-5f92-bd1f-01e2dee94429"",""native_locator"":{""canonical_path"":""source/sec_gt-relations.ptx"",""identity_anchor"":""sec_gt-relations"",""source_actual_path"":""authority/upstream-82336dc87d77c3f18d2cdbc8ec1e74eb3ba38799/discrete-book-82336dc87d77c3f18d2cdbc8ec1e74eb3ba38799/source/sec_gt-relations.ptx"",""source_xml_path"":""/section"",""target_actual_path"":""repo/source/sec_gt-relations.ptx"",""target_xml_path"":""/section"",""xml_id"":""sec_gt-relations""},""native_unit_id"":""urn:uuid:6dce5df1-0284-5bd3-9f84-ff7c1d3bd160"",""native_unit_kind"":""section"",""order_key"":""0046.000001"",""parent_native_unit_id"":""urn:uuid:8fec6502-3006-5814-8945-4f78aa6b357e"",""parent_projected_unit_id"":""urn:uuid:5993bcde-78e7-5b3d-afb0-a82900e6001b"",""rights_id"":""urn:uuid:71eb9923-410e-55f2-8fe6-41dc669a8635"",""source_file_revision_id"":""urn:uuid:f8922766-9a37-5462-8503-f0af85d6959f"",""source_file_sha256"":""cddaf5a6f9f2922f62e7a47e13e919ee8409ede33b80af1a1ee9c44eea24940c"",""source_subtree_sha256"":""a61715efd1c7acb03803c6f0a3e0b5447aaec89da06a1f1282e39dd6fd2dba52"",""target_file_revision_id"":""urn:uuid:173719ae-d038-5019-a3df-4dc9187f7f78"",""target_file_sha256"":""0155334ed7613e4672efde09ebb7592f80466c5dcf33d38c59d55ea559d1ac1e"",""target_subtree_sha256"":""0fe472dbb6f882f2e90d525fcb8c0d5a0ca344af4ca9bccd503be59148d55e3f"",""title"":""Relasi dan Graf"",""title_locale"":""id-ID"",""translation_state"":""published""},""record_type"":""unit"",""recorded_at"":""2026-08-30T00:00:00Z"",""semantic_key"":""b10:dmoi4:unit:urn:uuid:6dce5df1-0284-5bd3-9f84-ff7c1d3bd160""}"
urn:uuid:24352e6b-98b1-52d4-b244-45f32eb56d39,unit,"{""dataset_id"":""urn:uuid:6090fc4b-b34d-5cff-8f65-acaa06ddd1fc"",""id"":""urn:uuid:24352e6b-98b1-52d4-b244-45f32eb56d39"",""normalized_state"":""published"",""owner_authority_id"":""urn:uuid:4dea4d1d-09ba-504e-9fcd-83524281ca97"",""owner_native_state"":""published"",""payload"":{""learner_route"":{""anchor"":null,""machine_data_only"":false,""route_id"":""urn:uuid:2aa436f5-fc73-5a95-85d7-2467dc715d5c"",""route_state"":""course_fallback_unit_route_planned_not_published"",""url"":""https://kokunoyumeto.github.io/discrete-mathematics-open-introduction-id/""},""localized_occurrence_id"":""urn:uuid:d13c7b1f-f1ea-5509-9434-d89027c85b12"",""localized_title_payload_sha256"":""0ec14531841185758ad6feee5626c413110533aa652a65c87a5247f7e0a8ce6b"",""localized_title_variant_id"":""urn:uuid:4c7454c8-1c7d-5d65-aec3-120e9e53dabe"",""native_locator"":{""canonical_path"":""source/sec_gt-relations.ptx"",""identity_anchor"":""gt-relations-section-previw"",""source_actual_path"":""authority/upstream-82336dc87d77c3f18d2cdbc8ec1e74eb3ba38799/discrete-book-82336dc87d77c3f18d2cdbc8ec1e74eb3ba38799/source/sec_gt-relations.ptx"",""source_xml_path"":""/section/subsection[1]"",""target_actual_path"":""repo/source/sec_gt-relations.ptx"",""target_xml_path"":""/section/subsection[1]"",""xml_id"":""gt-relations-section-previw""},""native_unit_id"":""urn:uuid:8c18cd9d-a5a6-5772-8315-776ec2ed52a9"",""native_unit_kind"":""subsection"",""order_key"":""0046.000003"",""parent_native_unit_id"":""urn:uuid:6dce5df1-0284-5bd3-9f84-ff7c1d3bd160"",""parent_projected_unit_id"":""urn:uuid:db2274e9-5e6e-5f0e-a31e-dc3ee3cb1781"",""rights_id"":""urn:uuid:71eb9923-410e-55f2-8fe6-41dc669a8635"",""source_file_revision_id"":""urn:uuid:f8922766-9a37-5462-8503-f0af85d6959f"",""source_file_sha256"":""cddaf5a6f9f2922f62e7a47e13e919ee8409ede33b80af1a1ee9c44eea24940c"",""source_subtree_sha256"":""45a8dc897b795b5c55a55c98c0ebca5a4daca600df7fd264fb5d1e91dfe52e7c"",""target_file_revision_id"":""urn:uuid:173719ae-d038-5019-a3df-4dc9187f7f78"",""target_file_sha256"":""0155334ed7613e4672efde09ebb7592f80466c5dcf33d38c59d55ea559d1ac1e"",""target_subtree_sha256"":""5b6fd9ad0eb7006f71e685fa30cf0786c134277095e38dc9b389a4390a2effb3"",""title"":""Pratinjau Bagian"",""title_locale"":""id-ID"",""translation_state"":""published""},""record_type"":""unit"",""recorded_at"":""2026-08-30T00:00:00Z"",""semantic_key"":""b10:dmoi4:unit:urn:uuid:8c18cd9d-a5a6-5772-8315-776ec2ed52a9""}"
urn:uuid:fd2f272f-0cf2-54ea-b704-434a3efa8295,unit,"{""dataset_id"":""urn:uuid:6090fc4b-b34d-5cff-8f65-acaa06ddd1fc"",""id"":""urn:uuid:fd2f272f-0cf2-54ea-b704-434a3efa8295"",""normalized_state"":""published"",""owner_authority_id"":""urn:uuid:4dea4d1d-09ba-504e-9fcd-83524281ca97"",""owner_native_state"":""published"",""payload"":{""learner_route"":{""anchor"":null,""machine_data_only"":false,""route_id"":""urn:uuid:2aa436f5-fc73-5a95-85d7-2467dc715d5c"",""route_state"":""course_fallback_unit_route_planned_not_published"",""url"":""https://kokunoyumeto.github.io/discrete-mathematics-open-introduction-id/""},""localized_occurrence_id"":""urn:uuid:f1391443-1490-58d2-a92c-cc921fda5685"",""localized_title_payload_sha256"":""42f1787fd5cdf5f5ed674e7146283fe2cf3d08dd559dfa8fcdf21393ba5448d4"",""localized_title_variant_id"":""urn:uuid:b9776886-70d4-5f11-90c4-5146488958b3"",""native_locator"":{""canonical_path"":""source/sec_gt-relations.ptx"",""identity_anchor"":""subsec-relations-generally"",""source_actual_path"":""authority/upstream-82336dc87d77c3f18d2cdbc8ec1e74eb3ba38799/discrete-book-82336dc87d77c3f18d2cdbc8ec1e74eb3ba38799/source/sec_gt-relations.ptx"",""source_xml_path"":""/section/subsection[2]"",""target_actual_path"":""repo/source/sec_gt-relations.ptx"",""target_xml_path"":""/section/subsection[2]"",""xml_id"":""subsec-relations-generally""},""native_unit_id"":""urn:uuid:466c2d34-ecc3-5c6e-88e9-302ebb85caf5"",""native_unit_kind"":""subsection"",""order_key"":""0046.000017"",""parent_native_unit_id"":""urn:uuid:6dce5df1-0284-5bd3-9f84-ff7c1d3bd160"",""parent_projected_unit_id"":""urn:uuid:db2274e9-5e6e-5f0e-a31e-dc3ee3cb1781"",""rights_id"":""urn:uuid:71eb9923-410e-55f2-8fe6-41dc669a8635"",""source_file_revision_id"":""urn:uuid:f8922766-9a37-5462-8503-f0af85d6959f"",""source_file_sha256"":""cddaf5a6f9f2922f62e7a47e13e919ee8409ede33b80af1a1ee9c44eea24940c"",""source_subtree_sha256"":""3b6d8c2a5ac0a22316aab726893facb36375f363c41f0e6815329029efff69b9"",""target_file_revision_id"":""urn:uuid:173719ae-d038-5019-a3df-4dc9187f7f78"",""target_file_sha256"":""0155334ed7613e4672efde09ebb7592f80466c5dcf33d38c59d55ea559d1ac1e"",""target_subtree_sha256"":""5828115fc6e4c3667f350220087fafe2b3bc80d5737073e0781f2c77ee034c0b"",""title"":""Relasi secara Umum"",""title_locale"":""id-ID"",""translation_state"":""published""},""record_type"":""unit"",""recorded_at"":""2026-08-30T00:00:00Z"",""semantic_key"":""b10:dmoi4:unit:urn:uuid:466c2d34-ecc3-5c6e-88e9-302ebb85caf5""}"
urn:uuid:3ec1885a-2ac5-567a-b9f3-e5627c1f665a,unit,"{""dataset_id"":""urn:uuid:6090fc4b-b34d-5cff-8f65-acaa06ddd1fc"",""id"":""urn:uuid:3ec1885a-2ac5-567a-b9f3-e5627c1f665a"",""normalized_state"":""published"",""owner_authority_id"":""urn:uuid:4dea4d1d-09ba-504e-9fcd-83524281ca97"",""owner_native_state"":""published"",""payload"":{""learner_route"":{""anchor"":null,""machine_data_only"":false,""route_id"":""urn:uuid:2aa436f5-fc73-5a95-85d7-2467dc715d5c"",""route_state"":""course_fallback_unit_route_planned_not_published"",""url"":""https://kokunoyumeto.github.io/discrete-mathematics-open-introduction-id/""},""localized_occurrence_id"":""urn:uuid:5d1d9976-b451-51eb-bf40-17584eeb3095"",""localized_title_payload_sha256"":""928b7a6321437ba614626cc8bd9f799c2205713ec7bd1498ba7a8116f0cdd458"",""localized_title_variant_id"":""urn:uuid:a8f4d86a-e8d0-5c55-b057-25d745822fec"",""native_locator"":{""canonical_path"":""source/sec_gt-relations.ptx"",""identity_anchor"":""subsec-properties-of-relations"",""source_actual_path"":""authority/upstream-82336dc87d77c3f18d2cdbc8ec1e74eb3ba38799/discrete-book-82336dc87d77c3f18d2cdbc8ec1e74eb3ba38799/source/sec_gt-relations.ptx"",""source_xml_path"":""/section/subsection[3]"",""target_actual_path"":""repo/source/sec_gt-relations.ptx"",""target_xml_path"":""/section/subsection[3]"",""xml_id"":""subsec-properties-of-relations""},""native_unit_id"":""urn:uuid:f50eed74-ff89-506b-b0ca-87874c3d8511"",""native_unit_kind"":""subsection"",""order_key"":""0046.000030"",""parent_native_unit_id"":""urn:uuid:6dce5df1-0284-5bd3-9f84-ff7c1d3bd160"",""parent_projected_unit_id"":""urn:uuid:db2274e9-5e6e-5f0e-a31e-dc3ee3cb1781"",""rights_id"":""urn:uuid:71eb9923-410e-55f2-8fe6-41dc669a8635"",""source_file_revision_id"":""urn:uuid:f8922766-9a37-5462-8503-f0af85d6959f"",""source_file_sha256"":""cddaf5a6f9f2922f62e7a47e13e919ee8409ede33b80af1a1ee9c44eea24940c"",""source_subtree_sha256"":""d10c0567fe72f10a9e72fcaded2b7f6196416cd54c0b49289a8f17fa465b628b"",""target_file_revision_id"":""urn:uuid:173719ae-d038-5019-a3df-4dc9187f7f78"",""target_file_sha256"":""0155334ed7613e4672efde09ebb7592f80466c5dcf33d38c59d55ea559d1ac1e"",""target_subtree_sha256"":""9fc47a4cd6b5cce241337c457afbb05ff41e42126e8da68733de1feb69854419"",""title"":""Sifat-Sifat Relasi"",""title_locale"":""id-ID"",""translation_state"":""published""},""record_type"":""unit"",""recorded_at"":""2026-08-30T00:00:00Z"",""semantic_key"":""b10:dmoi4:unit:urn:uuid:f50eed74-ff89-506b-b0ca-87874c3d8511""}"
urn:uuid:a3807c03-68f4-586c-a5d0-2d46f559e865,unit,"{""dataset_id"":""urn:uuid:6090fc4b-b34d-5cff-8f65-acaa06ddd1fc"",""id"":""urn:uuid:a3807c03-68f4-586c-a5d0-2d46f559e865"",""normalized_state"":""published"",""owner_authority_id"":""urn:uuid:4dea4d1d-09ba-504e-9fcd-83524281ca97"",""owner_native_state"":""published"",""payload"":{""learner_route"":{""anchor"":null,""machine_data_only"":false,""route_id"":""urn:uuid:2aa436f5-fc73-5a95-85d7-2467dc715d5c"",""route_state"":""course_fallback_unit_route_planned_not_published"",""url"":""https://kokunoyumeto.github.io/discrete-mathematics-open-introduction-id/""},""localized_occurrence_id"":""urn:uuid:67c8dcab-6643-58e8-9ab8-ad8984cd043c"",""localized_title_payload_sha256"":""f0615bface2090e77e5c6d94ebf2996457131db5fe5e16bdec3b470e1ac09932"",""localized_title_variant_id"":""urn:uuid:522fac12-763f-5fe2-a8cf-b8d303e109af"",""native_locator"":{""canonical_path"":""source/sec_gt-relations.ptx"",""identity_anchor"":""subsec_equivalence-relations"",""source_actual_path"":""authority/upstream-82336dc87d77c3f18d2cdbc8ec1e74eb3ba38799/discrete-book-82336dc87d77c3f18d2cdbc8ec1e74eb3ba38799/source/sec_gt-relations.ptx"",""source_xml_path"":""/section/subsection[4]"",""target_actual_path"":""repo/source/sec_gt-relations.ptx"",""target_xml_path"":""/section/subsection[4]"",""xml_id"":""subsec_equivalence-relations""},""native_unit_id"":""urn:uuid:fe8fd25e-cfb7-5cf6-aff8-40a84aa8ee21"",""native_unit_kind"":""subsection"",""order_key"":""0046.000035"",""parent_native_unit_id"":""urn:uuid:6dce5df1-0284-5bd3-9f84-ff7c1d3bd160"",""parent_projected_unit_id"":""urn:uuid:db2274e9-5e6e-5f0e-a31e-dc3ee3cb1781"",""rights_id"":""urn:uuid:71eb9923-410e-55f2-8fe6-41dc669a8635"",""source_file_revision_id"":""urn:uuid:f8922766-9a37-5462-8503-f0af85d6959f"",""source_file_sha256"":""cddaf5a6f9f2922f62e7a47e13e919ee8409ede33b80af1a1ee9c44eea24940c"",""source_subtree_sha256"":""394be9a73182e0aaf177535737208e1981212732699c10cd4cea1f44f419038e"",""target_file_revision_id"":""urn:uuid:173719ae-d038-5019-a3df-4dc9187f7f78"",""target_file_sha256"":""0155334ed7613e4672efde09ebb7592f80466c5dcf33d38c59d55ea559d1ac1e"",""target_subtree_sha256"":""84d5bbfb0015ef0ad0064e425587f3b9627dc5f7fac7ceb14d96640c3d1f6a79"",""title"":""Relasi Ekuivalensi"",""title_locale"":""id-ID"",""translation_state"":""published""},""record_type"":""unit"",""recorded_at"":""2026-08-30T00:00:00Z"",""semantic_key"":""b10:dmoi4:unit:urn:uuid:fe8fd25e-cfb7-5cf6-aff8-40a84aa8ee21""}"
urn:uuid:e004deeb-7315-52c4-8a44-39f3326af20f,unit,"{""dataset_id"":""urn:uuid:6090fc4b-b34d-5cff-8f65-acaa06ddd1fc"",""id"":""urn:uuid:e004deeb-7315-52c4-8a44-39f3326af20f"",""normalized_state"":""published"",""owner_authority_id"":""urn:uuid:4dea4d1d-09ba-504e-9fcd-83524281ca97"",""owner_native_state"":""published"",""payload"":{""learner_route"":{""anchor"":null,""machine_data_only"":false,""route_id"":""urn:uuid:2aa436f5-fc73-5a95-85d7-2467dc715d5c"",""route_state"":""course_fallback_unit_route_planned_not_published"",""url"":""https://kokunoyumeto.github.io/discrete-mathematics-open-introduction-id/""},""localized_occurrence_id"":""urn:uuid:eaf7953c-8430-5421-8615-b966a59a5962"",""localized_title_payload_sha256"":""c348de08cfbe1727569e7d58ca0264c24dd0419daf76338898b57ab7c1532fdf"",""localized_title_variant_id"":""urn:uuid:e3a8fcfe-c2b2-57af-9bcc-4cce495a16db"",""native_locator"":{""canonical_path"":""source/sec_gt-relations.ptx"",""identity_anchor"":""subsec-equivalence-classes-and-partitions"",""source_actual_path"":""authority/upstream-82336dc87d77c3f18d2cdbc8ec1e74eb3ba38799/discrete-book-82336dc87d77c3f18d2cdbc8ec1e74eb3ba38799/source/sec_gt-relations.ptx"",""source_xml_path"":""/section/subsection[5]"",""target_actual_path"":""repo/source/sec_gt-relations.ptx"",""target_xml_path"":""/section/subsection[5]"",""xml_id"":""subsec-equivalence-classes-and-partitions""},""native_unit_id"":""urn:uuid:b0680aba-e863-5693-acb7-2cefd7835884"",""native_unit_kind"":""subsection"",""order_key"":""0046.000042"",""parent_native_unit_id"":""urn:uuid:6dce5df1-0284-5bd3-9f84-ff7c1d3bd160"",""parent_projected_unit_id"":""urn:uuid:db2274e9-5e6e-5f0e-a31e-dc3ee3cb1781"",""rights_id"":""urn:uuid:71eb9923-410e-55f2-8fe6-41dc669a8635"",""source_file_revision_id"":""urn:uuid:f8922766-9a37-5462-8503-f0af85d6959f"",""source_file_sha256"":""cddaf5a6f9f2922f62e7a47e13e919ee8409ede33b80af1a1ee9c44eea24940c"",""source_subtree_sha256"":""834443e6841d9012c86ca276c48e8661ff9046cf97e8ae32526bd8217c0b5392"",""target_file_revision_id"":""urn:uuid:173719ae-d038-5019-a3df-4dc9187f7f78"",""target_file_sha256"":""0155334ed7613e4672efde09ebb7592f80466c5dcf33d38c59d55ea559d1ac1e"",""target_subtree_sha256"":""09121b4e8d7cab857bf2a75eaa215ebfe0fb0dd3b4575952fa831cd5d29626f5"",""title"":""Kelas Ekuivalensi dan Partisi"",""title_locale"":""id-ID"",""translation_state"":""published""},""record_type"":""unit"",""recorded_at"":""2026-08-30T00:00:00Z"",""semantic_key"":""b10:dmoi4:unit:urn:uuid:b0680aba-e863-5693-acb7-2cefd7835884""}"
urn:uuid:0a70f94f-f805-5ab3-bea1-22c7dde24c85,unit,"{""dataset_id"":""urn:uuid:6090fc4b-b34d-5cff-8f65-acaa06ddd1fc"",""id"":""urn:uuid:0a70f94f-f805-5ab3-bea1-22c7dde24c85"",""normalized_state"":""published"",""owner_authority_id"":""urn:uuid:4dea4d1d-09ba-504e-9fcd-83524281ca97"",""owner_native_state"":""published"",""payload"":{""learner_route"":{""anchor"":null,""machine_data_only"":false,""route_id"":""urn:uuid:2aa436f5-fc73-5a95-85d7-2467dc715d5c"",""route_state"":""course_fallback_unit_route_planned_not_published"",""url"":""https://kokunoyumeto.github.io/discrete-mathematics-open-introduction-id/""},""localized_occurrence_id"":""urn:uuid:ca2fe859-b72d-5d67-bf7c-69beab9fb81a"",""localized_title_payload_sha256"":""094018e1f67eb7856a02d150f8bda743e2a7997ec3fbd54d6001dc29bca647d1"",""localized_title_variant_id"":""urn:uuid:72027351-8551-5535-a92e-8d7c154b039d"",""native_locator"":{""canonical_path"":""source/sec_gt-matchings.ptx"",""identity_anchor"":""sec_matchings"",""source_actual_path"":""authority/upstream-82336dc87d77c3f18d2cdbc8ec1e74eb3ba38799/discrete-book-82336dc87d77c3f18d2cdbc8ec1e74eb3ba38799/source/sec_gt-matchings.ptx"",""source_xml_path"":""/section"",""target_actual_path"":""repo/source/sec_gt-matchings.ptx"",""target_xml_path"":""/section"",""xml_id"":""sec_matchings""},""native_unit_id"":""urn:uuid:64c3ba36-b981-5117-9903-c5e6063f6270"",""native_unit_kind"":""section"",""order_key"":""0053.000001"",""parent_native_unit_id"":""urn:uuid:8fec6502-3006-5814-8945-4f78aa6b357e"",""parent_projected_unit_id"":""urn:uuid:5993bcde-78e7-5b3d-afb0-a82900e6001b"",""rights_id"":""urn:uuid:71eb9923-410e-55f2-8fe6-41dc669a8635"",""source_file_revision_id"":""urn:uuid:f227d6fb-a5a7-508f-b8ec-bcfcc88e73aa"",""source_file_sha256"":""4891d89c70dc22df1da3508a62adbff4eb359a21196305b85aa65b65b4f8ca35"",""source_subtree_sha256"":""2f266c0eb76b808815b1aa9b066b50294008b2a75f52fe63ae1438b626ab8efc"",""target_file_revision_id"":""urn:uuid:5e843e46-24ec-565f-8dc2-43acd1b1314b"",""target_file_sha256"":""1f65dd65471f8a16acb1a8db95c1ea8496f6aa468c7fdec58b2985f0ef39e3c1"",""target_subtree_sha256"":""381a3f24511a7d4b5637fdd9891703474b1ea2174d2934f23a286ad2f51179bc"",""title"":""Pencocokan pada Graf Bipartit"",""title_locale"":""id-ID"",""translation_state"":""published""},""record_type"":""unit"",""recorded_at"":""2026-08-30T00:00:00Z"",""semantic_key"":""b10:dmoi4:unit:urn:uuid:64c3ba36-b981-5117-9903-c5e6063f6270""}"
urn:uuid:e503b5d1-3d5d-5334-8ddc-d66c56d89333,unit,"{""dataset_id"":""urn:uuid:6090fc4b-b34d-5cff-8f65-acaa06ddd1fc"",""id"":""urn:uuid:e503b5d1-3d5d-5334-8ddc-d66c56d89333"",""normalized_state"":""published"",""owner_authority_id"":""urn:uuid:4dea4d1d-09ba-504e-9fcd-83524281ca97"",""owner_native_state"":""published"",""payload"":{""learner_route"":{""anchor"":null,""machine_data_only"":false,""route_id"":""urn:uuid:2aa436f5-fc73-5a95-85d7-2467dc715d5c"",""route_state"":""course_fallback_unit_route_planned_not_published"",""url"":""https://kokunoyumeto.github.io/discrete-mathematics-open-introduction-id/""},""localized_occurrence_id"":""urn:uuid:3a82e522-5a1a-5686-9c63-c76f62a9ab37"",""localized_title_payload_sha256"":""f485ebd31068d7389b0f3fefff7c92f0706eea7e7f9387a26e508879bc90e762"",""localized_title_variant_id"":""urn:uuid:b12d733c-c6dc-52ad-8e21-5b970c5f599b"",""native_locator"":{""canonical_path"":""source/sec_gt-conc.ptx"",""identity_anchor"":""sec_gt-conc"",""source_actual_path"":""authority/upstream-82336dc87d77c3f18d2cdbc8ec1e74eb3ba38799/discrete-book-82336dc87d77c3f18d2cdbc8ec1e74eb3ba38799/source/sec_gt-conc.ptx"",""source_xml_path"":""/section"",""target_actual_path"":""repo/source/sec_gt-conc.ptx"",""target_xml_path"":""/section"",""xml_id"":""sec_gt-conc""},""native_unit_id"":""urn:uuid:f4ae49da-6e22-5379-9745-23abe9ccc5e6"",""native_unit_kind"":""section"",""order_key"":""0055.000001"",""parent_native_unit_id"":""urn:uuid:8fec6502-3006-5814-8945-4f78aa6b357e"",""parent_projected_unit_id"":""urn:uuid:5993bcde-78e7-5b3d-afb0-a82900e6001b"",""rights_id"":""urn:uuid:71eb9923-410e-55f2-8fe6-41dc669a8635"",""source_file_revision_id"":""urn:uuid:0460137a-2f0f-593f-b731-17b1e8ae05cb"",""source_file_sha256"":""af5ea84f9a222f81f080e6745d469b9f4a348688359b1cb0d19172639378feb7"",""source_subtree_sha256"":""e70a68b5f8890b602a7dc702307cc187340f7478588d8f50aa45e1577deaccea"",""target_file_revision_id"":""urn:uuid:fa808411-b9a9-597a-bcbf-df9d4cf52d76"",""target_file_sha256"":""093360aef728fe12b6ce338702b3b0253fbe844b640233cd582cc923db50f7d0"",""target_subtree_sha256"":""8d8687232aa5b01d572b9a3bb56fef51ff4441c79128a59bbf8f92ee3de7c8c0"",""title"":""Ringkasan Bab"",""title_locale"":""id-ID"",""translation_state"":""published""},""record_type"":""unit"",""recorded_at"":""2026-08-30T00:00:00Z"",""semantic_key"":""b10:dmoi4:unit:urn:uuid:f4ae49da-6e22-5379-9745-23abe9ccc5e6""}"
urn:uuid:3719f407-3958-5213-8408-baade6dd0bdd,unit,"{""dataset_id"":""urn:uuid:6090fc4b-b34d-5cff-8f65-acaa06ddd1fc"",""id"":""urn:uuid:3719f407-3958-5213-8408-baade6dd0bdd"",""normalized_state"":""published"",""owner_authority_id"":""urn:uuid:4dea4d1d-09ba-504e-9fcd-83524281ca97"",""owner_native_state"":""published"",""payload"":{""learner_route"":{""anchor"":null,""machine_data_only"":false,""route_id"":""urn:uuid:2aa436f5-fc73-5a95-85d7-2467dc715d5c"",""route_state"":""course_fallback_unit_route_planned_not_published"",""url"":""https://kokunoyumeto.github.io/discrete-mathematics-open-introduction-id/""},""localized_occurrence_id"":""urn:uuid:3bb81808-b04f-52c5-9bda-7b566c502b65"",""localized_title_payload_sha256"":""f57ad867062941198668991aa15a5acc82c0864146b0d9e252b9897cf8e34996"",""localized_title_variant_id"":""urn:uuid:350f708d-4ffd-5bd7-8318-720fd904311f"",""native_locator"":{""canonical_path"":""source/ch_counting.ptx"",""identity_anchor"":""ch_counting"",""source_actual_path"":""authority/upstream-82336dc87d77c3f18d2cdbc8ec1e74eb3ba38799/discrete-book-82336dc87d77c3f18d2cdbc8ec1e74eb3ba38799/source/ch_counting.ptx"",""source_xml_path"":""/chapter"",""target_actual_path"":""repo/source/ch_counting.ptx"",""target_xml_path"":""/chapter"",""xml_id"":""ch_counting""},""native_unit_id"":""urn:uuid:64c227a4-1910-5e86-83b7-f0d47ca13f5f"",""native_unit_kind"":""chapter"",""order_key"":""0057.000001"",""parent_native_unit_id"":""urn:uuid:82d239c3-1cde-57c4-b480-18b23beba54a"",""parent_projected_unit_id"":""urn:uuid:11550bda-ab68-58a2-ba09-1b4804a618bd"",""rights_id"":""urn:uuid:71eb9923-410e-55f2-8fe6-41dc669a8635"",""source_file_revision_id"":""urn:uuid:c5cd7e24-7ffa-5398-b8d8-f797ef494265"",""source_file_sha256"":""dcacbdbc7f64fc7c6ac8459622284e87f7a8576c2de1fc642b31b9473763369c"",""source_subtree_sha256"":""8da92788704649378c2e2bb3d51236029dae77d1f2d7292f9cdf6ef95053eb0d"",""target_file_revision_id"":""urn:uuid:377c4192-d50f-5f72-8006-403849b392b2"",""target_file_sha256"":""c249ca10808c903317e0320e27a13039379bab98bc03d6146e2f62889c53b124"",""target_subtree_sha256"":""7a3bc69d9373d30a17fdbb9be6d668c24daa5a39473216401d23c961fe355fb7"",""title"":""Pencacahan"",""title_locale"":""id-ID"",""translation_state"":""published""},""record_type"":""unit"",""recorded_at"":""2026-08-30T00:00:00Z"",""semantic_key"":""b10:dmoi4:unit:urn:uuid:64c227a4-1910-5e86-83b7-f0d47ca13f5f""}"
urn:uuid:89df1db7-700f-5a34-98af-1c674273518d,unit,"{""dataset_id"":""urn:uuid:6090fc4b-b34d-5cff-8f65-acaa06ddd1fc"",""id"":""urn:uuid:89df1db7-700f-5a34-98af-1c674273518d"",""normalized_state"":""published"",""owner_authority_id"":""urn:uuid:4dea4d1d-09ba-504e-9fcd-83524281ca97"",""owner_native_state"":""published"",""payload"":{""learner_route"":{""anchor"":null,""machine_data_only"":false,""route_id"":""urn:uuid:2aa436f5-fc73-5a95-85d7-2467dc715d5c"",""route_state"":""course_fallback_unit_route_planned_not_published"",""url"":""https://kokunoyumeto.github.io/discrete-mathematics-open-introduction-id/""},""localized_occurrence_id"":""urn:uuid:ca4e0dad-c294-54ce-a4a0-5bedfc56cc23"",""localized_title_payload_sha256"":""78ed3bcf02587df69e445cfd1e56c449ce1165b830073950720469c35ae760ba"",""localized_title_variant_id"":""urn:uuid:2425eff0-1bf0-5198-8b42-642bf0a5ba60"",""native_locator"":{""canonical_path"":""source/sec_counting-pascal.ptx"",""identity_anchor"":""sec_counting-pascal"",""source_actual_path"":""authority/upstream-82336dc87d77c3f18d2cdbc8ec1e74eb3ba38799/discrete-book-82336dc87d77c3f18d2cdbc8ec1e74eb3ba38799/source/sec_counting-pascal.ptx"",""source_xml_path"":""/section"",""target_actual_path"":""repo/source/sec_counting-pascal.ptx"",""target_xml_path"":""/section"",""xml_id"":""sec_counting-pascal""},""native_unit_id"":""urn:uuid:492faccc-1a07-59a0-9cca-8c08a93d1130"",""native_unit_kind"":""section"",""order_key"":""0058.000001"",""parent_native_unit_id"":""urn:uuid:64c227a4-1910-5e86-83b7-f0d47ca13f5f"",""parent_projected_unit_id"":""urn:uuid:3719f407-3958-5213-8408-baade6dd0bdd"",""rights_id"":""urn:uuid:71eb9923-410e-55f2-8fe6-41dc669a8635"",""source_file_revision_id"":""urn:uuid:f09d9260-89b1-5b33-9769-8abe21132c49"",""source_file_sha256"":""f98009dafbb1f994b6459c6729bf4a7df1d9c82aead1ab727418f703a668960e"",""source_subtree_sha256"":""706ec1e130de184bb4ce697076c8db2f32951713338ac38e8a23ee8f079ef558"",""target_file_revision_id"":""urn:uuid:4004f185-7501-5a83-b9de-58c6d85d7069"",""target_file_sha256"":""a7bf907e2dc8ed84c2d8bfc395e3b6620f900fa521d1996805e5c2a1f08eaa89"",""target_subtree_sha256"":""5edcf44686e2aa2447209a98af16be6f9eb0e35ea831a82f0d4be5eedb634ad7"",""title"":""Segitiga Aritmetika Pascal"",""title_locale"":""id-ID"",""translation_state"":""published""},""record_type"":""unit"",""recorded_at"":""2026-08-30T00:00:00Z"",""semantic_key"":""b10:dmoi4:unit:urn:uuid:492faccc-1a07-59a0-9cca-8c08a93d1130""}"
urn:uuid:c5376aae-5491-534f-8c45-d44686fc5830,unit,"{""dataset_id"":""urn:uuid:6090fc4b-b34d-5cff-8f65-acaa06ddd1fc"",""id"":""urn:uuid:c5376aae-5491-534f-8c45-d44686fc5830"",""normalized_state"":""published"",""owner_authority_id"":""urn:uuid:4dea4d1d-09ba-504e-9fcd-83524281ca97"",""owner_native_state"":""published"",""payload"":{""learner_route"":{""anchor"":null,""machine_data_only"":false,""route_id"":""urn:uuid:2aa436f5-fc73-5a95-85d7-2467dc715d5c"",""route_state"":""course_fallback_unit_route_planned_not_published"",""url"":""https://kokunoyumeto.github.io/discrete-mathematics-open-introduction-id/""},""localized_occurrence_id"":""urn:uuid:badfcb63-dd50-54ab-9298-38f85462d0af"",""localized_title_payload_sha256"":""0ec14531841185758ad6feee5626c413110533aa652a65c87a5247f7e0a8ce6b"",""localized_title_variant_id"":""urn:uuid:38ecb65d-5baa-588e-a0ea-d2f6fce4283f"",""native_locator"":{""canonical_path"":""source/sec_counting-pascal.ptx"",""identity_anchor"":""source/sec_counting-pascal.ptx#/section/subsection[1]"",""source_actual_path"":""authority/upstream-82336dc87d77c3f18d2cdbc8ec1e74eb3ba38799/discrete-book-82336dc87d77c3f18d2cdbc8ec1e74eb3ba38799/source/sec_counting-pascal.ptx"",""source_xml_path"":""/section/subsection[1]"",""target_actual_path"":""repo/source/sec_counting-pascal.ptx"",""target_xml_path"":""/section/subsection[1]"",""xml_id"":null},""native_unit_id"":""urn:uuid:e8018399-ba3c-526d-8bd8-32d37971508a"",""native_unit_kind"":""subsection"",""order_key"":""0058.000003"",""parent_native_unit_id"":""urn:uuid:492faccc-1a07-59a0-9cca-8c08a93d1130"",""parent_projected_unit_id"":""urn:uuid:89df1db7-700f-5a34-98af-1c674273518d"",""rights_id"":""urn:uuid:71eb9923-410e-55f2-8fe6-41dc669a8635"",""source_file_revision_id"":""urn:uuid:f09d9260-89b1-5b33-9769-8abe21132c49"",""source_file_sha256"":""f98009dafbb1f994b6459c6729bf4a7df1d9c82aead1ab727418f703a668960e"",""source_subtree_sha256"":""19c9c556b5789e021a84210d6074256d063e2331051504f9b3847eb77c7a441f"",""target_file_revision_id"":""urn:uuid:4004f185-7501-5a83-b9de-58c6d85d7069"",""target_file_sha256"":""a7bf907e2dc8ed84c2d8bfc395e3b6620f900fa521d1996805e5c2a1f08eaa89"",""target_subtree_sha256"":""ccb848a037db22fe5b28dab0b733077042150c0de0a6fdbfc021cd2f74e1dab7"",""title"":""Pratinjau Bagian"",""title_locale"":""id-ID"",""translation_state"":""published""},""record_type"":""unit"",""recorded_at"":""2026-08-30T00:00:00Z"",""semantic_key"":""b10:dmoi4:unit:urn:uuid:e8018399-ba3c-526d-8bd8-32d37971508a""}"
urn:uuid:8ea55d26-d560-52fc-afca-cf60be0a991e,unit,"{""dataset_id"":""urn:uuid:6090fc4b-b34d-5cff-8f65-acaa06ddd1fc"",""id"":""urn:uuid:8ea55d26-d560-52fc-afca-cf60be0a991e"",""normalized_state"":""published"",""owner_authority_id"":""urn:uuid:4dea4d1d-09ba-504e-9fcd-83524281ca97"",""owner_native_state"":""published"",""payload"":{""learner_route"":{""anchor"":null,""machine_data_only"":false,""route_id"":""urn:uuid:2aa436f5-fc73-5a95-85d7-2467dc715d5c"",""route_state"":""course_fallback_unit_route_planned_not_published"",""url"":""https://kokunoyumeto.github.io/discrete-mathematics-open-introduction-id/""},""localized_occurrence_id"":""urn:uuid:7ebb8184-c820-5168-b8ba-ac902d6afbf2"",""localized_title_payload_sha256"":""e356be35e390850b84d8f553f7a0564eec870d05c2c716abce0b54b0022cfc18"",""localized_title_variant_id"":""urn:uuid:bd5f334b-d5ae-5c9a-835a-b8491c427d15"",""native_locator"":{""canonical_path"":""source/sec_counting-pascal.ptx"",""identity_anchor"":""source/sec_counting-pascal.ptx#/section/subsection[2]"",""source_actual_path"":""authority/upstream-82336dc87d77c3f18d2cdbc8ec1e74eb3ba38799/discrete-book-82336dc87d77c3f18d2cdbc8ec1e74eb3ba38799/source/sec_counting-pascal.ptx"",""source_xml_path"":""/section/subsection[2]"",""target_actual_path"":""repo/source/sec_counting-pascal.ptx"",""target_xml_path"":""/section/subsection[2]"",""xml_id"":null},""native_unit_id"":""urn:uuid:a77315a3-2ea0-5af2-8f93-19bb9da35ca7"",""native_unit_kind"":""subsection"",""order_key"":""0058.000018"",""parent_native_unit_id"":""urn:uuid:492faccc-1a07-59a0-9cca-8c08a93d1130"",""parent_projected_unit_id"":""urn:uuid:89df1db7-700f-5a34-98af-1c674273518d"",""rights_id"":""urn:uuid:71eb9923-410e-55f2-8fe6-41dc669a8635"",""source_file_revision_id"":""urn:uuid:f09d9260-89b1-5b33-9769-8abe21132c49"",""source_file_sha256"":""f98009dafbb1f994b6459c6729bf4a7df1d9c82aead1ab727418f703a668960e"",""source_subtree_sha256"":""6e195644b4d807f2e492fedcfd09816ee6ec65ec361435c185889506a966817c"",""target_file_revision_id"":""urn:uuid:4004f185-7501-5a83-b9de-58c6d85d7069"",""target_file_sha256"":""a7bf907e2dc8ed84c2d8bfc395e3b6620f900fa521d1996805e5c2a1f08eaa89"",""target_subtree_sha256"":""2ca9559748ed6f141afa6774e4ddd73ca5ebf445054a407b8d760483bd4e3580"",""title"":""Lintasan Kisi"",""title_locale"":""id-ID"",""translation_state"":""published""},""record_type"":""unit"",""recorded_at"":""2026-08-30T00:00:00Z"",""semantic_key"":""b10:dmoi4:unit:urn:uuid:a77315a3-2ea0-5af2-8f93-19bb9da35ca7""}"
urn:uuid:6672fb83-5c6e-5f07-95df-8a815f8f3c2a,unit,"{""dataset_id"":""urn:uuid:6090fc4b-b34d-5cff-8f65-acaa06ddd1fc"",""id"":""urn:uuid:6672fb83-5c6e-5f07-95df-8a815f8f3c2a"",""normalized_state"":""published"",""owner_authority_id"":""urn:uuid:4dea4d1d-09ba-504e-9fcd-83524281ca97"",""owner_native_state"":""published"",""payload"":{""learner_route"":{""anchor"":null,""machine_data_only"":false,""route_id"":""urn:uuid:2aa436f5-fc73-5a95-85d7-2467dc715d5c"",""route_state"":""course_fallback_unit_route_planned_not_published"",""url"":""https://kokunoyumeto.github.io/discrete-mathematics-open-introduction-id/""},""localized_occurrence_id"":""urn:uuid:30a54be8-203e-5060-bd3e-c84036747461"",""localized_title_payload_sha256"":""2afb827a3fb2e3b4c3375867d3fb092f4e90fc446f902c1cce5ef6b21b2e3397"",""localized_title_variant_id"":""urn:uuid:20786d01-1ee0-53d8-ba0e-c126ce1584c9"",""native_locator"":{""canonical_path"":""source/sec_counting-pascal.ptx"",""identity_anchor"":""subsec-counting-binom-bitstrings"",""source_actual_path"":""authority/upstream-82336dc87d77c3f18d2cdbc8ec1e74eb3ba38799/discrete-book-82336dc87d77c3f18d2cdbc8ec1e74eb3ba38799/source/sec_counting-pascal.ptx"",""source_xml_path"":""/section/subsection[3]"",""target_actual_path"":""repo/source/sec_counting-pascal.ptx"",""target_xml_path"":""/section/subsection[3]"",""xml_id"":""subsec-counting-binom-bitstrings""},""native_unit_id"":""urn:uuid:158886ea-b223-5dfc-a0f8-e9c9b3173282"",""native_unit_kind"":""subsection"",""order_key"":""0058.000025"",""parent_native_unit_id"":""urn:uuid:492faccc-1a07-59a0-9cca-8c08a93d1130"",""parent_projected_unit_id"":""urn:uuid:89df1db7-700f-5a34-98af-1c674273518d"",""rights_id"":""urn:uuid:71eb9923-410e-55f2-8fe6-41dc669a8635"",""source_file_revision_id"":""urn:uuid:f09d9260-89b1-5b33-9769-8abe21132c49"",""source_file_sha256"":""f98009dafbb1f994b6459c6729bf4a7df1d9c82aead1ab727418f703a668960e"",""source_subtree_sha256"":""d57f4141b5cf2d4114b7f24ed552d9fd3b0cb0ded2080e7913c088b922ef6bdd"",""target_file_revision_id"":""urn:uuid:4004f185-7501-5a83-b9de-58c6d85d7069"",""target_file_sha256"":""a7bf907e2dc8ed84c2d8bfc395e3b6620f900fa521d1996805e5c2a1f08eaa89"",""target_subtree_sha256"":""b9c97acf15ab6fab10b135be262f78facb49486ab45bbeec83c817e5adc9cbe8"",""title"":""String Bit"",""title_locale"":""id-ID"",""translation_state"":""published""},""record_type"":""unit"",""recorded_at"":""2026-08-30T00:00:00Z"",""semantic_key"":""b10:dmoi4:unit:urn:uuid:158886ea-b223-5dfc-a0f8-e9c9b3173282""}"
urn:uuid:2f602456-87cf-597b-b375-3323b8c77b70,unit,"{""dataset_id"":""urn:uuid:6090fc4b-b34d-5cff-8f65-acaa06ddd1fc"",""id"":""urn:uuid:2f602456-87cf-597b-b375-3323b8c77b70"",""normalized_state"":""published"",""owner_authority_id"":""urn:uuid:4dea4d1d-09ba-504e-9fcd-83524281ca97"",""owner_native_state"":""published"",""payload"":{""learner_route"":{""anchor"":null,""machine_data_only"":false,""route_id"":""urn:uuid:2aa436f5-fc73-5a95-85d7-2467dc715d5c"",""route_state"":""course_fallback_unit_route_planned_not_published"",""url"":""https://kokunoyumeto.github.io/discrete-mathematics-open-introduction-id/""},""localized_occurrence_id"":""urn:uuid:17922ba3-eb7a-51b2-a06d-dfc5fea29f0f"",""localized_title_payload_sha256"":""3b65f77f819c69decb0525b3798b2194b83f9469e2080c09a3173079dfe81648"",""localized_title_variant_id"":""urn:uuid:af790b13-8b60-58c3-8eef-58c81e294c1d"",""native_locator"":{""canonical_path"":""source/sec_counting-pascal.ptx"",""identity_anchor"":""source/sec_counting-pascal.ptx#/section/subsection[4]"",""source_actual_path"":""authority/upstream-82336dc87d77c3f18d2cdbc8ec1e74eb3ba38799/discrete-book-82336dc87d77c3f18d2cdbc8ec1e74eb3ba38799/source/sec_counting-pascal.ptx"",""source_xml_path"":""/section/subsection[4]"",""target_actual_path"":""repo/source/sec_counting-pascal.ptx"",""target_xml_path"":""/section/subsection[4]"",""xml_id"":null},""native_unit_id"":""urn:uuid:5a6a77d8-8d40-5fb8-adc3-a0673710266d"",""native_unit_kind"":""subsection"",""order_key"":""0058.000045"",""parent_native_unit_id"":""urn:uuid:492faccc-1a07-59a0-9cca-8c08a93d1130"",""parent_projected_unit_id"":""urn:uuid:89df1db7-700f-5a34-98af-1c674273518d"",""rights_id"":""urn:uuid:71eb9923-410e-55f2-8fe6-41dc669a8635"",""source_file_revision_id"":""urn:uuid:f09d9260-89b1-5b33-9769-8abe21132c49"",""source_file_sha256"":""f98009dafbb1f994b6459c6729bf4a7df1d9c82aead1ab727418f703a668960e"",""source_subtree_sha256"":""9e428a9ac51a08234c592795f31e58493dbf054193f2b72138d6f3620f9e595f"",""target_file_revision_id"":""urn:uuid:4004f185-7501-5a83-b9de-58c6d85d7069"",""target_file_sha256"":""a7bf907e2dc8ed84c2d8bfc395e3b6620f900fa521d1996805e5c2a1f08eaa89"",""target_subtree_sha256"":""6d8d850e8dfb4178904b13d2a74d4817a4d35e72ebe0e8b96b2172161931942f"",""title"":""Subhimpunan dan Piza"",""title_locale"":""id-ID"",""translation_state"":""published""},""record_type"":""unit"",""recorded_at"":""2026-08-30T00:00:00Z"",""semantic_key"":""b10:dmoi4:unit:urn:uuid:5a6a77d8-8d40-5fb8-adc3-a0673710266d""}"
urn:uuid:0bb76aed-38c4-5161-989e-e1e81a056647,unit,"{""dataset_id"":""urn:uuid:6090fc4b-b34d-5cff-8f65-acaa06ddd1fc"",""id"":""urn:uuid:0bb76aed-38c4-5161-989e-e1e81a056647"",""normalized_state"":""published"",""owner_authority_id"":""urn:uuid:4dea4d1d-09ba-504e-9fcd-83524281ca97"",""owner_native_state"":""published"",""payload"":{""learner_route"":{""anchor"":null,""machine_data_only"":false,""route_id"":""urn:uuid:2aa436f5-fc73-5a95-85d7-2467dc715d5c"",""route_state"":""course_fallback_unit_route_planned_not_published"",""url"":""https://kokunoyumeto.github.io/discrete-mathematics-open-introduction-id/""},""localized_occurrence_id"":""urn:uuid:514e06e9-7b3c-5aba-a5a2-427d97a75971"",""localized_title_payload_sha256"":""f3aa0ac26d1208bf49e964c088a5ebfce4da6855b404862b2c0be1ca58b178b5"",""localized_title_variant_id"":""urn:uuid:9b00eb75-35fe-57a5-aacf-f105dd32dfa0"",""native_locator"":{""canonical_path"":""source/sec_counting-pascal.ptx"",""identity_anchor"":""source/sec_counting-pascal.ptx#/section/subsection[5]"",""source_actual_path"":""authority/upstream-82336dc87d77c3f18d2cdbc8ec1e74eb3ba38799/discrete-book-82336dc87d77c3f18d2cdbc8ec1e74eb3ba38799/source/sec_counting-pascal.ptx"",""source_xml_path"":""/section/subsection[5]"",""target_actual_path"":""repo/source/sec_counting-pascal.ptx"",""target_xml_path"":""/section/subsection[5]"",""xml_id"":null},""native_unit_id"":""urn:uuid:4468fb3d-c6dd-5bd0-a78d-c3983e0b383b"",""native_unit_kind"":""subsection"",""order_key"":""0058.000054"",""parent_native_unit_id"":""urn:uuid:492faccc-1a07-59a0-9cca-8c08a93d1130"",""parent_projected_unit_id"":""urn:uuid:89df1db7-700f-5a34-98af-1c674273518d"",""rights_id"":""urn:uuid:71eb9923-410e-55f2-8fe6-41dc669a8635"",""source_file_revision_id"":""urn:uuid:f09d9260-89b1-5b33-9769-8abe21132c49"",""source_file_sha256"":""f98009dafbb1f994b6459c6729bf4a7df1d9c82aead1ab727418f703a668960e"",""source_subtree_sha256"":""3afca102387c0de9e494f2adba930fbb94a0fb2f1fb5c94629dc3ba8dba29c52"",""target_file_revision_id"":""urn:uuid:4004f185-7501-5a83-b9de-58c6d85d7069"",""target_file_sha256"":""a7bf907e2dc8ed84c2d8bfc395e3b6620f900fa521d1996805e5c2a1f08eaa89"",""target_subtree_sha256"":""4c67464c77cb8438da114387871181fea05ef9b5d6576a93bf78220ee25d7fc7"",""title"":""Aljabar?"",""title_locale"":""id-ID"",""translation_state"":""published""},""record_type"":""unit"",""recorded_at"":""2026-08-30T00:00:00Z"",""semantic_key"":""b10:dmoi4:unit:urn:uuid:4468fb3d-c6dd-5bd0-a78d-c3983e0b383b""}"
urn:uuid:1bcf267e-6f4d-5bb8-b137-61b6bfb87a16,unit,"{""dataset_id"":""urn:uuid:6090fc4b-b34d-5cff-8f65-acaa06ddd1fc"",""id"":""urn:uuid:1bcf267e-6f4d-5bb8-b137-61b6bfb87a16"",""normalized_state"":""published"",""owner_authority_id"":""urn:uuid:4dea4d1d-09ba-504e-9fcd-83524281ca97"",""owner_native_state"":""published"",""payload"":{""learner_route"":{""anchor"":null,""machine_data_only"":false,""route_id"":""urn:uuid:2aa436f5-fc73-5a95-85d7-2467dc715d5c"",""route_state"":""course_fallback_unit_route_planned_not_published"",""url"":""https://kokunoyumeto.github.io/discrete-mathematics-open-introduction-id/""},""localized_occurrence_id"":""urn:uuid:b6b852db-bcde-555d-97da-4da44455cad0"",""localized_title_payload_sha256"":""ae213d4d2b680edbd497d906f2427c0ce7929346d2f399db097b3a4ba59d4d32"",""localized_title_variant_id"":""urn:uuid:62b9ed8c-11d8-5b30-aa36-ba564a21a3ad"",""native_locator"":{""canonical_path"":""source/sec_counting-combine-outcomes.ptx"",""identity_anchor"":""sec_counting-combine-outcomes"",""source_actual_path"":""authority/upstream-82336dc87d77c3f18d2cdbc8ec1e74eb3ba38799/discrete-book-82336dc87d77c3f18d2cdbc8ec1e74eb3ba38799/source/sec_counting-combine-outcomes.ptx"",""source_xml_path"":""/section"",""target_actual_path"":""repo/source/sec_counting-combine-outcomes.ptx"",""target_xml_path"":""/section"",""xml_id"":""sec_counting-combine-outcomes""},""native_unit_id"":""urn:uuid:6027100c-f10c-5ac9-906e-e3bdcb6de257"",""native_unit_kind"":""section"",""order_key"":""0061.000001"",""parent_native_unit_id"":""urn:uuid:64c227a4-1910-5e86-83b7-f0d47ca13f5f"",""parent_projected_unit_id"":""urn:uuid:3719f407-3958-5213-8408-baade6dd0bdd"",""rights_id"":""urn:uuid:71eb9923-410e-55f2-8fe6-41dc669a8635"",""source_file_revision_id"":""urn:uuid:b25d44bb-a46c-50dc-b93f-d0180ec68ccf"",""source_file_sha256"":""a3987acf7be0f9f643a6130751adf8c8fecc3e00f0bf26685ac746d663c695f7"",""source_subtree_sha256"":""4d300bc81cd7189185a6894603bd17103bc66933e35f045de1cf00bcf474343c"",""target_file_revision_id"":""urn:uuid:5b265ed8-04dd-588c-8424-5f9cafdb1012"",""target_file_sha256"":""7211aa6d6c06feeb997c657a754ed3469a2d5aef1a40a2c4826e2edc6f630b39"",""target_subtree_sha256"":""d29ad3e71c7963f353c316ed67fb096712f731a80c2befafad7752ac074688ea"",""title"":""Menggabungkan Hasil"",""title_locale"":""id-ID"",""translation_state"":""published""},""record_type"":""unit"",""recorded_at"":""2026-08-30T00:00:00Z"",""semantic_key"":""b10:dmoi4:unit:urn:uuid:6027100c-f10c-5ac9-906e-e3bdcb6de257""}"
urn:uuid:4b31ff65-b43f-568d-8b6d-e9eec5fd7d3f,unit,"{""dataset_id"":""urn:uuid:6090fc4b-b34d-5cff-8f65-acaa06ddd1fc"",""id"":""urn:uuid:4b31ff65-b43f-568d-8b6d-e9eec5fd7d3f"",""normalized_state"":""published"",""owner_authority_id"":""urn:uuid:4dea4d1d-09ba-504e-9fcd-83524281ca97"",""owner_native_state"":""published"",""payload"":{""learner_route"":{""anchor"":null,""machine_data_only"":false,""route_id"":""urn:uuid:2aa436f5-fc73-5a95-85d7-2467dc715d5c"",""route_state"":""course_fallback_unit_route_planned_not_published"",""url"":""https://kokunoyumeto.github.io/discrete-mathematics-open-introduction-id/""},""localized_occurrence_id"":""urn:uuid:6ed2f03e-df72-5fe1-b7d8-dae2050a32ef"",""localized_title_payload_sha256"":""0ec14531841185758ad6feee5626c413110533aa652a65c87a5247f7e0a8ce6b"",""localized_title_variant_id"":""urn:uuid:adb21f1b-d9d4-58f5-82f0-f153753bc7c3"",""native_locator"":{""canonical_path"":""source/sec_counting-combine-outcomes.ptx"",""identity_anchor"":""source/sec_counting-combine-outcomes.ptx#/section/subsection[1]"",""source_actual_path"":""authority/upstream-82336dc87d77c3f18d2cdbc8ec1e74eb3ba38799/discrete-book-82336dc87d77c3f18d2cdbc8ec1e74eb3ba38799/source/sec_counting-combine-outcomes.ptx"",""source_xml_path"":""/section/subsection[1]"",""target_actual_path"":""repo/source/sec_counting-combine-outcomes.ptx"",""target_xml_path"":""/section/subsection[1]"",""xml_id"":null},""native_unit_id"":""urn:uuid:48ca9331-78e7-58b7-807f-92a5fa0d9a58"",""native_unit_kind"":""subsection"",""order_key"":""0061.000007"",""parent_native_unit_id"":""urn:uuid:6027100c-f10c-5ac9-906e-e3bdcb6de257"",""parent_projected_unit_id"":""urn:uuid:1bcf267e-6f4d-5bb8-b137-61b6bfb87a16"",""rights_id"":""urn:uuid:71eb9923-410e-55f2-8fe6-41dc669a8635"",""source_file_revision_id"":""urn:uuid:b25d44bb-a46c-50dc-b93f-d0180ec68ccf"",""source_file_sha256"":""a3987acf7be0f9f643a6130751adf8c8fecc3e00f0bf26685ac746d663c695f7"",""source_subtree_sha256"":""6872de322306f3747f386bc097353902fdfe401d43755125d7fc039ae98d56b9"",""target_file_revision_id"":""urn:uuid:5b265ed8-04dd-588c-8424-5f9cafdb1012"",""target_file_sha256"":""7211aa6d6c06feeb997c657a754ed3469a2d5aef1a40a2c4826e2edc6f630b39"",""target_subtree_sha256"":""035ede4a2016afc88a9cc34038f4001e9b006906e383ce9b93314cfaaa57273a"",""title"":""Pratinjau Bagian"",""title_locale"":""id-ID"",""translation_state"":""published""},""record_type"":""unit"",""recorded_at"":""2026-08-30T00:00:00Z"",""semantic_key"":""b10:dmoi4:unit:urn:uuid:48ca9331-78e7-58b7-807f-92a5fa0d9a58""}"
urn:uuid:f8e22a2d-68e2-5902-8b8f-e8d6c03edea0,unit,"{""dataset_id"":""urn:uuid:6090fc4b-b34d-5cff-8f65-acaa06ddd1fc"",""id"":""urn:uuid:f8e22a2d-68e2-5902-8b8f-e8d6c03edea0"",""normalized_state"":""published"",""owner_authority_id"":""urn:uuid:4dea4d1d-09ba-504e-9fcd-83524281ca97"",""owner_native_state"":""published"",""payload"":{""learner_route"":{""anchor"":null,""machine_data_only"":false,""route_id"":""urn:uuid:2aa436f5-fc73-5a95-85d7-2467dc715d5c"",""route_state"":""course_fallback_unit_route_planned_not_published"",""url"":""https://kokunoyumeto.github.io/discrete-mathematics-open-introduction-id/""},""localized_occurrence_id"":""urn:uuid:d0745018-1ede-5619-aee4-dc4541209ab5"",""localized_title_payload_sha256"":""23edeb9cd329874dd38ef4c455b2ce0ed9677b57ff831d8f055e70ac958119fa"",""localized_title_variant_id"":""urn:uuid:aa1818a7-07cb-50a9-85fa-25ca1d63e325"",""native_locator"":{""canonical_path"":""source/sec_counting-combine-outcomes.ptx"",""identity_anchor"":""source/sec_counting-combine-outcomes.ptx#/section/subsection[2]"",""source_actual_path"":""authority/upstream-82336dc87d77c3f18d2cdbc8ec1e74eb3ba38799/discrete-book-82336dc87d77c3f18d2cdbc8ec1e74eb3ba38799/source/sec_counting-combine-outcomes.ptx"",""source_xml_path"":""/section/subsection[2]"",""target_actual_path"":""repo/source/sec_counting-combine-outcomes.ptx"",""target_xml_path"":""/section/subsection[2]"",""xml_id"":null},""native_unit_id"":""urn:uuid:3baa871b-1567-542a-a737-6c7929d86e50"",""native_unit_kind"":""subsection"",""order_key"":""0061.000019"",""parent_native_unit_id"":""urn:uuid:6027100c-f10c-5ac9-906e-e3bdcb6de257"",""parent_projected_unit_id"":""urn:uuid:1bcf267e-6f4d-5bb8-b137-61b6bfb87a16"",""rights_id"":""urn:uuid:71eb9923-410e-55f2-8fe6-41dc669a8635"",""source_file_revision_id"":""urn:uuid:b25d44bb-a46c-50dc-b93f-d0180ec68ccf"",""source_file_sha256"":""a3987acf7be0f9f643a6130751adf8c8fecc3e00f0bf26685ac746d663c695f7"",""source_subtree_sha256"":""2997ef0dac4c53696a6e33f27ea28d46a74554fdffd237995239ff87fcea9690"",""target_file_revision_id"":""urn:uuid:5b265ed8-04dd-588c-8424-5f9cafdb1012"",""target_file_sha256"":""7211aa6d6c06feeb997c657a754ed3469a2d5aef1a40a2c4826e2edc6f630b39"",""target_subtree_sha256"":""d0009cfe8a27ead72de779afbce7f703e97954733f68c1f147ece2d95051f8fd"",""title"":""Apa yang Dimaksud dengan Hasil?"",""title_locale"":""id-ID"",""translation_state"":""published""},""record_type"":""unit"",""recorded_at"":""2026-08-30T00:00:00Z"",""semantic_key"":""b10:dmoi4:unit:urn:uuid:3baa871b-1567-542a-a737-6c7929d86e50""}"
urn:uuid:7309e993-9633-5f8c-9a5e-fd451f825ebd,unit,"{""dataset_id"":""urn:uuid:6090fc4b-b34d-5cff-8f65-acaa06ddd1fc"",""id"":""urn:uuid:7309e993-9633-5f8c-9a5e-fd451f825ebd"",""normalized_state"":""published"",""owner_authority_id"":""urn:uuid:4dea4d1d-09ba-504e-9fcd-83524281ca97"",""owner_native_state"":""published"",""payload"":{""learner_route"":{""anchor"":null,""machine_data_only"":false,""route_id"":""urn:uuid:2aa436f5-fc73-5a95-85d7-2467dc715d5c"",""route_state"":""course_fallback_unit_route_planned_not_published"",""url"":""https://kokunoyumeto.github.io/discrete-mathematics-open-introduction-id/""},""localized_occurrence_id"":""urn:uuid:63a6972c-6bf5-5934-9119-664921614d75"",""localized_title_payload_sha256"":""d2b4e34281a147e60707fb0ce9e2125ae1f5888f2680e65fc215e6e4ac2187fa"",""localized_title_variant_id"":""urn:uuid:fe1c3773-d8ea-5d4c-98d8-e6eac9c44b54"",""native_locator"":{""canonical_path"":""source/sec_counting-combine-outcomes.ptx"",""identity_anchor"":""source/sec_counting-combine-outcomes.ptx#/section/subsection[3]"",""source_actual_path"":""authority/upstream-82336dc87d77c3f18d2cdbc8ec1e74eb3ba38799/discrete-book-82336dc87d77c3f18d2cdbc8ec1e74eb3ba38799/source/sec_counting-combine-outcomes.ptx"",""source_xml_path"":""/section/subsection[3]"",""target_actual_path"":""repo/source/sec_counting-combine-outcomes.ptx"",""target_xml_path"":""/section/subsection[3]"",""xml_id"":null},""native_unit_id"":""urn:uuid:44d6530d-226d-5d56-a3e0-2f0534534958"",""native_unit_kind"":""subsection"",""order_key"":""0061.000024"",""parent_native_unit_id"":""urn:uuid:6027100c-f10c-5ac9-906e-e3bdcb6de257"",""parent_projected_unit_id"":""urn:uuid:1bcf267e-6f4d-5bb8-b137-61b6bfb87a16"",""rights_id"":""urn:uuid:71eb9923-410e-55f2-8fe6-41dc669a8635"",""source_file_revision_id"":""urn:uuid:b25d44bb-a46c-50dc-b93f-d0180ec68ccf"",""source_file_sha256"":""a3987acf7be0f9f643a6130751adf8c8fecc3e00f0bf26685ac746d663c695f7"",""source_subtree_sha256"":""6479dc8346a46471c977bf2dd6b8dacea3a6b5da6818ba8b22e418696e2ad510"",""target_file_revision_id"":""urn:uuid:5b265ed8-04dd-588c-8424-5f9cafdb1012"",""target_file_sha256"":""7211aa6d6c06feeb997c657a754ed3469a2d5aef1a40a2c4826e2edc6f630b39"",""target_subtree_sha256"":""abf54e607751032aa4055b8285a0154945056682d8948b77dcaf197dfdaa38a6"",""title"":""Prinsip Penjumlahan dan Prinsip Perkalian"",""title_locale"":""id-ID"",""translation_state"":""published""},""record_type"":""unit"",""recorded_at"":""2026-08-30T00:00:00Z"",""semantic_key"":""b10:dmoi4:unit:urn:uuid:44d6530d-226d-5d56-a3e0-2f0534534958""}"
urn:uuid:dd923b91-846f-5016-8764-37b6c2a9fe60,unit,"{""dataset_id"":""urn:uuid:6090fc4b-b34d-5cff-8f65-acaa06ddd1fc"",""id"":""urn:uuid:dd923b91-846f-5016-8764-37b6c2a9fe60"",""normalized_state"":""published"",""owner_authority_id"":""urn:uuid:4dea4d1d-09ba-504e-9fcd-83524281ca97"",""owner_native_state"":""published"",""payload"":{""learner_route"":{""anchor"":null,""machine_data_only"":false,""route_id"":""urn:uuid:2aa436f5-fc73-5a95-85d7-2467dc715d5c"",""route_state"":""course_fallback_unit_route_planned_not_published"",""url"":""https://kokunoyumeto.github.io/discrete-mathematics-open-introduction-id/""},""localized_occurrence_id"":""urn:uuid:5e25b783-c34c-5608-b7bc-9b6a6824c320"",""localized_title_payload_sha256"":""a8dce003b2614434ab8a4a80afc9e04812053347e0a3a3511f2e10f4bdbc0e1b"",""localized_title_variant_id"":""urn:uuid:1310ba6d-d134-5f8f-9944-4a0384ec343a"",""native_locator"":{""canonical_path"":""source/sec_counting-combine-outcomes.ptx"",""identity_anchor"":""subsec-sum-product"",""source_actual_path"":""authority/upstream-82336dc87d77c3f18d2cdbc8ec1e74eb3ba38799/discrete-book-82336dc87d77c3f18d2cdbc8ec1e74eb3ba38799/source/sec_counting-combine-outcomes.ptx"",""source_xml_path"":""/section/subsection[4]"",""target_actual_path"":""repo/source/sec_counting-combine-outcomes.ptx"",""target_xml_path"":""/section/subsection[4]"",""xml_id"":""subsec-sum-product""},""native_unit_id"":""urn:uuid:099de06e-dd3d-5711-ba9e-5edc11026831"",""native_unit_kind"":""subsection"",""order_key"":""0061.000053"",""parent_native_unit_id"":""urn:uuid:6027100c-f10c-5ac9-906e-e3bdcb6de257"",""parent_projected_unit_id"":""urn:uuid:1bcf267e-6f4d-5bb8-b137-61b6bfb87a16"",""rights_id"":""urn:uuid:71eb9923-410e-55f2-8fe6-41dc669a8635"",""source_file_revision_id"":""urn:uuid:b25d44bb-a46c-50dc-b93f-d0180ec68ccf"",""source_file_sha256"":""a3987acf7be0f9f643a6130751adf8c8fecc3e00f0bf26685ac746d663c695f7"",""source_subtree_sha256"":""4c87bb4250bce4fdb2d92c8be191035df393bf5b0a8ae726409b3364406ec9ed"",""target_file_revision_id"":""urn:uuid:5b265ed8-04dd-588c-8424-5f9cafdb1012"",""target_file_sha256"":""7211aa6d6c06feeb997c657a754ed3469a2d5aef1a40a2c4826e2edc6f630b39"",""target_subtree_sha256"":""fec1a432d3b75d38d423592582d263270fbe90bc54f63f9b9949258f8b7c1665"",""title"":""Menggabungkan Prinsip"",""title_locale"":""id-ID"",""translation_state"":""published""},""record_type"":""unit"",""recorded_at"":""2026-08-30T00:00:00Z"",""semantic_key"":""b10:dmoi4:unit:urn:uuid:099de06e-dd3d-5711-ba9e-5edc11026831""}"
urn:uuid:a29013a5-e291-515c-96a1-17e7b18db95f,unit,"{""dataset_id"":""urn:uuid:6090fc4b-b34d-5cff-8f65-acaa06ddd1fc"",""id"":""urn:uuid:a29013a5-e291-515c-96a1-17e7b18db95f"",""normalized_state"":""published"",""owner_authority_id"":""urn:uuid:4dea4d1d-09ba-504e-9fcd-83524281ca97"",""owner_native_state"":""published"",""payload"":{""learner_route"":{""anchor"":null,""machine_data_only"":false,""route_id"":""urn:uuid:2aa436f5-fc73-5a95-85d7-2467dc715d5c"",""route_state"":""course_fallback_unit_route_planned_not_published"",""url"":""https://kokunoyumeto.github.io/discrete-mathematics-open-introduction-id/""},""localized_occurrence_id"":""urn:uuid:accb3b5a-0bea-5e05-bc0c-fe5e11dbe36a"",""localized_title_payload_sha256"":""ed192771ef0387467ba01d6c6fff001c7da5f29f3ff53df913f747cdbf699ae6"",""localized_title_variant_id"":""urn:uuid:4b7394dd-11ab-5859-8b0d-e9409107e5bd"",""native_locator"":{""canonical_path"":""source/sec_counting-non-disjoint.ptx"",""identity_anchor"":""sec_counting-non-disjoint"",""source_actual_path"":""authority/upstream-82336dc87d77c3f18d2cdbc8ec1e74eb3ba38799/discrete-book-82336dc87d77c3f18d2cdbc8ec1e74eb3ba38799/source/sec_counting-non-disjoint.ptx"",""source_xml_path"":""/section"",""target_actual_path"":""repo/source/sec_counting-non-disjoint.ptx"",""target_xml_path"":""/section"",""xml_id"":""sec_counting-non-disjoint""},""native_unit_id"":""urn:uuid:84a0b4ee-3d47-548f-9073-51c24cf75ed0"",""native_unit_kind"":""section"",""order_key"":""0064.000001"",""parent_native_unit_id"":""urn:uuid:64c227a4-1910-5e86-83b7-f0d47ca13f5f"",""parent_projected_unit_id"":""urn:uuid:3719f407-3958-5213-8408-baade6dd0bdd"",""rights_id"":""urn:uuid:71eb9923-410e-55f2-8fe6-41dc669a8635"",""source_file_revision_id"":""urn:uuid:b91f8d91-fe74-5cbc-b2df-45862f4fb540"",""source_file_sha256"":""66e011558112a22c80f1ab4a4b7a6ea8f2fe450c1a5254696b8a8f982d37efc8"",""source_subtree_sha256"":""f49d338d523a8f16d8a7fac477714c7b99ae714f688389aff1e0360619e39241"",""target_file_revision_id"":""urn:uuid:b539d077-7a1e-5034-af32-16e58f6236f3"",""target_file_sha256"":""d9939c979559579e86c6856e6506316e7b465fa4806574e27bb158a49c0a838a"",""target_subtree_sha256"":""d6647dfbf951f7780b516aef4fda64fbc84e89a0465d57afaa43cfab3d4dbe89"",""title"":""Hasil yang Tidak Saling Lepas"",""title_locale"":""id-ID"",""translation_state"":""published""},""record_type"":""unit"",""recorded_at"":""2026-08-30T00:00:00Z"",""semantic_key"":""b10:dmoi4:unit:urn:uuid:84a0b4ee-3d47-548f-9073-51c24cf75ed0""}"
urn:uuid:1fc96fe6-56b6-5931-b17a-e8213f9e4159,unit,"{""dataset_id"":""urn:uuid:6090fc4b-b34d-5cff-8f65-acaa06ddd1fc"",""id"":""urn:uuid:1fc96fe6-56b6-5931-b17a-e8213f9e4159"",""normalized_state"":""published"",""owner_authority_id"":""urn:uuid:4dea4d1d-09ba-504e-9fcd-83524281ca97"",""owner_native_state"":""published"",""payload"":{""learner_route"":{""anchor"":null,""machine_data_only"":false,""route_id"":""urn:uuid:2aa436f5-fc73-5a95-85d7-2467dc715d5c"",""route_state"":""course_fallback_unit_route_planned_not_published"",""url"":""https://kokunoyumeto.github.io/discrete-mathematics-open-introduction-id/""},""localized_occurrence_id"":""urn:uuid:5530742b-a6ce-5f06-b569-e6809becde8f"",""localized_title_payload_sha256"":""0ec14531841185758ad6feee5626c413110533aa652a65c87a5247f7e0a8ce6b"",""localized_title_variant_id"":""urn:uuid:b9e50311-e89a-56da-b93b-dd787e646654"",""native_locator"":{""canonical_path"":""source/sec_counting-non-disjoint.ptx"",""identity_anchor"":""source/sec_counting-non-disjoint.ptx#/section/subsection[1]"",""source_actual_path"":""authority/upstream-82336dc87d77c3f18d2cdbc8ec1e74eb3ba38799/discrete-book-82336dc87d77c3f18d2cdbc8ec1e74eb3ba38799/source/sec_counting-non-disjoint.ptx"",""source_xml_path"":""/section/subsection[1]"",""target_actual_path"":""repo/source/sec_counting-non-disjoint.ptx"",""target_xml_path"":""/section/subsection[1]"",""xml_id"":null},""native_unit_id"":""urn:uuid:727faf70-fb80-598a-b57d-55e3269ab2d3"",""native_unit_kind"":""subsection"",""order_key"":""0064.000003"",""parent_native_unit_id"":""urn:uuid:84a0b4ee-3d47-548f-9073-51c24cf75ed0"",""parent_projected_unit_id"":""urn:uuid:a29013a5-e291-515c-96a1-17e7b18db95f"",""rights_id"":""urn:uuid:71eb9923-410e-55f2-8fe6-41dc669a8635"",""source_file_revision_id"":""urn:uuid:b91f8d91-fe74-5cbc-b2df-45862f4fb540"",""source_file_sha256"":""66e011558112a22c80f1ab4a4b7a6ea8f2fe450c1a5254696b8a8f982d37efc8"",""source_subtree_sha256"":""5e02b0f075ee74f4d32e9a853d456b56550aeda01181f910b0a31d93e51255d1"",""target_file_revision_id"":""urn:uuid:b539d077-7a1e-5034-af32-16e58f6236f3"",""target_file_sha256"":""d9939c979559579e86c6856e6506316e7b465fa4806574e27bb158a49c0a838a"",""target_subtree_sha256"":""7c42dcd0c410b9ab97fc1d0a49f4498fc5c980d0521b69097f38f89fb93fefd1"",""title"":""Pratinjau Bagian"",""title_locale"":""id-ID"",""translation_state"":""published""},""record_type"":""unit"",""recorded_at"":""2026-08-30T00:00:00Z"",""semantic_key"":""b10:dmoi4:unit:urn:uuid:727faf70-fb80-598a-b57d-55e3269ab2d3""}"
urn:uuid:c57200be-10d2-5305-a998-25e8b4b18616,unit,"{""dataset_id"":""urn:uuid:6090fc4b-b34d-5cff-8f65-acaa06ddd1fc"",""id"":""urn:uuid:c57200be-10d2-5305-a998-25e8b4b18616"",""normalized_state"":""published"",""owner_authority_id"":""urn:uuid:4dea4d1d-09ba-504e-9fcd-83524281ca97"",""owner_native_state"":""published"",""payload"":{""learner_route"":{""anchor"":null,""machine_data_only"":false,""route_id"":""urn:uuid:2aa436f5-fc73-5a95-85d7-2467dc715d5c"",""route_state"":""course_fallback_unit_route_planned_not_published"",""url"":""https://kokunoyumeto.github.io/discrete-mathematics-open-introduction-id/""},""localized_occurrence_id"":""urn:uuid:cabec1e1-2b6e-5a46-a4f9-79a3772a01d3"",""localized_title_payload_sha256"":""7dfc534bd94167cd4c67718b83a492eb66962ecc724546153caf9329c2491f81"",""localized_title_variant_id"":""urn:uuid:951941d5-da36-5f20-8129-5466f830758e"",""native_locator"":{""canonical_path"":""source/sec_counting-non-disjoint.ptx"",""identity_anchor"":""subsec_counting-venn"",""source_actual_path"":""authority/upstream-82336dc87d77c3f18d2cdbc8ec1e74eb3ba38799/discrete-book-82336dc87d77c3f18d2cdbc8ec1e74eb3ba38799/source/sec_counting-non-disjoint.ptx"",""source_xml_path"":""/section/subsection[2]"",""target_actual_path"":""repo/source/sec_counting-non-disjoint.ptx"",""target_xml_path"":""/section/subsection[2]"",""xml_id"":""subsec_counting-venn""},""native_unit_id"":""urn:uuid:7d4d1886-a979-5088-9373-2111449294f9"",""native_unit_kind"":""subsection"",""order_key"":""0064.000015"",""parent_native_unit_id"":""urn:uuid:84a0b4ee-3d47-548f-9073-51c24cf75ed0"",""parent_projected_unit_id"":""urn:uuid:a29013a5-e291-515c-96a1-17e7b18db95f"",""rights_id"":""urn:uuid:71eb9923-410e-55f2-8fe6-41dc669a8635"",""source_file_revision_id"":""urn:uuid:b91f8d91-fe74-5cbc-b2df-45862f4fb540"",""source_file_sha256"":""66e011558112a22c80f1ab4a4b7a6ea8f2fe450c1a5254696b8a8f982d37efc8"",""source_subtree_sha256"":""3c47191d6d2c1b18daa7eb37bd529e200f9f433e82b898a528a3e1390bf0f99c"",""target_file_revision_id"":""urn:uuid:b539d077-7a1e-5034-af32-16e58f6236f3"",""target_file_sha256"":""d9939c979559579e86c6856e6506316e7b465fa4806574e27bb158a49c0a838a"",""target_subtree_sha256"":""bcee3752cb47429ea3336308c1c359e0521d29dcdee112c06b224ecb8905d274"",""title"":""Menghitung dengan Diagram Venn"",""title_locale"":""id-ID"",""translation_state"":""published""},""record_type"":""unit"",""recorded_at"":""2026-08-30T00:00:00Z"",""semantic_key"":""b10:dmoi4:unit:urn:uuid:7d4d1886-a979-5088-9373-2111449294f9""}"
urn:uuid:89344072-c970-5a5b-98c2-7fe41f60e79b,unit,"{""dataset_id"":""urn:uuid:6090fc4b-b34d-5cff-8f65-acaa06ddd1fc"",""id"":""urn:uuid:89344072-c970-5a5b-98c2-7fe41f60e79b"",""normalized_state"":""published"",""owner_authority_id"":""urn:uuid:4dea4d1d-09ba-504e-9fcd-83524281ca97"",""owner_native_state"":""published"",""payload"":{""learner_route"":{""anchor"":null,""machine_data_only"":false,""route_id"":""urn:uuid:2aa436f5-fc73-5a95-85d7-2467dc715d5c"",""route_state"":""course_fallback_unit_route_planned_not_published"",""url"":""https://kokunoyumeto.github.io/discrete-mathematics-open-introduction-id/""},""localized_occurrence_id"":""urn:uuid:531544df-70ab-5b25-a235-f2cf3cc8f3ec"",""localized_title_payload_sha256"":""545eb66cc3c5e2687c5f688d0efb32b09bb004f8f2b5c177b8400cc1a701371c"",""localized_title_variant_id"":""urn:uuid:1193dd6e-4d96-5831-9fa4-76d6502c8e71"",""native_locator"":{""canonical_path"":""source/sec_counting-non-disjoint.ptx"",""identity_anchor"":""subsec-pie"",""source_actual_path"":""authority/upstream-82336dc87d77c3f18d2cdbc8ec1e74eb3ba38799/discrete-book-82336dc87d77c3f18d2cdbc8ec1e74eb3ba38799/source/sec_counting-non-disjoint.ptx"",""source_xml_path"":""/section/subsection[3]"",""target_actual_path"":""repo/source/sec_counting-non-disjoint.ptx"",""target_xml_path"":""/section/subsection[3]"",""xml_id"":""subsec-pie""},""native_unit_id"":""urn:uuid:65c9c582-b808-5217-9628-502da401bcff"",""native_unit_kind"":""subsection"",""order_key"":""0064.000033"",""parent_native_unit_id"":""urn:uuid:84a0b4ee-3d47-548f-9073-51c24cf75ed0"",""parent_projected_unit_id"":""urn:uuid:a29013a5-e291-515c-96a1-17e7b18db95f"",""rights_id"":""urn:uuid:71eb9923-410e-55f2-8fe6-41dc669a8635"",""source_file_revision_id"":""urn:uuid:b91f8d91-fe74-5cbc-b2df-45862f4fb540"",""source_file_sha256"":""66e011558112a22c80f1ab4a4b7a6ea8f2fe450c1a5254696b8a8f982d37efc8"",""source_subtree_sha256"":""c3ab2473df78b021d45573af25b00701706dffb8a817f2e2ae4485d462aa21a5"",""target_file_revision_id"":""urn:uuid:b539d077-7a1e-5034-af32-16e58f6236f3"",""target_file_sha256"":""d9939c979559579e86c6856e6506316e7b465fa4806574e27bb158a49c0a838a"",""target_subtree_sha256"":""6abaf9815364743a4e771505b3a215bea6674595b8cd09d76500ddc498bd5f05"",""title"":""Prinsip Inklusi–Eksklusi"",""title_locale"":""id-ID"",""translation_state"":""published""},""record_type"":""unit"",""recorded_at"":""2026-08-30T00:00:00Z"",""semantic_key"":""b10:dmoi4:unit:urn:uuid:65c9c582-b808-5217-9628-502da401bcff""}"
urn:uuid:ef730354-fcf4-56f6-8f73-309a8ead5205,unit,"{""dataset_id"":""urn:uuid:6090fc4b-b34d-5cff-8f65-acaa06ddd1fc"",""id"":""urn:uuid:ef730354-fcf4-56f6-8f73-309a8ead5205"",""normalized_state"":""published"",""owner_authority_id"":""urn:uuid:4dea4d1d-09ba-504e-9fcd-83524281ca97"",""owner_native_state"":""published"",""payload"":{""learner_route"":{""anchor"":null,""machine_data_only"":false,""route_id"":""urn:uuid:2aa436f5-fc73-5a95-85d7-2467dc715d5c"",""route_state"":""course_fallback_unit_route_planned_not_published"",""url"":""https://kokunoyumeto.github.io/discrete-mathematics-open-introduction-id/""},""localized_occurrence_id"":""urn:uuid:b4a93c50-8b1d-58f3-9d48-bdc29371468b"",""localized_title_payload_sha256"":""992cc5cd1289a9295ca2e5c6cbf8fac048103313839af6baaf5a08fb9684db67"",""localized_title_variant_id"":""urn:uuid:3725f082-e2e2-5319-b07f-154c15222549"",""native_locator"":{""canonical_path"":""source/sec_counting-non-disjoint.ptx"",""identity_anchor"":""subsec-overlaps-and-the-product-principle"",""source_actual_path"":""authority/upstream-82336dc87d77c3f18d2cdbc8ec1e74eb3ba38799/discrete-book-82336dc87d77c3f18d2cdbc8ec1e74eb3ba38799/source/sec_counting-non-disjoint.ptx"",""source_xml_path"":""/section/subsection[4]"",""target_actual_path"":""repo/source/sec_counting-non-disjoint.ptx"",""target_xml_path"":""/section/subsection[4]"",""xml_id"":""subsec-overlaps-and-the-product-principle""},""native_unit_id"":""urn:uuid:b0294629-644e-589a-a3f1-e15026068f08"",""native_unit_kind"":""subsection"",""order_key"":""0064.000044"",""parent_native_unit_id"":""urn:uuid:84a0b4ee-3d47-548f-9073-51c24cf75ed0"",""parent_projected_unit_id"":""urn:uuid:a29013a5-e291-515c-96a1-17e7b18db95f"",""rights_id"":""urn:uuid:71eb9923-410e-55f2-8fe6-41dc669a8635"",""source_file_revision_id"":""urn:uuid:b91f8d91-fe74-5cbc-b2df-45862f4fb540"",""source_file_sha256"":""66e011558112a22c80f1ab4a4b7a6ea8f2fe450c1a5254696b8a8f982d37efc8"",""source_subtree_sha256"":""c4ec621492ef29cb642bf836c3abb039810ce60adfe30f6171a4c9a08061b7cb"",""target_file_revision_id"":""urn:uuid:b539d077-7a1e-5034-af32-16e58f6236f3"",""target_file_sha256"":""d9939c979559579e86c6856e6506316e7b465fa4806574e27bb158a49c0a838a"",""target_subtree_sha256"":""507de4aab3ec15a743a2c15347cda97719bdc218a13d2f23b90f0e492b198305"",""title"":""Tumpang Tindih dan Prinsip Perkalian"",""title_locale"":""id-ID"",""translation_state"":""published""},""record_type"":""unit"",""recorded_at"":""2026-08-30T00:00:00Z"",""semantic_key"":""b10:dmoi4:unit:urn:uuid:b0294629-644e-589a-a3f1-e15026068f08""}"
urn:uuid:31fa84f6-0db0-5c7a-a050-ef281d7965df,unit,"{""dataset_id"":""urn:uuid:6090fc4b-b34d-5cff-8f65-acaa06ddd1fc"",""id"":""urn:uuid:31fa84f6-0db0-5c7a-a050-ef281d7965df"",""normalized_state"":""published"",""owner_authority_id"":""urn:uuid:4dea4d1d-09ba-504e-9fcd-83524281ca97"",""owner_native_state"":""published"",""payload"":{""learner_route"":{""anchor"":null,""machine_data_only"":false,""route_id"":""urn:uuid:2aa436f5-fc73-5a95-85d7-2467dc715d5c"",""route_state"":""course_fallback_unit_route_planned_not_published"",""url"":""https://kokunoyumeto.github.io/discrete-mathematics-open-introduction-id/""},""localized_occurrence_id"":""urn:uuid:24599613-f9e3-5c4f-8891-8e320b8b641a"",""localized_title_payload_sha256"":""376dd2f7d40b01a59689e0a4a9f51a4f118747f26c0166b06d1cf3221cc35675"",""localized_title_variant_id"":""urn:uuid:22eebe17-1af5-59e1-9c73-3485c5934984"",""native_locator"":{""canonical_path"":""source/sec_counting-combperm.ptx"",""identity_anchor"":""sec_counting-combperm"",""source_actual_path"":""authority/upstream-82336dc87d77c3f18d2cdbc8ec1e74eb3ba38799/discrete-book-82336dc87d77c3f18d2cdbc8ec1e74eb3ba38799/source/sec_counting-combperm.ptx"",""source_xml_path"":""/section"",""target_actual_path"":""repo/source/sec_counting-combperm.ptx"",""target_xml_path"":""/section"",""xml_id"":""sec_counting-combperm""},""native_unit_id"":""urn:uuid:f770965c-ec0e-591d-93ef-5236a2c54282"",""native_unit_kind"":""section"",""order_key"":""0067.000001"",""parent_native_unit_id"":""urn:uuid:64c227a4-1910-5e86-83b7-f0d47ca13f5f"",""parent_projected_unit_id"":""urn:uuid:3719f407-3958-5213-8408-baade6dd0bdd"",""rights_id"":""urn:uuid:71eb9923-410e-55f2-8fe6-41dc669a8635"",""source_file_revision_id"":""urn:uuid:dc561181-d1ee-5579-b004-985b9e4c1bdc"",""source_file_sha256"":""59399c3134c594644458327382b7349847c34d3e88e2dd88b0d21bd64daba5fb"",""source_subtree_sha256"":""8f3424ccc1012665af428c5a4c4c9163a21480376b15021c44230b6146c877d6"",""target_file_revision_id"":""urn:uuid:20cefcb4-480c-5e71-8670-5f8de70219a4"",""target_file_sha256"":""b41f772c087be94f971ee2298843ae800eb6649622767fd38f2c233924d43f6f"",""target_subtree_sha256"":""8e5d02c80b9802cffb260ff769f6ec9e5f2cb2e3e0ff2bc3d6cf9ae6e5cef67f"",""title"":""Kombinasi dan Permutasi"",""title_locale"":""id-ID"",""translation_state"":""published""},""record_type"":""unit"",""recorded_at"":""2026-08-30T00:00:00Z"",""semantic_key"":""b10:dmoi4:unit:urn:uuid:f770965c-ec0e-591d-93ef-5236a2c54282""}"
urn:uuid:2d7c1c4a-e832-56b2-8082-1813d8639f84,unit,"{""dataset_id"":""urn:uuid:6090fc4b-b34d-5cff-8f65-acaa06ddd1fc"",""id"":""urn:uuid:2d7c1c4a-e832-56b2-8082-1813d8639f84"",""normalized_state"":""published"",""owner_authority_id"":""urn:uuid:4dea4d1d-09ba-504e-9fcd-83524281ca97"",""owner_native_state"":""published"",""payload"":{""learner_route"":{""anchor"":null,""machine_data_only"":false,""route_id"":""urn:uuid:2aa436f5-fc73-5a95-85d7-2467dc715d5c"",""route_state"":""course_fallback_unit_route_planned_not_published"",""url"":""https://kokunoyumeto.github.io/discrete-mathematics-open-introduction-id/""},""localized_occurrence_id"":""urn:uuid:0087d67d-d3a1-5ee3-8c5c-c782940e421c"",""localized_title_payload_sha256"":""0ec14531841185758ad6feee5626c413110533aa652a65c87a5247f7e0a8ce6b"",""localized_title_variant_id"":""urn:uuid:05cb6ad9-a887-5199-9751-cf102fa4cae8"",""native_locator"":{""canonical_path"":""source/sec_counting-combperm.ptx"",""identity_anchor"":""source/sec_counting-combperm.ptx#/section/subsection[1]"",""source_actual_path"":""authority/upstream-82336dc87d77c3f18d2cdbc8ec1e74eb3ba38799/discrete-book-82336dc87d77c3f18d2cdbc8ec1e74eb3ba38799/source/sec_counting-combperm.ptx"",""source_xml_path"":""/section/subsection[1]"",""target_actual_path"":""repo/source/sec_counting-combperm.ptx"",""target_xml_path"":""/section/subsection[1]"",""xml_id"":null},""native_unit_id"":""urn:uuid:257be9f1-c4c3-5d0a-b7fb-efc09e0b7b42"",""native_unit_kind"":""subsection"",""order_key"":""0067.000005"",""parent_native_unit_id"":""urn:uuid:f770965c-ec0e-591d-93ef-5236a2c54282"",""parent_projected_unit_id"":""urn:uuid:31fa84f6-0db0-5c7a-a050-ef281d7965df"",""rights_id"":""urn:uuid:71eb9923-410e-55f2-8fe6-41dc669a8635"",""source_file_revision_id"":""urn:uuid:dc561181-d1ee-5579-b004-985b9e4c1bdc"",""source_file_sha256"":""59399c3134c594644458327382b7349847c34d3e88e2dd88b0d21bd64daba5fb"",""source_subtree_sha256"":""419cf2983d66bd1e28ed580b2ed7b740388222ce0c5ad289c3697ec4858349fe"",""target_file_revision_id"":""urn:uuid:20cefcb4-480c-5e71-8670-5f8de70219a4"",""target_file_sha256"":""b41f772c087be94f971ee2298843ae800eb6649622767fd38f2c233924d43f6f"",""target_subtree_sha256"":""8f73fb3d5231b69f5ff15cd5f95829f421127044e34446ecfc4d8aa22df35dcf"",""title"":""Pratinjau Bagian"",""title_locale"":""id-ID"",""translation_state"":""published""},""record_type"":""unit"",""recorded_at"":""2026-08-30T00:00:00Z"",""semantic_key"":""b10:dmoi4:unit:urn:uuid:257be9f1-c4c3-5d0a-b7fb-efc09e0b7b42""}"
urn:uuid:e3854871-8927-5bfd-be38-f5eb82351bd8,unit,"{""dataset_id"":""urn:uuid:6090fc4b-b34d-5cff-8f65-acaa06ddd1fc"",""id"":""urn:uuid:e3854871-8927-5bfd-be38-f5eb82351bd8"",""normalized_state"":""published"",""owner_authority_id"":""urn:uuid:4dea4d1d-09ba-504e-9fcd-83524281ca97"",""owner_native_state"":""published"",""payload"":{""learner_route"":{""anchor"":null,""machine_data_only"":false,""route_id"":""urn:uuid:2aa436f5-fc73-5a95-85d7-2467dc715d5c"",""route_state"":""course_fallback_unit_route_planned_not_published"",""url"":""https://kokunoyumeto.github.io/discrete-mathematics-open-introduction-id/""},""localized_occurrence_id"":""urn:uuid:ae59b5b9-6826-57d4-87cb-4cfad87f5ed0"",""localized_title_payload_sha256"":""08420caa1be88a5c54c9106afd052131d836aeae2bd1a0b56d6f3edbd35d7e3b"",""localized_title_variant_id"":""urn:uuid:2c642197-66d2-526d-a5fc-073a9e8ac4a7"",""native_locator"":{""canonical_path"":""source/sec_counting-combperm.ptx"",""identity_anchor"":""subsec-counting-sequences"",""source_actual_path"":""authority/upstream-82336dc87d77c3f18d2cdbc8ec1e74eb3ba38799/discrete-book-82336dc87d77c3f18d2cdbc8ec1e74eb3ba38799/source/sec_counting-combperm.ptx"",""source_xml_path"":""/section/subsection[2]"",""target_actual_path"":""repo/source/sec_counting-combperm.ptx"",""target_xml_path"":""/section/subsection[2]"",""xml_id"":""subsec-counting-sequences""},""native_unit_id"":""urn:uuid:83c87ad3-79b9-5294-ab77-803c6a6314a6"",""native_unit_kind"":""subsection"",""order_key"":""0067.000029"",""parent_native_unit_id"":""urn:uuid:f770965c-ec0e-591d-93ef-5236a2c54282"",""parent_projected_unit_id"":""urn:uuid:31fa84f6-0db0-5c7a-a050-ef281d7965df"",""rights_id"":""urn:uuid:71eb9923-410e-55f2-8fe6-41dc669a8635"",""source_file_revision_id"":""urn:uuid:dc561181-d1ee-5579-b004-985b9e4c1bdc"",""source_file_sha256"":""59399c3134c594644458327382b7349847c34d3e88e2dd88b0d21bd64daba5fb"",""source_subtree_sha256"":""f4cba1c59c785073ce13f70f62b4bda3c6e7584dbb41eeedecbc1891b6a5dd25"",""target_file_revision_id"":""urn:uuid:20cefcb4-480c-5e71-8670-5f8de70219a4"",""target_file_sha256"":""b41f772c087be94f971ee2298843ae800eb6649622767fd38f2c233924d43f6f"",""target_subtree_sha256"":""a7370adce06de199754fd5d6036165f6f43dd9fc62d6e2f39ee70c48c0972783"",""title"":""Mencacah Barisan"",""title_locale"":""id-ID"",""translation_state"":""published""},""record_type"":""unit"",""recorded_at"":""2026-08-30T00:00:00Z"",""semantic_key"":""b10:dmoi4:unit:urn:uuid:83c87ad3-79b9-5294-ab77-803c6a6314a6""}"
urn:uuid:516eb4e5-5fc4-582c-b1ab-728320489f0d,unit,"{""dataset_id"":""urn:uuid:6090fc4b-b34d-5cff-8f65-acaa06ddd1fc"",""id"":""urn:uuid:516eb4e5-5fc4-582c-b1ab-728320489f0d"",""normalized_state"":""published"",""owner_authority_id"":""urn:uuid:4dea4d1d-09ba-504e-9fcd-83524281ca97"",""owner_native_state"":""published"",""payload"":{""learner_route"":{""anchor"":null,""machine_data_only"":false,""route_id"":""urn:uuid:2aa436f5-fc73-5a95-85d7-2467dc715d5c"",""route_state"":""course_fallback_unit_route_planned_not_published"",""url"":""https://kokunoyumeto.github.io/discrete-mathematics-open-introduction-id/""},""localized_occurrence_id"":""urn:uuid:aee9fc85-5ba6-5172-a566-9d012233ce5d"",""localized_title_payload_sha256"":""f48960904e351ccb263aa8cc0140408855d4d28e129710e5ce74b624d0dc5d4c"",""localized_title_variant_id"":""urn:uuid:e280b05d-a79b-5661-a730-7809fc815413"",""native_locator"":{""canonical_path"":""source/sec_counting-combperm.ptx"",""identity_anchor"":""subsec-combinations"",""source_actual_path"":""authority/upstream-82336dc87d77c3f18d2cdbc8ec1e74eb3ba38799/discrete-book-82336dc87d77c3f18d2cdbc8ec1e74eb3ba38799/source/sec_counting-combperm.ptx"",""source_xml_path"":""/section/subsection[3]"",""target_actual_path"":""repo/source/sec_counting-combperm.ptx"",""target_xml_path"":""/section/subsection[3]"",""xml_id"":""subsec-combinations""},""native_unit_id"":""urn:uuid:ea887dd9-0109-5269-bc1e-5f278878e813"",""native_unit_kind"":""subsection"",""order_key"":""0067.000053"",""parent_native_unit_id"":""urn:uuid:f770965c-ec0e-591d-93ef-5236a2c54282"",""parent_projected_unit_id"":""urn:uuid:31fa84f6-0db0-5c7a-a050-ef281d7965df"",""rights_id"":""urn:uuid:71eb9923-410e-55f2-8fe6-41dc669a8635"",""source_file_revision_id"":""urn:uuid:dc561181-d1ee-5579-b004-985b9e4c1bdc"",""source_file_sha256"":""59399c3134c594644458327382b7349847c34d3e88e2dd88b0d21bd64daba5fb"",""source_subtree_sha256"":""7b7d68454e311398788c6d7e788f2f1d784f652f3e13a4eaab1fccc87ad5e44c"",""target_file_revision_id"":""urn:uuid:20cefcb4-480c-5e71-8670-5f8de70219a4"",""target_file_sha256"":""b41f772c087be94f971ee2298843ae800eb6649622767fd38f2c233924d43f6f"",""target_subtree_sha256"":""bc5bfd13b53e65cc043e185e2dbdfb1ca89db916fc1f73d87294a60f56e2c146"",""title"":""Mencacah Himpunan"",""title_locale"":""id-ID"",""translation_state"":""published""},""record_type"":""unit"",""recorded_at"":""2026-08-30T00:00:00Z"",""semantic_key"":""b10:dmoi4:unit:urn:uuid:ea887dd9-0109-5269-bc1e-5f278878e813""}"
urn:uuid:9cd088fc-11b5-54f5-843e-623d2c713954,unit,"{""dataset_id"":""urn:uuid:6090fc4b-b34d-5cff-8f65-acaa06ddd1fc"",""id"":""urn:uuid:9cd088fc-11b5-54f5-843e-623d2c713954"",""normalized_state"":""published"",""owner_authority_id"":""urn:uuid:4dea4d1d-09ba-504e-9fcd-83524281ca97"",""owner_native_state"":""published"",""payload"":{""learner_route"":{""anchor"":null,""machine_data_only"":false,""route_id"":""urn:uuid:2aa436f5-fc73-5a95-85d7-2467dc715d5c"",""route_state"":""course_fallback_unit_route_planned_not_published"",""url"":""https://kokunoyumeto.github.io/discrete-mathematics-open-introduction-id/""},""localized_occurrence_id"":""urn:uuid:fb64ed8b-0fc4-5637-be96-e6c8963bc37e"",""localized_title_payload_sha256"":""6a660367262965b849a6f31a7be4a91f56c8b8436c88d85463635cc4ed4bd794"",""localized_title_variant_id"":""urn:uuid:8f049098-2ef3-5a5f-8c03-3451c35eb20c"",""native_locator"":{""canonical_path"":""source/sec_counting-combperm.ptx"",""identity_anchor"":""subsec-quotient-principle"",""source_actual_path"":""authority/upstream-82336dc87d77c3f18d2cdbc8ec1e74eb3ba38799/discrete-book-82336dc87d77c3f18d2cdbc8ec1e74eb3ba38799/source/sec_counting-combperm.ptx"",""source_xml_path"":""/section/subsection[4]"",""target_actual_path"":""repo/source/sec_counting-combperm.ptx"",""target_xml_path"":""/section/subsection[4]"",""xml_id"":""subsec-quotient-principle""},""native_unit_id"":""urn:uuid:4b5d4a64-95fe-5092-95a6-e35c6de74730"",""native_unit_kind"":""subsection"",""order_key"":""0067.000067"",""parent_native_unit_id"":""urn:uuid:f770965c-ec0e-591d-93ef-5236a2c54282"",""parent_projected_unit_id"":""urn:uuid:31fa84f6-0db0-5c7a-a050-ef281d7965df"",""rights_id"":""urn:uuid:71eb9923-410e-55f2-8fe6-41dc669a8635"",""source_file_revision_id"":""urn:uuid:dc561181-d1ee-5579-b004-985b9e4c1bdc"",""source_file_sha256"":""59399c3134c594644458327382b7349847c34d3e88e2dd88b0d21bd64daba5fb"",""source_subtree_sha256"":""190f2beb4090469794d2a169193666fe945258b5fe42e0449f3fb07b25a36bcb"",""target_file_revision_id"":""urn:uuid:20cefcb4-480c-5e71-8670-5f8de70219a4"",""target_file_sha256"":""b41f772c087be94f971ee2298843ae800eb6649622767fd38f2c233924d43f6f"",""target_subtree_sha256"":""d81485d8722fdb1c490f4a6283d202754ef9605f0723654f408ae749614d9773"",""title"":""Prinsip Hasil Bagi"",""title_locale"":""id-ID"",""translation_state"":""published""},""record_type"":""unit"",""recorded_at"":""2026-08-30T00:00:00Z"",""semantic_key"":""b10:dmoi4:unit:urn:uuid:4b5d4a64-95fe-5092-95a6-e35c6de74730""}"
urn:uuid:d132fda4-0376-5db7-bf0a-0d00e208a1fe,unit,"{""dataset_id"":""urn:uuid:6090fc4b-b34d-5cff-8f65-acaa06ddd1fc"",""id"":""urn:uuid:d132fda4-0376-5db7-bf0a-0d00e208a1fe"",""normalized_state"":""published"",""owner_authority_id"":""urn:uuid:4dea4d1d-09ba-504e-9fcd-83524281ca97"",""owner_native_state"":""published"",""payload"":{""learner_route"":{""anchor"":null,""machine_data_only"":false,""route_id"":""urn:uuid:2aa436f5-fc73-5a95-85d7-2467dc715d5c"",""route_state"":""course_fallback_unit_route_planned_not_published"",""url"":""https://kokunoyumeto.github.io/discrete-mathematics-open-introduction-id/""},""localized_occurrence_id"":""urn:uuid:a5ec158b-9e72-5def-afdb-3a28ec6fe013"",""localized_title_payload_sha256"":""ff29568a2a4fc97963c84f2d8545ad5e38c5eb1ff202a1d267b34c9996d76dbc"",""localized_title_variant_id"":""urn:uuid:f4504d77-4864-5303-957e-c0e9b07b7523"",""native_locator"":{""canonical_path"":""source/sec_counting-multisets.ptx"",""identity_anchor"":""sec_counting-multisets"",""source_actual_path"":""authority/upstream-82336dc87d77c3f18d2cdbc8ec1e74eb3ba38799/discrete-book-82336dc87d77c3f18d2cdbc8ec1e74eb3ba38799/source/sec_counting-multisets.ptx"",""source_xml_path"":""/section"",""target_actual_path"":""repo/source/sec_counting-multisets.ptx"",""target_xml_path"":""/section"",""xml_id"":""sec_counting-multisets""},""native_unit_id"":""urn:uuid:6de6368b-daa0-5d8b-a333-621b4b895de9"",""native_unit_kind"":""section"",""order_key"":""0071.000001"",""parent_native_unit_id"":""urn:uuid:64c227a4-1910-5e86-83b7-f0d47ca13f5f"",""parent_projected_unit_id"":""urn:uuid:3719f407-3958-5213-8408-baade6dd0bdd"",""rights_id"":""urn:uuid:71eb9923-410e-55f2-8fe6-41dc669a8635"",""source_file_revision_id"":""urn:uuid:6285f556-496a-5d77-ad74-d1d4f15a8311"",""source_file_sha256"":""6f122a756659fd6925abb8b7702364ce70ae58c9f9bb7e1f5e2ff78fa177917f"",""source_subtree_sha256"":""ab7de18ec5bde5617ade17520a2f483d0f0faf3ff0e11ce38ead8f4e5725a906"",""target_file_revision_id"":""urn:uuid:0040b935-587f-5b76-af37-fb33314686d3"",""target_file_sha256"":""fd311ab3cabeedd5ea71c8a1979ba0ef3983154d1bbc3a13c784cb38130c48d3"",""target_subtree_sha256"":""d7aae69e37c3d124134be05b71ed10569a10337e48228d62803367068f452804"",""title"":""Menghitung Multihimpunan"",""title_locale"":""id-ID"",""translation_state"":""published""},""record_type"":""unit"",""recorded_at"":""2026-08-30T00:00:00Z"",""semantic_key"":""b10:dmoi4:unit:urn:uuid:6de6368b-daa0-5d8b-a333-621b4b895de9""}"
urn:uuid:bcbd642d-8940-5d7a-9ebc-62747bd1f024,unit,"{""dataset_id"":""urn:uuid:6090fc4b-b34d-5cff-8f65-acaa06ddd1fc"",""id"":""urn:uuid:bcbd642d-8940-5d7a-9ebc-62747bd1f024"",""normalized_state"":""published"",""owner_authority_id"":""urn:uuid:4dea4d1d-09ba-504e-9fcd-83524281ca97"",""owner_native_state"":""published"",""payload"":{""learner_route"":{""anchor"":null,""machine_data_only"":false,""route_id"":""urn:uuid:2aa436f5-fc73-5a95-85d7-2467dc715d5c"",""route_state"":""course_fallback_unit_route_planned_not_published"",""url"":""https://kokunoyumeto.github.io/discrete-mathematics-open-introduction-id/""},""localized_occurrence_id"":""urn:uuid:68c1fbf0-0299-5e19-992e-59100c421ba9"",""localized_title_payload_sha256"":""0ec14531841185758ad6feee5626c413110533aa652a65c87a5247f7e0a8ce6b"",""localized_title_variant_id"":""urn:uuid:46a5a357-1c0a-5760-9afb-5df84f75b989"",""native_locator"":{""canonical_path"":""source/sec_counting-multisets.ptx"",""identity_anchor"":""source/sec_counting-multisets.ptx#/section/subsection[1]"",""source_actual_path"":""authority/upstream-82336dc87d77c3f18d2cdbc8ec1e74eb3ba38799/discrete-book-82336dc87d77c3f18d2cdbc8ec1e74eb3ba38799/source/sec_counting-multisets.ptx"",""source_xml_path"":""/section/subsection[1]"",""target_actual_path"":""repo/source/sec_counting-multisets.ptx"",""target_xml_path"":""/section/subsection[1]"",""xml_id"":null},""native_unit_id"":""urn:uuid:e755d292-569a-5b8a-b42b-6cf0582af31a"",""native_unit_kind"":""subsection"",""order_key"":""0071.000008"",""parent_native_unit_id"":""urn:uuid:6de6368b-daa0-5d8b-a333-621b4b895de9"",""parent_projected_unit_id"":""urn:uuid:d132fda4-0376-5db7-bf0a-0d00e208a1fe"",""rights_id"":""urn:uuid:71eb9923-410e-55f2-8fe6-41dc669a8635"",""source_file_revision_id"":""urn:uuid:6285f556-496a-5d77-ad74-d1d4f15a8311"",""source_file_sha256"":""6f122a756659fd6925abb8b7702364ce70ae58c9f9bb7e1f5e2ff78fa177917f"",""source_subtree_sha256"":""5dcffcc8d323d66597352c72bd297d4eb40a6123923544b520803a55c7eb7d32"",""target_file_revision_id"":""urn:uuid:0040b935-587f-5b76-af37-fb33314686d3"",""target_file_sha256"":""fd311ab3cabeedd5ea71c8a1979ba0ef3983154d1bbc3a13c784cb38130c48d3"",""target_subtree_sha256"":""dcfafc595648a1e8c752388a012fc6e4053a10fc4313128865c9c79b2ecc26a4"",""title"":""Pratinjau Bagian"",""title_locale"":""id-ID"",""translation_state"":""published""},""record_type"":""unit"",""recorded_at"":""2026-08-30T00:00:00Z"",""semantic_key"":""b10:dmoi4:unit:urn:uuid:e755d292-569a-5b8a-b42b-6cf0582af31a""}"
urn:uuid:86ef125b-a234-572c-98d6-90e28de9546c,unit,"{""dataset_id"":""urn:uuid:6090fc4b-b34d-5cff-8f65-acaa06ddd1fc"",""id"":""urn:uuid:86ef125b-a234-572c-98d6-90e28de9546c"",""normalized_state"":""published"",""owner_authority_id"":""urn:uuid:4dea4d1d-09ba-504e-9fcd-83524281ca97"",""owner_native_state"":""published"",""payload"":{""learner_route"":{""anchor"":null,""machine_data_only"":false,""route_id"":""urn:uuid:2aa436f5-fc73-5a95-85d7-2467dc715d5c"",""route_state"":""course_fallback_unit_route_planned_not_published"",""url"":""https://kokunoyumeto.github.io/discrete-mathematics-open-introduction-id/""},""localized_occurrence_id"":""urn:uuid:5ab5537d-30e8-58ca-8a65-6f850368c266"",""localized_title_payload_sha256"":""1059ef79318409100542373c3f0ddaa96d255d1dd025fb7be8e135c9f29a6496"",""localized_title_variant_id"":""urn:uuid:31d41a23-04cb-5772-9b16-0df81d3080b2"",""native_locator"":{""canonical_path"":""source/sec_counting-multisets.ptx"",""identity_anchor"":""subsec-cookies-kids"",""source_actual_path"":""authority/upstream-82336dc87d77c3f18d2cdbc8ec1e74eb3ba38799/discrete-book-82336dc87d77c3f18d2cdbc8ec1e74eb3ba38799/source/sec_counting-multisets.ptx"",""source_xml_path"":""/section/subsection[2]"",""target_actual_path"":""repo/source/sec_counting-multisets.ptx"",""target_xml_path"":""/section/subsection[2]"",""xml_id"":""subsec-cookies-kids""},""native_unit_id"":""urn:uuid:eb099a6c-34f6-51cc-a20c-42a915f8036d"",""native_unit_kind"":""subsection"",""order_key"":""0071.000023"",""parent_native_unit_id"":""urn:uuid:6de6368b-daa0-5d8b-a333-621b4b895de9"",""parent_projected_unit_id"":""urn:uuid:d132fda4-0376-5db7-bf0a-0d00e208a1fe"",""rights_id"":""urn:uuid:71eb9923-410e-55f2-8fe6-41dc669a8635"",""source_file_revision_id"":""urn:uuid:6285f556-496a-5d77-ad74-d1d4f15a8311"",""source_file_sha256"":""6f122a756659fd6925abb8b7702364ce70ae58c9f9bb7e1f5e2ff78fa177917f"",""source_subtree_sha256"":""70541e922dc3c5f31f7a8238dcb7c4fa966d943025f07035b302b81552944723"",""target_file_revision_id"":""urn:uuid:0040b935-587f-5b76-af37-fb33314686d3"",""target_file_sha256"":""fd311ab3cabeedd5ea71c8a1979ba0ef3983154d1bbc3a13c784cb38130c48d3"",""target_subtree_sha256"":""851de4d2efb1e5722e8b6e6e74b78757f569da67f233f8117547f1867d8962ce"",""title"":""Silakan Ambil Kue"",""title_locale"":""id-ID"",""translation_state"":""published""},""record_type"":""unit"",""recorded_at"":""2026-08-30T00:00:00Z"",""semantic_key"":""b10:dmoi4:unit:urn:uuid:eb099a6c-34f6-51cc-a20c-42a915f8036d""}"
urn:uuid:ca095221-9ae4-59c4-bc19-150159773e4e,unit,"{""dataset_id"":""urn:uuid:6090fc4b-b34d-5cff-8f65-acaa06ddd1fc"",""id"":""urn:uuid:ca095221-9ae4-59c4-bc19-150159773e4e"",""normalized_state"":""published"",""owner_authority_id"":""urn:uuid:4dea4d1d-09ba-504e-9fcd-83524281ca97"",""owner_native_state"":""published"",""payload"":{""learner_route"":{""anchor"":null,""machine_data_only"":false,""route_id"":""urn:uuid:2aa436f5-fc73-5a95-85d7-2467dc715d5c"",""route_state"":""course_fallback_unit_route_planned_not_published"",""url"":""https://kokunoyumeto.github.io/discrete-mathematics-open-introduction-id/""},""localized_occurrence_id"":""urn:uuid:001f01b6-7ee0-5ca5-8811-9601a600e4d3"",""localized_title_payload_sha256"":""794c8c4393cd48b0ac9ef661fdbad1b079d8d46f076eb6e87f3f74c1f0abe903"",""localized_title_variant_id"":""urn:uuid:b17d89d6-3b0b-57e4-b4a9-c591d1532637"",""native_locator"":{""canonical_path"":""source/sec_counting-multisets.ptx"",""identity_anchor"":""subsec-representing-multisets-with-bit-strings"",""source_actual_path"":""authority/upstream-82336dc87d77c3f18d2cdbc8ec1e74eb3ba38799/discrete-book-82336dc87d77c3f18d2cdbc8ec1e74eb3ba38799/source/sec_counting-multisets.ptx"",""source_xml_path"":""/section/subsection[3]"",""target_actual_path"":""repo/source/sec_counting-multisets.ptx"",""target_xml_path"":""/section/subsection[3]"",""xml_id"":""subsec-representing-multisets-with-bit-strings""},""native_unit_id"":""urn:uuid:cb633525-6d22-50b7-8c9f-08212a6a385d"",""native_unit_kind"":""subsection"",""order_key"":""0071.000028"",""parent_native_unit_id"":""urn:uuid:6de6368b-daa0-5d8b-a333-621b4b895de9"",""parent_projected_unit_id"":""urn:uuid:d132fda4-0376-5db7-bf0a-0d00e208a1fe"",""rights_id"":""urn:uuid:71eb9923-410e-55f2-8fe6-41dc669a8635"",""source_file_revision_id"":""urn:uuid:6285f556-496a-5d77-ad74-d1d4f15a8311"",""source_file_sha256"":""6f122a756659fd6925abb8b7702364ce70ae58c9f9bb7e1f5e2ff78fa177917f"",""source_subtree_sha256"":""cc045a9da32512a2dcb8a995d1397eac3b514846f6e291ded8dd38279520b96b"",""target_file_revision_id"":""urn:uuid:0040b935-587f-5b76-af37-fb33314686d3"",""target_file_sha256"":""fd311ab3cabeedd5ea71c8a1979ba0ef3983154d1bbc3a13c784cb38130c48d3"",""target_subtree_sha256"":""97ff111573cd88cca879521743f01a40005fb1e7d78f7922140b6826b1517b17"",""title"":""Merepresentasikan Multihimpunan dengan String Bit"",""title_locale"":""id-ID"",""translation_state"":""published""},""record_type"":""unit"",""recorded_at"":""2026-08-30T00:00:00Z"",""semantic_key"":""b10:dmoi4:unit:urn:uuid:cb633525-6d22-50b7-8c9f-08212a6a385d""}"
urn:uuid:a4e55f0c-9890-56e8-925c-065677424cfa,unit,"{""dataset_id"":""urn:uuid:6090fc4b-b34d-5cff-8f65-acaa06ddd1fc"",""id"":""urn:uuid:a4e55f0c-9890-56e8-925c-065677424cfa"",""normalized_state"":""published"",""owner_authority_id"":""urn:uuid:4dea4d1d-09ba-504e-9fcd-83524281ca97"",""owner_native_state"":""published"",""payload"":{""learner_route"":{""anchor"":null,""machine_data_only"":false,""route_id"":""urn:uuid:2aa436f5-fc73-5a95-85d7-2467dc715d5c"",""route_state"":""course_fallback_unit_route_planned_not_published"",""url"":""https://kokunoyumeto.github.io/discrete-mathematics-open-introduction-id/""},""localized_occurrence_id"":""urn:uuid:98378bee-b2dc-58e7-a57f-9e6941b4d23a"",""localized_title_payload_sha256"":""2cb35776c33055b57824460876c46195734959bc3ff946464a914d53d3d1d09a"",""localized_title_variant_id"":""urn:uuid:119c7a38-8e63-5a72-8115-410ab5aafab5"",""native_locator"":{""canonical_path"":""source/sec_counting-proofs.ptx"",""identity_anchor"":""sec_comb-proofs"",""source_actual_path"":""authority/upstream-82336dc87d77c3f18d2cdbc8ec1e74eb3ba38799/discrete-book-82336dc87d77c3f18d2cdbc8ec1e74eb3ba38799/source/sec_counting-proofs.ptx"",""source_xml_path"":""/section"",""target_actual_path"":""repo/source/sec_counting-proofs.ptx"",""target_xml_path"":""/section"",""xml_id"":""sec_comb-proofs""},""native_unit_id"":""urn:uuid:1e7d9dc7-fc2c-5cfd-8bb5-859955d9c31b"",""native_unit_kind"":""section"",""order_key"":""0075.000001"",""parent_native_unit_id"":""urn:uuid:64c227a4-1910-5e86-83b7-f0d47ca13f5f"",""parent_projected_unit_id"":""urn:uuid:3719f407-3958-5213-8408-baade6dd0bdd"",""rights_id"":""urn:uuid:71eb9923-410e-55f2-8fe6-41dc669a8635"",""source_file_revision_id"":""urn:uuid:e4b1bf9c-141c-5280-a5fd-daf050fe1111"",""source_file_sha256"":""2f3a7e16596c1d04a3a4901ffbd218d481ce8171f606a94980b40da536451647"",""source_subtree_sha256"":""279feba82cbebcc23d3803cfd3eb9de94d0647f7ebe7cdc4be4340012deb00a7"",""target_file_revision_id"":""urn:uuid:e56ae33c-c0ff-5d8f-950e-86eca596e20e"",""target_file_sha256"":""296b79684b33fe416bf54e15d24b875e777057b9a79f796c1e82b19d01bd309d"",""target_subtree_sha256"":""818f681eef44927ebe06a255a52603d65d2559a519a6744c59468863833369a1"",""title"":""Pembuktian Kombinatorial"",""title_locale"":""id-ID"",""translation_state"":""published""},""record_type"":""unit"",""recorded_at"":""2026-08-30T00:00:00Z"",""semantic_key"":""b10:dmoi4:unit:urn:uuid:1e7d9dc7-fc2c-5cfd-8bb5-859955d9c31b""}"
urn:uuid:8c8e5889-eb43-54c8-94f9-6e14d1188928,unit,"{""dataset_id"":""urn:uuid:6090fc4b-b34d-5cff-8f65-acaa06ddd1fc"",""id"":""urn:uuid:8c8e5889-eb43-54c8-94f9-6e14d1188928"",""normalized_state"":""published"",""owner_authority_id"":""urn:uuid:4dea4d1d-09ba-504e-9fcd-83524281ca97"",""owner_native_state"":""published"",""payload"":{""learner_route"":{""anchor"":null,""machine_data_only"":false,""route_id"":""urn:uuid:2aa436f5-fc73-5a95-85d7-2467dc715d5c"",""route_state"":""course_fallback_unit_route_planned_not_published"",""url"":""https://kokunoyumeto.github.io/discrete-mathematics-open-introduction-id/""},""localized_occurrence_id"":""urn:uuid:caf0ebd1-e29e-575d-81a2-1cc40e29d63a"",""localized_title_payload_sha256"":""0ec14531841185758ad6feee5626c413110533aa652a65c87a5247f7e0a8ce6b"",""localized_title_variant_id"":""urn:uuid:65c1ac02-be86-5ab4-b463-6563f2d13292"",""native_locator"":{""canonical_path"":""source/sec_counting-proofs.ptx"",""identity_anchor"":""source/sec_counting-proofs.ptx#/section/subsection[1]"",""source_actual_path"":""authority/upstream-82336dc87d77c3f18d2cdbc8ec1e74eb3ba38799/discrete-book-82336dc87d77c3f18d2cdbc8ec1e74eb3ba38799/source/sec_counting-proofs.ptx"",""source_xml_path"":""/section/subsection[1]"",""target_actual_path"":""repo/source/sec_counting-proofs.ptx"",""target_xml_path"":""/section/subsection[1]"",""xml_id"":null},""native_unit_id"":""urn:uuid:a5832a98-b280-5766-bf2e-cc28d8905a49"",""native_unit_kind"":""subsection"",""order_key"":""0075.000005"",""parent_native_unit_id"":""urn:uuid:1e7d9dc7-fc2c-5cfd-8bb5-859955d9c31b"",""parent_projected_unit_id"":""urn:uuid:a4e55f0c-9890-56e8-925c-065677424cfa"",""rights_id"":""urn:uuid:71eb9923-410e-55f2-8fe6-41dc669a8635"",""source_file_revision_id"":""urn:uuid:e4b1bf9c-141c-5280-a5fd-daf050fe1111"",""source_file_sha256"":""2f3a7e16596c1d04a3a4901ffbd218d481ce8171f606a94980b40da536451647"",""source_subtree_sha256"":""cd16f5ec543b94e9c89a3c625fcaa59eb49719b37b7745f9ea838aef1af9e5ac"",""target_file_revision_id"":""urn:uuid:e56ae33c-c0ff-5d8f-950e-86eca596e20e"",""target_file_sha256"":""296b79684b33fe416bf54e15d24b875e777057b9a79f796c1e82b19d01bd309d"",""target_subtree_sha256"":""66d9b7b494e9f52b8b6cabf35c4ad6d327038846b706be284374466c60eda96c"",""title"":""Pratinjau Bagian"",""title_locale"":""id-ID"",""translation_state"":""published""},""record_type"":""unit"",""recorded_at"":""2026-08-30T00:00:00Z"",""semantic_key"":""b10:dmoi4:unit:urn:uuid:a5832a98-b280-5766-bf2e-cc28d8905a49""}"
urn:uuid:321a93e1-8c18-59dc-bf34-102b7f6abfee,unit,"{""dataset_id"":""urn:uuid:6090fc4b-b34d-5cff-8f65-acaa06ddd1fc"",""id"":""urn:uuid:321a93e1-8c18-59dc-bf34-102b7f6abfee"",""normalized_state"":""published"",""owner_authority_id"":""urn:uuid:4dea4d1d-09ba-504e-9fcd-83524281ca97"",""owner_native_state"":""published"",""payload"":{""learner_route"":{""anchor"":null,""machine_data_only"":false,""route_id"":""urn:uuid:2aa436f5-fc73-5a95-85d7-2467dc715d5c"",""route_state"":""course_fallback_unit_route_planned_not_published"",""url"":""https://kokunoyumeto.github.io/discrete-mathematics-open-introduction-id/""},""localized_occurrence_id"":""urn:uuid:1420daf2-b820-557e-9ee3-dc64a52eab6e"",""localized_title_payload_sha256"":""b2544a199ffe932dccffb5bf00f6f7c03bce4553fecf7ef4810b305110aee381"",""localized_title_variant_id"":""urn:uuid:f241eef2-e510-5973-8352-ad1a9bee696c"",""native_locator"":{""canonical_path"":""source/sec_counting-proofs.ptx"",""identity_anchor"":""subsec_patternsPascal"",""source_actual_path"":""authority/upstream-82336dc87d77c3f18d2cdbc8ec1e74eb3ba38799/discrete-book-82336dc87d77c3f18d2cdbc8ec1e74eb3ba38799/source/sec_counting-proofs.ptx"",""source_xml_path"":""/section/subsection[2]"",""target_actual_path"":""repo/source/sec_counting-proofs.ptx"",""target_xml_path"":""/section/subsection[2]"",""xml_id"":""subsec_patternsPascal""},""native_unit_id"":""urn:uuid:f9a1a2de-c0d9-5fb3-955a-0ebab5459fed"",""native_unit_kind"":""subsection"",""order_key"":""0075.000007"",""parent_native_unit_id"":""urn:uuid:1e7d9dc7-fc2c-5cfd-8bb5-859955d9c31b"",""parent_projected_unit_id"":""urn:uuid:a4e55f0c-9890-56e8-925c-065677424cfa"",""rights_id"":""urn:uuid:71eb9923-410e-55f2-8fe6-41dc669a8635"",""source_file_revision_id"":""urn:uuid:e4b1bf9c-141c-5280-a5fd-daf050fe1111"",""source_file_sha256"":""2f3a7e16596c1d04a3a4901ffbd218d481ce8171f606a94980b40da536451647"",""source_subtree_sha256"":""e8abfedb3e6349dc192668a7536f85495b535f78cf6dcc820e3710fdf0998ecb"",""target_file_revision_id"":""urn:uuid:e56ae33c-c0ff-5d8f-950e-86eca596e20e"",""target_file_sha256"":""296b79684b33fe416bf54e15d24b875e777057b9a79f796c1e82b19d01bd309d"",""target_subtree_sha256"":""98f08fec0340313440444921648a541f8618ae5efac5acb52d84b62f17a326f3"",""title"":""Pola dalam Segitiga Pascal"",""title_locale"":""id-ID"",""translation_state"":""published""},""record_type"":""unit"",""recorded_at"":""2026-08-30T00:00:00Z"",""semantic_key"":""b10:dmoi4:unit:urn:uuid:f9a1a2de-c0d9-5fb3-955a-0ebab5459fed""}"
urn:uuid:0f9c2112-394c-57cc-a92b-cf80d80cdabb,unit,"{""dataset_id"":""urn:uuid:6090fc4b-b34d-5cff-8f65-acaa06ddd1fc"",""id"":""urn:uuid:0f9c2112-394c-57cc-a92b-cf80d80cdabb"",""normalized_state"":""published"",""owner_authority_id"":""urn:uuid:4dea4d1d-09ba-504e-9fcd-83524281ca97"",""owner_native_state"":""published"",""payload"":{""learner_route"":{""anchor"":null,""machine_data_only"":false,""route_id"":""urn:uuid:2aa436f5-fc73-5a95-85d7-2467dc715d5c"",""route_state"":""course_fallback_unit_route_planned_not_published"",""url"":""https://kokunoyumeto.github.io/discrete-mathematics-open-introduction-id/""},""localized_occurrence_id"":""urn:uuid:2a799d29-9140-508b-88a0-97dc54437912"",""localized_title_payload_sha256"":""17e43fbe2c2b92739148a99c7a7fd9f09fc5f10131608c14380508c082257fd3"",""localized_title_variant_id"":""urn:uuid:a435c47b-f542-5f99-b112-f1a1bb177f48"",""native_locator"":{""canonical_path"":""source/sec_counting-proofs.ptx"",""identity_anchor"":""subsec_moreProofs"",""source_actual_path"":""authority/upstream-82336dc87d77c3f18d2cdbc8ec1e74eb3ba38799/discrete-book-82336dc87d77c3f18d2cdbc8ec1e74eb3ba38799/source/sec_counting-proofs.ptx"",""source_xml_path"":""/section/subsection[3]"",""target_actual_path"":""repo/source/sec_counting-proofs.ptx"",""target_xml_path"":""/section/subsection[3]"",""xml_id"":""subsec_moreProofs""},""native_unit_id"":""urn:uuid:b9cfe798-1eda-5676-bcb2-35ae152245a0"",""native_unit_kind"":""subsection"",""order_key"":""0075.000022"",""parent_native_unit_id"":""urn:uuid:1e7d9dc7-fc2c-5cfd-8bb5-859955d9c31b"",""parent_projected_unit_id"":""urn:uuid:a4e55f0c-9890-56e8-925c-065677424cfa"",""rights_id"":""urn:uuid:71eb9923-410e-55f2-8fe6-41dc669a8635"",""source_file_revision_id"":""urn:uuid:e4b1bf9c-141c-5280-a5fd-daf050fe1111"",""source_file_sha256"":""2f3a7e16596c1d04a3a4901ffbd218d481ce8171f606a94980b40da536451647"",""source_subtree_sha256"":""a18894d72b95a7b40f0a7d3dec8d51be6fe84683fee96d9497509beed6ddc3e6"",""target_file_revision_id"":""urn:uuid:e56ae33c-c0ff-5d8f-950e-86eca596e20e"",""target_file_sha256"":""296b79684b33fe416bf54e15d24b875e777057b9a79f796c1e82b19d01bd309d"",""target_subtree_sha256"":""3484aa466745cd976996a5b00f0aaf1a58b20f1969f10f3e6dcfc89c0c96f6ed"",""title"":""Pembuktian Lainnya"",""title_locale"":""id-ID"",""translation_state"":""published""},""record_type"":""unit"",""recorded_at"":""2026-08-30T00:00:00Z"",""semantic_key"":""b10:dmoi4:unit:urn:uuid:b9cfe798-1eda-5676-bcb2-35ae152245a0""}"
urn:uuid:b7a0541f-4f3d-5f21-a26e-7dbcd2f5c814,unit,"{""dataset_id"":""urn:uuid:6090fc4b-b34d-5cff-8f65-acaa06ddd1fc"",""id"":""urn:uuid:b7a0541f-4f3d-5f21-a26e-7dbcd2f5c814"",""normalized_state"":""published"",""owner_authority_id"":""urn:uuid:4dea4d1d-09ba-504e-9fcd-83524281ca97"",""owner_native_state"":""published"",""payload"":{""learner_route"":{""anchor"":null,""machine_data_only"":false,""route_id"":""urn:uuid:2aa436f5-fc73-5a95-85d7-2467dc715d5c"",""route_state"":""course_fallback_unit_route_planned_not_published"",""url"":""https://kokunoyumeto.github.io/discrete-mathematics-open-introduction-id/""},""localized_occurrence_id"":""urn:uuid:4778e164-0156-528e-993b-4eb68c5ddfd4"",""localized_title_payload_sha256"":""32921308feee40970caa699d20169e0b190ce964d73fc4eadf872879ae7f48e5"",""localized_title_variant_id"":""urn:uuid:6a1c923d-641c-51cd-8066-265ae63e1d26"",""native_locator"":{""canonical_path"":""source/sec_counting-probability.ptx"",""identity_anchor"":""sec-counting-probability"",""source_actual_path"":""authority/upstream-82336dc87d77c3f18d2cdbc8ec1e74eb3ba38799/discrete-book-82336dc87d77c3f18d2cdbc8ec1e74eb3ba38799/source/sec_counting-probability.ptx"",""source_xml_path"":""/section"",""target_actual_path"":""repo/source/sec_counting-probability.ptx"",""target_xml_path"":""/section"",""xml_id"":""sec-counting-probability""},""native_unit_id"":""urn:uuid:3832a877-42f8-5dbc-8ab2-c1c17e5e38e5"",""native_unit_kind"":""section"",""order_key"":""0079.000001"",""parent_native_unit_id"":""urn:uuid:64c227a4-1910-5e86-83b7-f0d47ca13f5f"",""parent_projected_unit_id"":""urn:uuid:3719f407-3958-5213-8408-baade6dd0bdd"",""rights_id"":""urn:uuid:71eb9923-410e-55f2-8fe6-41dc669a8635"",""source_file_revision_id"":""urn:uuid:e0a279da-3267-5fb5-b84c-64fc54504b16"",""source_file_sha256"":""b29204e9b0dff5c3125109364d8e528fb5c1bfa722b1e9b74b25d0e7f0e56e21"",""source_subtree_sha256"":""dbd6ce35f7f70226b972e171021a69f7e1f82acceaa88f48669f39927d618172"",""target_file_revision_id"":""urn:uuid:562cdb92-6fec-5087-b179-0deff87b6ebf"",""target_file_sha256"":""5e5fe5c984be0910129a875d23d3cceef5609218d3afd58aa0c9f8188d5ffa56"",""target_subtree_sha256"":""0e6cd375c02117ef12b81f852e2b878b2ba06288c849b8b4c5f1e4ef9b20dbfe"",""title"":""Penerapan pada Peluang"",""title_locale"":""id-ID"",""translation_state"":""published""},""record_type"":""unit"",""recorded_at"":""2026-08-30T00:00:00Z"",""semantic_key"":""b10:dmoi4:unit:urn:uuid:3832a877-42f8-5dbc-8ab2-c1c17e5e38e5""}"
urn:uuid:67788ef1-7b87-5de3-8950-9f600b966c26,unit,"{""dataset_id"":""urn:uuid:6090fc4b-b34d-5cff-8f65-acaa06ddd1fc"",""id"":""urn:uuid:67788ef1-7b87-5de3-8950-9f600b966c26"",""normalized_state"":""published"",""owner_authority_id"":""urn:uuid:4dea4d1d-09ba-504e-9fcd-83524281ca97"",""owner_native_state"":""published"",""payload"":{""learner_route"":{""anchor"":null,""machine_data_only"":false,""route_id"":""urn:uuid:2aa436f5-fc73-5a95-85d7-2467dc715d5c"",""route_state"":""course_fallback_unit_route_planned_not_published"",""url"":""https://kokunoyumeto.github.io/discrete-mathematics-open-introduction-id/""},""localized_occurrence_id"":""urn:uuid:4b93c8c9-aef3-5dbe-99ea-4b0e9fe8fbfb"",""localized_title_payload_sha256"":""0ec14531841185758ad6feee5626c413110533aa652a65c87a5247f7e0a8ce6b"",""localized_title_variant_id"":""urn:uuid:2306f48a-fa1b-526a-ac5e-b44cf9ca1d2b"",""native_locator"":{""canonical_path"":""source/sec_counting-probability.ptx"",""identity_anchor"":""source/sec_counting-probability.ptx#/section/subsection[1]"",""source_actual_path"":""authority/upstream-82336dc87d77c3f18d2cdbc8ec1e74eb3ba38799/discrete-book-82336dc87d77c3f18d2cdbc8ec1e74eb3ba38799/source/sec_counting-probability.ptx"",""source_xml_path"":""/section/subsection[1]"",""target_actual_path"":""repo/source/sec_counting-probability.ptx"",""target_xml_path"":""/section/subsection[1]"",""xml_id"":null},""native_unit_id"":""urn:uuid:8190cac9-7d71-5d79-a618-7fdc63a065f9"",""native_unit_kind"":""subsection"",""order_key"":""0079.000003"",""parent_native_unit_id"":""urn:uuid:3832a877-42f8-5dbc-8ab2-c1c17e5e38e5"",""parent_projected_unit_id"":""urn:uuid:b7a0541f-4f3d-5f21-a26e-7dbcd2f5c814"",""rights_id"":""urn:uuid:71eb9923-410e-55f2-8fe6-41dc669a8635"",""source_file_revision_id"":""urn:uuid:e0a279da-3267-5fb5-b84c-64fc54504b16"",""source_file_sha256"":""b29204e9b0dff5c3125109364d8e528fb5c1bfa722b1e9b74b25d0e7f0e56e21"",""source_subtree_sha256"":""cc7fa2886a3c3e6395d1bf399d25a59ec633d7d4c952125c4ebe3c4dd8617343"",""target_file_revision_id"":""urn:uuid:562cdb92-6fec-5087-b179-0deff87b6ebf"",""target_file_sha256"":""5e5fe5c984be0910129a875d23d3cceef5609218d3afd58aa0c9f8188d5ffa56"",""target_subtree_sha256"":""3d81358d45fd14f53aa5881f8c8f89a692842fedf160dc9b1e5414346c6cee4b"",""title"":""Pratinjau Bagian"",""title_locale"":""id-ID"",""translation_state"":""published""},""record_type"":""unit"",""recorded_at"":""2026-08-30T00:00:00Z"",""semantic_key"":""b10:dmoi4:unit:urn:uuid:8190cac9-7d71-5d79-a618-7fdc63a065f9""}"
urn:uuid:ec15bbbb-8c68-53ee-81e5-14e91df5d9ec,unit,"{""dataset_id"":""urn:uuid:6090fc4b-b34d-5cff-8f65-acaa06ddd1fc"",""id"":""urn:uuid:ec15bbbb-8c68-53ee-81e5-14e91df5d9ec"",""normalized_state"":""published"",""owner_authority_id"":""urn:uuid:4dea4d1d-09ba-504e-9fcd-83524281ca97"",""owner_native_state"":""published"",""payload"":{""learner_route"":{""anchor"":null,""machine_data_only"":false,""route_id"":""urn:uuid:2aa436f5-fc73-5a95-85d7-2467dc715d5c"",""route_state"":""course_fallback_unit_route_planned_not_published"",""url"":""https://kokunoyumeto.github.io/discrete-mathematics-open-introduction-id/""},""localized_occurrence_id"":""urn:uuid:c5891dd1-6846-5c0a-95f9-a0b3fff4100a"",""localized_title_payload_sha256"":""fdbbcc7746a3036387a5dd5025800a07dbaa88381a0a31736d2bdaaf7d123aa6"",""localized_title_variant_id"":""urn:uuid:3965cc0d-d66c-5b61-b3ab-d6068048ae5b"",""native_locator"":{""canonical_path"":""source/sec_counting-probability.ptx"",""identity_anchor"":""subsec-computing-probabilities"",""source_actual_path"":""authority/upstream-82336dc87d77c3f18d2cdbc8ec1e74eb3ba38799/discrete-book-82336dc87d77c3f18d2cdbc8ec1e74eb3ba38799/source/sec_counting-probability.ptx"",""source_xml_path"":""/section/subsection[2]"",""target_actual_path"":""repo/source/sec_counting-probability.ptx"",""target_xml_path"":""/section/subsection[2]"",""xml_id"":""subsec-computing-probabilities""},""native_unit_id"":""urn:uuid:f25f3d25-e332-5e2f-be48-aa6cb3f52aed"",""native_unit_kind"":""subsection"",""order_key"":""0079.000025"",""parent_native_unit_id"":""urn:uuid:3832a877-42f8-5dbc-8ab2-c1c17e5e38e5"",""parent_projected_unit_id"":""urn:uuid:b7a0541f-4f3d-5f21-a26e-7dbcd2f5c814"",""rights_id"":""urn:uuid:71eb9923-410e-55f2-8fe6-41dc669a8635"",""source_file_revision_id"":""urn:uuid:e0a279da-3267-5fb5-b84c-64fc54504b16"",""source_file_sha256"":""b29204e9b0dff5c3125109364d8e528fb5c1bfa722b1e9b74b25d0e7f0e56e21"",""source_subtree_sha256"":""5377b628da0c0e658306226ee69ed5a24c1e850925268c6b7d2c907c33967bb3"",""target_file_revision_id"":""urn:uuid:562cdb92-6fec-5087-b179-0deff87b6ebf"",""target_file_sha256"":""5e5fe5c984be0910129a875d23d3cceef5609218d3afd58aa0c9f8188d5ffa56"",""target_subtree_sha256"":""01b35a62344bc2fe62c7cac083adc40e24073f2f71067fcb481080a5730fa10c"",""title"":""Menghitung Peluang"",""title_locale"":""id-ID"",""translation_state"":""published""},""record_type"":""unit"",""recorded_at"":""2026-08-30T00:00:00Z"",""semantic_key"":""b10:dmoi4:unit:urn:uuid:f25f3d25-e332-5e2f-be48-aa6cb3f52aed""}"
urn:uuid:8a3f06ce-3e74-506e-a699-c363f9deb50b,unit,"{""dataset_id"":""urn:uuid:6090fc4b-b34d-5cff-8f65-acaa06ddd1fc"",""id"":""urn:uuid:8a3f06ce-3e74-506e-a699-c363f9deb50b"",""normalized_state"":""published"",""owner_authority_id"":""urn:uuid:4dea4d1d-09ba-504e-9fcd-83524281ca97"",""owner_native_state"":""published"",""payload"":{""learner_route"":{""anchor"":null,""machine_data_only"":false,""route_id"":""urn:uuid:2aa436f5-fc73-5a95-85d7-2467dc715d5c"",""route_state"":""course_fallback_unit_route_planned_not_published"",""url"":""https://kokunoyumeto.github.io/discrete-mathematics-open-introduction-id/""},""localized_occurrence_id"":""urn:uuid:bd7a24f5-81e9-5188-9dac-26801dcb7cd0"",""localized_title_payload_sha256"":""b808b0bf35ea3f1455ad21f7df650d5db3fefa202b62cebf4ff80017c51d2b70"",""localized_title_variant_id"":""urn:uuid:523f31e9-431d-5d42-afc1-47845298774f"",""native_locator"":{""canonical_path"":""source/sec_counting-probability.ptx"",""identity_anchor"":""subsec-probability-rules"",""source_actual_path"":""authority/upstream-82336dc87d77c3f18d2cdbc8ec1e74eb3ba38799/discrete-book-82336dc87d77c3f18d2cdbc8ec1e74eb3ba38799/source/sec_counting-probability.ptx"",""source_xml_path"":""/section/subsection[3]"",""target_actual_path"":""repo/source/sec_counting-probability.ptx"",""target_xml_path"":""/section/subsection[3]"",""xml_id"":""subsec-probability-rules""},""native_unit_id"":""urn:uuid:e7defa00-7fc3-5e8c-82b0-175177750bce"",""native_unit_kind"":""subsection"",""order_key"":""0079.000040"",""parent_native_unit_id"":""urn:uuid:3832a877-42f8-5dbc-8ab2-c1c17e5e38e5"",""parent_projected_unit_id"":""urn:uuid:b7a0541f-4f3d-5f21-a26e-7dbcd2f5c814"",""rights_id"":""urn:uuid:71eb9923-410e-55f2-8fe6-41dc669a8635"",""source_file_revision_id"":""urn:uuid:e0a279da-3267-5fb5-b84c-64fc54504b16"",""source_file_sha256"":""b29204e9b0dff5c3125109364d8e528fb5c1bfa722b1e9b74b25d0e7f0e56e21"",""source_subtree_sha256"":""30d21010e7a5a1b0939716ee3cf2ce6c93dc910b9d2db11695ff02cd2ca02967"",""target_file_revision_id"":""urn:uuid:562cdb92-6fec-5087-b179-0deff87b6ebf"",""target_file_sha256"":""5e5fe5c984be0910129a875d23d3cceef5609218d3afd58aa0c9f8188d5ffa56"",""target_subtree_sha256"":""9814109a30a33e0c942ff0e43c0d340e0a89f153d07d86fd94d050530352308d"",""title"":""Aturan Peluang"",""title_locale"":""id-ID"",""translation_state"":""published""},""record_type"":""unit"",""recorded_at"":""2026-08-30T00:00:00Z"",""semantic_key"":""b10:dmoi4:unit:urn:uuid:e7defa00-7fc3-5e8c-82b0-175177750bce""}"
urn:uuid:e7643c9b-51b1-5a5e-bf63-ce3e6b7b5e19,unit,"{""dataset_id"":""urn:uuid:6090fc4b-b34d-5cff-8f65-acaa06ddd1fc"",""id"":""urn:uuid:e7643c9b-51b1-5a5e-bf63-ce3e6b7b5e19"",""normalized_state"":""published"",""owner_authority_id"":""urn:uuid:4dea4d1d-09ba-504e-9fcd-83524281ca97"",""owner_native_state"":""published"",""payload"":{""learner_route"":{""anchor"":null,""machine_data_only"":false,""route_id"":""urn:uuid:2aa436f5-fc73-5a95-85d7-2467dc715d5c"",""route_state"":""course_fallback_unit_route_planned_not_published"",""url"":""https://kokunoyumeto.github.io/discrete-mathematics-open-introduction-id/""},""localized_occurrence_id"":""urn:uuid:5aa46039-47e6-580a-bda2-2d27eaaa07b1"",""localized_title_payload_sha256"":""89821af65afbd358c2e7e47bbd6deda38ebb40f296db394e0adbdacca1177655"",""localized_title_variant_id"":""urn:uuid:745a8266-3d8f-56f5-bc34-832ae904fceb"",""native_locator"":{""canonical_path"":""source/sec_counting-probability.ptx"",""identity_anchor"":""source/sec_counting-probability.ptx#/section/subsection[4]"",""source_actual_path"":""authority/upstream-82336dc87d77c3f18d2cdbc8ec1e74eb3ba38799/discrete-book-82336dc87d77c3f18d2cdbc8ec1e74eb3ba38799/source/sec_counting-probability.ptx"",""source_xml_path"":""/section/subsection[4]"",""target_actual_path"":""repo/source/sec_counting-probability.ptx"",""target_xml_path"":""/section/subsection[4]"",""xml_id"":null},""native_unit_id"":""urn:uuid:46e4715d-b87f-5a1b-8f0b-13391d54822f"",""native_unit_kind"":""subsection"",""order_key"":""0079.000059"",""parent_native_unit_id"":""urn:uuid:3832a877-42f8-5dbc-8ab2-c1c17e5e38e5"",""parent_projected_unit_id"":""urn:uuid:b7a0541f-4f3d-5f21-a26e-7dbcd2f5c814"",""rights_id"":""urn:uuid:71eb9923-410e-55f2-8fe6-41dc669a8635"",""source_file_revision_id"":""urn:uuid:e0a279da-3267-5fb5-b84c-64fc54504b16"",""source_file_sha256"":""b29204e9b0dff5c3125109364d8e528fb5c1bfa722b1e9b74b25d0e7f0e56e21"",""source_subtree_sha256"":""5f46a868753b4458417539c06f8959b178389c86113eae2a18f587fcee076de5"",""target_file_revision_id"":""urn:uuid:562cdb92-6fec-5087-b179-0deff87b6ebf"",""target_file_sha256"":""5e5fe5c984be0910129a875d23d3cceef5609218d3afd58aa0c9f8188d5ffa56"",""target_subtree_sha256"":""54f35a2a3c809e70c7c70d9b3b3ff3705754d115ab2736a61a6095bd3f0569b4"",""title"":""Peluang Bersyarat"",""title_locale"":""id-ID"",""translation_state"":""published""},""record_type"":""unit"",""recorded_at"":""2026-08-30T00:00:00Z"",""semantic_key"":""b10:dmoi4:unit:urn:uuid:46e4715d-b87f-5a1b-8f0b-13391d54822f""}"
urn:uuid:1a61f843-766b-5ab0-8caa-7ad6f75f241d,unit,"{""dataset_id"":""urn:uuid:6090fc4b-b34d-5cff-8f65-acaa06ddd1fc"",""id"":""urn:uuid:1a61f843-766b-5ab0-8caa-7ad6f75f241d"",""normalized_state"":""published"",""owner_authority_id"":""urn:uuid:4dea4d1d-09ba-504e-9fcd-83524281ca97"",""owner_native_state"":""published"",""payload"":{""learner_route"":{""anchor"":null,""machine_data_only"":false,""route_id"":""urn:uuid:2aa436f5-fc73-5a95-85d7-2467dc715d5c"",""route_state"":""course_fallback_unit_route_planned_not_published"",""url"":""https://kokunoyumeto.github.io/discrete-mathematics-open-introduction-id/""},""localized_occurrence_id"":""urn:uuid:a3b25a81-72e8-52a4-9927-415bd355c1f1"",""localized_title_payload_sha256"":""b9659cf09c8cf4c3f9855dcf7609e2c6d7d84464a5873441a679e4e22ec84775"",""localized_title_variant_id"":""urn:uuid:b90e51b0-1572-5f93-ab9b-3ca776524677"",""native_locator"":{""canonical_path"":""source/sec_counting-advPIE.ptx"",""identity_anchor"":""sec_advPIE"",""source_actual_path"":""authority/upstream-82336dc87d77c3f18d2cdbc8ec1e74eb3ba38799/discrete-book-82336dc87d77c3f18d2cdbc8ec1e74eb3ba38799/source/sec_counting-advPIE.ptx"",""source_xml_path"":""/section"",""target_actual_path"":""repo/source/sec_counting-advPIE.ptx"",""target_xml_path"":""/section"",""xml_id"":""sec_advPIE""},""native_unit_id"":""urn:uuid:04ec8099-78a5-58ca-b8e7-bb113bb2020a"",""native_unit_kind"":""section"",""order_key"":""0082.000001"",""parent_native_unit_id"":""urn:uuid:64c227a4-1910-5e86-83b7-f0d47ca13f5f"",""parent_projected_unit_id"":""urn:uuid:3719f407-3958-5213-8408-baade6dd0bdd"",""rights_id"":""urn:uuid:71eb9923-410e-55f2-8fe6-41dc669a8635"",""source_file_revision_id"":""urn:uuid:490f6a5e-abc3-55d8-9713-539a92f9a377"",""source_file_sha256"":""ce34eb9d73c7af8b3d83a9aa043eb82073927abe9d69e22479739073ed267049"",""source_subtree_sha256"":""a334c5aa15b06db5d5dca19ad958be37a6cff6782fe4311a4958f1f282e6ad83"",""target_file_revision_id"":""urn:uuid:a11c66eb-e0f6-5f75-80bd-ab69915eb118"",""target_file_sha256"":""f61604b93635a632c4cc104a14caa3b957579bf6f9443ceced492395d1db53cb"",""target_subtree_sha256"":""9fe7d482d58bd58f5741d97f45110f74a96b80d604502ca6fd490735acdf4893"",""title"":""Pencacahan Lanjut dengan Prinsip Inklusi–Eksklusi"",""title_locale"":""id-ID"",""translation_state"":""published""},""record_type"":""unit"",""recorded_at"":""2026-08-30T00:00:00Z"",""semantic_key"":""b10:dmoi4:unit:urn:uuid:04ec8099-78a5-58ca-b8e7-bb113bb2020a""}"
urn:uuid:742242f6-5e88-5b3c-9694-cb600784d6a5,unit,"{""dataset_id"":""urn:uuid:6090fc4b-b34d-5cff-8f65-acaa06ddd1fc"",""id"":""urn:uuid:742242f6-5e88-5b3c-9694-cb600784d6a5"",""normalized_state"":""published"",""owner_authority_id"":""urn:uuid:4dea4d1d-09ba-504e-9fcd-83524281ca97"",""owner_native_state"":""published"",""payload"":{""learner_route"":{""anchor"":null,""machine_data_only"":false,""route_id"":""urn:uuid:2aa436f5-fc73-5a95-85d7-2467dc715d5c"",""route_state"":""course_fallback_unit_route_planned_not_published"",""url"":""https://kokunoyumeto.github.io/discrete-mathematics-open-introduction-id/""},""localized_occurrence_id"":""urn:uuid:03a4d95b-db6f-5f71-9c58-71ab2f615029"",""localized_title_payload_sha256"":""0ec14531841185758ad6feee5626c413110533aa652a65c87a5247f7e0a8ce6b"",""localized_title_variant_id"":""urn:uuid:8b948fcc-b6f8-567f-a334-c95c3bf8aca2"",""native_locator"":{""canonical_path"":""source/sec_counting-advPIE.ptx"",""identity_anchor"":""source/sec_counting-advPIE.ptx#/section/subsection[1]"",""source_actual_path"":""authority/upstream-82336dc87d77c3f18d2cdbc8ec1e74eb3ba38799/discrete-book-82336dc87d77c3f18d2cdbc8ec1e74eb3ba38799/source/sec_counting-advPIE.ptx"",""source_xml_path"":""/section/subsection[1]"",""target_actual_path"":""repo/source/sec_counting-advPIE.ptx"",""target_xml_path"":""/section/subsection[1]"",""xml_id"":null},""native_unit_id"":""urn:uuid:b2e4bd61-071e-514c-8788-c44863c4b8ef"",""native_unit_kind"":""subsection"",""order_key"":""0082.000004"",""parent_native_unit_id"":""urn:uuid:04ec8099-78a5-58ca-b8e7-bb113bb2020a"",""parent_projected_unit_id"":""urn:uuid:1a61f843-766b-5ab0-8caa-7ad6f75f241d"",""rights_id"":""urn:uuid:71eb9923-410e-55f2-8fe6-41dc669a8635"",""source_file_revision_id"":""urn:uuid:490f6a5e-abc3-55d8-9713-539a92f9a377"",""source_file_sha256"":""ce34eb9d73c7af8b3d83a9aa043eb82073927abe9d69e22479739073ed267049"",""source_subtree_sha256"":""40fbb1943a5238fd52e87486141794b87aad69289e470e672acb1d705da08dd6"",""target_file_revision_id"":""urn:uuid:a11c66eb-e0f6-5f75-80bd-ab69915eb118"",""target_file_sha256"":""f61604b93635a632c4cc104a14caa3b957579bf6f9443ceced492395d1db53cb"",""target_subtree_sha256"":""5315db4cabd38965d8aa3da4b80779e96dcdb6119ea366ff7feda33e47400603"",""title"":""Pratinjau Bagian"",""title_locale"":""id-ID"",""translation_state"":""published""},""record_type"":""unit"",""recorded_at"":""2026-08-30T00:00:00Z"",""semantic_key"":""b10:dmoi4:unit:urn:uuid:b2e4bd61-071e-514c-8788-c44863c4b8ef""}"
urn:uuid:84f368f1-2de4-5967-803d-0d82da660a94,unit,"{""dataset_id"":""urn:uuid:6090fc4b-b34d-5cff-8f65-acaa06ddd1fc"",""id"":""urn:uuid:84f368f1-2de4-5967-803d-0d82da660a94"",""normalized_state"":""published"",""owner_authority_id"":""urn:uuid:4dea4d1d-09ba-504e-9fcd-83524281ca97"",""owner_native_state"":""published"",""payload"":{""learner_route"":{""anchor"":null,""machine_data_only"":false,""route_id"":""urn:uuid:2aa436f5-fc73-5a95-85d7-2467dc715d5c"",""route_state"":""course_fallback_unit_route_planned_not_published"",""url"":""https://kokunoyumeto.github.io/discrete-mathematics-open-introduction-id/""},""localized_occurrence_id"":""urn:uuid:0db15156-0ec8-54a2-8921-e5031580e586"",""localized_title_payload_sha256"":""df9ca42540490f7adab6de35dbc816938bd041a0abed7e17e8aa68492c213a30"",""localized_title_variant_id"":""urn:uuid:2b244d03-6e07-54bf-92fa-28ad38990051"",""native_locator"":{""canonical_path"":""source/sec_counting-advPIE.ptx"",""identity_anchor"":""subsec-multset-pie"",""source_actual_path"":""authority/upstream-82336dc87d77c3f18d2cdbc8ec1e74eb3ba38799/discrete-book-82336dc87d77c3f18d2cdbc8ec1e74eb3ba38799/source/sec_counting-advPIE.ptx"",""source_xml_path"":""/section/subsection[2]"",""target_actual_path"":""repo/source/sec_counting-advPIE.ptx"",""target_xml_path"":""/section/subsection[2]"",""xml_id"":""subsec-multset-pie""},""native_unit_id"":""urn:uuid:fbd6c617-604f-56b8-8ad2-4eb0c3788400"",""native_unit_kind"":""subsection"",""order_key"":""0082.000021"",""parent_native_unit_id"":""urn:uuid:04ec8099-78a5-58ca-b8e7-bb113bb2020a"",""parent_projected_unit_id"":""urn:uuid:1a61f843-766b-5ab0-8caa-7ad6f75f241d"",""rights_id"":""urn:uuid:71eb9923-410e-55f2-8fe6-41dc669a8635"",""source_file_revision_id"":""urn:uuid:490f6a5e-abc3-55d8-9713-539a92f9a377"",""source_file_sha256"":""ce34eb9d73c7af8b3d83a9aa043eb82073927abe9d69e22479739073ed267049"",""source_subtree_sha256"":""51da7ea09b7770fb1e97cc4a5c0968c3d49393ecadbcc06a89e8f47f7fd0067a"",""target_file_revision_id"":""urn:uuid:a11c66eb-e0f6-5f75-80bd-ab69915eb118"",""target_file_sha256"":""f61604b93635a632c4cc104a14caa3b957579bf6f9443ceced492395d1db53cb"",""target_subtree_sha256"":""8b2d564fd767b23d68bfa5f3bf18b48a46bf8da5d055a1854c620dd30d5f279f"",""title"":""Prinsip Inklusi–Eksklusi untuk Multihimpunan"",""title_locale"":""id-ID"",""translation_state"":""published""},""record_type"":""unit"",""recorded_at"":""2026-08-30T00:00:00Z"",""semantic_key"":""b10:dmoi4:unit:urn:uuid:fbd6c617-604f-56b8-8ad2-4eb0c3788400""}"
urn:uuid:ff7c27a3-526a-5467-8ef3-38b349d0dce6,unit,"{""dataset_id"":""urn:uuid:6090fc4b-b34d-5cff-8f65-acaa06ddd1fc"",""id"":""urn:uuid:ff7c27a3-526a-5467-8ef3-38b349d0dce6"",""normalized_state"":""published"",""owner_authority_id"":""urn:uuid:4dea4d1d-09ba-504e-9fcd-83524281ca97"",""owner_native_state"":""published"",""payload"":{""learner_route"":{""anchor"":null,""machine_data_only"":false,""route_id"":""urn:uuid:2aa436f5-fc73-5a95-85d7-2467dc715d5c"",""route_state"":""course_fallback_unit_route_planned_not_published"",""url"":""https://kokunoyumeto.github.io/discrete-mathematics-open-introduction-id/""},""localized_occurrence_id"":""urn:uuid:721c51eb-c1e8-532f-a46e-f430a0f872d0"",""localized_title_payload_sha256"":""fa64303c90a83b68865145ac16033490659956c9cb2986263eea714f6417d52f"",""localized_title_variant_id"":""urn:uuid:87239b62-b441-52f5-9d70-8b98cd1fb56c"",""native_locator"":{""canonical_path"":""source/sec_counting-advPIE.ptx"",""identity_anchor"":""subsec_derangements"",""source_actual_path"":""authority/upstream-82336dc87d77c3f18d2cdbc8ec1e74eb3ba38799/discrete-book-82336dc87d77c3f18d2cdbc8ec1e74eb3ba38799/source/sec_counting-advPIE.ptx"",""source_xml_path"":""/section/subsection[3]"",""target_actual_path"":""repo/source/sec_counting-advPIE.ptx"",""target_xml_path"":""/section/subsection[3]"",""xml_id"":""subsec_derangements""},""native_unit_id"":""urn:uuid:9da9f3a0-81ce-561b-b625-1fe204a5212a"",""native_unit_kind"":""subsection"",""order_key"":""0082.000029"",""parent_native_unit_id"":""urn:uuid:04ec8099-78a5-58ca-b8e7-bb113bb2020a"",""parent_projected_unit_id"":""urn:uuid:1a61f843-766b-5ab0-8caa-7ad6f75f241d"",""rights_id"":""urn:uuid:71eb9923-410e-55f2-8fe6-41dc669a8635"",""source_file_revision_id"":""urn:uuid:490f6a5e-abc3-55d8-9713-539a92f9a377"",""source_file_sha256"":""ce34eb9d73c7af8b3d83a9aa043eb82073927abe9d69e22479739073ed267049"",""source_subtree_sha256"":""dde9ecea720d63f30547e1c3faf0c4ebee94707b7e0d8964c245fdefc6c4b109"",""target_file_revision_id"":""urn:uuid:a11c66eb-e0f6-5f75-80bd-ab69915eb118"",""target_file_sha256"":""f61604b93635a632c4cc104a14caa3b957579bf6f9443ceced492395d1db53cb"",""target_subtree_sha256"":""889a4c4a6fdc97fa6cd099def52b85bfb7e438ec7379d195e8f806c390499851"",""title"":""Mencacah Permutasi Tanpa Titik Tetap"",""title_locale"":""id-ID"",""translation_state"":""published""},""record_type"":""unit"",""recorded_at"":""2026-08-30T00:00:00Z"",""semantic_key"":""b10:dmoi4:unit:urn:uuid:9da9f3a0-81ce-561b-b625-1fe204a5212a""}"
urn:uuid:d38c092a-aefd-5d86-8bac-caf0f6f81613,unit,"{""dataset_id"":""urn:uuid:6090fc4b-b34d-5cff-8f65-acaa06ddd1fc"",""id"":""urn:uuid:d38c092a-aefd-5d86-8bac-caf0f6f81613"",""normalized_state"":""published"",""owner_authority_id"":""urn:uuid:4dea4d1d-09ba-504e-9fcd-83524281ca97"",""owner_native_state"":""published"",""payload"":{""learner_route"":{""anchor"":null,""machine_data_only"":false,""route_id"":""urn:uuid:2aa436f5-fc73-5a95-85d7-2467dc715d5c"",""route_state"":""course_fallback_unit_route_planned_not_published"",""url"":""https://kokunoyumeto.github.io/discrete-mathematics-open-introduction-id/""},""localized_occurrence_id"":""urn:uuid:ac51e495-e701-5463-ae98-62b343e8edb4"",""localized_title_payload_sha256"":""db8f461f48b74ab8bbe17acef03d5c6d328deb45bd7774b2671b953788c6ae36"",""localized_title_variant_id"":""urn:uuid:91558517-f66b-5e51-bfed-29179830b844"",""native_locator"":{""canonical_path"":""source/sec_counting-advPIE.ptx"",""identity_anchor"":""source/sec_counting-advPIE.ptx#/section/subsection[4]"",""source_actual_path"":""authority/upstream-82336dc87d77c3f18d2cdbc8ec1e74eb3ba38799/discrete-book-82336dc87d77c3f18d2cdbc8ec1e74eb3ba38799/source/sec_counting-advPIE.ptx"",""source_xml_path"":""/section/subsection[4]"",""target_actual_path"":""repo/source/sec_counting-advPIE.ptx"",""target_xml_path"":""/section/subsection[4]"",""xml_id"":null},""native_unit_id"":""urn:uuid:4ef2642b-2925-5749-bdc1-e15a4f93f02b"",""native_unit_kind"":""subsection"",""order_key"":""0082.000037"",""parent_native_unit_id"":""urn:uuid:04ec8099-78a5-58ca-b8e7-bb113bb2020a"",""parent_projected_unit_id"":""urn:uuid:1a61f843-766b-5ab0-8caa-7ad6f75f241d"",""rights_id"":""urn:uuid:71eb9923-410e-55f2-8fe6-41dc669a8635"",""source_file_revision_id"":""urn:uuid:490f6a5e-abc3-55d8-9713-539a92f9a377"",""source_file_sha256"":""ce34eb9d73c7af8b3d83a9aa043eb82073927abe9d69e22479739073ed267049"",""source_subtree_sha256"":""ba3dcf94c876cafd89cea5a7e3ba3de1addf98d439ae65d16ae80cee52b4b7fe"",""target_file_revision_id"":""urn:uuid:a11c66eb-e0f6-5f75-80bd-ab69915eb118"",""target_file_sha256"":""f61604b93635a632c4cc104a14caa3b957579bf6f9443ceced492395d1db53cb"",""target_subtree_sha256"":""2e99859a7c2cc91667b21531453da6ae3d5e6ce5c9e0a793c25bc6c07fcf57ec"",""title"":""Mencacah Fungsi"",""title_locale"":""id-ID"",""translation_state"":""published""},""record_type"":""unit"",""recorded_at"":""2026-08-30T00:00:00Z"",""semantic_key"":""b10:dmoi4:unit:urn:uuid:4ef2642b-2925-5749-bdc1-e15a4f93f02b""}"
urn:uuid:f382f851-55e1-5533-8113-fcc9ad23bfef,unit,"{""dataset_id"":""urn:uuid:6090fc4b-b34d-5cff-8f65-acaa06ddd1fc"",""id"":""urn:uuid:f382f851-55e1-5533-8113-fcc9ad23bfef"",""normalized_state"":""published"",""owner_authority_id"":""urn:uuid:4dea4d1d-09ba-504e-9fcd-83524281ca97"",""owner_native_state"":""published"",""payload"":{""learner_route"":{""anchor"":null,""machine_data_only"":false,""route_id"":""urn:uuid:2aa436f5-fc73-5a95-85d7-2467dc715d5c"",""route_state"":""course_fallback_unit_route_planned_not_published"",""url"":""https://kokunoyumeto.github.io/discrete-mathematics-open-introduction-id/""},""localized_occurrence_id"":""urn:uuid:d62eac79-6eb6-5829-917c-1ad2a60dbf17"",""localized_title_payload_sha256"":""f485ebd31068d7389b0f3fefff7c92f0706eea7e7f9387a26e508879bc90e762"",""localized_title_variant_id"":""urn:uuid:568b1322-03ab-51e8-b82b-b4986e28bb75"",""native_locator"":{""canonical_path"":""source/sec_counting-conc.ptx"",""identity_anchor"":""sec_count-conc"",""source_actual_path"":""authority/upstream-82336dc87d77c3f18d2cdbc8ec1e74eb3ba38799/discrete-book-82336dc87d77c3f18d2cdbc8ec1e74eb3ba38799/source/sec_counting-conc.ptx"",""source_xml_path"":""/section"",""target_actual_path"":""repo/source/sec_counting-conc.ptx"",""target_xml_path"":""/section"",""xml_id"":""sec_count-conc""},""native_unit_id"":""urn:uuid:f129b20d-a414-59f9-92ac-edbce3cf021d"",""native_unit_kind"":""section"",""order_key"":""0085.000001"",""parent_native_unit_id"":""urn:uuid:64c227a4-1910-5e86-83b7-f0d47ca13f5f"",""parent_projected_unit_id"":""urn:uuid:3719f407-3958-5213-8408-baade6dd0bdd"",""rights_id"":""urn:uuid:71eb9923-410e-55f2-8fe6-41dc669a8635"",""source_file_revision_id"":""urn:uuid:620a3b4e-34fd-51e2-b849-7a0988ecb962"",""source_file_sha256"":""650656ce2cdd4cce40e5d1f6cef32200cad69f16d395769f1fc4747a240ade81"",""source_subtree_sha256"":""c0bfdc1090138f944572e3095c7e464bf715eb074640eb7ed9238683ea9642fb"",""target_file_revision_id"":""urn:uuid:5d45e35f-9312-5f0b-8cfe-d4ee979c7abf"",""target_file_sha256"":""1084043633c90d009f120c5e7a845309c0e04b880794f7a451c0352a47b1c2f0"",""target_subtree_sha256"":""c87c40b70b75234c0fd43f5511f194c92ab6c6a3263f63b09b05be597b121c69"",""title"":""Ringkasan Bab"",""title_locale"":""id-ID"",""translation_state"":""published""},""record_type"":""unit"",""recorded_at"":""2026-08-30T00:00:00Z"",""semantic_key"":""b10:dmoi4:unit:urn:uuid:f129b20d-a414-59f9-92ac-edbce3cf021d""}"
urn:uuid:63c35ed2-dcef-58d1-b115-2d4b9f50167d,unit,"{""dataset_id"":""urn:uuid:6090fc4b-b34d-5cff-8f65-acaa06ddd1fc"",""id"":""urn:uuid:63c35ed2-dcef-58d1-b115-2d4b9f50167d"",""normalized_state"":""published"",""owner_authority_id"":""urn:uuid:4dea4d1d-09ba-504e-9fcd-83524281ca97"",""owner_native_state"":""published"",""payload"":{""learner_route"":{""anchor"":null,""machine_data_only"":false,""route_id"":""urn:uuid:2aa436f5-fc73-5a95-85d7-2467dc715d5c"",""route_state"":""course_fallback_unit_route_planned_not_published"",""url"":""https://kokunoyumeto.github.io/discrete-mathematics-open-introduction-id/""},""localized_occurrence_id"":""urn:uuid:a176f5e4-8fcc-54d5-8b61-68dfc243a0ba"",""localized_title_payload_sha256"":""21d626f7405b3eaa389626f48b0701ed297247e11b7f6ed03d2e10d3705ed83c"",""localized_title_variant_id"":""urn:uuid:c72061ad-b4d3-580c-b30a-cfe674960c73"",""native_locator"":{""canonical_path"":""source/ch_sequences.ptx"",""identity_anchor"":""ch_sequences"",""source_actual_path"":""authority/upstream-82336dc87d77c3f18d2cdbc8ec1e74eb3ba38799/discrete-book-82336dc87d77c3f18d2cdbc8ec1e74eb3ba38799/source/ch_sequences.ptx"",""source_xml_path"":""/chapter"",""target_actual_path"":""repo/source/ch_sequences.ptx"",""target_xml_path"":""/chapter"",""xml_id"":""ch_sequences""},""native_unit_id"":""urn:uuid:19ea5430-df56-5790-850c-cc430bf1b015"",""native_unit_kind"":""chapter"",""order_key"":""0087.000001"",""parent_native_unit_id"":""urn:uuid:82d239c3-1cde-57c4-b480-18b23beba54a"",""parent_projected_unit_id"":""urn:uuid:11550bda-ab68-58a2-ba09-1b4804a618bd"",""rights_id"":""urn:uuid:71eb9923-410e-55f2-8fe6-41dc669a8635"",""source_file_revision_id"":""urn:uuid:29073dff-0a4d-54ad-a06a-b1fad520b948"",""source_file_sha256"":""f34753084d7918aa55c72a00f9a2b1451a4a8a25f50b57b564675837e736dafb"",""source_subtree_sha256"":""eb912d688595c9233efe73c38f8c3be8a9d83d9ea1fdd96413306b3049015ea4"",""target_file_revision_id"":""urn:uuid:e406f283-f21e-539f-8bda-2346706f4865"",""target_file_sha256"":""4f67b548c82efbcbe3a519785b33f28ab95de4d15faa8c63b28eda668a569f64"",""target_subtree_sha256"":""362fcb64189f2c7e2c0af57ef2f49a6d5c9e66f4e16f8f23e83819223bf6fd24"",""title"":""Barisan"",""title_locale"":""id-ID"",""translation_state"":""published""},""record_type"":""unit"",""recorded_at"":""2026-08-30T00:00:00Z"",""semantic_key"":""b10:dmoi4:unit:urn:uuid:19ea5430-df56-5790-850c-cc430bf1b015""}"
urn:uuid:c8ad07a5-4800-5e85-b1b7-c3491ccb6008,unit,"{""dataset_id"":""urn:uuid:6090fc4b-b34d-5cff-8f65-acaa06ddd1fc"",""id"":""urn:uuid:c8ad07a5-4800-5e85-b1b7-c3491ccb6008"",""normalized_state"":""published"",""owner_authority_id"":""urn:uuid:4dea4d1d-09ba-504e-9fcd-83524281ca97"",""owner_native_state"":""published"",""payload"":{""learner_route"":{""anchor"":null,""machine_data_only"":false,""route_id"":""urn:uuid:2aa436f5-fc73-5a95-85d7-2467dc715d5c"",""route_state"":""course_fallback_unit_route_planned_not_published"",""url"":""https://kokunoyumeto.github.io/discrete-mathematics-open-introduction-id/""},""localized_occurrence_id"":""urn:uuid:f5cba31e-354f-59f1-88e1-073e17bcc850"",""localized_title_payload_sha256"":""163740ce1922ffcbaf8923dad528fafc0f8e9ca523965bcbaa1ec88576d31833"",""localized_title_variant_id"":""urn:uuid:35babc41-d900-5353-933a-027f6202a67a"",""native_locator"":{""canonical_path"":""source/sec_seq-basics.ptx"",""identity_anchor"":""sec_seq_intro"",""source_actual_path"":""authority/upstream-82336dc87d77c3f18d2cdbc8ec1e74eb3ba38799/discrete-book-82336dc87d77c3f18d2cdbc8ec1e74eb3ba38799/source/sec_seq-basics.ptx"",""source_xml_path"":""/section"",""target_actual_path"":""repo/source/sec_seq-basics.ptx"",""target_xml_path"":""/section"",""xml_id"":""sec_seq_intro""},""native_unit_id"":""urn:uuid:d77ac50a-8e92-5fb4-b32d-2884d673b368"",""native_unit_kind"":""section"",""order_key"":""0088.000001"",""parent_native_unit_id"":""urn:uuid:19ea5430-df56-5790-850c-cc430bf1b015"",""parent_projected_unit_id"":""urn:uuid:63c35ed2-dcef-58d1-b115-2d4b9f50167d"",""rights_id"":""urn:uuid:71eb9923-410e-55f2-8fe6-41dc669a8635"",""source_file_revision_id"":""urn:uuid:5f5d8e88-f65b-570b-afae-42d3668036e4"",""source_file_sha256"":""2a25a28413d91476d4c0d73da271a4ab17195deb025de7d804f34dcc0d140241"",""source_subtree_sha256"":""896edc19c8a329568791c96f6640dd54b772cc77e1bfa6196a524b6375d6997e"",""target_file_revision_id"":""urn:uuid:e3e295e2-c12c-53b2-a50f-9e2292a6855e"",""target_file_sha256"":""69ccfce5b89aa172ea2d7e8216093a6842d9cac3baea73d0f8e9b921400bde7d"",""target_subtree_sha256"":""ae118a749aacf842e2fd38dd07628c34ea5340089d7db0a823ed80346726d640"",""title"":""Mendeskripsikan Barisan"",""title_locale"":""id-ID"",""translation_state"":""published""},""record_type"":""unit"",""recorded_at"":""2026-08-30T00:00:00Z"",""semantic_key"":""b10:dmoi4:unit:urn:uuid:d77ac50a-8e92-5fb4-b32d-2884d673b368""}"
urn:uuid:1fabeeeb-9b09-5c0b-953a-67ed60765ce4,unit,"{""dataset_id"":""urn:uuid:6090fc4b-b34d-5cff-8f65-acaa06ddd1fc"",""id"":""urn:uuid:1fabeeeb-9b09-5c0b-953a-67ed60765ce4"",""normalized_state"":""published"",""owner_authority_id"":""urn:uuid:4dea4d1d-09ba-504e-9fcd-83524281ca97"",""owner_native_state"":""published"",""payload"":{""learner_route"":{""anchor"":null,""machine_data_only"":false,""route_id"":""urn:uuid:2aa436f5-fc73-5a95-85d7-2467dc715d5c"",""route_state"":""course_fallback_unit_route_planned_not_published"",""url"":""https://kokunoyumeto.github.io/discrete-mathematics-open-introduction-id/""},""localized_occurrence_id"":""urn:uuid:4a73ce08-203d-5e96-bb43-86c68f769d45"",""localized_title_payload_sha256"":""0ec14531841185758ad6feee5626c413110533aa652a65c87a5247f7e0a8ce6b"",""localized_title_variant_id"":""urn:uuid:d816cbcd-74e5-527c-b690-09a6f70a870b"",""native_locator"":{""canonical_path"":""source/sec_seq-basics.ptx"",""identity_anchor"":""subsec-preview"",""source_actual_path"":""authority/upstream-82336dc87d77c3f18d2cdbc8ec1e74eb3ba38799/discrete-book-82336dc87d77c3f18d2cdbc8ec1e74eb3ba38799/source/sec_seq-basics.ptx"",""source_xml_path"":""/section/subsection[1]"",""target_actual_path"":""repo/source/sec_seq-basics.ptx"",""target_xml_path"":""/section/subsection[1]"",""xml_id"":""subsec-preview""},""native_unit_id"":""urn:uuid:b7c2189f-42cf-5bf5-8458-d6c20d5ea6df"",""native_unit_kind"":""subsection"",""order_key"":""0088.000003"",""parent_native_unit_id"":""urn:uuid:d77ac50a-8e92-5fb4-b32d-2884d673b368"",""parent_projected_unit_id"":""urn:uuid:c8ad07a5-4800-5e85-b1b7-c3491ccb6008"",""rights_id"":""urn:uuid:71eb9923-410e-55f2-8fe6-41dc669a8635"",""source_file_revision_id"":""urn:uuid:5f5d8e88-f65b-570b-afae-42d3668036e4"",""source_file_sha256"":""2a25a28413d91476d4c0d73da271a4ab17195deb025de7d804f34dcc0d140241"",""source_subtree_sha256"":""9648e97fa34fe13fe5ebd5f0f4ce333dd7cfadae5b773e69088a1f2ad6e607fa"",""target_file_revision_id"":""urn:uuid:e3e295e2-c12c-53b2-a50f-9e2292a6855e"",""target_file_sha256"":""69ccfce5b89aa172ea2d7e8216093a6842d9cac3baea73d0f8e9b921400bde7d"",""target_subtree_sha256"":""372f908ec63498928fbd061e74bc5f5f2f397c464fdbae992941df07dcfc1118"",""title"":""Pratinjau Bagian"",""title_locale"":""id-ID"",""translation_state"":""published""},""record_type"":""unit"",""recorded_at"":""2026-08-30T00:00:00Z"",""semantic_key"":""b10:dmoi4:unit:urn:uuid:b7c2189f-42cf-5bf5-8458-d6c20d5ea6df""}"
urn:uuid:6dfd9475-193b-54bf-801e-054da99b2b7a,unit,"{""dataset_id"":""urn:uuid:6090fc4b-b34d-5cff-8f65-acaa06ddd1fc"",""id"":""urn:uuid:6dfd9475-193b-54bf-801e-054da99b2b7a"",""normalized_state"":""published"",""owner_authority_id"":""urn:uuid:4dea4d1d-09ba-504e-9fcd-83524281ca97"",""owner_native_state"":""published"",""payload"":{""learner_route"":{""anchor"":null,""machine_data_only"":false,""route_id"":""urn:uuid:2aa436f5-fc73-5a95-85d7-2467dc715d5c"",""route_state"":""course_fallback_unit_route_planned_not_published"",""url"":""https://kokunoyumeto.github.io/discrete-mathematics-open-introduction-id/""},""localized_occurrence_id"":""urn:uuid:738f151a-9651-567e-a9f2-5e52d74d4991"",""localized_title_payload_sha256"":""3728e24bb2836a3d279dfef24e534bc9f896d40224f384a591a216c942156382"",""localized_title_variant_id"":""urn:uuid:ec7c7bba-4580-54b3-9ad4-c8a57842f4bf"",""native_locator"":{""canonical_path"":""source/sec_seq-basics.ptx"",""identity_anchor"":""subsec-formulas-for-sequences"",""source_actual_path"":""authority/upstream-82336dc87d77c3f18d2cdbc8ec1e74eb3ba38799/discrete-book-82336dc87d77c3f18d2cdbc8ec1e74eb3ba38799/source/sec_seq-basics.ptx"",""source_xml_path"":""/section/subsection[2]"",""target_actual_path"":""repo/source/sec_seq-basics.ptx"",""target_xml_path"":""/section/subsection[2]"",""xml_id"":""subsec-formulas-for-sequences""},""native_unit_id"":""urn:uuid:5464d3ea-6b6d-58da-b255-60bf456cc8b4"",""native_unit_kind"":""subsection"",""order_key"":""0088.000019"",""parent_native_unit_id"":""urn:uuid:d77ac50a-8e92-5fb4-b32d-2884d673b368"",""parent_projected_unit_id"":""urn:uuid:c8ad07a5-4800-5e85-b1b7-c3491ccb6008"",""rights_id"":""urn:uuid:71eb9923-410e-55f2-8fe6-41dc669a8635"",""source_file_revision_id"":""urn:uuid:5f5d8e88-f65b-570b-afae-42d3668036e4"",""source_file_sha256"":""2a25a28413d91476d4c0d73da271a4ab17195deb025de7d804f34dcc0d140241"",""source_subtree_sha256"":""5a2d45805d5eb36638ba47c8c5825af5a3c4fabccc15373623097655d37c148c"",""target_file_revision_id"":""urn:uuid:e3e295e2-c12c-53b2-a50f-9e2292a6855e"",""target_file_sha256"":""69ccfce5b89aa172ea2d7e8216093a6842d9cac3baea73d0f8e9b921400bde7d"",""target_subtree_sha256"":""535f70d3a9423bb4d3754ebb16d3a650649f1818df41c073aec8726a4fb11a37"",""title"":""Barisan dan Rumus"",""title_locale"":""id-ID"",""translation_state"":""published""},""record_type"":""unit"",""recorded_at"":""2026-08-30T00:00:00Z"",""semantic_key"":""b10:dmoi4:unit:urn:uuid:5464d3ea-6b6d-58da-b255-60bf456cc8b4""}"
urn:uuid:e1e4f925-1208-5354-8f93-0f01fd5b54fb,unit,"{""dataset_id"":""urn:uuid:6090fc4b-b34d-5cff-8f65-acaa06ddd1fc"",""id"":""urn:uuid:e1e4f925-1208-5354-8f93-0f01fd5b54fb"",""normalized_state"":""published"",""owner_authority_id"":""urn:uuid:4dea4d1d-09ba-504e-9fcd-83524281ca97"",""owner_native_state"":""published"",""payload"":{""learner_route"":{""anchor"":null,""machine_data_only"":false,""route_id"":""urn:uuid:2aa436f5-fc73-5a95-85d7-2467dc715d5c"",""route_state"":""course_fallback_unit_route_planned_not_published"",""url"":""https://kokunoyumeto.github.io/discrete-mathematics-open-introduction-id/""},""localized_occurrence_id"":""urn:uuid:19ee3494-ea6f-5c5e-82b4-c2ca28b3b564"",""localized_title_payload_sha256"":""3317eecdb24d6e16c8d6d9543bbae5b68277d6bbdcd28dfcec8df771bd94f09d"",""localized_title_variant_id"":""urn:uuid:dcc2c5ff-bddd-550e-b352-89a0ebd3c7a6"",""native_locator"":{""canonical_path"":""source/sec_seq-basics.ptx"",""identity_anchor"":""subsec-partial-sums"",""source_actual_path"":""authority/upstream-82336dc87d77c3f18d2cdbc8ec1e74eb3ba38799/discrete-book-82336dc87d77c3f18d2cdbc8ec1e74eb3ba38799/source/sec_seq-basics.ptx"",""source_xml_path"":""/section/subsection[3]"",""target_actual_path"":""repo/source/sec_seq-basics.ptx"",""target_xml_path"":""/section/subsection[3]"",""xml_id"":""subsec-partial-sums""},""native_unit_id"":""urn:uuid:05228726-9598-56be-b15b-26a83661d0d2"",""native_unit_kind"":""subsection"",""order_key"":""0088.000051"",""parent_native_unit_id"":""urn:uuid:d77ac50a-8e92-5fb4-b32d-2884d673b368"",""parent_projected_unit_id"":""urn:uuid:c8ad07a5-4800-5e85-b1b7-c3491ccb6008"",""rights_id"":""urn:uuid:71eb9923-410e-55f2-8fe6-41dc669a8635"",""source_file_revision_id"":""urn:uuid:5f5d8e88-f65b-570b-afae-42d3668036e4"",""source_file_sha256"":""2a25a28413d91476d4c0d73da271a4ab17195deb025de7d804f34dcc0d140241"",""source_subtree_sha256"":""7d9b91358e3f5c3bcdab2253747cea34107e7629625e7f4690b3cc1b27c83a30"",""target_file_revision_id"":""urn:uuid:e3e295e2-c12c-53b2-a50f-9e2292a6855e"",""target_file_sha256"":""69ccfce5b89aa172ea2d7e8216093a6842d9cac3baea73d0f8e9b921400bde7d"",""target_subtree_sha256"":""247f379ea7e992745a0402992d2300acd1ff724552a5ae8a1a392f6513cacfc5"",""title"":""Jumlah Parsial dan Selisih"",""title_locale"":""id-ID"",""translation_state"":""published""},""record_type"":""unit"",""recorded_at"":""2026-08-30T00:00:00Z"",""semantic_key"":""b10:dmoi4:unit:urn:uuid:05228726-9598-56be-b15b-26a83661d0d2""}"
urn:uuid:f1a446c5-d80b-5a0d-9afb-a905c0011e5b,unit,"{""dataset_id"":""urn:uuid:6090fc4b-b34d-5cff-8f65-acaa06ddd1fc"",""id"":""urn:uuid:f1a446c5-d80b-5a0d-9afb-a905c0011e5b"",""normalized_state"":""published"",""owner_authority_id"":""urn:uuid:4dea4d1d-09ba-504e-9fcd-83524281ca97"",""owner_native_state"":""published"",""payload"":{""learner_route"":{""anchor"":null,""machine_data_only"":false,""route_id"":""urn:uuid:2aa436f5-fc73-5a95-85d7-2467dc715d5c"",""route_state"":""course_fallback_unit_route_planned_not_published"",""url"":""https://kokunoyumeto.github.io/discrete-mathematics-open-introduction-id/""},""localized_occurrence_id"":""urn:uuid:663a98fd-f892-5f94-b788-c248cdcca1d5"",""localized_title_payload_sha256"":""a010249c99cca26a22889847e6ed0e9d5b32f0fc5d0e2642e88fd402008711ee"",""localized_title_variant_id"":""urn:uuid:f6482cc1-e443-5518-928b-a0e76c10d13f"",""native_locator"":{""canonical_path"":""source/sec_seq-basics.ptx"",""identity_anchor"":""subsec-seq-python"",""source_actual_path"":""authority/upstream-82336dc87d77c3f18d2cdbc8ec1e74eb3ba38799/discrete-book-82336dc87d77c3f18d2cdbc8ec1e74eb3ba38799/source/sec_seq-basics.ptx"",""source_xml_path"":""/section/subsection[4]"",""target_actual_path"":""repo/source/sec_seq-basics.ptx"",""target_xml_path"":""/section/subsection[4]"",""xml_id"":""subsec-seq-python""},""native_unit_id"":""urn:uuid:c927259d-6c0f-528f-bb08-a485b1e2b23c"",""native_unit_kind"":""subsection"",""order_key"":""0088.000065"",""parent_native_unit_id"":""urn:uuid:d77ac50a-8e92-5fb4-b32d-2884d673b368"",""parent_projected_unit_id"":""urn:uuid:c8ad07a5-4800-5e85-b1b7-c3491ccb6008"",""rights_id"":""urn:uuid:71eb9923-410e-55f2-8fe6-41dc669a8635"",""source_file_revision_id"":""urn:uuid:5f5d8e88-f65b-570b-afae-42d3668036e4"",""source_file_sha256"":""2a25a28413d91476d4c0d73da271a4ab17195deb025de7d804f34dcc0d140241"",""source_subtree_sha256"":""9144b47b09f9c820cbcf098e2c1ae941302e0ba13c2a5bf6af060719bf7ed21c"",""target_file_revision_id"":""urn:uuid:e3e295e2-c12c-53b2-a50f-9e2292a6855e"",""target_file_sha256"":""69ccfce5b89aa172ea2d7e8216093a6842d9cac3baea73d0f8e9b921400bde7d"",""target_subtree_sha256"":""c45fb64d0a5510d44d76f99127118c7a75a458bbe448b5da8af70660458f8621"",""title"":""Barisan dalam Python"",""title_locale"":""id-ID"",""translation_state"":""published""},""record_type"":""unit"",""recorded_at"":""2026-08-30T00:00:00Z"",""semantic_key"":""b10:dmoi4:unit:urn:uuid:c927259d-6c0f-528f-bb08-a485b1e2b23c""}"
urn:uuid:44ae7401-4761-5c46-88a5-4b7d027ff5c4,unit,"{""dataset_id"":""urn:uuid:6090fc4b-b34d-5cff-8f65-acaa06ddd1fc"",""id"":""urn:uuid:44ae7401-4761-5c46-88a5-4b7d027ff5c4"",""normalized_state"":""published"",""owner_authority_id"":""urn:uuid:4dea4d1d-09ba-504e-9fcd-83524281ca97"",""owner_native_state"":""published"",""payload"":{""learner_route"":{""anchor"":null,""machine_data_only"":false,""route_id"":""urn:uuid:2aa436f5-fc73-5a95-85d7-2467dc715d5c"",""route_state"":""course_fallback_unit_route_planned_not_published"",""url"":""https://kokunoyumeto.github.io/discrete-mathematics-open-introduction-id/""},""localized_occurrence_id"":""urn:uuid:954331e7-66b1-51b4-bafc-afca799f09b7"",""localized_title_payload_sha256"":""34387321024f0c524ef90a4e458f543f8edbab808bf38b9e36f353e27dd7cc5c"",""localized_title_variant_id"":""urn:uuid:2cea6c9d-71f9-59b4-8587-8fb0334042b5"",""native_locator"":{""canonical_path"":""source/sec_seq-growth.ptx"",""identity_anchor"":""sec_seq-growth"",""source_actual_path"":""authority/upstream-82336dc87d77c3f18d2cdbc8ec1e74eb3ba38799/discrete-book-82336dc87d77c3f18d2cdbc8ec1e74eb3ba38799/source/sec_seq-growth.ptx"",""source_xml_path"":""/section"",""target_actual_path"":""repo/source/sec_seq-growth.ptx"",""target_xml_path"":""/section"",""xml_id"":""sec_seq-growth""},""native_unit_id"":""urn:uuid:c854155b-85ad-5ce2-9533-dc610468de47"",""native_unit_kind"":""section"",""order_key"":""0091.000001"",""parent_native_unit_id"":""urn:uuid:19ea5430-df56-5790-850c-cc430bf1b015"",""parent_projected_unit_id"":""urn:uuid:63c35ed2-dcef-58d1-b115-2d4b9f50167d"",""rights_id"":""urn:uuid:71eb9923-410e-55f2-8fe6-41dc669a8635"",""source_file_revision_id"":""urn:uuid:91aae63a-0f28-52bb-adf1-f5229d8f71d1"",""source_file_sha256"":""20d0324b7ab804e2f86d1062f16e1fbd10ad7270d3157cf193076cefc48547b9"",""source_subtree_sha256"":""9e02a5fa59b84facc306c9cdf245cdd248dc03c022c7384813d4ee360c94c625"",""target_file_revision_id"":""urn:uuid:12d40f50-386f-5534-98f5-364205dad36d"",""target_file_sha256"":""2605638ee56fa0303a4528d4fa17d32c1721afd07da8aef9bf34fec5d94b4e5c"",""target_subtree_sha256"":""47c3308e24154be17f193459b73679398c78e36e0b46aaa795c0680b73fb2e3e"",""title"":""Laju Pertumbuhan"",""title_locale"":""id-ID"",""translation_state"":""published""},""record_type"":""unit"",""recorded_at"":""2026-08-30T00:00:00Z"",""semantic_key"":""b10:dmoi4:unit:urn:uuid:c854155b-85ad-5ce2-9533-dc610468de47""}"
urn:uuid:42700e28-d348-5ec0-8938-08604aca7de7,unit,"{""dataset_id"":""urn:uuid:6090fc4b-b34d-5cff-8f65-acaa06ddd1fc"",""id"":""urn:uuid:42700e28-d348-5ec0-8938-08604aca7de7"",""normalized_state"":""published"",""owner_authority_id"":""urn:uuid:4dea4d1d-09ba-504e-9fcd-83524281ca97"",""owner_native_state"":""published"",""payload"":{""learner_route"":{""anchor"":null,""machine_data_only"":false,""route_id"":""urn:uuid:2aa436f5-fc73-5a95-85d7-2467dc715d5c"",""route_state"":""course_fallback_unit_route_planned_not_published"",""url"":""https://kokunoyumeto.github.io/discrete-mathematics-open-introduction-id/""},""localized_occurrence_id"":""urn:uuid:a959b05c-d7d1-5809-81f2-f5bb1d78c639"",""localized_title_payload_sha256"":""0ec14531841185758ad6feee5626c413110533aa652a65c87a5247f7e0a8ce6b"",""localized_title_variant_id"":""urn:uuid:752242ea-e59a-5347-a50b-9bc52ce1e398"",""native_locator"":{""canonical_path"":""source/sec_seq-growth.ptx"",""identity_anchor"":""source/sec_seq-growth.ptx#/section/subsection[1]"",""source_actual_path"":""authority/upstream-82336dc87d77c3f18d2cdbc8ec1e74eb3ba38799/discrete-book-82336dc87d77c3f18d2cdbc8ec1e74eb3ba38799/source/sec_seq-growth.ptx"",""source_xml_path"":""/section/subsection[1]"",""target_actual_path"":""repo/source/sec_seq-growth.ptx"",""target_xml_path"":""/section/subsection[1]"",""xml_id"":null},""native_unit_id"":""urn:uuid:7c45b75d-93d7-5cd3-8455-0164181f30aa"",""native_unit_kind"":""subsection"",""order_key"":""0091.000003"",""parent_native_unit_id"":""urn:uuid:c854155b-85ad-5ce2-9533-dc610468de47"",""parent_projected_unit_id"":""urn:uuid:44ae7401-4761-5c46-88a5-4b7d027ff5c4"",""rights_id"":""urn:uuid:71eb9923-410e-55f2-8fe6-41dc669a8635"",""source_file_revision_id"":""urn:uuid:91aae63a-0f28-52bb-adf1-f5229d8f71d1"",""source_file_sha256"":""20d0324b7ab804e2f86d1062f16e1fbd10ad7270d3157cf193076cefc48547b9"",""source_subtree_sha256"":""deeb9d5e86e031e31ab1272e972e2254b78743be8fa8d34c4cddca00e9256bdd"",""target_file_revision_id"":""urn:uuid:12d40f50-386f-5534-98f5-364205dad36d"",""target_file_sha256"":""2605638ee56fa0303a4528d4fa17d32c1721afd07da8aef9bf34fec5d94b4e5c"",""target_subtree_sha256"":""e90bd5c8b6b4ffb05929c65272cee34970c62387b633ea06206ece0d9b26ca6b"",""title"":""Pratinjau Bagian"",""title_locale"":""id-ID"",""translation_state"":""published""},""record_type"":""unit"",""recorded_at"":""2026-08-30T00:00:00Z"",""semantic_key"":""b10:dmoi4:unit:urn:uuid:7c45b75d-93d7-5cd3-8455-0164181f30aa""}"
urn:uuid:59deb509-3300-5a48-a499-541f1290c16a,unit,"{""dataset_id"":""urn:uuid:6090fc4b-b34d-5cff-8f65-acaa06ddd1fc"",""id"":""urn:uuid:59deb509-3300-5a48-a499-541f1290c16a"",""normalized_state"":""published"",""owner_authority_id"":""urn:uuid:4dea4d1d-09ba-504e-9fcd-83524281ca97"",""owner_native_state"":""published"",""payload"":{""learner_route"":{""anchor"":null,""machine_data_only"":false,""route_id"":""urn:uuid:2aa436f5-fc73-5a95-85d7-2467dc715d5c"",""route_state"":""course_fallback_unit_route_planned_not_published"",""url"":""https://kokunoyumeto.github.io/discrete-mathematics-open-introduction-id/""},""localized_occurrence_id"":""urn:uuid:63da993e-8d3e-5224-a88a-dd275edf2bdc"",""localized_title_payload_sha256"":""81d4d160f9e258d585dc54fb40f9ab21d9de7fa0bda966e61cddd046e8f9bf8f"",""localized_title_variant_id"":""urn:uuid:0a3ca7ef-2f26-50c5-90c5-b849c1b68d0a"",""native_locator"":{""canonical_path"":""source/sec_seq-growth.ptx"",""identity_anchor"":""subsec-arithmetic"",""source_actual_path"":""authority/upstream-82336dc87d77c3f18d2cdbc8ec1e74eb3ba38799/discrete-book-82336dc87d77c3f18d2cdbc8ec1e74eb3ba38799/source/sec_seq-growth.ptx"",""source_xml_path"":""/section/subsection[2]"",""target_actual_path"":""repo/source/sec_seq-growth.ptx"",""target_xml_path"":""/section/subsection[2]"",""xml_id"":""subsec-arithmetic""},""native_unit_id"":""urn:uuid:63f1de2a-8925-536e-8ebd-c1c73ffef03a"",""native_unit_kind"":""subsection"",""order_key"":""0091.000023"",""parent_native_unit_id"":""urn:uuid:c854155b-85ad-5ce2-9533-dc610468de47"",""parent_projected_unit_id"":""urn:uuid:44ae7401-4761-5c46-88a5-4b7d027ff5c4"",""rights_id"":""urn:uuid:71eb9923-410e-55f2-8fe6-41dc669a8635"",""source_file_revision_id"":""urn:uuid:91aae63a-0f28-52bb-adf1-f5229d8f71d1"",""source_file_sha256"":""20d0324b7ab804e2f86d1062f16e1fbd10ad7270d3157cf193076cefc48547b9"",""source_subtree_sha256"":""695765a74fdbafbee6e434ab34bdfc535d4e795eb405849b44d1a31759e1d943"",""target_file_revision_id"":""urn:uuid:12d40f50-386f-5534-98f5-364205dad36d"",""target_file_sha256"":""2605638ee56fa0303a4528d4fa17d32c1721afd07da8aef9bf34fec5d94b4e5c"",""target_subtree_sha256"":""731531e664605d3075bfaaa4094808427c49fd1bd79358bde78f82957df5c8c4"",""title"":""Barisan Aritmetika"",""title_locale"":""id-ID"",""translation_state"":""published""},""record_type"":""unit"",""recorded_at"":""2026-08-30T00:00:00Z"",""semantic_key"":""b10:dmoi4:unit:urn:uuid:63f1de2a-8925-536e-8ebd-c1c73ffef03a""}"
urn:uuid:53f81a86-1444-5fc1-bebc-fb5a478d6ded,unit,"{""dataset_id"":""urn:uuid:6090fc4b-b34d-5cff-8f65-acaa06ddd1fc"",""id"":""urn:uuid:53f81a86-1444-5fc1-bebc-fb5a478d6ded"",""normalized_state"":""published"",""owner_authority_id"":""urn:uuid:4dea4d1d-09ba-504e-9fcd-83524281ca97"",""owner_native_state"":""published"",""payload"":{""learner_route"":{""anchor"":null,""machine_data_only"":false,""route_id"":""urn:uuid:2aa436f5-fc73-5a95-85d7-2467dc715d5c"",""route_state"":""course_fallback_unit_route_planned_not_published"",""url"":""https://kokunoyumeto.github.io/discrete-mathematics-open-introduction-id/""},""localized_occurrence_id"":""urn:uuid:9029692c-003b-5d75-a709-a10ba033a959"",""localized_title_payload_sha256"":""ba50b51cc72ce298b346b212150e13afd5eaec706751d0daa66f15c4040a7e47"",""localized_title_variant_id"":""urn:uuid:7471620f-b922-52b6-824f-044fe41cd6fd"",""native_locator"":{""canonical_path"":""source/sec_seq-growth.ptx"",""identity_anchor"":""subsec-geometric-sequences"",""source_actual_path"":""authority/upstream-82336dc87d77c3f18d2cdbc8ec1e74eb3ba38799/discrete-book-82336dc87d77c3f18d2cdbc8ec1e74eb3ba38799/source/sec_seq-growth.ptx"",""source_xml_path"":""/section/subsection[3]"",""target_actual_path"":""repo/source/sec_seq-growth.ptx"",""target_xml_path"":""/section/subsection[3]"",""xml_id"":""subsec-geometric-sequences""},""native_unit_id"":""urn:uuid:2165682e-6bfc-57d9-b21d-df415f38ef6d"",""native_unit_kind"":""subsection"",""order_key"":""0091.000031"",""parent_native_unit_id"":""urn:uuid:c854155b-85ad-5ce2-9533-dc610468de47"",""parent_projected_unit_id"":""urn:uuid:44ae7401-4761-5c46-88a5-4b7d027ff5c4"",""rights_id"":""urn:uuid:71eb9923-410e-55f2-8fe6-41dc669a8635"",""source_file_revision_id"":""urn:uuid:91aae63a-0f28-52bb-adf1-f5229d8f71d1"",""source_file_sha256"":""20d0324b7ab804e2f86d1062f16e1fbd10ad7270d3157cf193076cefc48547b9"",""source_subtree_sha256"":""b11a0752bbab5561364187044e19ea9ed1a111fcc4344cfa7b66bd0c92308be7"",""target_file_revision_id"":""urn:uuid:12d40f50-386f-5534-98f5-364205dad36d"",""target_file_sha256"":""2605638ee56fa0303a4528d4fa17d32c1721afd07da8aef9bf34fec5d94b4e5c"",""target_subtree_sha256"":""5fc53d4b2da1e7659269475a11d1695be749dbdc6cc9ac19742fa3948b035747"",""title"":""Barisan Geometri"",""title_locale"":""id-ID"",""translation_state"":""published""},""record_type"":""unit"",""recorded_at"":""2026-08-30T00:00:00Z"",""semantic_key"":""b10:dmoi4:unit:urn:uuid:2165682e-6bfc-57d9-b21d-df415f38ef6d""}"
urn:uuid:bdf3fecc-3f79-51d2-8ae9-e729814b2b4b,unit,"{""dataset_id"":""urn:uuid:6090fc4b-b34d-5cff-8f65-acaa06ddd1fc"",""id"":""urn:uuid:bdf3fecc-3f79-51d2-8ae9-e729814b2b4b"",""normalized_state"":""published"",""owner_authority_id"":""urn:uuid:4dea4d1d-09ba-504e-9fcd-83524281ca97"",""owner_native_state"":""published"",""payload"":{""learner_route"":{""anchor"":null,""machine_data_only"":false,""route_id"":""urn:uuid:2aa436f5-fc73-5a95-85d7-2467dc715d5c"",""route_state"":""course_fallback_unit_route_planned_not_published"",""url"":""https://kokunoyumeto.github.io/discrete-mathematics-open-introduction-id/""},""localized_occurrence_id"":""urn:uuid:52430ec0-95e7-5241-81e7-ce8d601b512a"",""localized_title_payload_sha256"":""000d4a19dbb006af1e00f985e08a06e2de2c5adbb9cd0efc4e2c9e8aee02a3f2"",""localized_title_variant_id"":""urn:uuid:87ab2640-4714-5384-b852-a85085946a12"",""native_locator"":{""canonical_path"":""source/sec_seq-growth.ptx"",""identity_anchor"":""subsec-beyond-arithmetic-and-geometric-sequences"",""source_actual_path"":""authority/upstream-82336dc87d77c3f18d2cdbc8ec1e74eb3ba38799/discrete-book-82336dc87d77c3f18d2cdbc8ec1e74eb3ba38799/source/sec_seq-growth.ptx"",""source_xml_path"":""/section/subsection[4]"",""target_actual_path"":""repo/source/sec_seq-growth.ptx"",""target_xml_path"":""/section/subsection[4]"",""xml_id"":""subsec-beyond-arithmetic-and-geometric-sequences""},""native_unit_id"":""urn:uuid:484c12d8-d40e-559a-8c96-8a0131755ea3"",""native_unit_kind"":""subsection"",""order_key"":""0091.000040"",""parent_native_unit_id"":""urn:uuid:c854155b-85ad-5ce2-9533-dc610468de47"",""parent_projected_unit_id"":""urn:uuid:44ae7401-4761-5c46-88a5-4b7d027ff5c4"",""rights_id"":""urn:uuid:71eb9923-410e-55f2-8fe6-41dc669a8635"",""source_file_revision_id"":""urn:uuid:91aae63a-0f28-52bb-adf1-f5229d8f71d1"",""source_file_sha256"":""20d0324b7ab804e2f86d1062f16e1fbd10ad7270d3157cf193076cefc48547b9"",""source_subtree_sha256"":""719463aef86426b111960586caa6e1d8af441e3f72b88b424d4b5aafc6919a26"",""target_file_revision_id"":""urn:uuid:12d40f50-386f-5534-98f5-364205dad36d"",""target_file_sha256"":""2605638ee56fa0303a4528d4fa17d32c1721afd07da8aef9bf34fec5d94b4e5c"",""target_subtree_sha256"":""f85fb54579e87e2b6d1bd766a8737a25f59a46ef6ba460842b9ee188e336a60b"",""title"":""Melampaui Barisan Aritmetika dan Geometri"",""title_locale"":""id-ID"",""translation_state"":""published""},""record_type"":""unit"",""recorded_at"":""2026-08-30T00:00:00Z"",""semantic_key"":""b10:dmoi4:unit:urn:uuid:484c12d8-d40e-559a-8c96-8a0131755ea3""}"
urn:uuid:32ca07e9-52d1-52cf-b7ae-85c925d20fed,unit,"{""dataset_id"":""urn:uuid:6090fc4b-b34d-5cff-8f65-acaa06ddd1fc"",""id"":""urn:uuid:32ca07e9-52d1-52cf-b7ae-85c925d20fed"",""normalized_state"":""published"",""owner_authority_id"":""urn:uuid:4dea4d1d-09ba-504e-9fcd-83524281ca97"",""owner_native_state"":""published"",""payload"":{""learner_route"":{""anchor"":null,""machine_data_only"":false,""route_id"":""urn:uuid:2aa436f5-fc73-5a95-85d7-2467dc715d5c"",""route_state"":""course_fallback_unit_route_planned_not_published"",""url"":""https://kokunoyumeto.github.io/discrete-mathematics-open-introduction-id/""},""localized_occurrence_id"":""urn:uuid:36bd8e16-7a65-55ee-baaf-a6103ae74f38"",""localized_title_payload_sha256"":""73a80103fc40d7356dfbfd31fa2ceb9183da2c99e1a949c2e042c83bbce74b94"",""localized_title_variant_id"":""urn:uuid:2b5b72b9-8af7-519e-8958-95034acf4ad5"",""native_locator"":{""canonical_path"":""source/sec_seq-polynomial.ptx"",""identity_anchor"":""sec_seq-polynomial"",""source_actual_path"":""authority/upstream-82336dc87d77c3f18d2cdbc8ec1e74eb3ba38799/discrete-book-82336dc87d77c3f18d2cdbc8ec1e74eb3ba38799/source/sec_seq-polynomial.ptx"",""source_xml_path"":""/section"",""target_actual_path"":""repo/source/sec_seq-polynomial.ptx"",""target_xml_path"":""/section"",""xml_id"":""sec_seq-polynomial""},""native_unit_id"":""urn:uuid:c4d80cc8-36c6-5b2e-a1c2-71ad1af56257"",""native_unit_kind"":""section"",""order_key"":""0094.000001"",""parent_native_unit_id"":""urn:uuid:19ea5430-df56-5790-850c-cc430bf1b015"",""parent_projected_unit_id"":""urn:uuid:63c35ed2-dcef-58d1-b115-2d4b9f50167d"",""rights_id"":""urn:uuid:71eb9923-410e-55f2-8fe6-41dc669a8635"",""source_file_revision_id"":""urn:uuid:b014074f-9f21-5848-aed5-93fffeed7acc"",""source_file_sha256"":""2588b732fde4ed25e2bba52b98a94755940d2dbd4937191c5b9d7069e898abc1"",""source_subtree_sha256"":""c3c264b7fd520812ad1651f76e1648170d335d41bf907fc91123378d8ad09383"",""target_file_revision_id"":""urn:uuid:59c96a75-1b3d-5656-9604-64aa75f6c52f"",""target_file_sha256"":""12c0201bc63536ed397ca9274e09b38b31ce63af11c63999e516ed514700ec25"",""target_subtree_sha256"":""02022f0a6976e7b69b5a1ae5555e529500dbeff871b14e016c62113d55613e80"",""title"":""Barisan Polinomial"",""title_locale"":""id-ID"",""translation_state"":""published""},""record_type"":""unit"",""recorded_at"":""2026-08-30T00:00:00Z"",""semantic_key"":""b10:dmoi4:unit:urn:uuid:c4d80cc8-36c6-5b2e-a1c2-71ad1af56257""}"
urn:uuid:ad59b9ba-8883-51fe-886e-56c748b5fe88,unit,"{""dataset_id"":""urn:uuid:6090fc4b-b34d-5cff-8f65-acaa06ddd1fc"",""id"":""urn:uuid:ad59b9ba-8883-51fe-886e-56c748b5fe88"",""normalized_state"":""published"",""owner_authority_id"":""urn:uuid:4dea4d1d-09ba-504e-9fcd-83524281ca97"",""owner_native_state"":""published"",""payload"":{""learner_route"":{""anchor"":null,""machine_data_only"":false,""route_id"":""urn:uuid:2aa436f5-fc73-5a95-85d7-2467dc715d5c"",""route_state"":""course_fallback_unit_route_planned_not_published"",""url"":""https://kokunoyumeto.github.io/discrete-mathematics-open-introduction-id/""},""localized_occurrence_id"":""urn:uuid:6f04c78a-6468-5ec7-af1c-a174cb45ec12"",""localized_title_payload_sha256"":""0ec14531841185758ad6feee5626c413110533aa652a65c87a5247f7e0a8ce6b"",""localized_title_variant_id"":""urn:uuid:0a41f238-d04a-586b-b592-159de1a5d5fe"",""native_locator"":{""canonical_path"":""source/sec_seq-polynomial.ptx"",""identity_anchor"":""source/sec_seq-polynomial.ptx#/section/subsection[1]"",""source_actual_path"":""authority/upstream-82336dc87d77c3f18d2cdbc8ec1e74eb3ba38799/discrete-book-82336dc87d77c3f18d2cdbc8ec1e74eb3ba38799/source/sec_seq-polynomial.ptx"",""source_xml_path"":""/section/subsection[1]"",""target_actual_path"":""repo/source/sec_seq-polynomial.ptx"",""target_xml_path"":""/section/subsection[1]"",""xml_id"":null},""native_unit_id"":""urn:uuid:af7192b1-fad3-5515-a720-202fac07f022"",""native_unit_kind"":""subsection"",""order_key"":""0094.000004"",""parent_native_unit_id"":""urn:uuid:c4d80cc8-36c6-5b2e-a1c2-71ad1af56257"",""parent_projected_unit_id"":""urn:uuid:32ca07e9-52d1-52cf-b7ae-85c925d20fed"",""rights_id"":""urn:uuid:71eb9923-410e-55f2-8fe6-41dc669a8635"",""source_file_revision_id"":""urn:uuid:b014074f-9f21-5848-aed5-93fffeed7acc"",""source_file_sha256"":""2588b732fde4ed25e2bba52b98a94755940d2dbd4937191c5b9d7069e898abc1"",""source_subtree_sha256"":""c0b6e305812a927354141d1f6795dd523b72a3e785144a861cba84f800751960"",""target_file_revision_id"":""urn:uuid:59c96a75-1b3d-5656-9604-64aa75f6c52f"",""target_file_sha256"":""12c0201bc63536ed397ca9274e09b38b31ce63af11c63999e516ed514700ec25"",""target_subtree_sha256"":""4066089d93d0d57cdb0bac39076182af586c93c8e875520bd7b3dd419d2184d9"",""title"":""Pratinjau Bagian"",""title_locale"":""id-ID"",""translation_state"":""published""},""record_type"":""unit"",""recorded_at"":""2026-08-30T00:00:00Z"",""semantic_key"":""b10:dmoi4:unit:urn:uuid:af7192b1-fad3-5515-a720-202fac07f022""}"
urn:uuid:bf78ba46-c556-5946-bf01-23391c99fe21,unit,"{""dataset_id"":""urn:uuid:6090fc4b-b34d-5cff-8f65-acaa06ddd1fc"",""id"":""urn:uuid:bf78ba46-c556-5946-bf01-23391c99fe21"",""normalized_state"":""published"",""owner_authority_id"":""urn:uuid:4dea4d1d-09ba-504e-9fcd-83524281ca97"",""owner_native_state"":""published"",""payload"":{""learner_route"":{""anchor"":null,""machine_data_only"":false,""route_id"":""urn:uuid:2aa436f5-fc73-5a95-85d7-2467dc715d5c"",""route_state"":""course_fallback_unit_route_planned_not_published"",""url"":""https://kokunoyumeto.github.io/discrete-mathematics-open-introduction-id/""},""localized_occurrence_id"":""urn:uuid:bc793cde-531d-5127-aa24-43aeb38ed0fc"",""localized_title_payload_sha256"":""00fcbba55ea5a2d9d21134ea8226368c350154b61e9ea1f6142ad8e2e35d5cbe"",""localized_title_variant_id"":""urn:uuid:f8e90430-3019-5ea2-ad72-0865f63cc73e"",""native_locator"":{""canonical_path"":""source/sec_seq-polynomial.ptx"",""identity_anchor"":""source/sec_seq-polynomial.ptx#/section/subsection[2]"",""source_actual_path"":""authority/upstream-82336dc87d77c3f18d2cdbc8ec1e74eb3ba38799/discrete-book-82336dc87d77c3f18d2cdbc8ec1e74eb3ba38799/source/sec_seq-polynomial.ptx"",""source_xml_path"":""/section/subsection[2]"",""target_actual_path"":""repo/source/sec_seq-polynomial.ptx"",""target_xml_path"":""/section/subsection[2]"",""xml_id"":null},""native_unit_id"":""urn:uuid:38e23eff-f74f-594b-b46e-57c1dc4dd4ad"",""native_unit_kind"":""subsection"",""order_key"":""0094.000016"",""parent_native_unit_id"":""urn:uuid:c4d80cc8-36c6-5b2e-a1c2-71ad1af56257"",""parent_projected_unit_id"":""urn:uuid:32ca07e9-52d1-52cf-b7ae-85c925d20fed"",""rights_id"":""urn:uuid:71eb9923-410e-55f2-8fe6-41dc669a8635"",""source_file_revision_id"":""urn:uuid:b014074f-9f21-5848-aed5-93fffeed7acc"",""source_file_sha256"":""2588b732fde4ed25e2bba52b98a94755940d2dbd4937191c5b9d7069e898abc1"",""source_subtree_sha256"":""324a1788312ffbc2912bf46db715313c367530c0d905f61b8d8ef5c665a127c2"",""target_file_revision_id"":""urn:uuid:59c96a75-1b3d-5656-9604-64aa75f6c52f"",""target_file_sha256"":""12c0201bc63536ed397ca9274e09b38b31ce63af11c63999e516ed514700ec25"",""target_subtree_sha256"":""ea60901fc8c431516022ce4e49926627d2451acd1b530819517b3d1d7d42f2ee"",""title"":""Menjumlahkan Barisan Aritmetika: Balikkan dan Jumlahkan"",""title_locale"":""id-ID"",""translation_state"":""published""},""record_type"":""unit"",""recorded_at"":""2026-08-30T00:00:00Z"",""semantic_key"":""b10:dmoi4:unit:urn:uuid:38e23eff-f74f-594b-b46e-57c1dc4dd4ad""}"
urn:uuid:4182ae10-0790-591a-8477-a22a70292150,unit,"{""dataset_id"":""urn:uuid:6090fc4b-b34d-5cff-8f65-acaa06ddd1fc"",""id"":""urn:uuid:4182ae10-0790-591a-8477-a22a70292150"",""normalized_state"":""published"",""owner_authority_id"":""urn:uuid:4dea4d1d-09ba-504e-9fcd-83524281ca97"",""owner_native_state"":""published"",""payload"":{""learner_route"":{""anchor"":null,""machine_data_only"":false,""route_id"":""urn:uuid:2aa436f5-fc73-5a95-85d7-2467dc715d5c"",""route_state"":""course_fallback_unit_route_planned_not_published"",""url"":""https://kokunoyumeto.github.io/discrete-mathematics-open-introduction-id/""},""localized_occurrence_id"":""urn:uuid:37944df2-415e-5d09-a5ed-0d050ad378c4"",""localized_title_payload_sha256"":""bfb1033a3338e2410a8f218f095b570971f6790f4165adaec4520067d922ed41"",""localized_title_variant_id"":""urn:uuid:b8d658be-22d1-5056-a325-4cc9834eda95"",""native_locator"":{""canonical_path"":""source/sec_seq-polynomial.ptx"",""identity_anchor"":""subsec-seq-higher-poly"",""source_actual_path"":""authority/upstream-82336dc87d77c3f18d2cdbc8ec1e74eb3ba38799/discrete-book-82336dc87d77c3f18d2cdbc8ec1e74eb3ba38799/source/sec_seq-polynomial.ptx"",""source_xml_path"":""/section/subsection[3]"",""target_actual_path"":""repo/source/sec_seq-polynomial.ptx"",""target_xml_path"":""/section/subsection[3]"",""xml_id"":""subsec-seq-higher-poly""},""native_unit_id"":""urn:uuid:c79a88a0-6167-594e-93bd-d70ea0b95fc3"",""native_unit_kind"":""subsection"",""order_key"":""0094.000025"",""parent_native_unit_id"":""urn:uuid:c4d80cc8-36c6-5b2e-a1c2-71ad1af56257"",""parent_projected_unit_id"":""urn:uuid:32ca07e9-52d1-52cf-b7ae-85c925d20fed"",""rights_id"":""urn:uuid:71eb9923-410e-55f2-8fe6-41dc669a8635"",""source_file_revision_id"":""urn:uuid:b014074f-9f21-5848-aed5-93fffeed7acc"",""source_file_sha256"":""2588b732fde4ed25e2bba52b98a94755940d2dbd4937191c5b9d7069e898abc1"",""source_subtree_sha256"":""4ae77878fbdefee1f270c8536de2ed29cf79ef06aaca9a16b9dd4cfd4dcce004"",""target_file_revision_id"":""urn:uuid:59c96a75-1b3d-5656-9604-64aa75f6c52f"",""target_file_sha256"":""12c0201bc63536ed397ca9274e09b38b31ce63af11c63999e516ed514700ec25"",""target_subtree_sha256"":""fd12da389ae3731c0da277e2e84ac798d4fc3818d3488140b3a65f57faf36455"",""title"":""Polinomial Berderajat Lebih Tinggi"",""title_locale"":""id-ID"",""translation_state"":""published""},""record_type"":""unit"",""recorded_at"":""2026-08-30T00:00:00Z"",""semantic_key"":""b10:dmoi4:unit:urn:uuid:c79a88a0-6167-594e-93bd-d70ea0b95fc3""}"
urn:uuid:54c5f6a3-aadb-5ace-9eaa-475711e298a7,unit,"{""dataset_id"":""urn:uuid:6090fc4b-b34d-5cff-8f65-acaa06ddd1fc"",""id"":""urn:uuid:54c5f6a3-aadb-5ace-9eaa-475711e298a7"",""normalized_state"":""published"",""owner_authority_id"":""urn:uuid:4dea4d1d-09ba-504e-9fcd-83524281ca97"",""owner_native_state"":""published"",""payload"":{""learner_route"":{""anchor"":null,""machine_data_only"":false,""route_id"":""urn:uuid:2aa436f5-fc73-5a95-85d7-2467dc715d5c"",""route_state"":""course_fallback_unit_route_planned_not_published"",""url"":""https://kokunoyumeto.github.io/discrete-mathematics-open-introduction-id/""},""localized_occurrence_id"":""urn:uuid:0e1faba7-3d5f-53f3-814d-750afe3a450f"",""localized_title_payload_sha256"":""c0561bb9f7c83c13af81682bef13c31021e3eeea88f676c0dfe347dcba8de61c"",""localized_title_variant_id"":""urn:uuid:67391e6d-09fe-5f82-a4ce-c35b9e44b4af"",""native_locator"":{""canonical_path"":""source/sec_seq-polynomial.ptx"",""identity_anchor"":""source/sec_seq-polynomial.ptx#/section/subsection[4]"",""source_actual_path"":""authority/upstream-82336dc87d77c3f18d2cdbc8ec1e74eb3ba38799/discrete-book-82336dc87d77c3f18d2cdbc8ec1e74eb3ba38799/source/sec_seq-polynomial.ptx"",""source_xml_path"":""/section/subsection[4]"",""target_actual_path"":""repo/source/sec_seq-polynomial.ptx"",""target_xml_path"":""/section/subsection[4]"",""xml_id"":null},""native_unit_id"":""urn:uuid:327e900a-76bf-5a20-86de-0b69b8f0522a"",""native_unit_kind"":""subsection"",""order_key"":""0094.000046"",""parent_native_unit_id"":""urn:uuid:c4d80cc8-36c6-5b2e-a1c2-71ad1af56257"",""parent_projected_unit_id"":""urn:uuid:32ca07e9-52d1-52cf-b7ae-85c925d20fed"",""rights_id"":""urn:uuid:71eb9923-410e-55f2-8fe6-41dc669a8635"",""source_file_revision_id"":""urn:uuid:b014074f-9f21-5848-aed5-93fffeed7acc"",""source_file_sha256"":""2588b732fde4ed25e2bba52b98a94755940d2dbd4937191c5b9d7069e898abc1"",""source_subtree_sha256"":""e5f1a30f98eebf30bcdb857717e2855ecd237ed074bb85fcb350aec30833d1bc"",""target_file_revision_id"":""urn:uuid:59c96a75-1b3d-5656-9604-64aa75f6c52f"",""target_file_sha256"":""12c0201bc63536ed397ca9274e09b38b31ce63af11c63999e516ed514700ec25"",""target_subtree_sha256"":""e999867c797f2cec62364fb39ffb4ef99e1506c65f3afa8b7cd3f2e76d74b3d4"",""title"":""Menyelesaikan Sistem Persamaan dengan Teknologi"",""title_locale"":""id-ID"",""translation_state"":""published""},""record_type"":""unit"",""recorded_at"":""2026-08-30T00:00:00Z"",""semantic_key"":""b10:dmoi4:unit:urn:uuid:327e900a-76bf-5a20-86de-0b69b8f0522a""}"
urn:uuid:88e0e0e6-b2b4-59c9-9f48-2b32fae0f2c3,unit,"{""dataset_id"":""urn:uuid:6090fc4b-b34d-5cff-8f65-acaa06ddd1fc"",""id"":""urn:uuid:88e0e0e6-b2b4-59c9-9f48-2b32fae0f2c3"",""normalized_state"":""published"",""owner_authority_id"":""urn:uuid:4dea4d1d-09ba-504e-9fcd-83524281ca97"",""owner_native_state"":""published"",""payload"":{""learner_route"":{""anchor"":null,""machine_data_only"":false,""route_id"":""urn:uuid:2aa436f5-fc73-5a95-85d7-2467dc715d5c"",""route_state"":""course_fallback_unit_route_planned_not_published"",""url"":""https://kokunoyumeto.github.io/discrete-mathematics-open-introduction-id/""},""localized_occurrence_id"":""urn:uuid:a1a5cb53-0dad-5d37-bb6c-129124150c45"",""localized_title_payload_sha256"":""8c94df6e6c1edcba591afa1fef223f66420989477ced44be5bf79d1a1f422553"",""localized_title_variant_id"":""urn:uuid:13a3dbf1-36f1-5285-acb3-e0aaad1a6942"",""native_locator"":{""canonical_path"":""source/sec_seq-exponential.ptx"",""identity_anchor"":""sec_seq-exponential"",""source_actual_path"":""authority/upstream-82336dc87d77c3f18d2cdbc8ec1e74eb3ba38799/discrete-book-82336dc87d77c3f18d2cdbc8ec1e74eb3ba38799/source/sec_seq-exponential.ptx"",""source_xml_path"":""/section"",""target_actual_path"":""repo/source/sec_seq-exponential.ptx"",""target_xml_path"":""/section"",""xml_id"":""sec_seq-exponential""},""native_unit_id"":""urn:uuid:c4b8c85f-a37a-5743-86ff-d4eb182a9667"",""native_unit_kind"":""section"",""order_key"":""0098.000001"",""parent_native_unit_id"":""urn:uuid:19ea5430-df56-5790-850c-cc430bf1b015"",""parent_projected_unit_id"":""urn:uuid:63c35ed2-dcef-58d1-b115-2d4b9f50167d"",""rights_id"":""urn:uuid:71eb9923-410e-55f2-8fe6-41dc669a8635"",""source_file_revision_id"":""urn:uuid:57edfc0e-11c1-5c07-bb68-71a3d0c2476b"",""source_file_sha256"":""aaad5b98c8dd0b6fcf8d1c90945164bb99a8fcc9142e8b578e6d7677aa1a70b4"",""source_subtree_sha256"":""72236ab6284ea2ce1e63ad5f59a509550618c47c7d5a0bd32d7ee3fd967d1be5"",""target_file_revision_id"":""urn:uuid:557fc163-f4a3-57a7-9bdc-b2d6101b393c"",""target_file_sha256"":""d8fc13245b5a47692fe1a2fce7905b64e31738086d895139c073f9773c3d62a4"",""target_subtree_sha256"":""a98bff01998b6fdd54aac29bfc47839f70fe29e8ceac8ce76e307bb4ed9e6855"",""title"":""Barisan Eksponensial"",""title_locale"":""id-ID"",""translation_state"":""published""},""record_type"":""unit"",""recorded_at"":""2026-08-30T00:00:00Z"",""semantic_key"":""b10:dmoi4:unit:urn:uuid:c4b8c85f-a37a-5743-86ff-d4eb182a9667""}"
urn:uuid:f17f6dd3-3587-5e90-87d4-077067c35f55,unit,"{""dataset_id"":""urn:uuid:6090fc4b-b34d-5cff-8f65-acaa06ddd1fc"",""id"":""urn:uuid:f17f6dd3-3587-5e90-87d4-077067c35f55"",""normalized_state"":""published"",""owner_authority_id"":""urn:uuid:4dea4d1d-09ba-504e-9fcd-83524281ca97"",""owner_native_state"":""published"",""payload"":{""learner_route"":{""anchor"":null,""machine_data_only"":false,""route_id"":""urn:uuid:2aa436f5-fc73-5a95-85d7-2467dc715d5c"",""route_state"":""course_fallback_unit_route_planned_not_published"",""url"":""https://kokunoyumeto.github.io/discrete-mathematics-open-introduction-id/""},""localized_occurrence_id"":""urn:uuid:18092937-4d7b-5840-9259-0d0013cf8bc3"",""localized_title_payload_sha256"":""0ec14531841185758ad6feee5626c413110533aa652a65c87a5247f7e0a8ce6b"",""localized_title_variant_id"":""urn:uuid:27392c98-c403-563e-af03-69c309cf6f3b"",""native_locator"":{""canonical_path"":""source/sec_seq-exponential.ptx"",""identity_anchor"":""source/sec_seq-exponential.ptx#/section/subsection[1]"",""source_actual_path"":""authority/upstream-82336dc87d77c3f18d2cdbc8ec1e74eb3ba38799/discrete-book-82336dc87d77c3f18d2cdbc8ec1e74eb3ba38799/source/sec_seq-exponential.ptx"",""source_xml_path"":""/section/subsection[1]"",""target_actual_path"":""repo/source/sec_seq-exponential.ptx"",""target_xml_path"":""/section/subsection[1]"",""xml_id"":null},""native_unit_id"":""urn:uuid:8b921663-895a-58ba-a836-1e32ad9795a5"",""native_unit_kind"":""subsection"",""order_key"":""0098.000004"",""parent_native_unit_id"":""urn:uuid:c4b8c85f-a37a-5743-86ff-d4eb182a9667"",""parent_projected_unit_id"":""urn:uuid:88e0e0e6-b2b4-59c9-9f48-2b32fae0f2c3"",""rights_id"":""urn:uuid:71eb9923-410e-55f2-8fe6-41dc669a8635"",""source_file_revision_id"":""urn:uuid:57edfc0e-11c1-5c07-bb68-71a3d0c2476b"",""source_file_sha256"":""aaad5b98c8dd0b6fcf8d1c90945164bb99a8fcc9142e8b578e6d7677aa1a70b4"",""source_subtree_sha256"":""883462b40e345a6120268cddaae5ea01887a50cc4922acdc564adfd17342bdab"",""target_file_revision_id"":""urn:uuid:557fc163-f4a3-57a7-9bdc-b2d6101b393c"",""target_file_sha256"":""d8fc13245b5a47692fe1a2fce7905b64e31738086d895139c073f9773c3d62a4"",""target_subtree_sha256"":""cb03a76a4dc3c6926bf0c263023b05aee59f2a7d19c2aaa8a206dc70e4433720"",""title"":""Pratinjau Bagian"",""title_locale"":""id-ID"",""translation_state"":""published""},""record_type"":""unit"",""recorded_at"":""2026-08-30T00:00:00Z"",""semantic_key"":""b10:dmoi4:unit:urn:uuid:8b921663-895a-58ba-a836-1e32ad9795a5""}"
urn:uuid:cb4e1bf3-4c66-5a48-ac3d-47404af42f06,unit,"{""dataset_id"":""urn:uuid:6090fc4b-b34d-5cff-8f65-acaa06ddd1fc"",""id"":""urn:uuid:cb4e1bf3-4c66-5a48-ac3d-47404af42f06"",""normalized_state"":""published"",""owner_authority_id"":""urn:uuid:4dea4d1d-09ba-504e-9fcd-83524281ca97"",""owner_native_state"":""published"",""payload"":{""learner_route"":{""anchor"":null,""machine_data_only"":false,""route_id"":""urn:uuid:2aa436f5-fc73-5a95-85d7-2467dc715d5c"",""route_state"":""course_fallback_unit_route_planned_not_published"",""url"":""https://kokunoyumeto.github.io/discrete-mathematics-open-introduction-id/""},""localized_occurrence_id"":""urn:uuid:f8727df9-e2b4-5de7-9157-14b8fb208a40"",""localized_title_payload_sha256"":""34ea34f61b564d1891b25d4dc25e9c59b8adc5e333b3e9446926adb0d606f35c"",""localized_title_variant_id"":""urn:uuid:f704a634-2819-508c-8af0-91521b7c5aaf"",""native_locator"":{""canonical_path"":""source/sec_seq-exponential.ptx"",""identity_anchor"":""subsec-sum-geometric"",""source_actual_path"":""authority/upstream-82336dc87d77c3f18d2cdbc8ec1e74eb3ba38799/discrete-book-82336dc87d77c3f18d2cdbc8ec1e74eb3ba38799/source/sec_seq-exponential.ptx"",""source_xml_path"":""/section/subsection[2]"",""target_actual_path"":""repo/source/sec_seq-exponential.ptx"",""target_xml_path"":""/section/subsection[2]"",""xml_id"":""subsec-sum-geometric""},""native_unit_id"":""urn:uuid:52208520-fa97-5ae6-832e-64fc5f08e4e0"",""native_unit_kind"":""subsection"",""order_key"":""0098.000018"",""parent_native_unit_id"":""urn:uuid:c4b8c85f-a37a-5743-86ff-d4eb182a9667"",""parent_projected_unit_id"":""urn:uuid:88e0e0e6-b2b4-59c9-9f48-2b32fae0f2c3"",""rights_id"":""urn:uuid:71eb9923-410e-55f2-8fe6-41dc669a8635"",""source_file_revision_id"":""urn:uuid:57edfc0e-11c1-5c07-bb68-71a3d0c2476b"",""source_file_sha256"":""aaad5b98c8dd0b6fcf8d1c90945164bb99a8fcc9142e8b578e6d7677aa1a70b4"",""source_subtree_sha256"":""a70e4e3b7b5fed04dd1ef387ad3ecb09510dd9e3dda274c8b877e075e865cd1b"",""target_file_revision_id"":""urn:uuid:557fc163-f4a3-57a7-9bdc-b2d6101b393c"",""target_file_sha256"":""d8fc13245b5a47692fe1a2fce7905b64e31738086d895139c073f9773c3d62a4"",""target_subtree_sha256"":""8b8cc6c27107f6e3017a4f46768402f2fcc503b33f8ef757e34f9fc5d3f834e0"",""title"":""Menjumlahkan Barisan Geometri: Kalikan, Geser, dan Kurangkan"",""title_locale"":""id-ID"",""translation_state"":""published""},""record_type"":""unit"",""recorded_at"":""2026-08-30T00:00:00Z"",""semantic_key"":""b10:dmoi4:unit:urn:uuid:52208520-fa97-5ae6-832e-64fc5f08e4e0""}"
urn:uuid:72936f9b-39d3-5ccd-80de-406ad1c7d7f2,unit,"{""dataset_id"":""urn:uuid:6090fc4b-b34d-5cff-8f65-acaa06ddd1fc"",""id"":""urn:uuid:72936f9b-39d3-5ccd-80de-406ad1c7d7f2"",""normalized_state"":""published"",""owner_authority_id"":""urn:uuid:4dea4d1d-09ba-504e-9fcd-83524281ca97"",""owner_native_state"":""published"",""payload"":{""learner_route"":{""anchor"":null,""machine_data_only"":false,""route_id"":""urn:uuid:2aa436f5-fc73-5a95-85d7-2467dc715d5c"",""route_state"":""course_fallback_unit_route_planned_not_published"",""url"":""https://kokunoyumeto.github.io/discrete-mathematics-open-introduction-id/""},""localized_occurrence_id"":""urn:uuid:3e1453eb-d6c4-5d40-8362-9a819d0dac32"",""localized_title_payload_sha256"":""c35c128464de9b1a5b9182806bedff760e60bfc4cfb6368d50cb0cfb5b5c2e80"",""localized_title_variant_id"":""urn:uuid:c5d91945-f524-54e1-aaa6-b056f95b5c98"",""native_locator"":{""canonical_path"":""source/sec_seq-exponential.ptx"",""identity_anchor"":""source/sec_seq-exponential.ptx#/section/subsection[3]"",""source_actual_path"":""authority/upstream-82336dc87d77c3f18d2cdbc8ec1e74eb3ba38799/discrete-book-82336dc87d77c3f18d2cdbc8ec1e74eb3ba38799/source/sec_seq-exponential.ptx"",""source_xml_path"":""/section/subsection[3]"",""target_actual_path"":""repo/source/sec_seq-exponential.ptx"",""target_xml_path"":""/section/subsection[3]"",""xml_id"":null},""native_unit_id"":""urn:uuid:ecf87d52-bcf3-503b-bc27-2c1e4a1c641c"",""native_unit_kind"":""subsection"",""order_key"":""0098.000026"",""parent_native_unit_id"":""urn:uuid:c4b8c85f-a37a-5743-86ff-d4eb182a9667"",""parent_projected_unit_id"":""urn:uuid:88e0e0e6-b2b4-59c9-9f48-2b32fae0f2c3"",""rights_id"":""urn:uuid:71eb9923-410e-55f2-8fe6-41dc669a8635"",""source_file_revision_id"":""urn:uuid:57edfc0e-11c1-5c07-bb68-71a3d0c2476b"",""source_file_sha256"":""aaad5b98c8dd0b6fcf8d1c90945164bb99a8fcc9142e8b578e6d7677aa1a70b4"",""source_subtree_sha256"":""f61a821ca75b2e4dacb54416086f96f694135d904e8a31d5f013958d300690ec"",""target_file_revision_id"":""urn:uuid:557fc163-f4a3-57a7-9bdc-b2d6101b393c"",""target_file_sha256"":""d8fc13245b5a47692fe1a2fce7905b64e31738086d895139c073f9773c3d62a4"",""target_subtree_sha256"":""be980e532c2066fdbee00e3b96e6b14846d6a4301953727a21a232542fbc8055"",""title"":""Teknik Akar Karakteristik"",""title_locale"":""id-ID"",""translation_state"":""published""},""record_type"":""unit"",""recorded_at"":""2026-08-30T00:00:00Z"",""semantic_key"":""b10:dmoi4:unit:urn:uuid:ecf87d52-bcf3-503b-bc27-2c1e4a1c641c""}"
urn:uuid:949bee0d-f57f-5501-855b-92b8f8032b07,unit,"{""dataset_id"":""urn:uuid:6090fc4b-b34d-5cff-8f65-acaa06ddd1fc"",""id"":""urn:uuid:949bee0d-f57f-5501-855b-92b8f8032b07"",""normalized_state"":""published"",""owner_authority_id"":""urn:uuid:4dea4d1d-09ba-504e-9fcd-83524281ca97"",""owner_native_state"":""published"",""payload"":{""learner_route"":{""anchor"":null,""machine_data_only"":false,""route_id"":""urn:uuid:2aa436f5-fc73-5a95-85d7-2467dc715d5c"",""route_state"":""course_fallback_unit_route_planned_not_published"",""url"":""https://kokunoyumeto.github.io/discrete-mathematics-open-introduction-id/""},""localized_occurrence_id"":""urn:uuid:80fa4634-da58-5b25-b861-d22bc00b3852"",""localized_title_payload_sha256"":""fc84ba672ec3eaa7f80660534dbbae4d99fc63d7913b13286144d01f46956670"",""localized_title_variant_id"":""urn:uuid:7ec7e77a-cf73-55ee-b2f5-818b578e37d4"",""native_locator"":{""canonical_path"":""source/sec_seq-induction.ptx"",""identity_anchor"":""sec_seq-induction"",""source_actual_path"":""authority/upstream-82336dc87d77c3f18d2cdbc8ec1e74eb3ba38799/discrete-book-82336dc87d77c3f18d2cdbc8ec1e74eb3ba38799/source/sec_seq-induction.ptx"",""source_xml_path"":""/section"",""target_actual_path"":""repo/source/sec_seq-induction.ptx"",""target_xml_path"":""/section"",""xml_id"":""sec_seq-induction""},""native_unit_id"":""urn:uuid:9fea6a45-c264-51df-9a22-1ffd3e4261c7"",""native_unit_kind"":""section"",""order_key"":""0101.000001"",""parent_native_unit_id"":""urn:uuid:19ea5430-df56-5790-850c-cc430bf1b015"",""parent_projected_unit_id"":""urn:uuid:63c35ed2-dcef-58d1-b115-2d4b9f50167d"",""rights_id"":""urn:uuid:71eb9923-410e-55f2-8fe6-41dc669a8635"",""source_file_revision_id"":""urn:uuid:1a9a3266-c3de-58e8-8a68-4cae8dd87016"",""source_file_sha256"":""b9ee1f199e572b4208580ef50157d6129d854156c02477fcd608eefe5df11475"",""source_subtree_sha256"":""6b3fb9821236ef26e4f7ef4d71bb0e3bbbb0247a2d3f3ed83fcc9604afdbaefa"",""target_file_revision_id"":""urn:uuid:c496ddc5-0c13-560c-b52c-d3f4b8674deb"",""target_file_sha256"":""1936271620ac4c39632531424dd0b5a4e4bac8e69c562deb0b5b49fa3a3b3cf6"",""target_subtree_sha256"":""ba10e631766d049a943b666200813eabd5416c9ac294785176b3a8406d91a7a2"",""title"":""Pembuktian dengan Induksi"",""title_locale"":""id-ID"",""translation_state"":""published""},""record_type"":""unit"",""recorded_at"":""2026-08-30T00:00:00Z"",""semantic_key"":""b10:dmoi4:unit:urn:uuid:9fea6a45-c264-51df-9a22-1ffd3e4261c7""}"
urn:uuid:9a19d021-9a7f-55e9-aa22-5de568308f68,unit,"{""dataset_id"":""urn:uuid:6090fc4b-b34d-5cff-8f65-acaa06ddd1fc"",""id"":""urn:uuid:9a19d021-9a7f-55e9-aa22-5de568308f68"",""normalized_state"":""published"",""owner_authority_id"":""urn:uuid:4dea4d1d-09ba-504e-9fcd-83524281ca97"",""owner_native_state"":""published"",""payload"":{""learner_route"":{""anchor"":null,""machine_data_only"":false,""route_id"":""urn:uuid:2aa436f5-fc73-5a95-85d7-2467dc715d5c"",""route_state"":""course_fallback_unit_route_planned_not_published"",""url"":""https://kokunoyumeto.github.io/discrete-mathematics-open-introduction-id/""},""localized_occurrence_id"":""urn:uuid:be876df5-a2f2-5725-b8f5-748ac4700e1f"",""localized_title_payload_sha256"":""0ec14531841185758ad6feee5626c413110533aa652a65c87a5247f7e0a8ce6b"",""localized_title_variant_id"":""urn:uuid:c07aecf7-288c-5962-a7ec-f0a89c2827ec"",""native_locator"":{""canonical_path"":""source/sec_seq-induction.ptx"",""identity_anchor"":""subsec-induction-preview"",""source_actual_path"":""authority/upstream-82336dc87d77c3f18d2cdbc8ec1e74eb3ba38799/discrete-book-82336dc87d77c3f18d2cdbc8ec1e74eb3ba38799/source/sec_seq-induction.ptx"",""source_xml_path"":""/section/subsection[1]"",""target_actual_path"":""repo/source/sec_seq-induction.ptx"",""target_xml_path"":""/section/subsection[1]"",""xml_id"":""subsec-induction-preview""},""native_unit_id"":""urn:uuid:1b38c2d8-c4eb-5c0e-aaea-0c49a6aef79f"",""native_unit_kind"":""subsection"",""order_key"":""0101.000006"",""parent_native_unit_id"":""urn:uuid:9fea6a45-c264-51df-9a22-1ffd3e4261c7"",""parent_projected_unit_id"":""urn:uuid:949bee0d-f57f-5501-855b-92b8f8032b07"",""rights_id"":""urn:uuid:71eb9923-410e-55f2-8fe6-41dc669a8635"",""source_file_revision_id"":""urn:uuid:1a9a3266-c3de-58e8-8a68-4cae8dd87016"",""source_file_sha256"":""b9ee1f199e572b4208580ef50157d6129d854156c02477fcd608eefe5df11475"",""source_subtree_sha256"":""465a74b924eaab95d3bc56082a4c72181e8edf47be3fb112483c3c6608961b02"",""target_file_revision_id"":""urn:uuid:c496ddc5-0c13-560c-b52c-d3f4b8674deb"",""target_file_sha256"":""1936271620ac4c39632531424dd0b5a4e4bac8e69c562deb0b5b49fa3a3b3cf6"",""target_subtree_sha256"":""359dce85b87c7cbdce95f4664033909f5d1ef790ac07eef51a23265218640a1d"",""title"":""Pratinjau Bagian"",""title_locale"":""id-ID"",""translation_state"":""published""},""record_type"":""unit"",""recorded_at"":""2026-08-30T00:00:00Z"",""semantic_key"":""b10:dmoi4:unit:urn:uuid:1b38c2d8-c4eb-5c0e-aaea-0c49a6aef79f""}"
urn:uuid:1a524289-c49a-524b-b89c-59e76e7f03a2,unit,"{""dataset_id"":""urn:uuid:6090fc4b-b34d-5cff-8f65-acaa06ddd1fc"",""id"":""urn:uuid:1a524289-c49a-524b-b89c-59e76e7f03a2"",""normalized_state"":""published"",""owner_authority_id"":""urn:uuid:4dea4d1d-09ba-504e-9fcd-83524281ca97"",""owner_native_state"":""published"",""payload"":{""learner_route"":{""anchor"":null,""machine_data_only"":false,""route_id"":""urn:uuid:2aa436f5-fc73-5a95-85d7-2467dc715d5c"",""route_state"":""course_fallback_unit_route_planned_not_published"",""url"":""https://kokunoyumeto.github.io/discrete-mathematics-open-introduction-id/""},""localized_occurrence_id"":""urn:uuid:233a84f9-895a-5a41-b65f-0fd3bfa53f1a"",""localized_title_payload_sha256"":""1d50acbf77759576a33c38a2ef65ed96a31d8abb183f83790168c06f809d69f2"",""localized_title_variant_id"":""urn:uuid:afd68433-fee4-5999-a033-40d355cacb17"",""native_locator"":{""canonical_path"":""source/sec_seq-induction.ptx"",""identity_anchor"":""subsec_induction-recursion"",""source_actual_path"":""authority/upstream-82336dc87d77c3f18d2cdbc8ec1e74eb3ba38799/discrete-book-82336dc87d77c3f18d2cdbc8ec1e74eb3ba38799/source/sec_seq-induction.ptx"",""source_xml_path"":""/section/subsection[2]"",""target_actual_path"":""repo/source/sec_seq-induction.ptx"",""target_xml_path"":""/section/subsection[2]"",""xml_id"":""subsec_induction-recursion""},""native_unit_id"":""urn:uuid:57a07873-f2f8-52b3-87b1-56d1a99f5593"",""native_unit_kind"":""subsection"",""order_key"":""0101.000016"",""parent_native_unit_id"":""urn:uuid:9fea6a45-c264-51df-9a22-1ffd3e4261c7"",""parent_projected_unit_id"":""urn:uuid:949bee0d-f57f-5501-855b-92b8f8032b07"",""rights_id"":""urn:uuid:71eb9923-410e-55f2-8fe6-41dc669a8635"",""source_file_revision_id"":""urn:uuid:1a9a3266-c3de-58e8-8a68-4cae8dd87016"",""source_file_sha256"":""b9ee1f199e572b4208580ef50157d6129d854156c02477fcd608eefe5df11475"",""source_subtree_sha256"":""f947e9d41662bad8d4611950f85695769f0b1bfa388a022557101ed854cc61fe"",""target_file_revision_id"":""urn:uuid:c496ddc5-0c13-560c-b52c-d3f4b8674deb"",""target_file_sha256"":""1936271620ac4c39632531424dd0b5a4e4bac8e69c562deb0b5b49fa3a3b3cf6"",""target_subtree_sha256"":""a6bef9beca23abf11937c86f5a5b77495e23855b51f271dc412c3bd85e5caa31"",""title"":""Penalaran Rekursif"",""title_locale"":""id-ID"",""translation_state"":""published""},""record_type"":""unit"",""recorded_at"":""2026-08-30T00:00:00Z"",""semantic_key"":""b10:dmoi4:unit:urn:uuid:57a07873-f2f8-52b3-87b1-56d1a99f5593""}"
urn:uuid:fa91fc61-bb2e-53eb-9936-1269ece4f99f,unit,"{""dataset_id"":""urn:uuid:6090fc4b-b34d-5cff-8f65-acaa06ddd1fc"",""id"":""urn:uuid:fa91fc61-bb2e-53eb-9936-1269ece4f99f"",""normalized_state"":""published"",""owner_authority_id"":""urn:uuid:4dea4d1d-09ba-504e-9fcd-83524281ca97"",""owner_native_state"":""published"",""payload"":{""learner_route"":{""anchor"":null,""machine_data_only"":false,""route_id"":""urn:uuid:2aa436f5-fc73-5a95-85d7-2467dc715d5c"",""route_state"":""course_fallback_unit_route_planned_not_published"",""url"":""https://kokunoyumeto.github.io/discrete-mathematics-open-introduction-id/""},""localized_occurrence_id"":""urn:uuid:0fc1e0ec-0faa-54eb-8073-b960992765df"",""localized_title_payload_sha256"":""51d6ba51ff542618b15f37ad1d26996f0c815263d6d688177564aad61e85bc89"",""localized_title_variant_id"":""urn:uuid:ae45fa01-ddc2-5a5f-82cc-6023947afe02"",""native_locator"":{""canonical_path"":""source/sec_seq-induction.ptx"",""identity_anchor"":""subsec_induction-formproofs"",""source_actual_path"":""authority/upstream-82336dc87d77c3f18d2cdbc8ec1e74eb3ba38799/discrete-book-82336dc87d77c3f18d2cdbc8ec1e74eb3ba38799/source/sec_seq-induction.ptx"",""source_xml_path"":""/section/subsection[3]"",""target_actual_path"":""repo/source/sec_seq-induction.ptx"",""target_xml_path"":""/section/subsection[3]"",""xml_id"":""subsec_induction-formproofs""},""native_unit_id"":""urn:uuid:340f2fcb-0843-52a2-bc90-f8c2fc6d48ba"",""native_unit_kind"":""subsection"",""order_key"":""0101.000018"",""parent_native_unit_id"":""urn:uuid:9fea6a45-c264-51df-9a22-1ffd3e4261c7"",""parent_projected_unit_id"":""urn:uuid:949bee0d-f57f-5501-855b-92b8f8032b07"",""rights_id"":""urn:uuid:71eb9923-410e-55f2-8fe6-41dc669a8635"",""source_file_revision_id"":""urn:uuid:1a9a3266-c3de-58e8-8a68-4cae8dd87016"",""source_file_sha256"":""b9ee1f199e572b4208580ef50157d6129d854156c02477fcd608eefe5df11475"",""source_subtree_sha256"":""d9bdafb587641fc0f26eb0ddde3d6281119129856184ce3cb4ea7c7aed7e5167"",""target_file_revision_id"":""urn:uuid:c496ddc5-0c13-560c-b52c-d3f4b8674deb"",""target_file_sha256"":""1936271620ac4c39632531424dd0b5a4e4bac8e69c562deb0b5b49fa3a3b3cf6"",""target_subtree_sha256"":""3e04a43b10c3edc8884c111bd33d95e9e2680fd129967d098017fc4a1c929527"",""title"":""Memformalkan Pembuktian"",""title_locale"":""id-ID"",""translation_state"":""published""},""record_type"":""unit"",""recorded_at"":""2026-08-30T00:00:00Z"",""semantic_key"":""b10:dmoi4:unit:urn:uuid:340f2fcb-0843-52a2-bc90-f8c2fc6d48ba""}"
urn:uuid:3674f341-89c9-5b36-ab8e-831428ce1975,unit,"{""dataset_id"":""urn:uuid:6090fc4b-b34d-5cff-8f65-acaa06ddd1fc"",""id"":""urn:uuid:3674f341-89c9-5b36-ab8e-831428ce1975"",""normalized_state"":""published"",""owner_authority_id"":""urn:uuid:4dea4d1d-09ba-504e-9fcd-83524281ca97"",""owner_native_state"":""published"",""payload"":{""learner_route"":{""anchor"":null,""machine_data_only"":false,""route_id"":""urn:uuid:2aa436f5-fc73-5a95-85d7-2467dc715d5c"",""route_state"":""course_fallback_unit_route_planned_not_published"",""url"":""https://kokunoyumeto.github.io/discrete-mathematics-open-introduction-id/""},""localized_occurrence_id"":""urn:uuid:d8ca570b-500b-5755-a439-b890210ac36a"",""localized_title_payload_sha256"":""be6eac15b4f26827f187bd89c79129f2c5365cf717598b755d7cd840f809bd1e"",""localized_title_variant_id"":""urn:uuid:32d78420-c29b-519a-9a55-d97f8187d51f"",""native_locator"":{""canonical_path"":""source/sec_seq-induction.ptx"",""identity_anchor"":""subsec_induction-examples"",""source_actual_path"":""authority/upstream-82336dc87d77c3f18d2cdbc8ec1e74eb3ba38799/discrete-book-82336dc87d77c3f18d2cdbc8ec1e74eb3ba38799/source/sec_seq-induction.ptx"",""source_xml_path"":""/section/subsection[4]"",""target_actual_path"":""repo/source/sec_seq-induction.ptx"",""target_xml_path"":""/section/subsection[4]"",""xml_id"":""subsec_induction-examples""},""native_unit_id"":""urn:uuid:458b3f97-c3e8-5f46-af3f-d5236a5bf25d"",""native_unit_kind"":""subsection"",""order_key"":""0101.000030"",""parent_native_unit_id"":""urn:uuid:9fea6a45-c264-51df-9a22-1ffd3e4261c7"",""parent_projected_unit_id"":""urn:uuid:949bee0d-f57f-5501-855b-92b8f8032b07"",""rights_id"":""urn:uuid:71eb9923-410e-55f2-8fe6-41dc669a8635"",""source_file_revision_id"":""urn:uuid:1a9a3266-c3de-58e8-8a68-4cae8dd87016"",""source_file_sha256"":""b9ee1f199e572b4208580ef50157d6129d854156c02477fcd608eefe5df11475"",""source_subtree_sha256"":""392be26136548ea96b75478d8e09eaa59b4f931eff4614fa523e33a96a3f0450"",""target_file_revision_id"":""urn:uuid:c496ddc5-0c13-560c-b52c-d3f4b8674deb"",""target_file_sha256"":""1936271620ac4c39632531424dd0b5a4e4bac8e69c562deb0b5b49fa3a3b3cf6"",""target_subtree_sha256"":""70d98044b104c9c14fa1c61fd6735b18bd9c7bcf550e7905d3053ea9a6d5d198"",""title"":""Contoh"",""title_locale"":""id-ID"",""translation_state"":""published""},""record_type"":""unit"",""recorded_at"":""2026-08-30T00:00:00Z"",""semantic_key"":""b10:dmoi4:unit:urn:uuid:458b3f97-c3e8-5f46-af3f-d5236a5bf25d""}"
urn:uuid:d110106c-0269-55e4-bc9c-bb6ab37561a4,unit,"{""dataset_id"":""urn:uuid:6090fc4b-b34d-5cff-8f65-acaa06ddd1fc"",""id"":""urn:uuid:d110106c-0269-55e4-bc9c-bb6ab37561a4"",""normalized_state"":""published"",""owner_authority_id"":""urn:uuid:4dea4d1d-09ba-504e-9fcd-83524281ca97"",""owner_native_state"":""published"",""payload"":{""learner_route"":{""anchor"":null,""machine_data_only"":false,""route_id"":""urn:uuid:2aa436f5-fc73-5a95-85d7-2467dc715d5c"",""route_state"":""course_fallback_unit_route_planned_not_published"",""url"":""https://kokunoyumeto.github.io/discrete-mathematics-open-introduction-id/""},""localized_occurrence_id"":""urn:uuid:f28a9b44-5748-5692-8d18-e73878df7405"",""localized_title_payload_sha256"":""b8fd2686368cebeb1503265d2f12ed050b16e4bd561bd955c3b01104b59828fd"",""localized_title_variant_id"":""urn:uuid:25ac847e-9283-514b-bbc4-3c0cce9fc72c"",""native_locator"":{""canonical_path"":""source/sec_seq-strong-induction.ptx"",""identity_anchor"":""sec_seq-strong-induction"",""source_actual_path"":""authority/upstream-82336dc87d77c3f18d2cdbc8ec1e74eb3ba38799/discrete-book-82336dc87d77c3f18d2cdbc8ec1e74eb3ba38799/source/sec_seq-strong-induction.ptx"",""source_xml_path"":""/section"",""target_actual_path"":""repo/source/sec_seq-strong-induction.ptx"",""target_xml_path"":""/section"",""xml_id"":""sec_seq-strong-induction""},""native_unit_id"":""urn:uuid:437bf5cc-9af0-566c-96b2-5266a23e7307"",""native_unit_kind"":""section"",""order_key"":""0104.000001"",""parent_native_unit_id"":""urn:uuid:19ea5430-df56-5790-850c-cc430bf1b015"",""parent_projected_unit_id"":""urn:uuid:63c35ed2-dcef-58d1-b115-2d4b9f50167d"",""rights_id"":""urn:uuid:71eb9923-410e-55f2-8fe6-41dc669a8635"",""source_file_revision_id"":""urn:uuid:08a62a88-ffd4-5fef-863f-70f0233f478f"",""source_file_sha256"":""966ec5e8e1e33ec425b4ca8c7cb47e193547baa4bd0069ddcad7b3c957972960"",""source_subtree_sha256"":""0a5ae50f42bbe985165d5bec2cdbbc138512ec96da05cb2823f11d09b158f4e2"",""target_file_revision_id"":""urn:uuid:b336da1b-fe87-58a0-ac01-14e5618cd0a6"",""target_file_sha256"":""556fdc73f8c2564dd7936634dd62b2207f51b805576eb4dab2b4579fd7eae3ad"",""target_subtree_sha256"":""06b3ec2e1fdc5cbd9759b05e2038a49fab0b98aa8c43efd688a076cf421b3c51"",""title"":""Induksi Kuat"",""title_locale"":""id-ID"",""translation_state"":""published""},""record_type"":""unit"",""recorded_at"":""2026-08-30T00:00:00Z"",""semantic_key"":""b10:dmoi4:unit:urn:uuid:437bf5cc-9af0-566c-96b2-5266a23e7307""}"
urn:uuid:a0c9f1a7-e336-5576-a2da-faa12dc67f1e,unit,"{""dataset_id"":""urn:uuid:6090fc4b-b34d-5cff-8f65-acaa06ddd1fc"",""id"":""urn:uuid:a0c9f1a7-e336-5576-a2da-faa12dc67f1e"",""normalized_state"":""published"",""owner_authority_id"":""urn:uuid:4dea4d1d-09ba-504e-9fcd-83524281ca97"",""owner_native_state"":""published"",""payload"":{""learner_route"":{""anchor"":null,""machine_data_only"":false,""route_id"":""urn:uuid:2aa436f5-fc73-5a95-85d7-2467dc715d5c"",""route_state"":""course_fallback_unit_route_planned_not_published"",""url"":""https://kokunoyumeto.github.io/discrete-mathematics-open-introduction-id/""},""localized_occurrence_id"":""urn:uuid:061956fb-8fef-5645-8439-ea5f3f9ee3a7"",""localized_title_payload_sha256"":""0ec14531841185758ad6feee5626c413110533aa652a65c87a5247f7e0a8ce6b"",""localized_title_variant_id"":""urn:uuid:65d724fb-fbd7-5ba5-aee7-b38aff51b89f"",""native_locator"":{""canonical_path"":""source/sec_seq-strong-induction.ptx"",""identity_anchor"":""subsec-going-farther-back"",""source_actual_path"":""authority/upstream-82336dc87d77c3f18d2cdbc8ec1e74eb3ba38799/discrete-book-82336dc87d77c3f18d2cdbc8ec1e74eb3ba38799/source/sec_seq-strong-induction.ptx"",""source_xml_path"":""/section/subsection[1]"",""target_actual_path"":""repo/source/sec_seq-strong-induction.ptx"",""target_xml_path"":""/section/subsection[1]"",""xml_id"":""subsec-going-farther-back""},""native_unit_id"":""urn:uuid:b4130979-7127-5b3d-814a-458c5030a423"",""native_unit_kind"":""subsection"",""order_key"":""0104.000005"",""parent_native_unit_id"":""urn:uuid:437bf5cc-9af0-566c-96b2-5266a23e7307"",""parent_projected_unit_id"":""urn:uuid:d110106c-0269-55e4-bc9c-bb6ab37561a4"",""rights_id"":""urn:uuid:71eb9923-410e-55f2-8fe6-41dc669a8635"",""source_file_revision_id"":""urn:uuid:08a62a88-ffd4-5fef-863f-70f0233f478f"",""source_file_sha256"":""966ec5e8e1e33ec425b4ca8c7cb47e193547baa4bd0069ddcad7b3c957972960"",""source_subtree_sha256"":""e77fff7daf7bf59ddfc892cf344cdcec8da0a255f9b207ab1f8dce6c4cd0c7bc"",""target_file_revision_id"":""urn:uuid:b336da1b-fe87-58a0-ac01-14e5618cd0a6"",""target_file_sha256"":""556fdc73f8c2564dd7936634dd62b2207f51b805576eb4dab2b4579fd7eae3ad"",""target_subtree_sha256"":""91edd5b9b23e08890ed3a68aeb2fb8dc7cb2e1f74760eac974f3467f66af8d2f"",""title"":""Pratinjau Bagian"",""title_locale"":""id-ID"",""translation_state"":""published""},""record_type"":""unit"",""recorded_at"":""2026-08-30T00:00:00Z"",""semantic_key"":""b10:dmoi4:unit:urn:uuid:b4130979-7127-5b3d-814a-458c5030a423""}"
urn:uuid:4e1276f8-e35a-5d93-9a8f-0a0e758bd66e,unit,"{""dataset_id"":""urn:uuid:6090fc4b-b34d-5cff-8f65-acaa06ddd1fc"",""id"":""urn:uuid:4e1276f8-e35a-5d93-9a8f-0a0e758bd66e"",""normalized_state"":""published"",""owner_authority_id"":""urn:uuid:4dea4d1d-09ba-504e-9fcd-83524281ca97"",""owner_native_state"":""published"",""payload"":{""learner_route"":{""anchor"":null,""machine_data_only"":false,""route_id"":""urn:uuid:2aa436f5-fc73-5a95-85d7-2467dc715d5c"",""route_state"":""course_fallback_unit_route_planned_not_published"",""url"":""https://kokunoyumeto.github.io/discrete-mathematics-open-introduction-id/""},""localized_occurrence_id"":""urn:uuid:b39027bf-0908-589f-9fe3-bd6311adde04"",""localized_title_payload_sha256"":""62aadc06cc65458a797ad3aaee45afbb13c2dfa6408ab8a59acb22d6df3f9ff4"",""localized_title_variant_id"":""urn:uuid:b3640ad0-0cad-5e00-801c-97ca239c59da"",""native_locator"":{""canonical_path"":""source/sec_seq-strong-induction.ptx"",""identity_anchor"":""source/sec_seq-strong-induction.ptx#/section/subsection[2]"",""source_actual_path"":""authority/upstream-82336dc87d77c3f18d2cdbc8ec1e74eb3ba38799/discrete-book-82336dc87d77c3f18d2cdbc8ec1e74eb3ba38799/source/sec_seq-strong-induction.ptx"",""source_xml_path"":""/section/subsection[2]"",""target_actual_path"":""repo/source/sec_seq-strong-induction.ptx"",""target_xml_path"":""/section/subsection[2]"",""xml_id"":null},""native_unit_id"":""urn:uuid:269955d5-3ef0-5729-b2c1-c1b4e816b3a5"",""native_unit_kind"":""subsection"",""order_key"":""0104.000019"",""parent_native_unit_id"":""urn:uuid:437bf5cc-9af0-566c-96b2-5266a23e7307"",""parent_projected_unit_id"":""urn:uuid:d110106c-0269-55e4-bc9c-bb6ab37561a4"",""rights_id"":""urn:uuid:71eb9923-410e-55f2-8fe6-41dc669a8635"",""source_file_revision_id"":""urn:uuid:08a62a88-ffd4-5fef-863f-70f0233f478f"",""source_file_sha256"":""966ec5e8e1e33ec425b4ca8c7cb47e193547baa4bd0069ddcad7b3c957972960"",""source_subtree_sha256"":""594d7f303e97d3827aee53ed22d4c97c394fe69da06f0ba14b17748cd2bf1043"",""target_file_revision_id"":""urn:uuid:b336da1b-fe87-58a0-ac01-14e5618cd0a6"",""target_file_sha256"":""556fdc73f8c2564dd7936634dd62b2207f51b805576eb4dab2b4579fd7eae3ad"",""target_subtree_sha256"":""df020b4bb194f44941bc6a5169d9aa56dde15faca6358dad5c88cf189e3e9e4e"",""title"":""Bagi dan Taklukkan"",""title_locale"":""id-ID"",""translation_state"":""published""},""record_type"":""unit"",""recorded_at"":""2026-08-30T00:00:00Z"",""semantic_key"":""b10:dmoi4:unit:urn:uuid:269955d5-3ef0-5729-b2c1-c1b4e816b3a5""}"
urn:uuid:84afaf04-92d3-5a91-84ff-1108bedf0281,unit,"{""dataset_id"":""urn:uuid:6090fc4b-b34d-5cff-8f65-acaa06ddd1fc"",""id"":""urn:uuid:84afaf04-92d3-5a91-84ff-1108bedf0281"",""normalized_state"":""published"",""owner_authority_id"":""urn:uuid:4dea4d1d-09ba-504e-9fcd-83524281ca97"",""owner_native_state"":""published"",""payload"":{""learner_route"":{""anchor"":null,""machine_data_only"":false,""route_id"":""urn:uuid:2aa436f5-fc73-5a95-85d7-2467dc715d5c"",""route_state"":""course_fallback_unit_route_planned_not_published"",""url"":""https://kokunoyumeto.github.io/discrete-mathematics-open-introduction-id/""},""localized_occurrence_id"":""urn:uuid:55f2b7f7-188b-5c63-9904-05125a086eda"",""localized_title_payload_sha256"":""f485ebd31068d7389b0f3fefff7c92f0706eea7e7f9387a26e508879bc90e762"",""localized_title_variant_id"":""urn:uuid:80e9fe90-0b85-5b64-89e5-5077b5c483b0"",""native_locator"":{""canonical_path"":""source/sec_seq-conc.ptx"",""identity_anchor"":""sec_sequences-conc"",""source_actual_path"":""authority/upstream-82336dc87d77c3f18d2cdbc8ec1e74eb3ba38799/discrete-book-82336dc87d77c3f18d2cdbc8ec1e74eb3ba38799/source/sec_seq-conc.ptx"",""source_xml_path"":""/section"",""target_actual_path"":""repo/source/sec_seq-conc.ptx"",""target_xml_path"":""/section"",""xml_id"":""sec_sequences-conc""},""native_unit_id"":""urn:uuid:4f60a63b-8d54-5af2-8cb5-1f69dafcb3d6"",""native_unit_kind"":""section"",""order_key"":""0107.000001"",""parent_native_unit_id"":""urn:uuid:19ea5430-df56-5790-850c-cc430bf1b015"",""parent_projected_unit_id"":""urn:uuid:63c35ed2-dcef-58d1-b115-2d4b9f50167d"",""rights_id"":""urn:uuid:71eb9923-410e-55f2-8fe6-41dc669a8635"",""source_file_revision_id"":""urn:uuid:5f83dda4-fe22-579b-b8b7-72ded1234fee"",""source_file_sha256"":""51d047f1d9595140a8b3e62f780b81a0351d18189c175b6423ceb890ef52c87b"",""source_subtree_sha256"":""c3350c399acf2a63cece2e9564f9411d07704c932cd36bd734108ce002e363e8"",""target_file_revision_id"":""urn:uuid:739ac789-3698-57e4-ac91-a175a6a6a945"",""target_file_sha256"":""e58af8d31db86453826dc58cc519ff19d7f04b43cd6bcaa22b44ff31d060f15a"",""target_subtree_sha256"":""cf43c2376b250396ce87ce3ed822e84f97a127739247a95bd7d0b37ee0f554e6"",""title"":""Ringkasan Bab"",""title_locale"":""id-ID"",""translation_state"":""published""},""record_type"":""unit"",""recorded_at"":""2026-08-30T00:00:00Z"",""semantic_key"":""b10:dmoi4:unit:urn:uuid:4f60a63b-8d54-5af2-8cb5-1f69dafcb3d6""}"
urn:uuid:6b0bee20-5223-5e8a-8522-f3a948d654e6,unit,"{""dataset_id"":""urn:uuid:6090fc4b-b34d-5cff-8f65-acaa06ddd1fc"",""id"":""urn:uuid:6b0bee20-5223-5e8a-8522-f3a948d654e6"",""normalized_state"":""published"",""owner_authority_id"":""urn:uuid:4dea4d1d-09ba-504e-9fcd-83524281ca97"",""owner_native_state"":""published"",""payload"":{""learner_route"":{""anchor"":null,""machine_data_only"":false,""route_id"":""urn:uuid:2aa436f5-fc73-5a95-85d7-2467dc715d5c"",""route_state"":""course_fallback_unit_route_planned_not_published"",""url"":""https://kokunoyumeto.github.io/discrete-mathematics-open-introduction-id/""},""localized_occurrence_id"":""urn:uuid:076f3bb5-3f59-5a0e-9307-673cc9d4fb57"",""localized_title_payload_sha256"":""ab2aa20b491c821288640e8c0b0734a82ce6a3357abc839f3a9f12f216daad1f"",""localized_title_variant_id"":""urn:uuid:81be77cb-9104-5d44-8155-54ce65c4a0fe"",""native_locator"":{""canonical_path"":""source/ch_structures.ptx"",""identity_anchor"":""ch_structures"",""source_actual_path"":""authority/upstream-82336dc87d77c3f18d2cdbc8ec1e74eb3ba38799/discrete-book-82336dc87d77c3f18d2cdbc8ec1e74eb3ba38799/source/ch_structures.ptx"",""source_xml_path"":""/chapter"",""target_actual_path"":""repo/source/ch_structures.ptx"",""target_xml_path"":""/chapter"",""xml_id"":""ch_structures""},""native_unit_id"":""urn:uuid:e48b3022-7279-57f3-b2bb-a71083700a46"",""native_unit_kind"":""chapter"",""order_key"":""0109.000001"",""parent_native_unit_id"":""urn:uuid:82d239c3-1cde-57c4-b480-18b23beba54a"",""parent_projected_unit_id"":""urn:uuid:11550bda-ab68-58a2-ba09-1b4804a618bd"",""rights_id"":""urn:uuid:71eb9923-410e-55f2-8fe6-41dc669a8635"",""source_file_revision_id"":""urn:uuid:5250c29d-8657-537d-8b25-5b13d2e934b0"",""source_file_sha256"":""3fd6dfdd2feaef649aa7a32b769f840ad90601e5b60138f1f11c3cce442e0211"",""source_subtree_sha256"":""d19e72167a4030bc83e7a2a8024f76b792567f55683f6a83eaae03f0f6b6c4b4"",""target_file_revision_id"":""urn:uuid:60fb3043-1fd7-55c9-b3e6-d95034206d75"",""target_file_sha256"":""077824df224b0193c46f666c952549426a10c6bbc75516b1508f6817a226a6a3"",""target_subtree_sha256"":""f38ba6f4e7cb18514dc60dda0f42d545adfe85abaf5c6bfcfe94e8075f40872f"",""title"":""Meninjau Kembali Struktur Diskret"",""title_locale"":""id-ID"",""translation_state"":""published""},""record_type"":""unit"",""recorded_at"":""2026-08-30T00:00:00Z"",""semantic_key"":""b10:dmoi4:unit:urn:uuid:e48b3022-7279-57f3-b2bb-a71083700a46""}"
urn:uuid:c109d48c-5e73-52e1-915a-429e4657135a,unit,"{""dataset_id"":""urn:uuid:6090fc4b-b34d-5cff-8f65-acaa06ddd1fc"",""id"":""urn:uuid:c109d48c-5e73-52e1-915a-429e4657135a"",""normalized_state"":""published"",""owner_authority_id"":""urn:uuid:4dea4d1d-09ba-504e-9fcd-83524281ca97"",""owner_native_state"":""published"",""payload"":{""learner_route"":{""anchor"":null,""machine_data_only"":false,""route_id"":""urn:uuid:2aa436f5-fc73-5a95-85d7-2467dc715d5c"",""route_state"":""course_fallback_unit_route_planned_not_published"",""url"":""https://kokunoyumeto.github.io/discrete-mathematics-open-introduction-id/""},""localized_occurrence_id"":""urn:uuid:6f3d31a5-a5d8-5463-b919-dc75cc0310bc"",""localized_title_payload_sha256"":""641230a754652930eb364a82076c4f7b6f5c0defc36427e0db0b849c33b7b3f4"",""localized_title_variant_id"":""urn:uuid:3b2efa2f-c3f8-537b-ae76-470b9e4d13d3"",""native_locator"":{""canonical_path"":""source/sec_structures-sets.ptx"",""identity_anchor"":""sec_structures-sets"",""source_actual_path"":""authority/upstream-82336dc87d77c3f18d2cdbc8ec1e74eb3ba38799/discrete-book-82336dc87d77c3f18d2cdbc8ec1e74eb3ba38799/source/sec_structures-sets.ptx"",""source_xml_path"":""/section"",""target_actual_path"":""repo/source/sec_structures-sets.ptx"",""target_xml_path"":""/section"",""xml_id"":""sec_structures-sets""},""native_unit_id"":""urn:uuid:d7897d8e-0878-5129-bbd8-2bff162600a0"",""native_unit_kind"":""section"",""order_key"":""0110.000001"",""parent_native_unit_id"":""urn:uuid:e48b3022-7279-57f3-b2bb-a71083700a46"",""parent_projected_unit_id"":""urn:uuid:6b0bee20-5223-5e8a-8522-f3a948d654e6"",""rights_id"":""urn:uuid:71eb9923-410e-55f2-8fe6-41dc669a8635"",""source_file_revision_id"":""urn:uuid:692036e1-2bd2-56cb-8f09-f90ebd59fc8f"",""source_file_sha256"":""0d525f026c14b828c16a7e4534dbe7df0bed77919456262d31a088eb643c8af7"",""source_subtree_sha256"":""3ee7200b3c823e54f0573c678e92ffe390f3f7f2384f4318c1266874abeb3fcc"",""target_file_revision_id"":""urn:uuid:36bdad1c-b28b-50c8-a180-89f3dc72463b"",""target_file_sha256"":""9ed420e3bc0e4792b6b3ef5931129894877d32d642eab657397822a75de8c994"",""target_subtree_sha256"":""c7225e9ea5afbea5c04bdf138e33cf749c14f2c478363cf80b409fc6affb1c79"",""title"":""Himpunan"",""title_locale"":""id-ID"",""translation_state"":""published""},""record_type"":""unit"",""recorded_at"":""2026-08-30T00:00:00Z"",""semantic_key"":""b10:dmoi4:unit:urn:uuid:d7897d8e-0878-5129-bbd8-2bff162600a0""}"
urn:uuid:f15c5f39-0d3e-523a-9da1-3f1fb9c1a516,unit,"{""dataset_id"":""urn:uuid:6090fc4b-b34d-5cff-8f65-acaa06ddd1fc"",""id"":""urn:uuid:f15c5f39-0d3e-523a-9da1-3f1fb9c1a516"",""normalized_state"":""published"",""owner_authority_id"":""urn:uuid:4dea4d1d-09ba-504e-9fcd-83524281ca97"",""owner_native_state"":""published"",""payload"":{""learner_route"":{""anchor"":null,""machine_data_only"":false,""route_id"":""urn:uuid:2aa436f5-fc73-5a95-85d7-2467dc715d5c"",""route_state"":""course_fallback_unit_route_planned_not_published"",""url"":""https://kokunoyumeto.github.io/discrete-mathematics-open-introduction-id/""},""localized_occurrence_id"":""urn:uuid:0403c201-672d-5eca-91de-acb6f7550d01"",""localized_title_payload_sha256"":""1fa00d21cf1147f4e3cf2dfb8476f810fcc0f13b720626eeca2a08f4b58db1b4"",""localized_title_variant_id"":""urn:uuid:d791ba90-928a-551e-8ec9-374e0364b727"",""native_locator"":{""canonical_path"":""source/sec_structures-sets.ptx"",""identity_anchor"":""subsec_notation"",""source_actual_path"":""authority/upstream-82336dc87d77c3f18d2cdbc8ec1e74eb3ba38799/discrete-book-82336dc87d77c3f18d2cdbc8ec1e74eb3ba38799/source/sec_structures-sets.ptx"",""source_xml_path"":""/section/subsection[1]"",""target_actual_path"":""repo/source/sec_structures-sets.ptx"",""target_xml_path"":""/section/subsection[1]"",""xml_id"":""subsec_notation""},""native_unit_id"":""urn:uuid:2d15eeb0-b3c1-560e-b10a-b29eb74d5e60"",""native_unit_kind"":""subsection"",""order_key"":""0110.000004"",""parent_native_unit_id"":""urn:uuid:d7897d8e-0878-5129-bbd8-2bff162600a0"",""parent_projected_unit_id"":""urn:uuid:c109d48c-5e73-52e1-915a-429e4657135a"",""rights_id"":""urn:uuid:71eb9923-410e-55f2-8fe6-41dc669a8635"",""source_file_revision_id"":""urn:uuid:692036e1-2bd2-56cb-8f09-f90ebd59fc8f"",""source_file_sha256"":""0d525f026c14b828c16a7e4534dbe7df0bed77919456262d31a088eb643c8af7"",""source_subtree_sha256"":""7fff340baf44b8eda1bccbfb5c4f51e142ed3f2176f30baa1c0a7b41b1968fe2"",""target_file_revision_id"":""urn:uuid:36bdad1c-b28b-50c8-a180-89f3dc72463b"",""target_file_sha256"":""9ed420e3bc0e4792b6b3ef5931129894877d32d642eab657397822a75de8c994"",""target_subtree_sha256"":""a8e3c6b3bf39026ec0008e3f20ece007bd2a8681c7b99e644c3be32271d73e24"",""title"":""Notasi"",""title_locale"":""id-ID"",""translation_state"":""published""},""record_type"":""unit"",""recorded_at"":""2026-08-30T00:00:00Z"",""semantic_key"":""b10:dmoi4:unit:urn:uuid:2d15eeb0-b3c1-560e-b10a-b29eb74d5e60""}"
urn:uuid:0218c651-a707-51a4-887a-126e7a19bc86,unit,"{""dataset_id"":""urn:uuid:6090fc4b-b34d-5cff-8f65-acaa06ddd1fc"",""id"":""urn:uuid:0218c651-a707-51a4-887a-126e7a19bc86"",""normalized_state"":""published"",""owner_authority_id"":""urn:uuid:4dea4d1d-09ba-504e-9fcd-83524281ca97"",""owner_native_state"":""published"",""payload"":{""learner_route"":{""anchor"":null,""machine_data_only"":false,""route_id"":""urn:uuid:2aa436f5-fc73-5a95-85d7-2467dc715d5c"",""route_state"":""course_fallback_unit_route_planned_not_published"",""url"":""https://kokunoyumeto.github.io/discrete-mathematics-open-introduction-id/""},""localized_occurrence_id"":""urn:uuid:44ff83de-1dc5-5636-a527-c9e20feab85c"",""localized_title_payload_sha256"":""acdf880f60777477b9da86651d500faf6c2372496a9fa55bfa53107b9d8fa9c6"",""localized_title_variant_id"":""urn:uuid:1becd1b9-b146-5949-ab3c-b69f5aca7ea5"",""native_locator"":{""canonical_path"":""source/sec_structures-sets.ptx"",""identity_anchor"":""source/sec_structures-sets.ptx#/section/subsection[2]"",""source_actual_path"":""authority/upstream-82336dc87d77c3f18d2cdbc8ec1e74eb3ba38799/discrete-book-82336dc87d77c3f18d2cdbc8ec1e74eb3ba38799/source/sec_structures-sets.ptx"",""source_xml_path"":""/section/subsection[2]"",""target_actual_path"":""repo/source/sec_structures-sets.ptx"",""target_xml_path"":""/section/subsection[2]"",""xml_id"":null},""native_unit_id"":""urn:uuid:49cbf686-a78a-57d6-8518-7f4367bfdffa"",""native_unit_kind"":""subsection"",""order_key"":""0110.000042"",""parent_native_unit_id"":""urn:uuid:d7897d8e-0878-5129-bbd8-2bff162600a0"",""parent_projected_unit_id"":""urn:uuid:c109d48c-5e73-52e1-915a-429e4657135a"",""rights_id"":""urn:uuid:71eb9923-410e-55f2-8fe6-41dc669a8635"",""source_file_revision_id"":""urn:uuid:692036e1-2bd2-56cb-8f09-f90ebd59fc8f"",""source_file_sha256"":""0d525f026c14b828c16a7e4534dbe7df0bed77919456262d31a088eb643c8af7"",""source_subtree_sha256"":""809bebb09435434c5b13612d13e6172df5ba51c7e9d2e92d4c848c642a2ecdd3"",""target_file_revision_id"":""urn:uuid:36bdad1c-b28b-50c8-a180-89f3dc72463b"",""target_file_sha256"":""9ed420e3bc0e4792b6b3ef5931129894877d32d642eab657397822a75de8c994"",""target_subtree_sha256"":""83c60d7c8d040948184746faced1dc2dfede32f02b187f897d0ef86d7bdd41f7"",""title"":""Hubungan Antarhimpunan"",""title_locale"":""id-ID"",""translation_state"":""published""},""record_type"":""unit"",""recorded_at"":""2026-08-30T00:00:00Z"",""semantic_key"":""b10:dmoi4:unit:urn:uuid:49cbf686-a78a-57d6-8518-7f4367bfdffa""}"
urn:uuid:ca8f5fd2-f271-5d64-9844-f1fc62442fcf,unit,"{""dataset_id"":""urn:uuid:6090fc4b-b34d-5cff-8f65-acaa06ddd1fc"",""id"":""urn:uuid:ca8f5fd2-f271-5d64-9844-f1fc62442fcf"",""normalized_state"":""published"",""owner_authority_id"":""urn:uuid:4dea4d1d-09ba-504e-9fcd-83524281ca97"",""owner_native_state"":""published"",""payload"":{""learner_route"":{""anchor"":null,""machine_data_only"":false,""route_id"":""urn:uuid:2aa436f5-fc73-5a95-85d7-2467dc715d5c"",""route_state"":""course_fallback_unit_route_planned_not_published"",""url"":""https://kokunoyumeto.github.io/discrete-mathematics-open-introduction-id/""},""localized_occurrence_id"":""urn:uuid:7ef916ea-9ac1-5b7e-88f0-dc2189e25006"",""localized_title_payload_sha256"":""96a441d7676f00ba26ec5509d685101ade23d6151402719bc23bf379b4c6a9d0"",""localized_title_variant_id"":""urn:uuid:986eafa6-5152-503b-a892-d124a24ea3af"",""native_locator"":{""canonical_path"":""source/sec_structures-sets.ptx"",""identity_anchor"":""source/sec_structures-sets.ptx#/section/subsection[3]"",""source_actual_path"":""authority/upstream-82336dc87d77c3f18d2cdbc8ec1e74eb3ba38799/discrete-book-82336dc87d77c3f18d2cdbc8ec1e74eb3ba38799/source/sec_structures-sets.ptx"",""source_xml_path"":""/section/subsection[3]"",""target_actual_path"":""repo/source/sec_structures-sets.ptx"",""target_xml_path"":""/section/subsection[3]"",""xml_id"":null},""native_unit_id"":""urn:uuid:6e1f8158-d481-5e62-b699-56d17d4cf395"",""native_unit_kind"":""subsection"",""order_key"":""0110.000055"",""parent_native_unit_id"":""urn:uuid:d7897d8e-0878-5129-bbd8-2bff162600a0"",""parent_projected_unit_id"":""urn:uuid:c109d48c-5e73-52e1-915a-429e4657135a"",""rights_id"":""urn:uuid:71eb9923-410e-55f2-8fe6-41dc669a8635"",""source_file_revision_id"":""urn:uuid:692036e1-2bd2-56cb-8f09-f90ebd59fc8f"",""source_file_sha256"":""0d525f026c14b828c16a7e4534dbe7df0bed77919456262d31a088eb643c8af7"",""source_subtree_sha256"":""9614b3b735482dc8b5461857d79144386419d4b9e21ed7e4c73d09b60ae25bb4"",""target_file_revision_id"":""urn:uuid:36bdad1c-b28b-50c8-a180-89f3dc72463b"",""target_file_sha256"":""9ed420e3bc0e4792b6b3ef5931129894877d32d642eab657397822a75de8c994"",""target_subtree_sha256"":""8be4aa53d532d984e47636d2883e20ef5c952228e884a367c83d6dea7b7ef9e4"",""title"":""Operasi pada Himpunan"",""title_locale"":""id-ID"",""translation_state"":""published""},""record_type"":""unit"",""recorded_at"":""2026-08-30T00:00:00Z"",""semantic_key"":""b10:dmoi4:unit:urn:uuid:6e1f8158-d481-5e62-b699-56d17d4cf395""}"
urn:uuid:21bb5b69-edf9-5e73-9ea8-95f1e098caa0,unit,"{""dataset_id"":""urn:uuid:6090fc4b-b34d-5cff-8f65-acaa06ddd1fc"",""id"":""urn:uuid:21bb5b69-edf9-5e73-9ea8-95f1e098caa0"",""normalized_state"":""published"",""owner_authority_id"":""urn:uuid:4dea4d1d-09ba-504e-9fcd-83524281ca97"",""owner_native_state"":""published"",""payload"":{""learner_route"":{""anchor"":null,""machine_data_only"":false,""route_id"":""urn:uuid:2aa436f5-fc73-5a95-85d7-2467dc715d5c"",""route_state"":""course_fallback_unit_route_planned_not_published"",""url"":""https://kokunoyumeto.github.io/discrete-mathematics-open-introduction-id/""},""localized_occurrence_id"":""urn:uuid:33a76b8d-d6af-5c38-b682-cef5576cff96"",""localized_title_payload_sha256"":""7a34bfb1bc8ea59b51c5b36f427155bc3eb5710585386f4345d554c487aab8ae"",""localized_title_variant_id"":""urn:uuid:63ada5cd-4a75-587e-ae18-aa14631711cf"",""native_locator"":{""canonical_path"":""source/sec_structures-sets.ptx"",""identity_anchor"":""source/sec_structures-sets.ptx#/section/subsection[4]"",""source_actual_path"":""authority/upstream-82336dc87d77c3f18d2cdbc8ec1e74eb3ba38799/discrete-book-82336dc87d77c3f18d2cdbc8ec1e74eb3ba38799/source/sec_structures-sets.ptx"",""source_xml_path"":""/section/subsection[4]"",""target_actual_path"":""repo/source/sec_structures-sets.ptx"",""target_xml_path"":""/section/subsection[4]"",""xml_id"":null},""native_unit_id"":""urn:uuid:ac4eddfd-4b0f-5fdf-93c9-357b6c8a0612"",""native_unit_kind"":""subsection"",""order_key"":""0110.000070"",""parent_native_unit_id"":""urn:uuid:d7897d8e-0878-5129-bbd8-2bff162600a0"",""parent_projected_unit_id"":""urn:uuid:c109d48c-5e73-52e1-915a-429e4657135a"",""rights_id"":""urn:uuid:71eb9923-410e-55f2-8fe6-41dc669a8635"",""source_file_revision_id"":""urn:uuid:692036e1-2bd2-56cb-8f09-f90ebd59fc8f"",""source_file_sha256"":""0d525f026c14b828c16a7e4534dbe7df0bed77919456262d31a088eb643c8af7"",""source_subtree_sha256"":""bcb11027bfc047d72ecaa20b420017ef4dfda669b7d7de3b397d2b94665763de"",""target_file_revision_id"":""urn:uuid:36bdad1c-b28b-50c8-a180-89f3dc72463b"",""target_file_sha256"":""9ed420e3bc0e4792b6b3ef5931129894877d32d642eab657397822a75de8c994"",""target_subtree_sha256"":""eb23c2b4a8c6872c4a47654c6682635eec4ca11023bd5e6bb98c91c166b784b6"",""title"":""Diagram Venn"",""title_locale"":""id-ID"",""translation_state"":""published""},""record_type"":""unit"",""recorded_at"":""2026-08-30T00:00:00Z"",""semantic_key"":""b10:dmoi4:unit:urn:uuid:ac4eddfd-4b0f-5fdf-93c9-357b6c8a0612""}"
urn:uuid:dc683ade-6a48-5a25-b0cc-c1d5dca5e2db,unit,"{""dataset_id"":""urn:uuid:6090fc4b-b34d-5cff-8f65-acaa06ddd1fc"",""id"":""urn:uuid:dc683ade-6a48-5a25-b0cc-c1d5dca5e2db"",""normalized_state"":""published"",""owner_authority_id"":""urn:uuid:4dea4d1d-09ba-504e-9fcd-83524281ca97"",""owner_native_state"":""published"",""payload"":{""learner_route"":{""anchor"":null,""machine_data_only"":false,""route_id"":""urn:uuid:2aa436f5-fc73-5a95-85d7-2467dc715d5c"",""route_state"":""course_fallback_unit_route_planned_not_published"",""url"":""https://kokunoyumeto.github.io/discrete-mathematics-open-introduction-id/""},""localized_occurrence_id"":""urn:uuid:98de3147-4ceb-517f-b757-b28f6dd52bea"",""localized_title_payload_sha256"":""52152c2c7c5ce4875b54415173dfb6aff7fcd27cb29f7cdf89c1f5e818fd3de6"",""localized_title_variant_id"":""urn:uuid:e785ade5-da00-532a-aac0-30997830241a"",""native_locator"":{""canonical_path"":""source/sec_structures-functions.ptx"",""identity_anchor"":""sec_structures-functions"",""source_actual_path"":""authority/upstream-82336dc87d77c3f18d2cdbc8ec1e74eb3ba38799/discrete-book-82336dc87d77c3f18d2cdbc8ec1e74eb3ba38799/source/sec_structures-functions.ptx"",""source_xml_path"":""/section"",""target_actual_path"":""repo/source/sec_structures-functions.ptx"",""target_xml_path"":""/section"",""xml_id"":""sec_structures-functions""},""native_unit_id"":""urn:uuid:bfe1ccde-4c5d-5d30-98d7-8d594bf6b2df"",""native_unit_kind"":""section"",""order_key"":""0112.000001"",""parent_native_unit_id"":""urn:uuid:e48b3022-7279-57f3-b2bb-a71083700a46"",""parent_projected_unit_id"":""urn:uuid:6b0bee20-5223-5e8a-8522-f3a948d654e6"",""rights_id"":""urn:uuid:71eb9923-410e-55f2-8fe6-41dc669a8635"",""source_file_revision_id"":""urn:uuid:c6e000fb-f79b-54af-ab14-781798309e2a"",""source_file_sha256"":""56ec951f529b91b0e4041a3c54bca3afb9997aa34ef326219a82bfde276cf292"",""source_subtree_sha256"":""893aea1fa1ab783094fd29332c4d5168d6833190ab5c08aa90fe3d227fd4a097"",""target_file_revision_id"":""urn:uuid:ccb2db4b-e3f9-5b60-901f-98d9ce9d6dc4"",""target_file_sha256"":""0ef9e8ad44d7e77071502097d5bb41badf3468ed60bb0971ce78efb2c381526f"",""target_subtree_sha256"":""0a0992bb87f26f700bd94b4053530defca7fd4027f723aaec40f7ba179e15817"",""title"":""Fungsi"",""title_locale"":""id-ID"",""translation_state"":""published""},""record_type"":""unit"",""recorded_at"":""2026-08-30T00:00:00Z"",""semantic_key"":""b10:dmoi4:unit:urn:uuid:bfe1ccde-4c5d-5d30-98d7-8d594bf6b2df""}"
urn:uuid:17d02238-fa55-5b4e-8020-8f9a9f258d43,unit,"{""dataset_id"":""urn:uuid:6090fc4b-b34d-5cff-8f65-acaa06ddd1fc"",""id"":""urn:uuid:17d02238-fa55-5b4e-8020-8f9a9f258d43"",""normalized_state"":""published"",""owner_authority_id"":""urn:uuid:4dea4d1d-09ba-504e-9fcd-83524281ca97"",""owner_native_state"":""published"",""payload"":{""learner_route"":{""anchor"":null,""machine_data_only"":false,""route_id"":""urn:uuid:2aa436f5-fc73-5a95-85d7-2467dc715d5c"",""route_state"":""course_fallback_unit_route_planned_not_published"",""url"":""https://kokunoyumeto.github.io/discrete-mathematics-open-introduction-id/""},""localized_occurrence_id"":""urn:uuid:8a366002-a79c-5f6f-9178-0a057757f8f4"",""localized_title_payload_sha256"":""7c3b1760f54002b9993dfa86bcbff333d54c1685ce269773c25440d4e5c1c078"",""localized_title_variant_id"":""urn:uuid:d7ec525e-d233-5aae-9412-c0e68f32d742"",""native_locator"":{""canonical_path"":""source/sec_structures-functions.ptx"",""identity_anchor"":""source/sec_structures-functions.ptx#/section/subsection[1]"",""source_actual_path"":""authority/upstream-82336dc87d77c3f18d2cdbc8ec1e74eb3ba38799/discrete-book-82336dc87d77c3f18d2cdbc8ec1e74eb3ba38799/source/sec_structures-functions.ptx"",""source_xml_path"":""/section/subsection[1]"",""target_actual_path"":""repo/source/sec_structures-functions.ptx"",""target_xml_path"":""/section/subsection[1]"",""xml_id"":null},""native_unit_id"":""urn:uuid:cb7fffa2-e8fc-568e-af2d-df95b11e9251"",""native_unit_kind"":""subsection"",""order_key"":""0112.000009"",""parent_native_unit_id"":""urn:uuid:bfe1ccde-4c5d-5d30-98d7-8d594bf6b2df"",""parent_projected_unit_id"":""urn:uuid:dc683ade-6a48-5a25-b0cc-c1d5dca5e2db"",""rights_id"":""urn:uuid:71eb9923-410e-55f2-8fe6-41dc669a8635"",""source_file_revision_id"":""urn:uuid:c6e000fb-f79b-54af-ab14-781798309e2a"",""source_file_sha256"":""56ec951f529b91b0e4041a3c54bca3afb9997aa34ef326219a82bfde276cf292"",""source_subtree_sha256"":""f9cd5c403d291490b4427fdd9dc47471ab4339227c54e3c133f807ea8ee3d227"",""target_file_revision_id"":""urn:uuid:ccb2db4b-e3f9-5b60-901f-98d9ce9d6dc4"",""target_file_sha256"":""0ef9e8ad44d7e77071502097d5bb41badf3468ed60bb0971ce78efb2c381526f"",""target_subtree_sha256"":""e907125bf279b1aaa5ea495a62223ca66ea22d7f035cbca0d60c5ceed439f705"",""title"":""Mendeskripsikan Fungsi"",""title_locale"":""id-ID"",""translation_state"":""published""},""record_type"":""unit"",""recorded_at"":""2026-08-30T00:00:00Z"",""semantic_key"":""b10:dmoi4:unit:urn:uuid:cb7fffa2-e8fc-568e-af2d-df95b11e9251""}"
urn:uuid:4a2f67bf-b869-5240-93da-0bd24b1488b5,unit,"{""dataset_id"":""urn:uuid:6090fc4b-b34d-5cff-8f65-acaa06ddd1fc"",""id"":""urn:uuid:4a2f67bf-b869-5240-93da-0bd24b1488b5"",""normalized_state"":""published"",""owner_authority_id"":""urn:uuid:4dea4d1d-09ba-504e-9fcd-83524281ca97"",""owner_native_state"":""published"",""payload"":{""learner_route"":{""anchor"":null,""machine_data_only"":false,""route_id"":""urn:uuid:2aa436f5-fc73-5a95-85d7-2467dc715d5c"",""route_state"":""course_fallback_unit_route_planned_not_published"",""url"":""https://kokunoyumeto.github.io/discrete-mathematics-open-introduction-id/""},""localized_occurrence_id"":""urn:uuid:93a1676d-b6ac-5e85-878c-e401a41a0989"",""localized_title_payload_sha256"":""b19a1c0deebd9054a038cfd6dee9ba4cd3f90baaf1898f97aab6ae93d0b5068f"",""localized_title_variant_id"":""urn:uuid:403e9f7b-58e5-537c-821c-0ed593cb0527"",""native_locator"":{""canonical_path"":""source/sec_structures-functions.ptx"",""identity_anchor"":""subsec_surj-inj-bij"",""source_actual_path"":""authority/upstream-82336dc87d77c3f18d2cdbc8ec1e74eb3ba38799/discrete-book-82336dc87d77c3f18d2cdbc8ec1e74eb3ba38799/source/sec_structures-functions.ptx"",""source_xml_path"":""/section/subsection[2]"",""target_actual_path"":""repo/source/sec_structures-functions.ptx"",""target_xml_path"":""/section/subsection[2]"",""xml_id"":""subsec_surj-inj-bij""},""native_unit_id"":""urn:uuid:59d6f92e-28e5-5920-a8a1-e4f925570072"",""native_unit_kind"":""subsection"",""order_key"":""0112.000026"",""parent_native_unit_id"":""urn:uuid:bfe1ccde-4c5d-5d30-98d7-8d594bf6b2df"",""parent_projected_unit_id"":""urn:uuid:dc683ade-6a48-5a25-b0cc-c1d5dca5e2db"",""rights_id"":""urn:uuid:71eb9923-410e-55f2-8fe6-41dc669a8635"",""source_file_revision_id"":""urn:uuid:c6e000fb-f79b-54af-ab14-781798309e2a"",""source_file_sha256"":""56ec951f529b91b0e4041a3c54bca3afb9997aa34ef326219a82bfde276cf292"",""source_subtree_sha256"":""59b36fd71a746759ae91b01007133ef4f967536a9f18f1bc15004acd6f43826d"",""target_file_revision_id"":""urn:uuid:ccb2db4b-e3f9-5b60-901f-98d9ce9d6dc4"",""target_file_sha256"":""0ef9e8ad44d7e77071502097d5bb41badf3468ed60bb0971ce78efb2c381526f"",""target_subtree_sha256"":""2a791a14e2cd9dff70ec8f2f33bde528200fcffe373f3641c087b7b2616015e5"",""title"":""Surjeksi, Injeksi, dan Bijeksi"",""title_locale"":""id-ID"",""translation_state"":""published""},""record_type"":""unit"",""recorded_at"":""2026-08-30T00:00:00Z"",""semantic_key"":""b10:dmoi4:unit:urn:uuid:59d6f92e-28e5-5920-a8a1-e4f925570072""}"
urn:uuid:f8eeab59-8e60-53fd-a099-48e78e0fc2a1,unit,"{""dataset_id"":""urn:uuid:6090fc4b-b34d-5cff-8f65-acaa06ddd1fc"",""id"":""urn:uuid:f8eeab59-8e60-53fd-a099-48e78e0fc2a1"",""normalized_state"":""published"",""owner_authority_id"":""urn:uuid:4dea4d1d-09ba-504e-9fcd-83524281ca97"",""owner_native_state"":""published"",""payload"":{""learner_route"":{""anchor"":null,""machine_data_only"":false,""route_id"":""urn:uuid:2aa436f5-fc73-5a95-85d7-2467dc715d5c"",""route_state"":""course_fallback_unit_route_planned_not_published"",""url"":""https://kokunoyumeto.github.io/discrete-mathematics-open-introduction-id/""},""localized_occurrence_id"":""urn:uuid:67c96310-6e30-50f4-b368-ed7a5ee4c059"",""localized_title_payload_sha256"":""9433175811f39d764cbb32275b81c1c08c47485f41d47415088ae4a8c497af64"",""localized_title_variant_id"":""urn:uuid:bec65629-ba15-5d00-ba63-a748f99cede3"",""native_locator"":{""canonical_path"":""source/sec_structures-functions.ptx"",""identity_anchor"":""source/sec_structures-functions.ptx#/section/subsection[3]"",""source_actual_path"":""authority/upstream-82336dc87d77c3f18d2cdbc8ec1e74eb3ba38799/discrete-book-82336dc87d77c3f18d2cdbc8ec1e74eb3ba38799/source/sec_structures-functions.ptx"",""source_xml_path"":""/section/subsection[3]"",""target_actual_path"":""repo/source/sec_structures-functions.ptx"",""target_xml_path"":""/section/subsection[3]"",""xml_id"":null},""native_unit_id"":""urn:uuid:55b5e781-becc-5d2f-9147-127125e479e3"",""native_unit_kind"":""subsection"",""order_key"":""0112.000040"",""parent_native_unit_id"":""urn:uuid:bfe1ccde-4c5d-5d30-98d7-8d594bf6b2df"",""parent_projected_unit_id"":""urn:uuid:dc683ade-6a48-5a25-b0cc-c1d5dca5e2db"",""rights_id"":""urn:uuid:71eb9923-410e-55f2-8fe6-41dc669a8635"",""source_file_revision_id"":""urn:uuid:c6e000fb-f79b-54af-ab14-781798309e2a"",""source_file_sha256"":""56ec951f529b91b0e4041a3c54bca3afb9997aa34ef326219a82bfde276cf292"",""source_subtree_sha256"":""2c70a707fe2dae9649aa4b84ceb37060641d66b998bf9425956a85be9ad6c676"",""target_file_revision_id"":""urn:uuid:ccb2db4b-e3f9-5b60-901f-98d9ce9d6dc4"",""target_file_sha256"":""0ef9e8ad44d7e77071502097d5bb41badf3468ed60bb0971ce78efb2c381526f"",""target_subtree_sha256"":""5fee8fc0db699a5400b4e30bed9ca8e15394b00ce97e3ecbb91cb98d2012b616"",""title"":""Citra dan Citra Invers"",""title_locale"":""id-ID"",""translation_state"":""published""},""record_type"":""unit"",""recorded_at"":""2026-08-30T00:00:00Z"",""semantic_key"":""b10:dmoi4:unit:urn:uuid:55b5e781-becc-5d2f-9147-127125e479e3""}"
urn:uuid:ee97710a-db14-5896-b26b-96816248d158,unit,"{""dataset_id"":""urn:uuid:6090fc4b-b34d-5cff-8f65-acaa06ddd1fc"",""id"":""urn:uuid:ee97710a-db14-5896-b26b-96816248d158"",""normalized_state"":""published"",""owner_authority_id"":""urn:uuid:4dea4d1d-09ba-504e-9fcd-83524281ca97"",""owner_native_state"":""published"",""payload"":{""learner_route"":{""anchor"":null,""machine_data_only"":false,""route_id"":""urn:uuid:2aa436f5-fc73-5a95-85d7-2467dc715d5c"",""route_state"":""course_fallback_unit_route_planned_not_published"",""url"":""https://kokunoyumeto.github.io/discrete-mathematics-open-introduction-id/""},""localized_occurrence_id"":""urn:uuid:6e6399b4-899a-5f0e-91a1-3e00999a378a"",""localized_title_payload_sha256"":""79123fc7ae56041494ad2eb002c85282d3e9fec543d6735c251040b7c4a16b7b"",""localized_title_variant_id"":""urn:uuid:ae763902-86ab-5176-8736-7dc8613c77bc"",""native_locator"":{""canonical_path"":""source/ch_additionalTopics.ptx"",""identity_anchor"":""ch_additionalTopics"",""source_actual_path"":""authority/upstream-82336dc87d77c3f18d2cdbc8ec1e74eb3ba38799/discrete-book-82336dc87d77c3f18d2cdbc8ec1e74eb3ba38799/source/ch_additionalTopics.ptx"",""source_xml_path"":""/chapter"",""target_actual_path"":""repo/source/ch_additionalTopics.ptx"",""target_xml_path"":""/chapter"",""xml_id"":""ch_additionalTopics""},""native_unit_id"":""urn:uuid:2e8b7711-9a29-5b65-877e-44177be0caa3"",""native_unit_kind"":""chapter"",""order_key"":""0114.000001"",""parent_native_unit_id"":""urn:uuid:82d239c3-1cde-57c4-b480-18b23beba54a"",""parent_projected_unit_id"":""urn:uuid:11550bda-ab68-58a2-ba09-1b4804a618bd"",""rights_id"":""urn:uuid:71eb9923-410e-55f2-8fe6-41dc669a8635"",""source_file_revision_id"":""urn:uuid:7cbc2620-7159-5454-a866-b5611df31c2d"",""source_file_sha256"":""47cb27280c63b3152d405b10bd900cbb072fdb3b94365a71f309a28c7edd980a"",""source_subtree_sha256"":""358b7e5904e7ce0b40e808a72b86699254f8f9e048fa522b75fe7831c24efc71"",""target_file_revision_id"":""urn:uuid:0df46ba8-0d6b-5698-9061-f048dfc83d68"",""target_file_sha256"":""786729f334bbe02a74f2d477ad6b5c6acd2ce127c87eeca486d64f3d69af2b56"",""target_subtree_sha256"":""0b1b1061df89ec984de4cc966a5374b6af2ef914e77f5ba5932730c706b9d6c2"",""title"":""Topik Tambahan"",""title_locale"":""id-ID"",""translation_state"":""published""},""record_type"":""unit"",""recorded_at"":""2026-08-30T00:00:00Z"",""semantic_key"":""b10:dmoi4:unit:urn:uuid:2e8b7711-9a29-5b65-877e-44177be0caa3""}"
urn:uuid:a079177b-7456-507d-8721-fdcffd80266c,unit,"{""dataset_id"":""urn:uuid:6090fc4b-b34d-5cff-8f65-acaa06ddd1fc"",""id"":""urn:uuid:a079177b-7456-507d-8721-fdcffd80266c"",""normalized_state"":""published"",""owner_authority_id"":""urn:uuid:4dea4d1d-09ba-504e-9fcd-83524281ca97"",""owner_native_state"":""published"",""payload"":{""learner_route"":{""anchor"":null,""machine_data_only"":false,""route_id"":""urn:uuid:2aa436f5-fc73-5a95-85d7-2467dc715d5c"",""route_state"":""course_fallback_unit_route_planned_not_published"",""url"":""https://kokunoyumeto.github.io/discrete-mathematics-open-introduction-id/""},""localized_occurrence_id"":""urn:uuid:5330ba46-3d63-5be1-83f1-057fd8ca1651"",""localized_title_payload_sha256"":""c990a1b3aac4442926dbbaf1cd2df7ab1057c455a481a839afa255b07d1a819f"",""localized_title_variant_id"":""urn:uuid:a8754546-e3a3-5fbc-a553-1bd0927f4c98"",""native_locator"":{""canonical_path"":""source/sec_addtops-genfun.ptx"",""identity_anchor"":""sec_addtops-genfun"",""source_actual_path"":""authority/upstream-82336dc87d77c3f18d2cdbc8ec1e74eb3ba38799/discrete-book-82336dc87d77c3f18d2cdbc8ec1e74eb3ba38799/source/sec_addtops-genfun.ptx"",""source_xml_path"":""/section"",""target_actual_path"":""repo/source/sec_addtops-genfun.ptx"",""target_xml_path"":""/section"",""xml_id"":""sec_addtops-genfun""},""native_unit_id"":""urn:uuid:80291bb6-7cae-5206-9598-3e72118fe953"",""native_unit_kind"":""section"",""order_key"":""0115.000001"",""parent_native_unit_id"":""urn:uuid:2e8b7711-9a29-5b65-877e-44177be0caa3"",""parent_projected_unit_id"":""urn:uuid:ee97710a-db14-5896-b26b-96816248d158"",""rights_id"":""urn:uuid:71eb9923-410e-55f2-8fe6-41dc669a8635"",""source_file_revision_id"":""urn:uuid:93f7c0cf-fcef-5dd2-838e-be84fcd10bcb"",""source_file_sha256"":""dddca7ab0743d994486ea1a1d30e8130759fe5bc65868ff9e7cc78533e8c829f"",""source_subtree_sha256"":""55ee6e88568071f0de9006144e0ab61caf53b6c37fea16963a6f833aae9241d0"",""target_file_revision_id"":""urn:uuid:19a12dc6-db73-5446-8e63-3cc7d4fb4571"",""target_file_sha256"":""7c40407d97301f458eccdd1485e32f1e764c62eb6d2789b6d11f3e0e1e113d2f"",""target_subtree_sha256"":""4839e13bc5f01e5d0ad25eb9b7ccd8c752829799a3e98f72d8c5ee3c6c937db0"",""title"":""Fungsi Pembangkit"",""title_locale"":""id-ID"",""translation_state"":""published""},""record_type"":""unit"",""recorded_at"":""2026-08-30T00:00:00Z"",""semantic_key"":""b10:dmoi4:unit:urn:uuid:80291bb6-7cae-5206-9598-3e72118fe953""}"
urn:uuid:7313fc36-7c13-59b0-b260-a3f2604d5526,unit,"{""dataset_id"":""urn:uuid:6090fc4b-b34d-5cff-8f65-acaa06ddd1fc"",""id"":""urn:uuid:7313fc36-7c13-59b0-b260-a3f2604d5526"",""normalized_state"":""published"",""owner_authority_id"":""urn:uuid:4dea4d1d-09ba-504e-9fcd-83524281ca97"",""owner_native_state"":""published"",""payload"":{""learner_route"":{""anchor"":null,""machine_data_only"":false,""route_id"":""urn:uuid:2aa436f5-fc73-5a95-85d7-2467dc715d5c"",""route_state"":""course_fallback_unit_route_planned_not_published"",""url"":""https://kokunoyumeto.github.io/discrete-mathematics-open-introduction-id/""},""localized_occurrence_id"":""urn:uuid:923ce898-0466-51fa-9ebe-0823469ad5c0"",""localized_title_payload_sha256"":""bd76c2ceaddf604f8899e9acaee1cb39a4c38e8eb3dc2e5ba9d75242f25f27c7"",""localized_title_variant_id"":""urn:uuid:5089a0e0-d07e-53ac-8d05-3008b3ee9750"",""native_locator"":{""canonical_path"":""source/sec_addtops-genfun.ptx"",""identity_anchor"":""source/sec_addtops-genfun.ptx#/section/subsection[1]"",""source_actual_path"":""authority/upstream-82336dc87d77c3f18d2cdbc8ec1e74eb3ba38799/discrete-book-82336dc87d77c3f18d2cdbc8ec1e74eb3ba38799/source/sec_addtops-genfun.ptx"",""source_xml_path"":""/section/subsection[1]"",""target_actual_path"":""repo/source/sec_addtops-genfun.ptx"",""target_xml_path"":""/section/subsection[1]"",""xml_id"":null},""native_unit_id"":""urn:uuid:1403aaf9-1256-5e6a-a7a4-ca40e3994cd6"",""native_unit_kind"":""subsection"",""order_key"":""0115.000005"",""parent_native_unit_id"":""urn:uuid:80291bb6-7cae-5206-9598-3e72118fe953"",""parent_projected_unit_id"":""urn:uuid:a079177b-7456-507d-8721-fdcffd80266c"",""rights_id"":""urn:uuid:71eb9923-410e-55f2-8fe6-41dc669a8635"",""source_file_revision_id"":""urn:uuid:93f7c0cf-fcef-5dd2-838e-be84fcd10bcb"",""source_file_sha256"":""dddca7ab0743d994486ea1a1d30e8130759fe5bc65868ff9e7cc78533e8c829f"",""source_subtree_sha256"":""d228f8856347dae1a41c7f864a75cc059a99907f5d1fa721b186065f9c2ec06b"",""target_file_revision_id"":""urn:uuid:19a12dc6-db73-5446-8e63-3cc7d4fb4571"",""target_file_sha256"":""7c40407d97301f458eccdd1485e32f1e764c62eb6d2789b6d11f3e0e1e113d2f"",""target_subtree_sha256"":""b0a3245f881263e0cc44d1c332afec4a4891e1fddf5b97629d5f4f7a4565277c"",""title"":""Menyusun Fungsi Pembangkit"",""title_locale"":""id-ID"",""translation_state"":""published""},""record_type"":""unit"",""recorded_at"":""2026-08-30T00:00:00Z"",""semantic_key"":""b10:dmoi4:unit:urn:uuid:1403aaf9-1256-5e6a-a7a4-ca40e3994cd6""}"
urn:uuid:6f8d846f-393d-5d03-a38c-7d960b166a88,unit,"{""dataset_id"":""urn:uuid:6090fc4b-b34d-5cff-8f65-acaa06ddd1fc"",""id"":""urn:uuid:6f8d846f-393d-5d03-a38c-7d960b166a88"",""normalized_state"":""published"",""owner_authority_id"":""urn:uuid:4dea4d1d-09ba-504e-9fcd-83524281ca97"",""owner_native_state"":""published"",""payload"":{""learner_route"":{""anchor"":null,""machine_data_only"":false,""route_id"":""urn:uuid:2aa436f5-fc73-5a95-85d7-2467dc715d5c"",""route_state"":""course_fallback_unit_route_planned_not_published"",""url"":""https://kokunoyumeto.github.io/discrete-mathematics-open-introduction-id/""},""localized_occurrence_id"":""urn:uuid:f2904a5d-3605-599d-b49f-7fe6a2ada7cc"",""localized_title_payload_sha256"":""e3e2a29b86ed9c6327e8884ea69d4faa29437cf064b67bf101b4a6d92f9b6b4f"",""localized_title_variant_id"":""urn:uuid:5440c003-bba2-5464-a8c5-0a1847535fc5"",""native_locator"":{""canonical_path"":""source/sec_addtops-genfun.ptx"",""identity_anchor"":""source/sec_addtops-genfun.ptx#/section/subsection[2]"",""source_actual_path"":""authority/upstream-82336dc87d77c3f18d2cdbc8ec1e74eb3ba38799/discrete-book-82336dc87d77c3f18d2cdbc8ec1e74eb3ba38799/source/sec_addtops-genfun.ptx"",""source_xml_path"":""/section/subsection[2]"",""target_actual_path"":""repo/source/sec_addtops-genfun.ptx"",""target_xml_path"":""/section/subsection[2]"",""xml_id"":null},""native_unit_id"":""urn:uuid:354add4f-76f2-5559-b828-f07e1eb44de5"",""native_unit_kind"":""subsection"",""order_key"":""0115.000008"",""parent_native_unit_id"":""urn:uuid:80291bb6-7cae-5206-9598-3e72118fe953"",""parent_projected_unit_id"":""urn:uuid:a079177b-7456-507d-8721-fdcffd80266c"",""rights_id"":""urn:uuid:71eb9923-410e-55f2-8fe6-41dc669a8635"",""source_file_revision_id"":""urn:uuid:93f7c0cf-fcef-5dd2-838e-be84fcd10bcb"",""source_file_sha256"":""dddca7ab0743d994486ea1a1d30e8130759fe5bc65868ff9e7cc78533e8c829f"",""source_subtree_sha256"":""bc73f87e016211b83ce67e770fa16e025a01986175ea3188f033e4b8c729a650"",""target_file_revision_id"":""urn:uuid:19a12dc6-db73-5446-8e63-3cc7d4fb4571"",""target_file_sha256"":""7c40407d97301f458eccdd1485e32f1e764c62eb6d2789b6d11f3e0e1e113d2f"",""target_subtree_sha256"":""19b1f988c81d8693efdde1f57483dacbc33d1e0f293f968e93ab824d2bd1a7b1"",""title"":""Pengambilan Selisih"",""title_locale"":""id-ID"",""translation_state"":""published""},""record_type"":""unit"",""recorded_at"":""2026-08-30T00:00:00Z"",""semantic_key"":""b10:dmoi4:unit:urn:uuid:354add4f-76f2-5559-b828-f07e1eb44de5""}"
urn:uuid:1b299e56-2f72-56d6-8993-a7731c9a8893,unit,"{""dataset_id"":""urn:uuid:6090fc4b-b34d-5cff-8f65-acaa06ddd1fc"",""id"":""urn:uuid:1b299e56-2f72-56d6-8993-a7731c9a8893"",""normalized_state"":""published"",""owner_authority_id"":""urn:uuid:4dea4d1d-09ba-504e-9fcd-83524281ca97"",""owner_native_state"":""published"",""payload"":{""learner_route"":{""anchor"":null,""machine_data_only"":false,""route_id"":""urn:uuid:2aa436f5-fc73-5a95-85d7-2467dc715d5c"",""route_state"":""course_fallback_unit_route_planned_not_published"",""url"":""https://kokunoyumeto.github.io/discrete-mathematics-open-introduction-id/""},""localized_occurrence_id"":""urn:uuid:ef78fb32-fd82-54b6-8ba0-474edc87222d"",""localized_title_payload_sha256"":""0e173d897a686e5408c3f8158241d43cf40d64a984e01c5de68275576a428061"",""localized_title_variant_id"":""urn:uuid:5f3a53b5-5569-5c96-a15d-af5822bb12a9"",""native_locator"":{""canonical_path"":""source/sec_addtops-genfun.ptx"",""identity_anchor"":""source/sec_addtops-genfun.ptx#/section/subsection[3]"",""source_actual_path"":""authority/upstream-82336dc87d77c3f18d2cdbc8ec1e74eb3ba38799/discrete-book-82336dc87d77c3f18d2cdbc8ec1e74eb3ba38799/source/sec_addtops-genfun.ptx"",""source_xml_path"":""/section/subsection[3]"",""target_actual_path"":""repo/source/sec_addtops-genfun.ptx"",""target_xml_path"":""/section/subsection[3]"",""xml_id"":null},""native_unit_id"":""urn:uuid:353b17ab-3e31-5ccb-8bcd-69d624fcb4e3"",""native_unit_kind"":""subsection"",""order_key"":""0115.000016"",""parent_native_unit_id"":""urn:uuid:80291bb6-7cae-5206-9598-3e72118fe953"",""parent_projected_unit_id"":""urn:uuid:a079177b-7456-507d-8721-fdcffd80266c"",""rights_id"":""urn:uuid:71eb9923-410e-55f2-8fe6-41dc669a8635"",""source_file_revision_id"":""urn:uuid:93f7c0cf-fcef-5dd2-838e-be84fcd10bcb"",""source_file_sha256"":""dddca7ab0743d994486ea1a1d30e8130759fe5bc65868ff9e7cc78533e8c829f"",""source_subtree_sha256"":""07857060dcc0e9c1e3ffbc17632df430c2b7f4b0c401cf4a9d0268d33ed22bd4"",""target_file_revision_id"":""urn:uuid:19a12dc6-db73-5446-8e63-3cc7d4fb4571"",""target_file_sha256"":""7c40407d97301f458eccdd1485e32f1e764c62eb6d2789b6d11f3e0e1e113d2f"",""target_subtree_sha256"":""f8c1d2bde9f8d3650f10c5000e67d4b2f7da37b90db6838934496397af4cecbd"",""title"":""Perkalian dan Jumlah Parsial"",""title_locale"":""id-ID"",""translation_state"":""published""},""record_type"":""unit"",""recorded_at"":""2026-08-30T00:00:00Z"",""semantic_key"":""b10:dmoi4:unit:urn:uuid:353b17ab-3e31-5ccb-8bcd-69d624fcb4e3""}"
urn:uuid:cd1670dd-735a-58ac-9418-6e1ccb9d05c6,unit,"{""dataset_id"":""urn:uuid:6090fc4b-b34d-5cff-8f65-acaa06ddd1fc"",""id"":""urn:uuid:cd1670dd-735a-58ac-9418-6e1ccb9d05c6"",""normalized_state"":""published"",""owner_authority_id"":""urn:uuid:4dea4d1d-09ba-504e-9fcd-83524281ca97"",""owner_native_state"":""published"",""payload"":{""learner_route"":{""anchor"":null,""machine_data_only"":false,""route_id"":""urn:uuid:2aa436f5-fc73-5a95-85d7-2467dc715d5c"",""route_state"":""course_fallback_unit_route_planned_not_published"",""url"":""https://kokunoyumeto.github.io/discrete-mathematics-open-introduction-id/""},""localized_occurrence_id"":""urn:uuid:bc852ca9-c032-591d-b349-61f094cae3d7"",""localized_title_payload_sha256"":""05988e79ee2e9a16a2a6776ea3fb9b86c1a4686b627974d7f0e21ddf82a9ac34"",""localized_title_variant_id"":""urn:uuid:92ef1ef8-82a4-57e9-b80f-28a493443077"",""native_locator"":{""canonical_path"":""source/sec_addtops-genfun.ptx"",""identity_anchor"":""source/sec_addtops-genfun.ptx#/section/subsection[4]"",""source_actual_path"":""authority/upstream-82336dc87d77c3f18d2cdbc8ec1e74eb3ba38799/discrete-book-82336dc87d77c3f18d2cdbc8ec1e74eb3ba38799/source/sec_addtops-genfun.ptx"",""source_xml_path"":""/section/subsection[4]"",""target_actual_path"":""repo/source/sec_addtops-genfun.ptx"",""target_xml_path"":""/section/subsection[4]"",""xml_id"":null},""native_unit_id"":""urn:uuid:6a2fce3b-3d85-5925-9771-9eb696cc8718"",""native_unit_kind"":""subsection"",""order_key"":""0115.000020"",""parent_native_unit_id"":""urn:uuid:80291bb6-7cae-5206-9598-3e72118fe953"",""parent_projected_unit_id"":""urn:uuid:a079177b-7456-507d-8721-fdcffd80266c"",""rights_id"":""urn:uuid:71eb9923-410e-55f2-8fe6-41dc669a8635"",""source_file_revision_id"":""urn:uuid:93f7c0cf-fcef-5dd2-838e-be84fcd10bcb"",""source_file_sha256"":""dddca7ab0743d994486ea1a1d30e8130759fe5bc65868ff9e7cc78533e8c829f"",""source_subtree_sha256"":""240be7d25f31e44c540d2267ce0113f331c39a2804d527d847ea277aa07b9692"",""target_file_revision_id"":""urn:uuid:19a12dc6-db73-5446-8e63-3cc7d4fb4571"",""target_file_sha256"":""7c40407d97301f458eccdd1485e32f1e764c62eb6d2789b6d11f3e0e1e113d2f"",""target_subtree_sha256"":""b8756f8d3dfb4956a8b3004ae1c7d984c030d35d6e1a948cc8b14414f242727b"",""title"":""Menyelesaikan Relasi Rekurensi dengan Fungsi Pembangkit"",""title_locale"":""id-ID"",""translation_state"":""published""},""record_type"":""unit"",""recorded_at"":""2026-08-30T00:00:00Z"",""semantic_key"":""b10:dmoi4:unit:urn:uuid:6a2fce3b-3d85-5925-9771-9eb696cc8718""}"
urn:uuid:54e81c5d-5d01-5a04-990e-de6eb96a6902,unit,"{""dataset_id"":""urn:uuid:6090fc4b-b34d-5cff-8f65-acaa06ddd1fc"",""id"":""urn:uuid:54e81c5d-5d01-5a04-990e-de6eb96a6902"",""normalized_state"":""published"",""owner_authority_id"":""urn:uuid:4dea4d1d-09ba-504e-9fcd-83524281ca97"",""owner_native_state"":""published"",""payload"":{""learner_route"":{""anchor"":null,""machine_data_only"":false,""route_id"":""urn:uuid:2aa436f5-fc73-5a95-85d7-2467dc715d5c"",""route_state"":""course_fallback_unit_route_planned_not_published"",""url"":""https://kokunoyumeto.github.io/discrete-mathematics-open-introduction-id/""},""localized_occurrence_id"":""urn:uuid:0b4235b4-a4ad-597b-83f6-ec0800d0ca7c"",""localized_title_payload_sha256"":""0b0d7cee94f7bce1d8a1ec504c987a72b407216db78e3ccd38431bb2d49a3656"",""localized_title_variant_id"":""urn:uuid:1e47a841-ad49-5c54-a2e2-deefdc8bf780"",""native_locator"":{""canonical_path"":""source/sec_addtops-numbth.ptx"",""identity_anchor"":""sec_addtops-numbth"",""source_actual_path"":""authority/upstream-82336dc87d77c3f18d2cdbc8ec1e74eb3ba38799/discrete-book-82336dc87d77c3f18d2cdbc8ec1e74eb3ba38799/source/sec_addtops-numbth.ptx"",""source_xml_path"":""/section"",""target_actual_path"":""repo/source/sec_addtops-numbth.ptx"",""target_xml_path"":""/section"",""xml_id"":""sec_addtops-numbth""},""native_unit_id"":""urn:uuid:37d02e50-6bf0-5833-9ce0-06ed99a899e6"",""native_unit_kind"":""section"",""order_key"":""0117.000001"",""parent_native_unit_id"":""urn:uuid:2e8b7711-9a29-5b65-877e-44177be0caa3"",""parent_projected_unit_id"":""urn:uuid:ee97710a-db14-5896-b26b-96816248d158"",""rights_id"":""urn:uuid:71eb9923-410e-55f2-8fe6-41dc669a8635"",""source_file_revision_id"":""urn:uuid:e8f64cc8-b9c1-5e22-995b-01246823d8ff"",""source_file_sha256"":""abe4d603ca4b19c3827369feedfdc199a6217e3e6d385bf2d6d390544ea820b0"",""source_subtree_sha256"":""023de95d9f1e46c69982b3aec59e7f51aff3a4a98fdd04e8f9b7886a196539b8"",""target_file_revision_id"":""urn:uuid:02774819-c5f2-5204-9bf7-d92eca1a06ae"",""target_file_sha256"":""b785ff84a2566fc04e326e129f95b9f520b417552b24e816d6ac67c47bb66ee1"",""target_subtree_sha256"":""0d115219a6be3fb38cdc6a10912b79c43dcd6325a6746cb74dd7f3921c98aa90"",""title"":""Pengantar Teori Bilangan"",""title_locale"":""id-ID"",""translation_state"":""published""},""record_type"":""unit"",""recorded_at"":""2026-08-30T00:00:00Z"",""semantic_key"":""b10:dmoi4:unit:urn:uuid:37d02e50-6bf0-5833-9ce0-06ed99a899e6""}"
urn:uuid:18c8fc56-eccb-542a-aef5-21af80fa752f,unit,"{""dataset_id"":""urn:uuid:6090fc4b-b34d-5cff-8f65-acaa06ddd1fc"",""id"":""urn:uuid:18c8fc56-eccb-542a-aef5-21af80fa752f"",""normalized_state"":""published"",""owner_authority_id"":""urn:uuid:4dea4d1d-09ba-504e-9fcd-83524281ca97"",""owner_native_state"":""published"",""payload"":{""learner_route"":{""anchor"":null,""machine_data_only"":false,""route_id"":""urn:uuid:2aa436f5-fc73-5a95-85d7-2467dc715d5c"",""route_state"":""course_fallback_unit_route_planned_not_published"",""url"":""https://kokunoyumeto.github.io/discrete-mathematics-open-introduction-id/""},""localized_occurrence_id"":""urn:uuid:59ff7321-7345-51d3-991f-0a37ce944e07"",""localized_title_payload_sha256"":""12535c1f0ba893965ff3365cec189ef4d30f0810f5e622e9a48ae291ef73bfec"",""localized_title_variant_id"":""urn:uuid:6a6baf5f-19d6-5252-a843-6f1cb67d0b92"",""native_locator"":{""canonical_path"":""source/sec_addtops-numbth.ptx"",""identity_anchor"":""source/sec_addtops-numbth.ptx#/section/subsection[1]"",""source_actual_path"":""authority/upstream-82336dc87d77c3f18d2cdbc8ec1e74eb3ba38799/discrete-book-82336dc87d77c3f18d2cdbc8ec1e74eb3ba38799/source/sec_addtops-numbth.ptx"",""source_xml_path"":""/section/subsection[1]"",""target_actual_path"":""repo/source/sec_addtops-numbth.ptx"",""target_xml_path"":""/section/subsection[1]"",""xml_id"":null},""native_unit_id"":""urn:uuid:f915a1a7-a6ca-5bbe-8ed8-f5e82efb9595"",""native_unit_kind"":""subsection"",""order_key"":""0117.000003"",""parent_native_unit_id"":""urn:uuid:37d02e50-6bf0-5833-9ce0-06ed99a899e6"",""parent_projected_unit_id"":""urn:uuid:54e81c5d-5d01-5a04-990e-de6eb96a6902"",""rights_id"":""urn:uuid:71eb9923-410e-55f2-8fe6-41dc669a8635"",""source_file_revision_id"":""urn:uuid:e8f64cc8-b9c1-5e22-995b-01246823d8ff"",""source_file_sha256"":""abe4d603ca4b19c3827369feedfdc199a6217e3e6d385bf2d6d390544ea820b0"",""source_subtree_sha256"":""75ae10d319ac7b2b73aa392fce8de65da8a3235e7cfb6ec565520e1e7aa62513"",""target_file_revision_id"":""urn:uuid:02774819-c5f2-5204-9bf7-d92eca1a06ae"",""target_file_sha256"":""b785ff84a2566fc04e326e129f95b9f520b417552b24e816d6ac67c47bb66ee1"",""target_subtree_sha256"":""97a9cb4026da7a697db3e4d1e3785b55d5febd19eaf6195c7653cc5b0819b8c1"",""title"":""Keterbagian"",""title_locale"":""id-ID"",""translation_state"":""published""},""record_type"":""unit"",""recorded_at"":""2026-08-30T00:00:00Z"",""semantic_key"":""b10:dmoi4:unit:urn:uuid:f915a1a7-a6ca-5bbe-8ed8-f5e82efb9595""}"
urn:uuid:4bc321fc-8c52-5153-937a-57aba5fbe9fa,unit,"{""dataset_id"":""urn:uuid:6090fc4b-b34d-5cff-8f65-acaa06ddd1fc"",""id"":""urn:uuid:4bc321fc-8c52-5153-937a-57aba5fbe9fa"",""normalized_state"":""published"",""owner_authority_id"":""urn:uuid:4dea4d1d-09ba-504e-9fcd-83524281ca97"",""owner_native_state"":""published"",""payload"":{""learner_route"":{""anchor"":null,""machine_data_only"":false,""route_id"":""urn:uuid:2aa436f5-fc73-5a95-85d7-2467dc715d5c"",""route_state"":""course_fallback_unit_route_planned_not_published"",""url"":""https://kokunoyumeto.github.io/discrete-mathematics-open-introduction-id/""},""localized_occurrence_id"":""urn:uuid:2caff575-7a27-5c2a-92ec-c00be4eb29f2"",""localized_title_payload_sha256"":""bb01b9d9c74ff99fc00a42ae41c9a114efb7658588bd1bf731a227d8a5d87d7f"",""localized_title_variant_id"":""urn:uuid:9365f234-21a0-56d1-8a3c-ea28aeba10e9"",""native_locator"":{""canonical_path"":""source/sec_addtops-numbth.ptx"",""identity_anchor"":""source/sec_addtops-numbth.ptx#/section/subsection[2]"",""source_actual_path"":""authority/upstream-82336dc87d77c3f18d2cdbc8ec1e74eb3ba38799/discrete-book-82336dc87d77c3f18d2cdbc8ec1e74eb3ba38799/source/sec_addtops-numbth.ptx"",""source_xml_path"":""/section/subsection[2]"",""target_actual_path"":""repo/source/sec_addtops-numbth.ptx"",""target_xml_path"":""/section/subsection[2]"",""xml_id"":null},""native_unit_id"":""urn:uuid:4e3218ac-6ff1-56fd-af19-325dd636367a"",""native_unit_kind"":""subsection"",""order_key"":""0117.000015"",""parent_native_unit_id"":""urn:uuid:37d02e50-6bf0-5833-9ce0-06ed99a899e6"",""parent_projected_unit_id"":""urn:uuid:54e81c5d-5d01-5a04-990e-de6eb96a6902"",""rights_id"":""urn:uuid:71eb9923-410e-55f2-8fe6-41dc669a8635"",""source_file_revision_id"":""urn:uuid:e8f64cc8-b9c1-5e22-995b-01246823d8ff"",""source_file_sha256"":""abe4d603ca4b19c3827369feedfdc199a6217e3e6d385bf2d6d390544ea820b0"",""source_subtree_sha256"":""922bb6db5ce14af6c5e6ce7677293b41cd816d4159c6a1442019090b16f4a758"",""target_file_revision_id"":""urn:uuid:02774819-c5f2-5204-9bf7-d92eca1a06ae"",""target_file_sha256"":""b785ff84a2566fc04e326e129f95b9f520b417552b24e816d6ac67c47bb66ee1"",""target_subtree_sha256"":""4e984acb4dd78967f2dd21d0a4a4edce034c0e22b2fd5c174ab342db2d4261d1"",""title"":""Kelas Sisa"",""title_locale"":""id-ID"",""translation_state"":""published""},""record_type"":""unit"",""recorded_at"":""2026-08-30T00:00:00Z"",""semantic_key"":""b10:dmoi4:unit:urn:uuid:4e3218ac-6ff1-56fd-af19-325dd636367a""}"
urn:uuid:3acbd5dc-d1e2-529a-9974-90fb3985affc,unit,"{""dataset_id"":""urn:uuid:6090fc4b-b34d-5cff-8f65-acaa06ddd1fc"",""id"":""urn:uuid:3acbd5dc-d1e2-529a-9974-90fb3985affc"",""normalized_state"":""published"",""owner_authority_id"":""urn:uuid:4dea4d1d-09ba-504e-9fcd-83524281ca97"",""owner_native_state"":""published"",""payload"":{""learner_route"":{""anchor"":null,""machine_data_only"":false,""route_id"":""urn:uuid:2aa436f5-fc73-5a95-85d7-2467dc715d5c"",""route_state"":""course_fallback_unit_route_planned_not_published"",""url"":""https://kokunoyumeto.github.io/discrete-mathematics-open-introduction-id/""},""localized_occurrence_id"":""urn:uuid:129bcc61-0481-5d48-bdf4-5fb66d2a1fa0"",""localized_title_payload_sha256"":""be95ddfdf36d3f61ce842bd9801eaafbb4a0e526a299cda01890f42c76df221c"",""localized_title_variant_id"":""urn:uuid:16807848-34d1-517f-9596-b3adfef8a511"",""native_locator"":{""canonical_path"":""source/sec_addtops-numbth.ptx"",""identity_anchor"":""source/sec_addtops-numbth.ptx#/section/subsection[3]"",""source_actual_path"":""authority/upstream-82336dc87d77c3f18d2cdbc8ec1e74eb3ba38799/discrete-book-82336dc87d77c3f18d2cdbc8ec1e74eb3ba38799/source/sec_addtops-numbth.ptx"",""source_xml_path"":""/section/subsection[3]"",""target_actual_path"":""repo/source/sec_addtops-numbth.ptx"",""target_xml_path"":""/section/subsection[3]"",""xml_id"":null},""native_unit_id"":""urn:uuid:64f38afd-0890-591f-a6e4-63ab497edf03"",""native_unit_kind"":""subsection"",""order_key"":""0117.000031"",""parent_native_unit_id"":""urn:uuid:37d02e50-6bf0-5833-9ce0-06ed99a899e6"",""parent_projected_unit_id"":""urn:uuid:54e81c5d-5d01-5a04-990e-de6eb96a6902"",""rights_id"":""urn:uuid:71eb9923-410e-55f2-8fe6-41dc669a8635"",""source_file_revision_id"":""urn:uuid:e8f64cc8-b9c1-5e22-995b-01246823d8ff"",""source_file_sha256"":""abe4d603ca4b19c3827369feedfdc199a6217e3e6d385bf2d6d390544ea820b0"",""source_subtree_sha256"":""e69a57b9d27462b66b44d62d54ae6341e60c00d8111c0940f53a8a700c43c9e4"",""target_file_revision_id"":""urn:uuid:02774819-c5f2-5204-9bf7-d92eca1a06ae"",""target_file_sha256"":""b785ff84a2566fc04e326e129f95b9f520b417552b24e816d6ac67c47bb66ee1"",""target_subtree_sha256"":""11098bd020b2f3e04696549cbd0c928fba85a3a2f79a92f7687ceeffa0555596"",""title"":""Sifat-Sifat Kongruensi"",""title_locale"":""id-ID"",""translation_state"":""published""},""record_type"":""unit"",""recorded_at"":""2026-08-30T00:00:00Z"",""semantic_key"":""b10:dmoi4:unit:urn:uuid:64f38afd-0890-591f-a6e4-63ab497edf03""}"
urn:uuid:e5193416-6ebf-5844-aca8-205a49aa4892,unit,"{""dataset_id"":""urn:uuid:6090fc4b-b34d-5cff-8f65-acaa06ddd1fc"",""id"":""urn:uuid:e5193416-6ebf-5844-aca8-205a49aa4892"",""normalized_state"":""published"",""owner_authority_id"":""urn:uuid:4dea4d1d-09ba-504e-9fcd-83524281ca97"",""owner_native_state"":""published"",""payload"":{""learner_route"":{""anchor"":null,""machine_data_only"":false,""route_id"":""urn:uuid:2aa436f5-fc73-5a95-85d7-2467dc715d5c"",""route_state"":""course_fallback_unit_route_planned_not_published"",""url"":""https://kokunoyumeto.github.io/discrete-mathematics-open-introduction-id/""},""localized_occurrence_id"":""urn:uuid:76d982da-788c-5aec-bf16-fed818a5fedd"",""localized_title_payload_sha256"":""315452b2975f5e3b637a75354af7ad9d833b0c0ca315240faf70c7f3d444b7e7"",""localized_title_variant_id"":""urn:uuid:9e48f137-b3a2-5abc-9f65-bd6bb2579224"",""native_locator"":{""canonical_path"":""source/sec_addtops-numbth.ptx"",""identity_anchor"":""source/sec_addtops-numbth.ptx#/section/subsection[4]"",""source_actual_path"":""authority/upstream-82336dc87d77c3f18d2cdbc8ec1e74eb3ba38799/discrete-book-82336dc87d77c3f18d2cdbc8ec1e74eb3ba38799/source/sec_addtops-numbth.ptx"",""source_xml_path"":""/section/subsection[4]"",""target_actual_path"":""repo/source/sec_addtops-numbth.ptx"",""target_xml_path"":""/section/subsection[4]"",""xml_id"":null},""native_unit_id"":""urn:uuid:70b77669-ed4c-547a-a8df-2a5d42d0b518"",""native_unit_kind"":""subsection"",""order_key"":""0117.000049"",""parent_native_unit_id"":""urn:uuid:37d02e50-6bf0-5833-9ce0-06ed99a899e6"",""parent_projected_unit_id"":""urn:uuid:54e81c5d-5d01-5a04-990e-de6eb96a6902"",""rights_id"":""urn:uuid:71eb9923-410e-55f2-8fe6-41dc669a8635"",""source_file_revision_id"":""urn:uuid:e8f64cc8-b9c1-5e22-995b-01246823d8ff"",""source_file_sha256"":""abe4d603ca4b19c3827369feedfdc199a6217e3e6d385bf2d6d390544ea820b0"",""source_subtree_sha256"":""863e522a912531832f99f126ec5cdcabbb5dea66cc3faaca21926856977ad41e"",""target_file_revision_id"":""urn:uuid:02774819-c5f2-5204-9bf7-d92eca1a06ae"",""target_file_sha256"":""b785ff84a2566fc04e326e129f95b9f520b417552b24e816d6ac67c47bb66ee1"",""target_subtree_sha256"":""170223dcd8e6298fc52c5898873b1710e6e078fd20693988270da94009e9ac51"",""title"":""Menyelesaikan Kongruensi"",""title_locale"":""id-ID"",""translation_state"":""published""},""record_type"":""unit"",""recorded_at"":""2026-08-30T00:00:00Z"",""semantic_key"":""b10:dmoi4:unit:urn:uuid:70b77669-ed4c-547a-a8df-2a5d42d0b518""}"
urn:uuid:1e21056c-08fd-5a0a-8514-41b682488a15,unit,"{""dataset_id"":""urn:uuid:6090fc4b-b34d-5cff-8f65-acaa06ddd1fc"",""id"":""urn:uuid:1e21056c-08fd-5a0a-8514-41b682488a15"",""normalized_state"":""published"",""owner_authority_id"":""urn:uuid:4dea4d1d-09ba-504e-9fcd-83524281ca97"",""owner_native_state"":""published"",""payload"":{""learner_route"":{""anchor"":null,""machine_data_only"":false,""route_id"":""urn:uuid:2aa436f5-fc73-5a95-85d7-2467dc715d5c"",""route_state"":""course_fallback_unit_route_planned_not_published"",""url"":""https://kokunoyumeto.github.io/discrete-mathematics-open-introduction-id/""},""localized_occurrence_id"":""urn:uuid:adae8f6d-1ac6-52cf-9f32-3560045e95d5"",""localized_title_payload_sha256"":""e6f8135adeed9c4faf1e39737372d614467be58e8a1b9f84d25ed072a5d930a0"",""localized_title_variant_id"":""urn:uuid:e75523a6-aaf4-53da-88a8-cf68365031f1"",""native_locator"":{""canonical_path"":""source/sec_addtops-numbth.ptx"",""identity_anchor"":""source/sec_addtops-numbth.ptx#/section/subsection[5]"",""source_actual_path"":""authority/upstream-82336dc87d77c3f18d2cdbc8ec1e74eb3ba38799/discrete-book-82336dc87d77c3f18d2cdbc8ec1e74eb3ba38799/source/sec_addtops-numbth.ptx"",""source_xml_path"":""/section/subsection[5]"",""target_actual_path"":""repo/source/sec_addtops-numbth.ptx"",""target_xml_path"":""/section/subsection[5]"",""xml_id"":null},""native_unit_id"":""urn:uuid:0e80a96f-4af1-5314-97c9-52842cb7a949"",""native_unit_kind"":""subsection"",""order_key"":""0117.000055"",""parent_native_unit_id"":""urn:uuid:37d02e50-6bf0-5833-9ce0-06ed99a899e6"",""parent_projected_unit_id"":""urn:uuid:54e81c5d-5d01-5a04-990e-de6eb96a6902"",""rights_id"":""urn:uuid:71eb9923-410e-55f2-8fe6-41dc669a8635"",""source_file_revision_id"":""urn:uuid:e8f64cc8-b9c1-5e22-995b-01246823d8ff"",""source_file_sha256"":""abe4d603ca4b19c3827369feedfdc199a6217e3e6d385bf2d6d390544ea820b0"",""source_subtree_sha256"":""181d9598e31036a78aa1c24dc00d77cb7bd36ecd275d1d81332798b3d421cf3f"",""target_file_revision_id"":""urn:uuid:02774819-c5f2-5204-9bf7-d92eca1a06ae"",""target_file_sha256"":""b785ff84a2566fc04e326e129f95b9f520b417552b24e816d6ac67c47bb66ee1"",""target_subtree_sha256"":""d90c3a5c35b6515918a8c8d9c304fa83e397725e6741b631b2e69f9052a1c25f"",""title"":""Menyelesaikan Persamaan Diofantin Linear"",""title_locale"":""id-ID"",""translation_state"":""published""},""record_type"":""unit"",""recorded_at"":""2026-08-30T00:00:00Z"",""semantic_key"":""b10:dmoi4:unit:urn:uuid:0e80a96f-4af1-5314-97c9-52842cb7a949""}"
