source_jsonl_path,source_row_ordinal,stable_id,record_type,canonical_record_json
tables/adapter_profiles.jsonl,1,urn:uuid:b05d32e9-5058-52d8-afe5-9911bd5a7c88,adapter_profile,"{""dataset_id"":""urn:uuid:b4219d4b-d4fb-5842-a22a-3024f6730bef"",""id"":""urn:uuid:b05d32e9-5058-52d8-afe5-9911bd5a7c88"",""normalized_state"":""candidate"",""owner_authority_id"":""urn:uuid:92460950-eecf-5596-88b7-bca9604a528a"",""owner_native_state"":null,""payload"":{""contract"":""2.3.1"",""full_prose_centralized"":false,""machine_data_is_learner_destination"":false,""owner_ids_reminted"":false,""owner_native_authoritative"":true,""role_id"":""C140""},""record_type"":""adapter_profile"",""recorded_at"":""2026-09-07T00:00:00Z"",""semantic_key"":""c140:profile:v2.3.1""}"
tables/adapter_runs.jsonl,1,urn:uuid:8bcfcaf3-6b56-55fb-9537-35788ef3a311,adapter_run,"{""dataset_id"":""urn:uuid:b4219d4b-d4fb-5842-a22a-3024f6730bef"",""id"":""urn:uuid:8bcfcaf3-6b56-55fb-9537-35788ef3a311"",""normalized_state"":""candidate"",""owner_authority_id"":""urn:uuid:92460950-eecf-5596-88b7-bca9604a528a"",""owner_native_state"":null,""payload"":{""deterministic_replay_state"":""pending_independent_twin_replay"",""profile_id"":""urn:uuid:b05d32e9-5058-52d8-afe5-9911bd5a7c88"",""scope"":""candidate""},""record_type"":""adapter_run"",""recorded_at"":""2026-09-07T00:00:00Z"",""semantic_key"":""c140:run:2026-09-07T00:00:00Z""}"
tables/artifacts.jsonl,1,urn:uuid:bca6f392-699b-55b1-b7ee-7b20f38ef8dc,artifact,"{""dataset_id"":""urn:uuid:b4219d4b-d4fb-5842-a22a-3024f6730bef"",""id"":""urn:uuid:bca6f392-699b-55b1-b7ee-7b20f38ef8dc"",""normalized_state"":""candidate"",""owner_authority_id"":""urn:uuid:92460950-eecf-5596-88b7-bca9604a528a"",""owner_native_state"":null,""payload"":{""body_prose_copied"":false,""bytes"":24928931,""id"":""c5-package"",""media_type"":""application/zip"",""path"":""release/16_C140_COMPANION_C5_SOURCE_BACKEND_DATA_RIGHTS.zip"",""role"":""native_source_backend_rights"",""sha256"":""4de938596957e2116d6292f4a5e493a98212e7f9d1c49de32ae6e57c5b746deb"",""url"":""https://zenodo.org/records/22208527/files/16_C140_COMPANION_C5_SOURCE_BACKEND_DATA_RIGHTS.zip?download=1""},""record_type"":""artifact"",""recorded_at"":""2026-09-07T00:00:00Z"",""semantic_key"":""c140:artifact:c5-package""}"
tables/course_unit_memberships.jsonl,37,urn:uuid:00455345-4380-59cb-8957-7fc429f2cd3c,course_unit_membership,"{""dataset_id"":""urn:uuid:b4219d4b-d4fb-5842-a22a-3024f6730bef"",""id"":""urn:uuid:00455345-4380-59cb-8957-7fc429f2cd3c"",""normalized_state"":""candidate"",""owner_authority_id"":""urn:uuid:92460950-eecf-5596-88b7-bca9604a528a"",""owner_native_state"":null,""payload"":{""course_id"":""C140"",""edition_id"":""urn:uuid:ff7007a1-4801-53db-a941-92294fb69c8d"",""native_id"":""O006-C140-CMP-SIM004"",""ordinal"":18,""unit_id"":""urn:uuid:0a176e06-9a15-597e-ad5a-1995dccfd24c""},""record_type"":""course_unit_membership"",""recorded_at"":""2026-09-07T00:00:00Z"",""semantic_key"":""c140:membership:O006-C140-CMP-SIM004""}"
tables/course_unit_memberships.jsonl,26,urn:uuid:0885daa5-5794-5e4c-818a-ec80b1e1a7c6,course_unit_membership,"{""dataset_id"":""urn:uuid:b4219d4b-d4fb-5842-a22a-3024f6730bef"",""id"":""urn:uuid:0885daa5-5794-5e4c-818a-ec80b1e1a7c6"",""normalized_state"":""candidate"",""owner_authority_id"":""urn:uuid:92460950-eecf-5596-88b7-bca9604a528a"",""owner_native_state"":null,""payload"":{""course_id"":""C140"",""edition_id"":""urn:uuid:ff7007a1-4801-53db-a941-92294fb69c8d"",""native_id"":""O006-C140-CMP-MS05"",""ordinal"":26,""unit_id"":""urn:uuid:c00ddf02-d6ec-5a9c-a88c-13849619cd03""},""record_type"":""course_unit_membership"",""recorded_at"":""2026-09-07T00:00:00Z"",""semantic_key"":""c140:membership:O006-C140-CMP-MS05""}"
tables/course_unit_memberships.jsonl,31,urn:uuid:17d11f35-2ee2-5207-aa1b-345dc5b725b3,course_unit_membership,"{""dataset_id"":""urn:uuid:b4219d4b-d4fb-5842-a22a-3024f6730bef"",""id"":""urn:uuid:17d11f35-2ee2-5207-aa1b-345dc5b725b3"",""normalized_state"":""candidate"",""owner_authority_id"":""urn:uuid:92460950-eecf-5596-88b7-bca9604a528a"",""owner_native_state"":null,""payload"":{""course_id"":""C140"",""edition_id"":""urn:uuid:ff7007a1-4801-53db-a941-92294fb69c8d"",""native_id"":""O006-C140-CMP-MS10"",""ordinal"":31,""unit_id"":""urn:uuid:3282734e-db98-507a-8517-375a18544fec""},""record_type"":""course_unit_membership"",""recorded_at"":""2026-09-07T00:00:00Z"",""semantic_key"":""c140:membership:O006-C140-CMP-MS10""}"
tables/course_unit_memberships.jsonl,23,urn:uuid:22e56a8e-9a45-538e-93c2-b52ecf8656e7,course_unit_membership,"{""dataset_id"":""urn:uuid:b4219d4b-d4fb-5842-a22a-3024f6730bef"",""id"":""urn:uuid:22e56a8e-9a45-538e-93c2-b52ecf8656e7"",""normalized_state"":""candidate"",""owner_authority_id"":""urn:uuid:92460950-eecf-5596-88b7-bca9604a528a"",""owner_native_state"":null,""payload"":{""course_id"":""C140"",""edition_id"":""urn:uuid:ff7007a1-4801-53db-a941-92294fb69c8d"",""native_id"":""O006-C140-CMP-MS02"",""ordinal"":23,""unit_id"":""urn:uuid:7a6c88eb-6ebf-5295-9523-791f55a10774""},""record_type"":""course_unit_membership"",""recorded_at"":""2026-09-07T00:00:00Z"",""semantic_key"":""c140:membership:O006-C140-CMP-MS02""}"
tables/course_unit_memberships.jsonl,25,urn:uuid:2400c7ee-f38e-58a7-89c1-1ddb7e70ec33,course_unit_membership,"{""dataset_id"":""urn:uuid:b4219d4b-d4fb-5842-a22a-3024f6730bef"",""id"":""urn:uuid:2400c7ee-f38e-58a7-89c1-1ddb7e70ec33"",""normalized_state"":""candidate"",""owner_authority_id"":""urn:uuid:92460950-eecf-5596-88b7-bca9604a528a"",""owner_native_state"":null,""payload"":{""course_id"":""C140"",""edition_id"":""urn:uuid:ff7007a1-4801-53db-a941-92294fb69c8d"",""native_id"":""O006-C140-CMP-MS04"",""ordinal"":25,""unit_id"":""urn:uuid:5a05b574-6fcc-58cc-b73e-1c1d38c7c7cd""},""record_type"":""course_unit_membership"",""recorded_at"":""2026-09-07T00:00:00Z"",""semantic_key"":""c140:membership:O006-C140-CMP-MS04""}"
tables/course_unit_memberships.jsonl,33,urn:uuid:2d525c4c-c594-53e3-b0e4-cf2c37c46ea0,course_unit_membership,"{""dataset_id"":""urn:uuid:b4219d4b-d4fb-5842-a22a-3024f6730bef"",""id"":""urn:uuid:2d525c4c-c594-53e3-b0e4-cf2c37c46ea0"",""normalized_state"":""candidate"",""owner_authority_id"":""urn:uuid:92460950-eecf-5596-88b7-bca9604a528a"",""owner_native_state"":null,""payload"":{""course_id"":""C140"",""edition_id"":""urn:uuid:ff7007a1-4801-53db-a941-92294fb69c8d"",""native_id"":""O006-C140-CMP-MS12"",""ordinal"":33,""unit_id"":""urn:uuid:bb5215cb-30e3-5062-8dc1-54cdc1c9912d""},""record_type"":""course_unit_membership"",""recorded_at"":""2026-09-07T00:00:00Z"",""semantic_key"":""c140:membership:O006-C140-CMP-MS12""}"
tables/course_unit_memberships.jsonl,27,urn:uuid:3057efcf-59cb-5271-b6bc-25015c81738a,course_unit_membership,"{""dataset_id"":""urn:uuid:b4219d4b-d4fb-5842-a22a-3024f6730bef"",""id"":""urn:uuid:3057efcf-59cb-5271-b6bc-25015c81738a"",""normalized_state"":""candidate"",""owner_authority_id"":""urn:uuid:92460950-eecf-5596-88b7-bca9604a528a"",""owner_native_state"":null,""payload"":{""course_id"":""C140"",""edition_id"":""urn:uuid:ff7007a1-4801-53db-a941-92294fb69c8d"",""native_id"":""O006-C140-CMP-MS06"",""ordinal"":27,""unit_id"":""urn:uuid:df29d8d8-9e96-57c6-a97f-c82b1919c502""},""record_type"":""course_unit_membership"",""recorded_at"":""2026-09-07T00:00:00Z"",""semantic_key"":""c140:membership:O006-C140-CMP-MS06""}"
tables/course_unit_memberships.jsonl,28,urn:uuid:4d40469f-6fac-522d-9b14-b5956253a546,course_unit_membership,"{""dataset_id"":""urn:uuid:b4219d4b-d4fb-5842-a22a-3024f6730bef"",""id"":""urn:uuid:4d40469f-6fac-522d-9b14-b5956253a546"",""normalized_state"":""candidate"",""owner_authority_id"":""urn:uuid:92460950-eecf-5596-88b7-bca9604a528a"",""owner_native_state"":null,""payload"":{""course_id"":""C140"",""edition_id"":""urn:uuid:ff7007a1-4801-53db-a941-92294fb69c8d"",""native_id"":""O006-C140-CMP-MS07"",""ordinal"":28,""unit_id"":""urn:uuid:342ec3de-3b84-588a-a81a-32c9b4cd5618""},""record_type"":""course_unit_membership"",""recorded_at"":""2026-09-07T00:00:00Z"",""semantic_key"":""c140:membership:O006-C140-CMP-MS07""}"
tables/course_unit_memberships.jsonl,39,urn:uuid:53c9a9f2-3968-58e2-a91b-6e37d0fb3fe2,course_unit_membership,"{""dataset_id"":""urn:uuid:b4219d4b-d4fb-5842-a22a-3024f6730bef"",""id"":""urn:uuid:53c9a9f2-3968-58e2-a91b-6e37d0fb3fe2"",""normalized_state"":""candidate"",""owner_authority_id"":""urn:uuid:92460950-eecf-5596-88b7-bca9604a528a"",""owner_native_state"":null,""payload"":{""course_id"":""C140"",""edition_id"":""urn:uuid:ff7007a1-4801-53db-a941-92294fb69c8d"",""native_id"":""O006-C140-CMP-SIM006"",""ordinal"":20,""unit_id"":""urn:uuid:138c17ab-ce56-518a-896a-1f4e7f5e9378""},""record_type"":""course_unit_membership"",""recorded_at"":""2026-09-07T00:00:00Z"",""semantic_key"":""c140:membership:O006-C140-CMP-SIM006""}"
tables/course_unit_memberships.jsonl,4,urn:uuid:56676096-e3c0-525c-9eaa-881c0c8602b5,course_unit_membership,"{""dataset_id"":""urn:uuid:b4219d4b-d4fb-5842-a22a-3024f6730bef"",""id"":""urn:uuid:56676096-e3c0-525c-9eaa-881c0c8602b5"",""normalized_state"":""candidate"",""owner_authority_id"":""urn:uuid:92460950-eecf-5596-88b7-bca9604a528a"",""owner_native_state"":null,""payload"":{""course_id"":""C140"",""edition_id"":""urn:uuid:ff7007a1-4801-53db-a941-92294fb69c8d"",""native_id"":""O006-C140-CMP-CA04"",""ordinal"":37,""unit_id"":""urn:uuid:7462028d-3064-51a0-a615-31c34011e062""},""record_type"":""course_unit_membership"",""recorded_at"":""2026-09-07T00:00:00Z"",""semantic_key"":""c140:membership:O006-C140-CMP-CA04""}"
tables/course_unit_memberships.jsonl,32,urn:uuid:58081937-54e5-511c-b2f8-22fd7b46fa0c,course_unit_membership,"{""dataset_id"":""urn:uuid:b4219d4b-d4fb-5842-a22a-3024f6730bef"",""id"":""urn:uuid:58081937-54e5-511c-b2f8-22fd7b46fa0c"",""normalized_state"":""candidate"",""owner_authority_id"":""urn:uuid:92460950-eecf-5596-88b7-bca9604a528a"",""owner_native_state"":null,""payload"":{""course_id"":""C140"",""edition_id"":""urn:uuid:ff7007a1-4801-53db-a941-92294fb69c8d"",""native_id"":""O006-C140-CMP-MS11"",""ordinal"":32,""unit_id"":""urn:uuid:4283fd82-324e-59d2-af13-0e7d8facbbd5""},""record_type"":""course_unit_membership"",""recorded_at"":""2026-09-07T00:00:00Z"",""semantic_key"":""c140:membership:O006-C140-CMP-MS11""}"
tables/course_unit_memberships.jsonl,30,urn:uuid:5e2e6c6d-b970-5151-9e27-d1a8e84aae3b,course_unit_membership,"{""dataset_id"":""urn:uuid:b4219d4b-d4fb-5842-a22a-3024f6730bef"",""id"":""urn:uuid:5e2e6c6d-b970-5151-9e27-d1a8e84aae3b"",""normalized_state"":""candidate"",""owner_authority_id"":""urn:uuid:92460950-eecf-5596-88b7-bca9604a528a"",""owner_native_state"":null,""payload"":{""course_id"":""C140"",""edition_id"":""urn:uuid:ff7007a1-4801-53db-a941-92294fb69c8d"",""native_id"":""O006-C140-CMP-MS09"",""ordinal"":30,""unit_id"":""urn:uuid:08f10365-1b28-58cd-9d30-7c535d952c26""},""record_type"":""course_unit_membership"",""recorded_at"":""2026-09-07T00:00:00Z"",""semantic_key"":""c140:membership:O006-C140-CMP-MS09""}"
tables/course_unit_memberships.jsonl,19,urn:uuid:6552b10a-8bf7-5f78-8a6a-705481734575,course_unit_membership,"{""dataset_id"":""urn:uuid:b4219d4b-d4fb-5842-a22a-3024f6730bef"",""id"":""urn:uuid:6552b10a-8bf7-5f78-8a6a-705481734575"",""normalized_state"":""candidate"",""owner_authority_id"":""urn:uuid:92460950-eecf-5596-88b7-bca9604a528a"",""owner_native_state"":null,""payload"":{""course_id"":""C140"",""edition_id"":""urn:uuid:ff7007a1-4801-53db-a941-92294fb69c8d"",""native_id"":""O006-C140-CMP-D013"",""ordinal"":14,""unit_id"":""urn:uuid:115f20d9-6f5e-5df3-b96d-95a94f60f88a""},""record_type"":""course_unit_membership"",""recorded_at"":""2026-09-07T00:00:00Z"",""semantic_key"":""c140:membership:O006-C140-CMP-D013""}"
tables/course_unit_memberships.jsonl,18,urn:uuid:68ec7885-93f0-5122-bc9e-d7c263c69714,course_unit_membership,"{""dataset_id"":""urn:uuid:b4219d4b-d4fb-5842-a22a-3024f6730bef"",""id"":""urn:uuid:68ec7885-93f0-5122-bc9e-d7c263c69714"",""normalized_state"":""candidate"",""owner_authority_id"":""urn:uuid:92460950-eecf-5596-88b7-bca9604a528a"",""owner_native_state"":null,""payload"":{""course_id"":""C140"",""edition_id"":""urn:uuid:ff7007a1-4801-53db-a941-92294fb69c8d"",""native_id"":""O006-C140-CMP-D012"",""ordinal"":13,""unit_id"":""urn:uuid:d962893b-33f3-59e6-82ec-3675582ba3b5""},""record_type"":""course_unit_membership"",""recorded_at"":""2026-09-07T00:00:00Z"",""semantic_key"":""c140:membership:O006-C140-CMP-D012""}"
tables/course_unit_memberships.jsonl,5,urn:uuid:717ef7a9-221f-52aa-9d09-6761acda1b6e,course_unit_membership,"{""dataset_id"":""urn:uuid:b4219d4b-d4fb-5842-a22a-3024f6730bef"",""id"":""urn:uuid:717ef7a9-221f-52aa-9d09-6761acda1b6e"",""normalized_state"":""candidate"",""owner_authority_id"":""urn:uuid:92460950-eecf-5596-88b7-bca9604a528a"",""owner_native_state"":null,""payload"":{""course_id"":""C140"",""edition_id"":""urn:uuid:ff7007a1-4801-53db-a941-92294fb69c8d"",""native_id"":""O006-C140-CMP-CP01"",""ordinal"":38,""unit_id"":""urn:uuid:7d5708eb-e55b-57d0-a179-a88f95ac1b72""},""record_type"":""course_unit_membership"",""recorded_at"":""2026-09-07T00:00:00Z"",""semantic_key"":""c140:membership:O006-C140-CMP-CP01""}"
tables/course_unit_memberships.jsonl,36,urn:uuid:7d476e62-1851-52fe-9348-d2d2d9a5e619,course_unit_membership,"{""dataset_id"":""urn:uuid:b4219d4b-d4fb-5842-a22a-3024f6730bef"",""id"":""urn:uuid:7d476e62-1851-52fe-9348-d2d2d9a5e619"",""normalized_state"":""candidate"",""owner_authority_id"":""urn:uuid:92460950-eecf-5596-88b7-bca9604a528a"",""owner_native_state"":null,""payload"":{""course_id"":""C140"",""edition_id"":""urn:uuid:ff7007a1-4801-53db-a941-92294fb69c8d"",""native_id"":""O006-C140-CMP-SIM003"",""ordinal"":17,""unit_id"":""urn:uuid:4f125b66-d965-501e-bdea-72bc728426f9""},""record_type"":""course_unit_membership"",""recorded_at"":""2026-09-07T00:00:00Z"",""semantic_key"":""c140:membership:O006-C140-CMP-SIM003""}"
tables/course_unit_memberships.jsonl,1,urn:uuid:859745ce-77f6-5abc-8b87-992cb7ab8334,course_unit_membership,"{""dataset_id"":""urn:uuid:b4219d4b-d4fb-5842-a22a-3024f6730bef"",""id"":""urn:uuid:859745ce-77f6-5abc-8b87-992cb7ab8334"",""normalized_state"":""candidate"",""owner_authority_id"":""urn:uuid:92460950-eecf-5596-88b7-bca9604a528a"",""owner_native_state"":null,""payload"":{""course_id"":""C140"",""edition_id"":""urn:uuid:ff7007a1-4801-53db-a941-92294fb69c8d"",""native_id"":""O006-C140-CMP-CA01"",""ordinal"":34,""unit_id"":""urn:uuid:fafa9547-e903-57db-ac22-56110a49f717""},""record_type"":""course_unit_membership"",""recorded_at"":""2026-09-07T00:00:00Z"",""semantic_key"":""c140:membership:O006-C140-CMP-CA01""}"
tables/course_unit_memberships.jsonl,6,urn:uuid:8601b095-02e8-52a7-8558-6abe56639d68,course_unit_membership,"{""dataset_id"":""urn:uuid:b4219d4b-d4fb-5842-a22a-3024f6730bef"",""id"":""urn:uuid:8601b095-02e8-52a7-8558-6abe56639d68"",""normalized_state"":""candidate"",""owner_authority_id"":""urn:uuid:92460950-eecf-5596-88b7-bca9604a528a"",""owner_native_state"":null,""payload"":{""course_id"":""C140"",""edition_id"":""urn:uuid:ff7007a1-4801-53db-a941-92294fb69c8d"",""native_id"":""O006-C140-CMP-CP02"",""ordinal"":39,""unit_id"":""urn:uuid:405d1c9d-31df-583e-94f2-600761d2177f""},""record_type"":""course_unit_membership"",""recorded_at"":""2026-09-07T00:00:00Z"",""semantic_key"":""c140:membership:O006-C140-CMP-CP02""}"
tables/course_unit_memberships.jsonl,15,urn:uuid:89d167ae-410f-558d-becd-df923da45026,course_unit_membership,"{""dataset_id"":""urn:uuid:b4219d4b-d4fb-5842-a22a-3024f6730bef"",""id"":""urn:uuid:89d167ae-410f-558d-becd-df923da45026"",""normalized_state"":""candidate"",""owner_authority_id"":""urn:uuid:92460950-eecf-5596-88b7-bca9604a528a"",""owner_native_state"":null,""payload"":{""course_id"":""C140"",""edition_id"":""urn:uuid:ff7007a1-4801-53db-a941-92294fb69c8d"",""native_id"":""O006-C140-CMP-D009"",""ordinal"":10,""unit_id"":""urn:uuid:15c8b898-3278-5d02-bdaf-f89aa7c2356f""},""record_type"":""course_unit_membership"",""recorded_at"":""2026-09-07T00:00:00Z"",""semantic_key"":""c140:membership:O006-C140-CMP-D009""}"
tables/course_unit_memberships.jsonl,8,urn:uuid:8df69e40-997c-5701-bd62-7bbf97c2278f,course_unit_membership,"{""dataset_id"":""urn:uuid:b4219d4b-d4fb-5842-a22a-3024f6730bef"",""id"":""urn:uuid:8df69e40-997c-5701-bd62-7bbf97c2278f"",""normalized_state"":""candidate"",""owner_authority_id"":""urn:uuid:92460950-eecf-5596-88b7-bca9604a528a"",""owner_native_state"":null,""payload"":{""course_id"":""C140"",""edition_id"":""urn:uuid:ff7007a1-4801-53db-a941-92294fb69c8d"",""native_id"":""O006-C140-CMP-D002"",""ordinal"":3,""unit_id"":""urn:uuid:f82810e1-e89a-56ad-ab4f-505a9a696695""},""record_type"":""course_unit_membership"",""recorded_at"":""2026-09-07T00:00:00Z"",""semantic_key"":""c140:membership:O006-C140-CMP-D002""}"
tables/course_unit_memberships.jsonl,38,urn:uuid:9addd0ca-a16b-5e95-9dc6-5adc222290da,course_unit_membership,"{""dataset_id"":""urn:uuid:b4219d4b-d4fb-5842-a22a-3024f6730bef"",""id"":""urn:uuid:9addd0ca-a16b-5e95-9dc6-5adc222290da"",""normalized_state"":""candidate"",""owner_authority_id"":""urn:uuid:92460950-eecf-5596-88b7-bca9604a528a"",""owner_native_state"":null,""payload"":{""course_id"":""C140"",""edition_id"":""urn:uuid:ff7007a1-4801-53db-a941-92294fb69c8d"",""native_id"":""O006-C140-CMP-SIM005"",""ordinal"":19,""unit_id"":""urn:uuid:3bc78764-62ef-5297-a0e1-794c1b62b071""},""record_type"":""course_unit_membership"",""recorded_at"":""2026-09-07T00:00:00Z"",""semantic_key"":""c140:membership:O006-C140-CMP-SIM005""}"
tables/course_unit_memberships.jsonl,16,urn:uuid:a410de28-afa0-5764-a9c4-c0a80b973819,course_unit_membership,"{""dataset_id"":""urn:uuid:b4219d4b-d4fb-5842-a22a-3024f6730bef"",""id"":""urn:uuid:a410de28-afa0-5764-a9c4-c0a80b973819"",""normalized_state"":""candidate"",""owner_authority_id"":""urn:uuid:92460950-eecf-5596-88b7-bca9604a528a"",""owner_native_state"":null,""payload"":{""course_id"":""C140"",""edition_id"":""urn:uuid:ff7007a1-4801-53db-a941-92294fb69c8d"",""native_id"":""O006-C140-CMP-D010"",""ordinal"":11,""unit_id"":""urn:uuid:620a3754-3854-56a2-9070-7aad5018d722""},""record_type"":""course_unit_membership"",""recorded_at"":""2026-09-07T00:00:00Z"",""semantic_key"":""c140:membership:O006-C140-CMP-D010""}"
tables/course_unit_memberships.jsonl,7,urn:uuid:a7a9ea17-216d-572e-84fe-72225b1686c5,course_unit_membership,"{""dataset_id"":""urn:uuid:b4219d4b-d4fb-5842-a22a-3024f6730bef"",""id"":""urn:uuid:a7a9ea17-216d-572e-84fe-72225b1686c5"",""normalized_state"":""candidate"",""owner_authority_id"":""urn:uuid:92460950-eecf-5596-88b7-bca9604a528a"",""owner_native_state"":null,""payload"":{""course_id"":""C140"",""edition_id"":""urn:uuid:ff7007a1-4801-53db-a941-92294fb69c8d"",""native_id"":""O006-C140-CMP-D001"",""ordinal"":2,""unit_id"":""urn:uuid:1ec03fa6-8d94-5f1a-9ac3-6c7034cd7824""},""record_type"":""course_unit_membership"",""recorded_at"":""2026-09-07T00:00:00Z"",""semantic_key"":""c140:membership:O006-C140-CMP-D001""}"
tables/course_unit_memberships.jsonl,3,urn:uuid:a99f760b-a967-5f18-a5db-3e5c068712a9,course_unit_membership,"{""dataset_id"":""urn:uuid:b4219d4b-d4fb-5842-a22a-3024f6730bef"",""id"":""urn:uuid:a99f760b-a967-5f18-a5db-3e5c068712a9"",""normalized_state"":""candidate"",""owner_authority_id"":""urn:uuid:92460950-eecf-5596-88b7-bca9604a528a"",""owner_native_state"":null,""payload"":{""course_id"":""C140"",""edition_id"":""urn:uuid:ff7007a1-4801-53db-a941-92294fb69c8d"",""native_id"":""O006-C140-CMP-CA03"",""ordinal"":36,""unit_id"":""urn:uuid:79cf18b3-8e1c-5a48-9430-cc6bd758b421""},""record_type"":""course_unit_membership"",""recorded_at"":""2026-09-07T00:00:00Z"",""semantic_key"":""c140:membership:O006-C140-CMP-CA03""}"
tables/course_unit_memberships.jsonl,10,urn:uuid:ab2694ab-736a-594f-baf4-cb211e3b5e4e,course_unit_membership,"{""dataset_id"":""urn:uuid:b4219d4b-d4fb-5842-a22a-3024f6730bef"",""id"":""urn:uuid:ab2694ab-736a-594f-baf4-cb211e3b5e4e"",""normalized_state"":""candidate"",""owner_authority_id"":""urn:uuid:92460950-eecf-5596-88b7-bca9604a528a"",""owner_native_state"":null,""payload"":{""course_id"":""C140"",""edition_id"":""urn:uuid:ff7007a1-4801-53db-a941-92294fb69c8d"",""native_id"":""O006-C140-CMP-D004"",""ordinal"":5,""unit_id"":""urn:uuid:eb531b5e-e7c1-5281-ac3e-cfef9ade2684""},""record_type"":""course_unit_membership"",""recorded_at"":""2026-09-07T00:00:00Z"",""semantic_key"":""c140:membership:O006-C140-CMP-D004""}"
tables/course_unit_memberships.jsonl,17,urn:uuid:ad79a6dc-d60b-5fbd-b29a-02e270d09bca,course_unit_membership,"{""dataset_id"":""urn:uuid:b4219d4b-d4fb-5842-a22a-3024f6730bef"",""id"":""urn:uuid:ad79a6dc-d60b-5fbd-b29a-02e270d09bca"",""normalized_state"":""candidate"",""owner_authority_id"":""urn:uuid:92460950-eecf-5596-88b7-bca9604a528a"",""owner_native_state"":null,""payload"":{""course_id"":""C140"",""edition_id"":""urn:uuid:ff7007a1-4801-53db-a941-92294fb69c8d"",""native_id"":""O006-C140-CMP-D011"",""ordinal"":12,""unit_id"":""urn:uuid:de29cc54-c9c8-5744-a51c-a425f0cc2f8d""},""record_type"":""course_unit_membership"",""recorded_at"":""2026-09-07T00:00:00Z"",""semantic_key"":""c140:membership:O006-C140-CMP-D011""}"
tables/course_unit_memberships.jsonl,20,urn:uuid:b34d99a0-8276-5bca-9111-05f6a7d37cf3,course_unit_membership,"{""dataset_id"":""urn:uuid:b4219d4b-d4fb-5842-a22a-3024f6730bef"",""id"":""urn:uuid:b34d99a0-8276-5bca-9111-05f6a7d37cf3"",""normalized_state"":""candidate"",""owner_authority_id"":""urn:uuid:92460950-eecf-5596-88b7-bca9604a528a"",""owner_native_state"":null,""payload"":{""course_id"":""C140"",""edition_id"":""urn:uuid:ff7007a1-4801-53db-a941-92294fb69c8d"",""native_id"":""O006-C140-CMP-INDEX"",""ordinal"":1,""unit_id"":""urn:uuid:cea4f380-c2e0-57d4-9530-25b53ffc2cab""},""record_type"":""course_unit_membership"",""recorded_at"":""2026-09-07T00:00:00Z"",""semantic_key"":""c140:membership:O006-C140-CMP-INDEX""}"
tables/course_unit_memberships.jsonl,11,urn:uuid:b431490a-8b12-5dd1-aec7-5f07a070b40d,course_unit_membership,"{""dataset_id"":""urn:uuid:b4219d4b-d4fb-5842-a22a-3024f6730bef"",""id"":""urn:uuid:b431490a-8b12-5dd1-aec7-5f07a070b40d"",""normalized_state"":""candidate"",""owner_authority_id"":""urn:uuid:92460950-eecf-5596-88b7-bca9604a528a"",""owner_native_state"":null,""payload"":{""course_id"":""C140"",""edition_id"":""urn:uuid:ff7007a1-4801-53db-a941-92294fb69c8d"",""native_id"":""O006-C140-CMP-D005"",""ordinal"":6,""unit_id"":""urn:uuid:dc26e5c2-5818-52cf-a352-46ea51dbecd2""},""record_type"":""course_unit_membership"",""recorded_at"":""2026-09-07T00:00:00Z"",""semantic_key"":""c140:membership:O006-C140-CMP-D005""}"
tables/course_unit_memberships.jsonl,9,urn:uuid:bd53fa2a-9e5f-5fa8-9a5b-04b044ba2947,course_unit_membership,"{""dataset_id"":""urn:uuid:b4219d4b-d4fb-5842-a22a-3024f6730bef"",""id"":""urn:uuid:bd53fa2a-9e5f-5fa8-9a5b-04b044ba2947"",""normalized_state"":""candidate"",""owner_authority_id"":""urn:uuid:92460950-eecf-5596-88b7-bca9604a528a"",""owner_native_state"":null,""payload"":{""course_id"":""C140"",""edition_id"":""urn:uuid:ff7007a1-4801-53db-a941-92294fb69c8d"",""native_id"":""O006-C140-CMP-D003"",""ordinal"":4,""unit_id"":""urn:uuid:d113a082-3610-51e4-abc2-4226599ede95""},""record_type"":""course_unit_membership"",""recorded_at"":""2026-09-07T00:00:00Z"",""semantic_key"":""c140:membership:O006-C140-CMP-D003""}"
tables/course_unit_memberships.jsonl,14,urn:uuid:bd765df3-f0a0-521f-bb07-db20871dd4b3,course_unit_membership,"{""dataset_id"":""urn:uuid:b4219d4b-d4fb-5842-a22a-3024f6730bef"",""id"":""urn:uuid:bd765df3-f0a0-521f-bb07-db20871dd4b3"",""normalized_state"":""candidate"",""owner_authority_id"":""urn:uuid:92460950-eecf-5596-88b7-bca9604a528a"",""owner_native_state"":null,""payload"":{""course_id"":""C140"",""edition_id"":""urn:uuid:ff7007a1-4801-53db-a941-92294fb69c8d"",""native_id"":""O006-C140-CMP-D008"",""ordinal"":9,""unit_id"":""urn:uuid:76fff72d-5b28-5276-8a8b-f801eb0544b6""},""record_type"":""course_unit_membership"",""recorded_at"":""2026-09-07T00:00:00Z"",""semantic_key"":""c140:membership:O006-C140-CMP-D008""}"
tables/course_unit_memberships.jsonl,35,urn:uuid:c3aebd4a-732a-580e-b797-3ef3158c0a4f,course_unit_membership,"{""dataset_id"":""urn:uuid:b4219d4b-d4fb-5842-a22a-3024f6730bef"",""id"":""urn:uuid:c3aebd4a-732a-580e-b797-3ef3158c0a4f"",""normalized_state"":""candidate"",""owner_authority_id"":""urn:uuid:92460950-eecf-5596-88b7-bca9604a528a"",""owner_native_state"":null,""payload"":{""course_id"":""C140"",""edition_id"":""urn:uuid:ff7007a1-4801-53db-a941-92294fb69c8d"",""native_id"":""O006-C140-CMP-SIM002"",""ordinal"":16,""unit_id"":""urn:uuid:f7c1c608-6852-5f28-bff1-8a8c2f101410""},""record_type"":""course_unit_membership"",""recorded_at"":""2026-09-07T00:00:00Z"",""semantic_key"":""c140:membership:O006-C140-CMP-SIM002""}"
tables/course_unit_memberships.jsonl,22,urn:uuid:d14d3157-4adc-5567-a352-e7c276fb5532,course_unit_membership,"{""dataset_id"":""urn:uuid:b4219d4b-d4fb-5842-a22a-3024f6730bef"",""id"":""urn:uuid:d14d3157-4adc-5567-a352-e7c276fb5532"",""normalized_state"":""candidate"",""owner_authority_id"":""urn:uuid:92460950-eecf-5596-88b7-bca9604a528a"",""owner_native_state"":null,""payload"":{""course_id"":""C140"",""edition_id"":""urn:uuid:ff7007a1-4801-53db-a941-92294fb69c8d"",""native_id"":""O006-C140-CMP-MS01"",""ordinal"":22,""unit_id"":""urn:uuid:3bcbe3f2-79e1-54eb-b48a-04cea3264623""},""record_type"":""course_unit_membership"",""recorded_at"":""2026-09-07T00:00:00Z"",""semantic_key"":""c140:membership:O006-C140-CMP-MS01""}"
tables/course_unit_memberships.jsonl,34,urn:uuid:e5330930-6c89-5327-8ee4-6a6927acf676,course_unit_membership,"{""dataset_id"":""urn:uuid:b4219d4b-d4fb-5842-a22a-3024f6730bef"",""id"":""urn:uuid:e5330930-6c89-5327-8ee4-6a6927acf676"",""normalized_state"":""candidate"",""owner_authority_id"":""urn:uuid:92460950-eecf-5596-88b7-bca9604a528a"",""owner_native_state"":null,""payload"":{""course_id"":""C140"",""edition_id"":""urn:uuid:ff7007a1-4801-53db-a941-92294fb69c8d"",""native_id"":""O006-C140-CMP-SIM001"",""ordinal"":15,""unit_id"":""urn:uuid:8d808d1d-8ac1-5c72-b953-743906af875d""},""record_type"":""course_unit_membership"",""recorded_at"":""2026-09-07T00:00:00Z"",""semantic_key"":""c140:membership:O006-C140-CMP-SIM001""}"
tables/course_unit_memberships.jsonl,24,urn:uuid:e742de99-b426-53ce-b67b-9005898fa120,course_unit_membership,"{""dataset_id"":""urn:uuid:b4219d4b-d4fb-5842-a22a-3024f6730bef"",""id"":""urn:uuid:e742de99-b426-53ce-b67b-9005898fa120"",""normalized_state"":""candidate"",""owner_authority_id"":""urn:uuid:92460950-eecf-5596-88b7-bca9604a528a"",""owner_native_state"":null,""payload"":{""course_id"":""C140"",""edition_id"":""urn:uuid:ff7007a1-4801-53db-a941-92294fb69c8d"",""native_id"":""O006-C140-CMP-MS03"",""ordinal"":24,""unit_id"":""urn:uuid:77b4d818-65a5-568e-a8a8-3e27b4723303""},""record_type"":""course_unit_membership"",""recorded_at"":""2026-09-07T00:00:00Z"",""semantic_key"":""c140:membership:O006-C140-CMP-MS03""}"
tables/course_unit_memberships.jsonl,21,urn:uuid:eee5e587-fcb0-5754-bfd9-d3431fc71c68,course_unit_membership,"{""dataset_id"":""urn:uuid:b4219d4b-d4fb-5842-a22a-3024f6730bef"",""id"":""urn:uuid:eee5e587-fcb0-5754-bfd9-d3431fc71c68"",""normalized_state"":""candidate"",""owner_authority_id"":""urn:uuid:92460950-eecf-5596-88b7-bca9604a528a"",""owner_native_state"":null,""payload"":{""course_id"":""C140"",""edition_id"":""urn:uuid:ff7007a1-4801-53db-a941-92294fb69c8d"",""native_id"":""O006-C140-CMP-MS00"",""ordinal"":21,""unit_id"":""urn:uuid:95c98579-3a9e-5a08-be76-843bdc87a92b""},""record_type"":""course_unit_membership"",""recorded_at"":""2026-09-07T00:00:00Z"",""semantic_key"":""c140:membership:O006-C140-CMP-MS00""}"
tables/course_unit_memberships.jsonl,2,urn:uuid:efb22595-02e6-5a53-85ba-e68273e7134d,course_unit_membership,"{""dataset_id"":""urn:uuid:b4219d4b-d4fb-5842-a22a-3024f6730bef"",""id"":""urn:uuid:efb22595-02e6-5a53-85ba-e68273e7134d"",""normalized_state"":""candidate"",""owner_authority_id"":""urn:uuid:92460950-eecf-5596-88b7-bca9604a528a"",""owner_native_state"":null,""payload"":{""course_id"":""C140"",""edition_id"":""urn:uuid:ff7007a1-4801-53db-a941-92294fb69c8d"",""native_id"":""O006-C140-CMP-CA02"",""ordinal"":35,""unit_id"":""urn:uuid:2a42e5c0-36c6-53dc-b068-2cf00c97ff9a""},""record_type"":""course_unit_membership"",""recorded_at"":""2026-09-07T00:00:00Z"",""semantic_key"":""c140:membership:O006-C140-CMP-CA02""}"
tables/course_unit_memberships.jsonl,29,urn:uuid:f07ed89b-fb72-5c82-9990-b32a0733b359,course_unit_membership,"{""dataset_id"":""urn:uuid:b4219d4b-d4fb-5842-a22a-3024f6730bef"",""id"":""urn:uuid:f07ed89b-fb72-5c82-9990-b32a0733b359"",""normalized_state"":""candidate"",""owner_authority_id"":""urn:uuid:92460950-eecf-5596-88b7-bca9604a528a"",""owner_native_state"":null,""payload"":{""course_id"":""C140"",""edition_id"":""urn:uuid:ff7007a1-4801-53db-a941-92294fb69c8d"",""native_id"":""O006-C140-CMP-MS08"",""ordinal"":29,""unit_id"":""urn:uuid:c743d941-8b2e-551d-9edd-e03bf3f721ca""},""record_type"":""course_unit_membership"",""recorded_at"":""2026-09-07T00:00:00Z"",""semantic_key"":""c140:membership:O006-C140-CMP-MS08""}"
tables/course_unit_memberships.jsonl,13,urn:uuid:f5df7cb6-bb06-5120-90a2-ac733289751d,course_unit_membership,"{""dataset_id"":""urn:uuid:b4219d4b-d4fb-5842-a22a-3024f6730bef"",""id"":""urn:uuid:f5df7cb6-bb06-5120-90a2-ac733289751d"",""normalized_state"":""candidate"",""owner_authority_id"":""urn:uuid:92460950-eecf-5596-88b7-bca9604a528a"",""owner_native_state"":null,""payload"":{""course_id"":""C140"",""edition_id"":""urn:uuid:ff7007a1-4801-53db-a941-92294fb69c8d"",""native_id"":""O006-C140-CMP-D007"",""ordinal"":8,""unit_id"":""urn:uuid:0bdea946-8565-5b3c-8f2e-1bd1835e30d8""},""record_type"":""course_unit_membership"",""recorded_at"":""2026-09-07T00:00:00Z"",""semantic_key"":""c140:membership:O006-C140-CMP-D007""}"
tables/course_unit_memberships.jsonl,12,urn:uuid:f7604a7c-1803-5e37-8283-f7868313e4e9,course_unit_membership,"{""dataset_id"":""urn:uuid:b4219d4b-d4fb-5842-a22a-3024f6730bef"",""id"":""urn:uuid:f7604a7c-1803-5e37-8283-f7868313e4e9"",""normalized_state"":""candidate"",""owner_authority_id"":""urn:uuid:92460950-eecf-5596-88b7-bca9604a528a"",""owner_native_state"":null,""payload"":{""course_id"":""C140"",""edition_id"":""urn:uuid:ff7007a1-4801-53db-a941-92294fb69c8d"",""native_id"":""O006-C140-CMP-D006"",""ordinal"":7,""unit_id"":""urn:uuid:003842dd-f0ce-54ea-9412-bb5c78cc2b55""},""record_type"":""course_unit_membership"",""recorded_at"":""2026-09-07T00:00:00Z"",""semantic_key"":""c140:membership:O006-C140-CMP-D006""}"
tables/datasets.jsonl,1,urn:uuid:b4219d4b-d4fb-5842-a22a-3024f6730bef,dataset,"{""dataset_id"":""urn:uuid:b4219d4b-d4fb-5842-a22a-3024f6730bef"",""id"":""urn:uuid:b4219d4b-d4fb-5842-a22a-3024f6730bef"",""normalized_state"":""candidate"",""owner_authority_id"":""urn:uuid:92460950-eecf-5596-88b7-bca9604a528a"",""owner_native_state"":null,""payload"":{""course_id"":""C140"",""curriculum_role_id"":""C140"",""edition_id"":""urn:uuid:ff7007a1-4801-53db-a941-92294fb69c8d"",""owner_authority_id"":""urn:uuid:92460950-eecf-5596-88b7-bca9604a528a"",""title"":""Statistika Matematis""},""record_type"":""dataset"",""recorded_at"":""2026-09-07T00:00:00Z"",""semantic_key"":""c140:mathematical-statistics:complete-c5""}"
tables/editions.jsonl,1,urn:uuid:ff7007a1-4801-53db-a941-92294fb69c8d,edition,"{""dataset_id"":""urn:uuid:b4219d4b-d4fb-5842-a22a-3024f6730bef"",""id"":""urn:uuid:ff7007a1-4801-53db-a941-92294fb69c8d"",""normalized_state"":""candidate"",""owner_authority_id"":""urn:uuid:92460950-eecf-5596-88b7-bca9604a528a"",""owner_native_state"":null,""payload"":{""authority_facts"":[{""bytes"":8381,""path"":""components/c140-companion/00_control/CURRENT_CURSOR.md"",""path_base"":""owner_package_root"",""role"":""owner_control"",""sha256"":""45af785b7d0d7811ea6ef765c5c946e17007702d88272c4bb83894d5a0b42e9a""},{""bytes"":24928931,""path"":""release/16_C140_COMPANION_C5_SOURCE_BACKEND_DATA_RIGHTS.zip"",""path_base"":""owner_package_root"",""role"":""release_package"",""sha256"":""4de938596957e2116d6292f4a5e493a98212e7f9d1c49de32ae6e57c5b746deb""}],""dataset_id"":""urn:uuid:b4219d4b-d4fb-5842-a22a-3024f6730bef"",""edition_label"":""unversioned"",""source_format"":""Markdown/HTML companion + JSONL/CSV backend""},""record_type"":""edition"",""recorded_at"":""2026-09-07T00:00:00Z"",""semantic_key"":""c140:edition""}"
tables/identity_crosswalks.jsonl,27,urn:uuid:020f23b9-fe2b-5601-9368-f3db7b7730cc,identity_crosswalk,"{""dataset_id"":""urn:uuid:b4219d4b-d4fb-5842-a22a-3024f6730bef"",""id"":""urn:uuid:020f23b9-fe2b-5601-9368-f3db7b7730cc"",""normalized_state"":""candidate"",""owner_authority_id"":""urn:uuid:92460950-eecf-5596-88b7-bca9604a528a"",""owner_native_state"":null,""payload"":{""cardinality"":""one_to_one"",""mapping_state"":""mapped"",""reverse_recipe"":""lookup payload.native_id"",""source_namespace"":""penn-state-stat415/c140-companion"",""source_record_id"":""O006-C140-CMP-MS06"",""source_record_type"":""native_unit"",""target_namespace"":""7790e70a-ae6d-5cf3-b7f5-c53d7d4c0fbd"",""target_record_id"":""urn:uuid:df29d8d8-9e96-57c6-a97f-c82b1919c502"",""target_record_type"":""unit""},""record_type"":""identity_crosswalk"",""recorded_at"":""2026-09-07T00:00:00Z"",""semantic_key"":""c140:crosswalk:O006-C140-CMP-MS06""}"
tables/identity_crosswalks.jsonl,15,urn:uuid:047d2ba5-f439-5f56-bd57-73084df26d95,identity_crosswalk,"{""dataset_id"":""urn:uuid:b4219d4b-d4fb-5842-a22a-3024f6730bef"",""id"":""urn:uuid:047d2ba5-f439-5f56-bd57-73084df26d95"",""normalized_state"":""candidate"",""owner_authority_id"":""urn:uuid:92460950-eecf-5596-88b7-bca9604a528a"",""owner_native_state"":null,""payload"":{""cardinality"":""one_to_one"",""mapping_state"":""mapped"",""reverse_recipe"":""lookup payload.native_id"",""source_namespace"":""penn-state-stat415/c140-companion"",""source_record_id"":""O006-C140-CMP-D009"",""source_record_type"":""native_unit"",""target_namespace"":""7790e70a-ae6d-5cf3-b7f5-c53d7d4c0fbd"",""target_record_id"":""urn:uuid:15c8b898-3278-5d02-bdaf-f89aa7c2356f"",""target_record_type"":""unit""},""record_type"":""identity_crosswalk"",""recorded_at"":""2026-09-07T00:00:00Z"",""semantic_key"":""c140:crosswalk:O006-C140-CMP-D009""}"
tables/identity_crosswalks.jsonl,3,urn:uuid:0ca5d64b-859f-557d-b074-be508f46f961,identity_crosswalk,"{""dataset_id"":""urn:uuid:b4219d4b-d4fb-5842-a22a-3024f6730bef"",""id"":""urn:uuid:0ca5d64b-859f-557d-b074-be508f46f961"",""normalized_state"":""candidate"",""owner_authority_id"":""urn:uuid:92460950-eecf-5596-88b7-bca9604a528a"",""owner_native_state"":null,""payload"":{""cardinality"":""one_to_one"",""mapping_state"":""mapped"",""reverse_recipe"":""lookup payload.native_id"",""source_namespace"":""penn-state-stat415/c140-companion"",""source_record_id"":""O006-C140-CMP-CA03"",""source_record_type"":""native_unit"",""target_namespace"":""7790e70a-ae6d-5cf3-b7f5-c53d7d4c0fbd"",""target_record_id"":""urn:uuid:79cf18b3-8e1c-5a48-9430-cc6bd758b421"",""target_record_type"":""unit""},""record_type"":""identity_crosswalk"",""recorded_at"":""2026-09-07T00:00:00Z"",""semantic_key"":""c140:crosswalk:O006-C140-CMP-CA03""}"
tables/identity_crosswalks.jsonl,5,urn:uuid:0d91d583-9d88-5edb-aa5f-f2472378ba24,identity_crosswalk,"{""dataset_id"":""urn:uuid:b4219d4b-d4fb-5842-a22a-3024f6730bef"",""id"":""urn:uuid:0d91d583-9d88-5edb-aa5f-f2472378ba24"",""normalized_state"":""candidate"",""owner_authority_id"":""urn:uuid:92460950-eecf-5596-88b7-bca9604a528a"",""owner_native_state"":null,""payload"":{""cardinality"":""one_to_one"",""mapping_state"":""mapped"",""reverse_recipe"":""lookup payload.native_id"",""source_namespace"":""penn-state-stat415/c140-companion"",""source_record_id"":""O006-C140-CMP-CP01"",""source_record_type"":""native_unit"",""target_namespace"":""7790e70a-ae6d-5cf3-b7f5-c53d7d4c0fbd"",""target_record_id"":""urn:uuid:7d5708eb-e55b-57d0-a179-a88f95ac1b72"",""target_record_type"":""unit""},""record_type"":""identity_crosswalk"",""recorded_at"":""2026-09-07T00:00:00Z"",""semantic_key"":""c140:crosswalk:O006-C140-CMP-CP01""}"
tables/identity_crosswalks.jsonl,34,urn:uuid:14480c7a-f1dd-580e-84c8-12a69c476ab0,identity_crosswalk,"{""dataset_id"":""urn:uuid:b4219d4b-d4fb-5842-a22a-3024f6730bef"",""id"":""urn:uuid:14480c7a-f1dd-580e-84c8-12a69c476ab0"",""normalized_state"":""candidate"",""owner_authority_id"":""urn:uuid:92460950-eecf-5596-88b7-bca9604a528a"",""owner_native_state"":null,""payload"":{""cardinality"":""one_to_one"",""mapping_state"":""mapped"",""reverse_recipe"":""lookup payload.native_id"",""source_namespace"":""penn-state-stat415/c140-companion"",""source_record_id"":""O006-C140-CMP-SIM001"",""source_record_type"":""native_unit"",""target_namespace"":""7790e70a-ae6d-5cf3-b7f5-c53d7d4c0fbd"",""target_record_id"":""urn:uuid:8d808d1d-8ac1-5c72-b953-743906af875d"",""target_record_type"":""unit""},""record_type"":""identity_crosswalk"",""recorded_at"":""2026-09-07T00:00:00Z"",""semantic_key"":""c140:crosswalk:O006-C140-CMP-SIM001""}"
tables/identity_crosswalks.jsonl,35,urn:uuid:1596c928-d383-5515-9daf-6f82305bcabd,identity_crosswalk,"{""dataset_id"":""urn:uuid:b4219d4b-d4fb-5842-a22a-3024f6730bef"",""id"":""urn:uuid:1596c928-d383-5515-9daf-6f82305bcabd"",""normalized_state"":""candidate"",""owner_authority_id"":""urn:uuid:92460950-eecf-5596-88b7-bca9604a528a"",""owner_native_state"":null,""payload"":{""cardinality"":""one_to_one"",""mapping_state"":""mapped"",""reverse_recipe"":""lookup payload.native_id"",""source_namespace"":""penn-state-stat415/c140-companion"",""source_record_id"":""O006-C140-CMP-SIM002"",""source_record_type"":""native_unit"",""target_namespace"":""7790e70a-ae6d-5cf3-b7f5-c53d7d4c0fbd"",""target_record_id"":""urn:uuid:f7c1c608-6852-5f28-bff1-8a8c2f101410"",""target_record_type"":""unit""},""record_type"":""identity_crosswalk"",""recorded_at"":""2026-09-07T00:00:00Z"",""semantic_key"":""c140:crosswalk:O006-C140-CMP-SIM002""}"
tables/identity_crosswalks.jsonl,38,urn:uuid:1e7e58a7-a759-5a80-aab6-cc2e76573aae,identity_crosswalk,"{""dataset_id"":""urn:uuid:b4219d4b-d4fb-5842-a22a-3024f6730bef"",""id"":""urn:uuid:1e7e58a7-a759-5a80-aab6-cc2e76573aae"",""normalized_state"":""candidate"",""owner_authority_id"":""urn:uuid:92460950-eecf-5596-88b7-bca9604a528a"",""owner_native_state"":null,""payload"":{""cardinality"":""one_to_one"",""mapping_state"":""mapped"",""reverse_recipe"":""lookup payload.native_id"",""source_namespace"":""penn-state-stat415/c140-companion"",""source_record_id"":""O006-C140-CMP-SIM005"",""source_record_type"":""native_unit"",""target_namespace"":""7790e70a-ae6d-5cf3-b7f5-c53d7d4c0fbd"",""target_record_id"":""urn:uuid:3bc78764-62ef-5297-a0e1-794c1b62b071"",""target_record_type"":""unit""},""record_type"":""identity_crosswalk"",""recorded_at"":""2026-09-07T00:00:00Z"",""semantic_key"":""c140:crosswalk:O006-C140-CMP-SIM005""}"
tables/identity_crosswalks.jsonl,21,urn:uuid:25f1ee81-3687-5519-a4a0-1182ebcaf63b,identity_crosswalk,"{""dataset_id"":""urn:uuid:b4219d4b-d4fb-5842-a22a-3024f6730bef"",""id"":""urn:uuid:25f1ee81-3687-5519-a4a0-1182ebcaf63b"",""normalized_state"":""candidate"",""owner_authority_id"":""urn:uuid:92460950-eecf-5596-88b7-bca9604a528a"",""owner_native_state"":null,""payload"":{""cardinality"":""one_to_one"",""mapping_state"":""mapped"",""reverse_recipe"":""lookup payload.native_id"",""source_namespace"":""penn-state-stat415/c140-companion"",""source_record_id"":""O006-C140-CMP-MS00"",""source_record_type"":""native_unit"",""target_namespace"":""7790e70a-ae6d-5cf3-b7f5-c53d7d4c0fbd"",""target_record_id"":""urn:uuid:95c98579-3a9e-5a08-be76-843bdc87a92b"",""target_record_type"":""unit""},""record_type"":""identity_crosswalk"",""recorded_at"":""2026-09-07T00:00:00Z"",""semantic_key"":""c140:crosswalk:O006-C140-CMP-MS00""}"
tables/identity_crosswalks.jsonl,12,urn:uuid:267cfdbd-427c-538e-b408-eb00fd8c6aa8,identity_crosswalk,"{""dataset_id"":""urn:uuid:b4219d4b-d4fb-5842-a22a-3024f6730bef"",""id"":""urn:uuid:267cfdbd-427c-538e-b408-eb00fd8c6aa8"",""normalized_state"":""candidate"",""owner_authority_id"":""urn:uuid:92460950-eecf-5596-88b7-bca9604a528a"",""owner_native_state"":null,""payload"":{""cardinality"":""one_to_one"",""mapping_state"":""mapped"",""reverse_recipe"":""lookup payload.native_id"",""source_namespace"":""penn-state-stat415/c140-companion"",""source_record_id"":""O006-C140-CMP-D006"",""source_record_type"":""native_unit"",""target_namespace"":""7790e70a-ae6d-5cf3-b7f5-c53d7d4c0fbd"",""target_record_id"":""urn:uuid:003842dd-f0ce-54ea-9412-bb5c78cc2b55"",""target_record_type"":""unit""},""record_type"":""identity_crosswalk"",""recorded_at"":""2026-09-07T00:00:00Z"",""semantic_key"":""c140:crosswalk:O006-C140-CMP-D006""}"
tables/identity_crosswalks.jsonl,33,urn:uuid:30d3cbda-bbb7-5498-9387-99dce307e316,identity_crosswalk,"{""dataset_id"":""urn:uuid:b4219d4b-d4fb-5842-a22a-3024f6730bef"",""id"":""urn:uuid:30d3cbda-bbb7-5498-9387-99dce307e316"",""normalized_state"":""candidate"",""owner_authority_id"":""urn:uuid:92460950-eecf-5596-88b7-bca9604a528a"",""owner_native_state"":null,""payload"":{""cardinality"":""one_to_one"",""mapping_state"":""mapped"",""reverse_recipe"":""lookup payload.native_id"",""source_namespace"":""penn-state-stat415/c140-companion"",""source_record_id"":""O006-C140-CMP-MS12"",""source_record_type"":""native_unit"",""target_namespace"":""7790e70a-ae6d-5cf3-b7f5-c53d7d4c0fbd"",""target_record_id"":""urn:uuid:bb5215cb-30e3-5062-8dc1-54cdc1c9912d"",""target_record_type"":""unit""},""record_type"":""identity_crosswalk"",""recorded_at"":""2026-09-07T00:00:00Z"",""semantic_key"":""c140:crosswalk:O006-C140-CMP-MS12""}"
tables/identity_crosswalks.jsonl,31,urn:uuid:34966940-280a-592d-8133-b34f35d1ab2d,identity_crosswalk,"{""dataset_id"":""urn:uuid:b4219d4b-d4fb-5842-a22a-3024f6730bef"",""id"":""urn:uuid:34966940-280a-592d-8133-b34f35d1ab2d"",""normalized_state"":""candidate"",""owner_authority_id"":""urn:uuid:92460950-eecf-5596-88b7-bca9604a528a"",""owner_native_state"":null,""payload"":{""cardinality"":""one_to_one"",""mapping_state"":""mapped"",""reverse_recipe"":""lookup payload.native_id"",""source_namespace"":""penn-state-stat415/c140-companion"",""source_record_id"":""O006-C140-CMP-MS10"",""source_record_type"":""native_unit"",""target_namespace"":""7790e70a-ae6d-5cf3-b7f5-c53d7d4c0fbd"",""target_record_id"":""urn:uuid:3282734e-db98-507a-8517-375a18544fec"",""target_record_type"":""unit""},""record_type"":""identity_crosswalk"",""recorded_at"":""2026-09-07T00:00:00Z"",""semantic_key"":""c140:crosswalk:O006-C140-CMP-MS10""}"
tables/identity_crosswalks.jsonl,37,urn:uuid:47537626-f538-5de7-bfee-bf50e3c0c1b4,identity_crosswalk,"{""dataset_id"":""urn:uuid:b4219d4b-d4fb-5842-a22a-3024f6730bef"",""id"":""urn:uuid:47537626-f538-5de7-bfee-bf50e3c0c1b4"",""normalized_state"":""candidate"",""owner_authority_id"":""urn:uuid:92460950-eecf-5596-88b7-bca9604a528a"",""owner_native_state"":null,""payload"":{""cardinality"":""one_to_one"",""mapping_state"":""mapped"",""reverse_recipe"":""lookup payload.native_id"",""source_namespace"":""penn-state-stat415/c140-companion"",""source_record_id"":""O006-C140-CMP-SIM004"",""source_record_type"":""native_unit"",""target_namespace"":""7790e70a-ae6d-5cf3-b7f5-c53d7d4c0fbd"",""target_record_id"":""urn:uuid:0a176e06-9a15-597e-ad5a-1995dccfd24c"",""target_record_type"":""unit""},""record_type"":""identity_crosswalk"",""recorded_at"":""2026-09-07T00:00:00Z"",""semantic_key"":""c140:crosswalk:O006-C140-CMP-SIM004""}"
tables/identity_crosswalks.jsonl,9,urn:uuid:481dc151-4148-516d-9933-1eb37c83f0eb,identity_crosswalk,"{""dataset_id"":""urn:uuid:b4219d4b-d4fb-5842-a22a-3024f6730bef"",""id"":""urn:uuid:481dc151-4148-516d-9933-1eb37c83f0eb"",""normalized_state"":""candidate"",""owner_authority_id"":""urn:uuid:92460950-eecf-5596-88b7-bca9604a528a"",""owner_native_state"":null,""payload"":{""cardinality"":""one_to_one"",""mapping_state"":""mapped"",""reverse_recipe"":""lookup payload.native_id"",""source_namespace"":""penn-state-stat415/c140-companion"",""source_record_id"":""O006-C140-CMP-D003"",""source_record_type"":""native_unit"",""target_namespace"":""7790e70a-ae6d-5cf3-b7f5-c53d7d4c0fbd"",""target_record_id"":""urn:uuid:d113a082-3610-51e4-abc2-4226599ede95"",""target_record_type"":""unit""},""record_type"":""identity_crosswalk"",""recorded_at"":""2026-09-07T00:00:00Z"",""semantic_key"":""c140:crosswalk:O006-C140-CMP-D003""}"
tables/identity_crosswalks.jsonl,14,urn:uuid:4d2ef568-0e53-5930-ab0f-7d5b13d8c908,identity_crosswalk,"{""dataset_id"":""urn:uuid:b4219d4b-d4fb-5842-a22a-3024f6730bef"",""id"":""urn:uuid:4d2ef568-0e53-5930-ab0f-7d5b13d8c908"",""normalized_state"":""candidate"",""owner_authority_id"":""urn:uuid:92460950-eecf-5596-88b7-bca9604a528a"",""owner_native_state"":null,""payload"":{""cardinality"":""one_to_one"",""mapping_state"":""mapped"",""reverse_recipe"":""lookup payload.native_id"",""source_namespace"":""penn-state-stat415/c140-companion"",""source_record_id"":""O006-C140-CMP-D008"",""source_record_type"":""native_unit"",""target_namespace"":""7790e70a-ae6d-5cf3-b7f5-c53d7d4c0fbd"",""target_record_id"":""urn:uuid:76fff72d-5b28-5276-8a8b-f801eb0544b6"",""target_record_type"":""unit""},""record_type"":""identity_crosswalk"",""recorded_at"":""2026-09-07T00:00:00Z"",""semantic_key"":""c140:crosswalk:O006-C140-CMP-D008""}"
tables/identity_crosswalks.jsonl,30,urn:uuid:4e37d43b-6b31-519e-a8ae-324ba2cc731d,identity_crosswalk,"{""dataset_id"":""urn:uuid:b4219d4b-d4fb-5842-a22a-3024f6730bef"",""id"":""urn:uuid:4e37d43b-6b31-519e-a8ae-324ba2cc731d"",""normalized_state"":""candidate"",""owner_authority_id"":""urn:uuid:92460950-eecf-5596-88b7-bca9604a528a"",""owner_native_state"":null,""payload"":{""cardinality"":""one_to_one"",""mapping_state"":""mapped"",""reverse_recipe"":""lookup payload.native_id"",""source_namespace"":""penn-state-stat415/c140-companion"",""source_record_id"":""O006-C140-CMP-MS09"",""source_record_type"":""native_unit"",""target_namespace"":""7790e70a-ae6d-5cf3-b7f5-c53d7d4c0fbd"",""target_record_id"":""urn:uuid:08f10365-1b28-58cd-9d30-7c535d952c26"",""target_record_type"":""unit""},""record_type"":""identity_crosswalk"",""recorded_at"":""2026-09-07T00:00:00Z"",""semantic_key"":""c140:crosswalk:O006-C140-CMP-MS09""}"
tables/identity_crosswalks.jsonl,13,urn:uuid:5628293a-34a6-59d1-a944-3fa8afffd8ef,identity_crosswalk,"{""dataset_id"":""urn:uuid:b4219d4b-d4fb-5842-a22a-3024f6730bef"",""id"":""urn:uuid:5628293a-34a6-59d1-a944-3fa8afffd8ef"",""normalized_state"":""candidate"",""owner_authority_id"":""urn:uuid:92460950-eecf-5596-88b7-bca9604a528a"",""owner_native_state"":null,""payload"":{""cardinality"":""one_to_one"",""mapping_state"":""mapped"",""reverse_recipe"":""lookup payload.native_id"",""source_namespace"":""penn-state-stat415/c140-companion"",""source_record_id"":""O006-C140-CMP-D007"",""source_record_type"":""native_unit"",""target_namespace"":""7790e70a-ae6d-5cf3-b7f5-c53d7d4c0fbd"",""target_record_id"":""urn:uuid:0bdea946-8565-5b3c-8f2e-1bd1835e30d8"",""target_record_type"":""unit""},""record_type"":""identity_crosswalk"",""recorded_at"":""2026-09-07T00:00:00Z"",""semantic_key"":""c140:crosswalk:O006-C140-CMP-D007""}"
tables/identity_crosswalks.jsonl,11,urn:uuid:5db5780f-6e88-5e49-83d1-d396106c8656,identity_crosswalk,"{""dataset_id"":""urn:uuid:b4219d4b-d4fb-5842-a22a-3024f6730bef"",""id"":""urn:uuid:5db5780f-6e88-5e49-83d1-d396106c8656"",""normalized_state"":""candidate"",""owner_authority_id"":""urn:uuid:92460950-eecf-5596-88b7-bca9604a528a"",""owner_native_state"":null,""payload"":{""cardinality"":""one_to_one"",""mapping_state"":""mapped"",""reverse_recipe"":""lookup payload.native_id"",""source_namespace"":""penn-state-stat415/c140-companion"",""source_record_id"":""O006-C140-CMP-D005"",""source_record_type"":""native_unit"",""target_namespace"":""7790e70a-ae6d-5cf3-b7f5-c53d7d4c0fbd"",""target_record_id"":""urn:uuid:dc26e5c2-5818-52cf-a352-46ea51dbecd2"",""target_record_type"":""unit""},""record_type"":""identity_crosswalk"",""recorded_at"":""2026-09-07T00:00:00Z"",""semantic_key"":""c140:crosswalk:O006-C140-CMP-D005""}"
tables/identity_crosswalks.jsonl,10,urn:uuid:679e7541-28ef-5b9a-98d8-69aa23ecd3c8,identity_crosswalk,"{""dataset_id"":""urn:uuid:b4219d4b-d4fb-5842-a22a-3024f6730bef"",""id"":""urn:uuid:679e7541-28ef-5b9a-98d8-69aa23ecd3c8"",""normalized_state"":""candidate"",""owner_authority_id"":""urn:uuid:92460950-eecf-5596-88b7-bca9604a528a"",""owner_native_state"":null,""payload"":{""cardinality"":""one_to_one"",""mapping_state"":""mapped"",""reverse_recipe"":""lookup payload.native_id"",""source_namespace"":""penn-state-stat415/c140-companion"",""source_record_id"":""O006-C140-CMP-D004"",""source_record_type"":""native_unit"",""target_namespace"":""7790e70a-ae6d-5cf3-b7f5-c53d7d4c0fbd"",""target_record_id"":""urn:uuid:eb531b5e-e7c1-5281-ac3e-cfef9ade2684"",""target_record_type"":""unit""},""record_type"":""identity_crosswalk"",""recorded_at"":""2026-09-07T00:00:00Z"",""semantic_key"":""c140:crosswalk:O006-C140-CMP-D004""}"
tables/identity_crosswalks.jsonl,17,urn:uuid:6bf447c6-fa71-5d0c-9ec9-33e0958f2291,identity_crosswalk,"{""dataset_id"":""urn:uuid:b4219d4b-d4fb-5842-a22a-3024f6730bef"",""id"":""urn:uuid:6bf447c6-fa71-5d0c-9ec9-33e0958f2291"",""normalized_state"":""candidate"",""owner_authority_id"":""urn:uuid:92460950-eecf-5596-88b7-bca9604a528a"",""owner_native_state"":null,""payload"":{""cardinality"":""one_to_one"",""mapping_state"":""mapped"",""reverse_recipe"":""lookup payload.native_id"",""source_namespace"":""penn-state-stat415/c140-companion"",""source_record_id"":""O006-C140-CMP-D011"",""source_record_type"":""native_unit"",""target_namespace"":""7790e70a-ae6d-5cf3-b7f5-c53d7d4c0fbd"",""target_record_id"":""urn:uuid:de29cc54-c9c8-5744-a51c-a425f0cc2f8d"",""target_record_type"":""unit""},""record_type"":""identity_crosswalk"",""recorded_at"":""2026-09-07T00:00:00Z"",""semantic_key"":""c140:crosswalk:O006-C140-CMP-D011""}"
tables/identity_crosswalks.jsonl,24,urn:uuid:6f2c85a0-f586-5258-a5db-23a2fa7b0bda,identity_crosswalk,"{""dataset_id"":""urn:uuid:b4219d4b-d4fb-5842-a22a-3024f6730bef"",""id"":""urn:uuid:6f2c85a0-f586-5258-a5db-23a2fa7b0bda"",""normalized_state"":""candidate"",""owner_authority_id"":""urn:uuid:92460950-eecf-5596-88b7-bca9604a528a"",""owner_native_state"":null,""payload"":{""cardinality"":""one_to_one"",""mapping_state"":""mapped"",""reverse_recipe"":""lookup payload.native_id"",""source_namespace"":""penn-state-stat415/c140-companion"",""source_record_id"":""O006-C140-CMP-MS03"",""source_record_type"":""native_unit"",""target_namespace"":""7790e70a-ae6d-5cf3-b7f5-c53d7d4c0fbd"",""target_record_id"":""urn:uuid:77b4d818-65a5-568e-a8a8-3e27b4723303"",""target_record_type"":""unit""},""record_type"":""identity_crosswalk"",""recorded_at"":""2026-09-07T00:00:00Z"",""semantic_key"":""c140:crosswalk:O006-C140-CMP-MS03""}"
tables/identity_crosswalks.jsonl,6,urn:uuid:81b2b1db-5805-5baa-868b-99681d488ce9,identity_crosswalk,"{""dataset_id"":""urn:uuid:b4219d4b-d4fb-5842-a22a-3024f6730bef"",""id"":""urn:uuid:81b2b1db-5805-5baa-868b-99681d488ce9"",""normalized_state"":""candidate"",""owner_authority_id"":""urn:uuid:92460950-eecf-5596-88b7-bca9604a528a"",""owner_native_state"":null,""payload"":{""cardinality"":""one_to_one"",""mapping_state"":""mapped"",""reverse_recipe"":""lookup payload.native_id"",""source_namespace"":""penn-state-stat415/c140-companion"",""source_record_id"":""O006-C140-CMP-CP02"",""source_record_type"":""native_unit"",""target_namespace"":""7790e70a-ae6d-5cf3-b7f5-c53d7d4c0fbd"",""target_record_id"":""urn:uuid:405d1c9d-31df-583e-94f2-600761d2177f"",""target_record_type"":""unit""},""record_type"":""identity_crosswalk"",""recorded_at"":""2026-09-07T00:00:00Z"",""semantic_key"":""c140:crosswalk:O006-C140-CMP-CP02""}"
tables/identity_crosswalks.jsonl,23,urn:uuid:839fd784-2072-51b0-9b26-d7751a0087cd,identity_crosswalk,"{""dataset_id"":""urn:uuid:b4219d4b-d4fb-5842-a22a-3024f6730bef"",""id"":""urn:uuid:839fd784-2072-51b0-9b26-d7751a0087cd"",""normalized_state"":""candidate"",""owner_authority_id"":""urn:uuid:92460950-eecf-5596-88b7-bca9604a528a"",""owner_native_state"":null,""payload"":{""cardinality"":""one_to_one"",""mapping_state"":""mapped"",""reverse_recipe"":""lookup payload.native_id"",""source_namespace"":""penn-state-stat415/c140-companion"",""source_record_id"":""O006-C140-CMP-MS02"",""source_record_type"":""native_unit"",""target_namespace"":""7790e70a-ae6d-5cf3-b7f5-c53d7d4c0fbd"",""target_record_id"":""urn:uuid:7a6c88eb-6ebf-5295-9523-791f55a10774"",""target_record_type"":""unit""},""record_type"":""identity_crosswalk"",""recorded_at"":""2026-09-07T00:00:00Z"",""semantic_key"":""c140:crosswalk:O006-C140-CMP-MS02""}"
tables/identity_crosswalks.jsonl,4,urn:uuid:89a30a08-676a-57ed-86e1-332d9911c9b3,identity_crosswalk,"{""dataset_id"":""urn:uuid:b4219d4b-d4fb-5842-a22a-3024f6730bef"",""id"":""urn:uuid:89a30a08-676a-57ed-86e1-332d9911c9b3"",""normalized_state"":""candidate"",""owner_authority_id"":""urn:uuid:92460950-eecf-5596-88b7-bca9604a528a"",""owner_native_state"":null,""payload"":{""cardinality"":""one_to_one"",""mapping_state"":""mapped"",""reverse_recipe"":""lookup payload.native_id"",""source_namespace"":""penn-state-stat415/c140-companion"",""source_record_id"":""O006-C140-CMP-CA04"",""source_record_type"":""native_unit"",""target_namespace"":""7790e70a-ae6d-5cf3-b7f5-c53d7d4c0fbd"",""target_record_id"":""urn:uuid:7462028d-3064-51a0-a615-31c34011e062"",""target_record_type"":""unit""},""record_type"":""identity_crosswalk"",""recorded_at"":""2026-09-07T00:00:00Z"",""semantic_key"":""c140:crosswalk:O006-C140-CMP-CA04""}"
tables/identity_crosswalks.jsonl,7,urn:uuid:8b3c77ba-a7eb-541f-bfa1-d8bec21a77cf,identity_crosswalk,"{""dataset_id"":""urn:uuid:b4219d4b-d4fb-5842-a22a-3024f6730bef"",""id"":""urn:uuid:8b3c77ba-a7eb-541f-bfa1-d8bec21a77cf"",""normalized_state"":""candidate"",""owner_authority_id"":""urn:uuid:92460950-eecf-5596-88b7-bca9604a528a"",""owner_native_state"":null,""payload"":{""cardinality"":""one_to_one"",""mapping_state"":""mapped"",""reverse_recipe"":""lookup payload.native_id"",""source_namespace"":""penn-state-stat415/c140-companion"",""source_record_id"":""O006-C140-CMP-D001"",""source_record_type"":""native_unit"",""target_namespace"":""7790e70a-ae6d-5cf3-b7f5-c53d7d4c0fbd"",""target_record_id"":""urn:uuid:1ec03fa6-8d94-5f1a-9ac3-6c7034cd7824"",""target_record_type"":""unit""},""record_type"":""identity_crosswalk"",""recorded_at"":""2026-09-07T00:00:00Z"",""semantic_key"":""c140:crosswalk:O006-C140-CMP-D001""}"
tables/identity_crosswalks.jsonl,22,urn:uuid:9dc27774-5e35-5b0a-8a2e-a7f84264175c,identity_crosswalk,"{""dataset_id"":""urn:uuid:b4219d4b-d4fb-5842-a22a-3024f6730bef"",""id"":""urn:uuid:9dc27774-5e35-5b0a-8a2e-a7f84264175c"",""normalized_state"":""candidate"",""owner_authority_id"":""urn:uuid:92460950-eecf-5596-88b7-bca9604a528a"",""owner_native_state"":null,""payload"":{""cardinality"":""one_to_one"",""mapping_state"":""mapped"",""reverse_recipe"":""lookup payload.native_id"",""source_namespace"":""penn-state-stat415/c140-companion"",""source_record_id"":""O006-C140-CMP-MS01"",""source_record_type"":""native_unit"",""target_namespace"":""7790e70a-ae6d-5cf3-b7f5-c53d7d4c0fbd"",""target_record_id"":""urn:uuid:3bcbe3f2-79e1-54eb-b48a-04cea3264623"",""target_record_type"":""unit""},""record_type"":""identity_crosswalk"",""recorded_at"":""2026-09-07T00:00:00Z"",""semantic_key"":""c140:crosswalk:O006-C140-CMP-MS01""}"
tables/identity_crosswalks.jsonl,8,urn:uuid:9ee10eab-f869-5656-8322-baf29393110c,identity_crosswalk,"{""dataset_id"":""urn:uuid:b4219d4b-d4fb-5842-a22a-3024f6730bef"",""id"":""urn:uuid:9ee10eab-f869-5656-8322-baf29393110c"",""normalized_state"":""candidate"",""owner_authority_id"":""urn:uuid:92460950-eecf-5596-88b7-bca9604a528a"",""owner_native_state"":null,""payload"":{""cardinality"":""one_to_one"",""mapping_state"":""mapped"",""reverse_recipe"":""lookup payload.native_id"",""source_namespace"":""penn-state-stat415/c140-companion"",""source_record_id"":""O006-C140-CMP-D002"",""source_record_type"":""native_unit"",""target_namespace"":""7790e70a-ae6d-5cf3-b7f5-c53d7d4c0fbd"",""target_record_id"":""urn:uuid:f82810e1-e89a-56ad-ab4f-505a9a696695"",""target_record_type"":""unit""},""record_type"":""identity_crosswalk"",""recorded_at"":""2026-09-07T00:00:00Z"",""semantic_key"":""c140:crosswalk:O006-C140-CMP-D002""}"
tables/identity_crosswalks.jsonl,26,urn:uuid:a8d3ac0f-46f8-5e10-bd26-90934d498213,identity_crosswalk,"{""dataset_id"":""urn:uuid:b4219d4b-d4fb-5842-a22a-3024f6730bef"",""id"":""urn:uuid:a8d3ac0f-46f8-5e10-bd26-90934d498213"",""normalized_state"":""candidate"",""owner_authority_id"":""urn:uuid:92460950-eecf-5596-88b7-bca9604a528a"",""owner_native_state"":null,""payload"":{""cardinality"":""one_to_one"",""mapping_state"":""mapped"",""reverse_recipe"":""lookup payload.native_id"",""source_namespace"":""penn-state-stat415/c140-companion"",""source_record_id"":""O006-C140-CMP-MS05"",""source_record_type"":""native_unit"",""target_namespace"":""7790e70a-ae6d-5cf3-b7f5-c53d7d4c0fbd"",""target_record_id"":""urn:uuid:c00ddf02-d6ec-5a9c-a88c-13849619cd03"",""target_record_type"":""unit""},""record_type"":""identity_crosswalk"",""recorded_at"":""2026-09-07T00:00:00Z"",""semantic_key"":""c140:crosswalk:O006-C140-CMP-MS05""}"
tables/identity_crosswalks.jsonl,28,urn:uuid:af13ba7c-0cdf-5f95-b2b4-4080140a8c4a,identity_crosswalk,"{""dataset_id"":""urn:uuid:b4219d4b-d4fb-5842-a22a-3024f6730bef"",""id"":""urn:uuid:af13ba7c-0cdf-5f95-b2b4-4080140a8c4a"",""normalized_state"":""candidate"",""owner_authority_id"":""urn:uuid:92460950-eecf-5596-88b7-bca9604a528a"",""owner_native_state"":null,""payload"":{""cardinality"":""one_to_one"",""mapping_state"":""mapped"",""reverse_recipe"":""lookup payload.native_id"",""source_namespace"":""penn-state-stat415/c140-companion"",""source_record_id"":""O006-C140-CMP-MS07"",""source_record_type"":""native_unit"",""target_namespace"":""7790e70a-ae6d-5cf3-b7f5-c53d7d4c0fbd"",""target_record_id"":""urn:uuid:342ec3de-3b84-588a-a81a-32c9b4cd5618"",""target_record_type"":""unit""},""record_type"":""identity_crosswalk"",""recorded_at"":""2026-09-07T00:00:00Z"",""semantic_key"":""c140:crosswalk:O006-C140-CMP-MS07""}"
tables/identity_crosswalks.jsonl,39,urn:uuid:b3ae2259-d65b-5aee-ae17-563144343c9c,identity_crosswalk,"{""dataset_id"":""urn:uuid:b4219d4b-d4fb-5842-a22a-3024f6730bef"",""id"":""urn:uuid:b3ae2259-d65b-5aee-ae17-563144343c9c"",""normalized_state"":""candidate"",""owner_authority_id"":""urn:uuid:92460950-eecf-5596-88b7-bca9604a528a"",""owner_native_state"":null,""payload"":{""cardinality"":""one_to_one"",""mapping_state"":""mapped"",""reverse_recipe"":""lookup payload.native_id"",""source_namespace"":""penn-state-stat415/c140-companion"",""source_record_id"":""O006-C140-CMP-SIM006"",""source_record_type"":""native_unit"",""target_namespace"":""7790e70a-ae6d-5cf3-b7f5-c53d7d4c0fbd"",""target_record_id"":""urn:uuid:138c17ab-ce56-518a-896a-1f4e7f5e9378"",""target_record_type"":""unit""},""record_type"":""identity_crosswalk"",""recorded_at"":""2026-09-07T00:00:00Z"",""semantic_key"":""c140:crosswalk:O006-C140-CMP-SIM006""}"
tables/identity_crosswalks.jsonl,32,urn:uuid:b45ba411-a6f5-5d6f-a29d-654d9f31d1ac,identity_crosswalk,"{""dataset_id"":""urn:uuid:b4219d4b-d4fb-5842-a22a-3024f6730bef"",""id"":""urn:uuid:b45ba411-a6f5-5d6f-a29d-654d9f31d1ac"",""normalized_state"":""candidate"",""owner_authority_id"":""urn:uuid:92460950-eecf-5596-88b7-bca9604a528a"",""owner_native_state"":null,""payload"":{""cardinality"":""one_to_one"",""mapping_state"":""mapped"",""reverse_recipe"":""lookup payload.native_id"",""source_namespace"":""penn-state-stat415/c140-companion"",""source_record_id"":""O006-C140-CMP-MS11"",""source_record_type"":""native_unit"",""target_namespace"":""7790e70a-ae6d-5cf3-b7f5-c53d7d4c0fbd"",""target_record_id"":""urn:uuid:4283fd82-324e-59d2-af13-0e7d8facbbd5"",""target_record_type"":""unit""},""record_type"":""identity_crosswalk"",""recorded_at"":""2026-09-07T00:00:00Z"",""semantic_key"":""c140:crosswalk:O006-C140-CMP-MS11""}"
tables/identity_crosswalks.jsonl,25,urn:uuid:b8325a0a-a437-57ea-b551-7e85c29bd2d3,identity_crosswalk,"{""dataset_id"":""urn:uuid:b4219d4b-d4fb-5842-a22a-3024f6730bef"",""id"":""urn:uuid:b8325a0a-a437-57ea-b551-7e85c29bd2d3"",""normalized_state"":""candidate"",""owner_authority_id"":""urn:uuid:92460950-eecf-5596-88b7-bca9604a528a"",""owner_native_state"":null,""payload"":{""cardinality"":""one_to_one"",""mapping_state"":""mapped"",""reverse_recipe"":""lookup payload.native_id"",""source_namespace"":""penn-state-stat415/c140-companion"",""source_record_id"":""O006-C140-CMP-MS04"",""source_record_type"":""native_unit"",""target_namespace"":""7790e70a-ae6d-5cf3-b7f5-c53d7d4c0fbd"",""target_record_id"":""urn:uuid:5a05b574-6fcc-58cc-b73e-1c1d38c7c7cd"",""target_record_type"":""unit""},""record_type"":""identity_crosswalk"",""recorded_at"":""2026-09-07T00:00:00Z"",""semantic_key"":""c140:crosswalk:O006-C140-CMP-MS04""}"
tables/identity_crosswalks.jsonl,29,urn:uuid:cadd8b34-4e83-5742-b8f5-5f578462604b,identity_crosswalk,"{""dataset_id"":""urn:uuid:b4219d4b-d4fb-5842-a22a-3024f6730bef"",""id"":""urn:uuid:cadd8b34-4e83-5742-b8f5-5f578462604b"",""normalized_state"":""candidate"",""owner_authority_id"":""urn:uuid:92460950-eecf-5596-88b7-bca9604a528a"",""owner_native_state"":null,""payload"":{""cardinality"":""one_to_one"",""mapping_state"":""mapped"",""reverse_recipe"":""lookup payload.native_id"",""source_namespace"":""penn-state-stat415/c140-companion"",""source_record_id"":""O006-C140-CMP-MS08"",""source_record_type"":""native_unit"",""target_namespace"":""7790e70a-ae6d-5cf3-b7f5-c53d7d4c0fbd"",""target_record_id"":""urn:uuid:c743d941-8b2e-551d-9edd-e03bf3f721ca"",""target_record_type"":""unit""},""record_type"":""identity_crosswalk"",""recorded_at"":""2026-09-07T00:00:00Z"",""semantic_key"":""c140:crosswalk:O006-C140-CMP-MS08""}"
tables/identity_crosswalks.jsonl,2,urn:uuid:caf9171d-4a71-5aa6-ab4c-23b2bcc0616e,identity_crosswalk,"{""dataset_id"":""urn:uuid:b4219d4b-d4fb-5842-a22a-3024f6730bef"",""id"":""urn:uuid:caf9171d-4a71-5aa6-ab4c-23b2bcc0616e"",""normalized_state"":""candidate"",""owner_authority_id"":""urn:uuid:92460950-eecf-5596-88b7-bca9604a528a"",""owner_native_state"":null,""payload"":{""cardinality"":""one_to_one"",""mapping_state"":""mapped"",""reverse_recipe"":""lookup payload.native_id"",""source_namespace"":""penn-state-stat415/c140-companion"",""source_record_id"":""O006-C140-CMP-CA02"",""source_record_type"":""native_unit"",""target_namespace"":""7790e70a-ae6d-5cf3-b7f5-c53d7d4c0fbd"",""target_record_id"":""urn:uuid:2a42e5c0-36c6-53dc-b068-2cf00c97ff9a"",""target_record_type"":""unit""},""record_type"":""identity_crosswalk"",""recorded_at"":""2026-09-07T00:00:00Z"",""semantic_key"":""c140:crosswalk:O006-C140-CMP-CA02""}"
tables/identity_crosswalks.jsonl,16,urn:uuid:d12c9e55-7d2a-5449-b88a-589abb930264,identity_crosswalk,"{""dataset_id"":""urn:uuid:b4219d4b-d4fb-5842-a22a-3024f6730bef"",""id"":""urn:uuid:d12c9e55-7d2a-5449-b88a-589abb930264"",""normalized_state"":""candidate"",""owner_authority_id"":""urn:uuid:92460950-eecf-5596-88b7-bca9604a528a"",""owner_native_state"":null,""payload"":{""cardinality"":""one_to_one"",""mapping_state"":""mapped"",""reverse_recipe"":""lookup payload.native_id"",""source_namespace"":""penn-state-stat415/c140-companion"",""source_record_id"":""O006-C140-CMP-D010"",""source_record_type"":""native_unit"",""target_namespace"":""7790e70a-ae6d-5cf3-b7f5-c53d7d4c0fbd"",""target_record_id"":""urn:uuid:620a3754-3854-56a2-9070-7aad5018d722"",""target_record_type"":""unit""},""record_type"":""identity_crosswalk"",""recorded_at"":""2026-09-07T00:00:00Z"",""semantic_key"":""c140:crosswalk:O006-C140-CMP-D010""}"
tables/identity_crosswalks.jsonl,1,urn:uuid:d9dfa5d2-2b99-58ec-a050-a972cb4fe92f,identity_crosswalk,"{""dataset_id"":""urn:uuid:b4219d4b-d4fb-5842-a22a-3024f6730bef"",""id"":""urn:uuid:d9dfa5d2-2b99-58ec-a050-a972cb4fe92f"",""normalized_state"":""candidate"",""owner_authority_id"":""urn:uuid:92460950-eecf-5596-88b7-bca9604a528a"",""owner_native_state"":null,""payload"":{""cardinality"":""one_to_one"",""mapping_state"":""mapped"",""reverse_recipe"":""lookup payload.native_id"",""source_namespace"":""penn-state-stat415/c140-companion"",""source_record_id"":""O006-C140-CMP-CA01"",""source_record_type"":""native_unit"",""target_namespace"":""7790e70a-ae6d-5cf3-b7f5-c53d7d4c0fbd"",""target_record_id"":""urn:uuid:fafa9547-e903-57db-ac22-56110a49f717"",""target_record_type"":""unit""},""record_type"":""identity_crosswalk"",""recorded_at"":""2026-09-07T00:00:00Z"",""semantic_key"":""c140:crosswalk:O006-C140-CMP-CA01""}"
tables/identity_crosswalks.jsonl,18,urn:uuid:e9e41821-2612-5bd5-ac21-04d18eae8f02,identity_crosswalk,"{""dataset_id"":""urn:uuid:b4219d4b-d4fb-5842-a22a-3024f6730bef"",""id"":""urn:uuid:e9e41821-2612-5bd5-ac21-04d18eae8f02"",""normalized_state"":""candidate"",""owner_authority_id"":""urn:uuid:92460950-eecf-5596-88b7-bca9604a528a"",""owner_native_state"":null,""payload"":{""cardinality"":""one_to_one"",""mapping_state"":""mapped"",""reverse_recipe"":""lookup payload.native_id"",""source_namespace"":""penn-state-stat415/c140-companion"",""source_record_id"":""O006-C140-CMP-D012"",""source_record_type"":""native_unit"",""target_namespace"":""7790e70a-ae6d-5cf3-b7f5-c53d7d4c0fbd"",""target_record_id"":""urn:uuid:d962893b-33f3-59e6-82ec-3675582ba3b5"",""target_record_type"":""unit""},""record_type"":""identity_crosswalk"",""recorded_at"":""2026-09-07T00:00:00Z"",""semantic_key"":""c140:crosswalk:O006-C140-CMP-D012""}"
tables/identity_crosswalks.jsonl,20,urn:uuid:f3f709da-0ba9-500b-9604-0cd1d89181ca,identity_crosswalk,"{""dataset_id"":""urn:uuid:b4219d4b-d4fb-5842-a22a-3024f6730bef"",""id"":""urn:uuid:f3f709da-0ba9-500b-9604-0cd1d89181ca"",""normalized_state"":""candidate"",""owner_authority_id"":""urn:uuid:92460950-eecf-5596-88b7-bca9604a528a"",""owner_native_state"":null,""payload"":{""cardinality"":""one_to_one"",""mapping_state"":""mapped"",""reverse_recipe"":""lookup payload.native_id"",""source_namespace"":""penn-state-stat415/c140-companion"",""source_record_id"":""O006-C140-CMP-INDEX"",""source_record_type"":""native_unit"",""target_namespace"":""7790e70a-ae6d-5cf3-b7f5-c53d7d4c0fbd"",""target_record_id"":""urn:uuid:cea4f380-c2e0-57d4-9530-25b53ffc2cab"",""target_record_type"":""unit""},""record_type"":""identity_crosswalk"",""recorded_at"":""2026-09-07T00:00:00Z"",""semantic_key"":""c140:crosswalk:O006-C140-CMP-INDEX""}"
tables/identity_crosswalks.jsonl,36,urn:uuid:fd2b30e2-752c-5ca3-b3f5-fcd3447d35d5,identity_crosswalk,"{""dataset_id"":""urn:uuid:b4219d4b-d4fb-5842-a22a-3024f6730bef"",""id"":""urn:uuid:fd2b30e2-752c-5ca3-b3f5-fcd3447d35d5"",""normalized_state"":""candidate"",""owner_authority_id"":""urn:uuid:92460950-eecf-5596-88b7-bca9604a528a"",""owner_native_state"":null,""payload"":{""cardinality"":""one_to_one"",""mapping_state"":""mapped"",""reverse_recipe"":""lookup payload.native_id"",""source_namespace"":""penn-state-stat415/c140-companion"",""source_record_id"":""O006-C140-CMP-SIM003"",""source_record_type"":""native_unit"",""target_namespace"":""7790e70a-ae6d-5cf3-b7f5-c53d7d4c0fbd"",""target_record_id"":""urn:uuid:4f125b66-d965-501e-bdea-72bc728426f9"",""target_record_type"":""unit""},""record_type"":""identity_crosswalk"",""recorded_at"":""2026-09-07T00:00:00Z"",""semantic_key"":""c140:crosswalk:O006-C140-CMP-SIM003""}"
tables/identity_crosswalks.jsonl,19,urn:uuid:fd61e871-ce96-5c79-b39b-893a936001ab,identity_crosswalk,"{""dataset_id"":""urn:uuid:b4219d4b-d4fb-5842-a22a-3024f6730bef"",""id"":""urn:uuid:fd61e871-ce96-5c79-b39b-893a936001ab"",""normalized_state"":""candidate"",""owner_authority_id"":""urn:uuid:92460950-eecf-5596-88b7-bca9604a528a"",""owner_native_state"":null,""payload"":{""cardinality"":""one_to_one"",""mapping_state"":""mapped"",""reverse_recipe"":""lookup payload.native_id"",""source_namespace"":""penn-state-stat415/c140-companion"",""source_record_id"":""O006-C140-CMP-D013"",""source_record_type"":""native_unit"",""target_namespace"":""7790e70a-ae6d-5cf3-b7f5-c53d7d4c0fbd"",""target_record_id"":""urn:uuid:115f20d9-6f5e-5df3-b96d-95a94f60f88a"",""target_record_type"":""unit""},""record_type"":""identity_crosswalk"",""recorded_at"":""2026-09-07T00:00:00Z"",""semantic_key"":""c140:crosswalk:O006-C140-CMP-D013""}"
tables/native_bindings.jsonl,38,urn:uuid:171e6bae-0181-5ade-bea8-189eff7fceb7,native_binding,"{""dataset_id"":""urn:uuid:b4219d4b-d4fb-5842-a22a-3024f6730bef"",""id"":""urn:uuid:171e6bae-0181-5ade-bea8-189eff7fceb7"",""normalized_state"":""candidate"",""owner_authority_id"":""urn:uuid:92460950-eecf-5596-88b7-bca9604a528a"",""owner_native_state"":null,""payload"":{""body_prose_copied"":false,""native_bytes"":6046,""native_path"":""components/c140-companion/source/id-ID/simulations/O006-C140-CMP-SIM005.md"",""native_record_id"":""O006-C140-CMP-SIM005"",""native_sha256"":""6653aa9152f9283a878ef370f923246c096996e7976ecc6ab4736d7bb6516590"",""owner_id_preserved"":true,""projected_record_id"":""urn:uuid:3bc78764-62ef-5297-a0e1-794c1b62b071"",""source_namespace"":""penn-state-stat415/c140-companion""},""record_type"":""native_binding"",""recorded_at"":""2026-09-07T00:00:00Z"",""semantic_key"":""c140:native-binding:O006-C140-CMP-SIM005""}"
tables/native_bindings.jsonl,7,urn:uuid:1bc9ea7b-b55e-57e9-b350-d17d4fae06f8,native_binding,"{""dataset_id"":""urn:uuid:b4219d4b-d4fb-5842-a22a-3024f6730bef"",""id"":""urn:uuid:1bc9ea7b-b55e-57e9-b350-d17d4fae06f8"",""normalized_state"":""candidate"",""owner_authority_id"":""urn:uuid:92460950-eecf-5596-88b7-bca9604a528a"",""owner_native_state"":null,""payload"":{""body_prose_copied"":false,""native_bytes"":18813,""native_path"":""components/c140-companion/source/id-ID/theory/O006-C140-CMP-D001.md"",""native_record_id"":""O006-C140-CMP-D001"",""native_sha256"":""6917db77f0f01dcf05e7f049c1811a572367a136c50a7806e67b947b4f2c3ef4"",""owner_id_preserved"":true,""projected_record_id"":""urn:uuid:1ec03fa6-8d94-5f1a-9ac3-6c7034cd7824"",""source_namespace"":""penn-state-stat415/c140-companion""},""record_type"":""native_binding"",""recorded_at"":""2026-09-07T00:00:00Z"",""semantic_key"":""c140:native-binding:O006-C140-CMP-D001""}"
tables/native_bindings.jsonl,34,urn:uuid:23230976-c9ba-56d4-8aae-57e250ae6fa9,native_binding,"{""dataset_id"":""urn:uuid:b4219d4b-d4fb-5842-a22a-3024f6730bef"",""id"":""urn:uuid:23230976-c9ba-56d4-8aae-57e250ae6fa9"",""normalized_state"":""candidate"",""owner_authority_id"":""urn:uuid:92460950-eecf-5596-88b7-bca9604a528a"",""owner_native_state"":null,""payload"":{""body_prose_copied"":false,""native_bytes"":3114,""native_path"":""components/c140-companion/source/id-ID/simulations/O006-C140-CMP-SIM001.md"",""native_record_id"":""O006-C140-CMP-SIM001"",""native_sha256"":""935333063d2231dbbedae1751a0f8748b41e76f0d1e294f0e481d649cb94da3e"",""owner_id_preserved"":true,""projected_record_id"":""urn:uuid:8d808d1d-8ac1-5c72-b953-743906af875d"",""source_namespace"":""penn-state-stat415/c140-companion""},""record_type"":""native_binding"",""recorded_at"":""2026-09-07T00:00:00Z"",""semantic_key"":""c140:native-binding:O006-C140-CMP-SIM001""}"
tables/native_bindings.jsonl,15,urn:uuid:23b66af5-fe6c-59dd-af6c-498d54af510a,native_binding,"{""dataset_id"":""urn:uuid:b4219d4b-d4fb-5842-a22a-3024f6730bef"",""id"":""urn:uuid:23b66af5-fe6c-59dd-af6c-498d54af510a"",""normalized_state"":""candidate"",""owner_authority_id"":""urn:uuid:92460950-eecf-5596-88b7-bca9604a528a"",""owner_native_state"":null,""payload"":{""body_prose_copied"":false,""native_bytes"":23747,""native_path"":""components/c140-companion/source/id-ID/theory/O006-C140-CMP-D009.md"",""native_record_id"":""O006-C140-CMP-D009"",""native_sha256"":""2dca4321b3b39dd778c3d6c8572ea1eb43065810b4c0a6ebddff5cf999f2a170"",""owner_id_preserved"":true,""projected_record_id"":""urn:uuid:15c8b898-3278-5d02-bdaf-f89aa7c2356f"",""source_namespace"":""penn-state-stat415/c140-companion""},""record_type"":""native_binding"",""recorded_at"":""2026-09-07T00:00:00Z"",""semantic_key"":""c140:native-binding:O006-C140-CMP-D009""}"
tables/native_bindings.jsonl,11,urn:uuid:259c6a56-7bdf-5921-b302-9dd8555f6b18,native_binding,"{""dataset_id"":""urn:uuid:b4219d4b-d4fb-5842-a22a-3024f6730bef"",""id"":""urn:uuid:259c6a56-7bdf-5921-b302-9dd8555f6b18"",""normalized_state"":""candidate"",""owner_authority_id"":""urn:uuid:92460950-eecf-5596-88b7-bca9604a528a"",""owner_native_state"":null,""payload"":{""body_prose_copied"":false,""native_bytes"":23803,""native_path"":""components/c140-companion/source/id-ID/theory/O006-C140-CMP-D005.md"",""native_record_id"":""O006-C140-CMP-D005"",""native_sha256"":""de78122a8f26a40ea56b2d8d9a7728c05c0da5c8a3e7f4d63a020de8a5e17401"",""owner_id_preserved"":true,""projected_record_id"":""urn:uuid:dc26e5c2-5818-52cf-a352-46ea51dbecd2"",""source_namespace"":""penn-state-stat415/c140-companion""},""record_type"":""native_binding"",""recorded_at"":""2026-09-07T00:00:00Z"",""semantic_key"":""c140:native-binding:O006-C140-CMP-D005""}"
tables/native_bindings.jsonl,37,urn:uuid:296d73d3-7cc8-59c8-9137-f4d92204b14f,native_binding,"{""dataset_id"":""urn:uuid:b4219d4b-d4fb-5842-a22a-3024f6730bef"",""id"":""urn:uuid:296d73d3-7cc8-59c8-9137-f4d92204b14f"",""normalized_state"":""candidate"",""owner_authority_id"":""urn:uuid:92460950-eecf-5596-88b7-bca9604a528a"",""owner_native_state"":null,""payload"":{""body_prose_copied"":false,""native_bytes"":2432,""native_path"":""components/c140-companion/source/id-ID/simulations/O006-C140-CMP-SIM004.md"",""native_record_id"":""O006-C140-CMP-SIM004"",""native_sha256"":""6dbfa188e0f6057b8d5bdcb42b6d715da625f1e43cca6e718b20a85f97b69e3c"",""owner_id_preserved"":true,""projected_record_id"":""urn:uuid:0a176e06-9a15-597e-ad5a-1995dccfd24c"",""source_namespace"":""penn-state-stat415/c140-companion""},""record_type"":""native_binding"",""recorded_at"":""2026-09-07T00:00:00Z"",""semantic_key"":""c140:native-binding:O006-C140-CMP-SIM004""}"
tables/native_bindings.jsonl,12,urn:uuid:29b7f8b6-500d-50a6-92de-6ae7192e3056,native_binding,"{""dataset_id"":""urn:uuid:b4219d4b-d4fb-5842-a22a-3024f6730bef"",""id"":""urn:uuid:29b7f8b6-500d-50a6-92de-6ae7192e3056"",""normalized_state"":""candidate"",""owner_authority_id"":""urn:uuid:92460950-eecf-5596-88b7-bca9604a528a"",""owner_native_state"":null,""payload"":{""body_prose_copied"":false,""native_bytes"":17368,""native_path"":""components/c140-companion/source/id-ID/theory/O006-C140-CMP-D006.md"",""native_record_id"":""O006-C140-CMP-D006"",""native_sha256"":""30f192bdaff1dd0842ccbc7c69b04e8ddf8f4371d73d5ee9a47b3a4285fc966c"",""owner_id_preserved"":true,""projected_record_id"":""urn:uuid:003842dd-f0ce-54ea-9412-bb5c78cc2b55"",""source_namespace"":""penn-state-stat415/c140-companion""},""record_type"":""native_binding"",""recorded_at"":""2026-09-07T00:00:00Z"",""semantic_key"":""c140:native-binding:O006-C140-CMP-D006""}"
tables/native_bindings.jsonl,19,urn:uuid:2ed649db-d3e1-52a2-a2a4-bc24f8cf0007,native_binding,"{""dataset_id"":""urn:uuid:b4219d4b-d4fb-5842-a22a-3024f6730bef"",""id"":""urn:uuid:2ed649db-d3e1-52a2-a2a4-bc24f8cf0007"",""normalized_state"":""candidate"",""owner_authority_id"":""urn:uuid:92460950-eecf-5596-88b7-bca9604a528a"",""owner_native_state"":null,""payload"":{""body_prose_copied"":false,""native_bytes"":30164,""native_path"":""components/c140-companion/source/id-ID/theory/O006-C140-CMP-D013.md"",""native_record_id"":""O006-C140-CMP-D013"",""native_sha256"":""f92e09213de557560a72a83a5200360c624e1ec795010f60b48daeeb10201b31"",""owner_id_preserved"":true,""projected_record_id"":""urn:uuid:115f20d9-6f5e-5df3-b96d-95a94f60f88a"",""source_namespace"":""penn-state-stat415/c140-companion""},""record_type"":""native_binding"",""recorded_at"":""2026-09-07T00:00:00Z"",""semantic_key"":""c140:native-binding:O006-C140-CMP-D013""}"
tables/native_bindings.jsonl,14,urn:uuid:3a62d1e6-0a71-5bc3-b8bf-145a9af7580c,native_binding,"{""dataset_id"":""urn:uuid:b4219d4b-d4fb-5842-a22a-3024f6730bef"",""id"":""urn:uuid:3a62d1e6-0a71-5bc3-b8bf-145a9af7580c"",""normalized_state"":""candidate"",""owner_authority_id"":""urn:uuid:92460950-eecf-5596-88b7-bca9604a528a"",""owner_native_state"":null,""payload"":{""body_prose_copied"":false,""native_bytes"":31243,""native_path"":""components/c140-companion/source/id-ID/theory/O006-C140-CMP-D008.md"",""native_record_id"":""O006-C140-CMP-D008"",""native_sha256"":""e6fe97f6fb3712ad2000d10aec9688f33bc3090b40a88341e278027df8961bdd"",""owner_id_preserved"":true,""projected_record_id"":""urn:uuid:76fff72d-5b28-5276-8a8b-f801eb0544b6"",""source_namespace"":""penn-state-stat415/c140-companion""},""record_type"":""native_binding"",""recorded_at"":""2026-09-07T00:00:00Z"",""semantic_key"":""c140:native-binding:O006-C140-CMP-D008""}"
tables/native_bindings.jsonl,29,urn:uuid:415ec916-31ad-5b00-8337-07ba22a8ff3e,native_binding,"{""dataset_id"":""urn:uuid:b4219d4b-d4fb-5842-a22a-3024f6730bef"",""id"":""urn:uuid:415ec916-31ad-5b00-8337-07ba22a8ff3e"",""normalized_state"":""candidate"",""owner_authority_id"":""urn:uuid:92460950-eecf-5596-88b7-bca9604a528a"",""owner_native_state"":null,""payload"":{""body_prose_copied"":false,""native_bytes"":26123,""native_path"":""components/c140-companion/source/id-ID/mastery/O006-C140-CMP-MS08.md"",""native_record_id"":""O006-C140-CMP-MS08"",""native_sha256"":""e007df68fd15d131bec9d94e0c5b8bd15c9f124ff14c4cd6f9c16435415a8ace"",""owner_id_preserved"":true,""projected_record_id"":""urn:uuid:c743d941-8b2e-551d-9edd-e03bf3f721ca"",""source_namespace"":""penn-state-stat415/c140-companion""},""record_type"":""native_binding"",""recorded_at"":""2026-09-07T00:00:00Z"",""semantic_key"":""c140:native-binding:O006-C140-CMP-MS08""}"
tables/native_bindings.jsonl,13,urn:uuid:451c608e-9a88-5217-b863-e7d4c7926917,native_binding,"{""dataset_id"":""urn:uuid:b4219d4b-d4fb-5842-a22a-3024f6730bef"",""id"":""urn:uuid:451c608e-9a88-5217-b863-e7d4c7926917"",""normalized_state"":""candidate"",""owner_authority_id"":""urn:uuid:92460950-eecf-5596-88b7-bca9604a528a"",""owner_native_state"":null,""payload"":{""body_prose_copied"":false,""native_bytes"":23511,""native_path"":""components/c140-companion/source/id-ID/theory/O006-C140-CMP-D007.md"",""native_record_id"":""O006-C140-CMP-D007"",""native_sha256"":""88f31eb973045fc9b5b80e7172cae5b61b4c93a5c4b46c93876c7c2587d9fd5e"",""owner_id_preserved"":true,""projected_record_id"":""urn:uuid:0bdea946-8565-5b3c-8f2e-1bd1835e30d8"",""source_namespace"":""penn-state-stat415/c140-companion""},""record_type"":""native_binding"",""recorded_at"":""2026-09-07T00:00:00Z"",""semantic_key"":""c140:native-binding:O006-C140-CMP-D007""}"
tables/native_bindings.jsonl,5,urn:uuid:4ed343f5-760d-5414-9156-e18cb380bfb7,native_binding,"{""dataset_id"":""urn:uuid:b4219d4b-d4fb-5842-a22a-3024f6730bef"",""id"":""urn:uuid:4ed343f5-760d-5414-9156-e18cb380bfb7"",""normalized_state"":""candidate"",""owner_authority_id"":""urn:uuid:92460950-eecf-5596-88b7-bca9604a528a"",""owner_native_state"":null,""payload"":{""body_prose_copied"":false,""native_bytes"":177604,""native_path"":""components/c140-companion/source/id-ID/capstones/O006-C140-CMP-CP01.md"",""native_record_id"":""O006-C140-CMP-CP01"",""native_sha256"":""771829b516d4a4662888bc9a852cc400390b32e39ca74d08494c191ed993aa2d"",""owner_id_preserved"":true,""projected_record_id"":""urn:uuid:7d5708eb-e55b-57d0-a179-a88f95ac1b72"",""source_namespace"":""penn-state-stat415/c140-companion""},""record_type"":""native_binding"",""recorded_at"":""2026-09-07T00:00:00Z"",""semantic_key"":""c140:native-binding:O006-C140-CMP-CP01""}"
tables/native_bindings.jsonl,20,urn:uuid:5e9cb8ee-34b3-5777-8ec0-5ca7e7cde0bb,native_binding,"{""dataset_id"":""urn:uuid:b4219d4b-d4fb-5842-a22a-3024f6730bef"",""id"":""urn:uuid:5e9cb8ee-34b3-5777-8ec0-5ca7e7cde0bb"",""normalized_state"":""candidate"",""owner_authority_id"":""urn:uuid:92460950-eecf-5596-88b7-bca9604a528a"",""owner_native_state"":null,""payload"":{""body_prose_copied"":false,""native_bytes"":8504,""native_path"":""components/c140-companion/source/id-ID/index.md"",""native_record_id"":""O006-C140-CMP-INDEX"",""native_sha256"":""c323c48556304b2d7b94e7121982696e9d7a390e7a0f286e983b60bd649de543"",""owner_id_preserved"":true,""projected_record_id"":""urn:uuid:cea4f380-c2e0-57d4-9530-25b53ffc2cab"",""source_namespace"":""penn-state-stat415/c140-companion""},""record_type"":""native_binding"",""recorded_at"":""2026-09-07T00:00:00Z"",""semantic_key"":""c140:native-binding:O006-C140-CMP-INDEX""}"
tables/native_bindings.jsonl,26,urn:uuid:72f6ded2-1305-5de0-a28f-a3e994ddf154,native_binding,"{""dataset_id"":""urn:uuid:b4219d4b-d4fb-5842-a22a-3024f6730bef"",""id"":""urn:uuid:72f6ded2-1305-5de0-a28f-a3e994ddf154"",""normalized_state"":""candidate"",""owner_authority_id"":""urn:uuid:92460950-eecf-5596-88b7-bca9604a528a"",""owner_native_state"":null,""payload"":{""body_prose_copied"":false,""native_bytes"":23563,""native_path"":""components/c140-companion/source/id-ID/mastery/O006-C140-CMP-MS05.md"",""native_record_id"":""O006-C140-CMP-MS05"",""native_sha256"":""52c32cc592a9c11380f4124d99aa285eb7972172a2f4da16cdff6cb7b5054de6"",""owner_id_preserved"":true,""projected_record_id"":""urn:uuid:c00ddf02-d6ec-5a9c-a88c-13849619cd03"",""source_namespace"":""penn-state-stat415/c140-companion""},""record_type"":""native_binding"",""recorded_at"":""2026-09-07T00:00:00Z"",""semantic_key"":""c140:native-binding:O006-C140-CMP-MS05""}"
tables/native_bindings.jsonl,27,urn:uuid:75bf8bff-3093-5eec-88a8-a887e4e6a0f0,native_binding,"{""dataset_id"":""urn:uuid:b4219d4b-d4fb-5842-a22a-3024f6730bef"",""id"":""urn:uuid:75bf8bff-3093-5eec-88a8-a887e4e6a0f0"",""normalized_state"":""candidate"",""owner_authority_id"":""urn:uuid:92460950-eecf-5596-88b7-bca9604a528a"",""owner_native_state"":null,""payload"":{""body_prose_copied"":false,""native_bytes"":21470,""native_path"":""components/c140-companion/source/id-ID/mastery/O006-C140-CMP-MS06.md"",""native_record_id"":""O006-C140-CMP-MS06"",""native_sha256"":""aa40dac2d40d119a0a545cd3da53c753577348707d3cbaf7d40383a762a90177"",""owner_id_preserved"":true,""projected_record_id"":""urn:uuid:df29d8d8-9e96-57c6-a97f-c82b1919c502"",""source_namespace"":""penn-state-stat415/c140-companion""},""record_type"":""native_binding"",""recorded_at"":""2026-09-07T00:00:00Z"",""semantic_key"":""c140:native-binding:O006-C140-CMP-MS06""}"
tables/native_bindings.jsonl,32,urn:uuid:77d4b8a4-751c-565e-9ff1-643fc7b3b6de,native_binding,"{""dataset_id"":""urn:uuid:b4219d4b-d4fb-5842-a22a-3024f6730bef"",""id"":""urn:uuid:77d4b8a4-751c-565e-9ff1-643fc7b3b6de"",""normalized_state"":""candidate"",""owner_authority_id"":""urn:uuid:92460950-eecf-5596-88b7-bca9604a528a"",""owner_native_state"":null,""payload"":{""body_prose_copied"":false,""native_bytes"":34105,""native_path"":""components/c140-companion/source/id-ID/mastery/O006-C140-CMP-MS11.md"",""native_record_id"":""O006-C140-CMP-MS11"",""native_sha256"":""60355826dbd9bde69fe3eceb93b3200e6cbb2cb7f0b1c99f9cbca182020deda8"",""owner_id_preserved"":true,""projected_record_id"":""urn:uuid:4283fd82-324e-59d2-af13-0e7d8facbbd5"",""source_namespace"":""penn-state-stat415/c140-companion""},""record_type"":""native_binding"",""recorded_at"":""2026-09-07T00:00:00Z"",""semantic_key"":""c140:native-binding:O006-C140-CMP-MS11""}"
tables/native_bindings.jsonl,25,urn:uuid:7a9ad197-4764-583d-95b9-57ea168c4c7f,native_binding,"{""dataset_id"":""urn:uuid:b4219d4b-d4fb-5842-a22a-3024f6730bef"",""id"":""urn:uuid:7a9ad197-4764-583d-95b9-57ea168c4c7f"",""normalized_state"":""candidate"",""owner_authority_id"":""urn:uuid:92460950-eecf-5596-88b7-bca9604a528a"",""owner_native_state"":null,""payload"":{""body_prose_copied"":false,""native_bytes"":26162,""native_path"":""components/c140-companion/source/id-ID/mastery/O006-C140-CMP-MS04.md"",""native_record_id"":""O006-C140-CMP-MS04"",""native_sha256"":""d4a540c92fecb84bf1ecfc17b4292638ac81fdd7481222179c190aa1ce2c2f3c"",""owner_id_preserved"":true,""projected_record_id"":""urn:uuid:5a05b574-6fcc-58cc-b73e-1c1d38c7c7cd"",""source_namespace"":""penn-state-stat415/c140-companion""},""record_type"":""native_binding"",""recorded_at"":""2026-09-07T00:00:00Z"",""semantic_key"":""c140:native-binding:O006-C140-CMP-MS04""}"
tables/native_bindings.jsonl,30,urn:uuid:7cf6289e-c2a4-59d8-bad8-069c9197f0fc,native_binding,"{""dataset_id"":""urn:uuid:b4219d4b-d4fb-5842-a22a-3024f6730bef"",""id"":""urn:uuid:7cf6289e-c2a4-59d8-bad8-069c9197f0fc"",""normalized_state"":""candidate"",""owner_authority_id"":""urn:uuid:92460950-eecf-5596-88b7-bca9604a528a"",""owner_native_state"":null,""payload"":{""body_prose_copied"":false,""native_bytes"":21140,""native_path"":""components/c140-companion/source/id-ID/mastery/O006-C140-CMP-MS09.md"",""native_record_id"":""O006-C140-CMP-MS09"",""native_sha256"":""78f2f7f73f4220a44ea6fe9f9d14d72152585f44e6d9ba3c5e3493f2252233db"",""owner_id_preserved"":true,""projected_record_id"":""urn:uuid:08f10365-1b28-58cd-9d30-7c535d952c26"",""source_namespace"":""penn-state-stat415/c140-companion""},""record_type"":""native_binding"",""recorded_at"":""2026-09-07T00:00:00Z"",""semantic_key"":""c140:native-binding:O006-C140-CMP-MS09""}"
tables/native_bindings.jsonl,33,urn:uuid:7eb46d3d-4a52-56db-9b86-048f6a9931d8,native_binding,"{""dataset_id"":""urn:uuid:b4219d4b-d4fb-5842-a22a-3024f6730bef"",""id"":""urn:uuid:7eb46d3d-4a52-56db-9b86-048f6a9931d8"",""normalized_state"":""candidate"",""owner_authority_id"":""urn:uuid:92460950-eecf-5596-88b7-bca9604a528a"",""owner_native_state"":null,""payload"":{""body_prose_copied"":false,""native_bytes"":25414,""native_path"":""components/c140-companion/source/id-ID/mastery/O006-C140-CMP-MS12.md"",""native_record_id"":""O006-C140-CMP-MS12"",""native_sha256"":""2318c7fa15a66dd545fad8d12cf457759694f077cf0e3c447f54301037be3f05"",""owner_id_preserved"":true,""projected_record_id"":""urn:uuid:bb5215cb-30e3-5062-8dc1-54cdc1c9912d"",""source_namespace"":""penn-state-stat415/c140-companion""},""record_type"":""native_binding"",""recorded_at"":""2026-09-07T00:00:00Z"",""semantic_key"":""c140:native-binding:O006-C140-CMP-MS12""}"
tables/native_bindings.jsonl,22,urn:uuid:83f4c67d-59ae-5ea2-a53a-92fabeab105b,native_binding,"{""dataset_id"":""urn:uuid:b4219d4b-d4fb-5842-a22a-3024f6730bef"",""id"":""urn:uuid:83f4c67d-59ae-5ea2-a53a-92fabeab105b"",""normalized_state"":""candidate"",""owner_authority_id"":""urn:uuid:92460950-eecf-5596-88b7-bca9604a528a"",""owner_native_state"":null,""payload"":{""body_prose_copied"":false,""native_bytes"":21799,""native_path"":""components/c140-companion/source/id-ID/mastery/O006-C140-CMP-MS01.md"",""native_record_id"":""O006-C140-CMP-MS01"",""native_sha256"":""b6fc9fcc81d7e5965bfd325b20927a03f585b4a0d84d1e5446d1955c190b4b85"",""owner_id_preserved"":true,""projected_record_id"":""urn:uuid:3bcbe3f2-79e1-54eb-b48a-04cea3264623"",""source_namespace"":""penn-state-stat415/c140-companion""},""record_type"":""native_binding"",""recorded_at"":""2026-09-07T00:00:00Z"",""semantic_key"":""c140:native-binding:O006-C140-CMP-MS01""}"
tables/native_bindings.jsonl,2,urn:uuid:86c64560-4216-5694-bbf7-d8af16d25d0e,native_binding,"{""dataset_id"":""urn:uuid:b4219d4b-d4fb-5842-a22a-3024f6730bef"",""id"":""urn:uuid:86c64560-4216-5694-bbf7-d8af16d25d0e"",""normalized_state"":""candidate"",""owner_authority_id"":""urn:uuid:92460950-eecf-5596-88b7-bca9604a528a"",""owner_native_state"":null,""payload"":{""body_prose_copied"":false,""native_bytes"":51965,""native_path"":""components/c140-companion/source/id-ID/assessments/O006-C140-CMP-CA02.md"",""native_record_id"":""O006-C140-CMP-CA02"",""native_sha256"":""34e9dfa283411852e6940557bf471c162d8b248ec78e45d24326cbf2fe93f829"",""owner_id_preserved"":true,""projected_record_id"":""urn:uuid:2a42e5c0-36c6-53dc-b068-2cf00c97ff9a"",""source_namespace"":""penn-state-stat415/c140-companion""},""record_type"":""native_binding"",""recorded_at"":""2026-09-07T00:00:00Z"",""semantic_key"":""c140:native-binding:O006-C140-CMP-CA02""}"
tables/native_bindings.jsonl,23,urn:uuid:8bafabc6-9119-5390-9267-eb77d84620b1,native_binding,"{""dataset_id"":""urn:uuid:b4219d4b-d4fb-5842-a22a-3024f6730bef"",""id"":""urn:uuid:8bafabc6-9119-5390-9267-eb77d84620b1"",""normalized_state"":""candidate"",""owner_authority_id"":""urn:uuid:92460950-eecf-5596-88b7-bca9604a528a"",""owner_native_state"":null,""payload"":{""body_prose_copied"":false,""native_bytes"":22524,""native_path"":""components/c140-companion/source/id-ID/mastery/O006-C140-CMP-MS02.md"",""native_record_id"":""O006-C140-CMP-MS02"",""native_sha256"":""57f31e2b1c53ac66c359f1932562c8d93f98d98a8d878ad71f6152a391fa09a2"",""owner_id_preserved"":true,""projected_record_id"":""urn:uuid:7a6c88eb-6ebf-5295-9523-791f55a10774"",""source_namespace"":""penn-state-stat415/c140-companion""},""record_type"":""native_binding"",""recorded_at"":""2026-09-07T00:00:00Z"",""semantic_key"":""c140:native-binding:O006-C140-CMP-MS02""}"
tables/native_bindings.jsonl,1,urn:uuid:9ccdd4e5-88ac-52b5-8f2b-e2b4659d9645,native_binding,"{""dataset_id"":""urn:uuid:b4219d4b-d4fb-5842-a22a-3024f6730bef"",""id"":""urn:uuid:9ccdd4e5-88ac-52b5-8f2b-e2b4659d9645"",""normalized_state"":""candidate"",""owner_authority_id"":""urn:uuid:92460950-eecf-5596-88b7-bca9604a528a"",""owner_native_state"":null,""payload"":{""body_prose_copied"":false,""native_bytes"":43789,""native_path"":""components/c140-companion/source/id-ID/assessments/O006-C140-CMP-CA01.md"",""native_record_id"":""O006-C140-CMP-CA01"",""native_sha256"":""79574084036fa99fa5ad3b5bec635f4a1941a9383d53ff078d6c2bb6bb1860ec"",""owner_id_preserved"":true,""projected_record_id"":""urn:uuid:fafa9547-e903-57db-ac22-56110a49f717"",""source_namespace"":""penn-state-stat415/c140-companion""},""record_type"":""native_binding"",""recorded_at"":""2026-09-07T00:00:00Z"",""semantic_key"":""c140:native-binding:O006-C140-CMP-CA01""}"
tables/native_bindings.jsonl,21,urn:uuid:a9e6cf01-415f-538b-966a-d5a744bd977f,native_binding,"{""dataset_id"":""urn:uuid:b4219d4b-d4fb-5842-a22a-3024f6730bef"",""id"":""urn:uuid:a9e6cf01-415f-538b-966a-d5a744bd977f"",""normalized_state"":""candidate"",""owner_authority_id"":""urn:uuid:92460950-eecf-5596-88b7-bca9604a528a"",""owner_native_state"":null,""payload"":{""body_prose_copied"":false,""native_bytes"":21066,""native_path"":""components/c140-companion/source/id-ID/mastery/O006-C140-CMP-MS00.md"",""native_record_id"":""O006-C140-CMP-MS00"",""native_sha256"":""6545f1a2dcc30b9756070c9826ce951ba2861bb46319ec4c2003a26b1788a6e3"",""owner_id_preserved"":true,""projected_record_id"":""urn:uuid:95c98579-3a9e-5a08-be76-843bdc87a92b"",""source_namespace"":""penn-state-stat415/c140-companion""},""record_type"":""native_binding"",""recorded_at"":""2026-09-07T00:00:00Z"",""semantic_key"":""c140:native-binding:O006-C140-CMP-MS00""}"
tables/native_bindings.jsonl,6,urn:uuid:ae5d5e19-cd05-50fe-afe7-10eb706afc3c,native_binding,"{""dataset_id"":""urn:uuid:b4219d4b-d4fb-5842-a22a-3024f6730bef"",""id"":""urn:uuid:ae5d5e19-cd05-50fe-afe7-10eb706afc3c"",""normalized_state"":""candidate"",""owner_authority_id"":""urn:uuid:92460950-eecf-5596-88b7-bca9604a528a"",""owner_native_state"":null,""payload"":{""body_prose_copied"":false,""native_bytes"":85408,""native_path"":""components/c140-companion/source/id-ID/capstones/O006-C140-CMP-CP02.md"",""native_record_id"":""O006-C140-CMP-CP02"",""native_sha256"":""824023d7b1d8c06305893e7cc14df5f90f612217edb895b7d9ce3014c372c27b"",""owner_id_preserved"":true,""projected_record_id"":""urn:uuid:405d1c9d-31df-583e-94f2-600761d2177f"",""source_namespace"":""penn-state-stat415/c140-companion""},""record_type"":""native_binding"",""recorded_at"":""2026-09-07T00:00:00Z"",""semantic_key"":""c140:native-binding:O006-C140-CMP-CP02""}"
tables/native_bindings.jsonl,31,urn:uuid:b1e4a029-0d6e-58e8-b87f-f3ee21328dc3,native_binding,"{""dataset_id"":""urn:uuid:b4219d4b-d4fb-5842-a22a-3024f6730bef"",""id"":""urn:uuid:b1e4a029-0d6e-58e8-b87f-f3ee21328dc3"",""normalized_state"":""candidate"",""owner_authority_id"":""urn:uuid:92460950-eecf-5596-88b7-bca9604a528a"",""owner_native_state"":null,""payload"":{""body_prose_copied"":false,""native_bytes"":24231,""native_path"":""components/c140-companion/source/id-ID/mastery/O006-C140-CMP-MS10.md"",""native_record_id"":""O006-C140-CMP-MS10"",""native_sha256"":""b74d5a78fbd959237427a5d99366245613bd9c0020a136b4a19f452f59a9e9d7"",""owner_id_preserved"":true,""projected_record_id"":""urn:uuid:3282734e-db98-507a-8517-375a18544fec"",""source_namespace"":""penn-state-stat415/c140-companion""},""record_type"":""native_binding"",""recorded_at"":""2026-09-07T00:00:00Z"",""semantic_key"":""c140:native-binding:O006-C140-CMP-MS10""}"
tables/native_bindings.jsonl,4,urn:uuid:b1f468da-4199-5d26-af23-c19dcadbe58c,native_binding,"{""dataset_id"":""urn:uuid:b4219d4b-d4fb-5842-a22a-3024f6730bef"",""id"":""urn:uuid:b1f468da-4199-5d26-af23-c19dcadbe58c"",""normalized_state"":""candidate"",""owner_authority_id"":""urn:uuid:92460950-eecf-5596-88b7-bca9604a528a"",""owner_native_state"":null,""payload"":{""body_prose_copied"":false,""native_bytes"":57837,""native_path"":""components/c140-companion/source/id-ID/assessments/O006-C140-CMP-CA04.md"",""native_record_id"":""O006-C140-CMP-CA04"",""native_sha256"":""e0cdacfb8479e8def879c4562fc88c6a41812f4a6a136ab3e76d14ebdeb05ef7"",""owner_id_preserved"":true,""projected_record_id"":""urn:uuid:7462028d-3064-51a0-a615-31c34011e062"",""source_namespace"":""penn-state-stat415/c140-companion""},""record_type"":""native_binding"",""recorded_at"":""2026-09-07T00:00:00Z"",""semantic_key"":""c140:native-binding:O006-C140-CMP-CA04""}"
tables/native_bindings.jsonl,17,urn:uuid:be648b43-8b17-50e6-adea-00e6b7abfe96,native_binding,"{""dataset_id"":""urn:uuid:b4219d4b-d4fb-5842-a22a-3024f6730bef"",""id"":""urn:uuid:be648b43-8b17-50e6-adea-00e6b7abfe96"",""normalized_state"":""candidate"",""owner_authority_id"":""urn:uuid:92460950-eecf-5596-88b7-bca9604a528a"",""owner_native_state"":null,""payload"":{""body_prose_copied"":false,""native_bytes"":15657,""native_path"":""components/c140-companion/source/id-ID/theory/O006-C140-CMP-D011.md"",""native_record_id"":""O006-C140-CMP-D011"",""native_sha256"":""7d88883d2d33c2f37e8e6c49d61fcbe8d2e87cfe55a00ed2830a424bbacdd554"",""owner_id_preserved"":true,""projected_record_id"":""urn:uuid:de29cc54-c9c8-5744-a51c-a425f0cc2f8d"",""source_namespace"":""penn-state-stat415/c140-companion""},""record_type"":""native_binding"",""recorded_at"":""2026-09-07T00:00:00Z"",""semantic_key"":""c140:native-binding:O006-C140-CMP-D011""}"
tables/native_bindings.jsonl,28,urn:uuid:c2a4ffa0-6f6d-51d3-a568-46027cfbaff0,native_binding,"{""dataset_id"":""urn:uuid:b4219d4b-d4fb-5842-a22a-3024f6730bef"",""id"":""urn:uuid:c2a4ffa0-6f6d-51d3-a568-46027cfbaff0"",""normalized_state"":""candidate"",""owner_authority_id"":""urn:uuid:92460950-eecf-5596-88b7-bca9604a528a"",""owner_native_state"":null,""payload"":{""body_prose_copied"":false,""native_bytes"":28278,""native_path"":""components/c140-companion/source/id-ID/mastery/O006-C140-CMP-MS07.md"",""native_record_id"":""O006-C140-CMP-MS07"",""native_sha256"":""641d97e9ed259142432b76a65f0a67fc6393d191265a36815628c574f4ab2c9d"",""owner_id_preserved"":true,""projected_record_id"":""urn:uuid:342ec3de-3b84-588a-a81a-32c9b4cd5618"",""source_namespace"":""penn-state-stat415/c140-companion""},""record_type"":""native_binding"",""recorded_at"":""2026-09-07T00:00:00Z"",""semantic_key"":""c140:native-binding:O006-C140-CMP-MS07""}"
tables/native_bindings.jsonl,24,urn:uuid:c6acbb6c-91e3-5b7e-bb2a-91df82a6f23e,native_binding,"{""dataset_id"":""urn:uuid:b4219d4b-d4fb-5842-a22a-3024f6730bef"",""id"":""urn:uuid:c6acbb6c-91e3-5b7e-bb2a-91df82a6f23e"",""normalized_state"":""candidate"",""owner_authority_id"":""urn:uuid:92460950-eecf-5596-88b7-bca9604a528a"",""owner_native_state"":null,""payload"":{""body_prose_copied"":false,""native_bytes"":24354,""native_path"":""components/c140-companion/source/id-ID/mastery/O006-C140-CMP-MS03.md"",""native_record_id"":""O006-C140-CMP-MS03"",""native_sha256"":""8088903be951cf963782bdf4811ec66ae01ed257ea03945d376626b2d7ea8008"",""owner_id_preserved"":true,""projected_record_id"":""urn:uuid:77b4d818-65a5-568e-a8a8-3e27b4723303"",""source_namespace"":""penn-state-stat415/c140-companion""},""record_type"":""native_binding"",""recorded_at"":""2026-09-07T00:00:00Z"",""semantic_key"":""c140:native-binding:O006-C140-CMP-MS03""}"
tables/native_bindings.jsonl,9,urn:uuid:d63144ff-3239-5081-b34a-32fe34a5313f,native_binding,"{""dataset_id"":""urn:uuid:b4219d4b-d4fb-5842-a22a-3024f6730bef"",""id"":""urn:uuid:d63144ff-3239-5081-b34a-32fe34a5313f"",""normalized_state"":""candidate"",""owner_authority_id"":""urn:uuid:92460950-eecf-5596-88b7-bca9604a528a"",""owner_native_state"":null,""payload"":{""body_prose_copied"":false,""native_bytes"":21810,""native_path"":""components/c140-companion/source/id-ID/theory/O006-C140-CMP-D003.md"",""native_record_id"":""O006-C140-CMP-D003"",""native_sha256"":""1e736bc2ce23348e6865eb26e9a9c42d76b7280b930ad22b87323612b58807e9"",""owner_id_preserved"":true,""projected_record_id"":""urn:uuid:d113a082-3610-51e4-abc2-4226599ede95"",""source_namespace"":""penn-state-stat415/c140-companion""},""record_type"":""native_binding"",""recorded_at"":""2026-09-07T00:00:00Z"",""semantic_key"":""c140:native-binding:O006-C140-CMP-D003""}"
tables/native_bindings.jsonl,35,urn:uuid:d883ab70-9972-5d21-99ac-ac0446b6ace1,native_binding,"{""dataset_id"":""urn:uuid:b4219d4b-d4fb-5842-a22a-3024f6730bef"",""id"":""urn:uuid:d883ab70-9972-5d21-99ac-ac0446b6ace1"",""normalized_state"":""candidate"",""owner_authority_id"":""urn:uuid:92460950-eecf-5596-88b7-bca9604a528a"",""owner_native_state"":null,""payload"":{""body_prose_copied"":false,""native_bytes"":2716,""native_path"":""components/c140-companion/source/id-ID/simulations/O006-C140-CMP-SIM002.md"",""native_record_id"":""O006-C140-CMP-SIM002"",""native_sha256"":""5f8aac35192b14837b7fb28ed3030a2058cb5a777dd7a4bb6457f30f09c385ca"",""owner_id_preserved"":true,""projected_record_id"":""urn:uuid:f7c1c608-6852-5f28-bff1-8a8c2f101410"",""source_namespace"":""penn-state-stat415/c140-companion""},""record_type"":""native_binding"",""recorded_at"":""2026-09-07T00:00:00Z"",""semantic_key"":""c140:native-binding:O006-C140-CMP-SIM002""}"
tables/native_bindings.jsonl,16,urn:uuid:dd468b15-bb9e-5583-a58d-404de9e4470a,native_binding,"{""dataset_id"":""urn:uuid:b4219d4b-d4fb-5842-a22a-3024f6730bef"",""id"":""urn:uuid:dd468b15-bb9e-5583-a58d-404de9e4470a"",""normalized_state"":""candidate"",""owner_authority_id"":""urn:uuid:92460950-eecf-5596-88b7-bca9604a528a"",""owner_native_state"":null,""payload"":{""body_prose_copied"":false,""native_bytes"":34585,""native_path"":""components/c140-companion/source/id-ID/theory/O006-C140-CMP-D010.md"",""native_record_id"":""O006-C140-CMP-D010"",""native_sha256"":""0dce7b5987099676bed0db12653212825d77a260b7f5a2d44a17f4e6d5eed923"",""owner_id_preserved"":true,""projected_record_id"":""urn:uuid:620a3754-3854-56a2-9070-7aad5018d722"",""source_namespace"":""penn-state-stat415/c140-companion""},""record_type"":""native_binding"",""recorded_at"":""2026-09-07T00:00:00Z"",""semantic_key"":""c140:native-binding:O006-C140-CMP-D010""}"
tables/native_bindings.jsonl,18,urn:uuid:ddb30b12-b29d-5356-b0da-e19fa0b536e8,native_binding,"{""dataset_id"":""urn:uuid:b4219d4b-d4fb-5842-a22a-3024f6730bef"",""id"":""urn:uuid:ddb30b12-b29d-5356-b0da-e19fa0b536e8"",""normalized_state"":""candidate"",""owner_authority_id"":""urn:uuid:92460950-eecf-5596-88b7-bca9604a528a"",""owner_native_state"":null,""payload"":{""body_prose_copied"":false,""native_bytes"":35106,""native_path"":""components/c140-companion/source/id-ID/theory/O006-C140-CMP-D012.md"",""native_record_id"":""O006-C140-CMP-D012"",""native_sha256"":""245bf82515d2ec6d0bbc4f13e1296806fd73cc2d1cc2fd16fbd1b76defcf65e6"",""owner_id_preserved"":true,""projected_record_id"":""urn:uuid:d962893b-33f3-59e6-82ec-3675582ba3b5"",""source_namespace"":""penn-state-stat415/c140-companion""},""record_type"":""native_binding"",""recorded_at"":""2026-09-07T00:00:00Z"",""semantic_key"":""c140:native-binding:O006-C140-CMP-D012""}"
tables/native_bindings.jsonl,39,urn:uuid:e5028dc1-1983-5ebe-8344-49dba5f4f6e9,native_binding,"{""dataset_id"":""urn:uuid:b4219d4b-d4fb-5842-a22a-3024f6730bef"",""id"":""urn:uuid:e5028dc1-1983-5ebe-8344-49dba5f4f6e9"",""normalized_state"":""candidate"",""owner_authority_id"":""urn:uuid:92460950-eecf-5596-88b7-bca9604a528a"",""owner_native_state"":null,""payload"":{""body_prose_copied"":false,""native_bytes"":9873,""native_path"":""components/c140-companion/source/id-ID/simulations/O006-C140-CMP-SIM006.md"",""native_record_id"":""O006-C140-CMP-SIM006"",""native_sha256"":""bfbf8f38e463477354bca7aea0baa4aa4324e796ba3ad295ca7cde2d35bdf9c5"",""owner_id_preserved"":true,""projected_record_id"":""urn:uuid:138c17ab-ce56-518a-896a-1f4e7f5e9378"",""source_namespace"":""penn-state-stat415/c140-companion""},""record_type"":""native_binding"",""recorded_at"":""2026-09-07T00:00:00Z"",""semantic_key"":""c140:native-binding:O006-C140-CMP-SIM006""}"
tables/native_bindings.jsonl,8,urn:uuid:ea42ad20-8e57-5a8c-a0b1-e1e2df6f95a2,native_binding,"{""dataset_id"":""urn:uuid:b4219d4b-d4fb-5842-a22a-3024f6730bef"",""id"":""urn:uuid:ea42ad20-8e57-5a8c-a0b1-e1e2df6f95a2"",""normalized_state"":""candidate"",""owner_authority_id"":""urn:uuid:92460950-eecf-5596-88b7-bca9604a528a"",""owner_native_state"":null,""payload"":{""body_prose_copied"":false,""native_bytes"":18900,""native_path"":""components/c140-companion/source/id-ID/theory/O006-C140-CMP-D002.md"",""native_record_id"":""O006-C140-CMP-D002"",""native_sha256"":""06f286a6df2667ce8dd7703a390a87777613ac8111ed9f7bb800aa1bc096018c"",""owner_id_preserved"":true,""projected_record_id"":""urn:uuid:f82810e1-e89a-56ad-ab4f-505a9a696695"",""source_namespace"":""penn-state-stat415/c140-companion""},""record_type"":""native_binding"",""recorded_at"":""2026-09-07T00:00:00Z"",""semantic_key"":""c140:native-binding:O006-C140-CMP-D002""}"
tables/native_bindings.jsonl,3,urn:uuid:efee5fc0-e666-534b-944f-8bf50d39295f,native_binding,"{""dataset_id"":""urn:uuid:b4219d4b-d4fb-5842-a22a-3024f6730bef"",""id"":""urn:uuid:efee5fc0-e666-534b-944f-8bf50d39295f"",""normalized_state"":""candidate"",""owner_authority_id"":""urn:uuid:92460950-eecf-5596-88b7-bca9604a528a"",""owner_native_state"":null,""payload"":{""body_prose_copied"":false,""native_bytes"":55629,""native_path"":""components/c140-companion/source/id-ID/assessments/O006-C140-CMP-CA03.md"",""native_record_id"":""O006-C140-CMP-CA03"",""native_sha256"":""d903f076431faab78594e79bd471ee80ad4fb547e487db2a0f1a8ac1b0d0b5d8"",""owner_id_preserved"":true,""projected_record_id"":""urn:uuid:79cf18b3-8e1c-5a48-9430-cc6bd758b421"",""source_namespace"":""penn-state-stat415/c140-companion""},""record_type"":""native_binding"",""recorded_at"":""2026-09-07T00:00:00Z"",""semantic_key"":""c140:native-binding:O006-C140-CMP-CA03""}"
tables/native_bindings.jsonl,36,urn:uuid:f3c916d4-33fe-573f-adfe-fa4377deabf2,native_binding,"{""dataset_id"":""urn:uuid:b4219d4b-d4fb-5842-a22a-3024f6730bef"",""id"":""urn:uuid:f3c916d4-33fe-573f-adfe-fa4377deabf2"",""normalized_state"":""candidate"",""owner_authority_id"":""urn:uuid:92460950-eecf-5596-88b7-bca9604a528a"",""owner_native_state"":null,""payload"":{""body_prose_copied"":false,""native_bytes"":2801,""native_path"":""components/c140-companion/source/id-ID/simulations/O006-C140-CMP-SIM003.md"",""native_record_id"":""O006-C140-CMP-SIM003"",""native_sha256"":""0c4a7260e24f47762ce5cc9eb52ad00a288420a6c3b4a27422035e7d691c8eef"",""owner_id_preserved"":true,""projected_record_id"":""urn:uuid:4f125b66-d965-501e-bdea-72bc728426f9"",""source_namespace"":""penn-state-stat415/c140-companion""},""record_type"":""native_binding"",""recorded_at"":""2026-09-07T00:00:00Z"",""semantic_key"":""c140:native-binding:O006-C140-CMP-SIM003""}"
tables/native_bindings.jsonl,10,urn:uuid:f97ec5ef-5f68-56a4-9caf-518c9f931a74,native_binding,"{""dataset_id"":""urn:uuid:b4219d4b-d4fb-5842-a22a-3024f6730bef"",""id"":""urn:uuid:f97ec5ef-5f68-56a4-9caf-518c9f931a74"",""normalized_state"":""candidate"",""owner_authority_id"":""urn:uuid:92460950-eecf-5596-88b7-bca9604a528a"",""owner_native_state"":null,""payload"":{""body_prose_copied"":false,""native_bytes"":22983,""native_path"":""components/c140-companion/source/id-ID/theory/O006-C140-CMP-D004.md"",""native_record_id"":""O006-C140-CMP-D004"",""native_sha256"":""2f370401f1963798ca957e0ea737911d83704ce930b90d66af54329281d68e4a"",""owner_id_preserved"":true,""projected_record_id"":""urn:uuid:eb531b5e-e7c1-5281-ac3e-cfef9ade2684"",""source_namespace"":""penn-state-stat415/c140-companion""},""record_type"":""native_binding"",""recorded_at"":""2026-09-07T00:00:00Z"",""semantic_key"":""c140:native-binding:O006-C140-CMP-D004""}"
tables/owner_authorities.jsonl,1,urn:uuid:92460950-eecf-5596-88b7-bca9604a528a,owner_authority,"{""dataset_id"":""urn:uuid:b4219d4b-d4fb-5842-a22a-3024f6730bef"",""id"":""urn:uuid:92460950-eecf-5596-88b7-bca9604a528a"",""normalized_state"":""candidate"",""owner_authority_id"":""urn:uuid:92460950-eecf-5596-88b7-bca9604a528a"",""owner_native_state"":null,""payload"":{""authority_facts"":[{""bytes"":8381,""path"":""components/c140-companion/00_control/CURRENT_CURSOR.md"",""path_base"":""owner_package_root"",""role"":""owner_control"",""sha256"":""45af785b7d0d7811ea6ef765c5c946e17007702d88272c4bb83894d5a0b42e9a""},{""bytes"":24928931,""path"":""release/16_C140_COMPANION_C5_SOURCE_BACKEND_DATA_RIGHTS.zip"",""path_base"":""owner_package_root"",""role"":""release_package"",""sha256"":""4de938596957e2116d6292f4a5e493a98212e7f9d1c49de32ae6e57c5b746deb""}],""curriculum_authority"":{""bytes"":86522,""path"":""backend/v2/program-matematika-indonesia-federation-v0.4.4/data/courses.jsonl"",""path_base"":""program_repository_root"",""role"":""curriculum_authority"",""sha256"":""7dee2faef2019e23fe4d3650ee772a23f9120979dae69409672fde3951101351""},""owner_namespace"":""penn-state-stat415/c140-companion"",""public_authority_status"":""complete_c5_public"",""role_id"":""C140"",""title"":""Statistika Matematis""},""record_type"":""owner_authority"",""recorded_at"":""2026-09-07T00:00:00Z"",""semantic_key"":""c140:owner-authority""}"
tables/qa_events.jsonl,1,urn:uuid:aa89236c-3928-57df-9780-c3378a82f415,qa_event,"{""dataset_id"":""urn:uuid:b4219d4b-d4fb-5842-a22a-3024f6730bef"",""id"":""urn:uuid:aa89236c-3928-57df-9780-c3378a82f415"",""normalized_state"":""candidate"",""owner_authority_id"":""urn:uuid:92460950-eecf-5596-88b7-bca9604a528a"",""owner_native_state"":null,""payload"":{""event_type"":""adapter_generation"",""scope"":""thin_zero_copy_envelope"",""status"":""pending_independent_twin_replay""},""record_type"":""qa_event"",""recorded_at"":""2026-09-07T00:00:00Z"",""semantic_key"":""c140:qa:adapter-candidate""}"
tables/reader_surfaces.jsonl,1,urn:uuid:6360f262-f135-5d11-8c3b-42c95cf2bb4d,reader_surface,"{""dataset_id"":""urn:uuid:b4219d4b-d4fb-5842-a22a-3024f6730bef"",""id"":""urn:uuid:6360f262-f135-5d11-8c3b-42c95cf2bb4d"",""normalized_state"":""published"",""owner_authority_id"":""urn:uuid:92460950-eecf-5596-88b7-bca9604a528a"",""owner_native_state"":null,""payload"":{""action"":""html"",""artifact_id"":""urn:uuid:bca6f392-699b-55b1-b7ee-7b20f38ef8dc"",""machine_data_is_learner_destination"":false,""primary"":true,""public_readback"":{""bytes"":24928931,""evidence_path"":""components/c140-companion/00_control/CURRENT_CURSOR.md"",""http_status"":200,""sha256"":""4de938596957e2116d6292f4a5e493a98212e7f9d1c49de32ae6e57c5b746deb"",""status"":""pass""},""route"":""/id/courses/C140/"",""state"":""published"",""url"":""https://kokunoyumeto.github.io/penn-state-stat-415-id/""},""record_type"":""reader_surface"",""recorded_at"":""2026-09-07T00:00:00Z"",""semantic_key"":""c140:surface:html""}"
tables/relations.jsonl,39,urn:uuid:14f87a57-158c-50e9-b659-47335752dfb2,relation,"{""dataset_id"":""urn:uuid:b4219d4b-d4fb-5842-a22a-3024f6730bef"",""id"":""urn:uuid:14f87a57-158c-50e9-b659-47335752dfb2"",""normalized_state"":""candidate"",""owner_authority_id"":""urn:uuid:92460950-eecf-5596-88b7-bca9604a528a"",""owner_native_state"":null,""payload"":{""relation_type"":""precedes_in_release_order"",""source_unit_id"":""urn:uuid:4f125b66-d965-501e-bdea-72bc728426f9"",""target_unit_id"":""urn:uuid:0a176e06-9a15-597e-ad5a-1995dccfd24c""},""record_type"":""relation"",""recorded_at"":""2026-09-07T00:00:00Z"",""semantic_key"":""c140:precedes:O006-C140-CMP-SIM003:O006-C140-CMP-SIM004""}"
tables/relations.jsonl,10,urn:uuid:1813e221-800c-5d4a-8efe-55aae7a0682e,relation,"{""dataset_id"":""urn:uuid:b4219d4b-d4fb-5842-a22a-3024f6730bef"",""id"":""urn:uuid:1813e221-800c-5d4a-8efe-55aae7a0682e"",""normalized_state"":""candidate"",""owner_authority_id"":""urn:uuid:92460950-eecf-5596-88b7-bca9604a528a"",""owner_native_state"":null,""payload"":{""relation_type"":""precedes_in_release_order"",""source_unit_id"":""urn:uuid:1ec03fa6-8d94-5f1a-9ac3-6c7034cd7824"",""target_unit_id"":""urn:uuid:f82810e1-e89a-56ad-ab4f-505a9a696695""},""record_type"":""relation"",""recorded_at"":""2026-09-07T00:00:00Z"",""semantic_key"":""c140:precedes:O006-C140-CMP-D001:O006-C140-CMP-D002""}"
tables/relations.jsonl,30,urn:uuid:19017bf9-c9c9-5643-8b62-a017a26dab4a,relation,"{""dataset_id"":""urn:uuid:b4219d4b-d4fb-5842-a22a-3024f6730bef"",""id"":""urn:uuid:19017bf9-c9c9-5643-8b62-a017a26dab4a"",""normalized_state"":""candidate"",""owner_authority_id"":""urn:uuid:92460950-eecf-5596-88b7-bca9604a528a"",""owner_native_state"":null,""payload"":{""relation_type"":""precedes_in_release_order"",""source_unit_id"":""urn:uuid:df29d8d8-9e96-57c6-a97f-c82b1919c502"",""target_unit_id"":""urn:uuid:342ec3de-3b84-588a-a81a-32c9b4cd5618""},""record_type"":""relation"",""recorded_at"":""2026-09-07T00:00:00Z"",""semantic_key"":""c140:precedes:O006-C140-CMP-MS06:O006-C140-CMP-MS07""}"
tables/relations.jsonl,27,urn:uuid:1f090803-8c55-5cb1-91b2-e67ecbcf461c,relation,"{""dataset_id"":""urn:uuid:b4219d4b-d4fb-5842-a22a-3024f6730bef"",""id"":""urn:uuid:1f090803-8c55-5cb1-91b2-e67ecbcf461c"",""normalized_state"":""candidate"",""owner_authority_id"":""urn:uuid:92460950-eecf-5596-88b7-bca9604a528a"",""owner_native_state"":null,""payload"":{""relation_type"":""precedes_in_release_order"",""source_unit_id"":""urn:uuid:77b4d818-65a5-568e-a8a8-3e27b4723303"",""target_unit_id"":""urn:uuid:5a05b574-6fcc-58cc-b73e-1c1d38c7c7cd""},""record_type"":""relation"",""recorded_at"":""2026-09-07T00:00:00Z"",""semantic_key"":""c140:precedes:O006-C140-CMP-MS03:O006-C140-CMP-MS04""}"
tables/relations.jsonl,16,urn:uuid:20cdc288-8237-5dfd-874c-39a2c3faf968,relation,"{""dataset_id"":""urn:uuid:b4219d4b-d4fb-5842-a22a-3024f6730bef"",""id"":""urn:uuid:20cdc288-8237-5dfd-874c-39a2c3faf968"",""normalized_state"":""candidate"",""owner_authority_id"":""urn:uuid:92460950-eecf-5596-88b7-bca9604a528a"",""owner_native_state"":null,""payload"":{""relation_type"":""precedes_in_release_order"",""source_unit_id"":""urn:uuid:0bdea946-8565-5b3c-8f2e-1bd1835e30d8"",""target_unit_id"":""urn:uuid:76fff72d-5b28-5276-8a8b-f801eb0544b6""},""record_type"":""relation"",""recorded_at"":""2026-09-07T00:00:00Z"",""semantic_key"":""c140:precedes:O006-C140-CMP-D007:O006-C140-CMP-D008""}"
tables/relations.jsonl,34,urn:uuid:26b03797-6fa6-5cac-9371-076f2f5237f5,relation,"{""dataset_id"":""urn:uuid:b4219d4b-d4fb-5842-a22a-3024f6730bef"",""id"":""urn:uuid:26b03797-6fa6-5cac-9371-076f2f5237f5"",""normalized_state"":""candidate"",""owner_authority_id"":""urn:uuid:92460950-eecf-5596-88b7-bca9604a528a"",""owner_native_state"":null,""payload"":{""relation_type"":""precedes_in_release_order"",""source_unit_id"":""urn:uuid:3282734e-db98-507a-8517-375a18544fec"",""target_unit_id"":""urn:uuid:4283fd82-324e-59d2-af13-0e7d8facbbd5""},""record_type"":""relation"",""recorded_at"":""2026-09-07T00:00:00Z"",""semantic_key"":""c140:precedes:O006-C140-CMP-MS10:O006-C140-CMP-MS11""}"
tables/relations.jsonl,13,urn:uuid:27df7a47-0ab4-5234-80dc-2665a0a557c9,relation,"{""dataset_id"":""urn:uuid:b4219d4b-d4fb-5842-a22a-3024f6730bef"",""id"":""urn:uuid:27df7a47-0ab4-5234-80dc-2665a0a557c9"",""normalized_state"":""candidate"",""owner_authority_id"":""urn:uuid:92460950-eecf-5596-88b7-bca9604a528a"",""owner_native_state"":null,""payload"":{""relation_type"":""precedes_in_release_order"",""source_unit_id"":""urn:uuid:eb531b5e-e7c1-5281-ac3e-cfef9ade2684"",""target_unit_id"":""urn:uuid:dc26e5c2-5818-52cf-a352-46ea51dbecd2""},""record_type"":""relation"",""recorded_at"":""2026-09-07T00:00:00Z"",""semantic_key"":""c140:precedes:O006-C140-CMP-D004:O006-C140-CMP-D005""}"
tables/relations.jsonl,24,urn:uuid:292c2636-b748-5720-854d-a24dab5bf1c4,relation,"{""dataset_id"":""urn:uuid:b4219d4b-d4fb-5842-a22a-3024f6730bef"",""id"":""urn:uuid:292c2636-b748-5720-854d-a24dab5bf1c4"",""normalized_state"":""candidate"",""owner_authority_id"":""urn:uuid:92460950-eecf-5596-88b7-bca9604a528a"",""owner_native_state"":null,""payload"":{""relation_type"":""precedes_in_release_order"",""source_unit_id"":""urn:uuid:95c98579-3a9e-5a08-be76-843bdc87a92b"",""target_unit_id"":""urn:uuid:3bcbe3f2-79e1-54eb-b48a-04cea3264623""},""record_type"":""relation"",""recorded_at"":""2026-09-07T00:00:00Z"",""semantic_key"":""c140:precedes:O006-C140-CMP-MS00:O006-C140-CMP-MS01""}"
tables/relations.jsonl,23,urn:uuid:3130d4d3-8171-5905-9e1c-35d48c35497c,relation,"{""dataset_id"":""urn:uuid:b4219d4b-d4fb-5842-a22a-3024f6730bef"",""id"":""urn:uuid:3130d4d3-8171-5905-9e1c-35d48c35497c"",""normalized_state"":""candidate"",""owner_authority_id"":""urn:uuid:92460950-eecf-5596-88b7-bca9604a528a"",""owner_native_state"":null,""payload"":{""relation_type"":""precedes_in_release_order"",""source_unit_id"":""urn:uuid:cea4f380-c2e0-57d4-9530-25b53ffc2cab"",""target_unit_id"":""urn:uuid:1ec03fa6-8d94-5f1a-9ac3-6c7034cd7824""},""record_type"":""relation"",""recorded_at"":""2026-09-07T00:00:00Z"",""semantic_key"":""c140:precedes:O006-C140-CMP-INDEX:O006-C140-CMP-D001""}"
tables/relations.jsonl,42,urn:uuid:33c318e1-d59a-541a-878c-4a5e1c5fec81,relation,"{""dataset_id"":""urn:uuid:b4219d4b-d4fb-5842-a22a-3024f6730bef"",""id"":""urn:uuid:33c318e1-d59a-541a-878c-4a5e1c5fec81"",""normalized_state"":""candidate"",""owner_authority_id"":""urn:uuid:92460950-eecf-5596-88b7-bca9604a528a"",""owner_native_state"":null,""payload"":{""relation_type"":""precedes_in_release_order"",""source_unit_id"":""urn:uuid:138c17ab-ce56-518a-896a-1f4e7f5e9378"",""target_unit_id"":""urn:uuid:95c98579-3a9e-5a08-be76-843bdc87a92b""},""record_type"":""relation"",""recorded_at"":""2026-09-07T00:00:00Z"",""semantic_key"":""c140:precedes:O006-C140-CMP-SIM006:O006-C140-CMP-MS00""}"
tables/relations.jsonl,26,urn:uuid:380414c0-9d1a-59f4-bffd-955def098115,relation,"{""dataset_id"":""urn:uuid:b4219d4b-d4fb-5842-a22a-3024f6730bef"",""id"":""urn:uuid:380414c0-9d1a-59f4-bffd-955def098115"",""normalized_state"":""candidate"",""owner_authority_id"":""urn:uuid:92460950-eecf-5596-88b7-bca9604a528a"",""owner_native_state"":null,""payload"":{""relation_type"":""precedes_in_release_order"",""source_unit_id"":""urn:uuid:7a6c88eb-6ebf-5295-9523-791f55a10774"",""target_unit_id"":""urn:uuid:77b4d818-65a5-568e-a8a8-3e27b4723303""},""record_type"":""relation"",""recorded_at"":""2026-09-07T00:00:00Z"",""semantic_key"":""c140:precedes:O006-C140-CMP-MS02:O006-C140-CMP-MS03""}"
tables/relations.jsonl,41,urn:uuid:46d248c6-118b-5c7f-ab27-569a6a0ac8e8,relation,"{""dataset_id"":""urn:uuid:b4219d4b-d4fb-5842-a22a-3024f6730bef"",""id"":""urn:uuid:46d248c6-118b-5c7f-ab27-569a6a0ac8e8"",""normalized_state"":""candidate"",""owner_authority_id"":""urn:uuid:92460950-eecf-5596-88b7-bca9604a528a"",""owner_native_state"":null,""payload"":{""relation_type"":""precedes_in_release_order"",""source_unit_id"":""urn:uuid:3bc78764-62ef-5297-a0e1-794c1b62b071"",""target_unit_id"":""urn:uuid:138c17ab-ce56-518a-896a-1f4e7f5e9378""},""record_type"":""relation"",""recorded_at"":""2026-09-07T00:00:00Z"",""semantic_key"":""c140:precedes:O006-C140-CMP-SIM005:O006-C140-CMP-SIM006""}"
tables/relations.jsonl,6,urn:uuid:55618f8c-9e67-5072-9ce5-3b303a668e54,relation,"{""dataset_id"":""urn:uuid:b4219d4b-d4fb-5842-a22a-3024f6730bef"",""id"":""urn:uuid:55618f8c-9e67-5072-9ce5-3b303a668e54"",""normalized_state"":""candidate"",""owner_authority_id"":""urn:uuid:92460950-eecf-5596-88b7-bca9604a528a"",""owner_native_state"":null,""payload"":{""relation_type"":""precedes_in_release_order"",""source_unit_id"":""urn:uuid:2a42e5c0-36c6-53dc-b068-2cf00c97ff9a"",""target_unit_id"":""urn:uuid:79cf18b3-8e1c-5a48-9430-cc6bd758b421""},""record_type"":""relation"",""recorded_at"":""2026-09-07T00:00:00Z"",""semantic_key"":""c140:precedes:O006-C140-CMP-CA02:O006-C140-CMP-CA03""}"
tables/relations.jsonl,2,urn:uuid:6038a504-59a0-51ac-af11-f1c37dc13953,relation,"{""dataset_id"":""urn:uuid:b4219d4b-d4fb-5842-a22a-3024f6730bef"",""id"":""urn:uuid:6038a504-59a0-51ac-af11-f1c37dc13953"",""normalized_state"":""candidate"",""owner_authority_id"":""urn:uuid:92460950-eecf-5596-88b7-bca9604a528a"",""owner_native_state"":null,""payload"":{""relation_type"":""course_prerequisite"",""source_course_id"":""C140"",""target_course_id"":""B90""},""record_type"":""relation"",""recorded_at"":""2026-09-07T00:00:00Z"",""semantic_key"":""c140:course-prerequisite:B90""}"
tables/relations.jsonl,21,urn:uuid:73bdb193-8336-563d-be2b-6aeaab6f9402,relation,"{""dataset_id"":""urn:uuid:b4219d4b-d4fb-5842-a22a-3024f6730bef"",""id"":""urn:uuid:73bdb193-8336-563d-be2b-6aeaab6f9402"",""normalized_state"":""candidate"",""owner_authority_id"":""urn:uuid:92460950-eecf-5596-88b7-bca9604a528a"",""owner_native_state"":null,""payload"":{""relation_type"":""precedes_in_release_order"",""source_unit_id"":""urn:uuid:d962893b-33f3-59e6-82ec-3675582ba3b5"",""target_unit_id"":""urn:uuid:115f20d9-6f5e-5df3-b96d-95a94f60f88a""},""record_type"":""relation"",""recorded_at"":""2026-09-07T00:00:00Z"",""semantic_key"":""c140:precedes:O006-C140-CMP-D012:O006-C140-CMP-D013""}"
tables/relations.jsonl,18,urn:uuid:7575c496-82a0-5f70-a348-e95e1caa614c,relation,"{""dataset_id"":""urn:uuid:b4219d4b-d4fb-5842-a22a-3024f6730bef"",""id"":""urn:uuid:7575c496-82a0-5f70-a348-e95e1caa614c"",""normalized_state"":""candidate"",""owner_authority_id"":""urn:uuid:92460950-eecf-5596-88b7-bca9604a528a"",""owner_native_state"":null,""payload"":{""relation_type"":""precedes_in_release_order"",""source_unit_id"":""urn:uuid:15c8b898-3278-5d02-bdaf-f89aa7c2356f"",""target_unit_id"":""urn:uuid:620a3754-3854-56a2-9070-7aad5018d722""},""record_type"":""relation"",""recorded_at"":""2026-09-07T00:00:00Z"",""semantic_key"":""c140:precedes:O006-C140-CMP-D009:O006-C140-CMP-D010""}"
tables/relations.jsonl,17,urn:uuid:76446550-c0c3-5eed-a7c5-777806a638ed,relation,"{""dataset_id"":""urn:uuid:b4219d4b-d4fb-5842-a22a-3024f6730bef"",""id"":""urn:uuid:76446550-c0c3-5eed-a7c5-777806a638ed"",""normalized_state"":""candidate"",""owner_authority_id"":""urn:uuid:92460950-eecf-5596-88b7-bca9604a528a"",""owner_native_state"":null,""payload"":{""relation_type"":""precedes_in_release_order"",""source_unit_id"":""urn:uuid:76fff72d-5b28-5276-8a8b-f801eb0544b6"",""target_unit_id"":""urn:uuid:15c8b898-3278-5d02-bdaf-f89aa7c2356f""},""record_type"":""relation"",""recorded_at"":""2026-09-07T00:00:00Z"",""semantic_key"":""c140:precedes:O006-C140-CMP-D008:O006-C140-CMP-D009""}"
tables/relations.jsonl,12,urn:uuid:8115a43b-4d70-5437-b55d-a116138ce07b,relation,"{""dataset_id"":""urn:uuid:b4219d4b-d4fb-5842-a22a-3024f6730bef"",""id"":""urn:uuid:8115a43b-4d70-5437-b55d-a116138ce07b"",""normalized_state"":""candidate"",""owner_authority_id"":""urn:uuid:92460950-eecf-5596-88b7-bca9604a528a"",""owner_native_state"":null,""payload"":{""relation_type"":""precedes_in_release_order"",""source_unit_id"":""urn:uuid:d113a082-3610-51e4-abc2-4226599ede95"",""target_unit_id"":""urn:uuid:eb531b5e-e7c1-5281-ac3e-cfef9ade2684""},""record_type"":""relation"",""recorded_at"":""2026-09-07T00:00:00Z"",""semantic_key"":""c140:precedes:O006-C140-CMP-D003:O006-C140-CMP-D004""}"
tables/relations.jsonl,31,urn:uuid:8f3072ea-1d8e-5142-b050-6faa2e3ad180,relation,"{""dataset_id"":""urn:uuid:b4219d4b-d4fb-5842-a22a-3024f6730bef"",""id"":""urn:uuid:8f3072ea-1d8e-5142-b050-6faa2e3ad180"",""normalized_state"":""candidate"",""owner_authority_id"":""urn:uuid:92460950-eecf-5596-88b7-bca9604a528a"",""owner_native_state"":null,""payload"":{""relation_type"":""precedes_in_release_order"",""source_unit_id"":""urn:uuid:342ec3de-3b84-588a-a81a-32c9b4cd5618"",""target_unit_id"":""urn:uuid:c743d941-8b2e-551d-9edd-e03bf3f721ca""},""record_type"":""relation"",""recorded_at"":""2026-09-07T00:00:00Z"",""semantic_key"":""c140:precedes:O006-C140-CMP-MS07:O006-C140-CMP-MS08""}"
tables/relations.jsonl,22,urn:uuid:97406b88-0b5f-5353-893a-5d332d671447,relation,"{""dataset_id"":""urn:uuid:b4219d4b-d4fb-5842-a22a-3024f6730bef"",""id"":""urn:uuid:97406b88-0b5f-5353-893a-5d332d671447"",""normalized_state"":""candidate"",""owner_authority_id"":""urn:uuid:92460950-eecf-5596-88b7-bca9604a528a"",""owner_native_state"":null,""payload"":{""relation_type"":""precedes_in_release_order"",""source_unit_id"":""urn:uuid:115f20d9-6f5e-5df3-b96d-95a94f60f88a"",""target_unit_id"":""urn:uuid:8d808d1d-8ac1-5c72-b953-743906af875d""},""record_type"":""relation"",""recorded_at"":""2026-09-07T00:00:00Z"",""semantic_key"":""c140:precedes:O006-C140-CMP-D013:O006-C140-CMP-SIM001""}"
tables/relations.jsonl,3,urn:uuid:987c56e2-7076-542c-a445-9c5685766d2f,relation,"{""dataset_id"":""urn:uuid:b4219d4b-d4fb-5842-a22a-3024f6730bef"",""id"":""urn:uuid:987c56e2-7076-542c-a445-9c5685766d2f"",""normalized_state"":""candidate"",""owner_authority_id"":""urn:uuid:92460950-eecf-5596-88b7-bca9604a528a"",""owner_native_state"":null,""payload"":{""relation_type"":""course_prerequisite"",""source_course_id"":""C140"",""target_course_id"":""B95""},""record_type"":""relation"",""recorded_at"":""2026-09-07T00:00:00Z"",""semantic_key"":""c140:course-prerequisite:B95""}"
tables/relations.jsonl,38,urn:uuid:98d8b3fa-12c5-57e9-9873-b133b68f4973,relation,"{""dataset_id"":""urn:uuid:b4219d4b-d4fb-5842-a22a-3024f6730bef"",""id"":""urn:uuid:98d8b3fa-12c5-57e9-9873-b133b68f4973"",""normalized_state"":""candidate"",""owner_authority_id"":""urn:uuid:92460950-eecf-5596-88b7-bca9604a528a"",""owner_native_state"":null,""payload"":{""relation_type"":""precedes_in_release_order"",""source_unit_id"":""urn:uuid:f7c1c608-6852-5f28-bff1-8a8c2f101410"",""target_unit_id"":""urn:uuid:4f125b66-d965-501e-bdea-72bc728426f9""},""record_type"":""relation"",""recorded_at"":""2026-09-07T00:00:00Z"",""semantic_key"":""c140:precedes:O006-C140-CMP-SIM002:O006-C140-CMP-SIM003""}"
tables/relations.jsonl,36,urn:uuid:9db28650-3966-5ba2-86bd-8a45430fe944,relation,"{""dataset_id"":""urn:uuid:b4219d4b-d4fb-5842-a22a-3024f6730bef"",""id"":""urn:uuid:9db28650-3966-5ba2-86bd-8a45430fe944"",""normalized_state"":""candidate"",""owner_authority_id"":""urn:uuid:92460950-eecf-5596-88b7-bca9604a528a"",""owner_native_state"":null,""payload"":{""relation_type"":""precedes_in_release_order"",""source_unit_id"":""urn:uuid:bb5215cb-30e3-5062-8dc1-54cdc1c9912d"",""target_unit_id"":""urn:uuid:fafa9547-e903-57db-ac22-56110a49f717""},""record_type"":""relation"",""recorded_at"":""2026-09-07T00:00:00Z"",""semantic_key"":""c140:precedes:O006-C140-CMP-MS12:O006-C140-CMP-CA01""}"
tables/relations.jsonl,35,urn:uuid:a10ee74d-9c08-523f-b944-4487b76f7ecd,relation,"{""dataset_id"":""urn:uuid:b4219d4b-d4fb-5842-a22a-3024f6730bef"",""id"":""urn:uuid:a10ee74d-9c08-523f-b944-4487b76f7ecd"",""normalized_state"":""candidate"",""owner_authority_id"":""urn:uuid:92460950-eecf-5596-88b7-bca9604a528a"",""owner_native_state"":null,""payload"":{""relation_type"":""precedes_in_release_order"",""source_unit_id"":""urn:uuid:4283fd82-324e-59d2-af13-0e7d8facbbd5"",""target_unit_id"":""urn:uuid:bb5215cb-30e3-5062-8dc1-54cdc1c9912d""},""record_type"":""relation"",""recorded_at"":""2026-09-07T00:00:00Z"",""semantic_key"":""c140:precedes:O006-C140-CMP-MS11:O006-C140-CMP-MS12""}"
tables/relations.jsonl,33,urn:uuid:a12ebd1e-7a9c-53ea-b9e3-fb80432be4dc,relation,"{""dataset_id"":""urn:uuid:b4219d4b-d4fb-5842-a22a-3024f6730bef"",""id"":""urn:uuid:a12ebd1e-7a9c-53ea-b9e3-fb80432be4dc"",""normalized_state"":""candidate"",""owner_authority_id"":""urn:uuid:92460950-eecf-5596-88b7-bca9604a528a"",""owner_native_state"":null,""payload"":{""relation_type"":""precedes_in_release_order"",""source_unit_id"":""urn:uuid:08f10365-1b28-58cd-9d30-7c535d952c26"",""target_unit_id"":""urn:uuid:3282734e-db98-507a-8517-375a18544fec""},""record_type"":""relation"",""recorded_at"":""2026-09-07T00:00:00Z"",""semantic_key"":""c140:precedes:O006-C140-CMP-MS09:O006-C140-CMP-MS10""}"
tables/relations.jsonl,29,urn:uuid:a4774a99-2aa4-54cd-ac6a-c33e13ace586,relation,"{""dataset_id"":""urn:uuid:b4219d4b-d4fb-5842-a22a-3024f6730bef"",""id"":""urn:uuid:a4774a99-2aa4-54cd-ac6a-c33e13ace586"",""normalized_state"":""candidate"",""owner_authority_id"":""urn:uuid:92460950-eecf-5596-88b7-bca9604a528a"",""owner_native_state"":null,""payload"":{""relation_type"":""precedes_in_release_order"",""source_unit_id"":""urn:uuid:c00ddf02-d6ec-5a9c-a88c-13849619cd03"",""target_unit_id"":""urn:uuid:df29d8d8-9e96-57c6-a97f-c82b1919c502""},""record_type"":""relation"",""recorded_at"":""2026-09-07T00:00:00Z"",""semantic_key"":""c140:precedes:O006-C140-CMP-MS05:O006-C140-CMP-MS06""}"
tables/relations.jsonl,11,urn:uuid:a4ddc8ee-f683-5616-bf2c-2547b90bf0e4,relation,"{""dataset_id"":""urn:uuid:b4219d4b-d4fb-5842-a22a-3024f6730bef"",""id"":""urn:uuid:a4ddc8ee-f683-5616-bf2c-2547b90bf0e4"",""normalized_state"":""candidate"",""owner_authority_id"":""urn:uuid:92460950-eecf-5596-88b7-bca9604a528a"",""owner_native_state"":null,""payload"":{""relation_type"":""precedes_in_release_order"",""source_unit_id"":""urn:uuid:f82810e1-e89a-56ad-ab4f-505a9a696695"",""target_unit_id"":""urn:uuid:d113a082-3610-51e4-abc2-4226599ede95""},""record_type"":""relation"",""recorded_at"":""2026-09-07T00:00:00Z"",""semantic_key"":""c140:precedes:O006-C140-CMP-D002:O006-C140-CMP-D003""}"
tables/relations.jsonl,25,urn:uuid:bd870362-c6fc-5b81-97ae-c8fa7b8fec7b,relation,"{""dataset_id"":""urn:uuid:b4219d4b-d4fb-5842-a22a-3024f6730bef"",""id"":""urn:uuid:bd870362-c6fc-5b81-97ae-c8fa7b8fec7b"",""normalized_state"":""candidate"",""owner_authority_id"":""urn:uuid:92460950-eecf-5596-88b7-bca9604a528a"",""owner_native_state"":null,""payload"":{""relation_type"":""precedes_in_release_order"",""source_unit_id"":""urn:uuid:3bcbe3f2-79e1-54eb-b48a-04cea3264623"",""target_unit_id"":""urn:uuid:7a6c88eb-6ebf-5295-9523-791f55a10774""},""record_type"":""relation"",""recorded_at"":""2026-09-07T00:00:00Z"",""semantic_key"":""c140:precedes:O006-C140-CMP-MS01:O006-C140-CMP-MS02""}"
tables/relations.jsonl,15,urn:uuid:bec6e82c-556c-5bc6-a4ac-fe93b61c3f7f,relation,"{""dataset_id"":""urn:uuid:b4219d4b-d4fb-5842-a22a-3024f6730bef"",""id"":""urn:uuid:bec6e82c-556c-5bc6-a4ac-fe93b61c3f7f"",""normalized_state"":""candidate"",""owner_authority_id"":""urn:uuid:92460950-eecf-5596-88b7-bca9604a528a"",""owner_native_state"":null,""payload"":{""relation_type"":""precedes_in_release_order"",""source_unit_id"":""urn:uuid:003842dd-f0ce-54ea-9412-bb5c78cc2b55"",""target_unit_id"":""urn:uuid:0bdea946-8565-5b3c-8f2e-1bd1835e30d8""},""record_type"":""relation"",""recorded_at"":""2026-09-07T00:00:00Z"",""semantic_key"":""c140:precedes:O006-C140-CMP-D006:O006-C140-CMP-D007""}"
tables/relations.jsonl,8,urn:uuid:c806ccdd-c4a1-520a-9310-304689e03a5b,relation,"{""dataset_id"":""urn:uuid:b4219d4b-d4fb-5842-a22a-3024f6730bef"",""id"":""urn:uuid:c806ccdd-c4a1-520a-9310-304689e03a5b"",""normalized_state"":""candidate"",""owner_authority_id"":""urn:uuid:92460950-eecf-5596-88b7-bca9604a528a"",""owner_native_state"":null,""payload"":{""relation_type"":""precedes_in_release_order"",""source_unit_id"":""urn:uuid:7462028d-3064-51a0-a615-31c34011e062"",""target_unit_id"":""urn:uuid:7d5708eb-e55b-57d0-a179-a88f95ac1b72""},""record_type"":""relation"",""recorded_at"":""2026-09-07T00:00:00Z"",""semantic_key"":""c140:precedes:O006-C140-CMP-CA04:O006-C140-CMP-CP01""}"
tables/relations.jsonl,37,urn:uuid:c83273f6-7e64-5e41-a9c7-ce2eb31f8e93,relation,"{""dataset_id"":""urn:uuid:b4219d4b-d4fb-5842-a22a-3024f6730bef"",""id"":""urn:uuid:c83273f6-7e64-5e41-a9c7-ce2eb31f8e93"",""normalized_state"":""candidate"",""owner_authority_id"":""urn:uuid:92460950-eecf-5596-88b7-bca9604a528a"",""owner_native_state"":null,""payload"":{""relation_type"":""precedes_in_release_order"",""source_unit_id"":""urn:uuid:8d808d1d-8ac1-5c72-b953-743906af875d"",""target_unit_id"":""urn:uuid:f7c1c608-6852-5f28-bff1-8a8c2f101410""},""record_type"":""relation"",""recorded_at"":""2026-09-07T00:00:00Z"",""semantic_key"":""c140:precedes:O006-C140-CMP-SIM001:O006-C140-CMP-SIM002""}"
tables/relations.jsonl,19,urn:uuid:ce2ad017-a644-5763-895b-5e7244ef1e9a,relation,"{""dataset_id"":""urn:uuid:b4219d4b-d4fb-5842-a22a-3024f6730bef"",""id"":""urn:uuid:ce2ad017-a644-5763-895b-5e7244ef1e9a"",""normalized_state"":""candidate"",""owner_authority_id"":""urn:uuid:92460950-eecf-5596-88b7-bca9604a528a"",""owner_native_state"":null,""payload"":{""relation_type"":""precedes_in_release_order"",""source_unit_id"":""urn:uuid:620a3754-3854-56a2-9070-7aad5018d722"",""target_unit_id"":""urn:uuid:de29cc54-c9c8-5744-a51c-a425f0cc2f8d""},""record_type"":""relation"",""recorded_at"":""2026-09-07T00:00:00Z"",""semantic_key"":""c140:precedes:O006-C140-CMP-D010:O006-C140-CMP-D011""}"
tables/relations.jsonl,20,urn:uuid:d247166f-efc7-519c-994a-4c116ab58b31,relation,"{""dataset_id"":""urn:uuid:b4219d4b-d4fb-5842-a22a-3024f6730bef"",""id"":""urn:uuid:d247166f-efc7-519c-994a-4c116ab58b31"",""normalized_state"":""candidate"",""owner_authority_id"":""urn:uuid:92460950-eecf-5596-88b7-bca9604a528a"",""owner_native_state"":null,""payload"":{""relation_type"":""precedes_in_release_order"",""source_unit_id"":""urn:uuid:de29cc54-c9c8-5744-a51c-a425f0cc2f8d"",""target_unit_id"":""urn:uuid:d962893b-33f3-59e6-82ec-3675582ba3b5""},""record_type"":""relation"",""recorded_at"":""2026-09-07T00:00:00Z"",""semantic_key"":""c140:precedes:O006-C140-CMP-D011:O006-C140-CMP-D012""}"
tables/relations.jsonl,4,urn:uuid:d9c42cc2-820a-50e9-817f-af2d744bfae2,relation,"{""dataset_id"":""urn:uuid:b4219d4b-d4fb-5842-a22a-3024f6730bef"",""id"":""urn:uuid:d9c42cc2-820a-50e9-817f-af2d744bfae2"",""normalized_state"":""candidate"",""owner_authority_id"":""urn:uuid:92460950-eecf-5596-88b7-bca9604a528a"",""owner_native_state"":null,""payload"":{""relation_type"":""course_prerequisite"",""source_course_id"":""C140"",""target_course_id"":""C10""},""record_type"":""relation"",""recorded_at"":""2026-09-07T00:00:00Z"",""semantic_key"":""c140:course-prerequisite:C10""}"
tables/relations.jsonl,1,urn:uuid:dcc4590f-9747-5b09-b0b6-7fb2343e3619,relation,"{""dataset_id"":""urn:uuid:b4219d4b-d4fb-5842-a22a-3024f6730bef"",""id"":""urn:uuid:dcc4590f-9747-5b09-b0b6-7fb2343e3619"",""normalized_state"":""candidate"",""owner_authority_id"":""urn:uuid:92460950-eecf-5596-88b7-bca9604a528a"",""owner_native_state"":null,""payload"":{""relation_type"":""course_prerequisite"",""source_course_id"":""C140"",""target_course_id"":""B40""},""record_type"":""relation"",""recorded_at"":""2026-09-07T00:00:00Z"",""semantic_key"":""c140:course-prerequisite:B40""}"
tables/relations.jsonl,7,urn:uuid:dfa4aefe-d0d7-5e74-be3e-7a8398786bb3,relation,"{""dataset_id"":""urn:uuid:b4219d4b-d4fb-5842-a22a-3024f6730bef"",""id"":""urn:uuid:dfa4aefe-d0d7-5e74-be3e-7a8398786bb3"",""normalized_state"":""candidate"",""owner_authority_id"":""urn:uuid:92460950-eecf-5596-88b7-bca9604a528a"",""owner_native_state"":null,""payload"":{""relation_type"":""precedes_in_release_order"",""source_unit_id"":""urn:uuid:79cf18b3-8e1c-5a48-9430-cc6bd758b421"",""target_unit_id"":""urn:uuid:7462028d-3064-51a0-a615-31c34011e062""},""record_type"":""relation"",""recorded_at"":""2026-09-07T00:00:00Z"",""semantic_key"":""c140:precedes:O006-C140-CMP-CA03:O006-C140-CMP-CA04""}"
tables/relations.jsonl,32,urn:uuid:e2ba2b80-5057-5075-affe-01f11efc94e0,relation,"{""dataset_id"":""urn:uuid:b4219d4b-d4fb-5842-a22a-3024f6730bef"",""id"":""urn:uuid:e2ba2b80-5057-5075-affe-01f11efc94e0"",""normalized_state"":""candidate"",""owner_authority_id"":""urn:uuid:92460950-eecf-5596-88b7-bca9604a528a"",""owner_native_state"":null,""payload"":{""relation_type"":""precedes_in_release_order"",""source_unit_id"":""urn:uuid:c743d941-8b2e-551d-9edd-e03bf3f721ca"",""target_unit_id"":""urn:uuid:08f10365-1b28-58cd-9d30-7c535d952c26""},""record_type"":""relation"",""recorded_at"":""2026-09-07T00:00:00Z"",""semantic_key"":""c140:precedes:O006-C140-CMP-MS08:O006-C140-CMP-MS09""}"
tables/relations.jsonl,14,urn:uuid:e92507f4-9ac4-5f98-a97e-e3526200ddfb,relation,"{""dataset_id"":""urn:uuid:b4219d4b-d4fb-5842-a22a-3024f6730bef"",""id"":""urn:uuid:e92507f4-9ac4-5f98-a97e-e3526200ddfb"",""normalized_state"":""candidate"",""owner_authority_id"":""urn:uuid:92460950-eecf-5596-88b7-bca9604a528a"",""owner_native_state"":null,""payload"":{""relation_type"":""precedes_in_release_order"",""source_unit_id"":""urn:uuid:dc26e5c2-5818-52cf-a352-46ea51dbecd2"",""target_unit_id"":""urn:uuid:003842dd-f0ce-54ea-9412-bb5c78cc2b55""},""record_type"":""relation"",""recorded_at"":""2026-09-07T00:00:00Z"",""semantic_key"":""c140:precedes:O006-C140-CMP-D005:O006-C140-CMP-D006""}"
tables/relations.jsonl,40,urn:uuid:e994027d-42d2-5ece-8974-5a867bed7e44,relation,"{""dataset_id"":""urn:uuid:b4219d4b-d4fb-5842-a22a-3024f6730bef"",""id"":""urn:uuid:e994027d-42d2-5ece-8974-5a867bed7e44"",""normalized_state"":""candidate"",""owner_authority_id"":""urn:uuid:92460950-eecf-5596-88b7-bca9604a528a"",""owner_native_state"":null,""payload"":{""relation_type"":""precedes_in_release_order"",""source_unit_id"":""urn:uuid:0a176e06-9a15-597e-ad5a-1995dccfd24c"",""target_unit_id"":""urn:uuid:3bc78764-62ef-5297-a0e1-794c1b62b071""},""record_type"":""relation"",""recorded_at"":""2026-09-07T00:00:00Z"",""semantic_key"":""c140:precedes:O006-C140-CMP-SIM004:O006-C140-CMP-SIM005""}"
tables/relations.jsonl,9,urn:uuid:e9c9f9d8-646a-5395-bd38-05b31a95174a,relation,"{""dataset_id"":""urn:uuid:b4219d4b-d4fb-5842-a22a-3024f6730bef"",""id"":""urn:uuid:e9c9f9d8-646a-5395-bd38-05b31a95174a"",""normalized_state"":""candidate"",""owner_authority_id"":""urn:uuid:92460950-eecf-5596-88b7-bca9604a528a"",""owner_native_state"":null,""payload"":{""relation_type"":""precedes_in_release_order"",""source_unit_id"":""urn:uuid:7d5708eb-e55b-57d0-a179-a88f95ac1b72"",""target_unit_id"":""urn:uuid:405d1c9d-31df-583e-94f2-600761d2177f""},""record_type"":""relation"",""recorded_at"":""2026-09-07T00:00:00Z"",""semantic_key"":""c140:precedes:O006-C140-CMP-CP01:O006-C140-CMP-CP02""}"
tables/relations.jsonl,5,urn:uuid:f26700a3-2399-52b7-9945-56f39035096a,relation,"{""dataset_id"":""urn:uuid:b4219d4b-d4fb-5842-a22a-3024f6730bef"",""id"":""urn:uuid:f26700a3-2399-52b7-9945-56f39035096a"",""normalized_state"":""candidate"",""owner_authority_id"":""urn:uuid:92460950-eecf-5596-88b7-bca9604a528a"",""owner_native_state"":null,""payload"":{""relation_type"":""precedes_in_release_order"",""source_unit_id"":""urn:uuid:fafa9547-e903-57db-ac22-56110a49f717"",""target_unit_id"":""urn:uuid:2a42e5c0-36c6-53dc-b068-2cf00c97ff9a""},""record_type"":""relation"",""recorded_at"":""2026-09-07T00:00:00Z"",""semantic_key"":""c140:precedes:O006-C140-CMP-CA01:O006-C140-CMP-CA02""}"
tables/relations.jsonl,28,urn:uuid:f2efe14a-c2d7-5136-8922-ac37b30e4ba4,relation,"{""dataset_id"":""urn:uuid:b4219d4b-d4fb-5842-a22a-3024f6730bef"",""id"":""urn:uuid:f2efe14a-c2d7-5136-8922-ac37b30e4ba4"",""normalized_state"":""candidate"",""owner_authority_id"":""urn:uuid:92460950-eecf-5596-88b7-bca9604a528a"",""owner_native_state"":null,""payload"":{""relation_type"":""precedes_in_release_order"",""source_unit_id"":""urn:uuid:5a05b574-6fcc-58cc-b73e-1c1d38c7c7cd"",""target_unit_id"":""urn:uuid:c00ddf02-d6ec-5a9c-a88c-13849619cd03""},""record_type"":""relation"",""recorded_at"":""2026-09-07T00:00:00Z"",""semantic_key"":""c140:precedes:O006-C140-CMP-MS04:O006-C140-CMP-MS05""}"
tables/rights.jsonl,2,urn:uuid:3718bdb4-d5c2-5047-bd1a-4845b0a8b794,rights,"{""dataset_id"":""urn:uuid:b4219d4b-d4fb-5842-a22a-3024f6730bef"",""id"":""urn:uuid:3718bdb4-d5c2-5047-bd1a-4845b0a8b794"",""normalized_state"":""candidate"",""owner_authority_id"":""urn:uuid:92460950-eecf-5596-88b7-bca9604a528a"",""owner_native_state"":null,""payload"":{""id"":""datasets"",""license"":""component-specific"",""note"":""Dataset rights remain per asset."",""status"":""verified""},""record_type"":""rights"",""recorded_at"":""2026-09-07T00:00:00Z"",""semantic_key"":""c140:rights:datasets""}"
tables/rights.jsonl,3,urn:uuid:66374b16-b55f-567a-8fcb-0f847d96fbca,rights,"{""dataset_id"":""urn:uuid:b4219d4b-d4fb-5842-a22a-3024f6730bef"",""id"":""urn:uuid:66374b16-b55f-567a-8fcb-0f847d96fbca"",""normalized_state"":""candidate"",""owner_authority_id"":""urn:uuid:92460950-eecf-5596-88b7-bca9604a528a"",""owner_native_state"":null,""payload"":{""id"":""penn-state"",""license"":""CC-BY-NC-4.0"",""note"":""Penn State source component."",""status"":""verified""},""record_type"":""rights"",""recorded_at"":""2026-09-07T00:00:00Z"",""semantic_key"":""c140:rights:penn-state""}"
tables/rights.jsonl,1,urn:uuid:d2dd0080-81b1-59c7-a90a-f064f96e781b,rights,"{""dataset_id"":""urn:uuid:b4219d4b-d4fb-5842-a22a-3024f6730bef"",""id"":""urn:uuid:d2dd0080-81b1-59c7-a90a-f064f96e781b"",""normalized_state"":""candidate"",""owner_authority_id"":""urn:uuid:92460950-eecf-5596-88b7-bca9604a528a"",""owner_native_state"":null,""payload"":{""id"":""companion"",""license"":""CC-BY-SA-4.0"",""note"":""Original companion component."",""status"":""verified""},""record_type"":""rights"",""recorded_at"":""2026-09-07T00:00:00Z"",""semantic_key"":""c140:rights:companion""}"
tables/rights_assignments.jsonl,1,urn:uuid:0ddf3ce4-67ab-5a88-a1d0-37cc49b72da3,rights_assignment,"{""dataset_id"":""urn:uuid:b4219d4b-d4fb-5842-a22a-3024f6730bef"",""id"":""urn:uuid:0ddf3ce4-67ab-5a88-a1d0-37cc49b72da3"",""normalized_state"":""candidate"",""owner_authority_id"":""urn:uuid:92460950-eecf-5596-88b7-bca9604a528a"",""owner_native_state"":null,""payload"":{""component_id"":""companion"",""rights_id"":""urn:uuid:d2dd0080-81b1-59c7-a90a-f064f96e781b"",""target_record_id"":""urn:uuid:b4219d4b-d4fb-5842-a22a-3024f6730bef"",""target_record_type"":""dataset""},""record_type"":""rights_assignment"",""recorded_at"":""2026-09-07T00:00:00Z"",""semantic_key"":""c140:rights-assignment:companion""}"
tables/rights_assignments.jsonl,3,urn:uuid:e380a81e-8c73-599a-b812-6179e85ddbf2,rights_assignment,"{""dataset_id"":""urn:uuid:b4219d4b-d4fb-5842-a22a-3024f6730bef"",""id"":""urn:uuid:e380a81e-8c73-599a-b812-6179e85ddbf2"",""normalized_state"":""candidate"",""owner_authority_id"":""urn:uuid:92460950-eecf-5596-88b7-bca9604a528a"",""owner_native_state"":null,""payload"":{""component_id"":""penn-state"",""rights_id"":""urn:uuid:66374b16-b55f-567a-8fcb-0f847d96fbca"",""target_record_id"":""urn:uuid:b4219d4b-d4fb-5842-a22a-3024f6730bef"",""target_record_type"":""dataset""},""record_type"":""rights_assignment"",""recorded_at"":""2026-09-07T00:00:00Z"",""semantic_key"":""c140:rights-assignment:penn-state""}"
tables/rights_assignments.jsonl,2,urn:uuid:e88b2e5f-cfb9-5c20-9fff-748ae91d30e0,rights_assignment,"{""dataset_id"":""urn:uuid:b4219d4b-d4fb-5842-a22a-3024f6730bef"",""id"":""urn:uuid:e88b2e5f-cfb9-5c20-9fff-748ae91d30e0"",""normalized_state"":""candidate"",""owner_authority_id"":""urn:uuid:92460950-eecf-5596-88b7-bca9604a528a"",""owner_native_state"":null,""payload"":{""component_id"":""datasets"",""rights_id"":""urn:uuid:3718bdb4-d5c2-5047-bd1a-4845b0a8b794"",""target_record_id"":""urn:uuid:b4219d4b-d4fb-5842-a22a-3024f6730bef"",""target_record_type"":""dataset""},""record_type"":""rights_assignment"",""recorded_at"":""2026-09-07T00:00:00Z"",""semantic_key"":""c140:rights-assignment:datasets""}"
tables/routes.jsonl,1,urn:uuid:bc7be924-b2d7-52ca-8360-1e756c6c945b,route,"{""dataset_id"":""urn:uuid:b4219d4b-d4fb-5842-a22a-3024f6730bef"",""id"":""urn:uuid:bc7be924-b2d7-52ca-8360-1e756c6c945b"",""normalized_state"":""published"",""owner_authority_id"":""urn:uuid:92460950-eecf-5596-88b7-bca9604a528a"",""owner_native_state"":null,""payload"":{""action"":""html"",""reader_surface_id"":""urn:uuid:6360f262-f135-5d11-8c3b-42c95cf2bb4d"",""route"":""/id/courses/C140/"",""state"":""published""},""record_type"":""route"",""recorded_at"":""2026-09-07T00:00:00Z"",""semantic_key"":""c140:route:html""}"
tables/search_documents.jsonl,15,urn:uuid:00090d52-1da2-5f5b-8751-8295151a5ac8,search_document,"{""dataset_id"":""urn:uuid:b4219d4b-d4fb-5842-a22a-3024f6730bef"",""id"":""urn:uuid:00090d52-1da2-5f5b-8751-8295151a5ac8"",""normalized_state"":""candidate"",""owner_authority_id"":""urn:uuid:92460950-eecf-5596-88b7-bca9604a528a"",""owner_native_state"":null,""payload"":{""label"":""O006-C140-CMP-D009"",""ordinal"":10,""title"":""OLS, MLE Gaussian, dan teorema Gauss–Markov pada desain tetap"",""unit_id"":""urn:uuid:15c8b898-3278-5d02-bdaf-f89aa7c2356f""},""record_type"":""search_document"",""recorded_at"":""2026-09-07T00:00:00Z"",""semantic_key"":""c140:search:O006-C140-CMP-D009""}"
tables/search_documents.jsonl,37,urn:uuid:07241f04-f316-58ac-99fe-357c9e311056,search_document,"{""dataset_id"":""urn:uuid:b4219d4b-d4fb-5842-a22a-3024f6730bef"",""id"":""urn:uuid:07241f04-f316-58ac-99fe-357c9e311056"",""normalized_state"":""candidate"",""owner_authority_id"":""urn:uuid:92460950-eecf-5596-88b7-bca9604a528a"",""owner_native_state"":null,""payload"":{""label"":""O006-C140-CMP-SIM004"",""ordinal"":18,""title"":""Uji Neyman–Pearson teracak dengan ukuran uji tepat"",""unit_id"":""urn:uuid:0a176e06-9a15-597e-ad5a-1995dccfd24c""},""record_type"":""search_document"",""recorded_at"":""2026-09-07T00:00:00Z"",""semantic_key"":""c140:search:O006-C140-CMP-SIM004""}"
tables/search_documents.jsonl,11,urn:uuid:0b93e97e-4fce-5621-a10d-99903e720b6b,search_document,"{""dataset_id"":""urn:uuid:b4219d4b-d4fb-5842-a22a-3024f6730bef"",""id"":""urn:uuid:0b93e97e-4fce-5621-a10d-99903e720b6b"",""normalized_state"":""candidate"",""owner_authority_id"":""urn:uuid:92460950-eecf-5596-88b7-bca9604a528a"",""owner_native_state"":null,""payload"":{""label"":""O006-C140-CMP-D005"",""ordinal"":6,""title"":""Fungsi kemungkinan nonreguler: empat mekanisme kegagalan"",""unit_id"":""urn:uuid:dc26e5c2-5818-52cf-a352-46ea51dbecd2""},""record_type"":""search_document"",""recorded_at"":""2026-09-07T00:00:00Z"",""semantic_key"":""c140:search:O006-C140-CMP-D005""}"
tables/search_documents.jsonl,20,urn:uuid:0fb7b786-c59a-5640-ac92-e6ca965f16ec,search_document,"{""dataset_id"":""urn:uuid:b4219d4b-d4fb-5842-a22a-3024f6730bef"",""id"":""urn:uuid:0fb7b786-c59a-5640-ac92-e6ca965f16ec"",""normalized_state"":""candidate"",""owner_authority_id"":""urn:uuid:92460950-eecf-5596-88b7-bca9604a528a"",""owner_native_state"":null,""payload"":{""label"":""O006-C140-CMP-INDEX"",""ordinal"":1,""title"":""Pendamping Orisinal Statistika Matematis"",""unit_id"":""urn:uuid:cea4f380-c2e0-57d4-9530-25b53ffc2cab""},""record_type"":""search_document"",""recorded_at"":""2026-09-07T00:00:00Z"",""semantic_key"":""c140:search:O006-C140-CMP-INDEX""}"
tables/search_documents.jsonl,17,urn:uuid:109ba784-1af5-5781-881d-3bc3a0002f0d,search_document,"{""dataset_id"":""urn:uuid:b4219d4b-d4fb-5842-a22a-3024f6730bef"",""id"":""urn:uuid:109ba784-1af5-5781-881d-3bc3a0002f0d"",""normalized_state"":""candidate"",""owner_authority_id"":""urn:uuid:92460950-eecf-5596-88b7-bca9604a528a"",""owner_native_state"":null,""payload"":{""label"":""O006-C140-CMP-D011"",""ordinal"":12,""title"":""Diagnostik, daya ungkit, kesalahan spesifikasi, dan inferensi pascaseleksi"",""unit_id"":""urn:uuid:de29cc54-c9c8-5744-a51c-a425f0cc2f8d""},""record_type"":""search_document"",""recorded_at"":""2026-09-07T00:00:00Z"",""semantic_key"":""c140:search:O006-C140-CMP-D011""}"
tables/search_documents.jsonl,14,urn:uuid:112b323c-3959-5b77-8d63-688a5353a2b5,search_document,"{""dataset_id"":""urn:uuid:b4219d4b-d4fb-5842-a22a-3024f6730bef"",""id"":""urn:uuid:112b323c-3959-5b77-8d63-688a5353a2b5"",""normalized_state"":""candidate"",""owner_authority_id"":""urn:uuid:92460950-eecf-5596-88b7-bca9604a528a"",""owner_native_state"":null,""payload"":{""label"":""O006-C140-CMP-D008"",""ordinal"":9,""title"":""Model linear Gaussian berdesain tetap dan geometri proyeksi"",""unit_id"":""urn:uuid:76fff72d-5b28-5276-8a8b-f801eb0544b6""},""record_type"":""search_document"",""recorded_at"":""2026-09-07T00:00:00Z"",""semantic_key"":""c140:search:O006-C140-CMP-D008""}"
tables/search_documents.jsonl,21,urn:uuid:12f43239-e7a7-555b-9047-e98a337b07a3,search_document,"{""dataset_id"":""urn:uuid:b4219d4b-d4fb-5842-a22a-3024f6730bef"",""id"":""urn:uuid:12f43239-e7a7-555b-9047-e98a337b07a3"",""normalized_state"":""candidate"",""owner_authority_id"":""urn:uuid:92460950-eecf-5596-88b7-bca9604a528a"",""owner_native_state"":null,""payload"":{""label"":""O006-C140-CMP-MS00"",""ordinal"":21,""title"":""Set penguasaan 00 — probabilitas, distribusi, dan ekspektasi (diagnostik C140)"",""unit_id"":""urn:uuid:95c98579-3a9e-5a08-be76-843bdc87a92b""},""record_type"":""search_document"",""recorded_at"":""2026-09-07T00:00:00Z"",""semantic_key"":""c140:search:O006-C140-CMP-MS00""}"
tables/search_documents.jsonl,9,urn:uuid:18715128-150d-5944-9dab-3f8941bc1981,search_document,"{""dataset_id"":""urn:uuid:b4219d4b-d4fb-5842-a22a-3024f6730bef"",""id"":""urn:uuid:18715128-150d-5944-9dab-3f8941bc1981"",""normalized_state"":""candidate"",""owner_authority_id"":""urn:uuid:92460950-eecf-5596-88b7-bca9604a528a"",""owner_native_state"":null,""payload"":{""label"":""O006-C140-CMP-D003"",""ordinal"":4,""title"":""Ekspansi kuadratik lokal fungsi log-kemungkinan, normalitas asimtotik, dan metode delta"",""unit_id"":""urn:uuid:d113a082-3610-51e4-abc2-4226599ede95""},""record_type"":""search_document"",""recorded_at"":""2026-09-07T00:00:00Z"",""semantic_key"":""c140:search:O006-C140-CMP-D003""}"
tables/search_documents.jsonl,3,urn:uuid:18e6f389-7c50-50fc-b4b2-11fb2ac5f990,search_document,"{""dataset_id"":""urn:uuid:b4219d4b-d4fb-5842-a22a-3024f6730bef"",""id"":""urn:uuid:18e6f389-7c50-50fc-b4b2-11fb2ac5f990"",""normalized_state"":""candidate"",""owner_authority_id"":""urn:uuid:92460950-eecf-5596-88b7-bca9604a528a"",""owner_native_state"":null,""payload"":{""label"":""O006-C140-CMP-CA03"",""ordinal"":36,""title"":""Asesmen kumulatif CA03 — model linear dalam bentuk matriks, inferensi eksak, dan diagnostik"",""unit_id"":""urn:uuid:79cf18b3-8e1c-5a48-9430-cc6bd758b421""},""record_type"":""search_document"",""recorded_at"":""2026-09-07T00:00:00Z"",""semantic_key"":""c140:search:O006-C140-CMP-CA03""}"
tables/search_documents.jsonl,1,urn:uuid:1aa860bf-4345-5c36-998a-d5b2a5fbdaf2,search_document,"{""dataset_id"":""urn:uuid:b4219d4b-d4fb-5842-a22a-3024f6730bef"",""id"":""urn:uuid:1aa860bf-4345-5c36-998a-d5b2a5fbdaf2"",""normalized_state"":""candidate"",""owner_authority_id"":""urn:uuid:92460950-eecf-5596-88b7-bca9604a528a"",""owner_native_state"":null,""payload"":{""label"":""O006-C140-CMP-CA01"",""ordinal"":34,""title"":""Asesmen kumulatif C1: fungsi kemungkinan, optimalitas, dan keputusan statistik"",""unit_id"":""urn:uuid:fafa9547-e903-57db-ac22-56110a49f717""},""record_type"":""search_document"",""recorded_at"":""2026-09-07T00:00:00Z"",""semantic_key"":""c140:search:O006-C140-CMP-CA01""}"
tables/search_documents.jsonl,12,urn:uuid:1bdb1875-93f3-5076-9f64-b3a4649352d6,search_document,"{""dataset_id"":""urn:uuid:b4219d4b-d4fb-5842-a22a-3024f6730bef"",""id"":""urn:uuid:1bdb1875-93f3-5076-9f64-b3a4649352d6"",""normalized_state"":""candidate"",""owner_authority_id"":""urn:uuid:92460950-eecf-5596-88b7-bca9604a528a"",""owner_native_state"":null,""payload"":{""label"":""O006-C140-CMP-D006"",""ordinal"":7,""title"":""Optimalitas pengujian: Neyman–Pearson, MP, UMP, dan rasio fungsi kemungkinan monoton"",""unit_id"":""urn:uuid:003842dd-f0ce-54ea-9412-bb5c78cc2b55""},""record_type"":""search_document"",""recorded_at"":""2026-09-07T00:00:00Z"",""semantic_key"":""c140:search:O006-C140-CMP-D006""}"
tables/search_documents.jsonl,36,urn:uuid:1fd4dffc-a108-59f7-ba81-34843c2c8a68,search_document,"{""dataset_id"":""urn:uuid:b4219d4b-d4fb-5842-a22a-3024f6730bef"",""id"":""urn:uuid:1fd4dffc-a108-59f7-ba81-34843c2c8a68"",""normalized_state"":""candidate"",""owner_authority_id"":""urn:uuid:92460950-eecf-5596-88b7-bca9604a528a"",""owner_native_state"":null,""payload"":{""label"":""O006-C140-CMP-SIM003"",""ordinal"":17,""title"":""Distribusi seragam pada batas dukungan: laju nonreguler dan kegagalan bootstrap biasa"",""unit_id"":""urn:uuid:4f125b66-d965-501e-bdea-72bc728426f9""},""record_type"":""search_document"",""recorded_at"":""2026-09-07T00:00:00Z"",""semantic_key"":""c140:search:O006-C140-CMP-SIM003""}"
tables/search_documents.jsonl,19,urn:uuid:2ffa545c-b26e-5a6c-8428-540a86b606af,search_document,"{""dataset_id"":""urn:uuid:b4219d4b-d4fb-5842-a22a-3024f6730bef"",""id"":""urn:uuid:2ffa545c-b26e-5a6c-8428-540a86b606af"",""normalized_state"":""candidate"",""owner_authority_id"":""urn:uuid:92460950-eecf-5596-88b7-bca9604a528a"",""owner_native_state"":null,""payload"":{""label"":""O006-C140-CMP-D013"",""ordinal"":14,""title"":""Perbandingan Bayesian–frekuentis: keputusan, cakupan, dan kalibrasi"",""unit_id"":""urn:uuid:115f20d9-6f5e-5df3-b96d-95a94f60f88a""},""record_type"":""search_document"",""recorded_at"":""2026-09-07T00:00:00Z"",""semantic_key"":""c140:search:O006-C140-CMP-D013""}"
tables/search_documents.jsonl,28,urn:uuid:3002ab57-e3c5-5740-88e4-597fcf41fcb2,search_document,"{""dataset_id"":""urn:uuid:b4219d4b-d4fb-5842-a22a-3024f6730bef"",""id"":""urn:uuid:3002ab57-e3c5-5740-88e4-597fcf41fcb2"",""normalized_state"":""candidate"",""owner_authority_id"":""urn:uuid:92460950-eecf-5596-88b7-bca9604a528a"",""owner_native_state"":null,""payload"":{""label"":""O006-C140-CMP-MS07"",""ordinal"":28,""title"":""Set penguasaan 07 — keteraturan, konsistensi, dan normalitas MLE"",""unit_id"":""urn:uuid:342ec3de-3b84-588a-a81a-32c9b4cd5618""},""record_type"":""search_document"",""recorded_at"":""2026-09-07T00:00:00Z"",""semantic_key"":""c140:search:O006-C140-CMP-MS07""}"
tables/search_documents.jsonl,35,urn:uuid:3ca4e732-751b-5087-9a15-3cf678326618,search_document,"{""dataset_id"":""urn:uuid:b4219d4b-d4fb-5842-a22a-3024f6730bef"",""id"":""urn:uuid:3ca4e732-751b-5087-9a15-3cf678326618"",""normalized_state"":""candidate"",""owner_authority_id"":""urn:uuid:92460950-eecf-5596-88b7-bca9604a528a"",""owner_native_state"":null,""payload"":{""label"":""O006-C140-CMP-SIM002"",""ordinal"":16,""title"":""Metode delta pada titik reguler dan titik dengan turunan nol"",""unit_id"":""urn:uuid:f7c1c608-6852-5f28-bff1-8a8c2f101410""},""record_type"":""search_document"",""recorded_at"":""2026-09-07T00:00:00Z"",""semantic_key"":""c140:search:O006-C140-CMP-SIM002""}"
tables/search_documents.jsonl,13,urn:uuid:3d75a3b2-cd03-50ff-9d6b-efae836f3b2c,search_document,"{""dataset_id"":""urn:uuid:b4219d4b-d4fb-5842-a22a-3024f6730bef"",""id"":""urn:uuid:3d75a3b2-cd03-50ff-9d6b-efae836f3b2c"",""normalized_state"":""candidate"",""owner_authority_id"":""urn:uuid:92460950-eecf-5596-88b7-bca9604a528a"",""owner_native_state"":null,""payload"":{""label"":""O006-C140-CMP-D007"",""ordinal"":8,""title"":""Kerugian, risiko, efisiensi, Rao–Blackwell, dan Lehmann–Scheffé"",""unit_id"":""urn:uuid:0bdea946-8565-5b3c-8f2e-1bd1835e30d8""},""record_type"":""search_document"",""recorded_at"":""2026-09-07T00:00:00Z"",""semantic_key"":""c140:search:O006-C140-CMP-D007""}"
tables/search_documents.jsonl,18,urn:uuid:424f8bd2-78e6-56d8-8aed-01a1706779de,search_document,"{""dataset_id"":""urn:uuid:b4219d4b-d4fb-5842-a22a-3024f6730bef"",""id"":""urn:uuid:424f8bd2-78e6-56d8-8aed-01a1706779de"",""normalized_state"":""candidate"",""owner_authority_id"":""urn:uuid:92460950-eecf-5596-88b7-bca9604a528a"",""owner_native_state"":null,""payload"":{""label"":""O006-C140-CMP-D012"",""ordinal"":13,""title"":""Inferensi Bayesian sebagai pembaruan dan keputusan yang koheren"",""unit_id"":""urn:uuid:d962893b-33f3-59e6-82ec-3675582ba3b5""},""record_type"":""search_document"",""recorded_at"":""2026-09-07T00:00:00Z"",""semantic_key"":""c140:search:O006-C140-CMP-D012""}"
tables/search_documents.jsonl,6,urn:uuid:448937e3-73fb-5789-a6bf-20fc4430e02b,search_document,"{""dataset_id"":""urn:uuid:b4219d4b-d4fb-5842-a22a-3024f6730bef"",""id"":""urn:uuid:448937e3-73fb-5789-a6bf-20fc4430e02b"",""normalized_state"":""candidate"",""owner_authority_id"":""urn:uuid:92460950-eecf-5596-88b7-bca9604a528a"",""owner_native_state"":null,""payload"":{""label"":""O006-C140-CMP-CP02"",""ordinal"":39,""title"":""Proyek akhir CP02 — perbandingan Bayesian–frekuentis pada data agregat kecenderungan bersarang greater sage-grouse"",""unit_id"":""urn:uuid:405d1c9d-31df-583e-94f2-600761d2177f""},""record_type"":""search_document"",""recorded_at"":""2026-09-07T00:00:00Z"",""semantic_key"":""c140:search:O006-C140-CMP-CP02""}"
tables/search_documents.jsonl,31,urn:uuid:464212f4-80be-5efd-a696-4fc09a86dd7a,search_document,"{""dataset_id"":""urn:uuid:b4219d4b-d4fb-5842-a22a-3024f6730bef"",""id"":""urn:uuid:464212f4-80be-5efd-a696-4fc09a86dd7a"",""normalized_state"":""candidate"",""owner_authority_id"":""urn:uuid:92460950-eecf-5596-88b7-bca9604a528a"",""owner_native_state"":null,""payload"":{""label"":""O006-C140-CMP-MS10"",""ordinal"":31,""title"":""Set penguasaan 10 — uji fungsi kemungkinan asimtotik, risiko, dan perbaikan penduga"",""unit_id"":""urn:uuid:3282734e-db98-507a-8517-375a18544fec""},""record_type"":""search_document"",""recorded_at"":""2026-09-07T00:00:00Z"",""semantic_key"":""c140:search:O006-C140-CMP-MS10""}"
tables/search_documents.jsonl,10,urn:uuid:46f93ab3-fb09-5e33-a502-e14b777580ea,search_document,"{""dataset_id"":""urn:uuid:b4219d4b-d4fb-5842-a22a-3024f6730bef"",""id"":""urn:uuid:46f93ab3-fb09-5e33-a502-e14b777580ea"",""normalized_state"":""candidate"",""owner_authority_id"":""urn:uuid:92460950-eecf-5596-88b7-bca9604a528a"",""owner_native_state"":null,""payload"":{""label"":""O006-C140-CMP-D004"",""ordinal"":5,""title"":""Prosedur Wald, skor, dan rasio fungsi kemungkinan"",""unit_id"":""urn:uuid:eb531b5e-e7c1-5281-ac3e-cfef9ade2684""},""record_type"":""search_document"",""recorded_at"":""2026-09-07T00:00:00Z"",""semantic_key"":""c140:search:O006-C140-CMP-D004""}"
tables/search_documents.jsonl,4,urn:uuid:490910d9-5c7f-59bb-912d-3bd6412fde65,search_document,"{""dataset_id"":""urn:uuid:b4219d4b-d4fb-5842-a22a-3024f6730bef"",""id"":""urn:uuid:490910d9-5c7f-59bb-912d-3bd6412fde65"",""normalized_state"":""candidate"",""owner_authority_id"":""urn:uuid:92460950-eecf-5596-88b7-bca9604a528a"",""owner_native_state"":null,""payload"":{""label"":""O006-C140-CMP-CA04"",""ordinal"":37,""title"":""Asesmen kumulatif CA04 — sintesis Bayesian–frekuentis"",""unit_id"":""urn:uuid:7462028d-3064-51a0-a615-31c34011e062""},""record_type"":""search_document"",""recorded_at"":""2026-09-07T00:00:00Z"",""semantic_key"":""c140:search:O006-C140-CMP-CA04""}"
tables/search_documents.jsonl,27,urn:uuid:64b0646c-29e8-56af-802c-ebe127738596,search_document,"{""dataset_id"":""urn:uuid:b4219d4b-d4fb-5842-a22a-3024f6730bef"",""id"":""urn:uuid:64b0646c-29e8-56af-802c-ebe127738596"",""normalized_state"":""candidate"",""owner_authority_id"":""urn:uuid:92460950-eecf-5596-88b7-bca9604a528a"",""owner_native_state"":null,""payload"":{""label"":""O006-C140-CMP-MS06"",""ordinal"":27,""title"":""Set penguasaan 06 — pengujian hipotesis, daya, nilai-p, dan jembatan ke teori fungsi kemungkinan"",""unit_id"":""urn:uuid:df29d8d8-9e96-57c6-a97f-c82b1919c502""},""record_type"":""search_document"",""recorded_at"":""2026-09-07T00:00:00Z"",""semantic_key"":""c140:search:O006-C140-CMP-MS06""}"
tables/search_documents.jsonl,23,urn:uuid:64e66c77-c7b0-5ed0-b73b-134296810748,search_document,"{""dataset_id"":""urn:uuid:b4219d4b-d4fb-5842-a22a-3024f6730bef"",""id"":""urn:uuid:64e66c77-c7b0-5ed0-b73b-134296810748"",""normalized_state"":""candidate"",""owner_authority_id"":""urn:uuid:92460950-eecf-5596-88b7-bca9604a528a"",""owner_native_state"":null,""payload"":{""label"":""O006-C140-CMP-MS02"",""ordinal"":23,""title"":""Set penguasaan 02 — estimasi, bias, MSE, dan sifat penduga"",""unit_id"":""urn:uuid:7a6c88eb-6ebf-5295-9523-791f55a10774""},""record_type"":""search_document"",""recorded_at"":""2026-09-07T00:00:00Z"",""semantic_key"":""c140:search:O006-C140-CMP-MS02""}"
tables/search_documents.jsonl,7,urn:uuid:67801cab-dd0a-5383-b8c8-05c872ea290f,search_document,"{""dataset_id"":""urn:uuid:b4219d4b-d4fb-5842-a22a-3024f6730bef"",""id"":""urn:uuid:67801cab-dd0a-5383-b8c8-05c872ea290f"",""normalized_state"":""candidate"",""owner_authority_id"":""urn:uuid:92460950-eecf-5596-88b7-bca9604a528a"",""owner_native_state"":null,""payload"":{""label"":""O006-C140-CMP-D001"",""ordinal"":2,""title"":""Model parametrik reguler, skor, dan informasi Fisher"",""unit_id"":""urn:uuid:1ec03fa6-8d94-5f1a-9ac3-6c7034cd7824""},""record_type"":""search_document"",""recorded_at"":""2026-09-07T00:00:00Z"",""semantic_key"":""c140:search:O006-C140-CMP-D001""}"
tables/search_documents.jsonl,5,urn:uuid:7eabb149-d854-5632-b84a-61eb16946c67,search_document,"{""dataset_id"":""urn:uuid:b4219d4b-d4fb-5842-a22a-3024f6730bef"",""id"":""urn:uuid:7eabb149-d854-5632-b84a-61eb16946c67"",""normalized_state"":""candidate"",""owner_authority_id"":""urn:uuid:92460950-eecf-5596-88b7-bca9604a528a"",""owner_native_state"":null,""payload"":{""label"":""O006-C140-CMP-CP01"",""ordinal"":38,""title"":""Proyek akhir integratif CP01 — regresi data terbuka untuk kuat tekan beton"",""unit_id"":""urn:uuid:7d5708eb-e55b-57d0-a179-a88f95ac1b72""},""record_type"":""search_document"",""recorded_at"":""2026-09-07T00:00:00Z"",""semantic_key"":""c140:search:O006-C140-CMP-CP01""}"
tables/search_documents.jsonl,2,urn:uuid:9499446f-4997-5f90-b7e1-63ae5d9ccbf5,search_document,"{""dataset_id"":""urn:uuid:b4219d4b-d4fb-5842-a22a-3024f6730bef"",""id"":""urn:uuid:9499446f-4997-5f90-b7e1-63ae5d9ccbf5"",""normalized_state"":""candidate"",""owner_authority_id"":""urn:uuid:92460950-eecf-5596-88b7-bca9604a528a"",""owner_native_state"":null,""payload"":{""label"":""O006-C140-CMP-CA02"",""ordinal"":35,""title"":""Asesmen kumulatif CA02 — fondasi inferensi sampel berhingga"",""unit_id"":""urn:uuid:2a42e5c0-36c6-53dc-b068-2cf00c97ff9a""},""record_type"":""search_document"",""recorded_at"":""2026-09-07T00:00:00Z"",""semantic_key"":""c140:search:O006-C140-CMP-CA02""}"
tables/search_documents.jsonl,33,urn:uuid:98ba33c8-83a3-5c93-9fe3-5c40b3fc2ccb,search_document,"{""dataset_id"":""urn:uuid:b4219d4b-d4fb-5842-a22a-3024f6730bef"",""id"":""urn:uuid:98ba33c8-83a3-5c93-9fe3-5c40b3fc2ccb"",""normalized_state"":""candidate"",""owner_authority_id"":""urn:uuid:92460950-eecf-5596-88b7-bca9604a528a"",""owner_native_state"":null,""payload"":{""label"":""O006-C140-CMP-MS12"",""ordinal"":33,""title"":""Set penguasaan 12 — model linear Gaussian dalam bentuk matriks, inferensi eksak, dan diagnostik"",""unit_id"":""urn:uuid:bb5215cb-30e3-5062-8dc1-54cdc1c9912d""},""record_type"":""search_document"",""recorded_at"":""2026-09-07T00:00:00Z"",""semantic_key"":""c140:search:O006-C140-CMP-MS12""}"
tables/search_documents.jsonl,25,urn:uuid:9c855e15-1b97-5574-a838-157cc269cc9b,search_document,"{""dataset_id"":""urn:uuid:b4219d4b-d4fb-5842-a22a-3024f6730bef"",""id"":""urn:uuid:9c855e15-1b97-5574-a838-157cc269cc9b"",""normalized_state"":""candidate"",""owner_authority_id"":""urn:uuid:92460950-eecf-5596-88b7-bca9604a528a"",""owner_native_state"":null,""payload"":{""label"":""O006-C140-CMP-MS04"",""ordinal"":25,""title"":""Set penguasaan 04 — metode momen dan dasar kemungkinan maksimum"",""unit_id"":""urn:uuid:5a05b574-6fcc-58cc-b73e-1c1d38c7c7cd""},""record_type"":""search_document"",""recorded_at"":""2026-09-07T00:00:00Z"",""semantic_key"":""c140:search:O006-C140-CMP-MS04""}"
tables/search_documents.jsonl,29,urn:uuid:a4cad632-5ffa-5551-8f94-7e9fc3892aa8,search_document,"{""dataset_id"":""urn:uuid:b4219d4b-d4fb-5842-a22a-3024f6730bef"",""id"":""urn:uuid:a4cad632-5ffa-5551-8f94-7e9fc3892aa8"",""normalized_state"":""candidate"",""owner_authority_id"":""urn:uuid:92460950-eecf-5596-88b7-bca9604a528a"",""owner_native_state"":null,""payload"":{""label"":""O006-C140-CMP-MS08"",""ordinal"":29,""title"":""Set penguasaan 08 — Wald, skor, rasio fungsi kemungkinan, dan diagnosis nonreguler"",""unit_id"":""urn:uuid:c743d941-8b2e-551d-9edd-e03bf3f721ca""},""record_type"":""search_document"",""recorded_at"":""2026-09-07T00:00:00Z"",""semantic_key"":""c140:search:O006-C140-CMP-MS08""}"
tables/search_documents.jsonl,30,urn:uuid:a88d3bec-84ef-51b1-9268-486c20ba04b9,search_document,"{""dataset_id"":""urn:uuid:b4219d4b-d4fb-5842-a22a-3024f6730bef"",""id"":""urn:uuid:a88d3bec-84ef-51b1-9268-486c20ba04b9"",""normalized_state"":""candidate"",""owner_authority_id"":""urn:uuid:92460950-eecf-5596-88b7-bca9604a528a"",""owner_native_state"":null,""payload"":{""label"":""O006-C140-CMP-MS09"",""ordinal"":30,""title"":""Set penguasaan 09 — pengujian eksak dan optimalitas Neyman–Pearson"",""unit_id"":""urn:uuid:08f10365-1b28-58cd-9d30-7c535d952c26""},""record_type"":""search_document"",""recorded_at"":""2026-09-07T00:00:00Z"",""semantic_key"":""c140:search:O006-C140-CMP-MS09""}"
tables/search_documents.jsonl,34,urn:uuid:b0a151c2-8f6e-5012-aa07-b9e102877655,search_document,"{""dataset_id"":""urn:uuid:b4219d4b-d4fb-5842-a22a-3024f6730bef"",""id"":""urn:uuid:b0a151c2-8f6e-5012-aa07-b9e102877655"",""normalized_state"":""candidate"",""owner_authority_id"":""urn:uuid:92460950-eecf-5596-88b7-bca9604a528a"",""owner_native_state"":null,""payload"":{""label"":""O006-C140-CMP-SIM001"",""ordinal"":15,""title"":""Model lokasi normal: MLE, cakupan, dan tiga statistik uji"",""unit_id"":""urn:uuid:8d808d1d-8ac1-5c72-b953-743906af875d""},""record_type"":""search_document"",""recorded_at"":""2026-09-07T00:00:00Z"",""semantic_key"":""c140:search:O006-C140-CMP-SIM001""}"
tables/search_documents.jsonl,8,urn:uuid:c64cd4c6-c35f-5116-8ee9-c2e7e4cd3339,search_document,"{""dataset_id"":""urn:uuid:b4219d4b-d4fb-5842-a22a-3024f6730bef"",""id"":""urn:uuid:c64cd4c6-c35f-5116-8ee9-c2e7e4cd3339"",""normalized_state"":""candidate"",""owner_authority_id"":""urn:uuid:92460950-eecf-5596-88b7-bca9604a528a"",""owner_native_state"":null,""payload"":{""label"":""O006-C140-CMP-D002"",""ordinal"":3,""title"":""Konsistensi MLE: identifikasi Kullback–Leibler dan teorema argmax"",""unit_id"":""urn:uuid:f82810e1-e89a-56ad-ab4f-505a9a696695""},""record_type"":""search_document"",""recorded_at"":""2026-09-07T00:00:00Z"",""semantic_key"":""c140:search:O006-C140-CMP-D002""}"
tables/search_documents.jsonl,39,urn:uuid:c71ba90e-55b1-5c95-b6a1-345506477e92,search_document,"{""dataset_id"":""urn:uuid:b4219d4b-d4fb-5842-a22a-3024f6730bef"",""id"":""urn:uuid:c71ba90e-55b1-5c95-b6a1-345506477e92"",""normalized_state"":""candidate"",""owner_authority_id"":""urn:uuid:92460950-eecf-5596-88b7-bca9604a528a"",""owner_native_state"":null,""payload"":{""label"":""O006-C140-CMP-SIM006"",""ordinal"":20,""title"":""Kalibrasi selang Bayesian dan frekuentis pada model binomial"",""unit_id"":""urn:uuid:138c17ab-ce56-518a-896a-1f4e7f5e9378""},""record_type"":""search_document"",""recorded_at"":""2026-09-07T00:00:00Z"",""semantic_key"":""c140:search:O006-C140-CMP-SIM006""}"
tables/search_documents.jsonl,24,urn:uuid:cf63b0ce-64ca-55b0-b638-bcce12e912dc,search_document,"{""dataset_id"":""urn:uuid:b4219d4b-d4fb-5842-a22a-3024f6730bef"",""id"":""urn:uuid:cf63b0ce-64ca-55b0-b638-bcce12e912dc"",""normalized_state"":""candidate"",""owner_authority_id"":""urn:uuid:92460950-eecf-5596-88b7-bca9604a528a"",""owner_native_state"":null,""payload"":{""label"":""O006-C140-CMP-MS03"",""ordinal"":24,""title"":""Set penguasaan 03 — kecukupan, faktorisasi, kelengkapan, dan statistik aksesori"",""unit_id"":""urn:uuid:77b4d818-65a5-568e-a8a8-3e27b4723303""},""record_type"":""search_document"",""recorded_at"":""2026-09-07T00:00:00Z"",""semantic_key"":""c140:search:O006-C140-CMP-MS03""}"
tables/search_documents.jsonl,38,urn:uuid:d70d4769-2a40-5fc5-b7d2-80da4230388e,search_document,"{""dataset_id"":""urn:uuid:b4219d4b-d4fb-5842-a22a-3024f6730bef"",""id"":""urn:uuid:d70d4769-2a40-5fc5-b7d2-80da4230388e"",""normalized_state"":""candidate"",""owner_authority_id"":""urn:uuid:92460950-eecf-5596-88b7-bca9604a528a"",""owner_native_state"":null,""payload"":{""label"":""O006-C140-CMP-SIM005"",""ordinal"":19,""title"":""Model linear matriks: cakupan, heteroskedastisitas, dan pengaruh"",""unit_id"":""urn:uuid:3bc78764-62ef-5297-a0e1-794c1b62b071""},""record_type"":""search_document"",""recorded_at"":""2026-09-07T00:00:00Z"",""semantic_key"":""c140:search:O006-C140-CMP-SIM005""}"
tables/search_documents.jsonl,22,urn:uuid:e1e44b11-bdfe-561c-a381-76fc7f22ca8b,search_document,"{""dataset_id"":""urn:uuid:b4219d4b-d4fb-5842-a22a-3024f6730bef"",""id"":""urn:uuid:e1e44b11-bdfe-561c-a381-76fc7f22ca8b"",""normalized_state"":""candidate"",""owner_authority_id"":""urn:uuid:92460950-eecf-5596-88b7-bca9604a528a"",""owner_native_state"":null,""payload"":{""label"":""O006-C140-CMP-MS01"",""ordinal"":22,""title"":""Set penguasaan 01 — statistik urutan dan distribusi sampel"",""unit_id"":""urn:uuid:3bcbe3f2-79e1-54eb-b48a-04cea3264623""},""record_type"":""search_document"",""recorded_at"":""2026-09-07T00:00:00Z"",""semantic_key"":""c140:search:O006-C140-CMP-MS01""}"
tables/search_documents.jsonl,26,urn:uuid:e891988d-e425-5fab-b1bd-327877214276,search_document,"{""dataset_id"":""urn:uuid:b4219d4b-d4fb-5842-a22a-3024f6730bef"",""id"":""urn:uuid:e891988d-e425-5fab-b1bd-327877214276"",""normalized_state"":""candidate"",""owner_authority_id"":""urn:uuid:92460950-eecf-5596-88b7-bca9604a528a"",""owner_native_state"":null,""payload"":{""label"":""O006-C140-CMP-MS05"",""ordinal"":26,""title"":""Set penguasaan 05 — informasi Fisher, interval kepercayaan, bootstrap, dan metode delta"",""unit_id"":""urn:uuid:c00ddf02-d6ec-5a9c-a88c-13849619cd03""},""record_type"":""search_document"",""recorded_at"":""2026-09-07T00:00:00Z"",""semantic_key"":""c140:search:O006-C140-CMP-MS05""}"
tables/search_documents.jsonl,16,urn:uuid:f15f4032-f8eb-5e02-8429-39a736502182,search_document,"{""dataset_id"":""urn:uuid:b4219d4b-d4fb-5842-a22a-3024f6730bef"",""id"":""urn:uuid:f15f4032-f8eb-5e02-8429-39a736502182"",""normalized_state"":""candidate"",""owner_authority_id"":""urn:uuid:92460950-eecf-5596-88b7-bca9604a528a"",""owner_native_state"":null,""payload"":{""label"":""O006-C140-CMP-D010"",""ordinal"":11,""title"":""Inferensi Gaussian eksak: proyeksi, t, F, ANOVA, dan prediksi"",""unit_id"":""urn:uuid:620a3754-3854-56a2-9070-7aad5018d722""},""record_type"":""search_document"",""recorded_at"":""2026-09-07T00:00:00Z"",""semantic_key"":""c140:search:O006-C140-CMP-D010""}"
tables/search_documents.jsonl,32,urn:uuid:f79d8ed1-da3d-545b-a28d-432bff6e7833,search_document,"{""dataset_id"":""urn:uuid:b4219d4b-d4fb-5842-a22a-3024f6730bef"",""id"":""urn:uuid:f79d8ed1-da3d-545b-a28d-432bff6e7833"",""normalized_state"":""candidate"",""owner_authority_id"":""urn:uuid:92460950-eecf-5596-88b7-bca9604a528a"",""owner_native_state"":null,""payload"":{""label"":""O006-C140-CMP-MS11"",""ordinal"":32,""title"":""Set penguasaan 11 — pembaruan Bayesian, keputusan, dan kalibrasi"",""unit_id"":""urn:uuid:4283fd82-324e-59d2-af13-0e7d8facbbd5""},""record_type"":""search_document"",""recorded_at"":""2026-09-07T00:00:00Z"",""semantic_key"":""c140:search:O006-C140-CMP-MS11""}"
tables/units.jsonl,12,urn:uuid:003842dd-f0ce-54ea-9412-bb5c78cc2b55,unit,"{""dataset_id"":""urn:uuid:b4219d4b-d4fb-5842-a22a-3024f6730bef"",""id"":""urn:uuid:003842dd-f0ce-54ea-9412-bb5c78cc2b55"",""normalized_state"":""candidate"",""owner_authority_id"":""urn:uuid:92460950-eecf-5596-88b7-bca9604a528a"",""owner_native_state"":""native_complete"",""payload"":{""body_prose_copied"":false,""course_id"":""C140"",""edition_id"":""urn:uuid:ff7007a1-4801-53db-a941-92294fb69c8d"",""label"":""O006-C140-CMP-D006"",""learner_route_state"":""explicit_unavailable"",""native_id"":""O006-C140-CMP-D006"",""ordinal"":7,""owner_source_bytes"":17368,""owner_source_path"":""components/c140-companion/source/id-ID/theory/O006-C140-CMP-D006.md"",""owner_source_sha256"":""30f192bdaff1dd0842ccbc7c69b04e8ddf8f4371d73d5ee9a47b3a4285fc966c"",""title"":""Optimalitas pengujian: Neyman–Pearson, MP, UMP, dan rasio fungsi kemungkinan monoton"",""unit_url"":null},""record_type"":""unit"",""recorded_at"":""2026-09-07T00:00:00Z"",""semantic_key"":""c140:unit:O006-C140-CMP-D006""}"
tables/units.jsonl,30,urn:uuid:08f10365-1b28-58cd-9d30-7c535d952c26,unit,"{""dataset_id"":""urn:uuid:b4219d4b-d4fb-5842-a22a-3024f6730bef"",""id"":""urn:uuid:08f10365-1b28-58cd-9d30-7c535d952c26"",""normalized_state"":""candidate"",""owner_authority_id"":""urn:uuid:92460950-eecf-5596-88b7-bca9604a528a"",""owner_native_state"":""native_complete"",""payload"":{""body_prose_copied"":false,""course_id"":""C140"",""edition_id"":""urn:uuid:ff7007a1-4801-53db-a941-92294fb69c8d"",""label"":""O006-C140-CMP-MS09"",""learner_route_state"":""explicit_unavailable"",""native_id"":""O006-C140-CMP-MS09"",""ordinal"":30,""owner_source_bytes"":21140,""owner_source_path"":""components/c140-companion/source/id-ID/mastery/O006-C140-CMP-MS09.md"",""owner_source_sha256"":""78f2f7f73f4220a44ea6fe9f9d14d72152585f44e6d9ba3c5e3493f2252233db"",""title"":""Set penguasaan 09 — pengujian eksak dan optimalitas Neyman–Pearson"",""unit_url"":null},""record_type"":""unit"",""recorded_at"":""2026-09-07T00:00:00Z"",""semantic_key"":""c140:unit:O006-C140-CMP-MS09""}"
tables/units.jsonl,37,urn:uuid:0a176e06-9a15-597e-ad5a-1995dccfd24c,unit,"{""dataset_id"":""urn:uuid:b4219d4b-d4fb-5842-a22a-3024f6730bef"",""id"":""urn:uuid:0a176e06-9a15-597e-ad5a-1995dccfd24c"",""normalized_state"":""candidate"",""owner_authority_id"":""urn:uuid:92460950-eecf-5596-88b7-bca9604a528a"",""owner_native_state"":""native_complete"",""payload"":{""body_prose_copied"":false,""course_id"":""C140"",""edition_id"":""urn:uuid:ff7007a1-4801-53db-a941-92294fb69c8d"",""label"":""O006-C140-CMP-SIM004"",""learner_route_state"":""explicit_unavailable"",""native_id"":""O006-C140-CMP-SIM004"",""ordinal"":18,""owner_source_bytes"":2432,""owner_source_path"":""components/c140-companion/source/id-ID/simulations/O006-C140-CMP-SIM004.md"",""owner_source_sha256"":""6dbfa188e0f6057b8d5bdcb42b6d715da625f1e43cca6e718b20a85f97b69e3c"",""title"":""Uji Neyman–Pearson teracak dengan ukuran uji tepat"",""unit_url"":null},""record_type"":""unit"",""recorded_at"":""2026-09-07T00:00:00Z"",""semantic_key"":""c140:unit:O006-C140-CMP-SIM004""}"
tables/units.jsonl,13,urn:uuid:0bdea946-8565-5b3c-8f2e-1bd1835e30d8,unit,"{""dataset_id"":""urn:uuid:b4219d4b-d4fb-5842-a22a-3024f6730bef"",""id"":""urn:uuid:0bdea946-8565-5b3c-8f2e-1bd1835e30d8"",""normalized_state"":""candidate"",""owner_authority_id"":""urn:uuid:92460950-eecf-5596-88b7-bca9604a528a"",""owner_native_state"":""native_complete"",""payload"":{""body_prose_copied"":false,""course_id"":""C140"",""edition_id"":""urn:uuid:ff7007a1-4801-53db-a941-92294fb69c8d"",""label"":""O006-C140-CMP-D007"",""learner_route_state"":""explicit_unavailable"",""native_id"":""O006-C140-CMP-D007"",""ordinal"":8,""owner_source_bytes"":23511,""owner_source_path"":""components/c140-companion/source/id-ID/theory/O006-C140-CMP-D007.md"",""owner_source_sha256"":""88f31eb973045fc9b5b80e7172cae5b61b4c93a5c4b46c93876c7c2587d9fd5e"",""title"":""Kerugian, risiko, efisiensi, Rao–Blackwell, dan Lehmann–Scheffé"",""unit_url"":null},""record_type"":""unit"",""recorded_at"":""2026-09-07T00:00:00Z"",""semantic_key"":""c140:unit:O006-C140-CMP-D007""}"
tables/units.jsonl,19,urn:uuid:115f20d9-6f5e-5df3-b96d-95a94f60f88a,unit,"{""dataset_id"":""urn:uuid:b4219d4b-d4fb-5842-a22a-3024f6730bef"",""id"":""urn:uuid:115f20d9-6f5e-5df3-b96d-95a94f60f88a"",""normalized_state"":""candidate"",""owner_authority_id"":""urn:uuid:92460950-eecf-5596-88b7-bca9604a528a"",""owner_native_state"":""native_complete"",""payload"":{""body_prose_copied"":false,""course_id"":""C140"",""edition_id"":""urn:uuid:ff7007a1-4801-53db-a941-92294fb69c8d"",""label"":""O006-C140-CMP-D013"",""learner_route_state"":""explicit_unavailable"",""native_id"":""O006-C140-CMP-D013"",""ordinal"":14,""owner_source_bytes"":30164,""owner_source_path"":""components/c140-companion/source/id-ID/theory/O006-C140-CMP-D013.md"",""owner_source_sha256"":""f92e09213de557560a72a83a5200360c624e1ec795010f60b48daeeb10201b31"",""title"":""Perbandingan Bayesian–frekuentis: keputusan, cakupan, dan kalibrasi"",""unit_url"":null},""record_type"":""unit"",""recorded_at"":""2026-09-07T00:00:00Z"",""semantic_key"":""c140:unit:O006-C140-CMP-D013""}"
tables/units.jsonl,39,urn:uuid:138c17ab-ce56-518a-896a-1f4e7f5e9378,unit,"{""dataset_id"":""urn:uuid:b4219d4b-d4fb-5842-a22a-3024f6730bef"",""id"":""urn:uuid:138c17ab-ce56-518a-896a-1f4e7f5e9378"",""normalized_state"":""candidate"",""owner_authority_id"":""urn:uuid:92460950-eecf-5596-88b7-bca9604a528a"",""owner_native_state"":""native_complete"",""payload"":{""body_prose_copied"":false,""course_id"":""C140"",""edition_id"":""urn:uuid:ff7007a1-4801-53db-a941-92294fb69c8d"",""label"":""O006-C140-CMP-SIM006"",""learner_route_state"":""explicit_unavailable"",""native_id"":""O006-C140-CMP-SIM006"",""ordinal"":20,""owner_source_bytes"":9873,""owner_source_path"":""components/c140-companion/source/id-ID/simulations/O006-C140-CMP-SIM006.md"",""owner_source_sha256"":""bfbf8f38e463477354bca7aea0baa4aa4324e796ba3ad295ca7cde2d35bdf9c5"",""title"":""Kalibrasi selang Bayesian dan frekuentis pada model binomial"",""unit_url"":null},""record_type"":""unit"",""recorded_at"":""2026-09-07T00:00:00Z"",""semantic_key"":""c140:unit:O006-C140-CMP-SIM006""}"
tables/units.jsonl,15,urn:uuid:15c8b898-3278-5d02-bdaf-f89aa7c2356f,unit,"{""dataset_id"":""urn:uuid:b4219d4b-d4fb-5842-a22a-3024f6730bef"",""id"":""urn:uuid:15c8b898-3278-5d02-bdaf-f89aa7c2356f"",""normalized_state"":""candidate"",""owner_authority_id"":""urn:uuid:92460950-eecf-5596-88b7-bca9604a528a"",""owner_native_state"":""native_complete"",""payload"":{""body_prose_copied"":false,""course_id"":""C140"",""edition_id"":""urn:uuid:ff7007a1-4801-53db-a941-92294fb69c8d"",""label"":""O006-C140-CMP-D009"",""learner_route_state"":""explicit_unavailable"",""native_id"":""O006-C140-CMP-D009"",""ordinal"":10,""owner_source_bytes"":23747,""owner_source_path"":""components/c140-companion/source/id-ID/theory/O006-C140-CMP-D009.md"",""owner_source_sha256"":""2dca4321b3b39dd778c3d6c8572ea1eb43065810b4c0a6ebddff5cf999f2a170"",""title"":""OLS, MLE Gaussian, dan teorema Gauss–Markov pada desain tetap"",""unit_url"":null},""record_type"":""unit"",""recorded_at"":""2026-09-07T00:00:00Z"",""semantic_key"":""c140:unit:O006-C140-CMP-D009""}"
tables/units.jsonl,7,urn:uuid:1ec03fa6-8d94-5f1a-9ac3-6c7034cd7824,unit,"{""dataset_id"":""urn:uuid:b4219d4b-d4fb-5842-a22a-3024f6730bef"",""id"":""urn:uuid:1ec03fa6-8d94-5f1a-9ac3-6c7034cd7824"",""normalized_state"":""candidate"",""owner_authority_id"":""urn:uuid:92460950-eecf-5596-88b7-bca9604a528a"",""owner_native_state"":""native_complete"",""payload"":{""body_prose_copied"":false,""course_id"":""C140"",""edition_id"":""urn:uuid:ff7007a1-4801-53db-a941-92294fb69c8d"",""label"":""O006-C140-CMP-D001"",""learner_route_state"":""explicit_unavailable"",""native_id"":""O006-C140-CMP-D001"",""ordinal"":2,""owner_source_bytes"":18813,""owner_source_path"":""components/c140-companion/source/id-ID/theory/O006-C140-CMP-D001.md"",""owner_source_sha256"":""6917db77f0f01dcf05e7f049c1811a572367a136c50a7806e67b947b4f2c3ef4"",""title"":""Model parametrik reguler, skor, dan informasi Fisher"",""unit_url"":null},""record_type"":""unit"",""recorded_at"":""2026-09-07T00:00:00Z"",""semantic_key"":""c140:unit:O006-C140-CMP-D001""}"
tables/units.jsonl,2,urn:uuid:2a42e5c0-36c6-53dc-b068-2cf00c97ff9a,unit,"{""dataset_id"":""urn:uuid:b4219d4b-d4fb-5842-a22a-3024f6730bef"",""id"":""urn:uuid:2a42e5c0-36c6-53dc-b068-2cf00c97ff9a"",""normalized_state"":""candidate"",""owner_authority_id"":""urn:uuid:92460950-eecf-5596-88b7-bca9604a528a"",""owner_native_state"":""native_complete"",""payload"":{""body_prose_copied"":false,""course_id"":""C140"",""edition_id"":""urn:uuid:ff7007a1-4801-53db-a941-92294fb69c8d"",""label"":""O006-C140-CMP-CA02"",""learner_route_state"":""explicit_unavailable"",""native_id"":""O006-C140-CMP-CA02"",""ordinal"":35,""owner_source_bytes"":51965,""owner_source_path"":""components/c140-companion/source/id-ID/assessments/O006-C140-CMP-CA02.md"",""owner_source_sha256"":""34e9dfa283411852e6940557bf471c162d8b248ec78e45d24326cbf2fe93f829"",""title"":""Asesmen kumulatif CA02 — fondasi inferensi sampel berhingga"",""unit_url"":null},""record_type"":""unit"",""recorded_at"":""2026-09-07T00:00:00Z"",""semantic_key"":""c140:unit:O006-C140-CMP-CA02""}"
tables/units.jsonl,31,urn:uuid:3282734e-db98-507a-8517-375a18544fec,unit,"{""dataset_id"":""urn:uuid:b4219d4b-d4fb-5842-a22a-3024f6730bef"",""id"":""urn:uuid:3282734e-db98-507a-8517-375a18544fec"",""normalized_state"":""candidate"",""owner_authority_id"":""urn:uuid:92460950-eecf-5596-88b7-bca9604a528a"",""owner_native_state"":""native_complete"",""payload"":{""body_prose_copied"":false,""course_id"":""C140"",""edition_id"":""urn:uuid:ff7007a1-4801-53db-a941-92294fb69c8d"",""label"":""O006-C140-CMP-MS10"",""learner_route_state"":""explicit_unavailable"",""native_id"":""O006-C140-CMP-MS10"",""ordinal"":31,""owner_source_bytes"":24231,""owner_source_path"":""components/c140-companion/source/id-ID/mastery/O006-C140-CMP-MS10.md"",""owner_source_sha256"":""b74d5a78fbd959237427a5d99366245613bd9c0020a136b4a19f452f59a9e9d7"",""title"":""Set penguasaan 10 — uji fungsi kemungkinan asimtotik, risiko, dan perbaikan penduga"",""unit_url"":null},""record_type"":""unit"",""recorded_at"":""2026-09-07T00:00:00Z"",""semantic_key"":""c140:unit:O006-C140-CMP-MS10""}"
tables/units.jsonl,28,urn:uuid:342ec3de-3b84-588a-a81a-32c9b4cd5618,unit,"{""dataset_id"":""urn:uuid:b4219d4b-d4fb-5842-a22a-3024f6730bef"",""id"":""urn:uuid:342ec3de-3b84-588a-a81a-32c9b4cd5618"",""normalized_state"":""candidate"",""owner_authority_id"":""urn:uuid:92460950-eecf-5596-88b7-bca9604a528a"",""owner_native_state"":""native_complete"",""payload"":{""body_prose_copied"":false,""course_id"":""C140"",""edition_id"":""urn:uuid:ff7007a1-4801-53db-a941-92294fb69c8d"",""label"":""O006-C140-CMP-MS07"",""learner_route_state"":""explicit_unavailable"",""native_id"":""O006-C140-CMP-MS07"",""ordinal"":28,""owner_source_bytes"":28278,""owner_source_path"":""components/c140-companion/source/id-ID/mastery/O006-C140-CMP-MS07.md"",""owner_source_sha256"":""641d97e9ed259142432b76a65f0a67fc6393d191265a36815628c574f4ab2c9d"",""title"":""Set penguasaan 07 — keteraturan, konsistensi, dan normalitas MLE"",""unit_url"":null},""record_type"":""unit"",""recorded_at"":""2026-09-07T00:00:00Z"",""semantic_key"":""c140:unit:O006-C140-CMP-MS07""}"
tables/units.jsonl,38,urn:uuid:3bc78764-62ef-5297-a0e1-794c1b62b071,unit,"{""dataset_id"":""urn:uuid:b4219d4b-d4fb-5842-a22a-3024f6730bef"",""id"":""urn:uuid:3bc78764-62ef-5297-a0e1-794c1b62b071"",""normalized_state"":""candidate"",""owner_authority_id"":""urn:uuid:92460950-eecf-5596-88b7-bca9604a528a"",""owner_native_state"":""native_complete"",""payload"":{""body_prose_copied"":false,""course_id"":""C140"",""edition_id"":""urn:uuid:ff7007a1-4801-53db-a941-92294fb69c8d"",""label"":""O006-C140-CMP-SIM005"",""learner_route_state"":""explicit_unavailable"",""native_id"":""O006-C140-CMP-SIM005"",""ordinal"":19,""owner_source_bytes"":6046,""owner_source_path"":""components/c140-companion/source/id-ID/simulations/O006-C140-CMP-SIM005.md"",""owner_source_sha256"":""6653aa9152f9283a878ef370f923246c096996e7976ecc6ab4736d7bb6516590"",""title"":""Model linear matriks: cakupan, heteroskedastisitas, dan pengaruh"",""unit_url"":null},""record_type"":""unit"",""recorded_at"":""2026-09-07T00:00:00Z"",""semantic_key"":""c140:unit:O006-C140-CMP-SIM005""}"
tables/units.jsonl,22,urn:uuid:3bcbe3f2-79e1-54eb-b48a-04cea3264623,unit,"{""dataset_id"":""urn:uuid:b4219d4b-d4fb-5842-a22a-3024f6730bef"",""id"":""urn:uuid:3bcbe3f2-79e1-54eb-b48a-04cea3264623"",""normalized_state"":""candidate"",""owner_authority_id"":""urn:uuid:92460950-eecf-5596-88b7-bca9604a528a"",""owner_native_state"":""native_complete"",""payload"":{""body_prose_copied"":false,""course_id"":""C140"",""edition_id"":""urn:uuid:ff7007a1-4801-53db-a941-92294fb69c8d"",""label"":""O006-C140-CMP-MS01"",""learner_route_state"":""explicit_unavailable"",""native_id"":""O006-C140-CMP-MS01"",""ordinal"":22,""owner_source_bytes"":21799,""owner_source_path"":""components/c140-companion/source/id-ID/mastery/O006-C140-CMP-MS01.md"",""owner_source_sha256"":""b6fc9fcc81d7e5965bfd325b20927a03f585b4a0d84d1e5446d1955c190b4b85"",""title"":""Set penguasaan 01 — statistik urutan dan distribusi sampel"",""unit_url"":null},""record_type"":""unit"",""recorded_at"":""2026-09-07T00:00:00Z"",""semantic_key"":""c140:unit:O006-C140-CMP-MS01""}"
tables/units.jsonl,6,urn:uuid:405d1c9d-31df-583e-94f2-600761d2177f,unit,"{""dataset_id"":""urn:uuid:b4219d4b-d4fb-5842-a22a-3024f6730bef"",""id"":""urn:uuid:405d1c9d-31df-583e-94f2-600761d2177f"",""normalized_state"":""candidate"",""owner_authority_id"":""urn:uuid:92460950-eecf-5596-88b7-bca9604a528a"",""owner_native_state"":""native_complete"",""payload"":{""body_prose_copied"":false,""course_id"":""C140"",""edition_id"":""urn:uuid:ff7007a1-4801-53db-a941-92294fb69c8d"",""label"":""O006-C140-CMP-CP02"",""learner_route_state"":""explicit_unavailable"",""native_id"":""O006-C140-CMP-CP02"",""ordinal"":39,""owner_source_bytes"":85408,""owner_source_path"":""components/c140-companion/source/id-ID/capstones/O006-C140-CMP-CP02.md"",""owner_source_sha256"":""824023d7b1d8c06305893e7cc14df5f90f612217edb895b7d9ce3014c372c27b"",""title"":""Proyek akhir CP02 — perbandingan Bayesian–frekuentis pada data agregat kecenderungan bersarang greater sage-grouse"",""unit_url"":null},""record_type"":""unit"",""recorded_at"":""2026-09-07T00:00:00Z"",""semantic_key"":""c140:unit:O006-C140-CMP-CP02""}"
tables/units.jsonl,32,urn:uuid:4283fd82-324e-59d2-af13-0e7d8facbbd5,unit,"{""dataset_id"":""urn:uuid:b4219d4b-d4fb-5842-a22a-3024f6730bef"",""id"":""urn:uuid:4283fd82-324e-59d2-af13-0e7d8facbbd5"",""normalized_state"":""candidate"",""owner_authority_id"":""urn:uuid:92460950-eecf-5596-88b7-bca9604a528a"",""owner_native_state"":""native_complete"",""payload"":{""body_prose_copied"":false,""course_id"":""C140"",""edition_id"":""urn:uuid:ff7007a1-4801-53db-a941-92294fb69c8d"",""label"":""O006-C140-CMP-MS11"",""learner_route_state"":""explicit_unavailable"",""native_id"":""O006-C140-CMP-MS11"",""ordinal"":32,""owner_source_bytes"":34105,""owner_source_path"":""components/c140-companion/source/id-ID/mastery/O006-C140-CMP-MS11.md"",""owner_source_sha256"":""60355826dbd9bde69fe3eceb93b3200e6cbb2cb7f0b1c99f9cbca182020deda8"",""title"":""Set penguasaan 11 — pembaruan Bayesian, keputusan, dan kalibrasi"",""unit_url"":null},""record_type"":""unit"",""recorded_at"":""2026-09-07T00:00:00Z"",""semantic_key"":""c140:unit:O006-C140-CMP-MS11""}"
tables/units.jsonl,36,urn:uuid:4f125b66-d965-501e-bdea-72bc728426f9,unit,"{""dataset_id"":""urn:uuid:b4219d4b-d4fb-5842-a22a-3024f6730bef"",""id"":""urn:uuid:4f125b66-d965-501e-bdea-72bc728426f9"",""normalized_state"":""candidate"",""owner_authority_id"":""urn:uuid:92460950-eecf-5596-88b7-bca9604a528a"",""owner_native_state"":""native_complete"",""payload"":{""body_prose_copied"":false,""course_id"":""C140"",""edition_id"":""urn:uuid:ff7007a1-4801-53db-a941-92294fb69c8d"",""label"":""O006-C140-CMP-SIM003"",""learner_route_state"":""explicit_unavailable"",""native_id"":""O006-C140-CMP-SIM003"",""ordinal"":17,""owner_source_bytes"":2801,""owner_source_path"":""components/c140-companion/source/id-ID/simulations/O006-C140-CMP-SIM003.md"",""owner_source_sha256"":""0c4a7260e24f47762ce5cc9eb52ad00a288420a6c3b4a27422035e7d691c8eef"",""title"":""Distribusi seragam pada batas dukungan: laju nonreguler dan kegagalan bootstrap biasa"",""unit_url"":null},""record_type"":""unit"",""recorded_at"":""2026-09-07T00:00:00Z"",""semantic_key"":""c140:unit:O006-C140-CMP-SIM003""}"
tables/units.jsonl,25,urn:uuid:5a05b574-6fcc-58cc-b73e-1c1d38c7c7cd,unit,"{""dataset_id"":""urn:uuid:b4219d4b-d4fb-5842-a22a-3024f6730bef"",""id"":""urn:uuid:5a05b574-6fcc-58cc-b73e-1c1d38c7c7cd"",""normalized_state"":""candidate"",""owner_authority_id"":""urn:uuid:92460950-eecf-5596-88b7-bca9604a528a"",""owner_native_state"":""native_complete"",""payload"":{""body_prose_copied"":false,""course_id"":""C140"",""edition_id"":""urn:uuid:ff7007a1-4801-53db-a941-92294fb69c8d"",""label"":""O006-C140-CMP-MS04"",""learner_route_state"":""explicit_unavailable"",""native_id"":""O006-C140-CMP-MS04"",""ordinal"":25,""owner_source_bytes"":26162,""owner_source_path"":""components/c140-companion/source/id-ID/mastery/O006-C140-CMP-MS04.md"",""owner_source_sha256"":""d4a540c92fecb84bf1ecfc17b4292638ac81fdd7481222179c190aa1ce2c2f3c"",""title"":""Set penguasaan 04 — metode momen dan dasar kemungkinan maksimum"",""unit_url"":null},""record_type"":""unit"",""recorded_at"":""2026-09-07T00:00:00Z"",""semantic_key"":""c140:unit:O006-C140-CMP-MS04""}"
tables/units.jsonl,16,urn:uuid:620a3754-3854-56a2-9070-7aad5018d722,unit,"{""dataset_id"":""urn:uuid:b4219d4b-d4fb-5842-a22a-3024f6730bef"",""id"":""urn:uuid:620a3754-3854-56a2-9070-7aad5018d722"",""normalized_state"":""candidate"",""owner_authority_id"":""urn:uuid:92460950-eecf-5596-88b7-bca9604a528a"",""owner_native_state"":""native_complete"",""payload"":{""body_prose_copied"":false,""course_id"":""C140"",""edition_id"":""urn:uuid:ff7007a1-4801-53db-a941-92294fb69c8d"",""label"":""O006-C140-CMP-D010"",""learner_route_state"":""explicit_unavailable"",""native_id"":""O006-C140-CMP-D010"",""ordinal"":11,""owner_source_bytes"":34585,""owner_source_path"":""components/c140-companion/source/id-ID/theory/O006-C140-CMP-D010.md"",""owner_source_sha256"":""0dce7b5987099676bed0db12653212825d77a260b7f5a2d44a17f4e6d5eed923"",""title"":""Inferensi Gaussian eksak: proyeksi, t, F, ANOVA, dan prediksi"",""unit_url"":null},""record_type"":""unit"",""recorded_at"":""2026-09-07T00:00:00Z"",""semantic_key"":""c140:unit:O006-C140-CMP-D010""}"
tables/units.jsonl,4,urn:uuid:7462028d-3064-51a0-a615-31c34011e062,unit,"{""dataset_id"":""urn:uuid:b4219d4b-d4fb-5842-a22a-3024f6730bef"",""id"":""urn:uuid:7462028d-3064-51a0-a615-31c34011e062"",""normalized_state"":""candidate"",""owner_authority_id"":""urn:uuid:92460950-eecf-5596-88b7-bca9604a528a"",""owner_native_state"":""native_complete"",""payload"":{""body_prose_copied"":false,""course_id"":""C140"",""edition_id"":""urn:uuid:ff7007a1-4801-53db-a941-92294fb69c8d"",""label"":""O006-C140-CMP-CA04"",""learner_route_state"":""explicit_unavailable"",""native_id"":""O006-C140-CMP-CA04"",""ordinal"":37,""owner_source_bytes"":57837,""owner_source_path"":""components/c140-companion/source/id-ID/assessments/O006-C140-CMP-CA04.md"",""owner_source_sha256"":""e0cdacfb8479e8def879c4562fc88c6a41812f4a6a136ab3e76d14ebdeb05ef7"",""title"":""Asesmen kumulatif CA04 — sintesis Bayesian–frekuentis"",""unit_url"":null},""record_type"":""unit"",""recorded_at"":""2026-09-07T00:00:00Z"",""semantic_key"":""c140:unit:O006-C140-CMP-CA04""}"
tables/units.jsonl,14,urn:uuid:76fff72d-5b28-5276-8a8b-f801eb0544b6,unit,"{""dataset_id"":""urn:uuid:b4219d4b-d4fb-5842-a22a-3024f6730bef"",""id"":""urn:uuid:76fff72d-5b28-5276-8a8b-f801eb0544b6"",""normalized_state"":""candidate"",""owner_authority_id"":""urn:uuid:92460950-eecf-5596-88b7-bca9604a528a"",""owner_native_state"":""native_complete"",""payload"":{""body_prose_copied"":false,""course_id"":""C140"",""edition_id"":""urn:uuid:ff7007a1-4801-53db-a941-92294fb69c8d"",""label"":""O006-C140-CMP-D008"",""learner_route_state"":""explicit_unavailable"",""native_id"":""O006-C140-CMP-D008"",""ordinal"":9,""owner_source_bytes"":31243,""owner_source_path"":""components/c140-companion/source/id-ID/theory/O006-C140-CMP-D008.md"",""owner_source_sha256"":""e6fe97f6fb3712ad2000d10aec9688f33bc3090b40a88341e278027df8961bdd"",""title"":""Model linear Gaussian berdesain tetap dan geometri proyeksi"",""unit_url"":null},""record_type"":""unit"",""recorded_at"":""2026-09-07T00:00:00Z"",""semantic_key"":""c140:unit:O006-C140-CMP-D008""}"
tables/units.jsonl,24,urn:uuid:77b4d818-65a5-568e-a8a8-3e27b4723303,unit,"{""dataset_id"":""urn:uuid:b4219d4b-d4fb-5842-a22a-3024f6730bef"",""id"":""urn:uuid:77b4d818-65a5-568e-a8a8-3e27b4723303"",""normalized_state"":""candidate"",""owner_authority_id"":""urn:uuid:92460950-eecf-5596-88b7-bca9604a528a"",""owner_native_state"":""native_complete"",""payload"":{""body_prose_copied"":false,""course_id"":""C140"",""edition_id"":""urn:uuid:ff7007a1-4801-53db-a941-92294fb69c8d"",""label"":""O006-C140-CMP-MS03"",""learner_route_state"":""explicit_unavailable"",""native_id"":""O006-C140-CMP-MS03"",""ordinal"":24,""owner_source_bytes"":24354,""owner_source_path"":""components/c140-companion/source/id-ID/mastery/O006-C140-CMP-MS03.md"",""owner_source_sha256"":""8088903be951cf963782bdf4811ec66ae01ed257ea03945d376626b2d7ea8008"",""title"":""Set penguasaan 03 — kecukupan, faktorisasi, kelengkapan, dan statistik aksesori"",""unit_url"":null},""record_type"":""unit"",""recorded_at"":""2026-09-07T00:00:00Z"",""semantic_key"":""c140:unit:O006-C140-CMP-MS03""}"
tables/units.jsonl,3,urn:uuid:79cf18b3-8e1c-5a48-9430-cc6bd758b421,unit,"{""dataset_id"":""urn:uuid:b4219d4b-d4fb-5842-a22a-3024f6730bef"",""id"":""urn:uuid:79cf18b3-8e1c-5a48-9430-cc6bd758b421"",""normalized_state"":""candidate"",""owner_authority_id"":""urn:uuid:92460950-eecf-5596-88b7-bca9604a528a"",""owner_native_state"":""native_complete"",""payload"":{""body_prose_copied"":false,""course_id"":""C140"",""edition_id"":""urn:uuid:ff7007a1-4801-53db-a941-92294fb69c8d"",""label"":""O006-C140-CMP-CA03"",""learner_route_state"":""explicit_unavailable"",""native_id"":""O006-C140-CMP-CA03"",""ordinal"":36,""owner_source_bytes"":55629,""owner_source_path"":""components/c140-companion/source/id-ID/assessments/O006-C140-CMP-CA03.md"",""owner_source_sha256"":""d903f076431faab78594e79bd471ee80ad4fb547e487db2a0f1a8ac1b0d0b5d8"",""title"":""Asesmen kumulatif CA03 — model linear dalam bentuk matriks, inferensi eksak, dan diagnostik"",""unit_url"":null},""record_type"":""unit"",""recorded_at"":""2026-09-07T00:00:00Z"",""semantic_key"":""c140:unit:O006-C140-CMP-CA03""}"
tables/units.jsonl,23,urn:uuid:7a6c88eb-6ebf-5295-9523-791f55a10774,unit,"{""dataset_id"":""urn:uuid:b4219d4b-d4fb-5842-a22a-3024f6730bef"",""id"":""urn:uuid:7a6c88eb-6ebf-5295-9523-791f55a10774"",""normalized_state"":""candidate"",""owner_authority_id"":""urn:uuid:92460950-eecf-5596-88b7-bca9604a528a"",""owner_native_state"":""native_complete"",""payload"":{""body_prose_copied"":false,""course_id"":""C140"",""edition_id"":""urn:uuid:ff7007a1-4801-53db-a941-92294fb69c8d"",""label"":""O006-C140-CMP-MS02"",""learner_route_state"":""explicit_unavailable"",""native_id"":""O006-C140-CMP-MS02"",""ordinal"":23,""owner_source_bytes"":22524,""owner_source_path"":""components/c140-companion/source/id-ID/mastery/O006-C140-CMP-MS02.md"",""owner_source_sha256"":""57f31e2b1c53ac66c359f1932562c8d93f98d98a8d878ad71f6152a391fa09a2"",""title"":""Set penguasaan 02 — estimasi, bias, MSE, dan sifat penduga"",""unit_url"":null},""record_type"":""unit"",""recorded_at"":""2026-09-07T00:00:00Z"",""semantic_key"":""c140:unit:O006-C140-CMP-MS02""}"
tables/units.jsonl,5,urn:uuid:7d5708eb-e55b-57d0-a179-a88f95ac1b72,unit,"{""dataset_id"":""urn:uuid:b4219d4b-d4fb-5842-a22a-3024f6730bef"",""id"":""urn:uuid:7d5708eb-e55b-57d0-a179-a88f95ac1b72"",""normalized_state"":""candidate"",""owner_authority_id"":""urn:uuid:92460950-eecf-5596-88b7-bca9604a528a"",""owner_native_state"":""native_complete"",""payload"":{""body_prose_copied"":false,""course_id"":""C140"",""edition_id"":""urn:uuid:ff7007a1-4801-53db-a941-92294fb69c8d"",""label"":""O006-C140-CMP-CP01"",""learner_route_state"":""explicit_unavailable"",""native_id"":""O006-C140-CMP-CP01"",""ordinal"":38,""owner_source_bytes"":177604,""owner_source_path"":""components/c140-companion/source/id-ID/capstones/O006-C140-CMP-CP01.md"",""owner_source_sha256"":""771829b516d4a4662888bc9a852cc400390b32e39ca74d08494c191ed993aa2d"",""title"":""Proyek akhir integratif CP01 — regresi data terbuka untuk kuat tekan beton"",""unit_url"":null},""record_type"":""unit"",""recorded_at"":""2026-09-07T00:00:00Z"",""semantic_key"":""c140:unit:O006-C140-CMP-CP01""}"
tables/units.jsonl,34,urn:uuid:8d808d1d-8ac1-5c72-b953-743906af875d,unit,"{""dataset_id"":""urn:uuid:b4219d4b-d4fb-5842-a22a-3024f6730bef"",""id"":""urn:uuid:8d808d1d-8ac1-5c72-b953-743906af875d"",""normalized_state"":""candidate"",""owner_authority_id"":""urn:uuid:92460950-eecf-5596-88b7-bca9604a528a"",""owner_native_state"":""native_complete"",""payload"":{""body_prose_copied"":false,""course_id"":""C140"",""edition_id"":""urn:uuid:ff7007a1-4801-53db-a941-92294fb69c8d"",""label"":""O006-C140-CMP-SIM001"",""learner_route_state"":""explicit_unavailable"",""native_id"":""O006-C140-CMP-SIM001"",""ordinal"":15,""owner_source_bytes"":3114,""owner_source_path"":""components/c140-companion/source/id-ID/simulations/O006-C140-CMP-SIM001.md"",""owner_source_sha256"":""935333063d2231dbbedae1751a0f8748b41e76f0d1e294f0e481d649cb94da3e"",""title"":""Model lokasi normal: MLE, cakupan, dan tiga statistik uji"",""unit_url"":null},""record_type"":""unit"",""recorded_at"":""2026-09-07T00:00:00Z"",""semantic_key"":""c140:unit:O006-C140-CMP-SIM001""}"
tables/units.jsonl,21,urn:uuid:95c98579-3a9e-5a08-be76-843bdc87a92b,unit,"{""dataset_id"":""urn:uuid:b4219d4b-d4fb-5842-a22a-3024f6730bef"",""id"":""urn:uuid:95c98579-3a9e-5a08-be76-843bdc87a92b"",""normalized_state"":""candidate"",""owner_authority_id"":""urn:uuid:92460950-eecf-5596-88b7-bca9604a528a"",""owner_native_state"":""native_complete"",""payload"":{""body_prose_copied"":false,""course_id"":""C140"",""edition_id"":""urn:uuid:ff7007a1-4801-53db-a941-92294fb69c8d"",""label"":""O006-C140-CMP-MS00"",""learner_route_state"":""explicit_unavailable"",""native_id"":""O006-C140-CMP-MS00"",""ordinal"":21,""owner_source_bytes"":21066,""owner_source_path"":""components/c140-companion/source/id-ID/mastery/O006-C140-CMP-MS00.md"",""owner_source_sha256"":""6545f1a2dcc30b9756070c9826ce951ba2861bb46319ec4c2003a26b1788a6e3"",""title"":""Set penguasaan 00 — probabilitas, distribusi, dan ekspektasi (diagnostik C140)"",""unit_url"":null},""record_type"":""unit"",""recorded_at"":""2026-09-07T00:00:00Z"",""semantic_key"":""c140:unit:O006-C140-CMP-MS00""}"
tables/units.jsonl,33,urn:uuid:bb5215cb-30e3-5062-8dc1-54cdc1c9912d,unit,"{""dataset_id"":""urn:uuid:b4219d4b-d4fb-5842-a22a-3024f6730bef"",""id"":""urn:uuid:bb5215cb-30e3-5062-8dc1-54cdc1c9912d"",""normalized_state"":""candidate"",""owner_authority_id"":""urn:uuid:92460950-eecf-5596-88b7-bca9604a528a"",""owner_native_state"":""native_complete"",""payload"":{""body_prose_copied"":false,""course_id"":""C140"",""edition_id"":""urn:uuid:ff7007a1-4801-53db-a941-92294fb69c8d"",""label"":""O006-C140-CMP-MS12"",""learner_route_state"":""explicit_unavailable"",""native_id"":""O006-C140-CMP-MS12"",""ordinal"":33,""owner_source_bytes"":25414,""owner_source_path"":""components/c140-companion/source/id-ID/mastery/O006-C140-CMP-MS12.md"",""owner_source_sha256"":""2318c7fa15a66dd545fad8d12cf457759694f077cf0e3c447f54301037be3f05"",""title"":""Set penguasaan 12 — model linear Gaussian dalam bentuk matriks, inferensi eksak, dan diagnostik"",""unit_url"":null},""record_type"":""unit"",""recorded_at"":""2026-09-07T00:00:00Z"",""semantic_key"":""c140:unit:O006-C140-CMP-MS12""}"
tables/units.jsonl,26,urn:uuid:c00ddf02-d6ec-5a9c-a88c-13849619cd03,unit,"{""dataset_id"":""urn:uuid:b4219d4b-d4fb-5842-a22a-3024f6730bef"",""id"":""urn:uuid:c00ddf02-d6ec-5a9c-a88c-13849619cd03"",""normalized_state"":""candidate"",""owner_authority_id"":""urn:uuid:92460950-eecf-5596-88b7-bca9604a528a"",""owner_native_state"":""native_complete"",""payload"":{""body_prose_copied"":false,""course_id"":""C140"",""edition_id"":""urn:uuid:ff7007a1-4801-53db-a941-92294fb69c8d"",""label"":""O006-C140-CMP-MS05"",""learner_route_state"":""explicit_unavailable"",""native_id"":""O006-C140-CMP-MS05"",""ordinal"":26,""owner_source_bytes"":23563,""owner_source_path"":""components/c140-companion/source/id-ID/mastery/O006-C140-CMP-MS05.md"",""owner_source_sha256"":""52c32cc592a9c11380f4124d99aa285eb7972172a2f4da16cdff6cb7b5054de6"",""title"":""Set penguasaan 05 — informasi Fisher, interval kepercayaan, bootstrap, dan metode delta"",""unit_url"":null},""record_type"":""unit"",""recorded_at"":""2026-09-07T00:00:00Z"",""semantic_key"":""c140:unit:O006-C140-CMP-MS05""}"
tables/units.jsonl,29,urn:uuid:c743d941-8b2e-551d-9edd-e03bf3f721ca,unit,"{""dataset_id"":""urn:uuid:b4219d4b-d4fb-5842-a22a-3024f6730bef"",""id"":""urn:uuid:c743d941-8b2e-551d-9edd-e03bf3f721ca"",""normalized_state"":""candidate"",""owner_authority_id"":""urn:uuid:92460950-eecf-5596-88b7-bca9604a528a"",""owner_native_state"":""native_complete"",""payload"":{""body_prose_copied"":false,""course_id"":""C140"",""edition_id"":""urn:uuid:ff7007a1-4801-53db-a941-92294fb69c8d"",""label"":""O006-C140-CMP-MS08"",""learner_route_state"":""explicit_unavailable"",""native_id"":""O006-C140-CMP-MS08"",""ordinal"":29,""owner_source_bytes"":26123,""owner_source_path"":""components/c140-companion/source/id-ID/mastery/O006-C140-CMP-MS08.md"",""owner_source_sha256"":""e007df68fd15d131bec9d94e0c5b8bd15c9f124ff14c4cd6f9c16435415a8ace"",""title"":""Set penguasaan 08 — Wald, skor, rasio fungsi kemungkinan, dan diagnosis nonreguler"",""unit_url"":null},""record_type"":""unit"",""recorded_at"":""2026-09-07T00:00:00Z"",""semantic_key"":""c140:unit:O006-C140-CMP-MS08""}"
tables/units.jsonl,20,urn:uuid:cea4f380-c2e0-57d4-9530-25b53ffc2cab,unit,"{""dataset_id"":""urn:uuid:b4219d4b-d4fb-5842-a22a-3024f6730bef"",""id"":""urn:uuid:cea4f380-c2e0-57d4-9530-25b53ffc2cab"",""normalized_state"":""candidate"",""owner_authority_id"":""urn:uuid:92460950-eecf-5596-88b7-bca9604a528a"",""owner_native_state"":""native_complete"",""payload"":{""body_prose_copied"":false,""course_id"":""C140"",""edition_id"":""urn:uuid:ff7007a1-4801-53db-a941-92294fb69c8d"",""label"":""O006-C140-CMP-INDEX"",""learner_route_state"":""explicit_unavailable"",""native_id"":""O006-C140-CMP-INDEX"",""ordinal"":1,""owner_source_bytes"":8504,""owner_source_path"":""components/c140-companion/source/id-ID/index.md"",""owner_source_sha256"":""c323c48556304b2d7b94e7121982696e9d7a390e7a0f286e983b60bd649de543"",""title"":""Pendamping Orisinal Statistika Matematis"",""unit_url"":null},""record_type"":""unit"",""recorded_at"":""2026-09-07T00:00:00Z"",""semantic_key"":""c140:unit:O006-C140-CMP-INDEX""}"
tables/units.jsonl,9,urn:uuid:d113a082-3610-51e4-abc2-4226599ede95,unit,"{""dataset_id"":""urn:uuid:b4219d4b-d4fb-5842-a22a-3024f6730bef"",""id"":""urn:uuid:d113a082-3610-51e4-abc2-4226599ede95"",""normalized_state"":""candidate"",""owner_authority_id"":""urn:uuid:92460950-eecf-5596-88b7-bca9604a528a"",""owner_native_state"":""native_complete"",""payload"":{""body_prose_copied"":false,""course_id"":""C140"",""edition_id"":""urn:uuid:ff7007a1-4801-53db-a941-92294fb69c8d"",""label"":""O006-C140-CMP-D003"",""learner_route_state"":""explicit_unavailable"",""native_id"":""O006-C140-CMP-D003"",""ordinal"":4,""owner_source_bytes"":21810,""owner_source_path"":""components/c140-companion/source/id-ID/theory/O006-C140-CMP-D003.md"",""owner_source_sha256"":""1e736bc2ce23348e6865eb26e9a9c42d76b7280b930ad22b87323612b58807e9"",""title"":""Ekspansi kuadratik lokal fungsi log-kemungkinan, normalitas asimtotik, dan metode delta"",""unit_url"":null},""record_type"":""unit"",""recorded_at"":""2026-09-07T00:00:00Z"",""semantic_key"":""c140:unit:O006-C140-CMP-D003""}"
tables/units.jsonl,18,urn:uuid:d962893b-33f3-59e6-82ec-3675582ba3b5,unit,"{""dataset_id"":""urn:uuid:b4219d4b-d4fb-5842-a22a-3024f6730bef"",""id"":""urn:uuid:d962893b-33f3-59e6-82ec-3675582ba3b5"",""normalized_state"":""candidate"",""owner_authority_id"":""urn:uuid:92460950-eecf-5596-88b7-bca9604a528a"",""owner_native_state"":""native_complete"",""payload"":{""body_prose_copied"":false,""course_id"":""C140"",""edition_id"":""urn:uuid:ff7007a1-4801-53db-a941-92294fb69c8d"",""label"":""O006-C140-CMP-D012"",""learner_route_state"":""explicit_unavailable"",""native_id"":""O006-C140-CMP-D012"",""ordinal"":13,""owner_source_bytes"":35106,""owner_source_path"":""components/c140-companion/source/id-ID/theory/O006-C140-CMP-D012.md"",""owner_source_sha256"":""245bf82515d2ec6d0bbc4f13e1296806fd73cc2d1cc2fd16fbd1b76defcf65e6"",""title"":""Inferensi Bayesian sebagai pembaruan dan keputusan yang koheren"",""unit_url"":null},""record_type"":""unit"",""recorded_at"":""2026-09-07T00:00:00Z"",""semantic_key"":""c140:unit:O006-C140-CMP-D012""}"
tables/units.jsonl,11,urn:uuid:dc26e5c2-5818-52cf-a352-46ea51dbecd2,unit,"{""dataset_id"":""urn:uuid:b4219d4b-d4fb-5842-a22a-3024f6730bef"",""id"":""urn:uuid:dc26e5c2-5818-52cf-a352-46ea51dbecd2"",""normalized_state"":""candidate"",""owner_authority_id"":""urn:uuid:92460950-eecf-5596-88b7-bca9604a528a"",""owner_native_state"":""native_complete"",""payload"":{""body_prose_copied"":false,""course_id"":""C140"",""edition_id"":""urn:uuid:ff7007a1-4801-53db-a941-92294fb69c8d"",""label"":""O006-C140-CMP-D005"",""learner_route_state"":""explicit_unavailable"",""native_id"":""O006-C140-CMP-D005"",""ordinal"":6,""owner_source_bytes"":23803,""owner_source_path"":""components/c140-companion/source/id-ID/theory/O006-C140-CMP-D005.md"",""owner_source_sha256"":""de78122a8f26a40ea56b2d8d9a7728c05c0da5c8a3e7f4d63a020de8a5e17401"",""title"":""Fungsi kemungkinan nonreguler: empat mekanisme kegagalan"",""unit_url"":null},""record_type"":""unit"",""recorded_at"":""2026-09-07T00:00:00Z"",""semantic_key"":""c140:unit:O006-C140-CMP-D005""}"
tables/units.jsonl,17,urn:uuid:de29cc54-c9c8-5744-a51c-a425f0cc2f8d,unit,"{""dataset_id"":""urn:uuid:b4219d4b-d4fb-5842-a22a-3024f6730bef"",""id"":""urn:uuid:de29cc54-c9c8-5744-a51c-a425f0cc2f8d"",""normalized_state"":""candidate"",""owner_authority_id"":""urn:uuid:92460950-eecf-5596-88b7-bca9604a528a"",""owner_native_state"":""native_complete"",""payload"":{""body_prose_copied"":false,""course_id"":""C140"",""edition_id"":""urn:uuid:ff7007a1-4801-53db-a941-92294fb69c8d"",""label"":""O006-C140-CMP-D011"",""learner_route_state"":""explicit_unavailable"",""native_id"":""O006-C140-CMP-D011"",""ordinal"":12,""owner_source_bytes"":15657,""owner_source_path"":""components/c140-companion/source/id-ID/theory/O006-C140-CMP-D011.md"",""owner_source_sha256"":""7d88883d2d33c2f37e8e6c49d61fcbe8d2e87cfe55a00ed2830a424bbacdd554"",""title"":""Diagnostik, daya ungkit, kesalahan spesifikasi, dan inferensi pascaseleksi"",""unit_url"":null},""record_type"":""unit"",""recorded_at"":""2026-09-07T00:00:00Z"",""semantic_key"":""c140:unit:O006-C140-CMP-D011""}"
tables/units.jsonl,27,urn:uuid:df29d8d8-9e96-57c6-a97f-c82b1919c502,unit,"{""dataset_id"":""urn:uuid:b4219d4b-d4fb-5842-a22a-3024f6730bef"",""id"":""urn:uuid:df29d8d8-9e96-57c6-a97f-c82b1919c502"",""normalized_state"":""candidate"",""owner_authority_id"":""urn:uuid:92460950-eecf-5596-88b7-bca9604a528a"",""owner_native_state"":""native_complete"",""payload"":{""body_prose_copied"":false,""course_id"":""C140"",""edition_id"":""urn:uuid:ff7007a1-4801-53db-a941-92294fb69c8d"",""label"":""O006-C140-CMP-MS06"",""learner_route_state"":""explicit_unavailable"",""native_id"":""O006-C140-CMP-MS06"",""ordinal"":27,""owner_source_bytes"":21470,""owner_source_path"":""components/c140-companion/source/id-ID/mastery/O006-C140-CMP-MS06.md"",""owner_source_sha256"":""aa40dac2d40d119a0a545cd3da53c753577348707d3cbaf7d40383a762a90177"",""title"":""Set penguasaan 06 — pengujian hipotesis, daya, nilai-p, dan jembatan ke teori fungsi kemungkinan"",""unit_url"":null},""record_type"":""unit"",""recorded_at"":""2026-09-07T00:00:00Z"",""semantic_key"":""c140:unit:O006-C140-CMP-MS06""}"
tables/units.jsonl,10,urn:uuid:eb531b5e-e7c1-5281-ac3e-cfef9ade2684,unit,"{""dataset_id"":""urn:uuid:b4219d4b-d4fb-5842-a22a-3024f6730bef"",""id"":""urn:uuid:eb531b5e-e7c1-5281-ac3e-cfef9ade2684"",""normalized_state"":""candidate"",""owner_authority_id"":""urn:uuid:92460950-eecf-5596-88b7-bca9604a528a"",""owner_native_state"":""native_complete"",""payload"":{""body_prose_copied"":false,""course_id"":""C140"",""edition_id"":""urn:uuid:ff7007a1-4801-53db-a941-92294fb69c8d"",""label"":""O006-C140-CMP-D004"",""learner_route_state"":""explicit_unavailable"",""native_id"":""O006-C140-CMP-D004"",""ordinal"":5,""owner_source_bytes"":22983,""owner_source_path"":""components/c140-companion/source/id-ID/theory/O006-C140-CMP-D004.md"",""owner_source_sha256"":""2f370401f1963798ca957e0ea737911d83704ce930b90d66af54329281d68e4a"",""title"":""Prosedur Wald, skor, dan rasio fungsi kemungkinan"",""unit_url"":null},""record_type"":""unit"",""recorded_at"":""2026-09-07T00:00:00Z"",""semantic_key"":""c140:unit:O006-C140-CMP-D004""}"
tables/units.jsonl,35,urn:uuid:f7c1c608-6852-5f28-bff1-8a8c2f101410,unit,"{""dataset_id"":""urn:uuid:b4219d4b-d4fb-5842-a22a-3024f6730bef"",""id"":""urn:uuid:f7c1c608-6852-5f28-bff1-8a8c2f101410"",""normalized_state"":""candidate"",""owner_authority_id"":""urn:uuid:92460950-eecf-5596-88b7-bca9604a528a"",""owner_native_state"":""native_complete"",""payload"":{""body_prose_copied"":false,""course_id"":""C140"",""edition_id"":""urn:uuid:ff7007a1-4801-53db-a941-92294fb69c8d"",""label"":""O006-C140-CMP-SIM002"",""learner_route_state"":""explicit_unavailable"",""native_id"":""O006-C140-CMP-SIM002"",""ordinal"":16,""owner_source_bytes"":2716,""owner_source_path"":""components/c140-companion/source/id-ID/simulations/O006-C140-CMP-SIM002.md"",""owner_source_sha256"":""5f8aac35192b14837b7fb28ed3030a2058cb5a777dd7a4bb6457f30f09c385ca"",""title"":""Metode delta pada titik reguler dan titik dengan turunan nol"",""unit_url"":null},""record_type"":""unit"",""recorded_at"":""2026-09-07T00:00:00Z"",""semantic_key"":""c140:unit:O006-C140-CMP-SIM002""}"
tables/units.jsonl,8,urn:uuid:f82810e1-e89a-56ad-ab4f-505a9a696695,unit,"{""dataset_id"":""urn:uuid:b4219d4b-d4fb-5842-a22a-3024f6730bef"",""id"":""urn:uuid:f82810e1-e89a-56ad-ab4f-505a9a696695"",""normalized_state"":""candidate"",""owner_authority_id"":""urn:uuid:92460950-eecf-5596-88b7-bca9604a528a"",""owner_native_state"":""native_complete"",""payload"":{""body_prose_copied"":false,""course_id"":""C140"",""edition_id"":""urn:uuid:ff7007a1-4801-53db-a941-92294fb69c8d"",""label"":""O006-C140-CMP-D002"",""learner_route_state"":""explicit_unavailable"",""native_id"":""O006-C140-CMP-D002"",""ordinal"":3,""owner_source_bytes"":18900,""owner_source_path"":""components/c140-companion/source/id-ID/theory/O006-C140-CMP-D002.md"",""owner_source_sha256"":""06f286a6df2667ce8dd7703a390a87777613ac8111ed9f7bb800aa1bc096018c"",""title"":""Konsistensi MLE: identifikasi Kullback–Leibler dan teorema argmax"",""unit_url"":null},""record_type"":""unit"",""recorded_at"":""2026-09-07T00:00:00Z"",""semantic_key"":""c140:unit:O006-C140-CMP-D002""}"
tables/units.jsonl,1,urn:uuid:fafa9547-e903-57db-ac22-56110a49f717,unit,"{""dataset_id"":""urn:uuid:b4219d4b-d4fb-5842-a22a-3024f6730bef"",""id"":""urn:uuid:fafa9547-e903-57db-ac22-56110a49f717"",""normalized_state"":""candidate"",""owner_authority_id"":""urn:uuid:92460950-eecf-5596-88b7-bca9604a528a"",""owner_native_state"":""native_complete"",""payload"":{""body_prose_copied"":false,""course_id"":""C140"",""edition_id"":""urn:uuid:ff7007a1-4801-53db-a941-92294fb69c8d"",""label"":""O006-C140-CMP-CA01"",""learner_route_state"":""explicit_unavailable"",""native_id"":""O006-C140-CMP-CA01"",""ordinal"":34,""owner_source_bytes"":43789,""owner_source_path"":""components/c140-companion/source/id-ID/assessments/O006-C140-CMP-CA01.md"",""owner_source_sha256"":""79574084036fa99fa5ad3b5bec635f4a1941a9383d53ff078d6c2bb6bb1860ec"",""title"":""Asesmen kumulatif C1: fungsi kemungkinan, optimalitas, dan keputusan statistik"",""unit_url"":null},""record_type"":""unit"",""recorded_at"":""2026-09-07T00:00:00Z"",""semantic_key"":""c140:unit:O006-C140-CMP-CA01""}"
