source_jsonl_path,source_row_ordinal,stable_id,record_type,canonical_record_json
tables/adapter_profiles.jsonl,1,urn:uuid:d3c881f7-86d6-5680-b90f-ad14b4a625c1,adapter_profile,"{""dataset_id"":""urn:uuid:97a5d5e6-c756-5fcf-8b1d-412402caace7"",""id"":""urn:uuid:d3c881f7-86d6-5680-b90f-ad14b4a625c1"",""normalized_state"":""validated"",""owner_authority_id"":""urn:uuid:7aa2ae30-7716-5b39-a47b-5ac2bdc9f035"",""owner_native_state"":""release_snapshot"",""payload"":{""adapter_version"":""0.1.0"",""body_prose_copied"":false,""module_metadata_materialized"":82,""native_backend_records_external"":561994,""owner_ids_reminted"":false,""profile"":""thin_format_neutral_zero_copy"",""source_namespace"":""openstax-cnxml-module-id/elementary-algebra-2e/id-ID/v1.0.3"",""target_namespace"":""bca57508-5164-54eb-8cb9-219c7707a38a""},""record_type"":""adapter_profile"",""recorded_at"":""2026-09-06T00:00:00Z"",""semantic_key"":""a10:adapter-profile:0.1.0""}"
tables/adapter_runs.jsonl,1,urn:uuid:0f5592b2-8e67-5714-9cb6-e987150f1a4d,adapter_run,"{""dataset_id"":""urn:uuid:97a5d5e6-c756-5fcf-8b1d-412402caace7"",""id"":""urn:uuid:0f5592b2-8e67-5714-9cb6-e987150f1a4d"",""normalized_state"":""validated"",""owner_authority_id"":""urn:uuid:7aa2ae30-7716-5b39-a47b-5ac2bdc9f035"",""owner_native_state"":""release_snapshot"",""payload"":{""adapter_version"":""0.1.0"",""deterministic_replay"":""required"",""input_authority_sha256"":""5ae589b75842923a0ebc530d649498bec9bb962ae0d14ab1cb44a9aedb573678"",""module_count"":82,""native_backend_records"":561994,""profile_id"":""urn:uuid:d3c881f7-86d6-5680-b90f-ad14b4a625c1"",""projection_policy"":""metadata_only_no_prose_no_history""},""record_type"":""adapter_run"",""recorded_at"":""2026-09-06T00:00:00Z"",""semantic_key"":""a10:adapter-run:0.1.0""}"
tables/artifacts.jsonl,5,urn:uuid:574f4470-bf00-51bf-be61-8d33dc1d6c51,artifact,"{""dataset_id"":""urn:uuid:97a5d5e6-c756-5fcf-8b1d-412402caace7"",""id"":""urn:uuid:574f4470-bf00-51bf-be61-8d33dc1d6c51"",""normalized_state"":""published"",""owner_authority_id"":""urn:uuid:7aa2ae30-7716-5b39-a47b-5ac2bdc9f035"",""owner_native_state"":""public_release_artifact"",""payload"":{""artifact_kind"":""owner_backend_archive"",""bytes"":147766660,""component_rights"":""see bundled LICENSE.txt and component-specific credits"",""external_zero_copy"":true,""filename"":""elementary-algebra-2e-id-ID-1.0.3-backend-core.zip"",""sha256"":""6dc5ddafb3178d82308819ced69f724919dcb388168c5c63ec39db9e99777b13"",""url"":""https://zenodo.org/records/22236314/files/elementary-algebra-2e-id-ID-1.0.3-backend-core.zip""},""record_type"":""artifact"",""recorded_at"":""2026-09-06T00:00:00Z"",""semantic_key"":""a10:artifact:elementary-algebra-2e-id-ID-1.0.3-backend-core.zip""}"
tables/artifacts.jsonl,1,urn:uuid:76a61667-1b8c-5f50-add1-119fe22465f0,artifact,"{""dataset_id"":""urn:uuid:97a5d5e6-c756-5fcf-8b1d-412402caace7"",""id"":""urn:uuid:76a61667-1b8c-5f50-add1-119fe22465f0"",""normalized_state"":""published"",""owner_authority_id"":""urn:uuid:7aa2ae30-7716-5b39-a47b-5ac2bdc9f035"",""owner_native_state"":""public_release_artifact"",""payload"":{""artifact_kind"":""reader_build_manifest"",""bytes"":4282699,""component_rights"":""see bundled LICENSE.txt and component-specific credits"",""external_zero_copy"":true,""filename"":""00-elementary-algebra-2e-bahasa-indonesia-EA2-C0082-reader-build-manifest.json"",""sha256"":""821d123602e75f6c1008c0d91350c2cc2c6c9ddeea5c76d00e922f59bd34a7b3"",""url"":""https://zenodo.org/records/22236314/files/00-elementary-algebra-2e-bahasa-indonesia-EA2-C0082-reader-build-manifest.json""},""record_type"":""artifact"",""recorded_at"":""2026-09-06T00:00:00Z"",""semantic_key"":""a10:artifact:00-elementary-algebra-2e-bahasa-indonesia-EA2-C0082-reader-build-manifest.json""}"
tables/artifacts.jsonl,2,urn:uuid:864a730f-b708-5b9d-8f92-f95e49f64bc6,artifact,"{""dataset_id"":""urn:uuid:97a5d5e6-c756-5fcf-8b1d-412402caace7"",""id"":""urn:uuid:864a730f-b708-5b9d-8f92-f95e49f64bc6"",""normalized_state"":""published"",""owner_authority_id"":""urn:uuid:7aa2ae30-7716-5b39-a47b-5ac2bdc9f035"",""owner_native_state"":""public_release_artifact"",""payload"":{""artifact_kind"":""learner_pdf"",""bytes"":74917277,""component_rights"":""see bundled LICENSE.txt and component-specific credits"",""external_zero_copy"":true,""filename"":""00-elementary-algebra-2e-bahasa-indonesia-EA2-C0082-reader.pdf"",""sha256"":""e4bc958edeb60a41604862dd0b67692bbfbcbb85b5de906c92af1f6c93bda505"",""url"":""https://zenodo.org/records/22236314/files/00-elementary-algebra-2e-bahasa-indonesia-EA2-C0082-reader.pdf""},""record_type"":""artifact"",""recorded_at"":""2026-09-06T00:00:00Z"",""semantic_key"":""a10:artifact:00-elementary-algebra-2e-bahasa-indonesia-EA2-C0082-reader.pdf""}"
tables/artifacts.jsonl,6,urn:uuid:882be855-3e53-5501-acb4-b2ff67e68eb2,artifact,"{""dataset_id"":""urn:uuid:97a5d5e6-c756-5fcf-8b1d-412402caace7"",""id"":""urn:uuid:882be855-3e53-5501-acb4-b2ff67e68eb2"",""normalized_state"":""published"",""owner_authority_id"":""urn:uuid:7aa2ae30-7716-5b39-a47b-5ac2bdc9f035"",""owner_native_state"":""public_release_artifact"",""payload"":{""artifact_kind"":""release_manifest"",""bytes"":39066,""component_rights"":""see bundled LICENSE.txt and component-specific credits"",""external_zero_copy"":true,""filename"":""elementary-algebra-2e-id-ID-1.0.3-release-manifest.json"",""sha256"":""a1cb3f183b37fc80013d3be68966bcbe667ae735582063a25cb4d3dd55ea2805"",""url"":""https://zenodo.org/api/records/22236314/files/elementary-algebra-2e-id-ID-1.0.3-release-manifest.json/content""},""record_type"":""artifact"",""recorded_at"":""2026-09-06T00:00:00Z"",""semantic_key"":""a10:artifact:elementary-algebra-2e-id-ID-1.0.3-release-manifest.json""}"
tables/artifacts.jsonl,4,urn:uuid:8cc7e090-7b3f-5d04-8840-dda9d35b8d4a,artifact,"{""dataset_id"":""urn:uuid:97a5d5e6-c756-5fcf-8b1d-412402caace7"",""id"":""urn:uuid:8cc7e090-7b3f-5d04-8840-dda9d35b8d4a"",""normalized_state"":""published"",""owner_authority_id"":""urn:uuid:7aa2ae30-7716-5b39-a47b-5ac2bdc9f035"",""owner_native_state"":""public_release_artifact"",""payload"":{""artifact_kind"":""license"",""bytes"":21442,""component_rights"":""see bundled LICENSE.txt and component-specific credits"",""external_zero_copy"":true,""filename"":""LICENSE.txt"",""sha256"":""ab1a44bbba58252630134574d7b2534813339240eb645825ffcc2487dbe8114a"",""url"":""https://zenodo.org/records/22236314/files/LICENSE.txt""},""record_type"":""artifact"",""recorded_at"":""2026-09-06T00:00:00Z"",""semantic_key"":""a10:artifact:LICENSE.txt""}"
tables/artifacts.jsonl,7,urn:uuid:c09c1d2e-d0f0-5751-8a92-72cc9197c262,artifact,"{""dataset_id"":""urn:uuid:97a5d5e6-c756-5fcf-8b1d-412402caace7"",""id"":""urn:uuid:c09c1d2e-d0f0-5751-8a92-72cc9197c262"",""normalized_state"":""published"",""owner_authority_id"":""urn:uuid:7aa2ae30-7716-5b39-a47b-5ac2bdc9f035"",""owner_native_state"":""public_release_artifact"",""payload"":{""artifact_kind"":""owner_source_archive"",""bytes"":7264274,""component_rights"":""see bundled LICENSE.txt and component-specific credits"",""external_zero_copy"":true,""filename"":""elementary-algebra-2e-id-ID-1.0.3-source.zip"",""sha256"":""77a6ecfa22c4a5b58b0b7f72e5ec9db11ac4656bc7fc9c4944a4a7916a2472f3"",""url"":""https://zenodo.org/records/22236314/files/elementary-algebra-2e-id-ID-1.0.3-source.zip""},""record_type"":""artifact"",""recorded_at"":""2026-09-06T00:00:00Z"",""semantic_key"":""a10:artifact:elementary-algebra-2e-id-ID-1.0.3-source.zip""}"
tables/artifacts.jsonl,3,urn:uuid:ceed5543-c08f-5084-97ca-07584e0c13ba,artifact,"{""dataset_id"":""urn:uuid:97a5d5e6-c756-5fcf-8b1d-412402caace7"",""id"":""urn:uuid:ceed5543-c08f-5084-97ca-07584e0c13ba"",""normalized_state"":""published"",""owner_authority_id"":""urn:uuid:7aa2ae30-7716-5b39-a47b-5ac2bdc9f035"",""owner_native_state"":""public_release_artifact"",""payload"":{""artifact_kind"":""reader_qa"",""bytes"":3050,""component_rights"":""see bundled LICENSE.txt and component-specific credits"",""external_zero_copy"":true,""filename"":""EA2-C0082-reader-QA-final.json"",""sha256"":""449dff1ca701690ce9bfffd5055010a5ff22b7b29ef206c480899f37689b2bb6"",""url"":""https://zenodo.org/records/22236314/files/EA2-C0082-reader-QA-final.json""},""record_type"":""artifact"",""recorded_at"":""2026-09-06T00:00:00Z"",""semantic_key"":""a10:artifact:EA2-C0082-reader-QA-final.json""}"
tables/course_unit_memberships.jsonl,16,urn:uuid:00ae9b38-c085-5b83-a871-e472fcb2a06d,course_unit_membership,"{""dataset_id"":""urn:uuid:97a5d5e6-c756-5fcf-8b1d-412402caace7"",""id"":""urn:uuid:00ae9b38-c085-5b83-a871-e472fcb2a06d"",""normalized_state"":""published"",""owner_authority_id"":""urn:uuid:7aa2ae30-7716-5b39-a47b-5ac2bdc9f035"",""owner_native_state"":""language_reviewed"",""payload"":{""course_id"":""urn:uuid:c2a0d387-a544-54ca-9b89-6d654a9bc200"",""edition_id"":""urn:uuid:9261c927-eace-5bda-b703-609e4a237e5f"",""native_module_id"":""m82467"",""ordinal"":17,""unit_id"":""urn:uuid:49db6b94-4404-5bb4-83ab-203140191644""},""record_type"":""course_unit_membership"",""recorded_at"":""2026-09-06T00:00:00Z"",""semantic_key"":""a10:membership:m82467""}"
tables/course_unit_memberships.jsonl,40,urn:uuid:03542a1b-8052-5542-b21f-e31959476719,course_unit_membership,"{""dataset_id"":""urn:uuid:97a5d5e6-c756-5fcf-8b1d-412402caace7"",""id"":""urn:uuid:03542a1b-8052-5542-b21f-e31959476719"",""normalized_state"":""published"",""owner_authority_id"":""urn:uuid:7aa2ae30-7716-5b39-a47b-5ac2bdc9f035"",""owner_native_state"":""language_reviewed"",""payload"":{""course_id"":""urn:uuid:c2a0d387-a544-54ca-9b89-6d654a9bc200"",""edition_id"":""urn:uuid:9261c927-eace-5bda-b703-609e4a237e5f"",""native_module_id"":""m82498"",""ordinal"":41,""unit_id"":""urn:uuid:edd3dbf7-bf56-506d-947f-f26692c8330f""},""record_type"":""course_unit_membership"",""recorded_at"":""2026-09-06T00:00:00Z"",""semantic_key"":""a10:membership:m82498""}"
tables/course_unit_memberships.jsonl,21,urn:uuid:082c1d52-906f-5bd4-aad2-fa7867fce406,course_unit_membership,"{""dataset_id"":""urn:uuid:97a5d5e6-c756-5fcf-8b1d-412402caace7"",""id"":""urn:uuid:082c1d52-906f-5bd4-aad2-fa7867fce406"",""normalized_state"":""published"",""owner_authority_id"":""urn:uuid:7aa2ae30-7716-5b39-a47b-5ac2bdc9f035"",""owner_native_state"":""language_reviewed"",""payload"":{""course_id"":""urn:uuid:c2a0d387-a544-54ca-9b89-6d654a9bc200"",""edition_id"":""urn:uuid:9261c927-eace-5bda-b703-609e4a237e5f"",""native_module_id"":""m82472"",""ordinal"":22,""unit_id"":""urn:uuid:1f664893-dca1-5546-9c1c-9814f93229f3""},""record_type"":""course_unit_membership"",""recorded_at"":""2026-09-06T00:00:00Z"",""semantic_key"":""a10:membership:m82472""}"
tables/course_unit_memberships.jsonl,2,urn:uuid:08385bba-a5ff-533e-8a80-c2552e1aa7e0,course_unit_membership,"{""dataset_id"":""urn:uuid:97a5d5e6-c756-5fcf-8b1d-412402caace7"",""id"":""urn:uuid:08385bba-a5ff-533e-8a80-c2552e1aa7e0"",""normalized_state"":""published"",""owner_authority_id"":""urn:uuid:7aa2ae30-7716-5b39-a47b-5ac2bdc9f035"",""owner_native_state"":""language_reviewed"",""payload"":{""course_id"":""urn:uuid:c2a0d387-a544-54ca-9b89-6d654a9bc200"",""edition_id"":""urn:uuid:9261c927-eace-5bda-b703-609e4a237e5f"",""native_module_id"":""m82452"",""ordinal"":3,""unit_id"":""urn:uuid:20941cb5-b8b2-5d84-9466-081ed71894fe""},""record_type"":""course_unit_membership"",""recorded_at"":""2026-09-06T00:00:00Z"",""semantic_key"":""a10:membership:m82452""}"
tables/course_unit_memberships.jsonl,67,urn:uuid:08e0ce32-8197-5575-8862-e2e72ec401f1,course_unit_membership,"{""dataset_id"":""urn:uuid:97a5d5e6-c756-5fcf-8b1d-412402caace7"",""id"":""urn:uuid:08e0ce32-8197-5575-8862-e2e72ec401f1"",""normalized_state"":""published"",""owner_authority_id"":""urn:uuid:7aa2ae30-7716-5b39-a47b-5ac2bdc9f035"",""owner_native_state"":""language_reviewed"",""payload"":{""course_id"":""urn:uuid:c2a0d387-a544-54ca-9b89-6d654a9bc200"",""edition_id"":""urn:uuid:9261c927-eace-5bda-b703-609e4a237e5f"",""native_module_id"":""m82548"",""ordinal"":72,""unit_id"":""urn:uuid:3675263f-c202-52a1-8d8a-03ac52e701ac""},""record_type"":""course_unit_membership"",""recorded_at"":""2026-09-06T00:00:00Z"",""semantic_key"":""a10:membership:m82548""}"
tables/course_unit_memberships.jsonl,72,urn:uuid:0ae35108-8f8f-588b-9ab2-2b5450b5247a,course_unit_membership,"{""dataset_id"":""urn:uuid:97a5d5e6-c756-5fcf-8b1d-412402caace7"",""id"":""urn:uuid:0ae35108-8f8f-588b-9ab2-2b5450b5247a"",""normalized_state"":""published"",""owner_authority_id"":""urn:uuid:7aa2ae30-7716-5b39-a47b-5ac2bdc9f035"",""owner_native_state"":""language_reviewed"",""payload"":{""course_id"":""urn:uuid:c2a0d387-a544-54ca-9b89-6d654a9bc200"",""edition_id"":""urn:uuid:9261c927-eace-5bda-b703-609e4a237e5f"",""native_module_id"":""m82554"",""ordinal"":77,""unit_id"":""urn:uuid:9e6b7b22-c59e-5600-a74f-7f6c8e486197""},""record_type"":""course_unit_membership"",""recorded_at"":""2026-09-06T00:00:00Z"",""semantic_key"":""a10:membership:m82554""}"
tables/course_unit_memberships.jsonl,66,urn:uuid:0e4d6127-6f1d-5613-9309-449b01fedd2f,course_unit_membership,"{""dataset_id"":""urn:uuid:97a5d5e6-c756-5fcf-8b1d-412402caace7"",""id"":""urn:uuid:0e4d6127-6f1d-5613-9309-449b01fedd2f"",""normalized_state"":""published"",""owner_authority_id"":""urn:uuid:7aa2ae30-7716-5b39-a47b-5ac2bdc9f035"",""owner_native_state"":""language_reviewed"",""payload"":{""course_id"":""urn:uuid:c2a0d387-a544-54ca-9b89-6d654a9bc200"",""edition_id"":""urn:uuid:9261c927-eace-5bda-b703-609e4a237e5f"",""native_module_id"":""m82547"",""ordinal"":71,""unit_id"":""urn:uuid:355403c8-559f-57e6-be7c-4c2b7ceb0b01""},""record_type"":""course_unit_membership"",""recorded_at"":""2026-09-06T00:00:00Z"",""semantic_key"":""a10:membership:m82547""}"
tables/course_unit_memberships.jsonl,77,urn:uuid:16935f13-b7b7-5e53-a937-1c3eda973197,course_unit_membership,"{""dataset_id"":""urn:uuid:97a5d5e6-c756-5fcf-8b1d-412402caace7"",""id"":""urn:uuid:16935f13-b7b7-5e53-a937-1c3eda973197"",""normalized_state"":""published"",""owner_authority_id"":""urn:uuid:7aa2ae30-7716-5b39-a47b-5ac2bdc9f035"",""owner_native_state"":""language_reviewed"",""payload"":{""course_id"":""urn:uuid:c2a0d387-a544-54ca-9b89-6d654a9bc200"",""edition_id"":""urn:uuid:9261c927-eace-5bda-b703-609e4a237e5f"",""native_module_id"":""m82559"",""ordinal"":82,""unit_id"":""urn:uuid:bea45432-16c8-56df-bbcf-aaf42055865a""},""record_type"":""course_unit_membership"",""recorded_at"":""2026-09-06T00:00:00Z"",""semantic_key"":""a10:membership:m82559""}"
tables/course_unit_memberships.jsonl,58,urn:uuid:1d16d300-e59d-5481-a925-b78103ff18ac,course_unit_membership,"{""dataset_id"":""urn:uuid:97a5d5e6-c756-5fcf-8b1d-412402caace7"",""id"":""urn:uuid:1d16d300-e59d-5481-a925-b78103ff18ac"",""normalized_state"":""published"",""owner_authority_id"":""urn:uuid:7aa2ae30-7716-5b39-a47b-5ac2bdc9f035"",""owner_native_state"":""language_reviewed"",""payload"":{""course_id"":""urn:uuid:c2a0d387-a544-54ca-9b89-6d654a9bc200"",""edition_id"":""urn:uuid:9261c927-eace-5bda-b703-609e4a237e5f"",""native_module_id"":""m82535"",""ordinal"":62,""unit_id"":""urn:uuid:6de60b3d-64b5-5ba6-a4ce-4478288e007c""},""record_type"":""course_unit_membership"",""recorded_at"":""2026-09-06T00:00:00Z"",""semantic_key"":""a10:membership:m82535""}"
tables/course_unit_memberships.jsonl,36,urn:uuid:20a0c2bb-4901-5c50-b727-917f99f8f97e,course_unit_membership,"{""dataset_id"":""urn:uuid:97a5d5e6-c756-5fcf-8b1d-412402caace7"",""id"":""urn:uuid:20a0c2bb-4901-5c50-b727-917f99f8f97e"",""normalized_state"":""published"",""owner_authority_id"":""urn:uuid:7aa2ae30-7716-5b39-a47b-5ac2bdc9f035"",""owner_native_state"":""language_reviewed"",""payload"":{""course_id"":""urn:uuid:c2a0d387-a544-54ca-9b89-6d654a9bc200"",""edition_id"":""urn:uuid:9261c927-eace-5bda-b703-609e4a237e5f"",""native_module_id"":""m82490"",""ordinal"":37,""unit_id"":""urn:uuid:0b36fc6a-54c3-5076-b9d0-e3d74e2f5e35""},""record_type"":""course_unit_membership"",""recorded_at"":""2026-09-06T00:00:00Z"",""semantic_key"":""a10:membership:m82490""}"
tables/course_unit_memberships.jsonl,71,urn:uuid:21421d9d-716d-565d-a96e-afe17f4e1a22,course_unit_membership,"{""dataset_id"":""urn:uuid:97a5d5e6-c756-5fcf-8b1d-412402caace7"",""id"":""urn:uuid:21421d9d-716d-565d-a96e-afe17f4e1a22"",""normalized_state"":""published"",""owner_authority_id"":""urn:uuid:7aa2ae30-7716-5b39-a47b-5ac2bdc9f035"",""owner_native_state"":""language_reviewed"",""payload"":{""course_id"":""urn:uuid:c2a0d387-a544-54ca-9b89-6d654a9bc200"",""edition_id"":""urn:uuid:9261c927-eace-5bda-b703-609e4a237e5f"",""native_module_id"":""m82553"",""ordinal"":76,""unit_id"":""urn:uuid:3064832d-cca3-55f3-b0e1-216e00b366c0""},""record_type"":""course_unit_membership"",""recorded_at"":""2026-09-06T00:00:00Z"",""semantic_key"":""a10:membership:m82553""}"
tables/course_unit_memberships.jsonl,48,urn:uuid:24826525-cb4d-55b0-8dd9-1302b2f9c9dc,course_unit_membership,"{""dataset_id"":""urn:uuid:97a5d5e6-c756-5fcf-8b1d-412402caace7"",""id"":""urn:uuid:24826525-cb4d-55b0-8dd9-1302b2f9c9dc"",""normalized_state"":""published"",""owner_authority_id"":""urn:uuid:7aa2ae30-7716-5b39-a47b-5ac2bdc9f035"",""owner_native_state"":""language_reviewed"",""payload"":{""course_id"":""urn:uuid:c2a0d387-a544-54ca-9b89-6d654a9bc200"",""edition_id"":""urn:uuid:9261c927-eace-5bda-b703-609e4a237e5f"",""native_module_id"":""m82513"",""ordinal"":49,""unit_id"":""urn:uuid:6e599efd-1f76-561c-8e85-066e78a80060""},""record_type"":""course_unit_membership"",""recorded_at"":""2026-09-06T00:00:00Z"",""semantic_key"":""a10:membership:m82513""}"
tables/course_unit_memberships.jsonl,23,urn:uuid:28cc66d5-4662-5bc9-9549-36877b8ff40a,course_unit_membership,"{""dataset_id"":""urn:uuid:97a5d5e6-c756-5fcf-8b1d-412402caace7"",""id"":""urn:uuid:28cc66d5-4662-5bc9-9549-36877b8ff40a"",""normalized_state"":""published"",""owner_authority_id"":""urn:uuid:7aa2ae30-7716-5b39-a47b-5ac2bdc9f035"",""owner_native_state"":""language_reviewed"",""payload"":{""course_id"":""urn:uuid:c2a0d387-a544-54ca-9b89-6d654a9bc200"",""edition_id"":""urn:uuid:9261c927-eace-5bda-b703-609e4a237e5f"",""native_module_id"":""m82475"",""ordinal"":24,""unit_id"":""urn:uuid:2e2d9798-269b-5297-85f8-16ee773c0730""},""record_type"":""course_unit_membership"",""recorded_at"":""2026-09-06T00:00:00Z"",""semantic_key"":""a10:membership:m82475""}"
tables/course_unit_memberships.jsonl,54,urn:uuid:29caf365-ef4b-5f98-96ab-04a83efd6ba3,course_unit_membership,"{""dataset_id"":""urn:uuid:97a5d5e6-c756-5fcf-8b1d-412402caace7"",""id"":""urn:uuid:29caf365-ef4b-5f98-96ab-04a83efd6ba3"",""normalized_state"":""published"",""owner_authority_id"":""urn:uuid:7aa2ae30-7716-5b39-a47b-5ac2bdc9f035"",""owner_native_state"":""language_reviewed"",""payload"":{""course_id"":""urn:uuid:c2a0d387-a544-54ca-9b89-6d654a9bc200"",""edition_id"":""urn:uuid:9261c927-eace-5bda-b703-609e4a237e5f"",""native_module_id"":""m82531"",""ordinal"":58,""unit_id"":""urn:uuid:2f1f3efe-4f4f-5e69-9451-8b210b94b68a""},""record_type"":""course_unit_membership"",""recorded_at"":""2026-09-06T00:00:00Z"",""semantic_key"":""a10:membership:m82531""}"
tables/course_unit_memberships.jsonl,18,urn:uuid:2ab84e8c-3129-5c8b-b313-7a40f5759304,course_unit_membership,"{""dataset_id"":""urn:uuid:97a5d5e6-c756-5fcf-8b1d-412402caace7"",""id"":""urn:uuid:2ab84e8c-3129-5c8b-b313-7a40f5759304"",""normalized_state"":""published"",""owner_authority_id"":""urn:uuid:7aa2ae30-7716-5b39-a47b-5ac2bdc9f035"",""owner_native_state"":""language_reviewed"",""payload"":{""course_id"":""urn:uuid:c2a0d387-a544-54ca-9b89-6d654a9bc200"",""edition_id"":""urn:uuid:9261c927-eace-5bda-b703-609e4a237e5f"",""native_module_id"":""m82469"",""ordinal"":19,""unit_id"":""urn:uuid:a66e374d-372e-52fb-bbde-8da11aea1a90""},""record_type"":""course_unit_membership"",""recorded_at"":""2026-09-06T00:00:00Z"",""semantic_key"":""a10:membership:m82469""}"
tables/course_unit_memberships.jsonl,43,urn:uuid:2c1e20a1-91e3-57f7-b5ee-cc2f4dbb81bb,course_unit_membership,"{""dataset_id"":""urn:uuid:97a5d5e6-c756-5fcf-8b1d-412402caace7"",""id"":""urn:uuid:2c1e20a1-91e3-57f7-b5ee-cc2f4dbb81bb"",""normalized_state"":""published"",""owner_authority_id"":""urn:uuid:7aa2ae30-7716-5b39-a47b-5ac2bdc9f035"",""owner_native_state"":""language_reviewed"",""payload"":{""course_id"":""urn:uuid:c2a0d387-a544-54ca-9b89-6d654a9bc200"",""edition_id"":""urn:uuid:9261c927-eace-5bda-b703-609e4a237e5f"",""native_module_id"":""m82501"",""ordinal"":44,""unit_id"":""urn:uuid:ec24b26a-8aed-5017-8036-f93a3560dc1f""},""record_type"":""course_unit_membership"",""recorded_at"":""2026-09-06T00:00:00Z"",""semantic_key"":""a10:membership:m82501""}"
tables/course_unit_memberships.jsonl,5,urn:uuid:2d3e0686-e374-54b5-8b2e-7b05f6090932,course_unit_membership,"{""dataset_id"":""urn:uuid:97a5d5e6-c756-5fcf-8b1d-412402caace7"",""id"":""urn:uuid:2d3e0686-e374-54b5-8b2e-7b05f6090932"",""normalized_state"":""published"",""owner_authority_id"":""urn:uuid:7aa2ae30-7716-5b39-a47b-5ac2bdc9f035"",""owner_native_state"":""language_reviewed"",""payload"":{""course_id"":""urn:uuid:c2a0d387-a544-54ca-9b89-6d654a9bc200"",""edition_id"":""urn:uuid:9261c927-eace-5bda-b703-609e4a237e5f"",""native_module_id"":""m82455"",""ordinal"":6,""unit_id"":""urn:uuid:cfa0c719-15e7-5f14-b807-82712ff330f8""},""record_type"":""course_unit_membership"",""recorded_at"":""2026-09-06T00:00:00Z"",""semantic_key"":""a10:membership:m82455""}"
tables/course_unit_memberships.jsonl,17,urn:uuid:35215d97-21ac-5272-812c-2b713987ecbb,course_unit_membership,"{""dataset_id"":""urn:uuid:97a5d5e6-c756-5fcf-8b1d-412402caace7"",""id"":""urn:uuid:35215d97-21ac-5272-812c-2b713987ecbb"",""normalized_state"":""published"",""owner_authority_id"":""urn:uuid:7aa2ae30-7716-5b39-a47b-5ac2bdc9f035"",""owner_native_state"":""language_reviewed"",""payload"":{""course_id"":""urn:uuid:c2a0d387-a544-54ca-9b89-6d654a9bc200"",""edition_id"":""urn:uuid:9261c927-eace-5bda-b703-609e4a237e5f"",""native_module_id"":""m82468"",""ordinal"":18,""unit_id"":""urn:uuid:c6001bb0-e090-58da-9dbe-04fc98a1a9ac""},""record_type"":""course_unit_membership"",""recorded_at"":""2026-09-06T00:00:00Z"",""semantic_key"":""a10:membership:m82468""}"
tables/course_unit_memberships.jsonl,53,urn:uuid:36bd5230-8b81-5271-b3ed-ee5657899ba6,course_unit_membership,"{""dataset_id"":""urn:uuid:97a5d5e6-c756-5fcf-8b1d-412402caace7"",""id"":""urn:uuid:36bd5230-8b81-5271-b3ed-ee5657899ba6"",""normalized_state"":""published"",""owner_authority_id"":""urn:uuid:7aa2ae30-7716-5b39-a47b-5ac2bdc9f035"",""owner_native_state"":""language_reviewed"",""payload"":{""course_id"":""urn:uuid:c2a0d387-a544-54ca-9b89-6d654a9bc200"",""edition_id"":""urn:uuid:9261c927-eace-5bda-b703-609e4a237e5f"",""native_module_id"":""m82530"",""ordinal"":57,""unit_id"":""urn:uuid:673aaa87-0271-5888-9eae-8a5f20155db7""},""record_type"":""course_unit_membership"",""recorded_at"":""2026-09-06T00:00:00Z"",""semantic_key"":""a10:membership:m82530""}"
tables/course_unit_memberships.jsonl,27,urn:uuid:371b79f0-71bf-5750-9892-40502a8291e6,course_unit_membership,"{""dataset_id"":""urn:uuid:97a5d5e6-c756-5fcf-8b1d-412402caace7"",""id"":""urn:uuid:371b79f0-71bf-5750-9892-40502a8291e6"",""normalized_state"":""published"",""owner_authority_id"":""urn:uuid:7aa2ae30-7716-5b39-a47b-5ac2bdc9f035"",""owner_native_state"":""language_reviewed"",""payload"":{""course_id"":""urn:uuid:c2a0d387-a544-54ca-9b89-6d654a9bc200"",""edition_id"":""urn:uuid:9261c927-eace-5bda-b703-609e4a237e5f"",""native_module_id"":""m82479"",""ordinal"":28,""unit_id"":""urn:uuid:59c578de-6d6f-52f8-b5f9-69e5fb36324e""},""record_type"":""course_unit_membership"",""recorded_at"":""2026-09-06T00:00:00Z"",""semantic_key"":""a10:membership:m82479""}"
tables/course_unit_memberships.jsonl,42,urn:uuid:3c073d75-7b90-52fb-b8b9-75e49596bc8e,course_unit_membership,"{""dataset_id"":""urn:uuid:97a5d5e6-c756-5fcf-8b1d-412402caace7"",""id"":""urn:uuid:3c073d75-7b90-52fb-b8b9-75e49596bc8e"",""normalized_state"":""published"",""owner_authority_id"":""urn:uuid:7aa2ae30-7716-5b39-a47b-5ac2bdc9f035"",""owner_native_state"":""language_reviewed"",""payload"":{""course_id"":""urn:uuid:c2a0d387-a544-54ca-9b89-6d654a9bc200"",""edition_id"":""urn:uuid:9261c927-eace-5bda-b703-609e4a237e5f"",""native_module_id"":""m82500"",""ordinal"":43,""unit_id"":""urn:uuid:e8ce8313-3426-56b0-895b-82c187491b81""},""record_type"":""course_unit_membership"",""recorded_at"":""2026-09-06T00:00:00Z"",""semantic_key"":""a10:membership:m82500""}"
tables/course_unit_memberships.jsonl,74,urn:uuid:3d4a3108-1649-5230-9205-1ef33a1bc420,course_unit_membership,"{""dataset_id"":""urn:uuid:97a5d5e6-c756-5fcf-8b1d-412402caace7"",""id"":""urn:uuid:3d4a3108-1649-5230-9205-1ef33a1bc420"",""normalized_state"":""published"",""owner_authority_id"":""urn:uuid:7aa2ae30-7716-5b39-a47b-5ac2bdc9f035"",""owner_native_state"":""language_reviewed"",""payload"":{""course_id"":""urn:uuid:c2a0d387-a544-54ca-9b89-6d654a9bc200"",""edition_id"":""urn:uuid:9261c927-eace-5bda-b703-609e4a237e5f"",""native_module_id"":""m82556"",""ordinal"":79,""unit_id"":""urn:uuid:5ebdf8c6-f1db-5d9a-972d-2f2d0e496824""},""record_type"":""course_unit_membership"",""recorded_at"":""2026-09-06T00:00:00Z"",""semantic_key"":""a10:membership:m82556""}"
tables/course_unit_memberships.jsonl,52,urn:uuid:45b0b6c2-9e0d-5725-9f1a-cce767617993,course_unit_membership,"{""dataset_id"":""urn:uuid:97a5d5e6-c756-5fcf-8b1d-412402caace7"",""id"":""urn:uuid:45b0b6c2-9e0d-5725-9f1a-cce767617993"",""normalized_state"":""published"",""owner_authority_id"":""urn:uuid:7aa2ae30-7716-5b39-a47b-5ac2bdc9f035"",""owner_native_state"":""language_reviewed"",""payload"":{""course_id"":""urn:uuid:c2a0d387-a544-54ca-9b89-6d654a9bc200"",""edition_id"":""urn:uuid:9261c927-eace-5bda-b703-609e4a237e5f"",""native_module_id"":""m82529"",""ordinal"":56,""unit_id"":""urn:uuid:f1fbb460-65fe-5812-90c9-346f4312ef0a""},""record_type"":""course_unit_membership"",""recorded_at"":""2026-09-06T00:00:00Z"",""semantic_key"":""a10:membership:m82529""}"
tables/course_unit_memberships.jsonl,10,urn:uuid:4a785431-abc7-567d-9d08-e3ded96202df,course_unit_membership,"{""dataset_id"":""urn:uuid:97a5d5e6-c756-5fcf-8b1d-412402caace7"",""id"":""urn:uuid:4a785431-abc7-567d-9d08-e3ded96202df"",""normalized_state"":""published"",""owner_authority_id"":""urn:uuid:7aa2ae30-7716-5b39-a47b-5ac2bdc9f035"",""owner_native_state"":""language_reviewed"",""payload"":{""course_id"":""urn:uuid:c2a0d387-a544-54ca-9b89-6d654a9bc200"",""edition_id"":""urn:uuid:9261c927-eace-5bda-b703-609e4a237e5f"",""native_module_id"":""m82460"",""ordinal"":11,""unit_id"":""urn:uuid:db2dbd7c-03d1-5d31-a832-6c22f6d1331c""},""record_type"":""course_unit_membership"",""recorded_at"":""2026-09-06T00:00:00Z"",""semantic_key"":""a10:membership:m82460""}"
tables/course_unit_memberships.jsonl,68,urn:uuid:4b636f0e-8e04-5d93-a445-5b527b063554,course_unit_membership,"{""dataset_id"":""urn:uuid:97a5d5e6-c756-5fcf-8b1d-412402caace7"",""id"":""urn:uuid:4b636f0e-8e04-5d93-a445-5b527b063554"",""normalized_state"":""published"",""owner_authority_id"":""urn:uuid:7aa2ae30-7716-5b39-a47b-5ac2bdc9f035"",""owner_native_state"":""language_reviewed"",""payload"":{""course_id"":""urn:uuid:c2a0d387-a544-54ca-9b89-6d654a9bc200"",""edition_id"":""urn:uuid:9261c927-eace-5bda-b703-609e4a237e5f"",""native_module_id"":""m82550"",""ordinal"":73,""unit_id"":""urn:uuid:5a8f8f55-d233-550d-a25e-1a10d0bb418f""},""record_type"":""course_unit_membership"",""recorded_at"":""2026-09-06T00:00:00Z"",""semantic_key"":""a10:membership:m82550""}"
tables/course_unit_memberships.jsonl,33,urn:uuid:4eac894d-99d5-5891-ab2d-bcbb2253dd0a,course_unit_membership,"{""dataset_id"":""urn:uuid:97a5d5e6-c756-5fcf-8b1d-412402caace7"",""id"":""urn:uuid:4eac894d-99d5-5891-ab2d-bcbb2253dd0a"",""normalized_state"":""published"",""owner_authority_id"":""urn:uuid:7aa2ae30-7716-5b39-a47b-5ac2bdc9f035"",""owner_native_state"":""language_reviewed"",""payload"":{""course_id"":""urn:uuid:c2a0d387-a544-54ca-9b89-6d654a9bc200"",""edition_id"":""urn:uuid:9261c927-eace-5bda-b703-609e4a237e5f"",""native_module_id"":""m82486"",""ordinal"":34,""unit_id"":""urn:uuid:6e611059-69d4-5ef8-9246-902e6c768e58""},""record_type"":""course_unit_membership"",""recorded_at"":""2026-09-06T00:00:00Z"",""semantic_key"":""a10:membership:m82486""}"
tables/course_unit_memberships.jsonl,60,urn:uuid:553a685d-f5c7-525c-923f-cd38da523eab,course_unit_membership,"{""dataset_id"":""urn:uuid:97a5d5e6-c756-5fcf-8b1d-412402caace7"",""id"":""urn:uuid:553a685d-f5c7-525c-923f-cd38da523eab"",""normalized_state"":""published"",""owner_authority_id"":""urn:uuid:7aa2ae30-7716-5b39-a47b-5ac2bdc9f035"",""owner_native_state"":""language_reviewed"",""payload"":{""course_id"":""urn:uuid:c2a0d387-a544-54ca-9b89-6d654a9bc200"",""edition_id"":""urn:uuid:9261c927-eace-5bda-b703-609e4a237e5f"",""native_module_id"":""m82538"",""ordinal"":64,""unit_id"":""urn:uuid:16ab80f9-f1e9-54e3-b389-371337db52c5""},""record_type"":""course_unit_membership"",""recorded_at"":""2026-09-06T00:00:00Z"",""semantic_key"":""a10:membership:m82538""}"
tables/course_unit_memberships.jsonl,61,urn:uuid:55bfa3b0-05a2-5a5e-8c8d-01593fd07bbc,course_unit_membership,"{""dataset_id"":""urn:uuid:97a5d5e6-c756-5fcf-8b1d-412402caace7"",""id"":""urn:uuid:55bfa3b0-05a2-5a5e-8c8d-01593fd07bbc"",""normalized_state"":""published"",""owner_authority_id"":""urn:uuid:7aa2ae30-7716-5b39-a47b-5ac2bdc9f035"",""owner_native_state"":""language_reviewed"",""payload"":{""course_id"":""urn:uuid:c2a0d387-a544-54ca-9b89-6d654a9bc200"",""edition_id"":""urn:uuid:9261c927-eace-5bda-b703-609e4a237e5f"",""native_module_id"":""m82539"",""ordinal"":65,""unit_id"":""urn:uuid:0fdf7e0f-ffb5-569b-bc58-042f63f8a8d3""},""record_type"":""course_unit_membership"",""recorded_at"":""2026-09-06T00:00:00Z"",""semantic_key"":""a10:membership:m82539""}"
tables/course_unit_memberships.jsonl,65,urn:uuid:59c3ff5a-986c-5015-89a4-e74928d2ba71,course_unit_membership,"{""dataset_id"":""urn:uuid:97a5d5e6-c756-5fcf-8b1d-412402caace7"",""id"":""urn:uuid:59c3ff5a-986c-5015-89a4-e74928d2ba71"",""normalized_state"":""published"",""owner_authority_id"":""urn:uuid:7aa2ae30-7716-5b39-a47b-5ac2bdc9f035"",""owner_native_state"":""language_reviewed"",""payload"":{""course_id"":""urn:uuid:c2a0d387-a544-54ca-9b89-6d654a9bc200"",""edition_id"":""urn:uuid:9261c927-eace-5bda-b703-609e4a237e5f"",""native_module_id"":""m82546"",""ordinal"":70,""unit_id"":""urn:uuid:9d4d115c-4f3a-579a-b696-693542ea6f10""},""record_type"":""course_unit_membership"",""recorded_at"":""2026-09-06T00:00:00Z"",""semantic_key"":""a10:membership:m82546""}"
tables/course_unit_memberships.jsonl,3,urn:uuid:5ab2d70e-b9ac-5ed8-8b28-b8d7bb3e2a3f,course_unit_membership,"{""dataset_id"":""urn:uuid:97a5d5e6-c756-5fcf-8b1d-412402caace7"",""id"":""urn:uuid:5ab2d70e-b9ac-5ed8-8b28-b8d7bb3e2a3f"",""normalized_state"":""published"",""owner_authority_id"":""urn:uuid:7aa2ae30-7716-5b39-a47b-5ac2bdc9f035"",""owner_native_state"":""language_reviewed"",""payload"":{""course_id"":""urn:uuid:c2a0d387-a544-54ca-9b89-6d654a9bc200"",""edition_id"":""urn:uuid:9261c927-eace-5bda-b703-609e4a237e5f"",""native_module_id"":""m82453"",""ordinal"":4,""unit_id"":""urn:uuid:ab4c3568-a7df-52ae-aef6-810ddc589582""},""record_type"":""course_unit_membership"",""recorded_at"":""2026-09-06T00:00:00Z"",""semantic_key"":""a10:membership:m82453""}"
tables/course_unit_memberships.jsonl,81,urn:uuid:5c75afdf-2d86-5f78-8dd0-ff388b949dbd,course_unit_membership,"{""dataset_id"":""urn:uuid:97a5d5e6-c756-5fcf-8b1d-412402caace7"",""id"":""urn:uuid:5c75afdf-2d86-5f78-8dd0-ff388b949dbd"",""normalized_state"":""published"",""owner_authority_id"":""urn:uuid:7aa2ae30-7716-5b39-a47b-5ac2bdc9f035"",""owner_native_state"":""language_reviewed"",""payload"":{""course_id"":""urn:uuid:c2a0d387-a544-54ca-9b89-6d654a9bc200"",""edition_id"":""urn:uuid:9261c927-eace-5bda-b703-609e4a237e5f"",""native_module_id"":""m82566"",""ordinal"":53,""unit_id"":""urn:uuid:51c8a6e5-7968-5c00-9fbc-7d0d041a1fae""},""record_type"":""course_unit_membership"",""recorded_at"":""2026-09-06T00:00:00Z"",""semantic_key"":""a10:membership:m82566""}"
tables/course_unit_memberships.jsonl,49,urn:uuid:5e12fc4f-32d3-5e4e-90b9-725d0dd11dcf,course_unit_membership,"{""dataset_id"":""urn:uuid:97a5d5e6-c756-5fcf-8b1d-412402caace7"",""id"":""urn:uuid:5e12fc4f-32d3-5e4e-90b9-725d0dd11dcf"",""normalized_state"":""published"",""owner_authority_id"":""urn:uuid:7aa2ae30-7716-5b39-a47b-5ac2bdc9f035"",""owner_native_state"":""language_reviewed"",""payload"":{""course_id"":""urn:uuid:c2a0d387-a544-54ca-9b89-6d654a9bc200"",""edition_id"":""urn:uuid:9261c927-eace-5bda-b703-609e4a237e5f"",""native_module_id"":""m82514"",""ordinal"":50,""unit_id"":""urn:uuid:85cc5962-adcd-5960-8634-70dab0b8f133""},""record_type"":""course_unit_membership"",""recorded_at"":""2026-09-06T00:00:00Z"",""semantic_key"":""a10:membership:m82514""}"
tables/course_unit_memberships.jsonl,35,urn:uuid:61250702-6bc2-5942-8086-8ff1e7456736,course_unit_membership,"{""dataset_id"":""urn:uuid:97a5d5e6-c756-5fcf-8b1d-412402caace7"",""id"":""urn:uuid:61250702-6bc2-5942-8086-8ff1e7456736"",""normalized_state"":""published"",""owner_authority_id"":""urn:uuid:7aa2ae30-7716-5b39-a47b-5ac2bdc9f035"",""owner_native_state"":""language_reviewed"",""payload"":{""course_id"":""urn:uuid:c2a0d387-a544-54ca-9b89-6d654a9bc200"",""edition_id"":""urn:uuid:9261c927-eace-5bda-b703-609e4a237e5f"",""native_module_id"":""m82489"",""ordinal"":36,""unit_id"":""urn:uuid:b5547cef-c574-57c5-b188-7a63f3835e07""},""record_type"":""course_unit_membership"",""recorded_at"":""2026-09-06T00:00:00Z"",""semantic_key"":""a10:membership:m82489""}"
tables/course_unit_memberships.jsonl,70,urn:uuid:6505fa2e-29f7-5f71-b0e9-3938e0fdeccd,course_unit_membership,"{""dataset_id"":""urn:uuid:97a5d5e6-c756-5fcf-8b1d-412402caace7"",""id"":""urn:uuid:6505fa2e-29f7-5f71-b0e9-3938e0fdeccd"",""normalized_state"":""published"",""owner_authority_id"":""urn:uuid:7aa2ae30-7716-5b39-a47b-5ac2bdc9f035"",""owner_native_state"":""language_reviewed"",""payload"":{""course_id"":""urn:uuid:c2a0d387-a544-54ca-9b89-6d654a9bc200"",""edition_id"":""urn:uuid:9261c927-eace-5bda-b703-609e4a237e5f"",""native_module_id"":""m82552"",""ordinal"":75,""unit_id"":""urn:uuid:7ae17e04-bf99-5bd4-bd1b-aa0e4129ff67""},""record_type"":""course_unit_membership"",""recorded_at"":""2026-09-06T00:00:00Z"",""semantic_key"":""a10:membership:m82552""}"
tables/course_unit_memberships.jsonl,11,urn:uuid:66512fda-a754-5b5a-a2b5-818b40ebd449,course_unit_membership,"{""dataset_id"":""urn:uuid:97a5d5e6-c756-5fcf-8b1d-412402caace7"",""id"":""urn:uuid:66512fda-a754-5b5a-a2b5-818b40ebd449"",""normalized_state"":""published"",""owner_authority_id"":""urn:uuid:7aa2ae30-7716-5b39-a47b-5ac2bdc9f035"",""owner_native_state"":""language_reviewed"",""payload"":{""course_id"":""urn:uuid:c2a0d387-a544-54ca-9b89-6d654a9bc200"",""edition_id"":""urn:uuid:9261c927-eace-5bda-b703-609e4a237e5f"",""native_module_id"":""m82461"",""ordinal"":12,""unit_id"":""urn:uuid:38baa4f4-20e9-54f3-bc07-a01809657824""},""record_type"":""course_unit_membership"",""recorded_at"":""2026-09-06T00:00:00Z"",""semantic_key"":""a10:membership:m82461""}"
tables/course_unit_memberships.jsonl,44,urn:uuid:67408518-5862-57f7-a3a3-c99fe8df9804,course_unit_membership,"{""dataset_id"":""urn:uuid:97a5d5e6-c756-5fcf-8b1d-412402caace7"",""id"":""urn:uuid:67408518-5862-57f7-a3a3-c99fe8df9804"",""normalized_state"":""published"",""owner_authority_id"":""urn:uuid:7aa2ae30-7716-5b39-a47b-5ac2bdc9f035"",""owner_native_state"":""language_reviewed"",""payload"":{""course_id"":""urn:uuid:c2a0d387-a544-54ca-9b89-6d654a9bc200"",""edition_id"":""urn:uuid:9261c927-eace-5bda-b703-609e4a237e5f"",""native_module_id"":""m82504"",""ordinal"":45,""unit_id"":""urn:uuid:eba5cfdd-ef22-504d-8967-df355fa9c438""},""record_type"":""course_unit_membership"",""recorded_at"":""2026-09-06T00:00:00Z"",""semantic_key"":""a10:membership:m82504""}"
tables/course_unit_memberships.jsonl,59,urn:uuid:69f42de8-aff0-5666-a787-87edd5bb1231,course_unit_membership,"{""dataset_id"":""urn:uuid:97a5d5e6-c756-5fcf-8b1d-412402caace7"",""id"":""urn:uuid:69f42de8-aff0-5666-a787-87edd5bb1231"",""normalized_state"":""published"",""owner_authority_id"":""urn:uuid:7aa2ae30-7716-5b39-a47b-5ac2bdc9f035"",""owner_native_state"":""language_reviewed"",""payload"":{""course_id"":""urn:uuid:c2a0d387-a544-54ca-9b89-6d654a9bc200"",""edition_id"":""urn:uuid:9261c927-eace-5bda-b703-609e4a237e5f"",""native_module_id"":""m82537"",""ordinal"":63,""unit_id"":""urn:uuid:61100c89-df6e-5275-ac72-8ceb70e712d2""},""record_type"":""course_unit_membership"",""recorded_at"":""2026-09-06T00:00:00Z"",""semantic_key"":""a10:membership:m82537""}"
tables/course_unit_memberships.jsonl,62,urn:uuid:69ffb330-2bd8-56f0-894c-e354c1ae8956,course_unit_membership,"{""dataset_id"":""urn:uuid:97a5d5e6-c756-5fcf-8b1d-412402caace7"",""id"":""urn:uuid:69ffb330-2bd8-56f0-894c-e354c1ae8956"",""normalized_state"":""published"",""owner_authority_id"":""urn:uuid:7aa2ae30-7716-5b39-a47b-5ac2bdc9f035"",""owner_native_state"":""language_reviewed"",""payload"":{""course_id"":""urn:uuid:c2a0d387-a544-54ca-9b89-6d654a9bc200"",""edition_id"":""urn:uuid:9261c927-eace-5bda-b703-609e4a237e5f"",""native_module_id"":""m82543"",""ordinal"":66,""unit_id"":""urn:uuid:71c7a5a8-3019-5ce9-ba3e-106f1147999a""},""record_type"":""course_unit_membership"",""recorded_at"":""2026-09-06T00:00:00Z"",""semantic_key"":""a10:membership:m82543""}"
tables/course_unit_memberships.jsonl,79,urn:uuid:6ac39691-0f67-5b1d-8446-c81ef23f4357,course_unit_membership,"{""dataset_id"":""urn:uuid:97a5d5e6-c756-5fcf-8b1d-412402caace7"",""id"":""urn:uuid:6ac39691-0f67-5b1d-8446-c81ef23f4357"",""normalized_state"":""published"",""owner_authority_id"":""urn:uuid:7aa2ae30-7716-5b39-a47b-5ac2bdc9f035"",""owner_native_state"":""language_reviewed"",""payload"":{""course_id"":""urn:uuid:c2a0d387-a544-54ca-9b89-6d654a9bc200"",""edition_id"":""urn:uuid:9261c927-eace-5bda-b703-609e4a237e5f"",""native_module_id"":""m82561"",""ordinal"":51,""unit_id"":""urn:uuid:83ae39ef-05c7-5a8f-9238-ba28179b33d2""},""record_type"":""course_unit_membership"",""recorded_at"":""2026-09-06T00:00:00Z"",""semantic_key"":""a10:membership:m82561""}"
tables/course_unit_memberships.jsonl,12,urn:uuid:6b3e1cc8-d645-5433-a4dd-a11780ccd13e,course_unit_membership,"{""dataset_id"":""urn:uuid:97a5d5e6-c756-5fcf-8b1d-412402caace7"",""id"":""urn:uuid:6b3e1cc8-d645-5433-a4dd-a11780ccd13e"",""normalized_state"":""published"",""owner_authority_id"":""urn:uuid:7aa2ae30-7716-5b39-a47b-5ac2bdc9f035"",""owner_native_state"":""language_reviewed"",""payload"":{""course_id"":""urn:uuid:c2a0d387-a544-54ca-9b89-6d654a9bc200"",""edition_id"":""urn:uuid:9261c927-eace-5bda-b703-609e4a237e5f"",""native_module_id"":""m82462"",""ordinal"":13,""unit_id"":""urn:uuid:a16ddaa1-8382-5a8f-93e5-de8e3fc3b20b""},""record_type"":""course_unit_membership"",""recorded_at"":""2026-09-06T00:00:00Z"",""semantic_key"":""a10:membership:m82462""}"
tables/course_unit_memberships.jsonl,26,urn:uuid:6c69b4ee-aa41-5967-a056-a79bae6496eb,course_unit_membership,"{""dataset_id"":""urn:uuid:97a5d5e6-c756-5fcf-8b1d-412402caace7"",""id"":""urn:uuid:6c69b4ee-aa41-5967-a056-a79bae6496eb"",""normalized_state"":""published"",""owner_authority_id"":""urn:uuid:7aa2ae30-7716-5b39-a47b-5ac2bdc9f035"",""owner_native_state"":""language_reviewed"",""payload"":{""course_id"":""urn:uuid:c2a0d387-a544-54ca-9b89-6d654a9bc200"",""edition_id"":""urn:uuid:9261c927-eace-5bda-b703-609e4a237e5f"",""native_module_id"":""m82478"",""ordinal"":27,""unit_id"":""urn:uuid:6624018e-c6a1-531c-8aa4-8130a1312f95""},""record_type"":""course_unit_membership"",""recorded_at"":""2026-09-06T00:00:00Z"",""semantic_key"":""a10:membership:m82478""}"
tables/course_unit_memberships.jsonl,25,urn:uuid:72fe4929-61c6-5be6-a714-f2af7c2a8c95,course_unit_membership,"{""dataset_id"":""urn:uuid:97a5d5e6-c756-5fcf-8b1d-412402caace7"",""id"":""urn:uuid:72fe4929-61c6-5be6-a714-f2af7c2a8c95"",""normalized_state"":""published"",""owner_authority_id"":""urn:uuid:7aa2ae30-7716-5b39-a47b-5ac2bdc9f035"",""owner_native_state"":""language_reviewed"",""payload"":{""course_id"":""urn:uuid:c2a0d387-a544-54ca-9b89-6d654a9bc200"",""edition_id"":""urn:uuid:9261c927-eace-5bda-b703-609e4a237e5f"",""native_module_id"":""m82477"",""ordinal"":26,""unit_id"":""urn:uuid:2236cb36-cbea-53d7-b000-02a8bf6c6bca""},""record_type"":""course_unit_membership"",""recorded_at"":""2026-09-06T00:00:00Z"",""semantic_key"":""a10:membership:m82477""}"
tables/course_unit_memberships.jsonl,80,urn:uuid:7453fce8-40cc-5bea-8cd3-743404efcd4d,course_unit_membership,"{""dataset_id"":""urn:uuid:97a5d5e6-c756-5fcf-8b1d-412402caace7"",""id"":""urn:uuid:7453fce8-40cc-5bea-8cd3-743404efcd4d"",""normalized_state"":""published"",""owner_authority_id"":""urn:uuid:7aa2ae30-7716-5b39-a47b-5ac2bdc9f035"",""owner_native_state"":""language_reviewed"",""payload"":{""course_id"":""urn:uuid:c2a0d387-a544-54ca-9b89-6d654a9bc200"",""edition_id"":""urn:uuid:9261c927-eace-5bda-b703-609e4a237e5f"",""native_module_id"":""m82564"",""ordinal"":52,""unit_id"":""urn:uuid:cf8fc5c8-3879-5d84-b664-6ca66516b7f0""},""record_type"":""course_unit_membership"",""recorded_at"":""2026-09-06T00:00:00Z"",""semantic_key"":""a10:membership:m82564""}"
tables/course_unit_memberships.jsonl,6,urn:uuid:784fd895-c507-5244-9688-7933dbf3f9ab,course_unit_membership,"{""dataset_id"":""urn:uuid:97a5d5e6-c756-5fcf-8b1d-412402caace7"",""id"":""urn:uuid:784fd895-c507-5244-9688-7933dbf3f9ab"",""normalized_state"":""published"",""owner_authority_id"":""urn:uuid:7aa2ae30-7716-5b39-a47b-5ac2bdc9f035"",""owner_native_state"":""language_reviewed"",""payload"":{""course_id"":""urn:uuid:c2a0d387-a544-54ca-9b89-6d654a9bc200"",""edition_id"":""urn:uuid:9261c927-eace-5bda-b703-609e4a237e5f"",""native_module_id"":""m82456"",""ordinal"":7,""unit_id"":""urn:uuid:bbe47adf-c606-5eb6-9e22-afce7e42f9b1""},""record_type"":""course_unit_membership"",""recorded_at"":""2026-09-06T00:00:00Z"",""semantic_key"":""a10:membership:m82456""}"
tables/course_unit_memberships.jsonl,39,urn:uuid:78b75aed-9c60-5f5e-b3a2-c6a471526a6a,course_unit_membership,"{""dataset_id"":""urn:uuid:97a5d5e6-c756-5fcf-8b1d-412402caace7"",""id"":""urn:uuid:78b75aed-9c60-5f5e-b3a2-c6a471526a6a"",""normalized_state"":""published"",""owner_authority_id"":""urn:uuid:7aa2ae30-7716-5b39-a47b-5ac2bdc9f035"",""owner_native_state"":""language_reviewed"",""payload"":{""course_id"":""urn:uuid:c2a0d387-a544-54ca-9b89-6d654a9bc200"",""edition_id"":""urn:uuid:9261c927-eace-5bda-b703-609e4a237e5f"",""native_module_id"":""m82497"",""ordinal"":40,""unit_id"":""urn:uuid:0d063f43-6543-58b6-b7c4-0c50edf24074""},""record_type"":""course_unit_membership"",""recorded_at"":""2026-09-06T00:00:00Z"",""semantic_key"":""a10:membership:m82497""}"
tables/course_unit_memberships.jsonl,63,urn:uuid:792b6ef0-a4ce-531c-9066-bfb9c031d89e,course_unit_membership,"{""dataset_id"":""urn:uuid:97a5d5e6-c756-5fcf-8b1d-412402caace7"",""id"":""urn:uuid:792b6ef0-a4ce-531c-9066-bfb9c031d89e"",""normalized_state"":""published"",""owner_authority_id"":""urn:uuid:7aa2ae30-7716-5b39-a47b-5ac2bdc9f035"",""owner_native_state"":""language_reviewed"",""payload"":{""course_id"":""urn:uuid:c2a0d387-a544-54ca-9b89-6d654a9bc200"",""edition_id"":""urn:uuid:9261c927-eace-5bda-b703-609e4a237e5f"",""native_module_id"":""m82544"",""ordinal"":68,""unit_id"":""urn:uuid:c54d2c6b-e42a-5092-8527-505e64d58766""},""record_type"":""course_unit_membership"",""recorded_at"":""2026-09-06T00:00:00Z"",""semantic_key"":""a10:membership:m82544""}"
tables/course_unit_memberships.jsonl,4,urn:uuid:7a6b2349-a909-55e0-a956-5f69f54d7501,course_unit_membership,"{""dataset_id"":""urn:uuid:97a5d5e6-c756-5fcf-8b1d-412402caace7"",""id"":""urn:uuid:7a6b2349-a909-55e0-a956-5f69f54d7501"",""normalized_state"":""published"",""owner_authority_id"":""urn:uuid:7aa2ae30-7716-5b39-a47b-5ac2bdc9f035"",""owner_native_state"":""language_reviewed"",""payload"":{""course_id"":""urn:uuid:c2a0d387-a544-54ca-9b89-6d654a9bc200"",""edition_id"":""urn:uuid:9261c927-eace-5bda-b703-609e4a237e5f"",""native_module_id"":""m82454"",""ordinal"":5,""unit_id"":""urn:uuid:14bf068d-11e1-5704-924c-a67c19b05da3""},""record_type"":""course_unit_membership"",""recorded_at"":""2026-09-06T00:00:00Z"",""semantic_key"":""a10:membership:m82454""}"
tables/course_unit_memberships.jsonl,22,urn:uuid:7be0bf84-7e65-5764-8f1b-6a07b41e625b,course_unit_membership,"{""dataset_id"":""urn:uuid:97a5d5e6-c756-5fcf-8b1d-412402caace7"",""id"":""urn:uuid:7be0bf84-7e65-5764-8f1b-6a07b41e625b"",""normalized_state"":""published"",""owner_authority_id"":""urn:uuid:7aa2ae30-7716-5b39-a47b-5ac2bdc9f035"",""owner_native_state"":""language_reviewed"",""payload"":{""course_id"":""urn:uuid:c2a0d387-a544-54ca-9b89-6d654a9bc200"",""edition_id"":""urn:uuid:9261c927-eace-5bda-b703-609e4a237e5f"",""native_module_id"":""m82473"",""ordinal"":23,""unit_id"":""urn:uuid:1d69b992-3dd3-5813-aba2-d29171e39fbe""},""record_type"":""course_unit_membership"",""recorded_at"":""2026-09-06T00:00:00Z"",""semantic_key"":""a10:membership:m82473""}"
tables/course_unit_memberships.jsonl,41,urn:uuid:7d17c9e1-34eb-5aad-bafc-dd78f8045a78,course_unit_membership,"{""dataset_id"":""urn:uuid:97a5d5e6-c756-5fcf-8b1d-412402caace7"",""id"":""urn:uuid:7d17c9e1-34eb-5aad-bafc-dd78f8045a78"",""normalized_state"":""published"",""owner_authority_id"":""urn:uuid:7aa2ae30-7716-5b39-a47b-5ac2bdc9f035"",""owner_native_state"":""language_reviewed"",""payload"":{""course_id"":""urn:uuid:c2a0d387-a544-54ca-9b89-6d654a9bc200"",""edition_id"":""urn:uuid:9261c927-eace-5bda-b703-609e4a237e5f"",""native_module_id"":""m82499"",""ordinal"":42,""unit_id"":""urn:uuid:2f01632e-664c-52dd-958c-e63b144d3135""},""record_type"":""course_unit_membership"",""recorded_at"":""2026-09-06T00:00:00Z"",""semantic_key"":""a10:membership:m82499""}"
tables/course_unit_memberships.jsonl,50,urn:uuid:80e54fe4-b63b-5373-8cc2-541d78001735,course_unit_membership,"{""dataset_id"":""urn:uuid:97a5d5e6-c756-5fcf-8b1d-412402caace7"",""id"":""urn:uuid:80e54fe4-b63b-5373-8cc2-541d78001735"",""normalized_state"":""published"",""owner_authority_id"":""urn:uuid:7aa2ae30-7716-5b39-a47b-5ac2bdc9f035"",""owner_native_state"":""language_reviewed"",""payload"":{""course_id"":""urn:uuid:c2a0d387-a544-54ca-9b89-6d654a9bc200"",""edition_id"":""urn:uuid:9261c927-eace-5bda-b703-609e4a237e5f"",""native_module_id"":""m82527"",""ordinal"":54,""unit_id"":""urn:uuid:e445653a-4f06-5a79-85c6-4cc598917464""},""record_type"":""course_unit_membership"",""recorded_at"":""2026-09-06T00:00:00Z"",""semantic_key"":""a10:membership:m82527""}"
tables/course_unit_memberships.jsonl,69,urn:uuid:812d55ca-ae4c-509f-8a73-8c0698a62b7e,course_unit_membership,"{""dataset_id"":""urn:uuid:97a5d5e6-c756-5fcf-8b1d-412402caace7"",""id"":""urn:uuid:812d55ca-ae4c-509f-8a73-8c0698a62b7e"",""normalized_state"":""published"",""owner_authority_id"":""urn:uuid:7aa2ae30-7716-5b39-a47b-5ac2bdc9f035"",""owner_native_state"":""language_reviewed"",""payload"":{""course_id"":""urn:uuid:c2a0d387-a544-54ca-9b89-6d654a9bc200"",""edition_id"":""urn:uuid:9261c927-eace-5bda-b703-609e4a237e5f"",""native_module_id"":""m82551"",""ordinal"":74,""unit_id"":""urn:uuid:5a99e7a3-7453-5fa2-98b1-16e2bc1e3fb2""},""record_type"":""course_unit_membership"",""recorded_at"":""2026-09-06T00:00:00Z"",""semantic_key"":""a10:membership:m82551""}"
tables/course_unit_memberships.jsonl,47,urn:uuid:897ef9d7-db93-5f29-8a69-f92caff26c1b,course_unit_membership,"{""dataset_id"":""urn:uuid:97a5d5e6-c756-5fcf-8b1d-412402caace7"",""id"":""urn:uuid:897ef9d7-db93-5f29-8a69-f92caff26c1b"",""normalized_state"":""published"",""owner_authority_id"":""urn:uuid:7aa2ae30-7716-5b39-a47b-5ac2bdc9f035"",""owner_native_state"":""language_reviewed"",""payload"":{""course_id"":""urn:uuid:c2a0d387-a544-54ca-9b89-6d654a9bc200"",""edition_id"":""urn:uuid:9261c927-eace-5bda-b703-609e4a237e5f"",""native_module_id"":""m82509"",""ordinal"":48,""unit_id"":""urn:uuid:451d3f38-8d1e-5635-a540-da7c4b53fcb5""},""record_type"":""course_unit_membership"",""recorded_at"":""2026-09-06T00:00:00Z"",""semantic_key"":""a10:membership:m82509""}"
tables/course_unit_memberships.jsonl,73,urn:uuid:94657acb-0823-5872-a266-3f616dd3f301,course_unit_membership,"{""dataset_id"":""urn:uuid:97a5d5e6-c756-5fcf-8b1d-412402caace7"",""id"":""urn:uuid:94657acb-0823-5872-a266-3f616dd3f301"",""normalized_state"":""published"",""owner_authority_id"":""urn:uuid:7aa2ae30-7716-5b39-a47b-5ac2bdc9f035"",""owner_native_state"":""language_reviewed"",""payload"":{""course_id"":""urn:uuid:c2a0d387-a544-54ca-9b89-6d654a9bc200"",""edition_id"":""urn:uuid:9261c927-eace-5bda-b703-609e4a237e5f"",""native_module_id"":""m82555"",""ordinal"":78,""unit_id"":""urn:uuid:86a28a15-6c06-542b-b77d-f9ed160e6499""},""record_type"":""course_unit_membership"",""recorded_at"":""2026-09-06T00:00:00Z"",""semantic_key"":""a10:membership:m82555""}"
tables/course_unit_memberships.jsonl,76,urn:uuid:97b57d6f-3415-5eb7-83c8-e0b070186183,course_unit_membership,"{""dataset_id"":""urn:uuid:97a5d5e6-c756-5fcf-8b1d-412402caace7"",""id"":""urn:uuid:97b57d6f-3415-5eb7-83c8-e0b070186183"",""normalized_state"":""published"",""owner_authority_id"":""urn:uuid:7aa2ae30-7716-5b39-a47b-5ac2bdc9f035"",""owner_native_state"":""language_reviewed"",""payload"":{""course_id"":""urn:uuid:c2a0d387-a544-54ca-9b89-6d654a9bc200"",""edition_id"":""urn:uuid:9261c927-eace-5bda-b703-609e4a237e5f"",""native_module_id"":""m82558"",""ordinal"":81,""unit_id"":""urn:uuid:e40d2345-1d00-51f2-a451-952c8f8293f2""},""record_type"":""course_unit_membership"",""recorded_at"":""2026-09-06T00:00:00Z"",""semantic_key"":""a10:membership:m82558""}"
tables/course_unit_memberships.jsonl,38,urn:uuid:982cb1d4-e5b0-5656-9046-f49c7c2ff24d,course_unit_membership,"{""dataset_id"":""urn:uuid:97a5d5e6-c756-5fcf-8b1d-412402caace7"",""id"":""urn:uuid:982cb1d4-e5b0-5656-9046-f49c7c2ff24d"",""normalized_state"":""published"",""owner_authority_id"":""urn:uuid:7aa2ae30-7716-5b39-a47b-5ac2bdc9f035"",""owner_native_state"":""language_reviewed"",""payload"":{""course_id"":""urn:uuid:c2a0d387-a544-54ca-9b89-6d654a9bc200"",""edition_id"":""urn:uuid:9261c927-eace-5bda-b703-609e4a237e5f"",""native_module_id"":""m82495"",""ordinal"":39,""unit_id"":""urn:uuid:215bba5f-f890-5d9a-a28e-439a24fa7023""},""record_type"":""course_unit_membership"",""recorded_at"":""2026-09-06T00:00:00Z"",""semantic_key"":""a10:membership:m82495""}"
tables/course_unit_memberships.jsonl,24,urn:uuid:98e9b785-ddf6-518e-b5fe-9db729eac55a,course_unit_membership,"{""dataset_id"":""urn:uuid:97a5d5e6-c756-5fcf-8b1d-412402caace7"",""id"":""urn:uuid:98e9b785-ddf6-518e-b5fe-9db729eac55a"",""normalized_state"":""published"",""owner_authority_id"":""urn:uuid:7aa2ae30-7716-5b39-a47b-5ac2bdc9f035"",""owner_native_state"":""language_reviewed"",""payload"":{""course_id"":""urn:uuid:c2a0d387-a544-54ca-9b89-6d654a9bc200"",""edition_id"":""urn:uuid:9261c927-eace-5bda-b703-609e4a237e5f"",""native_module_id"":""m82476"",""ordinal"":25,""unit_id"":""urn:uuid:13ac7579-67f7-5d69-b48d-7f5260bbeea7""},""record_type"":""course_unit_membership"",""recorded_at"":""2026-09-06T00:00:00Z"",""semantic_key"":""a10:membership:m82476""}"
tables/course_unit_memberships.jsonl,8,urn:uuid:9eb1db36-68ce-5b2f-89e0-2acd89ed074e,course_unit_membership,"{""dataset_id"":""urn:uuid:97a5d5e6-c756-5fcf-8b1d-412402caace7"",""id"":""urn:uuid:9eb1db36-68ce-5b2f-89e0-2acd89ed074e"",""normalized_state"":""published"",""owner_authority_id"":""urn:uuid:7aa2ae30-7716-5b39-a47b-5ac2bdc9f035"",""owner_native_state"":""language_reviewed"",""payload"":{""course_id"":""urn:uuid:c2a0d387-a544-54ca-9b89-6d654a9bc200"",""edition_id"":""urn:uuid:9261c927-eace-5bda-b703-609e4a237e5f"",""native_module_id"":""m82458"",""ordinal"":9,""unit_id"":""urn:uuid:1c9f9f85-5ec5-5da5-a175-2fa805513a88""},""record_type"":""course_unit_membership"",""recorded_at"":""2026-09-06T00:00:00Z"",""semantic_key"":""a10:membership:m82458""}"
tables/course_unit_memberships.jsonl,37,urn:uuid:a0b498dc-5d3d-5455-bedd-3b9dd914a9bc,course_unit_membership,"{""dataset_id"":""urn:uuid:97a5d5e6-c756-5fcf-8b1d-412402caace7"",""id"":""urn:uuid:a0b498dc-5d3d-5455-bedd-3b9dd914a9bc"",""normalized_state"":""published"",""owner_authority_id"":""urn:uuid:7aa2ae30-7716-5b39-a47b-5ac2bdc9f035"",""owner_native_state"":""language_reviewed"",""payload"":{""course_id"":""urn:uuid:c2a0d387-a544-54ca-9b89-6d654a9bc200"",""edition_id"":""urn:uuid:9261c927-eace-5bda-b703-609e4a237e5f"",""native_module_id"":""m82494"",""ordinal"":38,""unit_id"":""urn:uuid:7923c1ff-76bf-59d3-ae07-5d9c157e484d""},""record_type"":""course_unit_membership"",""recorded_at"":""2026-09-06T00:00:00Z"",""semantic_key"":""a10:membership:m82494""}"
tables/course_unit_memberships.jsonl,55,urn:uuid:a933655c-7366-5f1a-9f03-df10e8024c57,course_unit_membership,"{""dataset_id"":""urn:uuid:97a5d5e6-c756-5fcf-8b1d-412402caace7"",""id"":""urn:uuid:a933655c-7366-5f1a-9f03-df10e8024c57"",""normalized_state"":""published"",""owner_authority_id"":""urn:uuid:7aa2ae30-7716-5b39-a47b-5ac2bdc9f035"",""owner_native_state"":""language_reviewed"",""payload"":{""course_id"":""urn:uuid:c2a0d387-a544-54ca-9b89-6d654a9bc200"",""edition_id"":""urn:uuid:9261c927-eace-5bda-b703-609e4a237e5f"",""native_module_id"":""m82532"",""ordinal"":59,""unit_id"":""urn:uuid:bf6b7ee9-b51e-59d5-bb07-08ad4945dd9b""},""record_type"":""course_unit_membership"",""recorded_at"":""2026-09-06T00:00:00Z"",""semantic_key"":""a10:membership:m82532""}"
tables/course_unit_memberships.jsonl,46,urn:uuid:b0502f93-4511-5c01-87ed-fa8e89d5cc75,course_unit_membership,"{""dataset_id"":""urn:uuid:97a5d5e6-c756-5fcf-8b1d-412402caace7"",""id"":""urn:uuid:b0502f93-4511-5c01-87ed-fa8e89d5cc75"",""normalized_state"":""published"",""owner_authority_id"":""urn:uuid:7aa2ae30-7716-5b39-a47b-5ac2bdc9f035"",""owner_native_state"":""language_reviewed"",""payload"":{""course_id"":""urn:uuid:c2a0d387-a544-54ca-9b89-6d654a9bc200"",""edition_id"":""urn:uuid:9261c927-eace-5bda-b703-609e4a237e5f"",""native_module_id"":""m82508"",""ordinal"":47,""unit_id"":""urn:uuid:64bb8a0d-da3c-56c2-9336-87354b0bc173""},""record_type"":""course_unit_membership"",""recorded_at"":""2026-09-06T00:00:00Z"",""semantic_key"":""a10:membership:m82508""}"
tables/course_unit_memberships.jsonl,75,urn:uuid:b685561c-1eb3-5f22-957f-12bb216a3208,course_unit_membership,"{""dataset_id"":""urn:uuid:97a5d5e6-c756-5fcf-8b1d-412402caace7"",""id"":""urn:uuid:b685561c-1eb3-5f22-957f-12bb216a3208"",""normalized_state"":""published"",""owner_authority_id"":""urn:uuid:7aa2ae30-7716-5b39-a47b-5ac2bdc9f035"",""owner_native_state"":""language_reviewed"",""payload"":{""course_id"":""urn:uuid:c2a0d387-a544-54ca-9b89-6d654a9bc200"",""edition_id"":""urn:uuid:9261c927-eace-5bda-b703-609e4a237e5f"",""native_module_id"":""m82557"",""ordinal"":80,""unit_id"":""urn:uuid:2b633225-7780-55c7-aaa4-ae87b7699790""},""record_type"":""course_unit_membership"",""recorded_at"":""2026-09-06T00:00:00Z"",""semantic_key"":""a10:membership:m82557""}"
tables/course_unit_memberships.jsonl,31,urn:uuid:b9d41973-0996-51ba-a2ba-b276bef54e78,course_unit_membership,"{""dataset_id"":""urn:uuid:97a5d5e6-c756-5fcf-8b1d-412402caace7"",""id"":""urn:uuid:b9d41973-0996-51ba-a2ba-b276bef54e78"",""normalized_state"":""published"",""owner_authority_id"":""urn:uuid:7aa2ae30-7716-5b39-a47b-5ac2bdc9f035"",""owner_native_state"":""language_reviewed"",""payload"":{""course_id"":""urn:uuid:c2a0d387-a544-54ca-9b89-6d654a9bc200"",""edition_id"":""urn:uuid:9261c927-eace-5bda-b703-609e4a237e5f"",""native_module_id"":""m82483"",""ordinal"":32,""unit_id"":""urn:uuid:6af1b6ab-65ea-5418-a14d-c7687efbaef8""},""record_type"":""course_unit_membership"",""recorded_at"":""2026-09-06T00:00:00Z"",""semantic_key"":""a10:membership:m82483""}"
tables/course_unit_memberships.jsonl,51,urn:uuid:b9e1dd2f-20f4-5da3-91f8-a2f3be1ef4cd,course_unit_membership,"{""dataset_id"":""urn:uuid:97a5d5e6-c756-5fcf-8b1d-412402caace7"",""id"":""urn:uuid:b9e1dd2f-20f4-5da3-91f8-a2f3be1ef4cd"",""normalized_state"":""published"",""owner_authority_id"":""urn:uuid:7aa2ae30-7716-5b39-a47b-5ac2bdc9f035"",""owner_native_state"":""language_reviewed"",""payload"":{""course_id"":""urn:uuid:c2a0d387-a544-54ca-9b89-6d654a9bc200"",""edition_id"":""urn:uuid:9261c927-eace-5bda-b703-609e4a237e5f"",""native_module_id"":""m82528"",""ordinal"":55,""unit_id"":""urn:uuid:be937f6e-c279-5196-9322-b473531f28dc""},""record_type"":""course_unit_membership"",""recorded_at"":""2026-09-06T00:00:00Z"",""semantic_key"":""a10:membership:m82528""}"
tables/course_unit_memberships.jsonl,56,urn:uuid:bc5b8d55-c7ab-5210-93b8-e3886643b5a0,course_unit_membership,"{""dataset_id"":""urn:uuid:97a5d5e6-c756-5fcf-8b1d-412402caace7"",""id"":""urn:uuid:bc5b8d55-c7ab-5210-93b8-e3886643b5a0"",""normalized_state"":""published"",""owner_authority_id"":""urn:uuid:7aa2ae30-7716-5b39-a47b-5ac2bdc9f035"",""owner_native_state"":""language_reviewed"",""payload"":{""course_id"":""urn:uuid:c2a0d387-a544-54ca-9b89-6d654a9bc200"",""edition_id"":""urn:uuid:9261c927-eace-5bda-b703-609e4a237e5f"",""native_module_id"":""m82533"",""ordinal"":60,""unit_id"":""urn:uuid:17a1095f-ca7c-5140-94a2-8bfef48d2f78""},""record_type"":""course_unit_membership"",""recorded_at"":""2026-09-06T00:00:00Z"",""semantic_key"":""a10:membership:m82533""}"
tables/course_unit_memberships.jsonl,34,urn:uuid:bcfb951a-12b1-50aa-bdc0-4f4936acdddb,course_unit_membership,"{""dataset_id"":""urn:uuid:97a5d5e6-c756-5fcf-8b1d-412402caace7"",""id"":""urn:uuid:bcfb951a-12b1-50aa-bdc0-4f4936acdddb"",""normalized_state"":""published"",""owner_authority_id"":""urn:uuid:7aa2ae30-7716-5b39-a47b-5ac2bdc9f035"",""owner_native_state"":""language_reviewed"",""payload"":{""course_id"":""urn:uuid:c2a0d387-a544-54ca-9b89-6d654a9bc200"",""edition_id"":""urn:uuid:9261c927-eace-5bda-b703-609e4a237e5f"",""native_module_id"":""m82488"",""ordinal"":35,""unit_id"":""urn:uuid:6f4ee5d7-6f38-503b-93e4-5cae9af72393""},""record_type"":""course_unit_membership"",""recorded_at"":""2026-09-06T00:00:00Z"",""semantic_key"":""a10:membership:m82488""}"
tables/course_unit_memberships.jsonl,14,urn:uuid:bf3dfdce-e587-5ea2-a97e-3fc7166ba2b2,course_unit_membership,"{""dataset_id"":""urn:uuid:97a5d5e6-c756-5fcf-8b1d-412402caace7"",""id"":""urn:uuid:bf3dfdce-e587-5ea2-a97e-3fc7166ba2b2"",""normalized_state"":""published"",""owner_authority_id"":""urn:uuid:7aa2ae30-7716-5b39-a47b-5ac2bdc9f035"",""owner_native_state"":""language_reviewed"",""payload"":{""course_id"":""urn:uuid:c2a0d387-a544-54ca-9b89-6d654a9bc200"",""edition_id"":""urn:uuid:9261c927-eace-5bda-b703-609e4a237e5f"",""native_module_id"":""m82464"",""ordinal"":15,""unit_id"":""urn:uuid:00d5ee81-a2ab-5885-b01d-4416ea5a1d1a""},""record_type"":""course_unit_membership"",""recorded_at"":""2026-09-06T00:00:00Z"",""semantic_key"":""a10:membership:m82464""}"
tables/course_unit_memberships.jsonl,1,urn:uuid:c05885d1-65d0-5ee1-b86e-e87e783bef97,course_unit_membership,"{""dataset_id"":""urn:uuid:97a5d5e6-c756-5fcf-8b1d-412402caace7"",""id"":""urn:uuid:c05885d1-65d0-5ee1-b86e-e87e783bef97"",""normalized_state"":""published"",""owner_authority_id"":""urn:uuid:7aa2ae30-7716-5b39-a47b-5ac2bdc9f035"",""owner_native_state"":""language_reviewed"",""payload"":{""course_id"":""urn:uuid:c2a0d387-a544-54ca-9b89-6d654a9bc200"",""edition_id"":""urn:uuid:9261c927-eace-5bda-b703-609e4a237e5f"",""native_module_id"":""m82451"",""ordinal"":2,""unit_id"":""urn:uuid:0ffcf84b-132d-5245-91d5-50bbd42ce00a""},""record_type"":""course_unit_membership"",""recorded_at"":""2026-09-06T00:00:00Z"",""semantic_key"":""a10:membership:m82451""}"
tables/course_unit_memberships.jsonl,64,urn:uuid:c08eb979-ee7d-5ab2-b285-00aeb7bfe9d5,course_unit_membership,"{""dataset_id"":""urn:uuid:97a5d5e6-c756-5fcf-8b1d-412402caace7"",""id"":""urn:uuid:c08eb979-ee7d-5ab2-b285-00aeb7bfe9d5"",""normalized_state"":""published"",""owner_authority_id"":""urn:uuid:7aa2ae30-7716-5b39-a47b-5ac2bdc9f035"",""owner_native_state"":""language_reviewed"",""payload"":{""course_id"":""urn:uuid:c2a0d387-a544-54ca-9b89-6d654a9bc200"",""edition_id"":""urn:uuid:9261c927-eace-5bda-b703-609e4a237e5f"",""native_module_id"":""m82545"",""ordinal"":69,""unit_id"":""urn:uuid:d647a6ea-657f-5fdb-b81f-781172a7df89""},""record_type"":""course_unit_membership"",""recorded_at"":""2026-09-06T00:00:00Z"",""semantic_key"":""a10:membership:m82545""}"
tables/course_unit_memberships.jsonl,45,urn:uuid:c0c77d9a-a244-5289-ae71-05fe9c5c2543,course_unit_membership,"{""dataset_id"":""urn:uuid:97a5d5e6-c756-5fcf-8b1d-412402caace7"",""id"":""urn:uuid:c0c77d9a-a244-5289-ae71-05fe9c5c2543"",""normalized_state"":""published"",""owner_authority_id"":""urn:uuid:7aa2ae30-7716-5b39-a47b-5ac2bdc9f035"",""owner_native_state"":""language_reviewed"",""payload"":{""course_id"":""urn:uuid:c2a0d387-a544-54ca-9b89-6d654a9bc200"",""edition_id"":""urn:uuid:9261c927-eace-5bda-b703-609e4a237e5f"",""native_module_id"":""m82507"",""ordinal"":46,""unit_id"":""urn:uuid:710de277-f863-55ee-ab65-0ed6e8a6156a""},""record_type"":""course_unit_membership"",""recorded_at"":""2026-09-06T00:00:00Z"",""semantic_key"":""a10:membership:m82507""}"
tables/course_unit_memberships.jsonl,28,urn:uuid:c3370d02-5585-58cb-ae1c-7065b7945d16,course_unit_membership,"{""dataset_id"":""urn:uuid:97a5d5e6-c756-5fcf-8b1d-412402caace7"",""id"":""urn:uuid:c3370d02-5585-58cb-ae1c-7065b7945d16"",""normalized_state"":""published"",""owner_authority_id"":""urn:uuid:7aa2ae30-7716-5b39-a47b-5ac2bdc9f035"",""owner_native_state"":""language_reviewed"",""payload"":{""course_id"":""urn:uuid:c2a0d387-a544-54ca-9b89-6d654a9bc200"",""edition_id"":""urn:uuid:9261c927-eace-5bda-b703-609e4a237e5f"",""native_module_id"":""m82480"",""ordinal"":29,""unit_id"":""urn:uuid:0034827b-fa0e-5d4f-9b2e-5caec9b92930""},""record_type"":""course_unit_membership"",""recorded_at"":""2026-09-06T00:00:00Z"",""semantic_key"":""a10:membership:m82480""}"
tables/course_unit_memberships.jsonl,82,urn:uuid:c34997fb-7dd5-5a9e-b08f-33fe9224bc37,course_unit_membership,"{""dataset_id"":""urn:uuid:97a5d5e6-c756-5fcf-8b1d-412402caace7"",""id"":""urn:uuid:c34997fb-7dd5-5a9e-b08f-33fe9224bc37"",""normalized_state"":""published"",""owner_authority_id"":""urn:uuid:7aa2ae30-7716-5b39-a47b-5ac2bdc9f035"",""owner_native_state"":""language_reviewed"",""payload"":{""course_id"":""urn:uuid:c2a0d387-a544-54ca-9b89-6d654a9bc200"",""edition_id"":""urn:uuid:9261c927-eace-5bda-b703-609e4a237e5f"",""native_module_id"":""m82630"",""ordinal"":1,""unit_id"":""urn:uuid:c49dc470-88fb-5b13-b15c-d21d22f7859d""},""record_type"":""course_unit_membership"",""recorded_at"":""2026-09-06T00:00:00Z"",""semantic_key"":""a10:membership:m82630""}"
tables/course_unit_memberships.jsonl,9,urn:uuid:c654192d-2dff-5209-bf2e-259e04ff2cb5,course_unit_membership,"{""dataset_id"":""urn:uuid:97a5d5e6-c756-5fcf-8b1d-412402caace7"",""id"":""urn:uuid:c654192d-2dff-5209-bf2e-259e04ff2cb5"",""normalized_state"":""published"",""owner_authority_id"":""urn:uuid:7aa2ae30-7716-5b39-a47b-5ac2bdc9f035"",""owner_native_state"":""language_reviewed"",""payload"":{""course_id"":""urn:uuid:c2a0d387-a544-54ca-9b89-6d654a9bc200"",""edition_id"":""urn:uuid:9261c927-eace-5bda-b703-609e4a237e5f"",""native_module_id"":""m82459"",""ordinal"":10,""unit_id"":""urn:uuid:74afde90-4a7c-5faa-b959-ab847bc7d271""},""record_type"":""course_unit_membership"",""recorded_at"":""2026-09-06T00:00:00Z"",""semantic_key"":""a10:membership:m82459""}"
tables/course_unit_memberships.jsonl,20,urn:uuid:c7f9a085-83da-5cb8-848d-7a7e3d47663f,course_unit_membership,"{""dataset_id"":""urn:uuid:97a5d5e6-c756-5fcf-8b1d-412402caace7"",""id"":""urn:uuid:c7f9a085-83da-5cb8-848d-7a7e3d47663f"",""normalized_state"":""published"",""owner_authority_id"":""urn:uuid:7aa2ae30-7716-5b39-a47b-5ac2bdc9f035"",""owner_native_state"":""language_reviewed"",""payload"":{""course_id"":""urn:uuid:c2a0d387-a544-54ca-9b89-6d654a9bc200"",""edition_id"":""urn:uuid:9261c927-eace-5bda-b703-609e4a237e5f"",""native_module_id"":""m82471"",""ordinal"":21,""unit_id"":""urn:uuid:18878f6f-af80-5678-9a43-7841dd5b5e95""},""record_type"":""course_unit_membership"",""recorded_at"":""2026-09-06T00:00:00Z"",""semantic_key"":""a10:membership:m82471""}"
tables/course_unit_memberships.jsonl,7,urn:uuid:cec9967c-388a-5b2a-ae7e-dc2687eab521,course_unit_membership,"{""dataset_id"":""urn:uuid:97a5d5e6-c756-5fcf-8b1d-412402caace7"",""id"":""urn:uuid:cec9967c-388a-5b2a-ae7e-dc2687eab521"",""normalized_state"":""published"",""owner_authority_id"":""urn:uuid:7aa2ae30-7716-5b39-a47b-5ac2bdc9f035"",""owner_native_state"":""language_reviewed"",""payload"":{""course_id"":""urn:uuid:c2a0d387-a544-54ca-9b89-6d654a9bc200"",""edition_id"":""urn:uuid:9261c927-eace-5bda-b703-609e4a237e5f"",""native_module_id"":""m82457"",""ordinal"":8,""unit_id"":""urn:uuid:fd0d1fe2-c7b1-59ea-83a3-2548556bf22b""},""record_type"":""course_unit_membership"",""recorded_at"":""2026-09-06T00:00:00Z"",""semantic_key"":""a10:membership:m82457""}"
tables/course_unit_memberships.jsonl,78,urn:uuid:d25ea1e8-156c-5bf6-a420-0086c43831db,course_unit_membership,"{""dataset_id"":""urn:uuid:97a5d5e6-c756-5fcf-8b1d-412402caace7"",""id"":""urn:uuid:d25ea1e8-156c-5bf6-a420-0086c43831db"",""normalized_state"":""published"",""owner_authority_id"":""urn:uuid:7aa2ae30-7716-5b39-a47b-5ac2bdc9f035"",""owner_native_state"":""language_reviewed"",""payload"":{""course_id"":""urn:uuid:c2a0d387-a544-54ca-9b89-6d654a9bc200"",""edition_id"":""urn:uuid:9261c927-eace-5bda-b703-609e4a237e5f"",""native_module_id"":""m82560"",""ordinal"":67,""unit_id"":""urn:uuid:218c44d4-c056-520d-bb50-8b0eb24a1289""},""record_type"":""course_unit_membership"",""recorded_at"":""2026-09-06T00:00:00Z"",""semantic_key"":""a10:membership:m82560""}"
tables/course_unit_memberships.jsonl,19,urn:uuid:d4cf1880-e1e1-5a2c-856e-54bad9eca41a,course_unit_membership,"{""dataset_id"":""urn:uuid:97a5d5e6-c756-5fcf-8b1d-412402caace7"",""id"":""urn:uuid:d4cf1880-e1e1-5a2c-856e-54bad9eca41a"",""normalized_state"":""published"",""owner_authority_id"":""urn:uuid:7aa2ae30-7716-5b39-a47b-5ac2bdc9f035"",""owner_native_state"":""language_reviewed"",""payload"":{""course_id"":""urn:uuid:c2a0d387-a544-54ca-9b89-6d654a9bc200"",""edition_id"":""urn:uuid:9261c927-eace-5bda-b703-609e4a237e5f"",""native_module_id"":""m82470"",""ordinal"":20,""unit_id"":""urn:uuid:ad2d8223-0f68-5610-88b2-ae6a3620901e""},""record_type"":""course_unit_membership"",""recorded_at"":""2026-09-06T00:00:00Z"",""semantic_key"":""a10:membership:m82470""}"
tables/course_unit_memberships.jsonl,32,urn:uuid:d732e3d4-b5dd-5737-9452-d1510c72f1dd,course_unit_membership,"{""dataset_id"":""urn:uuid:97a5d5e6-c756-5fcf-8b1d-412402caace7"",""id"":""urn:uuid:d732e3d4-b5dd-5737-9452-d1510c72f1dd"",""normalized_state"":""published"",""owner_authority_id"":""urn:uuid:7aa2ae30-7716-5b39-a47b-5ac2bdc9f035"",""owner_native_state"":""language_reviewed"",""payload"":{""course_id"":""urn:uuid:c2a0d387-a544-54ca-9b89-6d654a9bc200"",""edition_id"":""urn:uuid:9261c927-eace-5bda-b703-609e4a237e5f"",""native_module_id"":""m82485"",""ordinal"":33,""unit_id"":""urn:uuid:f079242c-9418-5a55-bb00-280f65114612""},""record_type"":""course_unit_membership"",""recorded_at"":""2026-09-06T00:00:00Z"",""semantic_key"":""a10:membership:m82485""}"
tables/course_unit_memberships.jsonl,15,urn:uuid:da9496ab-d9d7-510b-bb83-37ee0d31892d,course_unit_membership,"{""dataset_id"":""urn:uuid:97a5d5e6-c756-5fcf-8b1d-412402caace7"",""id"":""urn:uuid:da9496ab-d9d7-510b-bb83-37ee0d31892d"",""normalized_state"":""published"",""owner_authority_id"":""urn:uuid:7aa2ae30-7716-5b39-a47b-5ac2bdc9f035"",""owner_native_state"":""language_reviewed"",""payload"":{""course_id"":""urn:uuid:c2a0d387-a544-54ca-9b89-6d654a9bc200"",""edition_id"":""urn:uuid:9261c927-eace-5bda-b703-609e4a237e5f"",""native_module_id"":""m82465"",""ordinal"":16,""unit_id"":""urn:uuid:02fbb38d-cde4-5027-8de7-9f6b142b4e55""},""record_type"":""course_unit_membership"",""recorded_at"":""2026-09-06T00:00:00Z"",""semantic_key"":""a10:membership:m82465""}"
tables/course_unit_memberships.jsonl,57,urn:uuid:e671b3bd-9c44-533a-8207-a3afdfbeb6b7,course_unit_membership,"{""dataset_id"":""urn:uuid:97a5d5e6-c756-5fcf-8b1d-412402caace7"",""id"":""urn:uuid:e671b3bd-9c44-533a-8207-a3afdfbeb6b7"",""normalized_state"":""published"",""owner_authority_id"":""urn:uuid:7aa2ae30-7716-5b39-a47b-5ac2bdc9f035"",""owner_native_state"":""language_reviewed"",""payload"":{""course_id"":""urn:uuid:c2a0d387-a544-54ca-9b89-6d654a9bc200"",""edition_id"":""urn:uuid:9261c927-eace-5bda-b703-609e4a237e5f"",""native_module_id"":""m82534"",""ordinal"":61,""unit_id"":""urn:uuid:9d104732-deeb-520b-952d-2578f4b9e835""},""record_type"":""course_unit_membership"",""recorded_at"":""2026-09-06T00:00:00Z"",""semantic_key"":""a10:membership:m82534""}"
tables/course_unit_memberships.jsonl,29,urn:uuid:eb7efdbc-bce8-5b25-bdb5-c1ba554f1913,course_unit_membership,"{""dataset_id"":""urn:uuid:97a5d5e6-c756-5fcf-8b1d-412402caace7"",""id"":""urn:uuid:eb7efdbc-bce8-5b25-bdb5-c1ba554f1913"",""normalized_state"":""published"",""owner_authority_id"":""urn:uuid:7aa2ae30-7716-5b39-a47b-5ac2bdc9f035"",""owner_native_state"":""language_reviewed"",""payload"":{""course_id"":""urn:uuid:c2a0d387-a544-54ca-9b89-6d654a9bc200"",""edition_id"":""urn:uuid:9261c927-eace-5bda-b703-609e4a237e5f"",""native_module_id"":""m82481"",""ordinal"":30,""unit_id"":""urn:uuid:465745c2-3464-57d9-bdef-99ad1489e99d""},""record_type"":""course_unit_membership"",""recorded_at"":""2026-09-06T00:00:00Z"",""semantic_key"":""a10:membership:m82481""}"
tables/course_unit_memberships.jsonl,13,urn:uuid:f2213f60-7cc3-5693-ab05-a2587b95c87b,course_unit_membership,"{""dataset_id"":""urn:uuid:97a5d5e6-c756-5fcf-8b1d-412402caace7"",""id"":""urn:uuid:f2213f60-7cc3-5693-ab05-a2587b95c87b"",""normalized_state"":""published"",""owner_authority_id"":""urn:uuid:7aa2ae30-7716-5b39-a47b-5ac2bdc9f035"",""owner_native_state"":""language_reviewed"",""payload"":{""course_id"":""urn:uuid:c2a0d387-a544-54ca-9b89-6d654a9bc200"",""edition_id"":""urn:uuid:9261c927-eace-5bda-b703-609e4a237e5f"",""native_module_id"":""m82463"",""ordinal"":14,""unit_id"":""urn:uuid:c8d398a3-6fbe-56bc-a033-3d0abec57814""},""record_type"":""course_unit_membership"",""recorded_at"":""2026-09-06T00:00:00Z"",""semantic_key"":""a10:membership:m82463""}"
tables/course_unit_memberships.jsonl,30,urn:uuid:ffa2c7a2-be0a-514b-b3ac-ac1442e423f4,course_unit_membership,"{""dataset_id"":""urn:uuid:97a5d5e6-c756-5fcf-8b1d-412402caace7"",""id"":""urn:uuid:ffa2c7a2-be0a-514b-b3ac-ac1442e423f4"",""normalized_state"":""published"",""owner_authority_id"":""urn:uuid:7aa2ae30-7716-5b39-a47b-5ac2bdc9f035"",""owner_native_state"":""language_reviewed"",""payload"":{""course_id"":""urn:uuid:c2a0d387-a544-54ca-9b89-6d654a9bc200"",""edition_id"":""urn:uuid:9261c927-eace-5bda-b703-609e4a237e5f"",""native_module_id"":""m82482"",""ordinal"":31,""unit_id"":""urn:uuid:d75ac988-b9d3-5541-b495-807466bd8d71""},""record_type"":""course_unit_membership"",""recorded_at"":""2026-09-06T00:00:00Z"",""semantic_key"":""a10:membership:m82482""}"
tables/datasets.jsonl,1,urn:uuid:97a5d5e6-c756-5fcf-8b1d-412402caace7,dataset,"{""dataset_id"":""urn:uuid:97a5d5e6-c756-5fcf-8b1d-412402caace7"",""id"":""urn:uuid:97a5d5e6-c756-5fcf-8b1d-412402caace7"",""normalized_state"":""published"",""owner_authority_id"":""urn:uuid:7aa2ae30-7716-5b39-a47b-5ac2bdc9f035"",""owner_native_state"":""complete"",""payload"":{""course_id"":""urn:uuid:c2a0d387-a544-54ca-9b89-6d654a9bc200"",""curriculum_role_id"":""A10"",""locale"":""id-ID"",""machine_data_is_learner_destination"":false,""module_count"":82,""owner_native_record_count"":561994,""projection_kind"":""thin_zero_copy_public_release_metadata"",""title"":""Aljabar Dasar 2e"",""version"":""1.0.3""},""record_type"":""dataset"",""recorded_at"":""2026-09-06T00:00:00Z"",""semantic_key"":""a10:dataset:elementary-algebra-2e:id-ID:v1.0.3""}"
tables/editions.jsonl,1,urn:uuid:9261c927-eace-5bda-b703-609e4a237e5f,edition,"{""dataset_id"":""urn:uuid:97a5d5e6-c756-5fcf-8b1d-412402caace7"",""id"":""urn:uuid:9261c927-eace-5bda-b703-609e4a237e5f"",""normalized_state"":""published"",""owner_authority_id"":""urn:uuid:7aa2ae30-7716-5b39-a47b-5ac2bdc9f035"",""owner_native_state"":""complete_book_publication_ready"",""payload"":{""boundary"":""EA2-C0082"",""course_id"":""urn:uuid:c2a0d387-a544-54ca-9b89-6d654a9bc200"",""locale"":""id-ID"",""module_count"":82,""ongoing_maintenance_closed"":false,""pages"":1627,""public_record_url"":""https://zenodo.org/records/22236314"",""public_repository_url"":""https://github.com/KokunoYumeto/openstax-elementary-algebra-2e-id"",""publication_state"":""published_complete_book"",""title"":""Aljabar Dasar 2e — Edisi Bahasa Indonesia"",""upstream_course_url"":""https://openstax.org/details/books/elementary-algebra-2e"",""version"":""1.0.3""},""record_type"":""edition"",""recorded_at"":""2026-09-06T00:00:00Z"",""semantic_key"":""a10:edition:elementary-algebra-2e:id-ID:v1.0.3""}"
tables/identity_crosswalks.jsonl,33,urn:uuid:0a223f89-7617-5565-ab85-930b2d7e6947,identity_crosswalk,"{""dataset_id"":""urn:uuid:97a5d5e6-c756-5fcf-8b1d-412402caace7"",""id"":""urn:uuid:0a223f89-7617-5565-ab85-930b2d7e6947"",""normalized_state"":""published"",""owner_authority_id"":""urn:uuid:7aa2ae30-7716-5b39-a47b-5ac2bdc9f035"",""owner_native_state"":""language_reviewed"",""payload"":{""cardinality"":""one_to_one"",""reverse_recipe"":""read native_module_id from projected unit payload"",""source_namespace"":""openstax-cnxml-module-id/elementary-algebra-2e/id-ID/v1.0.3"",""source_record_id"":""m82486"",""source_record_sha256"":""0f1da7f18f569971bf2fbf6175d4303724c952e554392539ac2f6ea603ab221a"",""source_record_type"":""cnxml_module"",""target_namespace"":""bca57508-5164-54eb-8cb9-219c7707a38a"",""target_record_id"":""urn:uuid:6e611059-69d4-5ef8-9246-902e6c768e58"",""target_record_type"":""unit""},""record_type"":""identity_crosswalk"",""recorded_at"":""2026-09-06T00:00:00Z"",""semantic_key"":""a10:crosswalk:m82486""}"
tables/identity_crosswalks.jsonl,25,urn:uuid:0b504cd4-b080-52a5-9e68-00fa6504a327,identity_crosswalk,"{""dataset_id"":""urn:uuid:97a5d5e6-c756-5fcf-8b1d-412402caace7"",""id"":""urn:uuid:0b504cd4-b080-52a5-9e68-00fa6504a327"",""normalized_state"":""published"",""owner_authority_id"":""urn:uuid:7aa2ae30-7716-5b39-a47b-5ac2bdc9f035"",""owner_native_state"":""language_reviewed"",""payload"":{""cardinality"":""one_to_one"",""reverse_recipe"":""read native_module_id from projected unit payload"",""source_namespace"":""openstax-cnxml-module-id/elementary-algebra-2e/id-ID/v1.0.3"",""source_record_id"":""m82477"",""source_record_sha256"":""4199ceba1ed1b7d286136c3a21cebd0cd90fd94b228c6eecb95c69aa7c8f5f1e"",""source_record_type"":""cnxml_module"",""target_namespace"":""bca57508-5164-54eb-8cb9-219c7707a38a"",""target_record_id"":""urn:uuid:2236cb36-cbea-53d7-b000-02a8bf6c6bca"",""target_record_type"":""unit""},""record_type"":""identity_crosswalk"",""recorded_at"":""2026-09-06T00:00:00Z"",""semantic_key"":""a10:crosswalk:m82477""}"
tables/identity_crosswalks.jsonl,40,urn:uuid:0c4097d4-8901-5a2e-bb8c-f52cf48c54b3,identity_crosswalk,"{""dataset_id"":""urn:uuid:97a5d5e6-c756-5fcf-8b1d-412402caace7"",""id"":""urn:uuid:0c4097d4-8901-5a2e-bb8c-f52cf48c54b3"",""normalized_state"":""published"",""owner_authority_id"":""urn:uuid:7aa2ae30-7716-5b39-a47b-5ac2bdc9f035"",""owner_native_state"":""language_reviewed"",""payload"":{""cardinality"":""one_to_one"",""reverse_recipe"":""read native_module_id from projected unit payload"",""source_namespace"":""openstax-cnxml-module-id/elementary-algebra-2e/id-ID/v1.0.3"",""source_record_id"":""m82498"",""source_record_sha256"":""c62e9f64e40e4475d82cb36704c92f68d5c2ae4fd0b4791574b41be83848f821"",""source_record_type"":""cnxml_module"",""target_namespace"":""bca57508-5164-54eb-8cb9-219c7707a38a"",""target_record_id"":""urn:uuid:edd3dbf7-bf56-506d-947f-f26692c8330f"",""target_record_type"":""unit""},""record_type"":""identity_crosswalk"",""recorded_at"":""2026-09-06T00:00:00Z"",""semantic_key"":""a10:crosswalk:m82498""}"
tables/identity_crosswalks.jsonl,61,urn:uuid:0ca8ac60-997e-5013-8fe6-1f3fcd11d650,identity_crosswalk,"{""dataset_id"":""urn:uuid:97a5d5e6-c756-5fcf-8b1d-412402caace7"",""id"":""urn:uuid:0ca8ac60-997e-5013-8fe6-1f3fcd11d650"",""normalized_state"":""published"",""owner_authority_id"":""urn:uuid:7aa2ae30-7716-5b39-a47b-5ac2bdc9f035"",""owner_native_state"":""language_reviewed"",""payload"":{""cardinality"":""one_to_one"",""reverse_recipe"":""read native_module_id from projected unit payload"",""source_namespace"":""openstax-cnxml-module-id/elementary-algebra-2e/id-ID/v1.0.3"",""source_record_id"":""m82539"",""source_record_sha256"":""fd04300e4958986193490654d85e856022fd93f6cb72542a5ca90d15aa3d5dfe"",""source_record_type"":""cnxml_module"",""target_namespace"":""bca57508-5164-54eb-8cb9-219c7707a38a"",""target_record_id"":""urn:uuid:0fdf7e0f-ffb5-569b-bc58-042f63f8a8d3"",""target_record_type"":""unit""},""record_type"":""identity_crosswalk"",""recorded_at"":""2026-09-06T00:00:00Z"",""semantic_key"":""a10:crosswalk:m82539""}"
tables/identity_crosswalks.jsonl,52,urn:uuid:0d5b3872-6463-53ec-9a93-18aef46a1236,identity_crosswalk,"{""dataset_id"":""urn:uuid:97a5d5e6-c756-5fcf-8b1d-412402caace7"",""id"":""urn:uuid:0d5b3872-6463-53ec-9a93-18aef46a1236"",""normalized_state"":""published"",""owner_authority_id"":""urn:uuid:7aa2ae30-7716-5b39-a47b-5ac2bdc9f035"",""owner_native_state"":""language_reviewed"",""payload"":{""cardinality"":""one_to_one"",""reverse_recipe"":""read native_module_id from projected unit payload"",""source_namespace"":""openstax-cnxml-module-id/elementary-algebra-2e/id-ID/v1.0.3"",""source_record_id"":""m82529"",""source_record_sha256"":""6d99ac8ddfebbb779f2cbd13e9ad33fdb7bba7d11386c81d75cc16f249ae3d8e"",""source_record_type"":""cnxml_module"",""target_namespace"":""bca57508-5164-54eb-8cb9-219c7707a38a"",""target_record_id"":""urn:uuid:f1fbb460-65fe-5812-90c9-346f4312ef0a"",""target_record_type"":""unit""},""record_type"":""identity_crosswalk"",""recorded_at"":""2026-09-06T00:00:00Z"",""semantic_key"":""a10:crosswalk:m82529""}"
tables/identity_crosswalks.jsonl,32,urn:uuid:0e1470bd-a2b8-53d3-b6c1-c6991b10370b,identity_crosswalk,"{""dataset_id"":""urn:uuid:97a5d5e6-c756-5fcf-8b1d-412402caace7"",""id"":""urn:uuid:0e1470bd-a2b8-53d3-b6c1-c6991b10370b"",""normalized_state"":""published"",""owner_authority_id"":""urn:uuid:7aa2ae30-7716-5b39-a47b-5ac2bdc9f035"",""owner_native_state"":""language_reviewed"",""payload"":{""cardinality"":""one_to_one"",""reverse_recipe"":""read native_module_id from projected unit payload"",""source_namespace"":""openstax-cnxml-module-id/elementary-algebra-2e/id-ID/v1.0.3"",""source_record_id"":""m82485"",""source_record_sha256"":""162a442ec692f4527e28f8b2e204f20ecd9ba45f2e07600e6b9b07901b33ff7c"",""source_record_type"":""cnxml_module"",""target_namespace"":""bca57508-5164-54eb-8cb9-219c7707a38a"",""target_record_id"":""urn:uuid:f079242c-9418-5a55-bb00-280f65114612"",""target_record_type"":""unit""},""record_type"":""identity_crosswalk"",""recorded_at"":""2026-09-06T00:00:00Z"",""semantic_key"":""a10:crosswalk:m82485""}"
tables/identity_crosswalks.jsonl,12,urn:uuid:0ee5bcd9-7e2e-58c7-8087-a84bb143eca1,identity_crosswalk,"{""dataset_id"":""urn:uuid:97a5d5e6-c756-5fcf-8b1d-412402caace7"",""id"":""urn:uuid:0ee5bcd9-7e2e-58c7-8087-a84bb143eca1"",""normalized_state"":""published"",""owner_authority_id"":""urn:uuid:7aa2ae30-7716-5b39-a47b-5ac2bdc9f035"",""owner_native_state"":""language_reviewed"",""payload"":{""cardinality"":""one_to_one"",""reverse_recipe"":""read native_module_id from projected unit payload"",""source_namespace"":""openstax-cnxml-module-id/elementary-algebra-2e/id-ID/v1.0.3"",""source_record_id"":""m82462"",""source_record_sha256"":""bd226bd3d2e0db240907809772ae70806c7a00278c3be35161aefe549086b452"",""source_record_type"":""cnxml_module"",""target_namespace"":""bca57508-5164-54eb-8cb9-219c7707a38a"",""target_record_id"":""urn:uuid:a16ddaa1-8382-5a8f-93e5-de8e3fc3b20b"",""target_record_type"":""unit""},""record_type"":""identity_crosswalk"",""recorded_at"":""2026-09-06T00:00:00Z"",""semantic_key"":""a10:crosswalk:m82462""}"
tables/identity_crosswalks.jsonl,55,urn:uuid:10818d85-2606-5abc-aebd-377b376a4b98,identity_crosswalk,"{""dataset_id"":""urn:uuid:97a5d5e6-c756-5fcf-8b1d-412402caace7"",""id"":""urn:uuid:10818d85-2606-5abc-aebd-377b376a4b98"",""normalized_state"":""published"",""owner_authority_id"":""urn:uuid:7aa2ae30-7716-5b39-a47b-5ac2bdc9f035"",""owner_native_state"":""language_reviewed"",""payload"":{""cardinality"":""one_to_one"",""reverse_recipe"":""read native_module_id from projected unit payload"",""source_namespace"":""openstax-cnxml-module-id/elementary-algebra-2e/id-ID/v1.0.3"",""source_record_id"":""m82532"",""source_record_sha256"":""6c4450305d00d043ae4599d3b58fff70338dd3fb7ece7af4617a0961513f7259"",""source_record_type"":""cnxml_module"",""target_namespace"":""bca57508-5164-54eb-8cb9-219c7707a38a"",""target_record_id"":""urn:uuid:bf6b7ee9-b51e-59d5-bb07-08ad4945dd9b"",""target_record_type"":""unit""},""record_type"":""identity_crosswalk"",""recorded_at"":""2026-09-06T00:00:00Z"",""semantic_key"":""a10:crosswalk:m82532""}"
tables/identity_crosswalks.jsonl,43,urn:uuid:123f68fa-2b6b-5c1d-9acb-995ddca6a4b6,identity_crosswalk,"{""dataset_id"":""urn:uuid:97a5d5e6-c756-5fcf-8b1d-412402caace7"",""id"":""urn:uuid:123f68fa-2b6b-5c1d-9acb-995ddca6a4b6"",""normalized_state"":""published"",""owner_authority_id"":""urn:uuid:7aa2ae30-7716-5b39-a47b-5ac2bdc9f035"",""owner_native_state"":""language_reviewed"",""payload"":{""cardinality"":""one_to_one"",""reverse_recipe"":""read native_module_id from projected unit payload"",""source_namespace"":""openstax-cnxml-module-id/elementary-algebra-2e/id-ID/v1.0.3"",""source_record_id"":""m82501"",""source_record_sha256"":""147d1929c8295510649f0ce142ffc9b929afc9a1537ed288d51f2d8699c3ed11"",""source_record_type"":""cnxml_module"",""target_namespace"":""bca57508-5164-54eb-8cb9-219c7707a38a"",""target_record_id"":""urn:uuid:ec24b26a-8aed-5017-8036-f93a3560dc1f"",""target_record_type"":""unit""},""record_type"":""identity_crosswalk"",""recorded_at"":""2026-09-06T00:00:00Z"",""semantic_key"":""a10:crosswalk:m82501""}"
tables/identity_crosswalks.jsonl,42,urn:uuid:1904d8a7-1835-5741-a77b-c09d21a07f8a,identity_crosswalk,"{""dataset_id"":""urn:uuid:97a5d5e6-c756-5fcf-8b1d-412402caace7"",""id"":""urn:uuid:1904d8a7-1835-5741-a77b-c09d21a07f8a"",""normalized_state"":""published"",""owner_authority_id"":""urn:uuid:7aa2ae30-7716-5b39-a47b-5ac2bdc9f035"",""owner_native_state"":""language_reviewed"",""payload"":{""cardinality"":""one_to_one"",""reverse_recipe"":""read native_module_id from projected unit payload"",""source_namespace"":""openstax-cnxml-module-id/elementary-algebra-2e/id-ID/v1.0.3"",""source_record_id"":""m82500"",""source_record_sha256"":""54005ceaf3d6157c484e577ecef7c53c5dd041faa5f591c24b2bd4b22c507e7c"",""source_record_type"":""cnxml_module"",""target_namespace"":""bca57508-5164-54eb-8cb9-219c7707a38a"",""target_record_id"":""urn:uuid:e8ce8313-3426-56b0-895b-82c187491b81"",""target_record_type"":""unit""},""record_type"":""identity_crosswalk"",""recorded_at"":""2026-09-06T00:00:00Z"",""semantic_key"":""a10:crosswalk:m82500""}"
tables/identity_crosswalks.jsonl,6,urn:uuid:1b2b05fc-f708-5180-b799-53649c368e93,identity_crosswalk,"{""dataset_id"":""urn:uuid:97a5d5e6-c756-5fcf-8b1d-412402caace7"",""id"":""urn:uuid:1b2b05fc-f708-5180-b799-53649c368e93"",""normalized_state"":""published"",""owner_authority_id"":""urn:uuid:7aa2ae30-7716-5b39-a47b-5ac2bdc9f035"",""owner_native_state"":""language_reviewed"",""payload"":{""cardinality"":""one_to_one"",""reverse_recipe"":""read native_module_id from projected unit payload"",""source_namespace"":""openstax-cnxml-module-id/elementary-algebra-2e/id-ID/v1.0.3"",""source_record_id"":""m82456"",""source_record_sha256"":""187471e798c1dec3f0d99943ab24c9be4b88671b44cedc64a93281a8091bc6c6"",""source_record_type"":""cnxml_module"",""target_namespace"":""bca57508-5164-54eb-8cb9-219c7707a38a"",""target_record_id"":""urn:uuid:bbe47adf-c606-5eb6-9e22-afce7e42f9b1"",""target_record_type"":""unit""},""record_type"":""identity_crosswalk"",""recorded_at"":""2026-09-06T00:00:00Z"",""semantic_key"":""a10:crosswalk:m82456""}"
tables/identity_crosswalks.jsonl,54,urn:uuid:21435889-dbbe-5110-9987-57673a8398b1,identity_crosswalk,"{""dataset_id"":""urn:uuid:97a5d5e6-c756-5fcf-8b1d-412402caace7"",""id"":""urn:uuid:21435889-dbbe-5110-9987-57673a8398b1"",""normalized_state"":""published"",""owner_authority_id"":""urn:uuid:7aa2ae30-7716-5b39-a47b-5ac2bdc9f035"",""owner_native_state"":""language_reviewed"",""payload"":{""cardinality"":""one_to_one"",""reverse_recipe"":""read native_module_id from projected unit payload"",""source_namespace"":""openstax-cnxml-module-id/elementary-algebra-2e/id-ID/v1.0.3"",""source_record_id"":""m82531"",""source_record_sha256"":""6ecdb9d08398e943a8897d38d502990108da10106b6f1b50e2461196ee1106e6"",""source_record_type"":""cnxml_module"",""target_namespace"":""bca57508-5164-54eb-8cb9-219c7707a38a"",""target_record_id"":""urn:uuid:2f1f3efe-4f4f-5e69-9451-8b210b94b68a"",""target_record_type"":""unit""},""record_type"":""identity_crosswalk"",""recorded_at"":""2026-09-06T00:00:00Z"",""semantic_key"":""a10:crosswalk:m82531""}"
tables/identity_crosswalks.jsonl,26,urn:uuid:2c2457bb-e106-5171-a25d-1002a317e959,identity_crosswalk,"{""dataset_id"":""urn:uuid:97a5d5e6-c756-5fcf-8b1d-412402caace7"",""id"":""urn:uuid:2c2457bb-e106-5171-a25d-1002a317e959"",""normalized_state"":""published"",""owner_authority_id"":""urn:uuid:7aa2ae30-7716-5b39-a47b-5ac2bdc9f035"",""owner_native_state"":""language_reviewed"",""payload"":{""cardinality"":""one_to_one"",""reverse_recipe"":""read native_module_id from projected unit payload"",""source_namespace"":""openstax-cnxml-module-id/elementary-algebra-2e/id-ID/v1.0.3"",""source_record_id"":""m82478"",""source_record_sha256"":""698d22dc2823c2c0c0abb353a0a926bed59bef23b12c7c00c5f297c68258c05c"",""source_record_type"":""cnxml_module"",""target_namespace"":""bca57508-5164-54eb-8cb9-219c7707a38a"",""target_record_id"":""urn:uuid:6624018e-c6a1-531c-8aa4-8130a1312f95"",""target_record_type"":""unit""},""record_type"":""identity_crosswalk"",""recorded_at"":""2026-09-06T00:00:00Z"",""semantic_key"":""a10:crosswalk:m82478""}"
tables/identity_crosswalks.jsonl,2,urn:uuid:307602e9-ecca-52c5-ae33-4fa02a97c30d,identity_crosswalk,"{""dataset_id"":""urn:uuid:97a5d5e6-c756-5fcf-8b1d-412402caace7"",""id"":""urn:uuid:307602e9-ecca-52c5-ae33-4fa02a97c30d"",""normalized_state"":""published"",""owner_authority_id"":""urn:uuid:7aa2ae30-7716-5b39-a47b-5ac2bdc9f035"",""owner_native_state"":""language_reviewed"",""payload"":{""cardinality"":""one_to_one"",""reverse_recipe"":""read native_module_id from projected unit payload"",""source_namespace"":""openstax-cnxml-module-id/elementary-algebra-2e/id-ID/v1.0.3"",""source_record_id"":""m82452"",""source_record_sha256"":""b270119a94289e1226896d7b167f94def4201a0ceb7a9a4578666eaca59091a6"",""source_record_type"":""cnxml_module"",""target_namespace"":""bca57508-5164-54eb-8cb9-219c7707a38a"",""target_record_id"":""urn:uuid:20941cb5-b8b2-5d84-9466-081ed71894fe"",""target_record_type"":""unit""},""record_type"":""identity_crosswalk"",""recorded_at"":""2026-09-06T00:00:00Z"",""semantic_key"":""a10:crosswalk:m82452""}"
tables/identity_crosswalks.jsonl,58,urn:uuid:36d9712d-4f00-5d70-974b-05de25cbb13a,identity_crosswalk,"{""dataset_id"":""urn:uuid:97a5d5e6-c756-5fcf-8b1d-412402caace7"",""id"":""urn:uuid:36d9712d-4f00-5d70-974b-05de25cbb13a"",""normalized_state"":""published"",""owner_authority_id"":""urn:uuid:7aa2ae30-7716-5b39-a47b-5ac2bdc9f035"",""owner_native_state"":""language_reviewed"",""payload"":{""cardinality"":""one_to_one"",""reverse_recipe"":""read native_module_id from projected unit payload"",""source_namespace"":""openstax-cnxml-module-id/elementary-algebra-2e/id-ID/v1.0.3"",""source_record_id"":""m82535"",""source_record_sha256"":""ed6b7ae24af707c12838be936ea1c26c82d639f9eee22492532ab15b20f3bb3e"",""source_record_type"":""cnxml_module"",""target_namespace"":""bca57508-5164-54eb-8cb9-219c7707a38a"",""target_record_id"":""urn:uuid:6de60b3d-64b5-5ba6-a4ce-4478288e007c"",""target_record_type"":""unit""},""record_type"":""identity_crosswalk"",""recorded_at"":""2026-09-06T00:00:00Z"",""semantic_key"":""a10:crosswalk:m82535""}"
tables/identity_crosswalks.jsonl,5,urn:uuid:36dd2838-a485-511a-9299-1a2b2c7df60f,identity_crosswalk,"{""dataset_id"":""urn:uuid:97a5d5e6-c756-5fcf-8b1d-412402caace7"",""id"":""urn:uuid:36dd2838-a485-511a-9299-1a2b2c7df60f"",""normalized_state"":""published"",""owner_authority_id"":""urn:uuid:7aa2ae30-7716-5b39-a47b-5ac2bdc9f035"",""owner_native_state"":""language_reviewed"",""payload"":{""cardinality"":""one_to_one"",""reverse_recipe"":""read native_module_id from projected unit payload"",""source_namespace"":""openstax-cnxml-module-id/elementary-algebra-2e/id-ID/v1.0.3"",""source_record_id"":""m82455"",""source_record_sha256"":""041fedce0b15cd8bf5491515556ece15a62eae9fb1cad1ef60ae527bd6513e92"",""source_record_type"":""cnxml_module"",""target_namespace"":""bca57508-5164-54eb-8cb9-219c7707a38a"",""target_record_id"":""urn:uuid:cfa0c719-15e7-5f14-b807-82712ff330f8"",""target_record_type"":""unit""},""record_type"":""identity_crosswalk"",""recorded_at"":""2026-09-06T00:00:00Z"",""semantic_key"":""a10:crosswalk:m82455""}"
tables/identity_crosswalks.jsonl,8,urn:uuid:370f8a94-81b2-5e60-9463-a0217d5002ec,identity_crosswalk,"{""dataset_id"":""urn:uuid:97a5d5e6-c756-5fcf-8b1d-412402caace7"",""id"":""urn:uuid:370f8a94-81b2-5e60-9463-a0217d5002ec"",""normalized_state"":""published"",""owner_authority_id"":""urn:uuid:7aa2ae30-7716-5b39-a47b-5ac2bdc9f035"",""owner_native_state"":""language_reviewed"",""payload"":{""cardinality"":""one_to_one"",""reverse_recipe"":""read native_module_id from projected unit payload"",""source_namespace"":""openstax-cnxml-module-id/elementary-algebra-2e/id-ID/v1.0.3"",""source_record_id"":""m82458"",""source_record_sha256"":""27a7d1790b0f13c5a6fc58223953cdcb8f9682f83434e52609b34d3d00213f43"",""source_record_type"":""cnxml_module"",""target_namespace"":""bca57508-5164-54eb-8cb9-219c7707a38a"",""target_record_id"":""urn:uuid:1c9f9f85-5ec5-5da5-a175-2fa805513a88"",""target_record_type"":""unit""},""record_type"":""identity_crosswalk"",""recorded_at"":""2026-09-06T00:00:00Z"",""semantic_key"":""a10:crosswalk:m82458""}"
tables/identity_crosswalks.jsonl,38,urn:uuid:377e91a3-c8b7-559e-81ae-d28936fe2a72,identity_crosswalk,"{""dataset_id"":""urn:uuid:97a5d5e6-c756-5fcf-8b1d-412402caace7"",""id"":""urn:uuid:377e91a3-c8b7-559e-81ae-d28936fe2a72"",""normalized_state"":""published"",""owner_authority_id"":""urn:uuid:7aa2ae30-7716-5b39-a47b-5ac2bdc9f035"",""owner_native_state"":""language_reviewed"",""payload"":{""cardinality"":""one_to_one"",""reverse_recipe"":""read native_module_id from projected unit payload"",""source_namespace"":""openstax-cnxml-module-id/elementary-algebra-2e/id-ID/v1.0.3"",""source_record_id"":""m82495"",""source_record_sha256"":""7c77bccb3d0bdf68b47ea6b53affbcf0ac269f194a57c77eda051e454617584e"",""source_record_type"":""cnxml_module"",""target_namespace"":""bca57508-5164-54eb-8cb9-219c7707a38a"",""target_record_id"":""urn:uuid:215bba5f-f890-5d9a-a28e-439a24fa7023"",""target_record_type"":""unit""},""record_type"":""identity_crosswalk"",""recorded_at"":""2026-09-06T00:00:00Z"",""semantic_key"":""a10:crosswalk:m82495""}"
tables/identity_crosswalks.jsonl,18,urn:uuid:3da5ac63-6da6-53e5-bd4c-23b2ede1a33a,identity_crosswalk,"{""dataset_id"":""urn:uuid:97a5d5e6-c756-5fcf-8b1d-412402caace7"",""id"":""urn:uuid:3da5ac63-6da6-53e5-bd4c-23b2ede1a33a"",""normalized_state"":""published"",""owner_authority_id"":""urn:uuid:7aa2ae30-7716-5b39-a47b-5ac2bdc9f035"",""owner_native_state"":""language_reviewed"",""payload"":{""cardinality"":""one_to_one"",""reverse_recipe"":""read native_module_id from projected unit payload"",""source_namespace"":""openstax-cnxml-module-id/elementary-algebra-2e/id-ID/v1.0.3"",""source_record_id"":""m82469"",""source_record_sha256"":""31fde254b86d46af9dfad36143ca1955a67277c68c54e01a927c52c714c1278b"",""source_record_type"":""cnxml_module"",""target_namespace"":""bca57508-5164-54eb-8cb9-219c7707a38a"",""target_record_id"":""urn:uuid:a66e374d-372e-52fb-bbde-8da11aea1a90"",""target_record_type"":""unit""},""record_type"":""identity_crosswalk"",""recorded_at"":""2026-09-06T00:00:00Z"",""semantic_key"":""a10:crosswalk:m82469""}"
tables/identity_crosswalks.jsonl,13,urn:uuid:4030389d-c962-513c-9938-c6e02819f01f,identity_crosswalk,"{""dataset_id"":""urn:uuid:97a5d5e6-c756-5fcf-8b1d-412402caace7"",""id"":""urn:uuid:4030389d-c962-513c-9938-c6e02819f01f"",""normalized_state"":""published"",""owner_authority_id"":""urn:uuid:7aa2ae30-7716-5b39-a47b-5ac2bdc9f035"",""owner_native_state"":""language_reviewed"",""payload"":{""cardinality"":""one_to_one"",""reverse_recipe"":""read native_module_id from projected unit payload"",""source_namespace"":""openstax-cnxml-module-id/elementary-algebra-2e/id-ID/v1.0.3"",""source_record_id"":""m82463"",""source_record_sha256"":""0f9d709ce2b32c18254be9f11a57db1b70f9477739e2b9dddc6857ad3992fe85"",""source_record_type"":""cnxml_module"",""target_namespace"":""bca57508-5164-54eb-8cb9-219c7707a38a"",""target_record_id"":""urn:uuid:c8d398a3-6fbe-56bc-a033-3d0abec57814"",""target_record_type"":""unit""},""record_type"":""identity_crosswalk"",""recorded_at"":""2026-09-06T00:00:00Z"",""semantic_key"":""a10:crosswalk:m82463""}"
tables/identity_crosswalks.jsonl,59,urn:uuid:409f32bd-9026-5e05-a2ed-e0a3d6616ab0,identity_crosswalk,"{""dataset_id"":""urn:uuid:97a5d5e6-c756-5fcf-8b1d-412402caace7"",""id"":""urn:uuid:409f32bd-9026-5e05-a2ed-e0a3d6616ab0"",""normalized_state"":""published"",""owner_authority_id"":""urn:uuid:7aa2ae30-7716-5b39-a47b-5ac2bdc9f035"",""owner_native_state"":""language_reviewed"",""payload"":{""cardinality"":""one_to_one"",""reverse_recipe"":""read native_module_id from projected unit payload"",""source_namespace"":""openstax-cnxml-module-id/elementary-algebra-2e/id-ID/v1.0.3"",""source_record_id"":""m82537"",""source_record_sha256"":""97f68c700c1442d2dc089cc2c44aee14441a68a77b697091333e869117c87022"",""source_record_type"":""cnxml_module"",""target_namespace"":""bca57508-5164-54eb-8cb9-219c7707a38a"",""target_record_id"":""urn:uuid:61100c89-df6e-5275-ac72-8ceb70e712d2"",""target_record_type"":""unit""},""record_type"":""identity_crosswalk"",""recorded_at"":""2026-09-06T00:00:00Z"",""semantic_key"":""a10:crosswalk:m82537""}"
tables/identity_crosswalks.jsonl,79,urn:uuid:40a84cb5-e7c6-5051-ad54-14cb2313a9c1,identity_crosswalk,"{""dataset_id"":""urn:uuid:97a5d5e6-c756-5fcf-8b1d-412402caace7"",""id"":""urn:uuid:40a84cb5-e7c6-5051-ad54-14cb2313a9c1"",""normalized_state"":""published"",""owner_authority_id"":""urn:uuid:7aa2ae30-7716-5b39-a47b-5ac2bdc9f035"",""owner_native_state"":""language_reviewed"",""payload"":{""cardinality"":""one_to_one"",""reverse_recipe"":""read native_module_id from projected unit payload"",""source_namespace"":""openstax-cnxml-module-id/elementary-algebra-2e/id-ID/v1.0.3"",""source_record_id"":""m82561"",""source_record_sha256"":""5cc249c558a8dd35bb0394e22878fcd0ff0040fb8eb61d54d36713aae4ea2ede"",""source_record_type"":""cnxml_module"",""target_namespace"":""bca57508-5164-54eb-8cb9-219c7707a38a"",""target_record_id"":""urn:uuid:83ae39ef-05c7-5a8f-9238-ba28179b33d2"",""target_record_type"":""unit""},""record_type"":""identity_crosswalk"",""recorded_at"":""2026-09-06T00:00:00Z"",""semantic_key"":""a10:crosswalk:m82561""}"
tables/identity_crosswalks.jsonl,50,urn:uuid:42e9360a-eb51-5862-973d-d942b5915523,identity_crosswalk,"{""dataset_id"":""urn:uuid:97a5d5e6-c756-5fcf-8b1d-412402caace7"",""id"":""urn:uuid:42e9360a-eb51-5862-973d-d942b5915523"",""normalized_state"":""published"",""owner_authority_id"":""urn:uuid:7aa2ae30-7716-5b39-a47b-5ac2bdc9f035"",""owner_native_state"":""language_reviewed"",""payload"":{""cardinality"":""one_to_one"",""reverse_recipe"":""read native_module_id from projected unit payload"",""source_namespace"":""openstax-cnxml-module-id/elementary-algebra-2e/id-ID/v1.0.3"",""source_record_id"":""m82527"",""source_record_sha256"":""32de908cb3b2c0df630b0a0ed3221088461e6aead84a38bda4ddd4ff055e9801"",""source_record_type"":""cnxml_module"",""target_namespace"":""bca57508-5164-54eb-8cb9-219c7707a38a"",""target_record_id"":""urn:uuid:e445653a-4f06-5a79-85c6-4cc598917464"",""target_record_type"":""unit""},""record_type"":""identity_crosswalk"",""recorded_at"":""2026-09-06T00:00:00Z"",""semantic_key"":""a10:crosswalk:m82527""}"
tables/identity_crosswalks.jsonl,64,urn:uuid:45993bbb-73c4-543b-9f66-f87d832863fe,identity_crosswalk,"{""dataset_id"":""urn:uuid:97a5d5e6-c756-5fcf-8b1d-412402caace7"",""id"":""urn:uuid:45993bbb-73c4-543b-9f66-f87d832863fe"",""normalized_state"":""published"",""owner_authority_id"":""urn:uuid:7aa2ae30-7716-5b39-a47b-5ac2bdc9f035"",""owner_native_state"":""language_reviewed"",""payload"":{""cardinality"":""one_to_one"",""reverse_recipe"":""read native_module_id from projected unit payload"",""source_namespace"":""openstax-cnxml-module-id/elementary-algebra-2e/id-ID/v1.0.3"",""source_record_id"":""m82545"",""source_record_sha256"":""0b06e6805c80600a1d8e5257f0a96ccb0ffde447796caba10dc4629ac270aca8"",""source_record_type"":""cnxml_module"",""target_namespace"":""bca57508-5164-54eb-8cb9-219c7707a38a"",""target_record_id"":""urn:uuid:d647a6ea-657f-5fdb-b81f-781172a7df89"",""target_record_type"":""unit""},""record_type"":""identity_crosswalk"",""recorded_at"":""2026-09-06T00:00:00Z"",""semantic_key"":""a10:crosswalk:m82545""}"
tables/identity_crosswalks.jsonl,1,urn:uuid:45bc59c1-84e1-5359-a804-f94909fd4809,identity_crosswalk,"{""dataset_id"":""urn:uuid:97a5d5e6-c756-5fcf-8b1d-412402caace7"",""id"":""urn:uuid:45bc59c1-84e1-5359-a804-f94909fd4809"",""normalized_state"":""published"",""owner_authority_id"":""urn:uuid:7aa2ae30-7716-5b39-a47b-5ac2bdc9f035"",""owner_native_state"":""language_reviewed"",""payload"":{""cardinality"":""one_to_one"",""reverse_recipe"":""read native_module_id from projected unit payload"",""source_namespace"":""openstax-cnxml-module-id/elementary-algebra-2e/id-ID/v1.0.3"",""source_record_id"":""m82451"",""source_record_sha256"":""3e16907bd26f3cf1cafb2ff60eadabff499f59a1f9484ce45759d2ae99cea867"",""source_record_type"":""cnxml_module"",""target_namespace"":""bca57508-5164-54eb-8cb9-219c7707a38a"",""target_record_id"":""urn:uuid:0ffcf84b-132d-5245-91d5-50bbd42ce00a"",""target_record_type"":""unit""},""record_type"":""identity_crosswalk"",""recorded_at"":""2026-09-06T00:00:00Z"",""semantic_key"":""a10:crosswalk:m82451""}"
tables/identity_crosswalks.jsonl,47,urn:uuid:4c1ba306-0981-5d28-819b-ca139d02d941,identity_crosswalk,"{""dataset_id"":""urn:uuid:97a5d5e6-c756-5fcf-8b1d-412402caace7"",""id"":""urn:uuid:4c1ba306-0981-5d28-819b-ca139d02d941"",""normalized_state"":""published"",""owner_authority_id"":""urn:uuid:7aa2ae30-7716-5b39-a47b-5ac2bdc9f035"",""owner_native_state"":""language_reviewed"",""payload"":{""cardinality"":""one_to_one"",""reverse_recipe"":""read native_module_id from projected unit payload"",""source_namespace"":""openstax-cnxml-module-id/elementary-algebra-2e/id-ID/v1.0.3"",""source_record_id"":""m82509"",""source_record_sha256"":""b09b0bcf1ad15b1f01978c0af5566980101e88035f125cfaf322cdab1e76bc0e"",""source_record_type"":""cnxml_module"",""target_namespace"":""bca57508-5164-54eb-8cb9-219c7707a38a"",""target_record_id"":""urn:uuid:451d3f38-8d1e-5635-a540-da7c4b53fcb5"",""target_record_type"":""unit""},""record_type"":""identity_crosswalk"",""recorded_at"":""2026-09-06T00:00:00Z"",""semantic_key"":""a10:crosswalk:m82509""}"
tables/identity_crosswalks.jsonl,82,urn:uuid:4d3665f7-e86a-5461-82c4-6887c600281a,identity_crosswalk,"{""dataset_id"":""urn:uuid:97a5d5e6-c756-5fcf-8b1d-412402caace7"",""id"":""urn:uuid:4d3665f7-e86a-5461-82c4-6887c600281a"",""normalized_state"":""published"",""owner_authority_id"":""urn:uuid:7aa2ae30-7716-5b39-a47b-5ac2bdc9f035"",""owner_native_state"":""language_reviewed"",""payload"":{""cardinality"":""one_to_one"",""reverse_recipe"":""read native_module_id from projected unit payload"",""source_namespace"":""openstax-cnxml-module-id/elementary-algebra-2e/id-ID/v1.0.3"",""source_record_id"":""m82630"",""source_record_sha256"":""058baa7dfa8bba18694373c8ab48058a49ac4d98dd5b8e3a19822a37847ce173"",""source_record_type"":""cnxml_module"",""target_namespace"":""bca57508-5164-54eb-8cb9-219c7707a38a"",""target_record_id"":""urn:uuid:c49dc470-88fb-5b13-b15c-d21d22f7859d"",""target_record_type"":""unit""},""record_type"":""identity_crosswalk"",""recorded_at"":""2026-09-06T00:00:00Z"",""semantic_key"":""a10:crosswalk:m82630""}"
tables/identity_crosswalks.jsonl,35,urn:uuid:4daacd69-5a96-5821-bd61-ccb4cff00779,identity_crosswalk,"{""dataset_id"":""urn:uuid:97a5d5e6-c756-5fcf-8b1d-412402caace7"",""id"":""urn:uuid:4daacd69-5a96-5821-bd61-ccb4cff00779"",""normalized_state"":""published"",""owner_authority_id"":""urn:uuid:7aa2ae30-7716-5b39-a47b-5ac2bdc9f035"",""owner_native_state"":""language_reviewed"",""payload"":{""cardinality"":""one_to_one"",""reverse_recipe"":""read native_module_id from projected unit payload"",""source_namespace"":""openstax-cnxml-module-id/elementary-algebra-2e/id-ID/v1.0.3"",""source_record_id"":""m82489"",""source_record_sha256"":""123500cb68732b46fc38294660d47dd62e5959556421d30a9d5e88c8c6cfd537"",""source_record_type"":""cnxml_module"",""target_namespace"":""bca57508-5164-54eb-8cb9-219c7707a38a"",""target_record_id"":""urn:uuid:b5547cef-c574-57c5-b188-7a63f3835e07"",""target_record_type"":""unit""},""record_type"":""identity_crosswalk"",""recorded_at"":""2026-09-06T00:00:00Z"",""semantic_key"":""a10:crosswalk:m82489""}"
tables/identity_crosswalks.jsonl,36,urn:uuid:52f0da92-3dad-59ff-8088-7809d58ae988,identity_crosswalk,"{""dataset_id"":""urn:uuid:97a5d5e6-c756-5fcf-8b1d-412402caace7"",""id"":""urn:uuid:52f0da92-3dad-59ff-8088-7809d58ae988"",""normalized_state"":""published"",""owner_authority_id"":""urn:uuid:7aa2ae30-7716-5b39-a47b-5ac2bdc9f035"",""owner_native_state"":""language_reviewed"",""payload"":{""cardinality"":""one_to_one"",""reverse_recipe"":""read native_module_id from projected unit payload"",""source_namespace"":""openstax-cnxml-module-id/elementary-algebra-2e/id-ID/v1.0.3"",""source_record_id"":""m82490"",""source_record_sha256"":""b6151460fcf99a332fbf108f9dd2b90723a75dbf4bba69950585983812ac7144"",""source_record_type"":""cnxml_module"",""target_namespace"":""bca57508-5164-54eb-8cb9-219c7707a38a"",""target_record_id"":""urn:uuid:0b36fc6a-54c3-5076-b9d0-e3d74e2f5e35"",""target_record_type"":""unit""},""record_type"":""identity_crosswalk"",""recorded_at"":""2026-09-06T00:00:00Z"",""semantic_key"":""a10:crosswalk:m82490""}"
tables/identity_crosswalks.jsonl,60,urn:uuid:5353517b-13b1-5d53-952e-b0283481d217,identity_crosswalk,"{""dataset_id"":""urn:uuid:97a5d5e6-c756-5fcf-8b1d-412402caace7"",""id"":""urn:uuid:5353517b-13b1-5d53-952e-b0283481d217"",""normalized_state"":""published"",""owner_authority_id"":""urn:uuid:7aa2ae30-7716-5b39-a47b-5ac2bdc9f035"",""owner_native_state"":""language_reviewed"",""payload"":{""cardinality"":""one_to_one"",""reverse_recipe"":""read native_module_id from projected unit payload"",""source_namespace"":""openstax-cnxml-module-id/elementary-algebra-2e/id-ID/v1.0.3"",""source_record_id"":""m82538"",""source_record_sha256"":""94bb750f3c1550c0d3d4164cb891e59af50054940d77e7dbb7f39ee21fb771c3"",""source_record_type"":""cnxml_module"",""target_namespace"":""bca57508-5164-54eb-8cb9-219c7707a38a"",""target_record_id"":""urn:uuid:16ab80f9-f1e9-54e3-b389-371337db52c5"",""target_record_type"":""unit""},""record_type"":""identity_crosswalk"",""recorded_at"":""2026-09-06T00:00:00Z"",""semantic_key"":""a10:crosswalk:m82538""}"
tables/identity_crosswalks.jsonl,30,urn:uuid:544e32b3-32c2-51df-83d1-edf87e0e041e,identity_crosswalk,"{""dataset_id"":""urn:uuid:97a5d5e6-c756-5fcf-8b1d-412402caace7"",""id"":""urn:uuid:544e32b3-32c2-51df-83d1-edf87e0e041e"",""normalized_state"":""published"",""owner_authority_id"":""urn:uuid:7aa2ae30-7716-5b39-a47b-5ac2bdc9f035"",""owner_native_state"":""language_reviewed"",""payload"":{""cardinality"":""one_to_one"",""reverse_recipe"":""read native_module_id from projected unit payload"",""source_namespace"":""openstax-cnxml-module-id/elementary-algebra-2e/id-ID/v1.0.3"",""source_record_id"":""m82482"",""source_record_sha256"":""21def3fe5079f9a59270fd1c1e629f9d22fb7903ca9b6e00fc0af1aab3ce33f0"",""source_record_type"":""cnxml_module"",""target_namespace"":""bca57508-5164-54eb-8cb9-219c7707a38a"",""target_record_id"":""urn:uuid:d75ac988-b9d3-5541-b495-807466bd8d71"",""target_record_type"":""unit""},""record_type"":""identity_crosswalk"",""recorded_at"":""2026-09-06T00:00:00Z"",""semantic_key"":""a10:crosswalk:m82482""}"
tables/identity_crosswalks.jsonl,70,urn:uuid:554191cb-73be-56d5-8c12-497a3f7c0468,identity_crosswalk,"{""dataset_id"":""urn:uuid:97a5d5e6-c756-5fcf-8b1d-412402caace7"",""id"":""urn:uuid:554191cb-73be-56d5-8c12-497a3f7c0468"",""normalized_state"":""published"",""owner_authority_id"":""urn:uuid:7aa2ae30-7716-5b39-a47b-5ac2bdc9f035"",""owner_native_state"":""language_reviewed"",""payload"":{""cardinality"":""one_to_one"",""reverse_recipe"":""read native_module_id from projected unit payload"",""source_namespace"":""openstax-cnxml-module-id/elementary-algebra-2e/id-ID/v1.0.3"",""source_record_id"":""m82552"",""source_record_sha256"":""9db720ace24182557b7c034e7c2c97e0b83241523cc512a8d6e86e5bf227a760"",""source_record_type"":""cnxml_module"",""target_namespace"":""bca57508-5164-54eb-8cb9-219c7707a38a"",""target_record_id"":""urn:uuid:7ae17e04-bf99-5bd4-bd1b-aa0e4129ff67"",""target_record_type"":""unit""},""record_type"":""identity_crosswalk"",""recorded_at"":""2026-09-06T00:00:00Z"",""semantic_key"":""a10:crosswalk:m82552""}"
tables/identity_crosswalks.jsonl,46,urn:uuid:5a2d36bd-5f92-5f54-b3cb-fbf7db9a09a1,identity_crosswalk,"{""dataset_id"":""urn:uuid:97a5d5e6-c756-5fcf-8b1d-412402caace7"",""id"":""urn:uuid:5a2d36bd-5f92-5f54-b3cb-fbf7db9a09a1"",""normalized_state"":""published"",""owner_authority_id"":""urn:uuid:7aa2ae30-7716-5b39-a47b-5ac2bdc9f035"",""owner_native_state"":""language_reviewed"",""payload"":{""cardinality"":""one_to_one"",""reverse_recipe"":""read native_module_id from projected unit payload"",""source_namespace"":""openstax-cnxml-module-id/elementary-algebra-2e/id-ID/v1.0.3"",""source_record_id"":""m82508"",""source_record_sha256"":""bc3247b19d02e763bc72ea8a03581aa22827111eea8a542027d6e52580260827"",""source_record_type"":""cnxml_module"",""target_namespace"":""bca57508-5164-54eb-8cb9-219c7707a38a"",""target_record_id"":""urn:uuid:64bb8a0d-da3c-56c2-9336-87354b0bc173"",""target_record_type"":""unit""},""record_type"":""identity_crosswalk"",""recorded_at"":""2026-09-06T00:00:00Z"",""semantic_key"":""a10:crosswalk:m82508""}"
tables/identity_crosswalks.jsonl,24,urn:uuid:5dcd6a64-4f94-5422-becd-f2ac4ff119d2,identity_crosswalk,"{""dataset_id"":""urn:uuid:97a5d5e6-c756-5fcf-8b1d-412402caace7"",""id"":""urn:uuid:5dcd6a64-4f94-5422-becd-f2ac4ff119d2"",""normalized_state"":""published"",""owner_authority_id"":""urn:uuid:7aa2ae30-7716-5b39-a47b-5ac2bdc9f035"",""owner_native_state"":""language_reviewed"",""payload"":{""cardinality"":""one_to_one"",""reverse_recipe"":""read native_module_id from projected unit payload"",""source_namespace"":""openstax-cnxml-module-id/elementary-algebra-2e/id-ID/v1.0.3"",""source_record_id"":""m82476"",""source_record_sha256"":""07cd5b14032e455531716ad0a47f417984a5dbdd2eded39b9b2fd2322df08c2b"",""source_record_type"":""cnxml_module"",""target_namespace"":""bca57508-5164-54eb-8cb9-219c7707a38a"",""target_record_id"":""urn:uuid:13ac7579-67f7-5d69-b48d-7f5260bbeea7"",""target_record_type"":""unit""},""record_type"":""identity_crosswalk"",""recorded_at"":""2026-09-06T00:00:00Z"",""semantic_key"":""a10:crosswalk:m82476""}"
tables/identity_crosswalks.jsonl,56,urn:uuid:618888f1-e498-5e2c-bb18-c64ee09da723,identity_crosswalk,"{""dataset_id"":""urn:uuid:97a5d5e6-c756-5fcf-8b1d-412402caace7"",""id"":""urn:uuid:618888f1-e498-5e2c-bb18-c64ee09da723"",""normalized_state"":""published"",""owner_authority_id"":""urn:uuid:7aa2ae30-7716-5b39-a47b-5ac2bdc9f035"",""owner_native_state"":""language_reviewed"",""payload"":{""cardinality"":""one_to_one"",""reverse_recipe"":""read native_module_id from projected unit payload"",""source_namespace"":""openstax-cnxml-module-id/elementary-algebra-2e/id-ID/v1.0.3"",""source_record_id"":""m82533"",""source_record_sha256"":""0d0a0e9d012ea3cc6fd26e3f3aecce29ce04137a2a6e2564fd9b30cc5a89796d"",""source_record_type"":""cnxml_module"",""target_namespace"":""bca57508-5164-54eb-8cb9-219c7707a38a"",""target_record_id"":""urn:uuid:17a1095f-ca7c-5140-94a2-8bfef48d2f78"",""target_record_type"":""unit""},""record_type"":""identity_crosswalk"",""recorded_at"":""2026-09-06T00:00:00Z"",""semantic_key"":""a10:crosswalk:m82533""}"
tables/identity_crosswalks.jsonl,48,urn:uuid:66a9a965-4f7a-531a-bc4b-618921838f64,identity_crosswalk,"{""dataset_id"":""urn:uuid:97a5d5e6-c756-5fcf-8b1d-412402caace7"",""id"":""urn:uuid:66a9a965-4f7a-531a-bc4b-618921838f64"",""normalized_state"":""published"",""owner_authority_id"":""urn:uuid:7aa2ae30-7716-5b39-a47b-5ac2bdc9f035"",""owner_native_state"":""language_reviewed"",""payload"":{""cardinality"":""one_to_one"",""reverse_recipe"":""read native_module_id from projected unit payload"",""source_namespace"":""openstax-cnxml-module-id/elementary-algebra-2e/id-ID/v1.0.3"",""source_record_id"":""m82513"",""source_record_sha256"":""5663abd8d4ccfd3a4ac280f5d1aac303d578b420edf8ebe1541ae2cf687a0482"",""source_record_type"":""cnxml_module"",""target_namespace"":""bca57508-5164-54eb-8cb9-219c7707a38a"",""target_record_id"":""urn:uuid:6e599efd-1f76-561c-8e85-066e78a80060"",""target_record_type"":""unit""},""record_type"":""identity_crosswalk"",""recorded_at"":""2026-09-06T00:00:00Z"",""semantic_key"":""a10:crosswalk:m82513""}"
tables/identity_crosswalks.jsonl,53,urn:uuid:6fdbbba3-d3a5-591c-9a85-3df98da877ac,identity_crosswalk,"{""dataset_id"":""urn:uuid:97a5d5e6-c756-5fcf-8b1d-412402caace7"",""id"":""urn:uuid:6fdbbba3-d3a5-591c-9a85-3df98da877ac"",""normalized_state"":""published"",""owner_authority_id"":""urn:uuid:7aa2ae30-7716-5b39-a47b-5ac2bdc9f035"",""owner_native_state"":""language_reviewed"",""payload"":{""cardinality"":""one_to_one"",""reverse_recipe"":""read native_module_id from projected unit payload"",""source_namespace"":""openstax-cnxml-module-id/elementary-algebra-2e/id-ID/v1.0.3"",""source_record_id"":""m82530"",""source_record_sha256"":""ca200cc20d9dabb3fd8bd23e558a5a9b0db9a48ec66ff558a1bb1cd23d5d61a5"",""source_record_type"":""cnxml_module"",""target_namespace"":""bca57508-5164-54eb-8cb9-219c7707a38a"",""target_record_id"":""urn:uuid:673aaa87-0271-5888-9eae-8a5f20155db7"",""target_record_type"":""unit""},""record_type"":""identity_crosswalk"",""recorded_at"":""2026-09-06T00:00:00Z"",""semantic_key"":""a10:crosswalk:m82530""}"
tables/identity_crosswalks.jsonl,31,urn:uuid:7245380e-ded7-54a8-95fa-4f99c97bff91,identity_crosswalk,"{""dataset_id"":""urn:uuid:97a5d5e6-c756-5fcf-8b1d-412402caace7"",""id"":""urn:uuid:7245380e-ded7-54a8-95fa-4f99c97bff91"",""normalized_state"":""published"",""owner_authority_id"":""urn:uuid:7aa2ae30-7716-5b39-a47b-5ac2bdc9f035"",""owner_native_state"":""language_reviewed"",""payload"":{""cardinality"":""one_to_one"",""reverse_recipe"":""read native_module_id from projected unit payload"",""source_namespace"":""openstax-cnxml-module-id/elementary-algebra-2e/id-ID/v1.0.3"",""source_record_id"":""m82483"",""source_record_sha256"":""d84850f92c9bcd96458b03d02991452b92b1501db7df39112e5cd412e33b4aad"",""source_record_type"":""cnxml_module"",""target_namespace"":""bca57508-5164-54eb-8cb9-219c7707a38a"",""target_record_id"":""urn:uuid:6af1b6ab-65ea-5418-a14d-c7687efbaef8"",""target_record_type"":""unit""},""record_type"":""identity_crosswalk"",""recorded_at"":""2026-09-06T00:00:00Z"",""semantic_key"":""a10:crosswalk:m82483""}"
tables/identity_crosswalks.jsonl,11,urn:uuid:74512173-3fd3-5a88-a750-cf327c70ac63,identity_crosswalk,"{""dataset_id"":""urn:uuid:97a5d5e6-c756-5fcf-8b1d-412402caace7"",""id"":""urn:uuid:74512173-3fd3-5a88-a750-cf327c70ac63"",""normalized_state"":""published"",""owner_authority_id"":""urn:uuid:7aa2ae30-7716-5b39-a47b-5ac2bdc9f035"",""owner_native_state"":""language_reviewed"",""payload"":{""cardinality"":""one_to_one"",""reverse_recipe"":""read native_module_id from projected unit payload"",""source_namespace"":""openstax-cnxml-module-id/elementary-algebra-2e/id-ID/v1.0.3"",""source_record_id"":""m82461"",""source_record_sha256"":""4efb4587111b98901535b23a91b7c6529bf50dc324091adba2c1488c5310f0c1"",""source_record_type"":""cnxml_module"",""target_namespace"":""bca57508-5164-54eb-8cb9-219c7707a38a"",""target_record_id"":""urn:uuid:38baa4f4-20e9-54f3-bc07-a01809657824"",""target_record_type"":""unit""},""record_type"":""identity_crosswalk"",""recorded_at"":""2026-09-06T00:00:00Z"",""semantic_key"":""a10:crosswalk:m82461""}"
tables/identity_crosswalks.jsonl,66,urn:uuid:789726be-d4f9-5cb5-9995-0fbca125dbf2,identity_crosswalk,"{""dataset_id"":""urn:uuid:97a5d5e6-c756-5fcf-8b1d-412402caace7"",""id"":""urn:uuid:789726be-d4f9-5cb5-9995-0fbca125dbf2"",""normalized_state"":""published"",""owner_authority_id"":""urn:uuid:7aa2ae30-7716-5b39-a47b-5ac2bdc9f035"",""owner_native_state"":""language_reviewed"",""payload"":{""cardinality"":""one_to_one"",""reverse_recipe"":""read native_module_id from projected unit payload"",""source_namespace"":""openstax-cnxml-module-id/elementary-algebra-2e/id-ID/v1.0.3"",""source_record_id"":""m82547"",""source_record_sha256"":""7ef8d16df52bbb59e96c004ba63f760aa522cdd8bae7fb26980a5ba8e15977da"",""source_record_type"":""cnxml_module"",""target_namespace"":""bca57508-5164-54eb-8cb9-219c7707a38a"",""target_record_id"":""urn:uuid:355403c8-559f-57e6-be7c-4c2b7ceb0b01"",""target_record_type"":""unit""},""record_type"":""identity_crosswalk"",""recorded_at"":""2026-09-06T00:00:00Z"",""semantic_key"":""a10:crosswalk:m82547""}"
tables/identity_crosswalks.jsonl,63,urn:uuid:7e414cc5-bad7-5fcd-839e-48913c8d99ee,identity_crosswalk,"{""dataset_id"":""urn:uuid:97a5d5e6-c756-5fcf-8b1d-412402caace7"",""id"":""urn:uuid:7e414cc5-bad7-5fcd-839e-48913c8d99ee"",""normalized_state"":""published"",""owner_authority_id"":""urn:uuid:7aa2ae30-7716-5b39-a47b-5ac2bdc9f035"",""owner_native_state"":""language_reviewed"",""payload"":{""cardinality"":""one_to_one"",""reverse_recipe"":""read native_module_id from projected unit payload"",""source_namespace"":""openstax-cnxml-module-id/elementary-algebra-2e/id-ID/v1.0.3"",""source_record_id"":""m82544"",""source_record_sha256"":""27a3d89c24a1f43dddda40fcb5a14298064aeadabb64b868a53498f12abfbb09"",""source_record_type"":""cnxml_module"",""target_namespace"":""bca57508-5164-54eb-8cb9-219c7707a38a"",""target_record_id"":""urn:uuid:c54d2c6b-e42a-5092-8527-505e64d58766"",""target_record_type"":""unit""},""record_type"":""identity_crosswalk"",""recorded_at"":""2026-09-06T00:00:00Z"",""semantic_key"":""a10:crosswalk:m82544""}"
tables/identity_crosswalks.jsonl,4,urn:uuid:7f5634e5-a5e4-515c-a665-59d75e079ce9,identity_crosswalk,"{""dataset_id"":""urn:uuid:97a5d5e6-c756-5fcf-8b1d-412402caace7"",""id"":""urn:uuid:7f5634e5-a5e4-515c-a665-59d75e079ce9"",""normalized_state"":""published"",""owner_authority_id"":""urn:uuid:7aa2ae30-7716-5b39-a47b-5ac2bdc9f035"",""owner_native_state"":""language_reviewed"",""payload"":{""cardinality"":""one_to_one"",""reverse_recipe"":""read native_module_id from projected unit payload"",""source_namespace"":""openstax-cnxml-module-id/elementary-algebra-2e/id-ID/v1.0.3"",""source_record_id"":""m82454"",""source_record_sha256"":""ede8157161289e464398755e467394b8c7d446d147a5603c90f20544da6b0973"",""source_record_type"":""cnxml_module"",""target_namespace"":""bca57508-5164-54eb-8cb9-219c7707a38a"",""target_record_id"":""urn:uuid:14bf068d-11e1-5704-924c-a67c19b05da3"",""target_record_type"":""unit""},""record_type"":""identity_crosswalk"",""recorded_at"":""2026-09-06T00:00:00Z"",""semantic_key"":""a10:crosswalk:m82454""}"
tables/identity_crosswalks.jsonl,78,urn:uuid:7f8b6e35-747d-52c1-ad58-921196f76b0b,identity_crosswalk,"{""dataset_id"":""urn:uuid:97a5d5e6-c756-5fcf-8b1d-412402caace7"",""id"":""urn:uuid:7f8b6e35-747d-52c1-ad58-921196f76b0b"",""normalized_state"":""published"",""owner_authority_id"":""urn:uuid:7aa2ae30-7716-5b39-a47b-5ac2bdc9f035"",""owner_native_state"":""language_reviewed"",""payload"":{""cardinality"":""one_to_one"",""reverse_recipe"":""read native_module_id from projected unit payload"",""source_namespace"":""openstax-cnxml-module-id/elementary-algebra-2e/id-ID/v1.0.3"",""source_record_id"":""m82560"",""source_record_sha256"":""eb64bad26f388ce8b75bb2f465691c35449464e35bfcae58eb30d03bac1331f9"",""source_record_type"":""cnxml_module"",""target_namespace"":""bca57508-5164-54eb-8cb9-219c7707a38a"",""target_record_id"":""urn:uuid:218c44d4-c056-520d-bb50-8b0eb24a1289"",""target_record_type"":""unit""},""record_type"":""identity_crosswalk"",""recorded_at"":""2026-09-06T00:00:00Z"",""semantic_key"":""a10:crosswalk:m82560""}"
tables/identity_crosswalks.jsonl,45,urn:uuid:801466a2-2d82-5d8b-a120-5849f968c786,identity_crosswalk,"{""dataset_id"":""urn:uuid:97a5d5e6-c756-5fcf-8b1d-412402caace7"",""id"":""urn:uuid:801466a2-2d82-5d8b-a120-5849f968c786"",""normalized_state"":""published"",""owner_authority_id"":""urn:uuid:7aa2ae30-7716-5b39-a47b-5ac2bdc9f035"",""owner_native_state"":""language_reviewed"",""payload"":{""cardinality"":""one_to_one"",""reverse_recipe"":""read native_module_id from projected unit payload"",""source_namespace"":""openstax-cnxml-module-id/elementary-algebra-2e/id-ID/v1.0.3"",""source_record_id"":""m82507"",""source_record_sha256"":""f4edf33ce3c661463f9302aea018032fc49aec0c78898968f69a6b70050e2157"",""source_record_type"":""cnxml_module"",""target_namespace"":""bca57508-5164-54eb-8cb9-219c7707a38a"",""target_record_id"":""urn:uuid:710de277-f863-55ee-ab65-0ed6e8a6156a"",""target_record_type"":""unit""},""record_type"":""identity_crosswalk"",""recorded_at"":""2026-09-06T00:00:00Z"",""semantic_key"":""a10:crosswalk:m82507""}"
tables/identity_crosswalks.jsonl,27,urn:uuid:8302f4f2-8d74-5e6e-b6dd-d43f7430b572,identity_crosswalk,"{""dataset_id"":""urn:uuid:97a5d5e6-c756-5fcf-8b1d-412402caace7"",""id"":""urn:uuid:8302f4f2-8d74-5e6e-b6dd-d43f7430b572"",""normalized_state"":""published"",""owner_authority_id"":""urn:uuid:7aa2ae30-7716-5b39-a47b-5ac2bdc9f035"",""owner_native_state"":""language_reviewed"",""payload"":{""cardinality"":""one_to_one"",""reverse_recipe"":""read native_module_id from projected unit payload"",""source_namespace"":""openstax-cnxml-module-id/elementary-algebra-2e/id-ID/v1.0.3"",""source_record_id"":""m82479"",""source_record_sha256"":""07c047f225583ac68edafec324e9ea4f369731af2be1f98ac3fe28158f021cf2"",""source_record_type"":""cnxml_module"",""target_namespace"":""bca57508-5164-54eb-8cb9-219c7707a38a"",""target_record_id"":""urn:uuid:59c578de-6d6f-52f8-b5f9-69e5fb36324e"",""target_record_type"":""unit""},""record_type"":""identity_crosswalk"",""recorded_at"":""2026-09-06T00:00:00Z"",""semantic_key"":""a10:crosswalk:m82479""}"
tables/identity_crosswalks.jsonl,75,urn:uuid:89d18379-9c35-5073-89ec-87ddef44ede5,identity_crosswalk,"{""dataset_id"":""urn:uuid:97a5d5e6-c756-5fcf-8b1d-412402caace7"",""id"":""urn:uuid:89d18379-9c35-5073-89ec-87ddef44ede5"",""normalized_state"":""published"",""owner_authority_id"":""urn:uuid:7aa2ae30-7716-5b39-a47b-5ac2bdc9f035"",""owner_native_state"":""language_reviewed"",""payload"":{""cardinality"":""one_to_one"",""reverse_recipe"":""read native_module_id from projected unit payload"",""source_namespace"":""openstax-cnxml-module-id/elementary-algebra-2e/id-ID/v1.0.3"",""source_record_id"":""m82557"",""source_record_sha256"":""a11fc5bd5f8173f04df5d8d1c63f8189163e52447a48af24162ee86408100a64"",""source_record_type"":""cnxml_module"",""target_namespace"":""bca57508-5164-54eb-8cb9-219c7707a38a"",""target_record_id"":""urn:uuid:2b633225-7780-55c7-aaa4-ae87b7699790"",""target_record_type"":""unit""},""record_type"":""identity_crosswalk"",""recorded_at"":""2026-09-06T00:00:00Z"",""semantic_key"":""a10:crosswalk:m82557""}"
tables/identity_crosswalks.jsonl,7,urn:uuid:8a1d76cc-2879-55b6-903e-4d97a7e35fa9,identity_crosswalk,"{""dataset_id"":""urn:uuid:97a5d5e6-c756-5fcf-8b1d-412402caace7"",""id"":""urn:uuid:8a1d76cc-2879-55b6-903e-4d97a7e35fa9"",""normalized_state"":""published"",""owner_authority_id"":""urn:uuid:7aa2ae30-7716-5b39-a47b-5ac2bdc9f035"",""owner_native_state"":""language_reviewed"",""payload"":{""cardinality"":""one_to_one"",""reverse_recipe"":""read native_module_id from projected unit payload"",""source_namespace"":""openstax-cnxml-module-id/elementary-algebra-2e/id-ID/v1.0.3"",""source_record_id"":""m82457"",""source_record_sha256"":""f47ddb03cd301ff18829ac50d26d06af99f20d73a3288ecf00196e0c2e6e0466"",""source_record_type"":""cnxml_module"",""target_namespace"":""bca57508-5164-54eb-8cb9-219c7707a38a"",""target_record_id"":""urn:uuid:fd0d1fe2-c7b1-59ea-83a3-2548556bf22b"",""target_record_type"":""unit""},""record_type"":""identity_crosswalk"",""recorded_at"":""2026-09-06T00:00:00Z"",""semantic_key"":""a10:crosswalk:m82457""}"
tables/identity_crosswalks.jsonl,20,urn:uuid:8b218a21-e664-52ac-97b7-00bcf33b0ea9,identity_crosswalk,"{""dataset_id"":""urn:uuid:97a5d5e6-c756-5fcf-8b1d-412402caace7"",""id"":""urn:uuid:8b218a21-e664-52ac-97b7-00bcf33b0ea9"",""normalized_state"":""published"",""owner_authority_id"":""urn:uuid:7aa2ae30-7716-5b39-a47b-5ac2bdc9f035"",""owner_native_state"":""language_reviewed"",""payload"":{""cardinality"":""one_to_one"",""reverse_recipe"":""read native_module_id from projected unit payload"",""source_namespace"":""openstax-cnxml-module-id/elementary-algebra-2e/id-ID/v1.0.3"",""source_record_id"":""m82471"",""source_record_sha256"":""916324526c9f1d26742f8031dd17ce2e5f1cfddff1226b9acd85482f2883fcf8"",""source_record_type"":""cnxml_module"",""target_namespace"":""bca57508-5164-54eb-8cb9-219c7707a38a"",""target_record_id"":""urn:uuid:18878f6f-af80-5678-9a43-7841dd5b5e95"",""target_record_type"":""unit""},""record_type"":""identity_crosswalk"",""recorded_at"":""2026-09-06T00:00:00Z"",""semantic_key"":""a10:crosswalk:m82471""}"
tables/identity_crosswalks.jsonl,67,urn:uuid:905798bd-093c-5f98-a110-c341c0c95a4f,identity_crosswalk,"{""dataset_id"":""urn:uuid:97a5d5e6-c756-5fcf-8b1d-412402caace7"",""id"":""urn:uuid:905798bd-093c-5f98-a110-c341c0c95a4f"",""normalized_state"":""published"",""owner_authority_id"":""urn:uuid:7aa2ae30-7716-5b39-a47b-5ac2bdc9f035"",""owner_native_state"":""language_reviewed"",""payload"":{""cardinality"":""one_to_one"",""reverse_recipe"":""read native_module_id from projected unit payload"",""source_namespace"":""openstax-cnxml-module-id/elementary-algebra-2e/id-ID/v1.0.3"",""source_record_id"":""m82548"",""source_record_sha256"":""3e180ee4948d8d9f74a0e3826e649f2adefed692508f10ffdfa690bd565b6c21"",""source_record_type"":""cnxml_module"",""target_namespace"":""bca57508-5164-54eb-8cb9-219c7707a38a"",""target_record_id"":""urn:uuid:3675263f-c202-52a1-8d8a-03ac52e701ac"",""target_record_type"":""unit""},""record_type"":""identity_crosswalk"",""recorded_at"":""2026-09-06T00:00:00Z"",""semantic_key"":""a10:crosswalk:m82548""}"
tables/identity_crosswalks.jsonl,39,urn:uuid:909fb6e3-7d58-591f-b4c7-1529dc7611b7,identity_crosswalk,"{""dataset_id"":""urn:uuid:97a5d5e6-c756-5fcf-8b1d-412402caace7"",""id"":""urn:uuid:909fb6e3-7d58-591f-b4c7-1529dc7611b7"",""normalized_state"":""published"",""owner_authority_id"":""urn:uuid:7aa2ae30-7716-5b39-a47b-5ac2bdc9f035"",""owner_native_state"":""language_reviewed"",""payload"":{""cardinality"":""one_to_one"",""reverse_recipe"":""read native_module_id from projected unit payload"",""source_namespace"":""openstax-cnxml-module-id/elementary-algebra-2e/id-ID/v1.0.3"",""source_record_id"":""m82497"",""source_record_sha256"":""a1f45936f3082257f36d1af9f400f337d941ecbe9afa114745a27f93e2f0e352"",""source_record_type"":""cnxml_module"",""target_namespace"":""bca57508-5164-54eb-8cb9-219c7707a38a"",""target_record_id"":""urn:uuid:0d063f43-6543-58b6-b7c4-0c50edf24074"",""target_record_type"":""unit""},""record_type"":""identity_crosswalk"",""recorded_at"":""2026-09-06T00:00:00Z"",""semantic_key"":""a10:crosswalk:m82497""}"
tables/identity_crosswalks.jsonl,57,urn:uuid:a218cca6-7692-586c-af7c-b1e6032e5522,identity_crosswalk,"{""dataset_id"":""urn:uuid:97a5d5e6-c756-5fcf-8b1d-412402caace7"",""id"":""urn:uuid:a218cca6-7692-586c-af7c-b1e6032e5522"",""normalized_state"":""published"",""owner_authority_id"":""urn:uuid:7aa2ae30-7716-5b39-a47b-5ac2bdc9f035"",""owner_native_state"":""language_reviewed"",""payload"":{""cardinality"":""one_to_one"",""reverse_recipe"":""read native_module_id from projected unit payload"",""source_namespace"":""openstax-cnxml-module-id/elementary-algebra-2e/id-ID/v1.0.3"",""source_record_id"":""m82534"",""source_record_sha256"":""f05ee9324caf172fc7d2fa69d83e1f5667b4c057d5a37c4c91834acb9c7b4aae"",""source_record_type"":""cnxml_module"",""target_namespace"":""bca57508-5164-54eb-8cb9-219c7707a38a"",""target_record_id"":""urn:uuid:9d104732-deeb-520b-952d-2578f4b9e835"",""target_record_type"":""unit""},""record_type"":""identity_crosswalk"",""recorded_at"":""2026-09-06T00:00:00Z"",""semantic_key"":""a10:crosswalk:m82534""}"
tables/identity_crosswalks.jsonl,80,urn:uuid:a32c0d94-eb06-5e44-90e1-b0c170f5576c,identity_crosswalk,"{""dataset_id"":""urn:uuid:97a5d5e6-c756-5fcf-8b1d-412402caace7"",""id"":""urn:uuid:a32c0d94-eb06-5e44-90e1-b0c170f5576c"",""normalized_state"":""published"",""owner_authority_id"":""urn:uuid:7aa2ae30-7716-5b39-a47b-5ac2bdc9f035"",""owner_native_state"":""language_reviewed"",""payload"":{""cardinality"":""one_to_one"",""reverse_recipe"":""read native_module_id from projected unit payload"",""source_namespace"":""openstax-cnxml-module-id/elementary-algebra-2e/id-ID/v1.0.3"",""source_record_id"":""m82564"",""source_record_sha256"":""fbdba37d1aa845ed400425467d22edecaae4ca27744567447c415963b7a21fb9"",""source_record_type"":""cnxml_module"",""target_namespace"":""bca57508-5164-54eb-8cb9-219c7707a38a"",""target_record_id"":""urn:uuid:cf8fc5c8-3879-5d84-b664-6ca66516b7f0"",""target_record_type"":""unit""},""record_type"":""identity_crosswalk"",""recorded_at"":""2026-09-06T00:00:00Z"",""semantic_key"":""a10:crosswalk:m82564""}"
tables/identity_crosswalks.jsonl,72,urn:uuid:a6adeaf0-be46-5f89-a8f9-301043ee7627,identity_crosswalk,"{""dataset_id"":""urn:uuid:97a5d5e6-c756-5fcf-8b1d-412402caace7"",""id"":""urn:uuid:a6adeaf0-be46-5f89-a8f9-301043ee7627"",""normalized_state"":""published"",""owner_authority_id"":""urn:uuid:7aa2ae30-7716-5b39-a47b-5ac2bdc9f035"",""owner_native_state"":""language_reviewed"",""payload"":{""cardinality"":""one_to_one"",""reverse_recipe"":""read native_module_id from projected unit payload"",""source_namespace"":""openstax-cnxml-module-id/elementary-algebra-2e/id-ID/v1.0.3"",""source_record_id"":""m82554"",""source_record_sha256"":""bd98979f9f1d4c6b7c41b377f4e76cf0ae4df3fe362da8c3c1d671580c9fec18"",""source_record_type"":""cnxml_module"",""target_namespace"":""bca57508-5164-54eb-8cb9-219c7707a38a"",""target_record_id"":""urn:uuid:9e6b7b22-c59e-5600-a74f-7f6c8e486197"",""target_record_type"":""unit""},""record_type"":""identity_crosswalk"",""recorded_at"":""2026-09-06T00:00:00Z"",""semantic_key"":""a10:crosswalk:m82554""}"
tables/identity_crosswalks.jsonl,65,urn:uuid:a82f6f60-6ff3-565b-9952-1102a2180149,identity_crosswalk,"{""dataset_id"":""urn:uuid:97a5d5e6-c756-5fcf-8b1d-412402caace7"",""id"":""urn:uuid:a82f6f60-6ff3-565b-9952-1102a2180149"",""normalized_state"":""published"",""owner_authority_id"":""urn:uuid:7aa2ae30-7716-5b39-a47b-5ac2bdc9f035"",""owner_native_state"":""language_reviewed"",""payload"":{""cardinality"":""one_to_one"",""reverse_recipe"":""read native_module_id from projected unit payload"",""source_namespace"":""openstax-cnxml-module-id/elementary-algebra-2e/id-ID/v1.0.3"",""source_record_id"":""m82546"",""source_record_sha256"":""2f132fc7a40ffc4895d505530ea902b9f80ac4f926be0db9088b1b437d576e2d"",""source_record_type"":""cnxml_module"",""target_namespace"":""bca57508-5164-54eb-8cb9-219c7707a38a"",""target_record_id"":""urn:uuid:9d4d115c-4f3a-579a-b696-693542ea6f10"",""target_record_type"":""unit""},""record_type"":""identity_crosswalk"",""recorded_at"":""2026-09-06T00:00:00Z"",""semantic_key"":""a10:crosswalk:m82546""}"
tables/identity_crosswalks.jsonl,16,urn:uuid:a9ea6062-057d-5aa3-8ae7-0f1364bbe943,identity_crosswalk,"{""dataset_id"":""urn:uuid:97a5d5e6-c756-5fcf-8b1d-412402caace7"",""id"":""urn:uuid:a9ea6062-057d-5aa3-8ae7-0f1364bbe943"",""normalized_state"":""published"",""owner_authority_id"":""urn:uuid:7aa2ae30-7716-5b39-a47b-5ac2bdc9f035"",""owner_native_state"":""language_reviewed"",""payload"":{""cardinality"":""one_to_one"",""reverse_recipe"":""read native_module_id from projected unit payload"",""source_namespace"":""openstax-cnxml-module-id/elementary-algebra-2e/id-ID/v1.0.3"",""source_record_id"":""m82467"",""source_record_sha256"":""1e99ed4a0cf8687c6e641903907041b97e5fd9a62665957828510ea3ce16cec1"",""source_record_type"":""cnxml_module"",""target_namespace"":""bca57508-5164-54eb-8cb9-219c7707a38a"",""target_record_id"":""urn:uuid:49db6b94-4404-5bb4-83ab-203140191644"",""target_record_type"":""unit""},""record_type"":""identity_crosswalk"",""recorded_at"":""2026-09-06T00:00:00Z"",""semantic_key"":""a10:crosswalk:m82467""}"
tables/identity_crosswalks.jsonl,51,urn:uuid:ab797671-cec3-50af-bc7c-3f6499a61f11,identity_crosswalk,"{""dataset_id"":""urn:uuid:97a5d5e6-c756-5fcf-8b1d-412402caace7"",""id"":""urn:uuid:ab797671-cec3-50af-bc7c-3f6499a61f11"",""normalized_state"":""published"",""owner_authority_id"":""urn:uuid:7aa2ae30-7716-5b39-a47b-5ac2bdc9f035"",""owner_native_state"":""language_reviewed"",""payload"":{""cardinality"":""one_to_one"",""reverse_recipe"":""read native_module_id from projected unit payload"",""source_namespace"":""openstax-cnxml-module-id/elementary-algebra-2e/id-ID/v1.0.3"",""source_record_id"":""m82528"",""source_record_sha256"":""f011883b3aaf51258d69358a98a257f8d41514396e9f899c310e66a5548cbc06"",""source_record_type"":""cnxml_module"",""target_namespace"":""bca57508-5164-54eb-8cb9-219c7707a38a"",""target_record_id"":""urn:uuid:be937f6e-c279-5196-9322-b473531f28dc"",""target_record_type"":""unit""},""record_type"":""identity_crosswalk"",""recorded_at"":""2026-09-06T00:00:00Z"",""semantic_key"":""a10:crosswalk:m82528""}"
tables/identity_crosswalks.jsonl,34,urn:uuid:ac0be2b0-8c03-5f22-ada0-a8ba47dd8c4e,identity_crosswalk,"{""dataset_id"":""urn:uuid:97a5d5e6-c756-5fcf-8b1d-412402caace7"",""id"":""urn:uuid:ac0be2b0-8c03-5f22-ada0-a8ba47dd8c4e"",""normalized_state"":""published"",""owner_authority_id"":""urn:uuid:7aa2ae30-7716-5b39-a47b-5ac2bdc9f035"",""owner_native_state"":""language_reviewed"",""payload"":{""cardinality"":""one_to_one"",""reverse_recipe"":""read native_module_id from projected unit payload"",""source_namespace"":""openstax-cnxml-module-id/elementary-algebra-2e/id-ID/v1.0.3"",""source_record_id"":""m82488"",""source_record_sha256"":""b0a828df75c66a9e5edce00e3a4f71341be53d12c04d48a1634c24a4d0e3579f"",""source_record_type"":""cnxml_module"",""target_namespace"":""bca57508-5164-54eb-8cb9-219c7707a38a"",""target_record_id"":""urn:uuid:6f4ee5d7-6f38-503b-93e4-5cae9af72393"",""target_record_type"":""unit""},""record_type"":""identity_crosswalk"",""recorded_at"":""2026-09-06T00:00:00Z"",""semantic_key"":""a10:crosswalk:m82488""}"
tables/identity_crosswalks.jsonl,29,urn:uuid:af5d6fbf-8698-595a-b8ea-1290ac3f9884,identity_crosswalk,"{""dataset_id"":""urn:uuid:97a5d5e6-c756-5fcf-8b1d-412402caace7"",""id"":""urn:uuid:af5d6fbf-8698-595a-b8ea-1290ac3f9884"",""normalized_state"":""published"",""owner_authority_id"":""urn:uuid:7aa2ae30-7716-5b39-a47b-5ac2bdc9f035"",""owner_native_state"":""language_reviewed"",""payload"":{""cardinality"":""one_to_one"",""reverse_recipe"":""read native_module_id from projected unit payload"",""source_namespace"":""openstax-cnxml-module-id/elementary-algebra-2e/id-ID/v1.0.3"",""source_record_id"":""m82481"",""source_record_sha256"":""c721a4ca9f5d13b7ed2ddca0b8a70532b78366dbbd87a2a7a8ad8ab41e7f75f2"",""source_record_type"":""cnxml_module"",""target_namespace"":""bca57508-5164-54eb-8cb9-219c7707a38a"",""target_record_id"":""urn:uuid:465745c2-3464-57d9-bdef-99ad1489e99d"",""target_record_type"":""unit""},""record_type"":""identity_crosswalk"",""recorded_at"":""2026-09-06T00:00:00Z"",""semantic_key"":""a10:crosswalk:m82481""}"
tables/identity_crosswalks.jsonl,76,urn:uuid:b2ea0ec3-b107-5990-8fc3-a57f43e438bc,identity_crosswalk,"{""dataset_id"":""urn:uuid:97a5d5e6-c756-5fcf-8b1d-412402caace7"",""id"":""urn:uuid:b2ea0ec3-b107-5990-8fc3-a57f43e438bc"",""normalized_state"":""published"",""owner_authority_id"":""urn:uuid:7aa2ae30-7716-5b39-a47b-5ac2bdc9f035"",""owner_native_state"":""language_reviewed"",""payload"":{""cardinality"":""one_to_one"",""reverse_recipe"":""read native_module_id from projected unit payload"",""source_namespace"":""openstax-cnxml-module-id/elementary-algebra-2e/id-ID/v1.0.3"",""source_record_id"":""m82558"",""source_record_sha256"":""ee4b480ffdf28870b3ae6dced846fdbff414b3bf49618e249780a59ff435ebd1"",""source_record_type"":""cnxml_module"",""target_namespace"":""bca57508-5164-54eb-8cb9-219c7707a38a"",""target_record_id"":""urn:uuid:e40d2345-1d00-51f2-a451-952c8f8293f2"",""target_record_type"":""unit""},""record_type"":""identity_crosswalk"",""recorded_at"":""2026-09-06T00:00:00Z"",""semantic_key"":""a10:crosswalk:m82558""}"
tables/identity_crosswalks.jsonl,14,urn:uuid:b4628b11-c868-5feb-9cac-f0846b8ca3cd,identity_crosswalk,"{""dataset_id"":""urn:uuid:97a5d5e6-c756-5fcf-8b1d-412402caace7"",""id"":""urn:uuid:b4628b11-c868-5feb-9cac-f0846b8ca3cd"",""normalized_state"":""published"",""owner_authority_id"":""urn:uuid:7aa2ae30-7716-5b39-a47b-5ac2bdc9f035"",""owner_native_state"":""language_reviewed"",""payload"":{""cardinality"":""one_to_one"",""reverse_recipe"":""read native_module_id from projected unit payload"",""source_namespace"":""openstax-cnxml-module-id/elementary-algebra-2e/id-ID/v1.0.3"",""source_record_id"":""m82464"",""source_record_sha256"":""e2f898bef5a31ad7d4626db53207cc05ea0863103f820b28914800570d8e2d94"",""source_record_type"":""cnxml_module"",""target_namespace"":""bca57508-5164-54eb-8cb9-219c7707a38a"",""target_record_id"":""urn:uuid:00d5ee81-a2ab-5885-b01d-4416ea5a1d1a"",""target_record_type"":""unit""},""record_type"":""identity_crosswalk"",""recorded_at"":""2026-09-06T00:00:00Z"",""semantic_key"":""a10:crosswalk:m82464""}"
tables/identity_crosswalks.jsonl,28,urn:uuid:b730c8cb-6792-5cfb-a264-c7b91cd030ab,identity_crosswalk,"{""dataset_id"":""urn:uuid:97a5d5e6-c756-5fcf-8b1d-412402caace7"",""id"":""urn:uuid:b730c8cb-6792-5cfb-a264-c7b91cd030ab"",""normalized_state"":""published"",""owner_authority_id"":""urn:uuid:7aa2ae30-7716-5b39-a47b-5ac2bdc9f035"",""owner_native_state"":""language_reviewed"",""payload"":{""cardinality"":""one_to_one"",""reverse_recipe"":""read native_module_id from projected unit payload"",""source_namespace"":""openstax-cnxml-module-id/elementary-algebra-2e/id-ID/v1.0.3"",""source_record_id"":""m82480"",""source_record_sha256"":""de209b47d38e3ef6c26c6dfa3844afe9da3fe39e3c46c5777d1f6d4eb0569a1e"",""source_record_type"":""cnxml_module"",""target_namespace"":""bca57508-5164-54eb-8cb9-219c7707a38a"",""target_record_id"":""urn:uuid:0034827b-fa0e-5d4f-9b2e-5caec9b92930"",""target_record_type"":""unit""},""record_type"":""identity_crosswalk"",""recorded_at"":""2026-09-06T00:00:00Z"",""semantic_key"":""a10:crosswalk:m82480""}"
tables/identity_crosswalks.jsonl,77,urn:uuid:ba14d7ff-bfbe-596c-bfd8-2d9eb79e6960,identity_crosswalk,"{""dataset_id"":""urn:uuid:97a5d5e6-c756-5fcf-8b1d-412402caace7"",""id"":""urn:uuid:ba14d7ff-bfbe-596c-bfd8-2d9eb79e6960"",""normalized_state"":""published"",""owner_authority_id"":""urn:uuid:7aa2ae30-7716-5b39-a47b-5ac2bdc9f035"",""owner_native_state"":""language_reviewed"",""payload"":{""cardinality"":""one_to_one"",""reverse_recipe"":""read native_module_id from projected unit payload"",""source_namespace"":""openstax-cnxml-module-id/elementary-algebra-2e/id-ID/v1.0.3"",""source_record_id"":""m82559"",""source_record_sha256"":""e694eddc2b106b6c64fe5e9adccd8b8fd0d2b31aa08410ef6101861cfa639928"",""source_record_type"":""cnxml_module"",""target_namespace"":""bca57508-5164-54eb-8cb9-219c7707a38a"",""target_record_id"":""urn:uuid:bea45432-16c8-56df-bbcf-aaf42055865a"",""target_record_type"":""unit""},""record_type"":""identity_crosswalk"",""recorded_at"":""2026-09-06T00:00:00Z"",""semantic_key"":""a10:crosswalk:m82559""}"
tables/identity_crosswalks.jsonl,10,urn:uuid:c08ae570-5853-5d42-a623-2b8a9953e814,identity_crosswalk,"{""dataset_id"":""urn:uuid:97a5d5e6-c756-5fcf-8b1d-412402caace7"",""id"":""urn:uuid:c08ae570-5853-5d42-a623-2b8a9953e814"",""normalized_state"":""published"",""owner_authority_id"":""urn:uuid:7aa2ae30-7716-5b39-a47b-5ac2bdc9f035"",""owner_native_state"":""language_reviewed"",""payload"":{""cardinality"":""one_to_one"",""reverse_recipe"":""read native_module_id from projected unit payload"",""source_namespace"":""openstax-cnxml-module-id/elementary-algebra-2e/id-ID/v1.0.3"",""source_record_id"":""m82460"",""source_record_sha256"":""522537fcd00900730630c22190fcd57cdedadcee2a832cc23dc967fb6cc403d8"",""source_record_type"":""cnxml_module"",""target_namespace"":""bca57508-5164-54eb-8cb9-219c7707a38a"",""target_record_id"":""urn:uuid:db2dbd7c-03d1-5d31-a832-6c22f6d1331c"",""target_record_type"":""unit""},""record_type"":""identity_crosswalk"",""recorded_at"":""2026-09-06T00:00:00Z"",""semantic_key"":""a10:crosswalk:m82460""}"
tables/identity_crosswalks.jsonl,68,urn:uuid:c34a0ff1-39f2-5e84-a90b-3ff43eef284f,identity_crosswalk,"{""dataset_id"":""urn:uuid:97a5d5e6-c756-5fcf-8b1d-412402caace7"",""id"":""urn:uuid:c34a0ff1-39f2-5e84-a90b-3ff43eef284f"",""normalized_state"":""published"",""owner_authority_id"":""urn:uuid:7aa2ae30-7716-5b39-a47b-5ac2bdc9f035"",""owner_native_state"":""language_reviewed"",""payload"":{""cardinality"":""one_to_one"",""reverse_recipe"":""read native_module_id from projected unit payload"",""source_namespace"":""openstax-cnxml-module-id/elementary-algebra-2e/id-ID/v1.0.3"",""source_record_id"":""m82550"",""source_record_sha256"":""1960db530a6009ebe911e1e0f3c4c89e50c46490454462566f05fb093e7c9ef7"",""source_record_type"":""cnxml_module"",""target_namespace"":""bca57508-5164-54eb-8cb9-219c7707a38a"",""target_record_id"":""urn:uuid:5a8f8f55-d233-550d-a25e-1a10d0bb418f"",""target_record_type"":""unit""},""record_type"":""identity_crosswalk"",""recorded_at"":""2026-09-06T00:00:00Z"",""semantic_key"":""a10:crosswalk:m82550""}"
tables/identity_crosswalks.jsonl,23,urn:uuid:c5e6aa66-e2c2-54fc-b652-e1cf7fbfae83,identity_crosswalk,"{""dataset_id"":""urn:uuid:97a5d5e6-c756-5fcf-8b1d-412402caace7"",""id"":""urn:uuid:c5e6aa66-e2c2-54fc-b652-e1cf7fbfae83"",""normalized_state"":""published"",""owner_authority_id"":""urn:uuid:7aa2ae30-7716-5b39-a47b-5ac2bdc9f035"",""owner_native_state"":""language_reviewed"",""payload"":{""cardinality"":""one_to_one"",""reverse_recipe"":""read native_module_id from projected unit payload"",""source_namespace"":""openstax-cnxml-module-id/elementary-algebra-2e/id-ID/v1.0.3"",""source_record_id"":""m82475"",""source_record_sha256"":""2b91954d443f32383cdf52c360c1189ddb8ee89f5424f5f3e9dd30976a41dc29"",""source_record_type"":""cnxml_module"",""target_namespace"":""bca57508-5164-54eb-8cb9-219c7707a38a"",""target_record_id"":""urn:uuid:2e2d9798-269b-5297-85f8-16ee773c0730"",""target_record_type"":""unit""},""record_type"":""identity_crosswalk"",""recorded_at"":""2026-09-06T00:00:00Z"",""semantic_key"":""a10:crosswalk:m82475""}"
tables/identity_crosswalks.jsonl,73,urn:uuid:c725d130-9824-5f78-9892-043600587c28,identity_crosswalk,"{""dataset_id"":""urn:uuid:97a5d5e6-c756-5fcf-8b1d-412402caace7"",""id"":""urn:uuid:c725d130-9824-5f78-9892-043600587c28"",""normalized_state"":""published"",""owner_authority_id"":""urn:uuid:7aa2ae30-7716-5b39-a47b-5ac2bdc9f035"",""owner_native_state"":""language_reviewed"",""payload"":{""cardinality"":""one_to_one"",""reverse_recipe"":""read native_module_id from projected unit payload"",""source_namespace"":""openstax-cnxml-module-id/elementary-algebra-2e/id-ID/v1.0.3"",""source_record_id"":""m82555"",""source_record_sha256"":""f33c772412eb09766cc190c6748337250f7f48f07755eb344ade69e574e54ef1"",""source_record_type"":""cnxml_module"",""target_namespace"":""bca57508-5164-54eb-8cb9-219c7707a38a"",""target_record_id"":""urn:uuid:86a28a15-6c06-542b-b77d-f9ed160e6499"",""target_record_type"":""unit""},""record_type"":""identity_crosswalk"",""recorded_at"":""2026-09-06T00:00:00Z"",""semantic_key"":""a10:crosswalk:m82555""}"
tables/identity_crosswalks.jsonl,71,urn:uuid:c960e30a-7703-5ee1-9bf3-c3b9fc9de0bd,identity_crosswalk,"{""dataset_id"":""urn:uuid:97a5d5e6-c756-5fcf-8b1d-412402caace7"",""id"":""urn:uuid:c960e30a-7703-5ee1-9bf3-c3b9fc9de0bd"",""normalized_state"":""published"",""owner_authority_id"":""urn:uuid:7aa2ae30-7716-5b39-a47b-5ac2bdc9f035"",""owner_native_state"":""language_reviewed"",""payload"":{""cardinality"":""one_to_one"",""reverse_recipe"":""read native_module_id from projected unit payload"",""source_namespace"":""openstax-cnxml-module-id/elementary-algebra-2e/id-ID/v1.0.3"",""source_record_id"":""m82553"",""source_record_sha256"":""a0bd2798db4c137ee2072a3ea19084622ae5c9dd2637ffa799f0ac2f64f216d9"",""source_record_type"":""cnxml_module"",""target_namespace"":""bca57508-5164-54eb-8cb9-219c7707a38a"",""target_record_id"":""urn:uuid:3064832d-cca3-55f3-b0e1-216e00b366c0"",""target_record_type"":""unit""},""record_type"":""identity_crosswalk"",""recorded_at"":""2026-09-06T00:00:00Z"",""semantic_key"":""a10:crosswalk:m82553""}"
tables/identity_crosswalks.jsonl,69,urn:uuid:ca6cddba-b8d7-54cb-aadf-164a95424846,identity_crosswalk,"{""dataset_id"":""urn:uuid:97a5d5e6-c756-5fcf-8b1d-412402caace7"",""id"":""urn:uuid:ca6cddba-b8d7-54cb-aadf-164a95424846"",""normalized_state"":""published"",""owner_authority_id"":""urn:uuid:7aa2ae30-7716-5b39-a47b-5ac2bdc9f035"",""owner_native_state"":""language_reviewed"",""payload"":{""cardinality"":""one_to_one"",""reverse_recipe"":""read native_module_id from projected unit payload"",""source_namespace"":""openstax-cnxml-module-id/elementary-algebra-2e/id-ID/v1.0.3"",""source_record_id"":""m82551"",""source_record_sha256"":""b3cb4529930a97f9dba8d0d0931e91d35977449b2eed2ddfb8d329da4d267eda"",""source_record_type"":""cnxml_module"",""target_namespace"":""bca57508-5164-54eb-8cb9-219c7707a38a"",""target_record_id"":""urn:uuid:5a99e7a3-7453-5fa2-98b1-16e2bc1e3fb2"",""target_record_type"":""unit""},""record_type"":""identity_crosswalk"",""recorded_at"":""2026-09-06T00:00:00Z"",""semantic_key"":""a10:crosswalk:m82551""}"
tables/identity_crosswalks.jsonl,17,urn:uuid:ca8f2710-4095-5268-baae-186e4855cd26,identity_crosswalk,"{""dataset_id"":""urn:uuid:97a5d5e6-c756-5fcf-8b1d-412402caace7"",""id"":""urn:uuid:ca8f2710-4095-5268-baae-186e4855cd26"",""normalized_state"":""published"",""owner_authority_id"":""urn:uuid:7aa2ae30-7716-5b39-a47b-5ac2bdc9f035"",""owner_native_state"":""language_reviewed"",""payload"":{""cardinality"":""one_to_one"",""reverse_recipe"":""read native_module_id from projected unit payload"",""source_namespace"":""openstax-cnxml-module-id/elementary-algebra-2e/id-ID/v1.0.3"",""source_record_id"":""m82468"",""source_record_sha256"":""68875e23c39c70e180d2050699b0cb53fe27b7319ab338cb59fadb4dda8e0a4e"",""source_record_type"":""cnxml_module"",""target_namespace"":""bca57508-5164-54eb-8cb9-219c7707a38a"",""target_record_id"":""urn:uuid:c6001bb0-e090-58da-9dbe-04fc98a1a9ac"",""target_record_type"":""unit""},""record_type"":""identity_crosswalk"",""recorded_at"":""2026-09-06T00:00:00Z"",""semantic_key"":""a10:crosswalk:m82468""}"
tables/identity_crosswalks.jsonl,74,urn:uuid:ce7bb84e-27f8-5118-8096-9ed76e06006a,identity_crosswalk,"{""dataset_id"":""urn:uuid:97a5d5e6-c756-5fcf-8b1d-412402caace7"",""id"":""urn:uuid:ce7bb84e-27f8-5118-8096-9ed76e06006a"",""normalized_state"":""published"",""owner_authority_id"":""urn:uuid:7aa2ae30-7716-5b39-a47b-5ac2bdc9f035"",""owner_native_state"":""language_reviewed"",""payload"":{""cardinality"":""one_to_one"",""reverse_recipe"":""read native_module_id from projected unit payload"",""source_namespace"":""openstax-cnxml-module-id/elementary-algebra-2e/id-ID/v1.0.3"",""source_record_id"":""m82556"",""source_record_sha256"":""1fb27f41affbf0bcf5612daf566c6900c3ba0b441bfefabcc8addb03dee78fa0"",""source_record_type"":""cnxml_module"",""target_namespace"":""bca57508-5164-54eb-8cb9-219c7707a38a"",""target_record_id"":""urn:uuid:5ebdf8c6-f1db-5d9a-972d-2f2d0e496824"",""target_record_type"":""unit""},""record_type"":""identity_crosswalk"",""recorded_at"":""2026-09-06T00:00:00Z"",""semantic_key"":""a10:crosswalk:m82556""}"
tables/identity_crosswalks.jsonl,41,urn:uuid:d0380469-5fd2-5af4-93fb-8edc3aa1ce3d,identity_crosswalk,"{""dataset_id"":""urn:uuid:97a5d5e6-c756-5fcf-8b1d-412402caace7"",""id"":""urn:uuid:d0380469-5fd2-5af4-93fb-8edc3aa1ce3d"",""normalized_state"":""published"",""owner_authority_id"":""urn:uuid:7aa2ae30-7716-5b39-a47b-5ac2bdc9f035"",""owner_native_state"":""language_reviewed"",""payload"":{""cardinality"":""one_to_one"",""reverse_recipe"":""read native_module_id from projected unit payload"",""source_namespace"":""openstax-cnxml-module-id/elementary-algebra-2e/id-ID/v1.0.3"",""source_record_id"":""m82499"",""source_record_sha256"":""40dc031d4ddce1252e727d080972342261e151716ae80285cde2d30f8cac2eec"",""source_record_type"":""cnxml_module"",""target_namespace"":""bca57508-5164-54eb-8cb9-219c7707a38a"",""target_record_id"":""urn:uuid:2f01632e-664c-52dd-958c-e63b144d3135"",""target_record_type"":""unit""},""record_type"":""identity_crosswalk"",""recorded_at"":""2026-09-06T00:00:00Z"",""semantic_key"":""a10:crosswalk:m82499""}"
tables/identity_crosswalks.jsonl,22,urn:uuid:d73345d1-5758-59c3-a924-edc008b1a246,identity_crosswalk,"{""dataset_id"":""urn:uuid:97a5d5e6-c756-5fcf-8b1d-412402caace7"",""id"":""urn:uuid:d73345d1-5758-59c3-a924-edc008b1a246"",""normalized_state"":""published"",""owner_authority_id"":""urn:uuid:7aa2ae30-7716-5b39-a47b-5ac2bdc9f035"",""owner_native_state"":""language_reviewed"",""payload"":{""cardinality"":""one_to_one"",""reverse_recipe"":""read native_module_id from projected unit payload"",""source_namespace"":""openstax-cnxml-module-id/elementary-algebra-2e/id-ID/v1.0.3"",""source_record_id"":""m82473"",""source_record_sha256"":""a17d8a44814334a68d06d5db85ca1188055e033386bd473cf8527dca82a590c7"",""source_record_type"":""cnxml_module"",""target_namespace"":""bca57508-5164-54eb-8cb9-219c7707a38a"",""target_record_id"":""urn:uuid:1d69b992-3dd3-5813-aba2-d29171e39fbe"",""target_record_type"":""unit""},""record_type"":""identity_crosswalk"",""recorded_at"":""2026-09-06T00:00:00Z"",""semantic_key"":""a10:crosswalk:m82473""}"
tables/identity_crosswalks.jsonl,9,urn:uuid:dd05dac3-67cb-5db6-a7c0-0e8a0715ffd6,identity_crosswalk,"{""dataset_id"":""urn:uuid:97a5d5e6-c756-5fcf-8b1d-412402caace7"",""id"":""urn:uuid:dd05dac3-67cb-5db6-a7c0-0e8a0715ffd6"",""normalized_state"":""published"",""owner_authority_id"":""urn:uuid:7aa2ae30-7716-5b39-a47b-5ac2bdc9f035"",""owner_native_state"":""language_reviewed"",""payload"":{""cardinality"":""one_to_one"",""reverse_recipe"":""read native_module_id from projected unit payload"",""source_namespace"":""openstax-cnxml-module-id/elementary-algebra-2e/id-ID/v1.0.3"",""source_record_id"":""m82459"",""source_record_sha256"":""3c3ec2181f98820713a523ac32bd7206ef5805d298b000ec9d5e3fe59ae88a73"",""source_record_type"":""cnxml_module"",""target_namespace"":""bca57508-5164-54eb-8cb9-219c7707a38a"",""target_record_id"":""urn:uuid:74afde90-4a7c-5faa-b959-ab847bc7d271"",""target_record_type"":""unit""},""record_type"":""identity_crosswalk"",""recorded_at"":""2026-09-06T00:00:00Z"",""semantic_key"":""a10:crosswalk:m82459""}"
tables/identity_crosswalks.jsonl,15,urn:uuid:e112e127-c53a-5670-aa06-b83436c04cbe,identity_crosswalk,"{""dataset_id"":""urn:uuid:97a5d5e6-c756-5fcf-8b1d-412402caace7"",""id"":""urn:uuid:e112e127-c53a-5670-aa06-b83436c04cbe"",""normalized_state"":""published"",""owner_authority_id"":""urn:uuid:7aa2ae30-7716-5b39-a47b-5ac2bdc9f035"",""owner_native_state"":""language_reviewed"",""payload"":{""cardinality"":""one_to_one"",""reverse_recipe"":""read native_module_id from projected unit payload"",""source_namespace"":""openstax-cnxml-module-id/elementary-algebra-2e/id-ID/v1.0.3"",""source_record_id"":""m82465"",""source_record_sha256"":""caac193429389414a93d335b07edabd46d83ca5e59c2d3436f9b3aadfc667afb"",""source_record_type"":""cnxml_module"",""target_namespace"":""bca57508-5164-54eb-8cb9-219c7707a38a"",""target_record_id"":""urn:uuid:02fbb38d-cde4-5027-8de7-9f6b142b4e55"",""target_record_type"":""unit""},""record_type"":""identity_crosswalk"",""recorded_at"":""2026-09-06T00:00:00Z"",""semantic_key"":""a10:crosswalk:m82465""}"
tables/identity_crosswalks.jsonl,44,urn:uuid:e151997b-6470-5f30-804f-4d21158732ce,identity_crosswalk,"{""dataset_id"":""urn:uuid:97a5d5e6-c756-5fcf-8b1d-412402caace7"",""id"":""urn:uuid:e151997b-6470-5f30-804f-4d21158732ce"",""normalized_state"":""published"",""owner_authority_id"":""urn:uuid:7aa2ae30-7716-5b39-a47b-5ac2bdc9f035"",""owner_native_state"":""language_reviewed"",""payload"":{""cardinality"":""one_to_one"",""reverse_recipe"":""read native_module_id from projected unit payload"",""source_namespace"":""openstax-cnxml-module-id/elementary-algebra-2e/id-ID/v1.0.3"",""source_record_id"":""m82504"",""source_record_sha256"":""ec7e9c10752bdfb67a2b5a5ae626802fa632ce098f621792a9b5e213c5760787"",""source_record_type"":""cnxml_module"",""target_namespace"":""bca57508-5164-54eb-8cb9-219c7707a38a"",""target_record_id"":""urn:uuid:eba5cfdd-ef22-504d-8967-df355fa9c438"",""target_record_type"":""unit""},""record_type"":""identity_crosswalk"",""recorded_at"":""2026-09-06T00:00:00Z"",""semantic_key"":""a10:crosswalk:m82504""}"
tables/identity_crosswalks.jsonl,21,urn:uuid:ea72ef0a-a0a1-54db-850d-495c041a4a3a,identity_crosswalk,"{""dataset_id"":""urn:uuid:97a5d5e6-c756-5fcf-8b1d-412402caace7"",""id"":""urn:uuid:ea72ef0a-a0a1-54db-850d-495c041a4a3a"",""normalized_state"":""published"",""owner_authority_id"":""urn:uuid:7aa2ae30-7716-5b39-a47b-5ac2bdc9f035"",""owner_native_state"":""language_reviewed"",""payload"":{""cardinality"":""one_to_one"",""reverse_recipe"":""read native_module_id from projected unit payload"",""source_namespace"":""openstax-cnxml-module-id/elementary-algebra-2e/id-ID/v1.0.3"",""source_record_id"":""m82472"",""source_record_sha256"":""82f3d4419a2bd3cdef3db3574197abe8a44ccc08e50eb4b25b3ccefc3743e39f"",""source_record_type"":""cnxml_module"",""target_namespace"":""bca57508-5164-54eb-8cb9-219c7707a38a"",""target_record_id"":""urn:uuid:1f664893-dca1-5546-9c1c-9814f93229f3"",""target_record_type"":""unit""},""record_type"":""identity_crosswalk"",""recorded_at"":""2026-09-06T00:00:00Z"",""semantic_key"":""a10:crosswalk:m82472""}"
tables/identity_crosswalks.jsonl,81,urn:uuid:eaa78b62-e71c-5236-b976-e82b3982e662,identity_crosswalk,"{""dataset_id"":""urn:uuid:97a5d5e6-c756-5fcf-8b1d-412402caace7"",""id"":""urn:uuid:eaa78b62-e71c-5236-b976-e82b3982e662"",""normalized_state"":""published"",""owner_authority_id"":""urn:uuid:7aa2ae30-7716-5b39-a47b-5ac2bdc9f035"",""owner_native_state"":""language_reviewed"",""payload"":{""cardinality"":""one_to_one"",""reverse_recipe"":""read native_module_id from projected unit payload"",""source_namespace"":""openstax-cnxml-module-id/elementary-algebra-2e/id-ID/v1.0.3"",""source_record_id"":""m82566"",""source_record_sha256"":""40cdf12a1e823490e2b3924a648c2d432aa57b91a52dc1971e97072c83ff44e8"",""source_record_type"":""cnxml_module"",""target_namespace"":""bca57508-5164-54eb-8cb9-219c7707a38a"",""target_record_id"":""urn:uuid:51c8a6e5-7968-5c00-9fbc-7d0d041a1fae"",""target_record_type"":""unit""},""record_type"":""identity_crosswalk"",""recorded_at"":""2026-09-06T00:00:00Z"",""semantic_key"":""a10:crosswalk:m82566""}"
tables/identity_crosswalks.jsonl,49,urn:uuid:eaebe2ec-6876-50a3-ba92-fa47f8a63bef,identity_crosswalk,"{""dataset_id"":""urn:uuid:97a5d5e6-c756-5fcf-8b1d-412402caace7"",""id"":""urn:uuid:eaebe2ec-6876-50a3-ba92-fa47f8a63bef"",""normalized_state"":""published"",""owner_authority_id"":""urn:uuid:7aa2ae30-7716-5b39-a47b-5ac2bdc9f035"",""owner_native_state"":""language_reviewed"",""payload"":{""cardinality"":""one_to_one"",""reverse_recipe"":""read native_module_id from projected unit payload"",""source_namespace"":""openstax-cnxml-module-id/elementary-algebra-2e/id-ID/v1.0.3"",""source_record_id"":""m82514"",""source_record_sha256"":""a5c3a2d09e3cc48f5ffb107acf8d2663ce7ac2acdc5b3680d9df55525e10a3f7"",""source_record_type"":""cnxml_module"",""target_namespace"":""bca57508-5164-54eb-8cb9-219c7707a38a"",""target_record_id"":""urn:uuid:85cc5962-adcd-5960-8634-70dab0b8f133"",""target_record_type"":""unit""},""record_type"":""identity_crosswalk"",""recorded_at"":""2026-09-06T00:00:00Z"",""semantic_key"":""a10:crosswalk:m82514""}"
tables/identity_crosswalks.jsonl,37,urn:uuid:ee2228b8-c7c4-58bd-97f8-86efd21f7dd8,identity_crosswalk,"{""dataset_id"":""urn:uuid:97a5d5e6-c756-5fcf-8b1d-412402caace7"",""id"":""urn:uuid:ee2228b8-c7c4-58bd-97f8-86efd21f7dd8"",""normalized_state"":""published"",""owner_authority_id"":""urn:uuid:7aa2ae30-7716-5b39-a47b-5ac2bdc9f035"",""owner_native_state"":""language_reviewed"",""payload"":{""cardinality"":""one_to_one"",""reverse_recipe"":""read native_module_id from projected unit payload"",""source_namespace"":""openstax-cnxml-module-id/elementary-algebra-2e/id-ID/v1.0.3"",""source_record_id"":""m82494"",""source_record_sha256"":""a29dfef8690b4c95ba1be690bdc2c0dab1945d926c19ba66800f3413e069ccab"",""source_record_type"":""cnxml_module"",""target_namespace"":""bca57508-5164-54eb-8cb9-219c7707a38a"",""target_record_id"":""urn:uuid:7923c1ff-76bf-59d3-ae07-5d9c157e484d"",""target_record_type"":""unit""},""record_type"":""identity_crosswalk"",""recorded_at"":""2026-09-06T00:00:00Z"",""semantic_key"":""a10:crosswalk:m82494""}"
tables/identity_crosswalks.jsonl,3,urn:uuid:f3fea867-5dbf-51eb-a4c0-e0be9253abf5,identity_crosswalk,"{""dataset_id"":""urn:uuid:97a5d5e6-c756-5fcf-8b1d-412402caace7"",""id"":""urn:uuid:f3fea867-5dbf-51eb-a4c0-e0be9253abf5"",""normalized_state"":""published"",""owner_authority_id"":""urn:uuid:7aa2ae30-7716-5b39-a47b-5ac2bdc9f035"",""owner_native_state"":""language_reviewed"",""payload"":{""cardinality"":""one_to_one"",""reverse_recipe"":""read native_module_id from projected unit payload"",""source_namespace"":""openstax-cnxml-module-id/elementary-algebra-2e/id-ID/v1.0.3"",""source_record_id"":""m82453"",""source_record_sha256"":""0bc73efde26e7af018fb61149c81a00a8706fd54c407e2ebdeee427531b449b2"",""source_record_type"":""cnxml_module"",""target_namespace"":""bca57508-5164-54eb-8cb9-219c7707a38a"",""target_record_id"":""urn:uuid:ab4c3568-a7df-52ae-aef6-810ddc589582"",""target_record_type"":""unit""},""record_type"":""identity_crosswalk"",""recorded_at"":""2026-09-06T00:00:00Z"",""semantic_key"":""a10:crosswalk:m82453""}"
tables/identity_crosswalks.jsonl,19,urn:uuid:f855d28e-2d76-5ad8-b7c2-33dee29398b8,identity_crosswalk,"{""dataset_id"":""urn:uuid:97a5d5e6-c756-5fcf-8b1d-412402caace7"",""id"":""urn:uuid:f855d28e-2d76-5ad8-b7c2-33dee29398b8"",""normalized_state"":""published"",""owner_authority_id"":""urn:uuid:7aa2ae30-7716-5b39-a47b-5ac2bdc9f035"",""owner_native_state"":""language_reviewed"",""payload"":{""cardinality"":""one_to_one"",""reverse_recipe"":""read native_module_id from projected unit payload"",""source_namespace"":""openstax-cnxml-module-id/elementary-algebra-2e/id-ID/v1.0.3"",""source_record_id"":""m82470"",""source_record_sha256"":""1dc6e3e6a97a62a840f8533dc192333699d94643ef62a454786f5a14440c0980"",""source_record_type"":""cnxml_module"",""target_namespace"":""bca57508-5164-54eb-8cb9-219c7707a38a"",""target_record_id"":""urn:uuid:ad2d8223-0f68-5610-88b2-ae6a3620901e"",""target_record_type"":""unit""},""record_type"":""identity_crosswalk"",""recorded_at"":""2026-09-06T00:00:00Z"",""semantic_key"":""a10:crosswalk:m82470""}"
tables/identity_crosswalks.jsonl,62,urn:uuid:fe2ca221-bc64-580d-b940-95c12d8128ca,identity_crosswalk,"{""dataset_id"":""urn:uuid:97a5d5e6-c756-5fcf-8b1d-412402caace7"",""id"":""urn:uuid:fe2ca221-bc64-580d-b940-95c12d8128ca"",""normalized_state"":""published"",""owner_authority_id"":""urn:uuid:7aa2ae30-7716-5b39-a47b-5ac2bdc9f035"",""owner_native_state"":""language_reviewed"",""payload"":{""cardinality"":""one_to_one"",""reverse_recipe"":""read native_module_id from projected unit payload"",""source_namespace"":""openstax-cnxml-module-id/elementary-algebra-2e/id-ID/v1.0.3"",""source_record_id"":""m82543"",""source_record_sha256"":""dff048f110315d954d33bc54165b6ce6c1002053d38714bdb270d4923a38aea9"",""source_record_type"":""cnxml_module"",""target_namespace"":""bca57508-5164-54eb-8cb9-219c7707a38a"",""target_record_id"":""urn:uuid:71c7a5a8-3019-5ce9-ba3e-106f1147999a"",""target_record_type"":""unit""},""record_type"":""identity_crosswalk"",""recorded_at"":""2026-09-06T00:00:00Z"",""semantic_key"":""a10:crosswalk:m82543""}"
tables/native_bindings.jsonl,61,urn:uuid:029fc418-7046-5ebf-8f9c-edac4a7bc27e,native_binding,"{""dataset_id"":""urn:uuid:97a5d5e6-c756-5fcf-8b1d-412402caace7"",""id"":""urn:uuid:029fc418-7046-5ebf-8f9c-edac4a7bc27e"",""normalized_state"":""published"",""owner_authority_id"":""urn:uuid:7aa2ae30-7716-5b39-a47b-5ac2bdc9f035"",""owner_native_state"":""language_reviewed"",""payload"":{""body_prose_copied"":false,""native_bytes"":113699,""native_record_id"":""m82539"",""native_record_type"":""cnxml_module"",""native_sha256"":""fd04300e4958986193490654d85e856022fd93f6cb72542a5ca90d15aa3d5dfe"",""native_source_path"":""work/translated-modules/m82539/index.cnxml"",""owner_id_preserved"":true,""projected_record_id"":""urn:uuid:0fdf7e0f-ffb5-569b-bc58-042f63f8a8d3"",""projected_record_type"":""unit"",""source_namespace"":""openstax-cnxml-module-id/elementary-algebra-2e/id-ID/v1.0.3""},""record_type"":""native_binding"",""recorded_at"":""2026-09-06T00:00:00Z"",""semantic_key"":""a10:native-binding:m82539""}"
tables/native_bindings.jsonl,44,urn:uuid:07405eeb-dfc8-5b91-ad62-5db87a59a4e9,native_binding,"{""dataset_id"":""urn:uuid:97a5d5e6-c756-5fcf-8b1d-412402caace7"",""id"":""urn:uuid:07405eeb-dfc8-5b91-ad62-5db87a59a4e9"",""normalized_state"":""published"",""owner_authority_id"":""urn:uuid:7aa2ae30-7716-5b39-a47b-5ac2bdc9f035"",""owner_native_state"":""language_reviewed"",""payload"":{""body_prose_copied"":false,""native_bytes"":151368,""native_record_id"":""m82504"",""native_record_type"":""cnxml_module"",""native_sha256"":""ec7e9c10752bdfb67a2b5a5ae626802fa632ce098f621792a9b5e213c5760787"",""native_source_path"":""work/translated-modules/m82504/index.cnxml"",""owner_id_preserved"":true,""projected_record_id"":""urn:uuid:eba5cfdd-ef22-504d-8967-df355fa9c438"",""projected_record_type"":""unit"",""source_namespace"":""openstax-cnxml-module-id/elementary-algebra-2e/id-ID/v1.0.3""},""record_type"":""native_binding"",""recorded_at"":""2026-09-06T00:00:00Z"",""semantic_key"":""a10:native-binding:m82504""}"
tables/native_bindings.jsonl,8,urn:uuid:0a50b257-5fd1-5d69-a435-4d272e1a8ee6,native_binding,"{""dataset_id"":""urn:uuid:97a5d5e6-c756-5fcf-8b1d-412402caace7"",""id"":""urn:uuid:0a50b257-5fd1-5d69-a435-4d272e1a8ee6"",""normalized_state"":""published"",""owner_authority_id"":""urn:uuid:7aa2ae30-7716-5b39-a47b-5ac2bdc9f035"",""owner_native_state"":""language_reviewed"",""payload"":{""body_prose_copied"":false,""native_bytes"":125336,""native_record_id"":""m82458"",""native_record_type"":""cnxml_module"",""native_sha256"":""27a7d1790b0f13c5a6fc58223953cdcb8f9682f83434e52609b34d3d00213f43"",""native_source_path"":""work/translated-modules/m82458/index.cnxml"",""owner_id_preserved"":true,""projected_record_id"":""urn:uuid:1c9f9f85-5ec5-5da5-a175-2fa805513a88"",""projected_record_type"":""unit"",""source_namespace"":""openstax-cnxml-module-id/elementary-algebra-2e/id-ID/v1.0.3""},""record_type"":""native_binding"",""recorded_at"":""2026-09-06T00:00:00Z"",""semantic_key"":""a10:native-binding:m82458""}"
tables/native_bindings.jsonl,74,urn:uuid:1563a562-20d5-5b61-92f5-3cd3ec220a3c,native_binding,"{""dataset_id"":""urn:uuid:97a5d5e6-c756-5fcf-8b1d-412402caace7"",""id"":""urn:uuid:1563a562-20d5-5b61-92f5-3cd3ec220a3c"",""normalized_state"":""published"",""owner_authority_id"":""urn:uuid:7aa2ae30-7716-5b39-a47b-5ac2bdc9f035"",""owner_native_state"":""language_reviewed"",""payload"":{""body_prose_copied"":false,""native_bytes"":137594,""native_record_id"":""m82556"",""native_record_type"":""cnxml_module"",""native_sha256"":""1fb27f41affbf0bcf5612daf566c6900c3ba0b441bfefabcc8addb03dee78fa0"",""native_source_path"":""work/translated-modules/m82556/index.cnxml"",""owner_id_preserved"":true,""projected_record_id"":""urn:uuid:5ebdf8c6-f1db-5d9a-972d-2f2d0e496824"",""projected_record_type"":""unit"",""source_namespace"":""openstax-cnxml-module-id/elementary-algebra-2e/id-ID/v1.0.3""},""record_type"":""native_binding"",""recorded_at"":""2026-09-06T00:00:00Z"",""semantic_key"":""a10:native-binding:m82556""}"
tables/native_bindings.jsonl,49,urn:uuid:15cd9d10-0146-5d2b-a77f-2ca272d6176f,native_binding,"{""dataset_id"":""urn:uuid:97a5d5e6-c756-5fcf-8b1d-412402caace7"",""id"":""urn:uuid:15cd9d10-0146-5d2b-a77f-2ca272d6176f"",""normalized_state"":""published"",""owner_authority_id"":""urn:uuid:7aa2ae30-7716-5b39-a47b-5ac2bdc9f035"",""owner_native_state"":""language_reviewed"",""payload"":{""body_prose_copied"":false,""native_bytes"":291493,""native_record_id"":""m82514"",""native_record_type"":""cnxml_module"",""native_sha256"":""a5c3a2d09e3cc48f5ffb107acf8d2663ce7ac2acdc5b3680d9df55525e10a3f7"",""native_source_path"":""work/translated-modules/m82514/index.cnxml"",""owner_id_preserved"":true,""projected_record_id"":""urn:uuid:85cc5962-adcd-5960-8634-70dab0b8f133"",""projected_record_type"":""unit"",""source_namespace"":""openstax-cnxml-module-id/elementary-algebra-2e/id-ID/v1.0.3""},""record_type"":""native_binding"",""recorded_at"":""2026-09-06T00:00:00Z"",""semantic_key"":""a10:native-binding:m82514""}"
tables/native_bindings.jsonl,51,urn:uuid:17aae4d7-8791-5b86-8f6a-30da46013900,native_binding,"{""dataset_id"":""urn:uuid:97a5d5e6-c756-5fcf-8b1d-412402caace7"",""id"":""urn:uuid:17aae4d7-8791-5b86-8f6a-30da46013900"",""normalized_state"":""published"",""owner_authority_id"":""urn:uuid:7aa2ae30-7716-5b39-a47b-5ac2bdc9f035"",""owner_native_state"":""language_reviewed"",""payload"":{""body_prose_copied"":false,""native_bytes"":150987,""native_record_id"":""m82528"",""native_record_type"":""cnxml_module"",""native_sha256"":""f011883b3aaf51258d69358a98a257f8d41514396e9f899c310e66a5548cbc06"",""native_source_path"":""work/translated-modules/m82528/index.cnxml"",""owner_id_preserved"":true,""projected_record_id"":""urn:uuid:be937f6e-c279-5196-9322-b473531f28dc"",""projected_record_type"":""unit"",""source_namespace"":""openstax-cnxml-module-id/elementary-algebra-2e/id-ID/v1.0.3""},""record_type"":""native_binding"",""recorded_at"":""2026-09-06T00:00:00Z"",""semantic_key"":""a10:native-binding:m82528""}"
tables/native_bindings.jsonl,30,urn:uuid:1867d5b6-cab9-5da6-9137-1f3b74c1e52b,native_binding,"{""dataset_id"":""urn:uuid:97a5d5e6-c756-5fcf-8b1d-412402caace7"",""id"":""urn:uuid:1867d5b6-cab9-5da6-9137-1f3b74c1e52b"",""normalized_state"":""published"",""owner_authority_id"":""urn:uuid:7aa2ae30-7716-5b39-a47b-5ac2bdc9f035"",""owner_native_state"":""language_reviewed"",""payload"":{""body_prose_copied"":false,""native_bytes"":104389,""native_record_id"":""m82482"",""native_record_type"":""cnxml_module"",""native_sha256"":""21def3fe5079f9a59270fd1c1e629f9d22fb7903ca9b6e00fc0af1aab3ce33f0"",""native_source_path"":""work/translated-modules/m82482/index.cnxml"",""owner_id_preserved"":true,""projected_record_id"":""urn:uuid:d75ac988-b9d3-5541-b495-807466bd8d71"",""projected_record_type"":""unit"",""source_namespace"":""openstax-cnxml-module-id/elementary-algebra-2e/id-ID/v1.0.3""},""record_type"":""native_binding"",""recorded_at"":""2026-09-06T00:00:00Z"",""semantic_key"":""a10:native-binding:m82482""}"
tables/native_bindings.jsonl,73,urn:uuid:187a3de9-f84e-5344-b767-500f00180d66,native_binding,"{""dataset_id"":""urn:uuid:97a5d5e6-c756-5fcf-8b1d-412402caace7"",""id"":""urn:uuid:187a3de9-f84e-5344-b767-500f00180d66"",""normalized_state"":""published"",""owner_authority_id"":""urn:uuid:7aa2ae30-7716-5b39-a47b-5ac2bdc9f035"",""owner_native_state"":""language_reviewed"",""payload"":{""body_prose_copied"":false,""native_bytes"":108668,""native_record_id"":""m82555"",""native_record_type"":""cnxml_module"",""native_sha256"":""f33c772412eb09766cc190c6748337250f7f48f07755eb344ade69e574e54ef1"",""native_source_path"":""work/translated-modules/m82555/index.cnxml"",""owner_id_preserved"":true,""projected_record_id"":""urn:uuid:86a28a15-6c06-542b-b77d-f9ed160e6499"",""projected_record_type"":""unit"",""source_namespace"":""openstax-cnxml-module-id/elementary-algebra-2e/id-ID/v1.0.3""},""record_type"":""native_binding"",""recorded_at"":""2026-09-06T00:00:00Z"",""semantic_key"":""a10:native-binding:m82555""}"
tables/native_bindings.jsonl,66,urn:uuid:1a936faf-ff64-56b9-b3ff-0479f3fb0b35,native_binding,"{""dataset_id"":""urn:uuid:97a5d5e6-c756-5fcf-8b1d-412402caace7"",""id"":""urn:uuid:1a936faf-ff64-56b9-b3ff-0479f3fb0b35"",""normalized_state"":""published"",""owner_authority_id"":""urn:uuid:7aa2ae30-7716-5b39-a47b-5ac2bdc9f035"",""owner_native_state"":""language_reviewed"",""payload"":{""body_prose_copied"":false,""native_bytes"":96887,""native_record_id"":""m82547"",""native_record_type"":""cnxml_module"",""native_sha256"":""7ef8d16df52bbb59e96c004ba63f760aa522cdd8bae7fb26980a5ba8e15977da"",""native_source_path"":""work/translated-modules/m82547/index.cnxml"",""owner_id_preserved"":true,""projected_record_id"":""urn:uuid:355403c8-559f-57e6-be7c-4c2b7ceb0b01"",""projected_record_type"":""unit"",""source_namespace"":""openstax-cnxml-module-id/elementary-algebra-2e/id-ID/v1.0.3""},""record_type"":""native_binding"",""recorded_at"":""2026-09-06T00:00:00Z"",""semantic_key"":""a10:native-binding:m82547""}"
tables/native_bindings.jsonl,60,urn:uuid:1b13d709-d68c-586a-b52d-595ad1f189d2,native_binding,"{""dataset_id"":""urn:uuid:97a5d5e6-c756-5fcf-8b1d-412402caace7"",""id"":""urn:uuid:1b13d709-d68c-586a-b52d-595ad1f189d2"",""normalized_state"":""published"",""owner_authority_id"":""urn:uuid:7aa2ae30-7716-5b39-a47b-5ac2bdc9f035"",""owner_native_state"":""language_reviewed"",""payload"":{""body_prose_copied"":false,""native_bytes"":136469,""native_record_id"":""m82538"",""native_record_type"":""cnxml_module"",""native_sha256"":""94bb750f3c1550c0d3d4164cb891e59af50054940d77e7dbb7f39ee21fb771c3"",""native_source_path"":""work/translated-modules/m82538/index.cnxml"",""owner_id_preserved"":true,""projected_record_id"":""urn:uuid:16ab80f9-f1e9-54e3-b389-371337db52c5"",""projected_record_type"":""unit"",""source_namespace"":""openstax-cnxml-module-id/elementary-algebra-2e/id-ID/v1.0.3""},""record_type"":""native_binding"",""recorded_at"":""2026-09-06T00:00:00Z"",""semantic_key"":""a10:native-binding:m82538""}"
tables/native_bindings.jsonl,22,urn:uuid:1f0d777b-ea6f-5aea-975f-4a5542504514,native_binding,"{""dataset_id"":""urn:uuid:97a5d5e6-c756-5fcf-8b1d-412402caace7"",""id"":""urn:uuid:1f0d777b-ea6f-5aea-975f-4a5542504514"",""normalized_state"":""published"",""owner_authority_id"":""urn:uuid:7aa2ae30-7716-5b39-a47b-5ac2bdc9f035"",""owner_native_state"":""language_reviewed"",""payload"":{""body_prose_copied"":false,""native_bytes"":129373,""native_record_id"":""m82473"",""native_record_type"":""cnxml_module"",""native_sha256"":""a17d8a44814334a68d06d5db85ca1188055e033386bd473cf8527dca82a590c7"",""native_source_path"":""work/translated-modules/m82473/index.cnxml"",""owner_id_preserved"":true,""projected_record_id"":""urn:uuid:1d69b992-3dd3-5813-aba2-d29171e39fbe"",""projected_record_type"":""unit"",""source_namespace"":""openstax-cnxml-module-id/elementary-algebra-2e/id-ID/v1.0.3""},""record_type"":""native_binding"",""recorded_at"":""2026-09-06T00:00:00Z"",""semantic_key"":""a10:native-binding:m82473""}"
tables/native_bindings.jsonl,67,urn:uuid:23f91760-fded-55f8-a808-da4b59ff6f83,native_binding,"{""dataset_id"":""urn:uuid:97a5d5e6-c756-5fcf-8b1d-412402caace7"",""id"":""urn:uuid:23f91760-fded-55f8-a808-da4b59ff6f83"",""normalized_state"":""published"",""owner_authority_id"":""urn:uuid:7aa2ae30-7716-5b39-a47b-5ac2bdc9f035"",""owner_native_state"":""language_reviewed"",""payload"":{""body_prose_copied"":false,""native_bytes"":140287,""native_record_id"":""m82548"",""native_record_type"":""cnxml_module"",""native_sha256"":""3e180ee4948d8d9f74a0e3826e649f2adefed692508f10ffdfa690bd565b6c21"",""native_source_path"":""work/translated-modules/m82548/index.cnxml"",""owner_id_preserved"":true,""projected_record_id"":""urn:uuid:3675263f-c202-52a1-8d8a-03ac52e701ac"",""projected_record_type"":""unit"",""source_namespace"":""openstax-cnxml-module-id/elementary-algebra-2e/id-ID/v1.0.3""},""record_type"":""native_binding"",""recorded_at"":""2026-09-06T00:00:00Z"",""semantic_key"":""a10:native-binding:m82548""}"
tables/native_bindings.jsonl,26,urn:uuid:2577c7fa-26af-5699-b3f6-d3ea9e36d4bb,native_binding,"{""dataset_id"":""urn:uuid:97a5d5e6-c756-5fcf-8b1d-412402caace7"",""id"":""urn:uuid:2577c7fa-26af-5699-b3f6-d3ea9e36d4bb"",""normalized_state"":""published"",""owner_authority_id"":""urn:uuid:7aa2ae30-7716-5b39-a47b-5ac2bdc9f035"",""owner_native_state"":""language_reviewed"",""payload"":{""body_prose_copied"":false,""native_bytes"":91520,""native_record_id"":""m82478"",""native_record_type"":""cnxml_module"",""native_sha256"":""698d22dc2823c2c0c0abb353a0a926bed59bef23b12c7c00c5f297c68258c05c"",""native_source_path"":""work/translated-modules/m82478/index.cnxml"",""owner_id_preserved"":true,""projected_record_id"":""urn:uuid:6624018e-c6a1-531c-8aa4-8130a1312f95"",""projected_record_type"":""unit"",""source_namespace"":""openstax-cnxml-module-id/elementary-algebra-2e/id-ID/v1.0.3""},""record_type"":""native_binding"",""recorded_at"":""2026-09-06T00:00:00Z"",""semantic_key"":""a10:native-binding:m82478""}"
tables/native_bindings.jsonl,16,urn:uuid:25e0b5af-8e22-53cf-b9d9-6c9d4e98f324,native_binding,"{""dataset_id"":""urn:uuid:97a5d5e6-c756-5fcf-8b1d-412402caace7"",""id"":""urn:uuid:25e0b5af-8e22-53cf-b9d9-6c9d4e98f324"",""normalized_state"":""published"",""owner_authority_id"":""urn:uuid:7aa2ae30-7716-5b39-a47b-5ac2bdc9f035"",""owner_native_state"":""language_reviewed"",""payload"":{""body_prose_copied"":false,""native_bytes"":127917,""native_record_id"":""m82467"",""native_record_type"":""cnxml_module"",""native_sha256"":""1e99ed4a0cf8687c6e641903907041b97e5fd9a62665957828510ea3ce16cec1"",""native_source_path"":""work/translated-modules/m82467/index.cnxml"",""owner_id_preserved"":true,""projected_record_id"":""urn:uuid:49db6b94-4404-5bb4-83ab-203140191644"",""projected_record_type"":""unit"",""source_namespace"":""openstax-cnxml-module-id/elementary-algebra-2e/id-ID/v1.0.3""},""record_type"":""native_binding"",""recorded_at"":""2026-09-06T00:00:00Z"",""semantic_key"":""a10:native-binding:m82467""}"
tables/native_bindings.jsonl,14,urn:uuid:27aa04c3-ce74-5380-b5e0-470b4a62ae18,native_binding,"{""dataset_id"":""urn:uuid:97a5d5e6-c756-5fcf-8b1d-412402caace7"",""id"":""urn:uuid:27aa04c3-ce74-5380-b5e0-470b4a62ae18"",""normalized_state"":""published"",""owner_authority_id"":""urn:uuid:7aa2ae30-7716-5b39-a47b-5ac2bdc9f035"",""owner_native_state"":""language_reviewed"",""payload"":{""body_prose_copied"":false,""native_bytes"":120955,""native_record_id"":""m82464"",""native_record_type"":""cnxml_module"",""native_sha256"":""e2f898bef5a31ad7d4626db53207cc05ea0863103f820b28914800570d8e2d94"",""native_source_path"":""work/translated-modules/m82464/index.cnxml"",""owner_id_preserved"":true,""projected_record_id"":""urn:uuid:00d5ee81-a2ab-5885-b01d-4416ea5a1d1a"",""projected_record_type"":""unit"",""source_namespace"":""openstax-cnxml-module-id/elementary-algebra-2e/id-ID/v1.0.3""},""record_type"":""native_binding"",""recorded_at"":""2026-09-06T00:00:00Z"",""semantic_key"":""a10:native-binding:m82464""}"
tables/native_bindings.jsonl,23,urn:uuid:2c9e27ed-e301-5583-816e-a1db33780136,native_binding,"{""dataset_id"":""urn:uuid:97a5d5e6-c756-5fcf-8b1d-412402caace7"",""id"":""urn:uuid:2c9e27ed-e301-5583-816e-a1db33780136"",""normalized_state"":""published"",""owner_authority_id"":""urn:uuid:7aa2ae30-7716-5b39-a47b-5ac2bdc9f035"",""owner_native_state"":""language_reviewed"",""payload"":{""body_prose_copied"":false,""native_bytes"":106172,""native_record_id"":""m82475"",""native_record_type"":""cnxml_module"",""native_sha256"":""2b91954d443f32383cdf52c360c1189ddb8ee89f5424f5f3e9dd30976a41dc29"",""native_source_path"":""work/translated-modules/m82475/index.cnxml"",""owner_id_preserved"":true,""projected_record_id"":""urn:uuid:2e2d9798-269b-5297-85f8-16ee773c0730"",""projected_record_type"":""unit"",""source_namespace"":""openstax-cnxml-module-id/elementary-algebra-2e/id-ID/v1.0.3""},""record_type"":""native_binding"",""recorded_at"":""2026-09-06T00:00:00Z"",""semantic_key"":""a10:native-binding:m82475""}"
tables/native_bindings.jsonl,54,urn:uuid:30654271-f7ef-589b-b7e4-cc4eab1dd8c6,native_binding,"{""dataset_id"":""urn:uuid:97a5d5e6-c756-5fcf-8b1d-412402caace7"",""id"":""urn:uuid:30654271-f7ef-589b-b7e4-cc4eab1dd8c6"",""normalized_state"":""published"",""owner_authority_id"":""urn:uuid:7aa2ae30-7716-5b39-a47b-5ac2bdc9f035"",""owner_native_state"":""language_reviewed"",""payload"":{""body_prose_copied"":false,""native_bytes"":1461,""native_record_id"":""m82531"",""native_record_type"":""cnxml_module"",""native_sha256"":""6ecdb9d08398e943a8897d38d502990108da10106b6f1b50e2461196ee1106e6"",""native_source_path"":""work/translated-modules/m82531/index.cnxml"",""owner_id_preserved"":true,""projected_record_id"":""urn:uuid:2f1f3efe-4f4f-5e69-9451-8b210b94b68a"",""projected_record_type"":""unit"",""source_namespace"":""openstax-cnxml-module-id/elementary-algebra-2e/id-ID/v1.0.3""},""record_type"":""native_binding"",""recorded_at"":""2026-09-06T00:00:00Z"",""semantic_key"":""a10:native-binding:m82531""}"
tables/native_bindings.jsonl,62,urn:uuid:3451d01d-10f6-5930-b07a-252bd413da8b,native_binding,"{""dataset_id"":""urn:uuid:97a5d5e6-c756-5fcf-8b1d-412402caace7"",""id"":""urn:uuid:3451d01d-10f6-5930-b07a-252bd413da8b"",""normalized_state"":""published"",""owner_authority_id"":""urn:uuid:7aa2ae30-7716-5b39-a47b-5ac2bdc9f035"",""owner_native_state"":""language_reviewed"",""payload"":{""body_prose_copied"":false,""native_bytes"":70445,""native_record_id"":""m82543"",""native_record_type"":""cnxml_module"",""native_sha256"":""dff048f110315d954d33bc54165b6ce6c1002053d38714bdb270d4923a38aea9"",""native_source_path"":""work/translated-modules/m82543/index.cnxml"",""owner_id_preserved"":true,""projected_record_id"":""urn:uuid:71c7a5a8-3019-5ce9-ba3e-106f1147999a"",""projected_record_type"":""unit"",""source_namespace"":""openstax-cnxml-module-id/elementary-algebra-2e/id-ID/v1.0.3""},""record_type"":""native_binding"",""recorded_at"":""2026-09-06T00:00:00Z"",""semantic_key"":""a10:native-binding:m82543""}"
tables/native_bindings.jsonl,17,urn:uuid:34b84f3c-edea-57ae-b0a1-c752f22a267e,native_binding,"{""dataset_id"":""urn:uuid:97a5d5e6-c756-5fcf-8b1d-412402caace7"",""id"":""urn:uuid:34b84f3c-edea-57ae-b0a1-c752f22a267e"",""normalized_state"":""published"",""owner_authority_id"":""urn:uuid:7aa2ae30-7716-5b39-a47b-5ac2bdc9f035"",""owner_native_state"":""language_reviewed"",""payload"":{""body_prose_copied"":false,""native_bytes"":96566,""native_record_id"":""m82468"",""native_record_type"":""cnxml_module"",""native_sha256"":""68875e23c39c70e180d2050699b0cb53fe27b7319ab338cb59fadb4dda8e0a4e"",""native_source_path"":""work/translated-modules/m82468/index.cnxml"",""owner_id_preserved"":true,""projected_record_id"":""urn:uuid:c6001bb0-e090-58da-9dbe-04fc98a1a9ac"",""projected_record_type"":""unit"",""source_namespace"":""openstax-cnxml-module-id/elementary-algebra-2e/id-ID/v1.0.3""},""record_type"":""native_binding"",""recorded_at"":""2026-09-06T00:00:00Z"",""semantic_key"":""a10:native-binding:m82468""}"
tables/native_bindings.jsonl,39,urn:uuid:34e670b5-5ced-52c1-8cc1-67ebce2a1818,native_binding,"{""dataset_id"":""urn:uuid:97a5d5e6-c756-5fcf-8b1d-412402caace7"",""id"":""urn:uuid:34e670b5-5ced-52c1-8cc1-67ebce2a1818"",""normalized_state"":""published"",""owner_authority_id"":""urn:uuid:7aa2ae30-7716-5b39-a47b-5ac2bdc9f035"",""owner_native_state"":""language_reviewed"",""payload"":{""body_prose_copied"":false,""native_bytes"":117484,""native_record_id"":""m82497"",""native_record_type"":""cnxml_module"",""native_sha256"":""a1f45936f3082257f36d1af9f400f337d941ecbe9afa114745a27f93e2f0e352"",""native_source_path"":""work/translated-modules/m82497/index.cnxml"",""owner_id_preserved"":true,""projected_record_id"":""urn:uuid:0d063f43-6543-58b6-b7c4-0c50edf24074"",""projected_record_type"":""unit"",""source_namespace"":""openstax-cnxml-module-id/elementary-algebra-2e/id-ID/v1.0.3""},""record_type"":""native_binding"",""recorded_at"":""2026-09-06T00:00:00Z"",""semantic_key"":""a10:native-binding:m82497""}"
tables/native_bindings.jsonl,25,urn:uuid:3555b8f7-9b75-577e-9a5a-479a91ade561,native_binding,"{""dataset_id"":""urn:uuid:97a5d5e6-c756-5fcf-8b1d-412402caace7"",""id"":""urn:uuid:3555b8f7-9b75-577e-9a5a-479a91ade561"",""normalized_state"":""published"",""owner_authority_id"":""urn:uuid:7aa2ae30-7716-5b39-a47b-5ac2bdc9f035"",""owner_native_state"":""language_reviewed"",""payload"":{""body_prose_copied"":false,""native_bytes"":72038,""native_record_id"":""m82477"",""native_record_type"":""cnxml_module"",""native_sha256"":""4199ceba1ed1b7d286136c3a21cebd0cd90fd94b228c6eecb95c69aa7c8f5f1e"",""native_source_path"":""work/translated-modules/m82477/index.cnxml"",""owner_id_preserved"":true,""projected_record_id"":""urn:uuid:2236cb36-cbea-53d7-b000-02a8bf6c6bca"",""projected_record_type"":""unit"",""source_namespace"":""openstax-cnxml-module-id/elementary-algebra-2e/id-ID/v1.0.3""},""record_type"":""native_binding"",""recorded_at"":""2026-09-06T00:00:00Z"",""semantic_key"":""a10:native-binding:m82477""}"
tables/native_bindings.jsonl,81,urn:uuid:3840a30e-bd2b-5796-a8f4-e48466ac9db2,native_binding,"{""dataset_id"":""urn:uuid:97a5d5e6-c756-5fcf-8b1d-412402caace7"",""id"":""urn:uuid:3840a30e-bd2b-5796-a8f4-e48466ac9db2"",""normalized_state"":""published"",""owner_authority_id"":""urn:uuid:7aa2ae30-7716-5b39-a47b-5ac2bdc9f035"",""owner_native_state"":""language_reviewed"",""payload"":{""body_prose_copied"":false,""native_bytes"":134789,""native_record_id"":""m82566"",""native_record_type"":""cnxml_module"",""native_sha256"":""40cdf12a1e823490e2b3924a648c2d432aa57b91a52dc1971e97072c83ff44e8"",""native_source_path"":""work/translated-modules/m82566/index.cnxml"",""owner_id_preserved"":true,""projected_record_id"":""urn:uuid:51c8a6e5-7968-5c00-9fbc-7d0d041a1fae"",""projected_record_type"":""unit"",""source_namespace"":""openstax-cnxml-module-id/elementary-algebra-2e/id-ID/v1.0.3""},""record_type"":""native_binding"",""recorded_at"":""2026-09-06T00:00:00Z"",""semantic_key"":""a10:native-binding:m82566""}"
tables/native_bindings.jsonl,20,urn:uuid:3a013176-cec2-52d9-954b-9a2c240780ef,native_binding,"{""dataset_id"":""urn:uuid:97a5d5e6-c756-5fcf-8b1d-412402caace7"",""id"":""urn:uuid:3a013176-cec2-52d9-954b-9a2c240780ef"",""normalized_state"":""published"",""owner_authority_id"":""urn:uuid:7aa2ae30-7716-5b39-a47b-5ac2bdc9f035"",""owner_native_state"":""language_reviewed"",""payload"":{""body_prose_copied"":false,""native_bytes"":1244,""native_record_id"":""m82471"",""native_record_type"":""cnxml_module"",""native_sha256"":""916324526c9f1d26742f8031dd17ce2e5f1cfddff1226b9acd85482f2883fcf8"",""native_source_path"":""work/translated-modules/m82471/index.cnxml"",""owner_id_preserved"":true,""projected_record_id"":""urn:uuid:18878f6f-af80-5678-9a43-7841dd5b5e95"",""projected_record_type"":""unit"",""source_namespace"":""openstax-cnxml-module-id/elementary-algebra-2e/id-ID/v1.0.3""},""record_type"":""native_binding"",""recorded_at"":""2026-09-06T00:00:00Z"",""semantic_key"":""a10:native-binding:m82471""}"
tables/native_bindings.jsonl,47,urn:uuid:3a6a9171-9616-571a-95fc-ce0ef2ced080,native_binding,"{""dataset_id"":""urn:uuid:97a5d5e6-c756-5fcf-8b1d-412402caace7"",""id"":""urn:uuid:3a6a9171-9616-571a-95fc-ce0ef2ced080"",""normalized_state"":""published"",""owner_authority_id"":""urn:uuid:7aa2ae30-7716-5b39-a47b-5ac2bdc9f035"",""owner_native_state"":""language_reviewed"",""payload"":{""body_prose_copied"":false,""native_bytes"":177954,""native_record_id"":""m82509"",""native_record_type"":""cnxml_module"",""native_sha256"":""b09b0bcf1ad15b1f01978c0af5566980101e88035f125cfaf322cdab1e76bc0e"",""native_source_path"":""work/translated-modules/m82509/index.cnxml"",""owner_id_preserved"":true,""projected_record_id"":""urn:uuid:451d3f38-8d1e-5635-a540-da7c4b53fcb5"",""projected_record_type"":""unit"",""source_namespace"":""openstax-cnxml-module-id/elementary-algebra-2e/id-ID/v1.0.3""},""record_type"":""native_binding"",""recorded_at"":""2026-09-06T00:00:00Z"",""semantic_key"":""a10:native-binding:m82509""}"
tables/native_bindings.jsonl,37,urn:uuid:3deeaecf-56f2-51eb-ad32-8f2b06b86557,native_binding,"{""dataset_id"":""urn:uuid:97a5d5e6-c756-5fcf-8b1d-412402caace7"",""id"":""urn:uuid:3deeaecf-56f2-51eb-ad32-8f2b06b86557"",""normalized_state"":""published"",""owner_authority_id"":""urn:uuid:7aa2ae30-7716-5b39-a47b-5ac2bdc9f035"",""owner_native_state"":""language_reviewed"",""payload"":{""body_prose_copied"":false,""native_bytes"":147408,""native_record_id"":""m82494"",""native_record_type"":""cnxml_module"",""native_sha256"":""a29dfef8690b4c95ba1be690bdc2c0dab1945d926c19ba66800f3413e069ccab"",""native_source_path"":""work/translated-modules/m82494/index.cnxml"",""owner_id_preserved"":true,""projected_record_id"":""urn:uuid:7923c1ff-76bf-59d3-ae07-5d9c157e484d"",""projected_record_type"":""unit"",""source_namespace"":""openstax-cnxml-module-id/elementary-algebra-2e/id-ID/v1.0.3""},""record_type"":""native_binding"",""recorded_at"":""2026-09-06T00:00:00Z"",""semantic_key"":""a10:native-binding:m82494""}"
tables/native_bindings.jsonl,76,urn:uuid:404eace0-615e-5120-af61-9ef81f855065,native_binding,"{""dataset_id"":""urn:uuid:97a5d5e6-c756-5fcf-8b1d-412402caace7"",""id"":""urn:uuid:404eace0-615e-5120-af61-9ef81f855065"",""normalized_state"":""published"",""owner_authority_id"":""urn:uuid:7aa2ae30-7716-5b39-a47b-5ac2bdc9f035"",""owner_native_state"":""language_reviewed"",""payload"":{""body_prose_copied"":false,""native_bytes"":81228,""native_record_id"":""m82558"",""native_record_type"":""cnxml_module"",""native_sha256"":""ee4b480ffdf28870b3ae6dced846fdbff414b3bf49618e249780a59ff435ebd1"",""native_source_path"":""work/translated-modules/m82558/index.cnxml"",""owner_id_preserved"":true,""projected_record_id"":""urn:uuid:e40d2345-1d00-51f2-a451-952c8f8293f2"",""projected_record_type"":""unit"",""source_namespace"":""openstax-cnxml-module-id/elementary-algebra-2e/id-ID/v1.0.3""},""record_type"":""native_binding"",""recorded_at"":""2026-09-06T00:00:00Z"",""semantic_key"":""a10:native-binding:m82558""}"
tables/native_bindings.jsonl,78,urn:uuid:4332ae36-b307-582c-b09f-4bf195ab7105,native_binding,"{""dataset_id"":""urn:uuid:97a5d5e6-c756-5fcf-8b1d-412402caace7"",""id"":""urn:uuid:4332ae36-b307-582c-b09f-4bf195ab7105"",""normalized_state"":""published"",""owner_authority_id"":""urn:uuid:7aa2ae30-7716-5b39-a47b-5ac2bdc9f035"",""owner_native_state"":""language_reviewed"",""payload"":{""body_prose_copied"":false,""native_bytes"":173001,""native_record_id"":""m82560"",""native_record_type"":""cnxml_module"",""native_sha256"":""eb64bad26f388ce8b75bb2f465691c35449464e35bfcae58eb30d03bac1331f9"",""native_source_path"":""work/translated-modules/m82560/index.cnxml"",""owner_id_preserved"":true,""projected_record_id"":""urn:uuid:218c44d4-c056-520d-bb50-8b0eb24a1289"",""projected_record_type"":""unit"",""source_namespace"":""openstax-cnxml-module-id/elementary-algebra-2e/id-ID/v1.0.3""},""record_type"":""native_binding"",""recorded_at"":""2026-09-06T00:00:00Z"",""semantic_key"":""a10:native-binding:m82560""}"
tables/native_bindings.jsonl,24,urn:uuid:45680c3f-e786-54d8-bd42-be2d0f15e8be,native_binding,"{""dataset_id"":""urn:uuid:97a5d5e6-c756-5fcf-8b1d-412402caace7"",""id"":""urn:uuid:45680c3f-e786-54d8-bd42-be2d0f15e8be"",""normalized_state"":""published"",""owner_authority_id"":""urn:uuid:7aa2ae30-7716-5b39-a47b-5ac2bdc9f035"",""owner_native_state"":""language_reviewed"",""payload"":{""body_prose_copied"":false,""native_bytes"":141836,""native_record_id"":""m82476"",""native_record_type"":""cnxml_module"",""native_sha256"":""07cd5b14032e455531716ad0a47f417984a5dbdd2eded39b9b2fd2322df08c2b"",""native_source_path"":""work/translated-modules/m82476/index.cnxml"",""owner_id_preserved"":true,""projected_record_id"":""urn:uuid:13ac7579-67f7-5d69-b48d-7f5260bbeea7"",""projected_record_type"":""unit"",""source_namespace"":""openstax-cnxml-module-id/elementary-algebra-2e/id-ID/v1.0.3""},""record_type"":""native_binding"",""recorded_at"":""2026-09-06T00:00:00Z"",""semantic_key"":""a10:native-binding:m82476""}"
tables/native_bindings.jsonl,21,urn:uuid:4592069b-3949-50af-8d24-0336fcba94f0,native_binding,"{""dataset_id"":""urn:uuid:97a5d5e6-c756-5fcf-8b1d-412402caace7"",""id"":""urn:uuid:4592069b-3949-50af-8d24-0336fcba94f0"",""normalized_state"":""published"",""owner_authority_id"":""urn:uuid:7aa2ae30-7716-5b39-a47b-5ac2bdc9f035"",""owner_native_state"":""language_reviewed"",""payload"":{""body_prose_copied"":false,""native_bytes"":109599,""native_record_id"":""m82472"",""native_record_type"":""cnxml_module"",""native_sha256"":""82f3d4419a2bd3cdef3db3574197abe8a44ccc08e50eb4b25b3ccefc3743e39f"",""native_source_path"":""work/translated-modules/m82472/index.cnxml"",""owner_id_preserved"":true,""projected_record_id"":""urn:uuid:1f664893-dca1-5546-9c1c-9814f93229f3"",""projected_record_type"":""unit"",""source_namespace"":""openstax-cnxml-module-id/elementary-algebra-2e/id-ID/v1.0.3""},""record_type"":""native_binding"",""recorded_at"":""2026-09-06T00:00:00Z"",""semantic_key"":""a10:native-binding:m82472""}"
tables/native_bindings.jsonl,9,urn:uuid:4696be68-4dce-5f1a-ab3d-3316df2c14e7,native_binding,"{""dataset_id"":""urn:uuid:97a5d5e6-c756-5fcf-8b1d-412402caace7"",""id"":""urn:uuid:4696be68-4dce-5f1a-ab3d-3316df2c14e7"",""normalized_state"":""published"",""owner_authority_id"":""urn:uuid:7aa2ae30-7716-5b39-a47b-5ac2bdc9f035"",""owner_native_state"":""language_reviewed"",""payload"":{""body_prose_copied"":false,""native_bytes"":137449,""native_record_id"":""m82459"",""native_record_type"":""cnxml_module"",""native_sha256"":""3c3ec2181f98820713a523ac32bd7206ef5805d298b000ec9d5e3fe59ae88a73"",""native_source_path"":""work/translated-modules/m82459/index.cnxml"",""owner_id_preserved"":true,""projected_record_id"":""urn:uuid:74afde90-4a7c-5faa-b959-ab847bc7d271"",""projected_record_type"":""unit"",""source_namespace"":""openstax-cnxml-module-id/elementary-algebra-2e/id-ID/v1.0.3""},""record_type"":""native_binding"",""recorded_at"":""2026-09-06T00:00:00Z"",""semantic_key"":""a10:native-binding:m82459""}"
tables/native_bindings.jsonl,19,urn:uuid:4809d9cd-d037-5cbb-9f45-1320f9ca3402,native_binding,"{""dataset_id"":""urn:uuid:97a5d5e6-c756-5fcf-8b1d-412402caace7"",""id"":""urn:uuid:4809d9cd-d037-5cbb-9f45-1320f9ca3402"",""normalized_state"":""published"",""owner_authority_id"":""urn:uuid:7aa2ae30-7716-5b39-a47b-5ac2bdc9f035"",""owner_native_state"":""language_reviewed"",""payload"":{""body_prose_copied"":false,""native_bytes"":238265,""native_record_id"":""m82470"",""native_record_type"":""cnxml_module"",""native_sha256"":""1dc6e3e6a97a62a840f8533dc192333699d94643ef62a454786f5a14440c0980"",""native_source_path"":""work/translated-modules/m82470/index.cnxml"",""owner_id_preserved"":true,""projected_record_id"":""urn:uuid:ad2d8223-0f68-5610-88b2-ae6a3620901e"",""projected_record_type"":""unit"",""source_namespace"":""openstax-cnxml-module-id/elementary-algebra-2e/id-ID/v1.0.3""},""record_type"":""native_binding"",""recorded_at"":""2026-09-06T00:00:00Z"",""semantic_key"":""a10:native-binding:m82470""}"
tables/native_bindings.jsonl,6,urn:uuid:4d6336bf-82f3-559c-b39d-babb4a7138ba,native_binding,"{""dataset_id"":""urn:uuid:97a5d5e6-c756-5fcf-8b1d-412402caace7"",""id"":""urn:uuid:4d6336bf-82f3-559c-b39d-babb4a7138ba"",""normalized_state"":""published"",""owner_authority_id"":""urn:uuid:7aa2ae30-7716-5b39-a47b-5ac2bdc9f035"",""owner_native_state"":""language_reviewed"",""payload"":{""body_prose_copied"":false,""native_bytes"":121474,""native_record_id"":""m82456"",""native_record_type"":""cnxml_module"",""native_sha256"":""187471e798c1dec3f0d99943ab24c9be4b88671b44cedc64a93281a8091bc6c6"",""native_source_path"":""work/translated-modules/m82456/index.cnxml"",""owner_id_preserved"":true,""projected_record_id"":""urn:uuid:bbe47adf-c606-5eb6-9e22-afce7e42f9b1"",""projected_record_type"":""unit"",""source_namespace"":""openstax-cnxml-module-id/elementary-algebra-2e/id-ID/v1.0.3""},""record_type"":""native_binding"",""recorded_at"":""2026-09-06T00:00:00Z"",""semantic_key"":""a10:native-binding:m82456""}"
tables/native_bindings.jsonl,70,urn:uuid:4db67a3a-e002-5799-80cd-1e7e3e39b77e,native_binding,"{""dataset_id"":""urn:uuid:97a5d5e6-c756-5fcf-8b1d-412402caace7"",""id"":""urn:uuid:4db67a3a-e002-5799-80cd-1e7e3e39b77e"",""normalized_state"":""published"",""owner_authority_id"":""urn:uuid:7aa2ae30-7716-5b39-a47b-5ac2bdc9f035"",""owner_native_state"":""language_reviewed"",""payload"":{""body_prose_copied"":false,""native_bytes"":181011,""native_record_id"":""m82552"",""native_record_type"":""cnxml_module"",""native_sha256"":""9db720ace24182557b7c034e7c2c97e0b83241523cc512a8d6e86e5bf227a760"",""native_source_path"":""work/translated-modules/m82552/index.cnxml"",""owner_id_preserved"":true,""projected_record_id"":""urn:uuid:7ae17e04-bf99-5bd4-bd1b-aa0e4129ff67"",""projected_record_type"":""unit"",""source_namespace"":""openstax-cnxml-module-id/elementary-algebra-2e/id-ID/v1.0.3""},""record_type"":""native_binding"",""recorded_at"":""2026-09-06T00:00:00Z"",""semantic_key"":""a10:native-binding:m82552""}"
tables/native_bindings.jsonl,40,urn:uuid:50fcbc85-5ca6-5e34-828b-14613d96c45a,native_binding,"{""dataset_id"":""urn:uuid:97a5d5e6-c756-5fcf-8b1d-412402caace7"",""id"":""urn:uuid:50fcbc85-5ca6-5e34-828b-14613d96c45a"",""normalized_state"":""published"",""owner_authority_id"":""urn:uuid:7aa2ae30-7716-5b39-a47b-5ac2bdc9f035"",""owner_native_state"":""language_reviewed"",""payload"":{""body_prose_copied"":false,""native_bytes"":89077,""native_record_id"":""m82498"",""native_record_type"":""cnxml_module"",""native_sha256"":""c62e9f64e40e4475d82cb36704c92f68d5c2ae4fd0b4791574b41be83848f821"",""native_source_path"":""work/translated-modules/m82498/index.cnxml"",""owner_id_preserved"":true,""projected_record_id"":""urn:uuid:edd3dbf7-bf56-506d-947f-f26692c8330f"",""projected_record_type"":""unit"",""source_namespace"":""openstax-cnxml-module-id/elementary-algebra-2e/id-ID/v1.0.3""},""record_type"":""native_binding"",""recorded_at"":""2026-09-06T00:00:00Z"",""semantic_key"":""a10:native-binding:m82498""}"
tables/native_bindings.jsonl,46,urn:uuid:522fe19f-9e75-52e5-a3ae-75431a60c0a3,native_binding,"{""dataset_id"":""urn:uuid:97a5d5e6-c756-5fcf-8b1d-412402caace7"",""id"":""urn:uuid:522fe19f-9e75-52e5-a3ae-75431a60c0a3"",""normalized_state"":""published"",""owner_authority_id"":""urn:uuid:7aa2ae30-7716-5b39-a47b-5ac2bdc9f035"",""owner_native_state"":""language_reviewed"",""payload"":{""body_prose_copied"":false,""native_bytes"":134407,""native_record_id"":""m82508"",""native_record_type"":""cnxml_module"",""native_sha256"":""bc3247b19d02e763bc72ea8a03581aa22827111eea8a542027d6e52580260827"",""native_source_path"":""work/translated-modules/m82508/index.cnxml"",""owner_id_preserved"":true,""projected_record_id"":""urn:uuid:64bb8a0d-da3c-56c2-9336-87354b0bc173"",""projected_record_type"":""unit"",""source_namespace"":""openstax-cnxml-module-id/elementary-algebra-2e/id-ID/v1.0.3""},""record_type"":""native_binding"",""recorded_at"":""2026-09-06T00:00:00Z"",""semantic_key"":""a10:native-binding:m82508""}"
tables/native_bindings.jsonl,58,urn:uuid:534d82a4-a1a6-5329-9d2f-b0af52dd4b5a,native_binding,"{""dataset_id"":""urn:uuid:97a5d5e6-c756-5fcf-8b1d-412402caace7"",""id"":""urn:uuid:534d82a4-a1a6-5329-9d2f-b0af52dd4b5a"",""normalized_state"":""published"",""owner_authority_id"":""urn:uuid:7aa2ae30-7716-5b39-a47b-5ac2bdc9f035"",""owner_native_state"":""language_reviewed"",""payload"":{""body_prose_copied"":false,""native_bytes"":156356,""native_record_id"":""m82535"",""native_record_type"":""cnxml_module"",""native_sha256"":""ed6b7ae24af707c12838be936ea1c26c82d639f9eee22492532ab15b20f3bb3e"",""native_source_path"":""work/translated-modules/m82535/index.cnxml"",""owner_id_preserved"":true,""projected_record_id"":""urn:uuid:6de60b3d-64b5-5ba6-a4ce-4478288e007c"",""projected_record_type"":""unit"",""source_namespace"":""openstax-cnxml-module-id/elementary-algebra-2e/id-ID/v1.0.3""},""record_type"":""native_binding"",""recorded_at"":""2026-09-06T00:00:00Z"",""semantic_key"":""a10:native-binding:m82535""}"
tables/native_bindings.jsonl,56,urn:uuid:57294796-b89c-552d-8dc8-f6d4c6bc50fc,native_binding,"{""dataset_id"":""urn:uuid:97a5d5e6-c756-5fcf-8b1d-412402caace7"",""id"":""urn:uuid:57294796-b89c-552d-8dc8-f6d4c6bc50fc"",""normalized_state"":""published"",""owner_authority_id"":""urn:uuid:7aa2ae30-7716-5b39-a47b-5ac2bdc9f035"",""owner_native_state"":""language_reviewed"",""payload"":{""body_prose_copied"":false,""native_bytes"":141510,""native_record_id"":""m82533"",""native_record_type"":""cnxml_module"",""native_sha256"":""0d0a0e9d012ea3cc6fd26e3f3aecce29ce04137a2a6e2564fd9b30cc5a89796d"",""native_source_path"":""work/translated-modules/m82533/index.cnxml"",""owner_id_preserved"":true,""projected_record_id"":""urn:uuid:17a1095f-ca7c-5140-94a2-8bfef48d2f78"",""projected_record_type"":""unit"",""source_namespace"":""openstax-cnxml-module-id/elementary-algebra-2e/id-ID/v1.0.3""},""record_type"":""native_binding"",""recorded_at"":""2026-09-06T00:00:00Z"",""semantic_key"":""a10:native-binding:m82533""}"
tables/native_bindings.jsonl,12,urn:uuid:585dd164-b4ca-5089-b35e-8bbb7a40beae,native_binding,"{""dataset_id"":""urn:uuid:97a5d5e6-c756-5fcf-8b1d-412402caace7"",""id"":""urn:uuid:585dd164-b4ca-5089-b35e-8bbb7a40beae"",""normalized_state"":""published"",""owner_authority_id"":""urn:uuid:7aa2ae30-7716-5b39-a47b-5ac2bdc9f035"",""owner_native_state"":""language_reviewed"",""payload"":{""body_prose_copied"":false,""native_bytes"":1332,""native_record_id"":""m82462"",""native_record_type"":""cnxml_module"",""native_sha256"":""bd226bd3d2e0db240907809772ae70806c7a00278c3be35161aefe549086b452"",""native_source_path"":""work/translated-modules/m82462/index.cnxml"",""owner_id_preserved"":true,""projected_record_id"":""urn:uuid:a16ddaa1-8382-5a8f-93e5-de8e3fc3b20b"",""projected_record_type"":""unit"",""source_namespace"":""openstax-cnxml-module-id/elementary-algebra-2e/id-ID/v1.0.3""},""record_type"":""native_binding"",""recorded_at"":""2026-09-06T00:00:00Z"",""semantic_key"":""a10:native-binding:m82462""}"
tables/native_bindings.jsonl,31,urn:uuid:5c30e1f9-aedb-5e78-ba8f-7247b564aeea,native_binding,"{""dataset_id"":""urn:uuid:97a5d5e6-c756-5fcf-8b1d-412402caace7"",""id"":""urn:uuid:5c30e1f9-aedb-5e78-ba8f-7247b564aeea"",""normalized_state"":""published"",""owner_authority_id"":""urn:uuid:7aa2ae30-7716-5b39-a47b-5ac2bdc9f035"",""owner_native_state"":""language_reviewed"",""payload"":{""body_prose_copied"":false,""native_bytes"":160353,""native_record_id"":""m82483"",""native_record_type"":""cnxml_module"",""native_sha256"":""d84850f92c9bcd96458b03d02991452b92b1501db7df39112e5cd412e33b4aad"",""native_source_path"":""work/translated-modules/m82483/index.cnxml"",""owner_id_preserved"":true,""projected_record_id"":""urn:uuid:6af1b6ab-65ea-5418-a14d-c7687efbaef8"",""projected_record_type"":""unit"",""source_namespace"":""openstax-cnxml-module-id/elementary-algebra-2e/id-ID/v1.0.3""},""record_type"":""native_binding"",""recorded_at"":""2026-09-06T00:00:00Z"",""semantic_key"":""a10:native-binding:m82483""}"
tables/native_bindings.jsonl,80,urn:uuid:5ffe8fcb-980b-5612-8ab7-ad4103a1bff2,native_binding,"{""dataset_id"":""urn:uuid:97a5d5e6-c756-5fcf-8b1d-412402caace7"",""id"":""urn:uuid:5ffe8fcb-980b-5612-8ab7-ad4103a1bff2"",""normalized_state"":""published"",""owner_authority_id"":""urn:uuid:7aa2ae30-7716-5b39-a47b-5ac2bdc9f035"",""owner_native_state"":""language_reviewed"",""payload"":{""body_prose_copied"":false,""native_bytes"":113133,""native_record_id"":""m82564"",""native_record_type"":""cnxml_module"",""native_sha256"":""fbdba37d1aa845ed400425467d22edecaae4ca27744567447c415963b7a21fb9"",""native_source_path"":""work/translated-modules/m82564/index.cnxml"",""owner_id_preserved"":true,""projected_record_id"":""urn:uuid:cf8fc5c8-3879-5d84-b664-6ca66516b7f0"",""projected_record_type"":""unit"",""source_namespace"":""openstax-cnxml-module-id/elementary-algebra-2e/id-ID/v1.0.3""},""record_type"":""native_binding"",""recorded_at"":""2026-09-06T00:00:00Z"",""semantic_key"":""a10:native-binding:m82564""}"
tables/native_bindings.jsonl,69,urn:uuid:63652f82-1d03-5a58-8147-8b1dd7717c1e,native_binding,"{""dataset_id"":""urn:uuid:97a5d5e6-c756-5fcf-8b1d-412402caace7"",""id"":""urn:uuid:63652f82-1d03-5a58-8147-8b1dd7717c1e"",""normalized_state"":""published"",""owner_authority_id"":""urn:uuid:7aa2ae30-7716-5b39-a47b-5ac2bdc9f035"",""owner_native_state"":""language_reviewed"",""payload"":{""body_prose_copied"":false,""native_bytes"":130920,""native_record_id"":""m82551"",""native_record_type"":""cnxml_module"",""native_sha256"":""b3cb4529930a97f9dba8d0d0931e91d35977449b2eed2ddfb8d329da4d267eda"",""native_source_path"":""work/translated-modules/m82551/index.cnxml"",""owner_id_preserved"":true,""projected_record_id"":""urn:uuid:5a99e7a3-7453-5fa2-98b1-16e2bc1e3fb2"",""projected_record_type"":""unit"",""source_namespace"":""openstax-cnxml-module-id/elementary-algebra-2e/id-ID/v1.0.3""},""record_type"":""native_binding"",""recorded_at"":""2026-09-06T00:00:00Z"",""semantic_key"":""a10:native-binding:m82551""}"
tables/native_bindings.jsonl,55,urn:uuid:6380d76f-c2ad-5b24-9f0f-8ae54313136f,native_binding,"{""dataset_id"":""urn:uuid:97a5d5e6-c756-5fcf-8b1d-412402caace7"",""id"":""urn:uuid:6380d76f-c2ad-5b24-9f0f-8ae54313136f"",""normalized_state"":""published"",""owner_authority_id"":""urn:uuid:7aa2ae30-7716-5b39-a47b-5ac2bdc9f035"",""owner_native_state"":""language_reviewed"",""payload"":{""body_prose_copied"":false,""native_bytes"":167123,""native_record_id"":""m82532"",""native_record_type"":""cnxml_module"",""native_sha256"":""6c4450305d00d043ae4599d3b58fff70338dd3fb7ece7af4617a0961513f7259"",""native_source_path"":""work/translated-modules/m82532/index.cnxml"",""owner_id_preserved"":true,""projected_record_id"":""urn:uuid:bf6b7ee9-b51e-59d5-bb07-08ad4945dd9b"",""projected_record_type"":""unit"",""source_namespace"":""openstax-cnxml-module-id/elementary-algebra-2e/id-ID/v1.0.3""},""record_type"":""native_binding"",""recorded_at"":""2026-09-06T00:00:00Z"",""semantic_key"":""a10:native-binding:m82532""}"
tables/native_bindings.jsonl,52,urn:uuid:669fed73-ebed-5f7b-9b8d-a3d58abb4139,native_binding,"{""dataset_id"":""urn:uuid:97a5d5e6-c756-5fcf-8b1d-412402caace7"",""id"":""urn:uuid:669fed73-ebed-5f7b-9b8d-a3d58abb4139"",""normalized_state"":""published"",""owner_authority_id"":""urn:uuid:7aa2ae30-7716-5b39-a47b-5ac2bdc9f035"",""owner_native_state"":""language_reviewed"",""payload"":{""body_prose_copied"":false,""native_bytes"":85777,""native_record_id"":""m82529"",""native_record_type"":""cnxml_module"",""native_sha256"":""6d99ac8ddfebbb779f2cbd13e9ad33fdb7bba7d11386c81d75cc16f249ae3d8e"",""native_source_path"":""work/translated-modules/m82529/index.cnxml"",""owner_id_preserved"":true,""projected_record_id"":""urn:uuid:f1fbb460-65fe-5812-90c9-346f4312ef0a"",""projected_record_type"":""unit"",""source_namespace"":""openstax-cnxml-module-id/elementary-algebra-2e/id-ID/v1.0.3""},""record_type"":""native_binding"",""recorded_at"":""2026-09-06T00:00:00Z"",""semantic_key"":""a10:native-binding:m82529""}"
tables/native_bindings.jsonl,64,urn:uuid:69924bf7-5e8b-5021-9fd4-6278176b1b6d,native_binding,"{""dataset_id"":""urn:uuid:97a5d5e6-c756-5fcf-8b1d-412402caace7"",""id"":""urn:uuid:69924bf7-5e8b-5021-9fd4-6278176b1b6d"",""normalized_state"":""published"",""owner_authority_id"":""urn:uuid:7aa2ae30-7716-5b39-a47b-5ac2bdc9f035"",""owner_native_state"":""language_reviewed"",""payload"":{""body_prose_copied"":false,""native_bytes"":79004,""native_record_id"":""m82545"",""native_record_type"":""cnxml_module"",""native_sha256"":""0b06e6805c80600a1d8e5257f0a96ccb0ffde447796caba10dc4629ac270aca8"",""native_source_path"":""work/translated-modules/m82545/index.cnxml"",""owner_id_preserved"":true,""projected_record_id"":""urn:uuid:d647a6ea-657f-5fdb-b81f-781172a7df89"",""projected_record_type"":""unit"",""source_namespace"":""openstax-cnxml-module-id/elementary-algebra-2e/id-ID/v1.0.3""},""record_type"":""native_binding"",""recorded_at"":""2026-09-06T00:00:00Z"",""semantic_key"":""a10:native-binding:m82545""}"
tables/native_bindings.jsonl,68,urn:uuid:7126d6ca-3bb9-53fa-925a-921fbaedff56,native_binding,"{""dataset_id"":""urn:uuid:97a5d5e6-c756-5fcf-8b1d-412402caace7"",""id"":""urn:uuid:7126d6ca-3bb9-53fa-925a-921fbaedff56"",""normalized_state"":""published"",""owner_authority_id"":""urn:uuid:7aa2ae30-7716-5b39-a47b-5ac2bdc9f035"",""owner_native_state"":""language_reviewed"",""payload"":{""body_prose_copied"":false,""native_bytes"":114294,""native_record_id"":""m82550"",""native_record_type"":""cnxml_module"",""native_sha256"":""1960db530a6009ebe911e1e0f3c4c89e50c46490454462566f05fb093e7c9ef7"",""native_source_path"":""work/translated-modules/m82550/index.cnxml"",""owner_id_preserved"":true,""projected_record_id"":""urn:uuid:5a8f8f55-d233-550d-a25e-1a10d0bb418f"",""projected_record_type"":""unit"",""source_namespace"":""openstax-cnxml-module-id/elementary-algebra-2e/id-ID/v1.0.3""},""record_type"":""native_binding"",""recorded_at"":""2026-09-06T00:00:00Z"",""semantic_key"":""a10:native-binding:m82550""}"
tables/native_bindings.jsonl,2,urn:uuid:75f4e355-9b0a-574e-a3d7-9fef91971bee,native_binding,"{""dataset_id"":""urn:uuid:97a5d5e6-c756-5fcf-8b1d-412402caace7"",""id"":""urn:uuid:75f4e355-9b0a-574e-a3d7-9fef91971bee"",""normalized_state"":""published"",""owner_authority_id"":""urn:uuid:7aa2ae30-7716-5b39-a47b-5ac2bdc9f035"",""owner_native_state"":""language_reviewed"",""payload"":{""body_prose_copied"":false,""native_bytes"":119470,""native_record_id"":""m82452"",""native_record_type"":""cnxml_module"",""native_sha256"":""b270119a94289e1226896d7b167f94def4201a0ceb7a9a4578666eaca59091a6"",""native_source_path"":""work/translated-modules/m82452/index.cnxml"",""owner_id_preserved"":true,""projected_record_id"":""urn:uuid:20941cb5-b8b2-5d84-9466-081ed71894fe"",""projected_record_type"":""unit"",""source_namespace"":""openstax-cnxml-module-id/elementary-algebra-2e/id-ID/v1.0.3""},""record_type"":""native_binding"",""recorded_at"":""2026-09-06T00:00:00Z"",""semantic_key"":""a10:native-binding:m82452""}"
tables/native_bindings.jsonl,33,urn:uuid:78ae7c00-8922-5380-ada1-9ac99d026a6f,native_binding,"{""dataset_id"":""urn:uuid:97a5d5e6-c756-5fcf-8b1d-412402caace7"",""id"":""urn:uuid:78ae7c00-8922-5380-ada1-9ac99d026a6f"",""normalized_state"":""published"",""owner_authority_id"":""urn:uuid:7aa2ae30-7716-5b39-a47b-5ac2bdc9f035"",""owner_native_state"":""language_reviewed"",""payload"":{""body_prose_copied"":false,""native_bytes"":156592,""native_record_id"":""m82486"",""native_record_type"":""cnxml_module"",""native_sha256"":""0f1da7f18f569971bf2fbf6175d4303724c952e554392539ac2f6ea603ab221a"",""native_source_path"":""work/translated-modules/m82486/index.cnxml"",""owner_id_preserved"":true,""projected_record_id"":""urn:uuid:6e611059-69d4-5ef8-9246-902e6c768e58"",""projected_record_type"":""unit"",""source_namespace"":""openstax-cnxml-module-id/elementary-algebra-2e/id-ID/v1.0.3""},""record_type"":""native_binding"",""recorded_at"":""2026-09-06T00:00:00Z"",""semantic_key"":""a10:native-binding:m82486""}"
tables/native_bindings.jsonl,77,urn:uuid:7a431aa0-e879-5cb7-8a6c-0f44ddf9f91e,native_binding,"{""dataset_id"":""urn:uuid:97a5d5e6-c756-5fcf-8b1d-412402caace7"",""id"":""urn:uuid:7a431aa0-e879-5cb7-8a6c-0f44ddf9f91e"",""normalized_state"":""published"",""owner_authority_id"":""urn:uuid:7aa2ae30-7716-5b39-a47b-5ac2bdc9f035"",""owner_native_state"":""language_reviewed"",""payload"":{""body_prose_copied"":false,""native_bytes"":288017,""native_record_id"":""m82559"",""native_record_type"":""cnxml_module"",""native_sha256"":""e694eddc2b106b6c64fe5e9adccd8b8fd0d2b31aa08410ef6101861cfa639928"",""native_source_path"":""work/translated-modules/m82559/index.cnxml"",""owner_id_preserved"":true,""projected_record_id"":""urn:uuid:bea45432-16c8-56df-bbcf-aaf42055865a"",""projected_record_type"":""unit"",""source_namespace"":""openstax-cnxml-module-id/elementary-algebra-2e/id-ID/v1.0.3""},""record_type"":""native_binding"",""recorded_at"":""2026-09-06T00:00:00Z"",""semantic_key"":""a10:native-binding:m82559""}"
tables/native_bindings.jsonl,82,urn:uuid:7b154062-a6c9-57d2-bb2b-c5d2fabdc310,native_binding,"{""dataset_id"":""urn:uuid:97a5d5e6-c756-5fcf-8b1d-412402caace7"",""id"":""urn:uuid:7b154062-a6c9-57d2-bb2b-c5d2fabdc310"",""normalized_state"":""published"",""owner_authority_id"":""urn:uuid:7aa2ae30-7716-5b39-a47b-5ac2bdc9f035"",""owner_native_state"":""language_reviewed"",""payload"":{""body_prose_copied"":false,""native_bytes"":23915,""native_record_id"":""m82630"",""native_record_type"":""cnxml_module"",""native_sha256"":""058baa7dfa8bba18694373c8ab48058a49ac4d98dd5b8e3a19822a37847ce173"",""native_source_path"":""work/translated-modules/m82630/index.cnxml"",""owner_id_preserved"":true,""projected_record_id"":""urn:uuid:c49dc470-88fb-5b13-b15c-d21d22f7859d"",""projected_record_type"":""unit"",""source_namespace"":""openstax-cnxml-module-id/elementary-algebra-2e/id-ID/v1.0.3""},""record_type"":""native_binding"",""recorded_at"":""2026-09-06T00:00:00Z"",""semantic_key"":""a10:native-binding:m82630""}"
tables/native_bindings.jsonl,7,urn:uuid:8964159f-e739-555c-8eec-e9bcb9cf9cdd,native_binding,"{""dataset_id"":""urn:uuid:97a5d5e6-c756-5fcf-8b1d-412402caace7"",""id"":""urn:uuid:8964159f-e739-555c-8eec-e9bcb9cf9cdd"",""normalized_state"":""published"",""owner_authority_id"":""urn:uuid:7aa2ae30-7716-5b39-a47b-5ac2bdc9f035"",""owner_native_state"":""language_reviewed"",""payload"":{""body_prose_copied"":false,""native_bytes"":131616,""native_record_id"":""m82457"",""native_record_type"":""cnxml_module"",""native_sha256"":""f47ddb03cd301ff18829ac50d26d06af99f20d73a3288ecf00196e0c2e6e0466"",""native_source_path"":""work/translated-modules/m82457/index.cnxml"",""owner_id_preserved"":true,""projected_record_id"":""urn:uuid:fd0d1fe2-c7b1-59ea-83a3-2548556bf22b"",""projected_record_type"":""unit"",""source_namespace"":""openstax-cnxml-module-id/elementary-algebra-2e/id-ID/v1.0.3""},""record_type"":""native_binding"",""recorded_at"":""2026-09-06T00:00:00Z"",""semantic_key"":""a10:native-binding:m82457""}"
tables/native_bindings.jsonl,71,urn:uuid:8ab3c855-06a0-5788-b1ee-97a63219d675,native_binding,"{""dataset_id"":""urn:uuid:97a5d5e6-c756-5fcf-8b1d-412402caace7"",""id"":""urn:uuid:8ab3c855-06a0-5788-b1ee-97a63219d675"",""normalized_state"":""published"",""owner_authority_id"":""urn:uuid:7aa2ae30-7716-5b39-a47b-5ac2bdc9f035"",""owner_native_state"":""language_reviewed"",""payload"":{""body_prose_copied"":false,""native_bytes"":301949,""native_record_id"":""m82553"",""native_record_type"":""cnxml_module"",""native_sha256"":""a0bd2798db4c137ee2072a3ea19084622ae5c9dd2637ffa799f0ac2f64f216d9"",""native_source_path"":""work/translated-modules/m82553/index.cnxml"",""owner_id_preserved"":true,""projected_record_id"":""urn:uuid:3064832d-cca3-55f3-b0e1-216e00b366c0"",""projected_record_type"":""unit"",""source_namespace"":""openstax-cnxml-module-id/elementary-algebra-2e/id-ID/v1.0.3""},""record_type"":""native_binding"",""recorded_at"":""2026-09-06T00:00:00Z"",""semantic_key"":""a10:native-binding:m82553""}"
tables/native_bindings.jsonl,42,urn:uuid:8ef83ddf-89fe-50dd-83cd-f251e2f9741e,native_binding,"{""dataset_id"":""urn:uuid:97a5d5e6-c756-5fcf-8b1d-412402caace7"",""id"":""urn:uuid:8ef83ddf-89fe-50dd-83cd-f251e2f9741e"",""normalized_state"":""published"",""owner_authority_id"":""urn:uuid:7aa2ae30-7716-5b39-a47b-5ac2bdc9f035"",""owner_native_state"":""language_reviewed"",""payload"":{""body_prose_copied"":false,""native_bytes"":1390,""native_record_id"":""m82500"",""native_record_type"":""cnxml_module"",""native_sha256"":""54005ceaf3d6157c484e577ecef7c53c5dd041faa5f591c24b2bd4b22c507e7c"",""native_source_path"":""work/translated-modules/m82500/index.cnxml"",""owner_id_preserved"":true,""projected_record_id"":""urn:uuid:e8ce8313-3426-56b0-895b-82c187491b81"",""projected_record_type"":""unit"",""source_namespace"":""openstax-cnxml-module-id/elementary-algebra-2e/id-ID/v1.0.3""},""record_type"":""native_binding"",""recorded_at"":""2026-09-06T00:00:00Z"",""semantic_key"":""a10:native-binding:m82500""}"
tables/native_bindings.jsonl,11,urn:uuid:92100e86-d4f1-539b-8027-a1556f260200,native_binding,"{""dataset_id"":""urn:uuid:97a5d5e6-c756-5fcf-8b1d-412402caace7"",""id"":""urn:uuid:92100e86-d4f1-539b-8027-a1556f260200"",""normalized_state"":""published"",""owner_authority_id"":""urn:uuid:7aa2ae30-7716-5b39-a47b-5ac2bdc9f035"",""owner_native_state"":""language_reviewed"",""payload"":{""body_prose_copied"":false,""native_bytes"":284586,""native_record_id"":""m82461"",""native_record_type"":""cnxml_module"",""native_sha256"":""4efb4587111b98901535b23a91b7c6529bf50dc324091adba2c1488c5310f0c1"",""native_source_path"":""work/translated-modules/m82461/index.cnxml"",""owner_id_preserved"":true,""projected_record_id"":""urn:uuid:38baa4f4-20e9-54f3-bc07-a01809657824"",""projected_record_type"":""unit"",""source_namespace"":""openstax-cnxml-module-id/elementary-algebra-2e/id-ID/v1.0.3""},""record_type"":""native_binding"",""recorded_at"":""2026-09-06T00:00:00Z"",""semantic_key"":""a10:native-binding:m82461""}"
tables/native_bindings.jsonl,13,urn:uuid:928c2d3d-c8ec-5974-84d3-88084a92a044,native_binding,"{""dataset_id"":""urn:uuid:97a5d5e6-c756-5fcf-8b1d-412402caace7"",""id"":""urn:uuid:928c2d3d-c8ec-5974-84d3-88084a92a044"",""normalized_state"":""published"",""owner_authority_id"":""urn:uuid:7aa2ae30-7716-5b39-a47b-5ac2bdc9f035"",""owner_native_state"":""language_reviewed"",""payload"":{""body_prose_copied"":false,""native_bytes"":118340,""native_record_id"":""m82463"",""native_record_type"":""cnxml_module"",""native_sha256"":""0f9d709ce2b32c18254be9f11a57db1b70f9477739e2b9dddc6857ad3992fe85"",""native_source_path"":""work/translated-modules/m82463/index.cnxml"",""owner_id_preserved"":true,""projected_record_id"":""urn:uuid:c8d398a3-6fbe-56bc-a033-3d0abec57814"",""projected_record_type"":""unit"",""source_namespace"":""openstax-cnxml-module-id/elementary-algebra-2e/id-ID/v1.0.3""},""record_type"":""native_binding"",""recorded_at"":""2026-09-06T00:00:00Z"",""semantic_key"":""a10:native-binding:m82463""}"
tables/native_bindings.jsonl,57,urn:uuid:9d822bea-87b1-5f27-8671-c46becac3bc3,native_binding,"{""dataset_id"":""urn:uuid:97a5d5e6-c756-5fcf-8b1d-412402caace7"",""id"":""urn:uuid:9d822bea-87b1-5f27-8671-c46becac3bc3"",""normalized_state"":""published"",""owner_authority_id"":""urn:uuid:7aa2ae30-7716-5b39-a47b-5ac2bdc9f035"",""owner_native_state"":""language_reviewed"",""payload"":{""body_prose_copied"":false,""native_bytes"":81323,""native_record_id"":""m82534"",""native_record_type"":""cnxml_module"",""native_sha256"":""f05ee9324caf172fc7d2fa69d83e1f5667b4c057d5a37c4c91834acb9c7b4aae"",""native_source_path"":""work/translated-modules/m82534/index.cnxml"",""owner_id_preserved"":true,""projected_record_id"":""urn:uuid:9d104732-deeb-520b-952d-2578f4b9e835"",""projected_record_type"":""unit"",""source_namespace"":""openstax-cnxml-module-id/elementary-algebra-2e/id-ID/v1.0.3""},""record_type"":""native_binding"",""recorded_at"":""2026-09-06T00:00:00Z"",""semantic_key"":""a10:native-binding:m82534""}"
tables/native_bindings.jsonl,59,urn:uuid:9f6e3293-9e83-5558-9195-77ec10e16798,native_binding,"{""dataset_id"":""urn:uuid:97a5d5e6-c756-5fcf-8b1d-412402caace7"",""id"":""urn:uuid:9f6e3293-9e83-5558-9195-77ec10e16798"",""normalized_state"":""published"",""owner_authority_id"":""urn:uuid:7aa2ae30-7716-5b39-a47b-5ac2bdc9f035"",""owner_native_state"":""language_reviewed"",""payload"":{""body_prose_copied"":false,""native_bytes"":98623,""native_record_id"":""m82537"",""native_record_type"":""cnxml_module"",""native_sha256"":""97f68c700c1442d2dc089cc2c44aee14441a68a77b697091333e869117c87022"",""native_source_path"":""work/translated-modules/m82537/index.cnxml"",""owner_id_preserved"":true,""projected_record_id"":""urn:uuid:61100c89-df6e-5275-ac72-8ceb70e712d2"",""projected_record_type"":""unit"",""source_namespace"":""openstax-cnxml-module-id/elementary-algebra-2e/id-ID/v1.0.3""},""record_type"":""native_binding"",""recorded_at"":""2026-09-06T00:00:00Z"",""semantic_key"":""a10:native-binding:m82537""}"
tables/native_bindings.jsonl,65,urn:uuid:a17ac4df-5088-5407-a9e3-9639a111ddca,native_binding,"{""dataset_id"":""urn:uuid:97a5d5e6-c756-5fcf-8b1d-412402caace7"",""id"":""urn:uuid:a17ac4df-5088-5407-a9e3-9639a111ddca"",""normalized_state"":""published"",""owner_authority_id"":""urn:uuid:7aa2ae30-7716-5b39-a47b-5ac2bdc9f035"",""owner_native_state"":""language_reviewed"",""payload"":{""body_prose_copied"":false,""native_bytes"":110576,""native_record_id"":""m82546"",""native_record_type"":""cnxml_module"",""native_sha256"":""2f132fc7a40ffc4895d505530ea902b9f80ac4f926be0db9088b1b437d576e2d"",""native_source_path"":""work/translated-modules/m82546/index.cnxml"",""owner_id_preserved"":true,""projected_record_id"":""urn:uuid:9d4d115c-4f3a-579a-b696-693542ea6f10"",""projected_record_type"":""unit"",""source_namespace"":""openstax-cnxml-module-id/elementary-algebra-2e/id-ID/v1.0.3""},""record_type"":""native_binding"",""recorded_at"":""2026-09-06T00:00:00Z"",""semantic_key"":""a10:native-binding:m82546""}"
tables/native_bindings.jsonl,4,urn:uuid:a1a91e62-0ac0-5ac2-a690-3923f19d8b89,native_binding,"{""dataset_id"":""urn:uuid:97a5d5e6-c756-5fcf-8b1d-412402caace7"",""id"":""urn:uuid:a1a91e62-0ac0-5ac2-a690-3923f19d8b89"",""normalized_state"":""published"",""owner_authority_id"":""urn:uuid:7aa2ae30-7716-5b39-a47b-5ac2bdc9f035"",""owner_native_state"":""language_reviewed"",""payload"":{""body_prose_copied"":false,""native_bytes"":171615,""native_record_id"":""m82454"",""native_record_type"":""cnxml_module"",""native_sha256"":""ede8157161289e464398755e467394b8c7d446d147a5603c90f20544da6b0973"",""native_source_path"":""work/translated-modules/m82454/index.cnxml"",""owner_id_preserved"":true,""projected_record_id"":""urn:uuid:14bf068d-11e1-5704-924c-a67c19b05da3"",""projected_record_type"":""unit"",""source_namespace"":""openstax-cnxml-module-id/elementary-algebra-2e/id-ID/v1.0.3""},""record_type"":""native_binding"",""recorded_at"":""2026-09-06T00:00:00Z"",""semantic_key"":""a10:native-binding:m82454""}"
tables/native_bindings.jsonl,10,urn:uuid:a494a4de-a87a-5f17-9f94-8aeefc3b1710,native_binding,"{""dataset_id"":""urn:uuid:97a5d5e6-c756-5fcf-8b1d-412402caace7"",""id"":""urn:uuid:a494a4de-a87a-5f17-9f94-8aeefc3b1710"",""normalized_state"":""published"",""owner_authority_id"":""urn:uuid:7aa2ae30-7716-5b39-a47b-5ac2bdc9f035"",""owner_native_state"":""language_reviewed"",""payload"":{""body_prose_copied"":false,""native_bytes"":166089,""native_record_id"":""m82460"",""native_record_type"":""cnxml_module"",""native_sha256"":""522537fcd00900730630c22190fcd57cdedadcee2a832cc23dc967fb6cc403d8"",""native_source_path"":""work/translated-modules/m82460/index.cnxml"",""owner_id_preserved"":true,""projected_record_id"":""urn:uuid:db2dbd7c-03d1-5d31-a832-6c22f6d1331c"",""projected_record_type"":""unit"",""source_namespace"":""openstax-cnxml-module-id/elementary-algebra-2e/id-ID/v1.0.3""},""record_type"":""native_binding"",""recorded_at"":""2026-09-06T00:00:00Z"",""semantic_key"":""a10:native-binding:m82460""}"
tables/native_bindings.jsonl,41,urn:uuid:a75c66a9-48a1-5b50-bf42-750fd8d97a8d,native_binding,"{""dataset_id"":""urn:uuid:97a5d5e6-c756-5fcf-8b1d-412402caace7"",""id"":""urn:uuid:a75c66a9-48a1-5b50-bf42-750fd8d97a8d"",""normalized_state"":""published"",""owner_authority_id"":""urn:uuid:7aa2ae30-7716-5b39-a47b-5ac2bdc9f035"",""owner_native_state"":""language_reviewed"",""payload"":{""body_prose_copied"":false,""native_bytes"":176553,""native_record_id"":""m82499"",""native_record_type"":""cnxml_module"",""native_sha256"":""40dc031d4ddce1252e727d080972342261e151716ae80285cde2d30f8cac2eec"",""native_source_path"":""work/translated-modules/m82499/index.cnxml"",""owner_id_preserved"":true,""projected_record_id"":""urn:uuid:2f01632e-664c-52dd-958c-e63b144d3135"",""projected_record_type"":""unit"",""source_namespace"":""openstax-cnxml-module-id/elementary-algebra-2e/id-ID/v1.0.3""},""record_type"":""native_binding"",""recorded_at"":""2026-09-06T00:00:00Z"",""semantic_key"":""a10:native-binding:m82499""}"
tables/native_bindings.jsonl,1,urn:uuid:a9565cf9-98f5-5dd6-a18c-8406a808b32a,native_binding,"{""dataset_id"":""urn:uuid:97a5d5e6-c756-5fcf-8b1d-412402caace7"",""id"":""urn:uuid:a9565cf9-98f5-5dd6-a18c-8406a808b32a"",""normalized_state"":""published"",""owner_authority_id"":""urn:uuid:7aa2ae30-7716-5b39-a47b-5ac2bdc9f035"",""owner_native_state"":""language_reviewed"",""payload"":{""body_prose_copied"":false,""native_bytes"":1112,""native_record_id"":""m82451"",""native_record_type"":""cnxml_module"",""native_sha256"":""3e16907bd26f3cf1cafb2ff60eadabff499f59a1f9484ce45759d2ae99cea867"",""native_source_path"":""work/translated-modules/m82451/index.cnxml"",""owner_id_preserved"":true,""projected_record_id"":""urn:uuid:0ffcf84b-132d-5245-91d5-50bbd42ce00a"",""projected_record_type"":""unit"",""source_namespace"":""openstax-cnxml-module-id/elementary-algebra-2e/id-ID/v1.0.3""},""record_type"":""native_binding"",""recorded_at"":""2026-09-06T00:00:00Z"",""semantic_key"":""a10:native-binding:m82451""}"
tables/native_bindings.jsonl,50,urn:uuid:a9f252e6-0494-5819-bb2e-bfd4a2c7c7a4,native_binding,"{""dataset_id"":""urn:uuid:97a5d5e6-c756-5fcf-8b1d-412402caace7"",""id"":""urn:uuid:a9f252e6-0494-5819-bb2e-bfd4a2c7c7a4"",""normalized_state"":""published"",""owner_authority_id"":""urn:uuid:7aa2ae30-7716-5b39-a47b-5ac2bdc9f035"",""owner_native_state"":""language_reviewed"",""payload"":{""body_prose_copied"":false,""native_bytes"":154948,""native_record_id"":""m82527"",""native_record_type"":""cnxml_module"",""native_sha256"":""32de908cb3b2c0df630b0a0ed3221088461e6aead84a38bda4ddd4ff055e9801"",""native_source_path"":""work/translated-modules/m82527/index.cnxml"",""owner_id_preserved"":true,""projected_record_id"":""urn:uuid:e445653a-4f06-5a79-85c6-4cc598917464"",""projected_record_type"":""unit"",""source_namespace"":""openstax-cnxml-module-id/elementary-algebra-2e/id-ID/v1.0.3""},""record_type"":""native_binding"",""recorded_at"":""2026-09-06T00:00:00Z"",""semantic_key"":""a10:native-binding:m82527""}"
tables/native_bindings.jsonl,79,urn:uuid:ae859b86-6113-5a88-9851-a37870ec77bd,native_binding,"{""dataset_id"":""urn:uuid:97a5d5e6-c756-5fcf-8b1d-412402caace7"",""id"":""urn:uuid:ae859b86-6113-5a88-9851-a37870ec77bd"",""normalized_state"":""published"",""owner_authority_id"":""urn:uuid:7aa2ae30-7716-5b39-a47b-5ac2bdc9f035"",""owner_native_state"":""language_reviewed"",""payload"":{""body_prose_copied"":false,""native_bytes"":1406,""native_record_id"":""m82561"",""native_record_type"":""cnxml_module"",""native_sha256"":""5cc249c558a8dd35bb0394e22878fcd0ff0040fb8eb61d54d36713aae4ea2ede"",""native_source_path"":""work/translated-modules/m82561/index.cnxml"",""owner_id_preserved"":true,""projected_record_id"":""urn:uuid:83ae39ef-05c7-5a8f-9238-ba28179b33d2"",""projected_record_type"":""unit"",""source_namespace"":""openstax-cnxml-module-id/elementary-algebra-2e/id-ID/v1.0.3""},""record_type"":""native_binding"",""recorded_at"":""2026-09-06T00:00:00Z"",""semantic_key"":""a10:native-binding:m82561""}"
tables/native_bindings.jsonl,75,urn:uuid:b2d20682-2d91-5e3d-a897-21e4618d49a8,native_binding,"{""dataset_id"":""urn:uuid:97a5d5e6-c756-5fcf-8b1d-412402caace7"",""id"":""urn:uuid:b2d20682-2d91-5e3d-a897-21e4618d49a8"",""normalized_state"":""published"",""owner_authority_id"":""urn:uuid:7aa2ae30-7716-5b39-a47b-5ac2bdc9f035"",""owner_native_state"":""language_reviewed"",""payload"":{""body_prose_copied"":false,""native_bytes"":138164,""native_record_id"":""m82557"",""native_record_type"":""cnxml_module"",""native_sha256"":""a11fc5bd5f8173f04df5d8d1c63f8189163e52447a48af24162ee86408100a64"",""native_source_path"":""work/translated-modules/m82557/index.cnxml"",""owner_id_preserved"":true,""projected_record_id"":""urn:uuid:2b633225-7780-55c7-aaa4-ae87b7699790"",""projected_record_type"":""unit"",""source_namespace"":""openstax-cnxml-module-id/elementary-algebra-2e/id-ID/v1.0.3""},""record_type"":""native_binding"",""recorded_at"":""2026-09-06T00:00:00Z"",""semantic_key"":""a10:native-binding:m82557""}"
tables/native_bindings.jsonl,15,urn:uuid:b5bd0ff2-6bd3-502b-a3df-6ef04d520590,native_binding,"{""dataset_id"":""urn:uuid:97a5d5e6-c756-5fcf-8b1d-412402caace7"",""id"":""urn:uuid:b5bd0ff2-6bd3-502b-a3df-6ef04d520590"",""normalized_state"":""published"",""owner_authority_id"":""urn:uuid:7aa2ae30-7716-5b39-a47b-5ac2bdc9f035"",""owner_native_state"":""language_reviewed"",""payload"":{""body_prose_copied"":false,""native_bytes"":83948,""native_record_id"":""m82465"",""native_record_type"":""cnxml_module"",""native_sha256"":""caac193429389414a93d335b07edabd46d83ca5e59c2d3436f9b3aadfc667afb"",""native_source_path"":""work/translated-modules/m82465/index.cnxml"",""owner_id_preserved"":true,""projected_record_id"":""urn:uuid:02fbb38d-cde4-5027-8de7-9f6b142b4e55"",""projected_record_type"":""unit"",""source_namespace"":""openstax-cnxml-module-id/elementary-algebra-2e/id-ID/v1.0.3""},""record_type"":""native_binding"",""recorded_at"":""2026-09-06T00:00:00Z"",""semantic_key"":""a10:native-binding:m82465""}"
tables/native_bindings.jsonl,48,urn:uuid:b9324c44-3d77-5a58-8b6e-87c4a867edf9,native_binding,"{""dataset_id"":""urn:uuid:97a5d5e6-c756-5fcf-8b1d-412402caace7"",""id"":""urn:uuid:b9324c44-3d77-5a58-8b6e-87c4a867edf9"",""normalized_state"":""published"",""owner_authority_id"":""urn:uuid:7aa2ae30-7716-5b39-a47b-5ac2bdc9f035"",""owner_native_state"":""language_reviewed"",""payload"":{""body_prose_copied"":false,""native_bytes"":120376,""native_record_id"":""m82513"",""native_record_type"":""cnxml_module"",""native_sha256"":""5663abd8d4ccfd3a4ac280f5d1aac303d578b420edf8ebe1541ae2cf687a0482"",""native_source_path"":""work/translated-modules/m82513/index.cnxml"",""owner_id_preserved"":true,""projected_record_id"":""urn:uuid:6e599efd-1f76-561c-8e85-066e78a80060"",""projected_record_type"":""unit"",""source_namespace"":""openstax-cnxml-module-id/elementary-algebra-2e/id-ID/v1.0.3""},""record_type"":""native_binding"",""recorded_at"":""2026-09-06T00:00:00Z"",""semantic_key"":""a10:native-binding:m82513""}"
tables/native_bindings.jsonl,3,urn:uuid:bb2bdc0b-7642-5257-97c7-bf64cce38f4e,native_binding,"{""dataset_id"":""urn:uuid:97a5d5e6-c756-5fcf-8b1d-412402caace7"",""id"":""urn:uuid:bb2bdc0b-7642-5257-97c7-bf64cce38f4e"",""normalized_state"":""published"",""owner_authority_id"":""urn:uuid:7aa2ae30-7716-5b39-a47b-5ac2bdc9f035"",""owner_native_state"":""language_reviewed"",""payload"":{""body_prose_copied"":false,""native_bytes"":186256,""native_record_id"":""m82453"",""native_record_type"":""cnxml_module"",""native_sha256"":""0bc73efde26e7af018fb61149c81a00a8706fd54c407e2ebdeee427531b449b2"",""native_source_path"":""work/translated-modules/m82453/index.cnxml"",""owner_id_preserved"":true,""projected_record_id"":""urn:uuid:ab4c3568-a7df-52ae-aef6-810ddc589582"",""projected_record_type"":""unit"",""source_namespace"":""openstax-cnxml-module-id/elementary-algebra-2e/id-ID/v1.0.3""},""record_type"":""native_binding"",""recorded_at"":""2026-09-06T00:00:00Z"",""semantic_key"":""a10:native-binding:m82453""}"
tables/native_bindings.jsonl,28,urn:uuid:bc06c5bc-a7c9-5a79-ab66-743d9cca1b6b,native_binding,"{""dataset_id"":""urn:uuid:97a5d5e6-c756-5fcf-8b1d-412402caace7"",""id"":""urn:uuid:bc06c5bc-a7c9-5a79-ab66-743d9cca1b6b"",""normalized_state"":""published"",""owner_authority_id"":""urn:uuid:7aa2ae30-7716-5b39-a47b-5ac2bdc9f035"",""owner_native_state"":""language_reviewed"",""payload"":{""body_prose_copied"":false,""native_bytes"":207776,""native_record_id"":""m82480"",""native_record_type"":""cnxml_module"",""native_sha256"":""de209b47d38e3ef6c26c6dfa3844afe9da3fe39e3c46c5777d1f6d4eb0569a1e"",""native_source_path"":""work/translated-modules/m82480/index.cnxml"",""owner_id_preserved"":true,""projected_record_id"":""urn:uuid:0034827b-fa0e-5d4f-9b2e-5caec9b92930"",""projected_record_type"":""unit"",""source_namespace"":""openstax-cnxml-module-id/elementary-algebra-2e/id-ID/v1.0.3""},""record_type"":""native_binding"",""recorded_at"":""2026-09-06T00:00:00Z"",""semantic_key"":""a10:native-binding:m82480""}"
tables/native_bindings.jsonl,34,urn:uuid:c67f8167-53ad-5cca-bb67-2c1c8c2792ac,native_binding,"{""dataset_id"":""urn:uuid:97a5d5e6-c756-5fcf-8b1d-412402caace7"",""id"":""urn:uuid:c67f8167-53ad-5cca-bb67-2c1c8c2792ac"",""normalized_state"":""published"",""owner_authority_id"":""urn:uuid:7aa2ae30-7716-5b39-a47b-5ac2bdc9f035"",""owner_native_state"":""language_reviewed"",""payload"":{""body_prose_copied"":false,""native_bytes"":220897,""native_record_id"":""m82488"",""native_record_type"":""cnxml_module"",""native_sha256"":""b0a828df75c66a9e5edce00e3a4f71341be53d12c04d48a1634c24a4d0e3579f"",""native_source_path"":""work/translated-modules/m82488/index.cnxml"",""owner_id_preserved"":true,""projected_record_id"":""urn:uuid:6f4ee5d7-6f38-503b-93e4-5cae9af72393"",""projected_record_type"":""unit"",""source_namespace"":""openstax-cnxml-module-id/elementary-algebra-2e/id-ID/v1.0.3""},""record_type"":""native_binding"",""recorded_at"":""2026-09-06T00:00:00Z"",""semantic_key"":""a10:native-binding:m82488""}"
tables/native_bindings.jsonl,53,urn:uuid:c9ff2b31-9959-552f-aa71-5608d991b680,native_binding,"{""dataset_id"":""urn:uuid:97a5d5e6-c756-5fcf-8b1d-412402caace7"",""id"":""urn:uuid:c9ff2b31-9959-552f-aa71-5608d991b680"",""normalized_state"":""published"",""owner_authority_id"":""urn:uuid:7aa2ae30-7716-5b39-a47b-5ac2bdc9f035"",""owner_native_state"":""language_reviewed"",""payload"":{""body_prose_copied"":false,""native_bytes"":178136,""native_record_id"":""m82530"",""native_record_type"":""cnxml_module"",""native_sha256"":""ca200cc20d9dabb3fd8bd23e558a5a9b0db9a48ec66ff558a1bb1cd23d5d61a5"",""native_source_path"":""work/translated-modules/m82530/index.cnxml"",""owner_id_preserved"":true,""projected_record_id"":""urn:uuid:673aaa87-0271-5888-9eae-8a5f20155db7"",""projected_record_type"":""unit"",""source_namespace"":""openstax-cnxml-module-id/elementary-algebra-2e/id-ID/v1.0.3""},""record_type"":""native_binding"",""recorded_at"":""2026-09-06T00:00:00Z"",""semantic_key"":""a10:native-binding:m82530""}"
tables/native_bindings.jsonl,72,urn:uuid:d90eeb87-9ae5-5079-b426-666c6f70d0be,native_binding,"{""dataset_id"":""urn:uuid:97a5d5e6-c756-5fcf-8b1d-412402caace7"",""id"":""urn:uuid:d90eeb87-9ae5-5079-b426-666c6f70d0be"",""normalized_state"":""published"",""owner_authority_id"":""urn:uuid:7aa2ae30-7716-5b39-a47b-5ac2bdc9f035"",""owner_native_state"":""language_reviewed"",""payload"":{""body_prose_copied"":false,""native_bytes"":1111,""native_record_id"":""m82554"",""native_record_type"":""cnxml_module"",""native_sha256"":""bd98979f9f1d4c6b7c41b377f4e76cf0ae4df3fe362da8c3c1d671580c9fec18"",""native_source_path"":""work/translated-modules/m82554/index.cnxml"",""owner_id_preserved"":true,""projected_record_id"":""urn:uuid:9e6b7b22-c59e-5600-a74f-7f6c8e486197"",""projected_record_type"":""unit"",""source_namespace"":""openstax-cnxml-module-id/elementary-algebra-2e/id-ID/v1.0.3""},""record_type"":""native_binding"",""recorded_at"":""2026-09-06T00:00:00Z"",""semantic_key"":""a10:native-binding:m82554""}"
tables/native_bindings.jsonl,63,urn:uuid:dae4b36a-c710-5f21-8146-389236428d36,native_binding,"{""dataset_id"":""urn:uuid:97a5d5e6-c756-5fcf-8b1d-412402caace7"",""id"":""urn:uuid:dae4b36a-c710-5f21-8146-389236428d36"",""normalized_state"":""published"",""owner_authority_id"":""urn:uuid:7aa2ae30-7716-5b39-a47b-5ac2bdc9f035"",""owner_native_state"":""language_reviewed"",""payload"":{""body_prose_copied"":false,""native_bytes"":1321,""native_record_id"":""m82544"",""native_record_type"":""cnxml_module"",""native_sha256"":""27a3d89c24a1f43dddda40fcb5a14298064aeadabb64b868a53498f12abfbb09"",""native_source_path"":""work/translated-modules/m82544/index.cnxml"",""owner_id_preserved"":true,""projected_record_id"":""urn:uuid:c54d2c6b-e42a-5092-8527-505e64d58766"",""projected_record_type"":""unit"",""source_namespace"":""openstax-cnxml-module-id/elementary-algebra-2e/id-ID/v1.0.3""},""record_type"":""native_binding"",""recorded_at"":""2026-09-06T00:00:00Z"",""semantic_key"":""a10:native-binding:m82544""}"
tables/native_bindings.jsonl,43,urn:uuid:db4133d8-f731-5760-80c9-39ebcb92a897,native_binding,"{""dataset_id"":""urn:uuid:97a5d5e6-c756-5fcf-8b1d-412402caace7"",""id"":""urn:uuid:db4133d8-f731-5760-80c9-39ebcb92a897"",""normalized_state"":""published"",""owner_authority_id"":""urn:uuid:7aa2ae30-7716-5b39-a47b-5ac2bdc9f035"",""owner_native_state"":""language_reviewed"",""payload"":{""body_prose_copied"":false,""native_bytes"":147281,""native_record_id"":""m82501"",""native_record_type"":""cnxml_module"",""native_sha256"":""147d1929c8295510649f0ce142ffc9b929afc9a1537ed288d51f2d8699c3ed11"",""native_source_path"":""work/translated-modules/m82501/index.cnxml"",""owner_id_preserved"":true,""projected_record_id"":""urn:uuid:ec24b26a-8aed-5017-8036-f93a3560dc1f"",""projected_record_type"":""unit"",""source_namespace"":""openstax-cnxml-module-id/elementary-algebra-2e/id-ID/v1.0.3""},""record_type"":""native_binding"",""recorded_at"":""2026-09-06T00:00:00Z"",""semantic_key"":""a10:native-binding:m82501""}"
tables/native_bindings.jsonl,27,urn:uuid:db545fd3-3a36-5a4b-ad16-2042fa6fdef5,native_binding,"{""dataset_id"":""urn:uuid:97a5d5e6-c756-5fcf-8b1d-412402caace7"",""id"":""urn:uuid:db545fd3-3a36-5a4b-ad16-2042fa6fdef5"",""normalized_state"":""published"",""owner_authority_id"":""urn:uuid:7aa2ae30-7716-5b39-a47b-5ac2bdc9f035"",""owner_native_state"":""language_reviewed"",""payload"":{""body_prose_copied"":false,""native_bytes"":2233,""native_record_id"":""m82479"",""native_record_type"":""cnxml_module"",""native_sha256"":""07c047f225583ac68edafec324e9ea4f369731af2be1f98ac3fe28158f021cf2"",""native_source_path"":""work/translated-modules/m82479/index.cnxml"",""owner_id_preserved"":true,""projected_record_id"":""urn:uuid:59c578de-6d6f-52f8-b5f9-69e5fb36324e"",""projected_record_type"":""unit"",""source_namespace"":""openstax-cnxml-module-id/elementary-algebra-2e/id-ID/v1.0.3""},""record_type"":""native_binding"",""recorded_at"":""2026-09-06T00:00:00Z"",""semantic_key"":""a10:native-binding:m82479""}"
tables/native_bindings.jsonl,29,urn:uuid:dd30a253-0861-538f-bf71-51e9d3694e6a,native_binding,"{""dataset_id"":""urn:uuid:97a5d5e6-c756-5fcf-8b1d-412402caace7"",""id"":""urn:uuid:dd30a253-0861-538f-bf71-51e9d3694e6a"",""normalized_state"":""published"",""owner_authority_id"":""urn:uuid:7aa2ae30-7716-5b39-a47b-5ac2bdc9f035"",""owner_native_state"":""language_reviewed"",""payload"":{""body_prose_copied"":false,""native_bytes"":160452,""native_record_id"":""m82481"",""native_record_type"":""cnxml_module"",""native_sha256"":""c721a4ca9f5d13b7ed2ddca0b8a70532b78366dbbd87a2a7a8ad8ab41e7f75f2"",""native_source_path"":""work/translated-modules/m82481/index.cnxml"",""owner_id_preserved"":true,""projected_record_id"":""urn:uuid:465745c2-3464-57d9-bdef-99ad1489e99d"",""projected_record_type"":""unit"",""source_namespace"":""openstax-cnxml-module-id/elementary-algebra-2e/id-ID/v1.0.3""},""record_type"":""native_binding"",""recorded_at"":""2026-09-06T00:00:00Z"",""semantic_key"":""a10:native-binding:m82481""}"
tables/native_bindings.jsonl,38,urn:uuid:de64bfd6-b2fa-50aa-9f3a-4b9e052b72fa,native_binding,"{""dataset_id"":""urn:uuid:97a5d5e6-c756-5fcf-8b1d-412402caace7"",""id"":""urn:uuid:de64bfd6-b2fa-50aa-9f3a-4b9e052b72fa"",""normalized_state"":""published"",""owner_authority_id"":""urn:uuid:7aa2ae30-7716-5b39-a47b-5ac2bdc9f035"",""owner_native_state"":""language_reviewed"",""payload"":{""body_prose_copied"":false,""native_bytes"":134324,""native_record_id"":""m82495"",""native_record_type"":""cnxml_module"",""native_sha256"":""7c77bccb3d0bdf68b47ea6b53affbcf0ac269f194a57c77eda051e454617584e"",""native_source_path"":""work/translated-modules/m82495/index.cnxml"",""owner_id_preserved"":true,""projected_record_id"":""urn:uuid:215bba5f-f890-5d9a-a28e-439a24fa7023"",""projected_record_type"":""unit"",""source_namespace"":""openstax-cnxml-module-id/elementary-algebra-2e/id-ID/v1.0.3""},""record_type"":""native_binding"",""recorded_at"":""2026-09-06T00:00:00Z"",""semantic_key"":""a10:native-binding:m82495""}"
tables/native_bindings.jsonl,5,urn:uuid:dfc368be-40ff-5720-9180-ab031e88d804,native_binding,"{""dataset_id"":""urn:uuid:97a5d5e6-c756-5fcf-8b1d-412402caace7"",""id"":""urn:uuid:dfc368be-40ff-5720-9180-ab031e88d804"",""normalized_state"":""published"",""owner_authority_id"":""urn:uuid:7aa2ae30-7716-5b39-a47b-5ac2bdc9f035"",""owner_native_state"":""language_reviewed"",""payload"":{""body_prose_copied"":false,""native_bytes"":119792,""native_record_id"":""m82455"",""native_record_type"":""cnxml_module"",""native_sha256"":""041fedce0b15cd8bf5491515556ece15a62eae9fb1cad1ef60ae527bd6513e92"",""native_source_path"":""work/translated-modules/m82455/index.cnxml"",""owner_id_preserved"":true,""projected_record_id"":""urn:uuid:cfa0c719-15e7-5f14-b807-82712ff330f8"",""projected_record_type"":""unit"",""source_namespace"":""openstax-cnxml-module-id/elementary-algebra-2e/id-ID/v1.0.3""},""record_type"":""native_binding"",""recorded_at"":""2026-09-06T00:00:00Z"",""semantic_key"":""a10:native-binding:m82455""}"
tables/native_bindings.jsonl,45,urn:uuid:edccd707-f368-539f-beba-4a25aaa7323f,native_binding,"{""dataset_id"":""urn:uuid:97a5d5e6-c756-5fcf-8b1d-412402caace7"",""id"":""urn:uuid:edccd707-f368-539f-beba-4a25aaa7323f"",""normalized_state"":""published"",""owner_authority_id"":""urn:uuid:7aa2ae30-7716-5b39-a47b-5ac2bdc9f035"",""owner_native_state"":""language_reviewed"",""payload"":{""body_prose_copied"":false,""native_bytes"":175181,""native_record_id"":""m82507"",""native_record_type"":""cnxml_module"",""native_sha256"":""f4edf33ce3c661463f9302aea018032fc49aec0c78898968f69a6b70050e2157"",""native_source_path"":""work/translated-modules/m82507/index.cnxml"",""owner_id_preserved"":true,""projected_record_id"":""urn:uuid:710de277-f863-55ee-ab65-0ed6e8a6156a"",""projected_record_type"":""unit"",""source_namespace"":""openstax-cnxml-module-id/elementary-algebra-2e/id-ID/v1.0.3""},""record_type"":""native_binding"",""recorded_at"":""2026-09-06T00:00:00Z"",""semantic_key"":""a10:native-binding:m82507""}"
tables/native_bindings.jsonl,32,urn:uuid:ef0cc452-0a97-5344-8be0-dcb3e6b7abc0,native_binding,"{""dataset_id"":""urn:uuid:97a5d5e6-c756-5fcf-8b1d-412402caace7"",""id"":""urn:uuid:ef0cc452-0a97-5344-8be0-dcb3e6b7abc0"",""normalized_state"":""published"",""owner_authority_id"":""urn:uuid:7aa2ae30-7716-5b39-a47b-5ac2bdc9f035"",""owner_native_state"":""language_reviewed"",""payload"":{""body_prose_copied"":false,""native_bytes"":199797,""native_record_id"":""m82485"",""native_record_type"":""cnxml_module"",""native_sha256"":""162a442ec692f4527e28f8b2e204f20ecd9ba45f2e07600e6b9b07901b33ff7c"",""native_source_path"":""work/translated-modules/m82485/index.cnxml"",""owner_id_preserved"":true,""projected_record_id"":""urn:uuid:f079242c-9418-5a55-bb00-280f65114612"",""projected_record_type"":""unit"",""source_namespace"":""openstax-cnxml-module-id/elementary-algebra-2e/id-ID/v1.0.3""},""record_type"":""native_binding"",""recorded_at"":""2026-09-06T00:00:00Z"",""semantic_key"":""a10:native-binding:m82485""}"
tables/native_bindings.jsonl,36,urn:uuid:ef72f8f2-a07d-5308-86ba-0350bfbd35d2,native_binding,"{""dataset_id"":""urn:uuid:97a5d5e6-c756-5fcf-8b1d-412402caace7"",""id"":""urn:uuid:ef72f8f2-a07d-5308-86ba-0350bfbd35d2"",""normalized_state"":""published"",""owner_authority_id"":""urn:uuid:7aa2ae30-7716-5b39-a47b-5ac2bdc9f035"",""owner_native_state"":""language_reviewed"",""payload"":{""body_prose_copied"":false,""native_bytes"":159822,""native_record_id"":""m82490"",""native_record_type"":""cnxml_module"",""native_sha256"":""b6151460fcf99a332fbf108f9dd2b90723a75dbf4bba69950585983812ac7144"",""native_source_path"":""work/translated-modules/m82490/index.cnxml"",""owner_id_preserved"":true,""projected_record_id"":""urn:uuid:0b36fc6a-54c3-5076-b9d0-e3d74e2f5e35"",""projected_record_type"":""unit"",""source_namespace"":""openstax-cnxml-module-id/elementary-algebra-2e/id-ID/v1.0.3""},""record_type"":""native_binding"",""recorded_at"":""2026-09-06T00:00:00Z"",""semantic_key"":""a10:native-binding:m82490""}"
tables/native_bindings.jsonl,18,urn:uuid:f028b1c5-c84f-55ba-9cfc-96769afe7f84,native_binding,"{""dataset_id"":""urn:uuid:97a5d5e6-c756-5fcf-8b1d-412402caace7"",""id"":""urn:uuid:f028b1c5-c84f-55ba-9cfc-96769afe7f84"",""normalized_state"":""published"",""owner_authority_id"":""urn:uuid:7aa2ae30-7716-5b39-a47b-5ac2bdc9f035"",""owner_native_state"":""language_reviewed"",""payload"":{""body_prose_copied"":false,""native_bytes"":81093,""native_record_id"":""m82469"",""native_record_type"":""cnxml_module"",""native_sha256"":""31fde254b86d46af9dfad36143ca1955a67277c68c54e01a927c52c714c1278b"",""native_source_path"":""work/translated-modules/m82469/index.cnxml"",""owner_id_preserved"":true,""projected_record_id"":""urn:uuid:a66e374d-372e-52fb-bbde-8da11aea1a90"",""projected_record_type"":""unit"",""source_namespace"":""openstax-cnxml-module-id/elementary-algebra-2e/id-ID/v1.0.3""},""record_type"":""native_binding"",""recorded_at"":""2026-09-06T00:00:00Z"",""semantic_key"":""a10:native-binding:m82469""}"
tables/native_bindings.jsonl,35,urn:uuid:f85787bb-3fb2-5037-938e-dde3e24e2fe6,native_binding,"{""dataset_id"":""urn:uuid:97a5d5e6-c756-5fcf-8b1d-412402caace7"",""id"":""urn:uuid:f85787bb-3fb2-5037-938e-dde3e24e2fe6"",""normalized_state"":""published"",""owner_authority_id"":""urn:uuid:7aa2ae30-7716-5b39-a47b-5ac2bdc9f035"",""owner_native_state"":""language_reviewed"",""payload"":{""body_prose_copied"":false,""native_bytes"":1618,""native_record_id"":""m82489"",""native_record_type"":""cnxml_module"",""native_sha256"":""123500cb68732b46fc38294660d47dd62e5959556421d30a9d5e88c8c6cfd537"",""native_source_path"":""work/translated-modules/m82489/index.cnxml"",""owner_id_preserved"":true,""projected_record_id"":""urn:uuid:b5547cef-c574-57c5-b188-7a63f3835e07"",""projected_record_type"":""unit"",""source_namespace"":""openstax-cnxml-module-id/elementary-algebra-2e/id-ID/v1.0.3""},""record_type"":""native_binding"",""recorded_at"":""2026-09-06T00:00:00Z"",""semantic_key"":""a10:native-binding:m82489""}"
tables/owner_authorities.jsonl,1,urn:uuid:7aa2ae30-7716-5b39-a47b-5ac2bdc9f035,owner_authority,"{""dataset_id"":""urn:uuid:97a5d5e6-c756-5fcf-8b1d-412402caace7"",""id"":""urn:uuid:7aa2ae30-7716-5b39-a47b-5ac2bdc9f035"",""normalized_state"":""published"",""owner_authority_id"":""urn:uuid:7aa2ae30-7716-5b39-a47b-5ac2bdc9f035"",""owner_native_state"":""complete_book_publication_ready"",""payload"":{""authority_kind"":""public_immutable_release_metadata_projection"",""canonical_owner_locator"":""codex://threads/01a01f41-26f0-7e63-952c-de86c2f9155e"",""course_id"":""urn:uuid:c2a0d387-a544-54ca-9b89-6d654a9bc200"",""curriculum_role_id"":""A10"",""owner_native_module_count"":82,""owner_native_namespace"":""openstax-cnxml-module-id/elementary-algebra-2e/id-ID/v1.0.3"",""owner_native_record_count"":561994,""public_record_url"":""https://zenodo.org/records/22236314"",""public_repository_url"":""https://github.com/KokunoYumeto/openstax-elementary-algebra-2e-id"",""release_record_id"":22236314,""release_version"":""1.0.3"",""sole_integrator_publisher"":true,""source_commit"":""38cae454e644abf9f0a623e876994553881597c9"",""source_tree"":""7907e4c81d43de1c3b6da173f0eb273c01dc5b55"",""zero_copy"":true},""record_type"":""owner_authority"",""recorded_at"":""2026-09-06T00:00:00Z"",""semantic_key"":""a10:owner-authority:public-release-v1.0.3""}"
tables/qa_events.jsonl,1,urn:uuid:1b15d83a-6a04-5171-90a3-0204a2263c4b,qa_event,"{""dataset_id"":""urn:uuid:97a5d5e6-c756-5fcf-8b1d-412402caace7"",""id"":""urn:uuid:1b15d83a-6a04-5171-90a3-0204a2263c4b"",""normalized_state"":""published"",""owner_authority_id"":""urn:uuid:7aa2ae30-7716-5b39-a47b-5ac2bdc9f035"",""owner_native_state"":""release_snapshot"",""payload"":{""export_aggregate_sha256"":""f01d6de4e8327fdece6824282dbbd30b702ab1cec3c5699b616b0930e8bcc606"",""modules"":82,""native_records"":561994,""qa_kind"":""owner_release_backend"",""result"":""pass"",""tests_run"":30,""translation_rows_language_reviewed"":26824},""record_type"":""qa_event"",""recorded_at"":""2026-09-06T00:00:00Z"",""semantic_key"":""a10:qa:owner-backend-release""}"
tables/qa_events.jsonl,3,urn:uuid:9d44a037-b8ab-58cc-9552-241380517cb7,qa_event,"{""dataset_id"":""urn:uuid:97a5d5e6-c756-5fcf-8b1d-412402caace7"",""id"":""urn:uuid:9d44a037-b8ab-58cc-9552-241380517cb7"",""normalized_state"":""validated"",""owner_authority_id"":""urn:uuid:7aa2ae30-7716-5b39-a47b-5ac2bdc9f035"",""owner_native_state"":""adapter_assertion"",""payload"":{""body_prose_rows"":0,""explicit_exercises"":9406,""explicit_missing_solutions"":3300,""explicit_solutions"":6106,""maintenance_closed"":false,""module_identity_rows"":82,""native_backend_records_copied"":0,""per_unit_routes_claimed"":0,""qa_kind"":""adapter_zero_copy"",""result"":""pass""},""record_type"":""qa_event"",""recorded_at"":""2026-09-06T00:00:00Z"",""semantic_key"":""a10:qa:zero-copy-projection""}"
tables/qa_events.jsonl,2,urn:uuid:f59a00f3-c516-530a-a821-b53db75b06ec,qa_event,"{""dataset_id"":""urn:uuid:97a5d5e6-c756-5fcf-8b1d-412402caace7"",""id"":""urn:uuid:f59a00f3-c516-530a-a821-b53db75b06ec"",""normalized_state"":""published"",""owner_authority_id"":""urn:uuid:7aa2ae30-7716-5b39-a47b-5ac2bdc9f035"",""owner_native_state"":""reader_qa_pass"",""payload"":{""coverage"":""82/82"",""html_article_modules"":82,""html_internal_links_resolved"":true,""html_not_claimed_as_public_route"":true,""image_alt_coverage"":""4024/4024"",""pdf_language"":""id-ID"",""pdf_marked"":true,""pdf_pages"":1627,""pdf_tagged"":true,""qa_kind"":""reader_accessibility"",""qa_sha256"":""449dff1ca701690ce9bfffd5055010a5ff22b7b29ef206c480899f37689b2bb6"",""result"":""pass""},""record_type"":""qa_event"",""recorded_at"":""2026-09-06T00:00:00Z"",""semantic_key"":""a10:qa:reader-accessibility""}"
tables/reader_surfaces.jsonl,1,urn:uuid:f05bf26f-e8db-5611-9327-62cc190b5544,reader_surface,"{""dataset_id"":""urn:uuid:97a5d5e6-c756-5fcf-8b1d-412402caace7"",""id"":""urn:uuid:f05bf26f-e8db-5611-9327-62cc190b5544"",""normalized_state"":""published"",""owner_authority_id"":""urn:uuid:7aa2ae30-7716-5b39-a47b-5ac2bdc9f035"",""owner_native_state"":""public_release_artifact"",""payload"":{""artifact_id"":""urn:uuid:864a730f-b708-5b9d-8f92-f95e49f64bc6"",""course_level_only"":true,""document_language"":""id-ID"",""locale"":""id-ID"",""machine_data_is_learner_destination"":false,""marked"":true,""pages"":1627,""per_unit_routes_claimed"":false,""surface_kind"":""tagged_offline_pdf"",""tagged"":true,""url"":""https://zenodo.org/records/22236314/files/00-elementary-algebra-2e-bahasa-indonesia-EA2-C0082-reader.pdf?download=1""},""record_type"":""reader_surface"",""recorded_at"":""2026-09-06T00:00:00Z"",""semantic_key"":""a10:reader-surface:course-pdf:v1.0.3""}"
tables/relations.jsonl,37,urn:uuid:00c5f1ca-378f-5fb6-8515-0984b65347f4,relation,"{""dataset_id"":""urn:uuid:97a5d5e6-c756-5fcf-8b1d-412402caace7"",""id"":""urn:uuid:00c5f1ca-378f-5fb6-8515-0984b65347f4"",""normalized_state"":""published"",""owner_authority_id"":""urn:uuid:7aa2ae30-7716-5b39-a47b-5ac2bdc9f035"",""owner_native_state"":""release_order"",""payload"":{""derived_only_from_exact_release_ordinals"":true,""relation_type"":""precedes_in_release_order"",""source_native_module_id"":""m82490"",""source_unit_id"":""urn:uuid:0b36fc6a-54c3-5076-b9d0-e3d74e2f5e35"",""target_native_module_id"":""m82494"",""target_unit_id"":""urn:uuid:7923c1ff-76bf-59d3-ae07-5d9c157e484d""},""record_type"":""relation"",""recorded_at"":""2026-09-06T00:00:00Z"",""semantic_key"":""a10:sequence:m82490:m82494""}"
tables/relations.jsonl,78,urn:uuid:012a3495-d6fb-58e5-abf4-4f9e28898aac,relation,"{""dataset_id"":""urn:uuid:97a5d5e6-c756-5fcf-8b1d-412402caace7"",""id"":""urn:uuid:012a3495-d6fb-58e5-abf4-4f9e28898aac"",""normalized_state"":""published"",""owner_authority_id"":""urn:uuid:7aa2ae30-7716-5b39-a47b-5ac2bdc9f035"",""owner_native_state"":""release_order"",""payload"":{""derived_only_from_exact_release_ordinals"":true,""relation_type"":""precedes_in_release_order"",""source_native_module_id"":""m82560"",""source_unit_id"":""urn:uuid:218c44d4-c056-520d-bb50-8b0eb24a1289"",""target_native_module_id"":""m82544"",""target_unit_id"":""urn:uuid:c54d2c6b-e42a-5092-8527-505e64d58766""},""record_type"":""relation"",""recorded_at"":""2026-09-06T00:00:00Z"",""semantic_key"":""a10:sequence:m82560:m82544""}"
tables/relations.jsonl,65,urn:uuid:0863e13e-9d31-5357-8227-968af0222869,relation,"{""dataset_id"":""urn:uuid:97a5d5e6-c756-5fcf-8b1d-412402caace7"",""id"":""urn:uuid:0863e13e-9d31-5357-8227-968af0222869"",""normalized_state"":""published"",""owner_authority_id"":""urn:uuid:7aa2ae30-7716-5b39-a47b-5ac2bdc9f035"",""owner_native_state"":""release_order"",""payload"":{""derived_only_from_exact_release_ordinals"":true,""relation_type"":""precedes_in_release_order"",""source_native_module_id"":""m82545"",""source_unit_id"":""urn:uuid:d647a6ea-657f-5fdb-b81f-781172a7df89"",""target_native_module_id"":""m82546"",""target_unit_id"":""urn:uuid:9d4d115c-4f3a-579a-b696-693542ea6f10""},""record_type"":""relation"",""recorded_at"":""2026-09-06T00:00:00Z"",""semantic_key"":""a10:sequence:m82545:m82546""}"
tables/relations.jsonl,41,urn:uuid:0a001e50-b631-54c7-b5c7-b3492c82b022,relation,"{""dataset_id"":""urn:uuid:97a5d5e6-c756-5fcf-8b1d-412402caace7"",""id"":""urn:uuid:0a001e50-b631-54c7-b5c7-b3492c82b022"",""normalized_state"":""published"",""owner_authority_id"":""urn:uuid:7aa2ae30-7716-5b39-a47b-5ac2bdc9f035"",""owner_native_state"":""release_order"",""payload"":{""derived_only_from_exact_release_ordinals"":true,""relation_type"":""precedes_in_release_order"",""source_native_module_id"":""m82498"",""source_unit_id"":""urn:uuid:edd3dbf7-bf56-506d-947f-f26692c8330f"",""target_native_module_id"":""m82499"",""target_unit_id"":""urn:uuid:2f01632e-664c-52dd-958c-e63b144d3135""},""record_type"":""relation"",""recorded_at"":""2026-09-06T00:00:00Z"",""semantic_key"":""a10:sequence:m82498:m82499""}"
tables/relations.jsonl,24,urn:uuid:0d5056f7-0b72-54f0-abb4-775e76c6eed8,relation,"{""dataset_id"":""urn:uuid:97a5d5e6-c756-5fcf-8b1d-412402caace7"",""id"":""urn:uuid:0d5056f7-0b72-54f0-abb4-775e76c6eed8"",""normalized_state"":""published"",""owner_authority_id"":""urn:uuid:7aa2ae30-7716-5b39-a47b-5ac2bdc9f035"",""owner_native_state"":""release_order"",""payload"":{""derived_only_from_exact_release_ordinals"":true,""relation_type"":""precedes_in_release_order"",""source_native_module_id"":""m82475"",""source_unit_id"":""urn:uuid:2e2d9798-269b-5297-85f8-16ee773c0730"",""target_native_module_id"":""m82476"",""target_unit_id"":""urn:uuid:13ac7579-67f7-5d69-b48d-7f5260bbeea7""},""record_type"":""relation"",""recorded_at"":""2026-09-06T00:00:00Z"",""semantic_key"":""a10:sequence:m82475:m82476""}"
tables/relations.jsonl,55,urn:uuid:18df21a2-d8ff-5328-bebf-56d0202c6dc5,relation,"{""dataset_id"":""urn:uuid:97a5d5e6-c756-5fcf-8b1d-412402caace7"",""id"":""urn:uuid:18df21a2-d8ff-5328-bebf-56d0202c6dc5"",""normalized_state"":""published"",""owner_authority_id"":""urn:uuid:7aa2ae30-7716-5b39-a47b-5ac2bdc9f035"",""owner_native_state"":""release_order"",""payload"":{""derived_only_from_exact_release_ordinals"":true,""relation_type"":""precedes_in_release_order"",""source_native_module_id"":""m82531"",""source_unit_id"":""urn:uuid:2f1f3efe-4f4f-5e69-9451-8b210b94b68a"",""target_native_module_id"":""m82532"",""target_unit_id"":""urn:uuid:bf6b7ee9-b51e-59d5-bb07-08ad4945dd9b""},""record_type"":""relation"",""recorded_at"":""2026-09-06T00:00:00Z"",""semantic_key"":""a10:sequence:m82531:m82532""}"
tables/relations.jsonl,42,urn:uuid:1b2bc317-000c-5999-b7bb-ab9071950333,relation,"{""dataset_id"":""urn:uuid:97a5d5e6-c756-5fcf-8b1d-412402caace7"",""id"":""urn:uuid:1b2bc317-000c-5999-b7bb-ab9071950333"",""normalized_state"":""published"",""owner_authority_id"":""urn:uuid:7aa2ae30-7716-5b39-a47b-5ac2bdc9f035"",""owner_native_state"":""release_order"",""payload"":{""derived_only_from_exact_release_ordinals"":true,""relation_type"":""precedes_in_release_order"",""source_native_module_id"":""m82499"",""source_unit_id"":""urn:uuid:2f01632e-664c-52dd-958c-e63b144d3135"",""target_native_module_id"":""m82500"",""target_unit_id"":""urn:uuid:e8ce8313-3426-56b0-895b-82c187491b81""},""record_type"":""relation"",""recorded_at"":""2026-09-06T00:00:00Z"",""semantic_key"":""a10:sequence:m82499:m82500""}"
tables/relations.jsonl,46,urn:uuid:1b5670c2-a5eb-5275-ab70-3dd9e1ef817d,relation,"{""dataset_id"":""urn:uuid:97a5d5e6-c756-5fcf-8b1d-412402caace7"",""id"":""urn:uuid:1b5670c2-a5eb-5275-ab70-3dd9e1ef817d"",""normalized_state"":""published"",""owner_authority_id"":""urn:uuid:7aa2ae30-7716-5b39-a47b-5ac2bdc9f035"",""owner_native_state"":""release_order"",""payload"":{""derived_only_from_exact_release_ordinals"":true,""relation_type"":""precedes_in_release_order"",""source_native_module_id"":""m82507"",""source_unit_id"":""urn:uuid:710de277-f863-55ee-ab65-0ed6e8a6156a"",""target_native_module_id"":""m82508"",""target_unit_id"":""urn:uuid:64bb8a0d-da3c-56c2-9336-87354b0bc173""},""record_type"":""relation"",""recorded_at"":""2026-09-06T00:00:00Z"",""semantic_key"":""a10:sequence:m82507:m82508""}"
tables/relations.jsonl,26,urn:uuid:1fc6b4b7-5c35-53e0-be85-1900edf85ba0,relation,"{""dataset_id"":""urn:uuid:97a5d5e6-c756-5fcf-8b1d-412402caace7"",""id"":""urn:uuid:1fc6b4b7-5c35-53e0-be85-1900edf85ba0"",""normalized_state"":""published"",""owner_authority_id"":""urn:uuid:7aa2ae30-7716-5b39-a47b-5ac2bdc9f035"",""owner_native_state"":""release_order"",""payload"":{""derived_only_from_exact_release_ordinals"":true,""relation_type"":""precedes_in_release_order"",""source_native_module_id"":""m82477"",""source_unit_id"":""urn:uuid:2236cb36-cbea-53d7-b000-02a8bf6c6bca"",""target_native_module_id"":""m82478"",""target_unit_id"":""urn:uuid:6624018e-c6a1-531c-8aa4-8130a1312f95""},""record_type"":""relation"",""recorded_at"":""2026-09-06T00:00:00Z"",""semantic_key"":""a10:sequence:m82477:m82478""}"
tables/relations.jsonl,4,urn:uuid:228cdea3-113d-5b4e-ab24-059b28e25f80,relation,"{""dataset_id"":""urn:uuid:97a5d5e6-c756-5fcf-8b1d-412402caace7"",""id"":""urn:uuid:228cdea3-113d-5b4e-ab24-059b28e25f80"",""normalized_state"":""published"",""owner_authority_id"":""urn:uuid:7aa2ae30-7716-5b39-a47b-5ac2bdc9f035"",""owner_native_state"":""release_order"",""payload"":{""derived_only_from_exact_release_ordinals"":true,""relation_type"":""precedes_in_release_order"",""source_native_module_id"":""m82453"",""source_unit_id"":""urn:uuid:ab4c3568-a7df-52ae-aef6-810ddc589582"",""target_native_module_id"":""m82454"",""target_unit_id"":""urn:uuid:14bf068d-11e1-5704-924c-a67c19b05da3""},""record_type"":""relation"",""recorded_at"":""2026-09-06T00:00:00Z"",""semantic_key"":""a10:sequence:m82453:m82454""}"
tables/relations.jsonl,21,urn:uuid:24f8bcbd-7d21-576a-95ff-be74168aee02,relation,"{""dataset_id"":""urn:uuid:97a5d5e6-c756-5fcf-8b1d-412402caace7"",""id"":""urn:uuid:24f8bcbd-7d21-576a-95ff-be74168aee02"",""normalized_state"":""published"",""owner_authority_id"":""urn:uuid:7aa2ae30-7716-5b39-a47b-5ac2bdc9f035"",""owner_native_state"":""release_order"",""payload"":{""derived_only_from_exact_release_ordinals"":true,""relation_type"":""precedes_in_release_order"",""source_native_module_id"":""m82471"",""source_unit_id"":""urn:uuid:18878f6f-af80-5678-9a43-7841dd5b5e95"",""target_native_module_id"":""m82472"",""target_unit_id"":""urn:uuid:1f664893-dca1-5546-9c1c-9814f93229f3""},""record_type"":""relation"",""recorded_at"":""2026-09-06T00:00:00Z"",""semantic_key"":""a10:sequence:m82471:m82472""}"
tables/relations.jsonl,47,urn:uuid:2685cbab-2b4d-5c3a-a1e1-6bd2735f1b4c,relation,"{""dataset_id"":""urn:uuid:97a5d5e6-c756-5fcf-8b1d-412402caace7"",""id"":""urn:uuid:2685cbab-2b4d-5c3a-a1e1-6bd2735f1b4c"",""normalized_state"":""published"",""owner_authority_id"":""urn:uuid:7aa2ae30-7716-5b39-a47b-5ac2bdc9f035"",""owner_native_state"":""release_order"",""payload"":{""derived_only_from_exact_release_ordinals"":true,""relation_type"":""precedes_in_release_order"",""source_native_module_id"":""m82508"",""source_unit_id"":""urn:uuid:64bb8a0d-da3c-56c2-9336-87354b0bc173"",""target_native_module_id"":""m82509"",""target_unit_id"":""urn:uuid:451d3f38-8d1e-5635-a540-da7c4b53fcb5""},""record_type"":""relation"",""recorded_at"":""2026-09-06T00:00:00Z"",""semantic_key"":""a10:sequence:m82508:m82509""}"
tables/relations.jsonl,27,urn:uuid:29aaf14e-ad9b-52a7-ba39-79cc969b9c34,relation,"{""dataset_id"":""urn:uuid:97a5d5e6-c756-5fcf-8b1d-412402caace7"",""id"":""urn:uuid:29aaf14e-ad9b-52a7-ba39-79cc969b9c34"",""normalized_state"":""published"",""owner_authority_id"":""urn:uuid:7aa2ae30-7716-5b39-a47b-5ac2bdc9f035"",""owner_native_state"":""release_order"",""payload"":{""derived_only_from_exact_release_ordinals"":true,""relation_type"":""precedes_in_release_order"",""source_native_module_id"":""m82478"",""source_unit_id"":""urn:uuid:6624018e-c6a1-531c-8aa4-8130a1312f95"",""target_native_module_id"":""m82479"",""target_unit_id"":""urn:uuid:59c578de-6d6f-52f8-b5f9-69e5fb36324e""},""record_type"":""relation"",""recorded_at"":""2026-09-06T00:00:00Z"",""semantic_key"":""a10:sequence:m82478:m82479""}"
tables/relations.jsonl,54,urn:uuid:2fe860ab-8501-5543-a89b-1c3fc820acba,relation,"{""dataset_id"":""urn:uuid:97a5d5e6-c756-5fcf-8b1d-412402caace7"",""id"":""urn:uuid:2fe860ab-8501-5543-a89b-1c3fc820acba"",""normalized_state"":""published"",""owner_authority_id"":""urn:uuid:7aa2ae30-7716-5b39-a47b-5ac2bdc9f035"",""owner_native_state"":""release_order"",""payload"":{""derived_only_from_exact_release_ordinals"":true,""relation_type"":""precedes_in_release_order"",""source_native_module_id"":""m82530"",""source_unit_id"":""urn:uuid:673aaa87-0271-5888-9eae-8a5f20155db7"",""target_native_module_id"":""m82531"",""target_unit_id"":""urn:uuid:2f1f3efe-4f4f-5e69-9451-8b210b94b68a""},""record_type"":""relation"",""recorded_at"":""2026-09-06T00:00:00Z"",""semantic_key"":""a10:sequence:m82530:m82531""}"
tables/relations.jsonl,29,urn:uuid:30978f01-335d-5eb4-aedd-b379ebb9da04,relation,"{""dataset_id"":""urn:uuid:97a5d5e6-c756-5fcf-8b1d-412402caace7"",""id"":""urn:uuid:30978f01-335d-5eb4-aedd-b379ebb9da04"",""normalized_state"":""published"",""owner_authority_id"":""urn:uuid:7aa2ae30-7716-5b39-a47b-5ac2bdc9f035"",""owner_native_state"":""release_order"",""payload"":{""derived_only_from_exact_release_ordinals"":true,""relation_type"":""precedes_in_release_order"",""source_native_module_id"":""m82480"",""source_unit_id"":""urn:uuid:0034827b-fa0e-5d4f-9b2e-5caec9b92930"",""target_native_module_id"":""m82481"",""target_unit_id"":""urn:uuid:465745c2-3464-57d9-bdef-99ad1489e99d""},""record_type"":""relation"",""recorded_at"":""2026-09-06T00:00:00Z"",""semantic_key"":""a10:sequence:m82480:m82481""}"
tables/relations.jsonl,8,urn:uuid:32734704-1890-5e64-9ead-b287849d0df9,relation,"{""dataset_id"":""urn:uuid:97a5d5e6-c756-5fcf-8b1d-412402caace7"",""id"":""urn:uuid:32734704-1890-5e64-9ead-b287849d0df9"",""normalized_state"":""published"",""owner_authority_id"":""urn:uuid:7aa2ae30-7716-5b39-a47b-5ac2bdc9f035"",""owner_native_state"":""release_order"",""payload"":{""derived_only_from_exact_release_ordinals"":true,""relation_type"":""precedes_in_release_order"",""source_native_module_id"":""m82457"",""source_unit_id"":""urn:uuid:fd0d1fe2-c7b1-59ea-83a3-2548556bf22b"",""target_native_module_id"":""m82458"",""target_unit_id"":""urn:uuid:1c9f9f85-5ec5-5da5-a175-2fa805513a88""},""record_type"":""relation"",""recorded_at"":""2026-09-06T00:00:00Z"",""semantic_key"":""a10:sequence:m82457:m82458""}"
tables/relations.jsonl,48,urn:uuid:3324ce98-c1be-5269-9c59-ee3cde7a0318,relation,"{""dataset_id"":""urn:uuid:97a5d5e6-c756-5fcf-8b1d-412402caace7"",""id"":""urn:uuid:3324ce98-c1be-5269-9c59-ee3cde7a0318"",""normalized_state"":""published"",""owner_authority_id"":""urn:uuid:7aa2ae30-7716-5b39-a47b-5ac2bdc9f035"",""owner_native_state"":""release_order"",""payload"":{""derived_only_from_exact_release_ordinals"":true,""relation_type"":""precedes_in_release_order"",""source_native_module_id"":""m82509"",""source_unit_id"":""urn:uuid:451d3f38-8d1e-5635-a540-da7c4b53fcb5"",""target_native_module_id"":""m82513"",""target_unit_id"":""urn:uuid:6e599efd-1f76-561c-8e85-066e78a80060""},""record_type"":""relation"",""recorded_at"":""2026-09-06T00:00:00Z"",""semantic_key"":""a10:sequence:m82509:m82513""}"
tables/relations.jsonl,81,urn:uuid:350c2470-cae4-542a-81f4-18ed826f62d3,relation,"{""dataset_id"":""urn:uuid:97a5d5e6-c756-5fcf-8b1d-412402caace7"",""id"":""urn:uuid:350c2470-cae4-542a-81f4-18ed826f62d3"",""normalized_state"":""published"",""owner_authority_id"":""urn:uuid:7aa2ae30-7716-5b39-a47b-5ac2bdc9f035"",""owner_native_state"":""release_order"",""payload"":{""derived_only_from_exact_release_ordinals"":true,""relation_type"":""precedes_in_release_order"",""source_native_module_id"":""m82566"",""source_unit_id"":""urn:uuid:51c8a6e5-7968-5c00-9fbc-7d0d041a1fae"",""target_native_module_id"":""m82527"",""target_unit_id"":""urn:uuid:e445653a-4f06-5a79-85c6-4cc598917464""},""record_type"":""relation"",""recorded_at"":""2026-09-06T00:00:00Z"",""semantic_key"":""a10:sequence:m82566:m82527""}"
tables/relations.jsonl,15,urn:uuid:361ad484-7028-5bb8-9f41-633162be03e5,relation,"{""dataset_id"":""urn:uuid:97a5d5e6-c756-5fcf-8b1d-412402caace7"",""id"":""urn:uuid:361ad484-7028-5bb8-9f41-633162be03e5"",""normalized_state"":""published"",""owner_authority_id"":""urn:uuid:7aa2ae30-7716-5b39-a47b-5ac2bdc9f035"",""owner_native_state"":""release_order"",""payload"":{""derived_only_from_exact_release_ordinals"":true,""relation_type"":""precedes_in_release_order"",""source_native_module_id"":""m82464"",""source_unit_id"":""urn:uuid:00d5ee81-a2ab-5885-b01d-4416ea5a1d1a"",""target_native_module_id"":""m82465"",""target_unit_id"":""urn:uuid:02fbb38d-cde4-5027-8de7-9f6b142b4e55""},""record_type"":""relation"",""recorded_at"":""2026-09-06T00:00:00Z"",""semantic_key"":""a10:sequence:m82464:m82465""}"
tables/relations.jsonl,20,urn:uuid:3fad66f4-c5b2-592c-b9b8-3ad599cc2f67,relation,"{""dataset_id"":""urn:uuid:97a5d5e6-c756-5fcf-8b1d-412402caace7"",""id"":""urn:uuid:3fad66f4-c5b2-592c-b9b8-3ad599cc2f67"",""normalized_state"":""published"",""owner_authority_id"":""urn:uuid:7aa2ae30-7716-5b39-a47b-5ac2bdc9f035"",""owner_native_state"":""release_order"",""payload"":{""derived_only_from_exact_release_ordinals"":true,""relation_type"":""precedes_in_release_order"",""source_native_module_id"":""m82470"",""source_unit_id"":""urn:uuid:ad2d8223-0f68-5610-88b2-ae6a3620901e"",""target_native_module_id"":""m82471"",""target_unit_id"":""urn:uuid:18878f6f-af80-5678-9a43-7841dd5b5e95""},""record_type"":""relation"",""recorded_at"":""2026-09-06T00:00:00Z"",""semantic_key"":""a10:sequence:m82470:m82471""}"
tables/relations.jsonl,62,urn:uuid:410f4a6b-f108-5a23-9159-90ec3cc2c70c,relation,"{""dataset_id"":""urn:uuid:97a5d5e6-c756-5fcf-8b1d-412402caace7"",""id"":""urn:uuid:410f4a6b-f108-5a23-9159-90ec3cc2c70c"",""normalized_state"":""published"",""owner_authority_id"":""urn:uuid:7aa2ae30-7716-5b39-a47b-5ac2bdc9f035"",""owner_native_state"":""release_order"",""payload"":{""derived_only_from_exact_release_ordinals"":true,""relation_type"":""precedes_in_release_order"",""source_native_module_id"":""m82539"",""source_unit_id"":""urn:uuid:0fdf7e0f-ffb5-569b-bc58-042f63f8a8d3"",""target_native_module_id"":""m82543"",""target_unit_id"":""urn:uuid:71c7a5a8-3019-5ce9-ba3e-106f1147999a""},""record_type"":""relation"",""recorded_at"":""2026-09-06T00:00:00Z"",""semantic_key"":""a10:sequence:m82539:m82543""}"
tables/relations.jsonl,44,urn:uuid:41bc2678-61a5-5eca-9acb-3429f3f1b061,relation,"{""dataset_id"":""urn:uuid:97a5d5e6-c756-5fcf-8b1d-412402caace7"",""id"":""urn:uuid:41bc2678-61a5-5eca-9acb-3429f3f1b061"",""normalized_state"":""published"",""owner_authority_id"":""urn:uuid:7aa2ae30-7716-5b39-a47b-5ac2bdc9f035"",""owner_native_state"":""release_order"",""payload"":{""derived_only_from_exact_release_ordinals"":true,""relation_type"":""precedes_in_release_order"",""source_native_module_id"":""m82501"",""source_unit_id"":""urn:uuid:ec24b26a-8aed-5017-8036-f93a3560dc1f"",""target_native_module_id"":""m82504"",""target_unit_id"":""urn:uuid:eba5cfdd-ef22-504d-8967-df355fa9c438""},""record_type"":""relation"",""recorded_at"":""2026-09-06T00:00:00Z"",""semantic_key"":""a10:sequence:m82501:m82504""}"
tables/relations.jsonl,51,urn:uuid:42450c55-9931-5532-8b11-4c20e79f3816,relation,"{""dataset_id"":""urn:uuid:97a5d5e6-c756-5fcf-8b1d-412402caace7"",""id"":""urn:uuid:42450c55-9931-5532-8b11-4c20e79f3816"",""normalized_state"":""published"",""owner_authority_id"":""urn:uuid:7aa2ae30-7716-5b39-a47b-5ac2bdc9f035"",""owner_native_state"":""release_order"",""payload"":{""derived_only_from_exact_release_ordinals"":true,""relation_type"":""precedes_in_release_order"",""source_native_module_id"":""m82527"",""source_unit_id"":""urn:uuid:e445653a-4f06-5a79-85c6-4cc598917464"",""target_native_module_id"":""m82528"",""target_unit_id"":""urn:uuid:be937f6e-c279-5196-9322-b473531f28dc""},""record_type"":""relation"",""recorded_at"":""2026-09-06T00:00:00Z"",""semantic_key"":""a10:sequence:m82527:m82528""}"
tables/relations.jsonl,79,urn:uuid:47e34b62-abe4-590d-a006-780ed3db95ae,relation,"{""dataset_id"":""urn:uuid:97a5d5e6-c756-5fcf-8b1d-412402caace7"",""id"":""urn:uuid:47e34b62-abe4-590d-a006-780ed3db95ae"",""normalized_state"":""published"",""owner_authority_id"":""urn:uuid:7aa2ae30-7716-5b39-a47b-5ac2bdc9f035"",""owner_native_state"":""release_order"",""payload"":{""derived_only_from_exact_release_ordinals"":true,""relation_type"":""precedes_in_release_order"",""source_native_module_id"":""m82561"",""source_unit_id"":""urn:uuid:83ae39ef-05c7-5a8f-9238-ba28179b33d2"",""target_native_module_id"":""m82564"",""target_unit_id"":""urn:uuid:cf8fc5c8-3879-5d84-b664-6ca66516b7f0""},""record_type"":""relation"",""recorded_at"":""2026-09-06T00:00:00Z"",""semantic_key"":""a10:sequence:m82561:m82564""}"
tables/relations.jsonl,60,urn:uuid:48bbbeb3-7147-53bc-ad71-43ee21cfd2e5,relation,"{""dataset_id"":""urn:uuid:97a5d5e6-c756-5fcf-8b1d-412402caace7"",""id"":""urn:uuid:48bbbeb3-7147-53bc-ad71-43ee21cfd2e5"",""normalized_state"":""published"",""owner_authority_id"":""urn:uuid:7aa2ae30-7716-5b39-a47b-5ac2bdc9f035"",""owner_native_state"":""release_order"",""payload"":{""derived_only_from_exact_release_ordinals"":true,""relation_type"":""precedes_in_release_order"",""source_native_module_id"":""m82537"",""source_unit_id"":""urn:uuid:61100c89-df6e-5275-ac72-8ceb70e712d2"",""target_native_module_id"":""m82538"",""target_unit_id"":""urn:uuid:16ab80f9-f1e9-54e3-b389-371337db52c5""},""record_type"":""relation"",""recorded_at"":""2026-09-06T00:00:00Z"",""semantic_key"":""a10:sequence:m82537:m82538""}"
tables/relations.jsonl,2,urn:uuid:495a6331-9c32-54b4-b219-f4cbf4c5eb73,relation,"{""dataset_id"":""urn:uuid:97a5d5e6-c756-5fcf-8b1d-412402caace7"",""id"":""urn:uuid:495a6331-9c32-54b4-b219-f4cbf4c5eb73"",""normalized_state"":""published"",""owner_authority_id"":""urn:uuid:7aa2ae30-7716-5b39-a47b-5ac2bdc9f035"",""owner_native_state"":""release_order"",""payload"":{""derived_only_from_exact_release_ordinals"":true,""relation_type"":""precedes_in_release_order"",""source_native_module_id"":""m82451"",""source_unit_id"":""urn:uuid:0ffcf84b-132d-5245-91d5-50bbd42ce00a"",""target_native_module_id"":""m82452"",""target_unit_id"":""urn:uuid:20941cb5-b8b2-5d84-9466-081ed71894fe""},""record_type"":""relation"",""recorded_at"":""2026-09-06T00:00:00Z"",""semantic_key"":""a10:sequence:m82451:m82452""}"
tables/relations.jsonl,32,urn:uuid:4d187cf4-88cd-5907-af2e-05cd0f151953,relation,"{""dataset_id"":""urn:uuid:97a5d5e6-c756-5fcf-8b1d-412402caace7"",""id"":""urn:uuid:4d187cf4-88cd-5907-af2e-05cd0f151953"",""normalized_state"":""published"",""owner_authority_id"":""urn:uuid:7aa2ae30-7716-5b39-a47b-5ac2bdc9f035"",""owner_native_state"":""release_order"",""payload"":{""derived_only_from_exact_release_ordinals"":true,""relation_type"":""precedes_in_release_order"",""source_native_module_id"":""m82483"",""source_unit_id"":""urn:uuid:6af1b6ab-65ea-5418-a14d-c7687efbaef8"",""target_native_module_id"":""m82485"",""target_unit_id"":""urn:uuid:f079242c-9418-5a55-bb00-280f65114612""},""record_type"":""relation"",""recorded_at"":""2026-09-06T00:00:00Z"",""semantic_key"":""a10:sequence:m82483:m82485""}"
tables/relations.jsonl,49,urn:uuid:56c497d6-3520-5110-8666-d4012ec1ff46,relation,"{""dataset_id"":""urn:uuid:97a5d5e6-c756-5fcf-8b1d-412402caace7"",""id"":""urn:uuid:56c497d6-3520-5110-8666-d4012ec1ff46"",""normalized_state"":""published"",""owner_authority_id"":""urn:uuid:7aa2ae30-7716-5b39-a47b-5ac2bdc9f035"",""owner_native_state"":""release_order"",""payload"":{""derived_only_from_exact_release_ordinals"":true,""relation_type"":""precedes_in_release_order"",""source_native_module_id"":""m82513"",""source_unit_id"":""urn:uuid:6e599efd-1f76-561c-8e85-066e78a80060"",""target_native_module_id"":""m82514"",""target_unit_id"":""urn:uuid:85cc5962-adcd-5960-8634-70dab0b8f133""},""record_type"":""relation"",""recorded_at"":""2026-09-06T00:00:00Z"",""semantic_key"":""a10:sequence:m82513:m82514""}"
tables/relations.jsonl,17,urn:uuid:5c188da4-bd83-52ab-9697-9912cb0ecadf,relation,"{""dataset_id"":""urn:uuid:97a5d5e6-c756-5fcf-8b1d-412402caace7"",""id"":""urn:uuid:5c188da4-bd83-52ab-9697-9912cb0ecadf"",""normalized_state"":""published"",""owner_authority_id"":""urn:uuid:7aa2ae30-7716-5b39-a47b-5ac2bdc9f035"",""owner_native_state"":""release_order"",""payload"":{""derived_only_from_exact_release_ordinals"":true,""relation_type"":""precedes_in_release_order"",""source_native_module_id"":""m82467"",""source_unit_id"":""urn:uuid:49db6b94-4404-5bb4-83ab-203140191644"",""target_native_module_id"":""m82468"",""target_unit_id"":""urn:uuid:c6001bb0-e090-58da-9dbe-04fc98a1a9ac""},""record_type"":""relation"",""recorded_at"":""2026-09-06T00:00:00Z"",""semantic_key"":""a10:sequence:m82467:m82468""}"
tables/relations.jsonl,34,urn:uuid:618de560-544f-5bed-a866-36c592f2c9c4,relation,"{""dataset_id"":""urn:uuid:97a5d5e6-c756-5fcf-8b1d-412402caace7"",""id"":""urn:uuid:618de560-544f-5bed-a866-36c592f2c9c4"",""normalized_state"":""published"",""owner_authority_id"":""urn:uuid:7aa2ae30-7716-5b39-a47b-5ac2bdc9f035"",""owner_native_state"":""release_order"",""payload"":{""derived_only_from_exact_release_ordinals"":true,""relation_type"":""precedes_in_release_order"",""source_native_module_id"":""m82486"",""source_unit_id"":""urn:uuid:6e611059-69d4-5ef8-9246-902e6c768e58"",""target_native_module_id"":""m82488"",""target_unit_id"":""urn:uuid:6f4ee5d7-6f38-503b-93e4-5cae9af72393""},""record_type"":""relation"",""recorded_at"":""2026-09-06T00:00:00Z"",""semantic_key"":""a10:sequence:m82486:m82488""}"
tables/relations.jsonl,45,urn:uuid:64de593e-1b2e-52c8-968d-cc8eead85d72,relation,"{""dataset_id"":""urn:uuid:97a5d5e6-c756-5fcf-8b1d-412402caace7"",""id"":""urn:uuid:64de593e-1b2e-52c8-968d-cc8eead85d72"",""normalized_state"":""published"",""owner_authority_id"":""urn:uuid:7aa2ae30-7716-5b39-a47b-5ac2bdc9f035"",""owner_native_state"":""release_order"",""payload"":{""derived_only_from_exact_release_ordinals"":true,""relation_type"":""precedes_in_release_order"",""source_native_module_id"":""m82504"",""source_unit_id"":""urn:uuid:eba5cfdd-ef22-504d-8967-df355fa9c438"",""target_native_module_id"":""m82507"",""target_unit_id"":""urn:uuid:710de277-f863-55ee-ab65-0ed6e8a6156a""},""record_type"":""relation"",""recorded_at"":""2026-09-06T00:00:00Z"",""semantic_key"":""a10:sequence:m82504:m82507""}"
tables/relations.jsonl,1,urn:uuid:651243d2-f67c-5be4-a25d-de675e819cde,relation,"{""dataset_id"":""urn:uuid:97a5d5e6-c756-5fcf-8b1d-412402caace7"",""id"":""urn:uuid:651243d2-f67c-5be4-a25d-de675e819cde"",""normalized_state"":""validated"",""owner_authority_id"":""urn:uuid:7aa2ae30-7716-5b39-a47b-5ac2bdc9f035"",""owner_native_state"":""curriculum_declared"",""payload"":{""authority"":""current curriculum role record"",""relation_type"":""course_prerequisite"",""source_course_id"":""urn:uuid:c2a0d387-a544-54ca-9b89-6d654a9bc200"",""source_role_id"":""A10"",""target_course_id"":""urn:uuid:8d8ea368-373c-54d7-a6d3-4d9cfdaf46fe"",""target_role_id"":""A00""},""record_type"":""relation"",""recorded_at"":""2026-09-06T00:00:00Z"",""semantic_key"":""a10:prerequisite-course:A00""}"
tables/relations.jsonl,82,urn:uuid:66cf2224-5416-5cb0-90f5-da2ab0c72632,relation,"{""dataset_id"":""urn:uuid:97a5d5e6-c756-5fcf-8b1d-412402caace7"",""id"":""urn:uuid:66cf2224-5416-5cb0-90f5-da2ab0c72632"",""normalized_state"":""published"",""owner_authority_id"":""urn:uuid:7aa2ae30-7716-5b39-a47b-5ac2bdc9f035"",""owner_native_state"":""release_order"",""payload"":{""derived_only_from_exact_release_ordinals"":true,""relation_type"":""precedes_in_release_order"",""source_native_module_id"":""m82630"",""source_unit_id"":""urn:uuid:c49dc470-88fb-5b13-b15c-d21d22f7859d"",""target_native_module_id"":""m82451"",""target_unit_id"":""urn:uuid:0ffcf84b-132d-5245-91d5-50bbd42ce00a""},""record_type"":""relation"",""recorded_at"":""2026-09-06T00:00:00Z"",""semantic_key"":""a10:sequence:m82630:m82451""}"
tables/relations.jsonl,64,urn:uuid:6767591f-bf96-5950-aeca-14b5d97fa59a,relation,"{""dataset_id"":""urn:uuid:97a5d5e6-c756-5fcf-8b1d-412402caace7"",""id"":""urn:uuid:6767591f-bf96-5950-aeca-14b5d97fa59a"",""normalized_state"":""published"",""owner_authority_id"":""urn:uuid:7aa2ae30-7716-5b39-a47b-5ac2bdc9f035"",""owner_native_state"":""release_order"",""payload"":{""derived_only_from_exact_release_ordinals"":true,""relation_type"":""precedes_in_release_order"",""source_native_module_id"":""m82544"",""source_unit_id"":""urn:uuid:c54d2c6b-e42a-5092-8527-505e64d58766"",""target_native_module_id"":""m82545"",""target_unit_id"":""urn:uuid:d647a6ea-657f-5fdb-b81f-781172a7df89""},""record_type"":""relation"",""recorded_at"":""2026-09-06T00:00:00Z"",""semantic_key"":""a10:sequence:m82544:m82545""}"
tables/relations.jsonl,28,urn:uuid:686d439c-9fa0-5030-b8d1-33e60574fa25,relation,"{""dataset_id"":""urn:uuid:97a5d5e6-c756-5fcf-8b1d-412402caace7"",""id"":""urn:uuid:686d439c-9fa0-5030-b8d1-33e60574fa25"",""normalized_state"":""published"",""owner_authority_id"":""urn:uuid:7aa2ae30-7716-5b39-a47b-5ac2bdc9f035"",""owner_native_state"":""release_order"",""payload"":{""derived_only_from_exact_release_ordinals"":true,""relation_type"":""precedes_in_release_order"",""source_native_module_id"":""m82479"",""source_unit_id"":""urn:uuid:59c578de-6d6f-52f8-b5f9-69e5fb36324e"",""target_native_module_id"":""m82480"",""target_unit_id"":""urn:uuid:0034827b-fa0e-5d4f-9b2e-5caec9b92930""},""record_type"":""relation"",""recorded_at"":""2026-09-06T00:00:00Z"",""semantic_key"":""a10:sequence:m82479:m82480""}"
tables/relations.jsonl,63,urn:uuid:6a9a5bf9-aee9-5261-9d66-c15f9f707269,relation,"{""dataset_id"":""urn:uuid:97a5d5e6-c756-5fcf-8b1d-412402caace7"",""id"":""urn:uuid:6a9a5bf9-aee9-5261-9d66-c15f9f707269"",""normalized_state"":""published"",""owner_authority_id"":""urn:uuid:7aa2ae30-7716-5b39-a47b-5ac2bdc9f035"",""owner_native_state"":""release_order"",""payload"":{""derived_only_from_exact_release_ordinals"":true,""relation_type"":""precedes_in_release_order"",""source_native_module_id"":""m82543"",""source_unit_id"":""urn:uuid:71c7a5a8-3019-5ce9-ba3e-106f1147999a"",""target_native_module_id"":""m82560"",""target_unit_id"":""urn:uuid:218c44d4-c056-520d-bb50-8b0eb24a1289""},""record_type"":""relation"",""recorded_at"":""2026-09-06T00:00:00Z"",""semantic_key"":""a10:sequence:m82543:m82560""}"
tables/relations.jsonl,16,urn:uuid:6d2e8b55-b163-55c8-a965-c8f6382b629d,relation,"{""dataset_id"":""urn:uuid:97a5d5e6-c756-5fcf-8b1d-412402caace7"",""id"":""urn:uuid:6d2e8b55-b163-55c8-a965-c8f6382b629d"",""normalized_state"":""published"",""owner_authority_id"":""urn:uuid:7aa2ae30-7716-5b39-a47b-5ac2bdc9f035"",""owner_native_state"":""release_order"",""payload"":{""derived_only_from_exact_release_ordinals"":true,""relation_type"":""precedes_in_release_order"",""source_native_module_id"":""m82465"",""source_unit_id"":""urn:uuid:02fbb38d-cde4-5027-8de7-9f6b142b4e55"",""target_native_module_id"":""m82467"",""target_unit_id"":""urn:uuid:49db6b94-4404-5bb4-83ab-203140191644""},""record_type"":""relation"",""recorded_at"":""2026-09-06T00:00:00Z"",""semantic_key"":""a10:sequence:m82465:m82467""}"
tables/relations.jsonl,61,urn:uuid:6dee9cde-3a72-5818-a285-5104aa63478a,relation,"{""dataset_id"":""urn:uuid:97a5d5e6-c756-5fcf-8b1d-412402caace7"",""id"":""urn:uuid:6dee9cde-3a72-5818-a285-5104aa63478a"",""normalized_state"":""published"",""owner_authority_id"":""urn:uuid:7aa2ae30-7716-5b39-a47b-5ac2bdc9f035"",""owner_native_state"":""release_order"",""payload"":{""derived_only_from_exact_release_ordinals"":true,""relation_type"":""precedes_in_release_order"",""source_native_module_id"":""m82538"",""source_unit_id"":""urn:uuid:16ab80f9-f1e9-54e3-b389-371337db52c5"",""target_native_module_id"":""m82539"",""target_unit_id"":""urn:uuid:0fdf7e0f-ffb5-569b-bc58-042f63f8a8d3""},""record_type"":""relation"",""recorded_at"":""2026-09-06T00:00:00Z"",""semantic_key"":""a10:sequence:m82538:m82539""}"
tables/relations.jsonl,19,urn:uuid:6fcb63f8-7c4c-5725-8151-66b254075f12,relation,"{""dataset_id"":""urn:uuid:97a5d5e6-c756-5fcf-8b1d-412402caace7"",""id"":""urn:uuid:6fcb63f8-7c4c-5725-8151-66b254075f12"",""normalized_state"":""published"",""owner_authority_id"":""urn:uuid:7aa2ae30-7716-5b39-a47b-5ac2bdc9f035"",""owner_native_state"":""release_order"",""payload"":{""derived_only_from_exact_release_ordinals"":true,""relation_type"":""precedes_in_release_order"",""source_native_module_id"":""m82469"",""source_unit_id"":""urn:uuid:a66e374d-372e-52fb-bbde-8da11aea1a90"",""target_native_module_id"":""m82470"",""target_unit_id"":""urn:uuid:ad2d8223-0f68-5610-88b2-ae6a3620901e""},""record_type"":""relation"",""recorded_at"":""2026-09-06T00:00:00Z"",""semantic_key"":""a10:sequence:m82469:m82470""}"
tables/relations.jsonl,39,urn:uuid:713141a6-d81d-5d84-843f-6337bb22420b,relation,"{""dataset_id"":""urn:uuid:97a5d5e6-c756-5fcf-8b1d-412402caace7"",""id"":""urn:uuid:713141a6-d81d-5d84-843f-6337bb22420b"",""normalized_state"":""published"",""owner_authority_id"":""urn:uuid:7aa2ae30-7716-5b39-a47b-5ac2bdc9f035"",""owner_native_state"":""release_order"",""payload"":{""derived_only_from_exact_release_ordinals"":true,""relation_type"":""precedes_in_release_order"",""source_native_module_id"":""m82495"",""source_unit_id"":""urn:uuid:215bba5f-f890-5d9a-a28e-439a24fa7023"",""target_native_module_id"":""m82497"",""target_unit_id"":""urn:uuid:0d063f43-6543-58b6-b7c4-0c50edf24074""},""record_type"":""relation"",""recorded_at"":""2026-09-06T00:00:00Z"",""semantic_key"":""a10:sequence:m82495:m82497""}"
tables/relations.jsonl,30,urn:uuid:76227a16-fd2c-58ee-801f-33b0310d77a4,relation,"{""dataset_id"":""urn:uuid:97a5d5e6-c756-5fcf-8b1d-412402caace7"",""id"":""urn:uuid:76227a16-fd2c-58ee-801f-33b0310d77a4"",""normalized_state"":""published"",""owner_authority_id"":""urn:uuid:7aa2ae30-7716-5b39-a47b-5ac2bdc9f035"",""owner_native_state"":""release_order"",""payload"":{""derived_only_from_exact_release_ordinals"":true,""relation_type"":""precedes_in_release_order"",""source_native_module_id"":""m82481"",""source_unit_id"":""urn:uuid:465745c2-3464-57d9-bdef-99ad1489e99d"",""target_native_module_id"":""m82482"",""target_unit_id"":""urn:uuid:d75ac988-b9d3-5541-b495-807466bd8d71""},""record_type"":""relation"",""recorded_at"":""2026-09-06T00:00:00Z"",""semantic_key"":""a10:sequence:m82481:m82482""}"
tables/relations.jsonl,7,urn:uuid:7e69db28-c656-57fb-85c2-46fba66d0287,relation,"{""dataset_id"":""urn:uuid:97a5d5e6-c756-5fcf-8b1d-412402caace7"",""id"":""urn:uuid:7e69db28-c656-57fb-85c2-46fba66d0287"",""normalized_state"":""published"",""owner_authority_id"":""urn:uuid:7aa2ae30-7716-5b39-a47b-5ac2bdc9f035"",""owner_native_state"":""release_order"",""payload"":{""derived_only_from_exact_release_ordinals"":true,""relation_type"":""precedes_in_release_order"",""source_native_module_id"":""m82456"",""source_unit_id"":""urn:uuid:bbe47adf-c606-5eb6-9e22-afce7e42f9b1"",""target_native_module_id"":""m82457"",""target_unit_id"":""urn:uuid:fd0d1fe2-c7b1-59ea-83a3-2548556bf22b""},""record_type"":""relation"",""recorded_at"":""2026-09-06T00:00:00Z"",""semantic_key"":""a10:sequence:m82456:m82457""}"
tables/relations.jsonl,53,urn:uuid:81803935-e3d6-5968-add1-e6efa9c40641,relation,"{""dataset_id"":""urn:uuid:97a5d5e6-c756-5fcf-8b1d-412402caace7"",""id"":""urn:uuid:81803935-e3d6-5968-add1-e6efa9c40641"",""normalized_state"":""published"",""owner_authority_id"":""urn:uuid:7aa2ae30-7716-5b39-a47b-5ac2bdc9f035"",""owner_native_state"":""release_order"",""payload"":{""derived_only_from_exact_release_ordinals"":true,""relation_type"":""precedes_in_release_order"",""source_native_module_id"":""m82529"",""source_unit_id"":""urn:uuid:f1fbb460-65fe-5812-90c9-346f4312ef0a"",""target_native_module_id"":""m82530"",""target_unit_id"":""urn:uuid:673aaa87-0271-5888-9eae-8a5f20155db7""},""record_type"":""relation"",""recorded_at"":""2026-09-06T00:00:00Z"",""semantic_key"":""a10:sequence:m82529:m82530""}"
tables/relations.jsonl,71,urn:uuid:82d30196-1691-54aa-8181-cdf0643ad667,relation,"{""dataset_id"":""urn:uuid:97a5d5e6-c756-5fcf-8b1d-412402caace7"",""id"":""urn:uuid:82d30196-1691-54aa-8181-cdf0643ad667"",""normalized_state"":""published"",""owner_authority_id"":""urn:uuid:7aa2ae30-7716-5b39-a47b-5ac2bdc9f035"",""owner_native_state"":""release_order"",""payload"":{""derived_only_from_exact_release_ordinals"":true,""relation_type"":""precedes_in_release_order"",""source_native_module_id"":""m82552"",""source_unit_id"":""urn:uuid:7ae17e04-bf99-5bd4-bd1b-aa0e4129ff67"",""target_native_module_id"":""m82553"",""target_unit_id"":""urn:uuid:3064832d-cca3-55f3-b0e1-216e00b366c0""},""record_type"":""relation"",""recorded_at"":""2026-09-06T00:00:00Z"",""semantic_key"":""a10:sequence:m82552:m82553""}"
tables/relations.jsonl,56,urn:uuid:86104ea4-0222-59a8-8a16-43ec46181306,relation,"{""dataset_id"":""urn:uuid:97a5d5e6-c756-5fcf-8b1d-412402caace7"",""id"":""urn:uuid:86104ea4-0222-59a8-8a16-43ec46181306"",""normalized_state"":""published"",""owner_authority_id"":""urn:uuid:7aa2ae30-7716-5b39-a47b-5ac2bdc9f035"",""owner_native_state"":""release_order"",""payload"":{""derived_only_from_exact_release_ordinals"":true,""relation_type"":""precedes_in_release_order"",""source_native_module_id"":""m82532"",""source_unit_id"":""urn:uuid:bf6b7ee9-b51e-59d5-bb07-08ad4945dd9b"",""target_native_module_id"":""m82533"",""target_unit_id"":""urn:uuid:17a1095f-ca7c-5140-94a2-8bfef48d2f78""},""record_type"":""relation"",""recorded_at"":""2026-09-06T00:00:00Z"",""semantic_key"":""a10:sequence:m82532:m82533""}"
tables/relations.jsonl,11,urn:uuid:87fdf63a-4c21-5ea9-936c-b7069c612410,relation,"{""dataset_id"":""urn:uuid:97a5d5e6-c756-5fcf-8b1d-412402caace7"",""id"":""urn:uuid:87fdf63a-4c21-5ea9-936c-b7069c612410"",""normalized_state"":""published"",""owner_authority_id"":""urn:uuid:7aa2ae30-7716-5b39-a47b-5ac2bdc9f035"",""owner_native_state"":""release_order"",""payload"":{""derived_only_from_exact_release_ordinals"":true,""relation_type"":""precedes_in_release_order"",""source_native_module_id"":""m82460"",""source_unit_id"":""urn:uuid:db2dbd7c-03d1-5d31-a832-6c22f6d1331c"",""target_native_module_id"":""m82461"",""target_unit_id"":""urn:uuid:38baa4f4-20e9-54f3-bc07-a01809657824""},""record_type"":""relation"",""recorded_at"":""2026-09-06T00:00:00Z"",""semantic_key"":""a10:sequence:m82460:m82461""}"
tables/relations.jsonl,31,urn:uuid:8a99d3db-27b2-595b-b178-5f54f2590342,relation,"{""dataset_id"":""urn:uuid:97a5d5e6-c756-5fcf-8b1d-412402caace7"",""id"":""urn:uuid:8a99d3db-27b2-595b-b178-5f54f2590342"",""normalized_state"":""published"",""owner_authority_id"":""urn:uuid:7aa2ae30-7716-5b39-a47b-5ac2bdc9f035"",""owner_native_state"":""release_order"",""payload"":{""derived_only_from_exact_release_ordinals"":true,""relation_type"":""precedes_in_release_order"",""source_native_module_id"":""m82482"",""source_unit_id"":""urn:uuid:d75ac988-b9d3-5541-b495-807466bd8d71"",""target_native_module_id"":""m82483"",""target_unit_id"":""urn:uuid:6af1b6ab-65ea-5418-a14d-c7687efbaef8""},""record_type"":""relation"",""recorded_at"":""2026-09-06T00:00:00Z"",""semantic_key"":""a10:sequence:m82482:m82483""}"
tables/relations.jsonl,77,urn:uuid:8aa4fdff-b6dd-5651-b3bd-4d69f835e603,relation,"{""dataset_id"":""urn:uuid:97a5d5e6-c756-5fcf-8b1d-412402caace7"",""id"":""urn:uuid:8aa4fdff-b6dd-5651-b3bd-4d69f835e603"",""normalized_state"":""published"",""owner_authority_id"":""urn:uuid:7aa2ae30-7716-5b39-a47b-5ac2bdc9f035"",""owner_native_state"":""release_order"",""payload"":{""derived_only_from_exact_release_ordinals"":true,""relation_type"":""precedes_in_release_order"",""source_native_module_id"":""m82558"",""source_unit_id"":""urn:uuid:e40d2345-1d00-51f2-a451-952c8f8293f2"",""target_native_module_id"":""m82559"",""target_unit_id"":""urn:uuid:bea45432-16c8-56df-bbcf-aaf42055865a""},""record_type"":""relation"",""recorded_at"":""2026-09-06T00:00:00Z"",""semantic_key"":""a10:sequence:m82558:m82559""}"
tables/relations.jsonl,73,urn:uuid:8c167374-1ae3-50a4-8952-7204879a6f73,relation,"{""dataset_id"":""urn:uuid:97a5d5e6-c756-5fcf-8b1d-412402caace7"",""id"":""urn:uuid:8c167374-1ae3-50a4-8952-7204879a6f73"",""normalized_state"":""published"",""owner_authority_id"":""urn:uuid:7aa2ae30-7716-5b39-a47b-5ac2bdc9f035"",""owner_native_state"":""release_order"",""payload"":{""derived_only_from_exact_release_ordinals"":true,""relation_type"":""precedes_in_release_order"",""source_native_module_id"":""m82554"",""source_unit_id"":""urn:uuid:9e6b7b22-c59e-5600-a74f-7f6c8e486197"",""target_native_module_id"":""m82555"",""target_unit_id"":""urn:uuid:86a28a15-6c06-542b-b77d-f9ed160e6499""},""record_type"":""relation"",""recorded_at"":""2026-09-06T00:00:00Z"",""semantic_key"":""a10:sequence:m82554:m82555""}"
tables/relations.jsonl,74,urn:uuid:8c64d57c-3a2a-5964-9dd7-38d0bca876b2,relation,"{""dataset_id"":""urn:uuid:97a5d5e6-c756-5fcf-8b1d-412402caace7"",""id"":""urn:uuid:8c64d57c-3a2a-5964-9dd7-38d0bca876b2"",""normalized_state"":""published"",""owner_authority_id"":""urn:uuid:7aa2ae30-7716-5b39-a47b-5ac2bdc9f035"",""owner_native_state"":""release_order"",""payload"":{""derived_only_from_exact_release_ordinals"":true,""relation_type"":""precedes_in_release_order"",""source_native_module_id"":""m82555"",""source_unit_id"":""urn:uuid:86a28a15-6c06-542b-b77d-f9ed160e6499"",""target_native_module_id"":""m82556"",""target_unit_id"":""urn:uuid:5ebdf8c6-f1db-5d9a-972d-2f2d0e496824""},""record_type"":""relation"",""recorded_at"":""2026-09-06T00:00:00Z"",""semantic_key"":""a10:sequence:m82555:m82556""}"
tables/relations.jsonl,69,urn:uuid:9067daad-6284-54d8-b106-62c30445267a,relation,"{""dataset_id"":""urn:uuid:97a5d5e6-c756-5fcf-8b1d-412402caace7"",""id"":""urn:uuid:9067daad-6284-54d8-b106-62c30445267a"",""normalized_state"":""published"",""owner_authority_id"":""urn:uuid:7aa2ae30-7716-5b39-a47b-5ac2bdc9f035"",""owner_native_state"":""release_order"",""payload"":{""derived_only_from_exact_release_ordinals"":true,""relation_type"":""precedes_in_release_order"",""source_native_module_id"":""m82550"",""source_unit_id"":""urn:uuid:5a8f8f55-d233-550d-a25e-1a10d0bb418f"",""target_native_module_id"":""m82551"",""target_unit_id"":""urn:uuid:5a99e7a3-7453-5fa2-98b1-16e2bc1e3fb2""},""record_type"":""relation"",""recorded_at"":""2026-09-06T00:00:00Z"",""semantic_key"":""a10:sequence:m82550:m82551""}"
tables/relations.jsonl,23,urn:uuid:907110d2-e28d-5275-8d56-ad49db47435e,relation,"{""dataset_id"":""urn:uuid:97a5d5e6-c756-5fcf-8b1d-412402caace7"",""id"":""urn:uuid:907110d2-e28d-5275-8d56-ad49db47435e"",""normalized_state"":""published"",""owner_authority_id"":""urn:uuid:7aa2ae30-7716-5b39-a47b-5ac2bdc9f035"",""owner_native_state"":""release_order"",""payload"":{""derived_only_from_exact_release_ordinals"":true,""relation_type"":""precedes_in_release_order"",""source_native_module_id"":""m82473"",""source_unit_id"":""urn:uuid:1d69b992-3dd3-5813-aba2-d29171e39fbe"",""target_native_module_id"":""m82475"",""target_unit_id"":""urn:uuid:2e2d9798-269b-5297-85f8-16ee773c0730""},""record_type"":""relation"",""recorded_at"":""2026-09-06T00:00:00Z"",""semantic_key"":""a10:sequence:m82473:m82475""}"
tables/relations.jsonl,33,urn:uuid:9c789519-95fb-54c6-8b8e-77b0200ae9bc,relation,"{""dataset_id"":""urn:uuid:97a5d5e6-c756-5fcf-8b1d-412402caace7"",""id"":""urn:uuid:9c789519-95fb-54c6-8b8e-77b0200ae9bc"",""normalized_state"":""published"",""owner_authority_id"":""urn:uuid:7aa2ae30-7716-5b39-a47b-5ac2bdc9f035"",""owner_native_state"":""release_order"",""payload"":{""derived_only_from_exact_release_ordinals"":true,""relation_type"":""precedes_in_release_order"",""source_native_module_id"":""m82485"",""source_unit_id"":""urn:uuid:f079242c-9418-5a55-bb00-280f65114612"",""target_native_module_id"":""m82486"",""target_unit_id"":""urn:uuid:6e611059-69d4-5ef8-9246-902e6c768e58""},""record_type"":""relation"",""recorded_at"":""2026-09-06T00:00:00Z"",""semantic_key"":""a10:sequence:m82485:m82486""}"
tables/relations.jsonl,52,urn:uuid:a4225b6b-1c2f-50b3-b9fc-6306e4dd45e0,relation,"{""dataset_id"":""urn:uuid:97a5d5e6-c756-5fcf-8b1d-412402caace7"",""id"":""urn:uuid:a4225b6b-1c2f-50b3-b9fc-6306e4dd45e0"",""normalized_state"":""published"",""owner_authority_id"":""urn:uuid:7aa2ae30-7716-5b39-a47b-5ac2bdc9f035"",""owner_native_state"":""release_order"",""payload"":{""derived_only_from_exact_release_ordinals"":true,""relation_type"":""precedes_in_release_order"",""source_native_module_id"":""m82528"",""source_unit_id"":""urn:uuid:be937f6e-c279-5196-9322-b473531f28dc"",""target_native_module_id"":""m82529"",""target_unit_id"":""urn:uuid:f1fbb460-65fe-5812-90c9-346f4312ef0a""},""record_type"":""relation"",""recorded_at"":""2026-09-06T00:00:00Z"",""semantic_key"":""a10:sequence:m82528:m82529""}"
tables/relations.jsonl,43,urn:uuid:a696ae52-1d74-55af-9642-7f8559db1d0b,relation,"{""dataset_id"":""urn:uuid:97a5d5e6-c756-5fcf-8b1d-412402caace7"",""id"":""urn:uuid:a696ae52-1d74-55af-9642-7f8559db1d0b"",""normalized_state"":""published"",""owner_authority_id"":""urn:uuid:7aa2ae30-7716-5b39-a47b-5ac2bdc9f035"",""owner_native_state"":""release_order"",""payload"":{""derived_only_from_exact_release_ordinals"":true,""relation_type"":""precedes_in_release_order"",""source_native_module_id"":""m82500"",""source_unit_id"":""urn:uuid:e8ce8313-3426-56b0-895b-82c187491b81"",""target_native_module_id"":""m82501"",""target_unit_id"":""urn:uuid:ec24b26a-8aed-5017-8036-f93a3560dc1f""},""record_type"":""relation"",""recorded_at"":""2026-09-06T00:00:00Z"",""semantic_key"":""a10:sequence:m82500:m82501""}"
tables/relations.jsonl,35,urn:uuid:a8617b49-51e5-5d3d-a978-4c40aad9674d,relation,"{""dataset_id"":""urn:uuid:97a5d5e6-c756-5fcf-8b1d-412402caace7"",""id"":""urn:uuid:a8617b49-51e5-5d3d-a978-4c40aad9674d"",""normalized_state"":""published"",""owner_authority_id"":""urn:uuid:7aa2ae30-7716-5b39-a47b-5ac2bdc9f035"",""owner_native_state"":""release_order"",""payload"":{""derived_only_from_exact_release_ordinals"":true,""relation_type"":""precedes_in_release_order"",""source_native_module_id"":""m82488"",""source_unit_id"":""urn:uuid:6f4ee5d7-6f38-503b-93e4-5cae9af72393"",""target_native_module_id"":""m82489"",""target_unit_id"":""urn:uuid:b5547cef-c574-57c5-b188-7a63f3835e07""},""record_type"":""relation"",""recorded_at"":""2026-09-06T00:00:00Z"",""semantic_key"":""a10:sequence:m82488:m82489""}"
tables/relations.jsonl,25,urn:uuid:ad11f836-8307-5704-bfba-499376ca7acf,relation,"{""dataset_id"":""urn:uuid:97a5d5e6-c756-5fcf-8b1d-412402caace7"",""id"":""urn:uuid:ad11f836-8307-5704-bfba-499376ca7acf"",""normalized_state"":""published"",""owner_authority_id"":""urn:uuid:7aa2ae30-7716-5b39-a47b-5ac2bdc9f035"",""owner_native_state"":""release_order"",""payload"":{""derived_only_from_exact_release_ordinals"":true,""relation_type"":""precedes_in_release_order"",""source_native_module_id"":""m82476"",""source_unit_id"":""urn:uuid:13ac7579-67f7-5d69-b48d-7f5260bbeea7"",""target_native_module_id"":""m82477"",""target_unit_id"":""urn:uuid:2236cb36-cbea-53d7-b000-02a8bf6c6bca""},""record_type"":""relation"",""recorded_at"":""2026-09-06T00:00:00Z"",""semantic_key"":""a10:sequence:m82476:m82477""}"
tables/relations.jsonl,14,urn:uuid:aef85dfd-5fcf-58a6-ad06-6a623d51a32d,relation,"{""dataset_id"":""urn:uuid:97a5d5e6-c756-5fcf-8b1d-412402caace7"",""id"":""urn:uuid:aef85dfd-5fcf-58a6-ad06-6a623d51a32d"",""normalized_state"":""published"",""owner_authority_id"":""urn:uuid:7aa2ae30-7716-5b39-a47b-5ac2bdc9f035"",""owner_native_state"":""release_order"",""payload"":{""derived_only_from_exact_release_ordinals"":true,""relation_type"":""precedes_in_release_order"",""source_native_module_id"":""m82463"",""source_unit_id"":""urn:uuid:c8d398a3-6fbe-56bc-a033-3d0abec57814"",""target_native_module_id"":""m82464"",""target_unit_id"":""urn:uuid:00d5ee81-a2ab-5885-b01d-4416ea5a1d1a""},""record_type"":""relation"",""recorded_at"":""2026-09-06T00:00:00Z"",""semantic_key"":""a10:sequence:m82463:m82464""}"
tables/relations.jsonl,6,urn:uuid:af781af6-2e98-5668-8216-b5f7e1f3dc24,relation,"{""dataset_id"":""urn:uuid:97a5d5e6-c756-5fcf-8b1d-412402caace7"",""id"":""urn:uuid:af781af6-2e98-5668-8216-b5f7e1f3dc24"",""normalized_state"":""published"",""owner_authority_id"":""urn:uuid:7aa2ae30-7716-5b39-a47b-5ac2bdc9f035"",""owner_native_state"":""release_order"",""payload"":{""derived_only_from_exact_release_ordinals"":true,""relation_type"":""precedes_in_release_order"",""source_native_module_id"":""m82455"",""source_unit_id"":""urn:uuid:cfa0c719-15e7-5f14-b807-82712ff330f8"",""target_native_module_id"":""m82456"",""target_unit_id"":""urn:uuid:bbe47adf-c606-5eb6-9e22-afce7e42f9b1""},""record_type"":""relation"",""recorded_at"":""2026-09-06T00:00:00Z"",""semantic_key"":""a10:sequence:m82455:m82456""}"
tables/relations.jsonl,22,urn:uuid:b0d27f88-89e3-5215-ba04-bf91e5b6bd02,relation,"{""dataset_id"":""urn:uuid:97a5d5e6-c756-5fcf-8b1d-412402caace7"",""id"":""urn:uuid:b0d27f88-89e3-5215-ba04-bf91e5b6bd02"",""normalized_state"":""published"",""owner_authority_id"":""urn:uuid:7aa2ae30-7716-5b39-a47b-5ac2bdc9f035"",""owner_native_state"":""release_order"",""payload"":{""derived_only_from_exact_release_ordinals"":true,""relation_type"":""precedes_in_release_order"",""source_native_module_id"":""m82472"",""source_unit_id"":""urn:uuid:1f664893-dca1-5546-9c1c-9814f93229f3"",""target_native_module_id"":""m82473"",""target_unit_id"":""urn:uuid:1d69b992-3dd3-5813-aba2-d29171e39fbe""},""record_type"":""relation"",""recorded_at"":""2026-09-06T00:00:00Z"",""semantic_key"":""a10:sequence:m82472:m82473""}"
tables/relations.jsonl,68,urn:uuid:b3874fa0-09a8-5934-a1e0-c8c153e53503,relation,"{""dataset_id"":""urn:uuid:97a5d5e6-c756-5fcf-8b1d-412402caace7"",""id"":""urn:uuid:b3874fa0-09a8-5934-a1e0-c8c153e53503"",""normalized_state"":""published"",""owner_authority_id"":""urn:uuid:7aa2ae30-7716-5b39-a47b-5ac2bdc9f035"",""owner_native_state"":""release_order"",""payload"":{""derived_only_from_exact_release_ordinals"":true,""relation_type"":""precedes_in_release_order"",""source_native_module_id"":""m82548"",""source_unit_id"":""urn:uuid:3675263f-c202-52a1-8d8a-03ac52e701ac"",""target_native_module_id"":""m82550"",""target_unit_id"":""urn:uuid:5a8f8f55-d233-550d-a25e-1a10d0bb418f""},""record_type"":""relation"",""recorded_at"":""2026-09-06T00:00:00Z"",""semantic_key"":""a10:sequence:m82548:m82550""}"
tables/relations.jsonl,80,urn:uuid:b9b9a59f-a93a-5780-9865-bf130d6c121f,relation,"{""dataset_id"":""urn:uuid:97a5d5e6-c756-5fcf-8b1d-412402caace7"",""id"":""urn:uuid:b9b9a59f-a93a-5780-9865-bf130d6c121f"",""normalized_state"":""published"",""owner_authority_id"":""urn:uuid:7aa2ae30-7716-5b39-a47b-5ac2bdc9f035"",""owner_native_state"":""release_order"",""payload"":{""derived_only_from_exact_release_ordinals"":true,""relation_type"":""precedes_in_release_order"",""source_native_module_id"":""m82564"",""source_unit_id"":""urn:uuid:cf8fc5c8-3879-5d84-b664-6ca66516b7f0"",""target_native_module_id"":""m82566"",""target_unit_id"":""urn:uuid:51c8a6e5-7968-5c00-9fbc-7d0d041a1fae""},""record_type"":""relation"",""recorded_at"":""2026-09-06T00:00:00Z"",""semantic_key"":""a10:sequence:m82564:m82566""}"
tables/relations.jsonl,50,urn:uuid:ba2659bb-4271-5e65-8d34-22c9171c838d,relation,"{""dataset_id"":""urn:uuid:97a5d5e6-c756-5fcf-8b1d-412402caace7"",""id"":""urn:uuid:ba2659bb-4271-5e65-8d34-22c9171c838d"",""normalized_state"":""published"",""owner_authority_id"":""urn:uuid:7aa2ae30-7716-5b39-a47b-5ac2bdc9f035"",""owner_native_state"":""release_order"",""payload"":{""derived_only_from_exact_release_ordinals"":true,""relation_type"":""precedes_in_release_order"",""source_native_module_id"":""m82514"",""source_unit_id"":""urn:uuid:85cc5962-adcd-5960-8634-70dab0b8f133"",""target_native_module_id"":""m82561"",""target_unit_id"":""urn:uuid:83ae39ef-05c7-5a8f-9238-ba28179b33d2""},""record_type"":""relation"",""recorded_at"":""2026-09-06T00:00:00Z"",""semantic_key"":""a10:sequence:m82514:m82561""}"
tables/relations.jsonl,70,urn:uuid:bb142985-ef65-594d-9229-9e8812108271,relation,"{""dataset_id"":""urn:uuid:97a5d5e6-c756-5fcf-8b1d-412402caace7"",""id"":""urn:uuid:bb142985-ef65-594d-9229-9e8812108271"",""normalized_state"":""published"",""owner_authority_id"":""urn:uuid:7aa2ae30-7716-5b39-a47b-5ac2bdc9f035"",""owner_native_state"":""release_order"",""payload"":{""derived_only_from_exact_release_ordinals"":true,""relation_type"":""precedes_in_release_order"",""source_native_module_id"":""m82551"",""source_unit_id"":""urn:uuid:5a99e7a3-7453-5fa2-98b1-16e2bc1e3fb2"",""target_native_module_id"":""m82552"",""target_unit_id"":""urn:uuid:7ae17e04-bf99-5bd4-bd1b-aa0e4129ff67""},""record_type"":""relation"",""recorded_at"":""2026-09-06T00:00:00Z"",""semantic_key"":""a10:sequence:m82551:m82552""}"
tables/relations.jsonl,67,urn:uuid:bb46d6fd-2a31-5d93-a1d1-e4a246806e36,relation,"{""dataset_id"":""urn:uuid:97a5d5e6-c756-5fcf-8b1d-412402caace7"",""id"":""urn:uuid:bb46d6fd-2a31-5d93-a1d1-e4a246806e36"",""normalized_state"":""published"",""owner_authority_id"":""urn:uuid:7aa2ae30-7716-5b39-a47b-5ac2bdc9f035"",""owner_native_state"":""release_order"",""payload"":{""derived_only_from_exact_release_ordinals"":true,""relation_type"":""precedes_in_release_order"",""source_native_module_id"":""m82547"",""source_unit_id"":""urn:uuid:355403c8-559f-57e6-be7c-4c2b7ceb0b01"",""target_native_module_id"":""m82548"",""target_unit_id"":""urn:uuid:3675263f-c202-52a1-8d8a-03ac52e701ac""},""record_type"":""relation"",""recorded_at"":""2026-09-06T00:00:00Z"",""semantic_key"":""a10:sequence:m82547:m82548""}"
tables/relations.jsonl,40,urn:uuid:bf92cefd-a172-5351-b599-b81559636bb5,relation,"{""dataset_id"":""urn:uuid:97a5d5e6-c756-5fcf-8b1d-412402caace7"",""id"":""urn:uuid:bf92cefd-a172-5351-b599-b81559636bb5"",""normalized_state"":""published"",""owner_authority_id"":""urn:uuid:7aa2ae30-7716-5b39-a47b-5ac2bdc9f035"",""owner_native_state"":""release_order"",""payload"":{""derived_only_from_exact_release_ordinals"":true,""relation_type"":""precedes_in_release_order"",""source_native_module_id"":""m82497"",""source_unit_id"":""urn:uuid:0d063f43-6543-58b6-b7c4-0c50edf24074"",""target_native_module_id"":""m82498"",""target_unit_id"":""urn:uuid:edd3dbf7-bf56-506d-947f-f26692c8330f""},""record_type"":""relation"",""recorded_at"":""2026-09-06T00:00:00Z"",""semantic_key"":""a10:sequence:m82497:m82498""}"
tables/relations.jsonl,9,urn:uuid:c5648d55-9d1f-5642-b01d-32a8bcf56883,relation,"{""dataset_id"":""urn:uuid:97a5d5e6-c756-5fcf-8b1d-412402caace7"",""id"":""urn:uuid:c5648d55-9d1f-5642-b01d-32a8bcf56883"",""normalized_state"":""published"",""owner_authority_id"":""urn:uuid:7aa2ae30-7716-5b39-a47b-5ac2bdc9f035"",""owner_native_state"":""release_order"",""payload"":{""derived_only_from_exact_release_ordinals"":true,""relation_type"":""precedes_in_release_order"",""source_native_module_id"":""m82458"",""source_unit_id"":""urn:uuid:1c9f9f85-5ec5-5da5-a175-2fa805513a88"",""target_native_module_id"":""m82459"",""target_unit_id"":""urn:uuid:74afde90-4a7c-5faa-b959-ab847bc7d271""},""record_type"":""relation"",""recorded_at"":""2026-09-06T00:00:00Z"",""semantic_key"":""a10:sequence:m82458:m82459""}"
tables/relations.jsonl,12,urn:uuid:c7411477-ed49-52d7-bee5-4c856b4990cf,relation,"{""dataset_id"":""urn:uuid:97a5d5e6-c756-5fcf-8b1d-412402caace7"",""id"":""urn:uuid:c7411477-ed49-52d7-bee5-4c856b4990cf"",""normalized_state"":""published"",""owner_authority_id"":""urn:uuid:7aa2ae30-7716-5b39-a47b-5ac2bdc9f035"",""owner_native_state"":""release_order"",""payload"":{""derived_only_from_exact_release_ordinals"":true,""relation_type"":""precedes_in_release_order"",""source_native_module_id"":""m82461"",""source_unit_id"":""urn:uuid:38baa4f4-20e9-54f3-bc07-a01809657824"",""target_native_module_id"":""m82462"",""target_unit_id"":""urn:uuid:a16ddaa1-8382-5a8f-93e5-de8e3fc3b20b""},""record_type"":""relation"",""recorded_at"":""2026-09-06T00:00:00Z"",""semantic_key"":""a10:sequence:m82461:m82462""}"
tables/relations.jsonl,59,urn:uuid:c7641576-65f3-5ed2-87ca-7dfe5dc8a0e3,relation,"{""dataset_id"":""urn:uuid:97a5d5e6-c756-5fcf-8b1d-412402caace7"",""id"":""urn:uuid:c7641576-65f3-5ed2-87ca-7dfe5dc8a0e3"",""normalized_state"":""published"",""owner_authority_id"":""urn:uuid:7aa2ae30-7716-5b39-a47b-5ac2bdc9f035"",""owner_native_state"":""release_order"",""payload"":{""derived_only_from_exact_release_ordinals"":true,""relation_type"":""precedes_in_release_order"",""source_native_module_id"":""m82535"",""source_unit_id"":""urn:uuid:6de60b3d-64b5-5ba6-a4ce-4478288e007c"",""target_native_module_id"":""m82537"",""target_unit_id"":""urn:uuid:61100c89-df6e-5275-ac72-8ceb70e712d2""},""record_type"":""relation"",""recorded_at"":""2026-09-06T00:00:00Z"",""semantic_key"":""a10:sequence:m82535:m82537""}"
tables/relations.jsonl,66,urn:uuid:c8f148dc-0676-5164-a6fa-00a2fc9a64cc,relation,"{""dataset_id"":""urn:uuid:97a5d5e6-c756-5fcf-8b1d-412402caace7"",""id"":""urn:uuid:c8f148dc-0676-5164-a6fa-00a2fc9a64cc"",""normalized_state"":""published"",""owner_authority_id"":""urn:uuid:7aa2ae30-7716-5b39-a47b-5ac2bdc9f035"",""owner_native_state"":""release_order"",""payload"":{""derived_only_from_exact_release_ordinals"":true,""relation_type"":""precedes_in_release_order"",""source_native_module_id"":""m82546"",""source_unit_id"":""urn:uuid:9d4d115c-4f3a-579a-b696-693542ea6f10"",""target_native_module_id"":""m82547"",""target_unit_id"":""urn:uuid:355403c8-559f-57e6-be7c-4c2b7ceb0b01""},""record_type"":""relation"",""recorded_at"":""2026-09-06T00:00:00Z"",""semantic_key"":""a10:sequence:m82546:m82547""}"
tables/relations.jsonl,76,urn:uuid:ccd1449c-d58d-59fd-bc80-56ede4362faf,relation,"{""dataset_id"":""urn:uuid:97a5d5e6-c756-5fcf-8b1d-412402caace7"",""id"":""urn:uuid:ccd1449c-d58d-59fd-bc80-56ede4362faf"",""normalized_state"":""published"",""owner_authority_id"":""urn:uuid:7aa2ae30-7716-5b39-a47b-5ac2bdc9f035"",""owner_native_state"":""release_order"",""payload"":{""derived_only_from_exact_release_ordinals"":true,""relation_type"":""precedes_in_release_order"",""source_native_module_id"":""m82557"",""source_unit_id"":""urn:uuid:2b633225-7780-55c7-aaa4-ae87b7699790"",""target_native_module_id"":""m82558"",""target_unit_id"":""urn:uuid:e40d2345-1d00-51f2-a451-952c8f8293f2""},""record_type"":""relation"",""recorded_at"":""2026-09-06T00:00:00Z"",""semantic_key"":""a10:sequence:m82557:m82558""}"
tables/relations.jsonl,57,urn:uuid:ce6d2acc-e081-5793-b6a2-8cde4dafdaaf,relation,"{""dataset_id"":""urn:uuid:97a5d5e6-c756-5fcf-8b1d-412402caace7"",""id"":""urn:uuid:ce6d2acc-e081-5793-b6a2-8cde4dafdaaf"",""normalized_state"":""published"",""owner_authority_id"":""urn:uuid:7aa2ae30-7716-5b39-a47b-5ac2bdc9f035"",""owner_native_state"":""release_order"",""payload"":{""derived_only_from_exact_release_ordinals"":true,""relation_type"":""precedes_in_release_order"",""source_native_module_id"":""m82533"",""source_unit_id"":""urn:uuid:17a1095f-ca7c-5140-94a2-8bfef48d2f78"",""target_native_module_id"":""m82534"",""target_unit_id"":""urn:uuid:9d104732-deeb-520b-952d-2578f4b9e835""},""record_type"":""relation"",""recorded_at"":""2026-09-06T00:00:00Z"",""semantic_key"":""a10:sequence:m82533:m82534""}"
tables/relations.jsonl,13,urn:uuid:d63b8ba1-1600-59a2-8080-d4e5cd18c420,relation,"{""dataset_id"":""urn:uuid:97a5d5e6-c756-5fcf-8b1d-412402caace7"",""id"":""urn:uuid:d63b8ba1-1600-59a2-8080-d4e5cd18c420"",""normalized_state"":""published"",""owner_authority_id"":""urn:uuid:7aa2ae30-7716-5b39-a47b-5ac2bdc9f035"",""owner_native_state"":""release_order"",""payload"":{""derived_only_from_exact_release_ordinals"":true,""relation_type"":""precedes_in_release_order"",""source_native_module_id"":""m82462"",""source_unit_id"":""urn:uuid:a16ddaa1-8382-5a8f-93e5-de8e3fc3b20b"",""target_native_module_id"":""m82463"",""target_unit_id"":""urn:uuid:c8d398a3-6fbe-56bc-a033-3d0abec57814""},""record_type"":""relation"",""recorded_at"":""2026-09-06T00:00:00Z"",""semantic_key"":""a10:sequence:m82462:m82463""}"
tables/relations.jsonl,75,urn:uuid:d7200a9e-0ae9-5612-8c60-b8a20fac8294,relation,"{""dataset_id"":""urn:uuid:97a5d5e6-c756-5fcf-8b1d-412402caace7"",""id"":""urn:uuid:d7200a9e-0ae9-5612-8c60-b8a20fac8294"",""normalized_state"":""published"",""owner_authority_id"":""urn:uuid:7aa2ae30-7716-5b39-a47b-5ac2bdc9f035"",""owner_native_state"":""release_order"",""payload"":{""derived_only_from_exact_release_ordinals"":true,""relation_type"":""precedes_in_release_order"",""source_native_module_id"":""m82556"",""source_unit_id"":""urn:uuid:5ebdf8c6-f1db-5d9a-972d-2f2d0e496824"",""target_native_module_id"":""m82557"",""target_unit_id"":""urn:uuid:2b633225-7780-55c7-aaa4-ae87b7699790""},""record_type"":""relation"",""recorded_at"":""2026-09-06T00:00:00Z"",""semantic_key"":""a10:sequence:m82556:m82557""}"
tables/relations.jsonl,10,urn:uuid:d93b2ac4-9523-529e-9a59-4da02dd71a51,relation,"{""dataset_id"":""urn:uuid:97a5d5e6-c756-5fcf-8b1d-412402caace7"",""id"":""urn:uuid:d93b2ac4-9523-529e-9a59-4da02dd71a51"",""normalized_state"":""published"",""owner_authority_id"":""urn:uuid:7aa2ae30-7716-5b39-a47b-5ac2bdc9f035"",""owner_native_state"":""release_order"",""payload"":{""derived_only_from_exact_release_ordinals"":true,""relation_type"":""precedes_in_release_order"",""source_native_module_id"":""m82459"",""source_unit_id"":""urn:uuid:74afde90-4a7c-5faa-b959-ab847bc7d271"",""target_native_module_id"":""m82460"",""target_unit_id"":""urn:uuid:db2dbd7c-03d1-5d31-a832-6c22f6d1331c""},""record_type"":""relation"",""recorded_at"":""2026-09-06T00:00:00Z"",""semantic_key"":""a10:sequence:m82459:m82460""}"
tables/relations.jsonl,36,urn:uuid:ddb28e3d-5027-5933-94c8-c8c976dd549b,relation,"{""dataset_id"":""urn:uuid:97a5d5e6-c756-5fcf-8b1d-412402caace7"",""id"":""urn:uuid:ddb28e3d-5027-5933-94c8-c8c976dd549b"",""normalized_state"":""published"",""owner_authority_id"":""urn:uuid:7aa2ae30-7716-5b39-a47b-5ac2bdc9f035"",""owner_native_state"":""release_order"",""payload"":{""derived_only_from_exact_release_ordinals"":true,""relation_type"":""precedes_in_release_order"",""source_native_module_id"":""m82489"",""source_unit_id"":""urn:uuid:b5547cef-c574-57c5-b188-7a63f3835e07"",""target_native_module_id"":""m82490"",""target_unit_id"":""urn:uuid:0b36fc6a-54c3-5076-b9d0-e3d74e2f5e35""},""record_type"":""relation"",""recorded_at"":""2026-09-06T00:00:00Z"",""semantic_key"":""a10:sequence:m82489:m82490""}"
tables/relations.jsonl,72,urn:uuid:de658fd8-ef68-515e-9eb7-0e48952af550,relation,"{""dataset_id"":""urn:uuid:97a5d5e6-c756-5fcf-8b1d-412402caace7"",""id"":""urn:uuid:de658fd8-ef68-515e-9eb7-0e48952af550"",""normalized_state"":""published"",""owner_authority_id"":""urn:uuid:7aa2ae30-7716-5b39-a47b-5ac2bdc9f035"",""owner_native_state"":""release_order"",""payload"":{""derived_only_from_exact_release_ordinals"":true,""relation_type"":""precedes_in_release_order"",""source_native_module_id"":""m82553"",""source_unit_id"":""urn:uuid:3064832d-cca3-55f3-b0e1-216e00b366c0"",""target_native_module_id"":""m82554"",""target_unit_id"":""urn:uuid:9e6b7b22-c59e-5600-a74f-7f6c8e486197""},""record_type"":""relation"",""recorded_at"":""2026-09-06T00:00:00Z"",""semantic_key"":""a10:sequence:m82553:m82554""}"
tables/relations.jsonl,18,urn:uuid:dfb56f32-49ab-50d7-ab4b-28ac12288e8d,relation,"{""dataset_id"":""urn:uuid:97a5d5e6-c756-5fcf-8b1d-412402caace7"",""id"":""urn:uuid:dfb56f32-49ab-50d7-ab4b-28ac12288e8d"",""normalized_state"":""published"",""owner_authority_id"":""urn:uuid:7aa2ae30-7716-5b39-a47b-5ac2bdc9f035"",""owner_native_state"":""release_order"",""payload"":{""derived_only_from_exact_release_ordinals"":true,""relation_type"":""precedes_in_release_order"",""source_native_module_id"":""m82468"",""source_unit_id"":""urn:uuid:c6001bb0-e090-58da-9dbe-04fc98a1a9ac"",""target_native_module_id"":""m82469"",""target_unit_id"":""urn:uuid:a66e374d-372e-52fb-bbde-8da11aea1a90""},""record_type"":""relation"",""recorded_at"":""2026-09-06T00:00:00Z"",""semantic_key"":""a10:sequence:m82468:m82469""}"
tables/relations.jsonl,58,urn:uuid:e3750863-5f65-5c3f-b88c-f8979ee9bff4,relation,"{""dataset_id"":""urn:uuid:97a5d5e6-c756-5fcf-8b1d-412402caace7"",""id"":""urn:uuid:e3750863-5f65-5c3f-b88c-f8979ee9bff4"",""normalized_state"":""published"",""owner_authority_id"":""urn:uuid:7aa2ae30-7716-5b39-a47b-5ac2bdc9f035"",""owner_native_state"":""release_order"",""payload"":{""derived_only_from_exact_release_ordinals"":true,""relation_type"":""precedes_in_release_order"",""source_native_module_id"":""m82534"",""source_unit_id"":""urn:uuid:9d104732-deeb-520b-952d-2578f4b9e835"",""target_native_module_id"":""m82535"",""target_unit_id"":""urn:uuid:6de60b3d-64b5-5ba6-a4ce-4478288e007c""},""record_type"":""relation"",""recorded_at"":""2026-09-06T00:00:00Z"",""semantic_key"":""a10:sequence:m82534:m82535""}"
tables/relations.jsonl,5,urn:uuid:ea444b52-3abb-5d60-a55d-ce8308942273,relation,"{""dataset_id"":""urn:uuid:97a5d5e6-c756-5fcf-8b1d-412402caace7"",""id"":""urn:uuid:ea444b52-3abb-5d60-a55d-ce8308942273"",""normalized_state"":""published"",""owner_authority_id"":""urn:uuid:7aa2ae30-7716-5b39-a47b-5ac2bdc9f035"",""owner_native_state"":""release_order"",""payload"":{""derived_only_from_exact_release_ordinals"":true,""relation_type"":""precedes_in_release_order"",""source_native_module_id"":""m82454"",""source_unit_id"":""urn:uuid:14bf068d-11e1-5704-924c-a67c19b05da3"",""target_native_module_id"":""m82455"",""target_unit_id"":""urn:uuid:cfa0c719-15e7-5f14-b807-82712ff330f8""},""record_type"":""relation"",""recorded_at"":""2026-09-06T00:00:00Z"",""semantic_key"":""a10:sequence:m82454:m82455""}"
tables/relations.jsonl,38,urn:uuid:f7d019fc-2a55-57b2-900d-2278cd84d545,relation,"{""dataset_id"":""urn:uuid:97a5d5e6-c756-5fcf-8b1d-412402caace7"",""id"":""urn:uuid:f7d019fc-2a55-57b2-900d-2278cd84d545"",""normalized_state"":""published"",""owner_authority_id"":""urn:uuid:7aa2ae30-7716-5b39-a47b-5ac2bdc9f035"",""owner_native_state"":""release_order"",""payload"":{""derived_only_from_exact_release_ordinals"":true,""relation_type"":""precedes_in_release_order"",""source_native_module_id"":""m82494"",""source_unit_id"":""urn:uuid:7923c1ff-76bf-59d3-ae07-5d9c157e484d"",""target_native_module_id"":""m82495"",""target_unit_id"":""urn:uuid:215bba5f-f890-5d9a-a28e-439a24fa7023""},""record_type"":""relation"",""recorded_at"":""2026-09-06T00:00:00Z"",""semantic_key"":""a10:sequence:m82494:m82495""}"
tables/relations.jsonl,3,urn:uuid:f9a5ed6e-316d-5b53-bc7c-11a7223becc9,relation,"{""dataset_id"":""urn:uuid:97a5d5e6-c756-5fcf-8b1d-412402caace7"",""id"":""urn:uuid:f9a5ed6e-316d-5b53-bc7c-11a7223becc9"",""normalized_state"":""published"",""owner_authority_id"":""urn:uuid:7aa2ae30-7716-5b39-a47b-5ac2bdc9f035"",""owner_native_state"":""release_order"",""payload"":{""derived_only_from_exact_release_ordinals"":true,""relation_type"":""precedes_in_release_order"",""source_native_module_id"":""m82452"",""source_unit_id"":""urn:uuid:20941cb5-b8b2-5d84-9466-081ed71894fe"",""target_native_module_id"":""m82453"",""target_unit_id"":""urn:uuid:ab4c3568-a7df-52ae-aef6-810ddc589582""},""record_type"":""relation"",""recorded_at"":""2026-09-06T00:00:00Z"",""semantic_key"":""a10:sequence:m82452:m82453""}"
tables/rights.jsonl,1,urn:uuid:1813da1f-3cc4-59b8-a285-e07018c335d1,rights,"{""dataset_id"":""urn:uuid:97a5d5e6-c756-5fcf-8b1d-412402caace7"",""id"":""urn:uuid:1813da1f-3cc4-59b8-a285-e07018c335d1"",""normalized_state"":""published"",""owner_authority_id"":""urn:uuid:7aa2ae30-7716-5b39-a47b-5ac2bdc9f035"",""owner_native_state"":""qualified_component_rights"",""payload"":{""component_rights_flattened"":false,""license_artifact_filename"":""LICENSE.txt"",""license_artifact_sha256"":""ab1a44bbba58252630134574d7b2534813339240eb645825ffcc2487dbe8114a"",""name"":""CC BY-NC-SA 4.0"",""native_rights_record_count"":4025,""qualification"":""subject to component-specific credits and restrictions"",""spdx_expression"":""CC-BY-NC-SA-4.0""},""record_type"":""rights"",""recorded_at"":""2026-09-06T00:00:00Z"",""semantic_key"":""a10:rights:cc-by-nc-sa-4.0-qualified""}"
tables/rights_assignments.jsonl,2,urn:uuid:06515978-c258-55f3-9d51-d480ae6f746e,rights_assignment,"{""dataset_id"":""urn:uuid:97a5d5e6-c756-5fcf-8b1d-412402caace7"",""id"":""urn:uuid:06515978-c258-55f3-9d51-d480ae6f746e"",""normalized_state"":""published"",""owner_authority_id"":""urn:uuid:7aa2ae30-7716-5b39-a47b-5ac2bdc9f035"",""owner_native_state"":""qualified_component_rights"",""payload"":{""component_rights_flattened"":false,""qualification_preserved"":true,""rights_id"":""urn:uuid:1813da1f-3cc4-59b8-a285-e07018c335d1"",""target_record_id"":""urn:uuid:9261c927-eace-5bda-b703-609e4a237e5f"",""target_record_type"":""edition""},""record_type"":""rights_assignment"",""recorded_at"":""2026-09-06T00:00:00Z"",""semantic_key"":""a10:rights-assignment:edition""}"
tables/rights_assignments.jsonl,1,urn:uuid:4c5653ad-4609-5370-a1ea-0e737e0a065f,rights_assignment,"{""dataset_id"":""urn:uuid:97a5d5e6-c756-5fcf-8b1d-412402caace7"",""id"":""urn:uuid:4c5653ad-4609-5370-a1ea-0e737e0a065f"",""normalized_state"":""published"",""owner_authority_id"":""urn:uuid:7aa2ae30-7716-5b39-a47b-5ac2bdc9f035"",""owner_native_state"":""qualified_component_rights"",""payload"":{""component_rights_flattened"":false,""qualification_preserved"":true,""rights_id"":""urn:uuid:1813da1f-3cc4-59b8-a285-e07018c335d1"",""target_record_id"":""urn:uuid:97a5d5e6-c756-5fcf-8b1d-412402caace7"",""target_record_type"":""dataset""},""record_type"":""rights_assignment"",""recorded_at"":""2026-09-06T00:00:00Z"",""semantic_key"":""a10:rights-assignment:dataset""}"
tables/routes.jsonl,1,urn:uuid:14dc8fa8-7fd7-5b98-ab01-f5ab3eb3a09d,route,"{""dataset_id"":""urn:uuid:97a5d5e6-c756-5fcf-8b1d-412402caace7"",""id"":""urn:uuid:14dc8fa8-7fd7-5b98-ab01-f5ab3eb3a09d"",""normalized_state"":""published"",""owner_authority_id"":""urn:uuid:7aa2ae30-7716-5b39-a47b-5ac2bdc9f035"",""owner_native_state"":""public_release_artifact"",""payload"":{""locale"":""id-ID"",""machine_data_is_learner_destination"":false,""per_unit_route"":false,""public_record_id"":22236314,""reader_surface_id"":""urn:uuid:f05bf26f-e8db-5611-9327-62cc190b5544"",""route_kind"":""learner_course_link"",""scope"":""complete_course"",""url"":""https://zenodo.org/records/22236314/files/00-elementary-algebra-2e-bahasa-indonesia-EA2-C0082-reader.pdf?download=1""},""record_type"":""route"",""recorded_at"":""2026-09-06T00:00:00Z"",""semantic_key"":""a10:route:learner-course-pdf:v1.0.3""}"
tables/search_documents.jsonl,80,urn:uuid:0237507a-87cb-5497-b15c-9d03c8ffcd26,search_document,"{""dataset_id"":""urn:uuid:97a5d5e6-c756-5fcf-8b1d-412402caace7"",""id"":""urn:uuid:0237507a-87cb-5497-b15c-9d03c8ffcd26"",""normalized_state"":""published"",""owner_authority_id"":""urn:uuid:7aa2ae30-7716-5b39-a47b-5ac2bdc9f035"",""owner_native_state"":""language_reviewed"",""payload"":{""body_prose_copied"":false,""chapter_title"":""Pemfaktoran"",""label"":""7.1"",""learner_course_url"":""https://zenodo.org/records/22236314/files/00-elementary-algebra-2e-bahasa-indonesia-EA2-C0082-reader.pdf?download=1"",""locale"":""id-ID"",""native_module_id"":""m82564"",""ordinal"":52,""title"":""Faktor Persekutuan Terbesar dan Pemfaktoran dengan Pengelompokan"",""unit_id"":""urn:uuid:cf8fc5c8-3879-5d84-b664-6ca66516b7f0"",""unit_url"":null},""record_type"":""search_document"",""recorded_at"":""2026-09-06T00:00:00Z"",""semantic_key"":""a10:search:m82564""}"
tables/search_documents.jsonl,27,urn:uuid:02629615-bb34-5b5b-b6ef-88deccbd8d1f,search_document,"{""dataset_id"":""urn:uuid:97a5d5e6-c756-5fcf-8b1d-412402caace7"",""id"":""urn:uuid:02629615-bb34-5b5b-b6ef-88deccbd8d1f"",""normalized_state"":""published"",""owner_authority_id"":""urn:uuid:7aa2ae30-7716-5b39-a47b-5ac2bdc9f035"",""owner_native_state"":""language_reviewed"",""payload"":{""body_prose_copied"":false,""chapter_title"":""Grafik"",""label"":""Bab 4"",""learner_course_url"":""https://zenodo.org/records/22236314/files/00-elementary-algebra-2e-bahasa-indonesia-EA2-C0082-reader.pdf?download=1"",""locale"":""id-ID"",""native_module_id"":""m82479"",""ordinal"":28,""title"":""Pendahuluan"",""unit_id"":""urn:uuid:59c578de-6d6f-52f8-b5f9-69e5fb36324e"",""unit_url"":null},""record_type"":""search_document"",""recorded_at"":""2026-09-06T00:00:00Z"",""semantic_key"":""a10:search:m82479""}"
tables/search_documents.jsonl,68,urn:uuid:02c26391-8617-564d-89e6-942f82fecbce,search_document,"{""dataset_id"":""urn:uuid:97a5d5e6-c756-5fcf-8b1d-412402caace7"",""id"":""urn:uuid:02c26391-8617-564d-89e6-942f82fecbce"",""normalized_state"":""published"",""owner_authority_id"":""urn:uuid:7aa2ae30-7716-5b39-a47b-5ac2bdc9f035"",""owner_native_state"":""language_reviewed"",""payload"":{""body_prose_copied"":false,""chapter_title"":""Akar dan Bentuk Radikal"",""label"":""9.5"",""learner_course_url"":""https://zenodo.org/records/22236314/files/00-elementary-algebra-2e-bahasa-indonesia-EA2-C0082-reader.pdf?download=1"",""locale"":""id-ID"",""native_module_id"":""m82550"",""ordinal"":73,""title"":""Membagi Akar Kuadrat"",""unit_id"":""urn:uuid:5a8f8f55-d233-550d-a25e-1a10d0bb418f"",""unit_url"":null},""record_type"":""search_document"",""recorded_at"":""2026-09-06T00:00:00Z"",""semantic_key"":""a10:search:m82550""}"
tables/search_documents.jsonl,16,urn:uuid:0862d0ec-144d-5c82-8b2b-75049fe7bef9,search_document,"{""dataset_id"":""urn:uuid:97a5d5e6-c756-5fcf-8b1d-412402caace7"",""id"":""urn:uuid:0862d0ec-144d-5c82-8b2b-75049fe7bef9"",""normalized_state"":""published"",""owner_authority_id"":""urn:uuid:7aa2ae30-7716-5b39-a47b-5ac2bdc9f035"",""owner_native_state"":""language_reviewed"",""payload"":{""body_prose_copied"":false,""chapter_title"":""Menyelesaikan Persamaan dan Pertidaksamaan Linear"",""label"":""2.4"",""learner_course_url"":""https://zenodo.org/records/22236314/files/00-elementary-algebra-2e-bahasa-indonesia-EA2-C0082-reader.pdf?download=1"",""locale"":""id-ID"",""native_module_id"":""m82467"",""ordinal"":17,""title"":""Gunakan Strategi Umum untuk Menyelesaikan Persamaan Linear"",""unit_id"":""urn:uuid:49db6b94-4404-5bb4-83ab-203140191644"",""unit_url"":null},""record_type"":""search_document"",""recorded_at"":""2026-09-06T00:00:00Z"",""semantic_key"":""a10:search:m82467""}"
tables/search_documents.jsonl,55,urn:uuid:0c0a4ca8-a36c-5cd9-bec8-8faead29efd1,search_document,"{""dataset_id"":""urn:uuid:97a5d5e6-c756-5fcf-8b1d-412402caace7"",""id"":""urn:uuid:0c0a4ca8-a36c-5cd9-bec8-8faead29efd1"",""normalized_state"":""published"",""owner_authority_id"":""urn:uuid:7aa2ae30-7716-5b39-a47b-5ac2bdc9f035"",""owner_native_state"":""language_reviewed"",""payload"":{""body_prose_copied"":false,""chapter_title"":""Ekspresi dan Persamaan Rasional"",""label"":""8.1"",""learner_course_url"":""https://zenodo.org/records/22236314/files/00-elementary-algebra-2e-bahasa-indonesia-EA2-C0082-reader.pdf?download=1"",""locale"":""id-ID"",""native_module_id"":""m82532"",""ordinal"":59,""title"":""Menyederhanakan Ekspresi Rasional"",""unit_id"":""urn:uuid:bf6b7ee9-b51e-59d5-bb07-08ad4945dd9b"",""unit_url"":null},""record_type"":""search_document"",""recorded_at"":""2026-09-06T00:00:00Z"",""semantic_key"":""a10:search:m82532""}"
tables/search_documents.jsonl,11,urn:uuid:0e08d326-ae03-52b4-aa05-7f7e5e04e03e,search_document,"{""dataset_id"":""urn:uuid:97a5d5e6-c756-5fcf-8b1d-412402caace7"",""id"":""urn:uuid:0e08d326-ae03-52b4-aa05-7f7e5e04e03e"",""normalized_state"":""published"",""owner_authority_id"":""urn:uuid:7aa2ae30-7716-5b39-a47b-5ac2bdc9f035"",""owner_native_state"":""language_reviewed"",""payload"":{""body_prose_copied"":false,""chapter_title"":""Dasar-Dasar"",""label"":""1.10"",""learner_course_url"":""https://zenodo.org/records/22236314/files/00-elementary-algebra-2e-bahasa-indonesia-EA2-C0082-reader.pdf?download=1"",""locale"":""id-ID"",""native_module_id"":""m82461"",""ordinal"":12,""title"":""Sistem Pengukuran"",""unit_id"":""urn:uuid:38baa4f4-20e9-54f3-bc07-a01809657824"",""unit_url"":null},""record_type"":""search_document"",""recorded_at"":""2026-09-06T00:00:00Z"",""semantic_key"":""a10:search:m82461""}"
tables/search_documents.jsonl,32,urn:uuid:113ce3c0-9e03-5258-ab1c-0a6f6db179c0,search_document,"{""dataset_id"":""urn:uuid:97a5d5e6-c756-5fcf-8b1d-412402caace7"",""id"":""urn:uuid:113ce3c0-9e03-5258-ab1c-0a6f6db179c0"",""normalized_state"":""published"",""owner_authority_id"":""urn:uuid:7aa2ae30-7716-5b39-a47b-5ac2bdc9f035"",""owner_native_state"":""language_reviewed"",""payload"":{""body_prose_copied"":false,""chapter_title"":""Grafik"",""label"":""4.5"",""learner_course_url"":""https://zenodo.org/records/22236314/files/00-elementary-algebra-2e-bahasa-indonesia-EA2-C0082-reader.pdf?download=1"",""locale"":""id-ID"",""native_module_id"":""m82485"",""ordinal"":33,""title"":""Menggunakan Bentuk Gradien–Titik Potong Sumbu y dari Persamaan Garis"",""unit_id"":""urn:uuid:f079242c-9418-5a55-bb00-280f65114612"",""unit_url"":null},""record_type"":""search_document"",""recorded_at"":""2026-09-06T00:00:00Z"",""semantic_key"":""a10:search:m82485""}"
tables/search_documents.jsonl,3,urn:uuid:12accc89-19bd-5262-b765-e9af42e7b1dd,search_document,"{""dataset_id"":""urn:uuid:97a5d5e6-c756-5fcf-8b1d-412402caace7"",""id"":""urn:uuid:12accc89-19bd-5262-b765-e9af42e7b1dd"",""normalized_state"":""published"",""owner_authority_id"":""urn:uuid:7aa2ae30-7716-5b39-a47b-5ac2bdc9f035"",""owner_native_state"":""language_reviewed"",""payload"":{""body_prose_copied"":false,""chapter_title"":""Dasar-Dasar"",""label"":""1.2"",""learner_course_url"":""https://zenodo.org/records/22236314/files/00-elementary-algebra-2e-bahasa-indonesia-EA2-C0082-reader.pdf?download=1"",""locale"":""id-ID"",""native_module_id"":""m82453"",""ordinal"":4,""title"":""Gunakan Bahasa Aljabar"",""unit_id"":""urn:uuid:ab4c3568-a7df-52ae-aef6-810ddc589582"",""unit_url"":null},""record_type"":""search_document"",""recorded_at"":""2026-09-06T00:00:00Z"",""semantic_key"":""a10:search:m82453""}"
tables/search_documents.jsonl,60,urn:uuid:17476a32-4d88-5585-81c3-c97805a83e71,search_document,"{""dataset_id"":""urn:uuid:97a5d5e6-c756-5fcf-8b1d-412402caace7"",""id"":""urn:uuid:17476a32-4d88-5585-81c3-c97805a83e71"",""normalized_state"":""published"",""owner_authority_id"":""urn:uuid:7aa2ae30-7716-5b39-a47b-5ac2bdc9f035"",""owner_native_state"":""language_reviewed"",""payload"":{""body_prose_copied"":false,""chapter_title"":""Ekspresi dan Persamaan Rasional"",""label"":""8.6"",""learner_course_url"":""https://zenodo.org/records/22236314/files/00-elementary-algebra-2e-bahasa-indonesia-EA2-C0082-reader.pdf?download=1"",""locale"":""id-ID"",""native_module_id"":""m82538"",""ordinal"":64,""title"":""Menyelesaikan Persamaan Rasional"",""unit_id"":""urn:uuid:16ab80f9-f1e9-54e3-b389-371337db52c5"",""unit_url"":null},""record_type"":""search_document"",""recorded_at"":""2026-09-06T00:00:00Z"",""semantic_key"":""a10:search:m82538""}"
tables/search_documents.jsonl,74,urn:uuid:19a5c79a-917a-5199-aeac-06a7bf626195,search_document,"{""dataset_id"":""urn:uuid:97a5d5e6-c756-5fcf-8b1d-412402caace7"",""id"":""urn:uuid:19a5c79a-917a-5199-aeac-06a7bf626195"",""normalized_state"":""published"",""owner_authority_id"":""urn:uuid:7aa2ae30-7716-5b39-a47b-5ac2bdc9f035"",""owner_native_state"":""language_reviewed"",""payload"":{""body_prose_copied"":false,""chapter_title"":""Persamaan Kuadrat"",""label"":""10.2"",""learner_course_url"":""https://zenodo.org/records/22236314/files/00-elementary-algebra-2e-bahasa-indonesia-EA2-C0082-reader.pdf?download=1"",""locale"":""id-ID"",""native_module_id"":""m82556"",""ordinal"":79,""title"":""Menyelesaikan Persamaan Kuadrat dengan Melengkapkan Kuadrat"",""unit_id"":""urn:uuid:5ebdf8c6-f1db-5d9a-972d-2f2d0e496824"",""unit_url"":null},""record_type"":""search_document"",""recorded_at"":""2026-09-06T00:00:00Z"",""semantic_key"":""a10:search:m82556""}"
tables/search_documents.jsonl,81,urn:uuid:1b847ed7-feb8-56c4-9801-8082125d7b34,search_document,"{""dataset_id"":""urn:uuid:97a5d5e6-c756-5fcf-8b1d-412402caace7"",""id"":""urn:uuid:1b847ed7-feb8-56c4-9801-8082125d7b34"",""normalized_state"":""published"",""owner_authority_id"":""urn:uuid:7aa2ae30-7716-5b39-a47b-5ac2bdc9f035"",""owner_native_state"":""language_reviewed"",""payload"":{""body_prose_copied"":false,""chapter_title"":""Pemfaktoran"",""label"":""7.2"",""learner_course_url"":""https://zenodo.org/records/22236314/files/00-elementary-algebra-2e-bahasa-indonesia-EA2-C0082-reader.pdf?download=1"",""locale"":""id-ID"",""native_module_id"":""m82566"",""ordinal"":53,""title"":""Memfaktorkan Trinomial Berbentuk x2+bx+c"",""unit_id"":""urn:uuid:51c8a6e5-7968-5c00-9fbc-7d0d041a1fae"",""unit_url"":null},""record_type"":""search_document"",""recorded_at"":""2026-09-06T00:00:00Z"",""semantic_key"":""a10:search:m82566""}"
tables/search_documents.jsonl,34,urn:uuid:1dd1e04d-bb09-507c-8a77-703d85d1ac44,search_document,"{""dataset_id"":""urn:uuid:97a5d5e6-c756-5fcf-8b1d-412402caace7"",""id"":""urn:uuid:1dd1e04d-bb09-507c-8a77-703d85d1ac44"",""normalized_state"":""published"",""owner_authority_id"":""urn:uuid:7aa2ae30-7716-5b39-a47b-5ac2bdc9f035"",""owner_native_state"":""language_reviewed"",""payload"":{""body_prose_copied"":false,""chapter_title"":""Grafik"",""label"":""4.7"",""learner_course_url"":""https://zenodo.org/records/22236314/files/00-elementary-algebra-2e-bahasa-indonesia-EA2-C0082-reader.pdf?download=1"",""locale"":""id-ID"",""native_module_id"":""m82488"",""ordinal"":35,""title"":""Grafik Pertidaksamaan Linear"",""unit_id"":""urn:uuid:6f4ee5d7-6f38-503b-93e4-5cae9af72393"",""unit_url"":null},""record_type"":""search_document"",""recorded_at"":""2026-09-06T00:00:00Z"",""semantic_key"":""a10:search:m82488""}"
tables/search_documents.jsonl,4,urn:uuid:2208ae95-e13c-52b1-a1ce-27d59e06eb4f,search_document,"{""dataset_id"":""urn:uuid:97a5d5e6-c756-5fcf-8b1d-412402caace7"",""id"":""urn:uuid:2208ae95-e13c-52b1-a1ce-27d59e06eb4f"",""normalized_state"":""published"",""owner_authority_id"":""urn:uuid:7aa2ae30-7716-5b39-a47b-5ac2bdc9f035"",""owner_native_state"":""language_reviewed"",""payload"":{""body_prose_copied"":false,""chapter_title"":""Dasar-Dasar"",""label"":""1.3"",""learner_course_url"":""https://zenodo.org/records/22236314/files/00-elementary-algebra-2e-bahasa-indonesia-EA2-C0082-reader.pdf?download=1"",""locale"":""id-ID"",""native_module_id"":""m82454"",""ordinal"":5,""title"":""Menjumlahkan dan Mengurangkan Bilangan Bulat"",""unit_id"":""urn:uuid:14bf068d-11e1-5704-924c-a67c19b05da3"",""unit_url"":null},""record_type"":""search_document"",""recorded_at"":""2026-09-06T00:00:00Z"",""semantic_key"":""a10:search:m82454""}"
tables/search_documents.jsonl,35,urn:uuid:28cd5f76-05f1-52c8-b4d9-d75425c5ab8c,search_document,"{""dataset_id"":""urn:uuid:97a5d5e6-c756-5fcf-8b1d-412402caace7"",""id"":""urn:uuid:28cd5f76-05f1-52c8-b4d9-d75425c5ab8c"",""normalized_state"":""published"",""owner_authority_id"":""urn:uuid:7aa2ae30-7716-5b39-a47b-5ac2bdc9f035"",""owner_native_state"":""language_reviewed"",""payload"":{""body_prose_copied"":false,""chapter_title"":""Sistem Persamaan Linear"",""label"":""Bab 5"",""learner_course_url"":""https://zenodo.org/records/22236314/files/00-elementary-algebra-2e-bahasa-indonesia-EA2-C0082-reader.pdf?download=1"",""locale"":""id-ID"",""native_module_id"":""m82489"",""ordinal"":36,""title"":""Pendahuluan"",""unit_id"":""urn:uuid:b5547cef-c574-57c5-b188-7a63f3835e07"",""unit_url"":null},""record_type"":""search_document"",""recorded_at"":""2026-09-06T00:00:00Z"",""semantic_key"":""a10:search:m82489""}"
tables/search_documents.jsonl,14,urn:uuid:2e024957-b689-594f-8bff-fa401c84ce7d,search_document,"{""dataset_id"":""urn:uuid:97a5d5e6-c756-5fcf-8b1d-412402caace7"",""id"":""urn:uuid:2e024957-b689-594f-8bff-fa401c84ce7d"",""normalized_state"":""published"",""owner_authority_id"":""urn:uuid:7aa2ae30-7716-5b39-a47b-5ac2bdc9f035"",""owner_native_state"":""language_reviewed"",""payload"":{""body_prose_copied"":false,""chapter_title"":""Menyelesaikan Persamaan dan Pertidaksamaan Linear"",""label"":""2.2"",""learner_course_url"":""https://zenodo.org/records/22236314/files/00-elementary-algebra-2e-bahasa-indonesia-EA2-C0082-reader.pdf?download=1"",""locale"":""id-ID"",""native_module_id"":""m82464"",""ordinal"":15,""title"":""Menyelesaikan Persamaan dengan Sifat Pembagian dan Perkalian pada Kesamaan"",""unit_id"":""urn:uuid:00d5ee81-a2ab-5885-b01d-4416ea5a1d1a"",""unit_url"":null},""record_type"":""search_document"",""recorded_at"":""2026-09-06T00:00:00Z"",""semantic_key"":""a10:search:m82464""}"
tables/search_documents.jsonl,75,urn:uuid:30f23137-5cce-539f-b3f8-d98062fb749d,search_document,"{""dataset_id"":""urn:uuid:97a5d5e6-c756-5fcf-8b1d-412402caace7"",""id"":""urn:uuid:30f23137-5cce-539f-b3f8-d98062fb749d"",""normalized_state"":""published"",""owner_authority_id"":""urn:uuid:7aa2ae30-7716-5b39-a47b-5ac2bdc9f035"",""owner_native_state"":""language_reviewed"",""payload"":{""body_prose_copied"":false,""chapter_title"":""Persamaan Kuadrat"",""label"":""10.3"",""learner_course_url"":""https://zenodo.org/records/22236314/files/00-elementary-algebra-2e-bahasa-indonesia-EA2-C0082-reader.pdf?download=1"",""locale"":""id-ID"",""native_module_id"":""m82557"",""ordinal"":80,""title"":""Menyelesaikan Persamaan Kuadrat Menggunakan Rumus Kuadrat"",""unit_id"":""urn:uuid:2b633225-7780-55c7-aaa4-ae87b7699790"",""unit_url"":null},""record_type"":""search_document"",""recorded_at"":""2026-09-06T00:00:00Z"",""semantic_key"":""a10:search:m82557""}"
tables/search_documents.jsonl,28,urn:uuid:31f9e872-33ed-51b2-8ccd-d5261b63606f,search_document,"{""dataset_id"":""urn:uuid:97a5d5e6-c756-5fcf-8b1d-412402caace7"",""id"":""urn:uuid:31f9e872-33ed-51b2-8ccd-d5261b63606f"",""normalized_state"":""published"",""owner_authority_id"":""urn:uuid:7aa2ae30-7716-5b39-a47b-5ac2bdc9f035"",""owner_native_state"":""language_reviewed"",""payload"":{""body_prose_copied"":false,""chapter_title"":""Grafik"",""label"":""4.1"",""learner_course_url"":""https://zenodo.org/records/22236314/files/00-elementary-algebra-2e-bahasa-indonesia-EA2-C0082-reader.pdf?download=1"",""locale"":""id-ID"",""native_module_id"":""m82480"",""ordinal"":29,""title"":""Menggunakan Sistem Koordinat Kartesius"",""unit_id"":""urn:uuid:0034827b-fa0e-5d4f-9b2e-5caec9b92930"",""unit_url"":null},""record_type"":""search_document"",""recorded_at"":""2026-09-06T00:00:00Z"",""semantic_key"":""a10:search:m82480""}"
tables/search_documents.jsonl,76,urn:uuid:32df7a9b-9cbf-5e79-a0b4-68ecc53977ad,search_document,"{""dataset_id"":""urn:uuid:97a5d5e6-c756-5fcf-8b1d-412402caace7"",""id"":""urn:uuid:32df7a9b-9cbf-5e79-a0b4-68ecc53977ad"",""normalized_state"":""published"",""owner_authority_id"":""urn:uuid:7aa2ae30-7716-5b39-a47b-5ac2bdc9f035"",""owner_native_state"":""language_reviewed"",""payload"":{""body_prose_copied"":false,""chapter_title"":""Persamaan Kuadrat"",""label"":""10.4"",""learner_course_url"":""https://zenodo.org/records/22236314/files/00-elementary-algebra-2e-bahasa-indonesia-EA2-C0082-reader.pdf?download=1"",""locale"":""id-ID"",""native_module_id"":""m82558"",""ordinal"":81,""title"":""Menyelesaikan Masalah Terapan yang Dimodelkan dengan Persamaan Kuadrat"",""unit_id"":""urn:uuid:e40d2345-1d00-51f2-a451-952c8f8293f2"",""unit_url"":null},""record_type"":""search_document"",""recorded_at"":""2026-09-06T00:00:00Z"",""semantic_key"":""a10:search:m82558""}"
tables/search_documents.jsonl,44,urn:uuid:35aaa953-a45b-5b29-a83f-377219a979ce,search_document,"{""dataset_id"":""urn:uuid:97a5d5e6-c756-5fcf-8b1d-412402caace7"",""id"":""urn:uuid:35aaa953-a45b-5b29-a83f-377219a979ce"",""normalized_state"":""published"",""owner_authority_id"":""urn:uuid:7aa2ae30-7716-5b39-a47b-5ac2bdc9f035"",""owner_native_state"":""language_reviewed"",""payload"":{""body_prose_copied"":false,""chapter_title"":""Polinomial"",""label"":""6.2"",""learner_course_url"":""https://zenodo.org/records/22236314/files/00-elementary-algebra-2e-bahasa-indonesia-EA2-C0082-reader.pdf?download=1"",""locale"":""id-ID"",""native_module_id"":""m82504"",""ordinal"":45,""title"":""Menggunakan Sifat-Sifat Perkalian pada Eksponen"",""unit_id"":""urn:uuid:eba5cfdd-ef22-504d-8967-df355fa9c438"",""unit_url"":null},""record_type"":""search_document"",""recorded_at"":""2026-09-06T00:00:00Z"",""semantic_key"":""a10:search:m82504""}"
tables/search_documents.jsonl,38,urn:uuid:3ae52953-4282-55cc-aa1c-6e16641f3608,search_document,"{""dataset_id"":""urn:uuid:97a5d5e6-c756-5fcf-8b1d-412402caace7"",""id"":""urn:uuid:3ae52953-4282-55cc-aa1c-6e16641f3608"",""normalized_state"":""published"",""owner_authority_id"":""urn:uuid:7aa2ae30-7716-5b39-a47b-5ac2bdc9f035"",""owner_native_state"":""language_reviewed"",""payload"":{""body_prose_copied"":false,""chapter_title"":""Sistem Persamaan Linear"",""label"":""5.3"",""learner_course_url"":""https://zenodo.org/records/22236314/files/00-elementary-algebra-2e-bahasa-indonesia-EA2-C0082-reader.pdf?download=1"",""locale"":""id-ID"",""native_module_id"":""m82495"",""ordinal"":39,""title"":""Menyelesaikan Sistem Persamaan dengan Eliminasi"",""unit_id"":""urn:uuid:215bba5f-f890-5d9a-a28e-439a24fa7023"",""unit_url"":null},""record_type"":""search_document"",""recorded_at"":""2026-09-06T00:00:00Z"",""semantic_key"":""a10:search:m82495""}"
tables/search_documents.jsonl,26,urn:uuid:3b3608f7-30aa-513d-97a2-bb16bdadd43e,search_document,"{""dataset_id"":""urn:uuid:97a5d5e6-c756-5fcf-8b1d-412402caace7"",""id"":""urn:uuid:3b3608f7-30aa-513d-97a2-bb16bdadd43e"",""normalized_state"":""published"",""owner_authority_id"":""urn:uuid:7aa2ae30-7716-5b39-a47b-5ac2bdc9f035"",""owner_native_state"":""language_reviewed"",""payload"":{""body_prose_copied"":false,""chapter_title"":""Model Matematika"",""label"":""3.6"",""learner_course_url"":""https://zenodo.org/records/22236314/files/00-elementary-algebra-2e-bahasa-indonesia-EA2-C0082-reader.pdf?download=1"",""locale"":""id-ID"",""native_module_id"":""m82478"",""ordinal"":27,""title"":""Menyelesaikan Penerapan Pertidaksamaan Linear"",""unit_id"":""urn:uuid:6624018e-c6a1-531c-8aa4-8130a1312f95"",""unit_url"":null},""record_type"":""search_document"",""recorded_at"":""2026-09-06T00:00:00Z"",""semantic_key"":""a10:search:m82478""}"
tables/search_documents.jsonl,58,urn:uuid:3f0415fe-c2d9-5250-b03a-239364f3fd09,search_document,"{""dataset_id"":""urn:uuid:97a5d5e6-c756-5fcf-8b1d-412402caace7"",""id"":""urn:uuid:3f0415fe-c2d9-5250-b03a-239364f3fd09"",""normalized_state"":""published"",""owner_authority_id"":""urn:uuid:7aa2ae30-7716-5b39-a47b-5ac2bdc9f035"",""owner_native_state"":""language_reviewed"",""payload"":{""body_prose_copied"":false,""chapter_title"":""Ekspresi dan Persamaan Rasional"",""label"":""8.4"",""learner_course_url"":""https://zenodo.org/records/22236314/files/00-elementary-algebra-2e-bahasa-indonesia-EA2-C0082-reader.pdf?download=1"",""locale"":""id-ID"",""native_module_id"":""m82535"",""ordinal"":62,""title"":""Menjumlahkan dan Mengurangkan Ekspresi Rasional dengan Penyebut Berbeda"",""unit_id"":""urn:uuid:6de60b3d-64b5-5ba6-a4ce-4478288e007c"",""unit_url"":null},""record_type"":""search_document"",""recorded_at"":""2026-09-06T00:00:00Z"",""semantic_key"":""a10:search:m82535""}"
tables/search_documents.jsonl,40,urn:uuid:48ebdb22-4ce8-5154-a805-db883f15b291,search_document,"{""dataset_id"":""urn:uuid:97a5d5e6-c756-5fcf-8b1d-412402caace7"",""id"":""urn:uuid:48ebdb22-4ce8-5154-a805-db883f15b291"",""normalized_state"":""published"",""owner_authority_id"":""urn:uuid:7aa2ae30-7716-5b39-a47b-5ac2bdc9f035"",""owner_native_state"":""language_reviewed"",""payload"":{""body_prose_copied"":false,""chapter_title"":""Sistem Persamaan Linear"",""label"":""5.5"",""learner_course_url"":""https://zenodo.org/records/22236314/files/00-elementary-algebra-2e-bahasa-indonesia-EA2-C0082-reader.pdf?download=1"",""locale"":""id-ID"",""native_module_id"":""m82498"",""ordinal"":41,""title"":""Menyelesaikan Soal Campuran dengan Sistem Persamaan"",""unit_id"":""urn:uuid:edd3dbf7-bf56-506d-947f-f26692c8330f"",""unit_url"":null},""record_type"":""search_document"",""recorded_at"":""2026-09-06T00:00:00Z"",""semantic_key"":""a10:search:m82498""}"
tables/search_documents.jsonl,41,urn:uuid:49051825-1408-5ac9-8923-8ebe5a2eef0f,search_document,"{""dataset_id"":""urn:uuid:97a5d5e6-c756-5fcf-8b1d-412402caace7"",""id"":""urn:uuid:49051825-1408-5ac9-8923-8ebe5a2eef0f"",""normalized_state"":""published"",""owner_authority_id"":""urn:uuid:7aa2ae30-7716-5b39-a47b-5ac2bdc9f035"",""owner_native_state"":""language_reviewed"",""payload"":{""body_prose_copied"":false,""chapter_title"":""Sistem Persamaan Linear"",""label"":""5.6"",""learner_course_url"":""https://zenodo.org/records/22236314/files/00-elementary-algebra-2e-bahasa-indonesia-EA2-C0082-reader.pdf?download=1"",""locale"":""id-ID"",""native_module_id"":""m82499"",""ordinal"":42,""title"":""Menggambar Grafik Sistem Pertidaksamaan Linear"",""unit_id"":""urn:uuid:2f01632e-664c-52dd-958c-e63b144d3135"",""unit_url"":null},""record_type"":""search_document"",""recorded_at"":""2026-09-06T00:00:00Z"",""semantic_key"":""a10:search:m82499""}"
tables/search_documents.jsonl,82,urn:uuid:4d4dfd68-f4a2-5e5f-8acd-243c473e4c40,search_document,"{""dataset_id"":""urn:uuid:97a5d5e6-c756-5fcf-8b1d-412402caace7"",""id"":""urn:uuid:4d4dfd68-f4a2-5e5f-8acd-243c473e4c40"",""normalized_state"":""published"",""owner_authority_id"":""urn:uuid:7aa2ae30-7716-5b39-a47b-5ac2bdc9f035"",""owner_native_state"":""language_reviewed"",""payload"":{""body_prose_copied"":false,""chapter_title"":null,""label"":""Prakata"",""learner_course_url"":""https://zenodo.org/records/22236314/files/00-elementary-algebra-2e-bahasa-indonesia-EA2-C0082-reader.pdf?download=1"",""locale"":""id-ID"",""native_module_id"":""m82630"",""ordinal"":1,""title"":""Prakata"",""unit_id"":""urn:uuid:c49dc470-88fb-5b13-b15c-d21d22f7859d"",""unit_url"":null},""record_type"":""search_document"",""recorded_at"":""2026-09-06T00:00:00Z"",""semantic_key"":""a10:search:m82630""}"
tables/search_documents.jsonl,78,urn:uuid:4e9ac7e6-fb4a-59b7-af87-2d14cd944201,search_document,"{""dataset_id"":""urn:uuid:97a5d5e6-c756-5fcf-8b1d-412402caace7"",""id"":""urn:uuid:4e9ac7e6-fb4a-59b7-af87-2d14cd944201"",""normalized_state"":""published"",""owner_authority_id"":""urn:uuid:7aa2ae30-7716-5b39-a47b-5ac2bdc9f035"",""owner_native_state"":""language_reviewed"",""payload"":{""body_prose_copied"":false,""chapter_title"":""Ekspresi dan Persamaan Rasional"",""label"":""8.9"",""learner_course_url"":""https://zenodo.org/records/22236314/files/00-elementary-algebra-2e-bahasa-indonesia-EA2-C0082-reader.pdf?download=1"",""locale"":""id-ID"",""native_module_id"":""m82560"",""ordinal"":67,""title"":""Menggunakan Variasi Langsung dan Variasi Berbanding Terbalik"",""unit_id"":""urn:uuid:218c44d4-c056-520d-bb50-8b0eb24a1289"",""unit_url"":null},""record_type"":""search_document"",""recorded_at"":""2026-09-06T00:00:00Z"",""semantic_key"":""a10:search:m82560""}"
tables/search_documents.jsonl,8,urn:uuid:4efb3e73-26bd-527b-b162-9aeb140eaa08,search_document,"{""dataset_id"":""urn:uuid:97a5d5e6-c756-5fcf-8b1d-412402caace7"",""id"":""urn:uuid:4efb3e73-26bd-527b-b162-9aeb140eaa08"",""normalized_state"":""published"",""owner_authority_id"":""urn:uuid:7aa2ae30-7716-5b39-a47b-5ac2bdc9f035"",""owner_native_state"":""language_reviewed"",""payload"":{""body_prose_copied"":false,""chapter_title"":""Dasar-Dasar"",""label"":""1.7"",""learner_course_url"":""https://zenodo.org/records/22236314/files/00-elementary-algebra-2e-bahasa-indonesia-EA2-C0082-reader.pdf?download=1"",""locale"":""id-ID"",""native_module_id"":""m82458"",""ordinal"":9,""title"":""Desimal"",""unit_id"":""urn:uuid:1c9f9f85-5ec5-5da5-a175-2fa805513a88"",""unit_url"":null},""record_type"":""search_document"",""recorded_at"":""2026-09-06T00:00:00Z"",""semantic_key"":""a10:search:m82458""}"
tables/search_documents.jsonl,63,urn:uuid:50aa836b-dff3-571f-8143-0e6a7f37188e,search_document,"{""dataset_id"":""urn:uuid:97a5d5e6-c756-5fcf-8b1d-412402caace7"",""id"":""urn:uuid:50aa836b-dff3-571f-8143-0e6a7f37188e"",""normalized_state"":""published"",""owner_authority_id"":""urn:uuid:7aa2ae30-7716-5b39-a47b-5ac2bdc9f035"",""owner_native_state"":""language_reviewed"",""payload"":{""body_prose_copied"":false,""chapter_title"":""Akar dan Bentuk Radikal"",""label"":""Bab 9"",""learner_course_url"":""https://zenodo.org/records/22236314/files/00-elementary-algebra-2e-bahasa-indonesia-EA2-C0082-reader.pdf?download=1"",""locale"":""id-ID"",""native_module_id"":""m82544"",""ordinal"":68,""title"":""Pendahuluan"",""unit_id"":""urn:uuid:c54d2c6b-e42a-5092-8527-505e64d58766"",""unit_url"":null},""record_type"":""search_document"",""recorded_at"":""2026-09-06T00:00:00Z"",""semantic_key"":""a10:search:m82544""}"
tables/search_documents.jsonl,39,urn:uuid:52a7f3c3-1d58-51d0-9059-befc13511a46,search_document,"{""dataset_id"":""urn:uuid:97a5d5e6-c756-5fcf-8b1d-412402caace7"",""id"":""urn:uuid:52a7f3c3-1d58-51d0-9059-befc13511a46"",""normalized_state"":""published"",""owner_authority_id"":""urn:uuid:7aa2ae30-7716-5b39-a47b-5ac2bdc9f035"",""owner_native_state"":""language_reviewed"",""payload"":{""body_prose_copied"":false,""chapter_title"":""Sistem Persamaan Linear"",""label"":""5.4"",""learner_course_url"":""https://zenodo.org/records/22236314/files/00-elementary-algebra-2e-bahasa-indonesia-EA2-C0082-reader.pdf?download=1"",""locale"":""id-ID"",""native_module_id"":""m82497"",""ordinal"":40,""title"":""Menyelesaikan Soal Penerapan dengan Sistem Persamaan"",""unit_id"":""urn:uuid:0d063f43-6543-58b6-b7c4-0c50edf24074"",""unit_url"":null},""record_type"":""search_document"",""recorded_at"":""2026-09-06T00:00:00Z"",""semantic_key"":""a10:search:m82497""}"
tables/search_documents.jsonl,15,urn:uuid:54fe62fa-eaf9-59db-b3ed-30fd090d0179,search_document,"{""dataset_id"":""urn:uuid:97a5d5e6-c756-5fcf-8b1d-412402caace7"",""id"":""urn:uuid:54fe62fa-eaf9-59db-b3ed-30fd090d0179"",""normalized_state"":""published"",""owner_authority_id"":""urn:uuid:7aa2ae30-7716-5b39-a47b-5ac2bdc9f035"",""owner_native_state"":""language_reviewed"",""payload"":{""body_prose_copied"":false,""chapter_title"":""Menyelesaikan Persamaan dan Pertidaksamaan Linear"",""label"":""2.3"",""learner_course_url"":""https://zenodo.org/records/22236314/files/00-elementary-algebra-2e-bahasa-indonesia-EA2-C0082-reader.pdf?download=1"",""locale"":""id-ID"",""native_module_id"":""m82465"",""ordinal"":16,""title"":""Menyelesaikan Persamaan dengan Variabel dan Konstanta pada Kedua Ruas"",""unit_id"":""urn:uuid:02fbb38d-cde4-5027-8de7-9f6b142b4e55"",""unit_url"":null},""record_type"":""search_document"",""recorded_at"":""2026-09-06T00:00:00Z"",""semantic_key"":""a10:search:m82465""}"
tables/search_documents.jsonl,22,urn:uuid:557c9e5e-1a12-51a6-9d4f-7c9e3f4d250f,search_document,"{""dataset_id"":""urn:uuid:97a5d5e6-c756-5fcf-8b1d-412402caace7"",""id"":""urn:uuid:557c9e5e-1a12-51a6-9d4f-7c9e3f4d250f"",""normalized_state"":""published"",""owner_authority_id"":""urn:uuid:7aa2ae30-7716-5b39-a47b-5ac2bdc9f035"",""owner_native_state"":""language_reviewed"",""payload"":{""body_prose_copied"":false,""chapter_title"":""Model Matematika"",""label"":""3.2"",""learner_course_url"":""https://zenodo.org/records/22236314/files/00-elementary-algebra-2e-bahasa-indonesia-EA2-C0082-reader.pdf?download=1"",""locale"":""id-ID"",""native_module_id"":""m82473"",""ordinal"":23,""title"":""Menyelesaikan Penerapan Persen"",""unit_id"":""urn:uuid:1d69b992-3dd3-5813-aba2-d29171e39fbe"",""unit_url"":null},""record_type"":""search_document"",""recorded_at"":""2026-09-06T00:00:00Z"",""semantic_key"":""a10:search:m82473""}"
tables/search_documents.jsonl,36,urn:uuid:56f1edca-59af-5570-a58f-123285db0334,search_document,"{""dataset_id"":""urn:uuid:97a5d5e6-c756-5fcf-8b1d-412402caace7"",""id"":""urn:uuid:56f1edca-59af-5570-a58f-123285db0334"",""normalized_state"":""published"",""owner_authority_id"":""urn:uuid:7aa2ae30-7716-5b39-a47b-5ac2bdc9f035"",""owner_native_state"":""language_reviewed"",""payload"":{""body_prose_copied"":false,""chapter_title"":""Sistem Persamaan Linear"",""label"":""5.1"",""learner_course_url"":""https://zenodo.org/records/22236314/files/00-elementary-algebra-2e-bahasa-indonesia-EA2-C0082-reader.pdf?download=1"",""locale"":""id-ID"",""native_module_id"":""m82490"",""ordinal"":37,""title"":""Menyelesaikan Sistem Persamaan dengan Menggambar Grafik"",""unit_id"":""urn:uuid:0b36fc6a-54c3-5076-b9d0-e3d74e2f5e35"",""unit_url"":null},""record_type"":""search_document"",""recorded_at"":""2026-09-06T00:00:00Z"",""semantic_key"":""a10:search:m82490""}"
tables/search_documents.jsonl,42,urn:uuid:5b23b62f-bc9d-50a7-830a-3d9c160f0c9f,search_document,"{""dataset_id"":""urn:uuid:97a5d5e6-c756-5fcf-8b1d-412402caace7"",""id"":""urn:uuid:5b23b62f-bc9d-50a7-830a-3d9c160f0c9f"",""normalized_state"":""published"",""owner_authority_id"":""urn:uuid:7aa2ae30-7716-5b39-a47b-5ac2bdc9f035"",""owner_native_state"":""language_reviewed"",""payload"":{""body_prose_copied"":false,""chapter_title"":""Polinomial"",""label"":""Bab 6"",""learner_course_url"":""https://zenodo.org/records/22236314/files/00-elementary-algebra-2e-bahasa-indonesia-EA2-C0082-reader.pdf?download=1"",""locale"":""id-ID"",""native_module_id"":""m82500"",""ordinal"":43,""title"":""Pendahuluan"",""unit_id"":""urn:uuid:e8ce8313-3426-56b0-895b-82c187491b81"",""unit_url"":null},""record_type"":""search_document"",""recorded_at"":""2026-09-06T00:00:00Z"",""semantic_key"":""a10:search:m82500""}"
tables/search_documents.jsonl,24,urn:uuid:5da4a96a-7c1a-55cf-b83a-c25c52fa286e,search_document,"{""dataset_id"":""urn:uuid:97a5d5e6-c756-5fcf-8b1d-412402caace7"",""id"":""urn:uuid:5da4a96a-7c1a-55cf-b83a-c25c52fa286e"",""normalized_state"":""published"",""owner_authority_id"":""urn:uuid:7aa2ae30-7716-5b39-a47b-5ac2bdc9f035"",""owner_native_state"":""language_reviewed"",""payload"":{""body_prose_copied"":false,""chapter_title"":""Model Matematika"",""label"":""3.4"",""learner_course_url"":""https://zenodo.org/records/22236314/files/00-elementary-algebra-2e-bahasa-indonesia-EA2-C0082-reader.pdf?download=1"",""locale"":""id-ID"",""native_module_id"":""m82476"",""ordinal"":25,""title"":""Menyelesaikan Soal Penerapan Geometri: Segitiga, Persegi Panjang, dan Teorema Pythagoras"",""unit_id"":""urn:uuid:13ac7579-67f7-5d69-b48d-7f5260bbeea7"",""unit_url"":null},""record_type"":""search_document"",""recorded_at"":""2026-09-06T00:00:00Z"",""semantic_key"":""a10:search:m82476""}"
tables/search_documents.jsonl,71,urn:uuid:5dfb0bfb-f1df-5ee8-8b5f-ffcc2901d433,search_document,"{""dataset_id"":""urn:uuid:97a5d5e6-c756-5fcf-8b1d-412402caace7"",""id"":""urn:uuid:5dfb0bfb-f1df-5ee8-8b5f-ffcc2901d433"",""normalized_state"":""published"",""owner_authority_id"":""urn:uuid:7aa2ae30-7716-5b39-a47b-5ac2bdc9f035"",""owner_native_state"":""language_reviewed"",""payload"":{""body_prose_copied"":false,""chapter_title"":""Akar dan Bentuk Radikal"",""label"":""9.8"",""learner_course_url"":""https://zenodo.org/records/22236314/files/00-elementary-algebra-2e-bahasa-indonesia-EA2-C0082-reader.pdf?download=1"",""locale"":""id-ID"",""native_module_id"":""m82553"",""ordinal"":76,""title"":""Eksponen Rasional"",""unit_id"":""urn:uuid:3064832d-cca3-55f3-b0e1-216e00b366c0"",""unit_url"":null},""record_type"":""search_document"",""recorded_at"":""2026-09-06T00:00:00Z"",""semantic_key"":""a10:search:m82553""}"
tables/search_documents.jsonl,33,urn:uuid:6d4a8995-94bd-5dcd-b6bf-34b4bb1520c6,search_document,"{""dataset_id"":""urn:uuid:97a5d5e6-c756-5fcf-8b1d-412402caace7"",""id"":""urn:uuid:6d4a8995-94bd-5dcd-b6bf-34b4bb1520c6"",""normalized_state"":""published"",""owner_authority_id"":""urn:uuid:7aa2ae30-7716-5b39-a47b-5ac2bdc9f035"",""owner_native_state"":""language_reviewed"",""payload"":{""body_prose_copied"":false,""chapter_title"":""Grafik"",""label"":""4.6"",""learner_course_url"":""https://zenodo.org/records/22236314/files/00-elementary-algebra-2e-bahasa-indonesia-EA2-C0082-reader.pdf?download=1"",""locale"":""id-ID"",""native_module_id"":""m82486"",""ordinal"":34,""title"":""Menentukan Persamaan Garis"",""unit_id"":""urn:uuid:6e611059-69d4-5ef8-9246-902e6c768e58"",""unit_url"":null},""record_type"":""search_document"",""recorded_at"":""2026-09-06T00:00:00Z"",""semantic_key"":""a10:search:m82486""}"
tables/search_documents.jsonl,19,urn:uuid:6e95513b-5a22-5857-a07d-b2f3eca5ffb5,search_document,"{""dataset_id"":""urn:uuid:97a5d5e6-c756-5fcf-8b1d-412402caace7"",""id"":""urn:uuid:6e95513b-5a22-5857-a07d-b2f3eca5ffb5"",""normalized_state"":""published"",""owner_authority_id"":""urn:uuid:7aa2ae30-7716-5b39-a47b-5ac2bdc9f035"",""owner_native_state"":""language_reviewed"",""payload"":{""body_prose_copied"":false,""chapter_title"":""Menyelesaikan Persamaan dan Pertidaksamaan Linear"",""label"":""2.7"",""learner_course_url"":""https://zenodo.org/records/22236314/files/00-elementary-algebra-2e-bahasa-indonesia-EA2-C0082-reader.pdf?download=1"",""locale"":""id-ID"",""native_module_id"":""m82470"",""ordinal"":20,""title"":""Menyelesaikan Pertidaksamaan Linear"",""unit_id"":""urn:uuid:ad2d8223-0f68-5610-88b2-ae6a3620901e"",""unit_url"":null},""record_type"":""search_document"",""recorded_at"":""2026-09-06T00:00:00Z"",""semantic_key"":""a10:search:m82470""}"
tables/search_documents.jsonl,67,urn:uuid:71e0259f-e757-5464-a4a0-90fb0c89fdf3,search_document,"{""dataset_id"":""urn:uuid:97a5d5e6-c756-5fcf-8b1d-412402caace7"",""id"":""urn:uuid:71e0259f-e757-5464-a4a0-90fb0c89fdf3"",""normalized_state"":""published"",""owner_authority_id"":""urn:uuid:7aa2ae30-7716-5b39-a47b-5ac2bdc9f035"",""owner_native_state"":""language_reviewed"",""payload"":{""body_prose_copied"":false,""chapter_title"":""Akar dan Bentuk Radikal"",""label"":""9.4"",""learner_course_url"":""https://zenodo.org/records/22236314/files/00-elementary-algebra-2e-bahasa-indonesia-EA2-C0082-reader.pdf?download=1"",""locale"":""id-ID"",""native_module_id"":""m82548"",""ordinal"":72,""title"":""Mengalikan Akar Kuadrat"",""unit_id"":""urn:uuid:3675263f-c202-52a1-8d8a-03ac52e701ac"",""unit_url"":null},""record_type"":""search_document"",""recorded_at"":""2026-09-06T00:00:00Z"",""semantic_key"":""a10:search:m82548""}"
tables/search_documents.jsonl,37,urn:uuid:722d06d9-132a-5df9-82f9-675a7f8a1444,search_document,"{""dataset_id"":""urn:uuid:97a5d5e6-c756-5fcf-8b1d-412402caace7"",""id"":""urn:uuid:722d06d9-132a-5df9-82f9-675a7f8a1444"",""normalized_state"":""published"",""owner_authority_id"":""urn:uuid:7aa2ae30-7716-5b39-a47b-5ac2bdc9f035"",""owner_native_state"":""language_reviewed"",""payload"":{""body_prose_copied"":false,""chapter_title"":""Sistem Persamaan Linear"",""label"":""5.2"",""learner_course_url"":""https://zenodo.org/records/22236314/files/00-elementary-algebra-2e-bahasa-indonesia-EA2-C0082-reader.pdf?download=1"",""locale"":""id-ID"",""native_module_id"":""m82494"",""ordinal"":38,""title"":""Menyelesaikan Sistem Persamaan dengan Substitusi"",""unit_id"":""urn:uuid:7923c1ff-76bf-59d3-ae07-5d9c157e484d"",""unit_url"":null},""record_type"":""search_document"",""recorded_at"":""2026-09-06T00:00:00Z"",""semantic_key"":""a10:search:m82494""}"
tables/search_documents.jsonl,54,urn:uuid:7638725b-d741-5216-bb8e-a6237b09c59b,search_document,"{""dataset_id"":""urn:uuid:97a5d5e6-c756-5fcf-8b1d-412402caace7"",""id"":""urn:uuid:7638725b-d741-5216-bb8e-a6237b09c59b"",""normalized_state"":""published"",""owner_authority_id"":""urn:uuid:7aa2ae30-7716-5b39-a47b-5ac2bdc9f035"",""owner_native_state"":""language_reviewed"",""payload"":{""body_prose_copied"":false,""chapter_title"":""Ekspresi dan Persamaan Rasional"",""label"":""Bab 8"",""learner_course_url"":""https://zenodo.org/records/22236314/files/00-elementary-algebra-2e-bahasa-indonesia-EA2-C0082-reader.pdf?download=1"",""locale"":""id-ID"",""native_module_id"":""m82531"",""ordinal"":58,""title"":""Pendahuluan"",""unit_id"":""urn:uuid:2f1f3efe-4f4f-5e69-9451-8b210b94b68a"",""unit_url"":null},""record_type"":""search_document"",""recorded_at"":""2026-09-06T00:00:00Z"",""semantic_key"":""a10:search:m82531""}"
tables/search_documents.jsonl,7,urn:uuid:767d333f-7573-589b-a69a-0747c4982bdf,search_document,"{""dataset_id"":""urn:uuid:97a5d5e6-c756-5fcf-8b1d-412402caace7"",""id"":""urn:uuid:767d333f-7573-589b-a69a-0747c4982bdf"",""normalized_state"":""published"",""owner_authority_id"":""urn:uuid:7aa2ae30-7716-5b39-a47b-5ac2bdc9f035"",""owner_native_state"":""language_reviewed"",""payload"":{""body_prose_copied"":false,""chapter_title"":""Dasar-Dasar"",""label"":""1.6"",""learner_course_url"":""https://zenodo.org/records/22236314/files/00-elementary-algebra-2e-bahasa-indonesia-EA2-C0082-reader.pdf?download=1"",""locale"":""id-ID"",""native_module_id"":""m82457"",""ordinal"":8,""title"":""Menjumlahkan dan Mengurangkan Pecahan"",""unit_id"":""urn:uuid:fd0d1fe2-c7b1-59ea-83a3-2548556bf22b"",""unit_url"":null},""record_type"":""search_document"",""recorded_at"":""2026-09-06T00:00:00Z"",""semantic_key"":""a10:search:m82457""}"
tables/search_documents.jsonl,23,urn:uuid:77341c14-96f1-5d7f-9e47-7a93b5232d02,search_document,"{""dataset_id"":""urn:uuid:97a5d5e6-c756-5fcf-8b1d-412402caace7"",""id"":""urn:uuid:77341c14-96f1-5d7f-9e47-7a93b5232d02"",""normalized_state"":""published"",""owner_authority_id"":""urn:uuid:7aa2ae30-7716-5b39-a47b-5ac2bdc9f035"",""owner_native_state"":""language_reviewed"",""payload"":{""body_prose_copied"":false,""chapter_title"":""Model Matematika"",""label"":""3.3"",""learner_course_url"":""https://zenodo.org/records/22236314/files/00-elementary-algebra-2e-bahasa-indonesia-EA2-C0082-reader.pdf?download=1"",""locale"":""id-ID"",""native_module_id"":""m82475"",""ordinal"":24,""title"":""Menyelesaikan Penerapan Campuran"",""unit_id"":""urn:uuid:2e2d9798-269b-5297-85f8-16ee773c0730"",""unit_url"":null},""record_type"":""search_document"",""recorded_at"":""2026-09-06T00:00:00Z"",""semantic_key"":""a10:search:m82475""}"
tables/search_documents.jsonl,65,urn:uuid:79c9703a-2e6c-5386-bd1d-a61d20a152ab,search_document,"{""dataset_id"":""urn:uuid:97a5d5e6-c756-5fcf-8b1d-412402caace7"",""id"":""urn:uuid:79c9703a-2e6c-5386-bd1d-a61d20a152ab"",""normalized_state"":""published"",""owner_authority_id"":""urn:uuid:7aa2ae30-7716-5b39-a47b-5ac2bdc9f035"",""owner_native_state"":""language_reviewed"",""payload"":{""body_prose_copied"":false,""chapter_title"":""Akar dan Bentuk Radikal"",""label"":""9.2"",""learner_course_url"":""https://zenodo.org/records/22236314/files/00-elementary-algebra-2e-bahasa-indonesia-EA2-C0082-reader.pdf?download=1"",""locale"":""id-ID"",""native_module_id"":""m82546"",""ordinal"":70,""title"":""Menyederhanakan Akar Kuadrat"",""unit_id"":""urn:uuid:9d4d115c-4f3a-579a-b696-693542ea6f10"",""unit_url"":null},""record_type"":""search_document"",""recorded_at"":""2026-09-06T00:00:00Z"",""semantic_key"":""a10:search:m82546""}"
tables/search_documents.jsonl,57,urn:uuid:7b170d4a-6f6d-5351-a967-02aaabdd4963,search_document,"{""dataset_id"":""urn:uuid:97a5d5e6-c756-5fcf-8b1d-412402caace7"",""id"":""urn:uuid:7b170d4a-6f6d-5351-a967-02aaabdd4963"",""normalized_state"":""published"",""owner_authority_id"":""urn:uuid:7aa2ae30-7716-5b39-a47b-5ac2bdc9f035"",""owner_native_state"":""language_reviewed"",""payload"":{""body_prose_copied"":false,""chapter_title"":""Ekspresi dan Persamaan Rasional"",""label"":""8.3"",""learner_course_url"":""https://zenodo.org/records/22236314/files/00-elementary-algebra-2e-bahasa-indonesia-EA2-C0082-reader.pdf?download=1"",""locale"":""id-ID"",""native_module_id"":""m82534"",""ordinal"":61,""title"":""Menjumlahkan dan Mengurangkan Ekspresi Rasional dengan Penyebut yang Sama"",""unit_id"":""urn:uuid:9d104732-deeb-520b-952d-2578f4b9e835"",""unit_url"":null},""record_type"":""search_document"",""recorded_at"":""2026-09-06T00:00:00Z"",""semantic_key"":""a10:search:m82534""}"
tables/search_documents.jsonl,1,urn:uuid:7c73c769-b438-53a3-89c7-36a255b62c48,search_document,"{""dataset_id"":""urn:uuid:97a5d5e6-c756-5fcf-8b1d-412402caace7"",""id"":""urn:uuid:7c73c769-b438-53a3-89c7-36a255b62c48"",""normalized_state"":""published"",""owner_authority_id"":""urn:uuid:7aa2ae30-7716-5b39-a47b-5ac2bdc9f035"",""owner_native_state"":""language_reviewed"",""payload"":{""body_prose_copied"":false,""chapter_title"":""Dasar-Dasar"",""label"":""Bab 1"",""learner_course_url"":""https://zenodo.org/records/22236314/files/00-elementary-algebra-2e-bahasa-indonesia-EA2-C0082-reader.pdf?download=1"",""locale"":""id-ID"",""native_module_id"":""m82451"",""ordinal"":2,""title"":""Pendahuluan"",""unit_id"":""urn:uuid:0ffcf84b-132d-5245-91d5-50bbd42ce00a"",""unit_url"":null},""record_type"":""search_document"",""recorded_at"":""2026-09-06T00:00:00Z"",""semantic_key"":""a10:search:m82451""}"
tables/search_documents.jsonl,20,urn:uuid:824558c3-169d-5fde-ba61-e4e01a587813,search_document,"{""dataset_id"":""urn:uuid:97a5d5e6-c756-5fcf-8b1d-412402caace7"",""id"":""urn:uuid:824558c3-169d-5fde-ba61-e4e01a587813"",""normalized_state"":""published"",""owner_authority_id"":""urn:uuid:7aa2ae30-7716-5b39-a47b-5ac2bdc9f035"",""owner_native_state"":""language_reviewed"",""payload"":{""body_prose_copied"":false,""chapter_title"":""Model Matematika"",""label"":""Bab 3"",""learner_course_url"":""https://zenodo.org/records/22236314/files/00-elementary-algebra-2e-bahasa-indonesia-EA2-C0082-reader.pdf?download=1"",""locale"":""id-ID"",""native_module_id"":""m82471"",""ordinal"":21,""title"":""Pendahuluan"",""unit_id"":""urn:uuid:18878f6f-af80-5678-9a43-7841dd5b5e95"",""unit_url"":null},""record_type"":""search_document"",""recorded_at"":""2026-09-06T00:00:00Z"",""semantic_key"":""a10:search:m82471""}"
tables/search_documents.jsonl,70,urn:uuid:866a63de-30cd-584a-8464-c576b4192b6b,search_document,"{""dataset_id"":""urn:uuid:97a5d5e6-c756-5fcf-8b1d-412402caace7"",""id"":""urn:uuid:866a63de-30cd-584a-8464-c576b4192b6b"",""normalized_state"":""published"",""owner_authority_id"":""urn:uuid:7aa2ae30-7716-5b39-a47b-5ac2bdc9f035"",""owner_native_state"":""language_reviewed"",""payload"":{""body_prose_copied"":false,""chapter_title"":""Akar dan Bentuk Radikal"",""label"":""9.7"",""learner_course_url"":""https://zenodo.org/records/22236314/files/00-elementary-algebra-2e-bahasa-indonesia-EA2-C0082-reader.pdf?download=1"",""locale"":""id-ID"",""native_module_id"":""m82552"",""ordinal"":75,""title"":""Akar Berindeks Lebih Tinggi"",""unit_id"":""urn:uuid:7ae17e04-bf99-5bd4-bd1b-aa0e4129ff67"",""unit_url"":null},""record_type"":""search_document"",""recorded_at"":""2026-09-06T00:00:00Z"",""semantic_key"":""a10:search:m82552""}"
tables/search_documents.jsonl,48,urn:uuid:87f88b41-3f9c-50fb-9fcc-63c261382b7c,search_document,"{""dataset_id"":""urn:uuid:97a5d5e6-c756-5fcf-8b1d-412402caace7"",""id"":""urn:uuid:87f88b41-3f9c-50fb-9fcc-63c261382b7c"",""normalized_state"":""published"",""owner_authority_id"":""urn:uuid:7aa2ae30-7716-5b39-a47b-5ac2bdc9f035"",""owner_native_state"":""language_reviewed"",""payload"":{""body_prose_copied"":false,""chapter_title"":""Polinomial"",""label"":""6.6"",""learner_course_url"":""https://zenodo.org/records/22236314/files/00-elementary-algebra-2e-bahasa-indonesia-EA2-C0082-reader.pdf?download=1"",""locale"":""id-ID"",""native_module_id"":""m82513"",""ordinal"":49,""title"":""Membagi Polinomial"",""unit_id"":""urn:uuid:6e599efd-1f76-561c-8e85-066e78a80060"",""unit_url"":null},""record_type"":""search_document"",""recorded_at"":""2026-09-06T00:00:00Z"",""semantic_key"":""a10:search:m82513""}"
tables/search_documents.jsonl,43,urn:uuid:8dd7f5a6-f57a-5dbc-871f-f8bae427e54a,search_document,"{""dataset_id"":""urn:uuid:97a5d5e6-c756-5fcf-8b1d-412402caace7"",""id"":""urn:uuid:8dd7f5a6-f57a-5dbc-871f-f8bae427e54a"",""normalized_state"":""published"",""owner_authority_id"":""urn:uuid:7aa2ae30-7716-5b39-a47b-5ac2bdc9f035"",""owner_native_state"":""language_reviewed"",""payload"":{""body_prose_copied"":false,""chapter_title"":""Polinomial"",""label"":""6.1"",""learner_course_url"":""https://zenodo.org/records/22236314/files/00-elementary-algebra-2e-bahasa-indonesia-EA2-C0082-reader.pdf?download=1"",""locale"":""id-ID"",""native_module_id"":""m82501"",""ordinal"":44,""title"":""Menjumlahkan dan Mengurangkan Polinomial"",""unit_id"":""urn:uuid:ec24b26a-8aed-5017-8036-f93a3560dc1f"",""unit_url"":null},""record_type"":""search_document"",""recorded_at"":""2026-09-06T00:00:00Z"",""semantic_key"":""a10:search:m82501""}"
tables/search_documents.jsonl,56,urn:uuid:906b77a8-bef0-5314-b728-c9799ce9e007,search_document,"{""dataset_id"":""urn:uuid:97a5d5e6-c756-5fcf-8b1d-412402caace7"",""id"":""urn:uuid:906b77a8-bef0-5314-b728-c9799ce9e007"",""normalized_state"":""published"",""owner_authority_id"":""urn:uuid:7aa2ae30-7716-5b39-a47b-5ac2bdc9f035"",""owner_native_state"":""language_reviewed"",""payload"":{""body_prose_copied"":false,""chapter_title"":""Ekspresi dan Persamaan Rasional"",""label"":""8.2"",""learner_course_url"":""https://zenodo.org/records/22236314/files/00-elementary-algebra-2e-bahasa-indonesia-EA2-C0082-reader.pdf?download=1"",""locale"":""id-ID"",""native_module_id"":""m82533"",""ordinal"":60,""title"":""Mengalikan dan Membagi Ekspresi Rasional"",""unit_id"":""urn:uuid:17a1095f-ca7c-5140-94a2-8bfef48d2f78"",""unit_url"":null},""record_type"":""search_document"",""recorded_at"":""2026-09-06T00:00:00Z"",""semantic_key"":""a10:search:m82533""}"
tables/search_documents.jsonl,59,urn:uuid:9ce50b3c-2648-5a00-b66c-3b752ddf7f60,search_document,"{""dataset_id"":""urn:uuid:97a5d5e6-c756-5fcf-8b1d-412402caace7"",""id"":""urn:uuid:9ce50b3c-2648-5a00-b66c-3b752ddf7f60"",""normalized_state"":""published"",""owner_authority_id"":""urn:uuid:7aa2ae30-7716-5b39-a47b-5ac2bdc9f035"",""owner_native_state"":""language_reviewed"",""payload"":{""body_prose_copied"":false,""chapter_title"":""Ekspresi dan Persamaan Rasional"",""label"":""8.5"",""learner_course_url"":""https://zenodo.org/records/22236314/files/00-elementary-algebra-2e-bahasa-indonesia-EA2-C0082-reader.pdf?download=1"",""locale"":""id-ID"",""native_module_id"":""m82537"",""ordinal"":63,""title"":""Menyederhanakan Ekspresi Rasional Kompleks"",""unit_id"":""urn:uuid:61100c89-df6e-5275-ac72-8ceb70e712d2"",""unit_url"":null},""record_type"":""search_document"",""recorded_at"":""2026-09-06T00:00:00Z"",""semantic_key"":""a10:search:m82537""}"
tables/search_documents.jsonl,5,urn:uuid:9d7ac146-2f44-55c8-949b-1ca56ded79c4,search_document,"{""dataset_id"":""urn:uuid:97a5d5e6-c756-5fcf-8b1d-412402caace7"",""id"":""urn:uuid:9d7ac146-2f44-55c8-949b-1ca56ded79c4"",""normalized_state"":""published"",""owner_authority_id"":""urn:uuid:7aa2ae30-7716-5b39-a47b-5ac2bdc9f035"",""owner_native_state"":""language_reviewed"",""payload"":{""body_prose_copied"":false,""chapter_title"":""Dasar-Dasar"",""label"":""1.4"",""learner_course_url"":""https://zenodo.org/records/22236314/files/00-elementary-algebra-2e-bahasa-indonesia-EA2-C0082-reader.pdf?download=1"",""locale"":""id-ID"",""native_module_id"":""m82455"",""ordinal"":6,""title"":""Mengalikan dan Membagi Bilangan Bulat"",""unit_id"":""urn:uuid:cfa0c719-15e7-5f14-b807-82712ff330f8"",""unit_url"":null},""record_type"":""search_document"",""recorded_at"":""2026-09-06T00:00:00Z"",""semantic_key"":""a10:search:m82455""}"
tables/search_documents.jsonl,72,urn:uuid:9d8ad174-3f14-52b6-88bb-e2dec30c81d2,search_document,"{""dataset_id"":""urn:uuid:97a5d5e6-c756-5fcf-8b1d-412402caace7"",""id"":""urn:uuid:9d8ad174-3f14-52b6-88bb-e2dec30c81d2"",""normalized_state"":""published"",""owner_authority_id"":""urn:uuid:7aa2ae30-7716-5b39-a47b-5ac2bdc9f035"",""owner_native_state"":""language_reviewed"",""payload"":{""body_prose_copied"":false,""chapter_title"":""Persamaan Kuadrat"",""label"":""Bab 10"",""learner_course_url"":""https://zenodo.org/records/22236314/files/00-elementary-algebra-2e-bahasa-indonesia-EA2-C0082-reader.pdf?download=1"",""locale"":""id-ID"",""native_module_id"":""m82554"",""ordinal"":77,""title"":""Pendahuluan"",""unit_id"":""urn:uuid:9e6b7b22-c59e-5600-a74f-7f6c8e486197"",""unit_url"":null},""record_type"":""search_document"",""recorded_at"":""2026-09-06T00:00:00Z"",""semantic_key"":""a10:search:m82554""}"
tables/search_documents.jsonl,73,urn:uuid:9f5dae8f-52c3-5975-a354-8c8c1e03dce6,search_document,"{""dataset_id"":""urn:uuid:97a5d5e6-c756-5fcf-8b1d-412402caace7"",""id"":""urn:uuid:9f5dae8f-52c3-5975-a354-8c8c1e03dce6"",""normalized_state"":""published"",""owner_authority_id"":""urn:uuid:7aa2ae30-7716-5b39-a47b-5ac2bdc9f035"",""owner_native_state"":""language_reviewed"",""payload"":{""body_prose_copied"":false,""chapter_title"":""Persamaan Kuadrat"",""label"":""10.1"",""learner_course_url"":""https://zenodo.org/records/22236314/files/00-elementary-algebra-2e-bahasa-indonesia-EA2-C0082-reader.pdf?download=1"",""locale"":""id-ID"",""native_module_id"":""m82555"",""ordinal"":78,""title"":""Menyelesaikan Persamaan Kuadrat Menggunakan Sifat Akar Kuadrat"",""unit_id"":""urn:uuid:86a28a15-6c06-542b-b77d-f9ed160e6499"",""unit_url"":null},""record_type"":""search_document"",""recorded_at"":""2026-09-06T00:00:00Z"",""semantic_key"":""a10:search:m82555""}"
tables/search_documents.jsonl,50,urn:uuid:9f959aac-f63c-5f50-9739-3cb065ad2476,search_document,"{""dataset_id"":""urn:uuid:97a5d5e6-c756-5fcf-8b1d-412402caace7"",""id"":""urn:uuid:9f959aac-f63c-5f50-9739-3cb065ad2476"",""normalized_state"":""published"",""owner_authority_id"":""urn:uuid:7aa2ae30-7716-5b39-a47b-5ac2bdc9f035"",""owner_native_state"":""language_reviewed"",""payload"":{""body_prose_copied"":false,""chapter_title"":""Pemfaktoran"",""label"":""7.3"",""learner_course_url"":""https://zenodo.org/records/22236314/files/00-elementary-algebra-2e-bahasa-indonesia-EA2-C0082-reader.pdf?download=1"",""locale"":""id-ID"",""native_module_id"":""m82527"",""ordinal"":54,""title"":""Memfaktorkan Trinomial Berbentuk ax2+bx+c"",""unit_id"":""urn:uuid:e445653a-4f06-5a79-85c6-4cc598917464"",""unit_url"":null},""record_type"":""search_document"",""recorded_at"":""2026-09-06T00:00:00Z"",""semantic_key"":""a10:search:m82527""}"
tables/search_documents.jsonl,13,urn:uuid:9fbf610e-b041-5527-9f75-1bfd03f84df5,search_document,"{""dataset_id"":""urn:uuid:97a5d5e6-c756-5fcf-8b1d-412402caace7"",""id"":""urn:uuid:9fbf610e-b041-5527-9f75-1bfd03f84df5"",""normalized_state"":""published"",""owner_authority_id"":""urn:uuid:7aa2ae30-7716-5b39-a47b-5ac2bdc9f035"",""owner_native_state"":""language_reviewed"",""payload"":{""body_prose_copied"":false,""chapter_title"":""Menyelesaikan Persamaan dan Pertidaksamaan Linear"",""label"":""2.1"",""learner_course_url"":""https://zenodo.org/records/22236314/files/00-elementary-algebra-2e-bahasa-indonesia-EA2-C0082-reader.pdf?download=1"",""locale"":""id-ID"",""native_module_id"":""m82463"",""ordinal"":14,""title"":""Menyelesaikan Persamaan Menggunakan Sifat Pengurangan dan Penjumlahan pada Kesamaan"",""unit_id"":""urn:uuid:c8d398a3-6fbe-56bc-a033-3d0abec57814"",""unit_url"":null},""record_type"":""search_document"",""recorded_at"":""2026-09-06T00:00:00Z"",""semantic_key"":""a10:search:m82463""}"
tables/search_documents.jsonl,69,urn:uuid:a1421f9c-439d-5188-ba17-0c618e97de3e,search_document,"{""dataset_id"":""urn:uuid:97a5d5e6-c756-5fcf-8b1d-412402caace7"",""id"":""urn:uuid:a1421f9c-439d-5188-ba17-0c618e97de3e"",""normalized_state"":""published"",""owner_authority_id"":""urn:uuid:7aa2ae30-7716-5b39-a47b-5ac2bdc9f035"",""owner_native_state"":""language_reviewed"",""payload"":{""body_prose_copied"":false,""chapter_title"":""Akar dan Bentuk Radikal"",""label"":""9.6"",""learner_course_url"":""https://zenodo.org/records/22236314/files/00-elementary-algebra-2e-bahasa-indonesia-EA2-C0082-reader.pdf?download=1"",""locale"":""id-ID"",""native_module_id"":""m82551"",""ordinal"":74,""title"":""Menyelesaikan Persamaan dengan Akar Kuadrat"",""unit_id"":""urn:uuid:5a99e7a3-7453-5fa2-98b1-16e2bc1e3fb2"",""unit_url"":null},""record_type"":""search_document"",""recorded_at"":""2026-09-06T00:00:00Z"",""semantic_key"":""a10:search:m82551""}"
tables/search_documents.jsonl,51,urn:uuid:a3870543-7558-5e0c-99f8-616deae06156,search_document,"{""dataset_id"":""urn:uuid:97a5d5e6-c756-5fcf-8b1d-412402caace7"",""id"":""urn:uuid:a3870543-7558-5e0c-99f8-616deae06156"",""normalized_state"":""published"",""owner_authority_id"":""urn:uuid:7aa2ae30-7716-5b39-a47b-5ac2bdc9f035"",""owner_native_state"":""language_reviewed"",""payload"":{""body_prose_copied"":false,""chapter_title"":""Pemfaktoran"",""label"":""7.4"",""learner_course_url"":""https://zenodo.org/records/22236314/files/00-elementary-algebra-2e-bahasa-indonesia-EA2-C0082-reader.pdf?download=1"",""locale"":""id-ID"",""native_module_id"":""m82528"",""ordinal"":55,""title"":""Memfaktorkan Hasil Kali Istimewa"",""unit_id"":""urn:uuid:be937f6e-c279-5196-9322-b473531f28dc"",""unit_url"":null},""record_type"":""search_document"",""recorded_at"":""2026-09-06T00:00:00Z"",""semantic_key"":""a10:search:m82528""}"
tables/search_documents.jsonl,12,urn:uuid:a6237e52-282a-5f22-abd4-cafef99a6969,search_document,"{""dataset_id"":""urn:uuid:97a5d5e6-c756-5fcf-8b1d-412402caace7"",""id"":""urn:uuid:a6237e52-282a-5f22-abd4-cafef99a6969"",""normalized_state"":""published"",""owner_authority_id"":""urn:uuid:7aa2ae30-7716-5b39-a47b-5ac2bdc9f035"",""owner_native_state"":""language_reviewed"",""payload"":{""body_prose_copied"":false,""chapter_title"":""Menyelesaikan Persamaan dan Pertidaksamaan Linear"",""label"":""Bab 2"",""learner_course_url"":""https://zenodo.org/records/22236314/files/00-elementary-algebra-2e-bahasa-indonesia-EA2-C0082-reader.pdf?download=1"",""locale"":""id-ID"",""native_module_id"":""m82462"",""ordinal"":13,""title"":""Pendahuluan"",""unit_id"":""urn:uuid:a16ddaa1-8382-5a8f-93e5-de8e3fc3b20b"",""unit_url"":null},""record_type"":""search_document"",""recorded_at"":""2026-09-06T00:00:00Z"",""semantic_key"":""a10:search:m82462""}"
tables/search_documents.jsonl,47,urn:uuid:a95f8568-c44b-5c48-8a9e-78057e7bbd76,search_document,"{""dataset_id"":""urn:uuid:97a5d5e6-c756-5fcf-8b1d-412402caace7"",""id"":""urn:uuid:a95f8568-c44b-5c48-8a9e-78057e7bbd76"",""normalized_state"":""published"",""owner_authority_id"":""urn:uuid:7aa2ae30-7716-5b39-a47b-5ac2bdc9f035"",""owner_native_state"":""language_reviewed"",""payload"":{""body_prose_copied"":false,""chapter_title"":""Polinomial"",""label"":""6.5"",""learner_course_url"":""https://zenodo.org/records/22236314/files/00-elementary-algebra-2e-bahasa-indonesia-EA2-C0082-reader.pdf?download=1"",""locale"":""id-ID"",""native_module_id"":""m82509"",""ordinal"":48,""title"":""Membagi Monomial"",""unit_id"":""urn:uuid:451d3f38-8d1e-5635-a540-da7c4b53fcb5"",""unit_url"":null},""record_type"":""search_document"",""recorded_at"":""2026-09-06T00:00:00Z"",""semantic_key"":""a10:search:m82509""}"
tables/search_documents.jsonl,18,urn:uuid:ac676b4b-dab8-522e-ac2c-748850485357,search_document,"{""dataset_id"":""urn:uuid:97a5d5e6-c756-5fcf-8b1d-412402caace7"",""id"":""urn:uuid:ac676b4b-dab8-522e-ac2c-748850485357"",""normalized_state"":""published"",""owner_authority_id"":""urn:uuid:7aa2ae30-7716-5b39-a47b-5ac2bdc9f035"",""owner_native_state"":""language_reviewed"",""payload"":{""body_prose_copied"":false,""chapter_title"":""Menyelesaikan Persamaan dan Pertidaksamaan Linear"",""label"":""2.6"",""learner_course_url"":""https://zenodo.org/records/22236314/files/00-elementary-algebra-2e-bahasa-indonesia-EA2-C0082-reader.pdf?download=1"",""locale"":""id-ID"",""native_module_id"":""m82469"",""ordinal"":19,""title"":""Menyelesaikan Rumus untuk Variabel Tertentu"",""unit_id"":""urn:uuid:a66e374d-372e-52fb-bbde-8da11aea1a90"",""unit_url"":null},""record_type"":""search_document"",""recorded_at"":""2026-09-06T00:00:00Z"",""semantic_key"":""a10:search:m82469""}"
tables/search_documents.jsonl,17,urn:uuid:b4bb5707-cd51-5a9d-810f-1760e446a2cd,search_document,"{""dataset_id"":""urn:uuid:97a5d5e6-c756-5fcf-8b1d-412402caace7"",""id"":""urn:uuid:b4bb5707-cd51-5a9d-810f-1760e446a2cd"",""normalized_state"":""published"",""owner_authority_id"":""urn:uuid:7aa2ae30-7716-5b39-a47b-5ac2bdc9f035"",""owner_native_state"":""language_reviewed"",""payload"":{""body_prose_copied"":false,""chapter_title"":""Menyelesaikan Persamaan dan Pertidaksamaan Linear"",""label"":""2.5"",""learner_course_url"":""https://zenodo.org/records/22236314/files/00-elementary-algebra-2e-bahasa-indonesia-EA2-C0082-reader.pdf?download=1"",""locale"":""id-ID"",""native_module_id"":""m82468"",""ordinal"":18,""title"":""Menyelesaikan Persamaan dengan Koefisien Pecahan atau Desimal"",""unit_id"":""urn:uuid:c6001bb0-e090-58da-9dbe-04fc98a1a9ac"",""unit_url"":null},""record_type"":""search_document"",""recorded_at"":""2026-09-06T00:00:00Z"",""semantic_key"":""a10:search:m82468""}"
tables/search_documents.jsonl,53,urn:uuid:b617eb33-30a3-5608-9c4e-d890928a6c75,search_document,"{""dataset_id"":""urn:uuid:97a5d5e6-c756-5fcf-8b1d-412402caace7"",""id"":""urn:uuid:b617eb33-30a3-5608-9c4e-d890928a6c75"",""normalized_state"":""published"",""owner_authority_id"":""urn:uuid:7aa2ae30-7716-5b39-a47b-5ac2bdc9f035"",""owner_native_state"":""language_reviewed"",""payload"":{""body_prose_copied"":false,""chapter_title"":""Pemfaktoran"",""label"":""7.6"",""learner_course_url"":""https://zenodo.org/records/22236314/files/00-elementary-algebra-2e-bahasa-indonesia-EA2-C0082-reader.pdf?download=1"",""locale"":""id-ID"",""native_module_id"":""m82530"",""ordinal"":57,""title"":""Persamaan Kuadrat"",""unit_id"":""urn:uuid:673aaa87-0271-5888-9eae-8a5f20155db7"",""unit_url"":null},""record_type"":""search_document"",""recorded_at"":""2026-09-06T00:00:00Z"",""semantic_key"":""a10:search:m82530""}"
tables/search_documents.jsonl,77,urn:uuid:c4d3c186-7c07-536c-9f53-71e0c9b3d5ba,search_document,"{""dataset_id"":""urn:uuid:97a5d5e6-c756-5fcf-8b1d-412402caace7"",""id"":""urn:uuid:c4d3c186-7c07-536c-9f53-71e0c9b3d5ba"",""normalized_state"":""published"",""owner_authority_id"":""urn:uuid:7aa2ae30-7716-5b39-a47b-5ac2bdc9f035"",""owner_native_state"":""language_reviewed"",""payload"":{""body_prose_copied"":false,""chapter_title"":""Persamaan Kuadrat"",""label"":""10.5"",""learner_course_url"":""https://zenodo.org/records/22236314/files/00-elementary-algebra-2e-bahasa-indonesia-EA2-C0082-reader.pdf?download=1"",""locale"":""id-ID"",""native_module_id"":""m82559"",""ordinal"":82,""title"":""Menggambar Grafik Persamaan Kuadrat dalam Dua Variabel"",""unit_id"":""urn:uuid:bea45432-16c8-56df-bbcf-aaf42055865a"",""unit_url"":null},""record_type"":""search_document"",""recorded_at"":""2026-09-06T00:00:00Z"",""semantic_key"":""a10:search:m82559""}"
tables/search_documents.jsonl,10,urn:uuid:c91e7a2d-afbd-585c-8721-e207b47c9ff4,search_document,"{""dataset_id"":""urn:uuid:97a5d5e6-c756-5fcf-8b1d-412402caace7"",""id"":""urn:uuid:c91e7a2d-afbd-585c-8721-e207b47c9ff4"",""normalized_state"":""published"",""owner_authority_id"":""urn:uuid:7aa2ae30-7716-5b39-a47b-5ac2bdc9f035"",""owner_native_state"":""language_reviewed"",""payload"":{""body_prose_copied"":false,""chapter_title"":""Dasar-Dasar"",""label"":""1.9"",""learner_course_url"":""https://zenodo.org/records/22236314/files/00-elementary-algebra-2e-bahasa-indonesia-EA2-C0082-reader.pdf?download=1"",""locale"":""id-ID"",""native_module_id"":""m82460"",""ordinal"":11,""title"":""Sifat-Sifat Bilangan Real"",""unit_id"":""urn:uuid:db2dbd7c-03d1-5d31-a832-6c22f6d1331c"",""unit_url"":null},""record_type"":""search_document"",""recorded_at"":""2026-09-06T00:00:00Z"",""semantic_key"":""a10:search:m82460""}"
tables/search_documents.jsonl,79,urn:uuid:ca85a37e-ac90-5efa-9156-8c55acabb5a5,search_document,"{""dataset_id"":""urn:uuid:97a5d5e6-c756-5fcf-8b1d-412402caace7"",""id"":""urn:uuid:ca85a37e-ac90-5efa-9156-8c55acabb5a5"",""normalized_state"":""published"",""owner_authority_id"":""urn:uuid:7aa2ae30-7716-5b39-a47b-5ac2bdc9f035"",""owner_native_state"":""language_reviewed"",""payload"":{""body_prose_copied"":false,""chapter_title"":""Pemfaktoran"",""label"":""Bab 7"",""learner_course_url"":""https://zenodo.org/records/22236314/files/00-elementary-algebra-2e-bahasa-indonesia-EA2-C0082-reader.pdf?download=1"",""locale"":""id-ID"",""native_module_id"":""m82561"",""ordinal"":51,""title"":""Pendahuluan"",""unit_id"":""urn:uuid:83ae39ef-05c7-5a8f-9238-ba28179b33d2"",""unit_url"":null},""record_type"":""search_document"",""recorded_at"":""2026-09-06T00:00:00Z"",""semantic_key"":""a10:search:m82561""}"
tables/search_documents.jsonl,64,urn:uuid:cb320d52-90ef-51eb-878a-111eb03419b6,search_document,"{""dataset_id"":""urn:uuid:97a5d5e6-c756-5fcf-8b1d-412402caace7"",""id"":""urn:uuid:cb320d52-90ef-51eb-878a-111eb03419b6"",""normalized_state"":""published"",""owner_authority_id"":""urn:uuid:7aa2ae30-7716-5b39-a47b-5ac2bdc9f035"",""owner_native_state"":""language_reviewed"",""payload"":{""body_prose_copied"":false,""chapter_title"":""Akar dan Bentuk Radikal"",""label"":""9.1"",""learner_course_url"":""https://zenodo.org/records/22236314/files/00-elementary-algebra-2e-bahasa-indonesia-EA2-C0082-reader.pdf?download=1"",""locale"":""id-ID"",""native_module_id"":""m82545"",""ordinal"":69,""title"":""Menyederhanakan dan Menggunakan Akar Kuadrat"",""unit_id"":""urn:uuid:d647a6ea-657f-5fdb-b81f-781172a7df89"",""unit_url"":null},""record_type"":""search_document"",""recorded_at"":""2026-09-06T00:00:00Z"",""semantic_key"":""a10:search:m82545""}"
tables/search_documents.jsonl,9,urn:uuid:cbf47651-cdfe-54cb-bf92-0fbb6b8427fd,search_document,"{""dataset_id"":""urn:uuid:97a5d5e6-c756-5fcf-8b1d-412402caace7"",""id"":""urn:uuid:cbf47651-cdfe-54cb-bf92-0fbb6b8427fd"",""normalized_state"":""published"",""owner_authority_id"":""urn:uuid:7aa2ae30-7716-5b39-a47b-5ac2bdc9f035"",""owner_native_state"":""language_reviewed"",""payload"":{""body_prose_copied"":false,""chapter_title"":""Dasar-Dasar"",""label"":""1.8"",""learner_course_url"":""https://zenodo.org/records/22236314/files/00-elementary-algebra-2e-bahasa-indonesia-EA2-C0082-reader.pdf?download=1"",""locale"":""id-ID"",""native_module_id"":""m82459"",""ordinal"":10,""title"":""Bilangan Real"",""unit_id"":""urn:uuid:74afde90-4a7c-5faa-b959-ab847bc7d271"",""unit_url"":null},""record_type"":""search_document"",""recorded_at"":""2026-09-06T00:00:00Z"",""semantic_key"":""a10:search:m82459""}"
tables/search_documents.jsonl,46,urn:uuid:d571784f-2095-53b7-af84-ead9171b6ee0,search_document,"{""dataset_id"":""urn:uuid:97a5d5e6-c756-5fcf-8b1d-412402caace7"",""id"":""urn:uuid:d571784f-2095-53b7-af84-ead9171b6ee0"",""normalized_state"":""published"",""owner_authority_id"":""urn:uuid:7aa2ae30-7716-5b39-a47b-5ac2bdc9f035"",""owner_native_state"":""language_reviewed"",""payload"":{""body_prose_copied"":false,""chapter_title"":""Polinomial"",""label"":""6.4"",""learner_course_url"":""https://zenodo.org/records/22236314/files/00-elementary-algebra-2e-bahasa-indonesia-EA2-C0082-reader.pdf?download=1"",""locale"":""id-ID"",""native_module_id"":""m82508"",""ordinal"":47,""title"":""Hasil Kali Istimewa"",""unit_id"":""urn:uuid:64bb8a0d-da3c-56c2-9336-87354b0bc173"",""unit_url"":null},""record_type"":""search_document"",""recorded_at"":""2026-09-06T00:00:00Z"",""semantic_key"":""a10:search:m82508""}"
tables/search_documents.jsonl,2,urn:uuid:d6b47b0f-6e81-5aba-be16-5dcdf413ff99,search_document,"{""dataset_id"":""urn:uuid:97a5d5e6-c756-5fcf-8b1d-412402caace7"",""id"":""urn:uuid:d6b47b0f-6e81-5aba-be16-5dcdf413ff99"",""normalized_state"":""published"",""owner_authority_id"":""urn:uuid:7aa2ae30-7716-5b39-a47b-5ac2bdc9f035"",""owner_native_state"":""language_reviewed"",""payload"":{""body_prose_copied"":false,""chapter_title"":""Dasar-Dasar"",""label"":""1.1"",""learner_course_url"":""https://zenodo.org/records/22236314/files/00-elementary-algebra-2e-bahasa-indonesia-EA2-C0082-reader.pdf?download=1"",""locale"":""id-ID"",""native_module_id"":""m82452"",""ordinal"":3,""title"":""Pengantar Bilangan Cacah"",""unit_id"":""urn:uuid:20941cb5-b8b2-5d84-9466-081ed71894fe"",""unit_url"":null},""record_type"":""search_document"",""recorded_at"":""2026-09-06T00:00:00Z"",""semantic_key"":""a10:search:m82452""}"
tables/search_documents.jsonl,25,urn:uuid:d91d25dd-da4a-5ee2-92a5-d03850744f31,search_document,"{""dataset_id"":""urn:uuid:97a5d5e6-c756-5fcf-8b1d-412402caace7"",""id"":""urn:uuid:d91d25dd-da4a-5ee2-92a5-d03850744f31"",""normalized_state"":""published"",""owner_authority_id"":""urn:uuid:7aa2ae30-7716-5b39-a47b-5ac2bdc9f035"",""owner_native_state"":""language_reviewed"",""payload"":{""body_prose_copied"":false,""chapter_title"":""Model Matematika"",""label"":""3.5"",""learner_course_url"":""https://zenodo.org/records/22236314/files/00-elementary-algebra-2e-bahasa-indonesia-EA2-C0082-reader.pdf?download=1"",""locale"":""id-ID"",""native_module_id"":""m82477"",""ordinal"":26,""title"":""Menyelesaikan Penerapan Gerak Beraturan"",""unit_id"":""urn:uuid:2236cb36-cbea-53d7-b000-02a8bf6c6bca"",""unit_url"":null},""record_type"":""search_document"",""recorded_at"":""2026-09-06T00:00:00Z"",""semantic_key"":""a10:search:m82477""}"
tables/search_documents.jsonl,45,urn:uuid:da314cc4-3100-5101-9e43-5b38d63feb5a,search_document,"{""dataset_id"":""urn:uuid:97a5d5e6-c756-5fcf-8b1d-412402caace7"",""id"":""urn:uuid:da314cc4-3100-5101-9e43-5b38d63feb5a"",""normalized_state"":""published"",""owner_authority_id"":""urn:uuid:7aa2ae30-7716-5b39-a47b-5ac2bdc9f035"",""owner_native_state"":""language_reviewed"",""payload"":{""body_prose_copied"":false,""chapter_title"":""Polinomial"",""label"":""6.3"",""learner_course_url"":""https://zenodo.org/records/22236314/files/00-elementary-algebra-2e-bahasa-indonesia-EA2-C0082-reader.pdf?download=1"",""locale"":""id-ID"",""native_module_id"":""m82507"",""ordinal"":46,""title"":""Mengalikan Polinomial"",""unit_id"":""urn:uuid:710de277-f863-55ee-ab65-0ed6e8a6156a"",""unit_url"":null},""record_type"":""search_document"",""recorded_at"":""2026-09-06T00:00:00Z"",""semantic_key"":""a10:search:m82507""}"
tables/search_documents.jsonl,21,urn:uuid:dc9c5a63-2d02-5fc3-8f5d-f7f454ed1649,search_document,"{""dataset_id"":""urn:uuid:97a5d5e6-c756-5fcf-8b1d-412402caace7"",""id"":""urn:uuid:dc9c5a63-2d02-5fc3-8f5d-f7f454ed1649"",""normalized_state"":""published"",""owner_authority_id"":""urn:uuid:7aa2ae30-7716-5b39-a47b-5ac2bdc9f035"",""owner_native_state"":""language_reviewed"",""payload"":{""body_prose_copied"":false,""chapter_title"":""Model Matematika"",""label"":""3.1"",""learner_course_url"":""https://zenodo.org/records/22236314/files/00-elementary-algebra-2e-bahasa-indonesia-EA2-C0082-reader.pdf?download=1"",""locale"":""id-ID"",""native_module_id"":""m82472"",""ordinal"":22,""title"":""Menggunakan Strategi Pemecahan Masalah"",""unit_id"":""urn:uuid:1f664893-dca1-5546-9c1c-9814f93229f3"",""unit_url"":null},""record_type"":""search_document"",""recorded_at"":""2026-09-06T00:00:00Z"",""semantic_key"":""a10:search:m82472""}"
tables/search_documents.jsonl,66,urn:uuid:dcdd44c5-d633-58e8-8535-158e238dce6c,search_document,"{""dataset_id"":""urn:uuid:97a5d5e6-c756-5fcf-8b1d-412402caace7"",""id"":""urn:uuid:dcdd44c5-d633-58e8-8535-158e238dce6c"",""normalized_state"":""published"",""owner_authority_id"":""urn:uuid:7aa2ae30-7716-5b39-a47b-5ac2bdc9f035"",""owner_native_state"":""language_reviewed"",""payload"":{""body_prose_copied"":false,""chapter_title"":""Akar dan Bentuk Radikal"",""label"":""9.3"",""learner_course_url"":""https://zenodo.org/records/22236314/files/00-elementary-algebra-2e-bahasa-indonesia-EA2-C0082-reader.pdf?download=1"",""locale"":""id-ID"",""native_module_id"":""m82547"",""ordinal"":71,""title"":""Menjumlahkan dan Mengurangkan Akar Kuadrat"",""unit_id"":""urn:uuid:355403c8-559f-57e6-be7c-4c2b7ceb0b01"",""unit_url"":null},""record_type"":""search_document"",""recorded_at"":""2026-09-06T00:00:00Z"",""semantic_key"":""a10:search:m82547""}"
tables/search_documents.jsonl,31,urn:uuid:e025777b-bf9e-570c-a310-3b8e58f06af1,search_document,"{""dataset_id"":""urn:uuid:97a5d5e6-c756-5fcf-8b1d-412402caace7"",""id"":""urn:uuid:e025777b-bf9e-570c-a310-3b8e58f06af1"",""normalized_state"":""published"",""owner_authority_id"":""urn:uuid:7aa2ae30-7716-5b39-a47b-5ac2bdc9f035"",""owner_native_state"":""language_reviewed"",""payload"":{""body_prose_copied"":false,""chapter_title"":""Grafik"",""label"":""4.4"",""learner_course_url"":""https://zenodo.org/records/22236314/files/00-elementary-algebra-2e-bahasa-indonesia-EA2-C0082-reader.pdf?download=1"",""locale"":""id-ID"",""native_module_id"":""m82483"",""ordinal"":32,""title"":""Memahami Gradien Garis"",""unit_id"":""urn:uuid:6af1b6ab-65ea-5418-a14d-c7687efbaef8"",""unit_url"":null},""record_type"":""search_document"",""recorded_at"":""2026-09-06T00:00:00Z"",""semantic_key"":""a10:search:m82483""}"
tables/search_documents.jsonl,30,urn:uuid:e20e3aa4-feac-5037-94b2-929efe87a05d,search_document,"{""dataset_id"":""urn:uuid:97a5d5e6-c756-5fcf-8b1d-412402caace7"",""id"":""urn:uuid:e20e3aa4-feac-5037-94b2-929efe87a05d"",""normalized_state"":""published"",""owner_authority_id"":""urn:uuid:7aa2ae30-7716-5b39-a47b-5ac2bdc9f035"",""owner_native_state"":""language_reviewed"",""payload"":{""body_prose_copied"":false,""chapter_title"":""Grafik"",""label"":""4.3"",""learner_course_url"":""https://zenodo.org/records/22236314/files/00-elementary-algebra-2e-bahasa-indonesia-EA2-C0082-reader.pdf?download=1"",""locale"":""id-ID"",""native_module_id"":""m82482"",""ordinal"":31,""title"":""Menggambar Grafik Menggunakan Titik Potong Sumbu"",""unit_id"":""urn:uuid:d75ac988-b9d3-5541-b495-807466bd8d71"",""unit_url"":null},""record_type"":""search_document"",""recorded_at"":""2026-09-06T00:00:00Z"",""semantic_key"":""a10:search:m82482""}"
tables/search_documents.jsonl,52,urn:uuid:e2b53f43-04ea-55a9-9b2b-5554765e8f47,search_document,"{""dataset_id"":""urn:uuid:97a5d5e6-c756-5fcf-8b1d-412402caace7"",""id"":""urn:uuid:e2b53f43-04ea-55a9-9b2b-5554765e8f47"",""normalized_state"":""published"",""owner_authority_id"":""urn:uuid:7aa2ae30-7716-5b39-a47b-5ac2bdc9f035"",""owner_native_state"":""language_reviewed"",""payload"":{""body_prose_copied"":false,""chapter_title"":""Pemfaktoran"",""label"":""7.5"",""learner_course_url"":""https://zenodo.org/records/22236314/files/00-elementary-algebra-2e-bahasa-indonesia-EA2-C0082-reader.pdf?download=1"",""locale"":""id-ID"",""native_module_id"":""m82529"",""ordinal"":56,""title"":""Strategi Umum untuk Memfaktorkan Polinomial"",""unit_id"":""urn:uuid:f1fbb460-65fe-5812-90c9-346f4312ef0a"",""unit_url"":null},""record_type"":""search_document"",""recorded_at"":""2026-09-06T00:00:00Z"",""semantic_key"":""a10:search:m82529""}"
tables/search_documents.jsonl,49,urn:uuid:e7c0349c-a2aa-5539-a3b7-c7fb7f6c8276,search_document,"{""dataset_id"":""urn:uuid:97a5d5e6-c756-5fcf-8b1d-412402caace7"",""id"":""urn:uuid:e7c0349c-a2aa-5539-a3b7-c7fb7f6c8276"",""normalized_state"":""published"",""owner_authority_id"":""urn:uuid:7aa2ae30-7716-5b39-a47b-5ac2bdc9f035"",""owner_native_state"":""language_reviewed"",""payload"":{""body_prose_copied"":false,""chapter_title"":""Polinomial"",""label"":""6.7"",""learner_course_url"":""https://zenodo.org/records/22236314/files/00-elementary-algebra-2e-bahasa-indonesia-EA2-C0082-reader.pdf?download=1"",""locale"":""id-ID"",""native_module_id"":""m82514"",""ordinal"":50,""title"":""Eksponen Bilangan Bulat dan Notasi Ilmiah"",""unit_id"":""urn:uuid:85cc5962-adcd-5960-8634-70dab0b8f133"",""unit_url"":null},""record_type"":""search_document"",""recorded_at"":""2026-09-06T00:00:00Z"",""semantic_key"":""a10:search:m82514""}"
tables/search_documents.jsonl,29,urn:uuid:e7e414cd-e15e-5306-a75a-1d5193537ee3,search_document,"{""dataset_id"":""urn:uuid:97a5d5e6-c756-5fcf-8b1d-412402caace7"",""id"":""urn:uuid:e7e414cd-e15e-5306-a75a-1d5193537ee3"",""normalized_state"":""published"",""owner_authority_id"":""urn:uuid:7aa2ae30-7716-5b39-a47b-5ac2bdc9f035"",""owner_native_state"":""language_reviewed"",""payload"":{""body_prose_copied"":false,""chapter_title"":""Grafik"",""label"":""4.2"",""learner_course_url"":""https://zenodo.org/records/22236314/files/00-elementary-algebra-2e-bahasa-indonesia-EA2-C0082-reader.pdf?download=1"",""locale"":""id-ID"",""native_module_id"":""m82481"",""ordinal"":30,""title"":""Menggambar Grafik Persamaan Linear Dua Variabel"",""unit_id"":""urn:uuid:465745c2-3464-57d9-bdef-99ad1489e99d"",""unit_url"":null},""record_type"":""search_document"",""recorded_at"":""2026-09-06T00:00:00Z"",""semantic_key"":""a10:search:m82481""}"
tables/search_documents.jsonl,61,urn:uuid:e8be2e21-ee3c-538d-a43e-ac56f845e470,search_document,"{""dataset_id"":""urn:uuid:97a5d5e6-c756-5fcf-8b1d-412402caace7"",""id"":""urn:uuid:e8be2e21-ee3c-538d-a43e-ac56f845e470"",""normalized_state"":""published"",""owner_authority_id"":""urn:uuid:7aa2ae30-7716-5b39-a47b-5ac2bdc9f035"",""owner_native_state"":""language_reviewed"",""payload"":{""body_prose_copied"":false,""chapter_title"":""Ekspresi dan Persamaan Rasional"",""label"":""8.7"",""learner_course_url"":""https://zenodo.org/records/22236314/files/00-elementary-algebra-2e-bahasa-indonesia-EA2-C0082-reader.pdf?download=1"",""locale"":""id-ID"",""native_module_id"":""m82539"",""ordinal"":65,""title"":""Menyelesaikan Soal Penerapan Proporsi dan Bangun-Bangun Sebangun"",""unit_id"":""urn:uuid:0fdf7e0f-ffb5-569b-bc58-042f63f8a8d3"",""unit_url"":null},""record_type"":""search_document"",""recorded_at"":""2026-09-06T00:00:00Z"",""semantic_key"":""a10:search:m82539""}"
tables/search_documents.jsonl,62,urn:uuid:ed65d3c2-a878-5af2-80d8-2edb5210d7e1,search_document,"{""dataset_id"":""urn:uuid:97a5d5e6-c756-5fcf-8b1d-412402caace7"",""id"":""urn:uuid:ed65d3c2-a878-5af2-80d8-2edb5210d7e1"",""normalized_state"":""published"",""owner_authority_id"":""urn:uuid:7aa2ae30-7716-5b39-a47b-5ac2bdc9f035"",""owner_native_state"":""language_reviewed"",""payload"":{""body_prose_copied"":false,""chapter_title"":""Ekspresi dan Persamaan Rasional"",""label"":""8.8"",""learner_course_url"":""https://zenodo.org/records/22236314/files/00-elementary-algebra-2e-bahasa-indonesia-EA2-C0082-reader.pdf?download=1"",""locale"":""id-ID"",""native_module_id"":""m82543"",""ordinal"":66,""title"":""Menyelesaikan Soal Penerapan Gerak dengan Laju Tetap dan Kerja"",""unit_id"":""urn:uuid:71c7a5a8-3019-5ce9-ba3e-106f1147999a"",""unit_url"":null},""record_type"":""search_document"",""recorded_at"":""2026-09-06T00:00:00Z"",""semantic_key"":""a10:search:m82543""}"
tables/search_documents.jsonl,6,urn:uuid:fb0cc133-ad1f-5011-8c7f-8648f321282c,search_document,"{""dataset_id"":""urn:uuid:97a5d5e6-c756-5fcf-8b1d-412402caace7"",""id"":""urn:uuid:fb0cc133-ad1f-5011-8c7f-8648f321282c"",""normalized_state"":""published"",""owner_authority_id"":""urn:uuid:7aa2ae30-7716-5b39-a47b-5ac2bdc9f035"",""owner_native_state"":""language_reviewed"",""payload"":{""body_prose_copied"":false,""chapter_title"":""Dasar-Dasar"",""label"":""1.5"",""learner_course_url"":""https://zenodo.org/records/22236314/files/00-elementary-algebra-2e-bahasa-indonesia-EA2-C0082-reader.pdf?download=1"",""locale"":""id-ID"",""native_module_id"":""m82456"",""ordinal"":7,""title"":""Memvisualisasikan Pecahan"",""unit_id"":""urn:uuid:bbe47adf-c606-5eb6-9e22-afce7e42f9b1"",""unit_url"":null},""record_type"":""search_document"",""recorded_at"":""2026-09-06T00:00:00Z"",""semantic_key"":""a10:search:m82456""}"
tables/units.jsonl,28,urn:uuid:0034827b-fa0e-5d4f-9b2e-5caec9b92930,unit,"{""dataset_id"":""urn:uuid:97a5d5e6-c756-5fcf-8b1d-412402caace7"",""id"":""urn:uuid:0034827b-fa0e-5d4f-9b2e-5caec9b92930"",""normalized_state"":""published"",""owner_authority_id"":""urn:uuid:7aa2ae30-7716-5b39-a47b-5ac2bdc9f035"",""owner_native_state"":""language_reviewed"",""payload"":{""body_prose_copied"":false,""chapter_start"":false,""chapter_title"":""Grafik"",""course_id"":""urn:uuid:c2a0d387-a544-54ca-9b89-6d654a9bc200"",""edition_id"":""urn:uuid:9261c927-eace-5bda-b703-609e4a237e5f"",""label"":""4.1"",""learner_course_url"":""https://zenodo.org/records/22236314/files/00-elementary-algebra-2e-bahasa-indonesia-EA2-C0082-reader.pdf?download=1"",""learner_route_state"":""course_link_only"",""native_module_id"":""m82480"",""native_translation_state"":""language_reviewed"",""ordinal"":29,""owner_source_bytes"":207776,""owner_source_path"":""work/translated-modules/m82480/index.cnxml"",""owner_source_sha256"":""de209b47d38e3ef6c26c6dfa3844afe9da3fe39e3c46c5777d1f6d4eb0569a1e"",""title"":""Menggunakan Sistem Koordinat Kartesius"",""unit_url"":null},""record_type"":""unit"",""recorded_at"":""2026-09-06T00:00:00Z"",""semantic_key"":""a10:module:m82480""}"
tables/units.jsonl,14,urn:uuid:00d5ee81-a2ab-5885-b01d-4416ea5a1d1a,unit,"{""dataset_id"":""urn:uuid:97a5d5e6-c756-5fcf-8b1d-412402caace7"",""id"":""urn:uuid:00d5ee81-a2ab-5885-b01d-4416ea5a1d1a"",""normalized_state"":""published"",""owner_authority_id"":""urn:uuid:7aa2ae30-7716-5b39-a47b-5ac2bdc9f035"",""owner_native_state"":""language_reviewed"",""payload"":{""body_prose_copied"":false,""chapter_start"":false,""chapter_title"":""Menyelesaikan Persamaan dan Pertidaksamaan Linear"",""course_id"":""urn:uuid:c2a0d387-a544-54ca-9b89-6d654a9bc200"",""edition_id"":""urn:uuid:9261c927-eace-5bda-b703-609e4a237e5f"",""label"":""2.2"",""learner_course_url"":""https://zenodo.org/records/22236314/files/00-elementary-algebra-2e-bahasa-indonesia-EA2-C0082-reader.pdf?download=1"",""learner_route_state"":""course_link_only"",""native_module_id"":""m82464"",""native_translation_state"":""language_reviewed"",""ordinal"":15,""owner_source_bytes"":120955,""owner_source_path"":""work/translated-modules/m82464/index.cnxml"",""owner_source_sha256"":""e2f898bef5a31ad7d4626db53207cc05ea0863103f820b28914800570d8e2d94"",""title"":""Menyelesaikan Persamaan dengan Sifat Pembagian dan Perkalian pada Kesamaan"",""unit_url"":null},""record_type"":""unit"",""recorded_at"":""2026-09-06T00:00:00Z"",""semantic_key"":""a10:module:m82464""}"
tables/units.jsonl,15,urn:uuid:02fbb38d-cde4-5027-8de7-9f6b142b4e55,unit,"{""dataset_id"":""urn:uuid:97a5d5e6-c756-5fcf-8b1d-412402caace7"",""id"":""urn:uuid:02fbb38d-cde4-5027-8de7-9f6b142b4e55"",""normalized_state"":""published"",""owner_authority_id"":""urn:uuid:7aa2ae30-7716-5b39-a47b-5ac2bdc9f035"",""owner_native_state"":""language_reviewed"",""payload"":{""body_prose_copied"":false,""chapter_start"":false,""chapter_title"":""Menyelesaikan Persamaan dan Pertidaksamaan Linear"",""course_id"":""urn:uuid:c2a0d387-a544-54ca-9b89-6d654a9bc200"",""edition_id"":""urn:uuid:9261c927-eace-5bda-b703-609e4a237e5f"",""label"":""2.3"",""learner_course_url"":""https://zenodo.org/records/22236314/files/00-elementary-algebra-2e-bahasa-indonesia-EA2-C0082-reader.pdf?download=1"",""learner_route_state"":""course_link_only"",""native_module_id"":""m82465"",""native_translation_state"":""language_reviewed"",""ordinal"":16,""owner_source_bytes"":83948,""owner_source_path"":""work/translated-modules/m82465/index.cnxml"",""owner_source_sha256"":""caac193429389414a93d335b07edabd46d83ca5e59c2d3436f9b3aadfc667afb"",""title"":""Menyelesaikan Persamaan dengan Variabel dan Konstanta pada Kedua Ruas"",""unit_url"":null},""record_type"":""unit"",""recorded_at"":""2026-09-06T00:00:00Z"",""semantic_key"":""a10:module:m82465""}"
tables/units.jsonl,36,urn:uuid:0b36fc6a-54c3-5076-b9d0-e3d74e2f5e35,unit,"{""dataset_id"":""urn:uuid:97a5d5e6-c756-5fcf-8b1d-412402caace7"",""id"":""urn:uuid:0b36fc6a-54c3-5076-b9d0-e3d74e2f5e35"",""normalized_state"":""published"",""owner_authority_id"":""urn:uuid:7aa2ae30-7716-5b39-a47b-5ac2bdc9f035"",""owner_native_state"":""language_reviewed"",""payload"":{""body_prose_copied"":false,""chapter_start"":false,""chapter_title"":""Sistem Persamaan Linear"",""course_id"":""urn:uuid:c2a0d387-a544-54ca-9b89-6d654a9bc200"",""edition_id"":""urn:uuid:9261c927-eace-5bda-b703-609e4a237e5f"",""label"":""5.1"",""learner_course_url"":""https://zenodo.org/records/22236314/files/00-elementary-algebra-2e-bahasa-indonesia-EA2-C0082-reader.pdf?download=1"",""learner_route_state"":""course_link_only"",""native_module_id"":""m82490"",""native_translation_state"":""language_reviewed"",""ordinal"":37,""owner_source_bytes"":159822,""owner_source_path"":""work/translated-modules/m82490/index.cnxml"",""owner_source_sha256"":""b6151460fcf99a332fbf108f9dd2b90723a75dbf4bba69950585983812ac7144"",""title"":""Menyelesaikan Sistem Persamaan dengan Menggambar Grafik"",""unit_url"":null},""record_type"":""unit"",""recorded_at"":""2026-09-06T00:00:00Z"",""semantic_key"":""a10:module:m82490""}"
tables/units.jsonl,39,urn:uuid:0d063f43-6543-58b6-b7c4-0c50edf24074,unit,"{""dataset_id"":""urn:uuid:97a5d5e6-c756-5fcf-8b1d-412402caace7"",""id"":""urn:uuid:0d063f43-6543-58b6-b7c4-0c50edf24074"",""normalized_state"":""published"",""owner_authority_id"":""urn:uuid:7aa2ae30-7716-5b39-a47b-5ac2bdc9f035"",""owner_native_state"":""language_reviewed"",""payload"":{""body_prose_copied"":false,""chapter_start"":false,""chapter_title"":""Sistem Persamaan Linear"",""course_id"":""urn:uuid:c2a0d387-a544-54ca-9b89-6d654a9bc200"",""edition_id"":""urn:uuid:9261c927-eace-5bda-b703-609e4a237e5f"",""label"":""5.4"",""learner_course_url"":""https://zenodo.org/records/22236314/files/00-elementary-algebra-2e-bahasa-indonesia-EA2-C0082-reader.pdf?download=1"",""learner_route_state"":""course_link_only"",""native_module_id"":""m82497"",""native_translation_state"":""language_reviewed"",""ordinal"":40,""owner_source_bytes"":117484,""owner_source_path"":""work/translated-modules/m82497/index.cnxml"",""owner_source_sha256"":""a1f45936f3082257f36d1af9f400f337d941ecbe9afa114745a27f93e2f0e352"",""title"":""Menyelesaikan Soal Penerapan dengan Sistem Persamaan"",""unit_url"":null},""record_type"":""unit"",""recorded_at"":""2026-09-06T00:00:00Z"",""semantic_key"":""a10:module:m82497""}"
tables/units.jsonl,61,urn:uuid:0fdf7e0f-ffb5-569b-bc58-042f63f8a8d3,unit,"{""dataset_id"":""urn:uuid:97a5d5e6-c756-5fcf-8b1d-412402caace7"",""id"":""urn:uuid:0fdf7e0f-ffb5-569b-bc58-042f63f8a8d3"",""normalized_state"":""published"",""owner_authority_id"":""urn:uuid:7aa2ae30-7716-5b39-a47b-5ac2bdc9f035"",""owner_native_state"":""language_reviewed"",""payload"":{""body_prose_copied"":false,""chapter_start"":false,""chapter_title"":""Ekspresi dan Persamaan Rasional"",""course_id"":""urn:uuid:c2a0d387-a544-54ca-9b89-6d654a9bc200"",""edition_id"":""urn:uuid:9261c927-eace-5bda-b703-609e4a237e5f"",""label"":""8.7"",""learner_course_url"":""https://zenodo.org/records/22236314/files/00-elementary-algebra-2e-bahasa-indonesia-EA2-C0082-reader.pdf?download=1"",""learner_route_state"":""course_link_only"",""native_module_id"":""m82539"",""native_translation_state"":""language_reviewed"",""ordinal"":65,""owner_source_bytes"":113699,""owner_source_path"":""work/translated-modules/m82539/index.cnxml"",""owner_source_sha256"":""fd04300e4958986193490654d85e856022fd93f6cb72542a5ca90d15aa3d5dfe"",""title"":""Menyelesaikan Soal Penerapan Proporsi dan Bangun-Bangun Sebangun"",""unit_url"":null},""record_type"":""unit"",""recorded_at"":""2026-09-06T00:00:00Z"",""semantic_key"":""a10:module:m82539""}"
tables/units.jsonl,1,urn:uuid:0ffcf84b-132d-5245-91d5-50bbd42ce00a,unit,"{""dataset_id"":""urn:uuid:97a5d5e6-c756-5fcf-8b1d-412402caace7"",""id"":""urn:uuid:0ffcf84b-132d-5245-91d5-50bbd42ce00a"",""normalized_state"":""published"",""owner_authority_id"":""urn:uuid:7aa2ae30-7716-5b39-a47b-5ac2bdc9f035"",""owner_native_state"":""language_reviewed"",""payload"":{""body_prose_copied"":false,""chapter_start"":true,""chapter_title"":""Dasar-Dasar"",""course_id"":""urn:uuid:c2a0d387-a544-54ca-9b89-6d654a9bc200"",""edition_id"":""urn:uuid:9261c927-eace-5bda-b703-609e4a237e5f"",""label"":""Bab 1"",""learner_course_url"":""https://zenodo.org/records/22236314/files/00-elementary-algebra-2e-bahasa-indonesia-EA2-C0082-reader.pdf?download=1"",""learner_route_state"":""course_link_only"",""native_module_id"":""m82451"",""native_translation_state"":""language_reviewed"",""ordinal"":2,""owner_source_bytes"":1112,""owner_source_path"":""work/translated-modules/m82451/index.cnxml"",""owner_source_sha256"":""3e16907bd26f3cf1cafb2ff60eadabff499f59a1f9484ce45759d2ae99cea867"",""title"":""Pendahuluan"",""unit_url"":null},""record_type"":""unit"",""recorded_at"":""2026-09-06T00:00:00Z"",""semantic_key"":""a10:module:m82451""}"
tables/units.jsonl,24,urn:uuid:13ac7579-67f7-5d69-b48d-7f5260bbeea7,unit,"{""dataset_id"":""urn:uuid:97a5d5e6-c756-5fcf-8b1d-412402caace7"",""id"":""urn:uuid:13ac7579-67f7-5d69-b48d-7f5260bbeea7"",""normalized_state"":""published"",""owner_authority_id"":""urn:uuid:7aa2ae30-7716-5b39-a47b-5ac2bdc9f035"",""owner_native_state"":""language_reviewed"",""payload"":{""body_prose_copied"":false,""chapter_start"":false,""chapter_title"":""Model Matematika"",""course_id"":""urn:uuid:c2a0d387-a544-54ca-9b89-6d654a9bc200"",""edition_id"":""urn:uuid:9261c927-eace-5bda-b703-609e4a237e5f"",""label"":""3.4"",""learner_course_url"":""https://zenodo.org/records/22236314/files/00-elementary-algebra-2e-bahasa-indonesia-EA2-C0082-reader.pdf?download=1"",""learner_route_state"":""course_link_only"",""native_module_id"":""m82476"",""native_translation_state"":""language_reviewed"",""ordinal"":25,""owner_source_bytes"":141836,""owner_source_path"":""work/translated-modules/m82476/index.cnxml"",""owner_source_sha256"":""07cd5b14032e455531716ad0a47f417984a5dbdd2eded39b9b2fd2322df08c2b"",""title"":""Menyelesaikan Soal Penerapan Geometri: Segitiga, Persegi Panjang, dan Teorema Pythagoras"",""unit_url"":null},""record_type"":""unit"",""recorded_at"":""2026-09-06T00:00:00Z"",""semantic_key"":""a10:module:m82476""}"
tables/units.jsonl,4,urn:uuid:14bf068d-11e1-5704-924c-a67c19b05da3,unit,"{""dataset_id"":""urn:uuid:97a5d5e6-c756-5fcf-8b1d-412402caace7"",""id"":""urn:uuid:14bf068d-11e1-5704-924c-a67c19b05da3"",""normalized_state"":""published"",""owner_authority_id"":""urn:uuid:7aa2ae30-7716-5b39-a47b-5ac2bdc9f035"",""owner_native_state"":""language_reviewed"",""payload"":{""body_prose_copied"":false,""chapter_start"":false,""chapter_title"":""Dasar-Dasar"",""course_id"":""urn:uuid:c2a0d387-a544-54ca-9b89-6d654a9bc200"",""edition_id"":""urn:uuid:9261c927-eace-5bda-b703-609e4a237e5f"",""label"":""1.3"",""learner_course_url"":""https://zenodo.org/records/22236314/files/00-elementary-algebra-2e-bahasa-indonesia-EA2-C0082-reader.pdf?download=1"",""learner_route_state"":""course_link_only"",""native_module_id"":""m82454"",""native_translation_state"":""language_reviewed"",""ordinal"":5,""owner_source_bytes"":171615,""owner_source_path"":""work/translated-modules/m82454/index.cnxml"",""owner_source_sha256"":""ede8157161289e464398755e467394b8c7d446d147a5603c90f20544da6b0973"",""title"":""Menjumlahkan dan Mengurangkan Bilangan Bulat"",""unit_url"":null},""record_type"":""unit"",""recorded_at"":""2026-09-06T00:00:00Z"",""semantic_key"":""a10:module:m82454""}"
tables/units.jsonl,60,urn:uuid:16ab80f9-f1e9-54e3-b389-371337db52c5,unit,"{""dataset_id"":""urn:uuid:97a5d5e6-c756-5fcf-8b1d-412402caace7"",""id"":""urn:uuid:16ab80f9-f1e9-54e3-b389-371337db52c5"",""normalized_state"":""published"",""owner_authority_id"":""urn:uuid:7aa2ae30-7716-5b39-a47b-5ac2bdc9f035"",""owner_native_state"":""language_reviewed"",""payload"":{""body_prose_copied"":false,""chapter_start"":false,""chapter_title"":""Ekspresi dan Persamaan Rasional"",""course_id"":""urn:uuid:c2a0d387-a544-54ca-9b89-6d654a9bc200"",""edition_id"":""urn:uuid:9261c927-eace-5bda-b703-609e4a237e5f"",""label"":""8.6"",""learner_course_url"":""https://zenodo.org/records/22236314/files/00-elementary-algebra-2e-bahasa-indonesia-EA2-C0082-reader.pdf?download=1"",""learner_route_state"":""course_link_only"",""native_module_id"":""m82538"",""native_translation_state"":""language_reviewed"",""ordinal"":64,""owner_source_bytes"":136469,""owner_source_path"":""work/translated-modules/m82538/index.cnxml"",""owner_source_sha256"":""94bb750f3c1550c0d3d4164cb891e59af50054940d77e7dbb7f39ee21fb771c3"",""title"":""Menyelesaikan Persamaan Rasional"",""unit_url"":null},""record_type"":""unit"",""recorded_at"":""2026-09-06T00:00:00Z"",""semantic_key"":""a10:module:m82538""}"
tables/units.jsonl,56,urn:uuid:17a1095f-ca7c-5140-94a2-8bfef48d2f78,unit,"{""dataset_id"":""urn:uuid:97a5d5e6-c756-5fcf-8b1d-412402caace7"",""id"":""urn:uuid:17a1095f-ca7c-5140-94a2-8bfef48d2f78"",""normalized_state"":""published"",""owner_authority_id"":""urn:uuid:7aa2ae30-7716-5b39-a47b-5ac2bdc9f035"",""owner_native_state"":""language_reviewed"",""payload"":{""body_prose_copied"":false,""chapter_start"":false,""chapter_title"":""Ekspresi dan Persamaan Rasional"",""course_id"":""urn:uuid:c2a0d387-a544-54ca-9b89-6d654a9bc200"",""edition_id"":""urn:uuid:9261c927-eace-5bda-b703-609e4a237e5f"",""label"":""8.2"",""learner_course_url"":""https://zenodo.org/records/22236314/files/00-elementary-algebra-2e-bahasa-indonesia-EA2-C0082-reader.pdf?download=1"",""learner_route_state"":""course_link_only"",""native_module_id"":""m82533"",""native_translation_state"":""language_reviewed"",""ordinal"":60,""owner_source_bytes"":141510,""owner_source_path"":""work/translated-modules/m82533/index.cnxml"",""owner_source_sha256"":""0d0a0e9d012ea3cc6fd26e3f3aecce29ce04137a2a6e2564fd9b30cc5a89796d"",""title"":""Mengalikan dan Membagi Ekspresi Rasional"",""unit_url"":null},""record_type"":""unit"",""recorded_at"":""2026-09-06T00:00:00Z"",""semantic_key"":""a10:module:m82533""}"
tables/units.jsonl,20,urn:uuid:18878f6f-af80-5678-9a43-7841dd5b5e95,unit,"{""dataset_id"":""urn:uuid:97a5d5e6-c756-5fcf-8b1d-412402caace7"",""id"":""urn:uuid:18878f6f-af80-5678-9a43-7841dd5b5e95"",""normalized_state"":""published"",""owner_authority_id"":""urn:uuid:7aa2ae30-7716-5b39-a47b-5ac2bdc9f035"",""owner_native_state"":""language_reviewed"",""payload"":{""body_prose_copied"":false,""chapter_start"":true,""chapter_title"":""Model Matematika"",""course_id"":""urn:uuid:c2a0d387-a544-54ca-9b89-6d654a9bc200"",""edition_id"":""urn:uuid:9261c927-eace-5bda-b703-609e4a237e5f"",""label"":""Bab 3"",""learner_course_url"":""https://zenodo.org/records/22236314/files/00-elementary-algebra-2e-bahasa-indonesia-EA2-C0082-reader.pdf?download=1"",""learner_route_state"":""course_link_only"",""native_module_id"":""m82471"",""native_translation_state"":""language_reviewed"",""ordinal"":21,""owner_source_bytes"":1244,""owner_source_path"":""work/translated-modules/m82471/index.cnxml"",""owner_source_sha256"":""916324526c9f1d26742f8031dd17ce2e5f1cfddff1226b9acd85482f2883fcf8"",""title"":""Pendahuluan"",""unit_url"":null},""record_type"":""unit"",""recorded_at"":""2026-09-06T00:00:00Z"",""semantic_key"":""a10:module:m82471""}"
tables/units.jsonl,8,urn:uuid:1c9f9f85-5ec5-5da5-a175-2fa805513a88,unit,"{""dataset_id"":""urn:uuid:97a5d5e6-c756-5fcf-8b1d-412402caace7"",""id"":""urn:uuid:1c9f9f85-5ec5-5da5-a175-2fa805513a88"",""normalized_state"":""published"",""owner_authority_id"":""urn:uuid:7aa2ae30-7716-5b39-a47b-5ac2bdc9f035"",""owner_native_state"":""language_reviewed"",""payload"":{""body_prose_copied"":false,""chapter_start"":false,""chapter_title"":""Dasar-Dasar"",""course_id"":""urn:uuid:c2a0d387-a544-54ca-9b89-6d654a9bc200"",""edition_id"":""urn:uuid:9261c927-eace-5bda-b703-609e4a237e5f"",""label"":""1.7"",""learner_course_url"":""https://zenodo.org/records/22236314/files/00-elementary-algebra-2e-bahasa-indonesia-EA2-C0082-reader.pdf?download=1"",""learner_route_state"":""course_link_only"",""native_module_id"":""m82458"",""native_translation_state"":""language_reviewed"",""ordinal"":9,""owner_source_bytes"":125336,""owner_source_path"":""work/translated-modules/m82458/index.cnxml"",""owner_source_sha256"":""27a7d1790b0f13c5a6fc58223953cdcb8f9682f83434e52609b34d3d00213f43"",""title"":""Desimal"",""unit_url"":null},""record_type"":""unit"",""recorded_at"":""2026-09-06T00:00:00Z"",""semantic_key"":""a10:module:m82458""}"
tables/units.jsonl,22,urn:uuid:1d69b992-3dd3-5813-aba2-d29171e39fbe,unit,"{""dataset_id"":""urn:uuid:97a5d5e6-c756-5fcf-8b1d-412402caace7"",""id"":""urn:uuid:1d69b992-3dd3-5813-aba2-d29171e39fbe"",""normalized_state"":""published"",""owner_authority_id"":""urn:uuid:7aa2ae30-7716-5b39-a47b-5ac2bdc9f035"",""owner_native_state"":""language_reviewed"",""payload"":{""body_prose_copied"":false,""chapter_start"":false,""chapter_title"":""Model Matematika"",""course_id"":""urn:uuid:c2a0d387-a544-54ca-9b89-6d654a9bc200"",""edition_id"":""urn:uuid:9261c927-eace-5bda-b703-609e4a237e5f"",""label"":""3.2"",""learner_course_url"":""https://zenodo.org/records/22236314/files/00-elementary-algebra-2e-bahasa-indonesia-EA2-C0082-reader.pdf?download=1"",""learner_route_state"":""course_link_only"",""native_module_id"":""m82473"",""native_translation_state"":""language_reviewed"",""ordinal"":23,""owner_source_bytes"":129373,""owner_source_path"":""work/translated-modules/m82473/index.cnxml"",""owner_source_sha256"":""a17d8a44814334a68d06d5db85ca1188055e033386bd473cf8527dca82a590c7"",""title"":""Menyelesaikan Penerapan Persen"",""unit_url"":null},""record_type"":""unit"",""recorded_at"":""2026-09-06T00:00:00Z"",""semantic_key"":""a10:module:m82473""}"
tables/units.jsonl,21,urn:uuid:1f664893-dca1-5546-9c1c-9814f93229f3,unit,"{""dataset_id"":""urn:uuid:97a5d5e6-c756-5fcf-8b1d-412402caace7"",""id"":""urn:uuid:1f664893-dca1-5546-9c1c-9814f93229f3"",""normalized_state"":""published"",""owner_authority_id"":""urn:uuid:7aa2ae30-7716-5b39-a47b-5ac2bdc9f035"",""owner_native_state"":""language_reviewed"",""payload"":{""body_prose_copied"":false,""chapter_start"":false,""chapter_title"":""Model Matematika"",""course_id"":""urn:uuid:c2a0d387-a544-54ca-9b89-6d654a9bc200"",""edition_id"":""urn:uuid:9261c927-eace-5bda-b703-609e4a237e5f"",""label"":""3.1"",""learner_course_url"":""https://zenodo.org/records/22236314/files/00-elementary-algebra-2e-bahasa-indonesia-EA2-C0082-reader.pdf?download=1"",""learner_route_state"":""course_link_only"",""native_module_id"":""m82472"",""native_translation_state"":""language_reviewed"",""ordinal"":22,""owner_source_bytes"":109599,""owner_source_path"":""work/translated-modules/m82472/index.cnxml"",""owner_source_sha256"":""82f3d4419a2bd3cdef3db3574197abe8a44ccc08e50eb4b25b3ccefc3743e39f"",""title"":""Menggunakan Strategi Pemecahan Masalah"",""unit_url"":null},""record_type"":""unit"",""recorded_at"":""2026-09-06T00:00:00Z"",""semantic_key"":""a10:module:m82472""}"
tables/units.jsonl,2,urn:uuid:20941cb5-b8b2-5d84-9466-081ed71894fe,unit,"{""dataset_id"":""urn:uuid:97a5d5e6-c756-5fcf-8b1d-412402caace7"",""id"":""urn:uuid:20941cb5-b8b2-5d84-9466-081ed71894fe"",""normalized_state"":""published"",""owner_authority_id"":""urn:uuid:7aa2ae30-7716-5b39-a47b-5ac2bdc9f035"",""owner_native_state"":""language_reviewed"",""payload"":{""body_prose_copied"":false,""chapter_start"":false,""chapter_title"":""Dasar-Dasar"",""course_id"":""urn:uuid:c2a0d387-a544-54ca-9b89-6d654a9bc200"",""edition_id"":""urn:uuid:9261c927-eace-5bda-b703-609e4a237e5f"",""label"":""1.1"",""learner_course_url"":""https://zenodo.org/records/22236314/files/00-elementary-algebra-2e-bahasa-indonesia-EA2-C0082-reader.pdf?download=1"",""learner_route_state"":""course_link_only"",""native_module_id"":""m82452"",""native_translation_state"":""language_reviewed"",""ordinal"":3,""owner_source_bytes"":119470,""owner_source_path"":""work/translated-modules/m82452/index.cnxml"",""owner_source_sha256"":""b270119a94289e1226896d7b167f94def4201a0ceb7a9a4578666eaca59091a6"",""title"":""Pengantar Bilangan Cacah"",""unit_url"":null},""record_type"":""unit"",""recorded_at"":""2026-09-06T00:00:00Z"",""semantic_key"":""a10:module:m82452""}"
tables/units.jsonl,38,urn:uuid:215bba5f-f890-5d9a-a28e-439a24fa7023,unit,"{""dataset_id"":""urn:uuid:97a5d5e6-c756-5fcf-8b1d-412402caace7"",""id"":""urn:uuid:215bba5f-f890-5d9a-a28e-439a24fa7023"",""normalized_state"":""published"",""owner_authority_id"":""urn:uuid:7aa2ae30-7716-5b39-a47b-5ac2bdc9f035"",""owner_native_state"":""language_reviewed"",""payload"":{""body_prose_copied"":false,""chapter_start"":false,""chapter_title"":""Sistem Persamaan Linear"",""course_id"":""urn:uuid:c2a0d387-a544-54ca-9b89-6d654a9bc200"",""edition_id"":""urn:uuid:9261c927-eace-5bda-b703-609e4a237e5f"",""label"":""5.3"",""learner_course_url"":""https://zenodo.org/records/22236314/files/00-elementary-algebra-2e-bahasa-indonesia-EA2-C0082-reader.pdf?download=1"",""learner_route_state"":""course_link_only"",""native_module_id"":""m82495"",""native_translation_state"":""language_reviewed"",""ordinal"":39,""owner_source_bytes"":134324,""owner_source_path"":""work/translated-modules/m82495/index.cnxml"",""owner_source_sha256"":""7c77bccb3d0bdf68b47ea6b53affbcf0ac269f194a57c77eda051e454617584e"",""title"":""Menyelesaikan Sistem Persamaan dengan Eliminasi"",""unit_url"":null},""record_type"":""unit"",""recorded_at"":""2026-09-06T00:00:00Z"",""semantic_key"":""a10:module:m82495""}"
tables/units.jsonl,78,urn:uuid:218c44d4-c056-520d-bb50-8b0eb24a1289,unit,"{""dataset_id"":""urn:uuid:97a5d5e6-c756-5fcf-8b1d-412402caace7"",""id"":""urn:uuid:218c44d4-c056-520d-bb50-8b0eb24a1289"",""normalized_state"":""published"",""owner_authority_id"":""urn:uuid:7aa2ae30-7716-5b39-a47b-5ac2bdc9f035"",""owner_native_state"":""language_reviewed"",""payload"":{""body_prose_copied"":false,""chapter_start"":false,""chapter_title"":""Ekspresi dan Persamaan Rasional"",""course_id"":""urn:uuid:c2a0d387-a544-54ca-9b89-6d654a9bc200"",""edition_id"":""urn:uuid:9261c927-eace-5bda-b703-609e4a237e5f"",""label"":""8.9"",""learner_course_url"":""https://zenodo.org/records/22236314/files/00-elementary-algebra-2e-bahasa-indonesia-EA2-C0082-reader.pdf?download=1"",""learner_route_state"":""course_link_only"",""native_module_id"":""m82560"",""native_translation_state"":""language_reviewed"",""ordinal"":67,""owner_source_bytes"":173001,""owner_source_path"":""work/translated-modules/m82560/index.cnxml"",""owner_source_sha256"":""eb64bad26f388ce8b75bb2f465691c35449464e35bfcae58eb30d03bac1331f9"",""title"":""Menggunakan Variasi Langsung dan Variasi Berbanding Terbalik"",""unit_url"":null},""record_type"":""unit"",""recorded_at"":""2026-09-06T00:00:00Z"",""semantic_key"":""a10:module:m82560""}"
tables/units.jsonl,25,urn:uuid:2236cb36-cbea-53d7-b000-02a8bf6c6bca,unit,"{""dataset_id"":""urn:uuid:97a5d5e6-c756-5fcf-8b1d-412402caace7"",""id"":""urn:uuid:2236cb36-cbea-53d7-b000-02a8bf6c6bca"",""normalized_state"":""published"",""owner_authority_id"":""urn:uuid:7aa2ae30-7716-5b39-a47b-5ac2bdc9f035"",""owner_native_state"":""language_reviewed"",""payload"":{""body_prose_copied"":false,""chapter_start"":false,""chapter_title"":""Model Matematika"",""course_id"":""urn:uuid:c2a0d387-a544-54ca-9b89-6d654a9bc200"",""edition_id"":""urn:uuid:9261c927-eace-5bda-b703-609e4a237e5f"",""label"":""3.5"",""learner_course_url"":""https://zenodo.org/records/22236314/files/00-elementary-algebra-2e-bahasa-indonesia-EA2-C0082-reader.pdf?download=1"",""learner_route_state"":""course_link_only"",""native_module_id"":""m82477"",""native_translation_state"":""language_reviewed"",""ordinal"":26,""owner_source_bytes"":72038,""owner_source_path"":""work/translated-modules/m82477/index.cnxml"",""owner_source_sha256"":""4199ceba1ed1b7d286136c3a21cebd0cd90fd94b228c6eecb95c69aa7c8f5f1e"",""title"":""Menyelesaikan Penerapan Gerak Beraturan"",""unit_url"":null},""record_type"":""unit"",""recorded_at"":""2026-09-06T00:00:00Z"",""semantic_key"":""a10:module:m82477""}"
tables/units.jsonl,75,urn:uuid:2b633225-7780-55c7-aaa4-ae87b7699790,unit,"{""dataset_id"":""urn:uuid:97a5d5e6-c756-5fcf-8b1d-412402caace7"",""id"":""urn:uuid:2b633225-7780-55c7-aaa4-ae87b7699790"",""normalized_state"":""published"",""owner_authority_id"":""urn:uuid:7aa2ae30-7716-5b39-a47b-5ac2bdc9f035"",""owner_native_state"":""language_reviewed"",""payload"":{""body_prose_copied"":false,""chapter_start"":false,""chapter_title"":""Persamaan Kuadrat"",""course_id"":""urn:uuid:c2a0d387-a544-54ca-9b89-6d654a9bc200"",""edition_id"":""urn:uuid:9261c927-eace-5bda-b703-609e4a237e5f"",""label"":""10.3"",""learner_course_url"":""https://zenodo.org/records/22236314/files/00-elementary-algebra-2e-bahasa-indonesia-EA2-C0082-reader.pdf?download=1"",""learner_route_state"":""course_link_only"",""native_module_id"":""m82557"",""native_translation_state"":""language_reviewed"",""ordinal"":80,""owner_source_bytes"":138164,""owner_source_path"":""work/translated-modules/m82557/index.cnxml"",""owner_source_sha256"":""a11fc5bd5f8173f04df5d8d1c63f8189163e52447a48af24162ee86408100a64"",""title"":""Menyelesaikan Persamaan Kuadrat Menggunakan Rumus Kuadrat"",""unit_url"":null},""record_type"":""unit"",""recorded_at"":""2026-09-06T00:00:00Z"",""semantic_key"":""a10:module:m82557""}"
tables/units.jsonl,23,urn:uuid:2e2d9798-269b-5297-85f8-16ee773c0730,unit,"{""dataset_id"":""urn:uuid:97a5d5e6-c756-5fcf-8b1d-412402caace7"",""id"":""urn:uuid:2e2d9798-269b-5297-85f8-16ee773c0730"",""normalized_state"":""published"",""owner_authority_id"":""urn:uuid:7aa2ae30-7716-5b39-a47b-5ac2bdc9f035"",""owner_native_state"":""language_reviewed"",""payload"":{""body_prose_copied"":false,""chapter_start"":false,""chapter_title"":""Model Matematika"",""course_id"":""urn:uuid:c2a0d387-a544-54ca-9b89-6d654a9bc200"",""edition_id"":""urn:uuid:9261c927-eace-5bda-b703-609e4a237e5f"",""label"":""3.3"",""learner_course_url"":""https://zenodo.org/records/22236314/files/00-elementary-algebra-2e-bahasa-indonesia-EA2-C0082-reader.pdf?download=1"",""learner_route_state"":""course_link_only"",""native_module_id"":""m82475"",""native_translation_state"":""language_reviewed"",""ordinal"":24,""owner_source_bytes"":106172,""owner_source_path"":""work/translated-modules/m82475/index.cnxml"",""owner_source_sha256"":""2b91954d443f32383cdf52c360c1189ddb8ee89f5424f5f3e9dd30976a41dc29"",""title"":""Menyelesaikan Penerapan Campuran"",""unit_url"":null},""record_type"":""unit"",""recorded_at"":""2026-09-06T00:00:00Z"",""semantic_key"":""a10:module:m82475""}"
tables/units.jsonl,41,urn:uuid:2f01632e-664c-52dd-958c-e63b144d3135,unit,"{""dataset_id"":""urn:uuid:97a5d5e6-c756-5fcf-8b1d-412402caace7"",""id"":""urn:uuid:2f01632e-664c-52dd-958c-e63b144d3135"",""normalized_state"":""published"",""owner_authority_id"":""urn:uuid:7aa2ae30-7716-5b39-a47b-5ac2bdc9f035"",""owner_native_state"":""language_reviewed"",""payload"":{""body_prose_copied"":false,""chapter_start"":false,""chapter_title"":""Sistem Persamaan Linear"",""course_id"":""urn:uuid:c2a0d387-a544-54ca-9b89-6d654a9bc200"",""edition_id"":""urn:uuid:9261c927-eace-5bda-b703-609e4a237e5f"",""label"":""5.6"",""learner_course_url"":""https://zenodo.org/records/22236314/files/00-elementary-algebra-2e-bahasa-indonesia-EA2-C0082-reader.pdf?download=1"",""learner_route_state"":""course_link_only"",""native_module_id"":""m82499"",""native_translation_state"":""language_reviewed"",""ordinal"":42,""owner_source_bytes"":176553,""owner_source_path"":""work/translated-modules/m82499/index.cnxml"",""owner_source_sha256"":""40dc031d4ddce1252e727d080972342261e151716ae80285cde2d30f8cac2eec"",""title"":""Menggambar Grafik Sistem Pertidaksamaan Linear"",""unit_url"":null},""record_type"":""unit"",""recorded_at"":""2026-09-06T00:00:00Z"",""semantic_key"":""a10:module:m82499""}"
tables/units.jsonl,54,urn:uuid:2f1f3efe-4f4f-5e69-9451-8b210b94b68a,unit,"{""dataset_id"":""urn:uuid:97a5d5e6-c756-5fcf-8b1d-412402caace7"",""id"":""urn:uuid:2f1f3efe-4f4f-5e69-9451-8b210b94b68a"",""normalized_state"":""published"",""owner_authority_id"":""urn:uuid:7aa2ae30-7716-5b39-a47b-5ac2bdc9f035"",""owner_native_state"":""language_reviewed"",""payload"":{""body_prose_copied"":false,""chapter_start"":true,""chapter_title"":""Ekspresi dan Persamaan Rasional"",""course_id"":""urn:uuid:c2a0d387-a544-54ca-9b89-6d654a9bc200"",""edition_id"":""urn:uuid:9261c927-eace-5bda-b703-609e4a237e5f"",""label"":""Bab 8"",""learner_course_url"":""https://zenodo.org/records/22236314/files/00-elementary-algebra-2e-bahasa-indonesia-EA2-C0082-reader.pdf?download=1"",""learner_route_state"":""course_link_only"",""native_module_id"":""m82531"",""native_translation_state"":""language_reviewed"",""ordinal"":58,""owner_source_bytes"":1461,""owner_source_path"":""work/translated-modules/m82531/index.cnxml"",""owner_source_sha256"":""6ecdb9d08398e943a8897d38d502990108da10106b6f1b50e2461196ee1106e6"",""title"":""Pendahuluan"",""unit_url"":null},""record_type"":""unit"",""recorded_at"":""2026-09-06T00:00:00Z"",""semantic_key"":""a10:module:m82531""}"
tables/units.jsonl,71,urn:uuid:3064832d-cca3-55f3-b0e1-216e00b366c0,unit,"{""dataset_id"":""urn:uuid:97a5d5e6-c756-5fcf-8b1d-412402caace7"",""id"":""urn:uuid:3064832d-cca3-55f3-b0e1-216e00b366c0"",""normalized_state"":""published"",""owner_authority_id"":""urn:uuid:7aa2ae30-7716-5b39-a47b-5ac2bdc9f035"",""owner_native_state"":""language_reviewed"",""payload"":{""body_prose_copied"":false,""chapter_start"":false,""chapter_title"":""Akar dan Bentuk Radikal"",""course_id"":""urn:uuid:c2a0d387-a544-54ca-9b89-6d654a9bc200"",""edition_id"":""urn:uuid:9261c927-eace-5bda-b703-609e4a237e5f"",""label"":""9.8"",""learner_course_url"":""https://zenodo.org/records/22236314/files/00-elementary-algebra-2e-bahasa-indonesia-EA2-C0082-reader.pdf?download=1"",""learner_route_state"":""course_link_only"",""native_module_id"":""m82553"",""native_translation_state"":""language_reviewed"",""ordinal"":76,""owner_source_bytes"":301949,""owner_source_path"":""work/translated-modules/m82553/index.cnxml"",""owner_source_sha256"":""a0bd2798db4c137ee2072a3ea19084622ae5c9dd2637ffa799f0ac2f64f216d9"",""title"":""Eksponen Rasional"",""unit_url"":null},""record_type"":""unit"",""recorded_at"":""2026-09-06T00:00:00Z"",""semantic_key"":""a10:module:m82553""}"
tables/units.jsonl,66,urn:uuid:355403c8-559f-57e6-be7c-4c2b7ceb0b01,unit,"{""dataset_id"":""urn:uuid:97a5d5e6-c756-5fcf-8b1d-412402caace7"",""id"":""urn:uuid:355403c8-559f-57e6-be7c-4c2b7ceb0b01"",""normalized_state"":""published"",""owner_authority_id"":""urn:uuid:7aa2ae30-7716-5b39-a47b-5ac2bdc9f035"",""owner_native_state"":""language_reviewed"",""payload"":{""body_prose_copied"":false,""chapter_start"":false,""chapter_title"":""Akar dan Bentuk Radikal"",""course_id"":""urn:uuid:c2a0d387-a544-54ca-9b89-6d654a9bc200"",""edition_id"":""urn:uuid:9261c927-eace-5bda-b703-609e4a237e5f"",""label"":""9.3"",""learner_course_url"":""https://zenodo.org/records/22236314/files/00-elementary-algebra-2e-bahasa-indonesia-EA2-C0082-reader.pdf?download=1"",""learner_route_state"":""course_link_only"",""native_module_id"":""m82547"",""native_translation_state"":""language_reviewed"",""ordinal"":71,""owner_source_bytes"":96887,""owner_source_path"":""work/translated-modules/m82547/index.cnxml"",""owner_source_sha256"":""7ef8d16df52bbb59e96c004ba63f760aa522cdd8bae7fb26980a5ba8e15977da"",""title"":""Menjumlahkan dan Mengurangkan Akar Kuadrat"",""unit_url"":null},""record_type"":""unit"",""recorded_at"":""2026-09-06T00:00:00Z"",""semantic_key"":""a10:module:m82547""}"
tables/units.jsonl,67,urn:uuid:3675263f-c202-52a1-8d8a-03ac52e701ac,unit,"{""dataset_id"":""urn:uuid:97a5d5e6-c756-5fcf-8b1d-412402caace7"",""id"":""urn:uuid:3675263f-c202-52a1-8d8a-03ac52e701ac"",""normalized_state"":""published"",""owner_authority_id"":""urn:uuid:7aa2ae30-7716-5b39-a47b-5ac2bdc9f035"",""owner_native_state"":""language_reviewed"",""payload"":{""body_prose_copied"":false,""chapter_start"":false,""chapter_title"":""Akar dan Bentuk Radikal"",""course_id"":""urn:uuid:c2a0d387-a544-54ca-9b89-6d654a9bc200"",""edition_id"":""urn:uuid:9261c927-eace-5bda-b703-609e4a237e5f"",""label"":""9.4"",""learner_course_url"":""https://zenodo.org/records/22236314/files/00-elementary-algebra-2e-bahasa-indonesia-EA2-C0082-reader.pdf?download=1"",""learner_route_state"":""course_link_only"",""native_module_id"":""m82548"",""native_translation_state"":""language_reviewed"",""ordinal"":72,""owner_source_bytes"":140287,""owner_source_path"":""work/translated-modules/m82548/index.cnxml"",""owner_source_sha256"":""3e180ee4948d8d9f74a0e3826e649f2adefed692508f10ffdfa690bd565b6c21"",""title"":""Mengalikan Akar Kuadrat"",""unit_url"":null},""record_type"":""unit"",""recorded_at"":""2026-09-06T00:00:00Z"",""semantic_key"":""a10:module:m82548""}"
tables/units.jsonl,11,urn:uuid:38baa4f4-20e9-54f3-bc07-a01809657824,unit,"{""dataset_id"":""urn:uuid:97a5d5e6-c756-5fcf-8b1d-412402caace7"",""id"":""urn:uuid:38baa4f4-20e9-54f3-bc07-a01809657824"",""normalized_state"":""published"",""owner_authority_id"":""urn:uuid:7aa2ae30-7716-5b39-a47b-5ac2bdc9f035"",""owner_native_state"":""language_reviewed"",""payload"":{""body_prose_copied"":false,""chapter_start"":false,""chapter_title"":""Dasar-Dasar"",""course_id"":""urn:uuid:c2a0d387-a544-54ca-9b89-6d654a9bc200"",""edition_id"":""urn:uuid:9261c927-eace-5bda-b703-609e4a237e5f"",""label"":""1.10"",""learner_course_url"":""https://zenodo.org/records/22236314/files/00-elementary-algebra-2e-bahasa-indonesia-EA2-C0082-reader.pdf?download=1"",""learner_route_state"":""course_link_only"",""native_module_id"":""m82461"",""native_translation_state"":""language_reviewed"",""ordinal"":12,""owner_source_bytes"":284586,""owner_source_path"":""work/translated-modules/m82461/index.cnxml"",""owner_source_sha256"":""4efb4587111b98901535b23a91b7c6529bf50dc324091adba2c1488c5310f0c1"",""title"":""Sistem Pengukuran"",""unit_url"":null},""record_type"":""unit"",""recorded_at"":""2026-09-06T00:00:00Z"",""semantic_key"":""a10:module:m82461""}"
tables/units.jsonl,47,urn:uuid:451d3f38-8d1e-5635-a540-da7c4b53fcb5,unit,"{""dataset_id"":""urn:uuid:97a5d5e6-c756-5fcf-8b1d-412402caace7"",""id"":""urn:uuid:451d3f38-8d1e-5635-a540-da7c4b53fcb5"",""normalized_state"":""published"",""owner_authority_id"":""urn:uuid:7aa2ae30-7716-5b39-a47b-5ac2bdc9f035"",""owner_native_state"":""language_reviewed"",""payload"":{""body_prose_copied"":false,""chapter_start"":false,""chapter_title"":""Polinomial"",""course_id"":""urn:uuid:c2a0d387-a544-54ca-9b89-6d654a9bc200"",""edition_id"":""urn:uuid:9261c927-eace-5bda-b703-609e4a237e5f"",""label"":""6.5"",""learner_course_url"":""https://zenodo.org/records/22236314/files/00-elementary-algebra-2e-bahasa-indonesia-EA2-C0082-reader.pdf?download=1"",""learner_route_state"":""course_link_only"",""native_module_id"":""m82509"",""native_translation_state"":""language_reviewed"",""ordinal"":48,""owner_source_bytes"":177954,""owner_source_path"":""work/translated-modules/m82509/index.cnxml"",""owner_source_sha256"":""b09b0bcf1ad15b1f01978c0af5566980101e88035f125cfaf322cdab1e76bc0e"",""title"":""Membagi Monomial"",""unit_url"":null},""record_type"":""unit"",""recorded_at"":""2026-09-06T00:00:00Z"",""semantic_key"":""a10:module:m82509""}"
tables/units.jsonl,29,urn:uuid:465745c2-3464-57d9-bdef-99ad1489e99d,unit,"{""dataset_id"":""urn:uuid:97a5d5e6-c756-5fcf-8b1d-412402caace7"",""id"":""urn:uuid:465745c2-3464-57d9-bdef-99ad1489e99d"",""normalized_state"":""published"",""owner_authority_id"":""urn:uuid:7aa2ae30-7716-5b39-a47b-5ac2bdc9f035"",""owner_native_state"":""language_reviewed"",""payload"":{""body_prose_copied"":false,""chapter_start"":false,""chapter_title"":""Grafik"",""course_id"":""urn:uuid:c2a0d387-a544-54ca-9b89-6d654a9bc200"",""edition_id"":""urn:uuid:9261c927-eace-5bda-b703-609e4a237e5f"",""label"":""4.2"",""learner_course_url"":""https://zenodo.org/records/22236314/files/00-elementary-algebra-2e-bahasa-indonesia-EA2-C0082-reader.pdf?download=1"",""learner_route_state"":""course_link_only"",""native_module_id"":""m82481"",""native_translation_state"":""language_reviewed"",""ordinal"":30,""owner_source_bytes"":160452,""owner_source_path"":""work/translated-modules/m82481/index.cnxml"",""owner_source_sha256"":""c721a4ca9f5d13b7ed2ddca0b8a70532b78366dbbd87a2a7a8ad8ab41e7f75f2"",""title"":""Menggambar Grafik Persamaan Linear Dua Variabel"",""unit_url"":null},""record_type"":""unit"",""recorded_at"":""2026-09-06T00:00:00Z"",""semantic_key"":""a10:module:m82481""}"
tables/units.jsonl,16,urn:uuid:49db6b94-4404-5bb4-83ab-203140191644,unit,"{""dataset_id"":""urn:uuid:97a5d5e6-c756-5fcf-8b1d-412402caace7"",""id"":""urn:uuid:49db6b94-4404-5bb4-83ab-203140191644"",""normalized_state"":""published"",""owner_authority_id"":""urn:uuid:7aa2ae30-7716-5b39-a47b-5ac2bdc9f035"",""owner_native_state"":""language_reviewed"",""payload"":{""body_prose_copied"":false,""chapter_start"":false,""chapter_title"":""Menyelesaikan Persamaan dan Pertidaksamaan Linear"",""course_id"":""urn:uuid:c2a0d387-a544-54ca-9b89-6d654a9bc200"",""edition_id"":""urn:uuid:9261c927-eace-5bda-b703-609e4a237e5f"",""label"":""2.4"",""learner_course_url"":""https://zenodo.org/records/22236314/files/00-elementary-algebra-2e-bahasa-indonesia-EA2-C0082-reader.pdf?download=1"",""learner_route_state"":""course_link_only"",""native_module_id"":""m82467"",""native_translation_state"":""language_reviewed"",""ordinal"":17,""owner_source_bytes"":127917,""owner_source_path"":""work/translated-modules/m82467/index.cnxml"",""owner_source_sha256"":""1e99ed4a0cf8687c6e641903907041b97e5fd9a62665957828510ea3ce16cec1"",""title"":""Gunakan Strategi Umum untuk Menyelesaikan Persamaan Linear"",""unit_url"":null},""record_type"":""unit"",""recorded_at"":""2026-09-06T00:00:00Z"",""semantic_key"":""a10:module:m82467""}"
tables/units.jsonl,81,urn:uuid:51c8a6e5-7968-5c00-9fbc-7d0d041a1fae,unit,"{""dataset_id"":""urn:uuid:97a5d5e6-c756-5fcf-8b1d-412402caace7"",""id"":""urn:uuid:51c8a6e5-7968-5c00-9fbc-7d0d041a1fae"",""normalized_state"":""published"",""owner_authority_id"":""urn:uuid:7aa2ae30-7716-5b39-a47b-5ac2bdc9f035"",""owner_native_state"":""language_reviewed"",""payload"":{""body_prose_copied"":false,""chapter_start"":false,""chapter_title"":""Pemfaktoran"",""course_id"":""urn:uuid:c2a0d387-a544-54ca-9b89-6d654a9bc200"",""edition_id"":""urn:uuid:9261c927-eace-5bda-b703-609e4a237e5f"",""label"":""7.2"",""learner_course_url"":""https://zenodo.org/records/22236314/files/00-elementary-algebra-2e-bahasa-indonesia-EA2-C0082-reader.pdf?download=1"",""learner_route_state"":""course_link_only"",""native_module_id"":""m82566"",""native_translation_state"":""language_reviewed"",""ordinal"":53,""owner_source_bytes"":134789,""owner_source_path"":""work/translated-modules/m82566/index.cnxml"",""owner_source_sha256"":""40cdf12a1e823490e2b3924a648c2d432aa57b91a52dc1971e97072c83ff44e8"",""title"":""Memfaktorkan Trinomial Berbentuk x2+bx+c"",""unit_url"":null},""record_type"":""unit"",""recorded_at"":""2026-09-06T00:00:00Z"",""semantic_key"":""a10:module:m82566""}"
tables/units.jsonl,27,urn:uuid:59c578de-6d6f-52f8-b5f9-69e5fb36324e,unit,"{""dataset_id"":""urn:uuid:97a5d5e6-c756-5fcf-8b1d-412402caace7"",""id"":""urn:uuid:59c578de-6d6f-52f8-b5f9-69e5fb36324e"",""normalized_state"":""published"",""owner_authority_id"":""urn:uuid:7aa2ae30-7716-5b39-a47b-5ac2bdc9f035"",""owner_native_state"":""language_reviewed"",""payload"":{""body_prose_copied"":false,""chapter_start"":true,""chapter_title"":""Grafik"",""course_id"":""urn:uuid:c2a0d387-a544-54ca-9b89-6d654a9bc200"",""edition_id"":""urn:uuid:9261c927-eace-5bda-b703-609e4a237e5f"",""label"":""Bab 4"",""learner_course_url"":""https://zenodo.org/records/22236314/files/00-elementary-algebra-2e-bahasa-indonesia-EA2-C0082-reader.pdf?download=1"",""learner_route_state"":""course_link_only"",""native_module_id"":""m82479"",""native_translation_state"":""language_reviewed"",""ordinal"":28,""owner_source_bytes"":2233,""owner_source_path"":""work/translated-modules/m82479/index.cnxml"",""owner_source_sha256"":""07c047f225583ac68edafec324e9ea4f369731af2be1f98ac3fe28158f021cf2"",""title"":""Pendahuluan"",""unit_url"":null},""record_type"":""unit"",""recorded_at"":""2026-09-06T00:00:00Z"",""semantic_key"":""a10:module:m82479""}"
tables/units.jsonl,68,urn:uuid:5a8f8f55-d233-550d-a25e-1a10d0bb418f,unit,"{""dataset_id"":""urn:uuid:97a5d5e6-c756-5fcf-8b1d-412402caace7"",""id"":""urn:uuid:5a8f8f55-d233-550d-a25e-1a10d0bb418f"",""normalized_state"":""published"",""owner_authority_id"":""urn:uuid:7aa2ae30-7716-5b39-a47b-5ac2bdc9f035"",""owner_native_state"":""language_reviewed"",""payload"":{""body_prose_copied"":false,""chapter_start"":false,""chapter_title"":""Akar dan Bentuk Radikal"",""course_id"":""urn:uuid:c2a0d387-a544-54ca-9b89-6d654a9bc200"",""edition_id"":""urn:uuid:9261c927-eace-5bda-b703-609e4a237e5f"",""label"":""9.5"",""learner_course_url"":""https://zenodo.org/records/22236314/files/00-elementary-algebra-2e-bahasa-indonesia-EA2-C0082-reader.pdf?download=1"",""learner_route_state"":""course_link_only"",""native_module_id"":""m82550"",""native_translation_state"":""language_reviewed"",""ordinal"":73,""owner_source_bytes"":114294,""owner_source_path"":""work/translated-modules/m82550/index.cnxml"",""owner_source_sha256"":""1960db530a6009ebe911e1e0f3c4c89e50c46490454462566f05fb093e7c9ef7"",""title"":""Membagi Akar Kuadrat"",""unit_url"":null},""record_type"":""unit"",""recorded_at"":""2026-09-06T00:00:00Z"",""semantic_key"":""a10:module:m82550""}"
tables/units.jsonl,69,urn:uuid:5a99e7a3-7453-5fa2-98b1-16e2bc1e3fb2,unit,"{""dataset_id"":""urn:uuid:97a5d5e6-c756-5fcf-8b1d-412402caace7"",""id"":""urn:uuid:5a99e7a3-7453-5fa2-98b1-16e2bc1e3fb2"",""normalized_state"":""published"",""owner_authority_id"":""urn:uuid:7aa2ae30-7716-5b39-a47b-5ac2bdc9f035"",""owner_native_state"":""language_reviewed"",""payload"":{""body_prose_copied"":false,""chapter_start"":false,""chapter_title"":""Akar dan Bentuk Radikal"",""course_id"":""urn:uuid:c2a0d387-a544-54ca-9b89-6d654a9bc200"",""edition_id"":""urn:uuid:9261c927-eace-5bda-b703-609e4a237e5f"",""label"":""9.6"",""learner_course_url"":""https://zenodo.org/records/22236314/files/00-elementary-algebra-2e-bahasa-indonesia-EA2-C0082-reader.pdf?download=1"",""learner_route_state"":""course_link_only"",""native_module_id"":""m82551"",""native_translation_state"":""language_reviewed"",""ordinal"":74,""owner_source_bytes"":130920,""owner_source_path"":""work/translated-modules/m82551/index.cnxml"",""owner_source_sha256"":""b3cb4529930a97f9dba8d0d0931e91d35977449b2eed2ddfb8d329da4d267eda"",""title"":""Menyelesaikan Persamaan dengan Akar Kuadrat"",""unit_url"":null},""record_type"":""unit"",""recorded_at"":""2026-09-06T00:00:00Z"",""semantic_key"":""a10:module:m82551""}"
tables/units.jsonl,74,urn:uuid:5ebdf8c6-f1db-5d9a-972d-2f2d0e496824,unit,"{""dataset_id"":""urn:uuid:97a5d5e6-c756-5fcf-8b1d-412402caace7"",""id"":""urn:uuid:5ebdf8c6-f1db-5d9a-972d-2f2d0e496824"",""normalized_state"":""published"",""owner_authority_id"":""urn:uuid:7aa2ae30-7716-5b39-a47b-5ac2bdc9f035"",""owner_native_state"":""language_reviewed"",""payload"":{""body_prose_copied"":false,""chapter_start"":false,""chapter_title"":""Persamaan Kuadrat"",""course_id"":""urn:uuid:c2a0d387-a544-54ca-9b89-6d654a9bc200"",""edition_id"":""urn:uuid:9261c927-eace-5bda-b703-609e4a237e5f"",""label"":""10.2"",""learner_course_url"":""https://zenodo.org/records/22236314/files/00-elementary-algebra-2e-bahasa-indonesia-EA2-C0082-reader.pdf?download=1"",""learner_route_state"":""course_link_only"",""native_module_id"":""m82556"",""native_translation_state"":""language_reviewed"",""ordinal"":79,""owner_source_bytes"":137594,""owner_source_path"":""work/translated-modules/m82556/index.cnxml"",""owner_source_sha256"":""1fb27f41affbf0bcf5612daf566c6900c3ba0b441bfefabcc8addb03dee78fa0"",""title"":""Menyelesaikan Persamaan Kuadrat dengan Melengkapkan Kuadrat"",""unit_url"":null},""record_type"":""unit"",""recorded_at"":""2026-09-06T00:00:00Z"",""semantic_key"":""a10:module:m82556""}"
tables/units.jsonl,59,urn:uuid:61100c89-df6e-5275-ac72-8ceb70e712d2,unit,"{""dataset_id"":""urn:uuid:97a5d5e6-c756-5fcf-8b1d-412402caace7"",""id"":""urn:uuid:61100c89-df6e-5275-ac72-8ceb70e712d2"",""normalized_state"":""published"",""owner_authority_id"":""urn:uuid:7aa2ae30-7716-5b39-a47b-5ac2bdc9f035"",""owner_native_state"":""language_reviewed"",""payload"":{""body_prose_copied"":false,""chapter_start"":false,""chapter_title"":""Ekspresi dan Persamaan Rasional"",""course_id"":""urn:uuid:c2a0d387-a544-54ca-9b89-6d654a9bc200"",""edition_id"":""urn:uuid:9261c927-eace-5bda-b703-609e4a237e5f"",""label"":""8.5"",""learner_course_url"":""https://zenodo.org/records/22236314/files/00-elementary-algebra-2e-bahasa-indonesia-EA2-C0082-reader.pdf?download=1"",""learner_route_state"":""course_link_only"",""native_module_id"":""m82537"",""native_translation_state"":""language_reviewed"",""ordinal"":63,""owner_source_bytes"":98623,""owner_source_path"":""work/translated-modules/m82537/index.cnxml"",""owner_source_sha256"":""97f68c700c1442d2dc089cc2c44aee14441a68a77b697091333e869117c87022"",""title"":""Menyederhanakan Ekspresi Rasional Kompleks"",""unit_url"":null},""record_type"":""unit"",""recorded_at"":""2026-09-06T00:00:00Z"",""semantic_key"":""a10:module:m82537""}"
tables/units.jsonl,46,urn:uuid:64bb8a0d-da3c-56c2-9336-87354b0bc173,unit,"{""dataset_id"":""urn:uuid:97a5d5e6-c756-5fcf-8b1d-412402caace7"",""id"":""urn:uuid:64bb8a0d-da3c-56c2-9336-87354b0bc173"",""normalized_state"":""published"",""owner_authority_id"":""urn:uuid:7aa2ae30-7716-5b39-a47b-5ac2bdc9f035"",""owner_native_state"":""language_reviewed"",""payload"":{""body_prose_copied"":false,""chapter_start"":false,""chapter_title"":""Polinomial"",""course_id"":""urn:uuid:c2a0d387-a544-54ca-9b89-6d654a9bc200"",""edition_id"":""urn:uuid:9261c927-eace-5bda-b703-609e4a237e5f"",""label"":""6.4"",""learner_course_url"":""https://zenodo.org/records/22236314/files/00-elementary-algebra-2e-bahasa-indonesia-EA2-C0082-reader.pdf?download=1"",""learner_route_state"":""course_link_only"",""native_module_id"":""m82508"",""native_translation_state"":""language_reviewed"",""ordinal"":47,""owner_source_bytes"":134407,""owner_source_path"":""work/translated-modules/m82508/index.cnxml"",""owner_source_sha256"":""bc3247b19d02e763bc72ea8a03581aa22827111eea8a542027d6e52580260827"",""title"":""Hasil Kali Istimewa"",""unit_url"":null},""record_type"":""unit"",""recorded_at"":""2026-09-06T00:00:00Z"",""semantic_key"":""a10:module:m82508""}"
tables/units.jsonl,26,urn:uuid:6624018e-c6a1-531c-8aa4-8130a1312f95,unit,"{""dataset_id"":""urn:uuid:97a5d5e6-c756-5fcf-8b1d-412402caace7"",""id"":""urn:uuid:6624018e-c6a1-531c-8aa4-8130a1312f95"",""normalized_state"":""published"",""owner_authority_id"":""urn:uuid:7aa2ae30-7716-5b39-a47b-5ac2bdc9f035"",""owner_native_state"":""language_reviewed"",""payload"":{""body_prose_copied"":false,""chapter_start"":false,""chapter_title"":""Model Matematika"",""course_id"":""urn:uuid:c2a0d387-a544-54ca-9b89-6d654a9bc200"",""edition_id"":""urn:uuid:9261c927-eace-5bda-b703-609e4a237e5f"",""label"":""3.6"",""learner_course_url"":""https://zenodo.org/records/22236314/files/00-elementary-algebra-2e-bahasa-indonesia-EA2-C0082-reader.pdf?download=1"",""learner_route_state"":""course_link_only"",""native_module_id"":""m82478"",""native_translation_state"":""language_reviewed"",""ordinal"":27,""owner_source_bytes"":91520,""owner_source_path"":""work/translated-modules/m82478/index.cnxml"",""owner_source_sha256"":""698d22dc2823c2c0c0abb353a0a926bed59bef23b12c7c00c5f297c68258c05c"",""title"":""Menyelesaikan Penerapan Pertidaksamaan Linear"",""unit_url"":null},""record_type"":""unit"",""recorded_at"":""2026-09-06T00:00:00Z"",""semantic_key"":""a10:module:m82478""}"
tables/units.jsonl,53,urn:uuid:673aaa87-0271-5888-9eae-8a5f20155db7,unit,"{""dataset_id"":""urn:uuid:97a5d5e6-c756-5fcf-8b1d-412402caace7"",""id"":""urn:uuid:673aaa87-0271-5888-9eae-8a5f20155db7"",""normalized_state"":""published"",""owner_authority_id"":""urn:uuid:7aa2ae30-7716-5b39-a47b-5ac2bdc9f035"",""owner_native_state"":""language_reviewed"",""payload"":{""body_prose_copied"":false,""chapter_start"":false,""chapter_title"":""Pemfaktoran"",""course_id"":""urn:uuid:c2a0d387-a544-54ca-9b89-6d654a9bc200"",""edition_id"":""urn:uuid:9261c927-eace-5bda-b703-609e4a237e5f"",""label"":""7.6"",""learner_course_url"":""https://zenodo.org/records/22236314/files/00-elementary-algebra-2e-bahasa-indonesia-EA2-C0082-reader.pdf?download=1"",""learner_route_state"":""course_link_only"",""native_module_id"":""m82530"",""native_translation_state"":""language_reviewed"",""ordinal"":57,""owner_source_bytes"":178136,""owner_source_path"":""work/translated-modules/m82530/index.cnxml"",""owner_source_sha256"":""ca200cc20d9dabb3fd8bd23e558a5a9b0db9a48ec66ff558a1bb1cd23d5d61a5"",""title"":""Persamaan Kuadrat"",""unit_url"":null},""record_type"":""unit"",""recorded_at"":""2026-09-06T00:00:00Z"",""semantic_key"":""a10:module:m82530""}"
tables/units.jsonl,31,urn:uuid:6af1b6ab-65ea-5418-a14d-c7687efbaef8,unit,"{""dataset_id"":""urn:uuid:97a5d5e6-c756-5fcf-8b1d-412402caace7"",""id"":""urn:uuid:6af1b6ab-65ea-5418-a14d-c7687efbaef8"",""normalized_state"":""published"",""owner_authority_id"":""urn:uuid:7aa2ae30-7716-5b39-a47b-5ac2bdc9f035"",""owner_native_state"":""language_reviewed"",""payload"":{""body_prose_copied"":false,""chapter_start"":false,""chapter_title"":""Grafik"",""course_id"":""urn:uuid:c2a0d387-a544-54ca-9b89-6d654a9bc200"",""edition_id"":""urn:uuid:9261c927-eace-5bda-b703-609e4a237e5f"",""label"":""4.4"",""learner_course_url"":""https://zenodo.org/records/22236314/files/00-elementary-algebra-2e-bahasa-indonesia-EA2-C0082-reader.pdf?download=1"",""learner_route_state"":""course_link_only"",""native_module_id"":""m82483"",""native_translation_state"":""language_reviewed"",""ordinal"":32,""owner_source_bytes"":160353,""owner_source_path"":""work/translated-modules/m82483/index.cnxml"",""owner_source_sha256"":""d84850f92c9bcd96458b03d02991452b92b1501db7df39112e5cd412e33b4aad"",""title"":""Memahami Gradien Garis"",""unit_url"":null},""record_type"":""unit"",""recorded_at"":""2026-09-06T00:00:00Z"",""semantic_key"":""a10:module:m82483""}"
tables/units.jsonl,58,urn:uuid:6de60b3d-64b5-5ba6-a4ce-4478288e007c,unit,"{""dataset_id"":""urn:uuid:97a5d5e6-c756-5fcf-8b1d-412402caace7"",""id"":""urn:uuid:6de60b3d-64b5-5ba6-a4ce-4478288e007c"",""normalized_state"":""published"",""owner_authority_id"":""urn:uuid:7aa2ae30-7716-5b39-a47b-5ac2bdc9f035"",""owner_native_state"":""language_reviewed"",""payload"":{""body_prose_copied"":false,""chapter_start"":false,""chapter_title"":""Ekspresi dan Persamaan Rasional"",""course_id"":""urn:uuid:c2a0d387-a544-54ca-9b89-6d654a9bc200"",""edition_id"":""urn:uuid:9261c927-eace-5bda-b703-609e4a237e5f"",""label"":""8.4"",""learner_course_url"":""https://zenodo.org/records/22236314/files/00-elementary-algebra-2e-bahasa-indonesia-EA2-C0082-reader.pdf?download=1"",""learner_route_state"":""course_link_only"",""native_module_id"":""m82535"",""native_translation_state"":""language_reviewed"",""ordinal"":62,""owner_source_bytes"":156356,""owner_source_path"":""work/translated-modules/m82535/index.cnxml"",""owner_source_sha256"":""ed6b7ae24af707c12838be936ea1c26c82d639f9eee22492532ab15b20f3bb3e"",""title"":""Menjumlahkan dan Mengurangkan Ekspresi Rasional dengan Penyebut Berbeda"",""unit_url"":null},""record_type"":""unit"",""recorded_at"":""2026-09-06T00:00:00Z"",""semantic_key"":""a10:module:m82535""}"
tables/units.jsonl,48,urn:uuid:6e599efd-1f76-561c-8e85-066e78a80060,unit,"{""dataset_id"":""urn:uuid:97a5d5e6-c756-5fcf-8b1d-412402caace7"",""id"":""urn:uuid:6e599efd-1f76-561c-8e85-066e78a80060"",""normalized_state"":""published"",""owner_authority_id"":""urn:uuid:7aa2ae30-7716-5b39-a47b-5ac2bdc9f035"",""owner_native_state"":""language_reviewed"",""payload"":{""body_prose_copied"":false,""chapter_start"":false,""chapter_title"":""Polinomial"",""course_id"":""urn:uuid:c2a0d387-a544-54ca-9b89-6d654a9bc200"",""edition_id"":""urn:uuid:9261c927-eace-5bda-b703-609e4a237e5f"",""label"":""6.6"",""learner_course_url"":""https://zenodo.org/records/22236314/files/00-elementary-algebra-2e-bahasa-indonesia-EA2-C0082-reader.pdf?download=1"",""learner_route_state"":""course_link_only"",""native_module_id"":""m82513"",""native_translation_state"":""language_reviewed"",""ordinal"":49,""owner_source_bytes"":120376,""owner_source_path"":""work/translated-modules/m82513/index.cnxml"",""owner_source_sha256"":""5663abd8d4ccfd3a4ac280f5d1aac303d578b420edf8ebe1541ae2cf687a0482"",""title"":""Membagi Polinomial"",""unit_url"":null},""record_type"":""unit"",""recorded_at"":""2026-09-06T00:00:00Z"",""semantic_key"":""a10:module:m82513""}"
tables/units.jsonl,33,urn:uuid:6e611059-69d4-5ef8-9246-902e6c768e58,unit,"{""dataset_id"":""urn:uuid:97a5d5e6-c756-5fcf-8b1d-412402caace7"",""id"":""urn:uuid:6e611059-69d4-5ef8-9246-902e6c768e58"",""normalized_state"":""published"",""owner_authority_id"":""urn:uuid:7aa2ae30-7716-5b39-a47b-5ac2bdc9f035"",""owner_native_state"":""language_reviewed"",""payload"":{""body_prose_copied"":false,""chapter_start"":false,""chapter_title"":""Grafik"",""course_id"":""urn:uuid:c2a0d387-a544-54ca-9b89-6d654a9bc200"",""edition_id"":""urn:uuid:9261c927-eace-5bda-b703-609e4a237e5f"",""label"":""4.6"",""learner_course_url"":""https://zenodo.org/records/22236314/files/00-elementary-algebra-2e-bahasa-indonesia-EA2-C0082-reader.pdf?download=1"",""learner_route_state"":""course_link_only"",""native_module_id"":""m82486"",""native_translation_state"":""language_reviewed"",""ordinal"":34,""owner_source_bytes"":156592,""owner_source_path"":""work/translated-modules/m82486/index.cnxml"",""owner_source_sha256"":""0f1da7f18f569971bf2fbf6175d4303724c952e554392539ac2f6ea603ab221a"",""title"":""Menentukan Persamaan Garis"",""unit_url"":null},""record_type"":""unit"",""recorded_at"":""2026-09-06T00:00:00Z"",""semantic_key"":""a10:module:m82486""}"
tables/units.jsonl,34,urn:uuid:6f4ee5d7-6f38-503b-93e4-5cae9af72393,unit,"{""dataset_id"":""urn:uuid:97a5d5e6-c756-5fcf-8b1d-412402caace7"",""id"":""urn:uuid:6f4ee5d7-6f38-503b-93e4-5cae9af72393"",""normalized_state"":""published"",""owner_authority_id"":""urn:uuid:7aa2ae30-7716-5b39-a47b-5ac2bdc9f035"",""owner_native_state"":""language_reviewed"",""payload"":{""body_prose_copied"":false,""chapter_start"":false,""chapter_title"":""Grafik"",""course_id"":""urn:uuid:c2a0d387-a544-54ca-9b89-6d654a9bc200"",""edition_id"":""urn:uuid:9261c927-eace-5bda-b703-609e4a237e5f"",""label"":""4.7"",""learner_course_url"":""https://zenodo.org/records/22236314/files/00-elementary-algebra-2e-bahasa-indonesia-EA2-C0082-reader.pdf?download=1"",""learner_route_state"":""course_link_only"",""native_module_id"":""m82488"",""native_translation_state"":""language_reviewed"",""ordinal"":35,""owner_source_bytes"":220897,""owner_source_path"":""work/translated-modules/m82488/index.cnxml"",""owner_source_sha256"":""b0a828df75c66a9e5edce00e3a4f71341be53d12c04d48a1634c24a4d0e3579f"",""title"":""Grafik Pertidaksamaan Linear"",""unit_url"":null},""record_type"":""unit"",""recorded_at"":""2026-09-06T00:00:00Z"",""semantic_key"":""a10:module:m82488""}"
tables/units.jsonl,45,urn:uuid:710de277-f863-55ee-ab65-0ed6e8a6156a,unit,"{""dataset_id"":""urn:uuid:97a5d5e6-c756-5fcf-8b1d-412402caace7"",""id"":""urn:uuid:710de277-f863-55ee-ab65-0ed6e8a6156a"",""normalized_state"":""published"",""owner_authority_id"":""urn:uuid:7aa2ae30-7716-5b39-a47b-5ac2bdc9f035"",""owner_native_state"":""language_reviewed"",""payload"":{""body_prose_copied"":false,""chapter_start"":false,""chapter_title"":""Polinomial"",""course_id"":""urn:uuid:c2a0d387-a544-54ca-9b89-6d654a9bc200"",""edition_id"":""urn:uuid:9261c927-eace-5bda-b703-609e4a237e5f"",""label"":""6.3"",""learner_course_url"":""https://zenodo.org/records/22236314/files/00-elementary-algebra-2e-bahasa-indonesia-EA2-C0082-reader.pdf?download=1"",""learner_route_state"":""course_link_only"",""native_module_id"":""m82507"",""native_translation_state"":""language_reviewed"",""ordinal"":46,""owner_source_bytes"":175181,""owner_source_path"":""work/translated-modules/m82507/index.cnxml"",""owner_source_sha256"":""f4edf33ce3c661463f9302aea018032fc49aec0c78898968f69a6b70050e2157"",""title"":""Mengalikan Polinomial"",""unit_url"":null},""record_type"":""unit"",""recorded_at"":""2026-09-06T00:00:00Z"",""semantic_key"":""a10:module:m82507""}"
tables/units.jsonl,62,urn:uuid:71c7a5a8-3019-5ce9-ba3e-106f1147999a,unit,"{""dataset_id"":""urn:uuid:97a5d5e6-c756-5fcf-8b1d-412402caace7"",""id"":""urn:uuid:71c7a5a8-3019-5ce9-ba3e-106f1147999a"",""normalized_state"":""published"",""owner_authority_id"":""urn:uuid:7aa2ae30-7716-5b39-a47b-5ac2bdc9f035"",""owner_native_state"":""language_reviewed"",""payload"":{""body_prose_copied"":false,""chapter_start"":false,""chapter_title"":""Ekspresi dan Persamaan Rasional"",""course_id"":""urn:uuid:c2a0d387-a544-54ca-9b89-6d654a9bc200"",""edition_id"":""urn:uuid:9261c927-eace-5bda-b703-609e4a237e5f"",""label"":""8.8"",""learner_course_url"":""https://zenodo.org/records/22236314/files/00-elementary-algebra-2e-bahasa-indonesia-EA2-C0082-reader.pdf?download=1"",""learner_route_state"":""course_link_only"",""native_module_id"":""m82543"",""native_translation_state"":""language_reviewed"",""ordinal"":66,""owner_source_bytes"":70445,""owner_source_path"":""work/translated-modules/m82543/index.cnxml"",""owner_source_sha256"":""dff048f110315d954d33bc54165b6ce6c1002053d38714bdb270d4923a38aea9"",""title"":""Menyelesaikan Soal Penerapan Gerak dengan Laju Tetap dan Kerja"",""unit_url"":null},""record_type"":""unit"",""recorded_at"":""2026-09-06T00:00:00Z"",""semantic_key"":""a10:module:m82543""}"
tables/units.jsonl,9,urn:uuid:74afde90-4a7c-5faa-b959-ab847bc7d271,unit,"{""dataset_id"":""urn:uuid:97a5d5e6-c756-5fcf-8b1d-412402caace7"",""id"":""urn:uuid:74afde90-4a7c-5faa-b959-ab847bc7d271"",""normalized_state"":""published"",""owner_authority_id"":""urn:uuid:7aa2ae30-7716-5b39-a47b-5ac2bdc9f035"",""owner_native_state"":""language_reviewed"",""payload"":{""body_prose_copied"":false,""chapter_start"":false,""chapter_title"":""Dasar-Dasar"",""course_id"":""urn:uuid:c2a0d387-a544-54ca-9b89-6d654a9bc200"",""edition_id"":""urn:uuid:9261c927-eace-5bda-b703-609e4a237e5f"",""label"":""1.8"",""learner_course_url"":""https://zenodo.org/records/22236314/files/00-elementary-algebra-2e-bahasa-indonesia-EA2-C0082-reader.pdf?download=1"",""learner_route_state"":""course_link_only"",""native_module_id"":""m82459"",""native_translation_state"":""language_reviewed"",""ordinal"":10,""owner_source_bytes"":137449,""owner_source_path"":""work/translated-modules/m82459/index.cnxml"",""owner_source_sha256"":""3c3ec2181f98820713a523ac32bd7206ef5805d298b000ec9d5e3fe59ae88a73"",""title"":""Bilangan Real"",""unit_url"":null},""record_type"":""unit"",""recorded_at"":""2026-09-06T00:00:00Z"",""semantic_key"":""a10:module:m82459""}"
tables/units.jsonl,37,urn:uuid:7923c1ff-76bf-59d3-ae07-5d9c157e484d,unit,"{""dataset_id"":""urn:uuid:97a5d5e6-c756-5fcf-8b1d-412402caace7"",""id"":""urn:uuid:7923c1ff-76bf-59d3-ae07-5d9c157e484d"",""normalized_state"":""published"",""owner_authority_id"":""urn:uuid:7aa2ae30-7716-5b39-a47b-5ac2bdc9f035"",""owner_native_state"":""language_reviewed"",""payload"":{""body_prose_copied"":false,""chapter_start"":false,""chapter_title"":""Sistem Persamaan Linear"",""course_id"":""urn:uuid:c2a0d387-a544-54ca-9b89-6d654a9bc200"",""edition_id"":""urn:uuid:9261c927-eace-5bda-b703-609e4a237e5f"",""label"":""5.2"",""learner_course_url"":""https://zenodo.org/records/22236314/files/00-elementary-algebra-2e-bahasa-indonesia-EA2-C0082-reader.pdf?download=1"",""learner_route_state"":""course_link_only"",""native_module_id"":""m82494"",""native_translation_state"":""language_reviewed"",""ordinal"":38,""owner_source_bytes"":147408,""owner_source_path"":""work/translated-modules/m82494/index.cnxml"",""owner_source_sha256"":""a29dfef8690b4c95ba1be690bdc2c0dab1945d926c19ba66800f3413e069ccab"",""title"":""Menyelesaikan Sistem Persamaan dengan Substitusi"",""unit_url"":null},""record_type"":""unit"",""recorded_at"":""2026-09-06T00:00:00Z"",""semantic_key"":""a10:module:m82494""}"
tables/units.jsonl,70,urn:uuid:7ae17e04-bf99-5bd4-bd1b-aa0e4129ff67,unit,"{""dataset_id"":""urn:uuid:97a5d5e6-c756-5fcf-8b1d-412402caace7"",""id"":""urn:uuid:7ae17e04-bf99-5bd4-bd1b-aa0e4129ff67"",""normalized_state"":""published"",""owner_authority_id"":""urn:uuid:7aa2ae30-7716-5b39-a47b-5ac2bdc9f035"",""owner_native_state"":""language_reviewed"",""payload"":{""body_prose_copied"":false,""chapter_start"":false,""chapter_title"":""Akar dan Bentuk Radikal"",""course_id"":""urn:uuid:c2a0d387-a544-54ca-9b89-6d654a9bc200"",""edition_id"":""urn:uuid:9261c927-eace-5bda-b703-609e4a237e5f"",""label"":""9.7"",""learner_course_url"":""https://zenodo.org/records/22236314/files/00-elementary-algebra-2e-bahasa-indonesia-EA2-C0082-reader.pdf?download=1"",""learner_route_state"":""course_link_only"",""native_module_id"":""m82552"",""native_translation_state"":""language_reviewed"",""ordinal"":75,""owner_source_bytes"":181011,""owner_source_path"":""work/translated-modules/m82552/index.cnxml"",""owner_source_sha256"":""9db720ace24182557b7c034e7c2c97e0b83241523cc512a8d6e86e5bf227a760"",""title"":""Akar Berindeks Lebih Tinggi"",""unit_url"":null},""record_type"":""unit"",""recorded_at"":""2026-09-06T00:00:00Z"",""semantic_key"":""a10:module:m82552""}"
tables/units.jsonl,79,urn:uuid:83ae39ef-05c7-5a8f-9238-ba28179b33d2,unit,"{""dataset_id"":""urn:uuid:97a5d5e6-c756-5fcf-8b1d-412402caace7"",""id"":""urn:uuid:83ae39ef-05c7-5a8f-9238-ba28179b33d2"",""normalized_state"":""published"",""owner_authority_id"":""urn:uuid:7aa2ae30-7716-5b39-a47b-5ac2bdc9f035"",""owner_native_state"":""language_reviewed"",""payload"":{""body_prose_copied"":false,""chapter_start"":true,""chapter_title"":""Pemfaktoran"",""course_id"":""urn:uuid:c2a0d387-a544-54ca-9b89-6d654a9bc200"",""edition_id"":""urn:uuid:9261c927-eace-5bda-b703-609e4a237e5f"",""label"":""Bab 7"",""learner_course_url"":""https://zenodo.org/records/22236314/files/00-elementary-algebra-2e-bahasa-indonesia-EA2-C0082-reader.pdf?download=1"",""learner_route_state"":""course_link_only"",""native_module_id"":""m82561"",""native_translation_state"":""language_reviewed"",""ordinal"":51,""owner_source_bytes"":1406,""owner_source_path"":""work/translated-modules/m82561/index.cnxml"",""owner_source_sha256"":""5cc249c558a8dd35bb0394e22878fcd0ff0040fb8eb61d54d36713aae4ea2ede"",""title"":""Pendahuluan"",""unit_url"":null},""record_type"":""unit"",""recorded_at"":""2026-09-06T00:00:00Z"",""semantic_key"":""a10:module:m82561""}"
tables/units.jsonl,49,urn:uuid:85cc5962-adcd-5960-8634-70dab0b8f133,unit,"{""dataset_id"":""urn:uuid:97a5d5e6-c756-5fcf-8b1d-412402caace7"",""id"":""urn:uuid:85cc5962-adcd-5960-8634-70dab0b8f133"",""normalized_state"":""published"",""owner_authority_id"":""urn:uuid:7aa2ae30-7716-5b39-a47b-5ac2bdc9f035"",""owner_native_state"":""language_reviewed"",""payload"":{""body_prose_copied"":false,""chapter_start"":false,""chapter_title"":""Polinomial"",""course_id"":""urn:uuid:c2a0d387-a544-54ca-9b89-6d654a9bc200"",""edition_id"":""urn:uuid:9261c927-eace-5bda-b703-609e4a237e5f"",""label"":""6.7"",""learner_course_url"":""https://zenodo.org/records/22236314/files/00-elementary-algebra-2e-bahasa-indonesia-EA2-C0082-reader.pdf?download=1"",""learner_route_state"":""course_link_only"",""native_module_id"":""m82514"",""native_translation_state"":""language_reviewed"",""ordinal"":50,""owner_source_bytes"":291493,""owner_source_path"":""work/translated-modules/m82514/index.cnxml"",""owner_source_sha256"":""a5c3a2d09e3cc48f5ffb107acf8d2663ce7ac2acdc5b3680d9df55525e10a3f7"",""title"":""Eksponen Bilangan Bulat dan Notasi Ilmiah"",""unit_url"":null},""record_type"":""unit"",""recorded_at"":""2026-09-06T00:00:00Z"",""semantic_key"":""a10:module:m82514""}"
tables/units.jsonl,73,urn:uuid:86a28a15-6c06-542b-b77d-f9ed160e6499,unit,"{""dataset_id"":""urn:uuid:97a5d5e6-c756-5fcf-8b1d-412402caace7"",""id"":""urn:uuid:86a28a15-6c06-542b-b77d-f9ed160e6499"",""normalized_state"":""published"",""owner_authority_id"":""urn:uuid:7aa2ae30-7716-5b39-a47b-5ac2bdc9f035"",""owner_native_state"":""language_reviewed"",""payload"":{""body_prose_copied"":false,""chapter_start"":false,""chapter_title"":""Persamaan Kuadrat"",""course_id"":""urn:uuid:c2a0d387-a544-54ca-9b89-6d654a9bc200"",""edition_id"":""urn:uuid:9261c927-eace-5bda-b703-609e4a237e5f"",""label"":""10.1"",""learner_course_url"":""https://zenodo.org/records/22236314/files/00-elementary-algebra-2e-bahasa-indonesia-EA2-C0082-reader.pdf?download=1"",""learner_route_state"":""course_link_only"",""native_module_id"":""m82555"",""native_translation_state"":""language_reviewed"",""ordinal"":78,""owner_source_bytes"":108668,""owner_source_path"":""work/translated-modules/m82555/index.cnxml"",""owner_source_sha256"":""f33c772412eb09766cc190c6748337250f7f48f07755eb344ade69e574e54ef1"",""title"":""Menyelesaikan Persamaan Kuadrat Menggunakan Sifat Akar Kuadrat"",""unit_url"":null},""record_type"":""unit"",""recorded_at"":""2026-09-06T00:00:00Z"",""semantic_key"":""a10:module:m82555""}"
tables/units.jsonl,57,urn:uuid:9d104732-deeb-520b-952d-2578f4b9e835,unit,"{""dataset_id"":""urn:uuid:97a5d5e6-c756-5fcf-8b1d-412402caace7"",""id"":""urn:uuid:9d104732-deeb-520b-952d-2578f4b9e835"",""normalized_state"":""published"",""owner_authority_id"":""urn:uuid:7aa2ae30-7716-5b39-a47b-5ac2bdc9f035"",""owner_native_state"":""language_reviewed"",""payload"":{""body_prose_copied"":false,""chapter_start"":false,""chapter_title"":""Ekspresi dan Persamaan Rasional"",""course_id"":""urn:uuid:c2a0d387-a544-54ca-9b89-6d654a9bc200"",""edition_id"":""urn:uuid:9261c927-eace-5bda-b703-609e4a237e5f"",""label"":""8.3"",""learner_course_url"":""https://zenodo.org/records/22236314/files/00-elementary-algebra-2e-bahasa-indonesia-EA2-C0082-reader.pdf?download=1"",""learner_route_state"":""course_link_only"",""native_module_id"":""m82534"",""native_translation_state"":""language_reviewed"",""ordinal"":61,""owner_source_bytes"":81323,""owner_source_path"":""work/translated-modules/m82534/index.cnxml"",""owner_source_sha256"":""f05ee9324caf172fc7d2fa69d83e1f5667b4c057d5a37c4c91834acb9c7b4aae"",""title"":""Menjumlahkan dan Mengurangkan Ekspresi Rasional dengan Penyebut yang Sama"",""unit_url"":null},""record_type"":""unit"",""recorded_at"":""2026-09-06T00:00:00Z"",""semantic_key"":""a10:module:m82534""}"
tables/units.jsonl,65,urn:uuid:9d4d115c-4f3a-579a-b696-693542ea6f10,unit,"{""dataset_id"":""urn:uuid:97a5d5e6-c756-5fcf-8b1d-412402caace7"",""id"":""urn:uuid:9d4d115c-4f3a-579a-b696-693542ea6f10"",""normalized_state"":""published"",""owner_authority_id"":""urn:uuid:7aa2ae30-7716-5b39-a47b-5ac2bdc9f035"",""owner_native_state"":""language_reviewed"",""payload"":{""body_prose_copied"":false,""chapter_start"":false,""chapter_title"":""Akar dan Bentuk Radikal"",""course_id"":""urn:uuid:c2a0d387-a544-54ca-9b89-6d654a9bc200"",""edition_id"":""urn:uuid:9261c927-eace-5bda-b703-609e4a237e5f"",""label"":""9.2"",""learner_course_url"":""https://zenodo.org/records/22236314/files/00-elementary-algebra-2e-bahasa-indonesia-EA2-C0082-reader.pdf?download=1"",""learner_route_state"":""course_link_only"",""native_module_id"":""m82546"",""native_translation_state"":""language_reviewed"",""ordinal"":70,""owner_source_bytes"":110576,""owner_source_path"":""work/translated-modules/m82546/index.cnxml"",""owner_source_sha256"":""2f132fc7a40ffc4895d505530ea902b9f80ac4f926be0db9088b1b437d576e2d"",""title"":""Menyederhanakan Akar Kuadrat"",""unit_url"":null},""record_type"":""unit"",""recorded_at"":""2026-09-06T00:00:00Z"",""semantic_key"":""a10:module:m82546""}"
tables/units.jsonl,72,urn:uuid:9e6b7b22-c59e-5600-a74f-7f6c8e486197,unit,"{""dataset_id"":""urn:uuid:97a5d5e6-c756-5fcf-8b1d-412402caace7"",""id"":""urn:uuid:9e6b7b22-c59e-5600-a74f-7f6c8e486197"",""normalized_state"":""published"",""owner_authority_id"":""urn:uuid:7aa2ae30-7716-5b39-a47b-5ac2bdc9f035"",""owner_native_state"":""language_reviewed"",""payload"":{""body_prose_copied"":false,""chapter_start"":true,""chapter_title"":""Persamaan Kuadrat"",""course_id"":""urn:uuid:c2a0d387-a544-54ca-9b89-6d654a9bc200"",""edition_id"":""urn:uuid:9261c927-eace-5bda-b703-609e4a237e5f"",""label"":""Bab 10"",""learner_course_url"":""https://zenodo.org/records/22236314/files/00-elementary-algebra-2e-bahasa-indonesia-EA2-C0082-reader.pdf?download=1"",""learner_route_state"":""course_link_only"",""native_module_id"":""m82554"",""native_translation_state"":""language_reviewed"",""ordinal"":77,""owner_source_bytes"":1111,""owner_source_path"":""work/translated-modules/m82554/index.cnxml"",""owner_source_sha256"":""bd98979f9f1d4c6b7c41b377f4e76cf0ae4df3fe362da8c3c1d671580c9fec18"",""title"":""Pendahuluan"",""unit_url"":null},""record_type"":""unit"",""recorded_at"":""2026-09-06T00:00:00Z"",""semantic_key"":""a10:module:m82554""}"
tables/units.jsonl,12,urn:uuid:a16ddaa1-8382-5a8f-93e5-de8e3fc3b20b,unit,"{""dataset_id"":""urn:uuid:97a5d5e6-c756-5fcf-8b1d-412402caace7"",""id"":""urn:uuid:a16ddaa1-8382-5a8f-93e5-de8e3fc3b20b"",""normalized_state"":""published"",""owner_authority_id"":""urn:uuid:7aa2ae30-7716-5b39-a47b-5ac2bdc9f035"",""owner_native_state"":""language_reviewed"",""payload"":{""body_prose_copied"":false,""chapter_start"":true,""chapter_title"":""Menyelesaikan Persamaan dan Pertidaksamaan Linear"",""course_id"":""urn:uuid:c2a0d387-a544-54ca-9b89-6d654a9bc200"",""edition_id"":""urn:uuid:9261c927-eace-5bda-b703-609e4a237e5f"",""label"":""Bab 2"",""learner_course_url"":""https://zenodo.org/records/22236314/files/00-elementary-algebra-2e-bahasa-indonesia-EA2-C0082-reader.pdf?download=1"",""learner_route_state"":""course_link_only"",""native_module_id"":""m82462"",""native_translation_state"":""language_reviewed"",""ordinal"":13,""owner_source_bytes"":1332,""owner_source_path"":""work/translated-modules/m82462/index.cnxml"",""owner_source_sha256"":""bd226bd3d2e0db240907809772ae70806c7a00278c3be35161aefe549086b452"",""title"":""Pendahuluan"",""unit_url"":null},""record_type"":""unit"",""recorded_at"":""2026-09-06T00:00:00Z"",""semantic_key"":""a10:module:m82462""}"
tables/units.jsonl,18,urn:uuid:a66e374d-372e-52fb-bbde-8da11aea1a90,unit,"{""dataset_id"":""urn:uuid:97a5d5e6-c756-5fcf-8b1d-412402caace7"",""id"":""urn:uuid:a66e374d-372e-52fb-bbde-8da11aea1a90"",""normalized_state"":""published"",""owner_authority_id"":""urn:uuid:7aa2ae30-7716-5b39-a47b-5ac2bdc9f035"",""owner_native_state"":""language_reviewed"",""payload"":{""body_prose_copied"":false,""chapter_start"":false,""chapter_title"":""Menyelesaikan Persamaan dan Pertidaksamaan Linear"",""course_id"":""urn:uuid:c2a0d387-a544-54ca-9b89-6d654a9bc200"",""edition_id"":""urn:uuid:9261c927-eace-5bda-b703-609e4a237e5f"",""label"":""2.6"",""learner_course_url"":""https://zenodo.org/records/22236314/files/00-elementary-algebra-2e-bahasa-indonesia-EA2-C0082-reader.pdf?download=1"",""learner_route_state"":""course_link_only"",""native_module_id"":""m82469"",""native_translation_state"":""language_reviewed"",""ordinal"":19,""owner_source_bytes"":81093,""owner_source_path"":""work/translated-modules/m82469/index.cnxml"",""owner_source_sha256"":""31fde254b86d46af9dfad36143ca1955a67277c68c54e01a927c52c714c1278b"",""title"":""Menyelesaikan Rumus untuk Variabel Tertentu"",""unit_url"":null},""record_type"":""unit"",""recorded_at"":""2026-09-06T00:00:00Z"",""semantic_key"":""a10:module:m82469""}"
tables/units.jsonl,3,urn:uuid:ab4c3568-a7df-52ae-aef6-810ddc589582,unit,"{""dataset_id"":""urn:uuid:97a5d5e6-c756-5fcf-8b1d-412402caace7"",""id"":""urn:uuid:ab4c3568-a7df-52ae-aef6-810ddc589582"",""normalized_state"":""published"",""owner_authority_id"":""urn:uuid:7aa2ae30-7716-5b39-a47b-5ac2bdc9f035"",""owner_native_state"":""language_reviewed"",""payload"":{""body_prose_copied"":false,""chapter_start"":false,""chapter_title"":""Dasar-Dasar"",""course_id"":""urn:uuid:c2a0d387-a544-54ca-9b89-6d654a9bc200"",""edition_id"":""urn:uuid:9261c927-eace-5bda-b703-609e4a237e5f"",""label"":""1.2"",""learner_course_url"":""https://zenodo.org/records/22236314/files/00-elementary-algebra-2e-bahasa-indonesia-EA2-C0082-reader.pdf?download=1"",""learner_route_state"":""course_link_only"",""native_module_id"":""m82453"",""native_translation_state"":""language_reviewed"",""ordinal"":4,""owner_source_bytes"":186256,""owner_source_path"":""work/translated-modules/m82453/index.cnxml"",""owner_source_sha256"":""0bc73efde26e7af018fb61149c81a00a8706fd54c407e2ebdeee427531b449b2"",""title"":""Gunakan Bahasa Aljabar"",""unit_url"":null},""record_type"":""unit"",""recorded_at"":""2026-09-06T00:00:00Z"",""semantic_key"":""a10:module:m82453""}"
tables/units.jsonl,19,urn:uuid:ad2d8223-0f68-5610-88b2-ae6a3620901e,unit,"{""dataset_id"":""urn:uuid:97a5d5e6-c756-5fcf-8b1d-412402caace7"",""id"":""urn:uuid:ad2d8223-0f68-5610-88b2-ae6a3620901e"",""normalized_state"":""published"",""owner_authority_id"":""urn:uuid:7aa2ae30-7716-5b39-a47b-5ac2bdc9f035"",""owner_native_state"":""language_reviewed"",""payload"":{""body_prose_copied"":false,""chapter_start"":false,""chapter_title"":""Menyelesaikan Persamaan dan Pertidaksamaan Linear"",""course_id"":""urn:uuid:c2a0d387-a544-54ca-9b89-6d654a9bc200"",""edition_id"":""urn:uuid:9261c927-eace-5bda-b703-609e4a237e5f"",""label"":""2.7"",""learner_course_url"":""https://zenodo.org/records/22236314/files/00-elementary-algebra-2e-bahasa-indonesia-EA2-C0082-reader.pdf?download=1"",""learner_route_state"":""course_link_only"",""native_module_id"":""m82470"",""native_translation_state"":""language_reviewed"",""ordinal"":20,""owner_source_bytes"":238265,""owner_source_path"":""work/translated-modules/m82470/index.cnxml"",""owner_source_sha256"":""1dc6e3e6a97a62a840f8533dc192333699d94643ef62a454786f5a14440c0980"",""title"":""Menyelesaikan Pertidaksamaan Linear"",""unit_url"":null},""record_type"":""unit"",""recorded_at"":""2026-09-06T00:00:00Z"",""semantic_key"":""a10:module:m82470""}"
tables/units.jsonl,35,urn:uuid:b5547cef-c574-57c5-b188-7a63f3835e07,unit,"{""dataset_id"":""urn:uuid:97a5d5e6-c756-5fcf-8b1d-412402caace7"",""id"":""urn:uuid:b5547cef-c574-57c5-b188-7a63f3835e07"",""normalized_state"":""published"",""owner_authority_id"":""urn:uuid:7aa2ae30-7716-5b39-a47b-5ac2bdc9f035"",""owner_native_state"":""language_reviewed"",""payload"":{""body_prose_copied"":false,""chapter_start"":true,""chapter_title"":""Sistem Persamaan Linear"",""course_id"":""urn:uuid:c2a0d387-a544-54ca-9b89-6d654a9bc200"",""edition_id"":""urn:uuid:9261c927-eace-5bda-b703-609e4a237e5f"",""label"":""Bab 5"",""learner_course_url"":""https://zenodo.org/records/22236314/files/00-elementary-algebra-2e-bahasa-indonesia-EA2-C0082-reader.pdf?download=1"",""learner_route_state"":""course_link_only"",""native_module_id"":""m82489"",""native_translation_state"":""language_reviewed"",""ordinal"":36,""owner_source_bytes"":1618,""owner_source_path"":""work/translated-modules/m82489/index.cnxml"",""owner_source_sha256"":""123500cb68732b46fc38294660d47dd62e5959556421d30a9d5e88c8c6cfd537"",""title"":""Pendahuluan"",""unit_url"":null},""record_type"":""unit"",""recorded_at"":""2026-09-06T00:00:00Z"",""semantic_key"":""a10:module:m82489""}"
tables/units.jsonl,6,urn:uuid:bbe47adf-c606-5eb6-9e22-afce7e42f9b1,unit,"{""dataset_id"":""urn:uuid:97a5d5e6-c756-5fcf-8b1d-412402caace7"",""id"":""urn:uuid:bbe47adf-c606-5eb6-9e22-afce7e42f9b1"",""normalized_state"":""published"",""owner_authority_id"":""urn:uuid:7aa2ae30-7716-5b39-a47b-5ac2bdc9f035"",""owner_native_state"":""language_reviewed"",""payload"":{""body_prose_copied"":false,""chapter_start"":false,""chapter_title"":""Dasar-Dasar"",""course_id"":""urn:uuid:c2a0d387-a544-54ca-9b89-6d654a9bc200"",""edition_id"":""urn:uuid:9261c927-eace-5bda-b703-609e4a237e5f"",""label"":""1.5"",""learner_course_url"":""https://zenodo.org/records/22236314/files/00-elementary-algebra-2e-bahasa-indonesia-EA2-C0082-reader.pdf?download=1"",""learner_route_state"":""course_link_only"",""native_module_id"":""m82456"",""native_translation_state"":""language_reviewed"",""ordinal"":7,""owner_source_bytes"":121474,""owner_source_path"":""work/translated-modules/m82456/index.cnxml"",""owner_source_sha256"":""187471e798c1dec3f0d99943ab24c9be4b88671b44cedc64a93281a8091bc6c6"",""title"":""Memvisualisasikan Pecahan"",""unit_url"":null},""record_type"":""unit"",""recorded_at"":""2026-09-06T00:00:00Z"",""semantic_key"":""a10:module:m82456""}"
tables/units.jsonl,51,urn:uuid:be937f6e-c279-5196-9322-b473531f28dc,unit,"{""dataset_id"":""urn:uuid:97a5d5e6-c756-5fcf-8b1d-412402caace7"",""id"":""urn:uuid:be937f6e-c279-5196-9322-b473531f28dc"",""normalized_state"":""published"",""owner_authority_id"":""urn:uuid:7aa2ae30-7716-5b39-a47b-5ac2bdc9f035"",""owner_native_state"":""language_reviewed"",""payload"":{""body_prose_copied"":false,""chapter_start"":false,""chapter_title"":""Pemfaktoran"",""course_id"":""urn:uuid:c2a0d387-a544-54ca-9b89-6d654a9bc200"",""edition_id"":""urn:uuid:9261c927-eace-5bda-b703-609e4a237e5f"",""label"":""7.4"",""learner_course_url"":""https://zenodo.org/records/22236314/files/00-elementary-algebra-2e-bahasa-indonesia-EA2-C0082-reader.pdf?download=1"",""learner_route_state"":""course_link_only"",""native_module_id"":""m82528"",""native_translation_state"":""language_reviewed"",""ordinal"":55,""owner_source_bytes"":150987,""owner_source_path"":""work/translated-modules/m82528/index.cnxml"",""owner_source_sha256"":""f011883b3aaf51258d69358a98a257f8d41514396e9f899c310e66a5548cbc06"",""title"":""Memfaktorkan Hasil Kali Istimewa"",""unit_url"":null},""record_type"":""unit"",""recorded_at"":""2026-09-06T00:00:00Z"",""semantic_key"":""a10:module:m82528""}"
tables/units.jsonl,77,urn:uuid:bea45432-16c8-56df-bbcf-aaf42055865a,unit,"{""dataset_id"":""urn:uuid:97a5d5e6-c756-5fcf-8b1d-412402caace7"",""id"":""urn:uuid:bea45432-16c8-56df-bbcf-aaf42055865a"",""normalized_state"":""published"",""owner_authority_id"":""urn:uuid:7aa2ae30-7716-5b39-a47b-5ac2bdc9f035"",""owner_native_state"":""language_reviewed"",""payload"":{""body_prose_copied"":false,""chapter_start"":false,""chapter_title"":""Persamaan Kuadrat"",""course_id"":""urn:uuid:c2a0d387-a544-54ca-9b89-6d654a9bc200"",""edition_id"":""urn:uuid:9261c927-eace-5bda-b703-609e4a237e5f"",""label"":""10.5"",""learner_course_url"":""https://zenodo.org/records/22236314/files/00-elementary-algebra-2e-bahasa-indonesia-EA2-C0082-reader.pdf?download=1"",""learner_route_state"":""course_link_only"",""native_module_id"":""m82559"",""native_translation_state"":""language_reviewed"",""ordinal"":82,""owner_source_bytes"":288017,""owner_source_path"":""work/translated-modules/m82559/index.cnxml"",""owner_source_sha256"":""e694eddc2b106b6c64fe5e9adccd8b8fd0d2b31aa08410ef6101861cfa639928"",""title"":""Menggambar Grafik Persamaan Kuadrat dalam Dua Variabel"",""unit_url"":null},""record_type"":""unit"",""recorded_at"":""2026-09-06T00:00:00Z"",""semantic_key"":""a10:module:m82559""}"
tables/units.jsonl,55,urn:uuid:bf6b7ee9-b51e-59d5-bb07-08ad4945dd9b,unit,"{""dataset_id"":""urn:uuid:97a5d5e6-c756-5fcf-8b1d-412402caace7"",""id"":""urn:uuid:bf6b7ee9-b51e-59d5-bb07-08ad4945dd9b"",""normalized_state"":""published"",""owner_authority_id"":""urn:uuid:7aa2ae30-7716-5b39-a47b-5ac2bdc9f035"",""owner_native_state"":""language_reviewed"",""payload"":{""body_prose_copied"":false,""chapter_start"":false,""chapter_title"":""Ekspresi dan Persamaan Rasional"",""course_id"":""urn:uuid:c2a0d387-a544-54ca-9b89-6d654a9bc200"",""edition_id"":""urn:uuid:9261c927-eace-5bda-b703-609e4a237e5f"",""label"":""8.1"",""learner_course_url"":""https://zenodo.org/records/22236314/files/00-elementary-algebra-2e-bahasa-indonesia-EA2-C0082-reader.pdf?download=1"",""learner_route_state"":""course_link_only"",""native_module_id"":""m82532"",""native_translation_state"":""language_reviewed"",""ordinal"":59,""owner_source_bytes"":167123,""owner_source_path"":""work/translated-modules/m82532/index.cnxml"",""owner_source_sha256"":""6c4450305d00d043ae4599d3b58fff70338dd3fb7ece7af4617a0961513f7259"",""title"":""Menyederhanakan Ekspresi Rasional"",""unit_url"":null},""record_type"":""unit"",""recorded_at"":""2026-09-06T00:00:00Z"",""semantic_key"":""a10:module:m82532""}"
tables/units.jsonl,82,urn:uuid:c49dc470-88fb-5b13-b15c-d21d22f7859d,unit,"{""dataset_id"":""urn:uuid:97a5d5e6-c756-5fcf-8b1d-412402caace7"",""id"":""urn:uuid:c49dc470-88fb-5b13-b15c-d21d22f7859d"",""normalized_state"":""published"",""owner_authority_id"":""urn:uuid:7aa2ae30-7716-5b39-a47b-5ac2bdc9f035"",""owner_native_state"":""language_reviewed"",""payload"":{""body_prose_copied"":false,""chapter_start"":false,""chapter_title"":null,""course_id"":""urn:uuid:c2a0d387-a544-54ca-9b89-6d654a9bc200"",""edition_id"":""urn:uuid:9261c927-eace-5bda-b703-609e4a237e5f"",""label"":""Prakata"",""learner_course_url"":""https://zenodo.org/records/22236314/files/00-elementary-algebra-2e-bahasa-indonesia-EA2-C0082-reader.pdf?download=1"",""learner_route_state"":""course_link_only"",""native_module_id"":""m82630"",""native_translation_state"":""language_reviewed"",""ordinal"":1,""owner_source_bytes"":23915,""owner_source_path"":""work/translated-modules/m82630/index.cnxml"",""owner_source_sha256"":""058baa7dfa8bba18694373c8ab48058a49ac4d98dd5b8e3a19822a37847ce173"",""title"":""Prakata"",""unit_url"":null},""record_type"":""unit"",""recorded_at"":""2026-09-06T00:00:00Z"",""semantic_key"":""a10:module:m82630""}"
tables/units.jsonl,63,urn:uuid:c54d2c6b-e42a-5092-8527-505e64d58766,unit,"{""dataset_id"":""urn:uuid:97a5d5e6-c756-5fcf-8b1d-412402caace7"",""id"":""urn:uuid:c54d2c6b-e42a-5092-8527-505e64d58766"",""normalized_state"":""published"",""owner_authority_id"":""urn:uuid:7aa2ae30-7716-5b39-a47b-5ac2bdc9f035"",""owner_native_state"":""language_reviewed"",""payload"":{""body_prose_copied"":false,""chapter_start"":true,""chapter_title"":""Akar dan Bentuk Radikal"",""course_id"":""urn:uuid:c2a0d387-a544-54ca-9b89-6d654a9bc200"",""edition_id"":""urn:uuid:9261c927-eace-5bda-b703-609e4a237e5f"",""label"":""Bab 9"",""learner_course_url"":""https://zenodo.org/records/22236314/files/00-elementary-algebra-2e-bahasa-indonesia-EA2-C0082-reader.pdf?download=1"",""learner_route_state"":""course_link_only"",""native_module_id"":""m82544"",""native_translation_state"":""language_reviewed"",""ordinal"":68,""owner_source_bytes"":1321,""owner_source_path"":""work/translated-modules/m82544/index.cnxml"",""owner_source_sha256"":""27a3d89c24a1f43dddda40fcb5a14298064aeadabb64b868a53498f12abfbb09"",""title"":""Pendahuluan"",""unit_url"":null},""record_type"":""unit"",""recorded_at"":""2026-09-06T00:00:00Z"",""semantic_key"":""a10:module:m82544""}"
tables/units.jsonl,17,urn:uuid:c6001bb0-e090-58da-9dbe-04fc98a1a9ac,unit,"{""dataset_id"":""urn:uuid:97a5d5e6-c756-5fcf-8b1d-412402caace7"",""id"":""urn:uuid:c6001bb0-e090-58da-9dbe-04fc98a1a9ac"",""normalized_state"":""published"",""owner_authority_id"":""urn:uuid:7aa2ae30-7716-5b39-a47b-5ac2bdc9f035"",""owner_native_state"":""language_reviewed"",""payload"":{""body_prose_copied"":false,""chapter_start"":false,""chapter_title"":""Menyelesaikan Persamaan dan Pertidaksamaan Linear"",""course_id"":""urn:uuid:c2a0d387-a544-54ca-9b89-6d654a9bc200"",""edition_id"":""urn:uuid:9261c927-eace-5bda-b703-609e4a237e5f"",""label"":""2.5"",""learner_course_url"":""https://zenodo.org/records/22236314/files/00-elementary-algebra-2e-bahasa-indonesia-EA2-C0082-reader.pdf?download=1"",""learner_route_state"":""course_link_only"",""native_module_id"":""m82468"",""native_translation_state"":""language_reviewed"",""ordinal"":18,""owner_source_bytes"":96566,""owner_source_path"":""work/translated-modules/m82468/index.cnxml"",""owner_source_sha256"":""68875e23c39c70e180d2050699b0cb53fe27b7319ab338cb59fadb4dda8e0a4e"",""title"":""Menyelesaikan Persamaan dengan Koefisien Pecahan atau Desimal"",""unit_url"":null},""record_type"":""unit"",""recorded_at"":""2026-09-06T00:00:00Z"",""semantic_key"":""a10:module:m82468""}"
tables/units.jsonl,13,urn:uuid:c8d398a3-6fbe-56bc-a033-3d0abec57814,unit,"{""dataset_id"":""urn:uuid:97a5d5e6-c756-5fcf-8b1d-412402caace7"",""id"":""urn:uuid:c8d398a3-6fbe-56bc-a033-3d0abec57814"",""normalized_state"":""published"",""owner_authority_id"":""urn:uuid:7aa2ae30-7716-5b39-a47b-5ac2bdc9f035"",""owner_native_state"":""language_reviewed"",""payload"":{""body_prose_copied"":false,""chapter_start"":false,""chapter_title"":""Menyelesaikan Persamaan dan Pertidaksamaan Linear"",""course_id"":""urn:uuid:c2a0d387-a544-54ca-9b89-6d654a9bc200"",""edition_id"":""urn:uuid:9261c927-eace-5bda-b703-609e4a237e5f"",""label"":""2.1"",""learner_course_url"":""https://zenodo.org/records/22236314/files/00-elementary-algebra-2e-bahasa-indonesia-EA2-C0082-reader.pdf?download=1"",""learner_route_state"":""course_link_only"",""native_module_id"":""m82463"",""native_translation_state"":""language_reviewed"",""ordinal"":14,""owner_source_bytes"":118340,""owner_source_path"":""work/translated-modules/m82463/index.cnxml"",""owner_source_sha256"":""0f9d709ce2b32c18254be9f11a57db1b70f9477739e2b9dddc6857ad3992fe85"",""title"":""Menyelesaikan Persamaan Menggunakan Sifat Pengurangan dan Penjumlahan pada Kesamaan"",""unit_url"":null},""record_type"":""unit"",""recorded_at"":""2026-09-06T00:00:00Z"",""semantic_key"":""a10:module:m82463""}"
tables/units.jsonl,80,urn:uuid:cf8fc5c8-3879-5d84-b664-6ca66516b7f0,unit,"{""dataset_id"":""urn:uuid:97a5d5e6-c756-5fcf-8b1d-412402caace7"",""id"":""urn:uuid:cf8fc5c8-3879-5d84-b664-6ca66516b7f0"",""normalized_state"":""published"",""owner_authority_id"":""urn:uuid:7aa2ae30-7716-5b39-a47b-5ac2bdc9f035"",""owner_native_state"":""language_reviewed"",""payload"":{""body_prose_copied"":false,""chapter_start"":false,""chapter_title"":""Pemfaktoran"",""course_id"":""urn:uuid:c2a0d387-a544-54ca-9b89-6d654a9bc200"",""edition_id"":""urn:uuid:9261c927-eace-5bda-b703-609e4a237e5f"",""label"":""7.1"",""learner_course_url"":""https://zenodo.org/records/22236314/files/00-elementary-algebra-2e-bahasa-indonesia-EA2-C0082-reader.pdf?download=1"",""learner_route_state"":""course_link_only"",""native_module_id"":""m82564"",""native_translation_state"":""language_reviewed"",""ordinal"":52,""owner_source_bytes"":113133,""owner_source_path"":""work/translated-modules/m82564/index.cnxml"",""owner_source_sha256"":""fbdba37d1aa845ed400425467d22edecaae4ca27744567447c415963b7a21fb9"",""title"":""Faktor Persekutuan Terbesar dan Pemfaktoran dengan Pengelompokan"",""unit_url"":null},""record_type"":""unit"",""recorded_at"":""2026-09-06T00:00:00Z"",""semantic_key"":""a10:module:m82564""}"
tables/units.jsonl,5,urn:uuid:cfa0c719-15e7-5f14-b807-82712ff330f8,unit,"{""dataset_id"":""urn:uuid:97a5d5e6-c756-5fcf-8b1d-412402caace7"",""id"":""urn:uuid:cfa0c719-15e7-5f14-b807-82712ff330f8"",""normalized_state"":""published"",""owner_authority_id"":""urn:uuid:7aa2ae30-7716-5b39-a47b-5ac2bdc9f035"",""owner_native_state"":""language_reviewed"",""payload"":{""body_prose_copied"":false,""chapter_start"":false,""chapter_title"":""Dasar-Dasar"",""course_id"":""urn:uuid:c2a0d387-a544-54ca-9b89-6d654a9bc200"",""edition_id"":""urn:uuid:9261c927-eace-5bda-b703-609e4a237e5f"",""label"":""1.4"",""learner_course_url"":""https://zenodo.org/records/22236314/files/00-elementary-algebra-2e-bahasa-indonesia-EA2-C0082-reader.pdf?download=1"",""learner_route_state"":""course_link_only"",""native_module_id"":""m82455"",""native_translation_state"":""language_reviewed"",""ordinal"":6,""owner_source_bytes"":119792,""owner_source_path"":""work/translated-modules/m82455/index.cnxml"",""owner_source_sha256"":""041fedce0b15cd8bf5491515556ece15a62eae9fb1cad1ef60ae527bd6513e92"",""title"":""Mengalikan dan Membagi Bilangan Bulat"",""unit_url"":null},""record_type"":""unit"",""recorded_at"":""2026-09-06T00:00:00Z"",""semantic_key"":""a10:module:m82455""}"
tables/units.jsonl,64,urn:uuid:d647a6ea-657f-5fdb-b81f-781172a7df89,unit,"{""dataset_id"":""urn:uuid:97a5d5e6-c756-5fcf-8b1d-412402caace7"",""id"":""urn:uuid:d647a6ea-657f-5fdb-b81f-781172a7df89"",""normalized_state"":""published"",""owner_authority_id"":""urn:uuid:7aa2ae30-7716-5b39-a47b-5ac2bdc9f035"",""owner_native_state"":""language_reviewed"",""payload"":{""body_prose_copied"":false,""chapter_start"":false,""chapter_title"":""Akar dan Bentuk Radikal"",""course_id"":""urn:uuid:c2a0d387-a544-54ca-9b89-6d654a9bc200"",""edition_id"":""urn:uuid:9261c927-eace-5bda-b703-609e4a237e5f"",""label"":""9.1"",""learner_course_url"":""https://zenodo.org/records/22236314/files/00-elementary-algebra-2e-bahasa-indonesia-EA2-C0082-reader.pdf?download=1"",""learner_route_state"":""course_link_only"",""native_module_id"":""m82545"",""native_translation_state"":""language_reviewed"",""ordinal"":69,""owner_source_bytes"":79004,""owner_source_path"":""work/translated-modules/m82545/index.cnxml"",""owner_source_sha256"":""0b06e6805c80600a1d8e5257f0a96ccb0ffde447796caba10dc4629ac270aca8"",""title"":""Menyederhanakan dan Menggunakan Akar Kuadrat"",""unit_url"":null},""record_type"":""unit"",""recorded_at"":""2026-09-06T00:00:00Z"",""semantic_key"":""a10:module:m82545""}"
tables/units.jsonl,30,urn:uuid:d75ac988-b9d3-5541-b495-807466bd8d71,unit,"{""dataset_id"":""urn:uuid:97a5d5e6-c756-5fcf-8b1d-412402caace7"",""id"":""urn:uuid:d75ac988-b9d3-5541-b495-807466bd8d71"",""normalized_state"":""published"",""owner_authority_id"":""urn:uuid:7aa2ae30-7716-5b39-a47b-5ac2bdc9f035"",""owner_native_state"":""language_reviewed"",""payload"":{""body_prose_copied"":false,""chapter_start"":false,""chapter_title"":""Grafik"",""course_id"":""urn:uuid:c2a0d387-a544-54ca-9b89-6d654a9bc200"",""edition_id"":""urn:uuid:9261c927-eace-5bda-b703-609e4a237e5f"",""label"":""4.3"",""learner_course_url"":""https://zenodo.org/records/22236314/files/00-elementary-algebra-2e-bahasa-indonesia-EA2-C0082-reader.pdf?download=1"",""learner_route_state"":""course_link_only"",""native_module_id"":""m82482"",""native_translation_state"":""language_reviewed"",""ordinal"":31,""owner_source_bytes"":104389,""owner_source_path"":""work/translated-modules/m82482/index.cnxml"",""owner_source_sha256"":""21def3fe5079f9a59270fd1c1e629f9d22fb7903ca9b6e00fc0af1aab3ce33f0"",""title"":""Menggambar Grafik Menggunakan Titik Potong Sumbu"",""unit_url"":null},""record_type"":""unit"",""recorded_at"":""2026-09-06T00:00:00Z"",""semantic_key"":""a10:module:m82482""}"
tables/units.jsonl,10,urn:uuid:db2dbd7c-03d1-5d31-a832-6c22f6d1331c,unit,"{""dataset_id"":""urn:uuid:97a5d5e6-c756-5fcf-8b1d-412402caace7"",""id"":""urn:uuid:db2dbd7c-03d1-5d31-a832-6c22f6d1331c"",""normalized_state"":""published"",""owner_authority_id"":""urn:uuid:7aa2ae30-7716-5b39-a47b-5ac2bdc9f035"",""owner_native_state"":""language_reviewed"",""payload"":{""body_prose_copied"":false,""chapter_start"":false,""chapter_title"":""Dasar-Dasar"",""course_id"":""urn:uuid:c2a0d387-a544-54ca-9b89-6d654a9bc200"",""edition_id"":""urn:uuid:9261c927-eace-5bda-b703-609e4a237e5f"",""label"":""1.9"",""learner_course_url"":""https://zenodo.org/records/22236314/files/00-elementary-algebra-2e-bahasa-indonesia-EA2-C0082-reader.pdf?download=1"",""learner_route_state"":""course_link_only"",""native_module_id"":""m82460"",""native_translation_state"":""language_reviewed"",""ordinal"":11,""owner_source_bytes"":166089,""owner_source_path"":""work/translated-modules/m82460/index.cnxml"",""owner_source_sha256"":""522537fcd00900730630c22190fcd57cdedadcee2a832cc23dc967fb6cc403d8"",""title"":""Sifat-Sifat Bilangan Real"",""unit_url"":null},""record_type"":""unit"",""recorded_at"":""2026-09-06T00:00:00Z"",""semantic_key"":""a10:module:m82460""}"
tables/units.jsonl,76,urn:uuid:e40d2345-1d00-51f2-a451-952c8f8293f2,unit,"{""dataset_id"":""urn:uuid:97a5d5e6-c756-5fcf-8b1d-412402caace7"",""id"":""urn:uuid:e40d2345-1d00-51f2-a451-952c8f8293f2"",""normalized_state"":""published"",""owner_authority_id"":""urn:uuid:7aa2ae30-7716-5b39-a47b-5ac2bdc9f035"",""owner_native_state"":""language_reviewed"",""payload"":{""body_prose_copied"":false,""chapter_start"":false,""chapter_title"":""Persamaan Kuadrat"",""course_id"":""urn:uuid:c2a0d387-a544-54ca-9b89-6d654a9bc200"",""edition_id"":""urn:uuid:9261c927-eace-5bda-b703-609e4a237e5f"",""label"":""10.4"",""learner_course_url"":""https://zenodo.org/records/22236314/files/00-elementary-algebra-2e-bahasa-indonesia-EA2-C0082-reader.pdf?download=1"",""learner_route_state"":""course_link_only"",""native_module_id"":""m82558"",""native_translation_state"":""language_reviewed"",""ordinal"":81,""owner_source_bytes"":81228,""owner_source_path"":""work/translated-modules/m82558/index.cnxml"",""owner_source_sha256"":""ee4b480ffdf28870b3ae6dced846fdbff414b3bf49618e249780a59ff435ebd1"",""title"":""Menyelesaikan Masalah Terapan yang Dimodelkan dengan Persamaan Kuadrat"",""unit_url"":null},""record_type"":""unit"",""recorded_at"":""2026-09-06T00:00:00Z"",""semantic_key"":""a10:module:m82558""}"
tables/units.jsonl,50,urn:uuid:e445653a-4f06-5a79-85c6-4cc598917464,unit,"{""dataset_id"":""urn:uuid:97a5d5e6-c756-5fcf-8b1d-412402caace7"",""id"":""urn:uuid:e445653a-4f06-5a79-85c6-4cc598917464"",""normalized_state"":""published"",""owner_authority_id"":""urn:uuid:7aa2ae30-7716-5b39-a47b-5ac2bdc9f035"",""owner_native_state"":""language_reviewed"",""payload"":{""body_prose_copied"":false,""chapter_start"":false,""chapter_title"":""Pemfaktoran"",""course_id"":""urn:uuid:c2a0d387-a544-54ca-9b89-6d654a9bc200"",""edition_id"":""urn:uuid:9261c927-eace-5bda-b703-609e4a237e5f"",""label"":""7.3"",""learner_course_url"":""https://zenodo.org/records/22236314/files/00-elementary-algebra-2e-bahasa-indonesia-EA2-C0082-reader.pdf?download=1"",""learner_route_state"":""course_link_only"",""native_module_id"":""m82527"",""native_translation_state"":""language_reviewed"",""ordinal"":54,""owner_source_bytes"":154948,""owner_source_path"":""work/translated-modules/m82527/index.cnxml"",""owner_source_sha256"":""32de908cb3b2c0df630b0a0ed3221088461e6aead84a38bda4ddd4ff055e9801"",""title"":""Memfaktorkan Trinomial Berbentuk ax2+bx+c"",""unit_url"":null},""record_type"":""unit"",""recorded_at"":""2026-09-06T00:00:00Z"",""semantic_key"":""a10:module:m82527""}"
tables/units.jsonl,42,urn:uuid:e8ce8313-3426-56b0-895b-82c187491b81,unit,"{""dataset_id"":""urn:uuid:97a5d5e6-c756-5fcf-8b1d-412402caace7"",""id"":""urn:uuid:e8ce8313-3426-56b0-895b-82c187491b81"",""normalized_state"":""published"",""owner_authority_id"":""urn:uuid:7aa2ae30-7716-5b39-a47b-5ac2bdc9f035"",""owner_native_state"":""language_reviewed"",""payload"":{""body_prose_copied"":false,""chapter_start"":true,""chapter_title"":""Polinomial"",""course_id"":""urn:uuid:c2a0d387-a544-54ca-9b89-6d654a9bc200"",""edition_id"":""urn:uuid:9261c927-eace-5bda-b703-609e4a237e5f"",""label"":""Bab 6"",""learner_course_url"":""https://zenodo.org/records/22236314/files/00-elementary-algebra-2e-bahasa-indonesia-EA2-C0082-reader.pdf?download=1"",""learner_route_state"":""course_link_only"",""native_module_id"":""m82500"",""native_translation_state"":""language_reviewed"",""ordinal"":43,""owner_source_bytes"":1390,""owner_source_path"":""work/translated-modules/m82500/index.cnxml"",""owner_source_sha256"":""54005ceaf3d6157c484e577ecef7c53c5dd041faa5f591c24b2bd4b22c507e7c"",""title"":""Pendahuluan"",""unit_url"":null},""record_type"":""unit"",""recorded_at"":""2026-09-06T00:00:00Z"",""semantic_key"":""a10:module:m82500""}"
tables/units.jsonl,44,urn:uuid:eba5cfdd-ef22-504d-8967-df355fa9c438,unit,"{""dataset_id"":""urn:uuid:97a5d5e6-c756-5fcf-8b1d-412402caace7"",""id"":""urn:uuid:eba5cfdd-ef22-504d-8967-df355fa9c438"",""normalized_state"":""published"",""owner_authority_id"":""urn:uuid:7aa2ae30-7716-5b39-a47b-5ac2bdc9f035"",""owner_native_state"":""language_reviewed"",""payload"":{""body_prose_copied"":false,""chapter_start"":false,""chapter_title"":""Polinomial"",""course_id"":""urn:uuid:c2a0d387-a544-54ca-9b89-6d654a9bc200"",""edition_id"":""urn:uuid:9261c927-eace-5bda-b703-609e4a237e5f"",""label"":""6.2"",""learner_course_url"":""https://zenodo.org/records/22236314/files/00-elementary-algebra-2e-bahasa-indonesia-EA2-C0082-reader.pdf?download=1"",""learner_route_state"":""course_link_only"",""native_module_id"":""m82504"",""native_translation_state"":""language_reviewed"",""ordinal"":45,""owner_source_bytes"":151368,""owner_source_path"":""work/translated-modules/m82504/index.cnxml"",""owner_source_sha256"":""ec7e9c10752bdfb67a2b5a5ae626802fa632ce098f621792a9b5e213c5760787"",""title"":""Menggunakan Sifat-Sifat Perkalian pada Eksponen"",""unit_url"":null},""record_type"":""unit"",""recorded_at"":""2026-09-06T00:00:00Z"",""semantic_key"":""a10:module:m82504""}"
tables/units.jsonl,43,urn:uuid:ec24b26a-8aed-5017-8036-f93a3560dc1f,unit,"{""dataset_id"":""urn:uuid:97a5d5e6-c756-5fcf-8b1d-412402caace7"",""id"":""urn:uuid:ec24b26a-8aed-5017-8036-f93a3560dc1f"",""normalized_state"":""published"",""owner_authority_id"":""urn:uuid:7aa2ae30-7716-5b39-a47b-5ac2bdc9f035"",""owner_native_state"":""language_reviewed"",""payload"":{""body_prose_copied"":false,""chapter_start"":false,""chapter_title"":""Polinomial"",""course_id"":""urn:uuid:c2a0d387-a544-54ca-9b89-6d654a9bc200"",""edition_id"":""urn:uuid:9261c927-eace-5bda-b703-609e4a237e5f"",""label"":""6.1"",""learner_course_url"":""https://zenodo.org/records/22236314/files/00-elementary-algebra-2e-bahasa-indonesia-EA2-C0082-reader.pdf?download=1"",""learner_route_state"":""course_link_only"",""native_module_id"":""m82501"",""native_translation_state"":""language_reviewed"",""ordinal"":44,""owner_source_bytes"":147281,""owner_source_path"":""work/translated-modules/m82501/index.cnxml"",""owner_source_sha256"":""147d1929c8295510649f0ce142ffc9b929afc9a1537ed288d51f2d8699c3ed11"",""title"":""Menjumlahkan dan Mengurangkan Polinomial"",""unit_url"":null},""record_type"":""unit"",""recorded_at"":""2026-09-06T00:00:00Z"",""semantic_key"":""a10:module:m82501""}"
tables/units.jsonl,40,urn:uuid:edd3dbf7-bf56-506d-947f-f26692c8330f,unit,"{""dataset_id"":""urn:uuid:97a5d5e6-c756-5fcf-8b1d-412402caace7"",""id"":""urn:uuid:edd3dbf7-bf56-506d-947f-f26692c8330f"",""normalized_state"":""published"",""owner_authority_id"":""urn:uuid:7aa2ae30-7716-5b39-a47b-5ac2bdc9f035"",""owner_native_state"":""language_reviewed"",""payload"":{""body_prose_copied"":false,""chapter_start"":false,""chapter_title"":""Sistem Persamaan Linear"",""course_id"":""urn:uuid:c2a0d387-a544-54ca-9b89-6d654a9bc200"",""edition_id"":""urn:uuid:9261c927-eace-5bda-b703-609e4a237e5f"",""label"":""5.5"",""learner_course_url"":""https://zenodo.org/records/22236314/files/00-elementary-algebra-2e-bahasa-indonesia-EA2-C0082-reader.pdf?download=1"",""learner_route_state"":""course_link_only"",""native_module_id"":""m82498"",""native_translation_state"":""language_reviewed"",""ordinal"":41,""owner_source_bytes"":89077,""owner_source_path"":""work/translated-modules/m82498/index.cnxml"",""owner_source_sha256"":""c62e9f64e40e4475d82cb36704c92f68d5c2ae4fd0b4791574b41be83848f821"",""title"":""Menyelesaikan Soal Campuran dengan Sistem Persamaan"",""unit_url"":null},""record_type"":""unit"",""recorded_at"":""2026-09-06T00:00:00Z"",""semantic_key"":""a10:module:m82498""}"
tables/units.jsonl,32,urn:uuid:f079242c-9418-5a55-bb00-280f65114612,unit,"{""dataset_id"":""urn:uuid:97a5d5e6-c756-5fcf-8b1d-412402caace7"",""id"":""urn:uuid:f079242c-9418-5a55-bb00-280f65114612"",""normalized_state"":""published"",""owner_authority_id"":""urn:uuid:7aa2ae30-7716-5b39-a47b-5ac2bdc9f035"",""owner_native_state"":""language_reviewed"",""payload"":{""body_prose_copied"":false,""chapter_start"":false,""chapter_title"":""Grafik"",""course_id"":""urn:uuid:c2a0d387-a544-54ca-9b89-6d654a9bc200"",""edition_id"":""urn:uuid:9261c927-eace-5bda-b703-609e4a237e5f"",""label"":""4.5"",""learner_course_url"":""https://zenodo.org/records/22236314/files/00-elementary-algebra-2e-bahasa-indonesia-EA2-C0082-reader.pdf?download=1"",""learner_route_state"":""course_link_only"",""native_module_id"":""m82485"",""native_translation_state"":""language_reviewed"",""ordinal"":33,""owner_source_bytes"":199797,""owner_source_path"":""work/translated-modules/m82485/index.cnxml"",""owner_source_sha256"":""162a442ec692f4527e28f8b2e204f20ecd9ba45f2e07600e6b9b07901b33ff7c"",""title"":""Menggunakan Bentuk Gradien–Titik Potong Sumbu y dari Persamaan Garis"",""unit_url"":null},""record_type"":""unit"",""recorded_at"":""2026-09-06T00:00:00Z"",""semantic_key"":""a10:module:m82485""}"
tables/units.jsonl,52,urn:uuid:f1fbb460-65fe-5812-90c9-346f4312ef0a,unit,"{""dataset_id"":""urn:uuid:97a5d5e6-c756-5fcf-8b1d-412402caace7"",""id"":""urn:uuid:f1fbb460-65fe-5812-90c9-346f4312ef0a"",""normalized_state"":""published"",""owner_authority_id"":""urn:uuid:7aa2ae30-7716-5b39-a47b-5ac2bdc9f035"",""owner_native_state"":""language_reviewed"",""payload"":{""body_prose_copied"":false,""chapter_start"":false,""chapter_title"":""Pemfaktoran"",""course_id"":""urn:uuid:c2a0d387-a544-54ca-9b89-6d654a9bc200"",""edition_id"":""urn:uuid:9261c927-eace-5bda-b703-609e4a237e5f"",""label"":""7.5"",""learner_course_url"":""https://zenodo.org/records/22236314/files/00-elementary-algebra-2e-bahasa-indonesia-EA2-C0082-reader.pdf?download=1"",""learner_route_state"":""course_link_only"",""native_module_id"":""m82529"",""native_translation_state"":""language_reviewed"",""ordinal"":56,""owner_source_bytes"":85777,""owner_source_path"":""work/translated-modules/m82529/index.cnxml"",""owner_source_sha256"":""6d99ac8ddfebbb779f2cbd13e9ad33fdb7bba7d11386c81d75cc16f249ae3d8e"",""title"":""Strategi Umum untuk Memfaktorkan Polinomial"",""unit_url"":null},""record_type"":""unit"",""recorded_at"":""2026-09-06T00:00:00Z"",""semantic_key"":""a10:module:m82529""}"
tables/units.jsonl,7,urn:uuid:fd0d1fe2-c7b1-59ea-83a3-2548556bf22b,unit,"{""dataset_id"":""urn:uuid:97a5d5e6-c756-5fcf-8b1d-412402caace7"",""id"":""urn:uuid:fd0d1fe2-c7b1-59ea-83a3-2548556bf22b"",""normalized_state"":""published"",""owner_authority_id"":""urn:uuid:7aa2ae30-7716-5b39-a47b-5ac2bdc9f035"",""owner_native_state"":""language_reviewed"",""payload"":{""body_prose_copied"":false,""chapter_start"":false,""chapter_title"":""Dasar-Dasar"",""course_id"":""urn:uuid:c2a0d387-a544-54ca-9b89-6d654a9bc200"",""edition_id"":""urn:uuid:9261c927-eace-5bda-b703-609e4a237e5f"",""label"":""1.6"",""learner_course_url"":""https://zenodo.org/records/22236314/files/00-elementary-algebra-2e-bahasa-indonesia-EA2-C0082-reader.pdf?download=1"",""learner_route_state"":""course_link_only"",""native_module_id"":""m82457"",""native_translation_state"":""language_reviewed"",""ordinal"":8,""owner_source_bytes"":131616,""owner_source_path"":""work/translated-modules/m82457/index.cnxml"",""owner_source_sha256"":""f47ddb03cd301ff18829ac50d26d06af99f20d73a3288ecf00196e0c2e6e0466"",""title"":""Menjumlahkan dan Mengurangkan Pecahan"",""unit_url"":null},""record_type"":""unit"",""recorded_at"":""2026-09-06T00:00:00Z"",""semantic_key"":""a10:module:m82457""}"
