stable_id,record_type,canonical_record_json
urn:uuid:7b653004-e6d3-59b3-bc34-8a0c05809c70,course_unit_membership,"{""dataset_id"":""urn:uuid:fdfa2782-db96-5e60-bcb3-d206d78b960a"",""id"":""urn:uuid:7b653004-e6d3-59b3-bc34-8a0c05809c70"",""normalized_state"":""published"",""owner_authority_id"":""urn:uuid:ba324c09-ea3b-5b7d-a8de-40df0fcc5e83"",""owner_native_state"":""exact_closure_order"",""payload"":{""course_id"":""urn:uuid:f6271d1d-189b-5f77-a370-ee7d4edd3603"",""edition_id"":""urn:uuid:79e7c26f-be00-528c-9ca5-dbbdb85bf9b8"",""native_unit_id"":""OLP-0001"",""order_key"":""0001"",""ordinal"":1,""required"":null,""unit_id"":""urn:uuid:51928901-859c-5ecf-8a07-5587182bdbdc"",""visible"":true},""record_type"":""course_unit_membership"",""recorded_at"":""2026-08-31T00:00:00Z"",""semantic_key"":""c80:openlogic:membership:OLP-0001""}"
urn:uuid:6cbffb08-d23d-5846-9949-4ee105af1603,course_unit_membership,"{""dataset_id"":""urn:uuid:fdfa2782-db96-5e60-bcb3-d206d78b960a"",""id"":""urn:uuid:6cbffb08-d23d-5846-9949-4ee105af1603"",""normalized_state"":""published"",""owner_authority_id"":""urn:uuid:ba324c09-ea3b-5b7d-a8de-40df0fcc5e83"",""owner_native_state"":""exact_closure_order"",""payload"":{""course_id"":""urn:uuid:f6271d1d-189b-5f77-a370-ee7d4edd3603"",""edition_id"":""urn:uuid:79e7c26f-be00-528c-9ca5-dbbdb85bf9b8"",""native_unit_id"":""OLP-0002"",""order_key"":""0002"",""ordinal"":2,""required"":null,""unit_id"":""urn:uuid:e4cca590-1e0a-5f31-83d8-8e55fe938a66"",""visible"":true},""record_type"":""course_unit_membership"",""recorded_at"":""2026-08-31T00:00:00Z"",""semantic_key"":""c80:openlogic:membership:OLP-0002""}"
urn:uuid:ed34bf0c-dd92-5ab4-9d95-654f7e19e3ae,course_unit_membership,"{""dataset_id"":""urn:uuid:fdfa2782-db96-5e60-bcb3-d206d78b960a"",""id"":""urn:uuid:ed34bf0c-dd92-5ab4-9d95-654f7e19e3ae"",""normalized_state"":""published"",""owner_authority_id"":""urn:uuid:ba324c09-ea3b-5b7d-a8de-40df0fcc5e83"",""owner_native_state"":""exact_closure_order"",""payload"":{""course_id"":""urn:uuid:f6271d1d-189b-5f77-a370-ee7d4edd3603"",""edition_id"":""urn:uuid:79e7c26f-be00-528c-9ca5-dbbdb85bf9b8"",""native_unit_id"":""OLP-0003"",""order_key"":""0003"",""ordinal"":3,""required"":null,""unit_id"":""urn:uuid:803a955c-70a5-51f1-9a77-b2eae5ad8206"",""visible"":true},""record_type"":""course_unit_membership"",""recorded_at"":""2026-08-31T00:00:00Z"",""semantic_key"":""c80:openlogic:membership:OLP-0003""}"
urn:uuid:904d9ce8-2974-5d51-b793-a566370b4251,course_unit_membership,"{""dataset_id"":""urn:uuid:fdfa2782-db96-5e60-bcb3-d206d78b960a"",""id"":""urn:uuid:904d9ce8-2974-5d51-b793-a566370b4251"",""normalized_state"":""published"",""owner_authority_id"":""urn:uuid:ba324c09-ea3b-5b7d-a8de-40df0fcc5e83"",""owner_native_state"":""exact_closure_order"",""payload"":{""course_id"":""urn:uuid:f6271d1d-189b-5f77-a370-ee7d4edd3603"",""edition_id"":""urn:uuid:79e7c26f-be00-528c-9ca5-dbbdb85bf9b8"",""native_unit_id"":""OLP-0004"",""order_key"":""0004"",""ordinal"":4,""required"":null,""unit_id"":""urn:uuid:6d76ef07-1b8c-5723-a29e-ba5fe0a4eed4"",""visible"":true},""record_type"":""course_unit_membership"",""recorded_at"":""2026-08-31T00:00:00Z"",""semantic_key"":""c80:openlogic:membership:OLP-0004""}"
urn:uuid:ca507cb1-3b15-5c57-bd7a-79d4b40bb661,course_unit_membership,"{""dataset_id"":""urn:uuid:fdfa2782-db96-5e60-bcb3-d206d78b960a"",""id"":""urn:uuid:ca507cb1-3b15-5c57-bd7a-79d4b40bb661"",""normalized_state"":""published"",""owner_authority_id"":""urn:uuid:ba324c09-ea3b-5b7d-a8de-40df0fcc5e83"",""owner_native_state"":""exact_closure_order"",""payload"":{""course_id"":""urn:uuid:f6271d1d-189b-5f77-a370-ee7d4edd3603"",""edition_id"":""urn:uuid:79e7c26f-be00-528c-9ca5-dbbdb85bf9b8"",""native_unit_id"":""OLP-0005"",""order_key"":""0005"",""ordinal"":5,""required"":null,""unit_id"":""urn:uuid:78536932-374b-5352-819f-9b43ec8f2538"",""visible"":true},""record_type"":""course_unit_membership"",""recorded_at"":""2026-08-31T00:00:00Z"",""semantic_key"":""c80:openlogic:membership:OLP-0005""}"
urn:uuid:d6f35635-4d25-5ac4-b79f-5b2f6ada8bfe,course_unit_membership,"{""dataset_id"":""urn:uuid:fdfa2782-db96-5e60-bcb3-d206d78b960a"",""id"":""urn:uuid:d6f35635-4d25-5ac4-b79f-5b2f6ada8bfe"",""normalized_state"":""published"",""owner_authority_id"":""urn:uuid:ba324c09-ea3b-5b7d-a8de-40df0fcc5e83"",""owner_native_state"":""exact_closure_order"",""payload"":{""course_id"":""urn:uuid:f6271d1d-189b-5f77-a370-ee7d4edd3603"",""edition_id"":""urn:uuid:79e7c26f-be00-528c-9ca5-dbbdb85bf9b8"",""native_unit_id"":""OLP-0006"",""order_key"":""0006"",""ordinal"":6,""required"":null,""unit_id"":""urn:uuid:f321cde8-b855-578a-9c69-1de93713570e"",""visible"":true},""record_type"":""course_unit_membership"",""recorded_at"":""2026-08-31T00:00:00Z"",""semantic_key"":""c80:openlogic:membership:OLP-0006""}"
urn:uuid:2ffdc582-2620-5289-abb5-2a76b7f1a5fc,course_unit_membership,"{""dataset_id"":""urn:uuid:fdfa2782-db96-5e60-bcb3-d206d78b960a"",""id"":""urn:uuid:2ffdc582-2620-5289-abb5-2a76b7f1a5fc"",""normalized_state"":""published"",""owner_authority_id"":""urn:uuid:ba324c09-ea3b-5b7d-a8de-40df0fcc5e83"",""owner_native_state"":""exact_closure_order"",""payload"":{""course_id"":""urn:uuid:f6271d1d-189b-5f77-a370-ee7d4edd3603"",""edition_id"":""urn:uuid:79e7c26f-be00-528c-9ca5-dbbdb85bf9b8"",""native_unit_id"":""OLP-0007"",""order_key"":""0007"",""ordinal"":7,""required"":null,""unit_id"":""urn:uuid:a88830f1-8723-5baa-858b-c41382cf81c4"",""visible"":true},""record_type"":""course_unit_membership"",""recorded_at"":""2026-08-31T00:00:00Z"",""semantic_key"":""c80:openlogic:membership:OLP-0007""}"
urn:uuid:b4972a7a-47b7-5d97-9d52-9bb1f5979e3e,course_unit_membership,"{""dataset_id"":""urn:uuid:fdfa2782-db96-5e60-bcb3-d206d78b960a"",""id"":""urn:uuid:b4972a7a-47b7-5d97-9d52-9bb1f5979e3e"",""normalized_state"":""published"",""owner_authority_id"":""urn:uuid:ba324c09-ea3b-5b7d-a8de-40df0fcc5e83"",""owner_native_state"":""exact_closure_order"",""payload"":{""course_id"":""urn:uuid:f6271d1d-189b-5f77-a370-ee7d4edd3603"",""edition_id"":""urn:uuid:79e7c26f-be00-528c-9ca5-dbbdb85bf9b8"",""native_unit_id"":""OLP-0008"",""order_key"":""0008"",""ordinal"":8,""required"":null,""unit_id"":""urn:uuid:381a9420-93dc-5820-b966-e642424f4e93"",""visible"":true},""record_type"":""course_unit_membership"",""recorded_at"":""2026-08-31T00:00:00Z"",""semantic_key"":""c80:openlogic:membership:OLP-0008""}"
urn:uuid:d65493cc-4216-5f1c-a857-ecc8b8c6bc5f,course_unit_membership,"{""dataset_id"":""urn:uuid:fdfa2782-db96-5e60-bcb3-d206d78b960a"",""id"":""urn:uuid:d65493cc-4216-5f1c-a857-ecc8b8c6bc5f"",""normalized_state"":""published"",""owner_authority_id"":""urn:uuid:ba324c09-ea3b-5b7d-a8de-40df0fcc5e83"",""owner_native_state"":""exact_closure_order"",""payload"":{""course_id"":""urn:uuid:f6271d1d-189b-5f77-a370-ee7d4edd3603"",""edition_id"":""urn:uuid:79e7c26f-be00-528c-9ca5-dbbdb85bf9b8"",""native_unit_id"":""OLP-0009"",""order_key"":""0009"",""ordinal"":9,""required"":null,""unit_id"":""urn:uuid:0d7cad57-d37d-5daa-be9c-cbada63e0682"",""visible"":true},""record_type"":""course_unit_membership"",""recorded_at"":""2026-08-31T00:00:00Z"",""semantic_key"":""c80:openlogic:membership:OLP-0009""}"
urn:uuid:bc85e412-7a45-5fd6-a64c-ff4c98e838b0,course_unit_membership,"{""dataset_id"":""urn:uuid:fdfa2782-db96-5e60-bcb3-d206d78b960a"",""id"":""urn:uuid:bc85e412-7a45-5fd6-a64c-ff4c98e838b0"",""normalized_state"":""published"",""owner_authority_id"":""urn:uuid:ba324c09-ea3b-5b7d-a8de-40df0fcc5e83"",""owner_native_state"":""exact_closure_order"",""payload"":{""course_id"":""urn:uuid:f6271d1d-189b-5f77-a370-ee7d4edd3603"",""edition_id"":""urn:uuid:79e7c26f-be00-528c-9ca5-dbbdb85bf9b8"",""native_unit_id"":""OLP-0010"",""order_key"":""0010"",""ordinal"":10,""required"":null,""unit_id"":""urn:uuid:c1d6fb29-6075-5224-a7c7-541d9b3755a1"",""visible"":true},""record_type"":""course_unit_membership"",""recorded_at"":""2026-08-31T00:00:00Z"",""semantic_key"":""c80:openlogic:membership:OLP-0010""}"
urn:uuid:2c04d354-a8e9-55be-84ce-120ef647134a,course_unit_membership,"{""dataset_id"":""urn:uuid:fdfa2782-db96-5e60-bcb3-d206d78b960a"",""id"":""urn:uuid:2c04d354-a8e9-55be-84ce-120ef647134a"",""normalized_state"":""published"",""owner_authority_id"":""urn:uuid:ba324c09-ea3b-5b7d-a8de-40df0fcc5e83"",""owner_native_state"":""exact_closure_order"",""payload"":{""course_id"":""urn:uuid:f6271d1d-189b-5f77-a370-ee7d4edd3603"",""edition_id"":""urn:uuid:79e7c26f-be00-528c-9ca5-dbbdb85bf9b8"",""native_unit_id"":""OLP-0011"",""order_key"":""0011"",""ordinal"":11,""required"":null,""unit_id"":""urn:uuid:4c4f9976-9cec-5a7a-825f-263bf00c3aab"",""visible"":true},""record_type"":""course_unit_membership"",""recorded_at"":""2026-08-31T00:00:00Z"",""semantic_key"":""c80:openlogic:membership:OLP-0011""}"
urn:uuid:17e4f239-7eae-5457-9bc2-c15a06a5a9db,course_unit_membership,"{""dataset_id"":""urn:uuid:fdfa2782-db96-5e60-bcb3-d206d78b960a"",""id"":""urn:uuid:17e4f239-7eae-5457-9bc2-c15a06a5a9db"",""normalized_state"":""published"",""owner_authority_id"":""urn:uuid:ba324c09-ea3b-5b7d-a8de-40df0fcc5e83"",""owner_native_state"":""exact_closure_order"",""payload"":{""course_id"":""urn:uuid:f6271d1d-189b-5f77-a370-ee7d4edd3603"",""edition_id"":""urn:uuid:79e7c26f-be00-528c-9ca5-dbbdb85bf9b8"",""native_unit_id"":""OLP-0012"",""order_key"":""0012"",""ordinal"":12,""required"":null,""unit_id"":""urn:uuid:1c779b19-8ddb-5728-9205-09e3cb6a8f19"",""visible"":true},""record_type"":""course_unit_membership"",""recorded_at"":""2026-08-31T00:00:00Z"",""semantic_key"":""c80:openlogic:membership:OLP-0012""}"
urn:uuid:cc5016d3-3ce3-59cc-8a7a-e39917ece2e9,course_unit_membership,"{""dataset_id"":""urn:uuid:fdfa2782-db96-5e60-bcb3-d206d78b960a"",""id"":""urn:uuid:cc5016d3-3ce3-59cc-8a7a-e39917ece2e9"",""normalized_state"":""published"",""owner_authority_id"":""urn:uuid:ba324c09-ea3b-5b7d-a8de-40df0fcc5e83"",""owner_native_state"":""exact_closure_order"",""payload"":{""course_id"":""urn:uuid:f6271d1d-189b-5f77-a370-ee7d4edd3603"",""edition_id"":""urn:uuid:79e7c26f-be00-528c-9ca5-dbbdb85bf9b8"",""native_unit_id"":""OLP-0013"",""order_key"":""0013"",""ordinal"":13,""required"":null,""unit_id"":""urn:uuid:95a946b4-45db-5d8c-8e8c-67178820606d"",""visible"":true},""record_type"":""course_unit_membership"",""recorded_at"":""2026-08-31T00:00:00Z"",""semantic_key"":""c80:openlogic:membership:OLP-0013""}"
urn:uuid:258530f2-c26a-5fa0-a24a-aa40cc0a3d89,course_unit_membership,"{""dataset_id"":""urn:uuid:fdfa2782-db96-5e60-bcb3-d206d78b960a"",""id"":""urn:uuid:258530f2-c26a-5fa0-a24a-aa40cc0a3d89"",""normalized_state"":""published"",""owner_authority_id"":""urn:uuid:ba324c09-ea3b-5b7d-a8de-40df0fcc5e83"",""owner_native_state"":""exact_closure_order"",""payload"":{""course_id"":""urn:uuid:f6271d1d-189b-5f77-a370-ee7d4edd3603"",""edition_id"":""urn:uuid:79e7c26f-be00-528c-9ca5-dbbdb85bf9b8"",""native_unit_id"":""OLP-0014"",""order_key"":""0014"",""ordinal"":14,""required"":null,""unit_id"":""urn:uuid:2cde7cfc-a776-516a-99a4-81da23d8c02a"",""visible"":true},""record_type"":""course_unit_membership"",""recorded_at"":""2026-08-31T00:00:00Z"",""semantic_key"":""c80:openlogic:membership:OLP-0014""}"
urn:uuid:cab802c2-3b97-57d9-b516-5d3c1a4bb13c,course_unit_membership,"{""dataset_id"":""urn:uuid:fdfa2782-db96-5e60-bcb3-d206d78b960a"",""id"":""urn:uuid:cab802c2-3b97-57d9-b516-5d3c1a4bb13c"",""normalized_state"":""published"",""owner_authority_id"":""urn:uuid:ba324c09-ea3b-5b7d-a8de-40df0fcc5e83"",""owner_native_state"":""exact_closure_order"",""payload"":{""course_id"":""urn:uuid:f6271d1d-189b-5f77-a370-ee7d4edd3603"",""edition_id"":""urn:uuid:79e7c26f-be00-528c-9ca5-dbbdb85bf9b8"",""native_unit_id"":""OLP-0015"",""order_key"":""0015"",""ordinal"":15,""required"":null,""unit_id"":""urn:uuid:b2cd1837-c609-5735-8f5b-e8396fabc168"",""visible"":true},""record_type"":""course_unit_membership"",""recorded_at"":""2026-08-31T00:00:00Z"",""semantic_key"":""c80:openlogic:membership:OLP-0015""}"
urn:uuid:0e9880f0-607b-5885-8b9a-e7ea2dea30ac,course_unit_membership,"{""dataset_id"":""urn:uuid:fdfa2782-db96-5e60-bcb3-d206d78b960a"",""id"":""urn:uuid:0e9880f0-607b-5885-8b9a-e7ea2dea30ac"",""normalized_state"":""published"",""owner_authority_id"":""urn:uuid:ba324c09-ea3b-5b7d-a8de-40df0fcc5e83"",""owner_native_state"":""exact_closure_order"",""payload"":{""course_id"":""urn:uuid:f6271d1d-189b-5f77-a370-ee7d4edd3603"",""edition_id"":""urn:uuid:79e7c26f-be00-528c-9ca5-dbbdb85bf9b8"",""native_unit_id"":""OLP-0016"",""order_key"":""0016"",""ordinal"":16,""required"":null,""unit_id"":""urn:uuid:2cfdc5b3-a047-5fea-b74e-8ad7afc8aaf9"",""visible"":true},""record_type"":""course_unit_membership"",""recorded_at"":""2026-08-31T00:00:00Z"",""semantic_key"":""c80:openlogic:membership:OLP-0016""}"
urn:uuid:47541ac4-4dcb-5dd0-b287-4d7a9d9403ae,course_unit_membership,"{""dataset_id"":""urn:uuid:fdfa2782-db96-5e60-bcb3-d206d78b960a"",""id"":""urn:uuid:47541ac4-4dcb-5dd0-b287-4d7a9d9403ae"",""normalized_state"":""published"",""owner_authority_id"":""urn:uuid:ba324c09-ea3b-5b7d-a8de-40df0fcc5e83"",""owner_native_state"":""exact_closure_order"",""payload"":{""course_id"":""urn:uuid:f6271d1d-189b-5f77-a370-ee7d4edd3603"",""edition_id"":""urn:uuid:79e7c26f-be00-528c-9ca5-dbbdb85bf9b8"",""native_unit_id"":""OLP-0017"",""order_key"":""0017"",""ordinal"":17,""required"":null,""unit_id"":""urn:uuid:32815983-e46d-5cd8-a746-d6c4084803dc"",""visible"":true},""record_type"":""course_unit_membership"",""recorded_at"":""2026-08-31T00:00:00Z"",""semantic_key"":""c80:openlogic:membership:OLP-0017""}"
urn:uuid:7a1538d3-b548-5a7f-b37c-df6e899922ab,course_unit_membership,"{""dataset_id"":""urn:uuid:fdfa2782-db96-5e60-bcb3-d206d78b960a"",""id"":""urn:uuid:7a1538d3-b548-5a7f-b37c-df6e899922ab"",""normalized_state"":""published"",""owner_authority_id"":""urn:uuid:ba324c09-ea3b-5b7d-a8de-40df0fcc5e83"",""owner_native_state"":""exact_closure_order"",""payload"":{""course_id"":""urn:uuid:f6271d1d-189b-5f77-a370-ee7d4edd3603"",""edition_id"":""urn:uuid:79e7c26f-be00-528c-9ca5-dbbdb85bf9b8"",""native_unit_id"":""OLP-0018"",""order_key"":""0018"",""ordinal"":18,""required"":null,""unit_id"":""urn:uuid:9510ce44-18b8-5036-8d74-fdaed57516c8"",""visible"":true},""record_type"":""course_unit_membership"",""recorded_at"":""2026-08-31T00:00:00Z"",""semantic_key"":""c80:openlogic:membership:OLP-0018""}"
urn:uuid:a44aa9dc-df36-58ff-a167-c0a627983bf6,course_unit_membership,"{""dataset_id"":""urn:uuid:fdfa2782-db96-5e60-bcb3-d206d78b960a"",""id"":""urn:uuid:a44aa9dc-df36-58ff-a167-c0a627983bf6"",""normalized_state"":""published"",""owner_authority_id"":""urn:uuid:ba324c09-ea3b-5b7d-a8de-40df0fcc5e83"",""owner_native_state"":""exact_closure_order"",""payload"":{""course_id"":""urn:uuid:f6271d1d-189b-5f77-a370-ee7d4edd3603"",""edition_id"":""urn:uuid:79e7c26f-be00-528c-9ca5-dbbdb85bf9b8"",""native_unit_id"":""OLP-0019"",""order_key"":""0019"",""ordinal"":19,""required"":null,""unit_id"":""urn:uuid:7a14e8c8-f81c-5bda-ac9f-6ceb0e69dfe1"",""visible"":true},""record_type"":""course_unit_membership"",""recorded_at"":""2026-08-31T00:00:00Z"",""semantic_key"":""c80:openlogic:membership:OLP-0019""}"
urn:uuid:cd84041d-5351-547a-b78b-a7b84bb792aa,course_unit_membership,"{""dataset_id"":""urn:uuid:fdfa2782-db96-5e60-bcb3-d206d78b960a"",""id"":""urn:uuid:cd84041d-5351-547a-b78b-a7b84bb792aa"",""normalized_state"":""published"",""owner_authority_id"":""urn:uuid:ba324c09-ea3b-5b7d-a8de-40df0fcc5e83"",""owner_native_state"":""exact_closure_order"",""payload"":{""course_id"":""urn:uuid:f6271d1d-189b-5f77-a370-ee7d4edd3603"",""edition_id"":""urn:uuid:79e7c26f-be00-528c-9ca5-dbbdb85bf9b8"",""native_unit_id"":""OLP-0020"",""order_key"":""0020"",""ordinal"":20,""required"":null,""unit_id"":""urn:uuid:f0f15ba9-901e-5873-bd91-7ae23730293c"",""visible"":true},""record_type"":""course_unit_membership"",""recorded_at"":""2026-08-31T00:00:00Z"",""semantic_key"":""c80:openlogic:membership:OLP-0020""}"
urn:uuid:1c372ebf-f5c0-572a-9840-6fb23d9f6d68,course_unit_membership,"{""dataset_id"":""urn:uuid:fdfa2782-db96-5e60-bcb3-d206d78b960a"",""id"":""urn:uuid:1c372ebf-f5c0-572a-9840-6fb23d9f6d68"",""normalized_state"":""published"",""owner_authority_id"":""urn:uuid:ba324c09-ea3b-5b7d-a8de-40df0fcc5e83"",""owner_native_state"":""exact_closure_order"",""payload"":{""course_id"":""urn:uuid:f6271d1d-189b-5f77-a370-ee7d4edd3603"",""edition_id"":""urn:uuid:79e7c26f-be00-528c-9ca5-dbbdb85bf9b8"",""native_unit_id"":""OLP-0021"",""order_key"":""0021"",""ordinal"":21,""required"":null,""unit_id"":""urn:uuid:df54940d-45c8-5912-a2c2-85c3a22bc7ed"",""visible"":true},""record_type"":""course_unit_membership"",""recorded_at"":""2026-08-31T00:00:00Z"",""semantic_key"":""c80:openlogic:membership:OLP-0021""}"
urn:uuid:f4eada68-9103-579c-94f1-62325d9a2697,course_unit_membership,"{""dataset_id"":""urn:uuid:fdfa2782-db96-5e60-bcb3-d206d78b960a"",""id"":""urn:uuid:f4eada68-9103-579c-94f1-62325d9a2697"",""normalized_state"":""published"",""owner_authority_id"":""urn:uuid:ba324c09-ea3b-5b7d-a8de-40df0fcc5e83"",""owner_native_state"":""exact_closure_order"",""payload"":{""course_id"":""urn:uuid:f6271d1d-189b-5f77-a370-ee7d4edd3603"",""edition_id"":""urn:uuid:79e7c26f-be00-528c-9ca5-dbbdb85bf9b8"",""native_unit_id"":""OLP-0022"",""order_key"":""0022"",""ordinal"":22,""required"":null,""unit_id"":""urn:uuid:593adce4-aeb4-5069-98c4-6186a9b24d34"",""visible"":true},""record_type"":""course_unit_membership"",""recorded_at"":""2026-08-31T00:00:00Z"",""semantic_key"":""c80:openlogic:membership:OLP-0022""}"
urn:uuid:8de52b16-4102-5283-bbea-61f87690aa5a,course_unit_membership,"{""dataset_id"":""urn:uuid:fdfa2782-db96-5e60-bcb3-d206d78b960a"",""id"":""urn:uuid:8de52b16-4102-5283-bbea-61f87690aa5a"",""normalized_state"":""published"",""owner_authority_id"":""urn:uuid:ba324c09-ea3b-5b7d-a8de-40df0fcc5e83"",""owner_native_state"":""exact_closure_order"",""payload"":{""course_id"":""urn:uuid:f6271d1d-189b-5f77-a370-ee7d4edd3603"",""edition_id"":""urn:uuid:79e7c26f-be00-528c-9ca5-dbbdb85bf9b8"",""native_unit_id"":""OLP-0023"",""order_key"":""0023"",""ordinal"":23,""required"":null,""unit_id"":""urn:uuid:344dc61a-1d7e-5af4-a6b0-a04d826b1aeb"",""visible"":true},""record_type"":""course_unit_membership"",""recorded_at"":""2026-08-31T00:00:00Z"",""semantic_key"":""c80:openlogic:membership:OLP-0023""}"
urn:uuid:8e0b5684-039e-57ca-b8b5-0712db31e24d,course_unit_membership,"{""dataset_id"":""urn:uuid:fdfa2782-db96-5e60-bcb3-d206d78b960a"",""id"":""urn:uuid:8e0b5684-039e-57ca-b8b5-0712db31e24d"",""normalized_state"":""published"",""owner_authority_id"":""urn:uuid:ba324c09-ea3b-5b7d-a8de-40df0fcc5e83"",""owner_native_state"":""exact_closure_order"",""payload"":{""course_id"":""urn:uuid:f6271d1d-189b-5f77-a370-ee7d4edd3603"",""edition_id"":""urn:uuid:79e7c26f-be00-528c-9ca5-dbbdb85bf9b8"",""native_unit_id"":""OLP-0024"",""order_key"":""0024"",""ordinal"":24,""required"":null,""unit_id"":""urn:uuid:4168cb66-299e-5632-9061-b8dcfcd4ec62"",""visible"":true},""record_type"":""course_unit_membership"",""recorded_at"":""2026-08-31T00:00:00Z"",""semantic_key"":""c80:openlogic:membership:OLP-0024""}"
urn:uuid:6297eaa2-d5cc-591d-9e70-a11bbc99a715,course_unit_membership,"{""dataset_id"":""urn:uuid:fdfa2782-db96-5e60-bcb3-d206d78b960a"",""id"":""urn:uuid:6297eaa2-d5cc-591d-9e70-a11bbc99a715"",""normalized_state"":""published"",""owner_authority_id"":""urn:uuid:ba324c09-ea3b-5b7d-a8de-40df0fcc5e83"",""owner_native_state"":""exact_closure_order"",""payload"":{""course_id"":""urn:uuid:f6271d1d-189b-5f77-a370-ee7d4edd3603"",""edition_id"":""urn:uuid:79e7c26f-be00-528c-9ca5-dbbdb85bf9b8"",""native_unit_id"":""OLP-0025"",""order_key"":""0025"",""ordinal"":25,""required"":null,""unit_id"":""urn:uuid:f5ec2423-2e1f-5f6c-83d5-d09ec1049a99"",""visible"":true},""record_type"":""course_unit_membership"",""recorded_at"":""2026-08-31T00:00:00Z"",""semantic_key"":""c80:openlogic:membership:OLP-0025""}"
urn:uuid:43b5cbc8-efba-5450-9ed9-2d017a39ddee,course_unit_membership,"{""dataset_id"":""urn:uuid:fdfa2782-db96-5e60-bcb3-d206d78b960a"",""id"":""urn:uuid:43b5cbc8-efba-5450-9ed9-2d017a39ddee"",""normalized_state"":""published"",""owner_authority_id"":""urn:uuid:ba324c09-ea3b-5b7d-a8de-40df0fcc5e83"",""owner_native_state"":""exact_closure_order"",""payload"":{""course_id"":""urn:uuid:f6271d1d-189b-5f77-a370-ee7d4edd3603"",""edition_id"":""urn:uuid:79e7c26f-be00-528c-9ca5-dbbdb85bf9b8"",""native_unit_id"":""OLP-0026"",""order_key"":""0026"",""ordinal"":26,""required"":null,""unit_id"":""urn:uuid:7072efc4-3f05-5a55-b1d2-ffd7aab58a4c"",""visible"":true},""record_type"":""course_unit_membership"",""recorded_at"":""2026-08-31T00:00:00Z"",""semantic_key"":""c80:openlogic:membership:OLP-0026""}"
urn:uuid:5f13381a-a2f0-5396-96b9-7adb0ea18c40,course_unit_membership,"{""dataset_id"":""urn:uuid:fdfa2782-db96-5e60-bcb3-d206d78b960a"",""id"":""urn:uuid:5f13381a-a2f0-5396-96b9-7adb0ea18c40"",""normalized_state"":""published"",""owner_authority_id"":""urn:uuid:ba324c09-ea3b-5b7d-a8de-40df0fcc5e83"",""owner_native_state"":""exact_closure_order"",""payload"":{""course_id"":""urn:uuid:f6271d1d-189b-5f77-a370-ee7d4edd3603"",""edition_id"":""urn:uuid:79e7c26f-be00-528c-9ca5-dbbdb85bf9b8"",""native_unit_id"":""OLP-0027"",""order_key"":""0027"",""ordinal"":27,""required"":null,""unit_id"":""urn:uuid:2689bba8-0b0b-5287-ac50-13a3606b0186"",""visible"":true},""record_type"":""course_unit_membership"",""recorded_at"":""2026-08-31T00:00:00Z"",""semantic_key"":""c80:openlogic:membership:OLP-0027""}"
urn:uuid:b26632d3-fb06-5e19-8438-99beeaf98fdc,course_unit_membership,"{""dataset_id"":""urn:uuid:fdfa2782-db96-5e60-bcb3-d206d78b960a"",""id"":""urn:uuid:b26632d3-fb06-5e19-8438-99beeaf98fdc"",""normalized_state"":""published"",""owner_authority_id"":""urn:uuid:ba324c09-ea3b-5b7d-a8de-40df0fcc5e83"",""owner_native_state"":""exact_closure_order"",""payload"":{""course_id"":""urn:uuid:f6271d1d-189b-5f77-a370-ee7d4edd3603"",""edition_id"":""urn:uuid:79e7c26f-be00-528c-9ca5-dbbdb85bf9b8"",""native_unit_id"":""OLP-0028"",""order_key"":""0028"",""ordinal"":28,""required"":null,""unit_id"":""urn:uuid:3361d662-ca67-5136-a62a-f94dc5d675d8"",""visible"":true},""record_type"":""course_unit_membership"",""recorded_at"":""2026-08-31T00:00:00Z"",""semantic_key"":""c80:openlogic:membership:OLP-0028""}"
urn:uuid:76031332-3daa-5ed7-b877-c6925ba0e005,course_unit_membership,"{""dataset_id"":""urn:uuid:fdfa2782-db96-5e60-bcb3-d206d78b960a"",""id"":""urn:uuid:76031332-3daa-5ed7-b877-c6925ba0e005"",""normalized_state"":""published"",""owner_authority_id"":""urn:uuid:ba324c09-ea3b-5b7d-a8de-40df0fcc5e83"",""owner_native_state"":""exact_closure_order"",""payload"":{""course_id"":""urn:uuid:f6271d1d-189b-5f77-a370-ee7d4edd3603"",""edition_id"":""urn:uuid:79e7c26f-be00-528c-9ca5-dbbdb85bf9b8"",""native_unit_id"":""OLP-0029"",""order_key"":""0029"",""ordinal"":29,""required"":null,""unit_id"":""urn:uuid:5bbc1560-8483-536a-8709-fdef648bce40"",""visible"":true},""record_type"":""course_unit_membership"",""recorded_at"":""2026-08-31T00:00:00Z"",""semantic_key"":""c80:openlogic:membership:OLP-0029""}"
urn:uuid:842b7bb8-39c0-5ba7-ba43-7d405a62d2b0,course_unit_membership,"{""dataset_id"":""urn:uuid:fdfa2782-db96-5e60-bcb3-d206d78b960a"",""id"":""urn:uuid:842b7bb8-39c0-5ba7-ba43-7d405a62d2b0"",""normalized_state"":""published"",""owner_authority_id"":""urn:uuid:ba324c09-ea3b-5b7d-a8de-40df0fcc5e83"",""owner_native_state"":""exact_closure_order"",""payload"":{""course_id"":""urn:uuid:f6271d1d-189b-5f77-a370-ee7d4edd3603"",""edition_id"":""urn:uuid:79e7c26f-be00-528c-9ca5-dbbdb85bf9b8"",""native_unit_id"":""OLP-0030"",""order_key"":""0030"",""ordinal"":30,""required"":null,""unit_id"":""urn:uuid:52e184d0-162a-5442-9cae-853d67d33d94"",""visible"":true},""record_type"":""course_unit_membership"",""recorded_at"":""2026-08-31T00:00:00Z"",""semantic_key"":""c80:openlogic:membership:OLP-0030""}"
urn:uuid:6b094408-a476-5e7e-bd4b-25b85e13d0d2,course_unit_membership,"{""dataset_id"":""urn:uuid:fdfa2782-db96-5e60-bcb3-d206d78b960a"",""id"":""urn:uuid:6b094408-a476-5e7e-bd4b-25b85e13d0d2"",""normalized_state"":""published"",""owner_authority_id"":""urn:uuid:ba324c09-ea3b-5b7d-a8de-40df0fcc5e83"",""owner_native_state"":""exact_closure_order"",""payload"":{""course_id"":""urn:uuid:f6271d1d-189b-5f77-a370-ee7d4edd3603"",""edition_id"":""urn:uuid:79e7c26f-be00-528c-9ca5-dbbdb85bf9b8"",""native_unit_id"":""OLP-0031"",""order_key"":""0031"",""ordinal"":31,""required"":null,""unit_id"":""urn:uuid:2fb2f08a-efdc-54ba-aa23-9e18c62f59bb"",""visible"":true},""record_type"":""course_unit_membership"",""recorded_at"":""2026-08-31T00:00:00Z"",""semantic_key"":""c80:openlogic:membership:OLP-0031""}"
urn:uuid:90473f60-015c-5703-8a80-6df7392f8fdc,course_unit_membership,"{""dataset_id"":""urn:uuid:fdfa2782-db96-5e60-bcb3-d206d78b960a"",""id"":""urn:uuid:90473f60-015c-5703-8a80-6df7392f8fdc"",""normalized_state"":""published"",""owner_authority_id"":""urn:uuid:ba324c09-ea3b-5b7d-a8de-40df0fcc5e83"",""owner_native_state"":""exact_closure_order"",""payload"":{""course_id"":""urn:uuid:f6271d1d-189b-5f77-a370-ee7d4edd3603"",""edition_id"":""urn:uuid:79e7c26f-be00-528c-9ca5-dbbdb85bf9b8"",""native_unit_id"":""OLP-0032"",""order_key"":""0032"",""ordinal"":32,""required"":null,""unit_id"":""urn:uuid:0be0da47-3cc7-5d46-812d-0839e41bf30b"",""visible"":true},""record_type"":""course_unit_membership"",""recorded_at"":""2026-08-31T00:00:00Z"",""semantic_key"":""c80:openlogic:membership:OLP-0032""}"
urn:uuid:9afa077e-2475-5356-ae31-642d985325b4,course_unit_membership,"{""dataset_id"":""urn:uuid:fdfa2782-db96-5e60-bcb3-d206d78b960a"",""id"":""urn:uuid:9afa077e-2475-5356-ae31-642d985325b4"",""normalized_state"":""published"",""owner_authority_id"":""urn:uuid:ba324c09-ea3b-5b7d-a8de-40df0fcc5e83"",""owner_native_state"":""exact_closure_order"",""payload"":{""course_id"":""urn:uuid:f6271d1d-189b-5f77-a370-ee7d4edd3603"",""edition_id"":""urn:uuid:79e7c26f-be00-528c-9ca5-dbbdb85bf9b8"",""native_unit_id"":""OLP-0033"",""order_key"":""0033"",""ordinal"":33,""required"":null,""unit_id"":""urn:uuid:aed0e0b0-f907-55ee-a6d7-45807c19a85c"",""visible"":true},""record_type"":""course_unit_membership"",""recorded_at"":""2026-08-31T00:00:00Z"",""semantic_key"":""c80:openlogic:membership:OLP-0033""}"
urn:uuid:94098f45-37ed-561e-a54d-9e0e6311bca6,course_unit_membership,"{""dataset_id"":""urn:uuid:fdfa2782-db96-5e60-bcb3-d206d78b960a"",""id"":""urn:uuid:94098f45-37ed-561e-a54d-9e0e6311bca6"",""normalized_state"":""published"",""owner_authority_id"":""urn:uuid:ba324c09-ea3b-5b7d-a8de-40df0fcc5e83"",""owner_native_state"":""exact_closure_order"",""payload"":{""course_id"":""urn:uuid:f6271d1d-189b-5f77-a370-ee7d4edd3603"",""edition_id"":""urn:uuid:79e7c26f-be00-528c-9ca5-dbbdb85bf9b8"",""native_unit_id"":""OLP-0034"",""order_key"":""0034"",""ordinal"":34,""required"":null,""unit_id"":""urn:uuid:f9117e9e-5421-5c8a-804a-f49c2218c5e5"",""visible"":true},""record_type"":""course_unit_membership"",""recorded_at"":""2026-08-31T00:00:00Z"",""semantic_key"":""c80:openlogic:membership:OLP-0034""}"
urn:uuid:3c657edb-1353-5ba2-aef2-3cfa8390facf,course_unit_membership,"{""dataset_id"":""urn:uuid:fdfa2782-db96-5e60-bcb3-d206d78b960a"",""id"":""urn:uuid:3c657edb-1353-5ba2-aef2-3cfa8390facf"",""normalized_state"":""published"",""owner_authority_id"":""urn:uuid:ba324c09-ea3b-5b7d-a8de-40df0fcc5e83"",""owner_native_state"":""exact_closure_order"",""payload"":{""course_id"":""urn:uuid:f6271d1d-189b-5f77-a370-ee7d4edd3603"",""edition_id"":""urn:uuid:79e7c26f-be00-528c-9ca5-dbbdb85bf9b8"",""native_unit_id"":""OLP-0035"",""order_key"":""0035"",""ordinal"":35,""required"":null,""unit_id"":""urn:uuid:d04d1abc-a2f0-5863-8224-51c9c3511db7"",""visible"":true},""record_type"":""course_unit_membership"",""recorded_at"":""2026-08-31T00:00:00Z"",""semantic_key"":""c80:openlogic:membership:OLP-0035""}"
urn:uuid:d5a63ac8-8db7-5a99-a14b-20a27189f3bf,course_unit_membership,"{""dataset_id"":""urn:uuid:fdfa2782-db96-5e60-bcb3-d206d78b960a"",""id"":""urn:uuid:d5a63ac8-8db7-5a99-a14b-20a27189f3bf"",""normalized_state"":""published"",""owner_authority_id"":""urn:uuid:ba324c09-ea3b-5b7d-a8de-40df0fcc5e83"",""owner_native_state"":""exact_closure_order"",""payload"":{""course_id"":""urn:uuid:f6271d1d-189b-5f77-a370-ee7d4edd3603"",""edition_id"":""urn:uuid:79e7c26f-be00-528c-9ca5-dbbdb85bf9b8"",""native_unit_id"":""OLP-0036"",""order_key"":""0036"",""ordinal"":36,""required"":null,""unit_id"":""urn:uuid:84d0d400-f53b-5fa7-8826-b4da93e4ecff"",""visible"":true},""record_type"":""course_unit_membership"",""recorded_at"":""2026-08-31T00:00:00Z"",""semantic_key"":""c80:openlogic:membership:OLP-0036""}"
urn:uuid:de6f516a-7ef0-5dbc-9af7-d42de2e34f27,course_unit_membership,"{""dataset_id"":""urn:uuid:fdfa2782-db96-5e60-bcb3-d206d78b960a"",""id"":""urn:uuid:de6f516a-7ef0-5dbc-9af7-d42de2e34f27"",""normalized_state"":""published"",""owner_authority_id"":""urn:uuid:ba324c09-ea3b-5b7d-a8de-40df0fcc5e83"",""owner_native_state"":""exact_closure_order"",""payload"":{""course_id"":""urn:uuid:f6271d1d-189b-5f77-a370-ee7d4edd3603"",""edition_id"":""urn:uuid:79e7c26f-be00-528c-9ca5-dbbdb85bf9b8"",""native_unit_id"":""OLP-0037"",""order_key"":""0037"",""ordinal"":37,""required"":null,""unit_id"":""urn:uuid:5ee8c2c5-0eec-5316-baf1-5b941f7f4cc6"",""visible"":true},""record_type"":""course_unit_membership"",""recorded_at"":""2026-08-31T00:00:00Z"",""semantic_key"":""c80:openlogic:membership:OLP-0037""}"
urn:uuid:f43f7417-c201-5abb-bd6a-311389ebed61,course_unit_membership,"{""dataset_id"":""urn:uuid:fdfa2782-db96-5e60-bcb3-d206d78b960a"",""id"":""urn:uuid:f43f7417-c201-5abb-bd6a-311389ebed61"",""normalized_state"":""published"",""owner_authority_id"":""urn:uuid:ba324c09-ea3b-5b7d-a8de-40df0fcc5e83"",""owner_native_state"":""exact_closure_order"",""payload"":{""course_id"":""urn:uuid:f6271d1d-189b-5f77-a370-ee7d4edd3603"",""edition_id"":""urn:uuid:79e7c26f-be00-528c-9ca5-dbbdb85bf9b8"",""native_unit_id"":""OLP-0038"",""order_key"":""0038"",""ordinal"":38,""required"":null,""unit_id"":""urn:uuid:2731b0a4-51ea-5ee2-a3c8-72a455da219f"",""visible"":true},""record_type"":""course_unit_membership"",""recorded_at"":""2026-08-31T00:00:00Z"",""semantic_key"":""c80:openlogic:membership:OLP-0038""}"
urn:uuid:33e7d051-a44c-5f26-b8e4-a88fc9eeec99,course_unit_membership,"{""dataset_id"":""urn:uuid:fdfa2782-db96-5e60-bcb3-d206d78b960a"",""id"":""urn:uuid:33e7d051-a44c-5f26-b8e4-a88fc9eeec99"",""normalized_state"":""published"",""owner_authority_id"":""urn:uuid:ba324c09-ea3b-5b7d-a8de-40df0fcc5e83"",""owner_native_state"":""exact_closure_order"",""payload"":{""course_id"":""urn:uuid:f6271d1d-189b-5f77-a370-ee7d4edd3603"",""edition_id"":""urn:uuid:79e7c26f-be00-528c-9ca5-dbbdb85bf9b8"",""native_unit_id"":""OLP-0039"",""order_key"":""0039"",""ordinal"":39,""required"":null,""unit_id"":""urn:uuid:2a7aacb7-5406-5ef3-8687-5e9ecad9cb48"",""visible"":true},""record_type"":""course_unit_membership"",""recorded_at"":""2026-08-31T00:00:00Z"",""semantic_key"":""c80:openlogic:membership:OLP-0039""}"
urn:uuid:d2c09304-2926-57a4-a078-6ed9cb6a6be6,course_unit_membership,"{""dataset_id"":""urn:uuid:fdfa2782-db96-5e60-bcb3-d206d78b960a"",""id"":""urn:uuid:d2c09304-2926-57a4-a078-6ed9cb6a6be6"",""normalized_state"":""published"",""owner_authority_id"":""urn:uuid:ba324c09-ea3b-5b7d-a8de-40df0fcc5e83"",""owner_native_state"":""exact_closure_order"",""payload"":{""course_id"":""urn:uuid:f6271d1d-189b-5f77-a370-ee7d4edd3603"",""edition_id"":""urn:uuid:79e7c26f-be00-528c-9ca5-dbbdb85bf9b8"",""native_unit_id"":""OLP-0040"",""order_key"":""0040"",""ordinal"":40,""required"":null,""unit_id"":""urn:uuid:38c13ab3-7dab-5117-924e-5b486211ad03"",""visible"":true},""record_type"":""course_unit_membership"",""recorded_at"":""2026-08-31T00:00:00Z"",""semantic_key"":""c80:openlogic:membership:OLP-0040""}"
urn:uuid:a05e4417-46f8-5c53-b8dc-6e5d441ca629,course_unit_membership,"{""dataset_id"":""urn:uuid:fdfa2782-db96-5e60-bcb3-d206d78b960a"",""id"":""urn:uuid:a05e4417-46f8-5c53-b8dc-6e5d441ca629"",""normalized_state"":""published"",""owner_authority_id"":""urn:uuid:ba324c09-ea3b-5b7d-a8de-40df0fcc5e83"",""owner_native_state"":""exact_closure_order"",""payload"":{""course_id"":""urn:uuid:f6271d1d-189b-5f77-a370-ee7d4edd3603"",""edition_id"":""urn:uuid:79e7c26f-be00-528c-9ca5-dbbdb85bf9b8"",""native_unit_id"":""OLP-0041"",""order_key"":""0041"",""ordinal"":41,""required"":null,""unit_id"":""urn:uuid:6254cb38-da89-55d9-a46f-a3f47e8a8af2"",""visible"":true},""record_type"":""course_unit_membership"",""recorded_at"":""2026-08-31T00:00:00Z"",""semantic_key"":""c80:openlogic:membership:OLP-0041""}"
urn:uuid:1dc9126b-6e1a-5821-a9f0-03b3a3cce0fb,course_unit_membership,"{""dataset_id"":""urn:uuid:fdfa2782-db96-5e60-bcb3-d206d78b960a"",""id"":""urn:uuid:1dc9126b-6e1a-5821-a9f0-03b3a3cce0fb"",""normalized_state"":""published"",""owner_authority_id"":""urn:uuid:ba324c09-ea3b-5b7d-a8de-40df0fcc5e83"",""owner_native_state"":""exact_closure_order"",""payload"":{""course_id"":""urn:uuid:f6271d1d-189b-5f77-a370-ee7d4edd3603"",""edition_id"":""urn:uuid:79e7c26f-be00-528c-9ca5-dbbdb85bf9b8"",""native_unit_id"":""OLP-0042"",""order_key"":""0042"",""ordinal"":42,""required"":null,""unit_id"":""urn:uuid:cfc3a078-2c5a-5c7c-ac02-eb4ef46cb702"",""visible"":true},""record_type"":""course_unit_membership"",""recorded_at"":""2026-08-31T00:00:00Z"",""semantic_key"":""c80:openlogic:membership:OLP-0042""}"
urn:uuid:9ce5bb48-729e-5edc-99e3-e8e13564e6ee,course_unit_membership,"{""dataset_id"":""urn:uuid:fdfa2782-db96-5e60-bcb3-d206d78b960a"",""id"":""urn:uuid:9ce5bb48-729e-5edc-99e3-e8e13564e6ee"",""normalized_state"":""published"",""owner_authority_id"":""urn:uuid:ba324c09-ea3b-5b7d-a8de-40df0fcc5e83"",""owner_native_state"":""exact_closure_order"",""payload"":{""course_id"":""urn:uuid:f6271d1d-189b-5f77-a370-ee7d4edd3603"",""edition_id"":""urn:uuid:79e7c26f-be00-528c-9ca5-dbbdb85bf9b8"",""native_unit_id"":""OLP-0043"",""order_key"":""0043"",""ordinal"":43,""required"":null,""unit_id"":""urn:uuid:a906c3a1-e150-5fd3-8019-7182576ec2f2"",""visible"":true},""record_type"":""course_unit_membership"",""recorded_at"":""2026-08-31T00:00:00Z"",""semantic_key"":""c80:openlogic:membership:OLP-0043""}"
urn:uuid:e8076786-3038-5541-9592-861b13960225,course_unit_membership,"{""dataset_id"":""urn:uuid:fdfa2782-db96-5e60-bcb3-d206d78b960a"",""id"":""urn:uuid:e8076786-3038-5541-9592-861b13960225"",""normalized_state"":""published"",""owner_authority_id"":""urn:uuid:ba324c09-ea3b-5b7d-a8de-40df0fcc5e83"",""owner_native_state"":""exact_closure_order"",""payload"":{""course_id"":""urn:uuid:f6271d1d-189b-5f77-a370-ee7d4edd3603"",""edition_id"":""urn:uuid:79e7c26f-be00-528c-9ca5-dbbdb85bf9b8"",""native_unit_id"":""OLP-0044"",""order_key"":""0044"",""ordinal"":44,""required"":null,""unit_id"":""urn:uuid:0c383301-f359-5928-95dc-0c6ea0459193"",""visible"":true},""record_type"":""course_unit_membership"",""recorded_at"":""2026-08-31T00:00:00Z"",""semantic_key"":""c80:openlogic:membership:OLP-0044""}"
urn:uuid:ff25dc77-c5a6-5904-ae1c-e76f3b0d9c47,course_unit_membership,"{""dataset_id"":""urn:uuid:fdfa2782-db96-5e60-bcb3-d206d78b960a"",""id"":""urn:uuid:ff25dc77-c5a6-5904-ae1c-e76f3b0d9c47"",""normalized_state"":""published"",""owner_authority_id"":""urn:uuid:ba324c09-ea3b-5b7d-a8de-40df0fcc5e83"",""owner_native_state"":""exact_closure_order"",""payload"":{""course_id"":""urn:uuid:f6271d1d-189b-5f77-a370-ee7d4edd3603"",""edition_id"":""urn:uuid:79e7c26f-be00-528c-9ca5-dbbdb85bf9b8"",""native_unit_id"":""OLP-0045"",""order_key"":""0045"",""ordinal"":45,""required"":null,""unit_id"":""urn:uuid:a61a7732-e655-572c-b0a4-d3492b75d3b9"",""visible"":true},""record_type"":""course_unit_membership"",""recorded_at"":""2026-08-31T00:00:00Z"",""semantic_key"":""c80:openlogic:membership:OLP-0045""}"
urn:uuid:7f79e77d-c914-5b99-8fa8-e164121639a7,course_unit_membership,"{""dataset_id"":""urn:uuid:fdfa2782-db96-5e60-bcb3-d206d78b960a"",""id"":""urn:uuid:7f79e77d-c914-5b99-8fa8-e164121639a7"",""normalized_state"":""published"",""owner_authority_id"":""urn:uuid:ba324c09-ea3b-5b7d-a8de-40df0fcc5e83"",""owner_native_state"":""exact_closure_order"",""payload"":{""course_id"":""urn:uuid:f6271d1d-189b-5f77-a370-ee7d4edd3603"",""edition_id"":""urn:uuid:79e7c26f-be00-528c-9ca5-dbbdb85bf9b8"",""native_unit_id"":""OLP-0046"",""order_key"":""0046"",""ordinal"":46,""required"":null,""unit_id"":""urn:uuid:39d341c9-734f-5e04-a09c-1d2ab1f07592"",""visible"":true},""record_type"":""course_unit_membership"",""recorded_at"":""2026-08-31T00:00:00Z"",""semantic_key"":""c80:openlogic:membership:OLP-0046""}"
urn:uuid:34ce16b1-3f6a-5548-b4fe-5edd161041bf,course_unit_membership,"{""dataset_id"":""urn:uuid:fdfa2782-db96-5e60-bcb3-d206d78b960a"",""id"":""urn:uuid:34ce16b1-3f6a-5548-b4fe-5edd161041bf"",""normalized_state"":""published"",""owner_authority_id"":""urn:uuid:ba324c09-ea3b-5b7d-a8de-40df0fcc5e83"",""owner_native_state"":""exact_closure_order"",""payload"":{""course_id"":""urn:uuid:f6271d1d-189b-5f77-a370-ee7d4edd3603"",""edition_id"":""urn:uuid:79e7c26f-be00-528c-9ca5-dbbdb85bf9b8"",""native_unit_id"":""OLP-0047"",""order_key"":""0047"",""ordinal"":47,""required"":null,""unit_id"":""urn:uuid:f2c5f418-6bde-5dbf-afb7-8e1e69acaa6b"",""visible"":true},""record_type"":""course_unit_membership"",""recorded_at"":""2026-08-31T00:00:00Z"",""semantic_key"":""c80:openlogic:membership:OLP-0047""}"
urn:uuid:189c4c13-2ff9-5b4e-bc60-85fcf3343f95,course_unit_membership,"{""dataset_id"":""urn:uuid:fdfa2782-db96-5e60-bcb3-d206d78b960a"",""id"":""urn:uuid:189c4c13-2ff9-5b4e-bc60-85fcf3343f95"",""normalized_state"":""published"",""owner_authority_id"":""urn:uuid:ba324c09-ea3b-5b7d-a8de-40df0fcc5e83"",""owner_native_state"":""exact_closure_order"",""payload"":{""course_id"":""urn:uuid:f6271d1d-189b-5f77-a370-ee7d4edd3603"",""edition_id"":""urn:uuid:79e7c26f-be00-528c-9ca5-dbbdb85bf9b8"",""native_unit_id"":""OLP-0048"",""order_key"":""0048"",""ordinal"":48,""required"":null,""unit_id"":""urn:uuid:e7353f93-2e04-54f9-bcda-2eccb9d1fa32"",""visible"":true},""record_type"":""course_unit_membership"",""recorded_at"":""2026-08-31T00:00:00Z"",""semantic_key"":""c80:openlogic:membership:OLP-0048""}"
urn:uuid:6f90fad8-f858-5bec-95b3-15eda3a08a98,course_unit_membership,"{""dataset_id"":""urn:uuid:fdfa2782-db96-5e60-bcb3-d206d78b960a"",""id"":""urn:uuid:6f90fad8-f858-5bec-95b3-15eda3a08a98"",""normalized_state"":""published"",""owner_authority_id"":""urn:uuid:ba324c09-ea3b-5b7d-a8de-40df0fcc5e83"",""owner_native_state"":""exact_closure_order"",""payload"":{""course_id"":""urn:uuid:f6271d1d-189b-5f77-a370-ee7d4edd3603"",""edition_id"":""urn:uuid:79e7c26f-be00-528c-9ca5-dbbdb85bf9b8"",""native_unit_id"":""OLP-0049"",""order_key"":""0049"",""ordinal"":49,""required"":null,""unit_id"":""urn:uuid:04d19ad8-b9ed-51bf-af42-baca09e7c9c4"",""visible"":true},""record_type"":""course_unit_membership"",""recorded_at"":""2026-08-31T00:00:00Z"",""semantic_key"":""c80:openlogic:membership:OLP-0049""}"
urn:uuid:eabb93e0-90df-5bcf-80c0-337c81a2af5e,course_unit_membership,"{""dataset_id"":""urn:uuid:fdfa2782-db96-5e60-bcb3-d206d78b960a"",""id"":""urn:uuid:eabb93e0-90df-5bcf-80c0-337c81a2af5e"",""normalized_state"":""published"",""owner_authority_id"":""urn:uuid:ba324c09-ea3b-5b7d-a8de-40df0fcc5e83"",""owner_native_state"":""exact_closure_order"",""payload"":{""course_id"":""urn:uuid:f6271d1d-189b-5f77-a370-ee7d4edd3603"",""edition_id"":""urn:uuid:79e7c26f-be00-528c-9ca5-dbbdb85bf9b8"",""native_unit_id"":""OLP-0050"",""order_key"":""0050"",""ordinal"":50,""required"":null,""unit_id"":""urn:uuid:08bebb7a-d4b7-5b2f-a3b0-4897ffb8ea5e"",""visible"":true},""record_type"":""course_unit_membership"",""recorded_at"":""2026-08-31T00:00:00Z"",""semantic_key"":""c80:openlogic:membership:OLP-0050""}"
urn:uuid:10922840-8c87-5775-8f80-b07019e5db0b,course_unit_membership,"{""dataset_id"":""urn:uuid:fdfa2782-db96-5e60-bcb3-d206d78b960a"",""id"":""urn:uuid:10922840-8c87-5775-8f80-b07019e5db0b"",""normalized_state"":""published"",""owner_authority_id"":""urn:uuid:ba324c09-ea3b-5b7d-a8de-40df0fcc5e83"",""owner_native_state"":""exact_closure_order"",""payload"":{""course_id"":""urn:uuid:f6271d1d-189b-5f77-a370-ee7d4edd3603"",""edition_id"":""urn:uuid:79e7c26f-be00-528c-9ca5-dbbdb85bf9b8"",""native_unit_id"":""OLP-0051"",""order_key"":""0051"",""ordinal"":51,""required"":null,""unit_id"":""urn:uuid:bfb03e95-2b17-52bf-86ab-820335833512"",""visible"":true},""record_type"":""course_unit_membership"",""recorded_at"":""2026-08-31T00:00:00Z"",""semantic_key"":""c80:openlogic:membership:OLP-0051""}"
urn:uuid:d89d1b16-1616-5e4c-b2dc-9fa45b05a7e2,course_unit_membership,"{""dataset_id"":""urn:uuid:fdfa2782-db96-5e60-bcb3-d206d78b960a"",""id"":""urn:uuid:d89d1b16-1616-5e4c-b2dc-9fa45b05a7e2"",""normalized_state"":""published"",""owner_authority_id"":""urn:uuid:ba324c09-ea3b-5b7d-a8de-40df0fcc5e83"",""owner_native_state"":""exact_closure_order"",""payload"":{""course_id"":""urn:uuid:f6271d1d-189b-5f77-a370-ee7d4edd3603"",""edition_id"":""urn:uuid:79e7c26f-be00-528c-9ca5-dbbdb85bf9b8"",""native_unit_id"":""OLP-0052"",""order_key"":""0052"",""ordinal"":52,""required"":null,""unit_id"":""urn:uuid:6f54973e-6108-5ff6-b05e-b65e6e549ee6"",""visible"":true},""record_type"":""course_unit_membership"",""recorded_at"":""2026-08-31T00:00:00Z"",""semantic_key"":""c80:openlogic:membership:OLP-0052""}"
urn:uuid:2dbc797d-455c-5ab4-9439-86b8aaae80e0,course_unit_membership,"{""dataset_id"":""urn:uuid:fdfa2782-db96-5e60-bcb3-d206d78b960a"",""id"":""urn:uuid:2dbc797d-455c-5ab4-9439-86b8aaae80e0"",""normalized_state"":""published"",""owner_authority_id"":""urn:uuid:ba324c09-ea3b-5b7d-a8de-40df0fcc5e83"",""owner_native_state"":""exact_closure_order"",""payload"":{""course_id"":""urn:uuid:f6271d1d-189b-5f77-a370-ee7d4edd3603"",""edition_id"":""urn:uuid:79e7c26f-be00-528c-9ca5-dbbdb85bf9b8"",""native_unit_id"":""OLP-0053"",""order_key"":""0053"",""ordinal"":53,""required"":null,""unit_id"":""urn:uuid:5935b3f0-1b8c-5b83-8aba-4c14a3fc36b2"",""visible"":true},""record_type"":""course_unit_membership"",""recorded_at"":""2026-08-31T00:00:00Z"",""semantic_key"":""c80:openlogic:membership:OLP-0053""}"
urn:uuid:0e46c43b-4e3e-50f8-98fa-67c09c032f05,course_unit_membership,"{""dataset_id"":""urn:uuid:fdfa2782-db96-5e60-bcb3-d206d78b960a"",""id"":""urn:uuid:0e46c43b-4e3e-50f8-98fa-67c09c032f05"",""normalized_state"":""published"",""owner_authority_id"":""urn:uuid:ba324c09-ea3b-5b7d-a8de-40df0fcc5e83"",""owner_native_state"":""exact_closure_order"",""payload"":{""course_id"":""urn:uuid:f6271d1d-189b-5f77-a370-ee7d4edd3603"",""edition_id"":""urn:uuid:79e7c26f-be00-528c-9ca5-dbbdb85bf9b8"",""native_unit_id"":""OLP-0054"",""order_key"":""0054"",""ordinal"":54,""required"":null,""unit_id"":""urn:uuid:6813d5f0-9761-5716-a425-9dedbdd6c353"",""visible"":true},""record_type"":""course_unit_membership"",""recorded_at"":""2026-08-31T00:00:00Z"",""semantic_key"":""c80:openlogic:membership:OLP-0054""}"
urn:uuid:acd1f56e-f4d1-52c3-b0f8-0f7e90738b59,course_unit_membership,"{""dataset_id"":""urn:uuid:fdfa2782-db96-5e60-bcb3-d206d78b960a"",""id"":""urn:uuid:acd1f56e-f4d1-52c3-b0f8-0f7e90738b59"",""normalized_state"":""published"",""owner_authority_id"":""urn:uuid:ba324c09-ea3b-5b7d-a8de-40df0fcc5e83"",""owner_native_state"":""exact_closure_order"",""payload"":{""course_id"":""urn:uuid:f6271d1d-189b-5f77-a370-ee7d4edd3603"",""edition_id"":""urn:uuid:79e7c26f-be00-528c-9ca5-dbbdb85bf9b8"",""native_unit_id"":""OLP-0055"",""order_key"":""0055"",""ordinal"":55,""required"":null,""unit_id"":""urn:uuid:155897e8-c47f-5770-b6b2-355b2ffdf120"",""visible"":true},""record_type"":""course_unit_membership"",""recorded_at"":""2026-08-31T00:00:00Z"",""semantic_key"":""c80:openlogic:membership:OLP-0055""}"
urn:uuid:a32741f7-96c8-59b6-882d-917042e2a59c,course_unit_membership,"{""dataset_id"":""urn:uuid:fdfa2782-db96-5e60-bcb3-d206d78b960a"",""id"":""urn:uuid:a32741f7-96c8-59b6-882d-917042e2a59c"",""normalized_state"":""published"",""owner_authority_id"":""urn:uuid:ba324c09-ea3b-5b7d-a8de-40df0fcc5e83"",""owner_native_state"":""exact_closure_order"",""payload"":{""course_id"":""urn:uuid:f6271d1d-189b-5f77-a370-ee7d4edd3603"",""edition_id"":""urn:uuid:79e7c26f-be00-528c-9ca5-dbbdb85bf9b8"",""native_unit_id"":""OLP-0056"",""order_key"":""0056"",""ordinal"":56,""required"":null,""unit_id"":""urn:uuid:1b055a25-9911-57f5-9c14-462821b093e9"",""visible"":true},""record_type"":""course_unit_membership"",""recorded_at"":""2026-08-31T00:00:00Z"",""semantic_key"":""c80:openlogic:membership:OLP-0056""}"
urn:uuid:827fcecb-1654-530a-afaa-3df4beff7d5f,course_unit_membership,"{""dataset_id"":""urn:uuid:fdfa2782-db96-5e60-bcb3-d206d78b960a"",""id"":""urn:uuid:827fcecb-1654-530a-afaa-3df4beff7d5f"",""normalized_state"":""published"",""owner_authority_id"":""urn:uuid:ba324c09-ea3b-5b7d-a8de-40df0fcc5e83"",""owner_native_state"":""exact_closure_order"",""payload"":{""course_id"":""urn:uuid:f6271d1d-189b-5f77-a370-ee7d4edd3603"",""edition_id"":""urn:uuid:79e7c26f-be00-528c-9ca5-dbbdb85bf9b8"",""native_unit_id"":""OLP-0057"",""order_key"":""0057"",""ordinal"":57,""required"":null,""unit_id"":""urn:uuid:b635318a-97a3-59b3-a8e2-16ecbf40cae1"",""visible"":true},""record_type"":""course_unit_membership"",""recorded_at"":""2026-08-31T00:00:00Z"",""semantic_key"":""c80:openlogic:membership:OLP-0057""}"
urn:uuid:520adb8a-8d48-5cf9-a254-d6eb0dbe6381,course_unit_membership,"{""dataset_id"":""urn:uuid:fdfa2782-db96-5e60-bcb3-d206d78b960a"",""id"":""urn:uuid:520adb8a-8d48-5cf9-a254-d6eb0dbe6381"",""normalized_state"":""published"",""owner_authority_id"":""urn:uuid:ba324c09-ea3b-5b7d-a8de-40df0fcc5e83"",""owner_native_state"":""exact_closure_order"",""payload"":{""course_id"":""urn:uuid:f6271d1d-189b-5f77-a370-ee7d4edd3603"",""edition_id"":""urn:uuid:79e7c26f-be00-528c-9ca5-dbbdb85bf9b8"",""native_unit_id"":""OLP-0058"",""order_key"":""0058"",""ordinal"":58,""required"":null,""unit_id"":""urn:uuid:14778697-85c5-5ca8-a19f-f9eac375dfa9"",""visible"":true},""record_type"":""course_unit_membership"",""recorded_at"":""2026-08-31T00:00:00Z"",""semantic_key"":""c80:openlogic:membership:OLP-0058""}"
urn:uuid:1d99860e-f9bd-588f-8afc-ef36033a8acb,course_unit_membership,"{""dataset_id"":""urn:uuid:fdfa2782-db96-5e60-bcb3-d206d78b960a"",""id"":""urn:uuid:1d99860e-f9bd-588f-8afc-ef36033a8acb"",""normalized_state"":""published"",""owner_authority_id"":""urn:uuid:ba324c09-ea3b-5b7d-a8de-40df0fcc5e83"",""owner_native_state"":""exact_closure_order"",""payload"":{""course_id"":""urn:uuid:f6271d1d-189b-5f77-a370-ee7d4edd3603"",""edition_id"":""urn:uuid:79e7c26f-be00-528c-9ca5-dbbdb85bf9b8"",""native_unit_id"":""OLP-0059"",""order_key"":""0059"",""ordinal"":59,""required"":null,""unit_id"":""urn:uuid:8ccbf0d8-dc00-549c-a3bc-49ecef03855b"",""visible"":true},""record_type"":""course_unit_membership"",""recorded_at"":""2026-08-31T00:00:00Z"",""semantic_key"":""c80:openlogic:membership:OLP-0059""}"
urn:uuid:e541dcfe-bf03-5feb-abfd-80326430eeaf,course_unit_membership,"{""dataset_id"":""urn:uuid:fdfa2782-db96-5e60-bcb3-d206d78b960a"",""id"":""urn:uuid:e541dcfe-bf03-5feb-abfd-80326430eeaf"",""normalized_state"":""published"",""owner_authority_id"":""urn:uuid:ba324c09-ea3b-5b7d-a8de-40df0fcc5e83"",""owner_native_state"":""exact_closure_order"",""payload"":{""course_id"":""urn:uuid:f6271d1d-189b-5f77-a370-ee7d4edd3603"",""edition_id"":""urn:uuid:79e7c26f-be00-528c-9ca5-dbbdb85bf9b8"",""native_unit_id"":""OLP-0060"",""order_key"":""0060"",""ordinal"":60,""required"":null,""unit_id"":""urn:uuid:4d078e45-d18c-5f73-b207-358afeff1041"",""visible"":true},""record_type"":""course_unit_membership"",""recorded_at"":""2026-08-31T00:00:00Z"",""semantic_key"":""c80:openlogic:membership:OLP-0060""}"
urn:uuid:516f7071-0637-5064-9160-f3fe148e9ac2,course_unit_membership,"{""dataset_id"":""urn:uuid:fdfa2782-db96-5e60-bcb3-d206d78b960a"",""id"":""urn:uuid:516f7071-0637-5064-9160-f3fe148e9ac2"",""normalized_state"":""published"",""owner_authority_id"":""urn:uuid:ba324c09-ea3b-5b7d-a8de-40df0fcc5e83"",""owner_native_state"":""exact_closure_order"",""payload"":{""course_id"":""urn:uuid:f6271d1d-189b-5f77-a370-ee7d4edd3603"",""edition_id"":""urn:uuid:79e7c26f-be00-528c-9ca5-dbbdb85bf9b8"",""native_unit_id"":""OLP-0061"",""order_key"":""0061"",""ordinal"":61,""required"":null,""unit_id"":""urn:uuid:709d5fbc-bec9-55e3-94d6-261d9ecc3de1"",""visible"":true},""record_type"":""course_unit_membership"",""recorded_at"":""2026-08-31T00:00:00Z"",""semantic_key"":""c80:openlogic:membership:OLP-0061""}"
urn:uuid:992b45b8-8777-5c3a-9b20-9371fe92697c,course_unit_membership,"{""dataset_id"":""urn:uuid:fdfa2782-db96-5e60-bcb3-d206d78b960a"",""id"":""urn:uuid:992b45b8-8777-5c3a-9b20-9371fe92697c"",""normalized_state"":""published"",""owner_authority_id"":""urn:uuid:ba324c09-ea3b-5b7d-a8de-40df0fcc5e83"",""owner_native_state"":""exact_closure_order"",""payload"":{""course_id"":""urn:uuid:f6271d1d-189b-5f77-a370-ee7d4edd3603"",""edition_id"":""urn:uuid:79e7c26f-be00-528c-9ca5-dbbdb85bf9b8"",""native_unit_id"":""OLP-0062"",""order_key"":""0062"",""ordinal"":62,""required"":null,""unit_id"":""urn:uuid:0800f049-003d-52fd-8a53-5bd96fb7e357"",""visible"":true},""record_type"":""course_unit_membership"",""recorded_at"":""2026-08-31T00:00:00Z"",""semantic_key"":""c80:openlogic:membership:OLP-0062""}"
urn:uuid:fe500dc8-07bf-530f-8ee3-d0899a81a7b1,course_unit_membership,"{""dataset_id"":""urn:uuid:fdfa2782-db96-5e60-bcb3-d206d78b960a"",""id"":""urn:uuid:fe500dc8-07bf-530f-8ee3-d0899a81a7b1"",""normalized_state"":""published"",""owner_authority_id"":""urn:uuid:ba324c09-ea3b-5b7d-a8de-40df0fcc5e83"",""owner_native_state"":""exact_closure_order"",""payload"":{""course_id"":""urn:uuid:f6271d1d-189b-5f77-a370-ee7d4edd3603"",""edition_id"":""urn:uuid:79e7c26f-be00-528c-9ca5-dbbdb85bf9b8"",""native_unit_id"":""OLP-0063"",""order_key"":""0063"",""ordinal"":63,""required"":null,""unit_id"":""urn:uuid:917a4262-46cf-5da4-9d1d-5d75446eb3d4"",""visible"":true},""record_type"":""course_unit_membership"",""recorded_at"":""2026-08-31T00:00:00Z"",""semantic_key"":""c80:openlogic:membership:OLP-0063""}"
urn:uuid:161700b5-8124-5b41-a75a-1060dc127d6b,course_unit_membership,"{""dataset_id"":""urn:uuid:fdfa2782-db96-5e60-bcb3-d206d78b960a"",""id"":""urn:uuid:161700b5-8124-5b41-a75a-1060dc127d6b"",""normalized_state"":""published"",""owner_authority_id"":""urn:uuid:ba324c09-ea3b-5b7d-a8de-40df0fcc5e83"",""owner_native_state"":""exact_closure_order"",""payload"":{""course_id"":""urn:uuid:f6271d1d-189b-5f77-a370-ee7d4edd3603"",""edition_id"":""urn:uuid:79e7c26f-be00-528c-9ca5-dbbdb85bf9b8"",""native_unit_id"":""OLP-0064"",""order_key"":""0064"",""ordinal"":64,""required"":null,""unit_id"":""urn:uuid:6820c97d-c977-5e8f-a1da-9141a8053813"",""visible"":true},""record_type"":""course_unit_membership"",""recorded_at"":""2026-08-31T00:00:00Z"",""semantic_key"":""c80:openlogic:membership:OLP-0064""}"
urn:uuid:e8a45998-704f-5aa1-9add-32261ef03edd,course_unit_membership,"{""dataset_id"":""urn:uuid:fdfa2782-db96-5e60-bcb3-d206d78b960a"",""id"":""urn:uuid:e8a45998-704f-5aa1-9add-32261ef03edd"",""normalized_state"":""published"",""owner_authority_id"":""urn:uuid:ba324c09-ea3b-5b7d-a8de-40df0fcc5e83"",""owner_native_state"":""exact_closure_order"",""payload"":{""course_id"":""urn:uuid:f6271d1d-189b-5f77-a370-ee7d4edd3603"",""edition_id"":""urn:uuid:79e7c26f-be00-528c-9ca5-dbbdb85bf9b8"",""native_unit_id"":""OLP-0065"",""order_key"":""0065"",""ordinal"":65,""required"":null,""unit_id"":""urn:uuid:735162f1-4fba-5ff9-9d8d-721af64d1d76"",""visible"":true},""record_type"":""course_unit_membership"",""recorded_at"":""2026-08-31T00:00:00Z"",""semantic_key"":""c80:openlogic:membership:OLP-0065""}"
urn:uuid:e5821ea1-dfa7-5d54-b6a1-e7ed611f7834,course_unit_membership,"{""dataset_id"":""urn:uuid:fdfa2782-db96-5e60-bcb3-d206d78b960a"",""id"":""urn:uuid:e5821ea1-dfa7-5d54-b6a1-e7ed611f7834"",""normalized_state"":""published"",""owner_authority_id"":""urn:uuid:ba324c09-ea3b-5b7d-a8de-40df0fcc5e83"",""owner_native_state"":""exact_closure_order"",""payload"":{""course_id"":""urn:uuid:f6271d1d-189b-5f77-a370-ee7d4edd3603"",""edition_id"":""urn:uuid:79e7c26f-be00-528c-9ca5-dbbdb85bf9b8"",""native_unit_id"":""OLP-0066"",""order_key"":""0066"",""ordinal"":66,""required"":null,""unit_id"":""urn:uuid:de32f224-463e-5d88-9cd9-7e331a5ec8b0"",""visible"":true},""record_type"":""course_unit_membership"",""recorded_at"":""2026-08-31T00:00:00Z"",""semantic_key"":""c80:openlogic:membership:OLP-0066""}"
urn:uuid:44947bf2-c10f-50ab-a28a-b6764a49e7a7,course_unit_membership,"{""dataset_id"":""urn:uuid:fdfa2782-db96-5e60-bcb3-d206d78b960a"",""id"":""urn:uuid:44947bf2-c10f-50ab-a28a-b6764a49e7a7"",""normalized_state"":""published"",""owner_authority_id"":""urn:uuid:ba324c09-ea3b-5b7d-a8de-40df0fcc5e83"",""owner_native_state"":""exact_closure_order"",""payload"":{""course_id"":""urn:uuid:f6271d1d-189b-5f77-a370-ee7d4edd3603"",""edition_id"":""urn:uuid:79e7c26f-be00-528c-9ca5-dbbdb85bf9b8"",""native_unit_id"":""OLP-0067"",""order_key"":""0067"",""ordinal"":67,""required"":null,""unit_id"":""urn:uuid:b8246629-0f57-5376-ad46-6dcc27301714"",""visible"":true},""record_type"":""course_unit_membership"",""recorded_at"":""2026-08-31T00:00:00Z"",""semantic_key"":""c80:openlogic:membership:OLP-0067""}"
urn:uuid:36569c25-4455-57f2-9797-7ba7cdc1c771,course_unit_membership,"{""dataset_id"":""urn:uuid:fdfa2782-db96-5e60-bcb3-d206d78b960a"",""id"":""urn:uuid:36569c25-4455-57f2-9797-7ba7cdc1c771"",""normalized_state"":""published"",""owner_authority_id"":""urn:uuid:ba324c09-ea3b-5b7d-a8de-40df0fcc5e83"",""owner_native_state"":""exact_closure_order"",""payload"":{""course_id"":""urn:uuid:f6271d1d-189b-5f77-a370-ee7d4edd3603"",""edition_id"":""urn:uuid:79e7c26f-be00-528c-9ca5-dbbdb85bf9b8"",""native_unit_id"":""OLP-0068"",""order_key"":""0068"",""ordinal"":68,""required"":null,""unit_id"":""urn:uuid:b082d8be-dd59-5198-b6ec-a9af13515df0"",""visible"":true},""record_type"":""course_unit_membership"",""recorded_at"":""2026-08-31T00:00:00Z"",""semantic_key"":""c80:openlogic:membership:OLP-0068""}"
urn:uuid:f1d4521e-824e-58c0-94b6-b0a9d9425c89,course_unit_membership,"{""dataset_id"":""urn:uuid:fdfa2782-db96-5e60-bcb3-d206d78b960a"",""id"":""urn:uuid:f1d4521e-824e-58c0-94b6-b0a9d9425c89"",""normalized_state"":""published"",""owner_authority_id"":""urn:uuid:ba324c09-ea3b-5b7d-a8de-40df0fcc5e83"",""owner_native_state"":""exact_closure_order"",""payload"":{""course_id"":""urn:uuid:f6271d1d-189b-5f77-a370-ee7d4edd3603"",""edition_id"":""urn:uuid:79e7c26f-be00-528c-9ca5-dbbdb85bf9b8"",""native_unit_id"":""OLP-0069"",""order_key"":""0069"",""ordinal"":69,""required"":null,""unit_id"":""urn:uuid:bc16d0f5-e0c2-5436-9bbd-7cfbd45eb8db"",""visible"":true},""record_type"":""course_unit_membership"",""recorded_at"":""2026-08-31T00:00:00Z"",""semantic_key"":""c80:openlogic:membership:OLP-0069""}"
urn:uuid:679c4e55-2cd1-5929-8911-98f4b29351db,course_unit_membership,"{""dataset_id"":""urn:uuid:fdfa2782-db96-5e60-bcb3-d206d78b960a"",""id"":""urn:uuid:679c4e55-2cd1-5929-8911-98f4b29351db"",""normalized_state"":""published"",""owner_authority_id"":""urn:uuid:ba324c09-ea3b-5b7d-a8de-40df0fcc5e83"",""owner_native_state"":""exact_closure_order"",""payload"":{""course_id"":""urn:uuid:f6271d1d-189b-5f77-a370-ee7d4edd3603"",""edition_id"":""urn:uuid:79e7c26f-be00-528c-9ca5-dbbdb85bf9b8"",""native_unit_id"":""OLP-0070"",""order_key"":""0070"",""ordinal"":70,""required"":null,""unit_id"":""urn:uuid:ef05f523-9d2e-5f93-a1ea-4b04a26172f3"",""visible"":true},""record_type"":""course_unit_membership"",""recorded_at"":""2026-08-31T00:00:00Z"",""semantic_key"":""c80:openlogic:membership:OLP-0070""}"
urn:uuid:adbd0e6a-f030-54f4-83a3-711a8aae5adc,course_unit_membership,"{""dataset_id"":""urn:uuid:fdfa2782-db96-5e60-bcb3-d206d78b960a"",""id"":""urn:uuid:adbd0e6a-f030-54f4-83a3-711a8aae5adc"",""normalized_state"":""published"",""owner_authority_id"":""urn:uuid:ba324c09-ea3b-5b7d-a8de-40df0fcc5e83"",""owner_native_state"":""exact_closure_order"",""payload"":{""course_id"":""urn:uuid:f6271d1d-189b-5f77-a370-ee7d4edd3603"",""edition_id"":""urn:uuid:79e7c26f-be00-528c-9ca5-dbbdb85bf9b8"",""native_unit_id"":""OLP-0071"",""order_key"":""0071"",""ordinal"":71,""required"":null,""unit_id"":""urn:uuid:e93ab482-ce95-58a5-a95f-b17503e4868b"",""visible"":true},""record_type"":""course_unit_membership"",""recorded_at"":""2026-08-31T00:00:00Z"",""semantic_key"":""c80:openlogic:membership:OLP-0071""}"
urn:uuid:b1e662a7-5fea-5c06-95c4-bd6cdc878be8,course_unit_membership,"{""dataset_id"":""urn:uuid:fdfa2782-db96-5e60-bcb3-d206d78b960a"",""id"":""urn:uuid:b1e662a7-5fea-5c06-95c4-bd6cdc878be8"",""normalized_state"":""published"",""owner_authority_id"":""urn:uuid:ba324c09-ea3b-5b7d-a8de-40df0fcc5e83"",""owner_native_state"":""exact_closure_order"",""payload"":{""course_id"":""urn:uuid:f6271d1d-189b-5f77-a370-ee7d4edd3603"",""edition_id"":""urn:uuid:79e7c26f-be00-528c-9ca5-dbbdb85bf9b8"",""native_unit_id"":""OLP-0072"",""order_key"":""0072"",""ordinal"":72,""required"":null,""unit_id"":""urn:uuid:3c286294-7685-5fc3-a807-e2028a063966"",""visible"":true},""record_type"":""course_unit_membership"",""recorded_at"":""2026-08-31T00:00:00Z"",""semantic_key"":""c80:openlogic:membership:OLP-0072""}"
urn:uuid:426ed8c9-5e22-5b59-a2ea-ac5888f88008,course_unit_membership,"{""dataset_id"":""urn:uuid:fdfa2782-db96-5e60-bcb3-d206d78b960a"",""id"":""urn:uuid:426ed8c9-5e22-5b59-a2ea-ac5888f88008"",""normalized_state"":""published"",""owner_authority_id"":""urn:uuid:ba324c09-ea3b-5b7d-a8de-40df0fcc5e83"",""owner_native_state"":""exact_closure_order"",""payload"":{""course_id"":""urn:uuid:f6271d1d-189b-5f77-a370-ee7d4edd3603"",""edition_id"":""urn:uuid:79e7c26f-be00-528c-9ca5-dbbdb85bf9b8"",""native_unit_id"":""OLP-0073"",""order_key"":""0073"",""ordinal"":73,""required"":null,""unit_id"":""urn:uuid:08516810-ea89-5cd4-8d68-f25dfe634a0b"",""visible"":true},""record_type"":""course_unit_membership"",""recorded_at"":""2026-08-31T00:00:00Z"",""semantic_key"":""c80:openlogic:membership:OLP-0073""}"
urn:uuid:c4682c13-8df5-5a46-8774-99baf7045908,course_unit_membership,"{""dataset_id"":""urn:uuid:fdfa2782-db96-5e60-bcb3-d206d78b960a"",""id"":""urn:uuid:c4682c13-8df5-5a46-8774-99baf7045908"",""normalized_state"":""published"",""owner_authority_id"":""urn:uuid:ba324c09-ea3b-5b7d-a8de-40df0fcc5e83"",""owner_native_state"":""exact_closure_order"",""payload"":{""course_id"":""urn:uuid:f6271d1d-189b-5f77-a370-ee7d4edd3603"",""edition_id"":""urn:uuid:79e7c26f-be00-528c-9ca5-dbbdb85bf9b8"",""native_unit_id"":""OLP-0074"",""order_key"":""0074"",""ordinal"":74,""required"":null,""unit_id"":""urn:uuid:030bcc1e-610c-5f47-9c6e-a3eaf8d0691a"",""visible"":true},""record_type"":""course_unit_membership"",""recorded_at"":""2026-08-31T00:00:00Z"",""semantic_key"":""c80:openlogic:membership:OLP-0074""}"
urn:uuid:6cd5f5fa-9114-510b-b35b-1d6e719e42ee,course_unit_membership,"{""dataset_id"":""urn:uuid:fdfa2782-db96-5e60-bcb3-d206d78b960a"",""id"":""urn:uuid:6cd5f5fa-9114-510b-b35b-1d6e719e42ee"",""normalized_state"":""published"",""owner_authority_id"":""urn:uuid:ba324c09-ea3b-5b7d-a8de-40df0fcc5e83"",""owner_native_state"":""exact_closure_order"",""payload"":{""course_id"":""urn:uuid:f6271d1d-189b-5f77-a370-ee7d4edd3603"",""edition_id"":""urn:uuid:79e7c26f-be00-528c-9ca5-dbbdb85bf9b8"",""native_unit_id"":""OLP-0075"",""order_key"":""0075"",""ordinal"":75,""required"":null,""unit_id"":""urn:uuid:b7259e74-ec3c-5ad6-ab64-208e1a360e02"",""visible"":true},""record_type"":""course_unit_membership"",""recorded_at"":""2026-08-31T00:00:00Z"",""semantic_key"":""c80:openlogic:membership:OLP-0075""}"
urn:uuid:e42ba5e6-948c-5489-894b-e30bc01e6917,course_unit_membership,"{""dataset_id"":""urn:uuid:fdfa2782-db96-5e60-bcb3-d206d78b960a"",""id"":""urn:uuid:e42ba5e6-948c-5489-894b-e30bc01e6917"",""normalized_state"":""published"",""owner_authority_id"":""urn:uuid:ba324c09-ea3b-5b7d-a8de-40df0fcc5e83"",""owner_native_state"":""exact_closure_order"",""payload"":{""course_id"":""urn:uuid:f6271d1d-189b-5f77-a370-ee7d4edd3603"",""edition_id"":""urn:uuid:79e7c26f-be00-528c-9ca5-dbbdb85bf9b8"",""native_unit_id"":""OLP-0076"",""order_key"":""0076"",""ordinal"":76,""required"":null,""unit_id"":""urn:uuid:c5849bfc-57e5-5943-b1d3-00eda2e96ca2"",""visible"":true},""record_type"":""course_unit_membership"",""recorded_at"":""2026-08-31T00:00:00Z"",""semantic_key"":""c80:openlogic:membership:OLP-0076""}"
urn:uuid:d667ab60-dd0e-5744-b9a9-e325eae1f908,course_unit_membership,"{""dataset_id"":""urn:uuid:fdfa2782-db96-5e60-bcb3-d206d78b960a"",""id"":""urn:uuid:d667ab60-dd0e-5744-b9a9-e325eae1f908"",""normalized_state"":""published"",""owner_authority_id"":""urn:uuid:ba324c09-ea3b-5b7d-a8de-40df0fcc5e83"",""owner_native_state"":""exact_closure_order"",""payload"":{""course_id"":""urn:uuid:f6271d1d-189b-5f77-a370-ee7d4edd3603"",""edition_id"":""urn:uuid:79e7c26f-be00-528c-9ca5-dbbdb85bf9b8"",""native_unit_id"":""OLP-0077"",""order_key"":""0077"",""ordinal"":77,""required"":null,""unit_id"":""urn:uuid:0cfb1736-94d7-50a8-a0f2-56353539bc22"",""visible"":true},""record_type"":""course_unit_membership"",""recorded_at"":""2026-08-31T00:00:00Z"",""semantic_key"":""c80:openlogic:membership:OLP-0077""}"
urn:uuid:c2e484f6-77e4-5f31-a2b5-7ddaff0b3e1d,course_unit_membership,"{""dataset_id"":""urn:uuid:fdfa2782-db96-5e60-bcb3-d206d78b960a"",""id"":""urn:uuid:c2e484f6-77e4-5f31-a2b5-7ddaff0b3e1d"",""normalized_state"":""published"",""owner_authority_id"":""urn:uuid:ba324c09-ea3b-5b7d-a8de-40df0fcc5e83"",""owner_native_state"":""exact_closure_order"",""payload"":{""course_id"":""urn:uuid:f6271d1d-189b-5f77-a370-ee7d4edd3603"",""edition_id"":""urn:uuid:79e7c26f-be00-528c-9ca5-dbbdb85bf9b8"",""native_unit_id"":""OLP-0078"",""order_key"":""0078"",""ordinal"":78,""required"":null,""unit_id"":""urn:uuid:7122f326-ca84-5dec-9187-a4b6b147114e"",""visible"":true},""record_type"":""course_unit_membership"",""recorded_at"":""2026-08-31T00:00:00Z"",""semantic_key"":""c80:openlogic:membership:OLP-0078""}"
urn:uuid:6459aef9-8153-561a-b654-62db5b5b525d,course_unit_membership,"{""dataset_id"":""urn:uuid:fdfa2782-db96-5e60-bcb3-d206d78b960a"",""id"":""urn:uuid:6459aef9-8153-561a-b654-62db5b5b525d"",""normalized_state"":""published"",""owner_authority_id"":""urn:uuid:ba324c09-ea3b-5b7d-a8de-40df0fcc5e83"",""owner_native_state"":""exact_closure_order"",""payload"":{""course_id"":""urn:uuid:f6271d1d-189b-5f77-a370-ee7d4edd3603"",""edition_id"":""urn:uuid:79e7c26f-be00-528c-9ca5-dbbdb85bf9b8"",""native_unit_id"":""OLP-0079"",""order_key"":""0079"",""ordinal"":79,""required"":null,""unit_id"":""urn:uuid:4b262ca3-c883-5da9-ba37-8d521fc63f22"",""visible"":true},""record_type"":""course_unit_membership"",""recorded_at"":""2026-08-31T00:00:00Z"",""semantic_key"":""c80:openlogic:membership:OLP-0079""}"
urn:uuid:3732132b-1701-56f8-951d-6ea1501f1b49,course_unit_membership,"{""dataset_id"":""urn:uuid:fdfa2782-db96-5e60-bcb3-d206d78b960a"",""id"":""urn:uuid:3732132b-1701-56f8-951d-6ea1501f1b49"",""normalized_state"":""published"",""owner_authority_id"":""urn:uuid:ba324c09-ea3b-5b7d-a8de-40df0fcc5e83"",""owner_native_state"":""exact_closure_order"",""payload"":{""course_id"":""urn:uuid:f6271d1d-189b-5f77-a370-ee7d4edd3603"",""edition_id"":""urn:uuid:79e7c26f-be00-528c-9ca5-dbbdb85bf9b8"",""native_unit_id"":""OLP-0080"",""order_key"":""0080"",""ordinal"":80,""required"":null,""unit_id"":""urn:uuid:7405e0b7-61b4-5bf8-ba25-5d441900d362"",""visible"":true},""record_type"":""course_unit_membership"",""recorded_at"":""2026-08-31T00:00:00Z"",""semantic_key"":""c80:openlogic:membership:OLP-0080""}"
urn:uuid:c0f33f47-2df7-5f03-be21-a058e30f52e8,course_unit_membership,"{""dataset_id"":""urn:uuid:fdfa2782-db96-5e60-bcb3-d206d78b960a"",""id"":""urn:uuid:c0f33f47-2df7-5f03-be21-a058e30f52e8"",""normalized_state"":""published"",""owner_authority_id"":""urn:uuid:ba324c09-ea3b-5b7d-a8de-40df0fcc5e83"",""owner_native_state"":""exact_closure_order"",""payload"":{""course_id"":""urn:uuid:f6271d1d-189b-5f77-a370-ee7d4edd3603"",""edition_id"":""urn:uuid:79e7c26f-be00-528c-9ca5-dbbdb85bf9b8"",""native_unit_id"":""OLP-0081"",""order_key"":""0081"",""ordinal"":81,""required"":null,""unit_id"":""urn:uuid:8e31db85-db60-5374-9caf-51f7f3df40a0"",""visible"":true},""record_type"":""course_unit_membership"",""recorded_at"":""2026-08-31T00:00:00Z"",""semantic_key"":""c80:openlogic:membership:OLP-0081""}"
urn:uuid:1c00629b-8047-53c3-92df-73bc53f64198,course_unit_membership,"{""dataset_id"":""urn:uuid:fdfa2782-db96-5e60-bcb3-d206d78b960a"",""id"":""urn:uuid:1c00629b-8047-53c3-92df-73bc53f64198"",""normalized_state"":""published"",""owner_authority_id"":""urn:uuid:ba324c09-ea3b-5b7d-a8de-40df0fcc5e83"",""owner_native_state"":""exact_closure_order"",""payload"":{""course_id"":""urn:uuid:f6271d1d-189b-5f77-a370-ee7d4edd3603"",""edition_id"":""urn:uuid:79e7c26f-be00-528c-9ca5-dbbdb85bf9b8"",""native_unit_id"":""OLP-0082"",""order_key"":""0082"",""ordinal"":82,""required"":null,""unit_id"":""urn:uuid:46ec1072-323a-581d-9753-71321e2dc21b"",""visible"":true},""record_type"":""course_unit_membership"",""recorded_at"":""2026-08-31T00:00:00Z"",""semantic_key"":""c80:openlogic:membership:OLP-0082""}"
urn:uuid:c36e0a77-5a80-57f9-b596-c8699c926364,course_unit_membership,"{""dataset_id"":""urn:uuid:fdfa2782-db96-5e60-bcb3-d206d78b960a"",""id"":""urn:uuid:c36e0a77-5a80-57f9-b596-c8699c926364"",""normalized_state"":""published"",""owner_authority_id"":""urn:uuid:ba324c09-ea3b-5b7d-a8de-40df0fcc5e83"",""owner_native_state"":""exact_closure_order"",""payload"":{""course_id"":""urn:uuid:f6271d1d-189b-5f77-a370-ee7d4edd3603"",""edition_id"":""urn:uuid:79e7c26f-be00-528c-9ca5-dbbdb85bf9b8"",""native_unit_id"":""OLP-0083"",""order_key"":""0083"",""ordinal"":83,""required"":null,""unit_id"":""urn:uuid:9543748c-e347-58a7-b830-7044e013f7e7"",""visible"":true},""record_type"":""course_unit_membership"",""recorded_at"":""2026-08-31T00:00:00Z"",""semantic_key"":""c80:openlogic:membership:OLP-0083""}"
urn:uuid:ed2d83c4-4032-5e52-b76a-79101f04a2ed,course_unit_membership,"{""dataset_id"":""urn:uuid:fdfa2782-db96-5e60-bcb3-d206d78b960a"",""id"":""urn:uuid:ed2d83c4-4032-5e52-b76a-79101f04a2ed"",""normalized_state"":""published"",""owner_authority_id"":""urn:uuid:ba324c09-ea3b-5b7d-a8de-40df0fcc5e83"",""owner_native_state"":""exact_closure_order"",""payload"":{""course_id"":""urn:uuid:f6271d1d-189b-5f77-a370-ee7d4edd3603"",""edition_id"":""urn:uuid:79e7c26f-be00-528c-9ca5-dbbdb85bf9b8"",""native_unit_id"":""OLP-0084"",""order_key"":""0084"",""ordinal"":84,""required"":null,""unit_id"":""urn:uuid:20404e30-7fe3-55c7-bee6-53093a1d3238"",""visible"":true},""record_type"":""course_unit_membership"",""recorded_at"":""2026-08-31T00:00:00Z"",""semantic_key"":""c80:openlogic:membership:OLP-0084""}"
urn:uuid:6ba8a5e4-4d7b-58ed-9f13-418e25d02d01,course_unit_membership,"{""dataset_id"":""urn:uuid:fdfa2782-db96-5e60-bcb3-d206d78b960a"",""id"":""urn:uuid:6ba8a5e4-4d7b-58ed-9f13-418e25d02d01"",""normalized_state"":""published"",""owner_authority_id"":""urn:uuid:ba324c09-ea3b-5b7d-a8de-40df0fcc5e83"",""owner_native_state"":""exact_closure_order"",""payload"":{""course_id"":""urn:uuid:f6271d1d-189b-5f77-a370-ee7d4edd3603"",""edition_id"":""urn:uuid:79e7c26f-be00-528c-9ca5-dbbdb85bf9b8"",""native_unit_id"":""OLP-0085"",""order_key"":""0085"",""ordinal"":85,""required"":null,""unit_id"":""urn:uuid:69effd44-a25e-5e1c-8258-a5c3e15abfc0"",""visible"":true},""record_type"":""course_unit_membership"",""recorded_at"":""2026-08-31T00:00:00Z"",""semantic_key"":""c80:openlogic:membership:OLP-0085""}"
urn:uuid:7cdd5727-dd00-5311-83fb-980a66afc3b1,course_unit_membership,"{""dataset_id"":""urn:uuid:fdfa2782-db96-5e60-bcb3-d206d78b960a"",""id"":""urn:uuid:7cdd5727-dd00-5311-83fb-980a66afc3b1"",""normalized_state"":""published"",""owner_authority_id"":""urn:uuid:ba324c09-ea3b-5b7d-a8de-40df0fcc5e83"",""owner_native_state"":""exact_closure_order"",""payload"":{""course_id"":""urn:uuid:f6271d1d-189b-5f77-a370-ee7d4edd3603"",""edition_id"":""urn:uuid:79e7c26f-be00-528c-9ca5-dbbdb85bf9b8"",""native_unit_id"":""OLP-0086"",""order_key"":""0086"",""ordinal"":86,""required"":null,""unit_id"":""urn:uuid:e47838ee-0988-58ce-a404-1f43ac980270"",""visible"":true},""record_type"":""course_unit_membership"",""recorded_at"":""2026-08-31T00:00:00Z"",""semantic_key"":""c80:openlogic:membership:OLP-0086""}"
urn:uuid:5951b411-6d4b-5ea0-b473-b6c6667364c6,course_unit_membership,"{""dataset_id"":""urn:uuid:fdfa2782-db96-5e60-bcb3-d206d78b960a"",""id"":""urn:uuid:5951b411-6d4b-5ea0-b473-b6c6667364c6"",""normalized_state"":""published"",""owner_authority_id"":""urn:uuid:ba324c09-ea3b-5b7d-a8de-40df0fcc5e83"",""owner_native_state"":""exact_closure_order"",""payload"":{""course_id"":""urn:uuid:f6271d1d-189b-5f77-a370-ee7d4edd3603"",""edition_id"":""urn:uuid:79e7c26f-be00-528c-9ca5-dbbdb85bf9b8"",""native_unit_id"":""OLP-0087"",""order_key"":""0087"",""ordinal"":87,""required"":null,""unit_id"":""urn:uuid:e2fa1b74-fa6e-581b-af5d-1dee222bbd6f"",""visible"":true},""record_type"":""course_unit_membership"",""recorded_at"":""2026-08-31T00:00:00Z"",""semantic_key"":""c80:openlogic:membership:OLP-0087""}"
urn:uuid:1c5754b2-ca2b-5203-b6b4-ab88f2498850,course_unit_membership,"{""dataset_id"":""urn:uuid:fdfa2782-db96-5e60-bcb3-d206d78b960a"",""id"":""urn:uuid:1c5754b2-ca2b-5203-b6b4-ab88f2498850"",""normalized_state"":""published"",""owner_authority_id"":""urn:uuid:ba324c09-ea3b-5b7d-a8de-40df0fcc5e83"",""owner_native_state"":""exact_closure_order"",""payload"":{""course_id"":""urn:uuid:f6271d1d-189b-5f77-a370-ee7d4edd3603"",""edition_id"":""urn:uuid:79e7c26f-be00-528c-9ca5-dbbdb85bf9b8"",""native_unit_id"":""OLP-0088"",""order_key"":""0088"",""ordinal"":88,""required"":null,""unit_id"":""urn:uuid:94733116-6736-5575-8ba7-d965ed05439b"",""visible"":true},""record_type"":""course_unit_membership"",""recorded_at"":""2026-08-31T00:00:00Z"",""semantic_key"":""c80:openlogic:membership:OLP-0088""}"
urn:uuid:775158b6-17eb-5a23-a5fa-d783bc80fa60,course_unit_membership,"{""dataset_id"":""urn:uuid:fdfa2782-db96-5e60-bcb3-d206d78b960a"",""id"":""urn:uuid:775158b6-17eb-5a23-a5fa-d783bc80fa60"",""normalized_state"":""published"",""owner_authority_id"":""urn:uuid:ba324c09-ea3b-5b7d-a8de-40df0fcc5e83"",""owner_native_state"":""exact_closure_order"",""payload"":{""course_id"":""urn:uuid:f6271d1d-189b-5f77-a370-ee7d4edd3603"",""edition_id"":""urn:uuid:79e7c26f-be00-528c-9ca5-dbbdb85bf9b8"",""native_unit_id"":""OLP-0089"",""order_key"":""0089"",""ordinal"":89,""required"":null,""unit_id"":""urn:uuid:f1334535-3d68-5ad0-87c7-a4304f3a24c7"",""visible"":true},""record_type"":""course_unit_membership"",""recorded_at"":""2026-08-31T00:00:00Z"",""semantic_key"":""c80:openlogic:membership:OLP-0089""}"
urn:uuid:79d92d80-7505-5429-ae16-fa11288294bd,course_unit_membership,"{""dataset_id"":""urn:uuid:fdfa2782-db96-5e60-bcb3-d206d78b960a"",""id"":""urn:uuid:79d92d80-7505-5429-ae16-fa11288294bd"",""normalized_state"":""published"",""owner_authority_id"":""urn:uuid:ba324c09-ea3b-5b7d-a8de-40df0fcc5e83"",""owner_native_state"":""exact_closure_order"",""payload"":{""course_id"":""urn:uuid:f6271d1d-189b-5f77-a370-ee7d4edd3603"",""edition_id"":""urn:uuid:79e7c26f-be00-528c-9ca5-dbbdb85bf9b8"",""native_unit_id"":""OLP-0090"",""order_key"":""0090"",""ordinal"":90,""required"":null,""unit_id"":""urn:uuid:c8e3fa5c-7811-58a2-aab5-9131e13322ab"",""visible"":true},""record_type"":""course_unit_membership"",""recorded_at"":""2026-08-31T00:00:00Z"",""semantic_key"":""c80:openlogic:membership:OLP-0090""}"
urn:uuid:b2667445-ba90-57ec-a790-13180680f972,course_unit_membership,"{""dataset_id"":""urn:uuid:fdfa2782-db96-5e60-bcb3-d206d78b960a"",""id"":""urn:uuid:b2667445-ba90-57ec-a790-13180680f972"",""normalized_state"":""published"",""owner_authority_id"":""urn:uuid:ba324c09-ea3b-5b7d-a8de-40df0fcc5e83"",""owner_native_state"":""exact_closure_order"",""payload"":{""course_id"":""urn:uuid:f6271d1d-189b-5f77-a370-ee7d4edd3603"",""edition_id"":""urn:uuid:79e7c26f-be00-528c-9ca5-dbbdb85bf9b8"",""native_unit_id"":""OLP-0091"",""order_key"":""0091"",""ordinal"":91,""required"":null,""unit_id"":""urn:uuid:a301cbdd-1f0f-57a3-a117-796e67caa08d"",""visible"":true},""record_type"":""course_unit_membership"",""recorded_at"":""2026-08-31T00:00:00Z"",""semantic_key"":""c80:openlogic:membership:OLP-0091""}"
urn:uuid:cbe4aacd-10e2-522d-987c-fd9c05cf83f9,course_unit_membership,"{""dataset_id"":""urn:uuid:fdfa2782-db96-5e60-bcb3-d206d78b960a"",""id"":""urn:uuid:cbe4aacd-10e2-522d-987c-fd9c05cf83f9"",""normalized_state"":""published"",""owner_authority_id"":""urn:uuid:ba324c09-ea3b-5b7d-a8de-40df0fcc5e83"",""owner_native_state"":""exact_closure_order"",""payload"":{""course_id"":""urn:uuid:f6271d1d-189b-5f77-a370-ee7d4edd3603"",""edition_id"":""urn:uuid:79e7c26f-be00-528c-9ca5-dbbdb85bf9b8"",""native_unit_id"":""OLP-0092"",""order_key"":""0092"",""ordinal"":92,""required"":null,""unit_id"":""urn:uuid:7580a80d-ea98-5991-b0ea-3e0f84b93693"",""visible"":true},""record_type"":""course_unit_membership"",""recorded_at"":""2026-08-31T00:00:00Z"",""semantic_key"":""c80:openlogic:membership:OLP-0092""}"
urn:uuid:015a550b-351c-5bae-8eb6-b9fb5f3b00e7,course_unit_membership,"{""dataset_id"":""urn:uuid:fdfa2782-db96-5e60-bcb3-d206d78b960a"",""id"":""urn:uuid:015a550b-351c-5bae-8eb6-b9fb5f3b00e7"",""normalized_state"":""published"",""owner_authority_id"":""urn:uuid:ba324c09-ea3b-5b7d-a8de-40df0fcc5e83"",""owner_native_state"":""exact_closure_order"",""payload"":{""course_id"":""urn:uuid:f6271d1d-189b-5f77-a370-ee7d4edd3603"",""edition_id"":""urn:uuid:79e7c26f-be00-528c-9ca5-dbbdb85bf9b8"",""native_unit_id"":""OLP-0093"",""order_key"":""0093"",""ordinal"":93,""required"":null,""unit_id"":""urn:uuid:9fae6993-2e34-56e6-b307-6255dd076ffd"",""visible"":true},""record_type"":""course_unit_membership"",""recorded_at"":""2026-08-31T00:00:00Z"",""semantic_key"":""c80:openlogic:membership:OLP-0093""}"
urn:uuid:ccab7adf-7fde-5b73-9176-e24028cf5001,course_unit_membership,"{""dataset_id"":""urn:uuid:fdfa2782-db96-5e60-bcb3-d206d78b960a"",""id"":""urn:uuid:ccab7adf-7fde-5b73-9176-e24028cf5001"",""normalized_state"":""published"",""owner_authority_id"":""urn:uuid:ba324c09-ea3b-5b7d-a8de-40df0fcc5e83"",""owner_native_state"":""exact_closure_order"",""payload"":{""course_id"":""urn:uuid:f6271d1d-189b-5f77-a370-ee7d4edd3603"",""edition_id"":""urn:uuid:79e7c26f-be00-528c-9ca5-dbbdb85bf9b8"",""native_unit_id"":""OLP-0094"",""order_key"":""0094"",""ordinal"":94,""required"":null,""unit_id"":""urn:uuid:17e63471-2528-5da3-a0bb-a3e9d037b094"",""visible"":true},""record_type"":""course_unit_membership"",""recorded_at"":""2026-08-31T00:00:00Z"",""semantic_key"":""c80:openlogic:membership:OLP-0094""}"
urn:uuid:ff863ca9-7c72-543a-89d7-b69f2dfce51f,course_unit_membership,"{""dataset_id"":""urn:uuid:fdfa2782-db96-5e60-bcb3-d206d78b960a"",""id"":""urn:uuid:ff863ca9-7c72-543a-89d7-b69f2dfce51f"",""normalized_state"":""published"",""owner_authority_id"":""urn:uuid:ba324c09-ea3b-5b7d-a8de-40df0fcc5e83"",""owner_native_state"":""exact_closure_order"",""payload"":{""course_id"":""urn:uuid:f6271d1d-189b-5f77-a370-ee7d4edd3603"",""edition_id"":""urn:uuid:79e7c26f-be00-528c-9ca5-dbbdb85bf9b8"",""native_unit_id"":""OLP-0095"",""order_key"":""0095"",""ordinal"":95,""required"":null,""unit_id"":""urn:uuid:cdc54b9d-1b4e-5f85-a321-9ad3ad06f69b"",""visible"":true},""record_type"":""course_unit_membership"",""recorded_at"":""2026-08-31T00:00:00Z"",""semantic_key"":""c80:openlogic:membership:OLP-0095""}"
urn:uuid:8b7d20da-efb5-5fdb-b081-6653319978dc,course_unit_membership,"{""dataset_id"":""urn:uuid:fdfa2782-db96-5e60-bcb3-d206d78b960a"",""id"":""urn:uuid:8b7d20da-efb5-5fdb-b081-6653319978dc"",""normalized_state"":""published"",""owner_authority_id"":""urn:uuid:ba324c09-ea3b-5b7d-a8de-40df0fcc5e83"",""owner_native_state"":""exact_closure_order"",""payload"":{""course_id"":""urn:uuid:f6271d1d-189b-5f77-a370-ee7d4edd3603"",""edition_id"":""urn:uuid:79e7c26f-be00-528c-9ca5-dbbdb85bf9b8"",""native_unit_id"":""OLP-0096"",""order_key"":""0096"",""ordinal"":96,""required"":null,""unit_id"":""urn:uuid:2928e973-a29e-57d3-bd84-2a70e497a3f0"",""visible"":true},""record_type"":""course_unit_membership"",""recorded_at"":""2026-08-31T00:00:00Z"",""semantic_key"":""c80:openlogic:membership:OLP-0096""}"
urn:uuid:d495a57c-8046-5fc4-b009-33bc281f038a,course_unit_membership,"{""dataset_id"":""urn:uuid:fdfa2782-db96-5e60-bcb3-d206d78b960a"",""id"":""urn:uuid:d495a57c-8046-5fc4-b009-33bc281f038a"",""normalized_state"":""published"",""owner_authority_id"":""urn:uuid:ba324c09-ea3b-5b7d-a8de-40df0fcc5e83"",""owner_native_state"":""exact_closure_order"",""payload"":{""course_id"":""urn:uuid:f6271d1d-189b-5f77-a370-ee7d4edd3603"",""edition_id"":""urn:uuid:79e7c26f-be00-528c-9ca5-dbbdb85bf9b8"",""native_unit_id"":""OLP-0097"",""order_key"":""0097"",""ordinal"":97,""required"":null,""unit_id"":""urn:uuid:97efb62c-bd6c-58e6-8b59-b5ba64298891"",""visible"":true},""record_type"":""course_unit_membership"",""recorded_at"":""2026-08-31T00:00:00Z"",""semantic_key"":""c80:openlogic:membership:OLP-0097""}"
urn:uuid:f53d4120-f3d9-594b-9b44-4013e304fbcf,course_unit_membership,"{""dataset_id"":""urn:uuid:fdfa2782-db96-5e60-bcb3-d206d78b960a"",""id"":""urn:uuid:f53d4120-f3d9-594b-9b44-4013e304fbcf"",""normalized_state"":""published"",""owner_authority_id"":""urn:uuid:ba324c09-ea3b-5b7d-a8de-40df0fcc5e83"",""owner_native_state"":""exact_closure_order"",""payload"":{""course_id"":""urn:uuid:f6271d1d-189b-5f77-a370-ee7d4edd3603"",""edition_id"":""urn:uuid:79e7c26f-be00-528c-9ca5-dbbdb85bf9b8"",""native_unit_id"":""OLP-0098"",""order_key"":""0098"",""ordinal"":98,""required"":null,""unit_id"":""urn:uuid:801412dc-eb4f-53e7-a59b-1d2a9f0b2c41"",""visible"":true},""record_type"":""course_unit_membership"",""recorded_at"":""2026-08-31T00:00:00Z"",""semantic_key"":""c80:openlogic:membership:OLP-0098""}"
urn:uuid:c9330848-db97-5cd5-bf38-0df283ff7100,course_unit_membership,"{""dataset_id"":""urn:uuid:fdfa2782-db96-5e60-bcb3-d206d78b960a"",""id"":""urn:uuid:c9330848-db97-5cd5-bf38-0df283ff7100"",""normalized_state"":""published"",""owner_authority_id"":""urn:uuid:ba324c09-ea3b-5b7d-a8de-40df0fcc5e83"",""owner_native_state"":""exact_closure_order"",""payload"":{""course_id"":""urn:uuid:f6271d1d-189b-5f77-a370-ee7d4edd3603"",""edition_id"":""urn:uuid:79e7c26f-be00-528c-9ca5-dbbdb85bf9b8"",""native_unit_id"":""OLP-0099"",""order_key"":""0099"",""ordinal"":99,""required"":null,""unit_id"":""urn:uuid:f1e25e42-cb12-51a0-a478-8df2ab113db0"",""visible"":true},""record_type"":""course_unit_membership"",""recorded_at"":""2026-08-31T00:00:00Z"",""semantic_key"":""c80:openlogic:membership:OLP-0099""}"
urn:uuid:a6402672-7309-5968-b661-393149b9d238,course_unit_membership,"{""dataset_id"":""urn:uuid:fdfa2782-db96-5e60-bcb3-d206d78b960a"",""id"":""urn:uuid:a6402672-7309-5968-b661-393149b9d238"",""normalized_state"":""published"",""owner_authority_id"":""urn:uuid:ba324c09-ea3b-5b7d-a8de-40df0fcc5e83"",""owner_native_state"":""exact_closure_order"",""payload"":{""course_id"":""urn:uuid:f6271d1d-189b-5f77-a370-ee7d4edd3603"",""edition_id"":""urn:uuid:79e7c26f-be00-528c-9ca5-dbbdb85bf9b8"",""native_unit_id"":""OLP-0100"",""order_key"":""0100"",""ordinal"":100,""required"":null,""unit_id"":""urn:uuid:31681121-5c70-5575-b3de-59cd2c28ab94"",""visible"":true},""record_type"":""course_unit_membership"",""recorded_at"":""2026-08-31T00:00:00Z"",""semantic_key"":""c80:openlogic:membership:OLP-0100""}"
urn:uuid:fd50a46f-0d25-5942-b519-d31810f7da73,course_unit_membership,"{""dataset_id"":""urn:uuid:fdfa2782-db96-5e60-bcb3-d206d78b960a"",""id"":""urn:uuid:fd50a46f-0d25-5942-b519-d31810f7da73"",""normalized_state"":""published"",""owner_authority_id"":""urn:uuid:ba324c09-ea3b-5b7d-a8de-40df0fcc5e83"",""owner_native_state"":""exact_closure_order"",""payload"":{""course_id"":""urn:uuid:f6271d1d-189b-5f77-a370-ee7d4edd3603"",""edition_id"":""urn:uuid:79e7c26f-be00-528c-9ca5-dbbdb85bf9b8"",""native_unit_id"":""OLP-0101"",""order_key"":""0101"",""ordinal"":101,""required"":null,""unit_id"":""urn:uuid:561e7ad4-6d14-53c7-a289-f619eb5c214a"",""visible"":true},""record_type"":""course_unit_membership"",""recorded_at"":""2026-08-31T00:00:00Z"",""semantic_key"":""c80:openlogic:membership:OLP-0101""}"
urn:uuid:7cab11dd-ec44-5972-a20a-fb395a343e17,course_unit_membership,"{""dataset_id"":""urn:uuid:fdfa2782-db96-5e60-bcb3-d206d78b960a"",""id"":""urn:uuid:7cab11dd-ec44-5972-a20a-fb395a343e17"",""normalized_state"":""published"",""owner_authority_id"":""urn:uuid:ba324c09-ea3b-5b7d-a8de-40df0fcc5e83"",""owner_native_state"":""exact_closure_order"",""payload"":{""course_id"":""urn:uuid:f6271d1d-189b-5f77-a370-ee7d4edd3603"",""edition_id"":""urn:uuid:79e7c26f-be00-528c-9ca5-dbbdb85bf9b8"",""native_unit_id"":""OLP-0102"",""order_key"":""0102"",""ordinal"":102,""required"":null,""unit_id"":""urn:uuid:4d36afee-5c72-52ad-bd77-cde3c34925b1"",""visible"":true},""record_type"":""course_unit_membership"",""recorded_at"":""2026-08-31T00:00:00Z"",""semantic_key"":""c80:openlogic:membership:OLP-0102""}"
urn:uuid:04fce6a5-5adb-5328-93e8-4bc6684ea32b,course_unit_membership,"{""dataset_id"":""urn:uuid:fdfa2782-db96-5e60-bcb3-d206d78b960a"",""id"":""urn:uuid:04fce6a5-5adb-5328-93e8-4bc6684ea32b"",""normalized_state"":""published"",""owner_authority_id"":""urn:uuid:ba324c09-ea3b-5b7d-a8de-40df0fcc5e83"",""owner_native_state"":""exact_closure_order"",""payload"":{""course_id"":""urn:uuid:f6271d1d-189b-5f77-a370-ee7d4edd3603"",""edition_id"":""urn:uuid:79e7c26f-be00-528c-9ca5-dbbdb85bf9b8"",""native_unit_id"":""OLP-0103"",""order_key"":""0103"",""ordinal"":103,""required"":null,""unit_id"":""urn:uuid:62e0c745-2d33-5730-b5d8-7ef83829583e"",""visible"":true},""record_type"":""course_unit_membership"",""recorded_at"":""2026-08-31T00:00:00Z"",""semantic_key"":""c80:openlogic:membership:OLP-0103""}"
urn:uuid:0f51a5ff-30e0-5874-b254-bdfcc0f0524e,course_unit_membership,"{""dataset_id"":""urn:uuid:fdfa2782-db96-5e60-bcb3-d206d78b960a"",""id"":""urn:uuid:0f51a5ff-30e0-5874-b254-bdfcc0f0524e"",""normalized_state"":""published"",""owner_authority_id"":""urn:uuid:ba324c09-ea3b-5b7d-a8de-40df0fcc5e83"",""owner_native_state"":""exact_closure_order"",""payload"":{""course_id"":""urn:uuid:f6271d1d-189b-5f77-a370-ee7d4edd3603"",""edition_id"":""urn:uuid:79e7c26f-be00-528c-9ca5-dbbdb85bf9b8"",""native_unit_id"":""OLP-0104"",""order_key"":""0104"",""ordinal"":104,""required"":null,""unit_id"":""urn:uuid:c1ac8dbf-0f3c-5357-b6bc-66d37c433ecc"",""visible"":true},""record_type"":""course_unit_membership"",""recorded_at"":""2026-08-31T00:00:00Z"",""semantic_key"":""c80:openlogic:membership:OLP-0104""}"
urn:uuid:346e1abd-c0a1-5ffa-bd5c-b933dfcad9b8,course_unit_membership,"{""dataset_id"":""urn:uuid:fdfa2782-db96-5e60-bcb3-d206d78b960a"",""id"":""urn:uuid:346e1abd-c0a1-5ffa-bd5c-b933dfcad9b8"",""normalized_state"":""published"",""owner_authority_id"":""urn:uuid:ba324c09-ea3b-5b7d-a8de-40df0fcc5e83"",""owner_native_state"":""exact_closure_order"",""payload"":{""course_id"":""urn:uuid:f6271d1d-189b-5f77-a370-ee7d4edd3603"",""edition_id"":""urn:uuid:79e7c26f-be00-528c-9ca5-dbbdb85bf9b8"",""native_unit_id"":""OLP-0105"",""order_key"":""0105"",""ordinal"":105,""required"":null,""unit_id"":""urn:uuid:c2c199a8-e3ef-501f-8fd7-17f772e41615"",""visible"":true},""record_type"":""course_unit_membership"",""recorded_at"":""2026-08-31T00:00:00Z"",""semantic_key"":""c80:openlogic:membership:OLP-0105""}"
urn:uuid:7ce13e75-6666-5865-a065-682b5b299b34,course_unit_membership,"{""dataset_id"":""urn:uuid:fdfa2782-db96-5e60-bcb3-d206d78b960a"",""id"":""urn:uuid:7ce13e75-6666-5865-a065-682b5b299b34"",""normalized_state"":""published"",""owner_authority_id"":""urn:uuid:ba324c09-ea3b-5b7d-a8de-40df0fcc5e83"",""owner_native_state"":""exact_closure_order"",""payload"":{""course_id"":""urn:uuid:f6271d1d-189b-5f77-a370-ee7d4edd3603"",""edition_id"":""urn:uuid:79e7c26f-be00-528c-9ca5-dbbdb85bf9b8"",""native_unit_id"":""OLP-0106"",""order_key"":""0106"",""ordinal"":106,""required"":null,""unit_id"":""urn:uuid:a429593c-23a1-5e2f-bf3f-4c8fb431df67"",""visible"":true},""record_type"":""course_unit_membership"",""recorded_at"":""2026-08-31T00:00:00Z"",""semantic_key"":""c80:openlogic:membership:OLP-0106""}"
urn:uuid:8611f319-54a0-58f4-af0c-ff0b42c7c56e,course_unit_membership,"{""dataset_id"":""urn:uuid:fdfa2782-db96-5e60-bcb3-d206d78b960a"",""id"":""urn:uuid:8611f319-54a0-58f4-af0c-ff0b42c7c56e"",""normalized_state"":""published"",""owner_authority_id"":""urn:uuid:ba324c09-ea3b-5b7d-a8de-40df0fcc5e83"",""owner_native_state"":""exact_closure_order"",""payload"":{""course_id"":""urn:uuid:f6271d1d-189b-5f77-a370-ee7d4edd3603"",""edition_id"":""urn:uuid:79e7c26f-be00-528c-9ca5-dbbdb85bf9b8"",""native_unit_id"":""OLP-0107"",""order_key"":""0107"",""ordinal"":107,""required"":null,""unit_id"":""urn:uuid:6e7e767d-9263-5f43-a922-6f3563947dc5"",""visible"":true},""record_type"":""course_unit_membership"",""recorded_at"":""2026-08-31T00:00:00Z"",""semantic_key"":""c80:openlogic:membership:OLP-0107""}"
urn:uuid:28fb4a28-37d8-5e17-ab12-2751af145605,course_unit_membership,"{""dataset_id"":""urn:uuid:fdfa2782-db96-5e60-bcb3-d206d78b960a"",""id"":""urn:uuid:28fb4a28-37d8-5e17-ab12-2751af145605"",""normalized_state"":""published"",""owner_authority_id"":""urn:uuid:ba324c09-ea3b-5b7d-a8de-40df0fcc5e83"",""owner_native_state"":""exact_closure_order"",""payload"":{""course_id"":""urn:uuid:f6271d1d-189b-5f77-a370-ee7d4edd3603"",""edition_id"":""urn:uuid:79e7c26f-be00-528c-9ca5-dbbdb85bf9b8"",""native_unit_id"":""OLP-0108"",""order_key"":""0108"",""ordinal"":108,""required"":null,""unit_id"":""urn:uuid:99d15cf9-0368-5538-8816-57286f14095c"",""visible"":true},""record_type"":""course_unit_membership"",""recorded_at"":""2026-08-31T00:00:00Z"",""semantic_key"":""c80:openlogic:membership:OLP-0108""}"
urn:uuid:04835c18-95e8-55a5-b9a4-7b80344db363,course_unit_membership,"{""dataset_id"":""urn:uuid:fdfa2782-db96-5e60-bcb3-d206d78b960a"",""id"":""urn:uuid:04835c18-95e8-55a5-b9a4-7b80344db363"",""normalized_state"":""published"",""owner_authority_id"":""urn:uuid:ba324c09-ea3b-5b7d-a8de-40df0fcc5e83"",""owner_native_state"":""exact_closure_order"",""payload"":{""course_id"":""urn:uuid:f6271d1d-189b-5f77-a370-ee7d4edd3603"",""edition_id"":""urn:uuid:79e7c26f-be00-528c-9ca5-dbbdb85bf9b8"",""native_unit_id"":""OLP-0109"",""order_key"":""0109"",""ordinal"":109,""required"":null,""unit_id"":""urn:uuid:3e54825a-4f7f-5eb1-892a-6665ef7a1645"",""visible"":true},""record_type"":""course_unit_membership"",""recorded_at"":""2026-08-31T00:00:00Z"",""semantic_key"":""c80:openlogic:membership:OLP-0109""}"
urn:uuid:56fbb466-f3b1-5990-bae0-950d27e77916,course_unit_membership,"{""dataset_id"":""urn:uuid:fdfa2782-db96-5e60-bcb3-d206d78b960a"",""id"":""urn:uuid:56fbb466-f3b1-5990-bae0-950d27e77916"",""normalized_state"":""published"",""owner_authority_id"":""urn:uuid:ba324c09-ea3b-5b7d-a8de-40df0fcc5e83"",""owner_native_state"":""exact_closure_order"",""payload"":{""course_id"":""urn:uuid:f6271d1d-189b-5f77-a370-ee7d4edd3603"",""edition_id"":""urn:uuid:79e7c26f-be00-528c-9ca5-dbbdb85bf9b8"",""native_unit_id"":""OLP-0110"",""order_key"":""0110"",""ordinal"":110,""required"":null,""unit_id"":""urn:uuid:125e021c-0f6a-5536-9d91-d78507606f2c"",""visible"":true},""record_type"":""course_unit_membership"",""recorded_at"":""2026-08-31T00:00:00Z"",""semantic_key"":""c80:openlogic:membership:OLP-0110""}"
urn:uuid:5926f3fb-bea8-5fd5-969a-ef1b943fe9f6,course_unit_membership,"{""dataset_id"":""urn:uuid:fdfa2782-db96-5e60-bcb3-d206d78b960a"",""id"":""urn:uuid:5926f3fb-bea8-5fd5-969a-ef1b943fe9f6"",""normalized_state"":""published"",""owner_authority_id"":""urn:uuid:ba324c09-ea3b-5b7d-a8de-40df0fcc5e83"",""owner_native_state"":""exact_closure_order"",""payload"":{""course_id"":""urn:uuid:f6271d1d-189b-5f77-a370-ee7d4edd3603"",""edition_id"":""urn:uuid:79e7c26f-be00-528c-9ca5-dbbdb85bf9b8"",""native_unit_id"":""OLP-0111"",""order_key"":""0111"",""ordinal"":111,""required"":null,""unit_id"":""urn:uuid:1a587f74-c028-52d8-9b66-e7da9c10ee4e"",""visible"":true},""record_type"":""course_unit_membership"",""recorded_at"":""2026-08-31T00:00:00Z"",""semantic_key"":""c80:openlogic:membership:OLP-0111""}"
urn:uuid:b48ec071-95d0-5329-a067-38e339cd899c,course_unit_membership,"{""dataset_id"":""urn:uuid:fdfa2782-db96-5e60-bcb3-d206d78b960a"",""id"":""urn:uuid:b48ec071-95d0-5329-a067-38e339cd899c"",""normalized_state"":""published"",""owner_authority_id"":""urn:uuid:ba324c09-ea3b-5b7d-a8de-40df0fcc5e83"",""owner_native_state"":""exact_closure_order"",""payload"":{""course_id"":""urn:uuid:f6271d1d-189b-5f77-a370-ee7d4edd3603"",""edition_id"":""urn:uuid:79e7c26f-be00-528c-9ca5-dbbdb85bf9b8"",""native_unit_id"":""OLP-0112"",""order_key"":""0112"",""ordinal"":112,""required"":null,""unit_id"":""urn:uuid:02eebb0a-0b07-5d87-bcbb-b2a876abc6d0"",""visible"":true},""record_type"":""course_unit_membership"",""recorded_at"":""2026-08-31T00:00:00Z"",""semantic_key"":""c80:openlogic:membership:OLP-0112""}"
urn:uuid:6e77daca-dcc0-524c-8e95-65a9d69ac7de,course_unit_membership,"{""dataset_id"":""urn:uuid:fdfa2782-db96-5e60-bcb3-d206d78b960a"",""id"":""urn:uuid:6e77daca-dcc0-524c-8e95-65a9d69ac7de"",""normalized_state"":""published"",""owner_authority_id"":""urn:uuid:ba324c09-ea3b-5b7d-a8de-40df0fcc5e83"",""owner_native_state"":""exact_closure_order"",""payload"":{""course_id"":""urn:uuid:f6271d1d-189b-5f77-a370-ee7d4edd3603"",""edition_id"":""urn:uuid:79e7c26f-be00-528c-9ca5-dbbdb85bf9b8"",""native_unit_id"":""OLP-0113"",""order_key"":""0113"",""ordinal"":113,""required"":null,""unit_id"":""urn:uuid:fde9e51c-0883-5b88-8226-83edef8eaf7e"",""visible"":true},""record_type"":""course_unit_membership"",""recorded_at"":""2026-08-31T00:00:00Z"",""semantic_key"":""c80:openlogic:membership:OLP-0113""}"
urn:uuid:9dab2acc-8b79-5c47-b48f-c309b425983c,course_unit_membership,"{""dataset_id"":""urn:uuid:fdfa2782-db96-5e60-bcb3-d206d78b960a"",""id"":""urn:uuid:9dab2acc-8b79-5c47-b48f-c309b425983c"",""normalized_state"":""published"",""owner_authority_id"":""urn:uuid:ba324c09-ea3b-5b7d-a8de-40df0fcc5e83"",""owner_native_state"":""exact_closure_order"",""payload"":{""course_id"":""urn:uuid:f6271d1d-189b-5f77-a370-ee7d4edd3603"",""edition_id"":""urn:uuid:79e7c26f-be00-528c-9ca5-dbbdb85bf9b8"",""native_unit_id"":""OLP-0114"",""order_key"":""0114"",""ordinal"":114,""required"":null,""unit_id"":""urn:uuid:ca955668-5b80-53cc-b978-7b09cacf6db2"",""visible"":true},""record_type"":""course_unit_membership"",""recorded_at"":""2026-08-31T00:00:00Z"",""semantic_key"":""c80:openlogic:membership:OLP-0114""}"
urn:uuid:d1e9db12-88f1-5947-af2f-be25ee0388a0,course_unit_membership,"{""dataset_id"":""urn:uuid:fdfa2782-db96-5e60-bcb3-d206d78b960a"",""id"":""urn:uuid:d1e9db12-88f1-5947-af2f-be25ee0388a0"",""normalized_state"":""published"",""owner_authority_id"":""urn:uuid:ba324c09-ea3b-5b7d-a8de-40df0fcc5e83"",""owner_native_state"":""exact_closure_order"",""payload"":{""course_id"":""urn:uuid:f6271d1d-189b-5f77-a370-ee7d4edd3603"",""edition_id"":""urn:uuid:79e7c26f-be00-528c-9ca5-dbbdb85bf9b8"",""native_unit_id"":""OLP-0115"",""order_key"":""0115"",""ordinal"":115,""required"":null,""unit_id"":""urn:uuid:657a7494-173f-56dd-a2ab-d9ca6c269909"",""visible"":true},""record_type"":""course_unit_membership"",""recorded_at"":""2026-08-31T00:00:00Z"",""semantic_key"":""c80:openlogic:membership:OLP-0115""}"
urn:uuid:181fbcd5-9699-52c9-ac6d-bb2811280913,course_unit_membership,"{""dataset_id"":""urn:uuid:fdfa2782-db96-5e60-bcb3-d206d78b960a"",""id"":""urn:uuid:181fbcd5-9699-52c9-ac6d-bb2811280913"",""normalized_state"":""published"",""owner_authority_id"":""urn:uuid:ba324c09-ea3b-5b7d-a8de-40df0fcc5e83"",""owner_native_state"":""exact_closure_order"",""payload"":{""course_id"":""urn:uuid:f6271d1d-189b-5f77-a370-ee7d4edd3603"",""edition_id"":""urn:uuid:79e7c26f-be00-528c-9ca5-dbbdb85bf9b8"",""native_unit_id"":""OLP-0116"",""order_key"":""0116"",""ordinal"":116,""required"":null,""unit_id"":""urn:uuid:4bf9db3b-2e1e-5f3e-8c73-1b3034922d31"",""visible"":true},""record_type"":""course_unit_membership"",""recorded_at"":""2026-08-31T00:00:00Z"",""semantic_key"":""c80:openlogic:membership:OLP-0116""}"
urn:uuid:ccad5c85-43b9-5df6-8323-3b02877132e7,course_unit_membership,"{""dataset_id"":""urn:uuid:fdfa2782-db96-5e60-bcb3-d206d78b960a"",""id"":""urn:uuid:ccad5c85-43b9-5df6-8323-3b02877132e7"",""normalized_state"":""published"",""owner_authority_id"":""urn:uuid:ba324c09-ea3b-5b7d-a8de-40df0fcc5e83"",""owner_native_state"":""exact_closure_order"",""payload"":{""course_id"":""urn:uuid:f6271d1d-189b-5f77-a370-ee7d4edd3603"",""edition_id"":""urn:uuid:79e7c26f-be00-528c-9ca5-dbbdb85bf9b8"",""native_unit_id"":""OLP-0117"",""order_key"":""0117"",""ordinal"":117,""required"":null,""unit_id"":""urn:uuid:331458d2-9039-5f08-a22b-59e9135fcb3f"",""visible"":true},""record_type"":""course_unit_membership"",""recorded_at"":""2026-08-31T00:00:00Z"",""semantic_key"":""c80:openlogic:membership:OLP-0117""}"
urn:uuid:66cdabe6-a0de-5542-b4b4-8d315d20f08d,course_unit_membership,"{""dataset_id"":""urn:uuid:fdfa2782-db96-5e60-bcb3-d206d78b960a"",""id"":""urn:uuid:66cdabe6-a0de-5542-b4b4-8d315d20f08d"",""normalized_state"":""published"",""owner_authority_id"":""urn:uuid:ba324c09-ea3b-5b7d-a8de-40df0fcc5e83"",""owner_native_state"":""exact_closure_order"",""payload"":{""course_id"":""urn:uuid:f6271d1d-189b-5f77-a370-ee7d4edd3603"",""edition_id"":""urn:uuid:79e7c26f-be00-528c-9ca5-dbbdb85bf9b8"",""native_unit_id"":""OLP-0118"",""order_key"":""0118"",""ordinal"":118,""required"":null,""unit_id"":""urn:uuid:9ba31451-c758-5f34-a712-910e6d5dc646"",""visible"":true},""record_type"":""course_unit_membership"",""recorded_at"":""2026-08-31T00:00:00Z"",""semantic_key"":""c80:openlogic:membership:OLP-0118""}"
urn:uuid:43e66a4f-eb06-5ff0-b2ed-85daea3687b6,course_unit_membership,"{""dataset_id"":""urn:uuid:fdfa2782-db96-5e60-bcb3-d206d78b960a"",""id"":""urn:uuid:43e66a4f-eb06-5ff0-b2ed-85daea3687b6"",""normalized_state"":""published"",""owner_authority_id"":""urn:uuid:ba324c09-ea3b-5b7d-a8de-40df0fcc5e83"",""owner_native_state"":""exact_closure_order"",""payload"":{""course_id"":""urn:uuid:f6271d1d-189b-5f77-a370-ee7d4edd3603"",""edition_id"":""urn:uuid:79e7c26f-be00-528c-9ca5-dbbdb85bf9b8"",""native_unit_id"":""OLP-0119"",""order_key"":""0119"",""ordinal"":119,""required"":null,""unit_id"":""urn:uuid:0431377a-083c-5550-86a9-e0fd4655094b"",""visible"":true},""record_type"":""course_unit_membership"",""recorded_at"":""2026-08-31T00:00:00Z"",""semantic_key"":""c80:openlogic:membership:OLP-0119""}"
urn:uuid:a105dcd6-b108-5fe8-8164-beed4d4c80dc,course_unit_membership,"{""dataset_id"":""urn:uuid:fdfa2782-db96-5e60-bcb3-d206d78b960a"",""id"":""urn:uuid:a105dcd6-b108-5fe8-8164-beed4d4c80dc"",""normalized_state"":""published"",""owner_authority_id"":""urn:uuid:ba324c09-ea3b-5b7d-a8de-40df0fcc5e83"",""owner_native_state"":""exact_closure_order"",""payload"":{""course_id"":""urn:uuid:f6271d1d-189b-5f77-a370-ee7d4edd3603"",""edition_id"":""urn:uuid:79e7c26f-be00-528c-9ca5-dbbdb85bf9b8"",""native_unit_id"":""OLP-0120"",""order_key"":""0120"",""ordinal"":120,""required"":null,""unit_id"":""urn:uuid:c48fc42f-e9cf-583a-b566-513b5e8817b8"",""visible"":true},""record_type"":""course_unit_membership"",""recorded_at"":""2026-08-31T00:00:00Z"",""semantic_key"":""c80:openlogic:membership:OLP-0120""}"
urn:uuid:6272017b-0a32-5d4b-ade4-523e924f4414,course_unit_membership,"{""dataset_id"":""urn:uuid:fdfa2782-db96-5e60-bcb3-d206d78b960a"",""id"":""urn:uuid:6272017b-0a32-5d4b-ade4-523e924f4414"",""normalized_state"":""published"",""owner_authority_id"":""urn:uuid:ba324c09-ea3b-5b7d-a8de-40df0fcc5e83"",""owner_native_state"":""exact_closure_order"",""payload"":{""course_id"":""urn:uuid:f6271d1d-189b-5f77-a370-ee7d4edd3603"",""edition_id"":""urn:uuid:79e7c26f-be00-528c-9ca5-dbbdb85bf9b8"",""native_unit_id"":""OLP-0121"",""order_key"":""0121"",""ordinal"":121,""required"":null,""unit_id"":""urn:uuid:934beab4-60e8-5e52-87d5-c06ff701da22"",""visible"":true},""record_type"":""course_unit_membership"",""recorded_at"":""2026-08-31T00:00:00Z"",""semantic_key"":""c80:openlogic:membership:OLP-0121""}"
urn:uuid:7a5eff16-24e8-5e4a-8e7b-c7511d4cc507,course_unit_membership,"{""dataset_id"":""urn:uuid:fdfa2782-db96-5e60-bcb3-d206d78b960a"",""id"":""urn:uuid:7a5eff16-24e8-5e4a-8e7b-c7511d4cc507"",""normalized_state"":""published"",""owner_authority_id"":""urn:uuid:ba324c09-ea3b-5b7d-a8de-40df0fcc5e83"",""owner_native_state"":""exact_closure_order"",""payload"":{""course_id"":""urn:uuid:f6271d1d-189b-5f77-a370-ee7d4edd3603"",""edition_id"":""urn:uuid:79e7c26f-be00-528c-9ca5-dbbdb85bf9b8"",""native_unit_id"":""OLP-0122"",""order_key"":""0122"",""ordinal"":122,""required"":null,""unit_id"":""urn:uuid:057141d1-0066-5dad-8d44-f1d66d241543"",""visible"":true},""record_type"":""course_unit_membership"",""recorded_at"":""2026-08-31T00:00:00Z"",""semantic_key"":""c80:openlogic:membership:OLP-0122""}"
urn:uuid:84a7c765-e451-547f-9ca5-1a555ca8963b,course_unit_membership,"{""dataset_id"":""urn:uuid:fdfa2782-db96-5e60-bcb3-d206d78b960a"",""id"":""urn:uuid:84a7c765-e451-547f-9ca5-1a555ca8963b"",""normalized_state"":""published"",""owner_authority_id"":""urn:uuid:ba324c09-ea3b-5b7d-a8de-40df0fcc5e83"",""owner_native_state"":""exact_closure_order"",""payload"":{""course_id"":""urn:uuid:f6271d1d-189b-5f77-a370-ee7d4edd3603"",""edition_id"":""urn:uuid:79e7c26f-be00-528c-9ca5-dbbdb85bf9b8"",""native_unit_id"":""OLP-0123"",""order_key"":""0123"",""ordinal"":123,""required"":null,""unit_id"":""urn:uuid:6307b81b-655f-589c-a02b-c44794f13451"",""visible"":true},""record_type"":""course_unit_membership"",""recorded_at"":""2026-08-31T00:00:00Z"",""semantic_key"":""c80:openlogic:membership:OLP-0123""}"
urn:uuid:b7c67c45-2373-5f0a-8205-ad1baa7c8cc3,course_unit_membership,"{""dataset_id"":""urn:uuid:fdfa2782-db96-5e60-bcb3-d206d78b960a"",""id"":""urn:uuid:b7c67c45-2373-5f0a-8205-ad1baa7c8cc3"",""normalized_state"":""published"",""owner_authority_id"":""urn:uuid:ba324c09-ea3b-5b7d-a8de-40df0fcc5e83"",""owner_native_state"":""exact_closure_order"",""payload"":{""course_id"":""urn:uuid:f6271d1d-189b-5f77-a370-ee7d4edd3603"",""edition_id"":""urn:uuid:79e7c26f-be00-528c-9ca5-dbbdb85bf9b8"",""native_unit_id"":""OLP-0124"",""order_key"":""0124"",""ordinal"":124,""required"":null,""unit_id"":""urn:uuid:aadc2f06-bb2b-58bd-a85c-8d5f67d0abfe"",""visible"":true},""record_type"":""course_unit_membership"",""recorded_at"":""2026-08-31T00:00:00Z"",""semantic_key"":""c80:openlogic:membership:OLP-0124""}"
urn:uuid:f239267e-895f-56bf-bfa6-5adfaa522813,course_unit_membership,"{""dataset_id"":""urn:uuid:fdfa2782-db96-5e60-bcb3-d206d78b960a"",""id"":""urn:uuid:f239267e-895f-56bf-bfa6-5adfaa522813"",""normalized_state"":""published"",""owner_authority_id"":""urn:uuid:ba324c09-ea3b-5b7d-a8de-40df0fcc5e83"",""owner_native_state"":""exact_closure_order"",""payload"":{""course_id"":""urn:uuid:f6271d1d-189b-5f77-a370-ee7d4edd3603"",""edition_id"":""urn:uuid:79e7c26f-be00-528c-9ca5-dbbdb85bf9b8"",""native_unit_id"":""OLP-0125"",""order_key"":""0125"",""ordinal"":125,""required"":null,""unit_id"":""urn:uuid:3cf6e475-cff4-5409-9f79-77f588bce64d"",""visible"":true},""record_type"":""course_unit_membership"",""recorded_at"":""2026-08-31T00:00:00Z"",""semantic_key"":""c80:openlogic:membership:OLP-0125""}"
urn:uuid:aec334dc-9394-566e-ac49-9dfab85cf0e2,course_unit_membership,"{""dataset_id"":""urn:uuid:fdfa2782-db96-5e60-bcb3-d206d78b960a"",""id"":""urn:uuid:aec334dc-9394-566e-ac49-9dfab85cf0e2"",""normalized_state"":""published"",""owner_authority_id"":""urn:uuid:ba324c09-ea3b-5b7d-a8de-40df0fcc5e83"",""owner_native_state"":""exact_closure_order"",""payload"":{""course_id"":""urn:uuid:f6271d1d-189b-5f77-a370-ee7d4edd3603"",""edition_id"":""urn:uuid:79e7c26f-be00-528c-9ca5-dbbdb85bf9b8"",""native_unit_id"":""OLP-0126"",""order_key"":""0126"",""ordinal"":126,""required"":null,""unit_id"":""urn:uuid:711f2efb-ee96-561d-bf7c-59e28edcd61c"",""visible"":true},""record_type"":""course_unit_membership"",""recorded_at"":""2026-08-31T00:00:00Z"",""semantic_key"":""c80:openlogic:membership:OLP-0126""}"
urn:uuid:664c88dd-6e06-52a9-88d1-a9b5df22f902,course_unit_membership,"{""dataset_id"":""urn:uuid:fdfa2782-db96-5e60-bcb3-d206d78b960a"",""id"":""urn:uuid:664c88dd-6e06-52a9-88d1-a9b5df22f902"",""normalized_state"":""published"",""owner_authority_id"":""urn:uuid:ba324c09-ea3b-5b7d-a8de-40df0fcc5e83"",""owner_native_state"":""exact_closure_order"",""payload"":{""course_id"":""urn:uuid:f6271d1d-189b-5f77-a370-ee7d4edd3603"",""edition_id"":""urn:uuid:79e7c26f-be00-528c-9ca5-dbbdb85bf9b8"",""native_unit_id"":""OLP-0127"",""order_key"":""0127"",""ordinal"":127,""required"":null,""unit_id"":""urn:uuid:7a287a43-8004-5ee0-9210-cf3319150915"",""visible"":true},""record_type"":""course_unit_membership"",""recorded_at"":""2026-08-31T00:00:00Z"",""semantic_key"":""c80:openlogic:membership:OLP-0127""}"
urn:uuid:245417c0-d0d0-5d7c-9bb1-6da555344a13,course_unit_membership,"{""dataset_id"":""urn:uuid:fdfa2782-db96-5e60-bcb3-d206d78b960a"",""id"":""urn:uuid:245417c0-d0d0-5d7c-9bb1-6da555344a13"",""normalized_state"":""published"",""owner_authority_id"":""urn:uuid:ba324c09-ea3b-5b7d-a8de-40df0fcc5e83"",""owner_native_state"":""exact_closure_order"",""payload"":{""course_id"":""urn:uuid:f6271d1d-189b-5f77-a370-ee7d4edd3603"",""edition_id"":""urn:uuid:79e7c26f-be00-528c-9ca5-dbbdb85bf9b8"",""native_unit_id"":""OLP-0128"",""order_key"":""0128"",""ordinal"":128,""required"":null,""unit_id"":""urn:uuid:f3f3ca7b-aca2-5d05-a242-2db8d989e3b0"",""visible"":true},""record_type"":""course_unit_membership"",""recorded_at"":""2026-08-31T00:00:00Z"",""semantic_key"":""c80:openlogic:membership:OLP-0128""}"
urn:uuid:adb0b4e6-fe44-5c1b-9842-539d8370d111,course_unit_membership,"{""dataset_id"":""urn:uuid:fdfa2782-db96-5e60-bcb3-d206d78b960a"",""id"":""urn:uuid:adb0b4e6-fe44-5c1b-9842-539d8370d111"",""normalized_state"":""published"",""owner_authority_id"":""urn:uuid:ba324c09-ea3b-5b7d-a8de-40df0fcc5e83"",""owner_native_state"":""exact_closure_order"",""payload"":{""course_id"":""urn:uuid:f6271d1d-189b-5f77-a370-ee7d4edd3603"",""edition_id"":""urn:uuid:79e7c26f-be00-528c-9ca5-dbbdb85bf9b8"",""native_unit_id"":""OLP-0129"",""order_key"":""0129"",""ordinal"":129,""required"":null,""unit_id"":""urn:uuid:874d0c05-d210-5647-b1e2-d650cfe45c9d"",""visible"":true},""record_type"":""course_unit_membership"",""recorded_at"":""2026-08-31T00:00:00Z"",""semantic_key"":""c80:openlogic:membership:OLP-0129""}"
urn:uuid:ff4b61ad-b05c-5afa-a2e4-69de10899b12,course_unit_membership,"{""dataset_id"":""urn:uuid:fdfa2782-db96-5e60-bcb3-d206d78b960a"",""id"":""urn:uuid:ff4b61ad-b05c-5afa-a2e4-69de10899b12"",""normalized_state"":""published"",""owner_authority_id"":""urn:uuid:ba324c09-ea3b-5b7d-a8de-40df0fcc5e83"",""owner_native_state"":""exact_closure_order"",""payload"":{""course_id"":""urn:uuid:f6271d1d-189b-5f77-a370-ee7d4edd3603"",""edition_id"":""urn:uuid:79e7c26f-be00-528c-9ca5-dbbdb85bf9b8"",""native_unit_id"":""OLP-0130"",""order_key"":""0130"",""ordinal"":130,""required"":null,""unit_id"":""urn:uuid:4ec44152-19bb-581a-a0b6-ce9ee947e82c"",""visible"":true},""record_type"":""course_unit_membership"",""recorded_at"":""2026-08-31T00:00:00Z"",""semantic_key"":""c80:openlogic:membership:OLP-0130""}"
urn:uuid:64b76a73-4d64-5c95-9fa7-cff3ba0a11e4,course_unit_membership,"{""dataset_id"":""urn:uuid:fdfa2782-db96-5e60-bcb3-d206d78b960a"",""id"":""urn:uuid:64b76a73-4d64-5c95-9fa7-cff3ba0a11e4"",""normalized_state"":""published"",""owner_authority_id"":""urn:uuid:ba324c09-ea3b-5b7d-a8de-40df0fcc5e83"",""owner_native_state"":""exact_closure_order"",""payload"":{""course_id"":""urn:uuid:f6271d1d-189b-5f77-a370-ee7d4edd3603"",""edition_id"":""urn:uuid:79e7c26f-be00-528c-9ca5-dbbdb85bf9b8"",""native_unit_id"":""OLP-0131"",""order_key"":""0131"",""ordinal"":131,""required"":null,""unit_id"":""urn:uuid:c0ba9d97-ca9b-57bc-be41-c97558d743bc"",""visible"":true},""record_type"":""course_unit_membership"",""recorded_at"":""2026-08-31T00:00:00Z"",""semantic_key"":""c80:openlogic:membership:OLP-0131""}"
urn:uuid:166edc55-cd60-5649-a1e3-f94bc76150f7,course_unit_membership,"{""dataset_id"":""urn:uuid:fdfa2782-db96-5e60-bcb3-d206d78b960a"",""id"":""urn:uuid:166edc55-cd60-5649-a1e3-f94bc76150f7"",""normalized_state"":""published"",""owner_authority_id"":""urn:uuid:ba324c09-ea3b-5b7d-a8de-40df0fcc5e83"",""owner_native_state"":""exact_closure_order"",""payload"":{""course_id"":""urn:uuid:f6271d1d-189b-5f77-a370-ee7d4edd3603"",""edition_id"":""urn:uuid:79e7c26f-be00-528c-9ca5-dbbdb85bf9b8"",""native_unit_id"":""OLP-0132"",""order_key"":""0132"",""ordinal"":132,""required"":null,""unit_id"":""urn:uuid:68cc29d6-4558-56b4-9989-fb4c71686963"",""visible"":true},""record_type"":""course_unit_membership"",""recorded_at"":""2026-08-31T00:00:00Z"",""semantic_key"":""c80:openlogic:membership:OLP-0132""}"
urn:uuid:be7e11ab-9814-5a18-9743-6300daf230e3,course_unit_membership,"{""dataset_id"":""urn:uuid:fdfa2782-db96-5e60-bcb3-d206d78b960a"",""id"":""urn:uuid:be7e11ab-9814-5a18-9743-6300daf230e3"",""normalized_state"":""published"",""owner_authority_id"":""urn:uuid:ba324c09-ea3b-5b7d-a8de-40df0fcc5e83"",""owner_native_state"":""exact_closure_order"",""payload"":{""course_id"":""urn:uuid:f6271d1d-189b-5f77-a370-ee7d4edd3603"",""edition_id"":""urn:uuid:79e7c26f-be00-528c-9ca5-dbbdb85bf9b8"",""native_unit_id"":""OLP-0133"",""order_key"":""0133"",""ordinal"":133,""required"":null,""unit_id"":""urn:uuid:923bb69a-2381-52d8-ac57-7fee924d4bf7"",""visible"":true},""record_type"":""course_unit_membership"",""recorded_at"":""2026-08-31T00:00:00Z"",""semantic_key"":""c80:openlogic:membership:OLP-0133""}"
urn:uuid:cdf68d98-7306-5be7-816c-0787054d12a8,course_unit_membership,"{""dataset_id"":""urn:uuid:fdfa2782-db96-5e60-bcb3-d206d78b960a"",""id"":""urn:uuid:cdf68d98-7306-5be7-816c-0787054d12a8"",""normalized_state"":""published"",""owner_authority_id"":""urn:uuid:ba324c09-ea3b-5b7d-a8de-40df0fcc5e83"",""owner_native_state"":""exact_closure_order"",""payload"":{""course_id"":""urn:uuid:f6271d1d-189b-5f77-a370-ee7d4edd3603"",""edition_id"":""urn:uuid:79e7c26f-be00-528c-9ca5-dbbdb85bf9b8"",""native_unit_id"":""OLP-0134"",""order_key"":""0134"",""ordinal"":134,""required"":null,""unit_id"":""urn:uuid:0306835c-d077-5091-b1ed-1e4cb9f06a36"",""visible"":true},""record_type"":""course_unit_membership"",""recorded_at"":""2026-08-31T00:00:00Z"",""semantic_key"":""c80:openlogic:membership:OLP-0134""}"
urn:uuid:78092839-7f5d-5361-a015-6bb805de23e1,course_unit_membership,"{""dataset_id"":""urn:uuid:fdfa2782-db96-5e60-bcb3-d206d78b960a"",""id"":""urn:uuid:78092839-7f5d-5361-a015-6bb805de23e1"",""normalized_state"":""published"",""owner_authority_id"":""urn:uuid:ba324c09-ea3b-5b7d-a8de-40df0fcc5e83"",""owner_native_state"":""exact_closure_order"",""payload"":{""course_id"":""urn:uuid:f6271d1d-189b-5f77-a370-ee7d4edd3603"",""edition_id"":""urn:uuid:79e7c26f-be00-528c-9ca5-dbbdb85bf9b8"",""native_unit_id"":""OLP-0135"",""order_key"":""0135"",""ordinal"":135,""required"":null,""unit_id"":""urn:uuid:5c8390b8-e487-5899-8a86-9146baf4b56a"",""visible"":true},""record_type"":""course_unit_membership"",""recorded_at"":""2026-08-31T00:00:00Z"",""semantic_key"":""c80:openlogic:membership:OLP-0135""}"
urn:uuid:8f07bbc2-82eb-50c2-9991-28861c5f9a9d,course_unit_membership,"{""dataset_id"":""urn:uuid:fdfa2782-db96-5e60-bcb3-d206d78b960a"",""id"":""urn:uuid:8f07bbc2-82eb-50c2-9991-28861c5f9a9d"",""normalized_state"":""published"",""owner_authority_id"":""urn:uuid:ba324c09-ea3b-5b7d-a8de-40df0fcc5e83"",""owner_native_state"":""exact_closure_order"",""payload"":{""course_id"":""urn:uuid:f6271d1d-189b-5f77-a370-ee7d4edd3603"",""edition_id"":""urn:uuid:79e7c26f-be00-528c-9ca5-dbbdb85bf9b8"",""native_unit_id"":""OLP-0136"",""order_key"":""0136"",""ordinal"":136,""required"":null,""unit_id"":""urn:uuid:b659fe22-4d48-5654-8702-f51a2ad423f9"",""visible"":true},""record_type"":""course_unit_membership"",""recorded_at"":""2026-08-31T00:00:00Z"",""semantic_key"":""c80:openlogic:membership:OLP-0136""}"
urn:uuid:d4bd038b-7709-5b06-9d4a-89edc1b07e0c,course_unit_membership,"{""dataset_id"":""urn:uuid:fdfa2782-db96-5e60-bcb3-d206d78b960a"",""id"":""urn:uuid:d4bd038b-7709-5b06-9d4a-89edc1b07e0c"",""normalized_state"":""published"",""owner_authority_id"":""urn:uuid:ba324c09-ea3b-5b7d-a8de-40df0fcc5e83"",""owner_native_state"":""exact_closure_order"",""payload"":{""course_id"":""urn:uuid:f6271d1d-189b-5f77-a370-ee7d4edd3603"",""edition_id"":""urn:uuid:79e7c26f-be00-528c-9ca5-dbbdb85bf9b8"",""native_unit_id"":""OLP-0137"",""order_key"":""0137"",""ordinal"":137,""required"":null,""unit_id"":""urn:uuid:0ba933bd-63fc-5ea4-8a85-2961618e4dfe"",""visible"":true},""record_type"":""course_unit_membership"",""recorded_at"":""2026-08-31T00:00:00Z"",""semantic_key"":""c80:openlogic:membership:OLP-0137""}"
urn:uuid:992a2799-87a7-5ce9-943d-b95b7e86239f,course_unit_membership,"{""dataset_id"":""urn:uuid:fdfa2782-db96-5e60-bcb3-d206d78b960a"",""id"":""urn:uuid:992a2799-87a7-5ce9-943d-b95b7e86239f"",""normalized_state"":""published"",""owner_authority_id"":""urn:uuid:ba324c09-ea3b-5b7d-a8de-40df0fcc5e83"",""owner_native_state"":""exact_closure_order"",""payload"":{""course_id"":""urn:uuid:f6271d1d-189b-5f77-a370-ee7d4edd3603"",""edition_id"":""urn:uuid:79e7c26f-be00-528c-9ca5-dbbdb85bf9b8"",""native_unit_id"":""OLP-0138"",""order_key"":""0138"",""ordinal"":138,""required"":null,""unit_id"":""urn:uuid:e2b027c0-5c99-597a-b035-bd251b995801"",""visible"":true},""record_type"":""course_unit_membership"",""recorded_at"":""2026-08-31T00:00:00Z"",""semantic_key"":""c80:openlogic:membership:OLP-0138""}"
urn:uuid:6df50738-3277-56e2-b284-31ca6b478e6d,course_unit_membership,"{""dataset_id"":""urn:uuid:fdfa2782-db96-5e60-bcb3-d206d78b960a"",""id"":""urn:uuid:6df50738-3277-56e2-b284-31ca6b478e6d"",""normalized_state"":""published"",""owner_authority_id"":""urn:uuid:ba324c09-ea3b-5b7d-a8de-40df0fcc5e83"",""owner_native_state"":""exact_closure_order"",""payload"":{""course_id"":""urn:uuid:f6271d1d-189b-5f77-a370-ee7d4edd3603"",""edition_id"":""urn:uuid:79e7c26f-be00-528c-9ca5-dbbdb85bf9b8"",""native_unit_id"":""OLP-0139"",""order_key"":""0139"",""ordinal"":139,""required"":null,""unit_id"":""urn:uuid:5ffee99a-ea90-515d-a18b-334548693453"",""visible"":true},""record_type"":""course_unit_membership"",""recorded_at"":""2026-08-31T00:00:00Z"",""semantic_key"":""c80:openlogic:membership:OLP-0139""}"
urn:uuid:4eddee0c-e0b9-5920-ba5d-83136f4c2604,course_unit_membership,"{""dataset_id"":""urn:uuid:fdfa2782-db96-5e60-bcb3-d206d78b960a"",""id"":""urn:uuid:4eddee0c-e0b9-5920-ba5d-83136f4c2604"",""normalized_state"":""published"",""owner_authority_id"":""urn:uuid:ba324c09-ea3b-5b7d-a8de-40df0fcc5e83"",""owner_native_state"":""exact_closure_order"",""payload"":{""course_id"":""urn:uuid:f6271d1d-189b-5f77-a370-ee7d4edd3603"",""edition_id"":""urn:uuid:79e7c26f-be00-528c-9ca5-dbbdb85bf9b8"",""native_unit_id"":""OLP-0140"",""order_key"":""0140"",""ordinal"":140,""required"":null,""unit_id"":""urn:uuid:4a23b8b4-8912-5382-829e-115c674de619"",""visible"":true},""record_type"":""course_unit_membership"",""recorded_at"":""2026-08-31T00:00:00Z"",""semantic_key"":""c80:openlogic:membership:OLP-0140""}"
urn:uuid:b4bdcabf-ff63-534b-ace6-da9fd5e168d3,course_unit_membership,"{""dataset_id"":""urn:uuid:fdfa2782-db96-5e60-bcb3-d206d78b960a"",""id"":""urn:uuid:b4bdcabf-ff63-534b-ace6-da9fd5e168d3"",""normalized_state"":""published"",""owner_authority_id"":""urn:uuid:ba324c09-ea3b-5b7d-a8de-40df0fcc5e83"",""owner_native_state"":""exact_closure_order"",""payload"":{""course_id"":""urn:uuid:f6271d1d-189b-5f77-a370-ee7d4edd3603"",""edition_id"":""urn:uuid:79e7c26f-be00-528c-9ca5-dbbdb85bf9b8"",""native_unit_id"":""OLP-0141"",""order_key"":""0141"",""ordinal"":141,""required"":null,""unit_id"":""urn:uuid:e18aa95b-c076-5c17-a4af-9132c34235c9"",""visible"":true},""record_type"":""course_unit_membership"",""recorded_at"":""2026-08-31T00:00:00Z"",""semantic_key"":""c80:openlogic:membership:OLP-0141""}"
urn:uuid:eaf70670-df21-5a6b-936f-36a221493ec4,course_unit_membership,"{""dataset_id"":""urn:uuid:fdfa2782-db96-5e60-bcb3-d206d78b960a"",""id"":""urn:uuid:eaf70670-df21-5a6b-936f-36a221493ec4"",""normalized_state"":""published"",""owner_authority_id"":""urn:uuid:ba324c09-ea3b-5b7d-a8de-40df0fcc5e83"",""owner_native_state"":""exact_closure_order"",""payload"":{""course_id"":""urn:uuid:f6271d1d-189b-5f77-a370-ee7d4edd3603"",""edition_id"":""urn:uuid:79e7c26f-be00-528c-9ca5-dbbdb85bf9b8"",""native_unit_id"":""OLP-0142"",""order_key"":""0142"",""ordinal"":142,""required"":null,""unit_id"":""urn:uuid:da5f3504-a23a-55ac-bc0c-622afc8c3a7c"",""visible"":true},""record_type"":""course_unit_membership"",""recorded_at"":""2026-08-31T00:00:00Z"",""semantic_key"":""c80:openlogic:membership:OLP-0142""}"
urn:uuid:76870d9c-0908-5d00-9d42-c889baadb4ad,course_unit_membership,"{""dataset_id"":""urn:uuid:fdfa2782-db96-5e60-bcb3-d206d78b960a"",""id"":""urn:uuid:76870d9c-0908-5d00-9d42-c889baadb4ad"",""normalized_state"":""published"",""owner_authority_id"":""urn:uuid:ba324c09-ea3b-5b7d-a8de-40df0fcc5e83"",""owner_native_state"":""exact_closure_order"",""payload"":{""course_id"":""urn:uuid:f6271d1d-189b-5f77-a370-ee7d4edd3603"",""edition_id"":""urn:uuid:79e7c26f-be00-528c-9ca5-dbbdb85bf9b8"",""native_unit_id"":""OLP-0143"",""order_key"":""0143"",""ordinal"":143,""required"":null,""unit_id"":""urn:uuid:1b5295d2-8778-5008-99ae-659a63e51a8f"",""visible"":true},""record_type"":""course_unit_membership"",""recorded_at"":""2026-08-31T00:00:00Z"",""semantic_key"":""c80:openlogic:membership:OLP-0143""}"
urn:uuid:c829611e-5f49-5148-bcbc-d9de0e1819cf,course_unit_membership,"{""dataset_id"":""urn:uuid:fdfa2782-db96-5e60-bcb3-d206d78b960a"",""id"":""urn:uuid:c829611e-5f49-5148-bcbc-d9de0e1819cf"",""normalized_state"":""published"",""owner_authority_id"":""urn:uuid:ba324c09-ea3b-5b7d-a8de-40df0fcc5e83"",""owner_native_state"":""exact_closure_order"",""payload"":{""course_id"":""urn:uuid:f6271d1d-189b-5f77-a370-ee7d4edd3603"",""edition_id"":""urn:uuid:79e7c26f-be00-528c-9ca5-dbbdb85bf9b8"",""native_unit_id"":""OLP-0144"",""order_key"":""0144"",""ordinal"":144,""required"":null,""unit_id"":""urn:uuid:94c1091d-cb65-549f-bb23-78962f6ae931"",""visible"":true},""record_type"":""course_unit_membership"",""recorded_at"":""2026-08-31T00:00:00Z"",""semantic_key"":""c80:openlogic:membership:OLP-0144""}"
urn:uuid:6beeae91-5da7-563b-ac18-f22df5d0416f,course_unit_membership,"{""dataset_id"":""urn:uuid:fdfa2782-db96-5e60-bcb3-d206d78b960a"",""id"":""urn:uuid:6beeae91-5da7-563b-ac18-f22df5d0416f"",""normalized_state"":""published"",""owner_authority_id"":""urn:uuid:ba324c09-ea3b-5b7d-a8de-40df0fcc5e83"",""owner_native_state"":""exact_closure_order"",""payload"":{""course_id"":""urn:uuid:f6271d1d-189b-5f77-a370-ee7d4edd3603"",""edition_id"":""urn:uuid:79e7c26f-be00-528c-9ca5-dbbdb85bf9b8"",""native_unit_id"":""OLP-0145"",""order_key"":""0145"",""ordinal"":145,""required"":null,""unit_id"":""urn:uuid:b50ad226-660e-5442-a4c0-803f8b525b40"",""visible"":true},""record_type"":""course_unit_membership"",""recorded_at"":""2026-08-31T00:00:00Z"",""semantic_key"":""c80:openlogic:membership:OLP-0145""}"
urn:uuid:0b0efc8b-9efd-58bd-9c05-172dda7eaa4b,course_unit_membership,"{""dataset_id"":""urn:uuid:fdfa2782-db96-5e60-bcb3-d206d78b960a"",""id"":""urn:uuid:0b0efc8b-9efd-58bd-9c05-172dda7eaa4b"",""normalized_state"":""published"",""owner_authority_id"":""urn:uuid:ba324c09-ea3b-5b7d-a8de-40df0fcc5e83"",""owner_native_state"":""exact_closure_order"",""payload"":{""course_id"":""urn:uuid:f6271d1d-189b-5f77-a370-ee7d4edd3603"",""edition_id"":""urn:uuid:79e7c26f-be00-528c-9ca5-dbbdb85bf9b8"",""native_unit_id"":""OLP-0146"",""order_key"":""0146"",""ordinal"":146,""required"":null,""unit_id"":""urn:uuid:01bb61da-51c6-5dc4-b679-7cc2cd55d5b3"",""visible"":true},""record_type"":""course_unit_membership"",""recorded_at"":""2026-08-31T00:00:00Z"",""semantic_key"":""c80:openlogic:membership:OLP-0146""}"
urn:uuid:c1a85808-0181-5edd-8d44-772ef2287e52,course_unit_membership,"{""dataset_id"":""urn:uuid:fdfa2782-db96-5e60-bcb3-d206d78b960a"",""id"":""urn:uuid:c1a85808-0181-5edd-8d44-772ef2287e52"",""normalized_state"":""published"",""owner_authority_id"":""urn:uuid:ba324c09-ea3b-5b7d-a8de-40df0fcc5e83"",""owner_native_state"":""exact_closure_order"",""payload"":{""course_id"":""urn:uuid:f6271d1d-189b-5f77-a370-ee7d4edd3603"",""edition_id"":""urn:uuid:79e7c26f-be00-528c-9ca5-dbbdb85bf9b8"",""native_unit_id"":""OLP-0147"",""order_key"":""0147"",""ordinal"":147,""required"":null,""unit_id"":""urn:uuid:bd4a4b2e-837b-521e-8a4a-7fe557fcbbff"",""visible"":true},""record_type"":""course_unit_membership"",""recorded_at"":""2026-08-31T00:00:00Z"",""semantic_key"":""c80:openlogic:membership:OLP-0147""}"
urn:uuid:113bb5cd-915b-584c-81ba-a11049ced239,course_unit_membership,"{""dataset_id"":""urn:uuid:fdfa2782-db96-5e60-bcb3-d206d78b960a"",""id"":""urn:uuid:113bb5cd-915b-584c-81ba-a11049ced239"",""normalized_state"":""published"",""owner_authority_id"":""urn:uuid:ba324c09-ea3b-5b7d-a8de-40df0fcc5e83"",""owner_native_state"":""exact_closure_order"",""payload"":{""course_id"":""urn:uuid:f6271d1d-189b-5f77-a370-ee7d4edd3603"",""edition_id"":""urn:uuid:79e7c26f-be00-528c-9ca5-dbbdb85bf9b8"",""native_unit_id"":""OLP-0148"",""order_key"":""0148"",""ordinal"":148,""required"":null,""unit_id"":""urn:uuid:9995103f-abc1-55e5-b3ac-3e5fea8717c7"",""visible"":true},""record_type"":""course_unit_membership"",""recorded_at"":""2026-08-31T00:00:00Z"",""semantic_key"":""c80:openlogic:membership:OLP-0148""}"
urn:uuid:ca114610-8db8-5ca6-b226-349ca3564e85,course_unit_membership,"{""dataset_id"":""urn:uuid:fdfa2782-db96-5e60-bcb3-d206d78b960a"",""id"":""urn:uuid:ca114610-8db8-5ca6-b226-349ca3564e85"",""normalized_state"":""published"",""owner_authority_id"":""urn:uuid:ba324c09-ea3b-5b7d-a8de-40df0fcc5e83"",""owner_native_state"":""exact_closure_order"",""payload"":{""course_id"":""urn:uuid:f6271d1d-189b-5f77-a370-ee7d4edd3603"",""edition_id"":""urn:uuid:79e7c26f-be00-528c-9ca5-dbbdb85bf9b8"",""native_unit_id"":""OLP-0149"",""order_key"":""0149"",""ordinal"":149,""required"":null,""unit_id"":""urn:uuid:ef60b2ec-9d5e-5d71-888b-b9e8855590ba"",""visible"":true},""record_type"":""course_unit_membership"",""recorded_at"":""2026-08-31T00:00:00Z"",""semantic_key"":""c80:openlogic:membership:OLP-0149""}"
urn:uuid:0fdfa7c6-ef40-5cc1-8579-095582d04bc4,course_unit_membership,"{""dataset_id"":""urn:uuid:fdfa2782-db96-5e60-bcb3-d206d78b960a"",""id"":""urn:uuid:0fdfa7c6-ef40-5cc1-8579-095582d04bc4"",""normalized_state"":""published"",""owner_authority_id"":""urn:uuid:ba324c09-ea3b-5b7d-a8de-40df0fcc5e83"",""owner_native_state"":""exact_closure_order"",""payload"":{""course_id"":""urn:uuid:f6271d1d-189b-5f77-a370-ee7d4edd3603"",""edition_id"":""urn:uuid:79e7c26f-be00-528c-9ca5-dbbdb85bf9b8"",""native_unit_id"":""OLP-0150"",""order_key"":""0150"",""ordinal"":150,""required"":null,""unit_id"":""urn:uuid:0c46d86c-fe01-5ce8-9204-6fdbfd9d12db"",""visible"":true},""record_type"":""course_unit_membership"",""recorded_at"":""2026-08-31T00:00:00Z"",""semantic_key"":""c80:openlogic:membership:OLP-0150""}"
urn:uuid:411a3834-7e79-553c-9031-b76b72445c25,course_unit_membership,"{""dataset_id"":""urn:uuid:fdfa2782-db96-5e60-bcb3-d206d78b960a"",""id"":""urn:uuid:411a3834-7e79-553c-9031-b76b72445c25"",""normalized_state"":""published"",""owner_authority_id"":""urn:uuid:ba324c09-ea3b-5b7d-a8de-40df0fcc5e83"",""owner_native_state"":""exact_closure_order"",""payload"":{""course_id"":""urn:uuid:f6271d1d-189b-5f77-a370-ee7d4edd3603"",""edition_id"":""urn:uuid:79e7c26f-be00-528c-9ca5-dbbdb85bf9b8"",""native_unit_id"":""OLP-0151"",""order_key"":""0151"",""ordinal"":151,""required"":null,""unit_id"":""urn:uuid:9fb7289a-034c-53b7-96c6-e4f9933f4295"",""visible"":true},""record_type"":""course_unit_membership"",""recorded_at"":""2026-08-31T00:00:00Z"",""semantic_key"":""c80:openlogic:membership:OLP-0151""}"
urn:uuid:e078807c-d73e-5511-80ad-2905b11d5743,course_unit_membership,"{""dataset_id"":""urn:uuid:fdfa2782-db96-5e60-bcb3-d206d78b960a"",""id"":""urn:uuid:e078807c-d73e-5511-80ad-2905b11d5743"",""normalized_state"":""published"",""owner_authority_id"":""urn:uuid:ba324c09-ea3b-5b7d-a8de-40df0fcc5e83"",""owner_native_state"":""exact_closure_order"",""payload"":{""course_id"":""urn:uuid:f6271d1d-189b-5f77-a370-ee7d4edd3603"",""edition_id"":""urn:uuid:79e7c26f-be00-528c-9ca5-dbbdb85bf9b8"",""native_unit_id"":""OLP-0152"",""order_key"":""0152"",""ordinal"":152,""required"":null,""unit_id"":""urn:uuid:fcf39849-370a-528c-9a81-e444455eff70"",""visible"":true},""record_type"":""course_unit_membership"",""recorded_at"":""2026-08-31T00:00:00Z"",""semantic_key"":""c80:openlogic:membership:OLP-0152""}"
urn:uuid:209d10b4-0b34-59d8-b57b-974cc4fcf9c1,course_unit_membership,"{""dataset_id"":""urn:uuid:fdfa2782-db96-5e60-bcb3-d206d78b960a"",""id"":""urn:uuid:209d10b4-0b34-59d8-b57b-974cc4fcf9c1"",""normalized_state"":""published"",""owner_authority_id"":""urn:uuid:ba324c09-ea3b-5b7d-a8de-40df0fcc5e83"",""owner_native_state"":""exact_closure_order"",""payload"":{""course_id"":""urn:uuid:f6271d1d-189b-5f77-a370-ee7d4edd3603"",""edition_id"":""urn:uuid:79e7c26f-be00-528c-9ca5-dbbdb85bf9b8"",""native_unit_id"":""OLP-0153"",""order_key"":""0153"",""ordinal"":153,""required"":null,""unit_id"":""urn:uuid:83a0a4e7-afed-5d56-b282-56077a64bb8b"",""visible"":true},""record_type"":""course_unit_membership"",""recorded_at"":""2026-08-31T00:00:00Z"",""semantic_key"":""c80:openlogic:membership:OLP-0153""}"
urn:uuid:971ff5ab-2443-57db-9c76-c49484aa2e59,course_unit_membership,"{""dataset_id"":""urn:uuid:fdfa2782-db96-5e60-bcb3-d206d78b960a"",""id"":""urn:uuid:971ff5ab-2443-57db-9c76-c49484aa2e59"",""normalized_state"":""published"",""owner_authority_id"":""urn:uuid:ba324c09-ea3b-5b7d-a8de-40df0fcc5e83"",""owner_native_state"":""exact_closure_order"",""payload"":{""course_id"":""urn:uuid:f6271d1d-189b-5f77-a370-ee7d4edd3603"",""edition_id"":""urn:uuid:79e7c26f-be00-528c-9ca5-dbbdb85bf9b8"",""native_unit_id"":""OLP-0154"",""order_key"":""0154"",""ordinal"":154,""required"":null,""unit_id"":""urn:uuid:b586906d-d827-573a-8e5d-f7c4b23168e7"",""visible"":true},""record_type"":""course_unit_membership"",""recorded_at"":""2026-08-31T00:00:00Z"",""semantic_key"":""c80:openlogic:membership:OLP-0154""}"
urn:uuid:53056772-96e8-5186-92cc-837f6d19619d,course_unit_membership,"{""dataset_id"":""urn:uuid:fdfa2782-db96-5e60-bcb3-d206d78b960a"",""id"":""urn:uuid:53056772-96e8-5186-92cc-837f6d19619d"",""normalized_state"":""published"",""owner_authority_id"":""urn:uuid:ba324c09-ea3b-5b7d-a8de-40df0fcc5e83"",""owner_native_state"":""exact_closure_order"",""payload"":{""course_id"":""urn:uuid:f6271d1d-189b-5f77-a370-ee7d4edd3603"",""edition_id"":""urn:uuid:79e7c26f-be00-528c-9ca5-dbbdb85bf9b8"",""native_unit_id"":""OLP-0155"",""order_key"":""0155"",""ordinal"":155,""required"":null,""unit_id"":""urn:uuid:2684742c-f8cc-55a8-9f0b-ee93bd39677b"",""visible"":true},""record_type"":""course_unit_membership"",""recorded_at"":""2026-08-31T00:00:00Z"",""semantic_key"":""c80:openlogic:membership:OLP-0155""}"
urn:uuid:1b279eb0-6277-51e8-8eee-c93fed9fdecc,course_unit_membership,"{""dataset_id"":""urn:uuid:fdfa2782-db96-5e60-bcb3-d206d78b960a"",""id"":""urn:uuid:1b279eb0-6277-51e8-8eee-c93fed9fdecc"",""normalized_state"":""published"",""owner_authority_id"":""urn:uuid:ba324c09-ea3b-5b7d-a8de-40df0fcc5e83"",""owner_native_state"":""exact_closure_order"",""payload"":{""course_id"":""urn:uuid:f6271d1d-189b-5f77-a370-ee7d4edd3603"",""edition_id"":""urn:uuid:79e7c26f-be00-528c-9ca5-dbbdb85bf9b8"",""native_unit_id"":""OLP-0156"",""order_key"":""0156"",""ordinal"":156,""required"":null,""unit_id"":""urn:uuid:8943d39b-a08d-5bf9-b784-702e30805d56"",""visible"":true},""record_type"":""course_unit_membership"",""recorded_at"":""2026-08-31T00:00:00Z"",""semantic_key"":""c80:openlogic:membership:OLP-0156""}"
urn:uuid:bf9d3f82-df76-569a-bb87-584177a76967,course_unit_membership,"{""dataset_id"":""urn:uuid:fdfa2782-db96-5e60-bcb3-d206d78b960a"",""id"":""urn:uuid:bf9d3f82-df76-569a-bb87-584177a76967"",""normalized_state"":""published"",""owner_authority_id"":""urn:uuid:ba324c09-ea3b-5b7d-a8de-40df0fcc5e83"",""owner_native_state"":""exact_closure_order"",""payload"":{""course_id"":""urn:uuid:f6271d1d-189b-5f77-a370-ee7d4edd3603"",""edition_id"":""urn:uuid:79e7c26f-be00-528c-9ca5-dbbdb85bf9b8"",""native_unit_id"":""OLP-0157"",""order_key"":""0157"",""ordinal"":157,""required"":null,""unit_id"":""urn:uuid:78827e70-69ba-5512-bf09-2ac55e34e3ac"",""visible"":true},""record_type"":""course_unit_membership"",""recorded_at"":""2026-08-31T00:00:00Z"",""semantic_key"":""c80:openlogic:membership:OLP-0157""}"
urn:uuid:0e71157d-90bd-57ae-bbce-2b29b9f336f4,course_unit_membership,"{""dataset_id"":""urn:uuid:fdfa2782-db96-5e60-bcb3-d206d78b960a"",""id"":""urn:uuid:0e71157d-90bd-57ae-bbce-2b29b9f336f4"",""normalized_state"":""published"",""owner_authority_id"":""urn:uuid:ba324c09-ea3b-5b7d-a8de-40df0fcc5e83"",""owner_native_state"":""exact_closure_order"",""payload"":{""course_id"":""urn:uuid:f6271d1d-189b-5f77-a370-ee7d4edd3603"",""edition_id"":""urn:uuid:79e7c26f-be00-528c-9ca5-dbbdb85bf9b8"",""native_unit_id"":""OLP-0158"",""order_key"":""0158"",""ordinal"":158,""required"":null,""unit_id"":""urn:uuid:a319ede5-280a-5f00-a895-8fdff2ba4882"",""visible"":true},""record_type"":""course_unit_membership"",""recorded_at"":""2026-08-31T00:00:00Z"",""semantic_key"":""c80:openlogic:membership:OLP-0158""}"
urn:uuid:523a224e-eba8-547d-8dbd-78d6f1e25185,course_unit_membership,"{""dataset_id"":""urn:uuid:fdfa2782-db96-5e60-bcb3-d206d78b960a"",""id"":""urn:uuid:523a224e-eba8-547d-8dbd-78d6f1e25185"",""normalized_state"":""published"",""owner_authority_id"":""urn:uuid:ba324c09-ea3b-5b7d-a8de-40df0fcc5e83"",""owner_native_state"":""exact_closure_order"",""payload"":{""course_id"":""urn:uuid:f6271d1d-189b-5f77-a370-ee7d4edd3603"",""edition_id"":""urn:uuid:79e7c26f-be00-528c-9ca5-dbbdb85bf9b8"",""native_unit_id"":""OLP-0159"",""order_key"":""0159"",""ordinal"":159,""required"":null,""unit_id"":""urn:uuid:ed8c9c93-f95d-5f7e-b6bb-c86ddecd3409"",""visible"":true},""record_type"":""course_unit_membership"",""recorded_at"":""2026-08-31T00:00:00Z"",""semantic_key"":""c80:openlogic:membership:OLP-0159""}"
urn:uuid:d1697896-210d-5216-8cfa-c46f7ba2a30f,course_unit_membership,"{""dataset_id"":""urn:uuid:fdfa2782-db96-5e60-bcb3-d206d78b960a"",""id"":""urn:uuid:d1697896-210d-5216-8cfa-c46f7ba2a30f"",""normalized_state"":""published"",""owner_authority_id"":""urn:uuid:ba324c09-ea3b-5b7d-a8de-40df0fcc5e83"",""owner_native_state"":""exact_closure_order"",""payload"":{""course_id"":""urn:uuid:f6271d1d-189b-5f77-a370-ee7d4edd3603"",""edition_id"":""urn:uuid:79e7c26f-be00-528c-9ca5-dbbdb85bf9b8"",""native_unit_id"":""OLP-0160"",""order_key"":""0160"",""ordinal"":160,""required"":null,""unit_id"":""urn:uuid:bd13c422-87f1-5184-9305-9287c60d3451"",""visible"":true},""record_type"":""course_unit_membership"",""recorded_at"":""2026-08-31T00:00:00Z"",""semantic_key"":""c80:openlogic:membership:OLP-0160""}"
urn:uuid:190e3b3c-ff25-59d8-b337-6bdb9eb6aed5,course_unit_membership,"{""dataset_id"":""urn:uuid:fdfa2782-db96-5e60-bcb3-d206d78b960a"",""id"":""urn:uuid:190e3b3c-ff25-59d8-b337-6bdb9eb6aed5"",""normalized_state"":""published"",""owner_authority_id"":""urn:uuid:ba324c09-ea3b-5b7d-a8de-40df0fcc5e83"",""owner_native_state"":""exact_closure_order"",""payload"":{""course_id"":""urn:uuid:f6271d1d-189b-5f77-a370-ee7d4edd3603"",""edition_id"":""urn:uuid:79e7c26f-be00-528c-9ca5-dbbdb85bf9b8"",""native_unit_id"":""OLP-0161"",""order_key"":""0161"",""ordinal"":161,""required"":null,""unit_id"":""urn:uuid:acd2be16-8dae-507c-ae43-411a5c4416f6"",""visible"":true},""record_type"":""course_unit_membership"",""recorded_at"":""2026-08-31T00:00:00Z"",""semantic_key"":""c80:openlogic:membership:OLP-0161""}"
urn:uuid:57e90b42-c653-5591-9267-aca845ce62ab,course_unit_membership,"{""dataset_id"":""urn:uuid:fdfa2782-db96-5e60-bcb3-d206d78b960a"",""id"":""urn:uuid:57e90b42-c653-5591-9267-aca845ce62ab"",""normalized_state"":""published"",""owner_authority_id"":""urn:uuid:ba324c09-ea3b-5b7d-a8de-40df0fcc5e83"",""owner_native_state"":""exact_closure_order"",""payload"":{""course_id"":""urn:uuid:f6271d1d-189b-5f77-a370-ee7d4edd3603"",""edition_id"":""urn:uuid:79e7c26f-be00-528c-9ca5-dbbdb85bf9b8"",""native_unit_id"":""OLP-0162"",""order_key"":""0162"",""ordinal"":162,""required"":null,""unit_id"":""urn:uuid:982bd861-c066-50a6-8701-b15d11cda971"",""visible"":true},""record_type"":""course_unit_membership"",""recorded_at"":""2026-08-31T00:00:00Z"",""semantic_key"":""c80:openlogic:membership:OLP-0162""}"
urn:uuid:e275bade-7778-533c-bddd-5e4b8f207ef3,course_unit_membership,"{""dataset_id"":""urn:uuid:fdfa2782-db96-5e60-bcb3-d206d78b960a"",""id"":""urn:uuid:e275bade-7778-533c-bddd-5e4b8f207ef3"",""normalized_state"":""published"",""owner_authority_id"":""urn:uuid:ba324c09-ea3b-5b7d-a8de-40df0fcc5e83"",""owner_native_state"":""exact_closure_order"",""payload"":{""course_id"":""urn:uuid:f6271d1d-189b-5f77-a370-ee7d4edd3603"",""edition_id"":""urn:uuid:79e7c26f-be00-528c-9ca5-dbbdb85bf9b8"",""native_unit_id"":""OLP-0163"",""order_key"":""0163"",""ordinal"":163,""required"":null,""unit_id"":""urn:uuid:30685bb2-3859-5792-94aa-39b18fc9a73b"",""visible"":true},""record_type"":""course_unit_membership"",""recorded_at"":""2026-08-31T00:00:00Z"",""semantic_key"":""c80:openlogic:membership:OLP-0163""}"
urn:uuid:7c4404e4-d175-5681-a47f-94cfcfde8090,course_unit_membership,"{""dataset_id"":""urn:uuid:fdfa2782-db96-5e60-bcb3-d206d78b960a"",""id"":""urn:uuid:7c4404e4-d175-5681-a47f-94cfcfde8090"",""normalized_state"":""published"",""owner_authority_id"":""urn:uuid:ba324c09-ea3b-5b7d-a8de-40df0fcc5e83"",""owner_native_state"":""exact_closure_order"",""payload"":{""course_id"":""urn:uuid:f6271d1d-189b-5f77-a370-ee7d4edd3603"",""edition_id"":""urn:uuid:79e7c26f-be00-528c-9ca5-dbbdb85bf9b8"",""native_unit_id"":""OLP-0164"",""order_key"":""0164"",""ordinal"":164,""required"":null,""unit_id"":""urn:uuid:7e034cec-74c1-549d-8861-a96bda2f7e0c"",""visible"":true},""record_type"":""course_unit_membership"",""recorded_at"":""2026-08-31T00:00:00Z"",""semantic_key"":""c80:openlogic:membership:OLP-0164""}"
urn:uuid:46ffab74-0ef2-5366-a357-67c55e9f1e3c,course_unit_membership,"{""dataset_id"":""urn:uuid:fdfa2782-db96-5e60-bcb3-d206d78b960a"",""id"":""urn:uuid:46ffab74-0ef2-5366-a357-67c55e9f1e3c"",""normalized_state"":""published"",""owner_authority_id"":""urn:uuid:ba324c09-ea3b-5b7d-a8de-40df0fcc5e83"",""owner_native_state"":""exact_closure_order"",""payload"":{""course_id"":""urn:uuid:f6271d1d-189b-5f77-a370-ee7d4edd3603"",""edition_id"":""urn:uuid:79e7c26f-be00-528c-9ca5-dbbdb85bf9b8"",""native_unit_id"":""OLP-0165"",""order_key"":""0165"",""ordinal"":165,""required"":null,""unit_id"":""urn:uuid:f74570f7-37e6-596e-ad64-17444f3b758b"",""visible"":true},""record_type"":""course_unit_membership"",""recorded_at"":""2026-08-31T00:00:00Z"",""semantic_key"":""c80:openlogic:membership:OLP-0165""}"
urn:uuid:9e9c3639-1919-501f-88df-bb1dc5e0d602,course_unit_membership,"{""dataset_id"":""urn:uuid:fdfa2782-db96-5e60-bcb3-d206d78b960a"",""id"":""urn:uuid:9e9c3639-1919-501f-88df-bb1dc5e0d602"",""normalized_state"":""published"",""owner_authority_id"":""urn:uuid:ba324c09-ea3b-5b7d-a8de-40df0fcc5e83"",""owner_native_state"":""exact_closure_order"",""payload"":{""course_id"":""urn:uuid:f6271d1d-189b-5f77-a370-ee7d4edd3603"",""edition_id"":""urn:uuid:79e7c26f-be00-528c-9ca5-dbbdb85bf9b8"",""native_unit_id"":""OLP-0166"",""order_key"":""0166"",""ordinal"":166,""required"":null,""unit_id"":""urn:uuid:720f98cd-6636-5c7c-8909-1dea19055316"",""visible"":true},""record_type"":""course_unit_membership"",""recorded_at"":""2026-08-31T00:00:00Z"",""semantic_key"":""c80:openlogic:membership:OLP-0166""}"
urn:uuid:2a506e33-a167-5f30-8d8d-2d5534b4646e,course_unit_membership,"{""dataset_id"":""urn:uuid:fdfa2782-db96-5e60-bcb3-d206d78b960a"",""id"":""urn:uuid:2a506e33-a167-5f30-8d8d-2d5534b4646e"",""normalized_state"":""published"",""owner_authority_id"":""urn:uuid:ba324c09-ea3b-5b7d-a8de-40df0fcc5e83"",""owner_native_state"":""exact_closure_order"",""payload"":{""course_id"":""urn:uuid:f6271d1d-189b-5f77-a370-ee7d4edd3603"",""edition_id"":""urn:uuid:79e7c26f-be00-528c-9ca5-dbbdb85bf9b8"",""native_unit_id"":""OLP-0167"",""order_key"":""0167"",""ordinal"":167,""required"":null,""unit_id"":""urn:uuid:5995f785-40ca-5e4f-8451-00cb558eb50f"",""visible"":true},""record_type"":""course_unit_membership"",""recorded_at"":""2026-08-31T00:00:00Z"",""semantic_key"":""c80:openlogic:membership:OLP-0167""}"
urn:uuid:be01fe9b-2c50-55fc-9e5b-6c1a896ecbb9,course_unit_membership,"{""dataset_id"":""urn:uuid:fdfa2782-db96-5e60-bcb3-d206d78b960a"",""id"":""urn:uuid:be01fe9b-2c50-55fc-9e5b-6c1a896ecbb9"",""normalized_state"":""published"",""owner_authority_id"":""urn:uuid:ba324c09-ea3b-5b7d-a8de-40df0fcc5e83"",""owner_native_state"":""exact_closure_order"",""payload"":{""course_id"":""urn:uuid:f6271d1d-189b-5f77-a370-ee7d4edd3603"",""edition_id"":""urn:uuid:79e7c26f-be00-528c-9ca5-dbbdb85bf9b8"",""native_unit_id"":""OLP-0168"",""order_key"":""0168"",""ordinal"":168,""required"":null,""unit_id"":""urn:uuid:c4e430bb-b9ec-579f-bc77-f11bae2c7296"",""visible"":true},""record_type"":""course_unit_membership"",""recorded_at"":""2026-08-31T00:00:00Z"",""semantic_key"":""c80:openlogic:membership:OLP-0168""}"
urn:uuid:e1a5fe5e-dd06-5b12-9aba-699901361267,course_unit_membership,"{""dataset_id"":""urn:uuid:fdfa2782-db96-5e60-bcb3-d206d78b960a"",""id"":""urn:uuid:e1a5fe5e-dd06-5b12-9aba-699901361267"",""normalized_state"":""published"",""owner_authority_id"":""urn:uuid:ba324c09-ea3b-5b7d-a8de-40df0fcc5e83"",""owner_native_state"":""exact_closure_order"",""payload"":{""course_id"":""urn:uuid:f6271d1d-189b-5f77-a370-ee7d4edd3603"",""edition_id"":""urn:uuid:79e7c26f-be00-528c-9ca5-dbbdb85bf9b8"",""native_unit_id"":""OLP-0169"",""order_key"":""0169"",""ordinal"":169,""required"":null,""unit_id"":""urn:uuid:f59d7ca2-878e-5ace-b1b6-e6bc2c3a5e3c"",""visible"":true},""record_type"":""course_unit_membership"",""recorded_at"":""2026-08-31T00:00:00Z"",""semantic_key"":""c80:openlogic:membership:OLP-0169""}"
urn:uuid:d55c700b-5478-5bda-a415-9acc3a3e1bbf,course_unit_membership,"{""dataset_id"":""urn:uuid:fdfa2782-db96-5e60-bcb3-d206d78b960a"",""id"":""urn:uuid:d55c700b-5478-5bda-a415-9acc3a3e1bbf"",""normalized_state"":""published"",""owner_authority_id"":""urn:uuid:ba324c09-ea3b-5b7d-a8de-40df0fcc5e83"",""owner_native_state"":""exact_closure_order"",""payload"":{""course_id"":""urn:uuid:f6271d1d-189b-5f77-a370-ee7d4edd3603"",""edition_id"":""urn:uuid:79e7c26f-be00-528c-9ca5-dbbdb85bf9b8"",""native_unit_id"":""OLP-0170"",""order_key"":""0170"",""ordinal"":170,""required"":null,""unit_id"":""urn:uuid:4ff17e27-0545-5bd2-9636-54b27304e400"",""visible"":true},""record_type"":""course_unit_membership"",""recorded_at"":""2026-08-31T00:00:00Z"",""semantic_key"":""c80:openlogic:membership:OLP-0170""}"
urn:uuid:a597732b-39fc-500d-8506-861bd7ffe874,course_unit_membership,"{""dataset_id"":""urn:uuid:fdfa2782-db96-5e60-bcb3-d206d78b960a"",""id"":""urn:uuid:a597732b-39fc-500d-8506-861bd7ffe874"",""normalized_state"":""published"",""owner_authority_id"":""urn:uuid:ba324c09-ea3b-5b7d-a8de-40df0fcc5e83"",""owner_native_state"":""exact_closure_order"",""payload"":{""course_id"":""urn:uuid:f6271d1d-189b-5f77-a370-ee7d4edd3603"",""edition_id"":""urn:uuid:79e7c26f-be00-528c-9ca5-dbbdb85bf9b8"",""native_unit_id"":""OLP-0171"",""order_key"":""0171"",""ordinal"":171,""required"":null,""unit_id"":""urn:uuid:fb8ba927-a44c-5a9b-835d-847734cfea4a"",""visible"":true},""record_type"":""course_unit_membership"",""recorded_at"":""2026-08-31T00:00:00Z"",""semantic_key"":""c80:openlogic:membership:OLP-0171""}"
urn:uuid:aa7b689f-644f-5c97-8636-7b013b96a4e1,course_unit_membership,"{""dataset_id"":""urn:uuid:fdfa2782-db96-5e60-bcb3-d206d78b960a"",""id"":""urn:uuid:aa7b689f-644f-5c97-8636-7b013b96a4e1"",""normalized_state"":""published"",""owner_authority_id"":""urn:uuid:ba324c09-ea3b-5b7d-a8de-40df0fcc5e83"",""owner_native_state"":""exact_closure_order"",""payload"":{""course_id"":""urn:uuid:f6271d1d-189b-5f77-a370-ee7d4edd3603"",""edition_id"":""urn:uuid:79e7c26f-be00-528c-9ca5-dbbdb85bf9b8"",""native_unit_id"":""OLP-0172"",""order_key"":""0172"",""ordinal"":172,""required"":null,""unit_id"":""urn:uuid:5bd5a878-61e0-535d-b27c-f8f75c276f1c"",""visible"":true},""record_type"":""course_unit_membership"",""recorded_at"":""2026-08-31T00:00:00Z"",""semantic_key"":""c80:openlogic:membership:OLP-0172""}"
urn:uuid:951fae61-08dd-58e0-a32f-5ca062b29078,course_unit_membership,"{""dataset_id"":""urn:uuid:fdfa2782-db96-5e60-bcb3-d206d78b960a"",""id"":""urn:uuid:951fae61-08dd-58e0-a32f-5ca062b29078"",""normalized_state"":""published"",""owner_authority_id"":""urn:uuid:ba324c09-ea3b-5b7d-a8de-40df0fcc5e83"",""owner_native_state"":""exact_closure_order"",""payload"":{""course_id"":""urn:uuid:f6271d1d-189b-5f77-a370-ee7d4edd3603"",""edition_id"":""urn:uuid:79e7c26f-be00-528c-9ca5-dbbdb85bf9b8"",""native_unit_id"":""OLP-0173"",""order_key"":""0173"",""ordinal"":173,""required"":null,""unit_id"":""urn:uuid:9bffecd7-0632-52a8-9690-9bc8e28cfd51"",""visible"":true},""record_type"":""course_unit_membership"",""recorded_at"":""2026-08-31T00:00:00Z"",""semantic_key"":""c80:openlogic:membership:OLP-0173""}"
urn:uuid:b5e350cf-f23e-5d60-984b-0c44c8b362db,course_unit_membership,"{""dataset_id"":""urn:uuid:fdfa2782-db96-5e60-bcb3-d206d78b960a"",""id"":""urn:uuid:b5e350cf-f23e-5d60-984b-0c44c8b362db"",""normalized_state"":""published"",""owner_authority_id"":""urn:uuid:ba324c09-ea3b-5b7d-a8de-40df0fcc5e83"",""owner_native_state"":""exact_closure_order"",""payload"":{""course_id"":""urn:uuid:f6271d1d-189b-5f77-a370-ee7d4edd3603"",""edition_id"":""urn:uuid:79e7c26f-be00-528c-9ca5-dbbdb85bf9b8"",""native_unit_id"":""OLP-0174"",""order_key"":""0174"",""ordinal"":174,""required"":null,""unit_id"":""urn:uuid:3423945a-b9c7-52b5-85d3-71ea922d16c8"",""visible"":true},""record_type"":""course_unit_membership"",""recorded_at"":""2026-08-31T00:00:00Z"",""semantic_key"":""c80:openlogic:membership:OLP-0174""}"
urn:uuid:34949cc7-a72d-5373-a963-c7f2e1329667,course_unit_membership,"{""dataset_id"":""urn:uuid:fdfa2782-db96-5e60-bcb3-d206d78b960a"",""id"":""urn:uuid:34949cc7-a72d-5373-a963-c7f2e1329667"",""normalized_state"":""published"",""owner_authority_id"":""urn:uuid:ba324c09-ea3b-5b7d-a8de-40df0fcc5e83"",""owner_native_state"":""exact_closure_order"",""payload"":{""course_id"":""urn:uuid:f6271d1d-189b-5f77-a370-ee7d4edd3603"",""edition_id"":""urn:uuid:79e7c26f-be00-528c-9ca5-dbbdb85bf9b8"",""native_unit_id"":""OLP-0175"",""order_key"":""0175"",""ordinal"":175,""required"":null,""unit_id"":""urn:uuid:1edebac1-ecce-58a5-8167-256a6da73879"",""visible"":true},""record_type"":""course_unit_membership"",""recorded_at"":""2026-08-31T00:00:00Z"",""semantic_key"":""c80:openlogic:membership:OLP-0175""}"
urn:uuid:8e30cd16-ed14-5e14-b9c2-166edbb810ea,course_unit_membership,"{""dataset_id"":""urn:uuid:fdfa2782-db96-5e60-bcb3-d206d78b960a"",""id"":""urn:uuid:8e30cd16-ed14-5e14-b9c2-166edbb810ea"",""normalized_state"":""published"",""owner_authority_id"":""urn:uuid:ba324c09-ea3b-5b7d-a8de-40df0fcc5e83"",""owner_native_state"":""exact_closure_order"",""payload"":{""course_id"":""urn:uuid:f6271d1d-189b-5f77-a370-ee7d4edd3603"",""edition_id"":""urn:uuid:79e7c26f-be00-528c-9ca5-dbbdb85bf9b8"",""native_unit_id"":""OLP-0176"",""order_key"":""0176"",""ordinal"":176,""required"":null,""unit_id"":""urn:uuid:14340e43-e9a1-5d6d-bebc-55fb6d757a87"",""visible"":true},""record_type"":""course_unit_membership"",""recorded_at"":""2026-08-31T00:00:00Z"",""semantic_key"":""c80:openlogic:membership:OLP-0176""}"
urn:uuid:031fbae8-4733-5fc2-bf30-c7e0546c235e,course_unit_membership,"{""dataset_id"":""urn:uuid:fdfa2782-db96-5e60-bcb3-d206d78b960a"",""id"":""urn:uuid:031fbae8-4733-5fc2-bf30-c7e0546c235e"",""normalized_state"":""published"",""owner_authority_id"":""urn:uuid:ba324c09-ea3b-5b7d-a8de-40df0fcc5e83"",""owner_native_state"":""exact_closure_order"",""payload"":{""course_id"":""urn:uuid:f6271d1d-189b-5f77-a370-ee7d4edd3603"",""edition_id"":""urn:uuid:79e7c26f-be00-528c-9ca5-dbbdb85bf9b8"",""native_unit_id"":""OLP-0177"",""order_key"":""0177"",""ordinal"":177,""required"":null,""unit_id"":""urn:uuid:9e2aee1b-0325-5d2f-83f9-e1179d92f6b2"",""visible"":true},""record_type"":""course_unit_membership"",""recorded_at"":""2026-08-31T00:00:00Z"",""semantic_key"":""c80:openlogic:membership:OLP-0177""}"
urn:uuid:dd1ce465-0909-5186-bed2-12ae374c3cd0,course_unit_membership,"{""dataset_id"":""urn:uuid:fdfa2782-db96-5e60-bcb3-d206d78b960a"",""id"":""urn:uuid:dd1ce465-0909-5186-bed2-12ae374c3cd0"",""normalized_state"":""published"",""owner_authority_id"":""urn:uuid:ba324c09-ea3b-5b7d-a8de-40df0fcc5e83"",""owner_native_state"":""exact_closure_order"",""payload"":{""course_id"":""urn:uuid:f6271d1d-189b-5f77-a370-ee7d4edd3603"",""edition_id"":""urn:uuid:79e7c26f-be00-528c-9ca5-dbbdb85bf9b8"",""native_unit_id"":""OLP-0178"",""order_key"":""0178"",""ordinal"":178,""required"":null,""unit_id"":""urn:uuid:1cd65297-3435-5fe0-9d50-ca062fc19b67"",""visible"":true},""record_type"":""course_unit_membership"",""recorded_at"":""2026-08-31T00:00:00Z"",""semantic_key"":""c80:openlogic:membership:OLP-0178""}"
urn:uuid:5dbba61d-e3f9-5a92-a7ee-d01a85a76f97,course_unit_membership,"{""dataset_id"":""urn:uuid:fdfa2782-db96-5e60-bcb3-d206d78b960a"",""id"":""urn:uuid:5dbba61d-e3f9-5a92-a7ee-d01a85a76f97"",""normalized_state"":""published"",""owner_authority_id"":""urn:uuid:ba324c09-ea3b-5b7d-a8de-40df0fcc5e83"",""owner_native_state"":""exact_closure_order"",""payload"":{""course_id"":""urn:uuid:f6271d1d-189b-5f77-a370-ee7d4edd3603"",""edition_id"":""urn:uuid:79e7c26f-be00-528c-9ca5-dbbdb85bf9b8"",""native_unit_id"":""OLP-0179"",""order_key"":""0179"",""ordinal"":179,""required"":null,""unit_id"":""urn:uuid:3ce47ede-f507-55d0-9c80-d4c3ba7e41db"",""visible"":true},""record_type"":""course_unit_membership"",""recorded_at"":""2026-08-31T00:00:00Z"",""semantic_key"":""c80:openlogic:membership:OLP-0179""}"
urn:uuid:99abc3c9-782a-57db-830e-014256fcb725,course_unit_membership,"{""dataset_id"":""urn:uuid:fdfa2782-db96-5e60-bcb3-d206d78b960a"",""id"":""urn:uuid:99abc3c9-782a-57db-830e-014256fcb725"",""normalized_state"":""published"",""owner_authority_id"":""urn:uuid:ba324c09-ea3b-5b7d-a8de-40df0fcc5e83"",""owner_native_state"":""exact_closure_order"",""payload"":{""course_id"":""urn:uuid:f6271d1d-189b-5f77-a370-ee7d4edd3603"",""edition_id"":""urn:uuid:79e7c26f-be00-528c-9ca5-dbbdb85bf9b8"",""native_unit_id"":""OLP-0180"",""order_key"":""0180"",""ordinal"":180,""required"":null,""unit_id"":""urn:uuid:4213add3-c548-5715-a688-7142196d8079"",""visible"":true},""record_type"":""course_unit_membership"",""recorded_at"":""2026-08-31T00:00:00Z"",""semantic_key"":""c80:openlogic:membership:OLP-0180""}"
urn:uuid:08a82bee-35fb-55ea-99aa-20aa575b82c8,course_unit_membership,"{""dataset_id"":""urn:uuid:fdfa2782-db96-5e60-bcb3-d206d78b960a"",""id"":""urn:uuid:08a82bee-35fb-55ea-99aa-20aa575b82c8"",""normalized_state"":""published"",""owner_authority_id"":""urn:uuid:ba324c09-ea3b-5b7d-a8de-40df0fcc5e83"",""owner_native_state"":""exact_closure_order"",""payload"":{""course_id"":""urn:uuid:f6271d1d-189b-5f77-a370-ee7d4edd3603"",""edition_id"":""urn:uuid:79e7c26f-be00-528c-9ca5-dbbdb85bf9b8"",""native_unit_id"":""OLP-0181"",""order_key"":""0181"",""ordinal"":181,""required"":null,""unit_id"":""urn:uuid:c4fc5656-4042-5686-be30-83d764de922e"",""visible"":true},""record_type"":""course_unit_membership"",""recorded_at"":""2026-08-31T00:00:00Z"",""semantic_key"":""c80:openlogic:membership:OLP-0181""}"
urn:uuid:ec3ca149-45e1-5533-a514-687348af8556,course_unit_membership,"{""dataset_id"":""urn:uuid:fdfa2782-db96-5e60-bcb3-d206d78b960a"",""id"":""urn:uuid:ec3ca149-45e1-5533-a514-687348af8556"",""normalized_state"":""published"",""owner_authority_id"":""urn:uuid:ba324c09-ea3b-5b7d-a8de-40df0fcc5e83"",""owner_native_state"":""exact_closure_order"",""payload"":{""course_id"":""urn:uuid:f6271d1d-189b-5f77-a370-ee7d4edd3603"",""edition_id"":""urn:uuid:79e7c26f-be00-528c-9ca5-dbbdb85bf9b8"",""native_unit_id"":""OLP-0182"",""order_key"":""0182"",""ordinal"":182,""required"":null,""unit_id"":""urn:uuid:3203a894-a402-5227-96d0-f3fd38a910ec"",""visible"":true},""record_type"":""course_unit_membership"",""recorded_at"":""2026-08-31T00:00:00Z"",""semantic_key"":""c80:openlogic:membership:OLP-0182""}"
urn:uuid:787dcf9b-b5b2-5824-989f-ab261a6dc2a0,course_unit_membership,"{""dataset_id"":""urn:uuid:fdfa2782-db96-5e60-bcb3-d206d78b960a"",""id"":""urn:uuid:787dcf9b-b5b2-5824-989f-ab261a6dc2a0"",""normalized_state"":""published"",""owner_authority_id"":""urn:uuid:ba324c09-ea3b-5b7d-a8de-40df0fcc5e83"",""owner_native_state"":""exact_closure_order"",""payload"":{""course_id"":""urn:uuid:f6271d1d-189b-5f77-a370-ee7d4edd3603"",""edition_id"":""urn:uuid:79e7c26f-be00-528c-9ca5-dbbdb85bf9b8"",""native_unit_id"":""OLP-0183"",""order_key"":""0183"",""ordinal"":183,""required"":null,""unit_id"":""urn:uuid:ce4bf427-c3f3-5b3c-bb5e-bf709c404351"",""visible"":true},""record_type"":""course_unit_membership"",""recorded_at"":""2026-08-31T00:00:00Z"",""semantic_key"":""c80:openlogic:membership:OLP-0183""}"
urn:uuid:a756d094-9b62-5b07-b426-e6cd4f8a9fa3,course_unit_membership,"{""dataset_id"":""urn:uuid:fdfa2782-db96-5e60-bcb3-d206d78b960a"",""id"":""urn:uuid:a756d094-9b62-5b07-b426-e6cd4f8a9fa3"",""normalized_state"":""published"",""owner_authority_id"":""urn:uuid:ba324c09-ea3b-5b7d-a8de-40df0fcc5e83"",""owner_native_state"":""exact_closure_order"",""payload"":{""course_id"":""urn:uuid:f6271d1d-189b-5f77-a370-ee7d4edd3603"",""edition_id"":""urn:uuid:79e7c26f-be00-528c-9ca5-dbbdb85bf9b8"",""native_unit_id"":""OLP-0184"",""order_key"":""0184"",""ordinal"":184,""required"":null,""unit_id"":""urn:uuid:f94feabe-ce20-59a4-9509-5ef6a6f9c95a"",""visible"":true},""record_type"":""course_unit_membership"",""recorded_at"":""2026-08-31T00:00:00Z"",""semantic_key"":""c80:openlogic:membership:OLP-0184""}"
urn:uuid:44f6e615-2eca-5811-b3f7-8cfdf7b842ae,course_unit_membership,"{""dataset_id"":""urn:uuid:fdfa2782-db96-5e60-bcb3-d206d78b960a"",""id"":""urn:uuid:44f6e615-2eca-5811-b3f7-8cfdf7b842ae"",""normalized_state"":""published"",""owner_authority_id"":""urn:uuid:ba324c09-ea3b-5b7d-a8de-40df0fcc5e83"",""owner_native_state"":""exact_closure_order"",""payload"":{""course_id"":""urn:uuid:f6271d1d-189b-5f77-a370-ee7d4edd3603"",""edition_id"":""urn:uuid:79e7c26f-be00-528c-9ca5-dbbdb85bf9b8"",""native_unit_id"":""OLP-0185"",""order_key"":""0185"",""ordinal"":185,""required"":null,""unit_id"":""urn:uuid:e7359434-6d8e-5656-a1a2-aea186c7930b"",""visible"":true},""record_type"":""course_unit_membership"",""recorded_at"":""2026-08-31T00:00:00Z"",""semantic_key"":""c80:openlogic:membership:OLP-0185""}"
urn:uuid:e6a1b926-0c81-518f-988e-5013ec7fa760,course_unit_membership,"{""dataset_id"":""urn:uuid:fdfa2782-db96-5e60-bcb3-d206d78b960a"",""id"":""urn:uuid:e6a1b926-0c81-518f-988e-5013ec7fa760"",""normalized_state"":""published"",""owner_authority_id"":""urn:uuid:ba324c09-ea3b-5b7d-a8de-40df0fcc5e83"",""owner_native_state"":""exact_closure_order"",""payload"":{""course_id"":""urn:uuid:f6271d1d-189b-5f77-a370-ee7d4edd3603"",""edition_id"":""urn:uuid:79e7c26f-be00-528c-9ca5-dbbdb85bf9b8"",""native_unit_id"":""OLP-0186"",""order_key"":""0186"",""ordinal"":186,""required"":null,""unit_id"":""urn:uuid:e5ed7e4c-7c01-5d89-b6d7-ced3cb7c738d"",""visible"":true},""record_type"":""course_unit_membership"",""recorded_at"":""2026-08-31T00:00:00Z"",""semantic_key"":""c80:openlogic:membership:OLP-0186""}"
urn:uuid:0ea7c5f1-1a15-51e1-b27b-a5465341eadf,course_unit_membership,"{""dataset_id"":""urn:uuid:fdfa2782-db96-5e60-bcb3-d206d78b960a"",""id"":""urn:uuid:0ea7c5f1-1a15-51e1-b27b-a5465341eadf"",""normalized_state"":""published"",""owner_authority_id"":""urn:uuid:ba324c09-ea3b-5b7d-a8de-40df0fcc5e83"",""owner_native_state"":""exact_closure_order"",""payload"":{""course_id"":""urn:uuid:f6271d1d-189b-5f77-a370-ee7d4edd3603"",""edition_id"":""urn:uuid:79e7c26f-be00-528c-9ca5-dbbdb85bf9b8"",""native_unit_id"":""OLP-0187"",""order_key"":""0187"",""ordinal"":187,""required"":null,""unit_id"":""urn:uuid:fcb28126-7e50-5704-b039-4244dae7da7d"",""visible"":true},""record_type"":""course_unit_membership"",""recorded_at"":""2026-08-31T00:00:00Z"",""semantic_key"":""c80:openlogic:membership:OLP-0187""}"
urn:uuid:ddc6b6bd-11e7-5a00-8e5a-43abe8c88430,course_unit_membership,"{""dataset_id"":""urn:uuid:fdfa2782-db96-5e60-bcb3-d206d78b960a"",""id"":""urn:uuid:ddc6b6bd-11e7-5a00-8e5a-43abe8c88430"",""normalized_state"":""published"",""owner_authority_id"":""urn:uuid:ba324c09-ea3b-5b7d-a8de-40df0fcc5e83"",""owner_native_state"":""exact_closure_order"",""payload"":{""course_id"":""urn:uuid:f6271d1d-189b-5f77-a370-ee7d4edd3603"",""edition_id"":""urn:uuid:79e7c26f-be00-528c-9ca5-dbbdb85bf9b8"",""native_unit_id"":""OLP-0188"",""order_key"":""0188"",""ordinal"":188,""required"":null,""unit_id"":""urn:uuid:0ac17e6e-f2af-5d85-b46d-e681a07068dd"",""visible"":true},""record_type"":""course_unit_membership"",""recorded_at"":""2026-08-31T00:00:00Z"",""semantic_key"":""c80:openlogic:membership:OLP-0188""}"
urn:uuid:6b0ec0e8-216d-5d94-8421-9ad38acf3fe5,course_unit_membership,"{""dataset_id"":""urn:uuid:fdfa2782-db96-5e60-bcb3-d206d78b960a"",""id"":""urn:uuid:6b0ec0e8-216d-5d94-8421-9ad38acf3fe5"",""normalized_state"":""published"",""owner_authority_id"":""urn:uuid:ba324c09-ea3b-5b7d-a8de-40df0fcc5e83"",""owner_native_state"":""exact_closure_order"",""payload"":{""course_id"":""urn:uuid:f6271d1d-189b-5f77-a370-ee7d4edd3603"",""edition_id"":""urn:uuid:79e7c26f-be00-528c-9ca5-dbbdb85bf9b8"",""native_unit_id"":""OLP-0189"",""order_key"":""0189"",""ordinal"":189,""required"":null,""unit_id"":""urn:uuid:0971ae48-9190-5c3c-97d9-b2ffdbbee0e2"",""visible"":true},""record_type"":""course_unit_membership"",""recorded_at"":""2026-08-31T00:00:00Z"",""semantic_key"":""c80:openlogic:membership:OLP-0189""}"
urn:uuid:4b54841a-e1db-52fd-8868-e514a51d3119,course_unit_membership,"{""dataset_id"":""urn:uuid:fdfa2782-db96-5e60-bcb3-d206d78b960a"",""id"":""urn:uuid:4b54841a-e1db-52fd-8868-e514a51d3119"",""normalized_state"":""published"",""owner_authority_id"":""urn:uuid:ba324c09-ea3b-5b7d-a8de-40df0fcc5e83"",""owner_native_state"":""exact_closure_order"",""payload"":{""course_id"":""urn:uuid:f6271d1d-189b-5f77-a370-ee7d4edd3603"",""edition_id"":""urn:uuid:79e7c26f-be00-528c-9ca5-dbbdb85bf9b8"",""native_unit_id"":""OLP-0190"",""order_key"":""0190"",""ordinal"":190,""required"":null,""unit_id"":""urn:uuid:7adb9449-748c-5a08-8f17-f4a52f39b66c"",""visible"":true},""record_type"":""course_unit_membership"",""recorded_at"":""2026-08-31T00:00:00Z"",""semantic_key"":""c80:openlogic:membership:OLP-0190""}"
urn:uuid:a408d2ba-cc6f-560f-8d42-3184a5385c95,course_unit_membership,"{""dataset_id"":""urn:uuid:fdfa2782-db96-5e60-bcb3-d206d78b960a"",""id"":""urn:uuid:a408d2ba-cc6f-560f-8d42-3184a5385c95"",""normalized_state"":""published"",""owner_authority_id"":""urn:uuid:ba324c09-ea3b-5b7d-a8de-40df0fcc5e83"",""owner_native_state"":""exact_closure_order"",""payload"":{""course_id"":""urn:uuid:f6271d1d-189b-5f77-a370-ee7d4edd3603"",""edition_id"":""urn:uuid:79e7c26f-be00-528c-9ca5-dbbdb85bf9b8"",""native_unit_id"":""OLP-0191"",""order_key"":""0191"",""ordinal"":191,""required"":null,""unit_id"":""urn:uuid:2732088b-6b5c-5ac6-9150-09af5bc7f4a8"",""visible"":true},""record_type"":""course_unit_membership"",""recorded_at"":""2026-08-31T00:00:00Z"",""semantic_key"":""c80:openlogic:membership:OLP-0191""}"
urn:uuid:c9dc2d8d-c067-5d43-9242-da54dcf6d959,course_unit_membership,"{""dataset_id"":""urn:uuid:fdfa2782-db96-5e60-bcb3-d206d78b960a"",""id"":""urn:uuid:c9dc2d8d-c067-5d43-9242-da54dcf6d959"",""normalized_state"":""published"",""owner_authority_id"":""urn:uuid:ba324c09-ea3b-5b7d-a8de-40df0fcc5e83"",""owner_native_state"":""exact_closure_order"",""payload"":{""course_id"":""urn:uuid:f6271d1d-189b-5f77-a370-ee7d4edd3603"",""edition_id"":""urn:uuid:79e7c26f-be00-528c-9ca5-dbbdb85bf9b8"",""native_unit_id"":""OLP-0192"",""order_key"":""0192"",""ordinal"":192,""required"":null,""unit_id"":""urn:uuid:a2dc338e-cdf7-5bf5-b268-be146bbfa543"",""visible"":true},""record_type"":""course_unit_membership"",""recorded_at"":""2026-08-31T00:00:00Z"",""semantic_key"":""c80:openlogic:membership:OLP-0192""}"
urn:uuid:9b2441a8-99c2-51d3-86d0-3ea9cd44d109,course_unit_membership,"{""dataset_id"":""urn:uuid:fdfa2782-db96-5e60-bcb3-d206d78b960a"",""id"":""urn:uuid:9b2441a8-99c2-51d3-86d0-3ea9cd44d109"",""normalized_state"":""published"",""owner_authority_id"":""urn:uuid:ba324c09-ea3b-5b7d-a8de-40df0fcc5e83"",""owner_native_state"":""exact_closure_order"",""payload"":{""course_id"":""urn:uuid:f6271d1d-189b-5f77-a370-ee7d4edd3603"",""edition_id"":""urn:uuid:79e7c26f-be00-528c-9ca5-dbbdb85bf9b8"",""native_unit_id"":""OLP-0193"",""order_key"":""0193"",""ordinal"":193,""required"":null,""unit_id"":""urn:uuid:d640ad29-4641-50eb-bdbd-5177d1ee0e14"",""visible"":true},""record_type"":""course_unit_membership"",""recorded_at"":""2026-08-31T00:00:00Z"",""semantic_key"":""c80:openlogic:membership:OLP-0193""}"
urn:uuid:93e547b6-8066-5e7c-a89f-124d4ad947f7,course_unit_membership,"{""dataset_id"":""urn:uuid:fdfa2782-db96-5e60-bcb3-d206d78b960a"",""id"":""urn:uuid:93e547b6-8066-5e7c-a89f-124d4ad947f7"",""normalized_state"":""published"",""owner_authority_id"":""urn:uuid:ba324c09-ea3b-5b7d-a8de-40df0fcc5e83"",""owner_native_state"":""exact_closure_order"",""payload"":{""course_id"":""urn:uuid:f6271d1d-189b-5f77-a370-ee7d4edd3603"",""edition_id"":""urn:uuid:79e7c26f-be00-528c-9ca5-dbbdb85bf9b8"",""native_unit_id"":""OLP-0194"",""order_key"":""0194"",""ordinal"":194,""required"":null,""unit_id"":""urn:uuid:2691d894-8f47-5253-a9bc-56dc9ba4cb87"",""visible"":true},""record_type"":""course_unit_membership"",""recorded_at"":""2026-08-31T00:00:00Z"",""semantic_key"":""c80:openlogic:membership:OLP-0194""}"
urn:uuid:fdbb4d28-48af-5cb7-b312-2fe2b4c8c7d4,course_unit_membership,"{""dataset_id"":""urn:uuid:fdfa2782-db96-5e60-bcb3-d206d78b960a"",""id"":""urn:uuid:fdbb4d28-48af-5cb7-b312-2fe2b4c8c7d4"",""normalized_state"":""published"",""owner_authority_id"":""urn:uuid:ba324c09-ea3b-5b7d-a8de-40df0fcc5e83"",""owner_native_state"":""exact_closure_order"",""payload"":{""course_id"":""urn:uuid:f6271d1d-189b-5f77-a370-ee7d4edd3603"",""edition_id"":""urn:uuid:79e7c26f-be00-528c-9ca5-dbbdb85bf9b8"",""native_unit_id"":""OLP-0195"",""order_key"":""0195"",""ordinal"":195,""required"":null,""unit_id"":""urn:uuid:3f464280-39e4-5266-ae30-b671f93ab47e"",""visible"":true},""record_type"":""course_unit_membership"",""recorded_at"":""2026-08-31T00:00:00Z"",""semantic_key"":""c80:openlogic:membership:OLP-0195""}"
urn:uuid:620de403-3ab7-5e8b-a466-ea8a0c7658df,course_unit_membership,"{""dataset_id"":""urn:uuid:fdfa2782-db96-5e60-bcb3-d206d78b960a"",""id"":""urn:uuid:620de403-3ab7-5e8b-a466-ea8a0c7658df"",""normalized_state"":""published"",""owner_authority_id"":""urn:uuid:ba324c09-ea3b-5b7d-a8de-40df0fcc5e83"",""owner_native_state"":""exact_closure_order"",""payload"":{""course_id"":""urn:uuid:f6271d1d-189b-5f77-a370-ee7d4edd3603"",""edition_id"":""urn:uuid:79e7c26f-be00-528c-9ca5-dbbdb85bf9b8"",""native_unit_id"":""OLP-0196"",""order_key"":""0196"",""ordinal"":196,""required"":null,""unit_id"":""urn:uuid:004af721-8970-54f8-9a29-ea235d32b04a"",""visible"":true},""record_type"":""course_unit_membership"",""recorded_at"":""2026-08-31T00:00:00Z"",""semantic_key"":""c80:openlogic:membership:OLP-0196""}"
urn:uuid:10d01b9a-38f4-5df1-b31e-d4102c0d5ed2,course_unit_membership,"{""dataset_id"":""urn:uuid:fdfa2782-db96-5e60-bcb3-d206d78b960a"",""id"":""urn:uuid:10d01b9a-38f4-5df1-b31e-d4102c0d5ed2"",""normalized_state"":""published"",""owner_authority_id"":""urn:uuid:ba324c09-ea3b-5b7d-a8de-40df0fcc5e83"",""owner_native_state"":""exact_closure_order"",""payload"":{""course_id"":""urn:uuid:f6271d1d-189b-5f77-a370-ee7d4edd3603"",""edition_id"":""urn:uuid:79e7c26f-be00-528c-9ca5-dbbdb85bf9b8"",""native_unit_id"":""OLP-0197"",""order_key"":""0197"",""ordinal"":197,""required"":null,""unit_id"":""urn:uuid:5de0ca72-1fa0-545a-9537-65008dbbf17b"",""visible"":true},""record_type"":""course_unit_membership"",""recorded_at"":""2026-08-31T00:00:00Z"",""semantic_key"":""c80:openlogic:membership:OLP-0197""}"
urn:uuid:c6fe4961-9f16-5925-9226-6fd749d810bb,course_unit_membership,"{""dataset_id"":""urn:uuid:fdfa2782-db96-5e60-bcb3-d206d78b960a"",""id"":""urn:uuid:c6fe4961-9f16-5925-9226-6fd749d810bb"",""normalized_state"":""published"",""owner_authority_id"":""urn:uuid:ba324c09-ea3b-5b7d-a8de-40df0fcc5e83"",""owner_native_state"":""exact_closure_order"",""payload"":{""course_id"":""urn:uuid:f6271d1d-189b-5f77-a370-ee7d4edd3603"",""edition_id"":""urn:uuid:79e7c26f-be00-528c-9ca5-dbbdb85bf9b8"",""native_unit_id"":""OLP-0198"",""order_key"":""0198"",""ordinal"":198,""required"":null,""unit_id"":""urn:uuid:ec538222-6a9a-5efa-9e2b-419b4e988e0a"",""visible"":true},""record_type"":""course_unit_membership"",""recorded_at"":""2026-08-31T00:00:00Z"",""semantic_key"":""c80:openlogic:membership:OLP-0198""}"
urn:uuid:5554eb7b-d011-59a6-bcb8-5234f3cfdf0d,course_unit_membership,"{""dataset_id"":""urn:uuid:fdfa2782-db96-5e60-bcb3-d206d78b960a"",""id"":""urn:uuid:5554eb7b-d011-59a6-bcb8-5234f3cfdf0d"",""normalized_state"":""published"",""owner_authority_id"":""urn:uuid:ba324c09-ea3b-5b7d-a8de-40df0fcc5e83"",""owner_native_state"":""exact_closure_order"",""payload"":{""course_id"":""urn:uuid:f6271d1d-189b-5f77-a370-ee7d4edd3603"",""edition_id"":""urn:uuid:79e7c26f-be00-528c-9ca5-dbbdb85bf9b8"",""native_unit_id"":""OLP-0199"",""order_key"":""0199"",""ordinal"":199,""required"":null,""unit_id"":""urn:uuid:b730aad3-357c-5ba7-bb13-d1d11d3826fa"",""visible"":true},""record_type"":""course_unit_membership"",""recorded_at"":""2026-08-31T00:00:00Z"",""semantic_key"":""c80:openlogic:membership:OLP-0199""}"
urn:uuid:50b4436d-a391-515d-ac87-8e1c19677c60,course_unit_membership,"{""dataset_id"":""urn:uuid:fdfa2782-db96-5e60-bcb3-d206d78b960a"",""id"":""urn:uuid:50b4436d-a391-515d-ac87-8e1c19677c60"",""normalized_state"":""published"",""owner_authority_id"":""urn:uuid:ba324c09-ea3b-5b7d-a8de-40df0fcc5e83"",""owner_native_state"":""exact_closure_order"",""payload"":{""course_id"":""urn:uuid:f6271d1d-189b-5f77-a370-ee7d4edd3603"",""edition_id"":""urn:uuid:79e7c26f-be00-528c-9ca5-dbbdb85bf9b8"",""native_unit_id"":""OLP-0200"",""order_key"":""0200"",""ordinal"":200,""required"":null,""unit_id"":""urn:uuid:e0e23eaf-aab7-535f-9aa9-5e815d075f6d"",""visible"":true},""record_type"":""course_unit_membership"",""recorded_at"":""2026-08-31T00:00:00Z"",""semantic_key"":""c80:openlogic:membership:OLP-0200""}"
urn:uuid:bfaa45ea-1275-5691-8432-17f61396811e,course_unit_membership,"{""dataset_id"":""urn:uuid:fdfa2782-db96-5e60-bcb3-d206d78b960a"",""id"":""urn:uuid:bfaa45ea-1275-5691-8432-17f61396811e"",""normalized_state"":""published"",""owner_authority_id"":""urn:uuid:ba324c09-ea3b-5b7d-a8de-40df0fcc5e83"",""owner_native_state"":""exact_closure_order"",""payload"":{""course_id"":""urn:uuid:f6271d1d-189b-5f77-a370-ee7d4edd3603"",""edition_id"":""urn:uuid:79e7c26f-be00-528c-9ca5-dbbdb85bf9b8"",""native_unit_id"":""OLP-0201"",""order_key"":""0201"",""ordinal"":201,""required"":null,""unit_id"":""urn:uuid:1c7022ff-c1b5-593d-a6de-7a6671589277"",""visible"":true},""record_type"":""course_unit_membership"",""recorded_at"":""2026-08-31T00:00:00Z"",""semantic_key"":""c80:openlogic:membership:OLP-0201""}"
urn:uuid:4659da1e-8df3-5bfc-aa39-90019e381878,course_unit_membership,"{""dataset_id"":""urn:uuid:fdfa2782-db96-5e60-bcb3-d206d78b960a"",""id"":""urn:uuid:4659da1e-8df3-5bfc-aa39-90019e381878"",""normalized_state"":""published"",""owner_authority_id"":""urn:uuid:ba324c09-ea3b-5b7d-a8de-40df0fcc5e83"",""owner_native_state"":""exact_closure_order"",""payload"":{""course_id"":""urn:uuid:f6271d1d-189b-5f77-a370-ee7d4edd3603"",""edition_id"":""urn:uuid:79e7c26f-be00-528c-9ca5-dbbdb85bf9b8"",""native_unit_id"":""OLP-0202"",""order_key"":""0202"",""ordinal"":202,""required"":null,""unit_id"":""urn:uuid:d16d7f36-fff6-55d8-ab0d-a3d8b835b690"",""visible"":true},""record_type"":""course_unit_membership"",""recorded_at"":""2026-08-31T00:00:00Z"",""semantic_key"":""c80:openlogic:membership:OLP-0202""}"
urn:uuid:7c91f55f-4203-596b-b315-9844e0adf7ee,course_unit_membership,"{""dataset_id"":""urn:uuid:fdfa2782-db96-5e60-bcb3-d206d78b960a"",""id"":""urn:uuid:7c91f55f-4203-596b-b315-9844e0adf7ee"",""normalized_state"":""published"",""owner_authority_id"":""urn:uuid:ba324c09-ea3b-5b7d-a8de-40df0fcc5e83"",""owner_native_state"":""exact_closure_order"",""payload"":{""course_id"":""urn:uuid:f6271d1d-189b-5f77-a370-ee7d4edd3603"",""edition_id"":""urn:uuid:79e7c26f-be00-528c-9ca5-dbbdb85bf9b8"",""native_unit_id"":""OLP-0203"",""order_key"":""0203"",""ordinal"":203,""required"":null,""unit_id"":""urn:uuid:69fbb759-9060-5408-b5b7-ec9c74e23740"",""visible"":true},""record_type"":""course_unit_membership"",""recorded_at"":""2026-08-31T00:00:00Z"",""semantic_key"":""c80:openlogic:membership:OLP-0203""}"
urn:uuid:d4f0e35a-a064-5657-a603-fec7d24322ce,course_unit_membership,"{""dataset_id"":""urn:uuid:fdfa2782-db96-5e60-bcb3-d206d78b960a"",""id"":""urn:uuid:d4f0e35a-a064-5657-a603-fec7d24322ce"",""normalized_state"":""published"",""owner_authority_id"":""urn:uuid:ba324c09-ea3b-5b7d-a8de-40df0fcc5e83"",""owner_native_state"":""exact_closure_order"",""payload"":{""course_id"":""urn:uuid:f6271d1d-189b-5f77-a370-ee7d4edd3603"",""edition_id"":""urn:uuid:79e7c26f-be00-528c-9ca5-dbbdb85bf9b8"",""native_unit_id"":""OLP-0204"",""order_key"":""0204"",""ordinal"":204,""required"":null,""unit_id"":""urn:uuid:a45fce83-03d7-5d0a-8119-ca343130bbdb"",""visible"":true},""record_type"":""course_unit_membership"",""recorded_at"":""2026-08-31T00:00:00Z"",""semantic_key"":""c80:openlogic:membership:OLP-0204""}"
urn:uuid:09debc1c-751f-527a-a62f-6346bab912d7,course_unit_membership,"{""dataset_id"":""urn:uuid:fdfa2782-db96-5e60-bcb3-d206d78b960a"",""id"":""urn:uuid:09debc1c-751f-527a-a62f-6346bab912d7"",""normalized_state"":""published"",""owner_authority_id"":""urn:uuid:ba324c09-ea3b-5b7d-a8de-40df0fcc5e83"",""owner_native_state"":""exact_closure_order"",""payload"":{""course_id"":""urn:uuid:f6271d1d-189b-5f77-a370-ee7d4edd3603"",""edition_id"":""urn:uuid:79e7c26f-be00-528c-9ca5-dbbdb85bf9b8"",""native_unit_id"":""OLP-0205"",""order_key"":""0205"",""ordinal"":205,""required"":null,""unit_id"":""urn:uuid:7eb076c3-210a-5c92-9341-b9bb3555ea50"",""visible"":true},""record_type"":""course_unit_membership"",""recorded_at"":""2026-08-31T00:00:00Z"",""semantic_key"":""c80:openlogic:membership:OLP-0205""}"
urn:uuid:a3bc2e34-d478-5d9b-97c2-19d3f4557c4d,course_unit_membership,"{""dataset_id"":""urn:uuid:fdfa2782-db96-5e60-bcb3-d206d78b960a"",""id"":""urn:uuid:a3bc2e34-d478-5d9b-97c2-19d3f4557c4d"",""normalized_state"":""published"",""owner_authority_id"":""urn:uuid:ba324c09-ea3b-5b7d-a8de-40df0fcc5e83"",""owner_native_state"":""exact_closure_order"",""payload"":{""course_id"":""urn:uuid:f6271d1d-189b-5f77-a370-ee7d4edd3603"",""edition_id"":""urn:uuid:79e7c26f-be00-528c-9ca5-dbbdb85bf9b8"",""native_unit_id"":""OLP-0206"",""order_key"":""0206"",""ordinal"":206,""required"":null,""unit_id"":""urn:uuid:855e90b9-749f-51f5-80a0-8ec08ce28256"",""visible"":true},""record_type"":""course_unit_membership"",""recorded_at"":""2026-08-31T00:00:00Z"",""semantic_key"":""c80:openlogic:membership:OLP-0206""}"
urn:uuid:4ce4e048-119c-5610-b7af-2c6fd05b7ef2,course_unit_membership,"{""dataset_id"":""urn:uuid:fdfa2782-db96-5e60-bcb3-d206d78b960a"",""id"":""urn:uuid:4ce4e048-119c-5610-b7af-2c6fd05b7ef2"",""normalized_state"":""published"",""owner_authority_id"":""urn:uuid:ba324c09-ea3b-5b7d-a8de-40df0fcc5e83"",""owner_native_state"":""exact_closure_order"",""payload"":{""course_id"":""urn:uuid:f6271d1d-189b-5f77-a370-ee7d4edd3603"",""edition_id"":""urn:uuid:79e7c26f-be00-528c-9ca5-dbbdb85bf9b8"",""native_unit_id"":""OLP-0207"",""order_key"":""0207"",""ordinal"":207,""required"":null,""unit_id"":""urn:uuid:39f8cf0a-f74a-5272-b581-85f8a0c631e4"",""visible"":true},""record_type"":""course_unit_membership"",""recorded_at"":""2026-08-31T00:00:00Z"",""semantic_key"":""c80:openlogic:membership:OLP-0207""}"
urn:uuid:9cc7bcef-1298-59ac-b7a9-7a32f27a8264,course_unit_membership,"{""dataset_id"":""urn:uuid:fdfa2782-db96-5e60-bcb3-d206d78b960a"",""id"":""urn:uuid:9cc7bcef-1298-59ac-b7a9-7a32f27a8264"",""normalized_state"":""published"",""owner_authority_id"":""urn:uuid:ba324c09-ea3b-5b7d-a8de-40df0fcc5e83"",""owner_native_state"":""exact_closure_order"",""payload"":{""course_id"":""urn:uuid:f6271d1d-189b-5f77-a370-ee7d4edd3603"",""edition_id"":""urn:uuid:79e7c26f-be00-528c-9ca5-dbbdb85bf9b8"",""native_unit_id"":""OLP-0208"",""order_key"":""0208"",""ordinal"":208,""required"":null,""unit_id"":""urn:uuid:a8155e07-4099-52f0-95eb-cbc315985cfc"",""visible"":true},""record_type"":""course_unit_membership"",""recorded_at"":""2026-08-31T00:00:00Z"",""semantic_key"":""c80:openlogic:membership:OLP-0208""}"
urn:uuid:1da849e2-6c5e-5151-b555-136748c7fb7d,course_unit_membership,"{""dataset_id"":""urn:uuid:fdfa2782-db96-5e60-bcb3-d206d78b960a"",""id"":""urn:uuid:1da849e2-6c5e-5151-b555-136748c7fb7d"",""normalized_state"":""published"",""owner_authority_id"":""urn:uuid:ba324c09-ea3b-5b7d-a8de-40df0fcc5e83"",""owner_native_state"":""exact_closure_order"",""payload"":{""course_id"":""urn:uuid:f6271d1d-189b-5f77-a370-ee7d4edd3603"",""edition_id"":""urn:uuid:79e7c26f-be00-528c-9ca5-dbbdb85bf9b8"",""native_unit_id"":""OLP-0209"",""order_key"":""0209"",""ordinal"":209,""required"":null,""unit_id"":""urn:uuid:82dc78f3-0a2c-537b-b5a7-f9b7b093b12b"",""visible"":true},""record_type"":""course_unit_membership"",""recorded_at"":""2026-08-31T00:00:00Z"",""semantic_key"":""c80:openlogic:membership:OLP-0209""}"
urn:uuid:a32917cb-92d2-5f13-a1ef-b5147e03c299,course_unit_membership,"{""dataset_id"":""urn:uuid:fdfa2782-db96-5e60-bcb3-d206d78b960a"",""id"":""urn:uuid:a32917cb-92d2-5f13-a1ef-b5147e03c299"",""normalized_state"":""published"",""owner_authority_id"":""urn:uuid:ba324c09-ea3b-5b7d-a8de-40df0fcc5e83"",""owner_native_state"":""exact_closure_order"",""payload"":{""course_id"":""urn:uuid:f6271d1d-189b-5f77-a370-ee7d4edd3603"",""edition_id"":""urn:uuid:79e7c26f-be00-528c-9ca5-dbbdb85bf9b8"",""native_unit_id"":""OLP-0210"",""order_key"":""0210"",""ordinal"":210,""required"":null,""unit_id"":""urn:uuid:3fa2da9c-b917-5d6f-a88f-bc3e53f87893"",""visible"":true},""record_type"":""course_unit_membership"",""recorded_at"":""2026-08-31T00:00:00Z"",""semantic_key"":""c80:openlogic:membership:OLP-0210""}"
urn:uuid:b1aa96e9-3d1f-519f-b89d-e2b1e45adc78,course_unit_membership,"{""dataset_id"":""urn:uuid:fdfa2782-db96-5e60-bcb3-d206d78b960a"",""id"":""urn:uuid:b1aa96e9-3d1f-519f-b89d-e2b1e45adc78"",""normalized_state"":""published"",""owner_authority_id"":""urn:uuid:ba324c09-ea3b-5b7d-a8de-40df0fcc5e83"",""owner_native_state"":""exact_closure_order"",""payload"":{""course_id"":""urn:uuid:f6271d1d-189b-5f77-a370-ee7d4edd3603"",""edition_id"":""urn:uuid:79e7c26f-be00-528c-9ca5-dbbdb85bf9b8"",""native_unit_id"":""OLP-0211"",""order_key"":""0211"",""ordinal"":211,""required"":null,""unit_id"":""urn:uuid:9d66eba7-9dc2-5065-a060-88705cc4510c"",""visible"":true},""record_type"":""course_unit_membership"",""recorded_at"":""2026-08-31T00:00:00Z"",""semantic_key"":""c80:openlogic:membership:OLP-0211""}"
urn:uuid:0bc30fef-ed1b-5fe3-bc18-51efa20a0fc2,course_unit_membership,"{""dataset_id"":""urn:uuid:fdfa2782-db96-5e60-bcb3-d206d78b960a"",""id"":""urn:uuid:0bc30fef-ed1b-5fe3-bc18-51efa20a0fc2"",""normalized_state"":""published"",""owner_authority_id"":""urn:uuid:ba324c09-ea3b-5b7d-a8de-40df0fcc5e83"",""owner_native_state"":""exact_closure_order"",""payload"":{""course_id"":""urn:uuid:f6271d1d-189b-5f77-a370-ee7d4edd3603"",""edition_id"":""urn:uuid:79e7c26f-be00-528c-9ca5-dbbdb85bf9b8"",""native_unit_id"":""OLP-0212"",""order_key"":""0212"",""ordinal"":212,""required"":null,""unit_id"":""urn:uuid:279504e2-7ce8-558e-8e93-34eb4efe8f26"",""visible"":true},""record_type"":""course_unit_membership"",""recorded_at"":""2026-08-31T00:00:00Z"",""semantic_key"":""c80:openlogic:membership:OLP-0212""}"
urn:uuid:11fbe0c8-ebc4-50d7-afa4-341e6bf17f0c,course_unit_membership,"{""dataset_id"":""urn:uuid:fdfa2782-db96-5e60-bcb3-d206d78b960a"",""id"":""urn:uuid:11fbe0c8-ebc4-50d7-afa4-341e6bf17f0c"",""normalized_state"":""published"",""owner_authority_id"":""urn:uuid:ba324c09-ea3b-5b7d-a8de-40df0fcc5e83"",""owner_native_state"":""exact_closure_order"",""payload"":{""course_id"":""urn:uuid:f6271d1d-189b-5f77-a370-ee7d4edd3603"",""edition_id"":""urn:uuid:79e7c26f-be00-528c-9ca5-dbbdb85bf9b8"",""native_unit_id"":""OLP-0213"",""order_key"":""0213"",""ordinal"":213,""required"":null,""unit_id"":""urn:uuid:4e681c49-37ee-5aeb-ad19-20ece19211ce"",""visible"":true},""record_type"":""course_unit_membership"",""recorded_at"":""2026-08-31T00:00:00Z"",""semantic_key"":""c80:openlogic:membership:OLP-0213""}"
urn:uuid:f413635a-1f89-54d7-8174-49f241f3b92f,course_unit_membership,"{""dataset_id"":""urn:uuid:fdfa2782-db96-5e60-bcb3-d206d78b960a"",""id"":""urn:uuid:f413635a-1f89-54d7-8174-49f241f3b92f"",""normalized_state"":""published"",""owner_authority_id"":""urn:uuid:ba324c09-ea3b-5b7d-a8de-40df0fcc5e83"",""owner_native_state"":""exact_closure_order"",""payload"":{""course_id"":""urn:uuid:f6271d1d-189b-5f77-a370-ee7d4edd3603"",""edition_id"":""urn:uuid:79e7c26f-be00-528c-9ca5-dbbdb85bf9b8"",""native_unit_id"":""OLP-0214"",""order_key"":""0214"",""ordinal"":214,""required"":null,""unit_id"":""urn:uuid:ceb2eb7d-99fe-5358-b8f3-5cac03d128fe"",""visible"":true},""record_type"":""course_unit_membership"",""recorded_at"":""2026-08-31T00:00:00Z"",""semantic_key"":""c80:openlogic:membership:OLP-0214""}"
urn:uuid:0cae0205-6f90-55b5-b10f-bd9f8a44f957,course_unit_membership,"{""dataset_id"":""urn:uuid:fdfa2782-db96-5e60-bcb3-d206d78b960a"",""id"":""urn:uuid:0cae0205-6f90-55b5-b10f-bd9f8a44f957"",""normalized_state"":""published"",""owner_authority_id"":""urn:uuid:ba324c09-ea3b-5b7d-a8de-40df0fcc5e83"",""owner_native_state"":""exact_closure_order"",""payload"":{""course_id"":""urn:uuid:f6271d1d-189b-5f77-a370-ee7d4edd3603"",""edition_id"":""urn:uuid:79e7c26f-be00-528c-9ca5-dbbdb85bf9b8"",""native_unit_id"":""OLP-0215"",""order_key"":""0215"",""ordinal"":215,""required"":null,""unit_id"":""urn:uuid:50714aad-9276-5140-8c52-d83b42904999"",""visible"":true},""record_type"":""course_unit_membership"",""recorded_at"":""2026-08-31T00:00:00Z"",""semantic_key"":""c80:openlogic:membership:OLP-0215""}"
urn:uuid:55a67858-5b31-58db-96e3-44149056848d,course_unit_membership,"{""dataset_id"":""urn:uuid:fdfa2782-db96-5e60-bcb3-d206d78b960a"",""id"":""urn:uuid:55a67858-5b31-58db-96e3-44149056848d"",""normalized_state"":""published"",""owner_authority_id"":""urn:uuid:ba324c09-ea3b-5b7d-a8de-40df0fcc5e83"",""owner_native_state"":""exact_closure_order"",""payload"":{""course_id"":""urn:uuid:f6271d1d-189b-5f77-a370-ee7d4edd3603"",""edition_id"":""urn:uuid:79e7c26f-be00-528c-9ca5-dbbdb85bf9b8"",""native_unit_id"":""OLP-0216"",""order_key"":""0216"",""ordinal"":216,""required"":null,""unit_id"":""urn:uuid:30057699-bedd-5414-b38d-c93e4fd8cd38"",""visible"":true},""record_type"":""course_unit_membership"",""recorded_at"":""2026-08-31T00:00:00Z"",""semantic_key"":""c80:openlogic:membership:OLP-0216""}"
urn:uuid:a0e44348-08cb-5e66-8a71-850814ce0fb8,course_unit_membership,"{""dataset_id"":""urn:uuid:fdfa2782-db96-5e60-bcb3-d206d78b960a"",""id"":""urn:uuid:a0e44348-08cb-5e66-8a71-850814ce0fb8"",""normalized_state"":""published"",""owner_authority_id"":""urn:uuid:ba324c09-ea3b-5b7d-a8de-40df0fcc5e83"",""owner_native_state"":""exact_closure_order"",""payload"":{""course_id"":""urn:uuid:f6271d1d-189b-5f77-a370-ee7d4edd3603"",""edition_id"":""urn:uuid:79e7c26f-be00-528c-9ca5-dbbdb85bf9b8"",""native_unit_id"":""OLP-0217"",""order_key"":""0217"",""ordinal"":217,""required"":null,""unit_id"":""urn:uuid:8702d56f-dd18-575c-bf44-26fff54389d1"",""visible"":true},""record_type"":""course_unit_membership"",""recorded_at"":""2026-08-31T00:00:00Z"",""semantic_key"":""c80:openlogic:membership:OLP-0217""}"
urn:uuid:5a2e7000-affe-5be3-92c8-4171f0a54804,course_unit_membership,"{""dataset_id"":""urn:uuid:fdfa2782-db96-5e60-bcb3-d206d78b960a"",""id"":""urn:uuid:5a2e7000-affe-5be3-92c8-4171f0a54804"",""normalized_state"":""published"",""owner_authority_id"":""urn:uuid:ba324c09-ea3b-5b7d-a8de-40df0fcc5e83"",""owner_native_state"":""exact_closure_order"",""payload"":{""course_id"":""urn:uuid:f6271d1d-189b-5f77-a370-ee7d4edd3603"",""edition_id"":""urn:uuid:79e7c26f-be00-528c-9ca5-dbbdb85bf9b8"",""native_unit_id"":""OLP-0218"",""order_key"":""0218"",""ordinal"":218,""required"":null,""unit_id"":""urn:uuid:6d0b3e86-82aa-5481-9bcf-0ba30e244aaf"",""visible"":true},""record_type"":""course_unit_membership"",""recorded_at"":""2026-08-31T00:00:00Z"",""semantic_key"":""c80:openlogic:membership:OLP-0218""}"
urn:uuid:3cc8abea-bfdd-54a6-8092-6af80ffc885c,course_unit_membership,"{""dataset_id"":""urn:uuid:fdfa2782-db96-5e60-bcb3-d206d78b960a"",""id"":""urn:uuid:3cc8abea-bfdd-54a6-8092-6af80ffc885c"",""normalized_state"":""published"",""owner_authority_id"":""urn:uuid:ba324c09-ea3b-5b7d-a8de-40df0fcc5e83"",""owner_native_state"":""exact_closure_order"",""payload"":{""course_id"":""urn:uuid:f6271d1d-189b-5f77-a370-ee7d4edd3603"",""edition_id"":""urn:uuid:79e7c26f-be00-528c-9ca5-dbbdb85bf9b8"",""native_unit_id"":""OLP-0219"",""order_key"":""0219"",""ordinal"":219,""required"":null,""unit_id"":""urn:uuid:02f385cb-dd1e-5a73-9ab9-4266a5b0050c"",""visible"":true},""record_type"":""course_unit_membership"",""recorded_at"":""2026-08-31T00:00:00Z"",""semantic_key"":""c80:openlogic:membership:OLP-0219""}"
urn:uuid:a707bf42-9bf4-52e4-bf5e-9bb74e2fb15f,course_unit_membership,"{""dataset_id"":""urn:uuid:fdfa2782-db96-5e60-bcb3-d206d78b960a"",""id"":""urn:uuid:a707bf42-9bf4-52e4-bf5e-9bb74e2fb15f"",""normalized_state"":""published"",""owner_authority_id"":""urn:uuid:ba324c09-ea3b-5b7d-a8de-40df0fcc5e83"",""owner_native_state"":""exact_closure_order"",""payload"":{""course_id"":""urn:uuid:f6271d1d-189b-5f77-a370-ee7d4edd3603"",""edition_id"":""urn:uuid:79e7c26f-be00-528c-9ca5-dbbdb85bf9b8"",""native_unit_id"":""OLP-0220"",""order_key"":""0220"",""ordinal"":220,""required"":null,""unit_id"":""urn:uuid:7e4cd003-5b47-5274-b999-1ecd71fba1e4"",""visible"":true},""record_type"":""course_unit_membership"",""recorded_at"":""2026-08-31T00:00:00Z"",""semantic_key"":""c80:openlogic:membership:OLP-0220""}"
urn:uuid:93619eeb-4fc1-555e-923b-e03626f95209,course_unit_membership,"{""dataset_id"":""urn:uuid:fdfa2782-db96-5e60-bcb3-d206d78b960a"",""id"":""urn:uuid:93619eeb-4fc1-555e-923b-e03626f95209"",""normalized_state"":""published"",""owner_authority_id"":""urn:uuid:ba324c09-ea3b-5b7d-a8de-40df0fcc5e83"",""owner_native_state"":""exact_closure_order"",""payload"":{""course_id"":""urn:uuid:f6271d1d-189b-5f77-a370-ee7d4edd3603"",""edition_id"":""urn:uuid:79e7c26f-be00-528c-9ca5-dbbdb85bf9b8"",""native_unit_id"":""OLP-0221"",""order_key"":""0221"",""ordinal"":221,""required"":null,""unit_id"":""urn:uuid:c7454fac-460a-5e6f-a83a-c0dda837bd7b"",""visible"":true},""record_type"":""course_unit_membership"",""recorded_at"":""2026-08-31T00:00:00Z"",""semantic_key"":""c80:openlogic:membership:OLP-0221""}"
urn:uuid:18ecea6d-0e85-5916-a828-5056493c4660,course_unit_membership,"{""dataset_id"":""urn:uuid:fdfa2782-db96-5e60-bcb3-d206d78b960a"",""id"":""urn:uuid:18ecea6d-0e85-5916-a828-5056493c4660"",""normalized_state"":""published"",""owner_authority_id"":""urn:uuid:ba324c09-ea3b-5b7d-a8de-40df0fcc5e83"",""owner_native_state"":""exact_closure_order"",""payload"":{""course_id"":""urn:uuid:f6271d1d-189b-5f77-a370-ee7d4edd3603"",""edition_id"":""urn:uuid:79e7c26f-be00-528c-9ca5-dbbdb85bf9b8"",""native_unit_id"":""OLP-0222"",""order_key"":""0222"",""ordinal"":222,""required"":null,""unit_id"":""urn:uuid:3ef9817c-cd37-5c9d-a82b-3ad7bd51df13"",""visible"":true},""record_type"":""course_unit_membership"",""recorded_at"":""2026-08-31T00:00:00Z"",""semantic_key"":""c80:openlogic:membership:OLP-0222""}"
urn:uuid:99245d21-8162-5f1f-bcee-9791a67da397,course_unit_membership,"{""dataset_id"":""urn:uuid:fdfa2782-db96-5e60-bcb3-d206d78b960a"",""id"":""urn:uuid:99245d21-8162-5f1f-bcee-9791a67da397"",""normalized_state"":""published"",""owner_authority_id"":""urn:uuid:ba324c09-ea3b-5b7d-a8de-40df0fcc5e83"",""owner_native_state"":""exact_closure_order"",""payload"":{""course_id"":""urn:uuid:f6271d1d-189b-5f77-a370-ee7d4edd3603"",""edition_id"":""urn:uuid:79e7c26f-be00-528c-9ca5-dbbdb85bf9b8"",""native_unit_id"":""OLP-0223"",""order_key"":""0223"",""ordinal"":223,""required"":null,""unit_id"":""urn:uuid:d02cd619-45d7-5fe8-83d0-7e7cfddfcd93"",""visible"":true},""record_type"":""course_unit_membership"",""recorded_at"":""2026-08-31T00:00:00Z"",""semantic_key"":""c80:openlogic:membership:OLP-0223""}"
urn:uuid:e7a23dc2-7dad-5e44-9b09-2b761b529999,course_unit_membership,"{""dataset_id"":""urn:uuid:fdfa2782-db96-5e60-bcb3-d206d78b960a"",""id"":""urn:uuid:e7a23dc2-7dad-5e44-9b09-2b761b529999"",""normalized_state"":""published"",""owner_authority_id"":""urn:uuid:ba324c09-ea3b-5b7d-a8de-40df0fcc5e83"",""owner_native_state"":""exact_closure_order"",""payload"":{""course_id"":""urn:uuid:f6271d1d-189b-5f77-a370-ee7d4edd3603"",""edition_id"":""urn:uuid:79e7c26f-be00-528c-9ca5-dbbdb85bf9b8"",""native_unit_id"":""OLP-0224"",""order_key"":""0224"",""ordinal"":224,""required"":null,""unit_id"":""urn:uuid:2cbba4e4-b719-5027-b50d-361fc8b5fa54"",""visible"":true},""record_type"":""course_unit_membership"",""recorded_at"":""2026-08-31T00:00:00Z"",""semantic_key"":""c80:openlogic:membership:OLP-0224""}"
urn:uuid:98aa4cb2-b1c6-5725-a65c-2978e5fd2416,course_unit_membership,"{""dataset_id"":""urn:uuid:fdfa2782-db96-5e60-bcb3-d206d78b960a"",""id"":""urn:uuid:98aa4cb2-b1c6-5725-a65c-2978e5fd2416"",""normalized_state"":""published"",""owner_authority_id"":""urn:uuid:ba324c09-ea3b-5b7d-a8de-40df0fcc5e83"",""owner_native_state"":""exact_closure_order"",""payload"":{""course_id"":""urn:uuid:f6271d1d-189b-5f77-a370-ee7d4edd3603"",""edition_id"":""urn:uuid:79e7c26f-be00-528c-9ca5-dbbdb85bf9b8"",""native_unit_id"":""OLP-0225"",""order_key"":""0225"",""ordinal"":225,""required"":null,""unit_id"":""urn:uuid:0466319e-0da4-5cd9-8bcc-6862dc4da251"",""visible"":true},""record_type"":""course_unit_membership"",""recorded_at"":""2026-08-31T00:00:00Z"",""semantic_key"":""c80:openlogic:membership:OLP-0225""}"
urn:uuid:eaf78566-6f37-55e2-b999-24fa18984681,course_unit_membership,"{""dataset_id"":""urn:uuid:fdfa2782-db96-5e60-bcb3-d206d78b960a"",""id"":""urn:uuid:eaf78566-6f37-55e2-b999-24fa18984681"",""normalized_state"":""published"",""owner_authority_id"":""urn:uuid:ba324c09-ea3b-5b7d-a8de-40df0fcc5e83"",""owner_native_state"":""exact_closure_order"",""payload"":{""course_id"":""urn:uuid:f6271d1d-189b-5f77-a370-ee7d4edd3603"",""edition_id"":""urn:uuid:79e7c26f-be00-528c-9ca5-dbbdb85bf9b8"",""native_unit_id"":""OLP-0226"",""order_key"":""0226"",""ordinal"":226,""required"":null,""unit_id"":""urn:uuid:6511789c-d6fa-5e95-8873-8f9a7758c00d"",""visible"":true},""record_type"":""course_unit_membership"",""recorded_at"":""2026-08-31T00:00:00Z"",""semantic_key"":""c80:openlogic:membership:OLP-0226""}"
urn:uuid:a39b9616-5b08-55a8-b1b6-d27a3e5aa4e2,course_unit_membership,"{""dataset_id"":""urn:uuid:fdfa2782-db96-5e60-bcb3-d206d78b960a"",""id"":""urn:uuid:a39b9616-5b08-55a8-b1b6-d27a3e5aa4e2"",""normalized_state"":""published"",""owner_authority_id"":""urn:uuid:ba324c09-ea3b-5b7d-a8de-40df0fcc5e83"",""owner_native_state"":""exact_closure_order"",""payload"":{""course_id"":""urn:uuid:f6271d1d-189b-5f77-a370-ee7d4edd3603"",""edition_id"":""urn:uuid:79e7c26f-be00-528c-9ca5-dbbdb85bf9b8"",""native_unit_id"":""OLP-0227"",""order_key"":""0227"",""ordinal"":227,""required"":null,""unit_id"":""urn:uuid:9def51ca-72e6-5a32-9dc2-ba71967d8690"",""visible"":true},""record_type"":""course_unit_membership"",""recorded_at"":""2026-08-31T00:00:00Z"",""semantic_key"":""c80:openlogic:membership:OLP-0227""}"
urn:uuid:7d6348c3-2b4d-557f-98d8-ec50106ef4fa,course_unit_membership,"{""dataset_id"":""urn:uuid:fdfa2782-db96-5e60-bcb3-d206d78b960a"",""id"":""urn:uuid:7d6348c3-2b4d-557f-98d8-ec50106ef4fa"",""normalized_state"":""published"",""owner_authority_id"":""urn:uuid:ba324c09-ea3b-5b7d-a8de-40df0fcc5e83"",""owner_native_state"":""exact_closure_order"",""payload"":{""course_id"":""urn:uuid:f6271d1d-189b-5f77-a370-ee7d4edd3603"",""edition_id"":""urn:uuid:79e7c26f-be00-528c-9ca5-dbbdb85bf9b8"",""native_unit_id"":""OLP-0228"",""order_key"":""0228"",""ordinal"":228,""required"":null,""unit_id"":""urn:uuid:c1ecf2a4-e6d4-58dd-8b11-7cc2b3a2cc04"",""visible"":true},""record_type"":""course_unit_membership"",""recorded_at"":""2026-08-31T00:00:00Z"",""semantic_key"":""c80:openlogic:membership:OLP-0228""}"
urn:uuid:5d939907-8d17-5b48-8e1f-56d4c23a4282,course_unit_membership,"{""dataset_id"":""urn:uuid:fdfa2782-db96-5e60-bcb3-d206d78b960a"",""id"":""urn:uuid:5d939907-8d17-5b48-8e1f-56d4c23a4282"",""normalized_state"":""published"",""owner_authority_id"":""urn:uuid:ba324c09-ea3b-5b7d-a8de-40df0fcc5e83"",""owner_native_state"":""exact_closure_order"",""payload"":{""course_id"":""urn:uuid:f6271d1d-189b-5f77-a370-ee7d4edd3603"",""edition_id"":""urn:uuid:79e7c26f-be00-528c-9ca5-dbbdb85bf9b8"",""native_unit_id"":""OLP-0229"",""order_key"":""0229"",""ordinal"":229,""required"":null,""unit_id"":""urn:uuid:ad0bfd11-92fa-5c64-aee0-b8c522ef22d4"",""visible"":true},""record_type"":""course_unit_membership"",""recorded_at"":""2026-08-31T00:00:00Z"",""semantic_key"":""c80:openlogic:membership:OLP-0229""}"
urn:uuid:e6a7603a-ba71-57cd-870a-10c6e7adbb37,course_unit_membership,"{""dataset_id"":""urn:uuid:fdfa2782-db96-5e60-bcb3-d206d78b960a"",""id"":""urn:uuid:e6a7603a-ba71-57cd-870a-10c6e7adbb37"",""normalized_state"":""published"",""owner_authority_id"":""urn:uuid:ba324c09-ea3b-5b7d-a8de-40df0fcc5e83"",""owner_native_state"":""exact_closure_order"",""payload"":{""course_id"":""urn:uuid:f6271d1d-189b-5f77-a370-ee7d4edd3603"",""edition_id"":""urn:uuid:79e7c26f-be00-528c-9ca5-dbbdb85bf9b8"",""native_unit_id"":""OLP-0230"",""order_key"":""0230"",""ordinal"":230,""required"":null,""unit_id"":""urn:uuid:03ef1a20-6bb4-51c1-a5f5-c6c0fa75c1e6"",""visible"":true},""record_type"":""course_unit_membership"",""recorded_at"":""2026-08-31T00:00:00Z"",""semantic_key"":""c80:openlogic:membership:OLP-0230""}"
urn:uuid:83807f8d-10a9-551d-850f-5afd5fb2f458,course_unit_membership,"{""dataset_id"":""urn:uuid:fdfa2782-db96-5e60-bcb3-d206d78b960a"",""id"":""urn:uuid:83807f8d-10a9-551d-850f-5afd5fb2f458"",""normalized_state"":""published"",""owner_authority_id"":""urn:uuid:ba324c09-ea3b-5b7d-a8de-40df0fcc5e83"",""owner_native_state"":""exact_closure_order"",""payload"":{""course_id"":""urn:uuid:f6271d1d-189b-5f77-a370-ee7d4edd3603"",""edition_id"":""urn:uuid:79e7c26f-be00-528c-9ca5-dbbdb85bf9b8"",""native_unit_id"":""OLP-0231"",""order_key"":""0231"",""ordinal"":231,""required"":null,""unit_id"":""urn:uuid:db8ed146-5cf4-5891-a6cc-74dfa12f56c6"",""visible"":true},""record_type"":""course_unit_membership"",""recorded_at"":""2026-08-31T00:00:00Z"",""semantic_key"":""c80:openlogic:membership:OLP-0231""}"
urn:uuid:89168c6b-149a-50f1-b7c5-b54730fc2870,course_unit_membership,"{""dataset_id"":""urn:uuid:fdfa2782-db96-5e60-bcb3-d206d78b960a"",""id"":""urn:uuid:89168c6b-149a-50f1-b7c5-b54730fc2870"",""normalized_state"":""published"",""owner_authority_id"":""urn:uuid:ba324c09-ea3b-5b7d-a8de-40df0fcc5e83"",""owner_native_state"":""exact_closure_order"",""payload"":{""course_id"":""urn:uuid:f6271d1d-189b-5f77-a370-ee7d4edd3603"",""edition_id"":""urn:uuid:79e7c26f-be00-528c-9ca5-dbbdb85bf9b8"",""native_unit_id"":""OLP-0232"",""order_key"":""0232"",""ordinal"":232,""required"":null,""unit_id"":""urn:uuid:b12853a5-9f1f-5bfe-b56a-a177a2356d69"",""visible"":true},""record_type"":""course_unit_membership"",""recorded_at"":""2026-08-31T00:00:00Z"",""semantic_key"":""c80:openlogic:membership:OLP-0232""}"
urn:uuid:baba9e54-e63f-5d01-a153-e7f0ee04d732,course_unit_membership,"{""dataset_id"":""urn:uuid:fdfa2782-db96-5e60-bcb3-d206d78b960a"",""id"":""urn:uuid:baba9e54-e63f-5d01-a153-e7f0ee04d732"",""normalized_state"":""published"",""owner_authority_id"":""urn:uuid:ba324c09-ea3b-5b7d-a8de-40df0fcc5e83"",""owner_native_state"":""exact_closure_order"",""payload"":{""course_id"":""urn:uuid:f6271d1d-189b-5f77-a370-ee7d4edd3603"",""edition_id"":""urn:uuid:79e7c26f-be00-528c-9ca5-dbbdb85bf9b8"",""native_unit_id"":""OLP-0233"",""order_key"":""0233"",""ordinal"":233,""required"":null,""unit_id"":""urn:uuid:c8e41832-b6cd-5497-9c72-7529d896dddf"",""visible"":true},""record_type"":""course_unit_membership"",""recorded_at"":""2026-08-31T00:00:00Z"",""semantic_key"":""c80:openlogic:membership:OLP-0233""}"
urn:uuid:644b9162-e97d-5cfe-92c9-cbe40a9ef658,course_unit_membership,"{""dataset_id"":""urn:uuid:fdfa2782-db96-5e60-bcb3-d206d78b960a"",""id"":""urn:uuid:644b9162-e97d-5cfe-92c9-cbe40a9ef658"",""normalized_state"":""published"",""owner_authority_id"":""urn:uuid:ba324c09-ea3b-5b7d-a8de-40df0fcc5e83"",""owner_native_state"":""exact_closure_order"",""payload"":{""course_id"":""urn:uuid:f6271d1d-189b-5f77-a370-ee7d4edd3603"",""edition_id"":""urn:uuid:79e7c26f-be00-528c-9ca5-dbbdb85bf9b8"",""native_unit_id"":""OLP-0234"",""order_key"":""0234"",""ordinal"":234,""required"":null,""unit_id"":""urn:uuid:2a4b94b3-e15f-592f-b73b-ba463795350a"",""visible"":true},""record_type"":""course_unit_membership"",""recorded_at"":""2026-08-31T00:00:00Z"",""semantic_key"":""c80:openlogic:membership:OLP-0234""}"
urn:uuid:842c2400-7c90-577b-a4ac-03a4693d7f98,course_unit_membership,"{""dataset_id"":""urn:uuid:fdfa2782-db96-5e60-bcb3-d206d78b960a"",""id"":""urn:uuid:842c2400-7c90-577b-a4ac-03a4693d7f98"",""normalized_state"":""published"",""owner_authority_id"":""urn:uuid:ba324c09-ea3b-5b7d-a8de-40df0fcc5e83"",""owner_native_state"":""exact_closure_order"",""payload"":{""course_id"":""urn:uuid:f6271d1d-189b-5f77-a370-ee7d4edd3603"",""edition_id"":""urn:uuid:79e7c26f-be00-528c-9ca5-dbbdb85bf9b8"",""native_unit_id"":""OLP-0235"",""order_key"":""0235"",""ordinal"":235,""required"":null,""unit_id"":""urn:uuid:1022b623-ea06-5ed3-a4a8-2c98742ded87"",""visible"":true},""record_type"":""course_unit_membership"",""recorded_at"":""2026-08-31T00:00:00Z"",""semantic_key"":""c80:openlogic:membership:OLP-0235""}"
urn:uuid:0c69be47-1ce2-5a27-a487-a455d36a57c5,course_unit_membership,"{""dataset_id"":""urn:uuid:fdfa2782-db96-5e60-bcb3-d206d78b960a"",""id"":""urn:uuid:0c69be47-1ce2-5a27-a487-a455d36a57c5"",""normalized_state"":""published"",""owner_authority_id"":""urn:uuid:ba324c09-ea3b-5b7d-a8de-40df0fcc5e83"",""owner_native_state"":""exact_closure_order"",""payload"":{""course_id"":""urn:uuid:f6271d1d-189b-5f77-a370-ee7d4edd3603"",""edition_id"":""urn:uuid:79e7c26f-be00-528c-9ca5-dbbdb85bf9b8"",""native_unit_id"":""OLP-0236"",""order_key"":""0236"",""ordinal"":236,""required"":null,""unit_id"":""urn:uuid:9e4631ae-f1c2-5cea-9b4b-abe3cc9680ce"",""visible"":true},""record_type"":""course_unit_membership"",""recorded_at"":""2026-08-31T00:00:00Z"",""semantic_key"":""c80:openlogic:membership:OLP-0236""}"
urn:uuid:f5ea2fac-4114-57e2-a48a-5e28b4d07840,course_unit_membership,"{""dataset_id"":""urn:uuid:fdfa2782-db96-5e60-bcb3-d206d78b960a"",""id"":""urn:uuid:f5ea2fac-4114-57e2-a48a-5e28b4d07840"",""normalized_state"":""published"",""owner_authority_id"":""urn:uuid:ba324c09-ea3b-5b7d-a8de-40df0fcc5e83"",""owner_native_state"":""exact_closure_order"",""payload"":{""course_id"":""urn:uuid:f6271d1d-189b-5f77-a370-ee7d4edd3603"",""edition_id"":""urn:uuid:79e7c26f-be00-528c-9ca5-dbbdb85bf9b8"",""native_unit_id"":""OLP-0237"",""order_key"":""0237"",""ordinal"":237,""required"":null,""unit_id"":""urn:uuid:e550e1db-a388-57f6-9eaf-549502f8022d"",""visible"":true},""record_type"":""course_unit_membership"",""recorded_at"":""2026-08-31T00:00:00Z"",""semantic_key"":""c80:openlogic:membership:OLP-0237""}"
urn:uuid:99e6857d-8554-5c1c-a5b7-a49511f8fe8b,course_unit_membership,"{""dataset_id"":""urn:uuid:fdfa2782-db96-5e60-bcb3-d206d78b960a"",""id"":""urn:uuid:99e6857d-8554-5c1c-a5b7-a49511f8fe8b"",""normalized_state"":""published"",""owner_authority_id"":""urn:uuid:ba324c09-ea3b-5b7d-a8de-40df0fcc5e83"",""owner_native_state"":""exact_closure_order"",""payload"":{""course_id"":""urn:uuid:f6271d1d-189b-5f77-a370-ee7d4edd3603"",""edition_id"":""urn:uuid:79e7c26f-be00-528c-9ca5-dbbdb85bf9b8"",""native_unit_id"":""OLP-0238"",""order_key"":""0238"",""ordinal"":238,""required"":null,""unit_id"":""urn:uuid:3d3a1503-bfb2-5982-8231-4673b10b4707"",""visible"":true},""record_type"":""course_unit_membership"",""recorded_at"":""2026-08-31T00:00:00Z"",""semantic_key"":""c80:openlogic:membership:OLP-0238""}"
urn:uuid:8956a359-cada-5f14-bf57-955db2d2a677,course_unit_membership,"{""dataset_id"":""urn:uuid:fdfa2782-db96-5e60-bcb3-d206d78b960a"",""id"":""urn:uuid:8956a359-cada-5f14-bf57-955db2d2a677"",""normalized_state"":""published"",""owner_authority_id"":""urn:uuid:ba324c09-ea3b-5b7d-a8de-40df0fcc5e83"",""owner_native_state"":""exact_closure_order"",""payload"":{""course_id"":""urn:uuid:f6271d1d-189b-5f77-a370-ee7d4edd3603"",""edition_id"":""urn:uuid:79e7c26f-be00-528c-9ca5-dbbdb85bf9b8"",""native_unit_id"":""OLP-0239"",""order_key"":""0239"",""ordinal"":239,""required"":null,""unit_id"":""urn:uuid:284461fd-eed7-5e70-92af-9a8fa4e644d0"",""visible"":true},""record_type"":""course_unit_membership"",""recorded_at"":""2026-08-31T00:00:00Z"",""semantic_key"":""c80:openlogic:membership:OLP-0239""}"
urn:uuid:553c8038-6ed6-50e8-ac51-432a130b0c84,course_unit_membership,"{""dataset_id"":""urn:uuid:fdfa2782-db96-5e60-bcb3-d206d78b960a"",""id"":""urn:uuid:553c8038-6ed6-50e8-ac51-432a130b0c84"",""normalized_state"":""published"",""owner_authority_id"":""urn:uuid:ba324c09-ea3b-5b7d-a8de-40df0fcc5e83"",""owner_native_state"":""exact_closure_order"",""payload"":{""course_id"":""urn:uuid:f6271d1d-189b-5f77-a370-ee7d4edd3603"",""edition_id"":""urn:uuid:79e7c26f-be00-528c-9ca5-dbbdb85bf9b8"",""native_unit_id"":""OLP-0240"",""order_key"":""0240"",""ordinal"":240,""required"":null,""unit_id"":""urn:uuid:b86d32c3-cfdc-56ac-9897-66ad8307ab8a"",""visible"":true},""record_type"":""course_unit_membership"",""recorded_at"":""2026-08-31T00:00:00Z"",""semantic_key"":""c80:openlogic:membership:OLP-0240""}"
urn:uuid:000112db-267f-5776-8295-7394fc231eec,course_unit_membership,"{""dataset_id"":""urn:uuid:fdfa2782-db96-5e60-bcb3-d206d78b960a"",""id"":""urn:uuid:000112db-267f-5776-8295-7394fc231eec"",""normalized_state"":""published"",""owner_authority_id"":""urn:uuid:ba324c09-ea3b-5b7d-a8de-40df0fcc5e83"",""owner_native_state"":""exact_closure_order"",""payload"":{""course_id"":""urn:uuid:f6271d1d-189b-5f77-a370-ee7d4edd3603"",""edition_id"":""urn:uuid:79e7c26f-be00-528c-9ca5-dbbdb85bf9b8"",""native_unit_id"":""OLP-0241"",""order_key"":""0241"",""ordinal"":241,""required"":null,""unit_id"":""urn:uuid:811d9db9-b787-5d21-b58b-5942ca73a07f"",""visible"":true},""record_type"":""course_unit_membership"",""recorded_at"":""2026-08-31T00:00:00Z"",""semantic_key"":""c80:openlogic:membership:OLP-0241""}"
urn:uuid:f484f9f8-781e-5dfe-92ab-1eeed9c92c7b,course_unit_membership,"{""dataset_id"":""urn:uuid:fdfa2782-db96-5e60-bcb3-d206d78b960a"",""id"":""urn:uuid:f484f9f8-781e-5dfe-92ab-1eeed9c92c7b"",""normalized_state"":""published"",""owner_authority_id"":""urn:uuid:ba324c09-ea3b-5b7d-a8de-40df0fcc5e83"",""owner_native_state"":""exact_closure_order"",""payload"":{""course_id"":""urn:uuid:f6271d1d-189b-5f77-a370-ee7d4edd3603"",""edition_id"":""urn:uuid:79e7c26f-be00-528c-9ca5-dbbdb85bf9b8"",""native_unit_id"":""OLP-0242"",""order_key"":""0242"",""ordinal"":242,""required"":null,""unit_id"":""urn:uuid:65b1b5d4-1bcf-5c2a-a773-8cbaa193c34e"",""visible"":true},""record_type"":""course_unit_membership"",""recorded_at"":""2026-08-31T00:00:00Z"",""semantic_key"":""c80:openlogic:membership:OLP-0242""}"
urn:uuid:9b21ed18-30fa-5a6a-8d61-d6e000a7b40a,course_unit_membership,"{""dataset_id"":""urn:uuid:fdfa2782-db96-5e60-bcb3-d206d78b960a"",""id"":""urn:uuid:9b21ed18-30fa-5a6a-8d61-d6e000a7b40a"",""normalized_state"":""published"",""owner_authority_id"":""urn:uuid:ba324c09-ea3b-5b7d-a8de-40df0fcc5e83"",""owner_native_state"":""exact_closure_order"",""payload"":{""course_id"":""urn:uuid:f6271d1d-189b-5f77-a370-ee7d4edd3603"",""edition_id"":""urn:uuid:79e7c26f-be00-528c-9ca5-dbbdb85bf9b8"",""native_unit_id"":""OLP-0243"",""order_key"":""0243"",""ordinal"":243,""required"":null,""unit_id"":""urn:uuid:47158aaf-8256-5954-a4a2-8b610ad677fe"",""visible"":true},""record_type"":""course_unit_membership"",""recorded_at"":""2026-08-31T00:00:00Z"",""semantic_key"":""c80:openlogic:membership:OLP-0243""}"
urn:uuid:7b8470be-cb01-5c72-807b-f063259dd6aa,course_unit_membership,"{""dataset_id"":""urn:uuid:fdfa2782-db96-5e60-bcb3-d206d78b960a"",""id"":""urn:uuid:7b8470be-cb01-5c72-807b-f063259dd6aa"",""normalized_state"":""published"",""owner_authority_id"":""urn:uuid:ba324c09-ea3b-5b7d-a8de-40df0fcc5e83"",""owner_native_state"":""exact_closure_order"",""payload"":{""course_id"":""urn:uuid:f6271d1d-189b-5f77-a370-ee7d4edd3603"",""edition_id"":""urn:uuid:79e7c26f-be00-528c-9ca5-dbbdb85bf9b8"",""native_unit_id"":""OLP-0244"",""order_key"":""0244"",""ordinal"":244,""required"":null,""unit_id"":""urn:uuid:3481bbd6-54a6-57a7-a7c8-27e7f3de9d83"",""visible"":true},""record_type"":""course_unit_membership"",""recorded_at"":""2026-08-31T00:00:00Z"",""semantic_key"":""c80:openlogic:membership:OLP-0244""}"
urn:uuid:df61b6ce-c888-5cf6-89a6-c16d016cb2ba,course_unit_membership,"{""dataset_id"":""urn:uuid:fdfa2782-db96-5e60-bcb3-d206d78b960a"",""id"":""urn:uuid:df61b6ce-c888-5cf6-89a6-c16d016cb2ba"",""normalized_state"":""published"",""owner_authority_id"":""urn:uuid:ba324c09-ea3b-5b7d-a8de-40df0fcc5e83"",""owner_native_state"":""exact_closure_order"",""payload"":{""course_id"":""urn:uuid:f6271d1d-189b-5f77-a370-ee7d4edd3603"",""edition_id"":""urn:uuid:79e7c26f-be00-528c-9ca5-dbbdb85bf9b8"",""native_unit_id"":""OLP-0245"",""order_key"":""0245"",""ordinal"":245,""required"":null,""unit_id"":""urn:uuid:9c6970fd-997f-5405-af1f-53f136790b3a"",""visible"":true},""record_type"":""course_unit_membership"",""recorded_at"":""2026-08-31T00:00:00Z"",""semantic_key"":""c80:openlogic:membership:OLP-0245""}"
urn:uuid:e52ae78c-d2d4-5da3-a53d-b7bdf5f5b4a1,course_unit_membership,"{""dataset_id"":""urn:uuid:fdfa2782-db96-5e60-bcb3-d206d78b960a"",""id"":""urn:uuid:e52ae78c-d2d4-5da3-a53d-b7bdf5f5b4a1"",""normalized_state"":""published"",""owner_authority_id"":""urn:uuid:ba324c09-ea3b-5b7d-a8de-40df0fcc5e83"",""owner_native_state"":""exact_closure_order"",""payload"":{""course_id"":""urn:uuid:f6271d1d-189b-5f77-a370-ee7d4edd3603"",""edition_id"":""urn:uuid:79e7c26f-be00-528c-9ca5-dbbdb85bf9b8"",""native_unit_id"":""OLP-0246"",""order_key"":""0246"",""ordinal"":246,""required"":null,""unit_id"":""urn:uuid:176839f0-b3d4-5b7d-b792-070c441f68d3"",""visible"":true},""record_type"":""course_unit_membership"",""recorded_at"":""2026-08-31T00:00:00Z"",""semantic_key"":""c80:openlogic:membership:OLP-0246""}"
urn:uuid:ec8471c7-2571-5325-8937-47615a0bcb06,course_unit_membership,"{""dataset_id"":""urn:uuid:fdfa2782-db96-5e60-bcb3-d206d78b960a"",""id"":""urn:uuid:ec8471c7-2571-5325-8937-47615a0bcb06"",""normalized_state"":""published"",""owner_authority_id"":""urn:uuid:ba324c09-ea3b-5b7d-a8de-40df0fcc5e83"",""owner_native_state"":""exact_closure_order"",""payload"":{""course_id"":""urn:uuid:f6271d1d-189b-5f77-a370-ee7d4edd3603"",""edition_id"":""urn:uuid:79e7c26f-be00-528c-9ca5-dbbdb85bf9b8"",""native_unit_id"":""OLP-0247"",""order_key"":""0247"",""ordinal"":247,""required"":null,""unit_id"":""urn:uuid:ac6b3c74-285f-51bf-a860-f3716ddf415a"",""visible"":true},""record_type"":""course_unit_membership"",""recorded_at"":""2026-08-31T00:00:00Z"",""semantic_key"":""c80:openlogic:membership:OLP-0247""}"
urn:uuid:45a1885f-3ce9-5796-b7a0-0830bcba8bbe,course_unit_membership,"{""dataset_id"":""urn:uuid:fdfa2782-db96-5e60-bcb3-d206d78b960a"",""id"":""urn:uuid:45a1885f-3ce9-5796-b7a0-0830bcba8bbe"",""normalized_state"":""published"",""owner_authority_id"":""urn:uuid:ba324c09-ea3b-5b7d-a8de-40df0fcc5e83"",""owner_native_state"":""exact_closure_order"",""payload"":{""course_id"":""urn:uuid:f6271d1d-189b-5f77-a370-ee7d4edd3603"",""edition_id"":""urn:uuid:79e7c26f-be00-528c-9ca5-dbbdb85bf9b8"",""native_unit_id"":""OLP-0248"",""order_key"":""0248"",""ordinal"":248,""required"":null,""unit_id"":""urn:uuid:8e278aa9-d23d-5509-bed0-7b1d4de8d7d2"",""visible"":true},""record_type"":""course_unit_membership"",""recorded_at"":""2026-08-31T00:00:00Z"",""semantic_key"":""c80:openlogic:membership:OLP-0248""}"
urn:uuid:fdeca73e-c9b9-5c36-8ee1-657ebe964667,course_unit_membership,"{""dataset_id"":""urn:uuid:fdfa2782-db96-5e60-bcb3-d206d78b960a"",""id"":""urn:uuid:fdeca73e-c9b9-5c36-8ee1-657ebe964667"",""normalized_state"":""published"",""owner_authority_id"":""urn:uuid:ba324c09-ea3b-5b7d-a8de-40df0fcc5e83"",""owner_native_state"":""exact_closure_order"",""payload"":{""course_id"":""urn:uuid:f6271d1d-189b-5f77-a370-ee7d4edd3603"",""edition_id"":""urn:uuid:79e7c26f-be00-528c-9ca5-dbbdb85bf9b8"",""native_unit_id"":""OLP-0249"",""order_key"":""0249"",""ordinal"":249,""required"":null,""unit_id"":""urn:uuid:3a75ed1a-4d2b-52fb-ba22-1714ba57f74c"",""visible"":true},""record_type"":""course_unit_membership"",""recorded_at"":""2026-08-31T00:00:00Z"",""semantic_key"":""c80:openlogic:membership:OLP-0249""}"
urn:uuid:e610723a-a97a-54f5-8bdb-2ee24e7a1bc9,course_unit_membership,"{""dataset_id"":""urn:uuid:fdfa2782-db96-5e60-bcb3-d206d78b960a"",""id"":""urn:uuid:e610723a-a97a-54f5-8bdb-2ee24e7a1bc9"",""normalized_state"":""published"",""owner_authority_id"":""urn:uuid:ba324c09-ea3b-5b7d-a8de-40df0fcc5e83"",""owner_native_state"":""exact_closure_order"",""payload"":{""course_id"":""urn:uuid:f6271d1d-189b-5f77-a370-ee7d4edd3603"",""edition_id"":""urn:uuid:79e7c26f-be00-528c-9ca5-dbbdb85bf9b8"",""native_unit_id"":""OLP-0250"",""order_key"":""0250"",""ordinal"":250,""required"":null,""unit_id"":""urn:uuid:da0ff77d-a036-594f-b82f-406f239fab7e"",""visible"":true},""record_type"":""course_unit_membership"",""recorded_at"":""2026-08-31T00:00:00Z"",""semantic_key"":""c80:openlogic:membership:OLP-0250""}"
urn:uuid:3639d250-7fa9-5f3a-85dc-de48e66f1117,course_unit_membership,"{""dataset_id"":""urn:uuid:fdfa2782-db96-5e60-bcb3-d206d78b960a"",""id"":""urn:uuid:3639d250-7fa9-5f3a-85dc-de48e66f1117"",""normalized_state"":""published"",""owner_authority_id"":""urn:uuid:ba324c09-ea3b-5b7d-a8de-40df0fcc5e83"",""owner_native_state"":""exact_closure_order"",""payload"":{""course_id"":""urn:uuid:f6271d1d-189b-5f77-a370-ee7d4edd3603"",""edition_id"":""urn:uuid:79e7c26f-be00-528c-9ca5-dbbdb85bf9b8"",""native_unit_id"":""OLP-0251"",""order_key"":""0251"",""ordinal"":251,""required"":null,""unit_id"":""urn:uuid:ef1d2e0a-e88b-59c6-a279-fcdfb19c0166"",""visible"":true},""record_type"":""course_unit_membership"",""recorded_at"":""2026-08-31T00:00:00Z"",""semantic_key"":""c80:openlogic:membership:OLP-0251""}"
urn:uuid:2d172188-9909-56e4-83e1-3a56e9b70075,course_unit_membership,"{""dataset_id"":""urn:uuid:fdfa2782-db96-5e60-bcb3-d206d78b960a"",""id"":""urn:uuid:2d172188-9909-56e4-83e1-3a56e9b70075"",""normalized_state"":""published"",""owner_authority_id"":""urn:uuid:ba324c09-ea3b-5b7d-a8de-40df0fcc5e83"",""owner_native_state"":""exact_closure_order"",""payload"":{""course_id"":""urn:uuid:f6271d1d-189b-5f77-a370-ee7d4edd3603"",""edition_id"":""urn:uuid:79e7c26f-be00-528c-9ca5-dbbdb85bf9b8"",""native_unit_id"":""OLP-0252"",""order_key"":""0252"",""ordinal"":252,""required"":null,""unit_id"":""urn:uuid:f3e0d344-30e0-593e-8c63-40cfbd01c3cf"",""visible"":true},""record_type"":""course_unit_membership"",""recorded_at"":""2026-08-31T00:00:00Z"",""semantic_key"":""c80:openlogic:membership:OLP-0252""}"
urn:uuid:99739769-5d4e-5ddd-a926-4908eed0cb5a,course_unit_membership,"{""dataset_id"":""urn:uuid:fdfa2782-db96-5e60-bcb3-d206d78b960a"",""id"":""urn:uuid:99739769-5d4e-5ddd-a926-4908eed0cb5a"",""normalized_state"":""published"",""owner_authority_id"":""urn:uuid:ba324c09-ea3b-5b7d-a8de-40df0fcc5e83"",""owner_native_state"":""exact_closure_order"",""payload"":{""course_id"":""urn:uuid:f6271d1d-189b-5f77-a370-ee7d4edd3603"",""edition_id"":""urn:uuid:79e7c26f-be00-528c-9ca5-dbbdb85bf9b8"",""native_unit_id"":""OLP-0253"",""order_key"":""0253"",""ordinal"":253,""required"":null,""unit_id"":""urn:uuid:c9017ba8-2f43-5c63-b771-8544da92cb55"",""visible"":true},""record_type"":""course_unit_membership"",""recorded_at"":""2026-08-31T00:00:00Z"",""semantic_key"":""c80:openlogic:membership:OLP-0253""}"
urn:uuid:7afb35be-4b2d-51d2-b4c3-396d3a9873ce,course_unit_membership,"{""dataset_id"":""urn:uuid:fdfa2782-db96-5e60-bcb3-d206d78b960a"",""id"":""urn:uuid:7afb35be-4b2d-51d2-b4c3-396d3a9873ce"",""normalized_state"":""published"",""owner_authority_id"":""urn:uuid:ba324c09-ea3b-5b7d-a8de-40df0fcc5e83"",""owner_native_state"":""exact_closure_order"",""payload"":{""course_id"":""urn:uuid:f6271d1d-189b-5f77-a370-ee7d4edd3603"",""edition_id"":""urn:uuid:79e7c26f-be00-528c-9ca5-dbbdb85bf9b8"",""native_unit_id"":""OLP-0254"",""order_key"":""0254"",""ordinal"":254,""required"":null,""unit_id"":""urn:uuid:1558ad35-bb6b-5f6c-bf06-3431c32958e1"",""visible"":true},""record_type"":""course_unit_membership"",""recorded_at"":""2026-08-31T00:00:00Z"",""semantic_key"":""c80:openlogic:membership:OLP-0254""}"
urn:uuid:5d5d6815-7a36-545c-b910-4e20a6803c96,course_unit_membership,"{""dataset_id"":""urn:uuid:fdfa2782-db96-5e60-bcb3-d206d78b960a"",""id"":""urn:uuid:5d5d6815-7a36-545c-b910-4e20a6803c96"",""normalized_state"":""published"",""owner_authority_id"":""urn:uuid:ba324c09-ea3b-5b7d-a8de-40df0fcc5e83"",""owner_native_state"":""exact_closure_order"",""payload"":{""course_id"":""urn:uuid:f6271d1d-189b-5f77-a370-ee7d4edd3603"",""edition_id"":""urn:uuid:79e7c26f-be00-528c-9ca5-dbbdb85bf9b8"",""native_unit_id"":""OLP-0255"",""order_key"":""0255"",""ordinal"":255,""required"":null,""unit_id"":""urn:uuid:b7802c4b-3052-51c2-b24a-ae84fb9bba85"",""visible"":true},""record_type"":""course_unit_membership"",""recorded_at"":""2026-08-31T00:00:00Z"",""semantic_key"":""c80:openlogic:membership:OLP-0255""}"
urn:uuid:2640e787-b6fa-5be2-bf56-f83dc288d9b6,course_unit_membership,"{""dataset_id"":""urn:uuid:fdfa2782-db96-5e60-bcb3-d206d78b960a"",""id"":""urn:uuid:2640e787-b6fa-5be2-bf56-f83dc288d9b6"",""normalized_state"":""published"",""owner_authority_id"":""urn:uuid:ba324c09-ea3b-5b7d-a8de-40df0fcc5e83"",""owner_native_state"":""exact_closure_order"",""payload"":{""course_id"":""urn:uuid:f6271d1d-189b-5f77-a370-ee7d4edd3603"",""edition_id"":""urn:uuid:79e7c26f-be00-528c-9ca5-dbbdb85bf9b8"",""native_unit_id"":""OLP-0256"",""order_key"":""0256"",""ordinal"":256,""required"":null,""unit_id"":""urn:uuid:59bdeeee-de63-58bd-9801-bb6a8ba8f377"",""visible"":true},""record_type"":""course_unit_membership"",""recorded_at"":""2026-08-31T00:00:00Z"",""semantic_key"":""c80:openlogic:membership:OLP-0256""}"
urn:uuid:bb261372-14c9-563b-9721-56add290d7dc,course_unit_membership,"{""dataset_id"":""urn:uuid:fdfa2782-db96-5e60-bcb3-d206d78b960a"",""id"":""urn:uuid:bb261372-14c9-563b-9721-56add290d7dc"",""normalized_state"":""published"",""owner_authority_id"":""urn:uuid:ba324c09-ea3b-5b7d-a8de-40df0fcc5e83"",""owner_native_state"":""exact_closure_order"",""payload"":{""course_id"":""urn:uuid:f6271d1d-189b-5f77-a370-ee7d4edd3603"",""edition_id"":""urn:uuid:79e7c26f-be00-528c-9ca5-dbbdb85bf9b8"",""native_unit_id"":""OLP-0257"",""order_key"":""0257"",""ordinal"":257,""required"":null,""unit_id"":""urn:uuid:f1223c27-8364-52a9-b458-e9b2081c0555"",""visible"":true},""record_type"":""course_unit_membership"",""recorded_at"":""2026-08-31T00:00:00Z"",""semantic_key"":""c80:openlogic:membership:OLP-0257""}"
urn:uuid:b1d94135-c1fd-5c4e-9f9e-06c156e783a2,course_unit_membership,"{""dataset_id"":""urn:uuid:fdfa2782-db96-5e60-bcb3-d206d78b960a"",""id"":""urn:uuid:b1d94135-c1fd-5c4e-9f9e-06c156e783a2"",""normalized_state"":""published"",""owner_authority_id"":""urn:uuid:ba324c09-ea3b-5b7d-a8de-40df0fcc5e83"",""owner_native_state"":""exact_closure_order"",""payload"":{""course_id"":""urn:uuid:f6271d1d-189b-5f77-a370-ee7d4edd3603"",""edition_id"":""urn:uuid:79e7c26f-be00-528c-9ca5-dbbdb85bf9b8"",""native_unit_id"":""OLP-0258"",""order_key"":""0258"",""ordinal"":258,""required"":null,""unit_id"":""urn:uuid:c3713c3b-1d98-56c7-9b8c-96bb4034ee85"",""visible"":true},""record_type"":""course_unit_membership"",""recorded_at"":""2026-08-31T00:00:00Z"",""semantic_key"":""c80:openlogic:membership:OLP-0258""}"
urn:uuid:95122bd2-d247-5948-9fcb-f2cec73fe8d7,course_unit_membership,"{""dataset_id"":""urn:uuid:fdfa2782-db96-5e60-bcb3-d206d78b960a"",""id"":""urn:uuid:95122bd2-d247-5948-9fcb-f2cec73fe8d7"",""normalized_state"":""published"",""owner_authority_id"":""urn:uuid:ba324c09-ea3b-5b7d-a8de-40df0fcc5e83"",""owner_native_state"":""exact_closure_order"",""payload"":{""course_id"":""urn:uuid:f6271d1d-189b-5f77-a370-ee7d4edd3603"",""edition_id"":""urn:uuid:79e7c26f-be00-528c-9ca5-dbbdb85bf9b8"",""native_unit_id"":""OLP-0259"",""order_key"":""0259"",""ordinal"":259,""required"":null,""unit_id"":""urn:uuid:1a00ab9b-f110-58d9-887d-7aa9edbcc984"",""visible"":true},""record_type"":""course_unit_membership"",""recorded_at"":""2026-08-31T00:00:00Z"",""semantic_key"":""c80:openlogic:membership:OLP-0259""}"
urn:uuid:8d47898d-41e0-54fc-881a-11f40b34886e,course_unit_membership,"{""dataset_id"":""urn:uuid:fdfa2782-db96-5e60-bcb3-d206d78b960a"",""id"":""urn:uuid:8d47898d-41e0-54fc-881a-11f40b34886e"",""normalized_state"":""published"",""owner_authority_id"":""urn:uuid:ba324c09-ea3b-5b7d-a8de-40df0fcc5e83"",""owner_native_state"":""exact_closure_order"",""payload"":{""course_id"":""urn:uuid:f6271d1d-189b-5f77-a370-ee7d4edd3603"",""edition_id"":""urn:uuid:79e7c26f-be00-528c-9ca5-dbbdb85bf9b8"",""native_unit_id"":""OLP-0260"",""order_key"":""0260"",""ordinal"":260,""required"":null,""unit_id"":""urn:uuid:e476c269-c417-5aa7-abee-720bcedc3eb0"",""visible"":true},""record_type"":""course_unit_membership"",""recorded_at"":""2026-08-31T00:00:00Z"",""semantic_key"":""c80:openlogic:membership:OLP-0260""}"
urn:uuid:9ec3e9bb-6306-5011-bcec-33e5b6e09a72,course_unit_membership,"{""dataset_id"":""urn:uuid:fdfa2782-db96-5e60-bcb3-d206d78b960a"",""id"":""urn:uuid:9ec3e9bb-6306-5011-bcec-33e5b6e09a72"",""normalized_state"":""published"",""owner_authority_id"":""urn:uuid:ba324c09-ea3b-5b7d-a8de-40df0fcc5e83"",""owner_native_state"":""exact_closure_order"",""payload"":{""course_id"":""urn:uuid:f6271d1d-189b-5f77-a370-ee7d4edd3603"",""edition_id"":""urn:uuid:79e7c26f-be00-528c-9ca5-dbbdb85bf9b8"",""native_unit_id"":""OLP-0261"",""order_key"":""0261"",""ordinal"":261,""required"":null,""unit_id"":""urn:uuid:5b8b6630-5d1f-5158-9812-1072b9c1f2a1"",""visible"":true},""record_type"":""course_unit_membership"",""recorded_at"":""2026-08-31T00:00:00Z"",""semantic_key"":""c80:openlogic:membership:OLP-0261""}"
urn:uuid:a33e9978-411f-55bb-9c61-cc9ef9345254,course_unit_membership,"{""dataset_id"":""urn:uuid:fdfa2782-db96-5e60-bcb3-d206d78b960a"",""id"":""urn:uuid:a33e9978-411f-55bb-9c61-cc9ef9345254"",""normalized_state"":""published"",""owner_authority_id"":""urn:uuid:ba324c09-ea3b-5b7d-a8de-40df0fcc5e83"",""owner_native_state"":""exact_closure_order"",""payload"":{""course_id"":""urn:uuid:f6271d1d-189b-5f77-a370-ee7d4edd3603"",""edition_id"":""urn:uuid:79e7c26f-be00-528c-9ca5-dbbdb85bf9b8"",""native_unit_id"":""OLP-0262"",""order_key"":""0262"",""ordinal"":262,""required"":null,""unit_id"":""urn:uuid:f44cd64c-5cae-572d-ae1b-9c8666fe1e17"",""visible"":true},""record_type"":""course_unit_membership"",""recorded_at"":""2026-08-31T00:00:00Z"",""semantic_key"":""c80:openlogic:membership:OLP-0262""}"
urn:uuid:73697f56-5249-5554-ab0b-3ccd063cf2c1,course_unit_membership,"{""dataset_id"":""urn:uuid:fdfa2782-db96-5e60-bcb3-d206d78b960a"",""id"":""urn:uuid:73697f56-5249-5554-ab0b-3ccd063cf2c1"",""normalized_state"":""published"",""owner_authority_id"":""urn:uuid:ba324c09-ea3b-5b7d-a8de-40df0fcc5e83"",""owner_native_state"":""exact_closure_order"",""payload"":{""course_id"":""urn:uuid:f6271d1d-189b-5f77-a370-ee7d4edd3603"",""edition_id"":""urn:uuid:79e7c26f-be00-528c-9ca5-dbbdb85bf9b8"",""native_unit_id"":""OLP-0263"",""order_key"":""0263"",""ordinal"":263,""required"":null,""unit_id"":""urn:uuid:1310e1ca-925a-5018-85ee-afe5a4076064"",""visible"":true},""record_type"":""course_unit_membership"",""recorded_at"":""2026-08-31T00:00:00Z"",""semantic_key"":""c80:openlogic:membership:OLP-0263""}"
urn:uuid:441c9ac2-1ef8-5893-9494-456264b0f41f,course_unit_membership,"{""dataset_id"":""urn:uuid:fdfa2782-db96-5e60-bcb3-d206d78b960a"",""id"":""urn:uuid:441c9ac2-1ef8-5893-9494-456264b0f41f"",""normalized_state"":""published"",""owner_authority_id"":""urn:uuid:ba324c09-ea3b-5b7d-a8de-40df0fcc5e83"",""owner_native_state"":""exact_closure_order"",""payload"":{""course_id"":""urn:uuid:f6271d1d-189b-5f77-a370-ee7d4edd3603"",""edition_id"":""urn:uuid:79e7c26f-be00-528c-9ca5-dbbdb85bf9b8"",""native_unit_id"":""OLP-0264"",""order_key"":""0264"",""ordinal"":264,""required"":null,""unit_id"":""urn:uuid:b1a182b2-ecdb-5b10-b6d8-1829b254cab0"",""visible"":true},""record_type"":""course_unit_membership"",""recorded_at"":""2026-08-31T00:00:00Z"",""semantic_key"":""c80:openlogic:membership:OLP-0264""}"
urn:uuid:b66aa6ba-5c46-51f3-8e8d-35467e9d714c,course_unit_membership,"{""dataset_id"":""urn:uuid:fdfa2782-db96-5e60-bcb3-d206d78b960a"",""id"":""urn:uuid:b66aa6ba-5c46-51f3-8e8d-35467e9d714c"",""normalized_state"":""published"",""owner_authority_id"":""urn:uuid:ba324c09-ea3b-5b7d-a8de-40df0fcc5e83"",""owner_native_state"":""exact_closure_order"",""payload"":{""course_id"":""urn:uuid:f6271d1d-189b-5f77-a370-ee7d4edd3603"",""edition_id"":""urn:uuid:79e7c26f-be00-528c-9ca5-dbbdb85bf9b8"",""native_unit_id"":""OLP-0265"",""order_key"":""0265"",""ordinal"":265,""required"":null,""unit_id"":""urn:uuid:da8285ac-9cba-5549-a561-3c11931bae7b"",""visible"":true},""record_type"":""course_unit_membership"",""recorded_at"":""2026-08-31T00:00:00Z"",""semantic_key"":""c80:openlogic:membership:OLP-0265""}"
urn:uuid:a3f2d49d-eba5-503c-807d-2a43c92ca582,course_unit_membership,"{""dataset_id"":""urn:uuid:fdfa2782-db96-5e60-bcb3-d206d78b960a"",""id"":""urn:uuid:a3f2d49d-eba5-503c-807d-2a43c92ca582"",""normalized_state"":""published"",""owner_authority_id"":""urn:uuid:ba324c09-ea3b-5b7d-a8de-40df0fcc5e83"",""owner_native_state"":""exact_closure_order"",""payload"":{""course_id"":""urn:uuid:f6271d1d-189b-5f77-a370-ee7d4edd3603"",""edition_id"":""urn:uuid:79e7c26f-be00-528c-9ca5-dbbdb85bf9b8"",""native_unit_id"":""OLP-0266"",""order_key"":""0266"",""ordinal"":266,""required"":null,""unit_id"":""urn:uuid:4140ebb5-b3b8-5980-9aac-d6c8e7910055"",""visible"":true},""record_type"":""course_unit_membership"",""recorded_at"":""2026-08-31T00:00:00Z"",""semantic_key"":""c80:openlogic:membership:OLP-0266""}"
urn:uuid:00c87412-fbb6-53e7-8506-86c8d422717e,course_unit_membership,"{""dataset_id"":""urn:uuid:fdfa2782-db96-5e60-bcb3-d206d78b960a"",""id"":""urn:uuid:00c87412-fbb6-53e7-8506-86c8d422717e"",""normalized_state"":""published"",""owner_authority_id"":""urn:uuid:ba324c09-ea3b-5b7d-a8de-40df0fcc5e83"",""owner_native_state"":""exact_closure_order"",""payload"":{""course_id"":""urn:uuid:f6271d1d-189b-5f77-a370-ee7d4edd3603"",""edition_id"":""urn:uuid:79e7c26f-be00-528c-9ca5-dbbdb85bf9b8"",""native_unit_id"":""OLP-0267"",""order_key"":""0267"",""ordinal"":267,""required"":null,""unit_id"":""urn:uuid:084acfee-ca97-550d-b3fe-1c0518bf1b06"",""visible"":true},""record_type"":""course_unit_membership"",""recorded_at"":""2026-08-31T00:00:00Z"",""semantic_key"":""c80:openlogic:membership:OLP-0267""}"
urn:uuid:f94edb50-549d-5a6c-a4ee-49496f6a2213,course_unit_membership,"{""dataset_id"":""urn:uuid:fdfa2782-db96-5e60-bcb3-d206d78b960a"",""id"":""urn:uuid:f94edb50-549d-5a6c-a4ee-49496f6a2213"",""normalized_state"":""published"",""owner_authority_id"":""urn:uuid:ba324c09-ea3b-5b7d-a8de-40df0fcc5e83"",""owner_native_state"":""exact_closure_order"",""payload"":{""course_id"":""urn:uuid:f6271d1d-189b-5f77-a370-ee7d4edd3603"",""edition_id"":""urn:uuid:79e7c26f-be00-528c-9ca5-dbbdb85bf9b8"",""native_unit_id"":""OLP-0268"",""order_key"":""0268"",""ordinal"":268,""required"":null,""unit_id"":""urn:uuid:ccec1806-2ef0-5285-82b8-be0668474fa2"",""visible"":true},""record_type"":""course_unit_membership"",""recorded_at"":""2026-08-31T00:00:00Z"",""semantic_key"":""c80:openlogic:membership:OLP-0268""}"
urn:uuid:e1306f64-536a-5afa-84fd-83112d5bb4dd,course_unit_membership,"{""dataset_id"":""urn:uuid:fdfa2782-db96-5e60-bcb3-d206d78b960a"",""id"":""urn:uuid:e1306f64-536a-5afa-84fd-83112d5bb4dd"",""normalized_state"":""published"",""owner_authority_id"":""urn:uuid:ba324c09-ea3b-5b7d-a8de-40df0fcc5e83"",""owner_native_state"":""exact_closure_order"",""payload"":{""course_id"":""urn:uuid:f6271d1d-189b-5f77-a370-ee7d4edd3603"",""edition_id"":""urn:uuid:79e7c26f-be00-528c-9ca5-dbbdb85bf9b8"",""native_unit_id"":""OLP-0269"",""order_key"":""0269"",""ordinal"":269,""required"":null,""unit_id"":""urn:uuid:65863f12-4767-55ea-8a7b-8468cd42ff39"",""visible"":true},""record_type"":""course_unit_membership"",""recorded_at"":""2026-08-31T00:00:00Z"",""semantic_key"":""c80:openlogic:membership:OLP-0269""}"
urn:uuid:07bd706c-f5df-5a73-a66c-ea158191733f,course_unit_membership,"{""dataset_id"":""urn:uuid:fdfa2782-db96-5e60-bcb3-d206d78b960a"",""id"":""urn:uuid:07bd706c-f5df-5a73-a66c-ea158191733f"",""normalized_state"":""published"",""owner_authority_id"":""urn:uuid:ba324c09-ea3b-5b7d-a8de-40df0fcc5e83"",""owner_native_state"":""exact_closure_order"",""payload"":{""course_id"":""urn:uuid:f6271d1d-189b-5f77-a370-ee7d4edd3603"",""edition_id"":""urn:uuid:79e7c26f-be00-528c-9ca5-dbbdb85bf9b8"",""native_unit_id"":""OLP-0270"",""order_key"":""0270"",""ordinal"":270,""required"":null,""unit_id"":""urn:uuid:387f6337-f695-5cc0-b491-03fd95946e9e"",""visible"":true},""record_type"":""course_unit_membership"",""recorded_at"":""2026-08-31T00:00:00Z"",""semantic_key"":""c80:openlogic:membership:OLP-0270""}"
urn:uuid:9a2836e9-7867-5951-b75f-b867053a8589,course_unit_membership,"{""dataset_id"":""urn:uuid:fdfa2782-db96-5e60-bcb3-d206d78b960a"",""id"":""urn:uuid:9a2836e9-7867-5951-b75f-b867053a8589"",""normalized_state"":""published"",""owner_authority_id"":""urn:uuid:ba324c09-ea3b-5b7d-a8de-40df0fcc5e83"",""owner_native_state"":""exact_closure_order"",""payload"":{""course_id"":""urn:uuid:f6271d1d-189b-5f77-a370-ee7d4edd3603"",""edition_id"":""urn:uuid:79e7c26f-be00-528c-9ca5-dbbdb85bf9b8"",""native_unit_id"":""OLP-0271"",""order_key"":""0271"",""ordinal"":271,""required"":null,""unit_id"":""urn:uuid:ed98444f-f739-5673-ae07-5afc07571e1e"",""visible"":true},""record_type"":""course_unit_membership"",""recorded_at"":""2026-08-31T00:00:00Z"",""semantic_key"":""c80:openlogic:membership:OLP-0271""}"
urn:uuid:427e667c-bf5b-5a44-9d8d-9f2ae39cc230,course_unit_membership,"{""dataset_id"":""urn:uuid:fdfa2782-db96-5e60-bcb3-d206d78b960a"",""id"":""urn:uuid:427e667c-bf5b-5a44-9d8d-9f2ae39cc230"",""normalized_state"":""published"",""owner_authority_id"":""urn:uuid:ba324c09-ea3b-5b7d-a8de-40df0fcc5e83"",""owner_native_state"":""exact_closure_order"",""payload"":{""course_id"":""urn:uuid:f6271d1d-189b-5f77-a370-ee7d4edd3603"",""edition_id"":""urn:uuid:79e7c26f-be00-528c-9ca5-dbbdb85bf9b8"",""native_unit_id"":""OLP-0272"",""order_key"":""0272"",""ordinal"":272,""required"":null,""unit_id"":""urn:uuid:83b6643d-22f1-5ba0-bbde-eafa9ff7d277"",""visible"":true},""record_type"":""course_unit_membership"",""recorded_at"":""2026-08-31T00:00:00Z"",""semantic_key"":""c80:openlogic:membership:OLP-0272""}"
urn:uuid:5249cca8-bbbd-551f-b521-186fc11e8028,course_unit_membership,"{""dataset_id"":""urn:uuid:fdfa2782-db96-5e60-bcb3-d206d78b960a"",""id"":""urn:uuid:5249cca8-bbbd-551f-b521-186fc11e8028"",""normalized_state"":""published"",""owner_authority_id"":""urn:uuid:ba324c09-ea3b-5b7d-a8de-40df0fcc5e83"",""owner_native_state"":""exact_closure_order"",""payload"":{""course_id"":""urn:uuid:f6271d1d-189b-5f77-a370-ee7d4edd3603"",""edition_id"":""urn:uuid:79e7c26f-be00-528c-9ca5-dbbdb85bf9b8"",""native_unit_id"":""OLP-0273"",""order_key"":""0273"",""ordinal"":273,""required"":null,""unit_id"":""urn:uuid:9d99af7e-c419-578e-9ec8-11e999506483"",""visible"":true},""record_type"":""course_unit_membership"",""recorded_at"":""2026-08-31T00:00:00Z"",""semantic_key"":""c80:openlogic:membership:OLP-0273""}"
urn:uuid:c86d04bb-6841-508d-97fc-0c1c5be2101e,course_unit_membership,"{""dataset_id"":""urn:uuid:fdfa2782-db96-5e60-bcb3-d206d78b960a"",""id"":""urn:uuid:c86d04bb-6841-508d-97fc-0c1c5be2101e"",""normalized_state"":""published"",""owner_authority_id"":""urn:uuid:ba324c09-ea3b-5b7d-a8de-40df0fcc5e83"",""owner_native_state"":""exact_closure_order"",""payload"":{""course_id"":""urn:uuid:f6271d1d-189b-5f77-a370-ee7d4edd3603"",""edition_id"":""urn:uuid:79e7c26f-be00-528c-9ca5-dbbdb85bf9b8"",""native_unit_id"":""OLP-0274"",""order_key"":""0274"",""ordinal"":274,""required"":null,""unit_id"":""urn:uuid:9bec3a00-8e05-5776-8500-8c702d12443c"",""visible"":true},""record_type"":""course_unit_membership"",""recorded_at"":""2026-08-31T00:00:00Z"",""semantic_key"":""c80:openlogic:membership:OLP-0274""}"
urn:uuid:333f01df-1eb0-5888-9688-00c541dc6a8e,course_unit_membership,"{""dataset_id"":""urn:uuid:fdfa2782-db96-5e60-bcb3-d206d78b960a"",""id"":""urn:uuid:333f01df-1eb0-5888-9688-00c541dc6a8e"",""normalized_state"":""published"",""owner_authority_id"":""urn:uuid:ba324c09-ea3b-5b7d-a8de-40df0fcc5e83"",""owner_native_state"":""exact_closure_order"",""payload"":{""course_id"":""urn:uuid:f6271d1d-189b-5f77-a370-ee7d4edd3603"",""edition_id"":""urn:uuid:79e7c26f-be00-528c-9ca5-dbbdb85bf9b8"",""native_unit_id"":""OLP-0275"",""order_key"":""0275"",""ordinal"":275,""required"":null,""unit_id"":""urn:uuid:59b209df-1724-519d-8444-1b23f2873adf"",""visible"":true},""record_type"":""course_unit_membership"",""recorded_at"":""2026-08-31T00:00:00Z"",""semantic_key"":""c80:openlogic:membership:OLP-0275""}"
urn:uuid:c6170942-d1d9-5904-91ec-aec2a916d07d,course_unit_membership,"{""dataset_id"":""urn:uuid:fdfa2782-db96-5e60-bcb3-d206d78b960a"",""id"":""urn:uuid:c6170942-d1d9-5904-91ec-aec2a916d07d"",""normalized_state"":""published"",""owner_authority_id"":""urn:uuid:ba324c09-ea3b-5b7d-a8de-40df0fcc5e83"",""owner_native_state"":""exact_closure_order"",""payload"":{""course_id"":""urn:uuid:f6271d1d-189b-5f77-a370-ee7d4edd3603"",""edition_id"":""urn:uuid:79e7c26f-be00-528c-9ca5-dbbdb85bf9b8"",""native_unit_id"":""OLP-0276"",""order_key"":""0276"",""ordinal"":276,""required"":null,""unit_id"":""urn:uuid:de5fed11-cb50-565f-bbde-f1f782672b74"",""visible"":true},""record_type"":""course_unit_membership"",""recorded_at"":""2026-08-31T00:00:00Z"",""semantic_key"":""c80:openlogic:membership:OLP-0276""}"
urn:uuid:8f746a61-2a35-5ff6-8cf3-13e351c8f251,course_unit_membership,"{""dataset_id"":""urn:uuid:fdfa2782-db96-5e60-bcb3-d206d78b960a"",""id"":""urn:uuid:8f746a61-2a35-5ff6-8cf3-13e351c8f251"",""normalized_state"":""published"",""owner_authority_id"":""urn:uuid:ba324c09-ea3b-5b7d-a8de-40df0fcc5e83"",""owner_native_state"":""exact_closure_order"",""payload"":{""course_id"":""urn:uuid:f6271d1d-189b-5f77-a370-ee7d4edd3603"",""edition_id"":""urn:uuid:79e7c26f-be00-528c-9ca5-dbbdb85bf9b8"",""native_unit_id"":""OLP-0277"",""order_key"":""0277"",""ordinal"":277,""required"":null,""unit_id"":""urn:uuid:83e0bc5b-d183-5dd6-8cd7-52310459f1ed"",""visible"":true},""record_type"":""course_unit_membership"",""recorded_at"":""2026-08-31T00:00:00Z"",""semantic_key"":""c80:openlogic:membership:OLP-0277""}"
urn:uuid:6318d2d4-4647-59b8-89b1-142585b500f8,course_unit_membership,"{""dataset_id"":""urn:uuid:fdfa2782-db96-5e60-bcb3-d206d78b960a"",""id"":""urn:uuid:6318d2d4-4647-59b8-89b1-142585b500f8"",""normalized_state"":""published"",""owner_authority_id"":""urn:uuid:ba324c09-ea3b-5b7d-a8de-40df0fcc5e83"",""owner_native_state"":""exact_closure_order"",""payload"":{""course_id"":""urn:uuid:f6271d1d-189b-5f77-a370-ee7d4edd3603"",""edition_id"":""urn:uuid:79e7c26f-be00-528c-9ca5-dbbdb85bf9b8"",""native_unit_id"":""OLP-0278"",""order_key"":""0278"",""ordinal"":278,""required"":null,""unit_id"":""urn:uuid:2d0b444f-f39a-5e07-a7a5-f9fbcf54b57e"",""visible"":true},""record_type"":""course_unit_membership"",""recorded_at"":""2026-08-31T00:00:00Z"",""semantic_key"":""c80:openlogic:membership:OLP-0278""}"
urn:uuid:a6a8f290-27db-5007-b812-60db3e6f7169,course_unit_membership,"{""dataset_id"":""urn:uuid:fdfa2782-db96-5e60-bcb3-d206d78b960a"",""id"":""urn:uuid:a6a8f290-27db-5007-b812-60db3e6f7169"",""normalized_state"":""published"",""owner_authority_id"":""urn:uuid:ba324c09-ea3b-5b7d-a8de-40df0fcc5e83"",""owner_native_state"":""exact_closure_order"",""payload"":{""course_id"":""urn:uuid:f6271d1d-189b-5f77-a370-ee7d4edd3603"",""edition_id"":""urn:uuid:79e7c26f-be00-528c-9ca5-dbbdb85bf9b8"",""native_unit_id"":""OLP-0279"",""order_key"":""0279"",""ordinal"":279,""required"":null,""unit_id"":""urn:uuid:3a13288a-f595-552b-8254-00b263b96160"",""visible"":true},""record_type"":""course_unit_membership"",""recorded_at"":""2026-08-31T00:00:00Z"",""semantic_key"":""c80:openlogic:membership:OLP-0279""}"
urn:uuid:4d18f80c-3b17-5ec7-a611-f8692e9febce,course_unit_membership,"{""dataset_id"":""urn:uuid:fdfa2782-db96-5e60-bcb3-d206d78b960a"",""id"":""urn:uuid:4d18f80c-3b17-5ec7-a611-f8692e9febce"",""normalized_state"":""published"",""owner_authority_id"":""urn:uuid:ba324c09-ea3b-5b7d-a8de-40df0fcc5e83"",""owner_native_state"":""exact_closure_order"",""payload"":{""course_id"":""urn:uuid:f6271d1d-189b-5f77-a370-ee7d4edd3603"",""edition_id"":""urn:uuid:79e7c26f-be00-528c-9ca5-dbbdb85bf9b8"",""native_unit_id"":""OLP-0280"",""order_key"":""0280"",""ordinal"":280,""required"":null,""unit_id"":""urn:uuid:b87993a5-d0f4-5c34-8b90-c4e594e1d46c"",""visible"":true},""record_type"":""course_unit_membership"",""recorded_at"":""2026-08-31T00:00:00Z"",""semantic_key"":""c80:openlogic:membership:OLP-0280""}"
urn:uuid:87905496-018f-562a-8207-6255f4707cc4,course_unit_membership,"{""dataset_id"":""urn:uuid:fdfa2782-db96-5e60-bcb3-d206d78b960a"",""id"":""urn:uuid:87905496-018f-562a-8207-6255f4707cc4"",""normalized_state"":""published"",""owner_authority_id"":""urn:uuid:ba324c09-ea3b-5b7d-a8de-40df0fcc5e83"",""owner_native_state"":""exact_closure_order"",""payload"":{""course_id"":""urn:uuid:f6271d1d-189b-5f77-a370-ee7d4edd3603"",""edition_id"":""urn:uuid:79e7c26f-be00-528c-9ca5-dbbdb85bf9b8"",""native_unit_id"":""OLP-0281"",""order_key"":""0281"",""ordinal"":281,""required"":null,""unit_id"":""urn:uuid:c7739efb-5145-557a-a32b-b6f109c65db2"",""visible"":true},""record_type"":""course_unit_membership"",""recorded_at"":""2026-08-31T00:00:00Z"",""semantic_key"":""c80:openlogic:membership:OLP-0281""}"
urn:uuid:68c76e15-f576-5ae0-b6b4-b9f98abc2204,course_unit_membership,"{""dataset_id"":""urn:uuid:fdfa2782-db96-5e60-bcb3-d206d78b960a"",""id"":""urn:uuid:68c76e15-f576-5ae0-b6b4-b9f98abc2204"",""normalized_state"":""published"",""owner_authority_id"":""urn:uuid:ba324c09-ea3b-5b7d-a8de-40df0fcc5e83"",""owner_native_state"":""exact_closure_order"",""payload"":{""course_id"":""urn:uuid:f6271d1d-189b-5f77-a370-ee7d4edd3603"",""edition_id"":""urn:uuid:79e7c26f-be00-528c-9ca5-dbbdb85bf9b8"",""native_unit_id"":""OLP-0282"",""order_key"":""0282"",""ordinal"":282,""required"":null,""unit_id"":""urn:uuid:cbb155ef-a391-5f6a-86a9-e5b48b82b468"",""visible"":true},""record_type"":""course_unit_membership"",""recorded_at"":""2026-08-31T00:00:00Z"",""semantic_key"":""c80:openlogic:membership:OLP-0282""}"
urn:uuid:40fa099b-728f-5330-836b-1511f8d6e105,course_unit_membership,"{""dataset_id"":""urn:uuid:fdfa2782-db96-5e60-bcb3-d206d78b960a"",""id"":""urn:uuid:40fa099b-728f-5330-836b-1511f8d6e105"",""normalized_state"":""published"",""owner_authority_id"":""urn:uuid:ba324c09-ea3b-5b7d-a8de-40df0fcc5e83"",""owner_native_state"":""exact_closure_order"",""payload"":{""course_id"":""urn:uuid:f6271d1d-189b-5f77-a370-ee7d4edd3603"",""edition_id"":""urn:uuid:79e7c26f-be00-528c-9ca5-dbbdb85bf9b8"",""native_unit_id"":""OLP-0283"",""order_key"":""0283"",""ordinal"":283,""required"":null,""unit_id"":""urn:uuid:0392457a-ead4-5db2-8fa6-af8264f5d89b"",""visible"":true},""record_type"":""course_unit_membership"",""recorded_at"":""2026-08-31T00:00:00Z"",""semantic_key"":""c80:openlogic:membership:OLP-0283""}"
urn:uuid:9aff0b3f-52c9-5c4b-b358-8ecba42da9b7,course_unit_membership,"{""dataset_id"":""urn:uuid:fdfa2782-db96-5e60-bcb3-d206d78b960a"",""id"":""urn:uuid:9aff0b3f-52c9-5c4b-b358-8ecba42da9b7"",""normalized_state"":""published"",""owner_authority_id"":""urn:uuid:ba324c09-ea3b-5b7d-a8de-40df0fcc5e83"",""owner_native_state"":""exact_closure_order"",""payload"":{""course_id"":""urn:uuid:f6271d1d-189b-5f77-a370-ee7d4edd3603"",""edition_id"":""urn:uuid:79e7c26f-be00-528c-9ca5-dbbdb85bf9b8"",""native_unit_id"":""OLP-0284"",""order_key"":""0284"",""ordinal"":284,""required"":null,""unit_id"":""urn:uuid:c23affe3-e739-5860-8329-7d6ab1eabe09"",""visible"":true},""record_type"":""course_unit_membership"",""recorded_at"":""2026-08-31T00:00:00Z"",""semantic_key"":""c80:openlogic:membership:OLP-0284""}"
urn:uuid:bd63f142-f583-5c00-90b8-92fcd469cc56,course_unit_membership,"{""dataset_id"":""urn:uuid:fdfa2782-db96-5e60-bcb3-d206d78b960a"",""id"":""urn:uuid:bd63f142-f583-5c00-90b8-92fcd469cc56"",""normalized_state"":""published"",""owner_authority_id"":""urn:uuid:ba324c09-ea3b-5b7d-a8de-40df0fcc5e83"",""owner_native_state"":""exact_closure_order"",""payload"":{""course_id"":""urn:uuid:f6271d1d-189b-5f77-a370-ee7d4edd3603"",""edition_id"":""urn:uuid:79e7c26f-be00-528c-9ca5-dbbdb85bf9b8"",""native_unit_id"":""OLP-0285"",""order_key"":""0285"",""ordinal"":285,""required"":null,""unit_id"":""urn:uuid:8a9eea5b-0ee9-542b-afc5-2d0bc2416283"",""visible"":true},""record_type"":""course_unit_membership"",""recorded_at"":""2026-08-31T00:00:00Z"",""semantic_key"":""c80:openlogic:membership:OLP-0285""}"
urn:uuid:50dda481-c204-5b66-a58f-11f7ca914bf0,course_unit_membership,"{""dataset_id"":""urn:uuid:fdfa2782-db96-5e60-bcb3-d206d78b960a"",""id"":""urn:uuid:50dda481-c204-5b66-a58f-11f7ca914bf0"",""normalized_state"":""published"",""owner_authority_id"":""urn:uuid:ba324c09-ea3b-5b7d-a8de-40df0fcc5e83"",""owner_native_state"":""exact_closure_order"",""payload"":{""course_id"":""urn:uuid:f6271d1d-189b-5f77-a370-ee7d4edd3603"",""edition_id"":""urn:uuid:79e7c26f-be00-528c-9ca5-dbbdb85bf9b8"",""native_unit_id"":""OLP-0286"",""order_key"":""0286"",""ordinal"":286,""required"":null,""unit_id"":""urn:uuid:45579417-d4e0-57a3-b447-1d7c069f5c64"",""visible"":true},""record_type"":""course_unit_membership"",""recorded_at"":""2026-08-31T00:00:00Z"",""semantic_key"":""c80:openlogic:membership:OLP-0286""}"
urn:uuid:d64aa3fa-ef7d-5891-9f95-f485f47ae702,course_unit_membership,"{""dataset_id"":""urn:uuid:fdfa2782-db96-5e60-bcb3-d206d78b960a"",""id"":""urn:uuid:d64aa3fa-ef7d-5891-9f95-f485f47ae702"",""normalized_state"":""published"",""owner_authority_id"":""urn:uuid:ba324c09-ea3b-5b7d-a8de-40df0fcc5e83"",""owner_native_state"":""exact_closure_order"",""payload"":{""course_id"":""urn:uuid:f6271d1d-189b-5f77-a370-ee7d4edd3603"",""edition_id"":""urn:uuid:79e7c26f-be00-528c-9ca5-dbbdb85bf9b8"",""native_unit_id"":""OLP-0287"",""order_key"":""0287"",""ordinal"":287,""required"":null,""unit_id"":""urn:uuid:fbc3d00e-b39e-532a-9268-b663ff84b732"",""visible"":true},""record_type"":""course_unit_membership"",""recorded_at"":""2026-08-31T00:00:00Z"",""semantic_key"":""c80:openlogic:membership:OLP-0287""}"
urn:uuid:a226d15f-b684-50a5-bd15-cc771475b7c6,course_unit_membership,"{""dataset_id"":""urn:uuid:fdfa2782-db96-5e60-bcb3-d206d78b960a"",""id"":""urn:uuid:a226d15f-b684-50a5-bd15-cc771475b7c6"",""normalized_state"":""published"",""owner_authority_id"":""urn:uuid:ba324c09-ea3b-5b7d-a8de-40df0fcc5e83"",""owner_native_state"":""exact_closure_order"",""payload"":{""course_id"":""urn:uuid:f6271d1d-189b-5f77-a370-ee7d4edd3603"",""edition_id"":""urn:uuid:79e7c26f-be00-528c-9ca5-dbbdb85bf9b8"",""native_unit_id"":""OLP-0288"",""order_key"":""0288"",""ordinal"":288,""required"":null,""unit_id"":""urn:uuid:79c0c35f-7d4c-5d5d-adaf-7eb116fc2a4f"",""visible"":true},""record_type"":""course_unit_membership"",""recorded_at"":""2026-08-31T00:00:00Z"",""semantic_key"":""c80:openlogic:membership:OLP-0288""}"
urn:uuid:6f005659-d262-53ee-af87-e8ecc2606bae,course_unit_membership,"{""dataset_id"":""urn:uuid:fdfa2782-db96-5e60-bcb3-d206d78b960a"",""id"":""urn:uuid:6f005659-d262-53ee-af87-e8ecc2606bae"",""normalized_state"":""published"",""owner_authority_id"":""urn:uuid:ba324c09-ea3b-5b7d-a8de-40df0fcc5e83"",""owner_native_state"":""exact_closure_order"",""payload"":{""course_id"":""urn:uuid:f6271d1d-189b-5f77-a370-ee7d4edd3603"",""edition_id"":""urn:uuid:79e7c26f-be00-528c-9ca5-dbbdb85bf9b8"",""native_unit_id"":""OLP-0289"",""order_key"":""0289"",""ordinal"":289,""required"":null,""unit_id"":""urn:uuid:0ac0f059-47a7-5549-a0a4-805c51efaff2"",""visible"":true},""record_type"":""course_unit_membership"",""recorded_at"":""2026-08-31T00:00:00Z"",""semantic_key"":""c80:openlogic:membership:OLP-0289""}"
urn:uuid:ded14ac9-f2f1-5ca4-a8f4-0740dcdd5663,course_unit_membership,"{""dataset_id"":""urn:uuid:fdfa2782-db96-5e60-bcb3-d206d78b960a"",""id"":""urn:uuid:ded14ac9-f2f1-5ca4-a8f4-0740dcdd5663"",""normalized_state"":""published"",""owner_authority_id"":""urn:uuid:ba324c09-ea3b-5b7d-a8de-40df0fcc5e83"",""owner_native_state"":""exact_closure_order"",""payload"":{""course_id"":""urn:uuid:f6271d1d-189b-5f77-a370-ee7d4edd3603"",""edition_id"":""urn:uuid:79e7c26f-be00-528c-9ca5-dbbdb85bf9b8"",""native_unit_id"":""OLP-0290"",""order_key"":""0290"",""ordinal"":290,""required"":null,""unit_id"":""urn:uuid:568669f7-51e6-5ecd-a925-9dfff7954864"",""visible"":true},""record_type"":""course_unit_membership"",""recorded_at"":""2026-08-31T00:00:00Z"",""semantic_key"":""c80:openlogic:membership:OLP-0290""}"
urn:uuid:3fd198b5-3b0b-5134-8a56-9eb8b0a7d5f9,course_unit_membership,"{""dataset_id"":""urn:uuid:fdfa2782-db96-5e60-bcb3-d206d78b960a"",""id"":""urn:uuid:3fd198b5-3b0b-5134-8a56-9eb8b0a7d5f9"",""normalized_state"":""published"",""owner_authority_id"":""urn:uuid:ba324c09-ea3b-5b7d-a8de-40df0fcc5e83"",""owner_native_state"":""exact_closure_order"",""payload"":{""course_id"":""urn:uuid:f6271d1d-189b-5f77-a370-ee7d4edd3603"",""edition_id"":""urn:uuid:79e7c26f-be00-528c-9ca5-dbbdb85bf9b8"",""native_unit_id"":""OLP-0291"",""order_key"":""0291"",""ordinal"":291,""required"":null,""unit_id"":""urn:uuid:68d9235f-13c0-5907-b911-26296b64809a"",""visible"":true},""record_type"":""course_unit_membership"",""recorded_at"":""2026-08-31T00:00:00Z"",""semantic_key"":""c80:openlogic:membership:OLP-0291""}"
urn:uuid:6b96f97c-0e69-585d-8853-68441620577d,course_unit_membership,"{""dataset_id"":""urn:uuid:fdfa2782-db96-5e60-bcb3-d206d78b960a"",""id"":""urn:uuid:6b96f97c-0e69-585d-8853-68441620577d"",""normalized_state"":""published"",""owner_authority_id"":""urn:uuid:ba324c09-ea3b-5b7d-a8de-40df0fcc5e83"",""owner_native_state"":""exact_closure_order"",""payload"":{""course_id"":""urn:uuid:f6271d1d-189b-5f77-a370-ee7d4edd3603"",""edition_id"":""urn:uuid:79e7c26f-be00-528c-9ca5-dbbdb85bf9b8"",""native_unit_id"":""OLP-0292"",""order_key"":""0292"",""ordinal"":292,""required"":null,""unit_id"":""urn:uuid:ef5abf0f-5363-5301-b589-2cd7fca46b85"",""visible"":true},""record_type"":""course_unit_membership"",""recorded_at"":""2026-08-31T00:00:00Z"",""semantic_key"":""c80:openlogic:membership:OLP-0292""}"
urn:uuid:5975f889-bb66-5f77-9089-340618eae771,course_unit_membership,"{""dataset_id"":""urn:uuid:fdfa2782-db96-5e60-bcb3-d206d78b960a"",""id"":""urn:uuid:5975f889-bb66-5f77-9089-340618eae771"",""normalized_state"":""published"",""owner_authority_id"":""urn:uuid:ba324c09-ea3b-5b7d-a8de-40df0fcc5e83"",""owner_native_state"":""exact_closure_order"",""payload"":{""course_id"":""urn:uuid:f6271d1d-189b-5f77-a370-ee7d4edd3603"",""edition_id"":""urn:uuid:79e7c26f-be00-528c-9ca5-dbbdb85bf9b8"",""native_unit_id"":""OLP-0293"",""order_key"":""0293"",""ordinal"":293,""required"":null,""unit_id"":""urn:uuid:abda0727-e7fa-5ea0-9c9f-84e2a9be24b9"",""visible"":true},""record_type"":""course_unit_membership"",""recorded_at"":""2026-08-31T00:00:00Z"",""semantic_key"":""c80:openlogic:membership:OLP-0293""}"
urn:uuid:32f382b2-b885-580a-a3f5-64d61233c1d2,course_unit_membership,"{""dataset_id"":""urn:uuid:fdfa2782-db96-5e60-bcb3-d206d78b960a"",""id"":""urn:uuid:32f382b2-b885-580a-a3f5-64d61233c1d2"",""normalized_state"":""published"",""owner_authority_id"":""urn:uuid:ba324c09-ea3b-5b7d-a8de-40df0fcc5e83"",""owner_native_state"":""exact_closure_order"",""payload"":{""course_id"":""urn:uuid:f6271d1d-189b-5f77-a370-ee7d4edd3603"",""edition_id"":""urn:uuid:79e7c26f-be00-528c-9ca5-dbbdb85bf9b8"",""native_unit_id"":""OLP-0294"",""order_key"":""0294"",""ordinal"":294,""required"":null,""unit_id"":""urn:uuid:7da8c70a-c9ed-5370-a7d5-a7e7e7cdcaf4"",""visible"":true},""record_type"":""course_unit_membership"",""recorded_at"":""2026-08-31T00:00:00Z"",""semantic_key"":""c80:openlogic:membership:OLP-0294""}"
urn:uuid:c9f22868-f172-52a7-b2e1-9a2440c5b9c2,course_unit_membership,"{""dataset_id"":""urn:uuid:fdfa2782-db96-5e60-bcb3-d206d78b960a"",""id"":""urn:uuid:c9f22868-f172-52a7-b2e1-9a2440c5b9c2"",""normalized_state"":""published"",""owner_authority_id"":""urn:uuid:ba324c09-ea3b-5b7d-a8de-40df0fcc5e83"",""owner_native_state"":""exact_closure_order"",""payload"":{""course_id"":""urn:uuid:f6271d1d-189b-5f77-a370-ee7d4edd3603"",""edition_id"":""urn:uuid:79e7c26f-be00-528c-9ca5-dbbdb85bf9b8"",""native_unit_id"":""OLP-0295"",""order_key"":""0295"",""ordinal"":295,""required"":null,""unit_id"":""urn:uuid:da16f19d-c785-5991-90ad-0a94709d4e49"",""visible"":true},""record_type"":""course_unit_membership"",""recorded_at"":""2026-08-31T00:00:00Z"",""semantic_key"":""c80:openlogic:membership:OLP-0295""}"
urn:uuid:25084239-1f75-5561-a6ca-5ad6020cc4a7,course_unit_membership,"{""dataset_id"":""urn:uuid:fdfa2782-db96-5e60-bcb3-d206d78b960a"",""id"":""urn:uuid:25084239-1f75-5561-a6ca-5ad6020cc4a7"",""normalized_state"":""published"",""owner_authority_id"":""urn:uuid:ba324c09-ea3b-5b7d-a8de-40df0fcc5e83"",""owner_native_state"":""exact_closure_order"",""payload"":{""course_id"":""urn:uuid:f6271d1d-189b-5f77-a370-ee7d4edd3603"",""edition_id"":""urn:uuid:79e7c26f-be00-528c-9ca5-dbbdb85bf9b8"",""native_unit_id"":""OLP-0296"",""order_key"":""0296"",""ordinal"":296,""required"":null,""unit_id"":""urn:uuid:d43b7104-c8c5-5432-9d92-493c0d30e960"",""visible"":true},""record_type"":""course_unit_membership"",""recorded_at"":""2026-08-31T00:00:00Z"",""semantic_key"":""c80:openlogic:membership:OLP-0296""}"
urn:uuid:567dd8fd-6be4-5b0c-99df-9daf9d860fd8,course_unit_membership,"{""dataset_id"":""urn:uuid:fdfa2782-db96-5e60-bcb3-d206d78b960a"",""id"":""urn:uuid:567dd8fd-6be4-5b0c-99df-9daf9d860fd8"",""normalized_state"":""published"",""owner_authority_id"":""urn:uuid:ba324c09-ea3b-5b7d-a8de-40df0fcc5e83"",""owner_native_state"":""exact_closure_order"",""payload"":{""course_id"":""urn:uuid:f6271d1d-189b-5f77-a370-ee7d4edd3603"",""edition_id"":""urn:uuid:79e7c26f-be00-528c-9ca5-dbbdb85bf9b8"",""native_unit_id"":""OLP-0297"",""order_key"":""0297"",""ordinal"":297,""required"":null,""unit_id"":""urn:uuid:e716910c-46bc-5a87-bfd2-b3996b33cdf4"",""visible"":true},""record_type"":""course_unit_membership"",""recorded_at"":""2026-08-31T00:00:00Z"",""semantic_key"":""c80:openlogic:membership:OLP-0297""}"
urn:uuid:38fafe74-e7dc-5506-9b25-365944739d4b,course_unit_membership,"{""dataset_id"":""urn:uuid:fdfa2782-db96-5e60-bcb3-d206d78b960a"",""id"":""urn:uuid:38fafe74-e7dc-5506-9b25-365944739d4b"",""normalized_state"":""published"",""owner_authority_id"":""urn:uuid:ba324c09-ea3b-5b7d-a8de-40df0fcc5e83"",""owner_native_state"":""exact_closure_order"",""payload"":{""course_id"":""urn:uuid:f6271d1d-189b-5f77-a370-ee7d4edd3603"",""edition_id"":""urn:uuid:79e7c26f-be00-528c-9ca5-dbbdb85bf9b8"",""native_unit_id"":""OLP-0298"",""order_key"":""0298"",""ordinal"":298,""required"":null,""unit_id"":""urn:uuid:07624b0b-39d9-5d55-9221-4891cc133007"",""visible"":true},""record_type"":""course_unit_membership"",""recorded_at"":""2026-08-31T00:00:00Z"",""semantic_key"":""c80:openlogic:membership:OLP-0298""}"
urn:uuid:6b92a418-b3d6-59a0-84b2-7cd19847f80c,course_unit_membership,"{""dataset_id"":""urn:uuid:fdfa2782-db96-5e60-bcb3-d206d78b960a"",""id"":""urn:uuid:6b92a418-b3d6-59a0-84b2-7cd19847f80c"",""normalized_state"":""published"",""owner_authority_id"":""urn:uuid:ba324c09-ea3b-5b7d-a8de-40df0fcc5e83"",""owner_native_state"":""exact_closure_order"",""payload"":{""course_id"":""urn:uuid:f6271d1d-189b-5f77-a370-ee7d4edd3603"",""edition_id"":""urn:uuid:79e7c26f-be00-528c-9ca5-dbbdb85bf9b8"",""native_unit_id"":""OLP-0299"",""order_key"":""0299"",""ordinal"":299,""required"":null,""unit_id"":""urn:uuid:cabff8a6-4999-57e9-b1fd-d791fbafaa62"",""visible"":true},""record_type"":""course_unit_membership"",""recorded_at"":""2026-08-31T00:00:00Z"",""semantic_key"":""c80:openlogic:membership:OLP-0299""}"
urn:uuid:7c85fd0c-bc71-577c-8cd4-998fe810bab7,course_unit_membership,"{""dataset_id"":""urn:uuid:fdfa2782-db96-5e60-bcb3-d206d78b960a"",""id"":""urn:uuid:7c85fd0c-bc71-577c-8cd4-998fe810bab7"",""normalized_state"":""published"",""owner_authority_id"":""urn:uuid:ba324c09-ea3b-5b7d-a8de-40df0fcc5e83"",""owner_native_state"":""exact_closure_order"",""payload"":{""course_id"":""urn:uuid:f6271d1d-189b-5f77-a370-ee7d4edd3603"",""edition_id"":""urn:uuid:79e7c26f-be00-528c-9ca5-dbbdb85bf9b8"",""native_unit_id"":""OLP-0300"",""order_key"":""0300"",""ordinal"":300,""required"":null,""unit_id"":""urn:uuid:28e4960f-0329-55a5-9b91-c0b4a0656435"",""visible"":true},""record_type"":""course_unit_membership"",""recorded_at"":""2026-08-31T00:00:00Z"",""semantic_key"":""c80:openlogic:membership:OLP-0300""}"
urn:uuid:1f0c3368-7e5e-5e4a-ab03-8060c057a566,course_unit_membership,"{""dataset_id"":""urn:uuid:fdfa2782-db96-5e60-bcb3-d206d78b960a"",""id"":""urn:uuid:1f0c3368-7e5e-5e4a-ab03-8060c057a566"",""normalized_state"":""published"",""owner_authority_id"":""urn:uuid:ba324c09-ea3b-5b7d-a8de-40df0fcc5e83"",""owner_native_state"":""exact_closure_order"",""payload"":{""course_id"":""urn:uuid:f6271d1d-189b-5f77-a370-ee7d4edd3603"",""edition_id"":""urn:uuid:79e7c26f-be00-528c-9ca5-dbbdb85bf9b8"",""native_unit_id"":""OLP-0301"",""order_key"":""0301"",""ordinal"":301,""required"":null,""unit_id"":""urn:uuid:d0074619-a7ff-54f2-8ba3-a3a8091b111b"",""visible"":true},""record_type"":""course_unit_membership"",""recorded_at"":""2026-08-31T00:00:00Z"",""semantic_key"":""c80:openlogic:membership:OLP-0301""}"
urn:uuid:0dd81373-2478-55be-9615-7b5853c920ba,course_unit_membership,"{""dataset_id"":""urn:uuid:fdfa2782-db96-5e60-bcb3-d206d78b960a"",""id"":""urn:uuid:0dd81373-2478-55be-9615-7b5853c920ba"",""normalized_state"":""published"",""owner_authority_id"":""urn:uuid:ba324c09-ea3b-5b7d-a8de-40df0fcc5e83"",""owner_native_state"":""exact_closure_order"",""payload"":{""course_id"":""urn:uuid:f6271d1d-189b-5f77-a370-ee7d4edd3603"",""edition_id"":""urn:uuid:79e7c26f-be00-528c-9ca5-dbbdb85bf9b8"",""native_unit_id"":""OLP-0302"",""order_key"":""0302"",""ordinal"":302,""required"":null,""unit_id"":""urn:uuid:031bdbbc-1da5-5f77-8e16-f36f556395f4"",""visible"":true},""record_type"":""course_unit_membership"",""recorded_at"":""2026-08-31T00:00:00Z"",""semantic_key"":""c80:openlogic:membership:OLP-0302""}"
urn:uuid:8592fb1d-37ea-5cc4-bcb3-c0b09698a626,course_unit_membership,"{""dataset_id"":""urn:uuid:fdfa2782-db96-5e60-bcb3-d206d78b960a"",""id"":""urn:uuid:8592fb1d-37ea-5cc4-bcb3-c0b09698a626"",""normalized_state"":""published"",""owner_authority_id"":""urn:uuid:ba324c09-ea3b-5b7d-a8de-40df0fcc5e83"",""owner_native_state"":""exact_closure_order"",""payload"":{""course_id"":""urn:uuid:f6271d1d-189b-5f77-a370-ee7d4edd3603"",""edition_id"":""urn:uuid:79e7c26f-be00-528c-9ca5-dbbdb85bf9b8"",""native_unit_id"":""OLP-0303"",""order_key"":""0303"",""ordinal"":303,""required"":null,""unit_id"":""urn:uuid:7e62db85-ec6d-50c1-bb2a-bc6ecf2805b8"",""visible"":true},""record_type"":""course_unit_membership"",""recorded_at"":""2026-08-31T00:00:00Z"",""semantic_key"":""c80:openlogic:membership:OLP-0303""}"
urn:uuid:829bd378-564d-574f-af49-19b55a209b00,course_unit_membership,"{""dataset_id"":""urn:uuid:fdfa2782-db96-5e60-bcb3-d206d78b960a"",""id"":""urn:uuid:829bd378-564d-574f-af49-19b55a209b00"",""normalized_state"":""published"",""owner_authority_id"":""urn:uuid:ba324c09-ea3b-5b7d-a8de-40df0fcc5e83"",""owner_native_state"":""exact_closure_order"",""payload"":{""course_id"":""urn:uuid:f6271d1d-189b-5f77-a370-ee7d4edd3603"",""edition_id"":""urn:uuid:79e7c26f-be00-528c-9ca5-dbbdb85bf9b8"",""native_unit_id"":""OLP-0304"",""order_key"":""0304"",""ordinal"":304,""required"":null,""unit_id"":""urn:uuid:391e2fba-43dc-54d1-8439-01718a6f8084"",""visible"":true},""record_type"":""course_unit_membership"",""recorded_at"":""2026-08-31T00:00:00Z"",""semantic_key"":""c80:openlogic:membership:OLP-0304""}"
urn:uuid:cfa00e00-de5f-5732-b464-9eb1035b9da3,course_unit_membership,"{""dataset_id"":""urn:uuid:fdfa2782-db96-5e60-bcb3-d206d78b960a"",""id"":""urn:uuid:cfa00e00-de5f-5732-b464-9eb1035b9da3"",""normalized_state"":""published"",""owner_authority_id"":""urn:uuid:ba324c09-ea3b-5b7d-a8de-40df0fcc5e83"",""owner_native_state"":""exact_closure_order"",""payload"":{""course_id"":""urn:uuid:f6271d1d-189b-5f77-a370-ee7d4edd3603"",""edition_id"":""urn:uuid:79e7c26f-be00-528c-9ca5-dbbdb85bf9b8"",""native_unit_id"":""OLP-0305"",""order_key"":""0305"",""ordinal"":305,""required"":null,""unit_id"":""urn:uuid:c4d1f7d3-fdd8-5ff9-8371-5057736bdee6"",""visible"":true},""record_type"":""course_unit_membership"",""recorded_at"":""2026-08-31T00:00:00Z"",""semantic_key"":""c80:openlogic:membership:OLP-0305""}"
urn:uuid:f8e6e5dd-ebea-5f37-8ac0-67e08becb30a,course_unit_membership,"{""dataset_id"":""urn:uuid:fdfa2782-db96-5e60-bcb3-d206d78b960a"",""id"":""urn:uuid:f8e6e5dd-ebea-5f37-8ac0-67e08becb30a"",""normalized_state"":""published"",""owner_authority_id"":""urn:uuid:ba324c09-ea3b-5b7d-a8de-40df0fcc5e83"",""owner_native_state"":""exact_closure_order"",""payload"":{""course_id"":""urn:uuid:f6271d1d-189b-5f77-a370-ee7d4edd3603"",""edition_id"":""urn:uuid:79e7c26f-be00-528c-9ca5-dbbdb85bf9b8"",""native_unit_id"":""OLP-0306"",""order_key"":""0306"",""ordinal"":306,""required"":null,""unit_id"":""urn:uuid:5e795128-a625-5588-a1cf-aeefb59cf6cd"",""visible"":true},""record_type"":""course_unit_membership"",""recorded_at"":""2026-08-31T00:00:00Z"",""semantic_key"":""c80:openlogic:membership:OLP-0306""}"
urn:uuid:5f2180e1-fc30-515e-89c8-8b7cf120d12f,course_unit_membership,"{""dataset_id"":""urn:uuid:fdfa2782-db96-5e60-bcb3-d206d78b960a"",""id"":""urn:uuid:5f2180e1-fc30-515e-89c8-8b7cf120d12f"",""normalized_state"":""published"",""owner_authority_id"":""urn:uuid:ba324c09-ea3b-5b7d-a8de-40df0fcc5e83"",""owner_native_state"":""exact_closure_order"",""payload"":{""course_id"":""urn:uuid:f6271d1d-189b-5f77-a370-ee7d4edd3603"",""edition_id"":""urn:uuid:79e7c26f-be00-528c-9ca5-dbbdb85bf9b8"",""native_unit_id"":""OLP-0307"",""order_key"":""0307"",""ordinal"":307,""required"":null,""unit_id"":""urn:uuid:63db8b93-4b8d-56c2-8163-d0cd28da1b11"",""visible"":true},""record_type"":""course_unit_membership"",""recorded_at"":""2026-08-31T00:00:00Z"",""semantic_key"":""c80:openlogic:membership:OLP-0307""}"
urn:uuid:50dd3448-7dce-5373-844e-6afb92880104,course_unit_membership,"{""dataset_id"":""urn:uuid:fdfa2782-db96-5e60-bcb3-d206d78b960a"",""id"":""urn:uuid:50dd3448-7dce-5373-844e-6afb92880104"",""normalized_state"":""published"",""owner_authority_id"":""urn:uuid:ba324c09-ea3b-5b7d-a8de-40df0fcc5e83"",""owner_native_state"":""exact_closure_order"",""payload"":{""course_id"":""urn:uuid:f6271d1d-189b-5f77-a370-ee7d4edd3603"",""edition_id"":""urn:uuid:79e7c26f-be00-528c-9ca5-dbbdb85bf9b8"",""native_unit_id"":""OLP-0308"",""order_key"":""0308"",""ordinal"":308,""required"":null,""unit_id"":""urn:uuid:bf1a809e-b993-56a2-b784-0886dded2f26"",""visible"":true},""record_type"":""course_unit_membership"",""recorded_at"":""2026-08-31T00:00:00Z"",""semantic_key"":""c80:openlogic:membership:OLP-0308""}"
urn:uuid:84ee6a8c-1b5a-5bb3-a7f7-51f367c7bb9c,course_unit_membership,"{""dataset_id"":""urn:uuid:fdfa2782-db96-5e60-bcb3-d206d78b960a"",""id"":""urn:uuid:84ee6a8c-1b5a-5bb3-a7f7-51f367c7bb9c"",""normalized_state"":""published"",""owner_authority_id"":""urn:uuid:ba324c09-ea3b-5b7d-a8de-40df0fcc5e83"",""owner_native_state"":""exact_closure_order"",""payload"":{""course_id"":""urn:uuid:f6271d1d-189b-5f77-a370-ee7d4edd3603"",""edition_id"":""urn:uuid:79e7c26f-be00-528c-9ca5-dbbdb85bf9b8"",""native_unit_id"":""OLP-0309"",""order_key"":""0309"",""ordinal"":309,""required"":null,""unit_id"":""urn:uuid:9889e6e8-b799-58f4-a4cb-f05bfa44910a"",""visible"":true},""record_type"":""course_unit_membership"",""recorded_at"":""2026-08-31T00:00:00Z"",""semantic_key"":""c80:openlogic:membership:OLP-0309""}"
urn:uuid:fe4dc8f1-9f3a-5fbb-9b78-69c731ac9321,course_unit_membership,"{""dataset_id"":""urn:uuid:fdfa2782-db96-5e60-bcb3-d206d78b960a"",""id"":""urn:uuid:fe4dc8f1-9f3a-5fbb-9b78-69c731ac9321"",""normalized_state"":""published"",""owner_authority_id"":""urn:uuid:ba324c09-ea3b-5b7d-a8de-40df0fcc5e83"",""owner_native_state"":""exact_closure_order"",""payload"":{""course_id"":""urn:uuid:f6271d1d-189b-5f77-a370-ee7d4edd3603"",""edition_id"":""urn:uuid:79e7c26f-be00-528c-9ca5-dbbdb85bf9b8"",""native_unit_id"":""OLP-0310"",""order_key"":""0310"",""ordinal"":310,""required"":null,""unit_id"":""urn:uuid:109e7c6f-71bf-5d9e-ac47-6bd3051fdda2"",""visible"":true},""record_type"":""course_unit_membership"",""recorded_at"":""2026-08-31T00:00:00Z"",""semantic_key"":""c80:openlogic:membership:OLP-0310""}"
urn:uuid:5b8f528c-c112-5161-bcb2-9a1a2fc29ec2,course_unit_membership,"{""dataset_id"":""urn:uuid:fdfa2782-db96-5e60-bcb3-d206d78b960a"",""id"":""urn:uuid:5b8f528c-c112-5161-bcb2-9a1a2fc29ec2"",""normalized_state"":""published"",""owner_authority_id"":""urn:uuid:ba324c09-ea3b-5b7d-a8de-40df0fcc5e83"",""owner_native_state"":""exact_closure_order"",""payload"":{""course_id"":""urn:uuid:f6271d1d-189b-5f77-a370-ee7d4edd3603"",""edition_id"":""urn:uuid:79e7c26f-be00-528c-9ca5-dbbdb85bf9b8"",""native_unit_id"":""OLP-0311"",""order_key"":""0311"",""ordinal"":311,""required"":null,""unit_id"":""urn:uuid:544e9e2c-63cd-5278-b49f-6f060de152ae"",""visible"":true},""record_type"":""course_unit_membership"",""recorded_at"":""2026-08-31T00:00:00Z"",""semantic_key"":""c80:openlogic:membership:OLP-0311""}"
urn:uuid:a8664b06-bc53-56be-84b5-c9c451f8b13a,course_unit_membership,"{""dataset_id"":""urn:uuid:fdfa2782-db96-5e60-bcb3-d206d78b960a"",""id"":""urn:uuid:a8664b06-bc53-56be-84b5-c9c451f8b13a"",""normalized_state"":""published"",""owner_authority_id"":""urn:uuid:ba324c09-ea3b-5b7d-a8de-40df0fcc5e83"",""owner_native_state"":""exact_closure_order"",""payload"":{""course_id"":""urn:uuid:f6271d1d-189b-5f77-a370-ee7d4edd3603"",""edition_id"":""urn:uuid:79e7c26f-be00-528c-9ca5-dbbdb85bf9b8"",""native_unit_id"":""OLP-0312"",""order_key"":""0312"",""ordinal"":312,""required"":null,""unit_id"":""urn:uuid:fc60399d-86e1-57fa-b891-448c14ef0181"",""visible"":true},""record_type"":""course_unit_membership"",""recorded_at"":""2026-08-31T00:00:00Z"",""semantic_key"":""c80:openlogic:membership:OLP-0312""}"
urn:uuid:332d55f8-4e37-5adb-884d-72b5b4ef9781,course_unit_membership,"{""dataset_id"":""urn:uuid:fdfa2782-db96-5e60-bcb3-d206d78b960a"",""id"":""urn:uuid:332d55f8-4e37-5adb-884d-72b5b4ef9781"",""normalized_state"":""published"",""owner_authority_id"":""urn:uuid:ba324c09-ea3b-5b7d-a8de-40df0fcc5e83"",""owner_native_state"":""exact_closure_order"",""payload"":{""course_id"":""urn:uuid:f6271d1d-189b-5f77-a370-ee7d4edd3603"",""edition_id"":""urn:uuid:79e7c26f-be00-528c-9ca5-dbbdb85bf9b8"",""native_unit_id"":""OLP-0313"",""order_key"":""0313"",""ordinal"":313,""required"":null,""unit_id"":""urn:uuid:223874e6-62f7-5b25-9397-3312d45d67bd"",""visible"":true},""record_type"":""course_unit_membership"",""recorded_at"":""2026-08-31T00:00:00Z"",""semantic_key"":""c80:openlogic:membership:OLP-0313""}"
urn:uuid:8a1e3eb7-2691-5fe5-8e34-f021a31bc60f,course_unit_membership,"{""dataset_id"":""urn:uuid:fdfa2782-db96-5e60-bcb3-d206d78b960a"",""id"":""urn:uuid:8a1e3eb7-2691-5fe5-8e34-f021a31bc60f"",""normalized_state"":""published"",""owner_authority_id"":""urn:uuid:ba324c09-ea3b-5b7d-a8de-40df0fcc5e83"",""owner_native_state"":""exact_closure_order"",""payload"":{""course_id"":""urn:uuid:f6271d1d-189b-5f77-a370-ee7d4edd3603"",""edition_id"":""urn:uuid:79e7c26f-be00-528c-9ca5-dbbdb85bf9b8"",""native_unit_id"":""OLP-0314"",""order_key"":""0314"",""ordinal"":314,""required"":null,""unit_id"":""urn:uuid:c69ee60f-5df2-58e7-9bc7-f240f75ea56c"",""visible"":true},""record_type"":""course_unit_membership"",""recorded_at"":""2026-08-31T00:00:00Z"",""semantic_key"":""c80:openlogic:membership:OLP-0314""}"
urn:uuid:f673828e-0487-5403-8d7b-0b9753b05f5c,course_unit_membership,"{""dataset_id"":""urn:uuid:fdfa2782-db96-5e60-bcb3-d206d78b960a"",""id"":""urn:uuid:f673828e-0487-5403-8d7b-0b9753b05f5c"",""normalized_state"":""published"",""owner_authority_id"":""urn:uuid:ba324c09-ea3b-5b7d-a8de-40df0fcc5e83"",""owner_native_state"":""exact_closure_order"",""payload"":{""course_id"":""urn:uuid:f6271d1d-189b-5f77-a370-ee7d4edd3603"",""edition_id"":""urn:uuid:79e7c26f-be00-528c-9ca5-dbbdb85bf9b8"",""native_unit_id"":""OLP-0315"",""order_key"":""0315"",""ordinal"":315,""required"":null,""unit_id"":""urn:uuid:2c4f8ece-70ae-587c-bcca-e59dadca23cc"",""visible"":true},""record_type"":""course_unit_membership"",""recorded_at"":""2026-08-31T00:00:00Z"",""semantic_key"":""c80:openlogic:membership:OLP-0315""}"
urn:uuid:7c30182d-25e8-5feb-8681-aee2f5b5fd4b,course_unit_membership,"{""dataset_id"":""urn:uuid:fdfa2782-db96-5e60-bcb3-d206d78b960a"",""id"":""urn:uuid:7c30182d-25e8-5feb-8681-aee2f5b5fd4b"",""normalized_state"":""published"",""owner_authority_id"":""urn:uuid:ba324c09-ea3b-5b7d-a8de-40df0fcc5e83"",""owner_native_state"":""exact_closure_order"",""payload"":{""course_id"":""urn:uuid:f6271d1d-189b-5f77-a370-ee7d4edd3603"",""edition_id"":""urn:uuid:79e7c26f-be00-528c-9ca5-dbbdb85bf9b8"",""native_unit_id"":""OLP-0316"",""order_key"":""0316"",""ordinal"":316,""required"":null,""unit_id"":""urn:uuid:0cc74592-259e-52a1-b6b3-c4826c0d7351"",""visible"":true},""record_type"":""course_unit_membership"",""recorded_at"":""2026-08-31T00:00:00Z"",""semantic_key"":""c80:openlogic:membership:OLP-0316""}"
urn:uuid:a7d85211-2f58-58ea-b372-63247613f361,course_unit_membership,"{""dataset_id"":""urn:uuid:fdfa2782-db96-5e60-bcb3-d206d78b960a"",""id"":""urn:uuid:a7d85211-2f58-58ea-b372-63247613f361"",""normalized_state"":""published"",""owner_authority_id"":""urn:uuid:ba324c09-ea3b-5b7d-a8de-40df0fcc5e83"",""owner_native_state"":""exact_closure_order"",""payload"":{""course_id"":""urn:uuid:f6271d1d-189b-5f77-a370-ee7d4edd3603"",""edition_id"":""urn:uuid:79e7c26f-be00-528c-9ca5-dbbdb85bf9b8"",""native_unit_id"":""OLP-0317"",""order_key"":""0317"",""ordinal"":317,""required"":null,""unit_id"":""urn:uuid:a52ce4a0-acd1-53a8-96b3-885271d0d6c1"",""visible"":true},""record_type"":""course_unit_membership"",""recorded_at"":""2026-08-31T00:00:00Z"",""semantic_key"":""c80:openlogic:membership:OLP-0317""}"
urn:uuid:0fab8239-eea1-511e-ba91-b0ecff4ede56,course_unit_membership,"{""dataset_id"":""urn:uuid:fdfa2782-db96-5e60-bcb3-d206d78b960a"",""id"":""urn:uuid:0fab8239-eea1-511e-ba91-b0ecff4ede56"",""normalized_state"":""published"",""owner_authority_id"":""urn:uuid:ba324c09-ea3b-5b7d-a8de-40df0fcc5e83"",""owner_native_state"":""exact_closure_order"",""payload"":{""course_id"":""urn:uuid:f6271d1d-189b-5f77-a370-ee7d4edd3603"",""edition_id"":""urn:uuid:79e7c26f-be00-528c-9ca5-dbbdb85bf9b8"",""native_unit_id"":""OLP-0318"",""order_key"":""0318"",""ordinal"":318,""required"":null,""unit_id"":""urn:uuid:ce436ce7-168b-5891-93e7-a35b25c719dc"",""visible"":true},""record_type"":""course_unit_membership"",""recorded_at"":""2026-08-31T00:00:00Z"",""semantic_key"":""c80:openlogic:membership:OLP-0318""}"
urn:uuid:058cff1f-1f39-5590-a705-a50d63965a93,course_unit_membership,"{""dataset_id"":""urn:uuid:fdfa2782-db96-5e60-bcb3-d206d78b960a"",""id"":""urn:uuid:058cff1f-1f39-5590-a705-a50d63965a93"",""normalized_state"":""published"",""owner_authority_id"":""urn:uuid:ba324c09-ea3b-5b7d-a8de-40df0fcc5e83"",""owner_native_state"":""exact_closure_order"",""payload"":{""course_id"":""urn:uuid:f6271d1d-189b-5f77-a370-ee7d4edd3603"",""edition_id"":""urn:uuid:79e7c26f-be00-528c-9ca5-dbbdb85bf9b8"",""native_unit_id"":""OLP-0319"",""order_key"":""0319"",""ordinal"":319,""required"":null,""unit_id"":""urn:uuid:fcbfa471-4675-5317-af73-5b9796679e6d"",""visible"":true},""record_type"":""course_unit_membership"",""recorded_at"":""2026-08-31T00:00:00Z"",""semantic_key"":""c80:openlogic:membership:OLP-0319""}"
urn:uuid:49ae2252-f0b6-5d08-b1ca-199c41d5ee8b,course_unit_membership,"{""dataset_id"":""urn:uuid:fdfa2782-db96-5e60-bcb3-d206d78b960a"",""id"":""urn:uuid:49ae2252-f0b6-5d08-b1ca-199c41d5ee8b"",""normalized_state"":""published"",""owner_authority_id"":""urn:uuid:ba324c09-ea3b-5b7d-a8de-40df0fcc5e83"",""owner_native_state"":""exact_closure_order"",""payload"":{""course_id"":""urn:uuid:f6271d1d-189b-5f77-a370-ee7d4edd3603"",""edition_id"":""urn:uuid:79e7c26f-be00-528c-9ca5-dbbdb85bf9b8"",""native_unit_id"":""OLP-0320"",""order_key"":""0320"",""ordinal"":320,""required"":null,""unit_id"":""urn:uuid:3e87f773-da25-5ece-a68f-5b99b101a85d"",""visible"":true},""record_type"":""course_unit_membership"",""recorded_at"":""2026-08-31T00:00:00Z"",""semantic_key"":""c80:openlogic:membership:OLP-0320""}"
urn:uuid:a03a51c7-910e-5466-8a1a-e5ca1e9ae25f,course_unit_membership,"{""dataset_id"":""urn:uuid:fdfa2782-db96-5e60-bcb3-d206d78b960a"",""id"":""urn:uuid:a03a51c7-910e-5466-8a1a-e5ca1e9ae25f"",""normalized_state"":""published"",""owner_authority_id"":""urn:uuid:ba324c09-ea3b-5b7d-a8de-40df0fcc5e83"",""owner_native_state"":""exact_closure_order"",""payload"":{""course_id"":""urn:uuid:f6271d1d-189b-5f77-a370-ee7d4edd3603"",""edition_id"":""urn:uuid:79e7c26f-be00-528c-9ca5-dbbdb85bf9b8"",""native_unit_id"":""OLP-0321"",""order_key"":""0321"",""ordinal"":321,""required"":null,""unit_id"":""urn:uuid:df3e465b-0f87-502b-9247-8811ed2fdd2c"",""visible"":true},""record_type"":""course_unit_membership"",""recorded_at"":""2026-08-31T00:00:00Z"",""semantic_key"":""c80:openlogic:membership:OLP-0321""}"
urn:uuid:f2300acf-6f58-5e69-8a1d-1ea40c4ff1c0,course_unit_membership,"{""dataset_id"":""urn:uuid:fdfa2782-db96-5e60-bcb3-d206d78b960a"",""id"":""urn:uuid:f2300acf-6f58-5e69-8a1d-1ea40c4ff1c0"",""normalized_state"":""published"",""owner_authority_id"":""urn:uuid:ba324c09-ea3b-5b7d-a8de-40df0fcc5e83"",""owner_native_state"":""exact_closure_order"",""payload"":{""course_id"":""urn:uuid:f6271d1d-189b-5f77-a370-ee7d4edd3603"",""edition_id"":""urn:uuid:79e7c26f-be00-528c-9ca5-dbbdb85bf9b8"",""native_unit_id"":""OLP-0322"",""order_key"":""0322"",""ordinal"":322,""required"":null,""unit_id"":""urn:uuid:6d449004-eaba-5b73-b2b4-27d354f43a27"",""visible"":true},""record_type"":""course_unit_membership"",""recorded_at"":""2026-08-31T00:00:00Z"",""semantic_key"":""c80:openlogic:membership:OLP-0322""}"
urn:uuid:0d5cfe38-1403-5d36-9aa4-5bf24dfe67d8,course_unit_membership,"{""dataset_id"":""urn:uuid:fdfa2782-db96-5e60-bcb3-d206d78b960a"",""id"":""urn:uuid:0d5cfe38-1403-5d36-9aa4-5bf24dfe67d8"",""normalized_state"":""published"",""owner_authority_id"":""urn:uuid:ba324c09-ea3b-5b7d-a8de-40df0fcc5e83"",""owner_native_state"":""exact_closure_order"",""payload"":{""course_id"":""urn:uuid:f6271d1d-189b-5f77-a370-ee7d4edd3603"",""edition_id"":""urn:uuid:79e7c26f-be00-528c-9ca5-dbbdb85bf9b8"",""native_unit_id"":""OLP-0323"",""order_key"":""0323"",""ordinal"":323,""required"":null,""unit_id"":""urn:uuid:d2f62997-d423-57c0-bbc8-090091214d69"",""visible"":true},""record_type"":""course_unit_membership"",""recorded_at"":""2026-08-31T00:00:00Z"",""semantic_key"":""c80:openlogic:membership:OLP-0323""}"
urn:uuid:016fc79d-00ee-5e76-8c34-91225f601cc3,course_unit_membership,"{""dataset_id"":""urn:uuid:fdfa2782-db96-5e60-bcb3-d206d78b960a"",""id"":""urn:uuid:016fc79d-00ee-5e76-8c34-91225f601cc3"",""normalized_state"":""published"",""owner_authority_id"":""urn:uuid:ba324c09-ea3b-5b7d-a8de-40df0fcc5e83"",""owner_native_state"":""exact_closure_order"",""payload"":{""course_id"":""urn:uuid:f6271d1d-189b-5f77-a370-ee7d4edd3603"",""edition_id"":""urn:uuid:79e7c26f-be00-528c-9ca5-dbbdb85bf9b8"",""native_unit_id"":""OLP-0324"",""order_key"":""0324"",""ordinal"":324,""required"":null,""unit_id"":""urn:uuid:704bbac3-7aab-5966-900f-0f68c121f2bd"",""visible"":true},""record_type"":""course_unit_membership"",""recorded_at"":""2026-08-31T00:00:00Z"",""semantic_key"":""c80:openlogic:membership:OLP-0324""}"
urn:uuid:0f4ec854-62ef-5986-9f0b-d2e7db33c1ee,course_unit_membership,"{""dataset_id"":""urn:uuid:fdfa2782-db96-5e60-bcb3-d206d78b960a"",""id"":""urn:uuid:0f4ec854-62ef-5986-9f0b-d2e7db33c1ee"",""normalized_state"":""published"",""owner_authority_id"":""urn:uuid:ba324c09-ea3b-5b7d-a8de-40df0fcc5e83"",""owner_native_state"":""exact_closure_order"",""payload"":{""course_id"":""urn:uuid:f6271d1d-189b-5f77-a370-ee7d4edd3603"",""edition_id"":""urn:uuid:79e7c26f-be00-528c-9ca5-dbbdb85bf9b8"",""native_unit_id"":""OLP-0325"",""order_key"":""0325"",""ordinal"":325,""required"":null,""unit_id"":""urn:uuid:325b6034-3751-540a-b6d0-aa3762d0291f"",""visible"":true},""record_type"":""course_unit_membership"",""recorded_at"":""2026-08-31T00:00:00Z"",""semantic_key"":""c80:openlogic:membership:OLP-0325""}"
urn:uuid:9fa8e753-7059-55ff-a88a-3c4388e85b20,course_unit_membership,"{""dataset_id"":""urn:uuid:fdfa2782-db96-5e60-bcb3-d206d78b960a"",""id"":""urn:uuid:9fa8e753-7059-55ff-a88a-3c4388e85b20"",""normalized_state"":""published"",""owner_authority_id"":""urn:uuid:ba324c09-ea3b-5b7d-a8de-40df0fcc5e83"",""owner_native_state"":""exact_closure_order"",""payload"":{""course_id"":""urn:uuid:f6271d1d-189b-5f77-a370-ee7d4edd3603"",""edition_id"":""urn:uuid:79e7c26f-be00-528c-9ca5-dbbdb85bf9b8"",""native_unit_id"":""OLP-0326"",""order_key"":""0326"",""ordinal"":326,""required"":null,""unit_id"":""urn:uuid:199cbd04-fa23-5dda-be5b-3f558e92a045"",""visible"":true},""record_type"":""course_unit_membership"",""recorded_at"":""2026-08-31T00:00:00Z"",""semantic_key"":""c80:openlogic:membership:OLP-0326""}"
urn:uuid:39537ec9-9912-5a89-ade7-88c1af6a5f00,course_unit_membership,"{""dataset_id"":""urn:uuid:fdfa2782-db96-5e60-bcb3-d206d78b960a"",""id"":""urn:uuid:39537ec9-9912-5a89-ade7-88c1af6a5f00"",""normalized_state"":""published"",""owner_authority_id"":""urn:uuid:ba324c09-ea3b-5b7d-a8de-40df0fcc5e83"",""owner_native_state"":""exact_closure_order"",""payload"":{""course_id"":""urn:uuid:f6271d1d-189b-5f77-a370-ee7d4edd3603"",""edition_id"":""urn:uuid:79e7c26f-be00-528c-9ca5-dbbdb85bf9b8"",""native_unit_id"":""OLP-0327"",""order_key"":""0327"",""ordinal"":327,""required"":null,""unit_id"":""urn:uuid:e1737c71-e886-5e25-a9fd-e7811ca97975"",""visible"":true},""record_type"":""course_unit_membership"",""recorded_at"":""2026-08-31T00:00:00Z"",""semantic_key"":""c80:openlogic:membership:OLP-0327""}"
urn:uuid:b049aab1-9eca-5097-9ec3-826a1eb26f2a,course_unit_membership,"{""dataset_id"":""urn:uuid:fdfa2782-db96-5e60-bcb3-d206d78b960a"",""id"":""urn:uuid:b049aab1-9eca-5097-9ec3-826a1eb26f2a"",""normalized_state"":""published"",""owner_authority_id"":""urn:uuid:ba324c09-ea3b-5b7d-a8de-40df0fcc5e83"",""owner_native_state"":""exact_closure_order"",""payload"":{""course_id"":""urn:uuid:f6271d1d-189b-5f77-a370-ee7d4edd3603"",""edition_id"":""urn:uuid:79e7c26f-be00-528c-9ca5-dbbdb85bf9b8"",""native_unit_id"":""OLP-0328"",""order_key"":""0328"",""ordinal"":328,""required"":null,""unit_id"":""urn:uuid:839dc462-65b3-5d9d-89df-ac19f0b63f85"",""visible"":true},""record_type"":""course_unit_membership"",""recorded_at"":""2026-08-31T00:00:00Z"",""semantic_key"":""c80:openlogic:membership:OLP-0328""}"
urn:uuid:52785bec-9d6c-5bf0-ba52-fc6e36597a3c,course_unit_membership,"{""dataset_id"":""urn:uuid:fdfa2782-db96-5e60-bcb3-d206d78b960a"",""id"":""urn:uuid:52785bec-9d6c-5bf0-ba52-fc6e36597a3c"",""normalized_state"":""published"",""owner_authority_id"":""urn:uuid:ba324c09-ea3b-5b7d-a8de-40df0fcc5e83"",""owner_native_state"":""exact_closure_order"",""payload"":{""course_id"":""urn:uuid:f6271d1d-189b-5f77-a370-ee7d4edd3603"",""edition_id"":""urn:uuid:79e7c26f-be00-528c-9ca5-dbbdb85bf9b8"",""native_unit_id"":""OLP-0329"",""order_key"":""0329"",""ordinal"":329,""required"":null,""unit_id"":""urn:uuid:2c1a5228-60d8-5436-a651-5c1650556972"",""visible"":true},""record_type"":""course_unit_membership"",""recorded_at"":""2026-08-31T00:00:00Z"",""semantic_key"":""c80:openlogic:membership:OLP-0329""}"
urn:uuid:4a321a3c-adc6-5c57-8c20-1c877c67c2fd,course_unit_membership,"{""dataset_id"":""urn:uuid:fdfa2782-db96-5e60-bcb3-d206d78b960a"",""id"":""urn:uuid:4a321a3c-adc6-5c57-8c20-1c877c67c2fd"",""normalized_state"":""published"",""owner_authority_id"":""urn:uuid:ba324c09-ea3b-5b7d-a8de-40df0fcc5e83"",""owner_native_state"":""exact_closure_order"",""payload"":{""course_id"":""urn:uuid:f6271d1d-189b-5f77-a370-ee7d4edd3603"",""edition_id"":""urn:uuid:79e7c26f-be00-528c-9ca5-dbbdb85bf9b8"",""native_unit_id"":""OLP-0330"",""order_key"":""0330"",""ordinal"":330,""required"":null,""unit_id"":""urn:uuid:92e7ca12-8150-5aa2-9e07-354630178ecb"",""visible"":true},""record_type"":""course_unit_membership"",""recorded_at"":""2026-08-31T00:00:00Z"",""semantic_key"":""c80:openlogic:membership:OLP-0330""}"
urn:uuid:8f97d6e3-ee30-5031-b2fb-b887f098547f,course_unit_membership,"{""dataset_id"":""urn:uuid:fdfa2782-db96-5e60-bcb3-d206d78b960a"",""id"":""urn:uuid:8f97d6e3-ee30-5031-b2fb-b887f098547f"",""normalized_state"":""published"",""owner_authority_id"":""urn:uuid:ba324c09-ea3b-5b7d-a8de-40df0fcc5e83"",""owner_native_state"":""exact_closure_order"",""payload"":{""course_id"":""urn:uuid:f6271d1d-189b-5f77-a370-ee7d4edd3603"",""edition_id"":""urn:uuid:79e7c26f-be00-528c-9ca5-dbbdb85bf9b8"",""native_unit_id"":""OLP-0331"",""order_key"":""0331"",""ordinal"":331,""required"":null,""unit_id"":""urn:uuid:965f9e0a-522b-55e7-8a74-a29c2dabf9fd"",""visible"":true},""record_type"":""course_unit_membership"",""recorded_at"":""2026-08-31T00:00:00Z"",""semantic_key"":""c80:openlogic:membership:OLP-0331""}"
urn:uuid:dab2d053-590f-5ee4-acff-9b857d267a45,course_unit_membership,"{""dataset_id"":""urn:uuid:fdfa2782-db96-5e60-bcb3-d206d78b960a"",""id"":""urn:uuid:dab2d053-590f-5ee4-acff-9b857d267a45"",""normalized_state"":""published"",""owner_authority_id"":""urn:uuid:ba324c09-ea3b-5b7d-a8de-40df0fcc5e83"",""owner_native_state"":""exact_closure_order"",""payload"":{""course_id"":""urn:uuid:f6271d1d-189b-5f77-a370-ee7d4edd3603"",""edition_id"":""urn:uuid:79e7c26f-be00-528c-9ca5-dbbdb85bf9b8"",""native_unit_id"":""OLP-0332"",""order_key"":""0332"",""ordinal"":332,""required"":null,""unit_id"":""urn:uuid:6f48d68e-978c-5203-a048-12614e6167ff"",""visible"":true},""record_type"":""course_unit_membership"",""recorded_at"":""2026-08-31T00:00:00Z"",""semantic_key"":""c80:openlogic:membership:OLP-0332""}"
urn:uuid:7c0a4ccf-b9e6-5124-9d3d-3896a2c8c7f5,course_unit_membership,"{""dataset_id"":""urn:uuid:fdfa2782-db96-5e60-bcb3-d206d78b960a"",""id"":""urn:uuid:7c0a4ccf-b9e6-5124-9d3d-3896a2c8c7f5"",""normalized_state"":""published"",""owner_authority_id"":""urn:uuid:ba324c09-ea3b-5b7d-a8de-40df0fcc5e83"",""owner_native_state"":""exact_closure_order"",""payload"":{""course_id"":""urn:uuid:f6271d1d-189b-5f77-a370-ee7d4edd3603"",""edition_id"":""urn:uuid:79e7c26f-be00-528c-9ca5-dbbdb85bf9b8"",""native_unit_id"":""OLP-0333"",""order_key"":""0333"",""ordinal"":333,""required"":null,""unit_id"":""urn:uuid:b3e3a6aa-f2aa-5856-89dc-5bc1fb78ce26"",""visible"":true},""record_type"":""course_unit_membership"",""recorded_at"":""2026-08-31T00:00:00Z"",""semantic_key"":""c80:openlogic:membership:OLP-0333""}"
urn:uuid:bc47651f-c95b-50df-b965-d5ffb433da4e,course_unit_membership,"{""dataset_id"":""urn:uuid:fdfa2782-db96-5e60-bcb3-d206d78b960a"",""id"":""urn:uuid:bc47651f-c95b-50df-b965-d5ffb433da4e"",""normalized_state"":""published"",""owner_authority_id"":""urn:uuid:ba324c09-ea3b-5b7d-a8de-40df0fcc5e83"",""owner_native_state"":""exact_closure_order"",""payload"":{""course_id"":""urn:uuid:f6271d1d-189b-5f77-a370-ee7d4edd3603"",""edition_id"":""urn:uuid:79e7c26f-be00-528c-9ca5-dbbdb85bf9b8"",""native_unit_id"":""OLP-0334"",""order_key"":""0334"",""ordinal"":334,""required"":null,""unit_id"":""urn:uuid:b41d831b-2c5e-52b2-bc7f-a3690bb6cd93"",""visible"":true},""record_type"":""course_unit_membership"",""recorded_at"":""2026-08-31T00:00:00Z"",""semantic_key"":""c80:openlogic:membership:OLP-0334""}"
urn:uuid:1f523bfb-abed-535f-8cdd-981b9c90c2da,course_unit_membership,"{""dataset_id"":""urn:uuid:fdfa2782-db96-5e60-bcb3-d206d78b960a"",""id"":""urn:uuid:1f523bfb-abed-535f-8cdd-981b9c90c2da"",""normalized_state"":""published"",""owner_authority_id"":""urn:uuid:ba324c09-ea3b-5b7d-a8de-40df0fcc5e83"",""owner_native_state"":""exact_closure_order"",""payload"":{""course_id"":""urn:uuid:f6271d1d-189b-5f77-a370-ee7d4edd3603"",""edition_id"":""urn:uuid:79e7c26f-be00-528c-9ca5-dbbdb85bf9b8"",""native_unit_id"":""OLP-0335"",""order_key"":""0335"",""ordinal"":335,""required"":null,""unit_id"":""urn:uuid:05c0bd92-51c8-5a15-af89-788728b21f3a"",""visible"":true},""record_type"":""course_unit_membership"",""recorded_at"":""2026-08-31T00:00:00Z"",""semantic_key"":""c80:openlogic:membership:OLP-0335""}"
urn:uuid:9bed9209-5504-534a-b2c5-7e0329921f84,course_unit_membership,"{""dataset_id"":""urn:uuid:fdfa2782-db96-5e60-bcb3-d206d78b960a"",""id"":""urn:uuid:9bed9209-5504-534a-b2c5-7e0329921f84"",""normalized_state"":""published"",""owner_authority_id"":""urn:uuid:ba324c09-ea3b-5b7d-a8de-40df0fcc5e83"",""owner_native_state"":""exact_closure_order"",""payload"":{""course_id"":""urn:uuid:f6271d1d-189b-5f77-a370-ee7d4edd3603"",""edition_id"":""urn:uuid:79e7c26f-be00-528c-9ca5-dbbdb85bf9b8"",""native_unit_id"":""OLP-0336"",""order_key"":""0336"",""ordinal"":336,""required"":null,""unit_id"":""urn:uuid:a8d7fa0f-6802-5333-bd15-451116f336fa"",""visible"":true},""record_type"":""course_unit_membership"",""recorded_at"":""2026-08-31T00:00:00Z"",""semantic_key"":""c80:openlogic:membership:OLP-0336""}"
urn:uuid:69273143-3223-548a-b3ad-9117df3df309,course_unit_membership,"{""dataset_id"":""urn:uuid:fdfa2782-db96-5e60-bcb3-d206d78b960a"",""id"":""urn:uuid:69273143-3223-548a-b3ad-9117df3df309"",""normalized_state"":""published"",""owner_authority_id"":""urn:uuid:ba324c09-ea3b-5b7d-a8de-40df0fcc5e83"",""owner_native_state"":""exact_closure_order"",""payload"":{""course_id"":""urn:uuid:f6271d1d-189b-5f77-a370-ee7d4edd3603"",""edition_id"":""urn:uuid:79e7c26f-be00-528c-9ca5-dbbdb85bf9b8"",""native_unit_id"":""OLP-0337"",""order_key"":""0337"",""ordinal"":337,""required"":null,""unit_id"":""urn:uuid:0f23714d-b1fd-5a42-ba42-903587f37fe8"",""visible"":true},""record_type"":""course_unit_membership"",""recorded_at"":""2026-08-31T00:00:00Z"",""semantic_key"":""c80:openlogic:membership:OLP-0337""}"
urn:uuid:9b31a95e-bf7a-5691-840b-f584048e7a61,course_unit_membership,"{""dataset_id"":""urn:uuid:fdfa2782-db96-5e60-bcb3-d206d78b960a"",""id"":""urn:uuid:9b31a95e-bf7a-5691-840b-f584048e7a61"",""normalized_state"":""published"",""owner_authority_id"":""urn:uuid:ba324c09-ea3b-5b7d-a8de-40df0fcc5e83"",""owner_native_state"":""exact_closure_order"",""payload"":{""course_id"":""urn:uuid:f6271d1d-189b-5f77-a370-ee7d4edd3603"",""edition_id"":""urn:uuid:79e7c26f-be00-528c-9ca5-dbbdb85bf9b8"",""native_unit_id"":""OLP-0338"",""order_key"":""0338"",""ordinal"":338,""required"":null,""unit_id"":""urn:uuid:b09b1c64-905f-5525-bd71-924733b1a68c"",""visible"":true},""record_type"":""course_unit_membership"",""recorded_at"":""2026-08-31T00:00:00Z"",""semantic_key"":""c80:openlogic:membership:OLP-0338""}"
urn:uuid:c43b8459-1fa1-501f-befe-e63b52e328cc,course_unit_membership,"{""dataset_id"":""urn:uuid:fdfa2782-db96-5e60-bcb3-d206d78b960a"",""id"":""urn:uuid:c43b8459-1fa1-501f-befe-e63b52e328cc"",""normalized_state"":""published"",""owner_authority_id"":""urn:uuid:ba324c09-ea3b-5b7d-a8de-40df0fcc5e83"",""owner_native_state"":""exact_closure_order"",""payload"":{""course_id"":""urn:uuid:f6271d1d-189b-5f77-a370-ee7d4edd3603"",""edition_id"":""urn:uuid:79e7c26f-be00-528c-9ca5-dbbdb85bf9b8"",""native_unit_id"":""OLP-0339"",""order_key"":""0339"",""ordinal"":339,""required"":null,""unit_id"":""urn:uuid:5f10be24-3221-5c99-9891-ebc98a4af20e"",""visible"":true},""record_type"":""course_unit_membership"",""recorded_at"":""2026-08-31T00:00:00Z"",""semantic_key"":""c80:openlogic:membership:OLP-0339""}"
urn:uuid:789552d1-0394-5560-9795-afbf3a9dc59f,course_unit_membership,"{""dataset_id"":""urn:uuid:fdfa2782-db96-5e60-bcb3-d206d78b960a"",""id"":""urn:uuid:789552d1-0394-5560-9795-afbf3a9dc59f"",""normalized_state"":""published"",""owner_authority_id"":""urn:uuid:ba324c09-ea3b-5b7d-a8de-40df0fcc5e83"",""owner_native_state"":""exact_closure_order"",""payload"":{""course_id"":""urn:uuid:f6271d1d-189b-5f77-a370-ee7d4edd3603"",""edition_id"":""urn:uuid:79e7c26f-be00-528c-9ca5-dbbdb85bf9b8"",""native_unit_id"":""OLP-0340"",""order_key"":""0340"",""ordinal"":340,""required"":null,""unit_id"":""urn:uuid:78d6c594-fa3d-5bad-a39c-2769024563d4"",""visible"":true},""record_type"":""course_unit_membership"",""recorded_at"":""2026-08-31T00:00:00Z"",""semantic_key"":""c80:openlogic:membership:OLP-0340""}"
urn:uuid:49a28638-b35d-5839-a4ae-e70ed38c263f,course_unit_membership,"{""dataset_id"":""urn:uuid:fdfa2782-db96-5e60-bcb3-d206d78b960a"",""id"":""urn:uuid:49a28638-b35d-5839-a4ae-e70ed38c263f"",""normalized_state"":""published"",""owner_authority_id"":""urn:uuid:ba324c09-ea3b-5b7d-a8de-40df0fcc5e83"",""owner_native_state"":""exact_closure_order"",""payload"":{""course_id"":""urn:uuid:f6271d1d-189b-5f77-a370-ee7d4edd3603"",""edition_id"":""urn:uuid:79e7c26f-be00-528c-9ca5-dbbdb85bf9b8"",""native_unit_id"":""OLP-0341"",""order_key"":""0341"",""ordinal"":341,""required"":null,""unit_id"":""urn:uuid:c8db47d3-af46-5345-8223-fb903997de37"",""visible"":true},""record_type"":""course_unit_membership"",""recorded_at"":""2026-08-31T00:00:00Z"",""semantic_key"":""c80:openlogic:membership:OLP-0341""}"
urn:uuid:5f516758-887a-55b9-8ea2-ec263f80777b,course_unit_membership,"{""dataset_id"":""urn:uuid:fdfa2782-db96-5e60-bcb3-d206d78b960a"",""id"":""urn:uuid:5f516758-887a-55b9-8ea2-ec263f80777b"",""normalized_state"":""published"",""owner_authority_id"":""urn:uuid:ba324c09-ea3b-5b7d-a8de-40df0fcc5e83"",""owner_native_state"":""exact_closure_order"",""payload"":{""course_id"":""urn:uuid:f6271d1d-189b-5f77-a370-ee7d4edd3603"",""edition_id"":""urn:uuid:79e7c26f-be00-528c-9ca5-dbbdb85bf9b8"",""native_unit_id"":""OLP-0342"",""order_key"":""0342"",""ordinal"":342,""required"":null,""unit_id"":""urn:uuid:86aa6014-e351-5e44-9868-c7d3dab59772"",""visible"":true},""record_type"":""course_unit_membership"",""recorded_at"":""2026-08-31T00:00:00Z"",""semantic_key"":""c80:openlogic:membership:OLP-0342""}"
urn:uuid:c47ca40a-1c8c-572a-bfe2-7b1aa4450ebe,course_unit_membership,"{""dataset_id"":""urn:uuid:fdfa2782-db96-5e60-bcb3-d206d78b960a"",""id"":""urn:uuid:c47ca40a-1c8c-572a-bfe2-7b1aa4450ebe"",""normalized_state"":""published"",""owner_authority_id"":""urn:uuid:ba324c09-ea3b-5b7d-a8de-40df0fcc5e83"",""owner_native_state"":""exact_closure_order"",""payload"":{""course_id"":""urn:uuid:f6271d1d-189b-5f77-a370-ee7d4edd3603"",""edition_id"":""urn:uuid:79e7c26f-be00-528c-9ca5-dbbdb85bf9b8"",""native_unit_id"":""OLP-0343"",""order_key"":""0343"",""ordinal"":343,""required"":null,""unit_id"":""urn:uuid:4820784d-d996-5473-99b6-6040b1e13781"",""visible"":true},""record_type"":""course_unit_membership"",""recorded_at"":""2026-08-31T00:00:00Z"",""semantic_key"":""c80:openlogic:membership:OLP-0343""}"
urn:uuid:5e9550bf-ecf2-5015-a744-b2e90ecb9213,course_unit_membership,"{""dataset_id"":""urn:uuid:fdfa2782-db96-5e60-bcb3-d206d78b960a"",""id"":""urn:uuid:5e9550bf-ecf2-5015-a744-b2e90ecb9213"",""normalized_state"":""published"",""owner_authority_id"":""urn:uuid:ba324c09-ea3b-5b7d-a8de-40df0fcc5e83"",""owner_native_state"":""exact_closure_order"",""payload"":{""course_id"":""urn:uuid:f6271d1d-189b-5f77-a370-ee7d4edd3603"",""edition_id"":""urn:uuid:79e7c26f-be00-528c-9ca5-dbbdb85bf9b8"",""native_unit_id"":""OLP-0344"",""order_key"":""0344"",""ordinal"":344,""required"":null,""unit_id"":""urn:uuid:c46106aa-4ef9-59db-bab8-bab8ed02acac"",""visible"":true},""record_type"":""course_unit_membership"",""recorded_at"":""2026-08-31T00:00:00Z"",""semantic_key"":""c80:openlogic:membership:OLP-0344""}"
urn:uuid:0a7e7b53-11c7-50fe-a47d-55a5daa6397d,course_unit_membership,"{""dataset_id"":""urn:uuid:fdfa2782-db96-5e60-bcb3-d206d78b960a"",""id"":""urn:uuid:0a7e7b53-11c7-50fe-a47d-55a5daa6397d"",""normalized_state"":""published"",""owner_authority_id"":""urn:uuid:ba324c09-ea3b-5b7d-a8de-40df0fcc5e83"",""owner_native_state"":""exact_closure_order"",""payload"":{""course_id"":""urn:uuid:f6271d1d-189b-5f77-a370-ee7d4edd3603"",""edition_id"":""urn:uuid:79e7c26f-be00-528c-9ca5-dbbdb85bf9b8"",""native_unit_id"":""OLP-0345"",""order_key"":""0345"",""ordinal"":345,""required"":null,""unit_id"":""urn:uuid:f0ebb1aa-e2f4-5214-8ceb-4fcb1bd262cb"",""visible"":true},""record_type"":""course_unit_membership"",""recorded_at"":""2026-08-31T00:00:00Z"",""semantic_key"":""c80:openlogic:membership:OLP-0345""}"
urn:uuid:2a5c2d1a-46b6-5584-b62c-d329553e23dd,course_unit_membership,"{""dataset_id"":""urn:uuid:fdfa2782-db96-5e60-bcb3-d206d78b960a"",""id"":""urn:uuid:2a5c2d1a-46b6-5584-b62c-d329553e23dd"",""normalized_state"":""published"",""owner_authority_id"":""urn:uuid:ba324c09-ea3b-5b7d-a8de-40df0fcc5e83"",""owner_native_state"":""exact_closure_order"",""payload"":{""course_id"":""urn:uuid:f6271d1d-189b-5f77-a370-ee7d4edd3603"",""edition_id"":""urn:uuid:79e7c26f-be00-528c-9ca5-dbbdb85bf9b8"",""native_unit_id"":""OLP-0346"",""order_key"":""0346"",""ordinal"":346,""required"":null,""unit_id"":""urn:uuid:9431b283-8f47-5f2f-a242-effc9bb3077b"",""visible"":true},""record_type"":""course_unit_membership"",""recorded_at"":""2026-08-31T00:00:00Z"",""semantic_key"":""c80:openlogic:membership:OLP-0346""}"
urn:uuid:1bc76575-d304-5745-8cdd-35e7767842c7,course_unit_membership,"{""dataset_id"":""urn:uuid:fdfa2782-db96-5e60-bcb3-d206d78b960a"",""id"":""urn:uuid:1bc76575-d304-5745-8cdd-35e7767842c7"",""normalized_state"":""published"",""owner_authority_id"":""urn:uuid:ba324c09-ea3b-5b7d-a8de-40df0fcc5e83"",""owner_native_state"":""exact_closure_order"",""payload"":{""course_id"":""urn:uuid:f6271d1d-189b-5f77-a370-ee7d4edd3603"",""edition_id"":""urn:uuid:79e7c26f-be00-528c-9ca5-dbbdb85bf9b8"",""native_unit_id"":""OLP-0347"",""order_key"":""0347"",""ordinal"":347,""required"":null,""unit_id"":""urn:uuid:79910a31-3b77-574a-b80f-bc5898808297"",""visible"":true},""record_type"":""course_unit_membership"",""recorded_at"":""2026-08-31T00:00:00Z"",""semantic_key"":""c80:openlogic:membership:OLP-0347""}"
urn:uuid:2cabe0f6-e335-5a6e-8174-92d98b155a90,course_unit_membership,"{""dataset_id"":""urn:uuid:fdfa2782-db96-5e60-bcb3-d206d78b960a"",""id"":""urn:uuid:2cabe0f6-e335-5a6e-8174-92d98b155a90"",""normalized_state"":""published"",""owner_authority_id"":""urn:uuid:ba324c09-ea3b-5b7d-a8de-40df0fcc5e83"",""owner_native_state"":""exact_closure_order"",""payload"":{""course_id"":""urn:uuid:f6271d1d-189b-5f77-a370-ee7d4edd3603"",""edition_id"":""urn:uuid:79e7c26f-be00-528c-9ca5-dbbdb85bf9b8"",""native_unit_id"":""OLP-0348"",""order_key"":""0348"",""ordinal"":348,""required"":null,""unit_id"":""urn:uuid:6df51b5a-152b-5aea-9a25-ad365f047191"",""visible"":true},""record_type"":""course_unit_membership"",""recorded_at"":""2026-08-31T00:00:00Z"",""semantic_key"":""c80:openlogic:membership:OLP-0348""}"
urn:uuid:0bd19598-3b18-5289-83c2-91a209085e2c,course_unit_membership,"{""dataset_id"":""urn:uuid:fdfa2782-db96-5e60-bcb3-d206d78b960a"",""id"":""urn:uuid:0bd19598-3b18-5289-83c2-91a209085e2c"",""normalized_state"":""published"",""owner_authority_id"":""urn:uuid:ba324c09-ea3b-5b7d-a8de-40df0fcc5e83"",""owner_native_state"":""exact_closure_order"",""payload"":{""course_id"":""urn:uuid:f6271d1d-189b-5f77-a370-ee7d4edd3603"",""edition_id"":""urn:uuid:79e7c26f-be00-528c-9ca5-dbbdb85bf9b8"",""native_unit_id"":""OLP-0349"",""order_key"":""0349"",""ordinal"":349,""required"":null,""unit_id"":""urn:uuid:fa9aea14-058c-5071-8694-87473a048f5e"",""visible"":true},""record_type"":""course_unit_membership"",""recorded_at"":""2026-08-31T00:00:00Z"",""semantic_key"":""c80:openlogic:membership:OLP-0349""}"
urn:uuid:811b69b5-1f7a-5963-8a1f-89e861c703e4,course_unit_membership,"{""dataset_id"":""urn:uuid:fdfa2782-db96-5e60-bcb3-d206d78b960a"",""id"":""urn:uuid:811b69b5-1f7a-5963-8a1f-89e861c703e4"",""normalized_state"":""published"",""owner_authority_id"":""urn:uuid:ba324c09-ea3b-5b7d-a8de-40df0fcc5e83"",""owner_native_state"":""exact_closure_order"",""payload"":{""course_id"":""urn:uuid:f6271d1d-189b-5f77-a370-ee7d4edd3603"",""edition_id"":""urn:uuid:79e7c26f-be00-528c-9ca5-dbbdb85bf9b8"",""native_unit_id"":""OLP-0350"",""order_key"":""0350"",""ordinal"":350,""required"":null,""unit_id"":""urn:uuid:2bdaebf2-0f64-5506-bff0-d78b3b0b9a06"",""visible"":true},""record_type"":""course_unit_membership"",""recorded_at"":""2026-08-31T00:00:00Z"",""semantic_key"":""c80:openlogic:membership:OLP-0350""}"
urn:uuid:651743a6-9b18-5d24-bdba-92f02e026881,course_unit_membership,"{""dataset_id"":""urn:uuid:fdfa2782-db96-5e60-bcb3-d206d78b960a"",""id"":""urn:uuid:651743a6-9b18-5d24-bdba-92f02e026881"",""normalized_state"":""published"",""owner_authority_id"":""urn:uuid:ba324c09-ea3b-5b7d-a8de-40df0fcc5e83"",""owner_native_state"":""exact_closure_order"",""payload"":{""course_id"":""urn:uuid:f6271d1d-189b-5f77-a370-ee7d4edd3603"",""edition_id"":""urn:uuid:79e7c26f-be00-528c-9ca5-dbbdb85bf9b8"",""native_unit_id"":""OLP-0351"",""order_key"":""0351"",""ordinal"":351,""required"":null,""unit_id"":""urn:uuid:46569e3f-9b2d-51bb-b6a2-dc228cb164a1"",""visible"":true},""record_type"":""course_unit_membership"",""recorded_at"":""2026-08-31T00:00:00Z"",""semantic_key"":""c80:openlogic:membership:OLP-0351""}"
urn:uuid:8ecd919d-fce4-5e17-9f92-189044d36734,course_unit_membership,"{""dataset_id"":""urn:uuid:fdfa2782-db96-5e60-bcb3-d206d78b960a"",""id"":""urn:uuid:8ecd919d-fce4-5e17-9f92-189044d36734"",""normalized_state"":""published"",""owner_authority_id"":""urn:uuid:ba324c09-ea3b-5b7d-a8de-40df0fcc5e83"",""owner_native_state"":""exact_closure_order"",""payload"":{""course_id"":""urn:uuid:f6271d1d-189b-5f77-a370-ee7d4edd3603"",""edition_id"":""urn:uuid:79e7c26f-be00-528c-9ca5-dbbdb85bf9b8"",""native_unit_id"":""OLP-0352"",""order_key"":""0352"",""ordinal"":352,""required"":null,""unit_id"":""urn:uuid:e902544c-9aa3-59be-b325-dbac3ea14b12"",""visible"":true},""record_type"":""course_unit_membership"",""recorded_at"":""2026-08-31T00:00:00Z"",""semantic_key"":""c80:openlogic:membership:OLP-0352""}"
urn:uuid:40da86cb-c937-51cc-956d-e81496b54109,course_unit_membership,"{""dataset_id"":""urn:uuid:fdfa2782-db96-5e60-bcb3-d206d78b960a"",""id"":""urn:uuid:40da86cb-c937-51cc-956d-e81496b54109"",""normalized_state"":""published"",""owner_authority_id"":""urn:uuid:ba324c09-ea3b-5b7d-a8de-40df0fcc5e83"",""owner_native_state"":""exact_closure_order"",""payload"":{""course_id"":""urn:uuid:f6271d1d-189b-5f77-a370-ee7d4edd3603"",""edition_id"":""urn:uuid:79e7c26f-be00-528c-9ca5-dbbdb85bf9b8"",""native_unit_id"":""OLP-0353"",""order_key"":""0353"",""ordinal"":353,""required"":null,""unit_id"":""urn:uuid:5e96365a-a444-535b-bf19-528971bba02a"",""visible"":true},""record_type"":""course_unit_membership"",""recorded_at"":""2026-08-31T00:00:00Z"",""semantic_key"":""c80:openlogic:membership:OLP-0353""}"
urn:uuid:0e601064-5514-5c2e-8108-ccc71d7988c2,course_unit_membership,"{""dataset_id"":""urn:uuid:fdfa2782-db96-5e60-bcb3-d206d78b960a"",""id"":""urn:uuid:0e601064-5514-5c2e-8108-ccc71d7988c2"",""normalized_state"":""published"",""owner_authority_id"":""urn:uuid:ba324c09-ea3b-5b7d-a8de-40df0fcc5e83"",""owner_native_state"":""exact_closure_order"",""payload"":{""course_id"":""urn:uuid:f6271d1d-189b-5f77-a370-ee7d4edd3603"",""edition_id"":""urn:uuid:79e7c26f-be00-528c-9ca5-dbbdb85bf9b8"",""native_unit_id"":""OLP-0354"",""order_key"":""0354"",""ordinal"":354,""required"":null,""unit_id"":""urn:uuid:47942e65-003e-553f-a589-ca9a93dc8ca8"",""visible"":true},""record_type"":""course_unit_membership"",""recorded_at"":""2026-08-31T00:00:00Z"",""semantic_key"":""c80:openlogic:membership:OLP-0354""}"
urn:uuid:582fbaa3-e0de-58ae-b858-3dc8366a95ca,course_unit_membership,"{""dataset_id"":""urn:uuid:fdfa2782-db96-5e60-bcb3-d206d78b960a"",""id"":""urn:uuid:582fbaa3-e0de-58ae-b858-3dc8366a95ca"",""normalized_state"":""published"",""owner_authority_id"":""urn:uuid:ba324c09-ea3b-5b7d-a8de-40df0fcc5e83"",""owner_native_state"":""exact_closure_order"",""payload"":{""course_id"":""urn:uuid:f6271d1d-189b-5f77-a370-ee7d4edd3603"",""edition_id"":""urn:uuid:79e7c26f-be00-528c-9ca5-dbbdb85bf9b8"",""native_unit_id"":""OLP-0355"",""order_key"":""0355"",""ordinal"":355,""required"":null,""unit_id"":""urn:uuid:7c9240c5-ce66-5be2-9bd0-529751a6bc6d"",""visible"":true},""record_type"":""course_unit_membership"",""recorded_at"":""2026-08-31T00:00:00Z"",""semantic_key"":""c80:openlogic:membership:OLP-0355""}"
urn:uuid:58d06944-2a4e-57cd-852a-7622a4b1c0ae,course_unit_membership,"{""dataset_id"":""urn:uuid:fdfa2782-db96-5e60-bcb3-d206d78b960a"",""id"":""urn:uuid:58d06944-2a4e-57cd-852a-7622a4b1c0ae"",""normalized_state"":""published"",""owner_authority_id"":""urn:uuid:ba324c09-ea3b-5b7d-a8de-40df0fcc5e83"",""owner_native_state"":""exact_closure_order"",""payload"":{""course_id"":""urn:uuid:f6271d1d-189b-5f77-a370-ee7d4edd3603"",""edition_id"":""urn:uuid:79e7c26f-be00-528c-9ca5-dbbdb85bf9b8"",""native_unit_id"":""OLP-0356"",""order_key"":""0356"",""ordinal"":356,""required"":null,""unit_id"":""urn:uuid:90b4e625-8a29-5fe3-b832-977e146240c9"",""visible"":true},""record_type"":""course_unit_membership"",""recorded_at"":""2026-08-31T00:00:00Z"",""semantic_key"":""c80:openlogic:membership:OLP-0356""}"
urn:uuid:cfab8d9f-7d93-5ccf-93f0-9da3ec3ac942,course_unit_membership,"{""dataset_id"":""urn:uuid:fdfa2782-db96-5e60-bcb3-d206d78b960a"",""id"":""urn:uuid:cfab8d9f-7d93-5ccf-93f0-9da3ec3ac942"",""normalized_state"":""published"",""owner_authority_id"":""urn:uuid:ba324c09-ea3b-5b7d-a8de-40df0fcc5e83"",""owner_native_state"":""exact_closure_order"",""payload"":{""course_id"":""urn:uuid:f6271d1d-189b-5f77-a370-ee7d4edd3603"",""edition_id"":""urn:uuid:79e7c26f-be00-528c-9ca5-dbbdb85bf9b8"",""native_unit_id"":""OLP-0357"",""order_key"":""0357"",""ordinal"":357,""required"":null,""unit_id"":""urn:uuid:e611f266-4a16-5317-a17d-51bb5f6b59e2"",""visible"":true},""record_type"":""course_unit_membership"",""recorded_at"":""2026-08-31T00:00:00Z"",""semantic_key"":""c80:openlogic:membership:OLP-0357""}"
urn:uuid:1d49b6e0-76c3-502d-a849-83ce3bac64e5,course_unit_membership,"{""dataset_id"":""urn:uuid:fdfa2782-db96-5e60-bcb3-d206d78b960a"",""id"":""urn:uuid:1d49b6e0-76c3-502d-a849-83ce3bac64e5"",""normalized_state"":""published"",""owner_authority_id"":""urn:uuid:ba324c09-ea3b-5b7d-a8de-40df0fcc5e83"",""owner_native_state"":""exact_closure_order"",""payload"":{""course_id"":""urn:uuid:f6271d1d-189b-5f77-a370-ee7d4edd3603"",""edition_id"":""urn:uuid:79e7c26f-be00-528c-9ca5-dbbdb85bf9b8"",""native_unit_id"":""OLP-0358"",""order_key"":""0358"",""ordinal"":358,""required"":null,""unit_id"":""urn:uuid:9a9c7b20-3bab-5a1b-b41c-6605545d6fee"",""visible"":true},""record_type"":""course_unit_membership"",""recorded_at"":""2026-08-31T00:00:00Z"",""semantic_key"":""c80:openlogic:membership:OLP-0358""}"
urn:uuid:280f200f-7d2a-5d69-9445-6721d14e24ae,course_unit_membership,"{""dataset_id"":""urn:uuid:fdfa2782-db96-5e60-bcb3-d206d78b960a"",""id"":""urn:uuid:280f200f-7d2a-5d69-9445-6721d14e24ae"",""normalized_state"":""published"",""owner_authority_id"":""urn:uuid:ba324c09-ea3b-5b7d-a8de-40df0fcc5e83"",""owner_native_state"":""exact_closure_order"",""payload"":{""course_id"":""urn:uuid:f6271d1d-189b-5f77-a370-ee7d4edd3603"",""edition_id"":""urn:uuid:79e7c26f-be00-528c-9ca5-dbbdb85bf9b8"",""native_unit_id"":""OLP-0359"",""order_key"":""0359"",""ordinal"":359,""required"":null,""unit_id"":""urn:uuid:85853b0e-5049-555d-b5fe-9f6c76b6ddd9"",""visible"":true},""record_type"":""course_unit_membership"",""recorded_at"":""2026-08-31T00:00:00Z"",""semantic_key"":""c80:openlogic:membership:OLP-0359""}"
urn:uuid:899c6cd3-cdaf-5f70-98d6-993b539249fe,course_unit_membership,"{""dataset_id"":""urn:uuid:fdfa2782-db96-5e60-bcb3-d206d78b960a"",""id"":""urn:uuid:899c6cd3-cdaf-5f70-98d6-993b539249fe"",""normalized_state"":""published"",""owner_authority_id"":""urn:uuid:ba324c09-ea3b-5b7d-a8de-40df0fcc5e83"",""owner_native_state"":""exact_closure_order"",""payload"":{""course_id"":""urn:uuid:f6271d1d-189b-5f77-a370-ee7d4edd3603"",""edition_id"":""urn:uuid:79e7c26f-be00-528c-9ca5-dbbdb85bf9b8"",""native_unit_id"":""OLP-0360"",""order_key"":""0360"",""ordinal"":360,""required"":null,""unit_id"":""urn:uuid:203574ae-42ed-54a9-ab28-5169892285a4"",""visible"":true},""record_type"":""course_unit_membership"",""recorded_at"":""2026-08-31T00:00:00Z"",""semantic_key"":""c80:openlogic:membership:OLP-0360""}"
urn:uuid:b55ef404-c73b-537b-8262-53f0dd6d0ad6,course_unit_membership,"{""dataset_id"":""urn:uuid:fdfa2782-db96-5e60-bcb3-d206d78b960a"",""id"":""urn:uuid:b55ef404-c73b-537b-8262-53f0dd6d0ad6"",""normalized_state"":""published"",""owner_authority_id"":""urn:uuid:ba324c09-ea3b-5b7d-a8de-40df0fcc5e83"",""owner_native_state"":""exact_closure_order"",""payload"":{""course_id"":""urn:uuid:f6271d1d-189b-5f77-a370-ee7d4edd3603"",""edition_id"":""urn:uuid:79e7c26f-be00-528c-9ca5-dbbdb85bf9b8"",""native_unit_id"":""OLP-0361"",""order_key"":""0361"",""ordinal"":361,""required"":null,""unit_id"":""urn:uuid:1c89efa3-7302-56de-8325-dc0bfe76efaa"",""visible"":true},""record_type"":""course_unit_membership"",""recorded_at"":""2026-08-31T00:00:00Z"",""semantic_key"":""c80:openlogic:membership:OLP-0361""}"
urn:uuid:fe73c96a-7a7e-5ac2-9fe2-f319b8f9fc71,course_unit_membership,"{""dataset_id"":""urn:uuid:fdfa2782-db96-5e60-bcb3-d206d78b960a"",""id"":""urn:uuid:fe73c96a-7a7e-5ac2-9fe2-f319b8f9fc71"",""normalized_state"":""published"",""owner_authority_id"":""urn:uuid:ba324c09-ea3b-5b7d-a8de-40df0fcc5e83"",""owner_native_state"":""exact_closure_order"",""payload"":{""course_id"":""urn:uuid:f6271d1d-189b-5f77-a370-ee7d4edd3603"",""edition_id"":""urn:uuid:79e7c26f-be00-528c-9ca5-dbbdb85bf9b8"",""native_unit_id"":""OLP-0362"",""order_key"":""0362"",""ordinal"":362,""required"":null,""unit_id"":""urn:uuid:7d248c6e-a08b-5401-92f9-0af4be93be5f"",""visible"":true},""record_type"":""course_unit_membership"",""recorded_at"":""2026-08-31T00:00:00Z"",""semantic_key"":""c80:openlogic:membership:OLP-0362""}"
urn:uuid:66bd85db-293f-5d9a-8cf5-1f7f62e0ec9a,course_unit_membership,"{""dataset_id"":""urn:uuid:fdfa2782-db96-5e60-bcb3-d206d78b960a"",""id"":""urn:uuid:66bd85db-293f-5d9a-8cf5-1f7f62e0ec9a"",""normalized_state"":""published"",""owner_authority_id"":""urn:uuid:ba324c09-ea3b-5b7d-a8de-40df0fcc5e83"",""owner_native_state"":""exact_closure_order"",""payload"":{""course_id"":""urn:uuid:f6271d1d-189b-5f77-a370-ee7d4edd3603"",""edition_id"":""urn:uuid:79e7c26f-be00-528c-9ca5-dbbdb85bf9b8"",""native_unit_id"":""OLP-0363"",""order_key"":""0363"",""ordinal"":363,""required"":null,""unit_id"":""urn:uuid:8b6bd815-4ced-5337-bce4-145ab9e01e28"",""visible"":true},""record_type"":""course_unit_membership"",""recorded_at"":""2026-08-31T00:00:00Z"",""semantic_key"":""c80:openlogic:membership:OLP-0363""}"
urn:uuid:836285be-f682-5bf5-af3d-3a9dbe4cd3b6,course_unit_membership,"{""dataset_id"":""urn:uuid:fdfa2782-db96-5e60-bcb3-d206d78b960a"",""id"":""urn:uuid:836285be-f682-5bf5-af3d-3a9dbe4cd3b6"",""normalized_state"":""published"",""owner_authority_id"":""urn:uuid:ba324c09-ea3b-5b7d-a8de-40df0fcc5e83"",""owner_native_state"":""exact_closure_order"",""payload"":{""course_id"":""urn:uuid:f6271d1d-189b-5f77-a370-ee7d4edd3603"",""edition_id"":""urn:uuid:79e7c26f-be00-528c-9ca5-dbbdb85bf9b8"",""native_unit_id"":""OLP-0364"",""order_key"":""0364"",""ordinal"":364,""required"":null,""unit_id"":""urn:uuid:d3491ad2-4f92-5b95-8a88-b740f3517c9f"",""visible"":true},""record_type"":""course_unit_membership"",""recorded_at"":""2026-08-31T00:00:00Z"",""semantic_key"":""c80:openlogic:membership:OLP-0364""}"
urn:uuid:38725707-2ef2-5d0f-a011-970756b5eee5,course_unit_membership,"{""dataset_id"":""urn:uuid:fdfa2782-db96-5e60-bcb3-d206d78b960a"",""id"":""urn:uuid:38725707-2ef2-5d0f-a011-970756b5eee5"",""normalized_state"":""published"",""owner_authority_id"":""urn:uuid:ba324c09-ea3b-5b7d-a8de-40df0fcc5e83"",""owner_native_state"":""exact_closure_order"",""payload"":{""course_id"":""urn:uuid:f6271d1d-189b-5f77-a370-ee7d4edd3603"",""edition_id"":""urn:uuid:79e7c26f-be00-528c-9ca5-dbbdb85bf9b8"",""native_unit_id"":""OLP-0365"",""order_key"":""0365"",""ordinal"":365,""required"":null,""unit_id"":""urn:uuid:e5e7318d-8858-57a4-a59e-52b656edb3c8"",""visible"":true},""record_type"":""course_unit_membership"",""recorded_at"":""2026-08-31T00:00:00Z"",""semantic_key"":""c80:openlogic:membership:OLP-0365""}"
urn:uuid:080264fe-9891-51ea-920b-54f1c2152f45,course_unit_membership,"{""dataset_id"":""urn:uuid:fdfa2782-db96-5e60-bcb3-d206d78b960a"",""id"":""urn:uuid:080264fe-9891-51ea-920b-54f1c2152f45"",""normalized_state"":""published"",""owner_authority_id"":""urn:uuid:ba324c09-ea3b-5b7d-a8de-40df0fcc5e83"",""owner_native_state"":""exact_closure_order"",""payload"":{""course_id"":""urn:uuid:f6271d1d-189b-5f77-a370-ee7d4edd3603"",""edition_id"":""urn:uuid:79e7c26f-be00-528c-9ca5-dbbdb85bf9b8"",""native_unit_id"":""OLP-0366"",""order_key"":""0366"",""ordinal"":366,""required"":null,""unit_id"":""urn:uuid:317f88a9-246f-520f-9173-9990da5c9a62"",""visible"":true},""record_type"":""course_unit_membership"",""recorded_at"":""2026-08-31T00:00:00Z"",""semantic_key"":""c80:openlogic:membership:OLP-0366""}"
urn:uuid:f50585d5-7f71-5fc5-8b8f-5fe4cd5d2bd2,course_unit_membership,"{""dataset_id"":""urn:uuid:fdfa2782-db96-5e60-bcb3-d206d78b960a"",""id"":""urn:uuid:f50585d5-7f71-5fc5-8b8f-5fe4cd5d2bd2"",""normalized_state"":""published"",""owner_authority_id"":""urn:uuid:ba324c09-ea3b-5b7d-a8de-40df0fcc5e83"",""owner_native_state"":""exact_closure_order"",""payload"":{""course_id"":""urn:uuid:f6271d1d-189b-5f77-a370-ee7d4edd3603"",""edition_id"":""urn:uuid:79e7c26f-be00-528c-9ca5-dbbdb85bf9b8"",""native_unit_id"":""OLP-0367"",""order_key"":""0367"",""ordinal"":367,""required"":null,""unit_id"":""urn:uuid:02898a25-8abe-51e1-8171-70de571b7d64"",""visible"":true},""record_type"":""course_unit_membership"",""recorded_at"":""2026-08-31T00:00:00Z"",""semantic_key"":""c80:openlogic:membership:OLP-0367""}"
urn:uuid:93cf5905-7f22-5f57-8e10-f499ca64ef39,course_unit_membership,"{""dataset_id"":""urn:uuid:fdfa2782-db96-5e60-bcb3-d206d78b960a"",""id"":""urn:uuid:93cf5905-7f22-5f57-8e10-f499ca64ef39"",""normalized_state"":""published"",""owner_authority_id"":""urn:uuid:ba324c09-ea3b-5b7d-a8de-40df0fcc5e83"",""owner_native_state"":""exact_closure_order"",""payload"":{""course_id"":""urn:uuid:f6271d1d-189b-5f77-a370-ee7d4edd3603"",""edition_id"":""urn:uuid:79e7c26f-be00-528c-9ca5-dbbdb85bf9b8"",""native_unit_id"":""OLP-0368"",""order_key"":""0368"",""ordinal"":368,""required"":null,""unit_id"":""urn:uuid:ae7ae450-824b-5a40-985f-418e2fe930d4"",""visible"":true},""record_type"":""course_unit_membership"",""recorded_at"":""2026-08-31T00:00:00Z"",""semantic_key"":""c80:openlogic:membership:OLP-0368""}"
urn:uuid:291f2a27-3f6d-5828-9a39-506fd9962a3f,course_unit_membership,"{""dataset_id"":""urn:uuid:fdfa2782-db96-5e60-bcb3-d206d78b960a"",""id"":""urn:uuid:291f2a27-3f6d-5828-9a39-506fd9962a3f"",""normalized_state"":""published"",""owner_authority_id"":""urn:uuid:ba324c09-ea3b-5b7d-a8de-40df0fcc5e83"",""owner_native_state"":""exact_closure_order"",""payload"":{""course_id"":""urn:uuid:f6271d1d-189b-5f77-a370-ee7d4edd3603"",""edition_id"":""urn:uuid:79e7c26f-be00-528c-9ca5-dbbdb85bf9b8"",""native_unit_id"":""OLP-0369"",""order_key"":""0369"",""ordinal"":369,""required"":null,""unit_id"":""urn:uuid:a445e643-2d62-5bf6-bbdb-1563283d4529"",""visible"":true},""record_type"":""course_unit_membership"",""recorded_at"":""2026-08-31T00:00:00Z"",""semantic_key"":""c80:openlogic:membership:OLP-0369""}"
urn:uuid:3131d28c-a314-5d56-b3ae-5666ec16efea,course_unit_membership,"{""dataset_id"":""urn:uuid:fdfa2782-db96-5e60-bcb3-d206d78b960a"",""id"":""urn:uuid:3131d28c-a314-5d56-b3ae-5666ec16efea"",""normalized_state"":""published"",""owner_authority_id"":""urn:uuid:ba324c09-ea3b-5b7d-a8de-40df0fcc5e83"",""owner_native_state"":""exact_closure_order"",""payload"":{""course_id"":""urn:uuid:f6271d1d-189b-5f77-a370-ee7d4edd3603"",""edition_id"":""urn:uuid:79e7c26f-be00-528c-9ca5-dbbdb85bf9b8"",""native_unit_id"":""OLP-0370"",""order_key"":""0370"",""ordinal"":370,""required"":null,""unit_id"":""urn:uuid:e4119978-a700-507f-9855-f6e3342cae27"",""visible"":true},""record_type"":""course_unit_membership"",""recorded_at"":""2026-08-31T00:00:00Z"",""semantic_key"":""c80:openlogic:membership:OLP-0370""}"
urn:uuid:cf3b6621-ecc3-5c0b-b7b2-f421025ea641,course_unit_membership,"{""dataset_id"":""urn:uuid:fdfa2782-db96-5e60-bcb3-d206d78b960a"",""id"":""urn:uuid:cf3b6621-ecc3-5c0b-b7b2-f421025ea641"",""normalized_state"":""published"",""owner_authority_id"":""urn:uuid:ba324c09-ea3b-5b7d-a8de-40df0fcc5e83"",""owner_native_state"":""exact_closure_order"",""payload"":{""course_id"":""urn:uuid:f6271d1d-189b-5f77-a370-ee7d4edd3603"",""edition_id"":""urn:uuid:79e7c26f-be00-528c-9ca5-dbbdb85bf9b8"",""native_unit_id"":""OLP-0371"",""order_key"":""0371"",""ordinal"":371,""required"":null,""unit_id"":""urn:uuid:dbac5bdb-fa5b-5c73-8269-7e42372e77c8"",""visible"":true},""record_type"":""course_unit_membership"",""recorded_at"":""2026-08-31T00:00:00Z"",""semantic_key"":""c80:openlogic:membership:OLP-0371""}"
urn:uuid:2a7591db-90d8-5351-b6dd-c5a9216e3f7a,course_unit_membership,"{""dataset_id"":""urn:uuid:fdfa2782-db96-5e60-bcb3-d206d78b960a"",""id"":""urn:uuid:2a7591db-90d8-5351-b6dd-c5a9216e3f7a"",""normalized_state"":""published"",""owner_authority_id"":""urn:uuid:ba324c09-ea3b-5b7d-a8de-40df0fcc5e83"",""owner_native_state"":""exact_closure_order"",""payload"":{""course_id"":""urn:uuid:f6271d1d-189b-5f77-a370-ee7d4edd3603"",""edition_id"":""urn:uuid:79e7c26f-be00-528c-9ca5-dbbdb85bf9b8"",""native_unit_id"":""OLP-0372"",""order_key"":""0372"",""ordinal"":372,""required"":null,""unit_id"":""urn:uuid:2a9eb2c6-acbc-5b6c-85f0-72fd1707f217"",""visible"":true},""record_type"":""course_unit_membership"",""recorded_at"":""2026-08-31T00:00:00Z"",""semantic_key"":""c80:openlogic:membership:OLP-0372""}"
urn:uuid:ac3133f6-5040-5ca4-802d-f9403ff84b45,course_unit_membership,"{""dataset_id"":""urn:uuid:fdfa2782-db96-5e60-bcb3-d206d78b960a"",""id"":""urn:uuid:ac3133f6-5040-5ca4-802d-f9403ff84b45"",""normalized_state"":""published"",""owner_authority_id"":""urn:uuid:ba324c09-ea3b-5b7d-a8de-40df0fcc5e83"",""owner_native_state"":""exact_closure_order"",""payload"":{""course_id"":""urn:uuid:f6271d1d-189b-5f77-a370-ee7d4edd3603"",""edition_id"":""urn:uuid:79e7c26f-be00-528c-9ca5-dbbdb85bf9b8"",""native_unit_id"":""OLP-0373"",""order_key"":""0373"",""ordinal"":373,""required"":null,""unit_id"":""urn:uuid:7313ae84-f346-54a4-bea3-98a439b9a6aa"",""visible"":true},""record_type"":""course_unit_membership"",""recorded_at"":""2026-08-31T00:00:00Z"",""semantic_key"":""c80:openlogic:membership:OLP-0373""}"
urn:uuid:e3bcac98-2910-56b5-9627-3ce624cea308,course_unit_membership,"{""dataset_id"":""urn:uuid:fdfa2782-db96-5e60-bcb3-d206d78b960a"",""id"":""urn:uuid:e3bcac98-2910-56b5-9627-3ce624cea308"",""normalized_state"":""published"",""owner_authority_id"":""urn:uuid:ba324c09-ea3b-5b7d-a8de-40df0fcc5e83"",""owner_native_state"":""exact_closure_order"",""payload"":{""course_id"":""urn:uuid:f6271d1d-189b-5f77-a370-ee7d4edd3603"",""edition_id"":""urn:uuid:79e7c26f-be00-528c-9ca5-dbbdb85bf9b8"",""native_unit_id"":""OLP-0374"",""order_key"":""0374"",""ordinal"":374,""required"":null,""unit_id"":""urn:uuid:568c8552-6749-5c36-abc9-4338a7426558"",""visible"":true},""record_type"":""course_unit_membership"",""recorded_at"":""2026-08-31T00:00:00Z"",""semantic_key"":""c80:openlogic:membership:OLP-0374""}"
urn:uuid:cd2b38bf-13a9-53c9-a4ff-8ae92bf10816,course_unit_membership,"{""dataset_id"":""urn:uuid:fdfa2782-db96-5e60-bcb3-d206d78b960a"",""id"":""urn:uuid:cd2b38bf-13a9-53c9-a4ff-8ae92bf10816"",""normalized_state"":""published"",""owner_authority_id"":""urn:uuid:ba324c09-ea3b-5b7d-a8de-40df0fcc5e83"",""owner_native_state"":""exact_closure_order"",""payload"":{""course_id"":""urn:uuid:f6271d1d-189b-5f77-a370-ee7d4edd3603"",""edition_id"":""urn:uuid:79e7c26f-be00-528c-9ca5-dbbdb85bf9b8"",""native_unit_id"":""OLP-0375"",""order_key"":""0375"",""ordinal"":375,""required"":null,""unit_id"":""urn:uuid:01cc967e-d1db-5cd4-98a9-d73000498fd0"",""visible"":true},""record_type"":""course_unit_membership"",""recorded_at"":""2026-08-31T00:00:00Z"",""semantic_key"":""c80:openlogic:membership:OLP-0375""}"
urn:uuid:4e102a9a-8658-5278-8d85-c1e9f256c33a,course_unit_membership,"{""dataset_id"":""urn:uuid:fdfa2782-db96-5e60-bcb3-d206d78b960a"",""id"":""urn:uuid:4e102a9a-8658-5278-8d85-c1e9f256c33a"",""normalized_state"":""published"",""owner_authority_id"":""urn:uuid:ba324c09-ea3b-5b7d-a8de-40df0fcc5e83"",""owner_native_state"":""exact_closure_order"",""payload"":{""course_id"":""urn:uuid:f6271d1d-189b-5f77-a370-ee7d4edd3603"",""edition_id"":""urn:uuid:79e7c26f-be00-528c-9ca5-dbbdb85bf9b8"",""native_unit_id"":""OLP-0376"",""order_key"":""0376"",""ordinal"":376,""required"":null,""unit_id"":""urn:uuid:d70fb476-e254-51dc-8801-1c306ceae717"",""visible"":true},""record_type"":""course_unit_membership"",""recorded_at"":""2026-08-31T00:00:00Z"",""semantic_key"":""c80:openlogic:membership:OLP-0376""}"
urn:uuid:da248f30-5e60-5223-9272-9cd5367445ae,course_unit_membership,"{""dataset_id"":""urn:uuid:fdfa2782-db96-5e60-bcb3-d206d78b960a"",""id"":""urn:uuid:da248f30-5e60-5223-9272-9cd5367445ae"",""normalized_state"":""published"",""owner_authority_id"":""urn:uuid:ba324c09-ea3b-5b7d-a8de-40df0fcc5e83"",""owner_native_state"":""exact_closure_order"",""payload"":{""course_id"":""urn:uuid:f6271d1d-189b-5f77-a370-ee7d4edd3603"",""edition_id"":""urn:uuid:79e7c26f-be00-528c-9ca5-dbbdb85bf9b8"",""native_unit_id"":""OLP-0377"",""order_key"":""0377"",""ordinal"":377,""required"":null,""unit_id"":""urn:uuid:13ed2408-e2b6-5707-9580-86b6cfffd926"",""visible"":true},""record_type"":""course_unit_membership"",""recorded_at"":""2026-08-31T00:00:00Z"",""semantic_key"":""c80:openlogic:membership:OLP-0377""}"
urn:uuid:3f0ddb5e-91a1-5482-b4d4-65dfb3e841e2,course_unit_membership,"{""dataset_id"":""urn:uuid:fdfa2782-db96-5e60-bcb3-d206d78b960a"",""id"":""urn:uuid:3f0ddb5e-91a1-5482-b4d4-65dfb3e841e2"",""normalized_state"":""published"",""owner_authority_id"":""urn:uuid:ba324c09-ea3b-5b7d-a8de-40df0fcc5e83"",""owner_native_state"":""exact_closure_order"",""payload"":{""course_id"":""urn:uuid:f6271d1d-189b-5f77-a370-ee7d4edd3603"",""edition_id"":""urn:uuid:79e7c26f-be00-528c-9ca5-dbbdb85bf9b8"",""native_unit_id"":""OLP-0378"",""order_key"":""0378"",""ordinal"":378,""required"":null,""unit_id"":""urn:uuid:92be7be9-ff9f-507f-b787-d575216d0e7c"",""visible"":true},""record_type"":""course_unit_membership"",""recorded_at"":""2026-08-31T00:00:00Z"",""semantic_key"":""c80:openlogic:membership:OLP-0378""}"
urn:uuid:a7733ec2-1641-5405-a4c5-eed1c0f48246,course_unit_membership,"{""dataset_id"":""urn:uuid:fdfa2782-db96-5e60-bcb3-d206d78b960a"",""id"":""urn:uuid:a7733ec2-1641-5405-a4c5-eed1c0f48246"",""normalized_state"":""published"",""owner_authority_id"":""urn:uuid:ba324c09-ea3b-5b7d-a8de-40df0fcc5e83"",""owner_native_state"":""exact_closure_order"",""payload"":{""course_id"":""urn:uuid:f6271d1d-189b-5f77-a370-ee7d4edd3603"",""edition_id"":""urn:uuid:79e7c26f-be00-528c-9ca5-dbbdb85bf9b8"",""native_unit_id"":""OLP-0379"",""order_key"":""0379"",""ordinal"":379,""required"":null,""unit_id"":""urn:uuid:b7e70bb2-969c-5efd-9cad-647521bf0c58"",""visible"":true},""record_type"":""course_unit_membership"",""recorded_at"":""2026-08-31T00:00:00Z"",""semantic_key"":""c80:openlogic:membership:OLP-0379""}"
urn:uuid:7285ebe4-02a9-5997-8745-94b396eb9b97,course_unit_membership,"{""dataset_id"":""urn:uuid:fdfa2782-db96-5e60-bcb3-d206d78b960a"",""id"":""urn:uuid:7285ebe4-02a9-5997-8745-94b396eb9b97"",""normalized_state"":""published"",""owner_authority_id"":""urn:uuid:ba324c09-ea3b-5b7d-a8de-40df0fcc5e83"",""owner_native_state"":""exact_closure_order"",""payload"":{""course_id"":""urn:uuid:f6271d1d-189b-5f77-a370-ee7d4edd3603"",""edition_id"":""urn:uuid:79e7c26f-be00-528c-9ca5-dbbdb85bf9b8"",""native_unit_id"":""OLP-0380"",""order_key"":""0380"",""ordinal"":380,""required"":null,""unit_id"":""urn:uuid:e3e676ce-4406-5fc2-8537-c6b6ce5085a7"",""visible"":true},""record_type"":""course_unit_membership"",""recorded_at"":""2026-08-31T00:00:00Z"",""semantic_key"":""c80:openlogic:membership:OLP-0380""}"
urn:uuid:e02768c9-caa1-50d7-a21d-ad14312d4b12,course_unit_membership,"{""dataset_id"":""urn:uuid:fdfa2782-db96-5e60-bcb3-d206d78b960a"",""id"":""urn:uuid:e02768c9-caa1-50d7-a21d-ad14312d4b12"",""normalized_state"":""published"",""owner_authority_id"":""urn:uuid:ba324c09-ea3b-5b7d-a8de-40df0fcc5e83"",""owner_native_state"":""exact_closure_order"",""payload"":{""course_id"":""urn:uuid:f6271d1d-189b-5f77-a370-ee7d4edd3603"",""edition_id"":""urn:uuid:79e7c26f-be00-528c-9ca5-dbbdb85bf9b8"",""native_unit_id"":""OLP-0381"",""order_key"":""0381"",""ordinal"":381,""required"":null,""unit_id"":""urn:uuid:f78327e9-2d3f-501a-9a35-7791e56d9c19"",""visible"":true},""record_type"":""course_unit_membership"",""recorded_at"":""2026-08-31T00:00:00Z"",""semantic_key"":""c80:openlogic:membership:OLP-0381""}"
urn:uuid:74485bb0-66dd-5915-b452-b1cd029cd180,course_unit_membership,"{""dataset_id"":""urn:uuid:fdfa2782-db96-5e60-bcb3-d206d78b960a"",""id"":""urn:uuid:74485bb0-66dd-5915-b452-b1cd029cd180"",""normalized_state"":""published"",""owner_authority_id"":""urn:uuid:ba324c09-ea3b-5b7d-a8de-40df0fcc5e83"",""owner_native_state"":""exact_closure_order"",""payload"":{""course_id"":""urn:uuid:f6271d1d-189b-5f77-a370-ee7d4edd3603"",""edition_id"":""urn:uuid:79e7c26f-be00-528c-9ca5-dbbdb85bf9b8"",""native_unit_id"":""OLP-0382"",""order_key"":""0382"",""ordinal"":382,""required"":null,""unit_id"":""urn:uuid:25c7c21f-e1de-546f-b379-8d54a76dafda"",""visible"":true},""record_type"":""course_unit_membership"",""recorded_at"":""2026-08-31T00:00:00Z"",""semantic_key"":""c80:openlogic:membership:OLP-0382""}"
urn:uuid:d7c3952f-ff0f-5ca6-85da-4565352efd74,course_unit_membership,"{""dataset_id"":""urn:uuid:fdfa2782-db96-5e60-bcb3-d206d78b960a"",""id"":""urn:uuid:d7c3952f-ff0f-5ca6-85da-4565352efd74"",""normalized_state"":""published"",""owner_authority_id"":""urn:uuid:ba324c09-ea3b-5b7d-a8de-40df0fcc5e83"",""owner_native_state"":""exact_closure_order"",""payload"":{""course_id"":""urn:uuid:f6271d1d-189b-5f77-a370-ee7d4edd3603"",""edition_id"":""urn:uuid:79e7c26f-be00-528c-9ca5-dbbdb85bf9b8"",""native_unit_id"":""OLP-0383"",""order_key"":""0383"",""ordinal"":383,""required"":null,""unit_id"":""urn:uuid:db142681-d674-585d-9665-6ff918c5101e"",""visible"":true},""record_type"":""course_unit_membership"",""recorded_at"":""2026-08-31T00:00:00Z"",""semantic_key"":""c80:openlogic:membership:OLP-0383""}"
urn:uuid:fa3b762d-e9e0-5967-a979-bf3887974e05,course_unit_membership,"{""dataset_id"":""urn:uuid:fdfa2782-db96-5e60-bcb3-d206d78b960a"",""id"":""urn:uuid:fa3b762d-e9e0-5967-a979-bf3887974e05"",""normalized_state"":""published"",""owner_authority_id"":""urn:uuid:ba324c09-ea3b-5b7d-a8de-40df0fcc5e83"",""owner_native_state"":""exact_closure_order"",""payload"":{""course_id"":""urn:uuid:f6271d1d-189b-5f77-a370-ee7d4edd3603"",""edition_id"":""urn:uuid:79e7c26f-be00-528c-9ca5-dbbdb85bf9b8"",""native_unit_id"":""OLP-0384"",""order_key"":""0384"",""ordinal"":384,""required"":null,""unit_id"":""urn:uuid:dc4dd4e6-ff44-54d5-9013-e303b65c66b1"",""visible"":true},""record_type"":""course_unit_membership"",""recorded_at"":""2026-08-31T00:00:00Z"",""semantic_key"":""c80:openlogic:membership:OLP-0384""}"
urn:uuid:19b7c412-fe8b-56ec-b058-3d4d7538f786,course_unit_membership,"{""dataset_id"":""urn:uuid:fdfa2782-db96-5e60-bcb3-d206d78b960a"",""id"":""urn:uuid:19b7c412-fe8b-56ec-b058-3d4d7538f786"",""normalized_state"":""published"",""owner_authority_id"":""urn:uuid:ba324c09-ea3b-5b7d-a8de-40df0fcc5e83"",""owner_native_state"":""exact_closure_order"",""payload"":{""course_id"":""urn:uuid:f6271d1d-189b-5f77-a370-ee7d4edd3603"",""edition_id"":""urn:uuid:79e7c26f-be00-528c-9ca5-dbbdb85bf9b8"",""native_unit_id"":""OLP-0385"",""order_key"":""0385"",""ordinal"":385,""required"":null,""unit_id"":""urn:uuid:560289ad-6d80-53e9-9d74-dabfeeefe3eb"",""visible"":true},""record_type"":""course_unit_membership"",""recorded_at"":""2026-08-31T00:00:00Z"",""semantic_key"":""c80:openlogic:membership:OLP-0385""}"
urn:uuid:292d0c65-91ba-5068-9a0a-c62e0c8bd689,course_unit_membership,"{""dataset_id"":""urn:uuid:fdfa2782-db96-5e60-bcb3-d206d78b960a"",""id"":""urn:uuid:292d0c65-91ba-5068-9a0a-c62e0c8bd689"",""normalized_state"":""published"",""owner_authority_id"":""urn:uuid:ba324c09-ea3b-5b7d-a8de-40df0fcc5e83"",""owner_native_state"":""exact_closure_order"",""payload"":{""course_id"":""urn:uuid:f6271d1d-189b-5f77-a370-ee7d4edd3603"",""edition_id"":""urn:uuid:79e7c26f-be00-528c-9ca5-dbbdb85bf9b8"",""native_unit_id"":""OLP-0386"",""order_key"":""0386"",""ordinal"":386,""required"":null,""unit_id"":""urn:uuid:785fc139-4089-5582-a025-51d340df081f"",""visible"":true},""record_type"":""course_unit_membership"",""recorded_at"":""2026-08-31T00:00:00Z"",""semantic_key"":""c80:openlogic:membership:OLP-0386""}"
urn:uuid:41812a60-dea7-50eb-8df5-d91aa305c5ce,course_unit_membership,"{""dataset_id"":""urn:uuid:fdfa2782-db96-5e60-bcb3-d206d78b960a"",""id"":""urn:uuid:41812a60-dea7-50eb-8df5-d91aa305c5ce"",""normalized_state"":""published"",""owner_authority_id"":""urn:uuid:ba324c09-ea3b-5b7d-a8de-40df0fcc5e83"",""owner_native_state"":""exact_closure_order"",""payload"":{""course_id"":""urn:uuid:f6271d1d-189b-5f77-a370-ee7d4edd3603"",""edition_id"":""urn:uuid:79e7c26f-be00-528c-9ca5-dbbdb85bf9b8"",""native_unit_id"":""OLP-0387"",""order_key"":""0387"",""ordinal"":387,""required"":null,""unit_id"":""urn:uuid:492a3d66-6704-506a-b123-1fa33d717971"",""visible"":true},""record_type"":""course_unit_membership"",""recorded_at"":""2026-08-31T00:00:00Z"",""semantic_key"":""c80:openlogic:membership:OLP-0387""}"
urn:uuid:30d466d6-31c4-53c0-98fd-cb267735fe2d,course_unit_membership,"{""dataset_id"":""urn:uuid:fdfa2782-db96-5e60-bcb3-d206d78b960a"",""id"":""urn:uuid:30d466d6-31c4-53c0-98fd-cb267735fe2d"",""normalized_state"":""published"",""owner_authority_id"":""urn:uuid:ba324c09-ea3b-5b7d-a8de-40df0fcc5e83"",""owner_native_state"":""exact_closure_order"",""payload"":{""course_id"":""urn:uuid:f6271d1d-189b-5f77-a370-ee7d4edd3603"",""edition_id"":""urn:uuid:79e7c26f-be00-528c-9ca5-dbbdb85bf9b8"",""native_unit_id"":""OLP-0388"",""order_key"":""0388"",""ordinal"":388,""required"":null,""unit_id"":""urn:uuid:4ec4c1a2-7c78-5d14-b5da-0ebec1d874aa"",""visible"":true},""record_type"":""course_unit_membership"",""recorded_at"":""2026-08-31T00:00:00Z"",""semantic_key"":""c80:openlogic:membership:OLP-0388""}"
urn:uuid:a7793cff-1efb-5643-8385-a55545d40897,course_unit_membership,"{""dataset_id"":""urn:uuid:fdfa2782-db96-5e60-bcb3-d206d78b960a"",""id"":""urn:uuid:a7793cff-1efb-5643-8385-a55545d40897"",""normalized_state"":""published"",""owner_authority_id"":""urn:uuid:ba324c09-ea3b-5b7d-a8de-40df0fcc5e83"",""owner_native_state"":""exact_closure_order"",""payload"":{""course_id"":""urn:uuid:f6271d1d-189b-5f77-a370-ee7d4edd3603"",""edition_id"":""urn:uuid:79e7c26f-be00-528c-9ca5-dbbdb85bf9b8"",""native_unit_id"":""OLP-0389"",""order_key"":""0389"",""ordinal"":389,""required"":null,""unit_id"":""urn:uuid:1e99403d-2cbd-5d0c-843e-1236a71f921f"",""visible"":true},""record_type"":""course_unit_membership"",""recorded_at"":""2026-08-31T00:00:00Z"",""semantic_key"":""c80:openlogic:membership:OLP-0389""}"
urn:uuid:f37b9d30-9898-5624-8846-069d1dc6ae9f,course_unit_membership,"{""dataset_id"":""urn:uuid:fdfa2782-db96-5e60-bcb3-d206d78b960a"",""id"":""urn:uuid:f37b9d30-9898-5624-8846-069d1dc6ae9f"",""normalized_state"":""published"",""owner_authority_id"":""urn:uuid:ba324c09-ea3b-5b7d-a8de-40df0fcc5e83"",""owner_native_state"":""exact_closure_order"",""payload"":{""course_id"":""urn:uuid:f6271d1d-189b-5f77-a370-ee7d4edd3603"",""edition_id"":""urn:uuid:79e7c26f-be00-528c-9ca5-dbbdb85bf9b8"",""native_unit_id"":""OLP-0390"",""order_key"":""0390"",""ordinal"":390,""required"":null,""unit_id"":""urn:uuid:1fc98585-5819-5f86-bb40-c14b0f31c18f"",""visible"":true},""record_type"":""course_unit_membership"",""recorded_at"":""2026-08-31T00:00:00Z"",""semantic_key"":""c80:openlogic:membership:OLP-0390""}"
urn:uuid:89521623-60f2-5d38-bb63-43861cf58d04,course_unit_membership,"{""dataset_id"":""urn:uuid:fdfa2782-db96-5e60-bcb3-d206d78b960a"",""id"":""urn:uuid:89521623-60f2-5d38-bb63-43861cf58d04"",""normalized_state"":""published"",""owner_authority_id"":""urn:uuid:ba324c09-ea3b-5b7d-a8de-40df0fcc5e83"",""owner_native_state"":""exact_closure_order"",""payload"":{""course_id"":""urn:uuid:f6271d1d-189b-5f77-a370-ee7d4edd3603"",""edition_id"":""urn:uuid:79e7c26f-be00-528c-9ca5-dbbdb85bf9b8"",""native_unit_id"":""OLP-0391"",""order_key"":""0391"",""ordinal"":391,""required"":null,""unit_id"":""urn:uuid:20ba92ed-21a0-5d50-b9c8-6ec179e5ef7f"",""visible"":true},""record_type"":""course_unit_membership"",""recorded_at"":""2026-08-31T00:00:00Z"",""semantic_key"":""c80:openlogic:membership:OLP-0391""}"
urn:uuid:6b13a438-5d01-50c2-8763-572a707ab206,course_unit_membership,"{""dataset_id"":""urn:uuid:fdfa2782-db96-5e60-bcb3-d206d78b960a"",""id"":""urn:uuid:6b13a438-5d01-50c2-8763-572a707ab206"",""normalized_state"":""published"",""owner_authority_id"":""urn:uuid:ba324c09-ea3b-5b7d-a8de-40df0fcc5e83"",""owner_native_state"":""exact_closure_order"",""payload"":{""course_id"":""urn:uuid:f6271d1d-189b-5f77-a370-ee7d4edd3603"",""edition_id"":""urn:uuid:79e7c26f-be00-528c-9ca5-dbbdb85bf9b8"",""native_unit_id"":""OLP-0392"",""order_key"":""0392"",""ordinal"":392,""required"":null,""unit_id"":""urn:uuid:b4cf3025-7a53-5260-8938-217b88b0988d"",""visible"":true},""record_type"":""course_unit_membership"",""recorded_at"":""2026-08-31T00:00:00Z"",""semantic_key"":""c80:openlogic:membership:OLP-0392""}"
urn:uuid:527126ab-4bb3-5b9a-8fb5-f3ba80a417ed,course_unit_membership,"{""dataset_id"":""urn:uuid:fdfa2782-db96-5e60-bcb3-d206d78b960a"",""id"":""urn:uuid:527126ab-4bb3-5b9a-8fb5-f3ba80a417ed"",""normalized_state"":""published"",""owner_authority_id"":""urn:uuid:ba324c09-ea3b-5b7d-a8de-40df0fcc5e83"",""owner_native_state"":""exact_closure_order"",""payload"":{""course_id"":""urn:uuid:f6271d1d-189b-5f77-a370-ee7d4edd3603"",""edition_id"":""urn:uuid:79e7c26f-be00-528c-9ca5-dbbdb85bf9b8"",""native_unit_id"":""OLP-0393"",""order_key"":""0393"",""ordinal"":393,""required"":null,""unit_id"":""urn:uuid:fd7266e5-5ac2-50df-9c57-c9450e8a2c77"",""visible"":true},""record_type"":""course_unit_membership"",""recorded_at"":""2026-08-31T00:00:00Z"",""semantic_key"":""c80:openlogic:membership:OLP-0393""}"
urn:uuid:017bf0f9-f315-5f36-a3c7-3a2fc0d88d69,course_unit_membership,"{""dataset_id"":""urn:uuid:fdfa2782-db96-5e60-bcb3-d206d78b960a"",""id"":""urn:uuid:017bf0f9-f315-5f36-a3c7-3a2fc0d88d69"",""normalized_state"":""published"",""owner_authority_id"":""urn:uuid:ba324c09-ea3b-5b7d-a8de-40df0fcc5e83"",""owner_native_state"":""exact_closure_order"",""payload"":{""course_id"":""urn:uuid:f6271d1d-189b-5f77-a370-ee7d4edd3603"",""edition_id"":""urn:uuid:79e7c26f-be00-528c-9ca5-dbbdb85bf9b8"",""native_unit_id"":""OLP-0394"",""order_key"":""0394"",""ordinal"":394,""required"":null,""unit_id"":""urn:uuid:d3e57e9c-5b37-5c23-8e7c-85f39b9cccd5"",""visible"":true},""record_type"":""course_unit_membership"",""recorded_at"":""2026-08-31T00:00:00Z"",""semantic_key"":""c80:openlogic:membership:OLP-0394""}"
urn:uuid:4360b71a-8854-5a16-9ac3-f271ad7f897c,course_unit_membership,"{""dataset_id"":""urn:uuid:fdfa2782-db96-5e60-bcb3-d206d78b960a"",""id"":""urn:uuid:4360b71a-8854-5a16-9ac3-f271ad7f897c"",""normalized_state"":""published"",""owner_authority_id"":""urn:uuid:ba324c09-ea3b-5b7d-a8de-40df0fcc5e83"",""owner_native_state"":""exact_closure_order"",""payload"":{""course_id"":""urn:uuid:f6271d1d-189b-5f77-a370-ee7d4edd3603"",""edition_id"":""urn:uuid:79e7c26f-be00-528c-9ca5-dbbdb85bf9b8"",""native_unit_id"":""OLP-0395"",""order_key"":""0395"",""ordinal"":395,""required"":null,""unit_id"":""urn:uuid:3d7ef30c-af2a-5b44-9fdf-f9caf36a2e9a"",""visible"":true},""record_type"":""course_unit_membership"",""recorded_at"":""2026-08-31T00:00:00Z"",""semantic_key"":""c80:openlogic:membership:OLP-0395""}"
urn:uuid:a250a1bb-f0a5-5984-a2d1-c76b0a25a3df,course_unit_membership,"{""dataset_id"":""urn:uuid:fdfa2782-db96-5e60-bcb3-d206d78b960a"",""id"":""urn:uuid:a250a1bb-f0a5-5984-a2d1-c76b0a25a3df"",""normalized_state"":""published"",""owner_authority_id"":""urn:uuid:ba324c09-ea3b-5b7d-a8de-40df0fcc5e83"",""owner_native_state"":""exact_closure_order"",""payload"":{""course_id"":""urn:uuid:f6271d1d-189b-5f77-a370-ee7d4edd3603"",""edition_id"":""urn:uuid:79e7c26f-be00-528c-9ca5-dbbdb85bf9b8"",""native_unit_id"":""OLP-0396"",""order_key"":""0396"",""ordinal"":396,""required"":null,""unit_id"":""urn:uuid:a1bae3e0-df5d-5892-9037-59dd7e54eddf"",""visible"":true},""record_type"":""course_unit_membership"",""recorded_at"":""2026-08-31T00:00:00Z"",""semantic_key"":""c80:openlogic:membership:OLP-0396""}"
urn:uuid:f6a13551-37c9-5be2-8d0f-00aeb5807311,course_unit_membership,"{""dataset_id"":""urn:uuid:fdfa2782-db96-5e60-bcb3-d206d78b960a"",""id"":""urn:uuid:f6a13551-37c9-5be2-8d0f-00aeb5807311"",""normalized_state"":""published"",""owner_authority_id"":""urn:uuid:ba324c09-ea3b-5b7d-a8de-40df0fcc5e83"",""owner_native_state"":""exact_closure_order"",""payload"":{""course_id"":""urn:uuid:f6271d1d-189b-5f77-a370-ee7d4edd3603"",""edition_id"":""urn:uuid:79e7c26f-be00-528c-9ca5-dbbdb85bf9b8"",""native_unit_id"":""OLP-0397"",""order_key"":""0397"",""ordinal"":397,""required"":null,""unit_id"":""urn:uuid:64ef46ca-83c3-5c1e-b5eb-5e244d49ec74"",""visible"":true},""record_type"":""course_unit_membership"",""recorded_at"":""2026-08-31T00:00:00Z"",""semantic_key"":""c80:openlogic:membership:OLP-0397""}"
urn:uuid:adaeba85-6169-5d17-8447-05e7cc57b089,course_unit_membership,"{""dataset_id"":""urn:uuid:fdfa2782-db96-5e60-bcb3-d206d78b960a"",""id"":""urn:uuid:adaeba85-6169-5d17-8447-05e7cc57b089"",""normalized_state"":""published"",""owner_authority_id"":""urn:uuid:ba324c09-ea3b-5b7d-a8de-40df0fcc5e83"",""owner_native_state"":""exact_closure_order"",""payload"":{""course_id"":""urn:uuid:f6271d1d-189b-5f77-a370-ee7d4edd3603"",""edition_id"":""urn:uuid:79e7c26f-be00-528c-9ca5-dbbdb85bf9b8"",""native_unit_id"":""OLP-0398"",""order_key"":""0398"",""ordinal"":398,""required"":null,""unit_id"":""urn:uuid:8fa9702f-9a50-578a-bcd0-f43bd6cdc46a"",""visible"":true},""record_type"":""course_unit_membership"",""recorded_at"":""2026-08-31T00:00:00Z"",""semantic_key"":""c80:openlogic:membership:OLP-0398""}"
urn:uuid:133a1bf8-f51c-5b2f-8f58-83fa66bc7f3e,course_unit_membership,"{""dataset_id"":""urn:uuid:fdfa2782-db96-5e60-bcb3-d206d78b960a"",""id"":""urn:uuid:133a1bf8-f51c-5b2f-8f58-83fa66bc7f3e"",""normalized_state"":""published"",""owner_authority_id"":""urn:uuid:ba324c09-ea3b-5b7d-a8de-40df0fcc5e83"",""owner_native_state"":""exact_closure_order"",""payload"":{""course_id"":""urn:uuid:f6271d1d-189b-5f77-a370-ee7d4edd3603"",""edition_id"":""urn:uuid:79e7c26f-be00-528c-9ca5-dbbdb85bf9b8"",""native_unit_id"":""OLP-0399"",""order_key"":""0399"",""ordinal"":399,""required"":null,""unit_id"":""urn:uuid:7fd44070-ea7a-5322-8fc3-dd804f10b811"",""visible"":true},""record_type"":""course_unit_membership"",""recorded_at"":""2026-08-31T00:00:00Z"",""semantic_key"":""c80:openlogic:membership:OLP-0399""}"
urn:uuid:ba67e0d7-a3c4-5c3f-b983-e03ca178eb3c,course_unit_membership,"{""dataset_id"":""urn:uuid:fdfa2782-db96-5e60-bcb3-d206d78b960a"",""id"":""urn:uuid:ba67e0d7-a3c4-5c3f-b983-e03ca178eb3c"",""normalized_state"":""published"",""owner_authority_id"":""urn:uuid:ba324c09-ea3b-5b7d-a8de-40df0fcc5e83"",""owner_native_state"":""exact_closure_order"",""payload"":{""course_id"":""urn:uuid:f6271d1d-189b-5f77-a370-ee7d4edd3603"",""edition_id"":""urn:uuid:79e7c26f-be00-528c-9ca5-dbbdb85bf9b8"",""native_unit_id"":""OLP-0400"",""order_key"":""0400"",""ordinal"":400,""required"":null,""unit_id"":""urn:uuid:ad9d9897-de29-5bd0-bce5-7db3200fd7c9"",""visible"":true},""record_type"":""course_unit_membership"",""recorded_at"":""2026-08-31T00:00:00Z"",""semantic_key"":""c80:openlogic:membership:OLP-0400""}"
urn:uuid:5242c276-da4b-5f02-b18e-8e7017f666bc,course_unit_membership,"{""dataset_id"":""urn:uuid:fdfa2782-db96-5e60-bcb3-d206d78b960a"",""id"":""urn:uuid:5242c276-da4b-5f02-b18e-8e7017f666bc"",""normalized_state"":""published"",""owner_authority_id"":""urn:uuid:ba324c09-ea3b-5b7d-a8de-40df0fcc5e83"",""owner_native_state"":""exact_closure_order"",""payload"":{""course_id"":""urn:uuid:f6271d1d-189b-5f77-a370-ee7d4edd3603"",""edition_id"":""urn:uuid:79e7c26f-be00-528c-9ca5-dbbdb85bf9b8"",""native_unit_id"":""OLP-0401"",""order_key"":""0401"",""ordinal"":401,""required"":null,""unit_id"":""urn:uuid:c0ffc5e2-7194-5824-b4ce-53c84e0d658d"",""visible"":true},""record_type"":""course_unit_membership"",""recorded_at"":""2026-08-31T00:00:00Z"",""semantic_key"":""c80:openlogic:membership:OLP-0401""}"
urn:uuid:ec10c5d7-3844-5f0c-9c68-26818cf34dab,course_unit_membership,"{""dataset_id"":""urn:uuid:fdfa2782-db96-5e60-bcb3-d206d78b960a"",""id"":""urn:uuid:ec10c5d7-3844-5f0c-9c68-26818cf34dab"",""normalized_state"":""published"",""owner_authority_id"":""urn:uuid:ba324c09-ea3b-5b7d-a8de-40df0fcc5e83"",""owner_native_state"":""exact_closure_order"",""payload"":{""course_id"":""urn:uuid:f6271d1d-189b-5f77-a370-ee7d4edd3603"",""edition_id"":""urn:uuid:79e7c26f-be00-528c-9ca5-dbbdb85bf9b8"",""native_unit_id"":""OLP-0402"",""order_key"":""0402"",""ordinal"":402,""required"":null,""unit_id"":""urn:uuid:0aadc503-a416-5356-8a6d-28e6438c9c66"",""visible"":true},""record_type"":""course_unit_membership"",""recorded_at"":""2026-08-31T00:00:00Z"",""semantic_key"":""c80:openlogic:membership:OLP-0402""}"
urn:uuid:6c521d45-a8fc-5590-ad2b-e71ecd9f1d57,course_unit_membership,"{""dataset_id"":""urn:uuid:fdfa2782-db96-5e60-bcb3-d206d78b960a"",""id"":""urn:uuid:6c521d45-a8fc-5590-ad2b-e71ecd9f1d57"",""normalized_state"":""published"",""owner_authority_id"":""urn:uuid:ba324c09-ea3b-5b7d-a8de-40df0fcc5e83"",""owner_native_state"":""exact_closure_order"",""payload"":{""course_id"":""urn:uuid:f6271d1d-189b-5f77-a370-ee7d4edd3603"",""edition_id"":""urn:uuid:79e7c26f-be00-528c-9ca5-dbbdb85bf9b8"",""native_unit_id"":""OLP-0403"",""order_key"":""0403"",""ordinal"":403,""required"":null,""unit_id"":""urn:uuid:c4266d56-e1e2-59b1-a18c-d2de9ba6b624"",""visible"":true},""record_type"":""course_unit_membership"",""recorded_at"":""2026-08-31T00:00:00Z"",""semantic_key"":""c80:openlogic:membership:OLP-0403""}"
urn:uuid:f06654f3-8e6c-545f-83bc-f48b99516352,course_unit_membership,"{""dataset_id"":""urn:uuid:fdfa2782-db96-5e60-bcb3-d206d78b960a"",""id"":""urn:uuid:f06654f3-8e6c-545f-83bc-f48b99516352"",""normalized_state"":""published"",""owner_authority_id"":""urn:uuid:ba324c09-ea3b-5b7d-a8de-40df0fcc5e83"",""owner_native_state"":""exact_closure_order"",""payload"":{""course_id"":""urn:uuid:f6271d1d-189b-5f77-a370-ee7d4edd3603"",""edition_id"":""urn:uuid:79e7c26f-be00-528c-9ca5-dbbdb85bf9b8"",""native_unit_id"":""OLP-0404"",""order_key"":""0404"",""ordinal"":404,""required"":null,""unit_id"":""urn:uuid:8111ba8a-e30e-5a32-8b16-ef5c7d90140a"",""visible"":true},""record_type"":""course_unit_membership"",""recorded_at"":""2026-08-31T00:00:00Z"",""semantic_key"":""c80:openlogic:membership:OLP-0404""}"
urn:uuid:f9b42e60-b19b-502c-858f-684c3f6a991b,course_unit_membership,"{""dataset_id"":""urn:uuid:fdfa2782-db96-5e60-bcb3-d206d78b960a"",""id"":""urn:uuid:f9b42e60-b19b-502c-858f-684c3f6a991b"",""normalized_state"":""published"",""owner_authority_id"":""urn:uuid:ba324c09-ea3b-5b7d-a8de-40df0fcc5e83"",""owner_native_state"":""exact_closure_order"",""payload"":{""course_id"":""urn:uuid:f6271d1d-189b-5f77-a370-ee7d4edd3603"",""edition_id"":""urn:uuid:79e7c26f-be00-528c-9ca5-dbbdb85bf9b8"",""native_unit_id"":""OLP-0405"",""order_key"":""0405"",""ordinal"":405,""required"":null,""unit_id"":""urn:uuid:00e3811e-ea19-5373-ae65-d0932cf243bc"",""visible"":true},""record_type"":""course_unit_membership"",""recorded_at"":""2026-08-31T00:00:00Z"",""semantic_key"":""c80:openlogic:membership:OLP-0405""}"
urn:uuid:8e7f4314-d01f-563d-a27b-1a34808a36a7,course_unit_membership,"{""dataset_id"":""urn:uuid:fdfa2782-db96-5e60-bcb3-d206d78b960a"",""id"":""urn:uuid:8e7f4314-d01f-563d-a27b-1a34808a36a7"",""normalized_state"":""published"",""owner_authority_id"":""urn:uuid:ba324c09-ea3b-5b7d-a8de-40df0fcc5e83"",""owner_native_state"":""exact_closure_order"",""payload"":{""course_id"":""urn:uuid:f6271d1d-189b-5f77-a370-ee7d4edd3603"",""edition_id"":""urn:uuid:79e7c26f-be00-528c-9ca5-dbbdb85bf9b8"",""native_unit_id"":""OLP-0406"",""order_key"":""0406"",""ordinal"":406,""required"":null,""unit_id"":""urn:uuid:69fb6e9e-9d52-503c-9e4f-b798a732f3eb"",""visible"":true},""record_type"":""course_unit_membership"",""recorded_at"":""2026-08-31T00:00:00Z"",""semantic_key"":""c80:openlogic:membership:OLP-0406""}"
urn:uuid:1521d28d-33fc-50e4-860f-44b898011a76,course_unit_membership,"{""dataset_id"":""urn:uuid:fdfa2782-db96-5e60-bcb3-d206d78b960a"",""id"":""urn:uuid:1521d28d-33fc-50e4-860f-44b898011a76"",""normalized_state"":""published"",""owner_authority_id"":""urn:uuid:ba324c09-ea3b-5b7d-a8de-40df0fcc5e83"",""owner_native_state"":""exact_closure_order"",""payload"":{""course_id"":""urn:uuid:f6271d1d-189b-5f77-a370-ee7d4edd3603"",""edition_id"":""urn:uuid:79e7c26f-be00-528c-9ca5-dbbdb85bf9b8"",""native_unit_id"":""OLP-0407"",""order_key"":""0407"",""ordinal"":407,""required"":null,""unit_id"":""urn:uuid:85630e2f-38d6-56fc-a451-4f3ddf1729b7"",""visible"":true},""record_type"":""course_unit_membership"",""recorded_at"":""2026-08-31T00:00:00Z"",""semantic_key"":""c80:openlogic:membership:OLP-0407""}"
urn:uuid:13852a6d-83da-582a-b280-75e2a64dd36e,course_unit_membership,"{""dataset_id"":""urn:uuid:fdfa2782-db96-5e60-bcb3-d206d78b960a"",""id"":""urn:uuid:13852a6d-83da-582a-b280-75e2a64dd36e"",""normalized_state"":""published"",""owner_authority_id"":""urn:uuid:ba324c09-ea3b-5b7d-a8de-40df0fcc5e83"",""owner_native_state"":""exact_closure_order"",""payload"":{""course_id"":""urn:uuid:f6271d1d-189b-5f77-a370-ee7d4edd3603"",""edition_id"":""urn:uuid:79e7c26f-be00-528c-9ca5-dbbdb85bf9b8"",""native_unit_id"":""OLP-0408"",""order_key"":""0408"",""ordinal"":408,""required"":null,""unit_id"":""urn:uuid:ba719934-4df1-59e3-838f-8b1e2f52b9bf"",""visible"":true},""record_type"":""course_unit_membership"",""recorded_at"":""2026-08-31T00:00:00Z"",""semantic_key"":""c80:openlogic:membership:OLP-0408""}"
urn:uuid:df1d4f7d-3375-5490-8543-1dcb1e18837d,course_unit_membership,"{""dataset_id"":""urn:uuid:fdfa2782-db96-5e60-bcb3-d206d78b960a"",""id"":""urn:uuid:df1d4f7d-3375-5490-8543-1dcb1e18837d"",""normalized_state"":""published"",""owner_authority_id"":""urn:uuid:ba324c09-ea3b-5b7d-a8de-40df0fcc5e83"",""owner_native_state"":""exact_closure_order"",""payload"":{""course_id"":""urn:uuid:f6271d1d-189b-5f77-a370-ee7d4edd3603"",""edition_id"":""urn:uuid:79e7c26f-be00-528c-9ca5-dbbdb85bf9b8"",""native_unit_id"":""OLP-0409"",""order_key"":""0409"",""ordinal"":409,""required"":null,""unit_id"":""urn:uuid:76dec377-88a0-523c-8521-131051e9f79b"",""visible"":true},""record_type"":""course_unit_membership"",""recorded_at"":""2026-08-31T00:00:00Z"",""semantic_key"":""c80:openlogic:membership:OLP-0409""}"
urn:uuid:f74963f0-0a60-5206-a615-4da803634454,course_unit_membership,"{""dataset_id"":""urn:uuid:fdfa2782-db96-5e60-bcb3-d206d78b960a"",""id"":""urn:uuid:f74963f0-0a60-5206-a615-4da803634454"",""normalized_state"":""published"",""owner_authority_id"":""urn:uuid:ba324c09-ea3b-5b7d-a8de-40df0fcc5e83"",""owner_native_state"":""exact_closure_order"",""payload"":{""course_id"":""urn:uuid:f6271d1d-189b-5f77-a370-ee7d4edd3603"",""edition_id"":""urn:uuid:79e7c26f-be00-528c-9ca5-dbbdb85bf9b8"",""native_unit_id"":""OLP-0410"",""order_key"":""0410"",""ordinal"":410,""required"":null,""unit_id"":""urn:uuid:be9fd8bc-410f-5b27-99b3-1cba79b013cf"",""visible"":true},""record_type"":""course_unit_membership"",""recorded_at"":""2026-08-31T00:00:00Z"",""semantic_key"":""c80:openlogic:membership:OLP-0410""}"
urn:uuid:d13f6039-cc6a-5842-a06e-2574f191255b,course_unit_membership,"{""dataset_id"":""urn:uuid:fdfa2782-db96-5e60-bcb3-d206d78b960a"",""id"":""urn:uuid:d13f6039-cc6a-5842-a06e-2574f191255b"",""normalized_state"":""published"",""owner_authority_id"":""urn:uuid:ba324c09-ea3b-5b7d-a8de-40df0fcc5e83"",""owner_native_state"":""exact_closure_order"",""payload"":{""course_id"":""urn:uuid:f6271d1d-189b-5f77-a370-ee7d4edd3603"",""edition_id"":""urn:uuid:79e7c26f-be00-528c-9ca5-dbbdb85bf9b8"",""native_unit_id"":""OLP-0411"",""order_key"":""0411"",""ordinal"":411,""required"":null,""unit_id"":""urn:uuid:cf1d129c-84c5-5a0d-9480-dcc818e1ad84"",""visible"":true},""record_type"":""course_unit_membership"",""recorded_at"":""2026-08-31T00:00:00Z"",""semantic_key"":""c80:openlogic:membership:OLP-0411""}"
urn:uuid:4f644d0a-2428-52ed-8798-ea3768d8be1a,course_unit_membership,"{""dataset_id"":""urn:uuid:fdfa2782-db96-5e60-bcb3-d206d78b960a"",""id"":""urn:uuid:4f644d0a-2428-52ed-8798-ea3768d8be1a"",""normalized_state"":""published"",""owner_authority_id"":""urn:uuid:ba324c09-ea3b-5b7d-a8de-40df0fcc5e83"",""owner_native_state"":""exact_closure_order"",""payload"":{""course_id"":""urn:uuid:f6271d1d-189b-5f77-a370-ee7d4edd3603"",""edition_id"":""urn:uuid:79e7c26f-be00-528c-9ca5-dbbdb85bf9b8"",""native_unit_id"":""OLP-0412"",""order_key"":""0412"",""ordinal"":412,""required"":null,""unit_id"":""urn:uuid:c630035f-b40d-5edb-8d97-e29b0c39a62d"",""visible"":true},""record_type"":""course_unit_membership"",""recorded_at"":""2026-08-31T00:00:00Z"",""semantic_key"":""c80:openlogic:membership:OLP-0412""}"
urn:uuid:a6926865-fb95-5f6b-9d04-1d400b63be17,course_unit_membership,"{""dataset_id"":""urn:uuid:fdfa2782-db96-5e60-bcb3-d206d78b960a"",""id"":""urn:uuid:a6926865-fb95-5f6b-9d04-1d400b63be17"",""normalized_state"":""published"",""owner_authority_id"":""urn:uuid:ba324c09-ea3b-5b7d-a8de-40df0fcc5e83"",""owner_native_state"":""exact_closure_order"",""payload"":{""course_id"":""urn:uuid:f6271d1d-189b-5f77-a370-ee7d4edd3603"",""edition_id"":""urn:uuid:79e7c26f-be00-528c-9ca5-dbbdb85bf9b8"",""native_unit_id"":""OLP-0413"",""order_key"":""0413"",""ordinal"":413,""required"":null,""unit_id"":""urn:uuid:12dd0329-8feb-53af-b76d-696a9bf40e3f"",""visible"":true},""record_type"":""course_unit_membership"",""recorded_at"":""2026-08-31T00:00:00Z"",""semantic_key"":""c80:openlogic:membership:OLP-0413""}"
urn:uuid:b48f7956-3b71-57e4-90ec-e83691b1b368,course_unit_membership,"{""dataset_id"":""urn:uuid:fdfa2782-db96-5e60-bcb3-d206d78b960a"",""id"":""urn:uuid:b48f7956-3b71-57e4-90ec-e83691b1b368"",""normalized_state"":""published"",""owner_authority_id"":""urn:uuid:ba324c09-ea3b-5b7d-a8de-40df0fcc5e83"",""owner_native_state"":""exact_closure_order"",""payload"":{""course_id"":""urn:uuid:f6271d1d-189b-5f77-a370-ee7d4edd3603"",""edition_id"":""urn:uuid:79e7c26f-be00-528c-9ca5-dbbdb85bf9b8"",""native_unit_id"":""OLP-0414"",""order_key"":""0414"",""ordinal"":414,""required"":null,""unit_id"":""urn:uuid:f1129d20-f73e-55cb-8c84-cb53ba64569a"",""visible"":true},""record_type"":""course_unit_membership"",""recorded_at"":""2026-08-31T00:00:00Z"",""semantic_key"":""c80:openlogic:membership:OLP-0414""}"
urn:uuid:cb24f430-38df-5624-9c74-439432f591a1,course_unit_membership,"{""dataset_id"":""urn:uuid:fdfa2782-db96-5e60-bcb3-d206d78b960a"",""id"":""urn:uuid:cb24f430-38df-5624-9c74-439432f591a1"",""normalized_state"":""published"",""owner_authority_id"":""urn:uuid:ba324c09-ea3b-5b7d-a8de-40df0fcc5e83"",""owner_native_state"":""exact_closure_order"",""payload"":{""course_id"":""urn:uuid:f6271d1d-189b-5f77-a370-ee7d4edd3603"",""edition_id"":""urn:uuid:79e7c26f-be00-528c-9ca5-dbbdb85bf9b8"",""native_unit_id"":""OLP-0415"",""order_key"":""0415"",""ordinal"":415,""required"":null,""unit_id"":""urn:uuid:ec0dcd89-cc39-5ed7-a649-6aed2f5d847f"",""visible"":true},""record_type"":""course_unit_membership"",""recorded_at"":""2026-08-31T00:00:00Z"",""semantic_key"":""c80:openlogic:membership:OLP-0415""}"
urn:uuid:2ae55531-699c-5156-a8f7-1f976ef45bf1,course_unit_membership,"{""dataset_id"":""urn:uuid:fdfa2782-db96-5e60-bcb3-d206d78b960a"",""id"":""urn:uuid:2ae55531-699c-5156-a8f7-1f976ef45bf1"",""normalized_state"":""published"",""owner_authority_id"":""urn:uuid:ba324c09-ea3b-5b7d-a8de-40df0fcc5e83"",""owner_native_state"":""exact_closure_order"",""payload"":{""course_id"":""urn:uuid:f6271d1d-189b-5f77-a370-ee7d4edd3603"",""edition_id"":""urn:uuid:79e7c26f-be00-528c-9ca5-dbbdb85bf9b8"",""native_unit_id"":""OLP-0416"",""order_key"":""0416"",""ordinal"":416,""required"":null,""unit_id"":""urn:uuid:58469e5e-3712-50ef-a478-3fbc99f80b8e"",""visible"":true},""record_type"":""course_unit_membership"",""recorded_at"":""2026-08-31T00:00:00Z"",""semantic_key"":""c80:openlogic:membership:OLP-0416""}"
urn:uuid:eeb5043c-3af6-5b61-842e-edda16217a92,course_unit_membership,"{""dataset_id"":""urn:uuid:fdfa2782-db96-5e60-bcb3-d206d78b960a"",""id"":""urn:uuid:eeb5043c-3af6-5b61-842e-edda16217a92"",""normalized_state"":""published"",""owner_authority_id"":""urn:uuid:ba324c09-ea3b-5b7d-a8de-40df0fcc5e83"",""owner_native_state"":""exact_closure_order"",""payload"":{""course_id"":""urn:uuid:f6271d1d-189b-5f77-a370-ee7d4edd3603"",""edition_id"":""urn:uuid:79e7c26f-be00-528c-9ca5-dbbdb85bf9b8"",""native_unit_id"":""OLP-0417"",""order_key"":""0417"",""ordinal"":417,""required"":null,""unit_id"":""urn:uuid:996670c9-818b-5a21-a874-f26c3d03b233"",""visible"":true},""record_type"":""course_unit_membership"",""recorded_at"":""2026-08-31T00:00:00Z"",""semantic_key"":""c80:openlogic:membership:OLP-0417""}"
urn:uuid:3ee36204-23a6-543b-b4e7-63f102eb8b09,course_unit_membership,"{""dataset_id"":""urn:uuid:fdfa2782-db96-5e60-bcb3-d206d78b960a"",""id"":""urn:uuid:3ee36204-23a6-543b-b4e7-63f102eb8b09"",""normalized_state"":""published"",""owner_authority_id"":""urn:uuid:ba324c09-ea3b-5b7d-a8de-40df0fcc5e83"",""owner_native_state"":""exact_closure_order"",""payload"":{""course_id"":""urn:uuid:f6271d1d-189b-5f77-a370-ee7d4edd3603"",""edition_id"":""urn:uuid:79e7c26f-be00-528c-9ca5-dbbdb85bf9b8"",""native_unit_id"":""OLP-0418"",""order_key"":""0418"",""ordinal"":418,""required"":null,""unit_id"":""urn:uuid:686dc759-dbe3-5b34-b310-1e8c22b93b6b"",""visible"":true},""record_type"":""course_unit_membership"",""recorded_at"":""2026-08-31T00:00:00Z"",""semantic_key"":""c80:openlogic:membership:OLP-0418""}"
urn:uuid:bde8e246-c8a2-5631-809a-d9ec0587ca05,course_unit_membership,"{""dataset_id"":""urn:uuid:fdfa2782-db96-5e60-bcb3-d206d78b960a"",""id"":""urn:uuid:bde8e246-c8a2-5631-809a-d9ec0587ca05"",""normalized_state"":""published"",""owner_authority_id"":""urn:uuid:ba324c09-ea3b-5b7d-a8de-40df0fcc5e83"",""owner_native_state"":""exact_closure_order"",""payload"":{""course_id"":""urn:uuid:f6271d1d-189b-5f77-a370-ee7d4edd3603"",""edition_id"":""urn:uuid:79e7c26f-be00-528c-9ca5-dbbdb85bf9b8"",""native_unit_id"":""OLP-0419"",""order_key"":""0419"",""ordinal"":419,""required"":null,""unit_id"":""urn:uuid:6355277d-df13-592b-9033-2e74d12f4eb0"",""visible"":true},""record_type"":""course_unit_membership"",""recorded_at"":""2026-08-31T00:00:00Z"",""semantic_key"":""c80:openlogic:membership:OLP-0419""}"
urn:uuid:48dc4f80-9d97-5a15-be5f-0bafbea42303,course_unit_membership,"{""dataset_id"":""urn:uuid:fdfa2782-db96-5e60-bcb3-d206d78b960a"",""id"":""urn:uuid:48dc4f80-9d97-5a15-be5f-0bafbea42303"",""normalized_state"":""published"",""owner_authority_id"":""urn:uuid:ba324c09-ea3b-5b7d-a8de-40df0fcc5e83"",""owner_native_state"":""exact_closure_order"",""payload"":{""course_id"":""urn:uuid:f6271d1d-189b-5f77-a370-ee7d4edd3603"",""edition_id"":""urn:uuid:79e7c26f-be00-528c-9ca5-dbbdb85bf9b8"",""native_unit_id"":""OLP-0420"",""order_key"":""0420"",""ordinal"":420,""required"":null,""unit_id"":""urn:uuid:9b4bc35b-e03a-59e2-9cad-9490bd30e414"",""visible"":true},""record_type"":""course_unit_membership"",""recorded_at"":""2026-08-31T00:00:00Z"",""semantic_key"":""c80:openlogic:membership:OLP-0420""}"
urn:uuid:2297f3ab-5f5d-543b-91b8-3c40020c0634,course_unit_membership,"{""dataset_id"":""urn:uuid:fdfa2782-db96-5e60-bcb3-d206d78b960a"",""id"":""urn:uuid:2297f3ab-5f5d-543b-91b8-3c40020c0634"",""normalized_state"":""published"",""owner_authority_id"":""urn:uuid:ba324c09-ea3b-5b7d-a8de-40df0fcc5e83"",""owner_native_state"":""exact_closure_order"",""payload"":{""course_id"":""urn:uuid:f6271d1d-189b-5f77-a370-ee7d4edd3603"",""edition_id"":""urn:uuid:79e7c26f-be00-528c-9ca5-dbbdb85bf9b8"",""native_unit_id"":""OLP-0421"",""order_key"":""0421"",""ordinal"":421,""required"":null,""unit_id"":""urn:uuid:e0176ebe-d4bd-5d3e-aa27-afb3f3752063"",""visible"":true},""record_type"":""course_unit_membership"",""recorded_at"":""2026-08-31T00:00:00Z"",""semantic_key"":""c80:openlogic:membership:OLP-0421""}"
urn:uuid:ab99db0b-9c14-53b5-a727-22e055229853,course_unit_membership,"{""dataset_id"":""urn:uuid:fdfa2782-db96-5e60-bcb3-d206d78b960a"",""id"":""urn:uuid:ab99db0b-9c14-53b5-a727-22e055229853"",""normalized_state"":""published"",""owner_authority_id"":""urn:uuid:ba324c09-ea3b-5b7d-a8de-40df0fcc5e83"",""owner_native_state"":""exact_closure_order"",""payload"":{""course_id"":""urn:uuid:f6271d1d-189b-5f77-a370-ee7d4edd3603"",""edition_id"":""urn:uuid:79e7c26f-be00-528c-9ca5-dbbdb85bf9b8"",""native_unit_id"":""OLP-0422"",""order_key"":""0422"",""ordinal"":422,""required"":null,""unit_id"":""urn:uuid:48b36648-f2f0-5a87-898c-4111d8eca022"",""visible"":true},""record_type"":""course_unit_membership"",""recorded_at"":""2026-08-31T00:00:00Z"",""semantic_key"":""c80:openlogic:membership:OLP-0422""}"
urn:uuid:1832c0fb-c45a-5344-808d-8df2c8e265a5,course_unit_membership,"{""dataset_id"":""urn:uuid:fdfa2782-db96-5e60-bcb3-d206d78b960a"",""id"":""urn:uuid:1832c0fb-c45a-5344-808d-8df2c8e265a5"",""normalized_state"":""published"",""owner_authority_id"":""urn:uuid:ba324c09-ea3b-5b7d-a8de-40df0fcc5e83"",""owner_native_state"":""exact_closure_order"",""payload"":{""course_id"":""urn:uuid:f6271d1d-189b-5f77-a370-ee7d4edd3603"",""edition_id"":""urn:uuid:79e7c26f-be00-528c-9ca5-dbbdb85bf9b8"",""native_unit_id"":""OLP-0423"",""order_key"":""0423"",""ordinal"":423,""required"":null,""unit_id"":""urn:uuid:8ef1dfce-16e9-5ce3-8952-23cb840f6046"",""visible"":true},""record_type"":""course_unit_membership"",""recorded_at"":""2026-08-31T00:00:00Z"",""semantic_key"":""c80:openlogic:membership:OLP-0423""}"
urn:uuid:2664b5bd-1914-5f61-a391-0227c08375c1,course_unit_membership,"{""dataset_id"":""urn:uuid:fdfa2782-db96-5e60-bcb3-d206d78b960a"",""id"":""urn:uuid:2664b5bd-1914-5f61-a391-0227c08375c1"",""normalized_state"":""published"",""owner_authority_id"":""urn:uuid:ba324c09-ea3b-5b7d-a8de-40df0fcc5e83"",""owner_native_state"":""exact_closure_order"",""payload"":{""course_id"":""urn:uuid:f6271d1d-189b-5f77-a370-ee7d4edd3603"",""edition_id"":""urn:uuid:79e7c26f-be00-528c-9ca5-dbbdb85bf9b8"",""native_unit_id"":""OLP-0424"",""order_key"":""0424"",""ordinal"":424,""required"":null,""unit_id"":""urn:uuid:5e517818-9648-5f87-8d8f-dfd7b299c509"",""visible"":true},""record_type"":""course_unit_membership"",""recorded_at"":""2026-08-31T00:00:00Z"",""semantic_key"":""c80:openlogic:membership:OLP-0424""}"
urn:uuid:ee82d114-7d5a-5af9-93a3-5bc80a1c2621,course_unit_membership,"{""dataset_id"":""urn:uuid:fdfa2782-db96-5e60-bcb3-d206d78b960a"",""id"":""urn:uuid:ee82d114-7d5a-5af9-93a3-5bc80a1c2621"",""normalized_state"":""published"",""owner_authority_id"":""urn:uuid:ba324c09-ea3b-5b7d-a8de-40df0fcc5e83"",""owner_native_state"":""exact_closure_order"",""payload"":{""course_id"":""urn:uuid:f6271d1d-189b-5f77-a370-ee7d4edd3603"",""edition_id"":""urn:uuid:79e7c26f-be00-528c-9ca5-dbbdb85bf9b8"",""native_unit_id"":""OLP-0425"",""order_key"":""0425"",""ordinal"":425,""required"":null,""unit_id"":""urn:uuid:337210d2-ae78-5097-9df3-cfae827217b1"",""visible"":true},""record_type"":""course_unit_membership"",""recorded_at"":""2026-08-31T00:00:00Z"",""semantic_key"":""c80:openlogic:membership:OLP-0425""}"
urn:uuid:6fedb075-23ad-526b-ba75-d607e2d5656a,course_unit_membership,"{""dataset_id"":""urn:uuid:fdfa2782-db96-5e60-bcb3-d206d78b960a"",""id"":""urn:uuid:6fedb075-23ad-526b-ba75-d607e2d5656a"",""normalized_state"":""published"",""owner_authority_id"":""urn:uuid:ba324c09-ea3b-5b7d-a8de-40df0fcc5e83"",""owner_native_state"":""exact_closure_order"",""payload"":{""course_id"":""urn:uuid:f6271d1d-189b-5f77-a370-ee7d4edd3603"",""edition_id"":""urn:uuid:79e7c26f-be00-528c-9ca5-dbbdb85bf9b8"",""native_unit_id"":""OLP-0426"",""order_key"":""0426"",""ordinal"":426,""required"":null,""unit_id"":""urn:uuid:fa369acb-dc7b-5889-b791-875f8d2277b0"",""visible"":true},""record_type"":""course_unit_membership"",""recorded_at"":""2026-08-31T00:00:00Z"",""semantic_key"":""c80:openlogic:membership:OLP-0426""}"
urn:uuid:b68b1dc5-87e1-5853-ada3-da20ab94a544,course_unit_membership,"{""dataset_id"":""urn:uuid:fdfa2782-db96-5e60-bcb3-d206d78b960a"",""id"":""urn:uuid:b68b1dc5-87e1-5853-ada3-da20ab94a544"",""normalized_state"":""published"",""owner_authority_id"":""urn:uuid:ba324c09-ea3b-5b7d-a8de-40df0fcc5e83"",""owner_native_state"":""exact_closure_order"",""payload"":{""course_id"":""urn:uuid:f6271d1d-189b-5f77-a370-ee7d4edd3603"",""edition_id"":""urn:uuid:79e7c26f-be00-528c-9ca5-dbbdb85bf9b8"",""native_unit_id"":""OLP-0427"",""order_key"":""0427"",""ordinal"":427,""required"":null,""unit_id"":""urn:uuid:297344b0-8087-5121-9d1c-a1e2ac950e3a"",""visible"":true},""record_type"":""course_unit_membership"",""recorded_at"":""2026-08-31T00:00:00Z"",""semantic_key"":""c80:openlogic:membership:OLP-0427""}"
urn:uuid:08919441-8914-5c76-8fab-d55cf3ca0af4,course_unit_membership,"{""dataset_id"":""urn:uuid:fdfa2782-db96-5e60-bcb3-d206d78b960a"",""id"":""urn:uuid:08919441-8914-5c76-8fab-d55cf3ca0af4"",""normalized_state"":""published"",""owner_authority_id"":""urn:uuid:ba324c09-ea3b-5b7d-a8de-40df0fcc5e83"",""owner_native_state"":""exact_closure_order"",""payload"":{""course_id"":""urn:uuid:f6271d1d-189b-5f77-a370-ee7d4edd3603"",""edition_id"":""urn:uuid:79e7c26f-be00-528c-9ca5-dbbdb85bf9b8"",""native_unit_id"":""OLP-0428"",""order_key"":""0428"",""ordinal"":428,""required"":null,""unit_id"":""urn:uuid:1b1de70d-1d69-54dd-97bf-4a92b8116920"",""visible"":true},""record_type"":""course_unit_membership"",""recorded_at"":""2026-08-31T00:00:00Z"",""semantic_key"":""c80:openlogic:membership:OLP-0428""}"
urn:uuid:d9e82d85-985b-5044-94ea-497379dfef60,course_unit_membership,"{""dataset_id"":""urn:uuid:fdfa2782-db96-5e60-bcb3-d206d78b960a"",""id"":""urn:uuid:d9e82d85-985b-5044-94ea-497379dfef60"",""normalized_state"":""published"",""owner_authority_id"":""urn:uuid:ba324c09-ea3b-5b7d-a8de-40df0fcc5e83"",""owner_native_state"":""exact_closure_order"",""payload"":{""course_id"":""urn:uuid:f6271d1d-189b-5f77-a370-ee7d4edd3603"",""edition_id"":""urn:uuid:79e7c26f-be00-528c-9ca5-dbbdb85bf9b8"",""native_unit_id"":""OLP-0429"",""order_key"":""0429"",""ordinal"":429,""required"":null,""unit_id"":""urn:uuid:82d8e968-abe6-50de-ac3b-e6648c160e91"",""visible"":true},""record_type"":""course_unit_membership"",""recorded_at"":""2026-08-31T00:00:00Z"",""semantic_key"":""c80:openlogic:membership:OLP-0429""}"
urn:uuid:9b939dbc-fb32-5c9d-95bd-20ec6a5034d7,course_unit_membership,"{""dataset_id"":""urn:uuid:fdfa2782-db96-5e60-bcb3-d206d78b960a"",""id"":""urn:uuid:9b939dbc-fb32-5c9d-95bd-20ec6a5034d7"",""normalized_state"":""published"",""owner_authority_id"":""urn:uuid:ba324c09-ea3b-5b7d-a8de-40df0fcc5e83"",""owner_native_state"":""exact_closure_order"",""payload"":{""course_id"":""urn:uuid:f6271d1d-189b-5f77-a370-ee7d4edd3603"",""edition_id"":""urn:uuid:79e7c26f-be00-528c-9ca5-dbbdb85bf9b8"",""native_unit_id"":""OLP-0430"",""order_key"":""0430"",""ordinal"":430,""required"":null,""unit_id"":""urn:uuid:1f0d6bf2-35e1-5225-8ae7-368e9d1178d1"",""visible"":true},""record_type"":""course_unit_membership"",""recorded_at"":""2026-08-31T00:00:00Z"",""semantic_key"":""c80:openlogic:membership:OLP-0430""}"
urn:uuid:ca83f260-f9e6-5d03-aa30-4cb871d17ec8,course_unit_membership,"{""dataset_id"":""urn:uuid:fdfa2782-db96-5e60-bcb3-d206d78b960a"",""id"":""urn:uuid:ca83f260-f9e6-5d03-aa30-4cb871d17ec8"",""normalized_state"":""published"",""owner_authority_id"":""urn:uuid:ba324c09-ea3b-5b7d-a8de-40df0fcc5e83"",""owner_native_state"":""exact_closure_order"",""payload"":{""course_id"":""urn:uuid:f6271d1d-189b-5f77-a370-ee7d4edd3603"",""edition_id"":""urn:uuid:79e7c26f-be00-528c-9ca5-dbbdb85bf9b8"",""native_unit_id"":""OLP-0431"",""order_key"":""0431"",""ordinal"":431,""required"":null,""unit_id"":""urn:uuid:c75e840a-5480-5784-92b4-81225f0b96f9"",""visible"":true},""record_type"":""course_unit_membership"",""recorded_at"":""2026-08-31T00:00:00Z"",""semantic_key"":""c80:openlogic:membership:OLP-0431""}"
urn:uuid:b56307b6-ad3b-5e02-a88c-74f806f3a266,course_unit_membership,"{""dataset_id"":""urn:uuid:fdfa2782-db96-5e60-bcb3-d206d78b960a"",""id"":""urn:uuid:b56307b6-ad3b-5e02-a88c-74f806f3a266"",""normalized_state"":""published"",""owner_authority_id"":""urn:uuid:ba324c09-ea3b-5b7d-a8de-40df0fcc5e83"",""owner_native_state"":""exact_closure_order"",""payload"":{""course_id"":""urn:uuid:f6271d1d-189b-5f77-a370-ee7d4edd3603"",""edition_id"":""urn:uuid:79e7c26f-be00-528c-9ca5-dbbdb85bf9b8"",""native_unit_id"":""OLP-0432"",""order_key"":""0432"",""ordinal"":432,""required"":null,""unit_id"":""urn:uuid:e3864cd8-d83e-56df-b5c5-63276da86bc0"",""visible"":true},""record_type"":""course_unit_membership"",""recorded_at"":""2026-08-31T00:00:00Z"",""semantic_key"":""c80:openlogic:membership:OLP-0432""}"
urn:uuid:b13151b7-394e-554b-bec7-f72edff6bf36,course_unit_membership,"{""dataset_id"":""urn:uuid:fdfa2782-db96-5e60-bcb3-d206d78b960a"",""id"":""urn:uuid:b13151b7-394e-554b-bec7-f72edff6bf36"",""normalized_state"":""published"",""owner_authority_id"":""urn:uuid:ba324c09-ea3b-5b7d-a8de-40df0fcc5e83"",""owner_native_state"":""exact_closure_order"",""payload"":{""course_id"":""urn:uuid:f6271d1d-189b-5f77-a370-ee7d4edd3603"",""edition_id"":""urn:uuid:79e7c26f-be00-528c-9ca5-dbbdb85bf9b8"",""native_unit_id"":""OLP-0433"",""order_key"":""0433"",""ordinal"":433,""required"":null,""unit_id"":""urn:uuid:137ec22c-33ec-5746-a8d9-a1a9cf515abc"",""visible"":true},""record_type"":""course_unit_membership"",""recorded_at"":""2026-08-31T00:00:00Z"",""semantic_key"":""c80:openlogic:membership:OLP-0433""}"
urn:uuid:95b7b970-0fe3-53ff-b48e-d0b965a08f6f,course_unit_membership,"{""dataset_id"":""urn:uuid:fdfa2782-db96-5e60-bcb3-d206d78b960a"",""id"":""urn:uuid:95b7b970-0fe3-53ff-b48e-d0b965a08f6f"",""normalized_state"":""published"",""owner_authority_id"":""urn:uuid:ba324c09-ea3b-5b7d-a8de-40df0fcc5e83"",""owner_native_state"":""exact_closure_order"",""payload"":{""course_id"":""urn:uuid:f6271d1d-189b-5f77-a370-ee7d4edd3603"",""edition_id"":""urn:uuid:79e7c26f-be00-528c-9ca5-dbbdb85bf9b8"",""native_unit_id"":""OLP-0434"",""order_key"":""0434"",""ordinal"":434,""required"":null,""unit_id"":""urn:uuid:ffc18101-768d-5e99-9f8c-bfee7cf2f966"",""visible"":true},""record_type"":""course_unit_membership"",""recorded_at"":""2026-08-31T00:00:00Z"",""semantic_key"":""c80:openlogic:membership:OLP-0434""}"
urn:uuid:427db33a-08af-55d7-b2bf-7740bba698ef,course_unit_membership,"{""dataset_id"":""urn:uuid:fdfa2782-db96-5e60-bcb3-d206d78b960a"",""id"":""urn:uuid:427db33a-08af-55d7-b2bf-7740bba698ef"",""normalized_state"":""published"",""owner_authority_id"":""urn:uuid:ba324c09-ea3b-5b7d-a8de-40df0fcc5e83"",""owner_native_state"":""exact_closure_order"",""payload"":{""course_id"":""urn:uuid:f6271d1d-189b-5f77-a370-ee7d4edd3603"",""edition_id"":""urn:uuid:79e7c26f-be00-528c-9ca5-dbbdb85bf9b8"",""native_unit_id"":""OLP-0435"",""order_key"":""0435"",""ordinal"":435,""required"":null,""unit_id"":""urn:uuid:33441412-52b7-52b1-af52-75638c6e44c0"",""visible"":true},""record_type"":""course_unit_membership"",""recorded_at"":""2026-08-31T00:00:00Z"",""semantic_key"":""c80:openlogic:membership:OLP-0435""}"
urn:uuid:946094ec-849c-5d1e-bab8-f17d56095ced,course_unit_membership,"{""dataset_id"":""urn:uuid:fdfa2782-db96-5e60-bcb3-d206d78b960a"",""id"":""urn:uuid:946094ec-849c-5d1e-bab8-f17d56095ced"",""normalized_state"":""published"",""owner_authority_id"":""urn:uuid:ba324c09-ea3b-5b7d-a8de-40df0fcc5e83"",""owner_native_state"":""exact_closure_order"",""payload"":{""course_id"":""urn:uuid:f6271d1d-189b-5f77-a370-ee7d4edd3603"",""edition_id"":""urn:uuid:79e7c26f-be00-528c-9ca5-dbbdb85bf9b8"",""native_unit_id"":""OLP-0436"",""order_key"":""0436"",""ordinal"":436,""required"":null,""unit_id"":""urn:uuid:f267024d-e8b5-5eb3-9405-183b9752d143"",""visible"":true},""record_type"":""course_unit_membership"",""recorded_at"":""2026-08-31T00:00:00Z"",""semantic_key"":""c80:openlogic:membership:OLP-0436""}"
urn:uuid:4fe6790d-70c9-5b1f-b06d-1de262db3bf3,course_unit_membership,"{""dataset_id"":""urn:uuid:fdfa2782-db96-5e60-bcb3-d206d78b960a"",""id"":""urn:uuid:4fe6790d-70c9-5b1f-b06d-1de262db3bf3"",""normalized_state"":""published"",""owner_authority_id"":""urn:uuid:ba324c09-ea3b-5b7d-a8de-40df0fcc5e83"",""owner_native_state"":""exact_closure_order"",""payload"":{""course_id"":""urn:uuid:f6271d1d-189b-5f77-a370-ee7d4edd3603"",""edition_id"":""urn:uuid:79e7c26f-be00-528c-9ca5-dbbdb85bf9b8"",""native_unit_id"":""OLP-0437"",""order_key"":""0437"",""ordinal"":437,""required"":null,""unit_id"":""urn:uuid:9bacdfb4-1fa5-5cd2-8986-c990584695a6"",""visible"":true},""record_type"":""course_unit_membership"",""recorded_at"":""2026-08-31T00:00:00Z"",""semantic_key"":""c80:openlogic:membership:OLP-0437""}"
urn:uuid:3bae9b26-2d3e-5c8a-b71e-e8095c124df2,course_unit_membership,"{""dataset_id"":""urn:uuid:fdfa2782-db96-5e60-bcb3-d206d78b960a"",""id"":""urn:uuid:3bae9b26-2d3e-5c8a-b71e-e8095c124df2"",""normalized_state"":""published"",""owner_authority_id"":""urn:uuid:ba324c09-ea3b-5b7d-a8de-40df0fcc5e83"",""owner_native_state"":""exact_closure_order"",""payload"":{""course_id"":""urn:uuid:f6271d1d-189b-5f77-a370-ee7d4edd3603"",""edition_id"":""urn:uuid:79e7c26f-be00-528c-9ca5-dbbdb85bf9b8"",""native_unit_id"":""OLP-0438"",""order_key"":""0438"",""ordinal"":438,""required"":null,""unit_id"":""urn:uuid:cbf27ca3-6666-5162-a001-e6d2269a46a5"",""visible"":true},""record_type"":""course_unit_membership"",""recorded_at"":""2026-08-31T00:00:00Z"",""semantic_key"":""c80:openlogic:membership:OLP-0438""}"
urn:uuid:693758ba-2c1c-5fd7-8965-d43a4afc57da,course_unit_membership,"{""dataset_id"":""urn:uuid:fdfa2782-db96-5e60-bcb3-d206d78b960a"",""id"":""urn:uuid:693758ba-2c1c-5fd7-8965-d43a4afc57da"",""normalized_state"":""published"",""owner_authority_id"":""urn:uuid:ba324c09-ea3b-5b7d-a8de-40df0fcc5e83"",""owner_native_state"":""exact_closure_order"",""payload"":{""course_id"":""urn:uuid:f6271d1d-189b-5f77-a370-ee7d4edd3603"",""edition_id"":""urn:uuid:79e7c26f-be00-528c-9ca5-dbbdb85bf9b8"",""native_unit_id"":""OLP-0439"",""order_key"":""0439"",""ordinal"":439,""required"":null,""unit_id"":""urn:uuid:89ada00d-d6bd-5c11-afab-7e1ef1db98f3"",""visible"":true},""record_type"":""course_unit_membership"",""recorded_at"":""2026-08-31T00:00:00Z"",""semantic_key"":""c80:openlogic:membership:OLP-0439""}"
urn:uuid:b93a5e40-ed03-5937-976f-ba0b57033856,course_unit_membership,"{""dataset_id"":""urn:uuid:fdfa2782-db96-5e60-bcb3-d206d78b960a"",""id"":""urn:uuid:b93a5e40-ed03-5937-976f-ba0b57033856"",""normalized_state"":""published"",""owner_authority_id"":""urn:uuid:ba324c09-ea3b-5b7d-a8de-40df0fcc5e83"",""owner_native_state"":""exact_closure_order"",""payload"":{""course_id"":""urn:uuid:f6271d1d-189b-5f77-a370-ee7d4edd3603"",""edition_id"":""urn:uuid:79e7c26f-be00-528c-9ca5-dbbdb85bf9b8"",""native_unit_id"":""OLP-0440"",""order_key"":""0440"",""ordinal"":440,""required"":null,""unit_id"":""urn:uuid:39b2ee0e-161a-5403-ae0d-58c05e94dc4b"",""visible"":true},""record_type"":""course_unit_membership"",""recorded_at"":""2026-08-31T00:00:00Z"",""semantic_key"":""c80:openlogic:membership:OLP-0440""}"
urn:uuid:3751a77c-5de2-5a21-8d6f-6ede2cbea5e0,course_unit_membership,"{""dataset_id"":""urn:uuid:fdfa2782-db96-5e60-bcb3-d206d78b960a"",""id"":""urn:uuid:3751a77c-5de2-5a21-8d6f-6ede2cbea5e0"",""normalized_state"":""published"",""owner_authority_id"":""urn:uuid:ba324c09-ea3b-5b7d-a8de-40df0fcc5e83"",""owner_native_state"":""exact_closure_order"",""payload"":{""course_id"":""urn:uuid:f6271d1d-189b-5f77-a370-ee7d4edd3603"",""edition_id"":""urn:uuid:79e7c26f-be00-528c-9ca5-dbbdb85bf9b8"",""native_unit_id"":""OLP-0441"",""order_key"":""0441"",""ordinal"":441,""required"":null,""unit_id"":""urn:uuid:442504a5-8cde-5ff2-94c7-1605dd9c69ec"",""visible"":true},""record_type"":""course_unit_membership"",""recorded_at"":""2026-08-31T00:00:00Z"",""semantic_key"":""c80:openlogic:membership:OLP-0441""}"
urn:uuid:41557fbc-43a0-57c6-a903-b6c0b988fea6,course_unit_membership,"{""dataset_id"":""urn:uuid:fdfa2782-db96-5e60-bcb3-d206d78b960a"",""id"":""urn:uuid:41557fbc-43a0-57c6-a903-b6c0b988fea6"",""normalized_state"":""published"",""owner_authority_id"":""urn:uuid:ba324c09-ea3b-5b7d-a8de-40df0fcc5e83"",""owner_native_state"":""exact_closure_order"",""payload"":{""course_id"":""urn:uuid:f6271d1d-189b-5f77-a370-ee7d4edd3603"",""edition_id"":""urn:uuid:79e7c26f-be00-528c-9ca5-dbbdb85bf9b8"",""native_unit_id"":""OLP-0442"",""order_key"":""0442"",""ordinal"":442,""required"":null,""unit_id"":""urn:uuid:858d1c60-07c4-523b-a995-87cbf728bf9d"",""visible"":true},""record_type"":""course_unit_membership"",""recorded_at"":""2026-08-31T00:00:00Z"",""semantic_key"":""c80:openlogic:membership:OLP-0442""}"
urn:uuid:c4b41988-2640-5b4b-95b5-80f46f34abe5,course_unit_membership,"{""dataset_id"":""urn:uuid:fdfa2782-db96-5e60-bcb3-d206d78b960a"",""id"":""urn:uuid:c4b41988-2640-5b4b-95b5-80f46f34abe5"",""normalized_state"":""published"",""owner_authority_id"":""urn:uuid:ba324c09-ea3b-5b7d-a8de-40df0fcc5e83"",""owner_native_state"":""exact_closure_order"",""payload"":{""course_id"":""urn:uuid:f6271d1d-189b-5f77-a370-ee7d4edd3603"",""edition_id"":""urn:uuid:79e7c26f-be00-528c-9ca5-dbbdb85bf9b8"",""native_unit_id"":""OLP-0443"",""order_key"":""0443"",""ordinal"":443,""required"":null,""unit_id"":""urn:uuid:39600dae-b263-5ec6-8cdd-6753a71c50ac"",""visible"":true},""record_type"":""course_unit_membership"",""recorded_at"":""2026-08-31T00:00:00Z"",""semantic_key"":""c80:openlogic:membership:OLP-0443""}"
urn:uuid:2b5027c3-3233-5981-93b8-b07bf5eec64b,course_unit_membership,"{""dataset_id"":""urn:uuid:fdfa2782-db96-5e60-bcb3-d206d78b960a"",""id"":""urn:uuid:2b5027c3-3233-5981-93b8-b07bf5eec64b"",""normalized_state"":""published"",""owner_authority_id"":""urn:uuid:ba324c09-ea3b-5b7d-a8de-40df0fcc5e83"",""owner_native_state"":""exact_closure_order"",""payload"":{""course_id"":""urn:uuid:f6271d1d-189b-5f77-a370-ee7d4edd3603"",""edition_id"":""urn:uuid:79e7c26f-be00-528c-9ca5-dbbdb85bf9b8"",""native_unit_id"":""OLP-0444"",""order_key"":""0444"",""ordinal"":444,""required"":null,""unit_id"":""urn:uuid:2fcb67f6-7457-5eba-b5f9-901b5f1998ce"",""visible"":true},""record_type"":""course_unit_membership"",""recorded_at"":""2026-08-31T00:00:00Z"",""semantic_key"":""c80:openlogic:membership:OLP-0444""}"
urn:uuid:c019c6af-58e2-5542-8435-75decbdf1d3f,course_unit_membership,"{""dataset_id"":""urn:uuid:fdfa2782-db96-5e60-bcb3-d206d78b960a"",""id"":""urn:uuid:c019c6af-58e2-5542-8435-75decbdf1d3f"",""normalized_state"":""published"",""owner_authority_id"":""urn:uuid:ba324c09-ea3b-5b7d-a8de-40df0fcc5e83"",""owner_native_state"":""exact_closure_order"",""payload"":{""course_id"":""urn:uuid:f6271d1d-189b-5f77-a370-ee7d4edd3603"",""edition_id"":""urn:uuid:79e7c26f-be00-528c-9ca5-dbbdb85bf9b8"",""native_unit_id"":""OLP-0445"",""order_key"":""0445"",""ordinal"":445,""required"":null,""unit_id"":""urn:uuid:2f6c32a2-c7da-5ab2-bcc6-833efbb8a871"",""visible"":true},""record_type"":""course_unit_membership"",""recorded_at"":""2026-08-31T00:00:00Z"",""semantic_key"":""c80:openlogic:membership:OLP-0445""}"
urn:uuid:4f75522f-b53f-529c-9687-f081e306ae9d,course_unit_membership,"{""dataset_id"":""urn:uuid:fdfa2782-db96-5e60-bcb3-d206d78b960a"",""id"":""urn:uuid:4f75522f-b53f-529c-9687-f081e306ae9d"",""normalized_state"":""published"",""owner_authority_id"":""urn:uuid:ba324c09-ea3b-5b7d-a8de-40df0fcc5e83"",""owner_native_state"":""exact_closure_order"",""payload"":{""course_id"":""urn:uuid:f6271d1d-189b-5f77-a370-ee7d4edd3603"",""edition_id"":""urn:uuid:79e7c26f-be00-528c-9ca5-dbbdb85bf9b8"",""native_unit_id"":""OLP-0446"",""order_key"":""0446"",""ordinal"":446,""required"":null,""unit_id"":""urn:uuid:c5b45633-751c-5190-a1d6-d46c2374baee"",""visible"":true},""record_type"":""course_unit_membership"",""recorded_at"":""2026-08-31T00:00:00Z"",""semantic_key"":""c80:openlogic:membership:OLP-0446""}"
urn:uuid:ee2a1c05-12ec-52a2-9964-ae20744f7141,course_unit_membership,"{""dataset_id"":""urn:uuid:fdfa2782-db96-5e60-bcb3-d206d78b960a"",""id"":""urn:uuid:ee2a1c05-12ec-52a2-9964-ae20744f7141"",""normalized_state"":""published"",""owner_authority_id"":""urn:uuid:ba324c09-ea3b-5b7d-a8de-40df0fcc5e83"",""owner_native_state"":""exact_closure_order"",""payload"":{""course_id"":""urn:uuid:f6271d1d-189b-5f77-a370-ee7d4edd3603"",""edition_id"":""urn:uuid:79e7c26f-be00-528c-9ca5-dbbdb85bf9b8"",""native_unit_id"":""OLP-0447"",""order_key"":""0447"",""ordinal"":447,""required"":null,""unit_id"":""urn:uuid:05eef903-ba0c-5da1-8769-fd771faec9c0"",""visible"":true},""record_type"":""course_unit_membership"",""recorded_at"":""2026-08-31T00:00:00Z"",""semantic_key"":""c80:openlogic:membership:OLP-0447""}"
urn:uuid:807d7cf9-9479-536b-8d5d-4bc6bf1b4eb5,course_unit_membership,"{""dataset_id"":""urn:uuid:fdfa2782-db96-5e60-bcb3-d206d78b960a"",""id"":""urn:uuid:807d7cf9-9479-536b-8d5d-4bc6bf1b4eb5"",""normalized_state"":""published"",""owner_authority_id"":""urn:uuid:ba324c09-ea3b-5b7d-a8de-40df0fcc5e83"",""owner_native_state"":""exact_closure_order"",""payload"":{""course_id"":""urn:uuid:f6271d1d-189b-5f77-a370-ee7d4edd3603"",""edition_id"":""urn:uuid:79e7c26f-be00-528c-9ca5-dbbdb85bf9b8"",""native_unit_id"":""OLP-0448"",""order_key"":""0448"",""ordinal"":448,""required"":null,""unit_id"":""urn:uuid:484c62c6-d75e-5e03-844f-7c5a505a5485"",""visible"":true},""record_type"":""course_unit_membership"",""recorded_at"":""2026-08-31T00:00:00Z"",""semantic_key"":""c80:openlogic:membership:OLP-0448""}"
urn:uuid:6d8f8d16-f838-51f8-91c5-39a863d93615,course_unit_membership,"{""dataset_id"":""urn:uuid:fdfa2782-db96-5e60-bcb3-d206d78b960a"",""id"":""urn:uuid:6d8f8d16-f838-51f8-91c5-39a863d93615"",""normalized_state"":""published"",""owner_authority_id"":""urn:uuid:ba324c09-ea3b-5b7d-a8de-40df0fcc5e83"",""owner_native_state"":""exact_closure_order"",""payload"":{""course_id"":""urn:uuid:f6271d1d-189b-5f77-a370-ee7d4edd3603"",""edition_id"":""urn:uuid:79e7c26f-be00-528c-9ca5-dbbdb85bf9b8"",""native_unit_id"":""OLP-0449"",""order_key"":""0449"",""ordinal"":449,""required"":null,""unit_id"":""urn:uuid:88546a33-8f34-5f87-b5e1-21dcfcfc49a7"",""visible"":true},""record_type"":""course_unit_membership"",""recorded_at"":""2026-08-31T00:00:00Z"",""semantic_key"":""c80:openlogic:membership:OLP-0449""}"
urn:uuid:1d857617-40dd-57d2-9792-631c7f19f3a9,course_unit_membership,"{""dataset_id"":""urn:uuid:fdfa2782-db96-5e60-bcb3-d206d78b960a"",""id"":""urn:uuid:1d857617-40dd-57d2-9792-631c7f19f3a9"",""normalized_state"":""published"",""owner_authority_id"":""urn:uuid:ba324c09-ea3b-5b7d-a8de-40df0fcc5e83"",""owner_native_state"":""exact_closure_order"",""payload"":{""course_id"":""urn:uuid:f6271d1d-189b-5f77-a370-ee7d4edd3603"",""edition_id"":""urn:uuid:79e7c26f-be00-528c-9ca5-dbbdb85bf9b8"",""native_unit_id"":""OLP-0450"",""order_key"":""0450"",""ordinal"":450,""required"":null,""unit_id"":""urn:uuid:494101f1-98ac-5a93-ba02-1bbbcb8125b1"",""visible"":true},""record_type"":""course_unit_membership"",""recorded_at"":""2026-08-31T00:00:00Z"",""semantic_key"":""c80:openlogic:membership:OLP-0450""}"
urn:uuid:1b2b48f0-f0e0-5ed2-abb3-ee377c9b7a62,course_unit_membership,"{""dataset_id"":""urn:uuid:fdfa2782-db96-5e60-bcb3-d206d78b960a"",""id"":""urn:uuid:1b2b48f0-f0e0-5ed2-abb3-ee377c9b7a62"",""normalized_state"":""published"",""owner_authority_id"":""urn:uuid:ba324c09-ea3b-5b7d-a8de-40df0fcc5e83"",""owner_native_state"":""exact_closure_order"",""payload"":{""course_id"":""urn:uuid:f6271d1d-189b-5f77-a370-ee7d4edd3603"",""edition_id"":""urn:uuid:79e7c26f-be00-528c-9ca5-dbbdb85bf9b8"",""native_unit_id"":""OLP-0451"",""order_key"":""0451"",""ordinal"":451,""required"":null,""unit_id"":""urn:uuid:7559fc50-00fa-5bab-8065-ebc9ab6a53e7"",""visible"":true},""record_type"":""course_unit_membership"",""recorded_at"":""2026-08-31T00:00:00Z"",""semantic_key"":""c80:openlogic:membership:OLP-0451""}"
urn:uuid:177f4fdd-7c05-5aa5-9954-06f20a63d23f,course_unit_membership,"{""dataset_id"":""urn:uuid:fdfa2782-db96-5e60-bcb3-d206d78b960a"",""id"":""urn:uuid:177f4fdd-7c05-5aa5-9954-06f20a63d23f"",""normalized_state"":""published"",""owner_authority_id"":""urn:uuid:ba324c09-ea3b-5b7d-a8de-40df0fcc5e83"",""owner_native_state"":""exact_closure_order"",""payload"":{""course_id"":""urn:uuid:f6271d1d-189b-5f77-a370-ee7d4edd3603"",""edition_id"":""urn:uuid:79e7c26f-be00-528c-9ca5-dbbdb85bf9b8"",""native_unit_id"":""OLP-0452"",""order_key"":""0452"",""ordinal"":452,""required"":null,""unit_id"":""urn:uuid:ffbaebfb-493a-5395-86f5-201175960f86"",""visible"":true},""record_type"":""course_unit_membership"",""recorded_at"":""2026-08-31T00:00:00Z"",""semantic_key"":""c80:openlogic:membership:OLP-0452""}"
urn:uuid:9097cdab-8cb5-5c76-a2a6-152c045c974c,course_unit_membership,"{""dataset_id"":""urn:uuid:fdfa2782-db96-5e60-bcb3-d206d78b960a"",""id"":""urn:uuid:9097cdab-8cb5-5c76-a2a6-152c045c974c"",""normalized_state"":""published"",""owner_authority_id"":""urn:uuid:ba324c09-ea3b-5b7d-a8de-40df0fcc5e83"",""owner_native_state"":""exact_closure_order"",""payload"":{""course_id"":""urn:uuid:f6271d1d-189b-5f77-a370-ee7d4edd3603"",""edition_id"":""urn:uuid:79e7c26f-be00-528c-9ca5-dbbdb85bf9b8"",""native_unit_id"":""OLP-0453"",""order_key"":""0453"",""ordinal"":453,""required"":null,""unit_id"":""urn:uuid:d76cdea4-5c30-5249-94ab-1ce912bb7c03"",""visible"":true},""record_type"":""course_unit_membership"",""recorded_at"":""2026-08-31T00:00:00Z"",""semantic_key"":""c80:openlogic:membership:OLP-0453""}"
urn:uuid:ea5a8189-c60f-5248-a91c-138ac8b40255,course_unit_membership,"{""dataset_id"":""urn:uuid:fdfa2782-db96-5e60-bcb3-d206d78b960a"",""id"":""urn:uuid:ea5a8189-c60f-5248-a91c-138ac8b40255"",""normalized_state"":""published"",""owner_authority_id"":""urn:uuid:ba324c09-ea3b-5b7d-a8de-40df0fcc5e83"",""owner_native_state"":""exact_closure_order"",""payload"":{""course_id"":""urn:uuid:f6271d1d-189b-5f77-a370-ee7d4edd3603"",""edition_id"":""urn:uuid:79e7c26f-be00-528c-9ca5-dbbdb85bf9b8"",""native_unit_id"":""OLP-0454"",""order_key"":""0454"",""ordinal"":454,""required"":null,""unit_id"":""urn:uuid:8bff3a23-89b5-5372-a0f5-1d6e0c1f5828"",""visible"":true},""record_type"":""course_unit_membership"",""recorded_at"":""2026-08-31T00:00:00Z"",""semantic_key"":""c80:openlogic:membership:OLP-0454""}"
urn:uuid:7799b872-8777-52ca-a794-63fa4e30d478,course_unit_membership,"{""dataset_id"":""urn:uuid:fdfa2782-db96-5e60-bcb3-d206d78b960a"",""id"":""urn:uuid:7799b872-8777-52ca-a794-63fa4e30d478"",""normalized_state"":""published"",""owner_authority_id"":""urn:uuid:ba324c09-ea3b-5b7d-a8de-40df0fcc5e83"",""owner_native_state"":""exact_closure_order"",""payload"":{""course_id"":""urn:uuid:f6271d1d-189b-5f77-a370-ee7d4edd3603"",""edition_id"":""urn:uuid:79e7c26f-be00-528c-9ca5-dbbdb85bf9b8"",""native_unit_id"":""OLP-0455"",""order_key"":""0455"",""ordinal"":455,""required"":null,""unit_id"":""urn:uuid:0df79074-9236-580d-85ad-76d974c114be"",""visible"":true},""record_type"":""course_unit_membership"",""recorded_at"":""2026-08-31T00:00:00Z"",""semantic_key"":""c80:openlogic:membership:OLP-0455""}"
urn:uuid:04d28b44-33e8-5e7c-a9e2-6944ff71b84a,course_unit_membership,"{""dataset_id"":""urn:uuid:fdfa2782-db96-5e60-bcb3-d206d78b960a"",""id"":""urn:uuid:04d28b44-33e8-5e7c-a9e2-6944ff71b84a"",""normalized_state"":""published"",""owner_authority_id"":""urn:uuid:ba324c09-ea3b-5b7d-a8de-40df0fcc5e83"",""owner_native_state"":""exact_closure_order"",""payload"":{""course_id"":""urn:uuid:f6271d1d-189b-5f77-a370-ee7d4edd3603"",""edition_id"":""urn:uuid:79e7c26f-be00-528c-9ca5-dbbdb85bf9b8"",""native_unit_id"":""OLP-0456"",""order_key"":""0456"",""ordinal"":456,""required"":null,""unit_id"":""urn:uuid:9d32dbd9-cdbe-5e65-ad00-e8b1742ae89f"",""visible"":true},""record_type"":""course_unit_membership"",""recorded_at"":""2026-08-31T00:00:00Z"",""semantic_key"":""c80:openlogic:membership:OLP-0456""}"
urn:uuid:4f44bc51-f746-53a8-b0fe-e507c945c10f,course_unit_membership,"{""dataset_id"":""urn:uuid:fdfa2782-db96-5e60-bcb3-d206d78b960a"",""id"":""urn:uuid:4f44bc51-f746-53a8-b0fe-e507c945c10f"",""normalized_state"":""published"",""owner_authority_id"":""urn:uuid:ba324c09-ea3b-5b7d-a8de-40df0fcc5e83"",""owner_native_state"":""exact_closure_order"",""payload"":{""course_id"":""urn:uuid:f6271d1d-189b-5f77-a370-ee7d4edd3603"",""edition_id"":""urn:uuid:79e7c26f-be00-528c-9ca5-dbbdb85bf9b8"",""native_unit_id"":""OLP-0457"",""order_key"":""0457"",""ordinal"":457,""required"":null,""unit_id"":""urn:uuid:0aeeed59-d72f-5883-9f70-396e09cdd17a"",""visible"":true},""record_type"":""course_unit_membership"",""recorded_at"":""2026-08-31T00:00:00Z"",""semantic_key"":""c80:openlogic:membership:OLP-0457""}"
urn:uuid:ddb20432-f4bc-5958-9fda-4c677dbaaff8,course_unit_membership,"{""dataset_id"":""urn:uuid:fdfa2782-db96-5e60-bcb3-d206d78b960a"",""id"":""urn:uuid:ddb20432-f4bc-5958-9fda-4c677dbaaff8"",""normalized_state"":""published"",""owner_authority_id"":""urn:uuid:ba324c09-ea3b-5b7d-a8de-40df0fcc5e83"",""owner_native_state"":""exact_closure_order"",""payload"":{""course_id"":""urn:uuid:f6271d1d-189b-5f77-a370-ee7d4edd3603"",""edition_id"":""urn:uuid:79e7c26f-be00-528c-9ca5-dbbdb85bf9b8"",""native_unit_id"":""OLP-0458"",""order_key"":""0458"",""ordinal"":458,""required"":null,""unit_id"":""urn:uuid:697ee67e-6900-55b7-8da7-817920b6f210"",""visible"":true},""record_type"":""course_unit_membership"",""recorded_at"":""2026-08-31T00:00:00Z"",""semantic_key"":""c80:openlogic:membership:OLP-0458""}"
urn:uuid:8b0a24f9-e47b-5257-bf80-026f93c9f4e7,course_unit_membership,"{""dataset_id"":""urn:uuid:fdfa2782-db96-5e60-bcb3-d206d78b960a"",""id"":""urn:uuid:8b0a24f9-e47b-5257-bf80-026f93c9f4e7"",""normalized_state"":""published"",""owner_authority_id"":""urn:uuid:ba324c09-ea3b-5b7d-a8de-40df0fcc5e83"",""owner_native_state"":""exact_closure_order"",""payload"":{""course_id"":""urn:uuid:f6271d1d-189b-5f77-a370-ee7d4edd3603"",""edition_id"":""urn:uuid:79e7c26f-be00-528c-9ca5-dbbdb85bf9b8"",""native_unit_id"":""OLP-0459"",""order_key"":""0459"",""ordinal"":459,""required"":null,""unit_id"":""urn:uuid:d8486812-67a9-51db-b6de-428e3d9f9715"",""visible"":true},""record_type"":""course_unit_membership"",""recorded_at"":""2026-08-31T00:00:00Z"",""semantic_key"":""c80:openlogic:membership:OLP-0459""}"
urn:uuid:e504544e-8936-53d3-8885-5d35d79ca68b,course_unit_membership,"{""dataset_id"":""urn:uuid:fdfa2782-db96-5e60-bcb3-d206d78b960a"",""id"":""urn:uuid:e504544e-8936-53d3-8885-5d35d79ca68b"",""normalized_state"":""published"",""owner_authority_id"":""urn:uuid:ba324c09-ea3b-5b7d-a8de-40df0fcc5e83"",""owner_native_state"":""exact_closure_order"",""payload"":{""course_id"":""urn:uuid:f6271d1d-189b-5f77-a370-ee7d4edd3603"",""edition_id"":""urn:uuid:79e7c26f-be00-528c-9ca5-dbbdb85bf9b8"",""native_unit_id"":""OLP-0460"",""order_key"":""0460"",""ordinal"":460,""required"":null,""unit_id"":""urn:uuid:c2023a02-0fd3-5fce-a610-f90e1d605c90"",""visible"":true},""record_type"":""course_unit_membership"",""recorded_at"":""2026-08-31T00:00:00Z"",""semantic_key"":""c80:openlogic:membership:OLP-0460""}"
urn:uuid:763f259c-8290-5f17-aa94-8c3cba1546a2,course_unit_membership,"{""dataset_id"":""urn:uuid:fdfa2782-db96-5e60-bcb3-d206d78b960a"",""id"":""urn:uuid:763f259c-8290-5f17-aa94-8c3cba1546a2"",""normalized_state"":""published"",""owner_authority_id"":""urn:uuid:ba324c09-ea3b-5b7d-a8de-40df0fcc5e83"",""owner_native_state"":""exact_closure_order"",""payload"":{""course_id"":""urn:uuid:f6271d1d-189b-5f77-a370-ee7d4edd3603"",""edition_id"":""urn:uuid:79e7c26f-be00-528c-9ca5-dbbdb85bf9b8"",""native_unit_id"":""OLP-0461"",""order_key"":""0461"",""ordinal"":461,""required"":null,""unit_id"":""urn:uuid:555d7b60-4fbc-5952-a92d-1097a6b38408"",""visible"":true},""record_type"":""course_unit_membership"",""recorded_at"":""2026-08-31T00:00:00Z"",""semantic_key"":""c80:openlogic:membership:OLP-0461""}"
urn:uuid:85c76f76-59d1-5a32-8a4d-f3fdb7edd228,course_unit_membership,"{""dataset_id"":""urn:uuid:fdfa2782-db96-5e60-bcb3-d206d78b960a"",""id"":""urn:uuid:85c76f76-59d1-5a32-8a4d-f3fdb7edd228"",""normalized_state"":""published"",""owner_authority_id"":""urn:uuid:ba324c09-ea3b-5b7d-a8de-40df0fcc5e83"",""owner_native_state"":""exact_closure_order"",""payload"":{""course_id"":""urn:uuid:f6271d1d-189b-5f77-a370-ee7d4edd3603"",""edition_id"":""urn:uuid:79e7c26f-be00-528c-9ca5-dbbdb85bf9b8"",""native_unit_id"":""OLP-0462"",""order_key"":""0462"",""ordinal"":462,""required"":null,""unit_id"":""urn:uuid:9da9037e-f1e8-576e-bf76-e31378655674"",""visible"":true},""record_type"":""course_unit_membership"",""recorded_at"":""2026-08-31T00:00:00Z"",""semantic_key"":""c80:openlogic:membership:OLP-0462""}"
urn:uuid:0b1e5389-0781-5d7e-9f20-e77d1cbbbb10,course_unit_membership,"{""dataset_id"":""urn:uuid:fdfa2782-db96-5e60-bcb3-d206d78b960a"",""id"":""urn:uuid:0b1e5389-0781-5d7e-9f20-e77d1cbbbb10"",""normalized_state"":""published"",""owner_authority_id"":""urn:uuid:ba324c09-ea3b-5b7d-a8de-40df0fcc5e83"",""owner_native_state"":""exact_closure_order"",""payload"":{""course_id"":""urn:uuid:f6271d1d-189b-5f77-a370-ee7d4edd3603"",""edition_id"":""urn:uuid:79e7c26f-be00-528c-9ca5-dbbdb85bf9b8"",""native_unit_id"":""OLP-0463"",""order_key"":""0463"",""ordinal"":463,""required"":null,""unit_id"":""urn:uuid:4a03fdfe-0e5f-5ec3-800c-ebe3e9224b78"",""visible"":true},""record_type"":""course_unit_membership"",""recorded_at"":""2026-08-31T00:00:00Z"",""semantic_key"":""c80:openlogic:membership:OLP-0463""}"
urn:uuid:14633ec4-7bb2-598e-ae13-37b593b6b625,course_unit_membership,"{""dataset_id"":""urn:uuid:fdfa2782-db96-5e60-bcb3-d206d78b960a"",""id"":""urn:uuid:14633ec4-7bb2-598e-ae13-37b593b6b625"",""normalized_state"":""published"",""owner_authority_id"":""urn:uuid:ba324c09-ea3b-5b7d-a8de-40df0fcc5e83"",""owner_native_state"":""exact_closure_order"",""payload"":{""course_id"":""urn:uuid:f6271d1d-189b-5f77-a370-ee7d4edd3603"",""edition_id"":""urn:uuid:79e7c26f-be00-528c-9ca5-dbbdb85bf9b8"",""native_unit_id"":""OLP-0464"",""order_key"":""0464"",""ordinal"":464,""required"":null,""unit_id"":""urn:uuid:b49edf9b-c6dd-5e7c-afb4-6adf3ac9c415"",""visible"":true},""record_type"":""course_unit_membership"",""recorded_at"":""2026-08-31T00:00:00Z"",""semantic_key"":""c80:openlogic:membership:OLP-0464""}"
urn:uuid:6441d49f-f4a7-58ef-9596-8921f0efbf69,course_unit_membership,"{""dataset_id"":""urn:uuid:fdfa2782-db96-5e60-bcb3-d206d78b960a"",""id"":""urn:uuid:6441d49f-f4a7-58ef-9596-8921f0efbf69"",""normalized_state"":""published"",""owner_authority_id"":""urn:uuid:ba324c09-ea3b-5b7d-a8de-40df0fcc5e83"",""owner_native_state"":""exact_closure_order"",""payload"":{""course_id"":""urn:uuid:f6271d1d-189b-5f77-a370-ee7d4edd3603"",""edition_id"":""urn:uuid:79e7c26f-be00-528c-9ca5-dbbdb85bf9b8"",""native_unit_id"":""OLP-0465"",""order_key"":""0465"",""ordinal"":465,""required"":null,""unit_id"":""urn:uuid:58694bc1-4dfc-561c-ac3a-4a70ba98ba64"",""visible"":true},""record_type"":""course_unit_membership"",""recorded_at"":""2026-08-31T00:00:00Z"",""semantic_key"":""c80:openlogic:membership:OLP-0465""}"
urn:uuid:770dd071-92d8-5165-a555-f77c66e02d93,course_unit_membership,"{""dataset_id"":""urn:uuid:fdfa2782-db96-5e60-bcb3-d206d78b960a"",""id"":""urn:uuid:770dd071-92d8-5165-a555-f77c66e02d93"",""normalized_state"":""published"",""owner_authority_id"":""urn:uuid:ba324c09-ea3b-5b7d-a8de-40df0fcc5e83"",""owner_native_state"":""exact_closure_order"",""payload"":{""course_id"":""urn:uuid:f6271d1d-189b-5f77-a370-ee7d4edd3603"",""edition_id"":""urn:uuid:79e7c26f-be00-528c-9ca5-dbbdb85bf9b8"",""native_unit_id"":""OLP-0466"",""order_key"":""0466"",""ordinal"":466,""required"":null,""unit_id"":""urn:uuid:9d14b612-4b1e-55b3-bd2b-3a0a69b87eb2"",""visible"":true},""record_type"":""course_unit_membership"",""recorded_at"":""2026-08-31T00:00:00Z"",""semantic_key"":""c80:openlogic:membership:OLP-0466""}"
urn:uuid:6e5293a3-a7ee-5a2d-b44c-52ed9a32b2a7,course_unit_membership,"{""dataset_id"":""urn:uuid:fdfa2782-db96-5e60-bcb3-d206d78b960a"",""id"":""urn:uuid:6e5293a3-a7ee-5a2d-b44c-52ed9a32b2a7"",""normalized_state"":""published"",""owner_authority_id"":""urn:uuid:ba324c09-ea3b-5b7d-a8de-40df0fcc5e83"",""owner_native_state"":""exact_closure_order"",""payload"":{""course_id"":""urn:uuid:f6271d1d-189b-5f77-a370-ee7d4edd3603"",""edition_id"":""urn:uuid:79e7c26f-be00-528c-9ca5-dbbdb85bf9b8"",""native_unit_id"":""OLP-0467"",""order_key"":""0467"",""ordinal"":467,""required"":null,""unit_id"":""urn:uuid:f133428a-3373-5d80-9590-5650c3633b62"",""visible"":true},""record_type"":""course_unit_membership"",""recorded_at"":""2026-08-31T00:00:00Z"",""semantic_key"":""c80:openlogic:membership:OLP-0467""}"
urn:uuid:73af91ef-1f9d-5fcc-bafa-1f00ac7de202,course_unit_membership,"{""dataset_id"":""urn:uuid:fdfa2782-db96-5e60-bcb3-d206d78b960a"",""id"":""urn:uuid:73af91ef-1f9d-5fcc-bafa-1f00ac7de202"",""normalized_state"":""published"",""owner_authority_id"":""urn:uuid:ba324c09-ea3b-5b7d-a8de-40df0fcc5e83"",""owner_native_state"":""exact_closure_order"",""payload"":{""course_id"":""urn:uuid:f6271d1d-189b-5f77-a370-ee7d4edd3603"",""edition_id"":""urn:uuid:79e7c26f-be00-528c-9ca5-dbbdb85bf9b8"",""native_unit_id"":""OLP-0468"",""order_key"":""0468"",""ordinal"":468,""required"":null,""unit_id"":""urn:uuid:f23ac2c6-af0a-51f5-96e5-0bf4815ed60f"",""visible"":true},""record_type"":""course_unit_membership"",""recorded_at"":""2026-08-31T00:00:00Z"",""semantic_key"":""c80:openlogic:membership:OLP-0468""}"
urn:uuid:bb3fb0f9-b18d-501e-b784-60a318322167,course_unit_membership,"{""dataset_id"":""urn:uuid:fdfa2782-db96-5e60-bcb3-d206d78b960a"",""id"":""urn:uuid:bb3fb0f9-b18d-501e-b784-60a318322167"",""normalized_state"":""published"",""owner_authority_id"":""urn:uuid:ba324c09-ea3b-5b7d-a8de-40df0fcc5e83"",""owner_native_state"":""exact_closure_order"",""payload"":{""course_id"":""urn:uuid:f6271d1d-189b-5f77-a370-ee7d4edd3603"",""edition_id"":""urn:uuid:79e7c26f-be00-528c-9ca5-dbbdb85bf9b8"",""native_unit_id"":""OLP-0469"",""order_key"":""0469"",""ordinal"":469,""required"":null,""unit_id"":""urn:uuid:2dc2ea90-302e-538b-9442-356cacbccc03"",""visible"":true},""record_type"":""course_unit_membership"",""recorded_at"":""2026-08-31T00:00:00Z"",""semantic_key"":""c80:openlogic:membership:OLP-0469""}"
urn:uuid:216db3d1-6049-5a6d-96d2-9394f5206eb8,course_unit_membership,"{""dataset_id"":""urn:uuid:fdfa2782-db96-5e60-bcb3-d206d78b960a"",""id"":""urn:uuid:216db3d1-6049-5a6d-96d2-9394f5206eb8"",""normalized_state"":""published"",""owner_authority_id"":""urn:uuid:ba324c09-ea3b-5b7d-a8de-40df0fcc5e83"",""owner_native_state"":""exact_closure_order"",""payload"":{""course_id"":""urn:uuid:f6271d1d-189b-5f77-a370-ee7d4edd3603"",""edition_id"":""urn:uuid:79e7c26f-be00-528c-9ca5-dbbdb85bf9b8"",""native_unit_id"":""OLP-0470"",""order_key"":""0470"",""ordinal"":470,""required"":null,""unit_id"":""urn:uuid:e06f47a2-eda4-590c-b786-c3cefaf44ad3"",""visible"":true},""record_type"":""course_unit_membership"",""recorded_at"":""2026-08-31T00:00:00Z"",""semantic_key"":""c80:openlogic:membership:OLP-0470""}"
urn:uuid:f514f617-ebc1-54d7-a105-77fe87f1e92e,course_unit_membership,"{""dataset_id"":""urn:uuid:fdfa2782-db96-5e60-bcb3-d206d78b960a"",""id"":""urn:uuid:f514f617-ebc1-54d7-a105-77fe87f1e92e"",""normalized_state"":""published"",""owner_authority_id"":""urn:uuid:ba324c09-ea3b-5b7d-a8de-40df0fcc5e83"",""owner_native_state"":""exact_closure_order"",""payload"":{""course_id"":""urn:uuid:f6271d1d-189b-5f77-a370-ee7d4edd3603"",""edition_id"":""urn:uuid:79e7c26f-be00-528c-9ca5-dbbdb85bf9b8"",""native_unit_id"":""OLP-0471"",""order_key"":""0471"",""ordinal"":471,""required"":null,""unit_id"":""urn:uuid:e5461acc-2e8a-5a27-bac9-beb9f4b94876"",""visible"":true},""record_type"":""course_unit_membership"",""recorded_at"":""2026-08-31T00:00:00Z"",""semantic_key"":""c80:openlogic:membership:OLP-0471""}"
urn:uuid:c9267c85-1658-51ec-988f-b7d9d4d19f89,course_unit_membership,"{""dataset_id"":""urn:uuid:fdfa2782-db96-5e60-bcb3-d206d78b960a"",""id"":""urn:uuid:c9267c85-1658-51ec-988f-b7d9d4d19f89"",""normalized_state"":""published"",""owner_authority_id"":""urn:uuid:ba324c09-ea3b-5b7d-a8de-40df0fcc5e83"",""owner_native_state"":""exact_closure_order"",""payload"":{""course_id"":""urn:uuid:f6271d1d-189b-5f77-a370-ee7d4edd3603"",""edition_id"":""urn:uuid:79e7c26f-be00-528c-9ca5-dbbdb85bf9b8"",""native_unit_id"":""OLP-0472"",""order_key"":""0472"",""ordinal"":472,""required"":null,""unit_id"":""urn:uuid:6fd858d4-a9c0-54fc-b9b0-22d5d2312a52"",""visible"":true},""record_type"":""course_unit_membership"",""recorded_at"":""2026-08-31T00:00:00Z"",""semantic_key"":""c80:openlogic:membership:OLP-0472""}"
urn:uuid:8ef63e68-e8b6-5dc1-b250-695a02b06cc8,course_unit_membership,"{""dataset_id"":""urn:uuid:fdfa2782-db96-5e60-bcb3-d206d78b960a"",""id"":""urn:uuid:8ef63e68-e8b6-5dc1-b250-695a02b06cc8"",""normalized_state"":""published"",""owner_authority_id"":""urn:uuid:ba324c09-ea3b-5b7d-a8de-40df0fcc5e83"",""owner_native_state"":""exact_closure_order"",""payload"":{""course_id"":""urn:uuid:f6271d1d-189b-5f77-a370-ee7d4edd3603"",""edition_id"":""urn:uuid:79e7c26f-be00-528c-9ca5-dbbdb85bf9b8"",""native_unit_id"":""OLP-0473"",""order_key"":""0473"",""ordinal"":473,""required"":null,""unit_id"":""urn:uuid:d08194e2-9a4a-5639-94a2-b6aa2e84b6e9"",""visible"":true},""record_type"":""course_unit_membership"",""recorded_at"":""2026-08-31T00:00:00Z"",""semantic_key"":""c80:openlogic:membership:OLP-0473""}"
urn:uuid:04032ce3-a09a-5a6b-86ce-a1ba87eb25ba,course_unit_membership,"{""dataset_id"":""urn:uuid:fdfa2782-db96-5e60-bcb3-d206d78b960a"",""id"":""urn:uuid:04032ce3-a09a-5a6b-86ce-a1ba87eb25ba"",""normalized_state"":""published"",""owner_authority_id"":""urn:uuid:ba324c09-ea3b-5b7d-a8de-40df0fcc5e83"",""owner_native_state"":""exact_closure_order"",""payload"":{""course_id"":""urn:uuid:f6271d1d-189b-5f77-a370-ee7d4edd3603"",""edition_id"":""urn:uuid:79e7c26f-be00-528c-9ca5-dbbdb85bf9b8"",""native_unit_id"":""OLP-0474"",""order_key"":""0474"",""ordinal"":474,""required"":null,""unit_id"":""urn:uuid:4dbef9f2-2301-574d-bb4c-9c62f30374de"",""visible"":true},""record_type"":""course_unit_membership"",""recorded_at"":""2026-08-31T00:00:00Z"",""semantic_key"":""c80:openlogic:membership:OLP-0474""}"
urn:uuid:3e56a5c3-5120-54b3-b474-06800f12841b,course_unit_membership,"{""dataset_id"":""urn:uuid:fdfa2782-db96-5e60-bcb3-d206d78b960a"",""id"":""urn:uuid:3e56a5c3-5120-54b3-b474-06800f12841b"",""normalized_state"":""published"",""owner_authority_id"":""urn:uuid:ba324c09-ea3b-5b7d-a8de-40df0fcc5e83"",""owner_native_state"":""exact_closure_order"",""payload"":{""course_id"":""urn:uuid:f6271d1d-189b-5f77-a370-ee7d4edd3603"",""edition_id"":""urn:uuid:79e7c26f-be00-528c-9ca5-dbbdb85bf9b8"",""native_unit_id"":""OLP-0475"",""order_key"":""0475"",""ordinal"":475,""required"":null,""unit_id"":""urn:uuid:900790a6-dc51-5223-8114-b6b8cccdd2e5"",""visible"":true},""record_type"":""course_unit_membership"",""recorded_at"":""2026-08-31T00:00:00Z"",""semantic_key"":""c80:openlogic:membership:OLP-0475""}"
urn:uuid:76d633ba-4dbf-5ccc-b96a-c484462122fe,course_unit_membership,"{""dataset_id"":""urn:uuid:fdfa2782-db96-5e60-bcb3-d206d78b960a"",""id"":""urn:uuid:76d633ba-4dbf-5ccc-b96a-c484462122fe"",""normalized_state"":""published"",""owner_authority_id"":""urn:uuid:ba324c09-ea3b-5b7d-a8de-40df0fcc5e83"",""owner_native_state"":""exact_closure_order"",""payload"":{""course_id"":""urn:uuid:f6271d1d-189b-5f77-a370-ee7d4edd3603"",""edition_id"":""urn:uuid:79e7c26f-be00-528c-9ca5-dbbdb85bf9b8"",""native_unit_id"":""OLP-0476"",""order_key"":""0476"",""ordinal"":476,""required"":null,""unit_id"":""urn:uuid:85cdb8ba-d309-5569-a48e-626019862564"",""visible"":true},""record_type"":""course_unit_membership"",""recorded_at"":""2026-08-31T00:00:00Z"",""semantic_key"":""c80:openlogic:membership:OLP-0476""}"
urn:uuid:a3332f2d-9934-582b-82ad-7c94f430ca2f,course_unit_membership,"{""dataset_id"":""urn:uuid:fdfa2782-db96-5e60-bcb3-d206d78b960a"",""id"":""urn:uuid:a3332f2d-9934-582b-82ad-7c94f430ca2f"",""normalized_state"":""published"",""owner_authority_id"":""urn:uuid:ba324c09-ea3b-5b7d-a8de-40df0fcc5e83"",""owner_native_state"":""exact_closure_order"",""payload"":{""course_id"":""urn:uuid:f6271d1d-189b-5f77-a370-ee7d4edd3603"",""edition_id"":""urn:uuid:79e7c26f-be00-528c-9ca5-dbbdb85bf9b8"",""native_unit_id"":""OLP-0477"",""order_key"":""0477"",""ordinal"":477,""required"":null,""unit_id"":""urn:uuid:06a3d692-65f5-5bc8-ba39-9be4e6492ff9"",""visible"":true},""record_type"":""course_unit_membership"",""recorded_at"":""2026-08-31T00:00:00Z"",""semantic_key"":""c80:openlogic:membership:OLP-0477""}"
urn:uuid:8da3e15f-6d0e-5e29-99c3-3499d039eea3,course_unit_membership,"{""dataset_id"":""urn:uuid:fdfa2782-db96-5e60-bcb3-d206d78b960a"",""id"":""urn:uuid:8da3e15f-6d0e-5e29-99c3-3499d039eea3"",""normalized_state"":""published"",""owner_authority_id"":""urn:uuid:ba324c09-ea3b-5b7d-a8de-40df0fcc5e83"",""owner_native_state"":""exact_closure_order"",""payload"":{""course_id"":""urn:uuid:f6271d1d-189b-5f77-a370-ee7d4edd3603"",""edition_id"":""urn:uuid:79e7c26f-be00-528c-9ca5-dbbdb85bf9b8"",""native_unit_id"":""OLP-0478"",""order_key"":""0478"",""ordinal"":478,""required"":null,""unit_id"":""urn:uuid:e7b223ec-969a-5eb9-8cc7-ea21491d474c"",""visible"":true},""record_type"":""course_unit_membership"",""recorded_at"":""2026-08-31T00:00:00Z"",""semantic_key"":""c80:openlogic:membership:OLP-0478""}"
urn:uuid:e624d75f-7366-5b67-a9d4-7a7346783a2a,course_unit_membership,"{""dataset_id"":""urn:uuid:fdfa2782-db96-5e60-bcb3-d206d78b960a"",""id"":""urn:uuid:e624d75f-7366-5b67-a9d4-7a7346783a2a"",""normalized_state"":""published"",""owner_authority_id"":""urn:uuid:ba324c09-ea3b-5b7d-a8de-40df0fcc5e83"",""owner_native_state"":""exact_closure_order"",""payload"":{""course_id"":""urn:uuid:f6271d1d-189b-5f77-a370-ee7d4edd3603"",""edition_id"":""urn:uuid:79e7c26f-be00-528c-9ca5-dbbdb85bf9b8"",""native_unit_id"":""OLP-0479"",""order_key"":""0479"",""ordinal"":479,""required"":null,""unit_id"":""urn:uuid:f294b6c3-d512-5f6f-960e-e91c16fb2f57"",""visible"":true},""record_type"":""course_unit_membership"",""recorded_at"":""2026-08-31T00:00:00Z"",""semantic_key"":""c80:openlogic:membership:OLP-0479""}"
urn:uuid:8029b543-b9b2-598f-9c51-b7523bac0ddd,course_unit_membership,"{""dataset_id"":""urn:uuid:fdfa2782-db96-5e60-bcb3-d206d78b960a"",""id"":""urn:uuid:8029b543-b9b2-598f-9c51-b7523bac0ddd"",""normalized_state"":""published"",""owner_authority_id"":""urn:uuid:ba324c09-ea3b-5b7d-a8de-40df0fcc5e83"",""owner_native_state"":""exact_closure_order"",""payload"":{""course_id"":""urn:uuid:f6271d1d-189b-5f77-a370-ee7d4edd3603"",""edition_id"":""urn:uuid:79e7c26f-be00-528c-9ca5-dbbdb85bf9b8"",""native_unit_id"":""OLP-0480"",""order_key"":""0480"",""ordinal"":480,""required"":null,""unit_id"":""urn:uuid:009a3af5-6595-5d3e-9015-76bdd6f0e8d4"",""visible"":true},""record_type"":""course_unit_membership"",""recorded_at"":""2026-08-31T00:00:00Z"",""semantic_key"":""c80:openlogic:membership:OLP-0480""}"
urn:uuid:7b2d3de6-7ff5-5a6d-81ea-ea1441e745f6,course_unit_membership,"{""dataset_id"":""urn:uuid:fdfa2782-db96-5e60-bcb3-d206d78b960a"",""id"":""urn:uuid:7b2d3de6-7ff5-5a6d-81ea-ea1441e745f6"",""normalized_state"":""published"",""owner_authority_id"":""urn:uuid:ba324c09-ea3b-5b7d-a8de-40df0fcc5e83"",""owner_native_state"":""exact_closure_order"",""payload"":{""course_id"":""urn:uuid:f6271d1d-189b-5f77-a370-ee7d4edd3603"",""edition_id"":""urn:uuid:79e7c26f-be00-528c-9ca5-dbbdb85bf9b8"",""native_unit_id"":""OLP-0481"",""order_key"":""0481"",""ordinal"":481,""required"":null,""unit_id"":""urn:uuid:943cdcd5-b604-5163-8f25-57e57fef8eaf"",""visible"":true},""record_type"":""course_unit_membership"",""recorded_at"":""2026-08-31T00:00:00Z"",""semantic_key"":""c80:openlogic:membership:OLP-0481""}"
urn:uuid:d09f06b2-7d15-5315-8117-a4c06689be36,course_unit_membership,"{""dataset_id"":""urn:uuid:fdfa2782-db96-5e60-bcb3-d206d78b960a"",""id"":""urn:uuid:d09f06b2-7d15-5315-8117-a4c06689be36"",""normalized_state"":""published"",""owner_authority_id"":""urn:uuid:ba324c09-ea3b-5b7d-a8de-40df0fcc5e83"",""owner_native_state"":""exact_closure_order"",""payload"":{""course_id"":""urn:uuid:f6271d1d-189b-5f77-a370-ee7d4edd3603"",""edition_id"":""urn:uuid:79e7c26f-be00-528c-9ca5-dbbdb85bf9b8"",""native_unit_id"":""OLP-0482"",""order_key"":""0482"",""ordinal"":482,""required"":null,""unit_id"":""urn:uuid:3c113784-2819-51ca-9778-c20d84e74794"",""visible"":true},""record_type"":""course_unit_membership"",""recorded_at"":""2026-08-31T00:00:00Z"",""semantic_key"":""c80:openlogic:membership:OLP-0482""}"
urn:uuid:7bdec8ab-a489-5e91-a0f5-96c2e7f48b99,course_unit_membership,"{""dataset_id"":""urn:uuid:fdfa2782-db96-5e60-bcb3-d206d78b960a"",""id"":""urn:uuid:7bdec8ab-a489-5e91-a0f5-96c2e7f48b99"",""normalized_state"":""published"",""owner_authority_id"":""urn:uuid:ba324c09-ea3b-5b7d-a8de-40df0fcc5e83"",""owner_native_state"":""exact_closure_order"",""payload"":{""course_id"":""urn:uuid:f6271d1d-189b-5f77-a370-ee7d4edd3603"",""edition_id"":""urn:uuid:79e7c26f-be00-528c-9ca5-dbbdb85bf9b8"",""native_unit_id"":""OLP-0483"",""order_key"":""0483"",""ordinal"":483,""required"":null,""unit_id"":""urn:uuid:3f2e852e-b7e7-55c3-a0a5-f8834f899e1f"",""visible"":true},""record_type"":""course_unit_membership"",""recorded_at"":""2026-08-31T00:00:00Z"",""semantic_key"":""c80:openlogic:membership:OLP-0483""}"
urn:uuid:84b47d68-ce66-5dfc-8f14-c4db43d209e7,course_unit_membership,"{""dataset_id"":""urn:uuid:fdfa2782-db96-5e60-bcb3-d206d78b960a"",""id"":""urn:uuid:84b47d68-ce66-5dfc-8f14-c4db43d209e7"",""normalized_state"":""published"",""owner_authority_id"":""urn:uuid:ba324c09-ea3b-5b7d-a8de-40df0fcc5e83"",""owner_native_state"":""exact_closure_order"",""payload"":{""course_id"":""urn:uuid:f6271d1d-189b-5f77-a370-ee7d4edd3603"",""edition_id"":""urn:uuid:79e7c26f-be00-528c-9ca5-dbbdb85bf9b8"",""native_unit_id"":""OLP-0484"",""order_key"":""0484"",""ordinal"":484,""required"":null,""unit_id"":""urn:uuid:f33ef5e9-595a-5543-ad18-28eb6b950b83"",""visible"":true},""record_type"":""course_unit_membership"",""recorded_at"":""2026-08-31T00:00:00Z"",""semantic_key"":""c80:openlogic:membership:OLP-0484""}"
urn:uuid:9bc1bea1-356a-5ab6-bf48-daa2f0c562bf,course_unit_membership,"{""dataset_id"":""urn:uuid:fdfa2782-db96-5e60-bcb3-d206d78b960a"",""id"":""urn:uuid:9bc1bea1-356a-5ab6-bf48-daa2f0c562bf"",""normalized_state"":""published"",""owner_authority_id"":""urn:uuid:ba324c09-ea3b-5b7d-a8de-40df0fcc5e83"",""owner_native_state"":""exact_closure_order"",""payload"":{""course_id"":""urn:uuid:f6271d1d-189b-5f77-a370-ee7d4edd3603"",""edition_id"":""urn:uuid:79e7c26f-be00-528c-9ca5-dbbdb85bf9b8"",""native_unit_id"":""OLP-0485"",""order_key"":""0485"",""ordinal"":485,""required"":null,""unit_id"":""urn:uuid:8bafbad0-e05f-585f-abc5-c98effe35753"",""visible"":true},""record_type"":""course_unit_membership"",""recorded_at"":""2026-08-31T00:00:00Z"",""semantic_key"":""c80:openlogic:membership:OLP-0485""}"
urn:uuid:d8896f15-5ca0-552b-9061-d67b6913c865,course_unit_membership,"{""dataset_id"":""urn:uuid:fdfa2782-db96-5e60-bcb3-d206d78b960a"",""id"":""urn:uuid:d8896f15-5ca0-552b-9061-d67b6913c865"",""normalized_state"":""published"",""owner_authority_id"":""urn:uuid:ba324c09-ea3b-5b7d-a8de-40df0fcc5e83"",""owner_native_state"":""exact_closure_order"",""payload"":{""course_id"":""urn:uuid:f6271d1d-189b-5f77-a370-ee7d4edd3603"",""edition_id"":""urn:uuid:79e7c26f-be00-528c-9ca5-dbbdb85bf9b8"",""native_unit_id"":""OLP-0486"",""order_key"":""0486"",""ordinal"":486,""required"":null,""unit_id"":""urn:uuid:5f0fbc4f-7ca6-594d-856f-ebba51d4092a"",""visible"":true},""record_type"":""course_unit_membership"",""recorded_at"":""2026-08-31T00:00:00Z"",""semantic_key"":""c80:openlogic:membership:OLP-0486""}"
urn:uuid:74d30496-a10e-540d-85f5-09410732787f,course_unit_membership,"{""dataset_id"":""urn:uuid:fdfa2782-db96-5e60-bcb3-d206d78b960a"",""id"":""urn:uuid:74d30496-a10e-540d-85f5-09410732787f"",""normalized_state"":""published"",""owner_authority_id"":""urn:uuid:ba324c09-ea3b-5b7d-a8de-40df0fcc5e83"",""owner_native_state"":""exact_closure_order"",""payload"":{""course_id"":""urn:uuid:f6271d1d-189b-5f77-a370-ee7d4edd3603"",""edition_id"":""urn:uuid:79e7c26f-be00-528c-9ca5-dbbdb85bf9b8"",""native_unit_id"":""OLP-0487"",""order_key"":""0487"",""ordinal"":487,""required"":null,""unit_id"":""urn:uuid:08121f94-73cb-593b-bcc6-67c8deb79a23"",""visible"":true},""record_type"":""course_unit_membership"",""recorded_at"":""2026-08-31T00:00:00Z"",""semantic_key"":""c80:openlogic:membership:OLP-0487""}"
urn:uuid:10195c5e-b320-5a57-8292-3e6f70c3cc2a,course_unit_membership,"{""dataset_id"":""urn:uuid:fdfa2782-db96-5e60-bcb3-d206d78b960a"",""id"":""urn:uuid:10195c5e-b320-5a57-8292-3e6f70c3cc2a"",""normalized_state"":""published"",""owner_authority_id"":""urn:uuid:ba324c09-ea3b-5b7d-a8de-40df0fcc5e83"",""owner_native_state"":""exact_closure_order"",""payload"":{""course_id"":""urn:uuid:f6271d1d-189b-5f77-a370-ee7d4edd3603"",""edition_id"":""urn:uuid:79e7c26f-be00-528c-9ca5-dbbdb85bf9b8"",""native_unit_id"":""OLP-0488"",""order_key"":""0488"",""ordinal"":488,""required"":null,""unit_id"":""urn:uuid:cf3b5fb7-b956-5904-a258-6b16665ef3cb"",""visible"":true},""record_type"":""course_unit_membership"",""recorded_at"":""2026-08-31T00:00:00Z"",""semantic_key"":""c80:openlogic:membership:OLP-0488""}"
urn:uuid:d7dc5389-8474-581d-b08a-060057a78f62,course_unit_membership,"{""dataset_id"":""urn:uuid:fdfa2782-db96-5e60-bcb3-d206d78b960a"",""id"":""urn:uuid:d7dc5389-8474-581d-b08a-060057a78f62"",""normalized_state"":""published"",""owner_authority_id"":""urn:uuid:ba324c09-ea3b-5b7d-a8de-40df0fcc5e83"",""owner_native_state"":""exact_closure_order"",""payload"":{""course_id"":""urn:uuid:f6271d1d-189b-5f77-a370-ee7d4edd3603"",""edition_id"":""urn:uuid:79e7c26f-be00-528c-9ca5-dbbdb85bf9b8"",""native_unit_id"":""OLP-0489"",""order_key"":""0489"",""ordinal"":489,""required"":null,""unit_id"":""urn:uuid:7ad3168d-d726-59f9-8417-8ae275509913"",""visible"":true},""record_type"":""course_unit_membership"",""recorded_at"":""2026-08-31T00:00:00Z"",""semantic_key"":""c80:openlogic:membership:OLP-0489""}"
urn:uuid:2d4ed6d9-dbe7-5964-9da4-f64d464b75b7,course_unit_membership,"{""dataset_id"":""urn:uuid:fdfa2782-db96-5e60-bcb3-d206d78b960a"",""id"":""urn:uuid:2d4ed6d9-dbe7-5964-9da4-f64d464b75b7"",""normalized_state"":""published"",""owner_authority_id"":""urn:uuid:ba324c09-ea3b-5b7d-a8de-40df0fcc5e83"",""owner_native_state"":""exact_closure_order"",""payload"":{""course_id"":""urn:uuid:f6271d1d-189b-5f77-a370-ee7d4edd3603"",""edition_id"":""urn:uuid:79e7c26f-be00-528c-9ca5-dbbdb85bf9b8"",""native_unit_id"":""OLP-0490"",""order_key"":""0490"",""ordinal"":490,""required"":null,""unit_id"":""urn:uuid:49bb9e01-1b02-5122-a709-e8b85bf7c68a"",""visible"":true},""record_type"":""course_unit_membership"",""recorded_at"":""2026-08-31T00:00:00Z"",""semantic_key"":""c80:openlogic:membership:OLP-0490""}"
urn:uuid:4d896d96-ceb0-538b-a0b6-7e1e8bb586bf,course_unit_membership,"{""dataset_id"":""urn:uuid:fdfa2782-db96-5e60-bcb3-d206d78b960a"",""id"":""urn:uuid:4d896d96-ceb0-538b-a0b6-7e1e8bb586bf"",""normalized_state"":""published"",""owner_authority_id"":""urn:uuid:ba324c09-ea3b-5b7d-a8de-40df0fcc5e83"",""owner_native_state"":""exact_closure_order"",""payload"":{""course_id"":""urn:uuid:f6271d1d-189b-5f77-a370-ee7d4edd3603"",""edition_id"":""urn:uuid:79e7c26f-be00-528c-9ca5-dbbdb85bf9b8"",""native_unit_id"":""OLP-0491"",""order_key"":""0491"",""ordinal"":491,""required"":null,""unit_id"":""urn:uuid:22fa76ed-82de-59b6-8ea0-35ca09b515f8"",""visible"":true},""record_type"":""course_unit_membership"",""recorded_at"":""2026-08-31T00:00:00Z"",""semantic_key"":""c80:openlogic:membership:OLP-0491""}"
urn:uuid:e1c102b8-94a7-5ff6-a6fc-d6793132ea66,course_unit_membership,"{""dataset_id"":""urn:uuid:fdfa2782-db96-5e60-bcb3-d206d78b960a"",""id"":""urn:uuid:e1c102b8-94a7-5ff6-a6fc-d6793132ea66"",""normalized_state"":""published"",""owner_authority_id"":""urn:uuid:ba324c09-ea3b-5b7d-a8de-40df0fcc5e83"",""owner_native_state"":""exact_closure_order"",""payload"":{""course_id"":""urn:uuid:f6271d1d-189b-5f77-a370-ee7d4edd3603"",""edition_id"":""urn:uuid:79e7c26f-be00-528c-9ca5-dbbdb85bf9b8"",""native_unit_id"":""OLP-0492"",""order_key"":""0492"",""ordinal"":492,""required"":null,""unit_id"":""urn:uuid:c9379c1e-222d-5d4b-844b-ff229d9f2cd5"",""visible"":true},""record_type"":""course_unit_membership"",""recorded_at"":""2026-08-31T00:00:00Z"",""semantic_key"":""c80:openlogic:membership:OLP-0492""}"
urn:uuid:04aaec4e-b6b8-5f47-a156-3152759ae871,course_unit_membership,"{""dataset_id"":""urn:uuid:fdfa2782-db96-5e60-bcb3-d206d78b960a"",""id"":""urn:uuid:04aaec4e-b6b8-5f47-a156-3152759ae871"",""normalized_state"":""published"",""owner_authority_id"":""urn:uuid:ba324c09-ea3b-5b7d-a8de-40df0fcc5e83"",""owner_native_state"":""exact_closure_order"",""payload"":{""course_id"":""urn:uuid:f6271d1d-189b-5f77-a370-ee7d4edd3603"",""edition_id"":""urn:uuid:79e7c26f-be00-528c-9ca5-dbbdb85bf9b8"",""native_unit_id"":""OLP-0493"",""order_key"":""0493"",""ordinal"":493,""required"":null,""unit_id"":""urn:uuid:45875910-f4a3-5da9-9b91-112349b022f3"",""visible"":true},""record_type"":""course_unit_membership"",""recorded_at"":""2026-08-31T00:00:00Z"",""semantic_key"":""c80:openlogic:membership:OLP-0493""}"
urn:uuid:ca0dc1f8-bdce-5898-bd00-1f4a5f77382a,course_unit_membership,"{""dataset_id"":""urn:uuid:fdfa2782-db96-5e60-bcb3-d206d78b960a"",""id"":""urn:uuid:ca0dc1f8-bdce-5898-bd00-1f4a5f77382a"",""normalized_state"":""published"",""owner_authority_id"":""urn:uuid:ba324c09-ea3b-5b7d-a8de-40df0fcc5e83"",""owner_native_state"":""exact_closure_order"",""payload"":{""course_id"":""urn:uuid:f6271d1d-189b-5f77-a370-ee7d4edd3603"",""edition_id"":""urn:uuid:79e7c26f-be00-528c-9ca5-dbbdb85bf9b8"",""native_unit_id"":""OLP-0494"",""order_key"":""0494"",""ordinal"":494,""required"":null,""unit_id"":""urn:uuid:154617ef-76ec-54a1-9c8a-df8e1a45e473"",""visible"":true},""record_type"":""course_unit_membership"",""recorded_at"":""2026-08-31T00:00:00Z"",""semantic_key"":""c80:openlogic:membership:OLP-0494""}"
urn:uuid:eaba60de-3e8d-51de-8aff-365547b0006a,course_unit_membership,"{""dataset_id"":""urn:uuid:fdfa2782-db96-5e60-bcb3-d206d78b960a"",""id"":""urn:uuid:eaba60de-3e8d-51de-8aff-365547b0006a"",""normalized_state"":""published"",""owner_authority_id"":""urn:uuid:ba324c09-ea3b-5b7d-a8de-40df0fcc5e83"",""owner_native_state"":""exact_closure_order"",""payload"":{""course_id"":""urn:uuid:f6271d1d-189b-5f77-a370-ee7d4edd3603"",""edition_id"":""urn:uuid:79e7c26f-be00-528c-9ca5-dbbdb85bf9b8"",""native_unit_id"":""OLP-0495"",""order_key"":""0495"",""ordinal"":495,""required"":null,""unit_id"":""urn:uuid:9b24f431-c80a-5bb5-92a7-2ed9f969e375"",""visible"":true},""record_type"":""course_unit_membership"",""recorded_at"":""2026-08-31T00:00:00Z"",""semantic_key"":""c80:openlogic:membership:OLP-0495""}"
urn:uuid:bcc51959-2e37-526a-8287-8eadeb9d6870,course_unit_membership,"{""dataset_id"":""urn:uuid:fdfa2782-db96-5e60-bcb3-d206d78b960a"",""id"":""urn:uuid:bcc51959-2e37-526a-8287-8eadeb9d6870"",""normalized_state"":""published"",""owner_authority_id"":""urn:uuid:ba324c09-ea3b-5b7d-a8de-40df0fcc5e83"",""owner_native_state"":""exact_closure_order"",""payload"":{""course_id"":""urn:uuid:f6271d1d-189b-5f77-a370-ee7d4edd3603"",""edition_id"":""urn:uuid:79e7c26f-be00-528c-9ca5-dbbdb85bf9b8"",""native_unit_id"":""OLP-0496"",""order_key"":""0496"",""ordinal"":496,""required"":null,""unit_id"":""urn:uuid:d430ae01-d3cc-533a-946a-a0b6c15e0770"",""visible"":true},""record_type"":""course_unit_membership"",""recorded_at"":""2026-08-31T00:00:00Z"",""semantic_key"":""c80:openlogic:membership:OLP-0496""}"
urn:uuid:3b72c5a1-e335-530e-b5a8-08c3d41644a0,course_unit_membership,"{""dataset_id"":""urn:uuid:fdfa2782-db96-5e60-bcb3-d206d78b960a"",""id"":""urn:uuid:3b72c5a1-e335-530e-b5a8-08c3d41644a0"",""normalized_state"":""published"",""owner_authority_id"":""urn:uuid:ba324c09-ea3b-5b7d-a8de-40df0fcc5e83"",""owner_native_state"":""exact_closure_order"",""payload"":{""course_id"":""urn:uuid:f6271d1d-189b-5f77-a370-ee7d4edd3603"",""edition_id"":""urn:uuid:79e7c26f-be00-528c-9ca5-dbbdb85bf9b8"",""native_unit_id"":""OLP-0497"",""order_key"":""0497"",""ordinal"":497,""required"":null,""unit_id"":""urn:uuid:a844f360-6850-58a0-8fec-b245b8264570"",""visible"":true},""record_type"":""course_unit_membership"",""recorded_at"":""2026-08-31T00:00:00Z"",""semantic_key"":""c80:openlogic:membership:OLP-0497""}"
urn:uuid:65761ecc-19ba-5bf1-b261-038fe6fad225,course_unit_membership,"{""dataset_id"":""urn:uuid:fdfa2782-db96-5e60-bcb3-d206d78b960a"",""id"":""urn:uuid:65761ecc-19ba-5bf1-b261-038fe6fad225"",""normalized_state"":""published"",""owner_authority_id"":""urn:uuid:ba324c09-ea3b-5b7d-a8de-40df0fcc5e83"",""owner_native_state"":""exact_closure_order"",""payload"":{""course_id"":""urn:uuid:f6271d1d-189b-5f77-a370-ee7d4edd3603"",""edition_id"":""urn:uuid:79e7c26f-be00-528c-9ca5-dbbdb85bf9b8"",""native_unit_id"":""OLP-0498"",""order_key"":""0498"",""ordinal"":498,""required"":null,""unit_id"":""urn:uuid:bb3a1acb-2cb8-58a6-b999-22d2066dd170"",""visible"":true},""record_type"":""course_unit_membership"",""recorded_at"":""2026-08-31T00:00:00Z"",""semantic_key"":""c80:openlogic:membership:OLP-0498""}"
urn:uuid:ff3d8e07-4bf3-59e9-b99f-a9ecb844e463,course_unit_membership,"{""dataset_id"":""urn:uuid:fdfa2782-db96-5e60-bcb3-d206d78b960a"",""id"":""urn:uuid:ff3d8e07-4bf3-59e9-b99f-a9ecb844e463"",""normalized_state"":""published"",""owner_authority_id"":""urn:uuid:ba324c09-ea3b-5b7d-a8de-40df0fcc5e83"",""owner_native_state"":""exact_closure_order"",""payload"":{""course_id"":""urn:uuid:f6271d1d-189b-5f77-a370-ee7d4edd3603"",""edition_id"":""urn:uuid:79e7c26f-be00-528c-9ca5-dbbdb85bf9b8"",""native_unit_id"":""OLP-0499"",""order_key"":""0499"",""ordinal"":499,""required"":null,""unit_id"":""urn:uuid:0e33f62e-e639-5294-9d5d-8dc3cb03800d"",""visible"":true},""record_type"":""course_unit_membership"",""recorded_at"":""2026-08-31T00:00:00Z"",""semantic_key"":""c80:openlogic:membership:OLP-0499""}"
urn:uuid:78346847-3bb9-5fbf-bed4-09313444e036,course_unit_membership,"{""dataset_id"":""urn:uuid:fdfa2782-db96-5e60-bcb3-d206d78b960a"",""id"":""urn:uuid:78346847-3bb9-5fbf-bed4-09313444e036"",""normalized_state"":""published"",""owner_authority_id"":""urn:uuid:ba324c09-ea3b-5b7d-a8de-40df0fcc5e83"",""owner_native_state"":""exact_closure_order"",""payload"":{""course_id"":""urn:uuid:f6271d1d-189b-5f77-a370-ee7d4edd3603"",""edition_id"":""urn:uuid:79e7c26f-be00-528c-9ca5-dbbdb85bf9b8"",""native_unit_id"":""OLP-0500"",""order_key"":""0500"",""ordinal"":500,""required"":null,""unit_id"":""urn:uuid:7f71ff62-ed33-593a-8766-1e9811048392"",""visible"":true},""record_type"":""course_unit_membership"",""recorded_at"":""2026-08-31T00:00:00Z"",""semantic_key"":""c80:openlogic:membership:OLP-0500""}"
urn:uuid:8a006cbb-857e-56d1-9725-2e5f2888f284,course_unit_membership,"{""dataset_id"":""urn:uuid:fdfa2782-db96-5e60-bcb3-d206d78b960a"",""id"":""urn:uuid:8a006cbb-857e-56d1-9725-2e5f2888f284"",""normalized_state"":""published"",""owner_authority_id"":""urn:uuid:ba324c09-ea3b-5b7d-a8de-40df0fcc5e83"",""owner_native_state"":""exact_closure_order"",""payload"":{""course_id"":""urn:uuid:f6271d1d-189b-5f77-a370-ee7d4edd3603"",""edition_id"":""urn:uuid:79e7c26f-be00-528c-9ca5-dbbdb85bf9b8"",""native_unit_id"":""OLP-0501"",""order_key"":""0501"",""ordinal"":501,""required"":null,""unit_id"":""urn:uuid:8c851f76-172b-5038-93b8-c1c99d2e3da7"",""visible"":true},""record_type"":""course_unit_membership"",""recorded_at"":""2026-08-31T00:00:00Z"",""semantic_key"":""c80:openlogic:membership:OLP-0501""}"
urn:uuid:9f725f89-5300-57c4-a6a3-4aea35cb82fa,course_unit_membership,"{""dataset_id"":""urn:uuid:fdfa2782-db96-5e60-bcb3-d206d78b960a"",""id"":""urn:uuid:9f725f89-5300-57c4-a6a3-4aea35cb82fa"",""normalized_state"":""published"",""owner_authority_id"":""urn:uuid:ba324c09-ea3b-5b7d-a8de-40df0fcc5e83"",""owner_native_state"":""exact_closure_order"",""payload"":{""course_id"":""urn:uuid:f6271d1d-189b-5f77-a370-ee7d4edd3603"",""edition_id"":""urn:uuid:79e7c26f-be00-528c-9ca5-dbbdb85bf9b8"",""native_unit_id"":""OLP-0502"",""order_key"":""0502"",""ordinal"":502,""required"":null,""unit_id"":""urn:uuid:5fd9d797-c202-50ab-97fe-cb7855e097c9"",""visible"":true},""record_type"":""course_unit_membership"",""recorded_at"":""2026-08-31T00:00:00Z"",""semantic_key"":""c80:openlogic:membership:OLP-0502""}"
urn:uuid:d9aff113-5ed2-5713-8877-5af9465cdde4,course_unit_membership,"{""dataset_id"":""urn:uuid:fdfa2782-db96-5e60-bcb3-d206d78b960a"",""id"":""urn:uuid:d9aff113-5ed2-5713-8877-5af9465cdde4"",""normalized_state"":""published"",""owner_authority_id"":""urn:uuid:ba324c09-ea3b-5b7d-a8de-40df0fcc5e83"",""owner_native_state"":""exact_closure_order"",""payload"":{""course_id"":""urn:uuid:f6271d1d-189b-5f77-a370-ee7d4edd3603"",""edition_id"":""urn:uuid:79e7c26f-be00-528c-9ca5-dbbdb85bf9b8"",""native_unit_id"":""OLP-0503"",""order_key"":""0503"",""ordinal"":503,""required"":null,""unit_id"":""urn:uuid:b030f316-07f4-5864-b0e6-2ff80e2e1a83"",""visible"":true},""record_type"":""course_unit_membership"",""recorded_at"":""2026-08-31T00:00:00Z"",""semantic_key"":""c80:openlogic:membership:OLP-0503""}"
urn:uuid:c548a3f6-709a-57e2-960f-5e1346800a08,course_unit_membership,"{""dataset_id"":""urn:uuid:fdfa2782-db96-5e60-bcb3-d206d78b960a"",""id"":""urn:uuid:c548a3f6-709a-57e2-960f-5e1346800a08"",""normalized_state"":""published"",""owner_authority_id"":""urn:uuid:ba324c09-ea3b-5b7d-a8de-40df0fcc5e83"",""owner_native_state"":""exact_closure_order"",""payload"":{""course_id"":""urn:uuid:f6271d1d-189b-5f77-a370-ee7d4edd3603"",""edition_id"":""urn:uuid:79e7c26f-be00-528c-9ca5-dbbdb85bf9b8"",""native_unit_id"":""OLP-0504"",""order_key"":""0504"",""ordinal"":504,""required"":null,""unit_id"":""urn:uuid:383e4249-342e-55e8-9361-6c2b0c46331d"",""visible"":true},""record_type"":""course_unit_membership"",""recorded_at"":""2026-08-31T00:00:00Z"",""semantic_key"":""c80:openlogic:membership:OLP-0504""}"
urn:uuid:6f34e26e-2385-5f64-ba5e-852854da80a4,course_unit_membership,"{""dataset_id"":""urn:uuid:fdfa2782-db96-5e60-bcb3-d206d78b960a"",""id"":""urn:uuid:6f34e26e-2385-5f64-ba5e-852854da80a4"",""normalized_state"":""published"",""owner_authority_id"":""urn:uuid:ba324c09-ea3b-5b7d-a8de-40df0fcc5e83"",""owner_native_state"":""exact_closure_order"",""payload"":{""course_id"":""urn:uuid:f6271d1d-189b-5f77-a370-ee7d4edd3603"",""edition_id"":""urn:uuid:79e7c26f-be00-528c-9ca5-dbbdb85bf9b8"",""native_unit_id"":""OLP-0505"",""order_key"":""0505"",""ordinal"":505,""required"":null,""unit_id"":""urn:uuid:fff62f67-9dbb-5ab6-b8a0-94f2e351a738"",""visible"":true},""record_type"":""course_unit_membership"",""recorded_at"":""2026-08-31T00:00:00Z"",""semantic_key"":""c80:openlogic:membership:OLP-0505""}"
urn:uuid:ee6d3c9a-9368-542b-bdd9-9309a139b9b0,course_unit_membership,"{""dataset_id"":""urn:uuid:fdfa2782-db96-5e60-bcb3-d206d78b960a"",""id"":""urn:uuid:ee6d3c9a-9368-542b-bdd9-9309a139b9b0"",""normalized_state"":""published"",""owner_authority_id"":""urn:uuid:ba324c09-ea3b-5b7d-a8de-40df0fcc5e83"",""owner_native_state"":""exact_closure_order"",""payload"":{""course_id"":""urn:uuid:f6271d1d-189b-5f77-a370-ee7d4edd3603"",""edition_id"":""urn:uuid:79e7c26f-be00-528c-9ca5-dbbdb85bf9b8"",""native_unit_id"":""OLP-0506"",""order_key"":""0506"",""ordinal"":506,""required"":null,""unit_id"":""urn:uuid:79057fdd-a302-54c1-9dde-aa3a6a488833"",""visible"":true},""record_type"":""course_unit_membership"",""recorded_at"":""2026-08-31T00:00:00Z"",""semantic_key"":""c80:openlogic:membership:OLP-0506""}"
urn:uuid:7c73f02c-ef8e-5881-8beb-063f9eb8d248,course_unit_membership,"{""dataset_id"":""urn:uuid:fdfa2782-db96-5e60-bcb3-d206d78b960a"",""id"":""urn:uuid:7c73f02c-ef8e-5881-8beb-063f9eb8d248"",""normalized_state"":""published"",""owner_authority_id"":""urn:uuid:ba324c09-ea3b-5b7d-a8de-40df0fcc5e83"",""owner_native_state"":""exact_closure_order"",""payload"":{""course_id"":""urn:uuid:f6271d1d-189b-5f77-a370-ee7d4edd3603"",""edition_id"":""urn:uuid:79e7c26f-be00-528c-9ca5-dbbdb85bf9b8"",""native_unit_id"":""OLP-0507"",""order_key"":""0507"",""ordinal"":507,""required"":null,""unit_id"":""urn:uuid:eb7c7c24-d58b-5194-94b8-d4fa1b1bd56c"",""visible"":true},""record_type"":""course_unit_membership"",""recorded_at"":""2026-08-31T00:00:00Z"",""semantic_key"":""c80:openlogic:membership:OLP-0507""}"
urn:uuid:39063549-ed65-5ed7-98de-83c849d131c7,course_unit_membership,"{""dataset_id"":""urn:uuid:fdfa2782-db96-5e60-bcb3-d206d78b960a"",""id"":""urn:uuid:39063549-ed65-5ed7-98de-83c849d131c7"",""normalized_state"":""published"",""owner_authority_id"":""urn:uuid:ba324c09-ea3b-5b7d-a8de-40df0fcc5e83"",""owner_native_state"":""exact_closure_order"",""payload"":{""course_id"":""urn:uuid:f6271d1d-189b-5f77-a370-ee7d4edd3603"",""edition_id"":""urn:uuid:79e7c26f-be00-528c-9ca5-dbbdb85bf9b8"",""native_unit_id"":""OLP-0508"",""order_key"":""0508"",""ordinal"":508,""required"":null,""unit_id"":""urn:uuid:374f6d65-f410-5b2f-ba94-6d485583bd44"",""visible"":true},""record_type"":""course_unit_membership"",""recorded_at"":""2026-08-31T00:00:00Z"",""semantic_key"":""c80:openlogic:membership:OLP-0508""}"
urn:uuid:82354dd6-2499-5236-8966-a2aef1961831,course_unit_membership,"{""dataset_id"":""urn:uuid:fdfa2782-db96-5e60-bcb3-d206d78b960a"",""id"":""urn:uuid:82354dd6-2499-5236-8966-a2aef1961831"",""normalized_state"":""published"",""owner_authority_id"":""urn:uuid:ba324c09-ea3b-5b7d-a8de-40df0fcc5e83"",""owner_native_state"":""exact_closure_order"",""payload"":{""course_id"":""urn:uuid:f6271d1d-189b-5f77-a370-ee7d4edd3603"",""edition_id"":""urn:uuid:79e7c26f-be00-528c-9ca5-dbbdb85bf9b8"",""native_unit_id"":""OLP-0509"",""order_key"":""0509"",""ordinal"":509,""required"":null,""unit_id"":""urn:uuid:0b0e0d6f-953c-5ccc-a21b-9acfe9f2afd0"",""visible"":true},""record_type"":""course_unit_membership"",""recorded_at"":""2026-08-31T00:00:00Z"",""semantic_key"":""c80:openlogic:membership:OLP-0509""}"
urn:uuid:2cdbff90-9d8a-51f5-b06a-f5c6c7600ccc,course_unit_membership,"{""dataset_id"":""urn:uuid:fdfa2782-db96-5e60-bcb3-d206d78b960a"",""id"":""urn:uuid:2cdbff90-9d8a-51f5-b06a-f5c6c7600ccc"",""normalized_state"":""published"",""owner_authority_id"":""urn:uuid:ba324c09-ea3b-5b7d-a8de-40df0fcc5e83"",""owner_native_state"":""exact_closure_order"",""payload"":{""course_id"":""urn:uuid:f6271d1d-189b-5f77-a370-ee7d4edd3603"",""edition_id"":""urn:uuid:79e7c26f-be00-528c-9ca5-dbbdb85bf9b8"",""native_unit_id"":""OLP-0510"",""order_key"":""0510"",""ordinal"":510,""required"":null,""unit_id"":""urn:uuid:ce690d47-bd91-576c-84ae-164408e7339b"",""visible"":true},""record_type"":""course_unit_membership"",""recorded_at"":""2026-08-31T00:00:00Z"",""semantic_key"":""c80:openlogic:membership:OLP-0510""}"
urn:uuid:b8bf609a-dede-5c9c-a968-e14117b891e1,course_unit_membership,"{""dataset_id"":""urn:uuid:fdfa2782-db96-5e60-bcb3-d206d78b960a"",""id"":""urn:uuid:b8bf609a-dede-5c9c-a968-e14117b891e1"",""normalized_state"":""published"",""owner_authority_id"":""urn:uuid:ba324c09-ea3b-5b7d-a8de-40df0fcc5e83"",""owner_native_state"":""exact_closure_order"",""payload"":{""course_id"":""urn:uuid:f6271d1d-189b-5f77-a370-ee7d4edd3603"",""edition_id"":""urn:uuid:79e7c26f-be00-528c-9ca5-dbbdb85bf9b8"",""native_unit_id"":""OLP-0511"",""order_key"":""0511"",""ordinal"":511,""required"":null,""unit_id"":""urn:uuid:82b448f1-611b-572b-9dea-9d11deb2245f"",""visible"":true},""record_type"":""course_unit_membership"",""recorded_at"":""2026-08-31T00:00:00Z"",""semantic_key"":""c80:openlogic:membership:OLP-0511""}"
urn:uuid:cc458cba-1899-5825-99e8-4dd2452979c4,course_unit_membership,"{""dataset_id"":""urn:uuid:fdfa2782-db96-5e60-bcb3-d206d78b960a"",""id"":""urn:uuid:cc458cba-1899-5825-99e8-4dd2452979c4"",""normalized_state"":""published"",""owner_authority_id"":""urn:uuid:ba324c09-ea3b-5b7d-a8de-40df0fcc5e83"",""owner_native_state"":""exact_closure_order"",""payload"":{""course_id"":""urn:uuid:f6271d1d-189b-5f77-a370-ee7d4edd3603"",""edition_id"":""urn:uuid:79e7c26f-be00-528c-9ca5-dbbdb85bf9b8"",""native_unit_id"":""OLP-0512"",""order_key"":""0512"",""ordinal"":512,""required"":null,""unit_id"":""urn:uuid:2959cf6c-8d76-5e0d-ba43-72582ccf9213"",""visible"":true},""record_type"":""course_unit_membership"",""recorded_at"":""2026-08-31T00:00:00Z"",""semantic_key"":""c80:openlogic:membership:OLP-0512""}"
urn:uuid:9b4de1c5-66a3-5e6e-bfe4-73954fb8db75,course_unit_membership,"{""dataset_id"":""urn:uuid:fdfa2782-db96-5e60-bcb3-d206d78b960a"",""id"":""urn:uuid:9b4de1c5-66a3-5e6e-bfe4-73954fb8db75"",""normalized_state"":""published"",""owner_authority_id"":""urn:uuid:ba324c09-ea3b-5b7d-a8de-40df0fcc5e83"",""owner_native_state"":""exact_closure_order"",""payload"":{""course_id"":""urn:uuid:f6271d1d-189b-5f77-a370-ee7d4edd3603"",""edition_id"":""urn:uuid:79e7c26f-be00-528c-9ca5-dbbdb85bf9b8"",""native_unit_id"":""OLP-0513"",""order_key"":""0513"",""ordinal"":513,""required"":null,""unit_id"":""urn:uuid:3a964027-1c60-5f1d-acb1-35df1a8ac1d8"",""visible"":true},""record_type"":""course_unit_membership"",""recorded_at"":""2026-08-31T00:00:00Z"",""semantic_key"":""c80:openlogic:membership:OLP-0513""}"
urn:uuid:d79e4322-89f2-575f-9f57-5b31d872900d,course_unit_membership,"{""dataset_id"":""urn:uuid:fdfa2782-db96-5e60-bcb3-d206d78b960a"",""id"":""urn:uuid:d79e4322-89f2-575f-9f57-5b31d872900d"",""normalized_state"":""published"",""owner_authority_id"":""urn:uuid:ba324c09-ea3b-5b7d-a8de-40df0fcc5e83"",""owner_native_state"":""exact_closure_order"",""payload"":{""course_id"":""urn:uuid:f6271d1d-189b-5f77-a370-ee7d4edd3603"",""edition_id"":""urn:uuid:79e7c26f-be00-528c-9ca5-dbbdb85bf9b8"",""native_unit_id"":""OLP-0514"",""order_key"":""0514"",""ordinal"":514,""required"":null,""unit_id"":""urn:uuid:4338c477-8b00-5e19-821a-c3c56512b405"",""visible"":true},""record_type"":""course_unit_membership"",""recorded_at"":""2026-08-31T00:00:00Z"",""semantic_key"":""c80:openlogic:membership:OLP-0514""}"
urn:uuid:36598b73-90a9-58a7-b2d3-e025af91908c,course_unit_membership,"{""dataset_id"":""urn:uuid:fdfa2782-db96-5e60-bcb3-d206d78b960a"",""id"":""urn:uuid:36598b73-90a9-58a7-b2d3-e025af91908c"",""normalized_state"":""published"",""owner_authority_id"":""urn:uuid:ba324c09-ea3b-5b7d-a8de-40df0fcc5e83"",""owner_native_state"":""exact_closure_order"",""payload"":{""course_id"":""urn:uuid:f6271d1d-189b-5f77-a370-ee7d4edd3603"",""edition_id"":""urn:uuid:79e7c26f-be00-528c-9ca5-dbbdb85bf9b8"",""native_unit_id"":""OLP-0515"",""order_key"":""0515"",""ordinal"":515,""required"":null,""unit_id"":""urn:uuid:9367d5f7-35f6-5bae-99c6-6524d5b31e38"",""visible"":true},""record_type"":""course_unit_membership"",""recorded_at"":""2026-08-31T00:00:00Z"",""semantic_key"":""c80:openlogic:membership:OLP-0515""}"
urn:uuid:25777101-c794-5d6f-a1cc-6dbe791d52c4,course_unit_membership,"{""dataset_id"":""urn:uuid:fdfa2782-db96-5e60-bcb3-d206d78b960a"",""id"":""urn:uuid:25777101-c794-5d6f-a1cc-6dbe791d52c4"",""normalized_state"":""published"",""owner_authority_id"":""urn:uuid:ba324c09-ea3b-5b7d-a8de-40df0fcc5e83"",""owner_native_state"":""exact_closure_order"",""payload"":{""course_id"":""urn:uuid:f6271d1d-189b-5f77-a370-ee7d4edd3603"",""edition_id"":""urn:uuid:79e7c26f-be00-528c-9ca5-dbbdb85bf9b8"",""native_unit_id"":""OLP-0516"",""order_key"":""0516"",""ordinal"":516,""required"":null,""unit_id"":""urn:uuid:ee76a71a-29b3-5e3d-b698-9d2e4b6204f9"",""visible"":true},""record_type"":""course_unit_membership"",""recorded_at"":""2026-08-31T00:00:00Z"",""semantic_key"":""c80:openlogic:membership:OLP-0516""}"
urn:uuid:331a0de7-d604-51d1-8308-b1ca683dc154,course_unit_membership,"{""dataset_id"":""urn:uuid:fdfa2782-db96-5e60-bcb3-d206d78b960a"",""id"":""urn:uuid:331a0de7-d604-51d1-8308-b1ca683dc154"",""normalized_state"":""published"",""owner_authority_id"":""urn:uuid:ba324c09-ea3b-5b7d-a8de-40df0fcc5e83"",""owner_native_state"":""exact_closure_order"",""payload"":{""course_id"":""urn:uuid:f6271d1d-189b-5f77-a370-ee7d4edd3603"",""edition_id"":""urn:uuid:79e7c26f-be00-528c-9ca5-dbbdb85bf9b8"",""native_unit_id"":""OLP-0517"",""order_key"":""0517"",""ordinal"":517,""required"":null,""unit_id"":""urn:uuid:bdb23ee9-3ed9-5f23-8e63-b6647528280a"",""visible"":true},""record_type"":""course_unit_membership"",""recorded_at"":""2026-08-31T00:00:00Z"",""semantic_key"":""c80:openlogic:membership:OLP-0517""}"
urn:uuid:37d1d206-3684-55c3-af4c-da36366c6ca6,course_unit_membership,"{""dataset_id"":""urn:uuid:fdfa2782-db96-5e60-bcb3-d206d78b960a"",""id"":""urn:uuid:37d1d206-3684-55c3-af4c-da36366c6ca6"",""normalized_state"":""published"",""owner_authority_id"":""urn:uuid:ba324c09-ea3b-5b7d-a8de-40df0fcc5e83"",""owner_native_state"":""exact_closure_order"",""payload"":{""course_id"":""urn:uuid:f6271d1d-189b-5f77-a370-ee7d4edd3603"",""edition_id"":""urn:uuid:79e7c26f-be00-528c-9ca5-dbbdb85bf9b8"",""native_unit_id"":""OLP-0518"",""order_key"":""0518"",""ordinal"":518,""required"":null,""unit_id"":""urn:uuid:acfc96a5-02e2-5f9d-81e6-4392c6086568"",""visible"":true},""record_type"":""course_unit_membership"",""recorded_at"":""2026-08-31T00:00:00Z"",""semantic_key"":""c80:openlogic:membership:OLP-0518""}"
urn:uuid:56ecb86c-d21d-5008-b425-5c88d8baa947,course_unit_membership,"{""dataset_id"":""urn:uuid:fdfa2782-db96-5e60-bcb3-d206d78b960a"",""id"":""urn:uuid:56ecb86c-d21d-5008-b425-5c88d8baa947"",""normalized_state"":""published"",""owner_authority_id"":""urn:uuid:ba324c09-ea3b-5b7d-a8de-40df0fcc5e83"",""owner_native_state"":""exact_closure_order"",""payload"":{""course_id"":""urn:uuid:f6271d1d-189b-5f77-a370-ee7d4edd3603"",""edition_id"":""urn:uuid:79e7c26f-be00-528c-9ca5-dbbdb85bf9b8"",""native_unit_id"":""OLP-0519"",""order_key"":""0519"",""ordinal"":519,""required"":null,""unit_id"":""urn:uuid:be5e10b9-20da-587d-a6ac-fb6f2828acb5"",""visible"":true},""record_type"":""course_unit_membership"",""recorded_at"":""2026-08-31T00:00:00Z"",""semantic_key"":""c80:openlogic:membership:OLP-0519""}"
urn:uuid:80ba900e-cabc-53bb-ac92-3b892929826d,course_unit_membership,"{""dataset_id"":""urn:uuid:fdfa2782-db96-5e60-bcb3-d206d78b960a"",""id"":""urn:uuid:80ba900e-cabc-53bb-ac92-3b892929826d"",""normalized_state"":""published"",""owner_authority_id"":""urn:uuid:ba324c09-ea3b-5b7d-a8de-40df0fcc5e83"",""owner_native_state"":""exact_closure_order"",""payload"":{""course_id"":""urn:uuid:f6271d1d-189b-5f77-a370-ee7d4edd3603"",""edition_id"":""urn:uuid:79e7c26f-be00-528c-9ca5-dbbdb85bf9b8"",""native_unit_id"":""OLP-0520"",""order_key"":""0520"",""ordinal"":520,""required"":null,""unit_id"":""urn:uuid:c60166f9-4849-5787-bd8e-47076423b39a"",""visible"":true},""record_type"":""course_unit_membership"",""recorded_at"":""2026-08-31T00:00:00Z"",""semantic_key"":""c80:openlogic:membership:OLP-0520""}"
urn:uuid:6d02da74-3eb1-5a5a-a1fb-723267a092da,course_unit_membership,"{""dataset_id"":""urn:uuid:fdfa2782-db96-5e60-bcb3-d206d78b960a"",""id"":""urn:uuid:6d02da74-3eb1-5a5a-a1fb-723267a092da"",""normalized_state"":""published"",""owner_authority_id"":""urn:uuid:ba324c09-ea3b-5b7d-a8de-40df0fcc5e83"",""owner_native_state"":""exact_closure_order"",""payload"":{""course_id"":""urn:uuid:f6271d1d-189b-5f77-a370-ee7d4edd3603"",""edition_id"":""urn:uuid:79e7c26f-be00-528c-9ca5-dbbdb85bf9b8"",""native_unit_id"":""OLP-0521"",""order_key"":""0521"",""ordinal"":521,""required"":null,""unit_id"":""urn:uuid:7a56684f-f2de-589a-87f3-00a2633d37c2"",""visible"":true},""record_type"":""course_unit_membership"",""recorded_at"":""2026-08-31T00:00:00Z"",""semantic_key"":""c80:openlogic:membership:OLP-0521""}"
urn:uuid:9a51a09c-5831-5dfb-9fca-dfb66a1183e3,course_unit_membership,"{""dataset_id"":""urn:uuid:fdfa2782-db96-5e60-bcb3-d206d78b960a"",""id"":""urn:uuid:9a51a09c-5831-5dfb-9fca-dfb66a1183e3"",""normalized_state"":""published"",""owner_authority_id"":""urn:uuid:ba324c09-ea3b-5b7d-a8de-40df0fcc5e83"",""owner_native_state"":""exact_closure_order"",""payload"":{""course_id"":""urn:uuid:f6271d1d-189b-5f77-a370-ee7d4edd3603"",""edition_id"":""urn:uuid:79e7c26f-be00-528c-9ca5-dbbdb85bf9b8"",""native_unit_id"":""OLP-0522"",""order_key"":""0522"",""ordinal"":522,""required"":null,""unit_id"":""urn:uuid:83823e36-99be-56c7-a639-34b032cf46fe"",""visible"":true},""record_type"":""course_unit_membership"",""recorded_at"":""2026-08-31T00:00:00Z"",""semantic_key"":""c80:openlogic:membership:OLP-0522""}"
urn:uuid:4791ed4d-e1c0-5ca6-93cb-9f3255fc6297,course_unit_membership,"{""dataset_id"":""urn:uuid:fdfa2782-db96-5e60-bcb3-d206d78b960a"",""id"":""urn:uuid:4791ed4d-e1c0-5ca6-93cb-9f3255fc6297"",""normalized_state"":""published"",""owner_authority_id"":""urn:uuid:ba324c09-ea3b-5b7d-a8de-40df0fcc5e83"",""owner_native_state"":""exact_closure_order"",""payload"":{""course_id"":""urn:uuid:f6271d1d-189b-5f77-a370-ee7d4edd3603"",""edition_id"":""urn:uuid:79e7c26f-be00-528c-9ca5-dbbdb85bf9b8"",""native_unit_id"":""OLP-0523"",""order_key"":""0523"",""ordinal"":523,""required"":null,""unit_id"":""urn:uuid:2b60d7ba-972d-5d2d-a972-92463871a41a"",""visible"":true},""record_type"":""course_unit_membership"",""recorded_at"":""2026-08-31T00:00:00Z"",""semantic_key"":""c80:openlogic:membership:OLP-0523""}"
urn:uuid:55b12c85-3a22-5d20-a8b9-aa91759bb6f0,course_unit_membership,"{""dataset_id"":""urn:uuid:fdfa2782-db96-5e60-bcb3-d206d78b960a"",""id"":""urn:uuid:55b12c85-3a22-5d20-a8b9-aa91759bb6f0"",""normalized_state"":""published"",""owner_authority_id"":""urn:uuid:ba324c09-ea3b-5b7d-a8de-40df0fcc5e83"",""owner_native_state"":""exact_closure_order"",""payload"":{""course_id"":""urn:uuid:f6271d1d-189b-5f77-a370-ee7d4edd3603"",""edition_id"":""urn:uuid:79e7c26f-be00-528c-9ca5-dbbdb85bf9b8"",""native_unit_id"":""OLP-0524"",""order_key"":""0524"",""ordinal"":524,""required"":null,""unit_id"":""urn:uuid:aa7c0374-6f0b-5ad6-a996-6b451a5b57e6"",""visible"":true},""record_type"":""course_unit_membership"",""recorded_at"":""2026-08-31T00:00:00Z"",""semantic_key"":""c80:openlogic:membership:OLP-0524""}"
urn:uuid:4981a729-aa4b-5064-a990-32848b9ad66a,course_unit_membership,"{""dataset_id"":""urn:uuid:fdfa2782-db96-5e60-bcb3-d206d78b960a"",""id"":""urn:uuid:4981a729-aa4b-5064-a990-32848b9ad66a"",""normalized_state"":""published"",""owner_authority_id"":""urn:uuid:ba324c09-ea3b-5b7d-a8de-40df0fcc5e83"",""owner_native_state"":""exact_closure_order"",""payload"":{""course_id"":""urn:uuid:f6271d1d-189b-5f77-a370-ee7d4edd3603"",""edition_id"":""urn:uuid:79e7c26f-be00-528c-9ca5-dbbdb85bf9b8"",""native_unit_id"":""OLP-0525"",""order_key"":""0525"",""ordinal"":525,""required"":null,""unit_id"":""urn:uuid:beea79e2-1f40-5ea9-8c8d-1279ffe8fcb3"",""visible"":true},""record_type"":""course_unit_membership"",""recorded_at"":""2026-08-31T00:00:00Z"",""semantic_key"":""c80:openlogic:membership:OLP-0525""}"
urn:uuid:106d5ebf-3ffa-5c4a-ad73-6e0dcf29f6a0,course_unit_membership,"{""dataset_id"":""urn:uuid:fdfa2782-db96-5e60-bcb3-d206d78b960a"",""id"":""urn:uuid:106d5ebf-3ffa-5c4a-ad73-6e0dcf29f6a0"",""normalized_state"":""published"",""owner_authority_id"":""urn:uuid:ba324c09-ea3b-5b7d-a8de-40df0fcc5e83"",""owner_native_state"":""exact_closure_order"",""payload"":{""course_id"":""urn:uuid:f6271d1d-189b-5f77-a370-ee7d4edd3603"",""edition_id"":""urn:uuid:79e7c26f-be00-528c-9ca5-dbbdb85bf9b8"",""native_unit_id"":""OLP-0526"",""order_key"":""0526"",""ordinal"":526,""required"":null,""unit_id"":""urn:uuid:d74c4743-e89e-5c0e-a17c-b7c9c1320bad"",""visible"":true},""record_type"":""course_unit_membership"",""recorded_at"":""2026-08-31T00:00:00Z"",""semantic_key"":""c80:openlogic:membership:OLP-0526""}"
urn:uuid:5dadbcc9-58db-5e2d-b3a3-9acc711ccdbd,course_unit_membership,"{""dataset_id"":""urn:uuid:fdfa2782-db96-5e60-bcb3-d206d78b960a"",""id"":""urn:uuid:5dadbcc9-58db-5e2d-b3a3-9acc711ccdbd"",""normalized_state"":""published"",""owner_authority_id"":""urn:uuid:ba324c09-ea3b-5b7d-a8de-40df0fcc5e83"",""owner_native_state"":""exact_closure_order"",""payload"":{""course_id"":""urn:uuid:f6271d1d-189b-5f77-a370-ee7d4edd3603"",""edition_id"":""urn:uuid:79e7c26f-be00-528c-9ca5-dbbdb85bf9b8"",""native_unit_id"":""OLP-0527"",""order_key"":""0527"",""ordinal"":527,""required"":null,""unit_id"":""urn:uuid:07d17b92-04fe-5a95-a7b6-f59f2ab00b1f"",""visible"":true},""record_type"":""course_unit_membership"",""recorded_at"":""2026-08-31T00:00:00Z"",""semantic_key"":""c80:openlogic:membership:OLP-0527""}"
urn:uuid:a381a28f-0170-5755-997a-e1a8621cbb07,course_unit_membership,"{""dataset_id"":""urn:uuid:fdfa2782-db96-5e60-bcb3-d206d78b960a"",""id"":""urn:uuid:a381a28f-0170-5755-997a-e1a8621cbb07"",""normalized_state"":""published"",""owner_authority_id"":""urn:uuid:ba324c09-ea3b-5b7d-a8de-40df0fcc5e83"",""owner_native_state"":""exact_closure_order"",""payload"":{""course_id"":""urn:uuid:f6271d1d-189b-5f77-a370-ee7d4edd3603"",""edition_id"":""urn:uuid:79e7c26f-be00-528c-9ca5-dbbdb85bf9b8"",""native_unit_id"":""OLP-0528"",""order_key"":""0528"",""ordinal"":528,""required"":null,""unit_id"":""urn:uuid:5b33d101-cde2-58bb-90dd-6c41cc9273da"",""visible"":true},""record_type"":""course_unit_membership"",""recorded_at"":""2026-08-31T00:00:00Z"",""semantic_key"":""c80:openlogic:membership:OLP-0528""}"
urn:uuid:6ee38643-21f8-5443-a93b-901b7f5b0db9,course_unit_membership,"{""dataset_id"":""urn:uuid:fdfa2782-db96-5e60-bcb3-d206d78b960a"",""id"":""urn:uuid:6ee38643-21f8-5443-a93b-901b7f5b0db9"",""normalized_state"":""published"",""owner_authority_id"":""urn:uuid:ba324c09-ea3b-5b7d-a8de-40df0fcc5e83"",""owner_native_state"":""exact_closure_order"",""payload"":{""course_id"":""urn:uuid:f6271d1d-189b-5f77-a370-ee7d4edd3603"",""edition_id"":""urn:uuid:79e7c26f-be00-528c-9ca5-dbbdb85bf9b8"",""native_unit_id"":""OLP-0529"",""order_key"":""0529"",""ordinal"":529,""required"":null,""unit_id"":""urn:uuid:77f3b3ec-6b9a-5289-bb60-35728bcc7df6"",""visible"":true},""record_type"":""course_unit_membership"",""recorded_at"":""2026-08-31T00:00:00Z"",""semantic_key"":""c80:openlogic:membership:OLP-0529""}"
urn:uuid:78ed15ed-4be3-5166-808d-9df5c791c979,course_unit_membership,"{""dataset_id"":""urn:uuid:fdfa2782-db96-5e60-bcb3-d206d78b960a"",""id"":""urn:uuid:78ed15ed-4be3-5166-808d-9df5c791c979"",""normalized_state"":""published"",""owner_authority_id"":""urn:uuid:ba324c09-ea3b-5b7d-a8de-40df0fcc5e83"",""owner_native_state"":""exact_closure_order"",""payload"":{""course_id"":""urn:uuid:f6271d1d-189b-5f77-a370-ee7d4edd3603"",""edition_id"":""urn:uuid:79e7c26f-be00-528c-9ca5-dbbdb85bf9b8"",""native_unit_id"":""OLP-0530"",""order_key"":""0530"",""ordinal"":530,""required"":null,""unit_id"":""urn:uuid:a2742d90-6152-57cf-b871-a1af32915082"",""visible"":true},""record_type"":""course_unit_membership"",""recorded_at"":""2026-08-31T00:00:00Z"",""semantic_key"":""c80:openlogic:membership:OLP-0530""}"
urn:uuid:5a6d5feb-d631-590e-8bcc-fffd8df657d9,course_unit_membership,"{""dataset_id"":""urn:uuid:fdfa2782-db96-5e60-bcb3-d206d78b960a"",""id"":""urn:uuid:5a6d5feb-d631-590e-8bcc-fffd8df657d9"",""normalized_state"":""published"",""owner_authority_id"":""urn:uuid:ba324c09-ea3b-5b7d-a8de-40df0fcc5e83"",""owner_native_state"":""exact_closure_order"",""payload"":{""course_id"":""urn:uuid:f6271d1d-189b-5f77-a370-ee7d4edd3603"",""edition_id"":""urn:uuid:79e7c26f-be00-528c-9ca5-dbbdb85bf9b8"",""native_unit_id"":""OLP-0531"",""order_key"":""0531"",""ordinal"":531,""required"":null,""unit_id"":""urn:uuid:cac6cb87-4e72-5264-a979-19afb06ed62d"",""visible"":true},""record_type"":""course_unit_membership"",""recorded_at"":""2026-08-31T00:00:00Z"",""semantic_key"":""c80:openlogic:membership:OLP-0531""}"
urn:uuid:5492390c-4fa5-5a4a-a952-84fbef470353,course_unit_membership,"{""dataset_id"":""urn:uuid:fdfa2782-db96-5e60-bcb3-d206d78b960a"",""id"":""urn:uuid:5492390c-4fa5-5a4a-a952-84fbef470353"",""normalized_state"":""published"",""owner_authority_id"":""urn:uuid:ba324c09-ea3b-5b7d-a8de-40df0fcc5e83"",""owner_native_state"":""exact_closure_order"",""payload"":{""course_id"":""urn:uuid:f6271d1d-189b-5f77-a370-ee7d4edd3603"",""edition_id"":""urn:uuid:79e7c26f-be00-528c-9ca5-dbbdb85bf9b8"",""native_unit_id"":""OLP-0532"",""order_key"":""0532"",""ordinal"":532,""required"":null,""unit_id"":""urn:uuid:889c5653-b1ce-524d-9f6d-1301419299ec"",""visible"":true},""record_type"":""course_unit_membership"",""recorded_at"":""2026-08-31T00:00:00Z"",""semantic_key"":""c80:openlogic:membership:OLP-0532""}"
urn:uuid:2d6f6f30-67bf-5f83-8fea-2ed4e5b661b7,course_unit_membership,"{""dataset_id"":""urn:uuid:fdfa2782-db96-5e60-bcb3-d206d78b960a"",""id"":""urn:uuid:2d6f6f30-67bf-5f83-8fea-2ed4e5b661b7"",""normalized_state"":""published"",""owner_authority_id"":""urn:uuid:ba324c09-ea3b-5b7d-a8de-40df0fcc5e83"",""owner_native_state"":""exact_closure_order"",""payload"":{""course_id"":""urn:uuid:f6271d1d-189b-5f77-a370-ee7d4edd3603"",""edition_id"":""urn:uuid:79e7c26f-be00-528c-9ca5-dbbdb85bf9b8"",""native_unit_id"":""OLP-0533"",""order_key"":""0533"",""ordinal"":533,""required"":null,""unit_id"":""urn:uuid:55c5c4ce-a0e2-5516-a144-4884e87bf910"",""visible"":true},""record_type"":""course_unit_membership"",""recorded_at"":""2026-08-31T00:00:00Z"",""semantic_key"":""c80:openlogic:membership:OLP-0533""}"
urn:uuid:01887df2-d07c-5117-9eca-dd58cdf10d20,course_unit_membership,"{""dataset_id"":""urn:uuid:fdfa2782-db96-5e60-bcb3-d206d78b960a"",""id"":""urn:uuid:01887df2-d07c-5117-9eca-dd58cdf10d20"",""normalized_state"":""published"",""owner_authority_id"":""urn:uuid:ba324c09-ea3b-5b7d-a8de-40df0fcc5e83"",""owner_native_state"":""exact_closure_order"",""payload"":{""course_id"":""urn:uuid:f6271d1d-189b-5f77-a370-ee7d4edd3603"",""edition_id"":""urn:uuid:79e7c26f-be00-528c-9ca5-dbbdb85bf9b8"",""native_unit_id"":""OLP-0534"",""order_key"":""0534"",""ordinal"":534,""required"":null,""unit_id"":""urn:uuid:52e9c6d7-58cc-57f3-bff7-8077a6f9962b"",""visible"":true},""record_type"":""course_unit_membership"",""recorded_at"":""2026-08-31T00:00:00Z"",""semantic_key"":""c80:openlogic:membership:OLP-0534""}"
urn:uuid:363e8ae3-7380-5acd-9d94-9627637b01bd,course_unit_membership,"{""dataset_id"":""urn:uuid:fdfa2782-db96-5e60-bcb3-d206d78b960a"",""id"":""urn:uuid:363e8ae3-7380-5acd-9d94-9627637b01bd"",""normalized_state"":""published"",""owner_authority_id"":""urn:uuid:ba324c09-ea3b-5b7d-a8de-40df0fcc5e83"",""owner_native_state"":""exact_closure_order"",""payload"":{""course_id"":""urn:uuid:f6271d1d-189b-5f77-a370-ee7d4edd3603"",""edition_id"":""urn:uuid:79e7c26f-be00-528c-9ca5-dbbdb85bf9b8"",""native_unit_id"":""OLP-0535"",""order_key"":""0535"",""ordinal"":535,""required"":null,""unit_id"":""urn:uuid:8611f253-943f-5d11-973c-83c42804c70a"",""visible"":true},""record_type"":""course_unit_membership"",""recorded_at"":""2026-08-31T00:00:00Z"",""semantic_key"":""c80:openlogic:membership:OLP-0535""}"
urn:uuid:7c3c35a3-29e6-5502-ac96-59431bda84b3,course_unit_membership,"{""dataset_id"":""urn:uuid:fdfa2782-db96-5e60-bcb3-d206d78b960a"",""id"":""urn:uuid:7c3c35a3-29e6-5502-ac96-59431bda84b3"",""normalized_state"":""published"",""owner_authority_id"":""urn:uuid:ba324c09-ea3b-5b7d-a8de-40df0fcc5e83"",""owner_native_state"":""exact_closure_order"",""payload"":{""course_id"":""urn:uuid:f6271d1d-189b-5f77-a370-ee7d4edd3603"",""edition_id"":""urn:uuid:79e7c26f-be00-528c-9ca5-dbbdb85bf9b8"",""native_unit_id"":""OLP-0536"",""order_key"":""0536"",""ordinal"":536,""required"":null,""unit_id"":""urn:uuid:e24a3bbc-dc54-5102-9cb6-eeb8abe7603e"",""visible"":true},""record_type"":""course_unit_membership"",""recorded_at"":""2026-08-31T00:00:00Z"",""semantic_key"":""c80:openlogic:membership:OLP-0536""}"
urn:uuid:9a7ee533-64d5-5a14-89dc-18ef475ec5f0,course_unit_membership,"{""dataset_id"":""urn:uuid:fdfa2782-db96-5e60-bcb3-d206d78b960a"",""id"":""urn:uuid:9a7ee533-64d5-5a14-89dc-18ef475ec5f0"",""normalized_state"":""published"",""owner_authority_id"":""urn:uuid:ba324c09-ea3b-5b7d-a8de-40df0fcc5e83"",""owner_native_state"":""exact_closure_order"",""payload"":{""course_id"":""urn:uuid:f6271d1d-189b-5f77-a370-ee7d4edd3603"",""edition_id"":""urn:uuid:79e7c26f-be00-528c-9ca5-dbbdb85bf9b8"",""native_unit_id"":""OLP-0537"",""order_key"":""0537"",""ordinal"":537,""required"":null,""unit_id"":""urn:uuid:3e7180e9-623e-54dc-af5d-d0a6933186e4"",""visible"":true},""record_type"":""course_unit_membership"",""recorded_at"":""2026-08-31T00:00:00Z"",""semantic_key"":""c80:openlogic:membership:OLP-0537""}"
urn:uuid:4653b38b-e10e-5bfc-8cab-afbd5820fcce,course_unit_membership,"{""dataset_id"":""urn:uuid:fdfa2782-db96-5e60-bcb3-d206d78b960a"",""id"":""urn:uuid:4653b38b-e10e-5bfc-8cab-afbd5820fcce"",""normalized_state"":""published"",""owner_authority_id"":""urn:uuid:ba324c09-ea3b-5b7d-a8de-40df0fcc5e83"",""owner_native_state"":""exact_closure_order"",""payload"":{""course_id"":""urn:uuid:f6271d1d-189b-5f77-a370-ee7d4edd3603"",""edition_id"":""urn:uuid:79e7c26f-be00-528c-9ca5-dbbdb85bf9b8"",""native_unit_id"":""OLP-0538"",""order_key"":""0538"",""ordinal"":538,""required"":null,""unit_id"":""urn:uuid:55625c3b-6ec6-5a93-9127-7d9407729bf7"",""visible"":true},""record_type"":""course_unit_membership"",""recorded_at"":""2026-08-31T00:00:00Z"",""semantic_key"":""c80:openlogic:membership:OLP-0538""}"
urn:uuid:f43125fe-b0d1-5b8a-aa8f-355467bc8d9e,course_unit_membership,"{""dataset_id"":""urn:uuid:fdfa2782-db96-5e60-bcb3-d206d78b960a"",""id"":""urn:uuid:f43125fe-b0d1-5b8a-aa8f-355467bc8d9e"",""normalized_state"":""published"",""owner_authority_id"":""urn:uuid:ba324c09-ea3b-5b7d-a8de-40df0fcc5e83"",""owner_native_state"":""exact_closure_order"",""payload"":{""course_id"":""urn:uuid:f6271d1d-189b-5f77-a370-ee7d4edd3603"",""edition_id"":""urn:uuid:79e7c26f-be00-528c-9ca5-dbbdb85bf9b8"",""native_unit_id"":""OLP-0539"",""order_key"":""0539"",""ordinal"":539,""required"":null,""unit_id"":""urn:uuid:d51f1733-2dcb-57eb-a414-8813e97f6caa"",""visible"":true},""record_type"":""course_unit_membership"",""recorded_at"":""2026-08-31T00:00:00Z"",""semantic_key"":""c80:openlogic:membership:OLP-0539""}"
urn:uuid:d0cf3cb9-e6d3-5c4d-8b43-a35cfcac3c90,course_unit_membership,"{""dataset_id"":""urn:uuid:fdfa2782-db96-5e60-bcb3-d206d78b960a"",""id"":""urn:uuid:d0cf3cb9-e6d3-5c4d-8b43-a35cfcac3c90"",""normalized_state"":""published"",""owner_authority_id"":""urn:uuid:ba324c09-ea3b-5b7d-a8de-40df0fcc5e83"",""owner_native_state"":""exact_closure_order"",""payload"":{""course_id"":""urn:uuid:f6271d1d-189b-5f77-a370-ee7d4edd3603"",""edition_id"":""urn:uuid:79e7c26f-be00-528c-9ca5-dbbdb85bf9b8"",""native_unit_id"":""OLP-0540"",""order_key"":""0540"",""ordinal"":540,""required"":null,""unit_id"":""urn:uuid:01f12017-bc0b-5776-bfb5-d2c015fcb73b"",""visible"":true},""record_type"":""course_unit_membership"",""recorded_at"":""2026-08-31T00:00:00Z"",""semantic_key"":""c80:openlogic:membership:OLP-0540""}"
urn:uuid:b7690628-211d-54da-a2ad-b91c8a7bc28d,course_unit_membership,"{""dataset_id"":""urn:uuid:fdfa2782-db96-5e60-bcb3-d206d78b960a"",""id"":""urn:uuid:b7690628-211d-54da-a2ad-b91c8a7bc28d"",""normalized_state"":""published"",""owner_authority_id"":""urn:uuid:ba324c09-ea3b-5b7d-a8de-40df0fcc5e83"",""owner_native_state"":""exact_closure_order"",""payload"":{""course_id"":""urn:uuid:f6271d1d-189b-5f77-a370-ee7d4edd3603"",""edition_id"":""urn:uuid:79e7c26f-be00-528c-9ca5-dbbdb85bf9b8"",""native_unit_id"":""OLP-0541"",""order_key"":""0541"",""ordinal"":541,""required"":null,""unit_id"":""urn:uuid:9b410187-5442-5f70-bd0e-209c0257cedc"",""visible"":true},""record_type"":""course_unit_membership"",""recorded_at"":""2026-08-31T00:00:00Z"",""semantic_key"":""c80:openlogic:membership:OLP-0541""}"
urn:uuid:df2715fc-f832-5ee4-92c0-e0ce97e53122,course_unit_membership,"{""dataset_id"":""urn:uuid:fdfa2782-db96-5e60-bcb3-d206d78b960a"",""id"":""urn:uuid:df2715fc-f832-5ee4-92c0-e0ce97e53122"",""normalized_state"":""published"",""owner_authority_id"":""urn:uuid:ba324c09-ea3b-5b7d-a8de-40df0fcc5e83"",""owner_native_state"":""exact_closure_order"",""payload"":{""course_id"":""urn:uuid:f6271d1d-189b-5f77-a370-ee7d4edd3603"",""edition_id"":""urn:uuid:79e7c26f-be00-528c-9ca5-dbbdb85bf9b8"",""native_unit_id"":""OLP-0542"",""order_key"":""0542"",""ordinal"":542,""required"":null,""unit_id"":""urn:uuid:47949def-f0c2-515b-a934-41b4ecace175"",""visible"":true},""record_type"":""course_unit_membership"",""recorded_at"":""2026-08-31T00:00:00Z"",""semantic_key"":""c80:openlogic:membership:OLP-0542""}"
urn:uuid:bb883279-8b79-5618-8ae6-3b42a1894ddb,course_unit_membership,"{""dataset_id"":""urn:uuid:fdfa2782-db96-5e60-bcb3-d206d78b960a"",""id"":""urn:uuid:bb883279-8b79-5618-8ae6-3b42a1894ddb"",""normalized_state"":""published"",""owner_authority_id"":""urn:uuid:ba324c09-ea3b-5b7d-a8de-40df0fcc5e83"",""owner_native_state"":""exact_closure_order"",""payload"":{""course_id"":""urn:uuid:f6271d1d-189b-5f77-a370-ee7d4edd3603"",""edition_id"":""urn:uuid:79e7c26f-be00-528c-9ca5-dbbdb85bf9b8"",""native_unit_id"":""OLP-0543"",""order_key"":""0543"",""ordinal"":543,""required"":null,""unit_id"":""urn:uuid:1c6a8725-8527-50fe-b8cc-e971bf73f13a"",""visible"":true},""record_type"":""course_unit_membership"",""recorded_at"":""2026-08-31T00:00:00Z"",""semantic_key"":""c80:openlogic:membership:OLP-0543""}"
urn:uuid:a3999336-ba61-59de-a391-305726688672,course_unit_membership,"{""dataset_id"":""urn:uuid:fdfa2782-db96-5e60-bcb3-d206d78b960a"",""id"":""urn:uuid:a3999336-ba61-59de-a391-305726688672"",""normalized_state"":""published"",""owner_authority_id"":""urn:uuid:ba324c09-ea3b-5b7d-a8de-40df0fcc5e83"",""owner_native_state"":""exact_closure_order"",""payload"":{""course_id"":""urn:uuid:f6271d1d-189b-5f77-a370-ee7d4edd3603"",""edition_id"":""urn:uuid:79e7c26f-be00-528c-9ca5-dbbdb85bf9b8"",""native_unit_id"":""OLP-0544"",""order_key"":""0544"",""ordinal"":544,""required"":null,""unit_id"":""urn:uuid:88e7860c-3021-5836-b713-a9d71a3b4547"",""visible"":true},""record_type"":""course_unit_membership"",""recorded_at"":""2026-08-31T00:00:00Z"",""semantic_key"":""c80:openlogic:membership:OLP-0544""}"
urn:uuid:01a29ab1-da42-5f32-b3d4-9c8ff4e1262a,course_unit_membership,"{""dataset_id"":""urn:uuid:fdfa2782-db96-5e60-bcb3-d206d78b960a"",""id"":""urn:uuid:01a29ab1-da42-5f32-b3d4-9c8ff4e1262a"",""normalized_state"":""published"",""owner_authority_id"":""urn:uuid:ba324c09-ea3b-5b7d-a8de-40df0fcc5e83"",""owner_native_state"":""exact_closure_order"",""payload"":{""course_id"":""urn:uuid:f6271d1d-189b-5f77-a370-ee7d4edd3603"",""edition_id"":""urn:uuid:79e7c26f-be00-528c-9ca5-dbbdb85bf9b8"",""native_unit_id"":""OLP-0545"",""order_key"":""0545"",""ordinal"":545,""required"":null,""unit_id"":""urn:uuid:77419689-ee27-5d19-99bf-00f3322f7e62"",""visible"":true},""record_type"":""course_unit_membership"",""recorded_at"":""2026-08-31T00:00:00Z"",""semantic_key"":""c80:openlogic:membership:OLP-0545""}"
urn:uuid:64adb537-00df-5c7c-9ed5-eb6c3b321701,course_unit_membership,"{""dataset_id"":""urn:uuid:fdfa2782-db96-5e60-bcb3-d206d78b960a"",""id"":""urn:uuid:64adb537-00df-5c7c-9ed5-eb6c3b321701"",""normalized_state"":""published"",""owner_authority_id"":""urn:uuid:ba324c09-ea3b-5b7d-a8de-40df0fcc5e83"",""owner_native_state"":""exact_closure_order"",""payload"":{""course_id"":""urn:uuid:f6271d1d-189b-5f77-a370-ee7d4edd3603"",""edition_id"":""urn:uuid:79e7c26f-be00-528c-9ca5-dbbdb85bf9b8"",""native_unit_id"":""OLP-0546"",""order_key"":""0546"",""ordinal"":546,""required"":null,""unit_id"":""urn:uuid:e2ca548c-854c-57ff-a49c-45ea6f1c0fef"",""visible"":true},""record_type"":""course_unit_membership"",""recorded_at"":""2026-08-31T00:00:00Z"",""semantic_key"":""c80:openlogic:membership:OLP-0546""}"
urn:uuid:08e556f6-5431-531e-b35c-d4aeb659fd80,course_unit_membership,"{""dataset_id"":""urn:uuid:fdfa2782-db96-5e60-bcb3-d206d78b960a"",""id"":""urn:uuid:08e556f6-5431-531e-b35c-d4aeb659fd80"",""normalized_state"":""published"",""owner_authority_id"":""urn:uuid:ba324c09-ea3b-5b7d-a8de-40df0fcc5e83"",""owner_native_state"":""exact_closure_order"",""payload"":{""course_id"":""urn:uuid:f6271d1d-189b-5f77-a370-ee7d4edd3603"",""edition_id"":""urn:uuid:79e7c26f-be00-528c-9ca5-dbbdb85bf9b8"",""native_unit_id"":""OLP-0547"",""order_key"":""0547"",""ordinal"":547,""required"":null,""unit_id"":""urn:uuid:ea0a5b8a-280a-5c95-a632-a505894c7599"",""visible"":true},""record_type"":""course_unit_membership"",""recorded_at"":""2026-08-31T00:00:00Z"",""semantic_key"":""c80:openlogic:membership:OLP-0547""}"
urn:uuid:93909c76-f7ec-5d64-b2ea-69850cb8fd33,course_unit_membership,"{""dataset_id"":""urn:uuid:fdfa2782-db96-5e60-bcb3-d206d78b960a"",""id"":""urn:uuid:93909c76-f7ec-5d64-b2ea-69850cb8fd33"",""normalized_state"":""published"",""owner_authority_id"":""urn:uuid:ba324c09-ea3b-5b7d-a8de-40df0fcc5e83"",""owner_native_state"":""exact_closure_order"",""payload"":{""course_id"":""urn:uuid:f6271d1d-189b-5f77-a370-ee7d4edd3603"",""edition_id"":""urn:uuid:79e7c26f-be00-528c-9ca5-dbbdb85bf9b8"",""native_unit_id"":""OLP-0548"",""order_key"":""0548"",""ordinal"":548,""required"":null,""unit_id"":""urn:uuid:d9087856-de8f-5564-9c3e-9c1f8024ba35"",""visible"":true},""record_type"":""course_unit_membership"",""recorded_at"":""2026-08-31T00:00:00Z"",""semantic_key"":""c80:openlogic:membership:OLP-0548""}"
urn:uuid:38f1091d-cc4e-5ce6-84de-3dae6fed8d69,course_unit_membership,"{""dataset_id"":""urn:uuid:fdfa2782-db96-5e60-bcb3-d206d78b960a"",""id"":""urn:uuid:38f1091d-cc4e-5ce6-84de-3dae6fed8d69"",""normalized_state"":""published"",""owner_authority_id"":""urn:uuid:ba324c09-ea3b-5b7d-a8de-40df0fcc5e83"",""owner_native_state"":""exact_closure_order"",""payload"":{""course_id"":""urn:uuid:f6271d1d-189b-5f77-a370-ee7d4edd3603"",""edition_id"":""urn:uuid:79e7c26f-be00-528c-9ca5-dbbdb85bf9b8"",""native_unit_id"":""OLP-0549"",""order_key"":""0549"",""ordinal"":549,""required"":null,""unit_id"":""urn:uuid:078e730b-e428-517d-a6a7-6e4d36a1d784"",""visible"":true},""record_type"":""course_unit_membership"",""recorded_at"":""2026-08-31T00:00:00Z"",""semantic_key"":""c80:openlogic:membership:OLP-0549""}"
urn:uuid:4a4a42ab-577a-5be6-b5d5-2c6c2514d6a8,course_unit_membership,"{""dataset_id"":""urn:uuid:fdfa2782-db96-5e60-bcb3-d206d78b960a"",""id"":""urn:uuid:4a4a42ab-577a-5be6-b5d5-2c6c2514d6a8"",""normalized_state"":""published"",""owner_authority_id"":""urn:uuid:ba324c09-ea3b-5b7d-a8de-40df0fcc5e83"",""owner_native_state"":""exact_closure_order"",""payload"":{""course_id"":""urn:uuid:f6271d1d-189b-5f77-a370-ee7d4edd3603"",""edition_id"":""urn:uuid:79e7c26f-be00-528c-9ca5-dbbdb85bf9b8"",""native_unit_id"":""OLP-0550"",""order_key"":""0550"",""ordinal"":550,""required"":null,""unit_id"":""urn:uuid:fc5b2aac-fb69-5234-a6c6-e3f0f4e26ba8"",""visible"":true},""record_type"":""course_unit_membership"",""recorded_at"":""2026-08-31T00:00:00Z"",""semantic_key"":""c80:openlogic:membership:OLP-0550""}"
urn:uuid:a2cfb993-6e67-54e1-ab85-7f18413c324b,course_unit_membership,"{""dataset_id"":""urn:uuid:fdfa2782-db96-5e60-bcb3-d206d78b960a"",""id"":""urn:uuid:a2cfb993-6e67-54e1-ab85-7f18413c324b"",""normalized_state"":""published"",""owner_authority_id"":""urn:uuid:ba324c09-ea3b-5b7d-a8de-40df0fcc5e83"",""owner_native_state"":""exact_closure_order"",""payload"":{""course_id"":""urn:uuid:f6271d1d-189b-5f77-a370-ee7d4edd3603"",""edition_id"":""urn:uuid:79e7c26f-be00-528c-9ca5-dbbdb85bf9b8"",""native_unit_id"":""OLP-0551"",""order_key"":""0551"",""ordinal"":551,""required"":null,""unit_id"":""urn:uuid:40fcaf96-f474-514e-ad18-8cd05775fccc"",""visible"":true},""record_type"":""course_unit_membership"",""recorded_at"":""2026-08-31T00:00:00Z"",""semantic_key"":""c80:openlogic:membership:OLP-0551""}"
urn:uuid:0535e745-dbe6-59ff-9700-5343f64878f0,course_unit_membership,"{""dataset_id"":""urn:uuid:fdfa2782-db96-5e60-bcb3-d206d78b960a"",""id"":""urn:uuid:0535e745-dbe6-59ff-9700-5343f64878f0"",""normalized_state"":""published"",""owner_authority_id"":""urn:uuid:ba324c09-ea3b-5b7d-a8de-40df0fcc5e83"",""owner_native_state"":""exact_closure_order"",""payload"":{""course_id"":""urn:uuid:f6271d1d-189b-5f77-a370-ee7d4edd3603"",""edition_id"":""urn:uuid:79e7c26f-be00-528c-9ca5-dbbdb85bf9b8"",""native_unit_id"":""OLP-0552"",""order_key"":""0552"",""ordinal"":552,""required"":null,""unit_id"":""urn:uuid:a19be012-ca28-5968-81d2-aaa0db9d0f8e"",""visible"":true},""record_type"":""course_unit_membership"",""recorded_at"":""2026-08-31T00:00:00Z"",""semantic_key"":""c80:openlogic:membership:OLP-0552""}"
urn:uuid:71f614f0-bb6b-57b5-a4ce-f07adc48471a,course_unit_membership,"{""dataset_id"":""urn:uuid:fdfa2782-db96-5e60-bcb3-d206d78b960a"",""id"":""urn:uuid:71f614f0-bb6b-57b5-a4ce-f07adc48471a"",""normalized_state"":""published"",""owner_authority_id"":""urn:uuid:ba324c09-ea3b-5b7d-a8de-40df0fcc5e83"",""owner_native_state"":""exact_closure_order"",""payload"":{""course_id"":""urn:uuid:f6271d1d-189b-5f77-a370-ee7d4edd3603"",""edition_id"":""urn:uuid:79e7c26f-be00-528c-9ca5-dbbdb85bf9b8"",""native_unit_id"":""OLP-0553"",""order_key"":""0553"",""ordinal"":553,""required"":null,""unit_id"":""urn:uuid:ac175476-8177-5f27-a4f6-e7e411eb67d8"",""visible"":true},""record_type"":""course_unit_membership"",""recorded_at"":""2026-08-31T00:00:00Z"",""semantic_key"":""c80:openlogic:membership:OLP-0553""}"
urn:uuid:da6ff87b-3cfc-5cf5-912a-dba60c483561,course_unit_membership,"{""dataset_id"":""urn:uuid:fdfa2782-db96-5e60-bcb3-d206d78b960a"",""id"":""urn:uuid:da6ff87b-3cfc-5cf5-912a-dba60c483561"",""normalized_state"":""published"",""owner_authority_id"":""urn:uuid:ba324c09-ea3b-5b7d-a8de-40df0fcc5e83"",""owner_native_state"":""exact_closure_order"",""payload"":{""course_id"":""urn:uuid:f6271d1d-189b-5f77-a370-ee7d4edd3603"",""edition_id"":""urn:uuid:79e7c26f-be00-528c-9ca5-dbbdb85bf9b8"",""native_unit_id"":""OLP-0554"",""order_key"":""0554"",""ordinal"":554,""required"":null,""unit_id"":""urn:uuid:30c72051-1207-5a8a-936e-bc5def1b2642"",""visible"":true},""record_type"":""course_unit_membership"",""recorded_at"":""2026-08-31T00:00:00Z"",""semantic_key"":""c80:openlogic:membership:OLP-0554""}"
urn:uuid:8a80a625-9250-5c4e-96d7-456725c63533,course_unit_membership,"{""dataset_id"":""urn:uuid:fdfa2782-db96-5e60-bcb3-d206d78b960a"",""id"":""urn:uuid:8a80a625-9250-5c4e-96d7-456725c63533"",""normalized_state"":""published"",""owner_authority_id"":""urn:uuid:ba324c09-ea3b-5b7d-a8de-40df0fcc5e83"",""owner_native_state"":""exact_closure_order"",""payload"":{""course_id"":""urn:uuid:f6271d1d-189b-5f77-a370-ee7d4edd3603"",""edition_id"":""urn:uuid:79e7c26f-be00-528c-9ca5-dbbdb85bf9b8"",""native_unit_id"":""OLP-0555"",""order_key"":""0555"",""ordinal"":555,""required"":null,""unit_id"":""urn:uuid:c7c230f5-8aa0-5fde-b24c-fc502ee7cb83"",""visible"":true},""record_type"":""course_unit_membership"",""recorded_at"":""2026-08-31T00:00:00Z"",""semantic_key"":""c80:openlogic:membership:OLP-0555""}"
urn:uuid:718cf126-a85e-542b-bb12-1bb0079829e5,course_unit_membership,"{""dataset_id"":""urn:uuid:fdfa2782-db96-5e60-bcb3-d206d78b960a"",""id"":""urn:uuid:718cf126-a85e-542b-bb12-1bb0079829e5"",""normalized_state"":""published"",""owner_authority_id"":""urn:uuid:ba324c09-ea3b-5b7d-a8de-40df0fcc5e83"",""owner_native_state"":""exact_closure_order"",""payload"":{""course_id"":""urn:uuid:f6271d1d-189b-5f77-a370-ee7d4edd3603"",""edition_id"":""urn:uuid:79e7c26f-be00-528c-9ca5-dbbdb85bf9b8"",""native_unit_id"":""OLP-0556"",""order_key"":""0556"",""ordinal"":556,""required"":null,""unit_id"":""urn:uuid:3a0eb4da-fa7e-5bb2-ae9b-efd8ce0510f9"",""visible"":true},""record_type"":""course_unit_membership"",""recorded_at"":""2026-08-31T00:00:00Z"",""semantic_key"":""c80:openlogic:membership:OLP-0556""}"
urn:uuid:cc7dd568-fc19-584b-9e9b-934401ebd127,course_unit_membership,"{""dataset_id"":""urn:uuid:fdfa2782-db96-5e60-bcb3-d206d78b960a"",""id"":""urn:uuid:cc7dd568-fc19-584b-9e9b-934401ebd127"",""normalized_state"":""published"",""owner_authority_id"":""urn:uuid:ba324c09-ea3b-5b7d-a8de-40df0fcc5e83"",""owner_native_state"":""exact_closure_order"",""payload"":{""course_id"":""urn:uuid:f6271d1d-189b-5f77-a370-ee7d4edd3603"",""edition_id"":""urn:uuid:79e7c26f-be00-528c-9ca5-dbbdb85bf9b8"",""native_unit_id"":""OLP-0557"",""order_key"":""0557"",""ordinal"":557,""required"":null,""unit_id"":""urn:uuid:93bccf3b-7a4f-54f4-847e-2eace44e9b43"",""visible"":true},""record_type"":""course_unit_membership"",""recorded_at"":""2026-08-31T00:00:00Z"",""semantic_key"":""c80:openlogic:membership:OLP-0557""}"
urn:uuid:85789b53-ee6b-5b29-8f08-b7076e796193,course_unit_membership,"{""dataset_id"":""urn:uuid:fdfa2782-db96-5e60-bcb3-d206d78b960a"",""id"":""urn:uuid:85789b53-ee6b-5b29-8f08-b7076e796193"",""normalized_state"":""published"",""owner_authority_id"":""urn:uuid:ba324c09-ea3b-5b7d-a8de-40df0fcc5e83"",""owner_native_state"":""exact_closure_order"",""payload"":{""course_id"":""urn:uuid:f6271d1d-189b-5f77-a370-ee7d4edd3603"",""edition_id"":""urn:uuid:79e7c26f-be00-528c-9ca5-dbbdb85bf9b8"",""native_unit_id"":""OLP-0558"",""order_key"":""0558"",""ordinal"":558,""required"":null,""unit_id"":""urn:uuid:50918c5d-1ae1-5168-b9f7-fe29fe0a0d03"",""visible"":true},""record_type"":""course_unit_membership"",""recorded_at"":""2026-08-31T00:00:00Z"",""semantic_key"":""c80:openlogic:membership:OLP-0558""}"
urn:uuid:84656f4d-70a6-5eea-a713-7bbb2b135bd9,course_unit_membership,"{""dataset_id"":""urn:uuid:fdfa2782-db96-5e60-bcb3-d206d78b960a"",""id"":""urn:uuid:84656f4d-70a6-5eea-a713-7bbb2b135bd9"",""normalized_state"":""published"",""owner_authority_id"":""urn:uuid:ba324c09-ea3b-5b7d-a8de-40df0fcc5e83"",""owner_native_state"":""exact_closure_order"",""payload"":{""course_id"":""urn:uuid:f6271d1d-189b-5f77-a370-ee7d4edd3603"",""edition_id"":""urn:uuid:79e7c26f-be00-528c-9ca5-dbbdb85bf9b8"",""native_unit_id"":""OLP-0559"",""order_key"":""0559"",""ordinal"":559,""required"":null,""unit_id"":""urn:uuid:1986ae35-4705-5144-ab0b-d165ddddd6e7"",""visible"":true},""record_type"":""course_unit_membership"",""recorded_at"":""2026-08-31T00:00:00Z"",""semantic_key"":""c80:openlogic:membership:OLP-0559""}"
urn:uuid:8c1bc228-2db6-5475-b98d-ff6b88b6c231,course_unit_membership,"{""dataset_id"":""urn:uuid:fdfa2782-db96-5e60-bcb3-d206d78b960a"",""id"":""urn:uuid:8c1bc228-2db6-5475-b98d-ff6b88b6c231"",""normalized_state"":""published"",""owner_authority_id"":""urn:uuid:ba324c09-ea3b-5b7d-a8de-40df0fcc5e83"",""owner_native_state"":""exact_closure_order"",""payload"":{""course_id"":""urn:uuid:f6271d1d-189b-5f77-a370-ee7d4edd3603"",""edition_id"":""urn:uuid:79e7c26f-be00-528c-9ca5-dbbdb85bf9b8"",""native_unit_id"":""OLP-0560"",""order_key"":""0560"",""ordinal"":560,""required"":null,""unit_id"":""urn:uuid:8d72fd23-2fa3-545b-8775-a3d38513d0a9"",""visible"":true},""record_type"":""course_unit_membership"",""recorded_at"":""2026-08-31T00:00:00Z"",""semantic_key"":""c80:openlogic:membership:OLP-0560""}"
urn:uuid:50cf0adf-15dc-5558-90fb-a2d6ecf73d1f,course_unit_membership,"{""dataset_id"":""urn:uuid:fdfa2782-db96-5e60-bcb3-d206d78b960a"",""id"":""urn:uuid:50cf0adf-15dc-5558-90fb-a2d6ecf73d1f"",""normalized_state"":""published"",""owner_authority_id"":""urn:uuid:ba324c09-ea3b-5b7d-a8de-40df0fcc5e83"",""owner_native_state"":""exact_closure_order"",""payload"":{""course_id"":""urn:uuid:f6271d1d-189b-5f77-a370-ee7d4edd3603"",""edition_id"":""urn:uuid:79e7c26f-be00-528c-9ca5-dbbdb85bf9b8"",""native_unit_id"":""OLP-0561"",""order_key"":""0561"",""ordinal"":561,""required"":null,""unit_id"":""urn:uuid:c4505446-caf3-53d6-92c9-8e863e834646"",""visible"":true},""record_type"":""course_unit_membership"",""recorded_at"":""2026-08-31T00:00:00Z"",""semantic_key"":""c80:openlogic:membership:OLP-0561""}"
urn:uuid:d49c59f7-248e-5d0e-ae95-add872902382,course_unit_membership,"{""dataset_id"":""urn:uuid:fdfa2782-db96-5e60-bcb3-d206d78b960a"",""id"":""urn:uuid:d49c59f7-248e-5d0e-ae95-add872902382"",""normalized_state"":""published"",""owner_authority_id"":""urn:uuid:ba324c09-ea3b-5b7d-a8de-40df0fcc5e83"",""owner_native_state"":""exact_closure_order"",""payload"":{""course_id"":""urn:uuid:f6271d1d-189b-5f77-a370-ee7d4edd3603"",""edition_id"":""urn:uuid:79e7c26f-be00-528c-9ca5-dbbdb85bf9b8"",""native_unit_id"":""OLP-0562"",""order_key"":""0562"",""ordinal"":562,""required"":null,""unit_id"":""urn:uuid:32e63371-bc4f-5c33-9eb4-39f7c581b030"",""visible"":true},""record_type"":""course_unit_membership"",""recorded_at"":""2026-08-31T00:00:00Z"",""semantic_key"":""c80:openlogic:membership:OLP-0562""}"
urn:uuid:810fdeac-1b1a-5987-8875-250463f77f94,course_unit_membership,"{""dataset_id"":""urn:uuid:fdfa2782-db96-5e60-bcb3-d206d78b960a"",""id"":""urn:uuid:810fdeac-1b1a-5987-8875-250463f77f94"",""normalized_state"":""published"",""owner_authority_id"":""urn:uuid:ba324c09-ea3b-5b7d-a8de-40df0fcc5e83"",""owner_native_state"":""exact_closure_order"",""payload"":{""course_id"":""urn:uuid:f6271d1d-189b-5f77-a370-ee7d4edd3603"",""edition_id"":""urn:uuid:79e7c26f-be00-528c-9ca5-dbbdb85bf9b8"",""native_unit_id"":""OLP-0563"",""order_key"":""0563"",""ordinal"":563,""required"":null,""unit_id"":""urn:uuid:5bfac09c-6a50-5359-9dcd-6ea4d3bce356"",""visible"":true},""record_type"":""course_unit_membership"",""recorded_at"":""2026-08-31T00:00:00Z"",""semantic_key"":""c80:openlogic:membership:OLP-0563""}"
urn:uuid:2fb0ba43-e140-5e79-928d-e583087e5865,course_unit_membership,"{""dataset_id"":""urn:uuid:fdfa2782-db96-5e60-bcb3-d206d78b960a"",""id"":""urn:uuid:2fb0ba43-e140-5e79-928d-e583087e5865"",""normalized_state"":""published"",""owner_authority_id"":""urn:uuid:ba324c09-ea3b-5b7d-a8de-40df0fcc5e83"",""owner_native_state"":""exact_closure_order"",""payload"":{""course_id"":""urn:uuid:f6271d1d-189b-5f77-a370-ee7d4edd3603"",""edition_id"":""urn:uuid:79e7c26f-be00-528c-9ca5-dbbdb85bf9b8"",""native_unit_id"":""OLP-0564"",""order_key"":""0564"",""ordinal"":564,""required"":null,""unit_id"":""urn:uuid:f45cffdd-78de-56fa-965e-9d2b0c34236c"",""visible"":true},""record_type"":""course_unit_membership"",""recorded_at"":""2026-08-31T00:00:00Z"",""semantic_key"":""c80:openlogic:membership:OLP-0564""}"
urn:uuid:46bc4ffe-795a-53cf-a132-66cb3cfd880b,course_unit_membership,"{""dataset_id"":""urn:uuid:fdfa2782-db96-5e60-bcb3-d206d78b960a"",""id"":""urn:uuid:46bc4ffe-795a-53cf-a132-66cb3cfd880b"",""normalized_state"":""published"",""owner_authority_id"":""urn:uuid:ba324c09-ea3b-5b7d-a8de-40df0fcc5e83"",""owner_native_state"":""exact_closure_order"",""payload"":{""course_id"":""urn:uuid:f6271d1d-189b-5f77-a370-ee7d4edd3603"",""edition_id"":""urn:uuid:79e7c26f-be00-528c-9ca5-dbbdb85bf9b8"",""native_unit_id"":""OLP-0565"",""order_key"":""0565"",""ordinal"":565,""required"":null,""unit_id"":""urn:uuid:023cc379-403c-59b5-8b6a-efad7a587088"",""visible"":true},""record_type"":""course_unit_membership"",""recorded_at"":""2026-08-31T00:00:00Z"",""semantic_key"":""c80:openlogic:membership:OLP-0565""}"
urn:uuid:6cdcab93-108b-5162-ae36-5dc6426fff52,course_unit_membership,"{""dataset_id"":""urn:uuid:fdfa2782-db96-5e60-bcb3-d206d78b960a"",""id"":""urn:uuid:6cdcab93-108b-5162-ae36-5dc6426fff52"",""normalized_state"":""published"",""owner_authority_id"":""urn:uuid:ba324c09-ea3b-5b7d-a8de-40df0fcc5e83"",""owner_native_state"":""exact_closure_order"",""payload"":{""course_id"":""urn:uuid:f6271d1d-189b-5f77-a370-ee7d4edd3603"",""edition_id"":""urn:uuid:79e7c26f-be00-528c-9ca5-dbbdb85bf9b8"",""native_unit_id"":""OLP-0566"",""order_key"":""0566"",""ordinal"":566,""required"":null,""unit_id"":""urn:uuid:71180114-b914-5355-9875-69e135c23ab8"",""visible"":true},""record_type"":""course_unit_membership"",""recorded_at"":""2026-08-31T00:00:00Z"",""semantic_key"":""c80:openlogic:membership:OLP-0566""}"
urn:uuid:202cd2c4-764f-57af-a72b-a4b59d890c34,course_unit_membership,"{""dataset_id"":""urn:uuid:fdfa2782-db96-5e60-bcb3-d206d78b960a"",""id"":""urn:uuid:202cd2c4-764f-57af-a72b-a4b59d890c34"",""normalized_state"":""published"",""owner_authority_id"":""urn:uuid:ba324c09-ea3b-5b7d-a8de-40df0fcc5e83"",""owner_native_state"":""exact_closure_order"",""payload"":{""course_id"":""urn:uuid:f6271d1d-189b-5f77-a370-ee7d4edd3603"",""edition_id"":""urn:uuid:79e7c26f-be00-528c-9ca5-dbbdb85bf9b8"",""native_unit_id"":""OLP-0567"",""order_key"":""0567"",""ordinal"":567,""required"":null,""unit_id"":""urn:uuid:cc3df56d-df93-59b1-a582-73cba1993ed9"",""visible"":true},""record_type"":""course_unit_membership"",""recorded_at"":""2026-08-31T00:00:00Z"",""semantic_key"":""c80:openlogic:membership:OLP-0567""}"
urn:uuid:ae0bb53a-d17d-54f4-9588-f8c589c890ff,course_unit_membership,"{""dataset_id"":""urn:uuid:fdfa2782-db96-5e60-bcb3-d206d78b960a"",""id"":""urn:uuid:ae0bb53a-d17d-54f4-9588-f8c589c890ff"",""normalized_state"":""published"",""owner_authority_id"":""urn:uuid:ba324c09-ea3b-5b7d-a8de-40df0fcc5e83"",""owner_native_state"":""exact_closure_order"",""payload"":{""course_id"":""urn:uuid:f6271d1d-189b-5f77-a370-ee7d4edd3603"",""edition_id"":""urn:uuid:79e7c26f-be00-528c-9ca5-dbbdb85bf9b8"",""native_unit_id"":""OLP-0568"",""order_key"":""0568"",""ordinal"":568,""required"":null,""unit_id"":""urn:uuid:bfa4cc47-12d2-50bf-aa59-43fcd18b2c55"",""visible"":true},""record_type"":""course_unit_membership"",""recorded_at"":""2026-08-31T00:00:00Z"",""semantic_key"":""c80:openlogic:membership:OLP-0568""}"
urn:uuid:0c7331a2-ccc6-5bb0-8a4a-2ed7957901ee,course_unit_membership,"{""dataset_id"":""urn:uuid:fdfa2782-db96-5e60-bcb3-d206d78b960a"",""id"":""urn:uuid:0c7331a2-ccc6-5bb0-8a4a-2ed7957901ee"",""normalized_state"":""published"",""owner_authority_id"":""urn:uuid:ba324c09-ea3b-5b7d-a8de-40df0fcc5e83"",""owner_native_state"":""exact_closure_order"",""payload"":{""course_id"":""urn:uuid:f6271d1d-189b-5f77-a370-ee7d4edd3603"",""edition_id"":""urn:uuid:79e7c26f-be00-528c-9ca5-dbbdb85bf9b8"",""native_unit_id"":""OLP-0569"",""order_key"":""0569"",""ordinal"":569,""required"":null,""unit_id"":""urn:uuid:423bd33f-9191-5616-a379-987ee5d1adad"",""visible"":true},""record_type"":""course_unit_membership"",""recorded_at"":""2026-08-31T00:00:00Z"",""semantic_key"":""c80:openlogic:membership:OLP-0569""}"
urn:uuid:69c62fb1-a90b-5b23-b242-5e23cbbe2560,course_unit_membership,"{""dataset_id"":""urn:uuid:fdfa2782-db96-5e60-bcb3-d206d78b960a"",""id"":""urn:uuid:69c62fb1-a90b-5b23-b242-5e23cbbe2560"",""normalized_state"":""published"",""owner_authority_id"":""urn:uuid:ba324c09-ea3b-5b7d-a8de-40df0fcc5e83"",""owner_native_state"":""exact_closure_order"",""payload"":{""course_id"":""urn:uuid:f6271d1d-189b-5f77-a370-ee7d4edd3603"",""edition_id"":""urn:uuid:79e7c26f-be00-528c-9ca5-dbbdb85bf9b8"",""native_unit_id"":""OLP-0570"",""order_key"":""0570"",""ordinal"":570,""required"":null,""unit_id"":""urn:uuid:1d7f9b8f-35b5-5773-9854-29b8ed073e6c"",""visible"":true},""record_type"":""course_unit_membership"",""recorded_at"":""2026-08-31T00:00:00Z"",""semantic_key"":""c80:openlogic:membership:OLP-0570""}"
urn:uuid:d8a7f4cd-c751-5fe2-8981-5ac7510f220e,course_unit_membership,"{""dataset_id"":""urn:uuid:fdfa2782-db96-5e60-bcb3-d206d78b960a"",""id"":""urn:uuid:d8a7f4cd-c751-5fe2-8981-5ac7510f220e"",""normalized_state"":""published"",""owner_authority_id"":""urn:uuid:ba324c09-ea3b-5b7d-a8de-40df0fcc5e83"",""owner_native_state"":""exact_closure_order"",""payload"":{""course_id"":""urn:uuid:f6271d1d-189b-5f77-a370-ee7d4edd3603"",""edition_id"":""urn:uuid:79e7c26f-be00-528c-9ca5-dbbdb85bf9b8"",""native_unit_id"":""OLP-0571"",""order_key"":""0571"",""ordinal"":571,""required"":null,""unit_id"":""urn:uuid:a2c38ad2-216e-557c-85b3-f6df9934fef0"",""visible"":true},""record_type"":""course_unit_membership"",""recorded_at"":""2026-08-31T00:00:00Z"",""semantic_key"":""c80:openlogic:membership:OLP-0571""}"
urn:uuid:0ca16abf-b5c9-517e-ba4d-4327ee20df24,course_unit_membership,"{""dataset_id"":""urn:uuid:fdfa2782-db96-5e60-bcb3-d206d78b960a"",""id"":""urn:uuid:0ca16abf-b5c9-517e-ba4d-4327ee20df24"",""normalized_state"":""published"",""owner_authority_id"":""urn:uuid:ba324c09-ea3b-5b7d-a8de-40df0fcc5e83"",""owner_native_state"":""exact_closure_order"",""payload"":{""course_id"":""urn:uuid:f6271d1d-189b-5f77-a370-ee7d4edd3603"",""edition_id"":""urn:uuid:79e7c26f-be00-528c-9ca5-dbbdb85bf9b8"",""native_unit_id"":""OLP-0572"",""order_key"":""0572"",""ordinal"":572,""required"":null,""unit_id"":""urn:uuid:5f1ea576-e98a-504b-a1b2-d39d5eda6d3e"",""visible"":true},""record_type"":""course_unit_membership"",""recorded_at"":""2026-08-31T00:00:00Z"",""semantic_key"":""c80:openlogic:membership:OLP-0572""}"
urn:uuid:430ae891-1d54-5e2d-b007-7a6634acaa28,course_unit_membership,"{""dataset_id"":""urn:uuid:fdfa2782-db96-5e60-bcb3-d206d78b960a"",""id"":""urn:uuid:430ae891-1d54-5e2d-b007-7a6634acaa28"",""normalized_state"":""published"",""owner_authority_id"":""urn:uuid:ba324c09-ea3b-5b7d-a8de-40df0fcc5e83"",""owner_native_state"":""exact_closure_order"",""payload"":{""course_id"":""urn:uuid:f6271d1d-189b-5f77-a370-ee7d4edd3603"",""edition_id"":""urn:uuid:79e7c26f-be00-528c-9ca5-dbbdb85bf9b8"",""native_unit_id"":""OLP-0573"",""order_key"":""0573"",""ordinal"":573,""required"":null,""unit_id"":""urn:uuid:b3d8d065-6d70-518d-a156-d8d6e0bb08c8"",""visible"":true},""record_type"":""course_unit_membership"",""recorded_at"":""2026-08-31T00:00:00Z"",""semantic_key"":""c80:openlogic:membership:OLP-0573""}"
urn:uuid:c937b48e-76ad-5a10-8d78-ff6a53115abe,course_unit_membership,"{""dataset_id"":""urn:uuid:fdfa2782-db96-5e60-bcb3-d206d78b960a"",""id"":""urn:uuid:c937b48e-76ad-5a10-8d78-ff6a53115abe"",""normalized_state"":""published"",""owner_authority_id"":""urn:uuid:ba324c09-ea3b-5b7d-a8de-40df0fcc5e83"",""owner_native_state"":""exact_closure_order"",""payload"":{""course_id"":""urn:uuid:f6271d1d-189b-5f77-a370-ee7d4edd3603"",""edition_id"":""urn:uuid:79e7c26f-be00-528c-9ca5-dbbdb85bf9b8"",""native_unit_id"":""OLP-0574"",""order_key"":""0574"",""ordinal"":574,""required"":null,""unit_id"":""urn:uuid:cc6d2d22-a64a-5c91-a96c-a7c7765dc685"",""visible"":true},""record_type"":""course_unit_membership"",""recorded_at"":""2026-08-31T00:00:00Z"",""semantic_key"":""c80:openlogic:membership:OLP-0574""}"
urn:uuid:7368955a-67e3-5c01-b96c-874cb79f77b6,course_unit_membership,"{""dataset_id"":""urn:uuid:fdfa2782-db96-5e60-bcb3-d206d78b960a"",""id"":""urn:uuid:7368955a-67e3-5c01-b96c-874cb79f77b6"",""normalized_state"":""published"",""owner_authority_id"":""urn:uuid:ba324c09-ea3b-5b7d-a8de-40df0fcc5e83"",""owner_native_state"":""exact_closure_order"",""payload"":{""course_id"":""urn:uuid:f6271d1d-189b-5f77-a370-ee7d4edd3603"",""edition_id"":""urn:uuid:79e7c26f-be00-528c-9ca5-dbbdb85bf9b8"",""native_unit_id"":""OLP-0575"",""order_key"":""0575"",""ordinal"":575,""required"":null,""unit_id"":""urn:uuid:59615385-ebc7-54f2-8834-bde198bb5230"",""visible"":true},""record_type"":""course_unit_membership"",""recorded_at"":""2026-08-31T00:00:00Z"",""semantic_key"":""c80:openlogic:membership:OLP-0575""}"
urn:uuid:97ba3af8-edbf-57b9-b287-e42ac72cb272,course_unit_membership,"{""dataset_id"":""urn:uuid:fdfa2782-db96-5e60-bcb3-d206d78b960a"",""id"":""urn:uuid:97ba3af8-edbf-57b9-b287-e42ac72cb272"",""normalized_state"":""published"",""owner_authority_id"":""urn:uuid:ba324c09-ea3b-5b7d-a8de-40df0fcc5e83"",""owner_native_state"":""exact_closure_order"",""payload"":{""course_id"":""urn:uuid:f6271d1d-189b-5f77-a370-ee7d4edd3603"",""edition_id"":""urn:uuid:79e7c26f-be00-528c-9ca5-dbbdb85bf9b8"",""native_unit_id"":""OLP-0576"",""order_key"":""0576"",""ordinal"":576,""required"":null,""unit_id"":""urn:uuid:e9de8451-30da-5b35-a09c-1476df221e5e"",""visible"":true},""record_type"":""course_unit_membership"",""recorded_at"":""2026-08-31T00:00:00Z"",""semantic_key"":""c80:openlogic:membership:OLP-0576""}"
urn:uuid:fc53736f-2b87-5e5d-93ac-9fe4f3a91498,course_unit_membership,"{""dataset_id"":""urn:uuid:fdfa2782-db96-5e60-bcb3-d206d78b960a"",""id"":""urn:uuid:fc53736f-2b87-5e5d-93ac-9fe4f3a91498"",""normalized_state"":""published"",""owner_authority_id"":""urn:uuid:ba324c09-ea3b-5b7d-a8de-40df0fcc5e83"",""owner_native_state"":""exact_closure_order"",""payload"":{""course_id"":""urn:uuid:f6271d1d-189b-5f77-a370-ee7d4edd3603"",""edition_id"":""urn:uuid:79e7c26f-be00-528c-9ca5-dbbdb85bf9b8"",""native_unit_id"":""OLP-0577"",""order_key"":""0577"",""ordinal"":577,""required"":null,""unit_id"":""urn:uuid:c884a8e2-72ad-5c2d-a900-7ec3d7b29c13"",""visible"":true},""record_type"":""course_unit_membership"",""recorded_at"":""2026-08-31T00:00:00Z"",""semantic_key"":""c80:openlogic:membership:OLP-0577""}"
urn:uuid:b8f102c2-df7e-531e-9334-fe7870780d76,course_unit_membership,"{""dataset_id"":""urn:uuid:fdfa2782-db96-5e60-bcb3-d206d78b960a"",""id"":""urn:uuid:b8f102c2-df7e-531e-9334-fe7870780d76"",""normalized_state"":""published"",""owner_authority_id"":""urn:uuid:ba324c09-ea3b-5b7d-a8de-40df0fcc5e83"",""owner_native_state"":""exact_closure_order"",""payload"":{""course_id"":""urn:uuid:f6271d1d-189b-5f77-a370-ee7d4edd3603"",""edition_id"":""urn:uuid:79e7c26f-be00-528c-9ca5-dbbdb85bf9b8"",""native_unit_id"":""OLP-0578"",""order_key"":""0578"",""ordinal"":578,""required"":null,""unit_id"":""urn:uuid:cfeda0bf-ec4b-59ac-8c92-ec47c001e37b"",""visible"":true},""record_type"":""course_unit_membership"",""recorded_at"":""2026-08-31T00:00:00Z"",""semantic_key"":""c80:openlogic:membership:OLP-0578""}"
urn:uuid:871b0621-8f56-51da-b081-48774f47fc4f,course_unit_membership,"{""dataset_id"":""urn:uuid:fdfa2782-db96-5e60-bcb3-d206d78b960a"",""id"":""urn:uuid:871b0621-8f56-51da-b081-48774f47fc4f"",""normalized_state"":""published"",""owner_authority_id"":""urn:uuid:ba324c09-ea3b-5b7d-a8de-40df0fcc5e83"",""owner_native_state"":""exact_closure_order"",""payload"":{""course_id"":""urn:uuid:f6271d1d-189b-5f77-a370-ee7d4edd3603"",""edition_id"":""urn:uuid:79e7c26f-be00-528c-9ca5-dbbdb85bf9b8"",""native_unit_id"":""OLP-0579"",""order_key"":""0579"",""ordinal"":579,""required"":null,""unit_id"":""urn:uuid:0f42ccf2-9dbd-5465-8c16-f40af7a3f430"",""visible"":true},""record_type"":""course_unit_membership"",""recorded_at"":""2026-08-31T00:00:00Z"",""semantic_key"":""c80:openlogic:membership:OLP-0579""}"
urn:uuid:a3559661-c8c1-507b-9305-9acc65c24c5e,course_unit_membership,"{""dataset_id"":""urn:uuid:fdfa2782-db96-5e60-bcb3-d206d78b960a"",""id"":""urn:uuid:a3559661-c8c1-507b-9305-9acc65c24c5e"",""normalized_state"":""published"",""owner_authority_id"":""urn:uuid:ba324c09-ea3b-5b7d-a8de-40df0fcc5e83"",""owner_native_state"":""exact_closure_order"",""payload"":{""course_id"":""urn:uuid:f6271d1d-189b-5f77-a370-ee7d4edd3603"",""edition_id"":""urn:uuid:79e7c26f-be00-528c-9ca5-dbbdb85bf9b8"",""native_unit_id"":""OLP-0580"",""order_key"":""0580"",""ordinal"":580,""required"":null,""unit_id"":""urn:uuid:af7e0018-6891-5dcb-9946-a8dc52077b4e"",""visible"":true},""record_type"":""course_unit_membership"",""recorded_at"":""2026-08-31T00:00:00Z"",""semantic_key"":""c80:openlogic:membership:OLP-0580""}"
urn:uuid:08d507d2-a08e-5f3c-870e-c8231a9bfa94,course_unit_membership,"{""dataset_id"":""urn:uuid:fdfa2782-db96-5e60-bcb3-d206d78b960a"",""id"":""urn:uuid:08d507d2-a08e-5f3c-870e-c8231a9bfa94"",""normalized_state"":""published"",""owner_authority_id"":""urn:uuid:ba324c09-ea3b-5b7d-a8de-40df0fcc5e83"",""owner_native_state"":""exact_closure_order"",""payload"":{""course_id"":""urn:uuid:f6271d1d-189b-5f77-a370-ee7d4edd3603"",""edition_id"":""urn:uuid:79e7c26f-be00-528c-9ca5-dbbdb85bf9b8"",""native_unit_id"":""OLP-0581"",""order_key"":""0581"",""ordinal"":581,""required"":null,""unit_id"":""urn:uuid:aca87150-07f5-52c7-982e-2778bf31b256"",""visible"":true},""record_type"":""course_unit_membership"",""recorded_at"":""2026-08-31T00:00:00Z"",""semantic_key"":""c80:openlogic:membership:OLP-0581""}"
urn:uuid:ce7746b2-9f70-520d-a22d-c59b22cd420e,course_unit_membership,"{""dataset_id"":""urn:uuid:fdfa2782-db96-5e60-bcb3-d206d78b960a"",""id"":""urn:uuid:ce7746b2-9f70-520d-a22d-c59b22cd420e"",""normalized_state"":""published"",""owner_authority_id"":""urn:uuid:ba324c09-ea3b-5b7d-a8de-40df0fcc5e83"",""owner_native_state"":""exact_closure_order"",""payload"":{""course_id"":""urn:uuid:f6271d1d-189b-5f77-a370-ee7d4edd3603"",""edition_id"":""urn:uuid:79e7c26f-be00-528c-9ca5-dbbdb85bf9b8"",""native_unit_id"":""OLP-0582"",""order_key"":""0582"",""ordinal"":582,""required"":null,""unit_id"":""urn:uuid:e6297ec4-1dc6-5f5a-981c-fa0323dc21a9"",""visible"":true},""record_type"":""course_unit_membership"",""recorded_at"":""2026-08-31T00:00:00Z"",""semantic_key"":""c80:openlogic:membership:OLP-0582""}"
urn:uuid:8e99117c-ed4f-5df1-ad3d-7401288f79f2,course_unit_membership,"{""dataset_id"":""urn:uuid:fdfa2782-db96-5e60-bcb3-d206d78b960a"",""id"":""urn:uuid:8e99117c-ed4f-5df1-ad3d-7401288f79f2"",""normalized_state"":""published"",""owner_authority_id"":""urn:uuid:ba324c09-ea3b-5b7d-a8de-40df0fcc5e83"",""owner_native_state"":""exact_closure_order"",""payload"":{""course_id"":""urn:uuid:f6271d1d-189b-5f77-a370-ee7d4edd3603"",""edition_id"":""urn:uuid:79e7c26f-be00-528c-9ca5-dbbdb85bf9b8"",""native_unit_id"":""OLP-0583"",""order_key"":""0583"",""ordinal"":583,""required"":null,""unit_id"":""urn:uuid:680bee26-99aa-535e-9fb6-967126346137"",""visible"":true},""record_type"":""course_unit_membership"",""recorded_at"":""2026-08-31T00:00:00Z"",""semantic_key"":""c80:openlogic:membership:OLP-0583""}"
urn:uuid:66bec852-1c63-5b54-93ff-9706a9d0d11b,course_unit_membership,"{""dataset_id"":""urn:uuid:fdfa2782-db96-5e60-bcb3-d206d78b960a"",""id"":""urn:uuid:66bec852-1c63-5b54-93ff-9706a9d0d11b"",""normalized_state"":""published"",""owner_authority_id"":""urn:uuid:ba324c09-ea3b-5b7d-a8de-40df0fcc5e83"",""owner_native_state"":""exact_closure_order"",""payload"":{""course_id"":""urn:uuid:f6271d1d-189b-5f77-a370-ee7d4edd3603"",""edition_id"":""urn:uuid:79e7c26f-be00-528c-9ca5-dbbdb85bf9b8"",""native_unit_id"":""OLP-0584"",""order_key"":""0584"",""ordinal"":584,""required"":null,""unit_id"":""urn:uuid:c7bbeddf-3ca5-55f5-9e51-953a006302f4"",""visible"":true},""record_type"":""course_unit_membership"",""recorded_at"":""2026-08-31T00:00:00Z"",""semantic_key"":""c80:openlogic:membership:OLP-0584""}"
urn:uuid:8d2cc32f-81d9-5872-8889-fa658272c79a,course_unit_membership,"{""dataset_id"":""urn:uuid:fdfa2782-db96-5e60-bcb3-d206d78b960a"",""id"":""urn:uuid:8d2cc32f-81d9-5872-8889-fa658272c79a"",""normalized_state"":""published"",""owner_authority_id"":""urn:uuid:ba324c09-ea3b-5b7d-a8de-40df0fcc5e83"",""owner_native_state"":""exact_closure_order"",""payload"":{""course_id"":""urn:uuid:f6271d1d-189b-5f77-a370-ee7d4edd3603"",""edition_id"":""urn:uuid:79e7c26f-be00-528c-9ca5-dbbdb85bf9b8"",""native_unit_id"":""OLP-0585"",""order_key"":""0585"",""ordinal"":585,""required"":null,""unit_id"":""urn:uuid:e0df9021-fa30-527c-b662-4f76d18884cc"",""visible"":true},""record_type"":""course_unit_membership"",""recorded_at"":""2026-08-31T00:00:00Z"",""semantic_key"":""c80:openlogic:membership:OLP-0585""}"
urn:uuid:837ed1a5-8626-5eb4-8e4c-ea6a1d084e9d,course_unit_membership,"{""dataset_id"":""urn:uuid:fdfa2782-db96-5e60-bcb3-d206d78b960a"",""id"":""urn:uuid:837ed1a5-8626-5eb4-8e4c-ea6a1d084e9d"",""normalized_state"":""published"",""owner_authority_id"":""urn:uuid:ba324c09-ea3b-5b7d-a8de-40df0fcc5e83"",""owner_native_state"":""exact_closure_order"",""payload"":{""course_id"":""urn:uuid:f6271d1d-189b-5f77-a370-ee7d4edd3603"",""edition_id"":""urn:uuid:79e7c26f-be00-528c-9ca5-dbbdb85bf9b8"",""native_unit_id"":""OLP-0586"",""order_key"":""0586"",""ordinal"":586,""required"":null,""unit_id"":""urn:uuid:17ba9a7c-fa36-53f0-ba5b-43509bd05876"",""visible"":true},""record_type"":""course_unit_membership"",""recorded_at"":""2026-08-31T00:00:00Z"",""semantic_key"":""c80:openlogic:membership:OLP-0586""}"
urn:uuid:a45e4a1e-1fb1-551c-8bc2-2daee7d1ec22,course_unit_membership,"{""dataset_id"":""urn:uuid:fdfa2782-db96-5e60-bcb3-d206d78b960a"",""id"":""urn:uuid:a45e4a1e-1fb1-551c-8bc2-2daee7d1ec22"",""normalized_state"":""published"",""owner_authority_id"":""urn:uuid:ba324c09-ea3b-5b7d-a8de-40df0fcc5e83"",""owner_native_state"":""exact_closure_order"",""payload"":{""course_id"":""urn:uuid:f6271d1d-189b-5f77-a370-ee7d4edd3603"",""edition_id"":""urn:uuid:79e7c26f-be00-528c-9ca5-dbbdb85bf9b8"",""native_unit_id"":""OLP-0587"",""order_key"":""0587"",""ordinal"":587,""required"":null,""unit_id"":""urn:uuid:f177df78-8b57-5fd7-9b1b-f6c07cdba3a6"",""visible"":true},""record_type"":""course_unit_membership"",""recorded_at"":""2026-08-31T00:00:00Z"",""semantic_key"":""c80:openlogic:membership:OLP-0587""}"
urn:uuid:03a77635-6e34-593c-86b8-251ff9893e52,course_unit_membership,"{""dataset_id"":""urn:uuid:fdfa2782-db96-5e60-bcb3-d206d78b960a"",""id"":""urn:uuid:03a77635-6e34-593c-86b8-251ff9893e52"",""normalized_state"":""published"",""owner_authority_id"":""urn:uuid:ba324c09-ea3b-5b7d-a8de-40df0fcc5e83"",""owner_native_state"":""exact_closure_order"",""payload"":{""course_id"":""urn:uuid:f6271d1d-189b-5f77-a370-ee7d4edd3603"",""edition_id"":""urn:uuid:79e7c26f-be00-528c-9ca5-dbbdb85bf9b8"",""native_unit_id"":""OLP-0588"",""order_key"":""0588"",""ordinal"":588,""required"":null,""unit_id"":""urn:uuid:1ee7b52d-54d4-573c-af0f-c9d7850458ba"",""visible"":true},""record_type"":""course_unit_membership"",""recorded_at"":""2026-08-31T00:00:00Z"",""semantic_key"":""c80:openlogic:membership:OLP-0588""}"
urn:uuid:9fcb0c88-7505-5833-834a-9a82eab733ec,course_unit_membership,"{""dataset_id"":""urn:uuid:fdfa2782-db96-5e60-bcb3-d206d78b960a"",""id"":""urn:uuid:9fcb0c88-7505-5833-834a-9a82eab733ec"",""normalized_state"":""published"",""owner_authority_id"":""urn:uuid:ba324c09-ea3b-5b7d-a8de-40df0fcc5e83"",""owner_native_state"":""exact_closure_order"",""payload"":{""course_id"":""urn:uuid:f6271d1d-189b-5f77-a370-ee7d4edd3603"",""edition_id"":""urn:uuid:79e7c26f-be00-528c-9ca5-dbbdb85bf9b8"",""native_unit_id"":""OLP-0589"",""order_key"":""0589"",""ordinal"":589,""required"":null,""unit_id"":""urn:uuid:99c643c8-bf9f-5cbb-81fc-b0aa3f22e3bb"",""visible"":true},""record_type"":""course_unit_membership"",""recorded_at"":""2026-08-31T00:00:00Z"",""semantic_key"":""c80:openlogic:membership:OLP-0589""}"
urn:uuid:11cdd160-65db-5dd0-a21c-d0665bd9cc04,course_unit_membership,"{""dataset_id"":""urn:uuid:fdfa2782-db96-5e60-bcb3-d206d78b960a"",""id"":""urn:uuid:11cdd160-65db-5dd0-a21c-d0665bd9cc04"",""normalized_state"":""published"",""owner_authority_id"":""urn:uuid:ba324c09-ea3b-5b7d-a8de-40df0fcc5e83"",""owner_native_state"":""exact_closure_order"",""payload"":{""course_id"":""urn:uuid:f6271d1d-189b-5f77-a370-ee7d4edd3603"",""edition_id"":""urn:uuid:79e7c26f-be00-528c-9ca5-dbbdb85bf9b8"",""native_unit_id"":""OLP-0590"",""order_key"":""0590"",""ordinal"":590,""required"":null,""unit_id"":""urn:uuid:04e4370f-32b4-5c9b-9697-2cddf362f26e"",""visible"":true},""record_type"":""course_unit_membership"",""recorded_at"":""2026-08-31T00:00:00Z"",""semantic_key"":""c80:openlogic:membership:OLP-0590""}"
urn:uuid:eef38fa1-9645-57c3-883f-26bad47b0d4e,course_unit_membership,"{""dataset_id"":""urn:uuid:fdfa2782-db96-5e60-bcb3-d206d78b960a"",""id"":""urn:uuid:eef38fa1-9645-57c3-883f-26bad47b0d4e"",""normalized_state"":""published"",""owner_authority_id"":""urn:uuid:ba324c09-ea3b-5b7d-a8de-40df0fcc5e83"",""owner_native_state"":""exact_closure_order"",""payload"":{""course_id"":""urn:uuid:f6271d1d-189b-5f77-a370-ee7d4edd3603"",""edition_id"":""urn:uuid:79e7c26f-be00-528c-9ca5-dbbdb85bf9b8"",""native_unit_id"":""OLP-0591"",""order_key"":""0591"",""ordinal"":591,""required"":null,""unit_id"":""urn:uuid:f04d777f-b6a2-5515-b749-df1a9609dd6f"",""visible"":true},""record_type"":""course_unit_membership"",""recorded_at"":""2026-08-31T00:00:00Z"",""semantic_key"":""c80:openlogic:membership:OLP-0591""}"
urn:uuid:c0c3783f-4f73-5cb8-a1a8-8dbcc1b3c959,course_unit_membership,"{""dataset_id"":""urn:uuid:fdfa2782-db96-5e60-bcb3-d206d78b960a"",""id"":""urn:uuid:c0c3783f-4f73-5cb8-a1a8-8dbcc1b3c959"",""normalized_state"":""published"",""owner_authority_id"":""urn:uuid:ba324c09-ea3b-5b7d-a8de-40df0fcc5e83"",""owner_native_state"":""exact_closure_order"",""payload"":{""course_id"":""urn:uuid:f6271d1d-189b-5f77-a370-ee7d4edd3603"",""edition_id"":""urn:uuid:79e7c26f-be00-528c-9ca5-dbbdb85bf9b8"",""native_unit_id"":""OLP-0592"",""order_key"":""0592"",""ordinal"":592,""required"":null,""unit_id"":""urn:uuid:99c208d6-c5dd-5444-b8e0-9925a04cc470"",""visible"":true},""record_type"":""course_unit_membership"",""recorded_at"":""2026-08-31T00:00:00Z"",""semantic_key"":""c80:openlogic:membership:OLP-0592""}"
urn:uuid:f62daf7d-b7d6-5439-843f-8f65d280cafa,course_unit_membership,"{""dataset_id"":""urn:uuid:fdfa2782-db96-5e60-bcb3-d206d78b960a"",""id"":""urn:uuid:f62daf7d-b7d6-5439-843f-8f65d280cafa"",""normalized_state"":""published"",""owner_authority_id"":""urn:uuid:ba324c09-ea3b-5b7d-a8de-40df0fcc5e83"",""owner_native_state"":""exact_closure_order"",""payload"":{""course_id"":""urn:uuid:f6271d1d-189b-5f77-a370-ee7d4edd3603"",""edition_id"":""urn:uuid:79e7c26f-be00-528c-9ca5-dbbdb85bf9b8"",""native_unit_id"":""OLP-0593"",""order_key"":""0593"",""ordinal"":593,""required"":null,""unit_id"":""urn:uuid:86ba5e46-a220-5cef-a2cc-398d3d8f77ed"",""visible"":true},""record_type"":""course_unit_membership"",""recorded_at"":""2026-08-31T00:00:00Z"",""semantic_key"":""c80:openlogic:membership:OLP-0593""}"
urn:uuid:d96e7e5b-0eca-526b-b7c3-2b1d9772ec66,course_unit_membership,"{""dataset_id"":""urn:uuid:fdfa2782-db96-5e60-bcb3-d206d78b960a"",""id"":""urn:uuid:d96e7e5b-0eca-526b-b7c3-2b1d9772ec66"",""normalized_state"":""published"",""owner_authority_id"":""urn:uuid:ba324c09-ea3b-5b7d-a8de-40df0fcc5e83"",""owner_native_state"":""exact_closure_order"",""payload"":{""course_id"":""urn:uuid:f6271d1d-189b-5f77-a370-ee7d4edd3603"",""edition_id"":""urn:uuid:79e7c26f-be00-528c-9ca5-dbbdb85bf9b8"",""native_unit_id"":""OLP-0594"",""order_key"":""0594"",""ordinal"":594,""required"":null,""unit_id"":""urn:uuid:a7db589e-12df-58ec-afa9-390cdba77914"",""visible"":true},""record_type"":""course_unit_membership"",""recorded_at"":""2026-08-31T00:00:00Z"",""semantic_key"":""c80:openlogic:membership:OLP-0594""}"
urn:uuid:3c4d27e8-9050-5490-a5ff-9d67aea14959,course_unit_membership,"{""dataset_id"":""urn:uuid:fdfa2782-db96-5e60-bcb3-d206d78b960a"",""id"":""urn:uuid:3c4d27e8-9050-5490-a5ff-9d67aea14959"",""normalized_state"":""published"",""owner_authority_id"":""urn:uuid:ba324c09-ea3b-5b7d-a8de-40df0fcc5e83"",""owner_native_state"":""exact_closure_order"",""payload"":{""course_id"":""urn:uuid:f6271d1d-189b-5f77-a370-ee7d4edd3603"",""edition_id"":""urn:uuid:79e7c26f-be00-528c-9ca5-dbbdb85bf9b8"",""native_unit_id"":""OLP-0595"",""order_key"":""0595"",""ordinal"":595,""required"":null,""unit_id"":""urn:uuid:309a4331-53a5-5155-a1e4-bbb8e91ec634"",""visible"":true},""record_type"":""course_unit_membership"",""recorded_at"":""2026-08-31T00:00:00Z"",""semantic_key"":""c80:openlogic:membership:OLP-0595""}"
urn:uuid:1142359c-e038-53a5-a2d3-023c59421d8e,course_unit_membership,"{""dataset_id"":""urn:uuid:fdfa2782-db96-5e60-bcb3-d206d78b960a"",""id"":""urn:uuid:1142359c-e038-53a5-a2d3-023c59421d8e"",""normalized_state"":""published"",""owner_authority_id"":""urn:uuid:ba324c09-ea3b-5b7d-a8de-40df0fcc5e83"",""owner_native_state"":""exact_closure_order"",""payload"":{""course_id"":""urn:uuid:f6271d1d-189b-5f77-a370-ee7d4edd3603"",""edition_id"":""urn:uuid:79e7c26f-be00-528c-9ca5-dbbdb85bf9b8"",""native_unit_id"":""OLP-0596"",""order_key"":""0596"",""ordinal"":596,""required"":null,""unit_id"":""urn:uuid:73d4d1c9-f176-5256-95b8-cb0b7bcce528"",""visible"":true},""record_type"":""course_unit_membership"",""recorded_at"":""2026-08-31T00:00:00Z"",""semantic_key"":""c80:openlogic:membership:OLP-0596""}"
urn:uuid:1f05ea73-57a9-5476-9347-ea71da11d243,course_unit_membership,"{""dataset_id"":""urn:uuid:fdfa2782-db96-5e60-bcb3-d206d78b960a"",""id"":""urn:uuid:1f05ea73-57a9-5476-9347-ea71da11d243"",""normalized_state"":""published"",""owner_authority_id"":""urn:uuid:ba324c09-ea3b-5b7d-a8de-40df0fcc5e83"",""owner_native_state"":""exact_closure_order"",""payload"":{""course_id"":""urn:uuid:f6271d1d-189b-5f77-a370-ee7d4edd3603"",""edition_id"":""urn:uuid:79e7c26f-be00-528c-9ca5-dbbdb85bf9b8"",""native_unit_id"":""OLP-0597"",""order_key"":""0597"",""ordinal"":597,""required"":null,""unit_id"":""urn:uuid:408c270e-90b4-59e6-8bbd-d9f4e96db9de"",""visible"":true},""record_type"":""course_unit_membership"",""recorded_at"":""2026-08-31T00:00:00Z"",""semantic_key"":""c80:openlogic:membership:OLP-0597""}"
urn:uuid:ac98f799-2c68-5927-87b6-b24bca224f19,course_unit_membership,"{""dataset_id"":""urn:uuid:fdfa2782-db96-5e60-bcb3-d206d78b960a"",""id"":""urn:uuid:ac98f799-2c68-5927-87b6-b24bca224f19"",""normalized_state"":""published"",""owner_authority_id"":""urn:uuid:ba324c09-ea3b-5b7d-a8de-40df0fcc5e83"",""owner_native_state"":""exact_closure_order"",""payload"":{""course_id"":""urn:uuid:f6271d1d-189b-5f77-a370-ee7d4edd3603"",""edition_id"":""urn:uuid:79e7c26f-be00-528c-9ca5-dbbdb85bf9b8"",""native_unit_id"":""OLP-0598"",""order_key"":""0598"",""ordinal"":598,""required"":null,""unit_id"":""urn:uuid:60a49561-9ba6-5bcb-8101-2430d5546440"",""visible"":true},""record_type"":""course_unit_membership"",""recorded_at"":""2026-08-31T00:00:00Z"",""semantic_key"":""c80:openlogic:membership:OLP-0598""}"
urn:uuid:027977ac-e5b1-5e73-a771-65b856837e67,course_unit_membership,"{""dataset_id"":""urn:uuid:fdfa2782-db96-5e60-bcb3-d206d78b960a"",""id"":""urn:uuid:027977ac-e5b1-5e73-a771-65b856837e67"",""normalized_state"":""published"",""owner_authority_id"":""urn:uuid:ba324c09-ea3b-5b7d-a8de-40df0fcc5e83"",""owner_native_state"":""exact_closure_order"",""payload"":{""course_id"":""urn:uuid:f6271d1d-189b-5f77-a370-ee7d4edd3603"",""edition_id"":""urn:uuid:79e7c26f-be00-528c-9ca5-dbbdb85bf9b8"",""native_unit_id"":""OLP-0599"",""order_key"":""0599"",""ordinal"":599,""required"":null,""unit_id"":""urn:uuid:7e248e24-8c43-5c9d-aeb5-ea4c6c817bdc"",""visible"":true},""record_type"":""course_unit_membership"",""recorded_at"":""2026-08-31T00:00:00Z"",""semantic_key"":""c80:openlogic:membership:OLP-0599""}"
urn:uuid:9fe85b72-eb1e-5355-835d-c3f494fe430d,course_unit_membership,"{""dataset_id"":""urn:uuid:fdfa2782-db96-5e60-bcb3-d206d78b960a"",""id"":""urn:uuid:9fe85b72-eb1e-5355-835d-c3f494fe430d"",""normalized_state"":""published"",""owner_authority_id"":""urn:uuid:ba324c09-ea3b-5b7d-a8de-40df0fcc5e83"",""owner_native_state"":""exact_closure_order"",""payload"":{""course_id"":""urn:uuid:f6271d1d-189b-5f77-a370-ee7d4edd3603"",""edition_id"":""urn:uuid:79e7c26f-be00-528c-9ca5-dbbdb85bf9b8"",""native_unit_id"":""OLP-0600"",""order_key"":""0600"",""ordinal"":600,""required"":null,""unit_id"":""urn:uuid:b59126e0-cfd9-52b9-b988-2464bd149b6f"",""visible"":true},""record_type"":""course_unit_membership"",""recorded_at"":""2026-08-31T00:00:00Z"",""semantic_key"":""c80:openlogic:membership:OLP-0600""}"
urn:uuid:3d683afa-3cf5-5c8a-a358-62231334668f,course_unit_membership,"{""dataset_id"":""urn:uuid:fdfa2782-db96-5e60-bcb3-d206d78b960a"",""id"":""urn:uuid:3d683afa-3cf5-5c8a-a358-62231334668f"",""normalized_state"":""published"",""owner_authority_id"":""urn:uuid:ba324c09-ea3b-5b7d-a8de-40df0fcc5e83"",""owner_native_state"":""exact_closure_order"",""payload"":{""course_id"":""urn:uuid:f6271d1d-189b-5f77-a370-ee7d4edd3603"",""edition_id"":""urn:uuid:79e7c26f-be00-528c-9ca5-dbbdb85bf9b8"",""native_unit_id"":""OLP-0601"",""order_key"":""0601"",""ordinal"":601,""required"":null,""unit_id"":""urn:uuid:b14264ab-a0ff-5373-97fe-3a6fb9b576fd"",""visible"":true},""record_type"":""course_unit_membership"",""recorded_at"":""2026-08-31T00:00:00Z"",""semantic_key"":""c80:openlogic:membership:OLP-0601""}"
urn:uuid:4ff06d5a-f9cd-5f8e-8f5a-58d71a1d54c5,course_unit_membership,"{""dataset_id"":""urn:uuid:fdfa2782-db96-5e60-bcb3-d206d78b960a"",""id"":""urn:uuid:4ff06d5a-f9cd-5f8e-8f5a-58d71a1d54c5"",""normalized_state"":""published"",""owner_authority_id"":""urn:uuid:ba324c09-ea3b-5b7d-a8de-40df0fcc5e83"",""owner_native_state"":""exact_closure_order"",""payload"":{""course_id"":""urn:uuid:f6271d1d-189b-5f77-a370-ee7d4edd3603"",""edition_id"":""urn:uuid:79e7c26f-be00-528c-9ca5-dbbdb85bf9b8"",""native_unit_id"":""OLP-0602"",""order_key"":""0602"",""ordinal"":602,""required"":null,""unit_id"":""urn:uuid:f2529846-78a4-5674-99fd-3d5f1f18f489"",""visible"":true},""record_type"":""course_unit_membership"",""recorded_at"":""2026-08-31T00:00:00Z"",""semantic_key"":""c80:openlogic:membership:OLP-0602""}"
urn:uuid:fa5f7c2a-872c-5b80-83d1-68e2582973f9,course_unit_membership,"{""dataset_id"":""urn:uuid:fdfa2782-db96-5e60-bcb3-d206d78b960a"",""id"":""urn:uuid:fa5f7c2a-872c-5b80-83d1-68e2582973f9"",""normalized_state"":""published"",""owner_authority_id"":""urn:uuid:ba324c09-ea3b-5b7d-a8de-40df0fcc5e83"",""owner_native_state"":""exact_closure_order"",""payload"":{""course_id"":""urn:uuid:f6271d1d-189b-5f77-a370-ee7d4edd3603"",""edition_id"":""urn:uuid:79e7c26f-be00-528c-9ca5-dbbdb85bf9b8"",""native_unit_id"":""OLP-0603"",""order_key"":""0603"",""ordinal"":603,""required"":null,""unit_id"":""urn:uuid:42c4a6a0-369c-5c23-b337-1640ba99eb20"",""visible"":true},""record_type"":""course_unit_membership"",""recorded_at"":""2026-08-31T00:00:00Z"",""semantic_key"":""c80:openlogic:membership:OLP-0603""}"
urn:uuid:31f31675-431a-5fca-811c-f978f043b752,course_unit_membership,"{""dataset_id"":""urn:uuid:fdfa2782-db96-5e60-bcb3-d206d78b960a"",""id"":""urn:uuid:31f31675-431a-5fca-811c-f978f043b752"",""normalized_state"":""published"",""owner_authority_id"":""urn:uuid:ba324c09-ea3b-5b7d-a8de-40df0fcc5e83"",""owner_native_state"":""exact_closure_order"",""payload"":{""course_id"":""urn:uuid:f6271d1d-189b-5f77-a370-ee7d4edd3603"",""edition_id"":""urn:uuid:79e7c26f-be00-528c-9ca5-dbbdb85bf9b8"",""native_unit_id"":""OLP-0604"",""order_key"":""0604"",""ordinal"":604,""required"":null,""unit_id"":""urn:uuid:43e07023-a5af-5ca5-89ea-23df0031218d"",""visible"":true},""record_type"":""course_unit_membership"",""recorded_at"":""2026-08-31T00:00:00Z"",""semantic_key"":""c80:openlogic:membership:OLP-0604""}"
urn:uuid:822a4240-b8e3-5be7-9a7b-aa7fa225e53c,course_unit_membership,"{""dataset_id"":""urn:uuid:fdfa2782-db96-5e60-bcb3-d206d78b960a"",""id"":""urn:uuid:822a4240-b8e3-5be7-9a7b-aa7fa225e53c"",""normalized_state"":""published"",""owner_authority_id"":""urn:uuid:ba324c09-ea3b-5b7d-a8de-40df0fcc5e83"",""owner_native_state"":""exact_closure_order"",""payload"":{""course_id"":""urn:uuid:f6271d1d-189b-5f77-a370-ee7d4edd3603"",""edition_id"":""urn:uuid:79e7c26f-be00-528c-9ca5-dbbdb85bf9b8"",""native_unit_id"":""OLP-0605"",""order_key"":""0605"",""ordinal"":605,""required"":null,""unit_id"":""urn:uuid:e21f96da-a760-510d-bb2f-d0fba477f512"",""visible"":true},""record_type"":""course_unit_membership"",""recorded_at"":""2026-08-31T00:00:00Z"",""semantic_key"":""c80:openlogic:membership:OLP-0605""}"
urn:uuid:291aac3f-b396-5918-a1d5-943351c80756,course_unit_membership,"{""dataset_id"":""urn:uuid:fdfa2782-db96-5e60-bcb3-d206d78b960a"",""id"":""urn:uuid:291aac3f-b396-5918-a1d5-943351c80756"",""normalized_state"":""published"",""owner_authority_id"":""urn:uuid:ba324c09-ea3b-5b7d-a8de-40df0fcc5e83"",""owner_native_state"":""exact_closure_order"",""payload"":{""course_id"":""urn:uuid:f6271d1d-189b-5f77-a370-ee7d4edd3603"",""edition_id"":""urn:uuid:79e7c26f-be00-528c-9ca5-dbbdb85bf9b8"",""native_unit_id"":""OLP-0606"",""order_key"":""0606"",""ordinal"":606,""required"":null,""unit_id"":""urn:uuid:03028240-1a51-57db-be89-5fa11a3c10bb"",""visible"":true},""record_type"":""course_unit_membership"",""recorded_at"":""2026-08-31T00:00:00Z"",""semantic_key"":""c80:openlogic:membership:OLP-0606""}"
urn:uuid:1af186f5-1fdd-5204-aed0-58f7bc4687f7,course_unit_membership,"{""dataset_id"":""urn:uuid:fdfa2782-db96-5e60-bcb3-d206d78b960a"",""id"":""urn:uuid:1af186f5-1fdd-5204-aed0-58f7bc4687f7"",""normalized_state"":""published"",""owner_authority_id"":""urn:uuid:ba324c09-ea3b-5b7d-a8de-40df0fcc5e83"",""owner_native_state"":""exact_closure_order"",""payload"":{""course_id"":""urn:uuid:f6271d1d-189b-5f77-a370-ee7d4edd3603"",""edition_id"":""urn:uuid:79e7c26f-be00-528c-9ca5-dbbdb85bf9b8"",""native_unit_id"":""OLP-0607"",""order_key"":""0607"",""ordinal"":607,""required"":null,""unit_id"":""urn:uuid:33eb459e-c4ae-53a1-85ef-e934b3c1ad6f"",""visible"":true},""record_type"":""course_unit_membership"",""recorded_at"":""2026-08-31T00:00:00Z"",""semantic_key"":""c80:openlogic:membership:OLP-0607""}"
urn:uuid:acbbcb9c-517a-5b06-b1f7-b83c759e9cb7,course_unit_membership,"{""dataset_id"":""urn:uuid:fdfa2782-db96-5e60-bcb3-d206d78b960a"",""id"":""urn:uuid:acbbcb9c-517a-5b06-b1f7-b83c759e9cb7"",""normalized_state"":""published"",""owner_authority_id"":""urn:uuid:ba324c09-ea3b-5b7d-a8de-40df0fcc5e83"",""owner_native_state"":""exact_closure_order"",""payload"":{""course_id"":""urn:uuid:f6271d1d-189b-5f77-a370-ee7d4edd3603"",""edition_id"":""urn:uuid:79e7c26f-be00-528c-9ca5-dbbdb85bf9b8"",""native_unit_id"":""OLP-0608"",""order_key"":""0608"",""ordinal"":608,""required"":null,""unit_id"":""urn:uuid:9ebee990-69a9-5a55-a814-feedd3444b5b"",""visible"":true},""record_type"":""course_unit_membership"",""recorded_at"":""2026-08-31T00:00:00Z"",""semantic_key"":""c80:openlogic:membership:OLP-0608""}"
urn:uuid:4ab6308d-b476-5d51-9af1-0574908b717f,course_unit_membership,"{""dataset_id"":""urn:uuid:fdfa2782-db96-5e60-bcb3-d206d78b960a"",""id"":""urn:uuid:4ab6308d-b476-5d51-9af1-0574908b717f"",""normalized_state"":""published"",""owner_authority_id"":""urn:uuid:ba324c09-ea3b-5b7d-a8de-40df0fcc5e83"",""owner_native_state"":""exact_closure_order"",""payload"":{""course_id"":""urn:uuid:f6271d1d-189b-5f77-a370-ee7d4edd3603"",""edition_id"":""urn:uuid:79e7c26f-be00-528c-9ca5-dbbdb85bf9b8"",""native_unit_id"":""OLP-0609"",""order_key"":""0609"",""ordinal"":609,""required"":null,""unit_id"":""urn:uuid:241675f9-9795-59bc-9ec5-9a66ab861973"",""visible"":true},""record_type"":""course_unit_membership"",""recorded_at"":""2026-08-31T00:00:00Z"",""semantic_key"":""c80:openlogic:membership:OLP-0609""}"
urn:uuid:3f7e6965-b72e-5ef4-8df6-38040996a787,course_unit_membership,"{""dataset_id"":""urn:uuid:fdfa2782-db96-5e60-bcb3-d206d78b960a"",""id"":""urn:uuid:3f7e6965-b72e-5ef4-8df6-38040996a787"",""normalized_state"":""published"",""owner_authority_id"":""urn:uuid:ba324c09-ea3b-5b7d-a8de-40df0fcc5e83"",""owner_native_state"":""exact_closure_order"",""payload"":{""course_id"":""urn:uuid:f6271d1d-189b-5f77-a370-ee7d4edd3603"",""edition_id"":""urn:uuid:79e7c26f-be00-528c-9ca5-dbbdb85bf9b8"",""native_unit_id"":""OLP-0610"",""order_key"":""0610"",""ordinal"":610,""required"":null,""unit_id"":""urn:uuid:95bba238-309e-5531-8bc0-5222f9453fdd"",""visible"":true},""record_type"":""course_unit_membership"",""recorded_at"":""2026-08-31T00:00:00Z"",""semantic_key"":""c80:openlogic:membership:OLP-0610""}"
urn:uuid:9623550c-cbe6-563f-8909-5cbd26062484,course_unit_membership,"{""dataset_id"":""urn:uuid:fdfa2782-db96-5e60-bcb3-d206d78b960a"",""id"":""urn:uuid:9623550c-cbe6-563f-8909-5cbd26062484"",""normalized_state"":""published"",""owner_authority_id"":""urn:uuid:ba324c09-ea3b-5b7d-a8de-40df0fcc5e83"",""owner_native_state"":""exact_closure_order"",""payload"":{""course_id"":""urn:uuid:f6271d1d-189b-5f77-a370-ee7d4edd3603"",""edition_id"":""urn:uuid:79e7c26f-be00-528c-9ca5-dbbdb85bf9b8"",""native_unit_id"":""OLP-0611"",""order_key"":""0611"",""ordinal"":611,""required"":null,""unit_id"":""urn:uuid:fa2eabb8-5ec4-5757-87ea-8694a74a9566"",""visible"":true},""record_type"":""course_unit_membership"",""recorded_at"":""2026-08-31T00:00:00Z"",""semantic_key"":""c80:openlogic:membership:OLP-0611""}"
urn:uuid:00df0871-ae04-5702-aac4-85bbdcaae7f9,course_unit_membership,"{""dataset_id"":""urn:uuid:fdfa2782-db96-5e60-bcb3-d206d78b960a"",""id"":""urn:uuid:00df0871-ae04-5702-aac4-85bbdcaae7f9"",""normalized_state"":""published"",""owner_authority_id"":""urn:uuid:ba324c09-ea3b-5b7d-a8de-40df0fcc5e83"",""owner_native_state"":""exact_closure_order"",""payload"":{""course_id"":""urn:uuid:f6271d1d-189b-5f77-a370-ee7d4edd3603"",""edition_id"":""urn:uuid:79e7c26f-be00-528c-9ca5-dbbdb85bf9b8"",""native_unit_id"":""OLP-0612"",""order_key"":""0612"",""ordinal"":612,""required"":null,""unit_id"":""urn:uuid:72665873-f791-5884-9dc7-6b57aa46d326"",""visible"":true},""record_type"":""course_unit_membership"",""recorded_at"":""2026-08-31T00:00:00Z"",""semantic_key"":""c80:openlogic:membership:OLP-0612""}"
urn:uuid:0f462deb-ae4e-50be-91c0-aaeeff2358b8,course_unit_membership,"{""dataset_id"":""urn:uuid:fdfa2782-db96-5e60-bcb3-d206d78b960a"",""id"":""urn:uuid:0f462deb-ae4e-50be-91c0-aaeeff2358b8"",""normalized_state"":""published"",""owner_authority_id"":""urn:uuid:ba324c09-ea3b-5b7d-a8de-40df0fcc5e83"",""owner_native_state"":""exact_closure_order"",""payload"":{""course_id"":""urn:uuid:f6271d1d-189b-5f77-a370-ee7d4edd3603"",""edition_id"":""urn:uuid:79e7c26f-be00-528c-9ca5-dbbdb85bf9b8"",""native_unit_id"":""OLP-0613"",""order_key"":""0613"",""ordinal"":613,""required"":null,""unit_id"":""urn:uuid:6c47d510-4a6b-541a-ad80-3c1309143c22"",""visible"":true},""record_type"":""course_unit_membership"",""recorded_at"":""2026-08-31T00:00:00Z"",""semantic_key"":""c80:openlogic:membership:OLP-0613""}"
urn:uuid:9e8bebd3-3840-5f69-991e-16e7e799a7e9,course_unit_membership,"{""dataset_id"":""urn:uuid:fdfa2782-db96-5e60-bcb3-d206d78b960a"",""id"":""urn:uuid:9e8bebd3-3840-5f69-991e-16e7e799a7e9"",""normalized_state"":""published"",""owner_authority_id"":""urn:uuid:ba324c09-ea3b-5b7d-a8de-40df0fcc5e83"",""owner_native_state"":""exact_closure_order"",""payload"":{""course_id"":""urn:uuid:f6271d1d-189b-5f77-a370-ee7d4edd3603"",""edition_id"":""urn:uuid:79e7c26f-be00-528c-9ca5-dbbdb85bf9b8"",""native_unit_id"":""OLP-0614"",""order_key"":""0614"",""ordinal"":614,""required"":null,""unit_id"":""urn:uuid:3a25b933-1889-59e2-88e5-102d78b880cc"",""visible"":true},""record_type"":""course_unit_membership"",""recorded_at"":""2026-08-31T00:00:00Z"",""semantic_key"":""c80:openlogic:membership:OLP-0614""}"
urn:uuid:7aa371a5-7de3-5658-aa04-f2a21d2d6cbd,course_unit_membership,"{""dataset_id"":""urn:uuid:fdfa2782-db96-5e60-bcb3-d206d78b960a"",""id"":""urn:uuid:7aa371a5-7de3-5658-aa04-f2a21d2d6cbd"",""normalized_state"":""published"",""owner_authority_id"":""urn:uuid:ba324c09-ea3b-5b7d-a8de-40df0fcc5e83"",""owner_native_state"":""exact_closure_order"",""payload"":{""course_id"":""urn:uuid:f6271d1d-189b-5f77-a370-ee7d4edd3603"",""edition_id"":""urn:uuid:79e7c26f-be00-528c-9ca5-dbbdb85bf9b8"",""native_unit_id"":""OLP-0615"",""order_key"":""0615"",""ordinal"":615,""required"":null,""unit_id"":""urn:uuid:05f9ec32-0832-57d8-a81b-77d7c69f25f1"",""visible"":true},""record_type"":""course_unit_membership"",""recorded_at"":""2026-08-31T00:00:00Z"",""semantic_key"":""c80:openlogic:membership:OLP-0615""}"
urn:uuid:02ad9d3e-058a-597b-9a90-36d0f5e6d2e2,course_unit_membership,"{""dataset_id"":""urn:uuid:fdfa2782-db96-5e60-bcb3-d206d78b960a"",""id"":""urn:uuid:02ad9d3e-058a-597b-9a90-36d0f5e6d2e2"",""normalized_state"":""published"",""owner_authority_id"":""urn:uuid:ba324c09-ea3b-5b7d-a8de-40df0fcc5e83"",""owner_native_state"":""exact_closure_order"",""payload"":{""course_id"":""urn:uuid:f6271d1d-189b-5f77-a370-ee7d4edd3603"",""edition_id"":""urn:uuid:79e7c26f-be00-528c-9ca5-dbbdb85bf9b8"",""native_unit_id"":""OLP-0616"",""order_key"":""0616"",""ordinal"":616,""required"":null,""unit_id"":""urn:uuid:cbac0742-f4c4-5ef5-b8b8-15db0ad3188b"",""visible"":true},""record_type"":""course_unit_membership"",""recorded_at"":""2026-08-31T00:00:00Z"",""semantic_key"":""c80:openlogic:membership:OLP-0616""}"
urn:uuid:264f2bbd-1c5b-5bc7-a166-79b94f233a5a,course_unit_membership,"{""dataset_id"":""urn:uuid:fdfa2782-db96-5e60-bcb3-d206d78b960a"",""id"":""urn:uuid:264f2bbd-1c5b-5bc7-a166-79b94f233a5a"",""normalized_state"":""published"",""owner_authority_id"":""urn:uuid:ba324c09-ea3b-5b7d-a8de-40df0fcc5e83"",""owner_native_state"":""exact_closure_order"",""payload"":{""course_id"":""urn:uuid:f6271d1d-189b-5f77-a370-ee7d4edd3603"",""edition_id"":""urn:uuid:79e7c26f-be00-528c-9ca5-dbbdb85bf9b8"",""native_unit_id"":""OLP-0617"",""order_key"":""0617"",""ordinal"":617,""required"":null,""unit_id"":""urn:uuid:b56bd7cd-90c2-54b5-90e8-5e8431261ae5"",""visible"":true},""record_type"":""course_unit_membership"",""recorded_at"":""2026-08-31T00:00:00Z"",""semantic_key"":""c80:openlogic:membership:OLP-0617""}"
urn:uuid:a858a74f-7d19-5579-bb99-2ee727d8edff,course_unit_membership,"{""dataset_id"":""urn:uuid:fdfa2782-db96-5e60-bcb3-d206d78b960a"",""id"":""urn:uuid:a858a74f-7d19-5579-bb99-2ee727d8edff"",""normalized_state"":""published"",""owner_authority_id"":""urn:uuid:ba324c09-ea3b-5b7d-a8de-40df0fcc5e83"",""owner_native_state"":""exact_closure_order"",""payload"":{""course_id"":""urn:uuid:f6271d1d-189b-5f77-a370-ee7d4edd3603"",""edition_id"":""urn:uuid:79e7c26f-be00-528c-9ca5-dbbdb85bf9b8"",""native_unit_id"":""OLP-0618"",""order_key"":""0618"",""ordinal"":618,""required"":null,""unit_id"":""urn:uuid:14c1051d-a5e6-5f2c-b1b4-1070a8d38227"",""visible"":true},""record_type"":""course_unit_membership"",""recorded_at"":""2026-08-31T00:00:00Z"",""semantic_key"":""c80:openlogic:membership:OLP-0618""}"
urn:uuid:19e984d0-ab76-5997-96c1-369922adb8d8,course_unit_membership,"{""dataset_id"":""urn:uuid:fdfa2782-db96-5e60-bcb3-d206d78b960a"",""id"":""urn:uuid:19e984d0-ab76-5997-96c1-369922adb8d8"",""normalized_state"":""published"",""owner_authority_id"":""urn:uuid:ba324c09-ea3b-5b7d-a8de-40df0fcc5e83"",""owner_native_state"":""exact_closure_order"",""payload"":{""course_id"":""urn:uuid:f6271d1d-189b-5f77-a370-ee7d4edd3603"",""edition_id"":""urn:uuid:79e7c26f-be00-528c-9ca5-dbbdb85bf9b8"",""native_unit_id"":""OLP-0619"",""order_key"":""0619"",""ordinal"":619,""required"":null,""unit_id"":""urn:uuid:aa664481-50db-50c9-a199-cb9db6a7a382"",""visible"":true},""record_type"":""course_unit_membership"",""recorded_at"":""2026-08-31T00:00:00Z"",""semantic_key"":""c80:openlogic:membership:OLP-0619""}"
urn:uuid:94f2f4d8-9114-5bb7-a6b8-afa0a90d00c8,course_unit_membership,"{""dataset_id"":""urn:uuid:fdfa2782-db96-5e60-bcb3-d206d78b960a"",""id"":""urn:uuid:94f2f4d8-9114-5bb7-a6b8-afa0a90d00c8"",""normalized_state"":""published"",""owner_authority_id"":""urn:uuid:ba324c09-ea3b-5b7d-a8de-40df0fcc5e83"",""owner_native_state"":""exact_closure_order"",""payload"":{""course_id"":""urn:uuid:f6271d1d-189b-5f77-a370-ee7d4edd3603"",""edition_id"":""urn:uuid:79e7c26f-be00-528c-9ca5-dbbdb85bf9b8"",""native_unit_id"":""OLP-0620"",""order_key"":""0620"",""ordinal"":620,""required"":null,""unit_id"":""urn:uuid:d85ff9b4-4145-51f6-a59a-0dc37d12407e"",""visible"":true},""record_type"":""course_unit_membership"",""recorded_at"":""2026-08-31T00:00:00Z"",""semantic_key"":""c80:openlogic:membership:OLP-0620""}"
urn:uuid:40ba5d5c-3bd3-54db-bf55-0e401ca10448,course_unit_membership,"{""dataset_id"":""urn:uuid:fdfa2782-db96-5e60-bcb3-d206d78b960a"",""id"":""urn:uuid:40ba5d5c-3bd3-54db-bf55-0e401ca10448"",""normalized_state"":""published"",""owner_authority_id"":""urn:uuid:ba324c09-ea3b-5b7d-a8de-40df0fcc5e83"",""owner_native_state"":""exact_closure_order"",""payload"":{""course_id"":""urn:uuid:f6271d1d-189b-5f77-a370-ee7d4edd3603"",""edition_id"":""urn:uuid:79e7c26f-be00-528c-9ca5-dbbdb85bf9b8"",""native_unit_id"":""OLP-0621"",""order_key"":""0621"",""ordinal"":621,""required"":null,""unit_id"":""urn:uuid:8b6386ef-0344-520e-9e10-70321b6805eb"",""visible"":true},""record_type"":""course_unit_membership"",""recorded_at"":""2026-08-31T00:00:00Z"",""semantic_key"":""c80:openlogic:membership:OLP-0621""}"
urn:uuid:d590f18c-95ea-5fc2-a7fc-507d360400d7,course_unit_membership,"{""dataset_id"":""urn:uuid:fdfa2782-db96-5e60-bcb3-d206d78b960a"",""id"":""urn:uuid:d590f18c-95ea-5fc2-a7fc-507d360400d7"",""normalized_state"":""published"",""owner_authority_id"":""urn:uuid:ba324c09-ea3b-5b7d-a8de-40df0fcc5e83"",""owner_native_state"":""exact_closure_order"",""payload"":{""course_id"":""urn:uuid:f6271d1d-189b-5f77-a370-ee7d4edd3603"",""edition_id"":""urn:uuid:79e7c26f-be00-528c-9ca5-dbbdb85bf9b8"",""native_unit_id"":""OLP-0622"",""order_key"":""0622"",""ordinal"":622,""required"":null,""unit_id"":""urn:uuid:41cd82ac-0b90-589f-bf03-848fd3b470f1"",""visible"":true},""record_type"":""course_unit_membership"",""recorded_at"":""2026-08-31T00:00:00Z"",""semantic_key"":""c80:openlogic:membership:OLP-0622""}"
urn:uuid:15eb3ebd-ebfc-5751-a93e-a8fe07689b18,course_unit_membership,"{""dataset_id"":""urn:uuid:fdfa2782-db96-5e60-bcb3-d206d78b960a"",""id"":""urn:uuid:15eb3ebd-ebfc-5751-a93e-a8fe07689b18"",""normalized_state"":""published"",""owner_authority_id"":""urn:uuid:ba324c09-ea3b-5b7d-a8de-40df0fcc5e83"",""owner_native_state"":""exact_closure_order"",""payload"":{""course_id"":""urn:uuid:f6271d1d-189b-5f77-a370-ee7d4edd3603"",""edition_id"":""urn:uuid:79e7c26f-be00-528c-9ca5-dbbdb85bf9b8"",""native_unit_id"":""OLP-0623"",""order_key"":""0623"",""ordinal"":623,""required"":null,""unit_id"":""urn:uuid:16ab69fa-9858-5b6c-8acf-767bb60bd180"",""visible"":true},""record_type"":""course_unit_membership"",""recorded_at"":""2026-08-31T00:00:00Z"",""semantic_key"":""c80:openlogic:membership:OLP-0623""}"
urn:uuid:9feea78c-f789-5960-833a-2ff8cb10fd6d,course_unit_membership,"{""dataset_id"":""urn:uuid:fdfa2782-db96-5e60-bcb3-d206d78b960a"",""id"":""urn:uuid:9feea78c-f789-5960-833a-2ff8cb10fd6d"",""normalized_state"":""published"",""owner_authority_id"":""urn:uuid:ba324c09-ea3b-5b7d-a8de-40df0fcc5e83"",""owner_native_state"":""exact_closure_order"",""payload"":{""course_id"":""urn:uuid:f6271d1d-189b-5f77-a370-ee7d4edd3603"",""edition_id"":""urn:uuid:79e7c26f-be00-528c-9ca5-dbbdb85bf9b8"",""native_unit_id"":""OLP-0624"",""order_key"":""0624"",""ordinal"":624,""required"":null,""unit_id"":""urn:uuid:d5d78321-77a9-5583-a82a-b73148531657"",""visible"":true},""record_type"":""course_unit_membership"",""recorded_at"":""2026-08-31T00:00:00Z"",""semantic_key"":""c80:openlogic:membership:OLP-0624""}"
urn:uuid:f5852b66-5bb1-54dc-af16-4d0e84cbea37,course_unit_membership,"{""dataset_id"":""urn:uuid:fdfa2782-db96-5e60-bcb3-d206d78b960a"",""id"":""urn:uuid:f5852b66-5bb1-54dc-af16-4d0e84cbea37"",""normalized_state"":""published"",""owner_authority_id"":""urn:uuid:ba324c09-ea3b-5b7d-a8de-40df0fcc5e83"",""owner_native_state"":""exact_closure_order"",""payload"":{""course_id"":""urn:uuid:f6271d1d-189b-5f77-a370-ee7d4edd3603"",""edition_id"":""urn:uuid:79e7c26f-be00-528c-9ca5-dbbdb85bf9b8"",""native_unit_id"":""OLP-0625"",""order_key"":""0625"",""ordinal"":625,""required"":null,""unit_id"":""urn:uuid:1e984b7f-b7c9-571b-9077-3ffcf39551c2"",""visible"":true},""record_type"":""course_unit_membership"",""recorded_at"":""2026-08-31T00:00:00Z"",""semantic_key"":""c80:openlogic:membership:OLP-0625""}"
urn:uuid:0b7821b1-5d08-5363-8241-99cfb190f823,course_unit_membership,"{""dataset_id"":""urn:uuid:fdfa2782-db96-5e60-bcb3-d206d78b960a"",""id"":""urn:uuid:0b7821b1-5d08-5363-8241-99cfb190f823"",""normalized_state"":""published"",""owner_authority_id"":""urn:uuid:ba324c09-ea3b-5b7d-a8de-40df0fcc5e83"",""owner_native_state"":""exact_closure_order"",""payload"":{""course_id"":""urn:uuid:f6271d1d-189b-5f77-a370-ee7d4edd3603"",""edition_id"":""urn:uuid:79e7c26f-be00-528c-9ca5-dbbdb85bf9b8"",""native_unit_id"":""OLP-0626"",""order_key"":""0626"",""ordinal"":626,""required"":null,""unit_id"":""urn:uuid:ded07b1b-afa2-56c7-ab54-2425110f1066"",""visible"":true},""record_type"":""course_unit_membership"",""recorded_at"":""2026-08-31T00:00:00Z"",""semantic_key"":""c80:openlogic:membership:OLP-0626""}"
urn:uuid:c74976b3-2380-5a86-974f-9689353ff300,course_unit_membership,"{""dataset_id"":""urn:uuid:fdfa2782-db96-5e60-bcb3-d206d78b960a"",""id"":""urn:uuid:c74976b3-2380-5a86-974f-9689353ff300"",""normalized_state"":""published"",""owner_authority_id"":""urn:uuid:ba324c09-ea3b-5b7d-a8de-40df0fcc5e83"",""owner_native_state"":""exact_closure_order"",""payload"":{""course_id"":""urn:uuid:f6271d1d-189b-5f77-a370-ee7d4edd3603"",""edition_id"":""urn:uuid:79e7c26f-be00-528c-9ca5-dbbdb85bf9b8"",""native_unit_id"":""OLP-0627"",""order_key"":""0627"",""ordinal"":627,""required"":null,""unit_id"":""urn:uuid:72770241-2812-58bc-a3ef-7edf8c511810"",""visible"":true},""record_type"":""course_unit_membership"",""recorded_at"":""2026-08-31T00:00:00Z"",""semantic_key"":""c80:openlogic:membership:OLP-0627""}"
urn:uuid:8aae9a86-0044-5f0d-bbf9-51db412ceede,course_unit_membership,"{""dataset_id"":""urn:uuid:fdfa2782-db96-5e60-bcb3-d206d78b960a"",""id"":""urn:uuid:8aae9a86-0044-5f0d-bbf9-51db412ceede"",""normalized_state"":""published"",""owner_authority_id"":""urn:uuid:ba324c09-ea3b-5b7d-a8de-40df0fcc5e83"",""owner_native_state"":""exact_closure_order"",""payload"":{""course_id"":""urn:uuid:f6271d1d-189b-5f77-a370-ee7d4edd3603"",""edition_id"":""urn:uuid:79e7c26f-be00-528c-9ca5-dbbdb85bf9b8"",""native_unit_id"":""OLP-0628"",""order_key"":""0628"",""ordinal"":628,""required"":null,""unit_id"":""urn:uuid:bd42ac3b-c828-5d95-a72d-153867c17fd7"",""visible"":true},""record_type"":""course_unit_membership"",""recorded_at"":""2026-08-31T00:00:00Z"",""semantic_key"":""c80:openlogic:membership:OLP-0628""}"
urn:uuid:351dc47b-03c2-5de2-b096-67911243cee5,course_unit_membership,"{""dataset_id"":""urn:uuid:fdfa2782-db96-5e60-bcb3-d206d78b960a"",""id"":""urn:uuid:351dc47b-03c2-5de2-b096-67911243cee5"",""normalized_state"":""published"",""owner_authority_id"":""urn:uuid:ba324c09-ea3b-5b7d-a8de-40df0fcc5e83"",""owner_native_state"":""exact_closure_order"",""payload"":{""course_id"":""urn:uuid:f6271d1d-189b-5f77-a370-ee7d4edd3603"",""edition_id"":""urn:uuid:79e7c26f-be00-528c-9ca5-dbbdb85bf9b8"",""native_unit_id"":""OLP-0629"",""order_key"":""0629"",""ordinal"":629,""required"":null,""unit_id"":""urn:uuid:842275c1-32cd-5a56-96f2-7fe24c80f946"",""visible"":true},""record_type"":""course_unit_membership"",""recorded_at"":""2026-08-31T00:00:00Z"",""semantic_key"":""c80:openlogic:membership:OLP-0629""}"
urn:uuid:78a305b5-643b-51fd-bd16-b20e6f45c971,course_unit_membership,"{""dataset_id"":""urn:uuid:fdfa2782-db96-5e60-bcb3-d206d78b960a"",""id"":""urn:uuid:78a305b5-643b-51fd-bd16-b20e6f45c971"",""normalized_state"":""published"",""owner_authority_id"":""urn:uuid:ba324c09-ea3b-5b7d-a8de-40df0fcc5e83"",""owner_native_state"":""exact_closure_order"",""payload"":{""course_id"":""urn:uuid:f6271d1d-189b-5f77-a370-ee7d4edd3603"",""edition_id"":""urn:uuid:79e7c26f-be00-528c-9ca5-dbbdb85bf9b8"",""native_unit_id"":""OLP-0630"",""order_key"":""0630"",""ordinal"":630,""required"":null,""unit_id"":""urn:uuid:8ca92ad0-23ca-5dd4-9b6a-c4e47179f0b5"",""visible"":true},""record_type"":""course_unit_membership"",""recorded_at"":""2026-08-31T00:00:00Z"",""semantic_key"":""c80:openlogic:membership:OLP-0630""}"
urn:uuid:385295f7-5e46-5d7d-bbb8-31504bd0ce75,course_unit_membership,"{""dataset_id"":""urn:uuid:fdfa2782-db96-5e60-bcb3-d206d78b960a"",""id"":""urn:uuid:385295f7-5e46-5d7d-bbb8-31504bd0ce75"",""normalized_state"":""published"",""owner_authority_id"":""urn:uuid:ba324c09-ea3b-5b7d-a8de-40df0fcc5e83"",""owner_native_state"":""exact_closure_order"",""payload"":{""course_id"":""urn:uuid:f6271d1d-189b-5f77-a370-ee7d4edd3603"",""edition_id"":""urn:uuid:79e7c26f-be00-528c-9ca5-dbbdb85bf9b8"",""native_unit_id"":""OLP-0631"",""order_key"":""0631"",""ordinal"":631,""required"":null,""unit_id"":""urn:uuid:f1dbe8ce-c1bf-50d0-97e1-7befea7a490f"",""visible"":true},""record_type"":""course_unit_membership"",""recorded_at"":""2026-08-31T00:00:00Z"",""semantic_key"":""c80:openlogic:membership:OLP-0631""}"
urn:uuid:27f591fc-2197-5a83-8ec7-b635a8b32536,course_unit_membership,"{""dataset_id"":""urn:uuid:fdfa2782-db96-5e60-bcb3-d206d78b960a"",""id"":""urn:uuid:27f591fc-2197-5a83-8ec7-b635a8b32536"",""normalized_state"":""published"",""owner_authority_id"":""urn:uuid:ba324c09-ea3b-5b7d-a8de-40df0fcc5e83"",""owner_native_state"":""exact_closure_order"",""payload"":{""course_id"":""urn:uuid:f6271d1d-189b-5f77-a370-ee7d4edd3603"",""edition_id"":""urn:uuid:79e7c26f-be00-528c-9ca5-dbbdb85bf9b8"",""native_unit_id"":""OLP-0632"",""order_key"":""0632"",""ordinal"":632,""required"":null,""unit_id"":""urn:uuid:41a72284-94f6-5fcf-92ab-6383eacd907a"",""visible"":true},""record_type"":""course_unit_membership"",""recorded_at"":""2026-08-31T00:00:00Z"",""semantic_key"":""c80:openlogic:membership:OLP-0632""}"
urn:uuid:9ce1a8ca-8a2c-5163-bafc-5273500e430c,course_unit_membership,"{""dataset_id"":""urn:uuid:fdfa2782-db96-5e60-bcb3-d206d78b960a"",""id"":""urn:uuid:9ce1a8ca-8a2c-5163-bafc-5273500e430c"",""normalized_state"":""published"",""owner_authority_id"":""urn:uuid:ba324c09-ea3b-5b7d-a8de-40df0fcc5e83"",""owner_native_state"":""exact_closure_order"",""payload"":{""course_id"":""urn:uuid:f6271d1d-189b-5f77-a370-ee7d4edd3603"",""edition_id"":""urn:uuid:79e7c26f-be00-528c-9ca5-dbbdb85bf9b8"",""native_unit_id"":""OLP-0633"",""order_key"":""0633"",""ordinal"":633,""required"":null,""unit_id"":""urn:uuid:8a86cf2e-d4c7-5690-9d1c-950587b6dd55"",""visible"":true},""record_type"":""course_unit_membership"",""recorded_at"":""2026-08-31T00:00:00Z"",""semantic_key"":""c80:openlogic:membership:OLP-0633""}"
urn:uuid:80662b07-7bdb-5d5b-98ce-96454885aa96,course_unit_membership,"{""dataset_id"":""urn:uuid:fdfa2782-db96-5e60-bcb3-d206d78b960a"",""id"":""urn:uuid:80662b07-7bdb-5d5b-98ce-96454885aa96"",""normalized_state"":""published"",""owner_authority_id"":""urn:uuid:ba324c09-ea3b-5b7d-a8de-40df0fcc5e83"",""owner_native_state"":""exact_closure_order"",""payload"":{""course_id"":""urn:uuid:f6271d1d-189b-5f77-a370-ee7d4edd3603"",""edition_id"":""urn:uuid:79e7c26f-be00-528c-9ca5-dbbdb85bf9b8"",""native_unit_id"":""OLP-0634"",""order_key"":""0634"",""ordinal"":634,""required"":null,""unit_id"":""urn:uuid:0c6b44cc-aa84-5cca-a4d7-5f637ebb685b"",""visible"":true},""record_type"":""course_unit_membership"",""recorded_at"":""2026-08-31T00:00:00Z"",""semantic_key"":""c80:openlogic:membership:OLP-0634""}"
urn:uuid:a4ee91c1-637a-596f-a327-d8fdb3db073d,course_unit_membership,"{""dataset_id"":""urn:uuid:fdfa2782-db96-5e60-bcb3-d206d78b960a"",""id"":""urn:uuid:a4ee91c1-637a-596f-a327-d8fdb3db073d"",""normalized_state"":""published"",""owner_authority_id"":""urn:uuid:ba324c09-ea3b-5b7d-a8de-40df0fcc5e83"",""owner_native_state"":""exact_closure_order"",""payload"":{""course_id"":""urn:uuid:f6271d1d-189b-5f77-a370-ee7d4edd3603"",""edition_id"":""urn:uuid:79e7c26f-be00-528c-9ca5-dbbdb85bf9b8"",""native_unit_id"":""OLP-0635"",""order_key"":""0635"",""ordinal"":635,""required"":null,""unit_id"":""urn:uuid:34efa25f-21dc-5326-807d-3c7cbfef6d07"",""visible"":true},""record_type"":""course_unit_membership"",""recorded_at"":""2026-08-31T00:00:00Z"",""semantic_key"":""c80:openlogic:membership:OLP-0635""}"
urn:uuid:ec4a1ece-767a-5045-ba87-704f7c31a438,course_unit_membership,"{""dataset_id"":""urn:uuid:fdfa2782-db96-5e60-bcb3-d206d78b960a"",""id"":""urn:uuid:ec4a1ece-767a-5045-ba87-704f7c31a438"",""normalized_state"":""published"",""owner_authority_id"":""urn:uuid:ba324c09-ea3b-5b7d-a8de-40df0fcc5e83"",""owner_native_state"":""exact_closure_order"",""payload"":{""course_id"":""urn:uuid:f6271d1d-189b-5f77-a370-ee7d4edd3603"",""edition_id"":""urn:uuid:79e7c26f-be00-528c-9ca5-dbbdb85bf9b8"",""native_unit_id"":""OLP-0636"",""order_key"":""0636"",""ordinal"":636,""required"":null,""unit_id"":""urn:uuid:eb1eff30-ac18-5702-8f61-22e5e9b3c1c2"",""visible"":true},""record_type"":""course_unit_membership"",""recorded_at"":""2026-08-31T00:00:00Z"",""semantic_key"":""c80:openlogic:membership:OLP-0636""}"
urn:uuid:136a8877-7569-54c8-8ff0-3243d16cff56,course_unit_membership,"{""dataset_id"":""urn:uuid:fdfa2782-db96-5e60-bcb3-d206d78b960a"",""id"":""urn:uuid:136a8877-7569-54c8-8ff0-3243d16cff56"",""normalized_state"":""published"",""owner_authority_id"":""urn:uuid:ba324c09-ea3b-5b7d-a8de-40df0fcc5e83"",""owner_native_state"":""exact_closure_order"",""payload"":{""course_id"":""urn:uuid:f6271d1d-189b-5f77-a370-ee7d4edd3603"",""edition_id"":""urn:uuid:79e7c26f-be00-528c-9ca5-dbbdb85bf9b8"",""native_unit_id"":""OLP-0637"",""order_key"":""0637"",""ordinal"":637,""required"":null,""unit_id"":""urn:uuid:e3c23afb-fab5-5db7-a2a2-8f780ecbd534"",""visible"":true},""record_type"":""course_unit_membership"",""recorded_at"":""2026-08-31T00:00:00Z"",""semantic_key"":""c80:openlogic:membership:OLP-0637""}"
urn:uuid:7a6f2e28-49fa-5fe7-ab0d-5f2ca21547c8,course_unit_membership,"{""dataset_id"":""urn:uuid:fdfa2782-db96-5e60-bcb3-d206d78b960a"",""id"":""urn:uuid:7a6f2e28-49fa-5fe7-ab0d-5f2ca21547c8"",""normalized_state"":""published"",""owner_authority_id"":""urn:uuid:ba324c09-ea3b-5b7d-a8de-40df0fcc5e83"",""owner_native_state"":""exact_closure_order"",""payload"":{""course_id"":""urn:uuid:f6271d1d-189b-5f77-a370-ee7d4edd3603"",""edition_id"":""urn:uuid:79e7c26f-be00-528c-9ca5-dbbdb85bf9b8"",""native_unit_id"":""OLP-0638"",""order_key"":""0638"",""ordinal"":638,""required"":null,""unit_id"":""urn:uuid:a4919d9f-a0ef-5c70-9ba9-da86db82e63d"",""visible"":true},""record_type"":""course_unit_membership"",""recorded_at"":""2026-08-31T00:00:00Z"",""semantic_key"":""c80:openlogic:membership:OLP-0638""}"
urn:uuid:f06ad2f9-58d0-5787-8f1a-1a4301212273,course_unit_membership,"{""dataset_id"":""urn:uuid:fdfa2782-db96-5e60-bcb3-d206d78b960a"",""id"":""urn:uuid:f06ad2f9-58d0-5787-8f1a-1a4301212273"",""normalized_state"":""published"",""owner_authority_id"":""urn:uuid:ba324c09-ea3b-5b7d-a8de-40df0fcc5e83"",""owner_native_state"":""exact_closure_order"",""payload"":{""course_id"":""urn:uuid:f6271d1d-189b-5f77-a370-ee7d4edd3603"",""edition_id"":""urn:uuid:79e7c26f-be00-528c-9ca5-dbbdb85bf9b8"",""native_unit_id"":""OLP-0639"",""order_key"":""0639"",""ordinal"":639,""required"":null,""unit_id"":""urn:uuid:ae70a295-c73b-5908-affe-c78b5a7cd7f2"",""visible"":true},""record_type"":""course_unit_membership"",""recorded_at"":""2026-08-31T00:00:00Z"",""semantic_key"":""c80:openlogic:membership:OLP-0639""}"
urn:uuid:e8de6f24-2947-5484-ae6b-d256cb35698e,course_unit_membership,"{""dataset_id"":""urn:uuid:fdfa2782-db96-5e60-bcb3-d206d78b960a"",""id"":""urn:uuid:e8de6f24-2947-5484-ae6b-d256cb35698e"",""normalized_state"":""published"",""owner_authority_id"":""urn:uuid:ba324c09-ea3b-5b7d-a8de-40df0fcc5e83"",""owner_native_state"":""exact_closure_order"",""payload"":{""course_id"":""urn:uuid:f6271d1d-189b-5f77-a370-ee7d4edd3603"",""edition_id"":""urn:uuid:79e7c26f-be00-528c-9ca5-dbbdb85bf9b8"",""native_unit_id"":""OLP-0640"",""order_key"":""0640"",""ordinal"":640,""required"":null,""unit_id"":""urn:uuid:b23b17b3-33f8-50ca-94c9-0697d4d95869"",""visible"":true},""record_type"":""course_unit_membership"",""recorded_at"":""2026-08-31T00:00:00Z"",""semantic_key"":""c80:openlogic:membership:OLP-0640""}"
urn:uuid:acd83258-5db1-517a-b30d-cfa789eda075,course_unit_membership,"{""dataset_id"":""urn:uuid:fdfa2782-db96-5e60-bcb3-d206d78b960a"",""id"":""urn:uuid:acd83258-5db1-517a-b30d-cfa789eda075"",""normalized_state"":""published"",""owner_authority_id"":""urn:uuid:ba324c09-ea3b-5b7d-a8de-40df0fcc5e83"",""owner_native_state"":""exact_closure_order"",""payload"":{""course_id"":""urn:uuid:f6271d1d-189b-5f77-a370-ee7d4edd3603"",""edition_id"":""urn:uuid:79e7c26f-be00-528c-9ca5-dbbdb85bf9b8"",""native_unit_id"":""OLP-0641"",""order_key"":""0641"",""ordinal"":641,""required"":null,""unit_id"":""urn:uuid:deeab369-af0b-52bb-85eb-855d010826f5"",""visible"":true},""record_type"":""course_unit_membership"",""recorded_at"":""2026-08-31T00:00:00Z"",""semantic_key"":""c80:openlogic:membership:OLP-0641""}"
urn:uuid:7582a716-2954-5e1e-bc5e-0135ff7732ae,course_unit_membership,"{""dataset_id"":""urn:uuid:fdfa2782-db96-5e60-bcb3-d206d78b960a"",""id"":""urn:uuid:7582a716-2954-5e1e-bc5e-0135ff7732ae"",""normalized_state"":""published"",""owner_authority_id"":""urn:uuid:ba324c09-ea3b-5b7d-a8de-40df0fcc5e83"",""owner_native_state"":""exact_closure_order"",""payload"":{""course_id"":""urn:uuid:f6271d1d-189b-5f77-a370-ee7d4edd3603"",""edition_id"":""urn:uuid:79e7c26f-be00-528c-9ca5-dbbdb85bf9b8"",""native_unit_id"":""OLP-0642"",""order_key"":""0642"",""ordinal"":642,""required"":null,""unit_id"":""urn:uuid:cb490bb1-f824-5a22-aab9-5bd4642ed5ff"",""visible"":true},""record_type"":""course_unit_membership"",""recorded_at"":""2026-08-31T00:00:00Z"",""semantic_key"":""c80:openlogic:membership:OLP-0642""}"
urn:uuid:21753fbf-8d71-528f-8d09-d0601ecdb40f,course_unit_membership,"{""dataset_id"":""urn:uuid:fdfa2782-db96-5e60-bcb3-d206d78b960a"",""id"":""urn:uuid:21753fbf-8d71-528f-8d09-d0601ecdb40f"",""normalized_state"":""published"",""owner_authority_id"":""urn:uuid:ba324c09-ea3b-5b7d-a8de-40df0fcc5e83"",""owner_native_state"":""exact_closure_order"",""payload"":{""course_id"":""urn:uuid:f6271d1d-189b-5f77-a370-ee7d4edd3603"",""edition_id"":""urn:uuid:79e7c26f-be00-528c-9ca5-dbbdb85bf9b8"",""native_unit_id"":""OLP-0643"",""order_key"":""0643"",""ordinal"":643,""required"":null,""unit_id"":""urn:uuid:e22b7f8c-b181-569b-8b16-a67731a194a4"",""visible"":false},""record_type"":""course_unit_membership"",""recorded_at"":""2026-08-31T00:00:00Z"",""semantic_key"":""c80:openlogic:membership:OLP-0643""}"
urn:uuid:a6f452a8-5e92-56b4-9bde-7338d1b80290,course_unit_membership,"{""dataset_id"":""urn:uuid:fdfa2782-db96-5e60-bcb3-d206d78b960a"",""id"":""urn:uuid:a6f452a8-5e92-56b4-9bde-7338d1b80290"",""normalized_state"":""published"",""owner_authority_id"":""urn:uuid:ba324c09-ea3b-5b7d-a8de-40df0fcc5e83"",""owner_native_state"":""exact_closure_order"",""payload"":{""course_id"":""urn:uuid:f6271d1d-189b-5f77-a370-ee7d4edd3603"",""edition_id"":""urn:uuid:79e7c26f-be00-528c-9ca5-dbbdb85bf9b8"",""native_unit_id"":""OLP-0644"",""order_key"":""0644"",""ordinal"":644,""required"":null,""unit_id"":""urn:uuid:5e9ae83a-2f8f-56ab-86a9-3fd8ef132482"",""visible"":false},""record_type"":""course_unit_membership"",""recorded_at"":""2026-08-31T00:00:00Z"",""semantic_key"":""c80:openlogic:membership:OLP-0644""}"
urn:uuid:78638511-d617-5d90-b8cb-1a98e7adf4f7,course_unit_membership,"{""dataset_id"":""urn:uuid:fdfa2782-db96-5e60-bcb3-d206d78b960a"",""id"":""urn:uuid:78638511-d617-5d90-b8cb-1a98e7adf4f7"",""normalized_state"":""published"",""owner_authority_id"":""urn:uuid:ba324c09-ea3b-5b7d-a8de-40df0fcc5e83"",""owner_native_state"":""exact_closure_order"",""payload"":{""course_id"":""urn:uuid:f6271d1d-189b-5f77-a370-ee7d4edd3603"",""edition_id"":""urn:uuid:79e7c26f-be00-528c-9ca5-dbbdb85bf9b8"",""native_unit_id"":""OLP-0645"",""order_key"":""0645"",""ordinal"":645,""required"":null,""unit_id"":""urn:uuid:91c272a9-2841-5deb-b68e-d81468a33cd5"",""visible"":false},""record_type"":""course_unit_membership"",""recorded_at"":""2026-08-31T00:00:00Z"",""semantic_key"":""c80:openlogic:membership:OLP-0645""}"
urn:uuid:f3d65b61-b22c-5a5f-ac1d-b66ced2ed8c3,course_unit_membership,"{""dataset_id"":""urn:uuid:fdfa2782-db96-5e60-bcb3-d206d78b960a"",""id"":""urn:uuid:f3d65b61-b22c-5a5f-ac1d-b66ced2ed8c3"",""normalized_state"":""published"",""owner_authority_id"":""urn:uuid:ba324c09-ea3b-5b7d-a8de-40df0fcc5e83"",""owner_native_state"":""exact_closure_order"",""payload"":{""course_id"":""urn:uuid:f6271d1d-189b-5f77-a370-ee7d4edd3603"",""edition_id"":""urn:uuid:79e7c26f-be00-528c-9ca5-dbbdb85bf9b8"",""native_unit_id"":""OLP-0646"",""order_key"":""0646"",""ordinal"":646,""required"":null,""unit_id"":""urn:uuid:cd2edfca-e748-5b1e-8571-14cc304e6b12"",""visible"":false},""record_type"":""course_unit_membership"",""recorded_at"":""2026-08-31T00:00:00Z"",""semantic_key"":""c80:openlogic:membership:OLP-0646""}"
urn:uuid:7018dd4c-2694-5822-91d1-24885821c03d,course_unit_membership,"{""dataset_id"":""urn:uuid:fdfa2782-db96-5e60-bcb3-d206d78b960a"",""id"":""urn:uuid:7018dd4c-2694-5822-91d1-24885821c03d"",""normalized_state"":""published"",""owner_authority_id"":""urn:uuid:ba324c09-ea3b-5b7d-a8de-40df0fcc5e83"",""owner_native_state"":""exact_closure_order"",""payload"":{""course_id"":""urn:uuid:f6271d1d-189b-5f77-a370-ee7d4edd3603"",""edition_id"":""urn:uuid:79e7c26f-be00-528c-9ca5-dbbdb85bf9b8"",""native_unit_id"":""OLP-0647"",""order_key"":""0647"",""ordinal"":647,""required"":null,""unit_id"":""urn:uuid:e5500e21-c657-57a4-a2b4-805faf033aaa"",""visible"":false},""record_type"":""course_unit_membership"",""recorded_at"":""2026-08-31T00:00:00Z"",""semantic_key"":""c80:openlogic:membership:OLP-0647""}"
urn:uuid:6672ee02-1483-53b9-bcf4-d2f22ee5dcc4,course_unit_membership,"{""dataset_id"":""urn:uuid:fdfa2782-db96-5e60-bcb3-d206d78b960a"",""id"":""urn:uuid:6672ee02-1483-53b9-bcf4-d2f22ee5dcc4"",""normalized_state"":""published"",""owner_authority_id"":""urn:uuid:ba324c09-ea3b-5b7d-a8de-40df0fcc5e83"",""owner_native_state"":""exact_closure_order"",""payload"":{""course_id"":""urn:uuid:f6271d1d-189b-5f77-a370-ee7d4edd3603"",""edition_id"":""urn:uuid:79e7c26f-be00-528c-9ca5-dbbdb85bf9b8"",""native_unit_id"":""OLP-0648"",""order_key"":""0648"",""ordinal"":648,""required"":null,""unit_id"":""urn:uuid:eb88ff3e-86bc-567c-a52a-c7b204cb154d"",""visible"":false},""record_type"":""course_unit_membership"",""recorded_at"":""2026-08-31T00:00:00Z"",""semantic_key"":""c80:openlogic:membership:OLP-0648""}"
urn:uuid:5528bc0f-13c3-55fc-8811-a65d704780da,course_unit_membership,"{""dataset_id"":""urn:uuid:fdfa2782-db96-5e60-bcb3-d206d78b960a"",""id"":""urn:uuid:5528bc0f-13c3-55fc-8811-a65d704780da"",""normalized_state"":""published"",""owner_authority_id"":""urn:uuid:ba324c09-ea3b-5b7d-a8de-40df0fcc5e83"",""owner_native_state"":""exact_closure_order"",""payload"":{""course_id"":""urn:uuid:f6271d1d-189b-5f77-a370-ee7d4edd3603"",""edition_id"":""urn:uuid:79e7c26f-be00-528c-9ca5-dbbdb85bf9b8"",""native_unit_id"":""OLP-0649"",""order_key"":""0649"",""ordinal"":649,""required"":null,""unit_id"":""urn:uuid:fc39f491-08c1-562d-b93d-4946ad6a91cd"",""visible"":false},""record_type"":""course_unit_membership"",""recorded_at"":""2026-08-31T00:00:00Z"",""semantic_key"":""c80:openlogic:membership:OLP-0649""}"
urn:uuid:7a652d65-976d-5fa9-8df2-cc8f1e760643,course_unit_membership,"{""dataset_id"":""urn:uuid:fdfa2782-db96-5e60-bcb3-d206d78b960a"",""id"":""urn:uuid:7a652d65-976d-5fa9-8df2-cc8f1e760643"",""normalized_state"":""published"",""owner_authority_id"":""urn:uuid:ba324c09-ea3b-5b7d-a8de-40df0fcc5e83"",""owner_native_state"":""exact_closure_order"",""payload"":{""course_id"":""urn:uuid:f6271d1d-189b-5f77-a370-ee7d4edd3603"",""edition_id"":""urn:uuid:79e7c26f-be00-528c-9ca5-dbbdb85bf9b8"",""native_unit_id"":""OLP-0650"",""order_key"":""0650"",""ordinal"":650,""required"":null,""unit_id"":""urn:uuid:02199557-b1ba-5222-b1f4-b1c7ee23dabd"",""visible"":false},""record_type"":""course_unit_membership"",""recorded_at"":""2026-08-31T00:00:00Z"",""semantic_key"":""c80:openlogic:membership:OLP-0650""}"
urn:uuid:39f93d2b-56ef-587c-b89f-98445843de25,course_unit_membership,"{""dataset_id"":""urn:uuid:fdfa2782-db96-5e60-bcb3-d206d78b960a"",""id"":""urn:uuid:39f93d2b-56ef-587c-b89f-98445843de25"",""normalized_state"":""published"",""owner_authority_id"":""urn:uuid:ba324c09-ea3b-5b7d-a8de-40df0fcc5e83"",""owner_native_state"":""exact_closure_order"",""payload"":{""course_id"":""urn:uuid:f6271d1d-189b-5f77-a370-ee7d4edd3603"",""edition_id"":""urn:uuid:79e7c26f-be00-528c-9ca5-dbbdb85bf9b8"",""native_unit_id"":""OLP-0651"",""order_key"":""0651"",""ordinal"":651,""required"":null,""unit_id"":""urn:uuid:30df0172-4c68-5e71-8c7f-bd3501b4e688"",""visible"":false},""record_type"":""course_unit_membership"",""recorded_at"":""2026-08-31T00:00:00Z"",""semantic_key"":""c80:openlogic:membership:OLP-0651""}"
urn:uuid:514c6577-a3b5-5ad2-8b36-4845a6245777,course_unit_membership,"{""dataset_id"":""urn:uuid:fdfa2782-db96-5e60-bcb3-d206d78b960a"",""id"":""urn:uuid:514c6577-a3b5-5ad2-8b36-4845a6245777"",""normalized_state"":""published"",""owner_authority_id"":""urn:uuid:ba324c09-ea3b-5b7d-a8de-40df0fcc5e83"",""owner_native_state"":""exact_closure_order"",""payload"":{""course_id"":""urn:uuid:f6271d1d-189b-5f77-a370-ee7d4edd3603"",""edition_id"":""urn:uuid:79e7c26f-be00-528c-9ca5-dbbdb85bf9b8"",""native_unit_id"":""OLP-0652"",""order_key"":""0652"",""ordinal"":652,""required"":null,""unit_id"":""urn:uuid:2350d4d7-9b0a-5b0b-93f7-15885e186c44"",""visible"":false},""record_type"":""course_unit_membership"",""recorded_at"":""2026-08-31T00:00:00Z"",""semantic_key"":""c80:openlogic:membership:OLP-0652""}"
urn:uuid:c39f9cfa-c1a1-5856-8e3f-88cb574710d8,course_unit_membership,"{""dataset_id"":""urn:uuid:fdfa2782-db96-5e60-bcb3-d206d78b960a"",""id"":""urn:uuid:c39f9cfa-c1a1-5856-8e3f-88cb574710d8"",""normalized_state"":""published"",""owner_authority_id"":""urn:uuid:ba324c09-ea3b-5b7d-a8de-40df0fcc5e83"",""owner_native_state"":""exact_closure_order"",""payload"":{""course_id"":""urn:uuid:f6271d1d-189b-5f77-a370-ee7d4edd3603"",""edition_id"":""urn:uuid:79e7c26f-be00-528c-9ca5-dbbdb85bf9b8"",""native_unit_id"":""OLP-0653"",""order_key"":""0653"",""ordinal"":653,""required"":null,""unit_id"":""urn:uuid:906bc785-8276-5094-9d5f-aeefb30770ee"",""visible"":false},""record_type"":""course_unit_membership"",""recorded_at"":""2026-08-31T00:00:00Z"",""semantic_key"":""c80:openlogic:membership:OLP-0653""}"
urn:uuid:3090a842-9315-5509-84f5-16f14785e164,course_unit_membership,"{""dataset_id"":""urn:uuid:fdfa2782-db96-5e60-bcb3-d206d78b960a"",""id"":""urn:uuid:3090a842-9315-5509-84f5-16f14785e164"",""normalized_state"":""published"",""owner_authority_id"":""urn:uuid:ba324c09-ea3b-5b7d-a8de-40df0fcc5e83"",""owner_native_state"":""exact_closure_order"",""payload"":{""course_id"":""urn:uuid:f6271d1d-189b-5f77-a370-ee7d4edd3603"",""edition_id"":""urn:uuid:79e7c26f-be00-528c-9ca5-dbbdb85bf9b8"",""native_unit_id"":""OLP-0654"",""order_key"":""0654"",""ordinal"":654,""required"":null,""unit_id"":""urn:uuid:55d795fc-0ed1-5b15-ad69-da22bc1a1122"",""visible"":false},""record_type"":""course_unit_membership"",""recorded_at"":""2026-08-31T00:00:00Z"",""semantic_key"":""c80:openlogic:membership:OLP-0654""}"
urn:uuid:622081fe-3591-5587-a71b-e51946393570,course_unit_membership,"{""dataset_id"":""urn:uuid:fdfa2782-db96-5e60-bcb3-d206d78b960a"",""id"":""urn:uuid:622081fe-3591-5587-a71b-e51946393570"",""normalized_state"":""published"",""owner_authority_id"":""urn:uuid:ba324c09-ea3b-5b7d-a8de-40df0fcc5e83"",""owner_native_state"":""exact_closure_order"",""payload"":{""course_id"":""urn:uuid:f6271d1d-189b-5f77-a370-ee7d4edd3603"",""edition_id"":""urn:uuid:79e7c26f-be00-528c-9ca5-dbbdb85bf9b8"",""native_unit_id"":""OLP-0655"",""order_key"":""0655"",""ordinal"":655,""required"":null,""unit_id"":""urn:uuid:e2a40af9-a35f-5f55-a285-277858303b6b"",""visible"":false},""record_type"":""course_unit_membership"",""recorded_at"":""2026-08-31T00:00:00Z"",""semantic_key"":""c80:openlogic:membership:OLP-0655""}"
urn:uuid:b03cbc53-0b17-5374-9ce8-e77996304596,course_unit_membership,"{""dataset_id"":""urn:uuid:fdfa2782-db96-5e60-bcb3-d206d78b960a"",""id"":""urn:uuid:b03cbc53-0b17-5374-9ce8-e77996304596"",""normalized_state"":""published"",""owner_authority_id"":""urn:uuid:ba324c09-ea3b-5b7d-a8de-40df0fcc5e83"",""owner_native_state"":""exact_closure_order"",""payload"":{""course_id"":""urn:uuid:f6271d1d-189b-5f77-a370-ee7d4edd3603"",""edition_id"":""urn:uuid:79e7c26f-be00-528c-9ca5-dbbdb85bf9b8"",""native_unit_id"":""OLP-0656"",""order_key"":""0656"",""ordinal"":656,""required"":null,""unit_id"":""urn:uuid:174f7114-275b-5ff6-9c69-da7500b821b6"",""visible"":false},""record_type"":""course_unit_membership"",""recorded_at"":""2026-08-31T00:00:00Z"",""semantic_key"":""c80:openlogic:membership:OLP-0656""}"
urn:uuid:3959241c-dbd4-5a2f-987f-cf71cf1f6dac,course_unit_membership,"{""dataset_id"":""urn:uuid:fdfa2782-db96-5e60-bcb3-d206d78b960a"",""id"":""urn:uuid:3959241c-dbd4-5a2f-987f-cf71cf1f6dac"",""normalized_state"":""published"",""owner_authority_id"":""urn:uuid:ba324c09-ea3b-5b7d-a8de-40df0fcc5e83"",""owner_native_state"":""exact_closure_order"",""payload"":{""course_id"":""urn:uuid:f6271d1d-189b-5f77-a370-ee7d4edd3603"",""edition_id"":""urn:uuid:79e7c26f-be00-528c-9ca5-dbbdb85bf9b8"",""native_unit_id"":""OLP-0657"",""order_key"":""0657"",""ordinal"":657,""required"":null,""unit_id"":""urn:uuid:d2b859f8-5309-5963-b0f1-6b01063978c6"",""visible"":false},""record_type"":""course_unit_membership"",""recorded_at"":""2026-08-31T00:00:00Z"",""semantic_key"":""c80:openlogic:membership:OLP-0657""}"
urn:uuid:d6dab9d3-bd12-5008-ae9d-77898280d6f2,course_unit_membership,"{""dataset_id"":""urn:uuid:fdfa2782-db96-5e60-bcb3-d206d78b960a"",""id"":""urn:uuid:d6dab9d3-bd12-5008-ae9d-77898280d6f2"",""normalized_state"":""published"",""owner_authority_id"":""urn:uuid:ba324c09-ea3b-5b7d-a8de-40df0fcc5e83"",""owner_native_state"":""exact_closure_order"",""payload"":{""course_id"":""urn:uuid:f6271d1d-189b-5f77-a370-ee7d4edd3603"",""edition_id"":""urn:uuid:79e7c26f-be00-528c-9ca5-dbbdb85bf9b8"",""native_unit_id"":""OLP-0658"",""order_key"":""0658"",""ordinal"":658,""required"":null,""unit_id"":""urn:uuid:ed7dedaf-f707-52ae-9485-1d6fc90603bb"",""visible"":false},""record_type"":""course_unit_membership"",""recorded_at"":""2026-08-31T00:00:00Z"",""semantic_key"":""c80:openlogic:membership:OLP-0658""}"
urn:uuid:dbe46809-cd63-598b-910a-6dc816e89350,course_unit_membership,"{""dataset_id"":""urn:uuid:fdfa2782-db96-5e60-bcb3-d206d78b960a"",""id"":""urn:uuid:dbe46809-cd63-598b-910a-6dc816e89350"",""normalized_state"":""published"",""owner_authority_id"":""urn:uuid:ba324c09-ea3b-5b7d-a8de-40df0fcc5e83"",""owner_native_state"":""exact_closure_order"",""payload"":{""course_id"":""urn:uuid:f6271d1d-189b-5f77-a370-ee7d4edd3603"",""edition_id"":""urn:uuid:79e7c26f-be00-528c-9ca5-dbbdb85bf9b8"",""native_unit_id"":""OLP-0659"",""order_key"":""0659"",""ordinal"":659,""required"":null,""unit_id"":""urn:uuid:abffec25-94aa-59b3-aac5-1625e1b6a943"",""visible"":false},""record_type"":""course_unit_membership"",""recorded_at"":""2026-08-31T00:00:00Z"",""semantic_key"":""c80:openlogic:membership:OLP-0659""}"
urn:uuid:d4c54f1c-45ef-5f39-9b9d-5977d3adcb61,course_unit_membership,"{""dataset_id"":""urn:uuid:fdfa2782-db96-5e60-bcb3-d206d78b960a"",""id"":""urn:uuid:d4c54f1c-45ef-5f39-9b9d-5977d3adcb61"",""normalized_state"":""published"",""owner_authority_id"":""urn:uuid:ba324c09-ea3b-5b7d-a8de-40df0fcc5e83"",""owner_native_state"":""exact_closure_order"",""payload"":{""course_id"":""urn:uuid:f6271d1d-189b-5f77-a370-ee7d4edd3603"",""edition_id"":""urn:uuid:79e7c26f-be00-528c-9ca5-dbbdb85bf9b8"",""native_unit_id"":""OLP-0660"",""order_key"":""0660"",""ordinal"":660,""required"":null,""unit_id"":""urn:uuid:69d7be15-4a8f-5cc1-977e-6701a19cb789"",""visible"":false},""record_type"":""course_unit_membership"",""recorded_at"":""2026-08-31T00:00:00Z"",""semantic_key"":""c80:openlogic:membership:OLP-0660""}"
urn:uuid:2d0a201b-0a90-54fe-96c2-a8c9d507ce5f,course_unit_membership,"{""dataset_id"":""urn:uuid:fdfa2782-db96-5e60-bcb3-d206d78b960a"",""id"":""urn:uuid:2d0a201b-0a90-54fe-96c2-a8c9d507ce5f"",""normalized_state"":""published"",""owner_authority_id"":""urn:uuid:ba324c09-ea3b-5b7d-a8de-40df0fcc5e83"",""owner_native_state"":""exact_closure_order"",""payload"":{""course_id"":""urn:uuid:f6271d1d-189b-5f77-a370-ee7d4edd3603"",""edition_id"":""urn:uuid:79e7c26f-be00-528c-9ca5-dbbdb85bf9b8"",""native_unit_id"":""OLP-0661"",""order_key"":""0661"",""ordinal"":661,""required"":null,""unit_id"":""urn:uuid:5ede98f7-2574-5cc6-95f4-8fc80a11a85a"",""visible"":false},""record_type"":""course_unit_membership"",""recorded_at"":""2026-08-31T00:00:00Z"",""semantic_key"":""c80:openlogic:membership:OLP-0661""}"
urn:uuid:4a2db620-3d41-50d2-8be4-5d5d236d2fdc,course_unit_membership,"{""dataset_id"":""urn:uuid:fdfa2782-db96-5e60-bcb3-d206d78b960a"",""id"":""urn:uuid:4a2db620-3d41-50d2-8be4-5d5d236d2fdc"",""normalized_state"":""published"",""owner_authority_id"":""urn:uuid:ba324c09-ea3b-5b7d-a8de-40df0fcc5e83"",""owner_native_state"":""exact_closure_order"",""payload"":{""course_id"":""urn:uuid:f6271d1d-189b-5f77-a370-ee7d4edd3603"",""edition_id"":""urn:uuid:79e7c26f-be00-528c-9ca5-dbbdb85bf9b8"",""native_unit_id"":""OLP-0662"",""order_key"":""0662"",""ordinal"":662,""required"":null,""unit_id"":""urn:uuid:1b182f62-d0d0-5c4b-8753-b386b161eaca"",""visible"":false},""record_type"":""course_unit_membership"",""recorded_at"":""2026-08-31T00:00:00Z"",""semantic_key"":""c80:openlogic:membership:OLP-0662""}"
urn:uuid:02f9f06a-4dbe-5652-b673-9daaf920c43e,course_unit_membership,"{""dataset_id"":""urn:uuid:fdfa2782-db96-5e60-bcb3-d206d78b960a"",""id"":""urn:uuid:02f9f06a-4dbe-5652-b673-9daaf920c43e"",""normalized_state"":""published"",""owner_authority_id"":""urn:uuid:ba324c09-ea3b-5b7d-a8de-40df0fcc5e83"",""owner_native_state"":""exact_closure_order"",""payload"":{""course_id"":""urn:uuid:f6271d1d-189b-5f77-a370-ee7d4edd3603"",""edition_id"":""urn:uuid:79e7c26f-be00-528c-9ca5-dbbdb85bf9b8"",""native_unit_id"":""OLP-0663"",""order_key"":""0663"",""ordinal"":663,""required"":null,""unit_id"":""urn:uuid:ead3175e-de3b-5230-8621-26b00274b7d6"",""visible"":false},""record_type"":""course_unit_membership"",""recorded_at"":""2026-08-31T00:00:00Z"",""semantic_key"":""c80:openlogic:membership:OLP-0663""}"
urn:uuid:8ba81991-9d32-56be-915e-ebacf1e1267e,course_unit_membership,"{""dataset_id"":""urn:uuid:fdfa2782-db96-5e60-bcb3-d206d78b960a"",""id"":""urn:uuid:8ba81991-9d32-56be-915e-ebacf1e1267e"",""normalized_state"":""published"",""owner_authority_id"":""urn:uuid:ba324c09-ea3b-5b7d-a8de-40df0fcc5e83"",""owner_native_state"":""exact_closure_order"",""payload"":{""course_id"":""urn:uuid:f6271d1d-189b-5f77-a370-ee7d4edd3603"",""edition_id"":""urn:uuid:79e7c26f-be00-528c-9ca5-dbbdb85bf9b8"",""native_unit_id"":""OLP-0664"",""order_key"":""0664"",""ordinal"":664,""required"":null,""unit_id"":""urn:uuid:c38caac7-5e5c-53fe-92a0-ab959cf23d3b"",""visible"":false},""record_type"":""course_unit_membership"",""recorded_at"":""2026-08-31T00:00:00Z"",""semantic_key"":""c80:openlogic:membership:OLP-0664""}"
urn:uuid:c8ebb843-d139-59c2-8a07-089644425fc6,course_unit_membership,"{""dataset_id"":""urn:uuid:fdfa2782-db96-5e60-bcb3-d206d78b960a"",""id"":""urn:uuid:c8ebb843-d139-59c2-8a07-089644425fc6"",""normalized_state"":""published"",""owner_authority_id"":""urn:uuid:ba324c09-ea3b-5b7d-a8de-40df0fcc5e83"",""owner_native_state"":""exact_closure_order"",""payload"":{""course_id"":""urn:uuid:f6271d1d-189b-5f77-a370-ee7d4edd3603"",""edition_id"":""urn:uuid:79e7c26f-be00-528c-9ca5-dbbdb85bf9b8"",""native_unit_id"":""OLP-0665"",""order_key"":""0665"",""ordinal"":665,""required"":null,""unit_id"":""urn:uuid:c47b3381-db4b-527e-8cac-515ae154a3da"",""visible"":false},""record_type"":""course_unit_membership"",""recorded_at"":""2026-08-31T00:00:00Z"",""semantic_key"":""c80:openlogic:membership:OLP-0665""}"
urn:uuid:ff94bcf3-351e-5680-9c17-6e0fad1c35a2,course_unit_membership,"{""dataset_id"":""urn:uuid:fdfa2782-db96-5e60-bcb3-d206d78b960a"",""id"":""urn:uuid:ff94bcf3-351e-5680-9c17-6e0fad1c35a2"",""normalized_state"":""published"",""owner_authority_id"":""urn:uuid:ba324c09-ea3b-5b7d-a8de-40df0fcc5e83"",""owner_native_state"":""exact_closure_order"",""payload"":{""course_id"":""urn:uuid:f6271d1d-189b-5f77-a370-ee7d4edd3603"",""edition_id"":""urn:uuid:79e7c26f-be00-528c-9ca5-dbbdb85bf9b8"",""native_unit_id"":""OLP-0666"",""order_key"":""0666"",""ordinal"":666,""required"":null,""unit_id"":""urn:uuid:64ad60e9-bef5-5a6d-9ee7-42f4a05e5a60"",""visible"":false},""record_type"":""course_unit_membership"",""recorded_at"":""2026-08-31T00:00:00Z"",""semantic_key"":""c80:openlogic:membership:OLP-0666""}"
urn:uuid:ba6601d9-5eb8-5071-aa31-863dd4835ac1,course_unit_membership,"{""dataset_id"":""urn:uuid:fdfa2782-db96-5e60-bcb3-d206d78b960a"",""id"":""urn:uuid:ba6601d9-5eb8-5071-aa31-863dd4835ac1"",""normalized_state"":""published"",""owner_authority_id"":""urn:uuid:ba324c09-ea3b-5b7d-a8de-40df0fcc5e83"",""owner_native_state"":""exact_closure_order"",""payload"":{""course_id"":""urn:uuid:f6271d1d-189b-5f77-a370-ee7d4edd3603"",""edition_id"":""urn:uuid:79e7c26f-be00-528c-9ca5-dbbdb85bf9b8"",""native_unit_id"":""OLP-0667"",""order_key"":""0667"",""ordinal"":667,""required"":null,""unit_id"":""urn:uuid:ec2b9251-34e7-5f66-8ffa-a11d303b626b"",""visible"":false},""record_type"":""course_unit_membership"",""recorded_at"":""2026-08-31T00:00:00Z"",""semantic_key"":""c80:openlogic:membership:OLP-0667""}"
urn:uuid:13558a15-c18e-54d4-ae3b-d4156df33417,course_unit_membership,"{""dataset_id"":""urn:uuid:fdfa2782-db96-5e60-bcb3-d206d78b960a"",""id"":""urn:uuid:13558a15-c18e-54d4-ae3b-d4156df33417"",""normalized_state"":""published"",""owner_authority_id"":""urn:uuid:ba324c09-ea3b-5b7d-a8de-40df0fcc5e83"",""owner_native_state"":""exact_closure_order"",""payload"":{""course_id"":""urn:uuid:f6271d1d-189b-5f77-a370-ee7d4edd3603"",""edition_id"":""urn:uuid:79e7c26f-be00-528c-9ca5-dbbdb85bf9b8"",""native_unit_id"":""OLP-0668"",""order_key"":""0668"",""ordinal"":668,""required"":null,""unit_id"":""urn:uuid:fd5be606-fcdf-5b06-99a7-e57c53f3948b"",""visible"":false},""record_type"":""course_unit_membership"",""recorded_at"":""2026-08-31T00:00:00Z"",""semantic_key"":""c80:openlogic:membership:OLP-0668""}"
urn:uuid:8330f702-9cf0-5052-aa56-de38a8a81ea4,course_unit_membership,"{""dataset_id"":""urn:uuid:fdfa2782-db96-5e60-bcb3-d206d78b960a"",""id"":""urn:uuid:8330f702-9cf0-5052-aa56-de38a8a81ea4"",""normalized_state"":""published"",""owner_authority_id"":""urn:uuid:ba324c09-ea3b-5b7d-a8de-40df0fcc5e83"",""owner_native_state"":""exact_closure_order"",""payload"":{""course_id"":""urn:uuid:f6271d1d-189b-5f77-a370-ee7d4edd3603"",""edition_id"":""urn:uuid:79e7c26f-be00-528c-9ca5-dbbdb85bf9b8"",""native_unit_id"":""OLP-0669"",""order_key"":""0669"",""ordinal"":669,""required"":null,""unit_id"":""urn:uuid:eb9b9489-2965-57bc-975b-9f468dad23b9"",""visible"":false},""record_type"":""course_unit_membership"",""recorded_at"":""2026-08-31T00:00:00Z"",""semantic_key"":""c80:openlogic:membership:OLP-0669""}"
urn:uuid:99dd865d-d52e-5682-893f-f790bf74b68e,course_unit_membership,"{""dataset_id"":""urn:uuid:fdfa2782-db96-5e60-bcb3-d206d78b960a"",""id"":""urn:uuid:99dd865d-d52e-5682-893f-f790bf74b68e"",""normalized_state"":""published"",""owner_authority_id"":""urn:uuid:ba324c09-ea3b-5b7d-a8de-40df0fcc5e83"",""owner_native_state"":""exact_closure_order"",""payload"":{""course_id"":""urn:uuid:f6271d1d-189b-5f77-a370-ee7d4edd3603"",""edition_id"":""urn:uuid:79e7c26f-be00-528c-9ca5-dbbdb85bf9b8"",""native_unit_id"":""OLP-0670"",""order_key"":""0670"",""ordinal"":670,""required"":null,""unit_id"":""urn:uuid:8923bf57-8b64-5e16-84d8-79276e69f4a4"",""visible"":false},""record_type"":""course_unit_membership"",""recorded_at"":""2026-08-31T00:00:00Z"",""semantic_key"":""c80:openlogic:membership:OLP-0670""}"
urn:uuid:83e97979-f20d-5e0f-9cc7-5486e877fe2d,course_unit_membership,"{""dataset_id"":""urn:uuid:fdfa2782-db96-5e60-bcb3-d206d78b960a"",""id"":""urn:uuid:83e97979-f20d-5e0f-9cc7-5486e877fe2d"",""normalized_state"":""published"",""owner_authority_id"":""urn:uuid:ba324c09-ea3b-5b7d-a8de-40df0fcc5e83"",""owner_native_state"":""exact_closure_order"",""payload"":{""course_id"":""urn:uuid:f6271d1d-189b-5f77-a370-ee7d4edd3603"",""edition_id"":""urn:uuid:79e7c26f-be00-528c-9ca5-dbbdb85bf9b8"",""native_unit_id"":""OLP-0671"",""order_key"":""0671"",""ordinal"":671,""required"":null,""unit_id"":""urn:uuid:5b243a55-5440-5855-aa20-d36bf7d0e89e"",""visible"":false},""record_type"":""course_unit_membership"",""recorded_at"":""2026-08-31T00:00:00Z"",""semantic_key"":""c80:openlogic:membership:OLP-0671""}"
urn:uuid:8fc4ed7c-cbdf-54bd-afd1-9a5946281624,course_unit_membership,"{""dataset_id"":""urn:uuid:fdfa2782-db96-5e60-bcb3-d206d78b960a"",""id"":""urn:uuid:8fc4ed7c-cbdf-54bd-afd1-9a5946281624"",""normalized_state"":""published"",""owner_authority_id"":""urn:uuid:ba324c09-ea3b-5b7d-a8de-40df0fcc5e83"",""owner_native_state"":""exact_closure_order"",""payload"":{""course_id"":""urn:uuid:f6271d1d-189b-5f77-a370-ee7d4edd3603"",""edition_id"":""urn:uuid:79e7c26f-be00-528c-9ca5-dbbdb85bf9b8"",""native_unit_id"":""OLP-0672"",""order_key"":""0672"",""ordinal"":672,""required"":null,""unit_id"":""urn:uuid:a73bcb1f-3992-5812-9108-e6f49a3aa526"",""visible"":false},""record_type"":""course_unit_membership"",""recorded_at"":""2026-08-31T00:00:00Z"",""semantic_key"":""c80:openlogic:membership:OLP-0672""}"
urn:uuid:799adea2-e833-5178-96d0-6a43d367524f,course_unit_membership,"{""dataset_id"":""urn:uuid:fdfa2782-db96-5e60-bcb3-d206d78b960a"",""id"":""urn:uuid:799adea2-e833-5178-96d0-6a43d367524f"",""normalized_state"":""published"",""owner_authority_id"":""urn:uuid:ba324c09-ea3b-5b7d-a8de-40df0fcc5e83"",""owner_native_state"":""exact_closure_order"",""payload"":{""course_id"":""urn:uuid:f6271d1d-189b-5f77-a370-ee7d4edd3603"",""edition_id"":""urn:uuid:79e7c26f-be00-528c-9ca5-dbbdb85bf9b8"",""native_unit_id"":""OLP-0673"",""order_key"":""0673"",""ordinal"":673,""required"":null,""unit_id"":""urn:uuid:ca2a2f75-0219-5404-bec6-e8ebc6f253d7"",""visible"":false},""record_type"":""course_unit_membership"",""recorded_at"":""2026-08-31T00:00:00Z"",""semantic_key"":""c80:openlogic:membership:OLP-0673""}"
urn:uuid:bca003d1-7409-5782-b5a7-911d3fe06600,course_unit_membership,"{""dataset_id"":""urn:uuid:fdfa2782-db96-5e60-bcb3-d206d78b960a"",""id"":""urn:uuid:bca003d1-7409-5782-b5a7-911d3fe06600"",""normalized_state"":""published"",""owner_authority_id"":""urn:uuid:ba324c09-ea3b-5b7d-a8de-40df0fcc5e83"",""owner_native_state"":""exact_closure_order"",""payload"":{""course_id"":""urn:uuid:f6271d1d-189b-5f77-a370-ee7d4edd3603"",""edition_id"":""urn:uuid:79e7c26f-be00-528c-9ca5-dbbdb85bf9b8"",""native_unit_id"":""OLP-0674"",""order_key"":""0674"",""ordinal"":674,""required"":null,""unit_id"":""urn:uuid:65160b0d-8dd8-5f4a-9abc-52fe42c99c26"",""visible"":false},""record_type"":""course_unit_membership"",""recorded_at"":""2026-08-31T00:00:00Z"",""semantic_key"":""c80:openlogic:membership:OLP-0674""}"
urn:uuid:687d1788-21a1-572f-957c-320998da041d,course_unit_membership,"{""dataset_id"":""urn:uuid:fdfa2782-db96-5e60-bcb3-d206d78b960a"",""id"":""urn:uuid:687d1788-21a1-572f-957c-320998da041d"",""normalized_state"":""published"",""owner_authority_id"":""urn:uuid:ba324c09-ea3b-5b7d-a8de-40df0fcc5e83"",""owner_native_state"":""exact_closure_order"",""payload"":{""course_id"":""urn:uuid:f6271d1d-189b-5f77-a370-ee7d4edd3603"",""edition_id"":""urn:uuid:79e7c26f-be00-528c-9ca5-dbbdb85bf9b8"",""native_unit_id"":""OLP-0675"",""order_key"":""0675"",""ordinal"":675,""required"":null,""unit_id"":""urn:uuid:aed63b88-6d76-57f6-b183-a8714c8347f9"",""visible"":false},""record_type"":""course_unit_membership"",""recorded_at"":""2026-08-31T00:00:00Z"",""semantic_key"":""c80:openlogic:membership:OLP-0675""}"
urn:uuid:42240070-c6fd-5c56-8d11-1c51faa5127d,course_unit_membership,"{""dataset_id"":""urn:uuid:fdfa2782-db96-5e60-bcb3-d206d78b960a"",""id"":""urn:uuid:42240070-c6fd-5c56-8d11-1c51faa5127d"",""normalized_state"":""published"",""owner_authority_id"":""urn:uuid:ba324c09-ea3b-5b7d-a8de-40df0fcc5e83"",""owner_native_state"":""exact_closure_order"",""payload"":{""course_id"":""urn:uuid:f6271d1d-189b-5f77-a370-ee7d4edd3603"",""edition_id"":""urn:uuid:79e7c26f-be00-528c-9ca5-dbbdb85bf9b8"",""native_unit_id"":""OLP-0676"",""order_key"":""0676"",""ordinal"":676,""required"":null,""unit_id"":""urn:uuid:6217252e-970a-5707-b7dd-c68411185285"",""visible"":false},""record_type"":""course_unit_membership"",""recorded_at"":""2026-08-31T00:00:00Z"",""semantic_key"":""c80:openlogic:membership:OLP-0676""}"
urn:uuid:31bfea89-6bfd-5343-b20e-ddf3fbc757fd,course_unit_membership,"{""dataset_id"":""urn:uuid:fdfa2782-db96-5e60-bcb3-d206d78b960a"",""id"":""urn:uuid:31bfea89-6bfd-5343-b20e-ddf3fbc757fd"",""normalized_state"":""published"",""owner_authority_id"":""urn:uuid:ba324c09-ea3b-5b7d-a8de-40df0fcc5e83"",""owner_native_state"":""exact_closure_order"",""payload"":{""course_id"":""urn:uuid:f6271d1d-189b-5f77-a370-ee7d4edd3603"",""edition_id"":""urn:uuid:79e7c26f-be00-528c-9ca5-dbbdb85bf9b8"",""native_unit_id"":""OLP-0677"",""order_key"":""0677"",""ordinal"":677,""required"":null,""unit_id"":""urn:uuid:a9a3e254-da6f-56a0-a54c-f92f8dce16c7"",""visible"":false},""record_type"":""course_unit_membership"",""recorded_at"":""2026-08-31T00:00:00Z"",""semantic_key"":""c80:openlogic:membership:OLP-0677""}"
urn:uuid:349cdcc0-2351-5c15-bfe7-5fb95d87c64d,course_unit_membership,"{""dataset_id"":""urn:uuid:fdfa2782-db96-5e60-bcb3-d206d78b960a"",""id"":""urn:uuid:349cdcc0-2351-5c15-bfe7-5fb95d87c64d"",""normalized_state"":""published"",""owner_authority_id"":""urn:uuid:ba324c09-ea3b-5b7d-a8de-40df0fcc5e83"",""owner_native_state"":""exact_closure_order"",""payload"":{""course_id"":""urn:uuid:f6271d1d-189b-5f77-a370-ee7d4edd3603"",""edition_id"":""urn:uuid:79e7c26f-be00-528c-9ca5-dbbdb85bf9b8"",""native_unit_id"":""OLP-0678"",""order_key"":""0678"",""ordinal"":678,""required"":null,""unit_id"":""urn:uuid:d82b90b1-2657-523a-b142-4e84eb4afd07"",""visible"":false},""record_type"":""course_unit_membership"",""recorded_at"":""2026-08-31T00:00:00Z"",""semantic_key"":""c80:openlogic:membership:OLP-0678""}"
urn:uuid:25f8b630-3069-56dd-9197-5af67662f9d9,course_unit_membership,"{""dataset_id"":""urn:uuid:fdfa2782-db96-5e60-bcb3-d206d78b960a"",""id"":""urn:uuid:25f8b630-3069-56dd-9197-5af67662f9d9"",""normalized_state"":""published"",""owner_authority_id"":""urn:uuid:ba324c09-ea3b-5b7d-a8de-40df0fcc5e83"",""owner_native_state"":""exact_closure_order"",""payload"":{""course_id"":""urn:uuid:f6271d1d-189b-5f77-a370-ee7d4edd3603"",""edition_id"":""urn:uuid:79e7c26f-be00-528c-9ca5-dbbdb85bf9b8"",""native_unit_id"":""OLP-0679"",""order_key"":""0679"",""ordinal"":679,""required"":null,""unit_id"":""urn:uuid:47f324e8-672d-5a30-b140-8d56fb4e30a9"",""visible"":false},""record_type"":""course_unit_membership"",""recorded_at"":""2026-08-31T00:00:00Z"",""semantic_key"":""c80:openlogic:membership:OLP-0679""}"
urn:uuid:1ad344ce-004e-5daf-bbd4-7b10c2de27ca,course_unit_membership,"{""dataset_id"":""urn:uuid:fdfa2782-db96-5e60-bcb3-d206d78b960a"",""id"":""urn:uuid:1ad344ce-004e-5daf-bbd4-7b10c2de27ca"",""normalized_state"":""published"",""owner_authority_id"":""urn:uuid:ba324c09-ea3b-5b7d-a8de-40df0fcc5e83"",""owner_native_state"":""exact_closure_order"",""payload"":{""course_id"":""urn:uuid:f6271d1d-189b-5f77-a370-ee7d4edd3603"",""edition_id"":""urn:uuid:79e7c26f-be00-528c-9ca5-dbbdb85bf9b8"",""native_unit_id"":""OLP-0680"",""order_key"":""0680"",""ordinal"":680,""required"":null,""unit_id"":""urn:uuid:c21d9772-6bf6-5338-babb-e0606d5def05"",""visible"":false},""record_type"":""course_unit_membership"",""recorded_at"":""2026-08-31T00:00:00Z"",""semantic_key"":""c80:openlogic:membership:OLP-0680""}"
urn:uuid:e09f37fa-fbb8-5dc2-bbcd-7906ba1459aa,course_unit_membership,"{""dataset_id"":""urn:uuid:fdfa2782-db96-5e60-bcb3-d206d78b960a"",""id"":""urn:uuid:e09f37fa-fbb8-5dc2-bbcd-7906ba1459aa"",""normalized_state"":""published"",""owner_authority_id"":""urn:uuid:ba324c09-ea3b-5b7d-a8de-40df0fcc5e83"",""owner_native_state"":""exact_closure_order"",""payload"":{""course_id"":""urn:uuid:f6271d1d-189b-5f77-a370-ee7d4edd3603"",""edition_id"":""urn:uuid:79e7c26f-be00-528c-9ca5-dbbdb85bf9b8"",""native_unit_id"":""OLP-0681"",""order_key"":""0681"",""ordinal"":681,""required"":null,""unit_id"":""urn:uuid:6454591a-0434-58d5-81ed-9e56320051c8"",""visible"":false},""record_type"":""course_unit_membership"",""recorded_at"":""2026-08-31T00:00:00Z"",""semantic_key"":""c80:openlogic:membership:OLP-0681""}"
urn:uuid:82b07766-668d-5c2d-a94e-3244a27bad08,course_unit_membership,"{""dataset_id"":""urn:uuid:fdfa2782-db96-5e60-bcb3-d206d78b960a"",""id"":""urn:uuid:82b07766-668d-5c2d-a94e-3244a27bad08"",""normalized_state"":""published"",""owner_authority_id"":""urn:uuid:ba324c09-ea3b-5b7d-a8de-40df0fcc5e83"",""owner_native_state"":""exact_closure_order"",""payload"":{""course_id"":""urn:uuid:f6271d1d-189b-5f77-a370-ee7d4edd3603"",""edition_id"":""urn:uuid:79e7c26f-be00-528c-9ca5-dbbdb85bf9b8"",""native_unit_id"":""OLP-0682"",""order_key"":""0682"",""ordinal"":682,""required"":null,""unit_id"":""urn:uuid:3cee3275-53db-52de-a66d-94d4b9f398e5"",""visible"":false},""record_type"":""course_unit_membership"",""recorded_at"":""2026-08-31T00:00:00Z"",""semantic_key"":""c80:openlogic:membership:OLP-0682""}"
urn:uuid:2da8d70f-310f-5ab9-b5d2-1b6e13b14fe6,course_unit_membership,"{""dataset_id"":""urn:uuid:fdfa2782-db96-5e60-bcb3-d206d78b960a"",""id"":""urn:uuid:2da8d70f-310f-5ab9-b5d2-1b6e13b14fe6"",""normalized_state"":""published"",""owner_authority_id"":""urn:uuid:ba324c09-ea3b-5b7d-a8de-40df0fcc5e83"",""owner_native_state"":""exact_closure_order"",""payload"":{""course_id"":""urn:uuid:f6271d1d-189b-5f77-a370-ee7d4edd3603"",""edition_id"":""urn:uuid:79e7c26f-be00-528c-9ca5-dbbdb85bf9b8"",""native_unit_id"":""OLP-0683"",""order_key"":""0683"",""ordinal"":683,""required"":null,""unit_id"":""urn:uuid:c1d6c2b5-5ea2-52f1-ab7a-4332f5944af4"",""visible"":false},""record_type"":""course_unit_membership"",""recorded_at"":""2026-08-31T00:00:00Z"",""semantic_key"":""c80:openlogic:membership:OLP-0683""}"
urn:uuid:e768a609-c9b0-5f77-a2a2-8f159783c034,course_unit_membership,"{""dataset_id"":""urn:uuid:fdfa2782-db96-5e60-bcb3-d206d78b960a"",""id"":""urn:uuid:e768a609-c9b0-5f77-a2a2-8f159783c034"",""normalized_state"":""published"",""owner_authority_id"":""urn:uuid:ba324c09-ea3b-5b7d-a8de-40df0fcc5e83"",""owner_native_state"":""exact_closure_order"",""payload"":{""course_id"":""urn:uuid:f6271d1d-189b-5f77-a370-ee7d4edd3603"",""edition_id"":""urn:uuid:79e7c26f-be00-528c-9ca5-dbbdb85bf9b8"",""native_unit_id"":""OLP-0684"",""order_key"":""0684"",""ordinal"":684,""required"":null,""unit_id"":""urn:uuid:da1cc091-3958-5a21-9c23-ee9a629e64d5"",""visible"":false},""record_type"":""course_unit_membership"",""recorded_at"":""2026-08-31T00:00:00Z"",""semantic_key"":""c80:openlogic:membership:OLP-0684""}"
urn:uuid:ff7cf701-25fb-5b60-b835-f7acbb94d46e,course_unit_membership,"{""dataset_id"":""urn:uuid:fdfa2782-db96-5e60-bcb3-d206d78b960a"",""id"":""urn:uuid:ff7cf701-25fb-5b60-b835-f7acbb94d46e"",""normalized_state"":""published"",""owner_authority_id"":""urn:uuid:ba324c09-ea3b-5b7d-a8de-40df0fcc5e83"",""owner_native_state"":""exact_closure_order"",""payload"":{""course_id"":""urn:uuid:f6271d1d-189b-5f77-a370-ee7d4edd3603"",""edition_id"":""urn:uuid:79e7c26f-be00-528c-9ca5-dbbdb85bf9b8"",""native_unit_id"":""OLP-0685"",""order_key"":""0685"",""ordinal"":685,""required"":null,""unit_id"":""urn:uuid:210624cb-b373-5b04-a754-41698b7cdac5"",""visible"":false},""record_type"":""course_unit_membership"",""recorded_at"":""2026-08-31T00:00:00Z"",""semantic_key"":""c80:openlogic:membership:OLP-0685""}"
urn:uuid:7c9287fe-52d1-5658-b747-c369b8621144,course_unit_membership,"{""dataset_id"":""urn:uuid:fdfa2782-db96-5e60-bcb3-d206d78b960a"",""id"":""urn:uuid:7c9287fe-52d1-5658-b747-c369b8621144"",""normalized_state"":""published"",""owner_authority_id"":""urn:uuid:ba324c09-ea3b-5b7d-a8de-40df0fcc5e83"",""owner_native_state"":""exact_closure_order"",""payload"":{""course_id"":""urn:uuid:f6271d1d-189b-5f77-a370-ee7d4edd3603"",""edition_id"":""urn:uuid:79e7c26f-be00-528c-9ca5-dbbdb85bf9b8"",""native_unit_id"":""OLP-0686"",""order_key"":""0686"",""ordinal"":686,""required"":null,""unit_id"":""urn:uuid:86d161f5-adea-508a-a4e6-fe91695f8d1c"",""visible"":false},""record_type"":""course_unit_membership"",""recorded_at"":""2026-08-31T00:00:00Z"",""semantic_key"":""c80:openlogic:membership:OLP-0686""}"
urn:uuid:0e6caeb1-a39b-58f4-9e4f-222fe05349c1,course_unit_membership,"{""dataset_id"":""urn:uuid:fdfa2782-db96-5e60-bcb3-d206d78b960a"",""id"":""urn:uuid:0e6caeb1-a39b-58f4-9e4f-222fe05349c1"",""normalized_state"":""published"",""owner_authority_id"":""urn:uuid:ba324c09-ea3b-5b7d-a8de-40df0fcc5e83"",""owner_native_state"":""exact_closure_order"",""payload"":{""course_id"":""urn:uuid:f6271d1d-189b-5f77-a370-ee7d4edd3603"",""edition_id"":""urn:uuid:79e7c26f-be00-528c-9ca5-dbbdb85bf9b8"",""native_unit_id"":""OLP-0687"",""order_key"":""0687"",""ordinal"":687,""required"":null,""unit_id"":""urn:uuid:ddcd4060-fd34-5341-aa5f-50ef4a3ebb52"",""visible"":false},""record_type"":""course_unit_membership"",""recorded_at"":""2026-08-31T00:00:00Z"",""semantic_key"":""c80:openlogic:membership:OLP-0687""}"
urn:uuid:3032b141-0955-5fd9-8971-10d2fc457fb3,course_unit_membership,"{""dataset_id"":""urn:uuid:fdfa2782-db96-5e60-bcb3-d206d78b960a"",""id"":""urn:uuid:3032b141-0955-5fd9-8971-10d2fc457fb3"",""normalized_state"":""published"",""owner_authority_id"":""urn:uuid:ba324c09-ea3b-5b7d-a8de-40df0fcc5e83"",""owner_native_state"":""exact_closure_order"",""payload"":{""course_id"":""urn:uuid:f6271d1d-189b-5f77-a370-ee7d4edd3603"",""edition_id"":""urn:uuid:79e7c26f-be00-528c-9ca5-dbbdb85bf9b8"",""native_unit_id"":""OLP-0688"",""order_key"":""0688"",""ordinal"":688,""required"":null,""unit_id"":""urn:uuid:3fe3f853-12bf-5e9e-9f0c-5c3e46cec50a"",""visible"":false},""record_type"":""course_unit_membership"",""recorded_at"":""2026-08-31T00:00:00Z"",""semantic_key"":""c80:openlogic:membership:OLP-0688""}"
urn:uuid:02098762-eb3c-583c-809a-07545176ab05,course_unit_membership,"{""dataset_id"":""urn:uuid:fdfa2782-db96-5e60-bcb3-d206d78b960a"",""id"":""urn:uuid:02098762-eb3c-583c-809a-07545176ab05"",""normalized_state"":""published"",""owner_authority_id"":""urn:uuid:ba324c09-ea3b-5b7d-a8de-40df0fcc5e83"",""owner_native_state"":""exact_closure_order"",""payload"":{""course_id"":""urn:uuid:f6271d1d-189b-5f77-a370-ee7d4edd3603"",""edition_id"":""urn:uuid:79e7c26f-be00-528c-9ca5-dbbdb85bf9b8"",""native_unit_id"":""OLP-0689"",""order_key"":""0689"",""ordinal"":689,""required"":null,""unit_id"":""urn:uuid:0f428584-21a8-5abf-855d-8704a2de9fed"",""visible"":false},""record_type"":""course_unit_membership"",""recorded_at"":""2026-08-31T00:00:00Z"",""semantic_key"":""c80:openlogic:membership:OLP-0689""}"
urn:uuid:8604a530-b0f6-5f88-9708-46c24f04fa44,course_unit_membership,"{""dataset_id"":""urn:uuid:fdfa2782-db96-5e60-bcb3-d206d78b960a"",""id"":""urn:uuid:8604a530-b0f6-5f88-9708-46c24f04fa44"",""normalized_state"":""published"",""owner_authority_id"":""urn:uuid:ba324c09-ea3b-5b7d-a8de-40df0fcc5e83"",""owner_native_state"":""exact_closure_order"",""payload"":{""course_id"":""urn:uuid:f6271d1d-189b-5f77-a370-ee7d4edd3603"",""edition_id"":""urn:uuid:79e7c26f-be00-528c-9ca5-dbbdb85bf9b8"",""native_unit_id"":""OLP-0690"",""order_key"":""0690"",""ordinal"":690,""required"":null,""unit_id"":""urn:uuid:72554bb3-4f23-50d2-ad12-7b4b9a3fdf6d"",""visible"":false},""record_type"":""course_unit_membership"",""recorded_at"":""2026-08-31T00:00:00Z"",""semantic_key"":""c80:openlogic:membership:OLP-0690""}"
urn:uuid:90780f66-cbb3-562d-84a3-017761eb4632,course_unit_membership,"{""dataset_id"":""urn:uuid:fdfa2782-db96-5e60-bcb3-d206d78b960a"",""id"":""urn:uuid:90780f66-cbb3-562d-84a3-017761eb4632"",""normalized_state"":""published"",""owner_authority_id"":""urn:uuid:ba324c09-ea3b-5b7d-a8de-40df0fcc5e83"",""owner_native_state"":""exact_closure_order"",""payload"":{""course_id"":""urn:uuid:f6271d1d-189b-5f77-a370-ee7d4edd3603"",""edition_id"":""urn:uuid:79e7c26f-be00-528c-9ca5-dbbdb85bf9b8"",""native_unit_id"":""OLP-0691"",""order_key"":""0691"",""ordinal"":691,""required"":null,""unit_id"":""urn:uuid:b5ecdd23-1001-587f-983b-9a1e8e9f753a"",""visible"":false},""record_type"":""course_unit_membership"",""recorded_at"":""2026-08-31T00:00:00Z"",""semantic_key"":""c80:openlogic:membership:OLP-0691""}"
urn:uuid:3eec6fca-3274-5367-9154-e421855babae,course_unit_membership,"{""dataset_id"":""urn:uuid:fdfa2782-db96-5e60-bcb3-d206d78b960a"",""id"":""urn:uuid:3eec6fca-3274-5367-9154-e421855babae"",""normalized_state"":""published"",""owner_authority_id"":""urn:uuid:ba324c09-ea3b-5b7d-a8de-40df0fcc5e83"",""owner_native_state"":""exact_closure_order"",""payload"":{""course_id"":""urn:uuid:f6271d1d-189b-5f77-a370-ee7d4edd3603"",""edition_id"":""urn:uuid:79e7c26f-be00-528c-9ca5-dbbdb85bf9b8"",""native_unit_id"":""OLP-0692"",""order_key"":""0692"",""ordinal"":692,""required"":null,""unit_id"":""urn:uuid:f9ff2ea3-7ca6-5e86-89fb-ab0633d00a23"",""visible"":false},""record_type"":""course_unit_membership"",""recorded_at"":""2026-08-31T00:00:00Z"",""semantic_key"":""c80:openlogic:membership:OLP-0692""}"
urn:uuid:38518a1e-0e61-5ae1-ada4-a8ddf87f84ee,course_unit_membership,"{""dataset_id"":""urn:uuid:fdfa2782-db96-5e60-bcb3-d206d78b960a"",""id"":""urn:uuid:38518a1e-0e61-5ae1-ada4-a8ddf87f84ee"",""normalized_state"":""published"",""owner_authority_id"":""urn:uuid:ba324c09-ea3b-5b7d-a8de-40df0fcc5e83"",""owner_native_state"":""exact_closure_order"",""payload"":{""course_id"":""urn:uuid:f6271d1d-189b-5f77-a370-ee7d4edd3603"",""edition_id"":""urn:uuid:79e7c26f-be00-528c-9ca5-dbbdb85bf9b8"",""native_unit_id"":""OLP-0693"",""order_key"":""0693"",""ordinal"":693,""required"":null,""unit_id"":""urn:uuid:f13a876f-6344-5d90-abff-46fdc1edac7e"",""visible"":false},""record_type"":""course_unit_membership"",""recorded_at"":""2026-08-31T00:00:00Z"",""semantic_key"":""c80:openlogic:membership:OLP-0693""}"
urn:uuid:d128600b-4785-50a0-9c77-89c6606c665a,course_unit_membership,"{""dataset_id"":""urn:uuid:fdfa2782-db96-5e60-bcb3-d206d78b960a"",""id"":""urn:uuid:d128600b-4785-50a0-9c77-89c6606c665a"",""normalized_state"":""published"",""owner_authority_id"":""urn:uuid:ba324c09-ea3b-5b7d-a8de-40df0fcc5e83"",""owner_native_state"":""exact_closure_order"",""payload"":{""course_id"":""urn:uuid:f6271d1d-189b-5f77-a370-ee7d4edd3603"",""edition_id"":""urn:uuid:79e7c26f-be00-528c-9ca5-dbbdb85bf9b8"",""native_unit_id"":""OLP-0694"",""order_key"":""0694"",""ordinal"":694,""required"":null,""unit_id"":""urn:uuid:28263119-9d65-508b-8ba1-e276f02e0aa9"",""visible"":false},""record_type"":""course_unit_membership"",""recorded_at"":""2026-08-31T00:00:00Z"",""semantic_key"":""c80:openlogic:membership:OLP-0694""}"
urn:uuid:ed8da633-65ce-5454-bed2-b4cdcbc18e6a,course_unit_membership,"{""dataset_id"":""urn:uuid:fdfa2782-db96-5e60-bcb3-d206d78b960a"",""id"":""urn:uuid:ed8da633-65ce-5454-bed2-b4cdcbc18e6a"",""normalized_state"":""published"",""owner_authority_id"":""urn:uuid:ba324c09-ea3b-5b7d-a8de-40df0fcc5e83"",""owner_native_state"":""exact_closure_order"",""payload"":{""course_id"":""urn:uuid:f6271d1d-189b-5f77-a370-ee7d4edd3603"",""edition_id"":""urn:uuid:79e7c26f-be00-528c-9ca5-dbbdb85bf9b8"",""native_unit_id"":""OLP-0695"",""order_key"":""0695"",""ordinal"":695,""required"":null,""unit_id"":""urn:uuid:771ebc3a-423e-51cb-b295-e163c719f04f"",""visible"":false},""record_type"":""course_unit_membership"",""recorded_at"":""2026-08-31T00:00:00Z"",""semantic_key"":""c80:openlogic:membership:OLP-0695""}"
urn:uuid:7dde6adc-e630-55c3-ae93-e24eec452f91,course_unit_membership,"{""dataset_id"":""urn:uuid:fdfa2782-db96-5e60-bcb3-d206d78b960a"",""id"":""urn:uuid:7dde6adc-e630-55c3-ae93-e24eec452f91"",""normalized_state"":""published"",""owner_authority_id"":""urn:uuid:ba324c09-ea3b-5b7d-a8de-40df0fcc5e83"",""owner_native_state"":""exact_closure_order"",""payload"":{""course_id"":""urn:uuid:f6271d1d-189b-5f77-a370-ee7d4edd3603"",""edition_id"":""urn:uuid:79e7c26f-be00-528c-9ca5-dbbdb85bf9b8"",""native_unit_id"":""OLP-0696"",""order_key"":""0696"",""ordinal"":696,""required"":null,""unit_id"":""urn:uuid:aeddf8d8-d203-5844-94cd-b6de50f58303"",""visible"":false},""record_type"":""course_unit_membership"",""recorded_at"":""2026-08-31T00:00:00Z"",""semantic_key"":""c80:openlogic:membership:OLP-0696""}"
urn:uuid:e517a045-93a4-5841-a60c-2d3b984eaa36,course_unit_membership,"{""dataset_id"":""urn:uuid:fdfa2782-db96-5e60-bcb3-d206d78b960a"",""id"":""urn:uuid:e517a045-93a4-5841-a60c-2d3b984eaa36"",""normalized_state"":""published"",""owner_authority_id"":""urn:uuid:ba324c09-ea3b-5b7d-a8de-40df0fcc5e83"",""owner_native_state"":""exact_closure_order"",""payload"":{""course_id"":""urn:uuid:f6271d1d-189b-5f77-a370-ee7d4edd3603"",""edition_id"":""urn:uuid:79e7c26f-be00-528c-9ca5-dbbdb85bf9b8"",""native_unit_id"":""OLP-0697"",""order_key"":""0697"",""ordinal"":697,""required"":null,""unit_id"":""urn:uuid:75a0c24d-585a-5c43-85bb-f3a128c93788"",""visible"":false},""record_type"":""course_unit_membership"",""recorded_at"":""2026-08-31T00:00:00Z"",""semantic_key"":""c80:openlogic:membership:OLP-0697""}"
urn:uuid:ab41f5df-01e0-527b-9e2b-4fda3abc8680,course_unit_membership,"{""dataset_id"":""urn:uuid:fdfa2782-db96-5e60-bcb3-d206d78b960a"",""id"":""urn:uuid:ab41f5df-01e0-527b-9e2b-4fda3abc8680"",""normalized_state"":""published"",""owner_authority_id"":""urn:uuid:ba324c09-ea3b-5b7d-a8de-40df0fcc5e83"",""owner_native_state"":""exact_closure_order"",""payload"":{""course_id"":""urn:uuid:f6271d1d-189b-5f77-a370-ee7d4edd3603"",""edition_id"":""urn:uuid:79e7c26f-be00-528c-9ca5-dbbdb85bf9b8"",""native_unit_id"":""OLP-0698"",""order_key"":""0698"",""ordinal"":698,""required"":null,""unit_id"":""urn:uuid:29c0c6a7-4d80-56d0-88fd-a7849543992c"",""visible"":false},""record_type"":""course_unit_membership"",""recorded_at"":""2026-08-31T00:00:00Z"",""semantic_key"":""c80:openlogic:membership:OLP-0698""}"
urn:uuid:33f850d1-25b6-5e5a-a967-a2e5ba82009b,course_unit_membership,"{""dataset_id"":""urn:uuid:fdfa2782-db96-5e60-bcb3-d206d78b960a"",""id"":""urn:uuid:33f850d1-25b6-5e5a-a967-a2e5ba82009b"",""normalized_state"":""published"",""owner_authority_id"":""urn:uuid:ba324c09-ea3b-5b7d-a8de-40df0fcc5e83"",""owner_native_state"":""exact_closure_order"",""payload"":{""course_id"":""urn:uuid:f6271d1d-189b-5f77-a370-ee7d4edd3603"",""edition_id"":""urn:uuid:79e7c26f-be00-528c-9ca5-dbbdb85bf9b8"",""native_unit_id"":""OLP-0699"",""order_key"":""0699"",""ordinal"":699,""required"":null,""unit_id"":""urn:uuid:aa5b82b7-666f-5e23-aca0-52909f1c3041"",""visible"":false},""record_type"":""course_unit_membership"",""recorded_at"":""2026-08-31T00:00:00Z"",""semantic_key"":""c80:openlogic:membership:OLP-0699""}"
urn:uuid:0d385de3-9102-5cc8-a7ae-c1bf87597ffe,course_unit_membership,"{""dataset_id"":""urn:uuid:fdfa2782-db96-5e60-bcb3-d206d78b960a"",""id"":""urn:uuid:0d385de3-9102-5cc8-a7ae-c1bf87597ffe"",""normalized_state"":""published"",""owner_authority_id"":""urn:uuid:ba324c09-ea3b-5b7d-a8de-40df0fcc5e83"",""owner_native_state"":""exact_closure_order"",""payload"":{""course_id"":""urn:uuid:f6271d1d-189b-5f77-a370-ee7d4edd3603"",""edition_id"":""urn:uuid:79e7c26f-be00-528c-9ca5-dbbdb85bf9b8"",""native_unit_id"":""OLP-0700"",""order_key"":""0700"",""ordinal"":700,""required"":null,""unit_id"":""urn:uuid:be84621f-4d5b-5e6c-8bfc-ef481e122021"",""visible"":false},""record_type"":""course_unit_membership"",""recorded_at"":""2026-08-31T00:00:00Z"",""semantic_key"":""c80:openlogic:membership:OLP-0700""}"
urn:uuid:215026fc-e67e-5943-a7f6-8c8e3463b8bd,course_unit_membership,"{""dataset_id"":""urn:uuid:fdfa2782-db96-5e60-bcb3-d206d78b960a"",""id"":""urn:uuid:215026fc-e67e-5943-a7f6-8c8e3463b8bd"",""normalized_state"":""published"",""owner_authority_id"":""urn:uuid:ba324c09-ea3b-5b7d-a8de-40df0fcc5e83"",""owner_native_state"":""exact_closure_order"",""payload"":{""course_id"":""urn:uuid:f6271d1d-189b-5f77-a370-ee7d4edd3603"",""edition_id"":""urn:uuid:79e7c26f-be00-528c-9ca5-dbbdb85bf9b8"",""native_unit_id"":""OLP-0701"",""order_key"":""0701"",""ordinal"":701,""required"":null,""unit_id"":""urn:uuid:be986b06-5bf3-562a-8cd5-d1aa1117befe"",""visible"":false},""record_type"":""course_unit_membership"",""recorded_at"":""2026-08-31T00:00:00Z"",""semantic_key"":""c80:openlogic:membership:OLP-0701""}"
urn:uuid:4eabb235-a52c-570b-b615-0b0766223a18,course_unit_membership,"{""dataset_id"":""urn:uuid:fdfa2782-db96-5e60-bcb3-d206d78b960a"",""id"":""urn:uuid:4eabb235-a52c-570b-b615-0b0766223a18"",""normalized_state"":""published"",""owner_authority_id"":""urn:uuid:ba324c09-ea3b-5b7d-a8de-40df0fcc5e83"",""owner_native_state"":""exact_closure_order"",""payload"":{""course_id"":""urn:uuid:f6271d1d-189b-5f77-a370-ee7d4edd3603"",""edition_id"":""urn:uuid:79e7c26f-be00-528c-9ca5-dbbdb85bf9b8"",""native_unit_id"":""OLP-0702"",""order_key"":""0702"",""ordinal"":702,""required"":null,""unit_id"":""urn:uuid:ee1a4669-5880-5459-a080-0cdb061d398e"",""visible"":false},""record_type"":""course_unit_membership"",""recorded_at"":""2026-08-31T00:00:00Z"",""semantic_key"":""c80:openlogic:membership:OLP-0702""}"
urn:uuid:497d01fd-30cc-5a2c-9622-ad8fdfd253f7,course_unit_membership,"{""dataset_id"":""urn:uuid:fdfa2782-db96-5e60-bcb3-d206d78b960a"",""id"":""urn:uuid:497d01fd-30cc-5a2c-9622-ad8fdfd253f7"",""normalized_state"":""published"",""owner_authority_id"":""urn:uuid:ba324c09-ea3b-5b7d-a8de-40df0fcc5e83"",""owner_native_state"":""exact_closure_order"",""payload"":{""course_id"":""urn:uuid:f6271d1d-189b-5f77-a370-ee7d4edd3603"",""edition_id"":""urn:uuid:79e7c26f-be00-528c-9ca5-dbbdb85bf9b8"",""native_unit_id"":""OLP-0703"",""order_key"":""0703"",""ordinal"":703,""required"":null,""unit_id"":""urn:uuid:7fb03e9e-bfd6-5aaf-9199-326c96f1740a"",""visible"":false},""record_type"":""course_unit_membership"",""recorded_at"":""2026-08-31T00:00:00Z"",""semantic_key"":""c80:openlogic:membership:OLP-0703""}"
urn:uuid:c76c5c93-3c7b-5c9b-9be8-141807060554,course_unit_membership,"{""dataset_id"":""urn:uuid:fdfa2782-db96-5e60-bcb3-d206d78b960a"",""id"":""urn:uuid:c76c5c93-3c7b-5c9b-9be8-141807060554"",""normalized_state"":""published"",""owner_authority_id"":""urn:uuid:ba324c09-ea3b-5b7d-a8de-40df0fcc5e83"",""owner_native_state"":""exact_closure_order"",""payload"":{""course_id"":""urn:uuid:f6271d1d-189b-5f77-a370-ee7d4edd3603"",""edition_id"":""urn:uuid:79e7c26f-be00-528c-9ca5-dbbdb85bf9b8"",""native_unit_id"":""OLP-0704"",""order_key"":""0704"",""ordinal"":704,""required"":null,""unit_id"":""urn:uuid:59e1891e-6951-5844-a884-721d6b0b184b"",""visible"":false},""record_type"":""course_unit_membership"",""recorded_at"":""2026-08-31T00:00:00Z"",""semantic_key"":""c80:openlogic:membership:OLP-0704""}"
urn:uuid:a9174c2a-126f-556c-8b54-9cf71ea50071,course_unit_membership,"{""dataset_id"":""urn:uuid:fdfa2782-db96-5e60-bcb3-d206d78b960a"",""id"":""urn:uuid:a9174c2a-126f-556c-8b54-9cf71ea50071"",""normalized_state"":""published"",""owner_authority_id"":""urn:uuid:ba324c09-ea3b-5b7d-a8de-40df0fcc5e83"",""owner_native_state"":""exact_closure_order"",""payload"":{""course_id"":""urn:uuid:f6271d1d-189b-5f77-a370-ee7d4edd3603"",""edition_id"":""urn:uuid:79e7c26f-be00-528c-9ca5-dbbdb85bf9b8"",""native_unit_id"":""OLP-0705"",""order_key"":""0705"",""ordinal"":705,""required"":null,""unit_id"":""urn:uuid:68b56910-8aa3-57a4-8e6f-80fa3a5f8588"",""visible"":false},""record_type"":""course_unit_membership"",""recorded_at"":""2026-08-31T00:00:00Z"",""semantic_key"":""c80:openlogic:membership:OLP-0705""}"
urn:uuid:09f3cdb2-7cb7-5f0e-92c0-bc38b3943081,course_unit_membership,"{""dataset_id"":""urn:uuid:fdfa2782-db96-5e60-bcb3-d206d78b960a"",""id"":""urn:uuid:09f3cdb2-7cb7-5f0e-92c0-bc38b3943081"",""normalized_state"":""published"",""owner_authority_id"":""urn:uuid:ba324c09-ea3b-5b7d-a8de-40df0fcc5e83"",""owner_native_state"":""exact_closure_order"",""payload"":{""course_id"":""urn:uuid:f6271d1d-189b-5f77-a370-ee7d4edd3603"",""edition_id"":""urn:uuid:79e7c26f-be00-528c-9ca5-dbbdb85bf9b8"",""native_unit_id"":""OLP-0706"",""order_key"":""0706"",""ordinal"":706,""required"":null,""unit_id"":""urn:uuid:0b4b6762-0c2c-5d8c-b924-b8795e7c950e"",""visible"":false},""record_type"":""course_unit_membership"",""recorded_at"":""2026-08-31T00:00:00Z"",""semantic_key"":""c80:openlogic:membership:OLP-0706""}"
urn:uuid:6af0b044-80ef-5b76-ad0e-3aa66cf014e1,course_unit_membership,"{""dataset_id"":""urn:uuid:fdfa2782-db96-5e60-bcb3-d206d78b960a"",""id"":""urn:uuid:6af0b044-80ef-5b76-ad0e-3aa66cf014e1"",""normalized_state"":""published"",""owner_authority_id"":""urn:uuid:ba324c09-ea3b-5b7d-a8de-40df0fcc5e83"",""owner_native_state"":""exact_closure_order"",""payload"":{""course_id"":""urn:uuid:f6271d1d-189b-5f77-a370-ee7d4edd3603"",""edition_id"":""urn:uuid:79e7c26f-be00-528c-9ca5-dbbdb85bf9b8"",""native_unit_id"":""OLP-0707"",""order_key"":""0707"",""ordinal"":707,""required"":null,""unit_id"":""urn:uuid:717ed495-c179-5173-9d49-d37e5770576a"",""visible"":false},""record_type"":""course_unit_membership"",""recorded_at"":""2026-08-31T00:00:00Z"",""semantic_key"":""c80:openlogic:membership:OLP-0707""}"
urn:uuid:63545c91-caca-597c-a5ed-92f13878fa89,course_unit_membership,"{""dataset_id"":""urn:uuid:fdfa2782-db96-5e60-bcb3-d206d78b960a"",""id"":""urn:uuid:63545c91-caca-597c-a5ed-92f13878fa89"",""normalized_state"":""published"",""owner_authority_id"":""urn:uuid:ba324c09-ea3b-5b7d-a8de-40df0fcc5e83"",""owner_native_state"":""exact_closure_order"",""payload"":{""course_id"":""urn:uuid:f6271d1d-189b-5f77-a370-ee7d4edd3603"",""edition_id"":""urn:uuid:79e7c26f-be00-528c-9ca5-dbbdb85bf9b8"",""native_unit_id"":""OLP-0708"",""order_key"":""0708"",""ordinal"":708,""required"":null,""unit_id"":""urn:uuid:69e8ff63-9a94-506b-b089-6ec45b6a8c03"",""visible"":false},""record_type"":""course_unit_membership"",""recorded_at"":""2026-08-31T00:00:00Z"",""semantic_key"":""c80:openlogic:membership:OLP-0708""}"
urn:uuid:04182493-0ae4-58fa-b8c5-beecb7313693,course_unit_membership,"{""dataset_id"":""urn:uuid:fdfa2782-db96-5e60-bcb3-d206d78b960a"",""id"":""urn:uuid:04182493-0ae4-58fa-b8c5-beecb7313693"",""normalized_state"":""published"",""owner_authority_id"":""urn:uuid:ba324c09-ea3b-5b7d-a8de-40df0fcc5e83"",""owner_native_state"":""exact_closure_order"",""payload"":{""course_id"":""urn:uuid:f6271d1d-189b-5f77-a370-ee7d4edd3603"",""edition_id"":""urn:uuid:79e7c26f-be00-528c-9ca5-dbbdb85bf9b8"",""native_unit_id"":""OLP-0709"",""order_key"":""0709"",""ordinal"":709,""required"":null,""unit_id"":""urn:uuid:8859c78a-0145-5542-9a0c-560276535585"",""visible"":false},""record_type"":""course_unit_membership"",""recorded_at"":""2026-08-31T00:00:00Z"",""semantic_key"":""c80:openlogic:membership:OLP-0709""}"
urn:uuid:caf68bcd-0386-5c5c-a507-0624cc63b3a7,course_unit_membership,"{""dataset_id"":""urn:uuid:fdfa2782-db96-5e60-bcb3-d206d78b960a"",""id"":""urn:uuid:caf68bcd-0386-5c5c-a507-0624cc63b3a7"",""normalized_state"":""published"",""owner_authority_id"":""urn:uuid:ba324c09-ea3b-5b7d-a8de-40df0fcc5e83"",""owner_native_state"":""exact_closure_order"",""payload"":{""course_id"":""urn:uuid:f6271d1d-189b-5f77-a370-ee7d4edd3603"",""edition_id"":""urn:uuid:79e7c26f-be00-528c-9ca5-dbbdb85bf9b8"",""native_unit_id"":""OLP-0710"",""order_key"":""0710"",""ordinal"":710,""required"":null,""unit_id"":""urn:uuid:e9aceaf8-e067-5ff9-9fb8-124bb216191b"",""visible"":false},""record_type"":""course_unit_membership"",""recorded_at"":""2026-08-31T00:00:00Z"",""semantic_key"":""c80:openlogic:membership:OLP-0710""}"
urn:uuid:4f158848-2d97-5ce7-8577-d6ef39d3ecfd,course_unit_membership,"{""dataset_id"":""urn:uuid:fdfa2782-db96-5e60-bcb3-d206d78b960a"",""id"":""urn:uuid:4f158848-2d97-5ce7-8577-d6ef39d3ecfd"",""normalized_state"":""published"",""owner_authority_id"":""urn:uuid:ba324c09-ea3b-5b7d-a8de-40df0fcc5e83"",""owner_native_state"":""exact_closure_order"",""payload"":{""course_id"":""urn:uuid:f6271d1d-189b-5f77-a370-ee7d4edd3603"",""edition_id"":""urn:uuid:79e7c26f-be00-528c-9ca5-dbbdb85bf9b8"",""native_unit_id"":""OLP-0711"",""order_key"":""0711"",""ordinal"":711,""required"":null,""unit_id"":""urn:uuid:820f7cb3-d4b8-5d83-a9d0-60e0bcb435bc"",""visible"":false},""record_type"":""course_unit_membership"",""recorded_at"":""2026-08-31T00:00:00Z"",""semantic_key"":""c80:openlogic:membership:OLP-0711""}"
urn:uuid:55dc1aef-bd30-50ec-bb6a-ed1529ceb67f,course_unit_membership,"{""dataset_id"":""urn:uuid:fdfa2782-db96-5e60-bcb3-d206d78b960a"",""id"":""urn:uuid:55dc1aef-bd30-50ec-bb6a-ed1529ceb67f"",""normalized_state"":""published"",""owner_authority_id"":""urn:uuid:ba324c09-ea3b-5b7d-a8de-40df0fcc5e83"",""owner_native_state"":""exact_closure_order"",""payload"":{""course_id"":""urn:uuid:f6271d1d-189b-5f77-a370-ee7d4edd3603"",""edition_id"":""urn:uuid:79e7c26f-be00-528c-9ca5-dbbdb85bf9b8"",""native_unit_id"":""OLP-0712"",""order_key"":""0712"",""ordinal"":712,""required"":null,""unit_id"":""urn:uuid:d016a2e3-a1fb-5421-8c0a-c9253e0d6d3f"",""visible"":false},""record_type"":""course_unit_membership"",""recorded_at"":""2026-08-31T00:00:00Z"",""semantic_key"":""c80:openlogic:membership:OLP-0712""}"
urn:uuid:c7fbbaf2-d53c-5f07-9e67-616dfbfa8637,course_unit_membership,"{""dataset_id"":""urn:uuid:fdfa2782-db96-5e60-bcb3-d206d78b960a"",""id"":""urn:uuid:c7fbbaf2-d53c-5f07-9e67-616dfbfa8637"",""normalized_state"":""published"",""owner_authority_id"":""urn:uuid:ba324c09-ea3b-5b7d-a8de-40df0fcc5e83"",""owner_native_state"":""exact_closure_order"",""payload"":{""course_id"":""urn:uuid:f6271d1d-189b-5f77-a370-ee7d4edd3603"",""edition_id"":""urn:uuid:79e7c26f-be00-528c-9ca5-dbbdb85bf9b8"",""native_unit_id"":""OLP-0713"",""order_key"":""0713"",""ordinal"":713,""required"":null,""unit_id"":""urn:uuid:562913c0-1440-50e6-a420-14c6e1a77f96"",""visible"":false},""record_type"":""course_unit_membership"",""recorded_at"":""2026-08-31T00:00:00Z"",""semantic_key"":""c80:openlogic:membership:OLP-0713""}"
urn:uuid:4b120b97-af5e-5303-b77d-6f7b1f3a677c,course_unit_membership,"{""dataset_id"":""urn:uuid:fdfa2782-db96-5e60-bcb3-d206d78b960a"",""id"":""urn:uuid:4b120b97-af5e-5303-b77d-6f7b1f3a677c"",""normalized_state"":""published"",""owner_authority_id"":""urn:uuid:ba324c09-ea3b-5b7d-a8de-40df0fcc5e83"",""owner_native_state"":""exact_closure_order"",""payload"":{""course_id"":""urn:uuid:f6271d1d-189b-5f77-a370-ee7d4edd3603"",""edition_id"":""urn:uuid:79e7c26f-be00-528c-9ca5-dbbdb85bf9b8"",""native_unit_id"":""OLP-0714"",""order_key"":""0714"",""ordinal"":714,""required"":null,""unit_id"":""urn:uuid:3711972a-987b-56d8-b62d-76e20656ce8b"",""visible"":false},""record_type"":""course_unit_membership"",""recorded_at"":""2026-08-31T00:00:00Z"",""semantic_key"":""c80:openlogic:membership:OLP-0714""}"
urn:uuid:711f4097-758b-5a27-8925-684735926ad9,course_unit_membership,"{""dataset_id"":""urn:uuid:fdfa2782-db96-5e60-bcb3-d206d78b960a"",""id"":""urn:uuid:711f4097-758b-5a27-8925-684735926ad9"",""normalized_state"":""published"",""owner_authority_id"":""urn:uuid:ba324c09-ea3b-5b7d-a8de-40df0fcc5e83"",""owner_native_state"":""exact_closure_order"",""payload"":{""course_id"":""urn:uuid:f6271d1d-189b-5f77-a370-ee7d4edd3603"",""edition_id"":""urn:uuid:79e7c26f-be00-528c-9ca5-dbbdb85bf9b8"",""native_unit_id"":""OLP-0715"",""order_key"":""0715"",""ordinal"":715,""required"":null,""unit_id"":""urn:uuid:62cc0d7b-00a6-50e0-8a48-c78dcaff3dca"",""visible"":false},""record_type"":""course_unit_membership"",""recorded_at"":""2026-08-31T00:00:00Z"",""semantic_key"":""c80:openlogic:membership:OLP-0715""}"
urn:uuid:9ec482e7-a716-580f-80d3-5fe15551c48a,course_unit_membership,"{""dataset_id"":""urn:uuid:fdfa2782-db96-5e60-bcb3-d206d78b960a"",""id"":""urn:uuid:9ec482e7-a716-580f-80d3-5fe15551c48a"",""normalized_state"":""published"",""owner_authority_id"":""urn:uuid:ba324c09-ea3b-5b7d-a8de-40df0fcc5e83"",""owner_native_state"":""exact_closure_order"",""payload"":{""course_id"":""urn:uuid:f6271d1d-189b-5f77-a370-ee7d4edd3603"",""edition_id"":""urn:uuid:79e7c26f-be00-528c-9ca5-dbbdb85bf9b8"",""native_unit_id"":""OLP-0716"",""order_key"":""0716"",""ordinal"":716,""required"":null,""unit_id"":""urn:uuid:df0e1164-02fb-5726-9556-fa15cf35cfae"",""visible"":false},""record_type"":""course_unit_membership"",""recorded_at"":""2026-08-31T00:00:00Z"",""semantic_key"":""c80:openlogic:membership:OLP-0716""}"
urn:uuid:7e6ea695-67cd-545b-a69a-1948fffc20b6,course_unit_membership,"{""dataset_id"":""urn:uuid:fdfa2782-db96-5e60-bcb3-d206d78b960a"",""id"":""urn:uuid:7e6ea695-67cd-545b-a69a-1948fffc20b6"",""normalized_state"":""published"",""owner_authority_id"":""urn:uuid:ba324c09-ea3b-5b7d-a8de-40df0fcc5e83"",""owner_native_state"":""exact_closure_order"",""payload"":{""course_id"":""urn:uuid:f6271d1d-189b-5f77-a370-ee7d4edd3603"",""edition_id"":""urn:uuid:79e7c26f-be00-528c-9ca5-dbbdb85bf9b8"",""native_unit_id"":""OLP-0717"",""order_key"":""0717"",""ordinal"":717,""required"":null,""unit_id"":""urn:uuid:f3be2a5c-de55-51fb-8e5a-43324e5af7b1"",""visible"":false},""record_type"":""course_unit_membership"",""recorded_at"":""2026-08-31T00:00:00Z"",""semantic_key"":""c80:openlogic:membership:OLP-0717""}"
urn:uuid:fece254f-916f-5f25-a9f0-e4277e4ff261,course_unit_membership,"{""dataset_id"":""urn:uuid:fdfa2782-db96-5e60-bcb3-d206d78b960a"",""id"":""urn:uuid:fece254f-916f-5f25-a9f0-e4277e4ff261"",""normalized_state"":""published"",""owner_authority_id"":""urn:uuid:ba324c09-ea3b-5b7d-a8de-40df0fcc5e83"",""owner_native_state"":""exact_closure_order"",""payload"":{""course_id"":""urn:uuid:f6271d1d-189b-5f77-a370-ee7d4edd3603"",""edition_id"":""urn:uuid:79e7c26f-be00-528c-9ca5-dbbdb85bf9b8"",""native_unit_id"":""OLP-0718"",""order_key"":""0718"",""ordinal"":718,""required"":null,""unit_id"":""urn:uuid:284cb105-2374-5cca-b288-18641de30294"",""visible"":false},""record_type"":""course_unit_membership"",""recorded_at"":""2026-08-31T00:00:00Z"",""semantic_key"":""c80:openlogic:membership:OLP-0718""}"
urn:uuid:1c07adf9-cf48-53af-a78b-f58e76d41e12,course_unit_membership,"{""dataset_id"":""urn:uuid:fdfa2782-db96-5e60-bcb3-d206d78b960a"",""id"":""urn:uuid:1c07adf9-cf48-53af-a78b-f58e76d41e12"",""normalized_state"":""published"",""owner_authority_id"":""urn:uuid:ba324c09-ea3b-5b7d-a8de-40df0fcc5e83"",""owner_native_state"":""exact_closure_order"",""payload"":{""course_id"":""urn:uuid:f6271d1d-189b-5f77-a370-ee7d4edd3603"",""edition_id"":""urn:uuid:79e7c26f-be00-528c-9ca5-dbbdb85bf9b8"",""native_unit_id"":""OLP-0719"",""order_key"":""0719"",""ordinal"":719,""required"":null,""unit_id"":""urn:uuid:310abeb3-7d9c-5022-b870-3816480894a3"",""visible"":false},""record_type"":""course_unit_membership"",""recorded_at"":""2026-08-31T00:00:00Z"",""semantic_key"":""c80:openlogic:membership:OLP-0719""}"
urn:uuid:cc91f669-8f66-5749-a3b6-60ccd84e1a1c,course_unit_membership,"{""dataset_id"":""urn:uuid:fdfa2782-db96-5e60-bcb3-d206d78b960a"",""id"":""urn:uuid:cc91f669-8f66-5749-a3b6-60ccd84e1a1c"",""normalized_state"":""published"",""owner_authority_id"":""urn:uuid:ba324c09-ea3b-5b7d-a8de-40df0fcc5e83"",""owner_native_state"":""exact_closure_order"",""payload"":{""course_id"":""urn:uuid:f6271d1d-189b-5f77-a370-ee7d4edd3603"",""edition_id"":""urn:uuid:79e7c26f-be00-528c-9ca5-dbbdb85bf9b8"",""native_unit_id"":""OLP-0720"",""order_key"":""0720"",""ordinal"":720,""required"":null,""unit_id"":""urn:uuid:0dae8093-8f6a-5b05-a961-fde804d911f4"",""visible"":false},""record_type"":""course_unit_membership"",""recorded_at"":""2026-08-31T00:00:00Z"",""semantic_key"":""c80:openlogic:membership:OLP-0720""}"
urn:uuid:c0142850-47d4-5ae5-bffb-877640dceb50,course_unit_membership,"{""dataset_id"":""urn:uuid:fdfa2782-db96-5e60-bcb3-d206d78b960a"",""id"":""urn:uuid:c0142850-47d4-5ae5-bffb-877640dceb50"",""normalized_state"":""published"",""owner_authority_id"":""urn:uuid:ba324c09-ea3b-5b7d-a8de-40df0fcc5e83"",""owner_native_state"":""exact_closure_order"",""payload"":{""course_id"":""urn:uuid:f6271d1d-189b-5f77-a370-ee7d4edd3603"",""edition_id"":""urn:uuid:79e7c26f-be00-528c-9ca5-dbbdb85bf9b8"",""native_unit_id"":""OLP-0721"",""order_key"":""0721"",""ordinal"":721,""required"":null,""unit_id"":""urn:uuid:f7c0aca3-1892-56a4-ae94-3f7c1fff1a91"",""visible"":false},""record_type"":""course_unit_membership"",""recorded_at"":""2026-08-31T00:00:00Z"",""semantic_key"":""c80:openlogic:membership:OLP-0721""}"
urn:uuid:9a42b1da-8471-5c2f-9a43-323206e51362,course_unit_membership,"{""dataset_id"":""urn:uuid:fdfa2782-db96-5e60-bcb3-d206d78b960a"",""id"":""urn:uuid:9a42b1da-8471-5c2f-9a43-323206e51362"",""normalized_state"":""published"",""owner_authority_id"":""urn:uuid:ba324c09-ea3b-5b7d-a8de-40df0fcc5e83"",""owner_native_state"":""exact_closure_order"",""payload"":{""course_id"":""urn:uuid:f6271d1d-189b-5f77-a370-ee7d4edd3603"",""edition_id"":""urn:uuid:79e7c26f-be00-528c-9ca5-dbbdb85bf9b8"",""native_unit_id"":""OLP-0722"",""order_key"":""0722"",""ordinal"":722,""required"":null,""unit_id"":""urn:uuid:8ab59567-848c-53a4-bebc-cf43b929489f"",""visible"":false},""record_type"":""course_unit_membership"",""recorded_at"":""2026-08-31T00:00:00Z"",""semantic_key"":""c80:openlogic:membership:OLP-0722""}"
