stable_id,record_type,canonical_record_json
urn:uuid:e74a2bfb-4d4a-58e4-aa43-df9eadeaec1b,rights_assignment,"{""dataset_id"":""urn:uuid:fdfa2782-db96-5e60-bcb3-d206d78b960a"",""id"":""urn:uuid:e74a2bfb-4d4a-58e4-aa43-df9eadeaec1b"",""normalized_state"":""published"",""owner_authority_id"":""urn:uuid:ba324c09-ea3b-5b7d-a8de-40df0fcc5e83"",""owner_native_state"":""verified"",""payload"":{""assignment_state"":""effective"",""inheritance"":""direct_from_frozen_release"",""rights_id"":""urn:uuid:3f181e34-b5ab-550e-89bb-fd3d6c717bd0"",""target_id"":""urn:uuid:b2cbbe30-5bf7-5845-957b-2de37d25ebf9"",""target_native_id"":null},""record_type"":""rights_assignment"",""recorded_at"":""2026-08-31T00:00:00Z"",""semantic_key"":""c80:openlogic:rights-assignment:artifact-1""}"
urn:uuid:104d55aa-970a-5ad1-9d72-2bdc165566cd,rights_assignment,"{""dataset_id"":""urn:uuid:fdfa2782-db96-5e60-bcb3-d206d78b960a"",""id"":""urn:uuid:104d55aa-970a-5ad1-9d72-2bdc165566cd"",""normalized_state"":""published"",""owner_authority_id"":""urn:uuid:ba324c09-ea3b-5b7d-a8de-40df0fcc5e83"",""owner_native_state"":""verified"",""payload"":{""assignment_state"":""effective"",""inheritance"":""direct_from_frozen_release"",""rights_id"":""urn:uuid:3f181e34-b5ab-550e-89bb-fd3d6c717bd0"",""target_id"":""urn:uuid:009e0ef3-7f58-51f5-92f6-a913a4292696"",""target_native_id"":null},""record_type"":""rights_assignment"",""recorded_at"":""2026-08-31T00:00:00Z"",""semantic_key"":""c80:openlogic:rights-assignment:artifact-2""}"
urn:uuid:5442a49c-621e-59b0-8e52-1f6224a41e4c,rights_assignment,"{""dataset_id"":""urn:uuid:fdfa2782-db96-5e60-bcb3-d206d78b960a"",""id"":""urn:uuid:5442a49c-621e-59b0-8e52-1f6224a41e4c"",""normalized_state"":""published"",""owner_authority_id"":""urn:uuid:ba324c09-ea3b-5b7d-a8de-40df0fcc5e83"",""owner_native_state"":""verified"",""payload"":{""assignment_state"":""effective"",""inheritance"":""direct_from_frozen_release"",""rights_id"":""urn:uuid:3f181e34-b5ab-550e-89bb-fd3d6c717bd0"",""target_id"":""urn:uuid:388c2c2b-d786-5650-b829-44b33a219269"",""target_native_id"":null},""record_type"":""rights_assignment"",""recorded_at"":""2026-08-31T00:00:00Z"",""semantic_key"":""c80:openlogic:rights-assignment:artifact-3""}"
urn:uuid:a2f43044-e15d-5b8a-846b-46ce744dfd41,rights_assignment,"{""dataset_id"":""urn:uuid:fdfa2782-db96-5e60-bcb3-d206d78b960a"",""id"":""urn:uuid:a2f43044-e15d-5b8a-846b-46ce744dfd41"",""normalized_state"":""published"",""owner_authority_id"":""urn:uuid:ba324c09-ea3b-5b7d-a8de-40df0fcc5e83"",""owner_native_state"":""verified"",""payload"":{""assignment_state"":""effective"",""inheritance"":""direct_from_frozen_release"",""rights_id"":""urn:uuid:3f181e34-b5ab-550e-89bb-fd3d6c717bd0"",""target_id"":""urn:uuid:80e3dafc-8684-5460-8a3a-8d74dbc9bd8c"",""target_native_id"":null},""record_type"":""rights_assignment"",""recorded_at"":""2026-08-31T00:00:00Z"",""semantic_key"":""c80:openlogic:rights-assignment:artifact-4""}"
urn:uuid:9d342d3e-5ee2-52d4-86f5-2678d63c0a03,rights_assignment,"{""dataset_id"":""urn:uuid:fdfa2782-db96-5e60-bcb3-d206d78b960a"",""id"":""urn:uuid:9d342d3e-5ee2-52d4-86f5-2678d63c0a03"",""normalized_state"":""published"",""owner_authority_id"":""urn:uuid:ba324c09-ea3b-5b7d-a8de-40df0fcc5e83"",""owner_native_state"":""verified"",""payload"":{""assignment_state"":""effective"",""inheritance"":""direct_from_frozen_release"",""rights_id"":""urn:uuid:3f181e34-b5ab-550e-89bb-fd3d6c717bd0"",""target_id"":""urn:uuid:ddbf869c-b623-52ef-89a8-f94ab656415d"",""target_native_id"":null},""record_type"":""rights_assignment"",""recorded_at"":""2026-08-31T00:00:00Z"",""semantic_key"":""c80:openlogic:rights-assignment:source-edition""}"
urn:uuid:132b986b-f1f9-5eaf-b304-ed3cfbb69e8e,rights_assignment,"{""dataset_id"":""urn:uuid:fdfa2782-db96-5e60-bcb3-d206d78b960a"",""id"":""urn:uuid:132b986b-f1f9-5eaf-b304-ed3cfbb69e8e"",""normalized_state"":""published"",""owner_authority_id"":""urn:uuid:ba324c09-ea3b-5b7d-a8de-40df0fcc5e83"",""owner_native_state"":""verified"",""payload"":{""assignment_state"":""effective"",""inheritance"":""direct_from_frozen_release"",""rights_id"":""urn:uuid:3f181e34-b5ab-550e-89bb-fd3d6c717bd0"",""target_id"":""urn:uuid:79e7c26f-be00-528c-9ca5-dbbdb85bf9b8"",""target_native_id"":null},""record_type"":""rights_assignment"",""recorded_at"":""2026-08-31T00:00:00Z"",""semantic_key"":""c80:openlogic:rights-assignment:target-edition""}"
urn:uuid:9aa2d5bd-eada-5a8e-926b-94bc6f6e8479,rights_assignment,"{""dataset_id"":""urn:uuid:fdfa2782-db96-5e60-bcb3-d206d78b960a"",""id"":""urn:uuid:9aa2d5bd-eada-5a8e-926b-94bc6f6e8479"",""normalized_state"":""published"",""owner_authority_id"":""urn:uuid:ba324c09-ea3b-5b7d-a8de-40df0fcc5e83"",""owner_native_state"":""verified"",""payload"":{""assignment_state"":""effective"",""inheritance"":""direct_from_frozen_edition"",""rights_id"":""urn:uuid:3f181e34-b5ab-550e-89bb-fd3d6c717bd0"",""target_id"":""urn:uuid:51928901-859c-5ecf-8a07-5587182bdbdc"",""target_native_id"":""OLP-0001""},""record_type"":""rights_assignment"",""recorded_at"":""2026-08-31T00:00:00Z"",""semantic_key"":""c80:openlogic:rights-assignment:unit:OLP-0001""}"
urn:uuid:32d85e79-23a6-5045-885b-cea5275f63fa,rights_assignment,"{""dataset_id"":""urn:uuid:fdfa2782-db96-5e60-bcb3-d206d78b960a"",""id"":""urn:uuid:32d85e79-23a6-5045-885b-cea5275f63fa"",""normalized_state"":""published"",""owner_authority_id"":""urn:uuid:ba324c09-ea3b-5b7d-a8de-40df0fcc5e83"",""owner_native_state"":""verified"",""payload"":{""assignment_state"":""effective"",""inheritance"":""direct_from_frozen_edition"",""rights_id"":""urn:uuid:3f181e34-b5ab-550e-89bb-fd3d6c717bd0"",""target_id"":""urn:uuid:e4cca590-1e0a-5f31-83d8-8e55fe938a66"",""target_native_id"":""OLP-0002""},""record_type"":""rights_assignment"",""recorded_at"":""2026-08-31T00:00:00Z"",""semantic_key"":""c80:openlogic:rights-assignment:unit:OLP-0002""}"
urn:uuid:d967ed4e-f132-58ea-a80e-2cb8171f0aa8,rights_assignment,"{""dataset_id"":""urn:uuid:fdfa2782-db96-5e60-bcb3-d206d78b960a"",""id"":""urn:uuid:d967ed4e-f132-58ea-a80e-2cb8171f0aa8"",""normalized_state"":""published"",""owner_authority_id"":""urn:uuid:ba324c09-ea3b-5b7d-a8de-40df0fcc5e83"",""owner_native_state"":""verified"",""payload"":{""assignment_state"":""effective"",""inheritance"":""direct_from_frozen_edition"",""rights_id"":""urn:uuid:3f181e34-b5ab-550e-89bb-fd3d6c717bd0"",""target_id"":""urn:uuid:803a955c-70a5-51f1-9a77-b2eae5ad8206"",""target_native_id"":""OLP-0003""},""record_type"":""rights_assignment"",""recorded_at"":""2026-08-31T00:00:00Z"",""semantic_key"":""c80:openlogic:rights-assignment:unit:OLP-0003""}"
urn:uuid:ba503f7c-5da3-561f-9e5b-684269f4f11f,rights_assignment,"{""dataset_id"":""urn:uuid:fdfa2782-db96-5e60-bcb3-d206d78b960a"",""id"":""urn:uuid:ba503f7c-5da3-561f-9e5b-684269f4f11f"",""normalized_state"":""published"",""owner_authority_id"":""urn:uuid:ba324c09-ea3b-5b7d-a8de-40df0fcc5e83"",""owner_native_state"":""verified"",""payload"":{""assignment_state"":""effective"",""inheritance"":""direct_from_frozen_edition"",""rights_id"":""urn:uuid:3f181e34-b5ab-550e-89bb-fd3d6c717bd0"",""target_id"":""urn:uuid:6d76ef07-1b8c-5723-a29e-ba5fe0a4eed4"",""target_native_id"":""OLP-0004""},""record_type"":""rights_assignment"",""recorded_at"":""2026-08-31T00:00:00Z"",""semantic_key"":""c80:openlogic:rights-assignment:unit:OLP-0004""}"
urn:uuid:471a78fa-c0f2-5a19-9ab5-86f2f0be2fa3,rights_assignment,"{""dataset_id"":""urn:uuid:fdfa2782-db96-5e60-bcb3-d206d78b960a"",""id"":""urn:uuid:471a78fa-c0f2-5a19-9ab5-86f2f0be2fa3"",""normalized_state"":""published"",""owner_authority_id"":""urn:uuid:ba324c09-ea3b-5b7d-a8de-40df0fcc5e83"",""owner_native_state"":""verified"",""payload"":{""assignment_state"":""effective"",""inheritance"":""direct_from_frozen_edition"",""rights_id"":""urn:uuid:3f181e34-b5ab-550e-89bb-fd3d6c717bd0"",""target_id"":""urn:uuid:78536932-374b-5352-819f-9b43ec8f2538"",""target_native_id"":""OLP-0005""},""record_type"":""rights_assignment"",""recorded_at"":""2026-08-31T00:00:00Z"",""semantic_key"":""c80:openlogic:rights-assignment:unit:OLP-0005""}"
urn:uuid:ad86e3bc-5b30-5de3-895e-4cfb2ae0ee87,rights_assignment,"{""dataset_id"":""urn:uuid:fdfa2782-db96-5e60-bcb3-d206d78b960a"",""id"":""urn:uuid:ad86e3bc-5b30-5de3-895e-4cfb2ae0ee87"",""normalized_state"":""published"",""owner_authority_id"":""urn:uuid:ba324c09-ea3b-5b7d-a8de-40df0fcc5e83"",""owner_native_state"":""verified"",""payload"":{""assignment_state"":""effective"",""inheritance"":""direct_from_frozen_edition"",""rights_id"":""urn:uuid:3f181e34-b5ab-550e-89bb-fd3d6c717bd0"",""target_id"":""urn:uuid:f321cde8-b855-578a-9c69-1de93713570e"",""target_native_id"":""OLP-0006""},""record_type"":""rights_assignment"",""recorded_at"":""2026-08-31T00:00:00Z"",""semantic_key"":""c80:openlogic:rights-assignment:unit:OLP-0006""}"
urn:uuid:ad35e305-e950-58d1-a6fd-a54f19a4e4c8,rights_assignment,"{""dataset_id"":""urn:uuid:fdfa2782-db96-5e60-bcb3-d206d78b960a"",""id"":""urn:uuid:ad35e305-e950-58d1-a6fd-a54f19a4e4c8"",""normalized_state"":""published"",""owner_authority_id"":""urn:uuid:ba324c09-ea3b-5b7d-a8de-40df0fcc5e83"",""owner_native_state"":""verified"",""payload"":{""assignment_state"":""effective"",""inheritance"":""direct_from_frozen_edition"",""rights_id"":""urn:uuid:3f181e34-b5ab-550e-89bb-fd3d6c717bd0"",""target_id"":""urn:uuid:a88830f1-8723-5baa-858b-c41382cf81c4"",""target_native_id"":""OLP-0007""},""record_type"":""rights_assignment"",""recorded_at"":""2026-08-31T00:00:00Z"",""semantic_key"":""c80:openlogic:rights-assignment:unit:OLP-0007""}"
urn:uuid:93c821af-dda6-54ee-a4ae-7dc14ea3332b,rights_assignment,"{""dataset_id"":""urn:uuid:fdfa2782-db96-5e60-bcb3-d206d78b960a"",""id"":""urn:uuid:93c821af-dda6-54ee-a4ae-7dc14ea3332b"",""normalized_state"":""published"",""owner_authority_id"":""urn:uuid:ba324c09-ea3b-5b7d-a8de-40df0fcc5e83"",""owner_native_state"":""verified"",""payload"":{""assignment_state"":""effective"",""inheritance"":""direct_from_frozen_edition"",""rights_id"":""urn:uuid:3f181e34-b5ab-550e-89bb-fd3d6c717bd0"",""target_id"":""urn:uuid:381a9420-93dc-5820-b966-e642424f4e93"",""target_native_id"":""OLP-0008""},""record_type"":""rights_assignment"",""recorded_at"":""2026-08-31T00:00:00Z"",""semantic_key"":""c80:openlogic:rights-assignment:unit:OLP-0008""}"
urn:uuid:b183ebb6-7bc5-5410-a00d-d3eff35bc465,rights_assignment,"{""dataset_id"":""urn:uuid:fdfa2782-db96-5e60-bcb3-d206d78b960a"",""id"":""urn:uuid:b183ebb6-7bc5-5410-a00d-d3eff35bc465"",""normalized_state"":""published"",""owner_authority_id"":""urn:uuid:ba324c09-ea3b-5b7d-a8de-40df0fcc5e83"",""owner_native_state"":""verified"",""payload"":{""assignment_state"":""effective"",""inheritance"":""direct_from_frozen_edition"",""rights_id"":""urn:uuid:3f181e34-b5ab-550e-89bb-fd3d6c717bd0"",""target_id"":""urn:uuid:0d7cad57-d37d-5daa-be9c-cbada63e0682"",""target_native_id"":""OLP-0009""},""record_type"":""rights_assignment"",""recorded_at"":""2026-08-31T00:00:00Z"",""semantic_key"":""c80:openlogic:rights-assignment:unit:OLP-0009""}"
urn:uuid:72ccbaaa-a6ce-547a-a0b5-4b1010a185ee,rights_assignment,"{""dataset_id"":""urn:uuid:fdfa2782-db96-5e60-bcb3-d206d78b960a"",""id"":""urn:uuid:72ccbaaa-a6ce-547a-a0b5-4b1010a185ee"",""normalized_state"":""published"",""owner_authority_id"":""urn:uuid:ba324c09-ea3b-5b7d-a8de-40df0fcc5e83"",""owner_native_state"":""verified"",""payload"":{""assignment_state"":""effective"",""inheritance"":""direct_from_frozen_edition"",""rights_id"":""urn:uuid:3f181e34-b5ab-550e-89bb-fd3d6c717bd0"",""target_id"":""urn:uuid:c1d6fb29-6075-5224-a7c7-541d9b3755a1"",""target_native_id"":""OLP-0010""},""record_type"":""rights_assignment"",""recorded_at"":""2026-08-31T00:00:00Z"",""semantic_key"":""c80:openlogic:rights-assignment:unit:OLP-0010""}"
urn:uuid:6b1fd6ce-dad3-593c-bf7b-d84b5d701239,rights_assignment,"{""dataset_id"":""urn:uuid:fdfa2782-db96-5e60-bcb3-d206d78b960a"",""id"":""urn:uuid:6b1fd6ce-dad3-593c-bf7b-d84b5d701239"",""normalized_state"":""published"",""owner_authority_id"":""urn:uuid:ba324c09-ea3b-5b7d-a8de-40df0fcc5e83"",""owner_native_state"":""verified"",""payload"":{""assignment_state"":""effective"",""inheritance"":""direct_from_frozen_edition"",""rights_id"":""urn:uuid:3f181e34-b5ab-550e-89bb-fd3d6c717bd0"",""target_id"":""urn:uuid:4c4f9976-9cec-5a7a-825f-263bf00c3aab"",""target_native_id"":""OLP-0011""},""record_type"":""rights_assignment"",""recorded_at"":""2026-08-31T00:00:00Z"",""semantic_key"":""c80:openlogic:rights-assignment:unit:OLP-0011""}"
urn:uuid:b659b801-6a36-5bff-a462-ec9ae52216f3,rights_assignment,"{""dataset_id"":""urn:uuid:fdfa2782-db96-5e60-bcb3-d206d78b960a"",""id"":""urn:uuid:b659b801-6a36-5bff-a462-ec9ae52216f3"",""normalized_state"":""published"",""owner_authority_id"":""urn:uuid:ba324c09-ea3b-5b7d-a8de-40df0fcc5e83"",""owner_native_state"":""verified"",""payload"":{""assignment_state"":""effective"",""inheritance"":""direct_from_frozen_edition"",""rights_id"":""urn:uuid:3f181e34-b5ab-550e-89bb-fd3d6c717bd0"",""target_id"":""urn:uuid:1c779b19-8ddb-5728-9205-09e3cb6a8f19"",""target_native_id"":""OLP-0012""},""record_type"":""rights_assignment"",""recorded_at"":""2026-08-31T00:00:00Z"",""semantic_key"":""c80:openlogic:rights-assignment:unit:OLP-0012""}"
urn:uuid:01b5433b-1b32-51c8-9c75-8e9fadb5b3fd,rights_assignment,"{""dataset_id"":""urn:uuid:fdfa2782-db96-5e60-bcb3-d206d78b960a"",""id"":""urn:uuid:01b5433b-1b32-51c8-9c75-8e9fadb5b3fd"",""normalized_state"":""published"",""owner_authority_id"":""urn:uuid:ba324c09-ea3b-5b7d-a8de-40df0fcc5e83"",""owner_native_state"":""verified"",""payload"":{""assignment_state"":""effective"",""inheritance"":""direct_from_frozen_edition"",""rights_id"":""urn:uuid:3f181e34-b5ab-550e-89bb-fd3d6c717bd0"",""target_id"":""urn:uuid:95a946b4-45db-5d8c-8e8c-67178820606d"",""target_native_id"":""OLP-0013""},""record_type"":""rights_assignment"",""recorded_at"":""2026-08-31T00:00:00Z"",""semantic_key"":""c80:openlogic:rights-assignment:unit:OLP-0013""}"
urn:uuid:5b68edba-a741-5372-9067-6eb4d00ea19c,rights_assignment,"{""dataset_id"":""urn:uuid:fdfa2782-db96-5e60-bcb3-d206d78b960a"",""id"":""urn:uuid:5b68edba-a741-5372-9067-6eb4d00ea19c"",""normalized_state"":""published"",""owner_authority_id"":""urn:uuid:ba324c09-ea3b-5b7d-a8de-40df0fcc5e83"",""owner_native_state"":""verified"",""payload"":{""assignment_state"":""effective"",""inheritance"":""direct_from_frozen_edition"",""rights_id"":""urn:uuid:3f181e34-b5ab-550e-89bb-fd3d6c717bd0"",""target_id"":""urn:uuid:2cde7cfc-a776-516a-99a4-81da23d8c02a"",""target_native_id"":""OLP-0014""},""record_type"":""rights_assignment"",""recorded_at"":""2026-08-31T00:00:00Z"",""semantic_key"":""c80:openlogic:rights-assignment:unit:OLP-0014""}"
urn:uuid:101a9fae-574c-5dcf-8194-ad63b3a1668e,rights_assignment,"{""dataset_id"":""urn:uuid:fdfa2782-db96-5e60-bcb3-d206d78b960a"",""id"":""urn:uuid:101a9fae-574c-5dcf-8194-ad63b3a1668e"",""normalized_state"":""published"",""owner_authority_id"":""urn:uuid:ba324c09-ea3b-5b7d-a8de-40df0fcc5e83"",""owner_native_state"":""verified"",""payload"":{""assignment_state"":""effective"",""inheritance"":""direct_from_frozen_edition"",""rights_id"":""urn:uuid:3f181e34-b5ab-550e-89bb-fd3d6c717bd0"",""target_id"":""urn:uuid:b2cd1837-c609-5735-8f5b-e8396fabc168"",""target_native_id"":""OLP-0015""},""record_type"":""rights_assignment"",""recorded_at"":""2026-08-31T00:00:00Z"",""semantic_key"":""c80:openlogic:rights-assignment:unit:OLP-0015""}"
urn:uuid:7a4bbed1-b5f0-590b-89e3-f9e5364d74d0,rights_assignment,"{""dataset_id"":""urn:uuid:fdfa2782-db96-5e60-bcb3-d206d78b960a"",""id"":""urn:uuid:7a4bbed1-b5f0-590b-89e3-f9e5364d74d0"",""normalized_state"":""published"",""owner_authority_id"":""urn:uuid:ba324c09-ea3b-5b7d-a8de-40df0fcc5e83"",""owner_native_state"":""verified"",""payload"":{""assignment_state"":""effective"",""inheritance"":""direct_from_frozen_edition"",""rights_id"":""urn:uuid:3f181e34-b5ab-550e-89bb-fd3d6c717bd0"",""target_id"":""urn:uuid:2cfdc5b3-a047-5fea-b74e-8ad7afc8aaf9"",""target_native_id"":""OLP-0016""},""record_type"":""rights_assignment"",""recorded_at"":""2026-08-31T00:00:00Z"",""semantic_key"":""c80:openlogic:rights-assignment:unit:OLP-0016""}"
urn:uuid:4ce696a9-f104-51b5-886e-5e996240fd75,rights_assignment,"{""dataset_id"":""urn:uuid:fdfa2782-db96-5e60-bcb3-d206d78b960a"",""id"":""urn:uuid:4ce696a9-f104-51b5-886e-5e996240fd75"",""normalized_state"":""published"",""owner_authority_id"":""urn:uuid:ba324c09-ea3b-5b7d-a8de-40df0fcc5e83"",""owner_native_state"":""verified"",""payload"":{""assignment_state"":""effective"",""inheritance"":""direct_from_frozen_edition"",""rights_id"":""urn:uuid:3f181e34-b5ab-550e-89bb-fd3d6c717bd0"",""target_id"":""urn:uuid:32815983-e46d-5cd8-a746-d6c4084803dc"",""target_native_id"":""OLP-0017""},""record_type"":""rights_assignment"",""recorded_at"":""2026-08-31T00:00:00Z"",""semantic_key"":""c80:openlogic:rights-assignment:unit:OLP-0017""}"
urn:uuid:8beee0e8-2140-56b0-9570-8343bdde8afa,rights_assignment,"{""dataset_id"":""urn:uuid:fdfa2782-db96-5e60-bcb3-d206d78b960a"",""id"":""urn:uuid:8beee0e8-2140-56b0-9570-8343bdde8afa"",""normalized_state"":""published"",""owner_authority_id"":""urn:uuid:ba324c09-ea3b-5b7d-a8de-40df0fcc5e83"",""owner_native_state"":""verified"",""payload"":{""assignment_state"":""effective"",""inheritance"":""direct_from_frozen_edition"",""rights_id"":""urn:uuid:3f181e34-b5ab-550e-89bb-fd3d6c717bd0"",""target_id"":""urn:uuid:9510ce44-18b8-5036-8d74-fdaed57516c8"",""target_native_id"":""OLP-0018""},""record_type"":""rights_assignment"",""recorded_at"":""2026-08-31T00:00:00Z"",""semantic_key"":""c80:openlogic:rights-assignment:unit:OLP-0018""}"
urn:uuid:276c5ba2-e240-5dfb-9120-1dccec318924,rights_assignment,"{""dataset_id"":""urn:uuid:fdfa2782-db96-5e60-bcb3-d206d78b960a"",""id"":""urn:uuid:276c5ba2-e240-5dfb-9120-1dccec318924"",""normalized_state"":""published"",""owner_authority_id"":""urn:uuid:ba324c09-ea3b-5b7d-a8de-40df0fcc5e83"",""owner_native_state"":""verified"",""payload"":{""assignment_state"":""effective"",""inheritance"":""direct_from_frozen_edition"",""rights_id"":""urn:uuid:3f181e34-b5ab-550e-89bb-fd3d6c717bd0"",""target_id"":""urn:uuid:7a14e8c8-f81c-5bda-ac9f-6ceb0e69dfe1"",""target_native_id"":""OLP-0019""},""record_type"":""rights_assignment"",""recorded_at"":""2026-08-31T00:00:00Z"",""semantic_key"":""c80:openlogic:rights-assignment:unit:OLP-0019""}"
urn:uuid:c5ac93f0-0f78-5241-812b-476165ec37b2,rights_assignment,"{""dataset_id"":""urn:uuid:fdfa2782-db96-5e60-bcb3-d206d78b960a"",""id"":""urn:uuid:c5ac93f0-0f78-5241-812b-476165ec37b2"",""normalized_state"":""published"",""owner_authority_id"":""urn:uuid:ba324c09-ea3b-5b7d-a8de-40df0fcc5e83"",""owner_native_state"":""verified"",""payload"":{""assignment_state"":""effective"",""inheritance"":""direct_from_frozen_edition"",""rights_id"":""urn:uuid:3f181e34-b5ab-550e-89bb-fd3d6c717bd0"",""target_id"":""urn:uuid:f0f15ba9-901e-5873-bd91-7ae23730293c"",""target_native_id"":""OLP-0020""},""record_type"":""rights_assignment"",""recorded_at"":""2026-08-31T00:00:00Z"",""semantic_key"":""c80:openlogic:rights-assignment:unit:OLP-0020""}"
urn:uuid:2d215a02-9fbd-5aa1-bb65-f553f98e5193,rights_assignment,"{""dataset_id"":""urn:uuid:fdfa2782-db96-5e60-bcb3-d206d78b960a"",""id"":""urn:uuid:2d215a02-9fbd-5aa1-bb65-f553f98e5193"",""normalized_state"":""published"",""owner_authority_id"":""urn:uuid:ba324c09-ea3b-5b7d-a8de-40df0fcc5e83"",""owner_native_state"":""verified"",""payload"":{""assignment_state"":""effective"",""inheritance"":""direct_from_frozen_edition"",""rights_id"":""urn:uuid:3f181e34-b5ab-550e-89bb-fd3d6c717bd0"",""target_id"":""urn:uuid:df54940d-45c8-5912-a2c2-85c3a22bc7ed"",""target_native_id"":""OLP-0021""},""record_type"":""rights_assignment"",""recorded_at"":""2026-08-31T00:00:00Z"",""semantic_key"":""c80:openlogic:rights-assignment:unit:OLP-0021""}"
urn:uuid:9d41b215-2bc7-5121-a630-6a29cf639d44,rights_assignment,"{""dataset_id"":""urn:uuid:fdfa2782-db96-5e60-bcb3-d206d78b960a"",""id"":""urn:uuid:9d41b215-2bc7-5121-a630-6a29cf639d44"",""normalized_state"":""published"",""owner_authority_id"":""urn:uuid:ba324c09-ea3b-5b7d-a8de-40df0fcc5e83"",""owner_native_state"":""verified"",""payload"":{""assignment_state"":""effective"",""inheritance"":""direct_from_frozen_edition"",""rights_id"":""urn:uuid:3f181e34-b5ab-550e-89bb-fd3d6c717bd0"",""target_id"":""urn:uuid:593adce4-aeb4-5069-98c4-6186a9b24d34"",""target_native_id"":""OLP-0022""},""record_type"":""rights_assignment"",""recorded_at"":""2026-08-31T00:00:00Z"",""semantic_key"":""c80:openlogic:rights-assignment:unit:OLP-0022""}"
urn:uuid:1748956d-208b-5d54-bf91-8f32ac4bc422,rights_assignment,"{""dataset_id"":""urn:uuid:fdfa2782-db96-5e60-bcb3-d206d78b960a"",""id"":""urn:uuid:1748956d-208b-5d54-bf91-8f32ac4bc422"",""normalized_state"":""published"",""owner_authority_id"":""urn:uuid:ba324c09-ea3b-5b7d-a8de-40df0fcc5e83"",""owner_native_state"":""verified"",""payload"":{""assignment_state"":""effective"",""inheritance"":""direct_from_frozen_edition"",""rights_id"":""urn:uuid:3f181e34-b5ab-550e-89bb-fd3d6c717bd0"",""target_id"":""urn:uuid:344dc61a-1d7e-5af4-a6b0-a04d826b1aeb"",""target_native_id"":""OLP-0023""},""record_type"":""rights_assignment"",""recorded_at"":""2026-08-31T00:00:00Z"",""semantic_key"":""c80:openlogic:rights-assignment:unit:OLP-0023""}"
urn:uuid:fd05a0e9-4ccb-57ca-ba80-cccfff883030,rights_assignment,"{""dataset_id"":""urn:uuid:fdfa2782-db96-5e60-bcb3-d206d78b960a"",""id"":""urn:uuid:fd05a0e9-4ccb-57ca-ba80-cccfff883030"",""normalized_state"":""published"",""owner_authority_id"":""urn:uuid:ba324c09-ea3b-5b7d-a8de-40df0fcc5e83"",""owner_native_state"":""verified"",""payload"":{""assignment_state"":""effective"",""inheritance"":""direct_from_frozen_edition"",""rights_id"":""urn:uuid:3f181e34-b5ab-550e-89bb-fd3d6c717bd0"",""target_id"":""urn:uuid:4168cb66-299e-5632-9061-b8dcfcd4ec62"",""target_native_id"":""OLP-0024""},""record_type"":""rights_assignment"",""recorded_at"":""2026-08-31T00:00:00Z"",""semantic_key"":""c80:openlogic:rights-assignment:unit:OLP-0024""}"
urn:uuid:dccd559c-446e-5608-bc21-ba8a4d319d01,rights_assignment,"{""dataset_id"":""urn:uuid:fdfa2782-db96-5e60-bcb3-d206d78b960a"",""id"":""urn:uuid:dccd559c-446e-5608-bc21-ba8a4d319d01"",""normalized_state"":""published"",""owner_authority_id"":""urn:uuid:ba324c09-ea3b-5b7d-a8de-40df0fcc5e83"",""owner_native_state"":""verified"",""payload"":{""assignment_state"":""effective"",""inheritance"":""direct_from_frozen_edition"",""rights_id"":""urn:uuid:3f181e34-b5ab-550e-89bb-fd3d6c717bd0"",""target_id"":""urn:uuid:f5ec2423-2e1f-5f6c-83d5-d09ec1049a99"",""target_native_id"":""OLP-0025""},""record_type"":""rights_assignment"",""recorded_at"":""2026-08-31T00:00:00Z"",""semantic_key"":""c80:openlogic:rights-assignment:unit:OLP-0025""}"
urn:uuid:4d399257-ad82-533a-beb0-3dc4cfa54184,rights_assignment,"{""dataset_id"":""urn:uuid:fdfa2782-db96-5e60-bcb3-d206d78b960a"",""id"":""urn:uuid:4d399257-ad82-533a-beb0-3dc4cfa54184"",""normalized_state"":""published"",""owner_authority_id"":""urn:uuid:ba324c09-ea3b-5b7d-a8de-40df0fcc5e83"",""owner_native_state"":""verified"",""payload"":{""assignment_state"":""effective"",""inheritance"":""direct_from_frozen_edition"",""rights_id"":""urn:uuid:3f181e34-b5ab-550e-89bb-fd3d6c717bd0"",""target_id"":""urn:uuid:7072efc4-3f05-5a55-b1d2-ffd7aab58a4c"",""target_native_id"":""OLP-0026""},""record_type"":""rights_assignment"",""recorded_at"":""2026-08-31T00:00:00Z"",""semantic_key"":""c80:openlogic:rights-assignment:unit:OLP-0026""}"
urn:uuid:f5a14156-e4e1-50ea-9e6f-a77c6bcee3c9,rights_assignment,"{""dataset_id"":""urn:uuid:fdfa2782-db96-5e60-bcb3-d206d78b960a"",""id"":""urn:uuid:f5a14156-e4e1-50ea-9e6f-a77c6bcee3c9"",""normalized_state"":""published"",""owner_authority_id"":""urn:uuid:ba324c09-ea3b-5b7d-a8de-40df0fcc5e83"",""owner_native_state"":""verified"",""payload"":{""assignment_state"":""effective"",""inheritance"":""direct_from_frozen_edition"",""rights_id"":""urn:uuid:3f181e34-b5ab-550e-89bb-fd3d6c717bd0"",""target_id"":""urn:uuid:2689bba8-0b0b-5287-ac50-13a3606b0186"",""target_native_id"":""OLP-0027""},""record_type"":""rights_assignment"",""recorded_at"":""2026-08-31T00:00:00Z"",""semantic_key"":""c80:openlogic:rights-assignment:unit:OLP-0027""}"
urn:uuid:f2fd0570-c795-564b-b6e4-3699beac5e73,rights_assignment,"{""dataset_id"":""urn:uuid:fdfa2782-db96-5e60-bcb3-d206d78b960a"",""id"":""urn:uuid:f2fd0570-c795-564b-b6e4-3699beac5e73"",""normalized_state"":""published"",""owner_authority_id"":""urn:uuid:ba324c09-ea3b-5b7d-a8de-40df0fcc5e83"",""owner_native_state"":""verified"",""payload"":{""assignment_state"":""effective"",""inheritance"":""direct_from_frozen_edition"",""rights_id"":""urn:uuid:3f181e34-b5ab-550e-89bb-fd3d6c717bd0"",""target_id"":""urn:uuid:3361d662-ca67-5136-a62a-f94dc5d675d8"",""target_native_id"":""OLP-0028""},""record_type"":""rights_assignment"",""recorded_at"":""2026-08-31T00:00:00Z"",""semantic_key"":""c80:openlogic:rights-assignment:unit:OLP-0028""}"
urn:uuid:3f56735e-201e-5e17-b8be-6a2dafc8ca76,rights_assignment,"{""dataset_id"":""urn:uuid:fdfa2782-db96-5e60-bcb3-d206d78b960a"",""id"":""urn:uuid:3f56735e-201e-5e17-b8be-6a2dafc8ca76"",""normalized_state"":""published"",""owner_authority_id"":""urn:uuid:ba324c09-ea3b-5b7d-a8de-40df0fcc5e83"",""owner_native_state"":""verified"",""payload"":{""assignment_state"":""effective"",""inheritance"":""direct_from_frozen_edition"",""rights_id"":""urn:uuid:3f181e34-b5ab-550e-89bb-fd3d6c717bd0"",""target_id"":""urn:uuid:5bbc1560-8483-536a-8709-fdef648bce40"",""target_native_id"":""OLP-0029""},""record_type"":""rights_assignment"",""recorded_at"":""2026-08-31T00:00:00Z"",""semantic_key"":""c80:openlogic:rights-assignment:unit:OLP-0029""}"
urn:uuid:e91e54da-36d0-50e1-b68b-bd3e25b6916a,rights_assignment,"{""dataset_id"":""urn:uuid:fdfa2782-db96-5e60-bcb3-d206d78b960a"",""id"":""urn:uuid:e91e54da-36d0-50e1-b68b-bd3e25b6916a"",""normalized_state"":""published"",""owner_authority_id"":""urn:uuid:ba324c09-ea3b-5b7d-a8de-40df0fcc5e83"",""owner_native_state"":""verified"",""payload"":{""assignment_state"":""effective"",""inheritance"":""direct_from_frozen_edition"",""rights_id"":""urn:uuid:3f181e34-b5ab-550e-89bb-fd3d6c717bd0"",""target_id"":""urn:uuid:52e184d0-162a-5442-9cae-853d67d33d94"",""target_native_id"":""OLP-0030""},""record_type"":""rights_assignment"",""recorded_at"":""2026-08-31T00:00:00Z"",""semantic_key"":""c80:openlogic:rights-assignment:unit:OLP-0030""}"
urn:uuid:25efd565-3506-52c9-95fc-9986f0e66251,rights_assignment,"{""dataset_id"":""urn:uuid:fdfa2782-db96-5e60-bcb3-d206d78b960a"",""id"":""urn:uuid:25efd565-3506-52c9-95fc-9986f0e66251"",""normalized_state"":""published"",""owner_authority_id"":""urn:uuid:ba324c09-ea3b-5b7d-a8de-40df0fcc5e83"",""owner_native_state"":""verified"",""payload"":{""assignment_state"":""effective"",""inheritance"":""direct_from_frozen_edition"",""rights_id"":""urn:uuid:3f181e34-b5ab-550e-89bb-fd3d6c717bd0"",""target_id"":""urn:uuid:2fb2f08a-efdc-54ba-aa23-9e18c62f59bb"",""target_native_id"":""OLP-0031""},""record_type"":""rights_assignment"",""recorded_at"":""2026-08-31T00:00:00Z"",""semantic_key"":""c80:openlogic:rights-assignment:unit:OLP-0031""}"
urn:uuid:722835a8-4ef3-5173-a02f-7335b2e464a3,rights_assignment,"{""dataset_id"":""urn:uuid:fdfa2782-db96-5e60-bcb3-d206d78b960a"",""id"":""urn:uuid:722835a8-4ef3-5173-a02f-7335b2e464a3"",""normalized_state"":""published"",""owner_authority_id"":""urn:uuid:ba324c09-ea3b-5b7d-a8de-40df0fcc5e83"",""owner_native_state"":""verified"",""payload"":{""assignment_state"":""effective"",""inheritance"":""direct_from_frozen_edition"",""rights_id"":""urn:uuid:3f181e34-b5ab-550e-89bb-fd3d6c717bd0"",""target_id"":""urn:uuid:0be0da47-3cc7-5d46-812d-0839e41bf30b"",""target_native_id"":""OLP-0032""},""record_type"":""rights_assignment"",""recorded_at"":""2026-08-31T00:00:00Z"",""semantic_key"":""c80:openlogic:rights-assignment:unit:OLP-0032""}"
urn:uuid:1ad3894d-3f17-56f9-bed5-f05ed720aa25,rights_assignment,"{""dataset_id"":""urn:uuid:fdfa2782-db96-5e60-bcb3-d206d78b960a"",""id"":""urn:uuid:1ad3894d-3f17-56f9-bed5-f05ed720aa25"",""normalized_state"":""published"",""owner_authority_id"":""urn:uuid:ba324c09-ea3b-5b7d-a8de-40df0fcc5e83"",""owner_native_state"":""verified"",""payload"":{""assignment_state"":""effective"",""inheritance"":""direct_from_frozen_edition"",""rights_id"":""urn:uuid:3f181e34-b5ab-550e-89bb-fd3d6c717bd0"",""target_id"":""urn:uuid:aed0e0b0-f907-55ee-a6d7-45807c19a85c"",""target_native_id"":""OLP-0033""},""record_type"":""rights_assignment"",""recorded_at"":""2026-08-31T00:00:00Z"",""semantic_key"":""c80:openlogic:rights-assignment:unit:OLP-0033""}"
urn:uuid:053838c8-d203-5658-8fd4-f89a44500572,rights_assignment,"{""dataset_id"":""urn:uuid:fdfa2782-db96-5e60-bcb3-d206d78b960a"",""id"":""urn:uuid:053838c8-d203-5658-8fd4-f89a44500572"",""normalized_state"":""published"",""owner_authority_id"":""urn:uuid:ba324c09-ea3b-5b7d-a8de-40df0fcc5e83"",""owner_native_state"":""verified"",""payload"":{""assignment_state"":""effective"",""inheritance"":""direct_from_frozen_edition"",""rights_id"":""urn:uuid:3f181e34-b5ab-550e-89bb-fd3d6c717bd0"",""target_id"":""urn:uuid:f9117e9e-5421-5c8a-804a-f49c2218c5e5"",""target_native_id"":""OLP-0034""},""record_type"":""rights_assignment"",""recorded_at"":""2026-08-31T00:00:00Z"",""semantic_key"":""c80:openlogic:rights-assignment:unit:OLP-0034""}"
urn:uuid:1531ffa7-65fe-5155-bd32-677f2e5f9255,rights_assignment,"{""dataset_id"":""urn:uuid:fdfa2782-db96-5e60-bcb3-d206d78b960a"",""id"":""urn:uuid:1531ffa7-65fe-5155-bd32-677f2e5f9255"",""normalized_state"":""published"",""owner_authority_id"":""urn:uuid:ba324c09-ea3b-5b7d-a8de-40df0fcc5e83"",""owner_native_state"":""verified"",""payload"":{""assignment_state"":""effective"",""inheritance"":""direct_from_frozen_edition"",""rights_id"":""urn:uuid:3f181e34-b5ab-550e-89bb-fd3d6c717bd0"",""target_id"":""urn:uuid:d04d1abc-a2f0-5863-8224-51c9c3511db7"",""target_native_id"":""OLP-0035""},""record_type"":""rights_assignment"",""recorded_at"":""2026-08-31T00:00:00Z"",""semantic_key"":""c80:openlogic:rights-assignment:unit:OLP-0035""}"
urn:uuid:0ead268e-8ed0-59ad-96c9-c53f98a7da23,rights_assignment,"{""dataset_id"":""urn:uuid:fdfa2782-db96-5e60-bcb3-d206d78b960a"",""id"":""urn:uuid:0ead268e-8ed0-59ad-96c9-c53f98a7da23"",""normalized_state"":""published"",""owner_authority_id"":""urn:uuid:ba324c09-ea3b-5b7d-a8de-40df0fcc5e83"",""owner_native_state"":""verified"",""payload"":{""assignment_state"":""effective"",""inheritance"":""direct_from_frozen_edition"",""rights_id"":""urn:uuid:3f181e34-b5ab-550e-89bb-fd3d6c717bd0"",""target_id"":""urn:uuid:84d0d400-f53b-5fa7-8826-b4da93e4ecff"",""target_native_id"":""OLP-0036""},""record_type"":""rights_assignment"",""recorded_at"":""2026-08-31T00:00:00Z"",""semantic_key"":""c80:openlogic:rights-assignment:unit:OLP-0036""}"
urn:uuid:786c59e4-f17a-5f8d-a608-3bca1dba4d18,rights_assignment,"{""dataset_id"":""urn:uuid:fdfa2782-db96-5e60-bcb3-d206d78b960a"",""id"":""urn:uuid:786c59e4-f17a-5f8d-a608-3bca1dba4d18"",""normalized_state"":""published"",""owner_authority_id"":""urn:uuid:ba324c09-ea3b-5b7d-a8de-40df0fcc5e83"",""owner_native_state"":""verified"",""payload"":{""assignment_state"":""effective"",""inheritance"":""direct_from_frozen_edition"",""rights_id"":""urn:uuid:3f181e34-b5ab-550e-89bb-fd3d6c717bd0"",""target_id"":""urn:uuid:5ee8c2c5-0eec-5316-baf1-5b941f7f4cc6"",""target_native_id"":""OLP-0037""},""record_type"":""rights_assignment"",""recorded_at"":""2026-08-31T00:00:00Z"",""semantic_key"":""c80:openlogic:rights-assignment:unit:OLP-0037""}"
urn:uuid:0604b3c8-3c9f-57d9-9489-acf4edffe6a8,rights_assignment,"{""dataset_id"":""urn:uuid:fdfa2782-db96-5e60-bcb3-d206d78b960a"",""id"":""urn:uuid:0604b3c8-3c9f-57d9-9489-acf4edffe6a8"",""normalized_state"":""published"",""owner_authority_id"":""urn:uuid:ba324c09-ea3b-5b7d-a8de-40df0fcc5e83"",""owner_native_state"":""verified"",""payload"":{""assignment_state"":""effective"",""inheritance"":""direct_from_frozen_edition"",""rights_id"":""urn:uuid:3f181e34-b5ab-550e-89bb-fd3d6c717bd0"",""target_id"":""urn:uuid:2731b0a4-51ea-5ee2-a3c8-72a455da219f"",""target_native_id"":""OLP-0038""},""record_type"":""rights_assignment"",""recorded_at"":""2026-08-31T00:00:00Z"",""semantic_key"":""c80:openlogic:rights-assignment:unit:OLP-0038""}"
urn:uuid:11c0a961-a297-5cd6-9874-ce9605ab465b,rights_assignment,"{""dataset_id"":""urn:uuid:fdfa2782-db96-5e60-bcb3-d206d78b960a"",""id"":""urn:uuid:11c0a961-a297-5cd6-9874-ce9605ab465b"",""normalized_state"":""published"",""owner_authority_id"":""urn:uuid:ba324c09-ea3b-5b7d-a8de-40df0fcc5e83"",""owner_native_state"":""verified"",""payload"":{""assignment_state"":""effective"",""inheritance"":""direct_from_frozen_edition"",""rights_id"":""urn:uuid:3f181e34-b5ab-550e-89bb-fd3d6c717bd0"",""target_id"":""urn:uuid:2a7aacb7-5406-5ef3-8687-5e9ecad9cb48"",""target_native_id"":""OLP-0039""},""record_type"":""rights_assignment"",""recorded_at"":""2026-08-31T00:00:00Z"",""semantic_key"":""c80:openlogic:rights-assignment:unit:OLP-0039""}"
urn:uuid:7f4ff9c4-0881-51dc-ac7d-873541db14f2,rights_assignment,"{""dataset_id"":""urn:uuid:fdfa2782-db96-5e60-bcb3-d206d78b960a"",""id"":""urn:uuid:7f4ff9c4-0881-51dc-ac7d-873541db14f2"",""normalized_state"":""published"",""owner_authority_id"":""urn:uuid:ba324c09-ea3b-5b7d-a8de-40df0fcc5e83"",""owner_native_state"":""verified"",""payload"":{""assignment_state"":""effective"",""inheritance"":""direct_from_frozen_edition"",""rights_id"":""urn:uuid:3f181e34-b5ab-550e-89bb-fd3d6c717bd0"",""target_id"":""urn:uuid:38c13ab3-7dab-5117-924e-5b486211ad03"",""target_native_id"":""OLP-0040""},""record_type"":""rights_assignment"",""recorded_at"":""2026-08-31T00:00:00Z"",""semantic_key"":""c80:openlogic:rights-assignment:unit:OLP-0040""}"
urn:uuid:d5adb94d-abfc-5f5b-bcdf-79a83d52ee1d,rights_assignment,"{""dataset_id"":""urn:uuid:fdfa2782-db96-5e60-bcb3-d206d78b960a"",""id"":""urn:uuid:d5adb94d-abfc-5f5b-bcdf-79a83d52ee1d"",""normalized_state"":""published"",""owner_authority_id"":""urn:uuid:ba324c09-ea3b-5b7d-a8de-40df0fcc5e83"",""owner_native_state"":""verified"",""payload"":{""assignment_state"":""effective"",""inheritance"":""direct_from_frozen_edition"",""rights_id"":""urn:uuid:3f181e34-b5ab-550e-89bb-fd3d6c717bd0"",""target_id"":""urn:uuid:6254cb38-da89-55d9-a46f-a3f47e8a8af2"",""target_native_id"":""OLP-0041""},""record_type"":""rights_assignment"",""recorded_at"":""2026-08-31T00:00:00Z"",""semantic_key"":""c80:openlogic:rights-assignment:unit:OLP-0041""}"
urn:uuid:273b844a-f5fc-5204-94cf-fbf8ff5d1a0a,rights_assignment,"{""dataset_id"":""urn:uuid:fdfa2782-db96-5e60-bcb3-d206d78b960a"",""id"":""urn:uuid:273b844a-f5fc-5204-94cf-fbf8ff5d1a0a"",""normalized_state"":""published"",""owner_authority_id"":""urn:uuid:ba324c09-ea3b-5b7d-a8de-40df0fcc5e83"",""owner_native_state"":""verified"",""payload"":{""assignment_state"":""effective"",""inheritance"":""direct_from_frozen_edition"",""rights_id"":""urn:uuid:3f181e34-b5ab-550e-89bb-fd3d6c717bd0"",""target_id"":""urn:uuid:cfc3a078-2c5a-5c7c-ac02-eb4ef46cb702"",""target_native_id"":""OLP-0042""},""record_type"":""rights_assignment"",""recorded_at"":""2026-08-31T00:00:00Z"",""semantic_key"":""c80:openlogic:rights-assignment:unit:OLP-0042""}"
urn:uuid:f78e6219-729d-565a-81a2-a980d656700b,rights_assignment,"{""dataset_id"":""urn:uuid:fdfa2782-db96-5e60-bcb3-d206d78b960a"",""id"":""urn:uuid:f78e6219-729d-565a-81a2-a980d656700b"",""normalized_state"":""published"",""owner_authority_id"":""urn:uuid:ba324c09-ea3b-5b7d-a8de-40df0fcc5e83"",""owner_native_state"":""verified"",""payload"":{""assignment_state"":""effective"",""inheritance"":""direct_from_frozen_edition"",""rights_id"":""urn:uuid:3f181e34-b5ab-550e-89bb-fd3d6c717bd0"",""target_id"":""urn:uuid:a906c3a1-e150-5fd3-8019-7182576ec2f2"",""target_native_id"":""OLP-0043""},""record_type"":""rights_assignment"",""recorded_at"":""2026-08-31T00:00:00Z"",""semantic_key"":""c80:openlogic:rights-assignment:unit:OLP-0043""}"
urn:uuid:b00275ae-9252-5188-83e5-2502f300ad24,rights_assignment,"{""dataset_id"":""urn:uuid:fdfa2782-db96-5e60-bcb3-d206d78b960a"",""id"":""urn:uuid:b00275ae-9252-5188-83e5-2502f300ad24"",""normalized_state"":""published"",""owner_authority_id"":""urn:uuid:ba324c09-ea3b-5b7d-a8de-40df0fcc5e83"",""owner_native_state"":""verified"",""payload"":{""assignment_state"":""effective"",""inheritance"":""direct_from_frozen_edition"",""rights_id"":""urn:uuid:3f181e34-b5ab-550e-89bb-fd3d6c717bd0"",""target_id"":""urn:uuid:0c383301-f359-5928-95dc-0c6ea0459193"",""target_native_id"":""OLP-0044""},""record_type"":""rights_assignment"",""recorded_at"":""2026-08-31T00:00:00Z"",""semantic_key"":""c80:openlogic:rights-assignment:unit:OLP-0044""}"
urn:uuid:8618b71b-0a6a-530b-9fb1-77231c27fd5a,rights_assignment,"{""dataset_id"":""urn:uuid:fdfa2782-db96-5e60-bcb3-d206d78b960a"",""id"":""urn:uuid:8618b71b-0a6a-530b-9fb1-77231c27fd5a"",""normalized_state"":""published"",""owner_authority_id"":""urn:uuid:ba324c09-ea3b-5b7d-a8de-40df0fcc5e83"",""owner_native_state"":""verified"",""payload"":{""assignment_state"":""effective"",""inheritance"":""direct_from_frozen_edition"",""rights_id"":""urn:uuid:3f181e34-b5ab-550e-89bb-fd3d6c717bd0"",""target_id"":""urn:uuid:a61a7732-e655-572c-b0a4-d3492b75d3b9"",""target_native_id"":""OLP-0045""},""record_type"":""rights_assignment"",""recorded_at"":""2026-08-31T00:00:00Z"",""semantic_key"":""c80:openlogic:rights-assignment:unit:OLP-0045""}"
urn:uuid:bc6c5c41-d510-5b0c-b0a4-37ed81e565e0,rights_assignment,"{""dataset_id"":""urn:uuid:fdfa2782-db96-5e60-bcb3-d206d78b960a"",""id"":""urn:uuid:bc6c5c41-d510-5b0c-b0a4-37ed81e565e0"",""normalized_state"":""published"",""owner_authority_id"":""urn:uuid:ba324c09-ea3b-5b7d-a8de-40df0fcc5e83"",""owner_native_state"":""verified"",""payload"":{""assignment_state"":""effective"",""inheritance"":""direct_from_frozen_edition"",""rights_id"":""urn:uuid:3f181e34-b5ab-550e-89bb-fd3d6c717bd0"",""target_id"":""urn:uuid:39d341c9-734f-5e04-a09c-1d2ab1f07592"",""target_native_id"":""OLP-0046""},""record_type"":""rights_assignment"",""recorded_at"":""2026-08-31T00:00:00Z"",""semantic_key"":""c80:openlogic:rights-assignment:unit:OLP-0046""}"
urn:uuid:a73b4c8f-7e99-57b2-bfad-95ffa9c7ee8a,rights_assignment,"{""dataset_id"":""urn:uuid:fdfa2782-db96-5e60-bcb3-d206d78b960a"",""id"":""urn:uuid:a73b4c8f-7e99-57b2-bfad-95ffa9c7ee8a"",""normalized_state"":""published"",""owner_authority_id"":""urn:uuid:ba324c09-ea3b-5b7d-a8de-40df0fcc5e83"",""owner_native_state"":""verified"",""payload"":{""assignment_state"":""effective"",""inheritance"":""direct_from_frozen_edition"",""rights_id"":""urn:uuid:3f181e34-b5ab-550e-89bb-fd3d6c717bd0"",""target_id"":""urn:uuid:f2c5f418-6bde-5dbf-afb7-8e1e69acaa6b"",""target_native_id"":""OLP-0047""},""record_type"":""rights_assignment"",""recorded_at"":""2026-08-31T00:00:00Z"",""semantic_key"":""c80:openlogic:rights-assignment:unit:OLP-0047""}"
urn:uuid:0afb2cbc-fa21-5a5c-a40e-9d0fdf2d6e61,rights_assignment,"{""dataset_id"":""urn:uuid:fdfa2782-db96-5e60-bcb3-d206d78b960a"",""id"":""urn:uuid:0afb2cbc-fa21-5a5c-a40e-9d0fdf2d6e61"",""normalized_state"":""published"",""owner_authority_id"":""urn:uuid:ba324c09-ea3b-5b7d-a8de-40df0fcc5e83"",""owner_native_state"":""verified"",""payload"":{""assignment_state"":""effective"",""inheritance"":""direct_from_frozen_edition"",""rights_id"":""urn:uuid:3f181e34-b5ab-550e-89bb-fd3d6c717bd0"",""target_id"":""urn:uuid:e7353f93-2e04-54f9-bcda-2eccb9d1fa32"",""target_native_id"":""OLP-0048""},""record_type"":""rights_assignment"",""recorded_at"":""2026-08-31T00:00:00Z"",""semantic_key"":""c80:openlogic:rights-assignment:unit:OLP-0048""}"
urn:uuid:624e3b66-2aea-5b50-af19-b60d7e65751b,rights_assignment,"{""dataset_id"":""urn:uuid:fdfa2782-db96-5e60-bcb3-d206d78b960a"",""id"":""urn:uuid:624e3b66-2aea-5b50-af19-b60d7e65751b"",""normalized_state"":""published"",""owner_authority_id"":""urn:uuid:ba324c09-ea3b-5b7d-a8de-40df0fcc5e83"",""owner_native_state"":""verified"",""payload"":{""assignment_state"":""effective"",""inheritance"":""direct_from_frozen_edition"",""rights_id"":""urn:uuid:3f181e34-b5ab-550e-89bb-fd3d6c717bd0"",""target_id"":""urn:uuid:04d19ad8-b9ed-51bf-af42-baca09e7c9c4"",""target_native_id"":""OLP-0049""},""record_type"":""rights_assignment"",""recorded_at"":""2026-08-31T00:00:00Z"",""semantic_key"":""c80:openlogic:rights-assignment:unit:OLP-0049""}"
urn:uuid:41896b0c-3531-5eda-889a-dd884c7e8644,rights_assignment,"{""dataset_id"":""urn:uuid:fdfa2782-db96-5e60-bcb3-d206d78b960a"",""id"":""urn:uuid:41896b0c-3531-5eda-889a-dd884c7e8644"",""normalized_state"":""published"",""owner_authority_id"":""urn:uuid:ba324c09-ea3b-5b7d-a8de-40df0fcc5e83"",""owner_native_state"":""verified"",""payload"":{""assignment_state"":""effective"",""inheritance"":""direct_from_frozen_edition"",""rights_id"":""urn:uuid:3f181e34-b5ab-550e-89bb-fd3d6c717bd0"",""target_id"":""urn:uuid:08bebb7a-d4b7-5b2f-a3b0-4897ffb8ea5e"",""target_native_id"":""OLP-0050""},""record_type"":""rights_assignment"",""recorded_at"":""2026-08-31T00:00:00Z"",""semantic_key"":""c80:openlogic:rights-assignment:unit:OLP-0050""}"
urn:uuid:370827a4-6644-5dfb-bda6-e1b8b1cac9a5,rights_assignment,"{""dataset_id"":""urn:uuid:fdfa2782-db96-5e60-bcb3-d206d78b960a"",""id"":""urn:uuid:370827a4-6644-5dfb-bda6-e1b8b1cac9a5"",""normalized_state"":""published"",""owner_authority_id"":""urn:uuid:ba324c09-ea3b-5b7d-a8de-40df0fcc5e83"",""owner_native_state"":""verified"",""payload"":{""assignment_state"":""effective"",""inheritance"":""direct_from_frozen_edition"",""rights_id"":""urn:uuid:3f181e34-b5ab-550e-89bb-fd3d6c717bd0"",""target_id"":""urn:uuid:bfb03e95-2b17-52bf-86ab-820335833512"",""target_native_id"":""OLP-0051""},""record_type"":""rights_assignment"",""recorded_at"":""2026-08-31T00:00:00Z"",""semantic_key"":""c80:openlogic:rights-assignment:unit:OLP-0051""}"
urn:uuid:4958da8c-1f15-5dbf-a9ec-b3bafc5b63e2,rights_assignment,"{""dataset_id"":""urn:uuid:fdfa2782-db96-5e60-bcb3-d206d78b960a"",""id"":""urn:uuid:4958da8c-1f15-5dbf-a9ec-b3bafc5b63e2"",""normalized_state"":""published"",""owner_authority_id"":""urn:uuid:ba324c09-ea3b-5b7d-a8de-40df0fcc5e83"",""owner_native_state"":""verified"",""payload"":{""assignment_state"":""effective"",""inheritance"":""direct_from_frozen_edition"",""rights_id"":""urn:uuid:3f181e34-b5ab-550e-89bb-fd3d6c717bd0"",""target_id"":""urn:uuid:6f54973e-6108-5ff6-b05e-b65e6e549ee6"",""target_native_id"":""OLP-0052""},""record_type"":""rights_assignment"",""recorded_at"":""2026-08-31T00:00:00Z"",""semantic_key"":""c80:openlogic:rights-assignment:unit:OLP-0052""}"
urn:uuid:482f0517-4fff-5740-97b5-1de64a0b8104,rights_assignment,"{""dataset_id"":""urn:uuid:fdfa2782-db96-5e60-bcb3-d206d78b960a"",""id"":""urn:uuid:482f0517-4fff-5740-97b5-1de64a0b8104"",""normalized_state"":""published"",""owner_authority_id"":""urn:uuid:ba324c09-ea3b-5b7d-a8de-40df0fcc5e83"",""owner_native_state"":""verified"",""payload"":{""assignment_state"":""effective"",""inheritance"":""direct_from_frozen_edition"",""rights_id"":""urn:uuid:3f181e34-b5ab-550e-89bb-fd3d6c717bd0"",""target_id"":""urn:uuid:5935b3f0-1b8c-5b83-8aba-4c14a3fc36b2"",""target_native_id"":""OLP-0053""},""record_type"":""rights_assignment"",""recorded_at"":""2026-08-31T00:00:00Z"",""semantic_key"":""c80:openlogic:rights-assignment:unit:OLP-0053""}"
urn:uuid:48eec037-4763-5b38-8b28-9dd699fb66f1,rights_assignment,"{""dataset_id"":""urn:uuid:fdfa2782-db96-5e60-bcb3-d206d78b960a"",""id"":""urn:uuid:48eec037-4763-5b38-8b28-9dd699fb66f1"",""normalized_state"":""published"",""owner_authority_id"":""urn:uuid:ba324c09-ea3b-5b7d-a8de-40df0fcc5e83"",""owner_native_state"":""verified"",""payload"":{""assignment_state"":""effective"",""inheritance"":""direct_from_frozen_edition"",""rights_id"":""urn:uuid:3f181e34-b5ab-550e-89bb-fd3d6c717bd0"",""target_id"":""urn:uuid:6813d5f0-9761-5716-a425-9dedbdd6c353"",""target_native_id"":""OLP-0054""},""record_type"":""rights_assignment"",""recorded_at"":""2026-08-31T00:00:00Z"",""semantic_key"":""c80:openlogic:rights-assignment:unit:OLP-0054""}"
urn:uuid:0eb113ca-0c81-5842-8772-8620b90a1bc5,rights_assignment,"{""dataset_id"":""urn:uuid:fdfa2782-db96-5e60-bcb3-d206d78b960a"",""id"":""urn:uuid:0eb113ca-0c81-5842-8772-8620b90a1bc5"",""normalized_state"":""published"",""owner_authority_id"":""urn:uuid:ba324c09-ea3b-5b7d-a8de-40df0fcc5e83"",""owner_native_state"":""verified"",""payload"":{""assignment_state"":""effective"",""inheritance"":""direct_from_frozen_edition"",""rights_id"":""urn:uuid:3f181e34-b5ab-550e-89bb-fd3d6c717bd0"",""target_id"":""urn:uuid:155897e8-c47f-5770-b6b2-355b2ffdf120"",""target_native_id"":""OLP-0055""},""record_type"":""rights_assignment"",""recorded_at"":""2026-08-31T00:00:00Z"",""semantic_key"":""c80:openlogic:rights-assignment:unit:OLP-0055""}"
urn:uuid:bd74b44c-249b-59ce-9675-d99854ebc08a,rights_assignment,"{""dataset_id"":""urn:uuid:fdfa2782-db96-5e60-bcb3-d206d78b960a"",""id"":""urn:uuid:bd74b44c-249b-59ce-9675-d99854ebc08a"",""normalized_state"":""published"",""owner_authority_id"":""urn:uuid:ba324c09-ea3b-5b7d-a8de-40df0fcc5e83"",""owner_native_state"":""verified"",""payload"":{""assignment_state"":""effective"",""inheritance"":""direct_from_frozen_edition"",""rights_id"":""urn:uuid:3f181e34-b5ab-550e-89bb-fd3d6c717bd0"",""target_id"":""urn:uuid:1b055a25-9911-57f5-9c14-462821b093e9"",""target_native_id"":""OLP-0056""},""record_type"":""rights_assignment"",""recorded_at"":""2026-08-31T00:00:00Z"",""semantic_key"":""c80:openlogic:rights-assignment:unit:OLP-0056""}"
urn:uuid:75931d08-3900-57b6-9cc5-f06a16db130f,rights_assignment,"{""dataset_id"":""urn:uuid:fdfa2782-db96-5e60-bcb3-d206d78b960a"",""id"":""urn:uuid:75931d08-3900-57b6-9cc5-f06a16db130f"",""normalized_state"":""published"",""owner_authority_id"":""urn:uuid:ba324c09-ea3b-5b7d-a8de-40df0fcc5e83"",""owner_native_state"":""verified"",""payload"":{""assignment_state"":""effective"",""inheritance"":""direct_from_frozen_edition"",""rights_id"":""urn:uuid:3f181e34-b5ab-550e-89bb-fd3d6c717bd0"",""target_id"":""urn:uuid:b635318a-97a3-59b3-a8e2-16ecbf40cae1"",""target_native_id"":""OLP-0057""},""record_type"":""rights_assignment"",""recorded_at"":""2026-08-31T00:00:00Z"",""semantic_key"":""c80:openlogic:rights-assignment:unit:OLP-0057""}"
urn:uuid:a7a3a4ad-14e6-5ca9-81b9-ea59836f7b84,rights_assignment,"{""dataset_id"":""urn:uuid:fdfa2782-db96-5e60-bcb3-d206d78b960a"",""id"":""urn:uuid:a7a3a4ad-14e6-5ca9-81b9-ea59836f7b84"",""normalized_state"":""published"",""owner_authority_id"":""urn:uuid:ba324c09-ea3b-5b7d-a8de-40df0fcc5e83"",""owner_native_state"":""verified"",""payload"":{""assignment_state"":""effective"",""inheritance"":""direct_from_frozen_edition"",""rights_id"":""urn:uuid:3f181e34-b5ab-550e-89bb-fd3d6c717bd0"",""target_id"":""urn:uuid:14778697-85c5-5ca8-a19f-f9eac375dfa9"",""target_native_id"":""OLP-0058""},""record_type"":""rights_assignment"",""recorded_at"":""2026-08-31T00:00:00Z"",""semantic_key"":""c80:openlogic:rights-assignment:unit:OLP-0058""}"
urn:uuid:b24ca2ee-3642-5682-9b94-fdac35e8814d,rights_assignment,"{""dataset_id"":""urn:uuid:fdfa2782-db96-5e60-bcb3-d206d78b960a"",""id"":""urn:uuid:b24ca2ee-3642-5682-9b94-fdac35e8814d"",""normalized_state"":""published"",""owner_authority_id"":""urn:uuid:ba324c09-ea3b-5b7d-a8de-40df0fcc5e83"",""owner_native_state"":""verified"",""payload"":{""assignment_state"":""effective"",""inheritance"":""direct_from_frozen_edition"",""rights_id"":""urn:uuid:3f181e34-b5ab-550e-89bb-fd3d6c717bd0"",""target_id"":""urn:uuid:8ccbf0d8-dc00-549c-a3bc-49ecef03855b"",""target_native_id"":""OLP-0059""},""record_type"":""rights_assignment"",""recorded_at"":""2026-08-31T00:00:00Z"",""semantic_key"":""c80:openlogic:rights-assignment:unit:OLP-0059""}"
urn:uuid:692a320c-ede3-5834-8f16-ad2dfeae556d,rights_assignment,"{""dataset_id"":""urn:uuid:fdfa2782-db96-5e60-bcb3-d206d78b960a"",""id"":""urn:uuid:692a320c-ede3-5834-8f16-ad2dfeae556d"",""normalized_state"":""published"",""owner_authority_id"":""urn:uuid:ba324c09-ea3b-5b7d-a8de-40df0fcc5e83"",""owner_native_state"":""verified"",""payload"":{""assignment_state"":""effective"",""inheritance"":""direct_from_frozen_edition"",""rights_id"":""urn:uuid:3f181e34-b5ab-550e-89bb-fd3d6c717bd0"",""target_id"":""urn:uuid:4d078e45-d18c-5f73-b207-358afeff1041"",""target_native_id"":""OLP-0060""},""record_type"":""rights_assignment"",""recorded_at"":""2026-08-31T00:00:00Z"",""semantic_key"":""c80:openlogic:rights-assignment:unit:OLP-0060""}"
urn:uuid:0d5e34e2-51b2-5925-ad9f-1386088392dd,rights_assignment,"{""dataset_id"":""urn:uuid:fdfa2782-db96-5e60-bcb3-d206d78b960a"",""id"":""urn:uuid:0d5e34e2-51b2-5925-ad9f-1386088392dd"",""normalized_state"":""published"",""owner_authority_id"":""urn:uuid:ba324c09-ea3b-5b7d-a8de-40df0fcc5e83"",""owner_native_state"":""verified"",""payload"":{""assignment_state"":""effective"",""inheritance"":""direct_from_frozen_edition"",""rights_id"":""urn:uuid:3f181e34-b5ab-550e-89bb-fd3d6c717bd0"",""target_id"":""urn:uuid:709d5fbc-bec9-55e3-94d6-261d9ecc3de1"",""target_native_id"":""OLP-0061""},""record_type"":""rights_assignment"",""recorded_at"":""2026-08-31T00:00:00Z"",""semantic_key"":""c80:openlogic:rights-assignment:unit:OLP-0061""}"
urn:uuid:7940c66a-944c-5014-bac3-3c7cf6ead117,rights_assignment,"{""dataset_id"":""urn:uuid:fdfa2782-db96-5e60-bcb3-d206d78b960a"",""id"":""urn:uuid:7940c66a-944c-5014-bac3-3c7cf6ead117"",""normalized_state"":""published"",""owner_authority_id"":""urn:uuid:ba324c09-ea3b-5b7d-a8de-40df0fcc5e83"",""owner_native_state"":""verified"",""payload"":{""assignment_state"":""effective"",""inheritance"":""direct_from_frozen_edition"",""rights_id"":""urn:uuid:3f181e34-b5ab-550e-89bb-fd3d6c717bd0"",""target_id"":""urn:uuid:0800f049-003d-52fd-8a53-5bd96fb7e357"",""target_native_id"":""OLP-0062""},""record_type"":""rights_assignment"",""recorded_at"":""2026-08-31T00:00:00Z"",""semantic_key"":""c80:openlogic:rights-assignment:unit:OLP-0062""}"
urn:uuid:95ba5b07-99ac-5bf5-a3ce-8c35bd3ee0b7,rights_assignment,"{""dataset_id"":""urn:uuid:fdfa2782-db96-5e60-bcb3-d206d78b960a"",""id"":""urn:uuid:95ba5b07-99ac-5bf5-a3ce-8c35bd3ee0b7"",""normalized_state"":""published"",""owner_authority_id"":""urn:uuid:ba324c09-ea3b-5b7d-a8de-40df0fcc5e83"",""owner_native_state"":""verified"",""payload"":{""assignment_state"":""effective"",""inheritance"":""direct_from_frozen_edition"",""rights_id"":""urn:uuid:3f181e34-b5ab-550e-89bb-fd3d6c717bd0"",""target_id"":""urn:uuid:917a4262-46cf-5da4-9d1d-5d75446eb3d4"",""target_native_id"":""OLP-0063""},""record_type"":""rights_assignment"",""recorded_at"":""2026-08-31T00:00:00Z"",""semantic_key"":""c80:openlogic:rights-assignment:unit:OLP-0063""}"
urn:uuid:cf85401d-e029-5382-98ff-9f02ec506539,rights_assignment,"{""dataset_id"":""urn:uuid:fdfa2782-db96-5e60-bcb3-d206d78b960a"",""id"":""urn:uuid:cf85401d-e029-5382-98ff-9f02ec506539"",""normalized_state"":""published"",""owner_authority_id"":""urn:uuid:ba324c09-ea3b-5b7d-a8de-40df0fcc5e83"",""owner_native_state"":""verified"",""payload"":{""assignment_state"":""effective"",""inheritance"":""direct_from_frozen_edition"",""rights_id"":""urn:uuid:3f181e34-b5ab-550e-89bb-fd3d6c717bd0"",""target_id"":""urn:uuid:6820c97d-c977-5e8f-a1da-9141a8053813"",""target_native_id"":""OLP-0064""},""record_type"":""rights_assignment"",""recorded_at"":""2026-08-31T00:00:00Z"",""semantic_key"":""c80:openlogic:rights-assignment:unit:OLP-0064""}"
urn:uuid:9a341ab7-40e5-5d02-8cdd-c15b389f7484,rights_assignment,"{""dataset_id"":""urn:uuid:fdfa2782-db96-5e60-bcb3-d206d78b960a"",""id"":""urn:uuid:9a341ab7-40e5-5d02-8cdd-c15b389f7484"",""normalized_state"":""published"",""owner_authority_id"":""urn:uuid:ba324c09-ea3b-5b7d-a8de-40df0fcc5e83"",""owner_native_state"":""verified"",""payload"":{""assignment_state"":""effective"",""inheritance"":""direct_from_frozen_edition"",""rights_id"":""urn:uuid:3f181e34-b5ab-550e-89bb-fd3d6c717bd0"",""target_id"":""urn:uuid:735162f1-4fba-5ff9-9d8d-721af64d1d76"",""target_native_id"":""OLP-0065""},""record_type"":""rights_assignment"",""recorded_at"":""2026-08-31T00:00:00Z"",""semantic_key"":""c80:openlogic:rights-assignment:unit:OLP-0065""}"
urn:uuid:514b7fbe-b89a-52d9-9a60-e60170850f50,rights_assignment,"{""dataset_id"":""urn:uuid:fdfa2782-db96-5e60-bcb3-d206d78b960a"",""id"":""urn:uuid:514b7fbe-b89a-52d9-9a60-e60170850f50"",""normalized_state"":""published"",""owner_authority_id"":""urn:uuid:ba324c09-ea3b-5b7d-a8de-40df0fcc5e83"",""owner_native_state"":""verified"",""payload"":{""assignment_state"":""effective"",""inheritance"":""direct_from_frozen_edition"",""rights_id"":""urn:uuid:3f181e34-b5ab-550e-89bb-fd3d6c717bd0"",""target_id"":""urn:uuid:de32f224-463e-5d88-9cd9-7e331a5ec8b0"",""target_native_id"":""OLP-0066""},""record_type"":""rights_assignment"",""recorded_at"":""2026-08-31T00:00:00Z"",""semantic_key"":""c80:openlogic:rights-assignment:unit:OLP-0066""}"
urn:uuid:e0b51e3e-bc30-5add-876c-cf35b49b715f,rights_assignment,"{""dataset_id"":""urn:uuid:fdfa2782-db96-5e60-bcb3-d206d78b960a"",""id"":""urn:uuid:e0b51e3e-bc30-5add-876c-cf35b49b715f"",""normalized_state"":""published"",""owner_authority_id"":""urn:uuid:ba324c09-ea3b-5b7d-a8de-40df0fcc5e83"",""owner_native_state"":""verified"",""payload"":{""assignment_state"":""effective"",""inheritance"":""direct_from_frozen_edition"",""rights_id"":""urn:uuid:3f181e34-b5ab-550e-89bb-fd3d6c717bd0"",""target_id"":""urn:uuid:b8246629-0f57-5376-ad46-6dcc27301714"",""target_native_id"":""OLP-0067""},""record_type"":""rights_assignment"",""recorded_at"":""2026-08-31T00:00:00Z"",""semantic_key"":""c80:openlogic:rights-assignment:unit:OLP-0067""}"
urn:uuid:46311544-4a6e-5c0e-939e-2ad02cbf9dfb,rights_assignment,"{""dataset_id"":""urn:uuid:fdfa2782-db96-5e60-bcb3-d206d78b960a"",""id"":""urn:uuid:46311544-4a6e-5c0e-939e-2ad02cbf9dfb"",""normalized_state"":""published"",""owner_authority_id"":""urn:uuid:ba324c09-ea3b-5b7d-a8de-40df0fcc5e83"",""owner_native_state"":""verified"",""payload"":{""assignment_state"":""effective"",""inheritance"":""direct_from_frozen_edition"",""rights_id"":""urn:uuid:3f181e34-b5ab-550e-89bb-fd3d6c717bd0"",""target_id"":""urn:uuid:b082d8be-dd59-5198-b6ec-a9af13515df0"",""target_native_id"":""OLP-0068""},""record_type"":""rights_assignment"",""recorded_at"":""2026-08-31T00:00:00Z"",""semantic_key"":""c80:openlogic:rights-assignment:unit:OLP-0068""}"
urn:uuid:d9194238-e3bf-5a74-b372-a5cd54535dd5,rights_assignment,"{""dataset_id"":""urn:uuid:fdfa2782-db96-5e60-bcb3-d206d78b960a"",""id"":""urn:uuid:d9194238-e3bf-5a74-b372-a5cd54535dd5"",""normalized_state"":""published"",""owner_authority_id"":""urn:uuid:ba324c09-ea3b-5b7d-a8de-40df0fcc5e83"",""owner_native_state"":""verified"",""payload"":{""assignment_state"":""effective"",""inheritance"":""direct_from_frozen_edition"",""rights_id"":""urn:uuid:3f181e34-b5ab-550e-89bb-fd3d6c717bd0"",""target_id"":""urn:uuid:bc16d0f5-e0c2-5436-9bbd-7cfbd45eb8db"",""target_native_id"":""OLP-0069""},""record_type"":""rights_assignment"",""recorded_at"":""2026-08-31T00:00:00Z"",""semantic_key"":""c80:openlogic:rights-assignment:unit:OLP-0069""}"
urn:uuid:b6a3c0b9-24f2-5e61-80b9-c49fcbf6c6f9,rights_assignment,"{""dataset_id"":""urn:uuid:fdfa2782-db96-5e60-bcb3-d206d78b960a"",""id"":""urn:uuid:b6a3c0b9-24f2-5e61-80b9-c49fcbf6c6f9"",""normalized_state"":""published"",""owner_authority_id"":""urn:uuid:ba324c09-ea3b-5b7d-a8de-40df0fcc5e83"",""owner_native_state"":""verified"",""payload"":{""assignment_state"":""effective"",""inheritance"":""direct_from_frozen_edition"",""rights_id"":""urn:uuid:3f181e34-b5ab-550e-89bb-fd3d6c717bd0"",""target_id"":""urn:uuid:ef05f523-9d2e-5f93-a1ea-4b04a26172f3"",""target_native_id"":""OLP-0070""},""record_type"":""rights_assignment"",""recorded_at"":""2026-08-31T00:00:00Z"",""semantic_key"":""c80:openlogic:rights-assignment:unit:OLP-0070""}"
urn:uuid:65a4470f-522d-5ac2-b257-f1c93973efd4,rights_assignment,"{""dataset_id"":""urn:uuid:fdfa2782-db96-5e60-bcb3-d206d78b960a"",""id"":""urn:uuid:65a4470f-522d-5ac2-b257-f1c93973efd4"",""normalized_state"":""published"",""owner_authority_id"":""urn:uuid:ba324c09-ea3b-5b7d-a8de-40df0fcc5e83"",""owner_native_state"":""verified"",""payload"":{""assignment_state"":""effective"",""inheritance"":""direct_from_frozen_edition"",""rights_id"":""urn:uuid:3f181e34-b5ab-550e-89bb-fd3d6c717bd0"",""target_id"":""urn:uuid:e93ab482-ce95-58a5-a95f-b17503e4868b"",""target_native_id"":""OLP-0071""},""record_type"":""rights_assignment"",""recorded_at"":""2026-08-31T00:00:00Z"",""semantic_key"":""c80:openlogic:rights-assignment:unit:OLP-0071""}"
urn:uuid:8b65fad2-7fc8-5523-b323-d130540bec1f,rights_assignment,"{""dataset_id"":""urn:uuid:fdfa2782-db96-5e60-bcb3-d206d78b960a"",""id"":""urn:uuid:8b65fad2-7fc8-5523-b323-d130540bec1f"",""normalized_state"":""published"",""owner_authority_id"":""urn:uuid:ba324c09-ea3b-5b7d-a8de-40df0fcc5e83"",""owner_native_state"":""verified"",""payload"":{""assignment_state"":""effective"",""inheritance"":""direct_from_frozen_edition"",""rights_id"":""urn:uuid:3f181e34-b5ab-550e-89bb-fd3d6c717bd0"",""target_id"":""urn:uuid:3c286294-7685-5fc3-a807-e2028a063966"",""target_native_id"":""OLP-0072""},""record_type"":""rights_assignment"",""recorded_at"":""2026-08-31T00:00:00Z"",""semantic_key"":""c80:openlogic:rights-assignment:unit:OLP-0072""}"
urn:uuid:42d4258c-a7c3-53f0-a3d9-ca7780f2ac9e,rights_assignment,"{""dataset_id"":""urn:uuid:fdfa2782-db96-5e60-bcb3-d206d78b960a"",""id"":""urn:uuid:42d4258c-a7c3-53f0-a3d9-ca7780f2ac9e"",""normalized_state"":""published"",""owner_authority_id"":""urn:uuid:ba324c09-ea3b-5b7d-a8de-40df0fcc5e83"",""owner_native_state"":""verified"",""payload"":{""assignment_state"":""effective"",""inheritance"":""direct_from_frozen_edition"",""rights_id"":""urn:uuid:3f181e34-b5ab-550e-89bb-fd3d6c717bd0"",""target_id"":""urn:uuid:08516810-ea89-5cd4-8d68-f25dfe634a0b"",""target_native_id"":""OLP-0073""},""record_type"":""rights_assignment"",""recorded_at"":""2026-08-31T00:00:00Z"",""semantic_key"":""c80:openlogic:rights-assignment:unit:OLP-0073""}"
urn:uuid:bd113baa-d9ed-5590-9632-f8fb6385b21e,rights_assignment,"{""dataset_id"":""urn:uuid:fdfa2782-db96-5e60-bcb3-d206d78b960a"",""id"":""urn:uuid:bd113baa-d9ed-5590-9632-f8fb6385b21e"",""normalized_state"":""published"",""owner_authority_id"":""urn:uuid:ba324c09-ea3b-5b7d-a8de-40df0fcc5e83"",""owner_native_state"":""verified"",""payload"":{""assignment_state"":""effective"",""inheritance"":""direct_from_frozen_edition"",""rights_id"":""urn:uuid:3f181e34-b5ab-550e-89bb-fd3d6c717bd0"",""target_id"":""urn:uuid:030bcc1e-610c-5f47-9c6e-a3eaf8d0691a"",""target_native_id"":""OLP-0074""},""record_type"":""rights_assignment"",""recorded_at"":""2026-08-31T00:00:00Z"",""semantic_key"":""c80:openlogic:rights-assignment:unit:OLP-0074""}"
urn:uuid:9514a16e-7e58-588c-b5f9-c2734307aa31,rights_assignment,"{""dataset_id"":""urn:uuid:fdfa2782-db96-5e60-bcb3-d206d78b960a"",""id"":""urn:uuid:9514a16e-7e58-588c-b5f9-c2734307aa31"",""normalized_state"":""published"",""owner_authority_id"":""urn:uuid:ba324c09-ea3b-5b7d-a8de-40df0fcc5e83"",""owner_native_state"":""verified"",""payload"":{""assignment_state"":""effective"",""inheritance"":""direct_from_frozen_edition"",""rights_id"":""urn:uuid:3f181e34-b5ab-550e-89bb-fd3d6c717bd0"",""target_id"":""urn:uuid:b7259e74-ec3c-5ad6-ab64-208e1a360e02"",""target_native_id"":""OLP-0075""},""record_type"":""rights_assignment"",""recorded_at"":""2026-08-31T00:00:00Z"",""semantic_key"":""c80:openlogic:rights-assignment:unit:OLP-0075""}"
urn:uuid:469a6e8e-8d55-5fe3-a553-83290c08ac74,rights_assignment,"{""dataset_id"":""urn:uuid:fdfa2782-db96-5e60-bcb3-d206d78b960a"",""id"":""urn:uuid:469a6e8e-8d55-5fe3-a553-83290c08ac74"",""normalized_state"":""published"",""owner_authority_id"":""urn:uuid:ba324c09-ea3b-5b7d-a8de-40df0fcc5e83"",""owner_native_state"":""verified"",""payload"":{""assignment_state"":""effective"",""inheritance"":""direct_from_frozen_edition"",""rights_id"":""urn:uuid:3f181e34-b5ab-550e-89bb-fd3d6c717bd0"",""target_id"":""urn:uuid:c5849bfc-57e5-5943-b1d3-00eda2e96ca2"",""target_native_id"":""OLP-0076""},""record_type"":""rights_assignment"",""recorded_at"":""2026-08-31T00:00:00Z"",""semantic_key"":""c80:openlogic:rights-assignment:unit:OLP-0076""}"
urn:uuid:aaa4d305-8d71-5981-b434-102c49fb76e6,rights_assignment,"{""dataset_id"":""urn:uuid:fdfa2782-db96-5e60-bcb3-d206d78b960a"",""id"":""urn:uuid:aaa4d305-8d71-5981-b434-102c49fb76e6"",""normalized_state"":""published"",""owner_authority_id"":""urn:uuid:ba324c09-ea3b-5b7d-a8de-40df0fcc5e83"",""owner_native_state"":""verified"",""payload"":{""assignment_state"":""effective"",""inheritance"":""direct_from_frozen_edition"",""rights_id"":""urn:uuid:3f181e34-b5ab-550e-89bb-fd3d6c717bd0"",""target_id"":""urn:uuid:0cfb1736-94d7-50a8-a0f2-56353539bc22"",""target_native_id"":""OLP-0077""},""record_type"":""rights_assignment"",""recorded_at"":""2026-08-31T00:00:00Z"",""semantic_key"":""c80:openlogic:rights-assignment:unit:OLP-0077""}"
urn:uuid:4a82e388-15bd-5cb1-82af-862ac5cfeae5,rights_assignment,"{""dataset_id"":""urn:uuid:fdfa2782-db96-5e60-bcb3-d206d78b960a"",""id"":""urn:uuid:4a82e388-15bd-5cb1-82af-862ac5cfeae5"",""normalized_state"":""published"",""owner_authority_id"":""urn:uuid:ba324c09-ea3b-5b7d-a8de-40df0fcc5e83"",""owner_native_state"":""verified"",""payload"":{""assignment_state"":""effective"",""inheritance"":""direct_from_frozen_edition"",""rights_id"":""urn:uuid:3f181e34-b5ab-550e-89bb-fd3d6c717bd0"",""target_id"":""urn:uuid:7122f326-ca84-5dec-9187-a4b6b147114e"",""target_native_id"":""OLP-0078""},""record_type"":""rights_assignment"",""recorded_at"":""2026-08-31T00:00:00Z"",""semantic_key"":""c80:openlogic:rights-assignment:unit:OLP-0078""}"
urn:uuid:f0b1fd0f-1b12-54ab-bfc5-4e6f17efe90c,rights_assignment,"{""dataset_id"":""urn:uuid:fdfa2782-db96-5e60-bcb3-d206d78b960a"",""id"":""urn:uuid:f0b1fd0f-1b12-54ab-bfc5-4e6f17efe90c"",""normalized_state"":""published"",""owner_authority_id"":""urn:uuid:ba324c09-ea3b-5b7d-a8de-40df0fcc5e83"",""owner_native_state"":""verified"",""payload"":{""assignment_state"":""effective"",""inheritance"":""direct_from_frozen_edition"",""rights_id"":""urn:uuid:3f181e34-b5ab-550e-89bb-fd3d6c717bd0"",""target_id"":""urn:uuid:4b262ca3-c883-5da9-ba37-8d521fc63f22"",""target_native_id"":""OLP-0079""},""record_type"":""rights_assignment"",""recorded_at"":""2026-08-31T00:00:00Z"",""semantic_key"":""c80:openlogic:rights-assignment:unit:OLP-0079""}"
urn:uuid:c3b6f6f8-df08-5576-ba9b-32ef74cdefe5,rights_assignment,"{""dataset_id"":""urn:uuid:fdfa2782-db96-5e60-bcb3-d206d78b960a"",""id"":""urn:uuid:c3b6f6f8-df08-5576-ba9b-32ef74cdefe5"",""normalized_state"":""published"",""owner_authority_id"":""urn:uuid:ba324c09-ea3b-5b7d-a8de-40df0fcc5e83"",""owner_native_state"":""verified"",""payload"":{""assignment_state"":""effective"",""inheritance"":""direct_from_frozen_edition"",""rights_id"":""urn:uuid:3f181e34-b5ab-550e-89bb-fd3d6c717bd0"",""target_id"":""urn:uuid:7405e0b7-61b4-5bf8-ba25-5d441900d362"",""target_native_id"":""OLP-0080""},""record_type"":""rights_assignment"",""recorded_at"":""2026-08-31T00:00:00Z"",""semantic_key"":""c80:openlogic:rights-assignment:unit:OLP-0080""}"
urn:uuid:d1eefe32-0014-59d9-b13b-214fe5cf4a2d,rights_assignment,"{""dataset_id"":""urn:uuid:fdfa2782-db96-5e60-bcb3-d206d78b960a"",""id"":""urn:uuid:d1eefe32-0014-59d9-b13b-214fe5cf4a2d"",""normalized_state"":""published"",""owner_authority_id"":""urn:uuid:ba324c09-ea3b-5b7d-a8de-40df0fcc5e83"",""owner_native_state"":""verified"",""payload"":{""assignment_state"":""effective"",""inheritance"":""direct_from_frozen_edition"",""rights_id"":""urn:uuid:3f181e34-b5ab-550e-89bb-fd3d6c717bd0"",""target_id"":""urn:uuid:8e31db85-db60-5374-9caf-51f7f3df40a0"",""target_native_id"":""OLP-0081""},""record_type"":""rights_assignment"",""recorded_at"":""2026-08-31T00:00:00Z"",""semantic_key"":""c80:openlogic:rights-assignment:unit:OLP-0081""}"
urn:uuid:844f967d-91ae-592e-af6d-758cba20c9aa,rights_assignment,"{""dataset_id"":""urn:uuid:fdfa2782-db96-5e60-bcb3-d206d78b960a"",""id"":""urn:uuid:844f967d-91ae-592e-af6d-758cba20c9aa"",""normalized_state"":""published"",""owner_authority_id"":""urn:uuid:ba324c09-ea3b-5b7d-a8de-40df0fcc5e83"",""owner_native_state"":""verified"",""payload"":{""assignment_state"":""effective"",""inheritance"":""direct_from_frozen_edition"",""rights_id"":""urn:uuid:3f181e34-b5ab-550e-89bb-fd3d6c717bd0"",""target_id"":""urn:uuid:46ec1072-323a-581d-9753-71321e2dc21b"",""target_native_id"":""OLP-0082""},""record_type"":""rights_assignment"",""recorded_at"":""2026-08-31T00:00:00Z"",""semantic_key"":""c80:openlogic:rights-assignment:unit:OLP-0082""}"
urn:uuid:d4d7ef90-b63f-596c-95e0-fb30c3195380,rights_assignment,"{""dataset_id"":""urn:uuid:fdfa2782-db96-5e60-bcb3-d206d78b960a"",""id"":""urn:uuid:d4d7ef90-b63f-596c-95e0-fb30c3195380"",""normalized_state"":""published"",""owner_authority_id"":""urn:uuid:ba324c09-ea3b-5b7d-a8de-40df0fcc5e83"",""owner_native_state"":""verified"",""payload"":{""assignment_state"":""effective"",""inheritance"":""direct_from_frozen_edition"",""rights_id"":""urn:uuid:3f181e34-b5ab-550e-89bb-fd3d6c717bd0"",""target_id"":""urn:uuid:9543748c-e347-58a7-b830-7044e013f7e7"",""target_native_id"":""OLP-0083""},""record_type"":""rights_assignment"",""recorded_at"":""2026-08-31T00:00:00Z"",""semantic_key"":""c80:openlogic:rights-assignment:unit:OLP-0083""}"
urn:uuid:78751a38-0412-5bf8-952d-4da0eafacc04,rights_assignment,"{""dataset_id"":""urn:uuid:fdfa2782-db96-5e60-bcb3-d206d78b960a"",""id"":""urn:uuid:78751a38-0412-5bf8-952d-4da0eafacc04"",""normalized_state"":""published"",""owner_authority_id"":""urn:uuid:ba324c09-ea3b-5b7d-a8de-40df0fcc5e83"",""owner_native_state"":""verified"",""payload"":{""assignment_state"":""effective"",""inheritance"":""direct_from_frozen_edition"",""rights_id"":""urn:uuid:3f181e34-b5ab-550e-89bb-fd3d6c717bd0"",""target_id"":""urn:uuid:20404e30-7fe3-55c7-bee6-53093a1d3238"",""target_native_id"":""OLP-0084""},""record_type"":""rights_assignment"",""recorded_at"":""2026-08-31T00:00:00Z"",""semantic_key"":""c80:openlogic:rights-assignment:unit:OLP-0084""}"
urn:uuid:e8d10d73-934d-5cc4-ab96-a35cb3ba105d,rights_assignment,"{""dataset_id"":""urn:uuid:fdfa2782-db96-5e60-bcb3-d206d78b960a"",""id"":""urn:uuid:e8d10d73-934d-5cc4-ab96-a35cb3ba105d"",""normalized_state"":""published"",""owner_authority_id"":""urn:uuid:ba324c09-ea3b-5b7d-a8de-40df0fcc5e83"",""owner_native_state"":""verified"",""payload"":{""assignment_state"":""effective"",""inheritance"":""direct_from_frozen_edition"",""rights_id"":""urn:uuid:3f181e34-b5ab-550e-89bb-fd3d6c717bd0"",""target_id"":""urn:uuid:69effd44-a25e-5e1c-8258-a5c3e15abfc0"",""target_native_id"":""OLP-0085""},""record_type"":""rights_assignment"",""recorded_at"":""2026-08-31T00:00:00Z"",""semantic_key"":""c80:openlogic:rights-assignment:unit:OLP-0085""}"
urn:uuid:6d9686f7-3e0b-5f78-a9ee-facc178f6a34,rights_assignment,"{""dataset_id"":""urn:uuid:fdfa2782-db96-5e60-bcb3-d206d78b960a"",""id"":""urn:uuid:6d9686f7-3e0b-5f78-a9ee-facc178f6a34"",""normalized_state"":""published"",""owner_authority_id"":""urn:uuid:ba324c09-ea3b-5b7d-a8de-40df0fcc5e83"",""owner_native_state"":""verified"",""payload"":{""assignment_state"":""effective"",""inheritance"":""direct_from_frozen_edition"",""rights_id"":""urn:uuid:3f181e34-b5ab-550e-89bb-fd3d6c717bd0"",""target_id"":""urn:uuid:e47838ee-0988-58ce-a404-1f43ac980270"",""target_native_id"":""OLP-0086""},""record_type"":""rights_assignment"",""recorded_at"":""2026-08-31T00:00:00Z"",""semantic_key"":""c80:openlogic:rights-assignment:unit:OLP-0086""}"
urn:uuid:28d3add3-bfab-5ddd-b49b-6fdfffcfda29,rights_assignment,"{""dataset_id"":""urn:uuid:fdfa2782-db96-5e60-bcb3-d206d78b960a"",""id"":""urn:uuid:28d3add3-bfab-5ddd-b49b-6fdfffcfda29"",""normalized_state"":""published"",""owner_authority_id"":""urn:uuid:ba324c09-ea3b-5b7d-a8de-40df0fcc5e83"",""owner_native_state"":""verified"",""payload"":{""assignment_state"":""effective"",""inheritance"":""direct_from_frozen_edition"",""rights_id"":""urn:uuid:3f181e34-b5ab-550e-89bb-fd3d6c717bd0"",""target_id"":""urn:uuid:e2fa1b74-fa6e-581b-af5d-1dee222bbd6f"",""target_native_id"":""OLP-0087""},""record_type"":""rights_assignment"",""recorded_at"":""2026-08-31T00:00:00Z"",""semantic_key"":""c80:openlogic:rights-assignment:unit:OLP-0087""}"
urn:uuid:b0d9d91f-ecc9-5880-a7e8-8d362b25a10b,rights_assignment,"{""dataset_id"":""urn:uuid:fdfa2782-db96-5e60-bcb3-d206d78b960a"",""id"":""urn:uuid:b0d9d91f-ecc9-5880-a7e8-8d362b25a10b"",""normalized_state"":""published"",""owner_authority_id"":""urn:uuid:ba324c09-ea3b-5b7d-a8de-40df0fcc5e83"",""owner_native_state"":""verified"",""payload"":{""assignment_state"":""effective"",""inheritance"":""direct_from_frozen_edition"",""rights_id"":""urn:uuid:3f181e34-b5ab-550e-89bb-fd3d6c717bd0"",""target_id"":""urn:uuid:94733116-6736-5575-8ba7-d965ed05439b"",""target_native_id"":""OLP-0088""},""record_type"":""rights_assignment"",""recorded_at"":""2026-08-31T00:00:00Z"",""semantic_key"":""c80:openlogic:rights-assignment:unit:OLP-0088""}"
urn:uuid:bef0118b-405f-59ad-b14b-e74fa278ad9f,rights_assignment,"{""dataset_id"":""urn:uuid:fdfa2782-db96-5e60-bcb3-d206d78b960a"",""id"":""urn:uuid:bef0118b-405f-59ad-b14b-e74fa278ad9f"",""normalized_state"":""published"",""owner_authority_id"":""urn:uuid:ba324c09-ea3b-5b7d-a8de-40df0fcc5e83"",""owner_native_state"":""verified"",""payload"":{""assignment_state"":""effective"",""inheritance"":""direct_from_frozen_edition"",""rights_id"":""urn:uuid:3f181e34-b5ab-550e-89bb-fd3d6c717bd0"",""target_id"":""urn:uuid:f1334535-3d68-5ad0-87c7-a4304f3a24c7"",""target_native_id"":""OLP-0089""},""record_type"":""rights_assignment"",""recorded_at"":""2026-08-31T00:00:00Z"",""semantic_key"":""c80:openlogic:rights-assignment:unit:OLP-0089""}"
urn:uuid:9fabca1b-e972-5131-9c9d-513f6d67394c,rights_assignment,"{""dataset_id"":""urn:uuid:fdfa2782-db96-5e60-bcb3-d206d78b960a"",""id"":""urn:uuid:9fabca1b-e972-5131-9c9d-513f6d67394c"",""normalized_state"":""published"",""owner_authority_id"":""urn:uuid:ba324c09-ea3b-5b7d-a8de-40df0fcc5e83"",""owner_native_state"":""verified"",""payload"":{""assignment_state"":""effective"",""inheritance"":""direct_from_frozen_edition"",""rights_id"":""urn:uuid:3f181e34-b5ab-550e-89bb-fd3d6c717bd0"",""target_id"":""urn:uuid:c8e3fa5c-7811-58a2-aab5-9131e13322ab"",""target_native_id"":""OLP-0090""},""record_type"":""rights_assignment"",""recorded_at"":""2026-08-31T00:00:00Z"",""semantic_key"":""c80:openlogic:rights-assignment:unit:OLP-0090""}"
urn:uuid:4d64f105-c166-5358-85e7-8c54f8c406c0,rights_assignment,"{""dataset_id"":""urn:uuid:fdfa2782-db96-5e60-bcb3-d206d78b960a"",""id"":""urn:uuid:4d64f105-c166-5358-85e7-8c54f8c406c0"",""normalized_state"":""published"",""owner_authority_id"":""urn:uuid:ba324c09-ea3b-5b7d-a8de-40df0fcc5e83"",""owner_native_state"":""verified"",""payload"":{""assignment_state"":""effective"",""inheritance"":""direct_from_frozen_edition"",""rights_id"":""urn:uuid:3f181e34-b5ab-550e-89bb-fd3d6c717bd0"",""target_id"":""urn:uuid:a301cbdd-1f0f-57a3-a117-796e67caa08d"",""target_native_id"":""OLP-0091""},""record_type"":""rights_assignment"",""recorded_at"":""2026-08-31T00:00:00Z"",""semantic_key"":""c80:openlogic:rights-assignment:unit:OLP-0091""}"
urn:uuid:d3ffa6c1-829f-540d-96c5-8020257aba72,rights_assignment,"{""dataset_id"":""urn:uuid:fdfa2782-db96-5e60-bcb3-d206d78b960a"",""id"":""urn:uuid:d3ffa6c1-829f-540d-96c5-8020257aba72"",""normalized_state"":""published"",""owner_authority_id"":""urn:uuid:ba324c09-ea3b-5b7d-a8de-40df0fcc5e83"",""owner_native_state"":""verified"",""payload"":{""assignment_state"":""effective"",""inheritance"":""direct_from_frozen_edition"",""rights_id"":""urn:uuid:3f181e34-b5ab-550e-89bb-fd3d6c717bd0"",""target_id"":""urn:uuid:7580a80d-ea98-5991-b0ea-3e0f84b93693"",""target_native_id"":""OLP-0092""},""record_type"":""rights_assignment"",""recorded_at"":""2026-08-31T00:00:00Z"",""semantic_key"":""c80:openlogic:rights-assignment:unit:OLP-0092""}"
urn:uuid:da351ec3-2a72-517a-95db-8b0216dfd5c1,rights_assignment,"{""dataset_id"":""urn:uuid:fdfa2782-db96-5e60-bcb3-d206d78b960a"",""id"":""urn:uuid:da351ec3-2a72-517a-95db-8b0216dfd5c1"",""normalized_state"":""published"",""owner_authority_id"":""urn:uuid:ba324c09-ea3b-5b7d-a8de-40df0fcc5e83"",""owner_native_state"":""verified"",""payload"":{""assignment_state"":""effective"",""inheritance"":""direct_from_frozen_edition"",""rights_id"":""urn:uuid:3f181e34-b5ab-550e-89bb-fd3d6c717bd0"",""target_id"":""urn:uuid:9fae6993-2e34-56e6-b307-6255dd076ffd"",""target_native_id"":""OLP-0093""},""record_type"":""rights_assignment"",""recorded_at"":""2026-08-31T00:00:00Z"",""semantic_key"":""c80:openlogic:rights-assignment:unit:OLP-0093""}"
urn:uuid:f839fc4b-16b4-5042-9185-b7aeead13b8d,rights_assignment,"{""dataset_id"":""urn:uuid:fdfa2782-db96-5e60-bcb3-d206d78b960a"",""id"":""urn:uuid:f839fc4b-16b4-5042-9185-b7aeead13b8d"",""normalized_state"":""published"",""owner_authority_id"":""urn:uuid:ba324c09-ea3b-5b7d-a8de-40df0fcc5e83"",""owner_native_state"":""verified"",""payload"":{""assignment_state"":""effective"",""inheritance"":""direct_from_frozen_edition"",""rights_id"":""urn:uuid:3f181e34-b5ab-550e-89bb-fd3d6c717bd0"",""target_id"":""urn:uuid:17e63471-2528-5da3-a0bb-a3e9d037b094"",""target_native_id"":""OLP-0094""},""record_type"":""rights_assignment"",""recorded_at"":""2026-08-31T00:00:00Z"",""semantic_key"":""c80:openlogic:rights-assignment:unit:OLP-0094""}"
urn:uuid:70b85330-1854-5bba-b255-dca26ebfb0ce,rights_assignment,"{""dataset_id"":""urn:uuid:fdfa2782-db96-5e60-bcb3-d206d78b960a"",""id"":""urn:uuid:70b85330-1854-5bba-b255-dca26ebfb0ce"",""normalized_state"":""published"",""owner_authority_id"":""urn:uuid:ba324c09-ea3b-5b7d-a8de-40df0fcc5e83"",""owner_native_state"":""verified"",""payload"":{""assignment_state"":""effective"",""inheritance"":""direct_from_frozen_edition"",""rights_id"":""urn:uuid:3f181e34-b5ab-550e-89bb-fd3d6c717bd0"",""target_id"":""urn:uuid:cdc54b9d-1b4e-5f85-a321-9ad3ad06f69b"",""target_native_id"":""OLP-0095""},""record_type"":""rights_assignment"",""recorded_at"":""2026-08-31T00:00:00Z"",""semantic_key"":""c80:openlogic:rights-assignment:unit:OLP-0095""}"
urn:uuid:3bdf8a70-7701-5e4c-a877-58120498bb7f,rights_assignment,"{""dataset_id"":""urn:uuid:fdfa2782-db96-5e60-bcb3-d206d78b960a"",""id"":""urn:uuid:3bdf8a70-7701-5e4c-a877-58120498bb7f"",""normalized_state"":""published"",""owner_authority_id"":""urn:uuid:ba324c09-ea3b-5b7d-a8de-40df0fcc5e83"",""owner_native_state"":""verified"",""payload"":{""assignment_state"":""effective"",""inheritance"":""direct_from_frozen_edition"",""rights_id"":""urn:uuid:3f181e34-b5ab-550e-89bb-fd3d6c717bd0"",""target_id"":""urn:uuid:2928e973-a29e-57d3-bd84-2a70e497a3f0"",""target_native_id"":""OLP-0096""},""record_type"":""rights_assignment"",""recorded_at"":""2026-08-31T00:00:00Z"",""semantic_key"":""c80:openlogic:rights-assignment:unit:OLP-0096""}"
urn:uuid:d827d30f-41d9-5466-b434-b94f382310fa,rights_assignment,"{""dataset_id"":""urn:uuid:fdfa2782-db96-5e60-bcb3-d206d78b960a"",""id"":""urn:uuid:d827d30f-41d9-5466-b434-b94f382310fa"",""normalized_state"":""published"",""owner_authority_id"":""urn:uuid:ba324c09-ea3b-5b7d-a8de-40df0fcc5e83"",""owner_native_state"":""verified"",""payload"":{""assignment_state"":""effective"",""inheritance"":""direct_from_frozen_edition"",""rights_id"":""urn:uuid:3f181e34-b5ab-550e-89bb-fd3d6c717bd0"",""target_id"":""urn:uuid:97efb62c-bd6c-58e6-8b59-b5ba64298891"",""target_native_id"":""OLP-0097""},""record_type"":""rights_assignment"",""recorded_at"":""2026-08-31T00:00:00Z"",""semantic_key"":""c80:openlogic:rights-assignment:unit:OLP-0097""}"
urn:uuid:029627b3-baf0-52a0-bf90-39407196517d,rights_assignment,"{""dataset_id"":""urn:uuid:fdfa2782-db96-5e60-bcb3-d206d78b960a"",""id"":""urn:uuid:029627b3-baf0-52a0-bf90-39407196517d"",""normalized_state"":""published"",""owner_authority_id"":""urn:uuid:ba324c09-ea3b-5b7d-a8de-40df0fcc5e83"",""owner_native_state"":""verified"",""payload"":{""assignment_state"":""effective"",""inheritance"":""direct_from_frozen_edition"",""rights_id"":""urn:uuid:3f181e34-b5ab-550e-89bb-fd3d6c717bd0"",""target_id"":""urn:uuid:801412dc-eb4f-53e7-a59b-1d2a9f0b2c41"",""target_native_id"":""OLP-0098""},""record_type"":""rights_assignment"",""recorded_at"":""2026-08-31T00:00:00Z"",""semantic_key"":""c80:openlogic:rights-assignment:unit:OLP-0098""}"
urn:uuid:a3b11dc3-8480-5123-a233-827d2728921b,rights_assignment,"{""dataset_id"":""urn:uuid:fdfa2782-db96-5e60-bcb3-d206d78b960a"",""id"":""urn:uuid:a3b11dc3-8480-5123-a233-827d2728921b"",""normalized_state"":""published"",""owner_authority_id"":""urn:uuid:ba324c09-ea3b-5b7d-a8de-40df0fcc5e83"",""owner_native_state"":""verified"",""payload"":{""assignment_state"":""effective"",""inheritance"":""direct_from_frozen_edition"",""rights_id"":""urn:uuid:3f181e34-b5ab-550e-89bb-fd3d6c717bd0"",""target_id"":""urn:uuid:f1e25e42-cb12-51a0-a478-8df2ab113db0"",""target_native_id"":""OLP-0099""},""record_type"":""rights_assignment"",""recorded_at"":""2026-08-31T00:00:00Z"",""semantic_key"":""c80:openlogic:rights-assignment:unit:OLP-0099""}"
urn:uuid:418055fd-a08e-5278-9fbc-3331ba04e43b,rights_assignment,"{""dataset_id"":""urn:uuid:fdfa2782-db96-5e60-bcb3-d206d78b960a"",""id"":""urn:uuid:418055fd-a08e-5278-9fbc-3331ba04e43b"",""normalized_state"":""published"",""owner_authority_id"":""urn:uuid:ba324c09-ea3b-5b7d-a8de-40df0fcc5e83"",""owner_native_state"":""verified"",""payload"":{""assignment_state"":""effective"",""inheritance"":""direct_from_frozen_edition"",""rights_id"":""urn:uuid:3f181e34-b5ab-550e-89bb-fd3d6c717bd0"",""target_id"":""urn:uuid:31681121-5c70-5575-b3de-59cd2c28ab94"",""target_native_id"":""OLP-0100""},""record_type"":""rights_assignment"",""recorded_at"":""2026-08-31T00:00:00Z"",""semantic_key"":""c80:openlogic:rights-assignment:unit:OLP-0100""}"
urn:uuid:b98d9772-e155-5224-b094-f9daa2a648c3,rights_assignment,"{""dataset_id"":""urn:uuid:fdfa2782-db96-5e60-bcb3-d206d78b960a"",""id"":""urn:uuid:b98d9772-e155-5224-b094-f9daa2a648c3"",""normalized_state"":""published"",""owner_authority_id"":""urn:uuid:ba324c09-ea3b-5b7d-a8de-40df0fcc5e83"",""owner_native_state"":""verified"",""payload"":{""assignment_state"":""effective"",""inheritance"":""direct_from_frozen_edition"",""rights_id"":""urn:uuid:3f181e34-b5ab-550e-89bb-fd3d6c717bd0"",""target_id"":""urn:uuid:561e7ad4-6d14-53c7-a289-f619eb5c214a"",""target_native_id"":""OLP-0101""},""record_type"":""rights_assignment"",""recorded_at"":""2026-08-31T00:00:00Z"",""semantic_key"":""c80:openlogic:rights-assignment:unit:OLP-0101""}"
urn:uuid:bbbe1edb-82f3-5072-9624-39a4fe421dca,rights_assignment,"{""dataset_id"":""urn:uuid:fdfa2782-db96-5e60-bcb3-d206d78b960a"",""id"":""urn:uuid:bbbe1edb-82f3-5072-9624-39a4fe421dca"",""normalized_state"":""published"",""owner_authority_id"":""urn:uuid:ba324c09-ea3b-5b7d-a8de-40df0fcc5e83"",""owner_native_state"":""verified"",""payload"":{""assignment_state"":""effective"",""inheritance"":""direct_from_frozen_edition"",""rights_id"":""urn:uuid:3f181e34-b5ab-550e-89bb-fd3d6c717bd0"",""target_id"":""urn:uuid:4d36afee-5c72-52ad-bd77-cde3c34925b1"",""target_native_id"":""OLP-0102""},""record_type"":""rights_assignment"",""recorded_at"":""2026-08-31T00:00:00Z"",""semantic_key"":""c80:openlogic:rights-assignment:unit:OLP-0102""}"
urn:uuid:f8efeb0c-9801-557e-a4ab-b8f97589856a,rights_assignment,"{""dataset_id"":""urn:uuid:fdfa2782-db96-5e60-bcb3-d206d78b960a"",""id"":""urn:uuid:f8efeb0c-9801-557e-a4ab-b8f97589856a"",""normalized_state"":""published"",""owner_authority_id"":""urn:uuid:ba324c09-ea3b-5b7d-a8de-40df0fcc5e83"",""owner_native_state"":""verified"",""payload"":{""assignment_state"":""effective"",""inheritance"":""direct_from_frozen_edition"",""rights_id"":""urn:uuid:3f181e34-b5ab-550e-89bb-fd3d6c717bd0"",""target_id"":""urn:uuid:62e0c745-2d33-5730-b5d8-7ef83829583e"",""target_native_id"":""OLP-0103""},""record_type"":""rights_assignment"",""recorded_at"":""2026-08-31T00:00:00Z"",""semantic_key"":""c80:openlogic:rights-assignment:unit:OLP-0103""}"
urn:uuid:b76399bb-1788-531c-a9a9-933a9a0441ea,rights_assignment,"{""dataset_id"":""urn:uuid:fdfa2782-db96-5e60-bcb3-d206d78b960a"",""id"":""urn:uuid:b76399bb-1788-531c-a9a9-933a9a0441ea"",""normalized_state"":""published"",""owner_authority_id"":""urn:uuid:ba324c09-ea3b-5b7d-a8de-40df0fcc5e83"",""owner_native_state"":""verified"",""payload"":{""assignment_state"":""effective"",""inheritance"":""direct_from_frozen_edition"",""rights_id"":""urn:uuid:3f181e34-b5ab-550e-89bb-fd3d6c717bd0"",""target_id"":""urn:uuid:c1ac8dbf-0f3c-5357-b6bc-66d37c433ecc"",""target_native_id"":""OLP-0104""},""record_type"":""rights_assignment"",""recorded_at"":""2026-08-31T00:00:00Z"",""semantic_key"":""c80:openlogic:rights-assignment:unit:OLP-0104""}"
urn:uuid:693bfb9e-9450-5fa8-aa77-73246c6a9c4b,rights_assignment,"{""dataset_id"":""urn:uuid:fdfa2782-db96-5e60-bcb3-d206d78b960a"",""id"":""urn:uuid:693bfb9e-9450-5fa8-aa77-73246c6a9c4b"",""normalized_state"":""published"",""owner_authority_id"":""urn:uuid:ba324c09-ea3b-5b7d-a8de-40df0fcc5e83"",""owner_native_state"":""verified"",""payload"":{""assignment_state"":""effective"",""inheritance"":""direct_from_frozen_edition"",""rights_id"":""urn:uuid:3f181e34-b5ab-550e-89bb-fd3d6c717bd0"",""target_id"":""urn:uuid:c2c199a8-e3ef-501f-8fd7-17f772e41615"",""target_native_id"":""OLP-0105""},""record_type"":""rights_assignment"",""recorded_at"":""2026-08-31T00:00:00Z"",""semantic_key"":""c80:openlogic:rights-assignment:unit:OLP-0105""}"
urn:uuid:61a5d01a-53ac-5a8f-8e1e-adc1ee6d8684,rights_assignment,"{""dataset_id"":""urn:uuid:fdfa2782-db96-5e60-bcb3-d206d78b960a"",""id"":""urn:uuid:61a5d01a-53ac-5a8f-8e1e-adc1ee6d8684"",""normalized_state"":""published"",""owner_authority_id"":""urn:uuid:ba324c09-ea3b-5b7d-a8de-40df0fcc5e83"",""owner_native_state"":""verified"",""payload"":{""assignment_state"":""effective"",""inheritance"":""direct_from_frozen_edition"",""rights_id"":""urn:uuid:3f181e34-b5ab-550e-89bb-fd3d6c717bd0"",""target_id"":""urn:uuid:a429593c-23a1-5e2f-bf3f-4c8fb431df67"",""target_native_id"":""OLP-0106""},""record_type"":""rights_assignment"",""recorded_at"":""2026-08-31T00:00:00Z"",""semantic_key"":""c80:openlogic:rights-assignment:unit:OLP-0106""}"
urn:uuid:de717ed5-ba36-57d7-9229-f43e72b47d81,rights_assignment,"{""dataset_id"":""urn:uuid:fdfa2782-db96-5e60-bcb3-d206d78b960a"",""id"":""urn:uuid:de717ed5-ba36-57d7-9229-f43e72b47d81"",""normalized_state"":""published"",""owner_authority_id"":""urn:uuid:ba324c09-ea3b-5b7d-a8de-40df0fcc5e83"",""owner_native_state"":""verified"",""payload"":{""assignment_state"":""effective"",""inheritance"":""direct_from_frozen_edition"",""rights_id"":""urn:uuid:3f181e34-b5ab-550e-89bb-fd3d6c717bd0"",""target_id"":""urn:uuid:6e7e767d-9263-5f43-a922-6f3563947dc5"",""target_native_id"":""OLP-0107""},""record_type"":""rights_assignment"",""recorded_at"":""2026-08-31T00:00:00Z"",""semantic_key"":""c80:openlogic:rights-assignment:unit:OLP-0107""}"
urn:uuid:9246425e-90aa-56e8-81e8-c20e7b678b0d,rights_assignment,"{""dataset_id"":""urn:uuid:fdfa2782-db96-5e60-bcb3-d206d78b960a"",""id"":""urn:uuid:9246425e-90aa-56e8-81e8-c20e7b678b0d"",""normalized_state"":""published"",""owner_authority_id"":""urn:uuid:ba324c09-ea3b-5b7d-a8de-40df0fcc5e83"",""owner_native_state"":""verified"",""payload"":{""assignment_state"":""effective"",""inheritance"":""direct_from_frozen_edition"",""rights_id"":""urn:uuid:3f181e34-b5ab-550e-89bb-fd3d6c717bd0"",""target_id"":""urn:uuid:99d15cf9-0368-5538-8816-57286f14095c"",""target_native_id"":""OLP-0108""},""record_type"":""rights_assignment"",""recorded_at"":""2026-08-31T00:00:00Z"",""semantic_key"":""c80:openlogic:rights-assignment:unit:OLP-0108""}"
urn:uuid:95fde3ea-683e-5215-bab0-52f82b79c84b,rights_assignment,"{""dataset_id"":""urn:uuid:fdfa2782-db96-5e60-bcb3-d206d78b960a"",""id"":""urn:uuid:95fde3ea-683e-5215-bab0-52f82b79c84b"",""normalized_state"":""published"",""owner_authority_id"":""urn:uuid:ba324c09-ea3b-5b7d-a8de-40df0fcc5e83"",""owner_native_state"":""verified"",""payload"":{""assignment_state"":""effective"",""inheritance"":""direct_from_frozen_edition"",""rights_id"":""urn:uuid:3f181e34-b5ab-550e-89bb-fd3d6c717bd0"",""target_id"":""urn:uuid:3e54825a-4f7f-5eb1-892a-6665ef7a1645"",""target_native_id"":""OLP-0109""},""record_type"":""rights_assignment"",""recorded_at"":""2026-08-31T00:00:00Z"",""semantic_key"":""c80:openlogic:rights-assignment:unit:OLP-0109""}"
urn:uuid:8b20589a-86ab-5438-8947-cb5e553d672e,rights_assignment,"{""dataset_id"":""urn:uuid:fdfa2782-db96-5e60-bcb3-d206d78b960a"",""id"":""urn:uuid:8b20589a-86ab-5438-8947-cb5e553d672e"",""normalized_state"":""published"",""owner_authority_id"":""urn:uuid:ba324c09-ea3b-5b7d-a8de-40df0fcc5e83"",""owner_native_state"":""verified"",""payload"":{""assignment_state"":""effective"",""inheritance"":""direct_from_frozen_edition"",""rights_id"":""urn:uuid:3f181e34-b5ab-550e-89bb-fd3d6c717bd0"",""target_id"":""urn:uuid:125e021c-0f6a-5536-9d91-d78507606f2c"",""target_native_id"":""OLP-0110""},""record_type"":""rights_assignment"",""recorded_at"":""2026-08-31T00:00:00Z"",""semantic_key"":""c80:openlogic:rights-assignment:unit:OLP-0110""}"
urn:uuid:97fa186c-aa2c-534f-b685-abec1827c454,rights_assignment,"{""dataset_id"":""urn:uuid:fdfa2782-db96-5e60-bcb3-d206d78b960a"",""id"":""urn:uuid:97fa186c-aa2c-534f-b685-abec1827c454"",""normalized_state"":""published"",""owner_authority_id"":""urn:uuid:ba324c09-ea3b-5b7d-a8de-40df0fcc5e83"",""owner_native_state"":""verified"",""payload"":{""assignment_state"":""effective"",""inheritance"":""direct_from_frozen_edition"",""rights_id"":""urn:uuid:3f181e34-b5ab-550e-89bb-fd3d6c717bd0"",""target_id"":""urn:uuid:1a587f74-c028-52d8-9b66-e7da9c10ee4e"",""target_native_id"":""OLP-0111""},""record_type"":""rights_assignment"",""recorded_at"":""2026-08-31T00:00:00Z"",""semantic_key"":""c80:openlogic:rights-assignment:unit:OLP-0111""}"
urn:uuid:69cb957e-90b6-5439-8217-3d3af1e7a4f9,rights_assignment,"{""dataset_id"":""urn:uuid:fdfa2782-db96-5e60-bcb3-d206d78b960a"",""id"":""urn:uuid:69cb957e-90b6-5439-8217-3d3af1e7a4f9"",""normalized_state"":""published"",""owner_authority_id"":""urn:uuid:ba324c09-ea3b-5b7d-a8de-40df0fcc5e83"",""owner_native_state"":""verified"",""payload"":{""assignment_state"":""effective"",""inheritance"":""direct_from_frozen_edition"",""rights_id"":""urn:uuid:3f181e34-b5ab-550e-89bb-fd3d6c717bd0"",""target_id"":""urn:uuid:02eebb0a-0b07-5d87-bcbb-b2a876abc6d0"",""target_native_id"":""OLP-0112""},""record_type"":""rights_assignment"",""recorded_at"":""2026-08-31T00:00:00Z"",""semantic_key"":""c80:openlogic:rights-assignment:unit:OLP-0112""}"
urn:uuid:92fc5b72-be4e-5de1-9c21-412047154eb2,rights_assignment,"{""dataset_id"":""urn:uuid:fdfa2782-db96-5e60-bcb3-d206d78b960a"",""id"":""urn:uuid:92fc5b72-be4e-5de1-9c21-412047154eb2"",""normalized_state"":""published"",""owner_authority_id"":""urn:uuid:ba324c09-ea3b-5b7d-a8de-40df0fcc5e83"",""owner_native_state"":""verified"",""payload"":{""assignment_state"":""effective"",""inheritance"":""direct_from_frozen_edition"",""rights_id"":""urn:uuid:3f181e34-b5ab-550e-89bb-fd3d6c717bd0"",""target_id"":""urn:uuid:fde9e51c-0883-5b88-8226-83edef8eaf7e"",""target_native_id"":""OLP-0113""},""record_type"":""rights_assignment"",""recorded_at"":""2026-08-31T00:00:00Z"",""semantic_key"":""c80:openlogic:rights-assignment:unit:OLP-0113""}"
urn:uuid:94c4a893-fe09-57b6-a0a1-80233f2d8637,rights_assignment,"{""dataset_id"":""urn:uuid:fdfa2782-db96-5e60-bcb3-d206d78b960a"",""id"":""urn:uuid:94c4a893-fe09-57b6-a0a1-80233f2d8637"",""normalized_state"":""published"",""owner_authority_id"":""urn:uuid:ba324c09-ea3b-5b7d-a8de-40df0fcc5e83"",""owner_native_state"":""verified"",""payload"":{""assignment_state"":""effective"",""inheritance"":""direct_from_frozen_edition"",""rights_id"":""urn:uuid:3f181e34-b5ab-550e-89bb-fd3d6c717bd0"",""target_id"":""urn:uuid:ca955668-5b80-53cc-b978-7b09cacf6db2"",""target_native_id"":""OLP-0114""},""record_type"":""rights_assignment"",""recorded_at"":""2026-08-31T00:00:00Z"",""semantic_key"":""c80:openlogic:rights-assignment:unit:OLP-0114""}"
urn:uuid:19b95b1f-35fd-55c3-b872-c366506b26f4,rights_assignment,"{""dataset_id"":""urn:uuid:fdfa2782-db96-5e60-bcb3-d206d78b960a"",""id"":""urn:uuid:19b95b1f-35fd-55c3-b872-c366506b26f4"",""normalized_state"":""published"",""owner_authority_id"":""urn:uuid:ba324c09-ea3b-5b7d-a8de-40df0fcc5e83"",""owner_native_state"":""verified"",""payload"":{""assignment_state"":""effective"",""inheritance"":""direct_from_frozen_edition"",""rights_id"":""urn:uuid:3f181e34-b5ab-550e-89bb-fd3d6c717bd0"",""target_id"":""urn:uuid:657a7494-173f-56dd-a2ab-d9ca6c269909"",""target_native_id"":""OLP-0115""},""record_type"":""rights_assignment"",""recorded_at"":""2026-08-31T00:00:00Z"",""semantic_key"":""c80:openlogic:rights-assignment:unit:OLP-0115""}"
urn:uuid:c2367a7b-12e7-54f9-8a3d-32d145773136,rights_assignment,"{""dataset_id"":""urn:uuid:fdfa2782-db96-5e60-bcb3-d206d78b960a"",""id"":""urn:uuid:c2367a7b-12e7-54f9-8a3d-32d145773136"",""normalized_state"":""published"",""owner_authority_id"":""urn:uuid:ba324c09-ea3b-5b7d-a8de-40df0fcc5e83"",""owner_native_state"":""verified"",""payload"":{""assignment_state"":""effective"",""inheritance"":""direct_from_frozen_edition"",""rights_id"":""urn:uuid:3f181e34-b5ab-550e-89bb-fd3d6c717bd0"",""target_id"":""urn:uuid:4bf9db3b-2e1e-5f3e-8c73-1b3034922d31"",""target_native_id"":""OLP-0116""},""record_type"":""rights_assignment"",""recorded_at"":""2026-08-31T00:00:00Z"",""semantic_key"":""c80:openlogic:rights-assignment:unit:OLP-0116""}"
urn:uuid:ef692fb5-c78d-53fb-aae9-dd9b23ae3a45,rights_assignment,"{""dataset_id"":""urn:uuid:fdfa2782-db96-5e60-bcb3-d206d78b960a"",""id"":""urn:uuid:ef692fb5-c78d-53fb-aae9-dd9b23ae3a45"",""normalized_state"":""published"",""owner_authority_id"":""urn:uuid:ba324c09-ea3b-5b7d-a8de-40df0fcc5e83"",""owner_native_state"":""verified"",""payload"":{""assignment_state"":""effective"",""inheritance"":""direct_from_frozen_edition"",""rights_id"":""urn:uuid:3f181e34-b5ab-550e-89bb-fd3d6c717bd0"",""target_id"":""urn:uuid:331458d2-9039-5f08-a22b-59e9135fcb3f"",""target_native_id"":""OLP-0117""},""record_type"":""rights_assignment"",""recorded_at"":""2026-08-31T00:00:00Z"",""semantic_key"":""c80:openlogic:rights-assignment:unit:OLP-0117""}"
urn:uuid:cee85dae-4d64-5a8f-a499-92603e09513e,rights_assignment,"{""dataset_id"":""urn:uuid:fdfa2782-db96-5e60-bcb3-d206d78b960a"",""id"":""urn:uuid:cee85dae-4d64-5a8f-a499-92603e09513e"",""normalized_state"":""published"",""owner_authority_id"":""urn:uuid:ba324c09-ea3b-5b7d-a8de-40df0fcc5e83"",""owner_native_state"":""verified"",""payload"":{""assignment_state"":""effective"",""inheritance"":""direct_from_frozen_edition"",""rights_id"":""urn:uuid:3f181e34-b5ab-550e-89bb-fd3d6c717bd0"",""target_id"":""urn:uuid:9ba31451-c758-5f34-a712-910e6d5dc646"",""target_native_id"":""OLP-0118""},""record_type"":""rights_assignment"",""recorded_at"":""2026-08-31T00:00:00Z"",""semantic_key"":""c80:openlogic:rights-assignment:unit:OLP-0118""}"
urn:uuid:4edca934-4e9a-5527-8a4f-33bdb72b1fbe,rights_assignment,"{""dataset_id"":""urn:uuid:fdfa2782-db96-5e60-bcb3-d206d78b960a"",""id"":""urn:uuid:4edca934-4e9a-5527-8a4f-33bdb72b1fbe"",""normalized_state"":""published"",""owner_authority_id"":""urn:uuid:ba324c09-ea3b-5b7d-a8de-40df0fcc5e83"",""owner_native_state"":""verified"",""payload"":{""assignment_state"":""effective"",""inheritance"":""direct_from_frozen_edition"",""rights_id"":""urn:uuid:3f181e34-b5ab-550e-89bb-fd3d6c717bd0"",""target_id"":""urn:uuid:0431377a-083c-5550-86a9-e0fd4655094b"",""target_native_id"":""OLP-0119""},""record_type"":""rights_assignment"",""recorded_at"":""2026-08-31T00:00:00Z"",""semantic_key"":""c80:openlogic:rights-assignment:unit:OLP-0119""}"
urn:uuid:09f83a9c-5995-5d85-993e-3626774b93a3,rights_assignment,"{""dataset_id"":""urn:uuid:fdfa2782-db96-5e60-bcb3-d206d78b960a"",""id"":""urn:uuid:09f83a9c-5995-5d85-993e-3626774b93a3"",""normalized_state"":""published"",""owner_authority_id"":""urn:uuid:ba324c09-ea3b-5b7d-a8de-40df0fcc5e83"",""owner_native_state"":""verified"",""payload"":{""assignment_state"":""effective"",""inheritance"":""direct_from_frozen_edition"",""rights_id"":""urn:uuid:3f181e34-b5ab-550e-89bb-fd3d6c717bd0"",""target_id"":""urn:uuid:c48fc42f-e9cf-583a-b566-513b5e8817b8"",""target_native_id"":""OLP-0120""},""record_type"":""rights_assignment"",""recorded_at"":""2026-08-31T00:00:00Z"",""semantic_key"":""c80:openlogic:rights-assignment:unit:OLP-0120""}"
urn:uuid:7bb60b7f-7c61-506d-b932-215602cd92d7,rights_assignment,"{""dataset_id"":""urn:uuid:fdfa2782-db96-5e60-bcb3-d206d78b960a"",""id"":""urn:uuid:7bb60b7f-7c61-506d-b932-215602cd92d7"",""normalized_state"":""published"",""owner_authority_id"":""urn:uuid:ba324c09-ea3b-5b7d-a8de-40df0fcc5e83"",""owner_native_state"":""verified"",""payload"":{""assignment_state"":""effective"",""inheritance"":""direct_from_frozen_edition"",""rights_id"":""urn:uuid:3f181e34-b5ab-550e-89bb-fd3d6c717bd0"",""target_id"":""urn:uuid:934beab4-60e8-5e52-87d5-c06ff701da22"",""target_native_id"":""OLP-0121""},""record_type"":""rights_assignment"",""recorded_at"":""2026-08-31T00:00:00Z"",""semantic_key"":""c80:openlogic:rights-assignment:unit:OLP-0121""}"
urn:uuid:ff6f9ba4-8316-5678-bf2c-acfe477ca500,rights_assignment,"{""dataset_id"":""urn:uuid:fdfa2782-db96-5e60-bcb3-d206d78b960a"",""id"":""urn:uuid:ff6f9ba4-8316-5678-bf2c-acfe477ca500"",""normalized_state"":""published"",""owner_authority_id"":""urn:uuid:ba324c09-ea3b-5b7d-a8de-40df0fcc5e83"",""owner_native_state"":""verified"",""payload"":{""assignment_state"":""effective"",""inheritance"":""direct_from_frozen_edition"",""rights_id"":""urn:uuid:3f181e34-b5ab-550e-89bb-fd3d6c717bd0"",""target_id"":""urn:uuid:057141d1-0066-5dad-8d44-f1d66d241543"",""target_native_id"":""OLP-0122""},""record_type"":""rights_assignment"",""recorded_at"":""2026-08-31T00:00:00Z"",""semantic_key"":""c80:openlogic:rights-assignment:unit:OLP-0122""}"
urn:uuid:c839cc18-621f-5c6b-bf34-6df14b4e4c21,rights_assignment,"{""dataset_id"":""urn:uuid:fdfa2782-db96-5e60-bcb3-d206d78b960a"",""id"":""urn:uuid:c839cc18-621f-5c6b-bf34-6df14b4e4c21"",""normalized_state"":""published"",""owner_authority_id"":""urn:uuid:ba324c09-ea3b-5b7d-a8de-40df0fcc5e83"",""owner_native_state"":""verified"",""payload"":{""assignment_state"":""effective"",""inheritance"":""direct_from_frozen_edition"",""rights_id"":""urn:uuid:3f181e34-b5ab-550e-89bb-fd3d6c717bd0"",""target_id"":""urn:uuid:6307b81b-655f-589c-a02b-c44794f13451"",""target_native_id"":""OLP-0123""},""record_type"":""rights_assignment"",""recorded_at"":""2026-08-31T00:00:00Z"",""semantic_key"":""c80:openlogic:rights-assignment:unit:OLP-0123""}"
urn:uuid:c001e547-ab2a-5907-946d-f0b41a82b6e1,rights_assignment,"{""dataset_id"":""urn:uuid:fdfa2782-db96-5e60-bcb3-d206d78b960a"",""id"":""urn:uuid:c001e547-ab2a-5907-946d-f0b41a82b6e1"",""normalized_state"":""published"",""owner_authority_id"":""urn:uuid:ba324c09-ea3b-5b7d-a8de-40df0fcc5e83"",""owner_native_state"":""verified"",""payload"":{""assignment_state"":""effective"",""inheritance"":""direct_from_frozen_edition"",""rights_id"":""urn:uuid:3f181e34-b5ab-550e-89bb-fd3d6c717bd0"",""target_id"":""urn:uuid:aadc2f06-bb2b-58bd-a85c-8d5f67d0abfe"",""target_native_id"":""OLP-0124""},""record_type"":""rights_assignment"",""recorded_at"":""2026-08-31T00:00:00Z"",""semantic_key"":""c80:openlogic:rights-assignment:unit:OLP-0124""}"
urn:uuid:2c414f70-7dfb-505a-be8d-b17eaf13c100,rights_assignment,"{""dataset_id"":""urn:uuid:fdfa2782-db96-5e60-bcb3-d206d78b960a"",""id"":""urn:uuid:2c414f70-7dfb-505a-be8d-b17eaf13c100"",""normalized_state"":""published"",""owner_authority_id"":""urn:uuid:ba324c09-ea3b-5b7d-a8de-40df0fcc5e83"",""owner_native_state"":""verified"",""payload"":{""assignment_state"":""effective"",""inheritance"":""direct_from_frozen_edition"",""rights_id"":""urn:uuid:3f181e34-b5ab-550e-89bb-fd3d6c717bd0"",""target_id"":""urn:uuid:3cf6e475-cff4-5409-9f79-77f588bce64d"",""target_native_id"":""OLP-0125""},""record_type"":""rights_assignment"",""recorded_at"":""2026-08-31T00:00:00Z"",""semantic_key"":""c80:openlogic:rights-assignment:unit:OLP-0125""}"
urn:uuid:7351dbb2-1a6c-591f-849c-2a51e670da41,rights_assignment,"{""dataset_id"":""urn:uuid:fdfa2782-db96-5e60-bcb3-d206d78b960a"",""id"":""urn:uuid:7351dbb2-1a6c-591f-849c-2a51e670da41"",""normalized_state"":""published"",""owner_authority_id"":""urn:uuid:ba324c09-ea3b-5b7d-a8de-40df0fcc5e83"",""owner_native_state"":""verified"",""payload"":{""assignment_state"":""effective"",""inheritance"":""direct_from_frozen_edition"",""rights_id"":""urn:uuid:3f181e34-b5ab-550e-89bb-fd3d6c717bd0"",""target_id"":""urn:uuid:711f2efb-ee96-561d-bf7c-59e28edcd61c"",""target_native_id"":""OLP-0126""},""record_type"":""rights_assignment"",""recorded_at"":""2026-08-31T00:00:00Z"",""semantic_key"":""c80:openlogic:rights-assignment:unit:OLP-0126""}"
urn:uuid:f7a8db7e-82f0-527d-9c70-be900bf11e9c,rights_assignment,"{""dataset_id"":""urn:uuid:fdfa2782-db96-5e60-bcb3-d206d78b960a"",""id"":""urn:uuid:f7a8db7e-82f0-527d-9c70-be900bf11e9c"",""normalized_state"":""published"",""owner_authority_id"":""urn:uuid:ba324c09-ea3b-5b7d-a8de-40df0fcc5e83"",""owner_native_state"":""verified"",""payload"":{""assignment_state"":""effective"",""inheritance"":""direct_from_frozen_edition"",""rights_id"":""urn:uuid:3f181e34-b5ab-550e-89bb-fd3d6c717bd0"",""target_id"":""urn:uuid:7a287a43-8004-5ee0-9210-cf3319150915"",""target_native_id"":""OLP-0127""},""record_type"":""rights_assignment"",""recorded_at"":""2026-08-31T00:00:00Z"",""semantic_key"":""c80:openlogic:rights-assignment:unit:OLP-0127""}"
urn:uuid:85cc4ad3-df68-5603-89f3-6aa74f1dd495,rights_assignment,"{""dataset_id"":""urn:uuid:fdfa2782-db96-5e60-bcb3-d206d78b960a"",""id"":""urn:uuid:85cc4ad3-df68-5603-89f3-6aa74f1dd495"",""normalized_state"":""published"",""owner_authority_id"":""urn:uuid:ba324c09-ea3b-5b7d-a8de-40df0fcc5e83"",""owner_native_state"":""verified"",""payload"":{""assignment_state"":""effective"",""inheritance"":""direct_from_frozen_edition"",""rights_id"":""urn:uuid:3f181e34-b5ab-550e-89bb-fd3d6c717bd0"",""target_id"":""urn:uuid:f3f3ca7b-aca2-5d05-a242-2db8d989e3b0"",""target_native_id"":""OLP-0128""},""record_type"":""rights_assignment"",""recorded_at"":""2026-08-31T00:00:00Z"",""semantic_key"":""c80:openlogic:rights-assignment:unit:OLP-0128""}"
urn:uuid:f0bc0a89-14fd-58e8-8f0e-691498df98e1,rights_assignment,"{""dataset_id"":""urn:uuid:fdfa2782-db96-5e60-bcb3-d206d78b960a"",""id"":""urn:uuid:f0bc0a89-14fd-58e8-8f0e-691498df98e1"",""normalized_state"":""published"",""owner_authority_id"":""urn:uuid:ba324c09-ea3b-5b7d-a8de-40df0fcc5e83"",""owner_native_state"":""verified"",""payload"":{""assignment_state"":""effective"",""inheritance"":""direct_from_frozen_edition"",""rights_id"":""urn:uuid:3f181e34-b5ab-550e-89bb-fd3d6c717bd0"",""target_id"":""urn:uuid:874d0c05-d210-5647-b1e2-d650cfe45c9d"",""target_native_id"":""OLP-0129""},""record_type"":""rights_assignment"",""recorded_at"":""2026-08-31T00:00:00Z"",""semantic_key"":""c80:openlogic:rights-assignment:unit:OLP-0129""}"
urn:uuid:11ce67f7-f1fe-58e1-8e56-bf4b20f3a602,rights_assignment,"{""dataset_id"":""urn:uuid:fdfa2782-db96-5e60-bcb3-d206d78b960a"",""id"":""urn:uuid:11ce67f7-f1fe-58e1-8e56-bf4b20f3a602"",""normalized_state"":""published"",""owner_authority_id"":""urn:uuid:ba324c09-ea3b-5b7d-a8de-40df0fcc5e83"",""owner_native_state"":""verified"",""payload"":{""assignment_state"":""effective"",""inheritance"":""direct_from_frozen_edition"",""rights_id"":""urn:uuid:3f181e34-b5ab-550e-89bb-fd3d6c717bd0"",""target_id"":""urn:uuid:4ec44152-19bb-581a-a0b6-ce9ee947e82c"",""target_native_id"":""OLP-0130""},""record_type"":""rights_assignment"",""recorded_at"":""2026-08-31T00:00:00Z"",""semantic_key"":""c80:openlogic:rights-assignment:unit:OLP-0130""}"
urn:uuid:b8c67215-0899-57e6-8cea-fa5f51c7a89d,rights_assignment,"{""dataset_id"":""urn:uuid:fdfa2782-db96-5e60-bcb3-d206d78b960a"",""id"":""urn:uuid:b8c67215-0899-57e6-8cea-fa5f51c7a89d"",""normalized_state"":""published"",""owner_authority_id"":""urn:uuid:ba324c09-ea3b-5b7d-a8de-40df0fcc5e83"",""owner_native_state"":""verified"",""payload"":{""assignment_state"":""effective"",""inheritance"":""direct_from_frozen_edition"",""rights_id"":""urn:uuid:3f181e34-b5ab-550e-89bb-fd3d6c717bd0"",""target_id"":""urn:uuid:c0ba9d97-ca9b-57bc-be41-c97558d743bc"",""target_native_id"":""OLP-0131""},""record_type"":""rights_assignment"",""recorded_at"":""2026-08-31T00:00:00Z"",""semantic_key"":""c80:openlogic:rights-assignment:unit:OLP-0131""}"
urn:uuid:033109d2-74de-5f79-be6b-8b103d64afc1,rights_assignment,"{""dataset_id"":""urn:uuid:fdfa2782-db96-5e60-bcb3-d206d78b960a"",""id"":""urn:uuid:033109d2-74de-5f79-be6b-8b103d64afc1"",""normalized_state"":""published"",""owner_authority_id"":""urn:uuid:ba324c09-ea3b-5b7d-a8de-40df0fcc5e83"",""owner_native_state"":""verified"",""payload"":{""assignment_state"":""effective"",""inheritance"":""direct_from_frozen_edition"",""rights_id"":""urn:uuid:3f181e34-b5ab-550e-89bb-fd3d6c717bd0"",""target_id"":""urn:uuid:68cc29d6-4558-56b4-9989-fb4c71686963"",""target_native_id"":""OLP-0132""},""record_type"":""rights_assignment"",""recorded_at"":""2026-08-31T00:00:00Z"",""semantic_key"":""c80:openlogic:rights-assignment:unit:OLP-0132""}"
urn:uuid:cc2cf589-ccd8-5daa-9458-7dfff093dad9,rights_assignment,"{""dataset_id"":""urn:uuid:fdfa2782-db96-5e60-bcb3-d206d78b960a"",""id"":""urn:uuid:cc2cf589-ccd8-5daa-9458-7dfff093dad9"",""normalized_state"":""published"",""owner_authority_id"":""urn:uuid:ba324c09-ea3b-5b7d-a8de-40df0fcc5e83"",""owner_native_state"":""verified"",""payload"":{""assignment_state"":""effective"",""inheritance"":""direct_from_frozen_edition"",""rights_id"":""urn:uuid:3f181e34-b5ab-550e-89bb-fd3d6c717bd0"",""target_id"":""urn:uuid:923bb69a-2381-52d8-ac57-7fee924d4bf7"",""target_native_id"":""OLP-0133""},""record_type"":""rights_assignment"",""recorded_at"":""2026-08-31T00:00:00Z"",""semantic_key"":""c80:openlogic:rights-assignment:unit:OLP-0133""}"
urn:uuid:ce969ee3-84a6-540e-8b0f-48ab87db947d,rights_assignment,"{""dataset_id"":""urn:uuid:fdfa2782-db96-5e60-bcb3-d206d78b960a"",""id"":""urn:uuid:ce969ee3-84a6-540e-8b0f-48ab87db947d"",""normalized_state"":""published"",""owner_authority_id"":""urn:uuid:ba324c09-ea3b-5b7d-a8de-40df0fcc5e83"",""owner_native_state"":""verified"",""payload"":{""assignment_state"":""effective"",""inheritance"":""direct_from_frozen_edition"",""rights_id"":""urn:uuid:3f181e34-b5ab-550e-89bb-fd3d6c717bd0"",""target_id"":""urn:uuid:0306835c-d077-5091-b1ed-1e4cb9f06a36"",""target_native_id"":""OLP-0134""},""record_type"":""rights_assignment"",""recorded_at"":""2026-08-31T00:00:00Z"",""semantic_key"":""c80:openlogic:rights-assignment:unit:OLP-0134""}"
urn:uuid:898d6de7-b1f2-55cf-9506-0b8fe94b6066,rights_assignment,"{""dataset_id"":""urn:uuid:fdfa2782-db96-5e60-bcb3-d206d78b960a"",""id"":""urn:uuid:898d6de7-b1f2-55cf-9506-0b8fe94b6066"",""normalized_state"":""published"",""owner_authority_id"":""urn:uuid:ba324c09-ea3b-5b7d-a8de-40df0fcc5e83"",""owner_native_state"":""verified"",""payload"":{""assignment_state"":""effective"",""inheritance"":""direct_from_frozen_edition"",""rights_id"":""urn:uuid:3f181e34-b5ab-550e-89bb-fd3d6c717bd0"",""target_id"":""urn:uuid:5c8390b8-e487-5899-8a86-9146baf4b56a"",""target_native_id"":""OLP-0135""},""record_type"":""rights_assignment"",""recorded_at"":""2026-08-31T00:00:00Z"",""semantic_key"":""c80:openlogic:rights-assignment:unit:OLP-0135""}"
urn:uuid:65c4b47a-ceaa-5379-ae94-4f917607d92c,rights_assignment,"{""dataset_id"":""urn:uuid:fdfa2782-db96-5e60-bcb3-d206d78b960a"",""id"":""urn:uuid:65c4b47a-ceaa-5379-ae94-4f917607d92c"",""normalized_state"":""published"",""owner_authority_id"":""urn:uuid:ba324c09-ea3b-5b7d-a8de-40df0fcc5e83"",""owner_native_state"":""verified"",""payload"":{""assignment_state"":""effective"",""inheritance"":""direct_from_frozen_edition"",""rights_id"":""urn:uuid:3f181e34-b5ab-550e-89bb-fd3d6c717bd0"",""target_id"":""urn:uuid:b659fe22-4d48-5654-8702-f51a2ad423f9"",""target_native_id"":""OLP-0136""},""record_type"":""rights_assignment"",""recorded_at"":""2026-08-31T00:00:00Z"",""semantic_key"":""c80:openlogic:rights-assignment:unit:OLP-0136""}"
urn:uuid:8ae0ecf4-ff66-58aa-bb7d-1e0e9e4d056a,rights_assignment,"{""dataset_id"":""urn:uuid:fdfa2782-db96-5e60-bcb3-d206d78b960a"",""id"":""urn:uuid:8ae0ecf4-ff66-58aa-bb7d-1e0e9e4d056a"",""normalized_state"":""published"",""owner_authority_id"":""urn:uuid:ba324c09-ea3b-5b7d-a8de-40df0fcc5e83"",""owner_native_state"":""verified"",""payload"":{""assignment_state"":""effective"",""inheritance"":""direct_from_frozen_edition"",""rights_id"":""urn:uuid:3f181e34-b5ab-550e-89bb-fd3d6c717bd0"",""target_id"":""urn:uuid:0ba933bd-63fc-5ea4-8a85-2961618e4dfe"",""target_native_id"":""OLP-0137""},""record_type"":""rights_assignment"",""recorded_at"":""2026-08-31T00:00:00Z"",""semantic_key"":""c80:openlogic:rights-assignment:unit:OLP-0137""}"
urn:uuid:f9aa7999-f014-5529-b9fb-51ac15ecbae9,rights_assignment,"{""dataset_id"":""urn:uuid:fdfa2782-db96-5e60-bcb3-d206d78b960a"",""id"":""urn:uuid:f9aa7999-f014-5529-b9fb-51ac15ecbae9"",""normalized_state"":""published"",""owner_authority_id"":""urn:uuid:ba324c09-ea3b-5b7d-a8de-40df0fcc5e83"",""owner_native_state"":""verified"",""payload"":{""assignment_state"":""effective"",""inheritance"":""direct_from_frozen_edition"",""rights_id"":""urn:uuid:3f181e34-b5ab-550e-89bb-fd3d6c717bd0"",""target_id"":""urn:uuid:e2b027c0-5c99-597a-b035-bd251b995801"",""target_native_id"":""OLP-0138""},""record_type"":""rights_assignment"",""recorded_at"":""2026-08-31T00:00:00Z"",""semantic_key"":""c80:openlogic:rights-assignment:unit:OLP-0138""}"
urn:uuid:f3273011-b329-502d-9956-c69bf7980a34,rights_assignment,"{""dataset_id"":""urn:uuid:fdfa2782-db96-5e60-bcb3-d206d78b960a"",""id"":""urn:uuid:f3273011-b329-502d-9956-c69bf7980a34"",""normalized_state"":""published"",""owner_authority_id"":""urn:uuid:ba324c09-ea3b-5b7d-a8de-40df0fcc5e83"",""owner_native_state"":""verified"",""payload"":{""assignment_state"":""effective"",""inheritance"":""direct_from_frozen_edition"",""rights_id"":""urn:uuid:3f181e34-b5ab-550e-89bb-fd3d6c717bd0"",""target_id"":""urn:uuid:5ffee99a-ea90-515d-a18b-334548693453"",""target_native_id"":""OLP-0139""},""record_type"":""rights_assignment"",""recorded_at"":""2026-08-31T00:00:00Z"",""semantic_key"":""c80:openlogic:rights-assignment:unit:OLP-0139""}"
urn:uuid:f6decbd1-40c1-5bc0-9d5b-a4c66c85d20d,rights_assignment,"{""dataset_id"":""urn:uuid:fdfa2782-db96-5e60-bcb3-d206d78b960a"",""id"":""urn:uuid:f6decbd1-40c1-5bc0-9d5b-a4c66c85d20d"",""normalized_state"":""published"",""owner_authority_id"":""urn:uuid:ba324c09-ea3b-5b7d-a8de-40df0fcc5e83"",""owner_native_state"":""verified"",""payload"":{""assignment_state"":""effective"",""inheritance"":""direct_from_frozen_edition"",""rights_id"":""urn:uuid:3f181e34-b5ab-550e-89bb-fd3d6c717bd0"",""target_id"":""urn:uuid:4a23b8b4-8912-5382-829e-115c674de619"",""target_native_id"":""OLP-0140""},""record_type"":""rights_assignment"",""recorded_at"":""2026-08-31T00:00:00Z"",""semantic_key"":""c80:openlogic:rights-assignment:unit:OLP-0140""}"
urn:uuid:efb280fe-6fc5-5b60-a245-722d7fb01c20,rights_assignment,"{""dataset_id"":""urn:uuid:fdfa2782-db96-5e60-bcb3-d206d78b960a"",""id"":""urn:uuid:efb280fe-6fc5-5b60-a245-722d7fb01c20"",""normalized_state"":""published"",""owner_authority_id"":""urn:uuid:ba324c09-ea3b-5b7d-a8de-40df0fcc5e83"",""owner_native_state"":""verified"",""payload"":{""assignment_state"":""effective"",""inheritance"":""direct_from_frozen_edition"",""rights_id"":""urn:uuid:3f181e34-b5ab-550e-89bb-fd3d6c717bd0"",""target_id"":""urn:uuid:e18aa95b-c076-5c17-a4af-9132c34235c9"",""target_native_id"":""OLP-0141""},""record_type"":""rights_assignment"",""recorded_at"":""2026-08-31T00:00:00Z"",""semantic_key"":""c80:openlogic:rights-assignment:unit:OLP-0141""}"
urn:uuid:4e43e05e-2ab8-5a82-9b18-0ad96450dc10,rights_assignment,"{""dataset_id"":""urn:uuid:fdfa2782-db96-5e60-bcb3-d206d78b960a"",""id"":""urn:uuid:4e43e05e-2ab8-5a82-9b18-0ad96450dc10"",""normalized_state"":""published"",""owner_authority_id"":""urn:uuid:ba324c09-ea3b-5b7d-a8de-40df0fcc5e83"",""owner_native_state"":""verified"",""payload"":{""assignment_state"":""effective"",""inheritance"":""direct_from_frozen_edition"",""rights_id"":""urn:uuid:3f181e34-b5ab-550e-89bb-fd3d6c717bd0"",""target_id"":""urn:uuid:da5f3504-a23a-55ac-bc0c-622afc8c3a7c"",""target_native_id"":""OLP-0142""},""record_type"":""rights_assignment"",""recorded_at"":""2026-08-31T00:00:00Z"",""semantic_key"":""c80:openlogic:rights-assignment:unit:OLP-0142""}"
urn:uuid:257cd73b-8161-59d8-99c8-106ba2f8bf08,rights_assignment,"{""dataset_id"":""urn:uuid:fdfa2782-db96-5e60-bcb3-d206d78b960a"",""id"":""urn:uuid:257cd73b-8161-59d8-99c8-106ba2f8bf08"",""normalized_state"":""published"",""owner_authority_id"":""urn:uuid:ba324c09-ea3b-5b7d-a8de-40df0fcc5e83"",""owner_native_state"":""verified"",""payload"":{""assignment_state"":""effective"",""inheritance"":""direct_from_frozen_edition"",""rights_id"":""urn:uuid:3f181e34-b5ab-550e-89bb-fd3d6c717bd0"",""target_id"":""urn:uuid:1b5295d2-8778-5008-99ae-659a63e51a8f"",""target_native_id"":""OLP-0143""},""record_type"":""rights_assignment"",""recorded_at"":""2026-08-31T00:00:00Z"",""semantic_key"":""c80:openlogic:rights-assignment:unit:OLP-0143""}"
urn:uuid:d05deab0-dc65-5109-af64-b013944181d4,rights_assignment,"{""dataset_id"":""urn:uuid:fdfa2782-db96-5e60-bcb3-d206d78b960a"",""id"":""urn:uuid:d05deab0-dc65-5109-af64-b013944181d4"",""normalized_state"":""published"",""owner_authority_id"":""urn:uuid:ba324c09-ea3b-5b7d-a8de-40df0fcc5e83"",""owner_native_state"":""verified"",""payload"":{""assignment_state"":""effective"",""inheritance"":""direct_from_frozen_edition"",""rights_id"":""urn:uuid:3f181e34-b5ab-550e-89bb-fd3d6c717bd0"",""target_id"":""urn:uuid:94c1091d-cb65-549f-bb23-78962f6ae931"",""target_native_id"":""OLP-0144""},""record_type"":""rights_assignment"",""recorded_at"":""2026-08-31T00:00:00Z"",""semantic_key"":""c80:openlogic:rights-assignment:unit:OLP-0144""}"
urn:uuid:f14d5904-83b8-5e34-a241-5b3dcc96683b,rights_assignment,"{""dataset_id"":""urn:uuid:fdfa2782-db96-5e60-bcb3-d206d78b960a"",""id"":""urn:uuid:f14d5904-83b8-5e34-a241-5b3dcc96683b"",""normalized_state"":""published"",""owner_authority_id"":""urn:uuid:ba324c09-ea3b-5b7d-a8de-40df0fcc5e83"",""owner_native_state"":""verified"",""payload"":{""assignment_state"":""effective"",""inheritance"":""direct_from_frozen_edition"",""rights_id"":""urn:uuid:3f181e34-b5ab-550e-89bb-fd3d6c717bd0"",""target_id"":""urn:uuid:b50ad226-660e-5442-a4c0-803f8b525b40"",""target_native_id"":""OLP-0145""},""record_type"":""rights_assignment"",""recorded_at"":""2026-08-31T00:00:00Z"",""semantic_key"":""c80:openlogic:rights-assignment:unit:OLP-0145""}"
urn:uuid:2a9f69b6-e1fd-5796-bc09-31e377824151,rights_assignment,"{""dataset_id"":""urn:uuid:fdfa2782-db96-5e60-bcb3-d206d78b960a"",""id"":""urn:uuid:2a9f69b6-e1fd-5796-bc09-31e377824151"",""normalized_state"":""published"",""owner_authority_id"":""urn:uuid:ba324c09-ea3b-5b7d-a8de-40df0fcc5e83"",""owner_native_state"":""verified"",""payload"":{""assignment_state"":""effective"",""inheritance"":""direct_from_frozen_edition"",""rights_id"":""urn:uuid:3f181e34-b5ab-550e-89bb-fd3d6c717bd0"",""target_id"":""urn:uuid:01bb61da-51c6-5dc4-b679-7cc2cd55d5b3"",""target_native_id"":""OLP-0146""},""record_type"":""rights_assignment"",""recorded_at"":""2026-08-31T00:00:00Z"",""semantic_key"":""c80:openlogic:rights-assignment:unit:OLP-0146""}"
urn:uuid:b2617a1f-5f9d-5e8a-8874-8140f2582f8e,rights_assignment,"{""dataset_id"":""urn:uuid:fdfa2782-db96-5e60-bcb3-d206d78b960a"",""id"":""urn:uuid:b2617a1f-5f9d-5e8a-8874-8140f2582f8e"",""normalized_state"":""published"",""owner_authority_id"":""urn:uuid:ba324c09-ea3b-5b7d-a8de-40df0fcc5e83"",""owner_native_state"":""verified"",""payload"":{""assignment_state"":""effective"",""inheritance"":""direct_from_frozen_edition"",""rights_id"":""urn:uuid:3f181e34-b5ab-550e-89bb-fd3d6c717bd0"",""target_id"":""urn:uuid:bd4a4b2e-837b-521e-8a4a-7fe557fcbbff"",""target_native_id"":""OLP-0147""},""record_type"":""rights_assignment"",""recorded_at"":""2026-08-31T00:00:00Z"",""semantic_key"":""c80:openlogic:rights-assignment:unit:OLP-0147""}"
urn:uuid:4d618d92-134f-5ee3-b450-ea556beaa287,rights_assignment,"{""dataset_id"":""urn:uuid:fdfa2782-db96-5e60-bcb3-d206d78b960a"",""id"":""urn:uuid:4d618d92-134f-5ee3-b450-ea556beaa287"",""normalized_state"":""published"",""owner_authority_id"":""urn:uuid:ba324c09-ea3b-5b7d-a8de-40df0fcc5e83"",""owner_native_state"":""verified"",""payload"":{""assignment_state"":""effective"",""inheritance"":""direct_from_frozen_edition"",""rights_id"":""urn:uuid:3f181e34-b5ab-550e-89bb-fd3d6c717bd0"",""target_id"":""urn:uuid:9995103f-abc1-55e5-b3ac-3e5fea8717c7"",""target_native_id"":""OLP-0148""},""record_type"":""rights_assignment"",""recorded_at"":""2026-08-31T00:00:00Z"",""semantic_key"":""c80:openlogic:rights-assignment:unit:OLP-0148""}"
urn:uuid:917b6f7d-6d9b-5323-b084-6956c846043e,rights_assignment,"{""dataset_id"":""urn:uuid:fdfa2782-db96-5e60-bcb3-d206d78b960a"",""id"":""urn:uuid:917b6f7d-6d9b-5323-b084-6956c846043e"",""normalized_state"":""published"",""owner_authority_id"":""urn:uuid:ba324c09-ea3b-5b7d-a8de-40df0fcc5e83"",""owner_native_state"":""verified"",""payload"":{""assignment_state"":""effective"",""inheritance"":""direct_from_frozen_edition"",""rights_id"":""urn:uuid:3f181e34-b5ab-550e-89bb-fd3d6c717bd0"",""target_id"":""urn:uuid:ef60b2ec-9d5e-5d71-888b-b9e8855590ba"",""target_native_id"":""OLP-0149""},""record_type"":""rights_assignment"",""recorded_at"":""2026-08-31T00:00:00Z"",""semantic_key"":""c80:openlogic:rights-assignment:unit:OLP-0149""}"
urn:uuid:6a063774-cda3-5e5e-9fba-3370849a1dfc,rights_assignment,"{""dataset_id"":""urn:uuid:fdfa2782-db96-5e60-bcb3-d206d78b960a"",""id"":""urn:uuid:6a063774-cda3-5e5e-9fba-3370849a1dfc"",""normalized_state"":""published"",""owner_authority_id"":""urn:uuid:ba324c09-ea3b-5b7d-a8de-40df0fcc5e83"",""owner_native_state"":""verified"",""payload"":{""assignment_state"":""effective"",""inheritance"":""direct_from_frozen_edition"",""rights_id"":""urn:uuid:3f181e34-b5ab-550e-89bb-fd3d6c717bd0"",""target_id"":""urn:uuid:0c46d86c-fe01-5ce8-9204-6fdbfd9d12db"",""target_native_id"":""OLP-0150""},""record_type"":""rights_assignment"",""recorded_at"":""2026-08-31T00:00:00Z"",""semantic_key"":""c80:openlogic:rights-assignment:unit:OLP-0150""}"
urn:uuid:40885aa8-8bf4-521e-8970-dbc545e0ed10,rights_assignment,"{""dataset_id"":""urn:uuid:fdfa2782-db96-5e60-bcb3-d206d78b960a"",""id"":""urn:uuid:40885aa8-8bf4-521e-8970-dbc545e0ed10"",""normalized_state"":""published"",""owner_authority_id"":""urn:uuid:ba324c09-ea3b-5b7d-a8de-40df0fcc5e83"",""owner_native_state"":""verified"",""payload"":{""assignment_state"":""effective"",""inheritance"":""direct_from_frozen_edition"",""rights_id"":""urn:uuid:3f181e34-b5ab-550e-89bb-fd3d6c717bd0"",""target_id"":""urn:uuid:9fb7289a-034c-53b7-96c6-e4f9933f4295"",""target_native_id"":""OLP-0151""},""record_type"":""rights_assignment"",""recorded_at"":""2026-08-31T00:00:00Z"",""semantic_key"":""c80:openlogic:rights-assignment:unit:OLP-0151""}"
urn:uuid:b488c717-6e2a-59bd-b090-186620d4771c,rights_assignment,"{""dataset_id"":""urn:uuid:fdfa2782-db96-5e60-bcb3-d206d78b960a"",""id"":""urn:uuid:b488c717-6e2a-59bd-b090-186620d4771c"",""normalized_state"":""published"",""owner_authority_id"":""urn:uuid:ba324c09-ea3b-5b7d-a8de-40df0fcc5e83"",""owner_native_state"":""verified"",""payload"":{""assignment_state"":""effective"",""inheritance"":""direct_from_frozen_edition"",""rights_id"":""urn:uuid:3f181e34-b5ab-550e-89bb-fd3d6c717bd0"",""target_id"":""urn:uuid:fcf39849-370a-528c-9a81-e444455eff70"",""target_native_id"":""OLP-0152""},""record_type"":""rights_assignment"",""recorded_at"":""2026-08-31T00:00:00Z"",""semantic_key"":""c80:openlogic:rights-assignment:unit:OLP-0152""}"
urn:uuid:e59a9d36-6964-55de-af18-d8ca09e02318,rights_assignment,"{""dataset_id"":""urn:uuid:fdfa2782-db96-5e60-bcb3-d206d78b960a"",""id"":""urn:uuid:e59a9d36-6964-55de-af18-d8ca09e02318"",""normalized_state"":""published"",""owner_authority_id"":""urn:uuid:ba324c09-ea3b-5b7d-a8de-40df0fcc5e83"",""owner_native_state"":""verified"",""payload"":{""assignment_state"":""effective"",""inheritance"":""direct_from_frozen_edition"",""rights_id"":""urn:uuid:3f181e34-b5ab-550e-89bb-fd3d6c717bd0"",""target_id"":""urn:uuid:83a0a4e7-afed-5d56-b282-56077a64bb8b"",""target_native_id"":""OLP-0153""},""record_type"":""rights_assignment"",""recorded_at"":""2026-08-31T00:00:00Z"",""semantic_key"":""c80:openlogic:rights-assignment:unit:OLP-0153""}"
urn:uuid:50bae1d3-24a5-5cbf-b2db-18a82ca40a94,rights_assignment,"{""dataset_id"":""urn:uuid:fdfa2782-db96-5e60-bcb3-d206d78b960a"",""id"":""urn:uuid:50bae1d3-24a5-5cbf-b2db-18a82ca40a94"",""normalized_state"":""published"",""owner_authority_id"":""urn:uuid:ba324c09-ea3b-5b7d-a8de-40df0fcc5e83"",""owner_native_state"":""verified"",""payload"":{""assignment_state"":""effective"",""inheritance"":""direct_from_frozen_edition"",""rights_id"":""urn:uuid:3f181e34-b5ab-550e-89bb-fd3d6c717bd0"",""target_id"":""urn:uuid:b586906d-d827-573a-8e5d-f7c4b23168e7"",""target_native_id"":""OLP-0154""},""record_type"":""rights_assignment"",""recorded_at"":""2026-08-31T00:00:00Z"",""semantic_key"":""c80:openlogic:rights-assignment:unit:OLP-0154""}"
urn:uuid:a233b2a4-15ac-5208-aa1a-d572d88549ba,rights_assignment,"{""dataset_id"":""urn:uuid:fdfa2782-db96-5e60-bcb3-d206d78b960a"",""id"":""urn:uuid:a233b2a4-15ac-5208-aa1a-d572d88549ba"",""normalized_state"":""published"",""owner_authority_id"":""urn:uuid:ba324c09-ea3b-5b7d-a8de-40df0fcc5e83"",""owner_native_state"":""verified"",""payload"":{""assignment_state"":""effective"",""inheritance"":""direct_from_frozen_edition"",""rights_id"":""urn:uuid:3f181e34-b5ab-550e-89bb-fd3d6c717bd0"",""target_id"":""urn:uuid:2684742c-f8cc-55a8-9f0b-ee93bd39677b"",""target_native_id"":""OLP-0155""},""record_type"":""rights_assignment"",""recorded_at"":""2026-08-31T00:00:00Z"",""semantic_key"":""c80:openlogic:rights-assignment:unit:OLP-0155""}"
urn:uuid:ecf3105b-806a-5f17-91ee-d1bd351d3f5b,rights_assignment,"{""dataset_id"":""urn:uuid:fdfa2782-db96-5e60-bcb3-d206d78b960a"",""id"":""urn:uuid:ecf3105b-806a-5f17-91ee-d1bd351d3f5b"",""normalized_state"":""published"",""owner_authority_id"":""urn:uuid:ba324c09-ea3b-5b7d-a8de-40df0fcc5e83"",""owner_native_state"":""verified"",""payload"":{""assignment_state"":""effective"",""inheritance"":""direct_from_frozen_edition"",""rights_id"":""urn:uuid:3f181e34-b5ab-550e-89bb-fd3d6c717bd0"",""target_id"":""urn:uuid:8943d39b-a08d-5bf9-b784-702e30805d56"",""target_native_id"":""OLP-0156""},""record_type"":""rights_assignment"",""recorded_at"":""2026-08-31T00:00:00Z"",""semantic_key"":""c80:openlogic:rights-assignment:unit:OLP-0156""}"
urn:uuid:2e8a3cde-beda-5d5c-8647-3eee5c0aabc2,rights_assignment,"{""dataset_id"":""urn:uuid:fdfa2782-db96-5e60-bcb3-d206d78b960a"",""id"":""urn:uuid:2e8a3cde-beda-5d5c-8647-3eee5c0aabc2"",""normalized_state"":""published"",""owner_authority_id"":""urn:uuid:ba324c09-ea3b-5b7d-a8de-40df0fcc5e83"",""owner_native_state"":""verified"",""payload"":{""assignment_state"":""effective"",""inheritance"":""direct_from_frozen_edition"",""rights_id"":""urn:uuid:3f181e34-b5ab-550e-89bb-fd3d6c717bd0"",""target_id"":""urn:uuid:78827e70-69ba-5512-bf09-2ac55e34e3ac"",""target_native_id"":""OLP-0157""},""record_type"":""rights_assignment"",""recorded_at"":""2026-08-31T00:00:00Z"",""semantic_key"":""c80:openlogic:rights-assignment:unit:OLP-0157""}"
urn:uuid:766b3c0d-e229-50fa-abb7-3b6c7390e33a,rights_assignment,"{""dataset_id"":""urn:uuid:fdfa2782-db96-5e60-bcb3-d206d78b960a"",""id"":""urn:uuid:766b3c0d-e229-50fa-abb7-3b6c7390e33a"",""normalized_state"":""published"",""owner_authority_id"":""urn:uuid:ba324c09-ea3b-5b7d-a8de-40df0fcc5e83"",""owner_native_state"":""verified"",""payload"":{""assignment_state"":""effective"",""inheritance"":""direct_from_frozen_edition"",""rights_id"":""urn:uuid:3f181e34-b5ab-550e-89bb-fd3d6c717bd0"",""target_id"":""urn:uuid:a319ede5-280a-5f00-a895-8fdff2ba4882"",""target_native_id"":""OLP-0158""},""record_type"":""rights_assignment"",""recorded_at"":""2026-08-31T00:00:00Z"",""semantic_key"":""c80:openlogic:rights-assignment:unit:OLP-0158""}"
urn:uuid:1a339a5f-9d3f-5d28-b954-ecc54fe19f16,rights_assignment,"{""dataset_id"":""urn:uuid:fdfa2782-db96-5e60-bcb3-d206d78b960a"",""id"":""urn:uuid:1a339a5f-9d3f-5d28-b954-ecc54fe19f16"",""normalized_state"":""published"",""owner_authority_id"":""urn:uuid:ba324c09-ea3b-5b7d-a8de-40df0fcc5e83"",""owner_native_state"":""verified"",""payload"":{""assignment_state"":""effective"",""inheritance"":""direct_from_frozen_edition"",""rights_id"":""urn:uuid:3f181e34-b5ab-550e-89bb-fd3d6c717bd0"",""target_id"":""urn:uuid:ed8c9c93-f95d-5f7e-b6bb-c86ddecd3409"",""target_native_id"":""OLP-0159""},""record_type"":""rights_assignment"",""recorded_at"":""2026-08-31T00:00:00Z"",""semantic_key"":""c80:openlogic:rights-assignment:unit:OLP-0159""}"
urn:uuid:817f3682-08f5-540d-be59-83a2a4c5c05e,rights_assignment,"{""dataset_id"":""urn:uuid:fdfa2782-db96-5e60-bcb3-d206d78b960a"",""id"":""urn:uuid:817f3682-08f5-540d-be59-83a2a4c5c05e"",""normalized_state"":""published"",""owner_authority_id"":""urn:uuid:ba324c09-ea3b-5b7d-a8de-40df0fcc5e83"",""owner_native_state"":""verified"",""payload"":{""assignment_state"":""effective"",""inheritance"":""direct_from_frozen_edition"",""rights_id"":""urn:uuid:3f181e34-b5ab-550e-89bb-fd3d6c717bd0"",""target_id"":""urn:uuid:bd13c422-87f1-5184-9305-9287c60d3451"",""target_native_id"":""OLP-0160""},""record_type"":""rights_assignment"",""recorded_at"":""2026-08-31T00:00:00Z"",""semantic_key"":""c80:openlogic:rights-assignment:unit:OLP-0160""}"
urn:uuid:c85ffb5b-45ba-5f5c-94aa-33c3bdb66d96,rights_assignment,"{""dataset_id"":""urn:uuid:fdfa2782-db96-5e60-bcb3-d206d78b960a"",""id"":""urn:uuid:c85ffb5b-45ba-5f5c-94aa-33c3bdb66d96"",""normalized_state"":""published"",""owner_authority_id"":""urn:uuid:ba324c09-ea3b-5b7d-a8de-40df0fcc5e83"",""owner_native_state"":""verified"",""payload"":{""assignment_state"":""effective"",""inheritance"":""direct_from_frozen_edition"",""rights_id"":""urn:uuid:3f181e34-b5ab-550e-89bb-fd3d6c717bd0"",""target_id"":""urn:uuid:acd2be16-8dae-507c-ae43-411a5c4416f6"",""target_native_id"":""OLP-0161""},""record_type"":""rights_assignment"",""recorded_at"":""2026-08-31T00:00:00Z"",""semantic_key"":""c80:openlogic:rights-assignment:unit:OLP-0161""}"
urn:uuid:2a9fb5b0-5601-56b1-a8d3-8c613f948b39,rights_assignment,"{""dataset_id"":""urn:uuid:fdfa2782-db96-5e60-bcb3-d206d78b960a"",""id"":""urn:uuid:2a9fb5b0-5601-56b1-a8d3-8c613f948b39"",""normalized_state"":""published"",""owner_authority_id"":""urn:uuid:ba324c09-ea3b-5b7d-a8de-40df0fcc5e83"",""owner_native_state"":""verified"",""payload"":{""assignment_state"":""effective"",""inheritance"":""direct_from_frozen_edition"",""rights_id"":""urn:uuid:3f181e34-b5ab-550e-89bb-fd3d6c717bd0"",""target_id"":""urn:uuid:982bd861-c066-50a6-8701-b15d11cda971"",""target_native_id"":""OLP-0162""},""record_type"":""rights_assignment"",""recorded_at"":""2026-08-31T00:00:00Z"",""semantic_key"":""c80:openlogic:rights-assignment:unit:OLP-0162""}"
urn:uuid:19b72b3a-f005-59e9-ade5-dbedbc2bb40a,rights_assignment,"{""dataset_id"":""urn:uuid:fdfa2782-db96-5e60-bcb3-d206d78b960a"",""id"":""urn:uuid:19b72b3a-f005-59e9-ade5-dbedbc2bb40a"",""normalized_state"":""published"",""owner_authority_id"":""urn:uuid:ba324c09-ea3b-5b7d-a8de-40df0fcc5e83"",""owner_native_state"":""verified"",""payload"":{""assignment_state"":""effective"",""inheritance"":""direct_from_frozen_edition"",""rights_id"":""urn:uuid:3f181e34-b5ab-550e-89bb-fd3d6c717bd0"",""target_id"":""urn:uuid:30685bb2-3859-5792-94aa-39b18fc9a73b"",""target_native_id"":""OLP-0163""},""record_type"":""rights_assignment"",""recorded_at"":""2026-08-31T00:00:00Z"",""semantic_key"":""c80:openlogic:rights-assignment:unit:OLP-0163""}"
urn:uuid:64bcf54f-ebc3-5a2e-b33d-9f4dd57e35aa,rights_assignment,"{""dataset_id"":""urn:uuid:fdfa2782-db96-5e60-bcb3-d206d78b960a"",""id"":""urn:uuid:64bcf54f-ebc3-5a2e-b33d-9f4dd57e35aa"",""normalized_state"":""published"",""owner_authority_id"":""urn:uuid:ba324c09-ea3b-5b7d-a8de-40df0fcc5e83"",""owner_native_state"":""verified"",""payload"":{""assignment_state"":""effective"",""inheritance"":""direct_from_frozen_edition"",""rights_id"":""urn:uuid:3f181e34-b5ab-550e-89bb-fd3d6c717bd0"",""target_id"":""urn:uuid:7e034cec-74c1-549d-8861-a96bda2f7e0c"",""target_native_id"":""OLP-0164""},""record_type"":""rights_assignment"",""recorded_at"":""2026-08-31T00:00:00Z"",""semantic_key"":""c80:openlogic:rights-assignment:unit:OLP-0164""}"
urn:uuid:c842e7ed-a29f-5398-a4dc-3d3cb6d25934,rights_assignment,"{""dataset_id"":""urn:uuid:fdfa2782-db96-5e60-bcb3-d206d78b960a"",""id"":""urn:uuid:c842e7ed-a29f-5398-a4dc-3d3cb6d25934"",""normalized_state"":""published"",""owner_authority_id"":""urn:uuid:ba324c09-ea3b-5b7d-a8de-40df0fcc5e83"",""owner_native_state"":""verified"",""payload"":{""assignment_state"":""effective"",""inheritance"":""direct_from_frozen_edition"",""rights_id"":""urn:uuid:3f181e34-b5ab-550e-89bb-fd3d6c717bd0"",""target_id"":""urn:uuid:f74570f7-37e6-596e-ad64-17444f3b758b"",""target_native_id"":""OLP-0165""},""record_type"":""rights_assignment"",""recorded_at"":""2026-08-31T00:00:00Z"",""semantic_key"":""c80:openlogic:rights-assignment:unit:OLP-0165""}"
urn:uuid:3847eb37-a4bb-5f9b-9e93-c34d0a74455a,rights_assignment,"{""dataset_id"":""urn:uuid:fdfa2782-db96-5e60-bcb3-d206d78b960a"",""id"":""urn:uuid:3847eb37-a4bb-5f9b-9e93-c34d0a74455a"",""normalized_state"":""published"",""owner_authority_id"":""urn:uuid:ba324c09-ea3b-5b7d-a8de-40df0fcc5e83"",""owner_native_state"":""verified"",""payload"":{""assignment_state"":""effective"",""inheritance"":""direct_from_frozen_edition"",""rights_id"":""urn:uuid:3f181e34-b5ab-550e-89bb-fd3d6c717bd0"",""target_id"":""urn:uuid:720f98cd-6636-5c7c-8909-1dea19055316"",""target_native_id"":""OLP-0166""},""record_type"":""rights_assignment"",""recorded_at"":""2026-08-31T00:00:00Z"",""semantic_key"":""c80:openlogic:rights-assignment:unit:OLP-0166""}"
urn:uuid:aaa32958-1060-57ff-a926-ad002c31f675,rights_assignment,"{""dataset_id"":""urn:uuid:fdfa2782-db96-5e60-bcb3-d206d78b960a"",""id"":""urn:uuid:aaa32958-1060-57ff-a926-ad002c31f675"",""normalized_state"":""published"",""owner_authority_id"":""urn:uuid:ba324c09-ea3b-5b7d-a8de-40df0fcc5e83"",""owner_native_state"":""verified"",""payload"":{""assignment_state"":""effective"",""inheritance"":""direct_from_frozen_edition"",""rights_id"":""urn:uuid:3f181e34-b5ab-550e-89bb-fd3d6c717bd0"",""target_id"":""urn:uuid:5995f785-40ca-5e4f-8451-00cb558eb50f"",""target_native_id"":""OLP-0167""},""record_type"":""rights_assignment"",""recorded_at"":""2026-08-31T00:00:00Z"",""semantic_key"":""c80:openlogic:rights-assignment:unit:OLP-0167""}"
urn:uuid:925e8cd7-d9e2-5e40-b2e3-b7f7ea7b246a,rights_assignment,"{""dataset_id"":""urn:uuid:fdfa2782-db96-5e60-bcb3-d206d78b960a"",""id"":""urn:uuid:925e8cd7-d9e2-5e40-b2e3-b7f7ea7b246a"",""normalized_state"":""published"",""owner_authority_id"":""urn:uuid:ba324c09-ea3b-5b7d-a8de-40df0fcc5e83"",""owner_native_state"":""verified"",""payload"":{""assignment_state"":""effective"",""inheritance"":""direct_from_frozen_edition"",""rights_id"":""urn:uuid:3f181e34-b5ab-550e-89bb-fd3d6c717bd0"",""target_id"":""urn:uuid:c4e430bb-b9ec-579f-bc77-f11bae2c7296"",""target_native_id"":""OLP-0168""},""record_type"":""rights_assignment"",""recorded_at"":""2026-08-31T00:00:00Z"",""semantic_key"":""c80:openlogic:rights-assignment:unit:OLP-0168""}"
urn:uuid:64adafdb-0cbb-5d0e-bcbb-0ca6e8a3f69c,rights_assignment,"{""dataset_id"":""urn:uuid:fdfa2782-db96-5e60-bcb3-d206d78b960a"",""id"":""urn:uuid:64adafdb-0cbb-5d0e-bcbb-0ca6e8a3f69c"",""normalized_state"":""published"",""owner_authority_id"":""urn:uuid:ba324c09-ea3b-5b7d-a8de-40df0fcc5e83"",""owner_native_state"":""verified"",""payload"":{""assignment_state"":""effective"",""inheritance"":""direct_from_frozen_edition"",""rights_id"":""urn:uuid:3f181e34-b5ab-550e-89bb-fd3d6c717bd0"",""target_id"":""urn:uuid:f59d7ca2-878e-5ace-b1b6-e6bc2c3a5e3c"",""target_native_id"":""OLP-0169""},""record_type"":""rights_assignment"",""recorded_at"":""2026-08-31T00:00:00Z"",""semantic_key"":""c80:openlogic:rights-assignment:unit:OLP-0169""}"
urn:uuid:4618ff2a-014a-5cf2-9a6a-53aeeb2b0c1e,rights_assignment,"{""dataset_id"":""urn:uuid:fdfa2782-db96-5e60-bcb3-d206d78b960a"",""id"":""urn:uuid:4618ff2a-014a-5cf2-9a6a-53aeeb2b0c1e"",""normalized_state"":""published"",""owner_authority_id"":""urn:uuid:ba324c09-ea3b-5b7d-a8de-40df0fcc5e83"",""owner_native_state"":""verified"",""payload"":{""assignment_state"":""effective"",""inheritance"":""direct_from_frozen_edition"",""rights_id"":""urn:uuid:3f181e34-b5ab-550e-89bb-fd3d6c717bd0"",""target_id"":""urn:uuid:4ff17e27-0545-5bd2-9636-54b27304e400"",""target_native_id"":""OLP-0170""},""record_type"":""rights_assignment"",""recorded_at"":""2026-08-31T00:00:00Z"",""semantic_key"":""c80:openlogic:rights-assignment:unit:OLP-0170""}"
urn:uuid:b2b4c174-eea5-5278-ad7d-83ad250db9ca,rights_assignment,"{""dataset_id"":""urn:uuid:fdfa2782-db96-5e60-bcb3-d206d78b960a"",""id"":""urn:uuid:b2b4c174-eea5-5278-ad7d-83ad250db9ca"",""normalized_state"":""published"",""owner_authority_id"":""urn:uuid:ba324c09-ea3b-5b7d-a8de-40df0fcc5e83"",""owner_native_state"":""verified"",""payload"":{""assignment_state"":""effective"",""inheritance"":""direct_from_frozen_edition"",""rights_id"":""urn:uuid:3f181e34-b5ab-550e-89bb-fd3d6c717bd0"",""target_id"":""urn:uuid:fb8ba927-a44c-5a9b-835d-847734cfea4a"",""target_native_id"":""OLP-0171""},""record_type"":""rights_assignment"",""recorded_at"":""2026-08-31T00:00:00Z"",""semantic_key"":""c80:openlogic:rights-assignment:unit:OLP-0171""}"
urn:uuid:d56f5414-4d5d-5956-b56f-7077b7be4d89,rights_assignment,"{""dataset_id"":""urn:uuid:fdfa2782-db96-5e60-bcb3-d206d78b960a"",""id"":""urn:uuid:d56f5414-4d5d-5956-b56f-7077b7be4d89"",""normalized_state"":""published"",""owner_authority_id"":""urn:uuid:ba324c09-ea3b-5b7d-a8de-40df0fcc5e83"",""owner_native_state"":""verified"",""payload"":{""assignment_state"":""effective"",""inheritance"":""direct_from_frozen_edition"",""rights_id"":""urn:uuid:3f181e34-b5ab-550e-89bb-fd3d6c717bd0"",""target_id"":""urn:uuid:5bd5a878-61e0-535d-b27c-f8f75c276f1c"",""target_native_id"":""OLP-0172""},""record_type"":""rights_assignment"",""recorded_at"":""2026-08-31T00:00:00Z"",""semantic_key"":""c80:openlogic:rights-assignment:unit:OLP-0172""}"
urn:uuid:b6ee0fe1-efb1-5a3c-94a3-9cd5b1642895,rights_assignment,"{""dataset_id"":""urn:uuid:fdfa2782-db96-5e60-bcb3-d206d78b960a"",""id"":""urn:uuid:b6ee0fe1-efb1-5a3c-94a3-9cd5b1642895"",""normalized_state"":""published"",""owner_authority_id"":""urn:uuid:ba324c09-ea3b-5b7d-a8de-40df0fcc5e83"",""owner_native_state"":""verified"",""payload"":{""assignment_state"":""effective"",""inheritance"":""direct_from_frozen_edition"",""rights_id"":""urn:uuid:3f181e34-b5ab-550e-89bb-fd3d6c717bd0"",""target_id"":""urn:uuid:9bffecd7-0632-52a8-9690-9bc8e28cfd51"",""target_native_id"":""OLP-0173""},""record_type"":""rights_assignment"",""recorded_at"":""2026-08-31T00:00:00Z"",""semantic_key"":""c80:openlogic:rights-assignment:unit:OLP-0173""}"
urn:uuid:3e819769-14c3-5883-bdba-192e2f20261f,rights_assignment,"{""dataset_id"":""urn:uuid:fdfa2782-db96-5e60-bcb3-d206d78b960a"",""id"":""urn:uuid:3e819769-14c3-5883-bdba-192e2f20261f"",""normalized_state"":""published"",""owner_authority_id"":""urn:uuid:ba324c09-ea3b-5b7d-a8de-40df0fcc5e83"",""owner_native_state"":""verified"",""payload"":{""assignment_state"":""effective"",""inheritance"":""direct_from_frozen_edition"",""rights_id"":""urn:uuid:3f181e34-b5ab-550e-89bb-fd3d6c717bd0"",""target_id"":""urn:uuid:3423945a-b9c7-52b5-85d3-71ea922d16c8"",""target_native_id"":""OLP-0174""},""record_type"":""rights_assignment"",""recorded_at"":""2026-08-31T00:00:00Z"",""semantic_key"":""c80:openlogic:rights-assignment:unit:OLP-0174""}"
urn:uuid:d71f5f20-5188-5e4b-8b66-e7aaf7fc2a48,rights_assignment,"{""dataset_id"":""urn:uuid:fdfa2782-db96-5e60-bcb3-d206d78b960a"",""id"":""urn:uuid:d71f5f20-5188-5e4b-8b66-e7aaf7fc2a48"",""normalized_state"":""published"",""owner_authority_id"":""urn:uuid:ba324c09-ea3b-5b7d-a8de-40df0fcc5e83"",""owner_native_state"":""verified"",""payload"":{""assignment_state"":""effective"",""inheritance"":""direct_from_frozen_edition"",""rights_id"":""urn:uuid:3f181e34-b5ab-550e-89bb-fd3d6c717bd0"",""target_id"":""urn:uuid:1edebac1-ecce-58a5-8167-256a6da73879"",""target_native_id"":""OLP-0175""},""record_type"":""rights_assignment"",""recorded_at"":""2026-08-31T00:00:00Z"",""semantic_key"":""c80:openlogic:rights-assignment:unit:OLP-0175""}"
urn:uuid:d23665cf-8dad-5d64-b8b5-c2b8b403f9d8,rights_assignment,"{""dataset_id"":""urn:uuid:fdfa2782-db96-5e60-bcb3-d206d78b960a"",""id"":""urn:uuid:d23665cf-8dad-5d64-b8b5-c2b8b403f9d8"",""normalized_state"":""published"",""owner_authority_id"":""urn:uuid:ba324c09-ea3b-5b7d-a8de-40df0fcc5e83"",""owner_native_state"":""verified"",""payload"":{""assignment_state"":""effective"",""inheritance"":""direct_from_frozen_edition"",""rights_id"":""urn:uuid:3f181e34-b5ab-550e-89bb-fd3d6c717bd0"",""target_id"":""urn:uuid:14340e43-e9a1-5d6d-bebc-55fb6d757a87"",""target_native_id"":""OLP-0176""},""record_type"":""rights_assignment"",""recorded_at"":""2026-08-31T00:00:00Z"",""semantic_key"":""c80:openlogic:rights-assignment:unit:OLP-0176""}"
urn:uuid:af5dbeff-f217-5e2f-b18c-4f793960198f,rights_assignment,"{""dataset_id"":""urn:uuid:fdfa2782-db96-5e60-bcb3-d206d78b960a"",""id"":""urn:uuid:af5dbeff-f217-5e2f-b18c-4f793960198f"",""normalized_state"":""published"",""owner_authority_id"":""urn:uuid:ba324c09-ea3b-5b7d-a8de-40df0fcc5e83"",""owner_native_state"":""verified"",""payload"":{""assignment_state"":""effective"",""inheritance"":""direct_from_frozen_edition"",""rights_id"":""urn:uuid:3f181e34-b5ab-550e-89bb-fd3d6c717bd0"",""target_id"":""urn:uuid:9e2aee1b-0325-5d2f-83f9-e1179d92f6b2"",""target_native_id"":""OLP-0177""},""record_type"":""rights_assignment"",""recorded_at"":""2026-08-31T00:00:00Z"",""semantic_key"":""c80:openlogic:rights-assignment:unit:OLP-0177""}"
urn:uuid:d7e580e3-37bf-520e-924c-963b89da37ce,rights_assignment,"{""dataset_id"":""urn:uuid:fdfa2782-db96-5e60-bcb3-d206d78b960a"",""id"":""urn:uuid:d7e580e3-37bf-520e-924c-963b89da37ce"",""normalized_state"":""published"",""owner_authority_id"":""urn:uuid:ba324c09-ea3b-5b7d-a8de-40df0fcc5e83"",""owner_native_state"":""verified"",""payload"":{""assignment_state"":""effective"",""inheritance"":""direct_from_frozen_edition"",""rights_id"":""urn:uuid:3f181e34-b5ab-550e-89bb-fd3d6c717bd0"",""target_id"":""urn:uuid:1cd65297-3435-5fe0-9d50-ca062fc19b67"",""target_native_id"":""OLP-0178""},""record_type"":""rights_assignment"",""recorded_at"":""2026-08-31T00:00:00Z"",""semantic_key"":""c80:openlogic:rights-assignment:unit:OLP-0178""}"
urn:uuid:ad0ceac3-233e-5966-8ca2-4ec6925731bb,rights_assignment,"{""dataset_id"":""urn:uuid:fdfa2782-db96-5e60-bcb3-d206d78b960a"",""id"":""urn:uuid:ad0ceac3-233e-5966-8ca2-4ec6925731bb"",""normalized_state"":""published"",""owner_authority_id"":""urn:uuid:ba324c09-ea3b-5b7d-a8de-40df0fcc5e83"",""owner_native_state"":""verified"",""payload"":{""assignment_state"":""effective"",""inheritance"":""direct_from_frozen_edition"",""rights_id"":""urn:uuid:3f181e34-b5ab-550e-89bb-fd3d6c717bd0"",""target_id"":""urn:uuid:3ce47ede-f507-55d0-9c80-d4c3ba7e41db"",""target_native_id"":""OLP-0179""},""record_type"":""rights_assignment"",""recorded_at"":""2026-08-31T00:00:00Z"",""semantic_key"":""c80:openlogic:rights-assignment:unit:OLP-0179""}"
urn:uuid:c916d163-9219-58d2-a4a3-9bdf83371342,rights_assignment,"{""dataset_id"":""urn:uuid:fdfa2782-db96-5e60-bcb3-d206d78b960a"",""id"":""urn:uuid:c916d163-9219-58d2-a4a3-9bdf83371342"",""normalized_state"":""published"",""owner_authority_id"":""urn:uuid:ba324c09-ea3b-5b7d-a8de-40df0fcc5e83"",""owner_native_state"":""verified"",""payload"":{""assignment_state"":""effective"",""inheritance"":""direct_from_frozen_edition"",""rights_id"":""urn:uuid:3f181e34-b5ab-550e-89bb-fd3d6c717bd0"",""target_id"":""urn:uuid:4213add3-c548-5715-a688-7142196d8079"",""target_native_id"":""OLP-0180""},""record_type"":""rights_assignment"",""recorded_at"":""2026-08-31T00:00:00Z"",""semantic_key"":""c80:openlogic:rights-assignment:unit:OLP-0180""}"
urn:uuid:8ce49b3f-0aae-53c3-bde5-d1885ff1f7e0,rights_assignment,"{""dataset_id"":""urn:uuid:fdfa2782-db96-5e60-bcb3-d206d78b960a"",""id"":""urn:uuid:8ce49b3f-0aae-53c3-bde5-d1885ff1f7e0"",""normalized_state"":""published"",""owner_authority_id"":""urn:uuid:ba324c09-ea3b-5b7d-a8de-40df0fcc5e83"",""owner_native_state"":""verified"",""payload"":{""assignment_state"":""effective"",""inheritance"":""direct_from_frozen_edition"",""rights_id"":""urn:uuid:3f181e34-b5ab-550e-89bb-fd3d6c717bd0"",""target_id"":""urn:uuid:c4fc5656-4042-5686-be30-83d764de922e"",""target_native_id"":""OLP-0181""},""record_type"":""rights_assignment"",""recorded_at"":""2026-08-31T00:00:00Z"",""semantic_key"":""c80:openlogic:rights-assignment:unit:OLP-0181""}"
urn:uuid:64105782-23d7-5061-86da-a160dea4ea73,rights_assignment,"{""dataset_id"":""urn:uuid:fdfa2782-db96-5e60-bcb3-d206d78b960a"",""id"":""urn:uuid:64105782-23d7-5061-86da-a160dea4ea73"",""normalized_state"":""published"",""owner_authority_id"":""urn:uuid:ba324c09-ea3b-5b7d-a8de-40df0fcc5e83"",""owner_native_state"":""verified"",""payload"":{""assignment_state"":""effective"",""inheritance"":""direct_from_frozen_edition"",""rights_id"":""urn:uuid:3f181e34-b5ab-550e-89bb-fd3d6c717bd0"",""target_id"":""urn:uuid:3203a894-a402-5227-96d0-f3fd38a910ec"",""target_native_id"":""OLP-0182""},""record_type"":""rights_assignment"",""recorded_at"":""2026-08-31T00:00:00Z"",""semantic_key"":""c80:openlogic:rights-assignment:unit:OLP-0182""}"
urn:uuid:37e7cf53-2502-584b-b185-799143735f6c,rights_assignment,"{""dataset_id"":""urn:uuid:fdfa2782-db96-5e60-bcb3-d206d78b960a"",""id"":""urn:uuid:37e7cf53-2502-584b-b185-799143735f6c"",""normalized_state"":""published"",""owner_authority_id"":""urn:uuid:ba324c09-ea3b-5b7d-a8de-40df0fcc5e83"",""owner_native_state"":""verified"",""payload"":{""assignment_state"":""effective"",""inheritance"":""direct_from_frozen_edition"",""rights_id"":""urn:uuid:3f181e34-b5ab-550e-89bb-fd3d6c717bd0"",""target_id"":""urn:uuid:ce4bf427-c3f3-5b3c-bb5e-bf709c404351"",""target_native_id"":""OLP-0183""},""record_type"":""rights_assignment"",""recorded_at"":""2026-08-31T00:00:00Z"",""semantic_key"":""c80:openlogic:rights-assignment:unit:OLP-0183""}"
urn:uuid:1a36f46a-06dd-556e-a031-db4567f07afe,rights_assignment,"{""dataset_id"":""urn:uuid:fdfa2782-db96-5e60-bcb3-d206d78b960a"",""id"":""urn:uuid:1a36f46a-06dd-556e-a031-db4567f07afe"",""normalized_state"":""published"",""owner_authority_id"":""urn:uuid:ba324c09-ea3b-5b7d-a8de-40df0fcc5e83"",""owner_native_state"":""verified"",""payload"":{""assignment_state"":""effective"",""inheritance"":""direct_from_frozen_edition"",""rights_id"":""urn:uuid:3f181e34-b5ab-550e-89bb-fd3d6c717bd0"",""target_id"":""urn:uuid:f94feabe-ce20-59a4-9509-5ef6a6f9c95a"",""target_native_id"":""OLP-0184""},""record_type"":""rights_assignment"",""recorded_at"":""2026-08-31T00:00:00Z"",""semantic_key"":""c80:openlogic:rights-assignment:unit:OLP-0184""}"
urn:uuid:a6233e96-fa2d-562d-a064-f3216f0f02dd,rights_assignment,"{""dataset_id"":""urn:uuid:fdfa2782-db96-5e60-bcb3-d206d78b960a"",""id"":""urn:uuid:a6233e96-fa2d-562d-a064-f3216f0f02dd"",""normalized_state"":""published"",""owner_authority_id"":""urn:uuid:ba324c09-ea3b-5b7d-a8de-40df0fcc5e83"",""owner_native_state"":""verified"",""payload"":{""assignment_state"":""effective"",""inheritance"":""direct_from_frozen_edition"",""rights_id"":""urn:uuid:3f181e34-b5ab-550e-89bb-fd3d6c717bd0"",""target_id"":""urn:uuid:e7359434-6d8e-5656-a1a2-aea186c7930b"",""target_native_id"":""OLP-0185""},""record_type"":""rights_assignment"",""recorded_at"":""2026-08-31T00:00:00Z"",""semantic_key"":""c80:openlogic:rights-assignment:unit:OLP-0185""}"
urn:uuid:f45b14f3-9846-50c4-aa98-f7f333bf56e9,rights_assignment,"{""dataset_id"":""urn:uuid:fdfa2782-db96-5e60-bcb3-d206d78b960a"",""id"":""urn:uuid:f45b14f3-9846-50c4-aa98-f7f333bf56e9"",""normalized_state"":""published"",""owner_authority_id"":""urn:uuid:ba324c09-ea3b-5b7d-a8de-40df0fcc5e83"",""owner_native_state"":""verified"",""payload"":{""assignment_state"":""effective"",""inheritance"":""direct_from_frozen_edition"",""rights_id"":""urn:uuid:3f181e34-b5ab-550e-89bb-fd3d6c717bd0"",""target_id"":""urn:uuid:e5ed7e4c-7c01-5d89-b6d7-ced3cb7c738d"",""target_native_id"":""OLP-0186""},""record_type"":""rights_assignment"",""recorded_at"":""2026-08-31T00:00:00Z"",""semantic_key"":""c80:openlogic:rights-assignment:unit:OLP-0186""}"
urn:uuid:81b56026-f9ab-5863-96ad-cdb8b703e662,rights_assignment,"{""dataset_id"":""urn:uuid:fdfa2782-db96-5e60-bcb3-d206d78b960a"",""id"":""urn:uuid:81b56026-f9ab-5863-96ad-cdb8b703e662"",""normalized_state"":""published"",""owner_authority_id"":""urn:uuid:ba324c09-ea3b-5b7d-a8de-40df0fcc5e83"",""owner_native_state"":""verified"",""payload"":{""assignment_state"":""effective"",""inheritance"":""direct_from_frozen_edition"",""rights_id"":""urn:uuid:3f181e34-b5ab-550e-89bb-fd3d6c717bd0"",""target_id"":""urn:uuid:fcb28126-7e50-5704-b039-4244dae7da7d"",""target_native_id"":""OLP-0187""},""record_type"":""rights_assignment"",""recorded_at"":""2026-08-31T00:00:00Z"",""semantic_key"":""c80:openlogic:rights-assignment:unit:OLP-0187""}"
urn:uuid:02cd2513-4241-5095-bf69-36795a461300,rights_assignment,"{""dataset_id"":""urn:uuid:fdfa2782-db96-5e60-bcb3-d206d78b960a"",""id"":""urn:uuid:02cd2513-4241-5095-bf69-36795a461300"",""normalized_state"":""published"",""owner_authority_id"":""urn:uuid:ba324c09-ea3b-5b7d-a8de-40df0fcc5e83"",""owner_native_state"":""verified"",""payload"":{""assignment_state"":""effective"",""inheritance"":""direct_from_frozen_edition"",""rights_id"":""urn:uuid:3f181e34-b5ab-550e-89bb-fd3d6c717bd0"",""target_id"":""urn:uuid:0ac17e6e-f2af-5d85-b46d-e681a07068dd"",""target_native_id"":""OLP-0188""},""record_type"":""rights_assignment"",""recorded_at"":""2026-08-31T00:00:00Z"",""semantic_key"":""c80:openlogic:rights-assignment:unit:OLP-0188""}"
urn:uuid:eadbca9f-cd8d-5478-a647-bcdcc229a9ab,rights_assignment,"{""dataset_id"":""urn:uuid:fdfa2782-db96-5e60-bcb3-d206d78b960a"",""id"":""urn:uuid:eadbca9f-cd8d-5478-a647-bcdcc229a9ab"",""normalized_state"":""published"",""owner_authority_id"":""urn:uuid:ba324c09-ea3b-5b7d-a8de-40df0fcc5e83"",""owner_native_state"":""verified"",""payload"":{""assignment_state"":""effective"",""inheritance"":""direct_from_frozen_edition"",""rights_id"":""urn:uuid:3f181e34-b5ab-550e-89bb-fd3d6c717bd0"",""target_id"":""urn:uuid:0971ae48-9190-5c3c-97d9-b2ffdbbee0e2"",""target_native_id"":""OLP-0189""},""record_type"":""rights_assignment"",""recorded_at"":""2026-08-31T00:00:00Z"",""semantic_key"":""c80:openlogic:rights-assignment:unit:OLP-0189""}"
urn:uuid:b1d5b17e-22b0-5610-8833-479640b2ce14,rights_assignment,"{""dataset_id"":""urn:uuid:fdfa2782-db96-5e60-bcb3-d206d78b960a"",""id"":""urn:uuid:b1d5b17e-22b0-5610-8833-479640b2ce14"",""normalized_state"":""published"",""owner_authority_id"":""urn:uuid:ba324c09-ea3b-5b7d-a8de-40df0fcc5e83"",""owner_native_state"":""verified"",""payload"":{""assignment_state"":""effective"",""inheritance"":""direct_from_frozen_edition"",""rights_id"":""urn:uuid:3f181e34-b5ab-550e-89bb-fd3d6c717bd0"",""target_id"":""urn:uuid:7adb9449-748c-5a08-8f17-f4a52f39b66c"",""target_native_id"":""OLP-0190""},""record_type"":""rights_assignment"",""recorded_at"":""2026-08-31T00:00:00Z"",""semantic_key"":""c80:openlogic:rights-assignment:unit:OLP-0190""}"
urn:uuid:13bfc49f-2920-5ea2-9628-044e4b67d33f,rights_assignment,"{""dataset_id"":""urn:uuid:fdfa2782-db96-5e60-bcb3-d206d78b960a"",""id"":""urn:uuid:13bfc49f-2920-5ea2-9628-044e4b67d33f"",""normalized_state"":""published"",""owner_authority_id"":""urn:uuid:ba324c09-ea3b-5b7d-a8de-40df0fcc5e83"",""owner_native_state"":""verified"",""payload"":{""assignment_state"":""effective"",""inheritance"":""direct_from_frozen_edition"",""rights_id"":""urn:uuid:3f181e34-b5ab-550e-89bb-fd3d6c717bd0"",""target_id"":""urn:uuid:2732088b-6b5c-5ac6-9150-09af5bc7f4a8"",""target_native_id"":""OLP-0191""},""record_type"":""rights_assignment"",""recorded_at"":""2026-08-31T00:00:00Z"",""semantic_key"":""c80:openlogic:rights-assignment:unit:OLP-0191""}"
urn:uuid:82a5a150-40e0-52c1-93f7-7dedb68e7bcb,rights_assignment,"{""dataset_id"":""urn:uuid:fdfa2782-db96-5e60-bcb3-d206d78b960a"",""id"":""urn:uuid:82a5a150-40e0-52c1-93f7-7dedb68e7bcb"",""normalized_state"":""published"",""owner_authority_id"":""urn:uuid:ba324c09-ea3b-5b7d-a8de-40df0fcc5e83"",""owner_native_state"":""verified"",""payload"":{""assignment_state"":""effective"",""inheritance"":""direct_from_frozen_edition"",""rights_id"":""urn:uuid:3f181e34-b5ab-550e-89bb-fd3d6c717bd0"",""target_id"":""urn:uuid:a2dc338e-cdf7-5bf5-b268-be146bbfa543"",""target_native_id"":""OLP-0192""},""record_type"":""rights_assignment"",""recorded_at"":""2026-08-31T00:00:00Z"",""semantic_key"":""c80:openlogic:rights-assignment:unit:OLP-0192""}"
urn:uuid:6056123e-bc87-5bbe-a213-e5f4ce7afcee,rights_assignment,"{""dataset_id"":""urn:uuid:fdfa2782-db96-5e60-bcb3-d206d78b960a"",""id"":""urn:uuid:6056123e-bc87-5bbe-a213-e5f4ce7afcee"",""normalized_state"":""published"",""owner_authority_id"":""urn:uuid:ba324c09-ea3b-5b7d-a8de-40df0fcc5e83"",""owner_native_state"":""verified"",""payload"":{""assignment_state"":""effective"",""inheritance"":""direct_from_frozen_edition"",""rights_id"":""urn:uuid:3f181e34-b5ab-550e-89bb-fd3d6c717bd0"",""target_id"":""urn:uuid:d640ad29-4641-50eb-bdbd-5177d1ee0e14"",""target_native_id"":""OLP-0193""},""record_type"":""rights_assignment"",""recorded_at"":""2026-08-31T00:00:00Z"",""semantic_key"":""c80:openlogic:rights-assignment:unit:OLP-0193""}"
urn:uuid:495240d2-3032-593b-b528-719313557862,rights_assignment,"{""dataset_id"":""urn:uuid:fdfa2782-db96-5e60-bcb3-d206d78b960a"",""id"":""urn:uuid:495240d2-3032-593b-b528-719313557862"",""normalized_state"":""published"",""owner_authority_id"":""urn:uuid:ba324c09-ea3b-5b7d-a8de-40df0fcc5e83"",""owner_native_state"":""verified"",""payload"":{""assignment_state"":""effective"",""inheritance"":""direct_from_frozen_edition"",""rights_id"":""urn:uuid:3f181e34-b5ab-550e-89bb-fd3d6c717bd0"",""target_id"":""urn:uuid:2691d894-8f47-5253-a9bc-56dc9ba4cb87"",""target_native_id"":""OLP-0194""},""record_type"":""rights_assignment"",""recorded_at"":""2026-08-31T00:00:00Z"",""semantic_key"":""c80:openlogic:rights-assignment:unit:OLP-0194""}"
urn:uuid:505590e6-526b-503a-9260-59f3a9159a3d,rights_assignment,"{""dataset_id"":""urn:uuid:fdfa2782-db96-5e60-bcb3-d206d78b960a"",""id"":""urn:uuid:505590e6-526b-503a-9260-59f3a9159a3d"",""normalized_state"":""published"",""owner_authority_id"":""urn:uuid:ba324c09-ea3b-5b7d-a8de-40df0fcc5e83"",""owner_native_state"":""verified"",""payload"":{""assignment_state"":""effective"",""inheritance"":""direct_from_frozen_edition"",""rights_id"":""urn:uuid:3f181e34-b5ab-550e-89bb-fd3d6c717bd0"",""target_id"":""urn:uuid:3f464280-39e4-5266-ae30-b671f93ab47e"",""target_native_id"":""OLP-0195""},""record_type"":""rights_assignment"",""recorded_at"":""2026-08-31T00:00:00Z"",""semantic_key"":""c80:openlogic:rights-assignment:unit:OLP-0195""}"
urn:uuid:26bba16f-3f8a-5cef-b702-29d6c9571700,rights_assignment,"{""dataset_id"":""urn:uuid:fdfa2782-db96-5e60-bcb3-d206d78b960a"",""id"":""urn:uuid:26bba16f-3f8a-5cef-b702-29d6c9571700"",""normalized_state"":""published"",""owner_authority_id"":""urn:uuid:ba324c09-ea3b-5b7d-a8de-40df0fcc5e83"",""owner_native_state"":""verified"",""payload"":{""assignment_state"":""effective"",""inheritance"":""direct_from_frozen_edition"",""rights_id"":""urn:uuid:3f181e34-b5ab-550e-89bb-fd3d6c717bd0"",""target_id"":""urn:uuid:004af721-8970-54f8-9a29-ea235d32b04a"",""target_native_id"":""OLP-0196""},""record_type"":""rights_assignment"",""recorded_at"":""2026-08-31T00:00:00Z"",""semantic_key"":""c80:openlogic:rights-assignment:unit:OLP-0196""}"
urn:uuid:57d301cc-c135-5841-953b-b0e375053aa7,rights_assignment,"{""dataset_id"":""urn:uuid:fdfa2782-db96-5e60-bcb3-d206d78b960a"",""id"":""urn:uuid:57d301cc-c135-5841-953b-b0e375053aa7"",""normalized_state"":""published"",""owner_authority_id"":""urn:uuid:ba324c09-ea3b-5b7d-a8de-40df0fcc5e83"",""owner_native_state"":""verified"",""payload"":{""assignment_state"":""effective"",""inheritance"":""direct_from_frozen_edition"",""rights_id"":""urn:uuid:3f181e34-b5ab-550e-89bb-fd3d6c717bd0"",""target_id"":""urn:uuid:5de0ca72-1fa0-545a-9537-65008dbbf17b"",""target_native_id"":""OLP-0197""},""record_type"":""rights_assignment"",""recorded_at"":""2026-08-31T00:00:00Z"",""semantic_key"":""c80:openlogic:rights-assignment:unit:OLP-0197""}"
urn:uuid:3be9bd36-f63d-5ea1-8b08-00c5d4b082bc,rights_assignment,"{""dataset_id"":""urn:uuid:fdfa2782-db96-5e60-bcb3-d206d78b960a"",""id"":""urn:uuid:3be9bd36-f63d-5ea1-8b08-00c5d4b082bc"",""normalized_state"":""published"",""owner_authority_id"":""urn:uuid:ba324c09-ea3b-5b7d-a8de-40df0fcc5e83"",""owner_native_state"":""verified"",""payload"":{""assignment_state"":""effective"",""inheritance"":""direct_from_frozen_edition"",""rights_id"":""urn:uuid:3f181e34-b5ab-550e-89bb-fd3d6c717bd0"",""target_id"":""urn:uuid:ec538222-6a9a-5efa-9e2b-419b4e988e0a"",""target_native_id"":""OLP-0198""},""record_type"":""rights_assignment"",""recorded_at"":""2026-08-31T00:00:00Z"",""semantic_key"":""c80:openlogic:rights-assignment:unit:OLP-0198""}"
urn:uuid:e6cecd49-600d-5282-a7ec-f020185eb341,rights_assignment,"{""dataset_id"":""urn:uuid:fdfa2782-db96-5e60-bcb3-d206d78b960a"",""id"":""urn:uuid:e6cecd49-600d-5282-a7ec-f020185eb341"",""normalized_state"":""published"",""owner_authority_id"":""urn:uuid:ba324c09-ea3b-5b7d-a8de-40df0fcc5e83"",""owner_native_state"":""verified"",""payload"":{""assignment_state"":""effective"",""inheritance"":""direct_from_frozen_edition"",""rights_id"":""urn:uuid:3f181e34-b5ab-550e-89bb-fd3d6c717bd0"",""target_id"":""urn:uuid:b730aad3-357c-5ba7-bb13-d1d11d3826fa"",""target_native_id"":""OLP-0199""},""record_type"":""rights_assignment"",""recorded_at"":""2026-08-31T00:00:00Z"",""semantic_key"":""c80:openlogic:rights-assignment:unit:OLP-0199""}"
urn:uuid:f86f5d89-047c-581a-80ec-a95c3e0dbf7d,rights_assignment,"{""dataset_id"":""urn:uuid:fdfa2782-db96-5e60-bcb3-d206d78b960a"",""id"":""urn:uuid:f86f5d89-047c-581a-80ec-a95c3e0dbf7d"",""normalized_state"":""published"",""owner_authority_id"":""urn:uuid:ba324c09-ea3b-5b7d-a8de-40df0fcc5e83"",""owner_native_state"":""verified"",""payload"":{""assignment_state"":""effective"",""inheritance"":""direct_from_frozen_edition"",""rights_id"":""urn:uuid:3f181e34-b5ab-550e-89bb-fd3d6c717bd0"",""target_id"":""urn:uuid:e0e23eaf-aab7-535f-9aa9-5e815d075f6d"",""target_native_id"":""OLP-0200""},""record_type"":""rights_assignment"",""recorded_at"":""2026-08-31T00:00:00Z"",""semantic_key"":""c80:openlogic:rights-assignment:unit:OLP-0200""}"
urn:uuid:a159cbcd-efcd-5d38-9427-dec720fe6704,rights_assignment,"{""dataset_id"":""urn:uuid:fdfa2782-db96-5e60-bcb3-d206d78b960a"",""id"":""urn:uuid:a159cbcd-efcd-5d38-9427-dec720fe6704"",""normalized_state"":""published"",""owner_authority_id"":""urn:uuid:ba324c09-ea3b-5b7d-a8de-40df0fcc5e83"",""owner_native_state"":""verified"",""payload"":{""assignment_state"":""effective"",""inheritance"":""direct_from_frozen_edition"",""rights_id"":""urn:uuid:3f181e34-b5ab-550e-89bb-fd3d6c717bd0"",""target_id"":""urn:uuid:1c7022ff-c1b5-593d-a6de-7a6671589277"",""target_native_id"":""OLP-0201""},""record_type"":""rights_assignment"",""recorded_at"":""2026-08-31T00:00:00Z"",""semantic_key"":""c80:openlogic:rights-assignment:unit:OLP-0201""}"
urn:uuid:78adffa9-30cb-52db-a1fc-941cd852ba5d,rights_assignment,"{""dataset_id"":""urn:uuid:fdfa2782-db96-5e60-bcb3-d206d78b960a"",""id"":""urn:uuid:78adffa9-30cb-52db-a1fc-941cd852ba5d"",""normalized_state"":""published"",""owner_authority_id"":""urn:uuid:ba324c09-ea3b-5b7d-a8de-40df0fcc5e83"",""owner_native_state"":""verified"",""payload"":{""assignment_state"":""effective"",""inheritance"":""direct_from_frozen_edition"",""rights_id"":""urn:uuid:3f181e34-b5ab-550e-89bb-fd3d6c717bd0"",""target_id"":""urn:uuid:d16d7f36-fff6-55d8-ab0d-a3d8b835b690"",""target_native_id"":""OLP-0202""},""record_type"":""rights_assignment"",""recorded_at"":""2026-08-31T00:00:00Z"",""semantic_key"":""c80:openlogic:rights-assignment:unit:OLP-0202""}"
urn:uuid:bcc209c8-5a73-53cd-879b-6b848402d292,rights_assignment,"{""dataset_id"":""urn:uuid:fdfa2782-db96-5e60-bcb3-d206d78b960a"",""id"":""urn:uuid:bcc209c8-5a73-53cd-879b-6b848402d292"",""normalized_state"":""published"",""owner_authority_id"":""urn:uuid:ba324c09-ea3b-5b7d-a8de-40df0fcc5e83"",""owner_native_state"":""verified"",""payload"":{""assignment_state"":""effective"",""inheritance"":""direct_from_frozen_edition"",""rights_id"":""urn:uuid:3f181e34-b5ab-550e-89bb-fd3d6c717bd0"",""target_id"":""urn:uuid:69fbb759-9060-5408-b5b7-ec9c74e23740"",""target_native_id"":""OLP-0203""},""record_type"":""rights_assignment"",""recorded_at"":""2026-08-31T00:00:00Z"",""semantic_key"":""c80:openlogic:rights-assignment:unit:OLP-0203""}"
urn:uuid:cc66d860-9837-5bc2-a7dd-35f2319c1a68,rights_assignment,"{""dataset_id"":""urn:uuid:fdfa2782-db96-5e60-bcb3-d206d78b960a"",""id"":""urn:uuid:cc66d860-9837-5bc2-a7dd-35f2319c1a68"",""normalized_state"":""published"",""owner_authority_id"":""urn:uuid:ba324c09-ea3b-5b7d-a8de-40df0fcc5e83"",""owner_native_state"":""verified"",""payload"":{""assignment_state"":""effective"",""inheritance"":""direct_from_frozen_edition"",""rights_id"":""urn:uuid:3f181e34-b5ab-550e-89bb-fd3d6c717bd0"",""target_id"":""urn:uuid:a45fce83-03d7-5d0a-8119-ca343130bbdb"",""target_native_id"":""OLP-0204""},""record_type"":""rights_assignment"",""recorded_at"":""2026-08-31T00:00:00Z"",""semantic_key"":""c80:openlogic:rights-assignment:unit:OLP-0204""}"
urn:uuid:10214da6-ba09-5184-8f4f-4219ad938b91,rights_assignment,"{""dataset_id"":""urn:uuid:fdfa2782-db96-5e60-bcb3-d206d78b960a"",""id"":""urn:uuid:10214da6-ba09-5184-8f4f-4219ad938b91"",""normalized_state"":""published"",""owner_authority_id"":""urn:uuid:ba324c09-ea3b-5b7d-a8de-40df0fcc5e83"",""owner_native_state"":""verified"",""payload"":{""assignment_state"":""effective"",""inheritance"":""direct_from_frozen_edition"",""rights_id"":""urn:uuid:3f181e34-b5ab-550e-89bb-fd3d6c717bd0"",""target_id"":""urn:uuid:7eb076c3-210a-5c92-9341-b9bb3555ea50"",""target_native_id"":""OLP-0205""},""record_type"":""rights_assignment"",""recorded_at"":""2026-08-31T00:00:00Z"",""semantic_key"":""c80:openlogic:rights-assignment:unit:OLP-0205""}"
urn:uuid:4b9aeef1-a05c-515e-996f-6f716d9ff77b,rights_assignment,"{""dataset_id"":""urn:uuid:fdfa2782-db96-5e60-bcb3-d206d78b960a"",""id"":""urn:uuid:4b9aeef1-a05c-515e-996f-6f716d9ff77b"",""normalized_state"":""published"",""owner_authority_id"":""urn:uuid:ba324c09-ea3b-5b7d-a8de-40df0fcc5e83"",""owner_native_state"":""verified"",""payload"":{""assignment_state"":""effective"",""inheritance"":""direct_from_frozen_edition"",""rights_id"":""urn:uuid:3f181e34-b5ab-550e-89bb-fd3d6c717bd0"",""target_id"":""urn:uuid:855e90b9-749f-51f5-80a0-8ec08ce28256"",""target_native_id"":""OLP-0206""},""record_type"":""rights_assignment"",""recorded_at"":""2026-08-31T00:00:00Z"",""semantic_key"":""c80:openlogic:rights-assignment:unit:OLP-0206""}"
urn:uuid:c4104d03-8e1e-5d8f-a346-df2bd6f9035c,rights_assignment,"{""dataset_id"":""urn:uuid:fdfa2782-db96-5e60-bcb3-d206d78b960a"",""id"":""urn:uuid:c4104d03-8e1e-5d8f-a346-df2bd6f9035c"",""normalized_state"":""published"",""owner_authority_id"":""urn:uuid:ba324c09-ea3b-5b7d-a8de-40df0fcc5e83"",""owner_native_state"":""verified"",""payload"":{""assignment_state"":""effective"",""inheritance"":""direct_from_frozen_edition"",""rights_id"":""urn:uuid:3f181e34-b5ab-550e-89bb-fd3d6c717bd0"",""target_id"":""urn:uuid:39f8cf0a-f74a-5272-b581-85f8a0c631e4"",""target_native_id"":""OLP-0207""},""record_type"":""rights_assignment"",""recorded_at"":""2026-08-31T00:00:00Z"",""semantic_key"":""c80:openlogic:rights-assignment:unit:OLP-0207""}"
urn:uuid:d217422f-3f16-5a4d-9fda-16757fa73491,rights_assignment,"{""dataset_id"":""urn:uuid:fdfa2782-db96-5e60-bcb3-d206d78b960a"",""id"":""urn:uuid:d217422f-3f16-5a4d-9fda-16757fa73491"",""normalized_state"":""published"",""owner_authority_id"":""urn:uuid:ba324c09-ea3b-5b7d-a8de-40df0fcc5e83"",""owner_native_state"":""verified"",""payload"":{""assignment_state"":""effective"",""inheritance"":""direct_from_frozen_edition"",""rights_id"":""urn:uuid:3f181e34-b5ab-550e-89bb-fd3d6c717bd0"",""target_id"":""urn:uuid:a8155e07-4099-52f0-95eb-cbc315985cfc"",""target_native_id"":""OLP-0208""},""record_type"":""rights_assignment"",""recorded_at"":""2026-08-31T00:00:00Z"",""semantic_key"":""c80:openlogic:rights-assignment:unit:OLP-0208""}"
urn:uuid:41d764d9-b0a7-5563-b078-e27f4180c664,rights_assignment,"{""dataset_id"":""urn:uuid:fdfa2782-db96-5e60-bcb3-d206d78b960a"",""id"":""urn:uuid:41d764d9-b0a7-5563-b078-e27f4180c664"",""normalized_state"":""published"",""owner_authority_id"":""urn:uuid:ba324c09-ea3b-5b7d-a8de-40df0fcc5e83"",""owner_native_state"":""verified"",""payload"":{""assignment_state"":""effective"",""inheritance"":""direct_from_frozen_edition"",""rights_id"":""urn:uuid:3f181e34-b5ab-550e-89bb-fd3d6c717bd0"",""target_id"":""urn:uuid:82dc78f3-0a2c-537b-b5a7-f9b7b093b12b"",""target_native_id"":""OLP-0209""},""record_type"":""rights_assignment"",""recorded_at"":""2026-08-31T00:00:00Z"",""semantic_key"":""c80:openlogic:rights-assignment:unit:OLP-0209""}"
urn:uuid:304d8b68-9882-5542-b9f9-40c3f578d892,rights_assignment,"{""dataset_id"":""urn:uuid:fdfa2782-db96-5e60-bcb3-d206d78b960a"",""id"":""urn:uuid:304d8b68-9882-5542-b9f9-40c3f578d892"",""normalized_state"":""published"",""owner_authority_id"":""urn:uuid:ba324c09-ea3b-5b7d-a8de-40df0fcc5e83"",""owner_native_state"":""verified"",""payload"":{""assignment_state"":""effective"",""inheritance"":""direct_from_frozen_edition"",""rights_id"":""urn:uuid:3f181e34-b5ab-550e-89bb-fd3d6c717bd0"",""target_id"":""urn:uuid:3fa2da9c-b917-5d6f-a88f-bc3e53f87893"",""target_native_id"":""OLP-0210""},""record_type"":""rights_assignment"",""recorded_at"":""2026-08-31T00:00:00Z"",""semantic_key"":""c80:openlogic:rights-assignment:unit:OLP-0210""}"
urn:uuid:39673d24-2e98-59bf-aea3-7ce6fa226bb0,rights_assignment,"{""dataset_id"":""urn:uuid:fdfa2782-db96-5e60-bcb3-d206d78b960a"",""id"":""urn:uuid:39673d24-2e98-59bf-aea3-7ce6fa226bb0"",""normalized_state"":""published"",""owner_authority_id"":""urn:uuid:ba324c09-ea3b-5b7d-a8de-40df0fcc5e83"",""owner_native_state"":""verified"",""payload"":{""assignment_state"":""effective"",""inheritance"":""direct_from_frozen_edition"",""rights_id"":""urn:uuid:3f181e34-b5ab-550e-89bb-fd3d6c717bd0"",""target_id"":""urn:uuid:9d66eba7-9dc2-5065-a060-88705cc4510c"",""target_native_id"":""OLP-0211""},""record_type"":""rights_assignment"",""recorded_at"":""2026-08-31T00:00:00Z"",""semantic_key"":""c80:openlogic:rights-assignment:unit:OLP-0211""}"
urn:uuid:426a72f8-ff58-58ad-a7d8-46e729120d1a,rights_assignment,"{""dataset_id"":""urn:uuid:fdfa2782-db96-5e60-bcb3-d206d78b960a"",""id"":""urn:uuid:426a72f8-ff58-58ad-a7d8-46e729120d1a"",""normalized_state"":""published"",""owner_authority_id"":""urn:uuid:ba324c09-ea3b-5b7d-a8de-40df0fcc5e83"",""owner_native_state"":""verified"",""payload"":{""assignment_state"":""effective"",""inheritance"":""direct_from_frozen_edition"",""rights_id"":""urn:uuid:3f181e34-b5ab-550e-89bb-fd3d6c717bd0"",""target_id"":""urn:uuid:279504e2-7ce8-558e-8e93-34eb4efe8f26"",""target_native_id"":""OLP-0212""},""record_type"":""rights_assignment"",""recorded_at"":""2026-08-31T00:00:00Z"",""semantic_key"":""c80:openlogic:rights-assignment:unit:OLP-0212""}"
urn:uuid:2e2fd2d9-628a-52c2-9df7-8c82b4470f40,rights_assignment,"{""dataset_id"":""urn:uuid:fdfa2782-db96-5e60-bcb3-d206d78b960a"",""id"":""urn:uuid:2e2fd2d9-628a-52c2-9df7-8c82b4470f40"",""normalized_state"":""published"",""owner_authority_id"":""urn:uuid:ba324c09-ea3b-5b7d-a8de-40df0fcc5e83"",""owner_native_state"":""verified"",""payload"":{""assignment_state"":""effective"",""inheritance"":""direct_from_frozen_edition"",""rights_id"":""urn:uuid:3f181e34-b5ab-550e-89bb-fd3d6c717bd0"",""target_id"":""urn:uuid:4e681c49-37ee-5aeb-ad19-20ece19211ce"",""target_native_id"":""OLP-0213""},""record_type"":""rights_assignment"",""recorded_at"":""2026-08-31T00:00:00Z"",""semantic_key"":""c80:openlogic:rights-assignment:unit:OLP-0213""}"
urn:uuid:e6ee9545-ad87-5c18-be71-718a5822a65c,rights_assignment,"{""dataset_id"":""urn:uuid:fdfa2782-db96-5e60-bcb3-d206d78b960a"",""id"":""urn:uuid:e6ee9545-ad87-5c18-be71-718a5822a65c"",""normalized_state"":""published"",""owner_authority_id"":""urn:uuid:ba324c09-ea3b-5b7d-a8de-40df0fcc5e83"",""owner_native_state"":""verified"",""payload"":{""assignment_state"":""effective"",""inheritance"":""direct_from_frozen_edition"",""rights_id"":""urn:uuid:3f181e34-b5ab-550e-89bb-fd3d6c717bd0"",""target_id"":""urn:uuid:ceb2eb7d-99fe-5358-b8f3-5cac03d128fe"",""target_native_id"":""OLP-0214""},""record_type"":""rights_assignment"",""recorded_at"":""2026-08-31T00:00:00Z"",""semantic_key"":""c80:openlogic:rights-assignment:unit:OLP-0214""}"
urn:uuid:98d30d38-924a-58de-a30f-9fe6b2fa4047,rights_assignment,"{""dataset_id"":""urn:uuid:fdfa2782-db96-5e60-bcb3-d206d78b960a"",""id"":""urn:uuid:98d30d38-924a-58de-a30f-9fe6b2fa4047"",""normalized_state"":""published"",""owner_authority_id"":""urn:uuid:ba324c09-ea3b-5b7d-a8de-40df0fcc5e83"",""owner_native_state"":""verified"",""payload"":{""assignment_state"":""effective"",""inheritance"":""direct_from_frozen_edition"",""rights_id"":""urn:uuid:3f181e34-b5ab-550e-89bb-fd3d6c717bd0"",""target_id"":""urn:uuid:50714aad-9276-5140-8c52-d83b42904999"",""target_native_id"":""OLP-0215""},""record_type"":""rights_assignment"",""recorded_at"":""2026-08-31T00:00:00Z"",""semantic_key"":""c80:openlogic:rights-assignment:unit:OLP-0215""}"
urn:uuid:2c617c96-e8a7-5305-b899-8bd71d58c60a,rights_assignment,"{""dataset_id"":""urn:uuid:fdfa2782-db96-5e60-bcb3-d206d78b960a"",""id"":""urn:uuid:2c617c96-e8a7-5305-b899-8bd71d58c60a"",""normalized_state"":""published"",""owner_authority_id"":""urn:uuid:ba324c09-ea3b-5b7d-a8de-40df0fcc5e83"",""owner_native_state"":""verified"",""payload"":{""assignment_state"":""effective"",""inheritance"":""direct_from_frozen_edition"",""rights_id"":""urn:uuid:3f181e34-b5ab-550e-89bb-fd3d6c717bd0"",""target_id"":""urn:uuid:30057699-bedd-5414-b38d-c93e4fd8cd38"",""target_native_id"":""OLP-0216""},""record_type"":""rights_assignment"",""recorded_at"":""2026-08-31T00:00:00Z"",""semantic_key"":""c80:openlogic:rights-assignment:unit:OLP-0216""}"
urn:uuid:a1bcfe7a-a7a1-5745-a495-66f64c3e8d5a,rights_assignment,"{""dataset_id"":""urn:uuid:fdfa2782-db96-5e60-bcb3-d206d78b960a"",""id"":""urn:uuid:a1bcfe7a-a7a1-5745-a495-66f64c3e8d5a"",""normalized_state"":""published"",""owner_authority_id"":""urn:uuid:ba324c09-ea3b-5b7d-a8de-40df0fcc5e83"",""owner_native_state"":""verified"",""payload"":{""assignment_state"":""effective"",""inheritance"":""direct_from_frozen_edition"",""rights_id"":""urn:uuid:3f181e34-b5ab-550e-89bb-fd3d6c717bd0"",""target_id"":""urn:uuid:8702d56f-dd18-575c-bf44-26fff54389d1"",""target_native_id"":""OLP-0217""},""record_type"":""rights_assignment"",""recorded_at"":""2026-08-31T00:00:00Z"",""semantic_key"":""c80:openlogic:rights-assignment:unit:OLP-0217""}"
urn:uuid:4de4d574-5a6f-5b08-8644-1713dabf6937,rights_assignment,"{""dataset_id"":""urn:uuid:fdfa2782-db96-5e60-bcb3-d206d78b960a"",""id"":""urn:uuid:4de4d574-5a6f-5b08-8644-1713dabf6937"",""normalized_state"":""published"",""owner_authority_id"":""urn:uuid:ba324c09-ea3b-5b7d-a8de-40df0fcc5e83"",""owner_native_state"":""verified"",""payload"":{""assignment_state"":""effective"",""inheritance"":""direct_from_frozen_edition"",""rights_id"":""urn:uuid:3f181e34-b5ab-550e-89bb-fd3d6c717bd0"",""target_id"":""urn:uuid:6d0b3e86-82aa-5481-9bcf-0ba30e244aaf"",""target_native_id"":""OLP-0218""},""record_type"":""rights_assignment"",""recorded_at"":""2026-08-31T00:00:00Z"",""semantic_key"":""c80:openlogic:rights-assignment:unit:OLP-0218""}"
urn:uuid:20a7d323-ff97-5510-870f-a3fe10417919,rights_assignment,"{""dataset_id"":""urn:uuid:fdfa2782-db96-5e60-bcb3-d206d78b960a"",""id"":""urn:uuid:20a7d323-ff97-5510-870f-a3fe10417919"",""normalized_state"":""published"",""owner_authority_id"":""urn:uuid:ba324c09-ea3b-5b7d-a8de-40df0fcc5e83"",""owner_native_state"":""verified"",""payload"":{""assignment_state"":""effective"",""inheritance"":""direct_from_frozen_edition"",""rights_id"":""urn:uuid:3f181e34-b5ab-550e-89bb-fd3d6c717bd0"",""target_id"":""urn:uuid:02f385cb-dd1e-5a73-9ab9-4266a5b0050c"",""target_native_id"":""OLP-0219""},""record_type"":""rights_assignment"",""recorded_at"":""2026-08-31T00:00:00Z"",""semantic_key"":""c80:openlogic:rights-assignment:unit:OLP-0219""}"
urn:uuid:2ebb4453-0554-5ee3-af32-0d595365821f,rights_assignment,"{""dataset_id"":""urn:uuid:fdfa2782-db96-5e60-bcb3-d206d78b960a"",""id"":""urn:uuid:2ebb4453-0554-5ee3-af32-0d595365821f"",""normalized_state"":""published"",""owner_authority_id"":""urn:uuid:ba324c09-ea3b-5b7d-a8de-40df0fcc5e83"",""owner_native_state"":""verified"",""payload"":{""assignment_state"":""effective"",""inheritance"":""direct_from_frozen_edition"",""rights_id"":""urn:uuid:3f181e34-b5ab-550e-89bb-fd3d6c717bd0"",""target_id"":""urn:uuid:7e4cd003-5b47-5274-b999-1ecd71fba1e4"",""target_native_id"":""OLP-0220""},""record_type"":""rights_assignment"",""recorded_at"":""2026-08-31T00:00:00Z"",""semantic_key"":""c80:openlogic:rights-assignment:unit:OLP-0220""}"
urn:uuid:045a3f9a-4ba4-5ea5-9128-d5657fd95b3d,rights_assignment,"{""dataset_id"":""urn:uuid:fdfa2782-db96-5e60-bcb3-d206d78b960a"",""id"":""urn:uuid:045a3f9a-4ba4-5ea5-9128-d5657fd95b3d"",""normalized_state"":""published"",""owner_authority_id"":""urn:uuid:ba324c09-ea3b-5b7d-a8de-40df0fcc5e83"",""owner_native_state"":""verified"",""payload"":{""assignment_state"":""effective"",""inheritance"":""direct_from_frozen_edition"",""rights_id"":""urn:uuid:3f181e34-b5ab-550e-89bb-fd3d6c717bd0"",""target_id"":""urn:uuid:c7454fac-460a-5e6f-a83a-c0dda837bd7b"",""target_native_id"":""OLP-0221""},""record_type"":""rights_assignment"",""recorded_at"":""2026-08-31T00:00:00Z"",""semantic_key"":""c80:openlogic:rights-assignment:unit:OLP-0221""}"
urn:uuid:787ea91e-4bbc-5139-9da5-ee4182a3b0f2,rights_assignment,"{""dataset_id"":""urn:uuid:fdfa2782-db96-5e60-bcb3-d206d78b960a"",""id"":""urn:uuid:787ea91e-4bbc-5139-9da5-ee4182a3b0f2"",""normalized_state"":""published"",""owner_authority_id"":""urn:uuid:ba324c09-ea3b-5b7d-a8de-40df0fcc5e83"",""owner_native_state"":""verified"",""payload"":{""assignment_state"":""effective"",""inheritance"":""direct_from_frozen_edition"",""rights_id"":""urn:uuid:3f181e34-b5ab-550e-89bb-fd3d6c717bd0"",""target_id"":""urn:uuid:3ef9817c-cd37-5c9d-a82b-3ad7bd51df13"",""target_native_id"":""OLP-0222""},""record_type"":""rights_assignment"",""recorded_at"":""2026-08-31T00:00:00Z"",""semantic_key"":""c80:openlogic:rights-assignment:unit:OLP-0222""}"
urn:uuid:9f99ef46-747c-5736-aa9d-db5264a608f9,rights_assignment,"{""dataset_id"":""urn:uuid:fdfa2782-db96-5e60-bcb3-d206d78b960a"",""id"":""urn:uuid:9f99ef46-747c-5736-aa9d-db5264a608f9"",""normalized_state"":""published"",""owner_authority_id"":""urn:uuid:ba324c09-ea3b-5b7d-a8de-40df0fcc5e83"",""owner_native_state"":""verified"",""payload"":{""assignment_state"":""effective"",""inheritance"":""direct_from_frozen_edition"",""rights_id"":""urn:uuid:3f181e34-b5ab-550e-89bb-fd3d6c717bd0"",""target_id"":""urn:uuid:d02cd619-45d7-5fe8-83d0-7e7cfddfcd93"",""target_native_id"":""OLP-0223""},""record_type"":""rights_assignment"",""recorded_at"":""2026-08-31T00:00:00Z"",""semantic_key"":""c80:openlogic:rights-assignment:unit:OLP-0223""}"
urn:uuid:b62c090f-f44a-5063-bcb4-17dc651140e1,rights_assignment,"{""dataset_id"":""urn:uuid:fdfa2782-db96-5e60-bcb3-d206d78b960a"",""id"":""urn:uuid:b62c090f-f44a-5063-bcb4-17dc651140e1"",""normalized_state"":""published"",""owner_authority_id"":""urn:uuid:ba324c09-ea3b-5b7d-a8de-40df0fcc5e83"",""owner_native_state"":""verified"",""payload"":{""assignment_state"":""effective"",""inheritance"":""direct_from_frozen_edition"",""rights_id"":""urn:uuid:3f181e34-b5ab-550e-89bb-fd3d6c717bd0"",""target_id"":""urn:uuid:2cbba4e4-b719-5027-b50d-361fc8b5fa54"",""target_native_id"":""OLP-0224""},""record_type"":""rights_assignment"",""recorded_at"":""2026-08-31T00:00:00Z"",""semantic_key"":""c80:openlogic:rights-assignment:unit:OLP-0224""}"
urn:uuid:2afca9f0-c575-5f85-9145-73583ecba78d,rights_assignment,"{""dataset_id"":""urn:uuid:fdfa2782-db96-5e60-bcb3-d206d78b960a"",""id"":""urn:uuid:2afca9f0-c575-5f85-9145-73583ecba78d"",""normalized_state"":""published"",""owner_authority_id"":""urn:uuid:ba324c09-ea3b-5b7d-a8de-40df0fcc5e83"",""owner_native_state"":""verified"",""payload"":{""assignment_state"":""effective"",""inheritance"":""direct_from_frozen_edition"",""rights_id"":""urn:uuid:3f181e34-b5ab-550e-89bb-fd3d6c717bd0"",""target_id"":""urn:uuid:0466319e-0da4-5cd9-8bcc-6862dc4da251"",""target_native_id"":""OLP-0225""},""record_type"":""rights_assignment"",""recorded_at"":""2026-08-31T00:00:00Z"",""semantic_key"":""c80:openlogic:rights-assignment:unit:OLP-0225""}"
urn:uuid:38382d22-bb28-540e-a4ea-7d0ef7041eaf,rights_assignment,"{""dataset_id"":""urn:uuid:fdfa2782-db96-5e60-bcb3-d206d78b960a"",""id"":""urn:uuid:38382d22-bb28-540e-a4ea-7d0ef7041eaf"",""normalized_state"":""published"",""owner_authority_id"":""urn:uuid:ba324c09-ea3b-5b7d-a8de-40df0fcc5e83"",""owner_native_state"":""verified"",""payload"":{""assignment_state"":""effective"",""inheritance"":""direct_from_frozen_edition"",""rights_id"":""urn:uuid:3f181e34-b5ab-550e-89bb-fd3d6c717bd0"",""target_id"":""urn:uuid:6511789c-d6fa-5e95-8873-8f9a7758c00d"",""target_native_id"":""OLP-0226""},""record_type"":""rights_assignment"",""recorded_at"":""2026-08-31T00:00:00Z"",""semantic_key"":""c80:openlogic:rights-assignment:unit:OLP-0226""}"
urn:uuid:dd4c0126-cf7c-5a70-a61b-1269302bc7e8,rights_assignment,"{""dataset_id"":""urn:uuid:fdfa2782-db96-5e60-bcb3-d206d78b960a"",""id"":""urn:uuid:dd4c0126-cf7c-5a70-a61b-1269302bc7e8"",""normalized_state"":""published"",""owner_authority_id"":""urn:uuid:ba324c09-ea3b-5b7d-a8de-40df0fcc5e83"",""owner_native_state"":""verified"",""payload"":{""assignment_state"":""effective"",""inheritance"":""direct_from_frozen_edition"",""rights_id"":""urn:uuid:3f181e34-b5ab-550e-89bb-fd3d6c717bd0"",""target_id"":""urn:uuid:9def51ca-72e6-5a32-9dc2-ba71967d8690"",""target_native_id"":""OLP-0227""},""record_type"":""rights_assignment"",""recorded_at"":""2026-08-31T00:00:00Z"",""semantic_key"":""c80:openlogic:rights-assignment:unit:OLP-0227""}"
urn:uuid:c9fd636f-d97f-5233-a4c4-0e3dde389dca,rights_assignment,"{""dataset_id"":""urn:uuid:fdfa2782-db96-5e60-bcb3-d206d78b960a"",""id"":""urn:uuid:c9fd636f-d97f-5233-a4c4-0e3dde389dca"",""normalized_state"":""published"",""owner_authority_id"":""urn:uuid:ba324c09-ea3b-5b7d-a8de-40df0fcc5e83"",""owner_native_state"":""verified"",""payload"":{""assignment_state"":""effective"",""inheritance"":""direct_from_frozen_edition"",""rights_id"":""urn:uuid:3f181e34-b5ab-550e-89bb-fd3d6c717bd0"",""target_id"":""urn:uuid:c1ecf2a4-e6d4-58dd-8b11-7cc2b3a2cc04"",""target_native_id"":""OLP-0228""},""record_type"":""rights_assignment"",""recorded_at"":""2026-08-31T00:00:00Z"",""semantic_key"":""c80:openlogic:rights-assignment:unit:OLP-0228""}"
urn:uuid:ffa5dee9-4801-5ad8-acae-77296d7ae0fe,rights_assignment,"{""dataset_id"":""urn:uuid:fdfa2782-db96-5e60-bcb3-d206d78b960a"",""id"":""urn:uuid:ffa5dee9-4801-5ad8-acae-77296d7ae0fe"",""normalized_state"":""published"",""owner_authority_id"":""urn:uuid:ba324c09-ea3b-5b7d-a8de-40df0fcc5e83"",""owner_native_state"":""verified"",""payload"":{""assignment_state"":""effective"",""inheritance"":""direct_from_frozen_edition"",""rights_id"":""urn:uuid:3f181e34-b5ab-550e-89bb-fd3d6c717bd0"",""target_id"":""urn:uuid:ad0bfd11-92fa-5c64-aee0-b8c522ef22d4"",""target_native_id"":""OLP-0229""},""record_type"":""rights_assignment"",""recorded_at"":""2026-08-31T00:00:00Z"",""semantic_key"":""c80:openlogic:rights-assignment:unit:OLP-0229""}"
urn:uuid:0836f630-dae2-5834-b3f9-a0694bebd66b,rights_assignment,"{""dataset_id"":""urn:uuid:fdfa2782-db96-5e60-bcb3-d206d78b960a"",""id"":""urn:uuid:0836f630-dae2-5834-b3f9-a0694bebd66b"",""normalized_state"":""published"",""owner_authority_id"":""urn:uuid:ba324c09-ea3b-5b7d-a8de-40df0fcc5e83"",""owner_native_state"":""verified"",""payload"":{""assignment_state"":""effective"",""inheritance"":""direct_from_frozen_edition"",""rights_id"":""urn:uuid:3f181e34-b5ab-550e-89bb-fd3d6c717bd0"",""target_id"":""urn:uuid:03ef1a20-6bb4-51c1-a5f5-c6c0fa75c1e6"",""target_native_id"":""OLP-0230""},""record_type"":""rights_assignment"",""recorded_at"":""2026-08-31T00:00:00Z"",""semantic_key"":""c80:openlogic:rights-assignment:unit:OLP-0230""}"
urn:uuid:ad8cf1c7-888e-53df-9ef6-36e2986726bb,rights_assignment,"{""dataset_id"":""urn:uuid:fdfa2782-db96-5e60-bcb3-d206d78b960a"",""id"":""urn:uuid:ad8cf1c7-888e-53df-9ef6-36e2986726bb"",""normalized_state"":""published"",""owner_authority_id"":""urn:uuid:ba324c09-ea3b-5b7d-a8de-40df0fcc5e83"",""owner_native_state"":""verified"",""payload"":{""assignment_state"":""effective"",""inheritance"":""direct_from_frozen_edition"",""rights_id"":""urn:uuid:3f181e34-b5ab-550e-89bb-fd3d6c717bd0"",""target_id"":""urn:uuid:db8ed146-5cf4-5891-a6cc-74dfa12f56c6"",""target_native_id"":""OLP-0231""},""record_type"":""rights_assignment"",""recorded_at"":""2026-08-31T00:00:00Z"",""semantic_key"":""c80:openlogic:rights-assignment:unit:OLP-0231""}"
urn:uuid:21888caa-6a3c-5482-adb9-e6e3c046fcb1,rights_assignment,"{""dataset_id"":""urn:uuid:fdfa2782-db96-5e60-bcb3-d206d78b960a"",""id"":""urn:uuid:21888caa-6a3c-5482-adb9-e6e3c046fcb1"",""normalized_state"":""published"",""owner_authority_id"":""urn:uuid:ba324c09-ea3b-5b7d-a8de-40df0fcc5e83"",""owner_native_state"":""verified"",""payload"":{""assignment_state"":""effective"",""inheritance"":""direct_from_frozen_edition"",""rights_id"":""urn:uuid:3f181e34-b5ab-550e-89bb-fd3d6c717bd0"",""target_id"":""urn:uuid:b12853a5-9f1f-5bfe-b56a-a177a2356d69"",""target_native_id"":""OLP-0232""},""record_type"":""rights_assignment"",""recorded_at"":""2026-08-31T00:00:00Z"",""semantic_key"":""c80:openlogic:rights-assignment:unit:OLP-0232""}"
urn:uuid:0d65d8c8-eb6b-55c9-b3dd-224caa8cff84,rights_assignment,"{""dataset_id"":""urn:uuid:fdfa2782-db96-5e60-bcb3-d206d78b960a"",""id"":""urn:uuid:0d65d8c8-eb6b-55c9-b3dd-224caa8cff84"",""normalized_state"":""published"",""owner_authority_id"":""urn:uuid:ba324c09-ea3b-5b7d-a8de-40df0fcc5e83"",""owner_native_state"":""verified"",""payload"":{""assignment_state"":""effective"",""inheritance"":""direct_from_frozen_edition"",""rights_id"":""urn:uuid:3f181e34-b5ab-550e-89bb-fd3d6c717bd0"",""target_id"":""urn:uuid:c8e41832-b6cd-5497-9c72-7529d896dddf"",""target_native_id"":""OLP-0233""},""record_type"":""rights_assignment"",""recorded_at"":""2026-08-31T00:00:00Z"",""semantic_key"":""c80:openlogic:rights-assignment:unit:OLP-0233""}"
urn:uuid:92e485f6-e52d-5ab1-8c97-e983d276ea96,rights_assignment,"{""dataset_id"":""urn:uuid:fdfa2782-db96-5e60-bcb3-d206d78b960a"",""id"":""urn:uuid:92e485f6-e52d-5ab1-8c97-e983d276ea96"",""normalized_state"":""published"",""owner_authority_id"":""urn:uuid:ba324c09-ea3b-5b7d-a8de-40df0fcc5e83"",""owner_native_state"":""verified"",""payload"":{""assignment_state"":""effective"",""inheritance"":""direct_from_frozen_edition"",""rights_id"":""urn:uuid:3f181e34-b5ab-550e-89bb-fd3d6c717bd0"",""target_id"":""urn:uuid:2a4b94b3-e15f-592f-b73b-ba463795350a"",""target_native_id"":""OLP-0234""},""record_type"":""rights_assignment"",""recorded_at"":""2026-08-31T00:00:00Z"",""semantic_key"":""c80:openlogic:rights-assignment:unit:OLP-0234""}"
urn:uuid:060298a2-ebb7-56cb-9734-5b0a753d57e7,rights_assignment,"{""dataset_id"":""urn:uuid:fdfa2782-db96-5e60-bcb3-d206d78b960a"",""id"":""urn:uuid:060298a2-ebb7-56cb-9734-5b0a753d57e7"",""normalized_state"":""published"",""owner_authority_id"":""urn:uuid:ba324c09-ea3b-5b7d-a8de-40df0fcc5e83"",""owner_native_state"":""verified"",""payload"":{""assignment_state"":""effective"",""inheritance"":""direct_from_frozen_edition"",""rights_id"":""urn:uuid:3f181e34-b5ab-550e-89bb-fd3d6c717bd0"",""target_id"":""urn:uuid:1022b623-ea06-5ed3-a4a8-2c98742ded87"",""target_native_id"":""OLP-0235""},""record_type"":""rights_assignment"",""recorded_at"":""2026-08-31T00:00:00Z"",""semantic_key"":""c80:openlogic:rights-assignment:unit:OLP-0235""}"
urn:uuid:6d517cc8-8975-50b3-91f0-f27149e4816a,rights_assignment,"{""dataset_id"":""urn:uuid:fdfa2782-db96-5e60-bcb3-d206d78b960a"",""id"":""urn:uuid:6d517cc8-8975-50b3-91f0-f27149e4816a"",""normalized_state"":""published"",""owner_authority_id"":""urn:uuid:ba324c09-ea3b-5b7d-a8de-40df0fcc5e83"",""owner_native_state"":""verified"",""payload"":{""assignment_state"":""effective"",""inheritance"":""direct_from_frozen_edition"",""rights_id"":""urn:uuid:3f181e34-b5ab-550e-89bb-fd3d6c717bd0"",""target_id"":""urn:uuid:9e4631ae-f1c2-5cea-9b4b-abe3cc9680ce"",""target_native_id"":""OLP-0236""},""record_type"":""rights_assignment"",""recorded_at"":""2026-08-31T00:00:00Z"",""semantic_key"":""c80:openlogic:rights-assignment:unit:OLP-0236""}"
urn:uuid:7f20b95b-7764-50a8-b975-98c9cd766925,rights_assignment,"{""dataset_id"":""urn:uuid:fdfa2782-db96-5e60-bcb3-d206d78b960a"",""id"":""urn:uuid:7f20b95b-7764-50a8-b975-98c9cd766925"",""normalized_state"":""published"",""owner_authority_id"":""urn:uuid:ba324c09-ea3b-5b7d-a8de-40df0fcc5e83"",""owner_native_state"":""verified"",""payload"":{""assignment_state"":""effective"",""inheritance"":""direct_from_frozen_edition"",""rights_id"":""urn:uuid:3f181e34-b5ab-550e-89bb-fd3d6c717bd0"",""target_id"":""urn:uuid:e550e1db-a388-57f6-9eaf-549502f8022d"",""target_native_id"":""OLP-0237""},""record_type"":""rights_assignment"",""recorded_at"":""2026-08-31T00:00:00Z"",""semantic_key"":""c80:openlogic:rights-assignment:unit:OLP-0237""}"
urn:uuid:90058b28-21cb-5196-b3f6-9cd4c7d94b5e,rights_assignment,"{""dataset_id"":""urn:uuid:fdfa2782-db96-5e60-bcb3-d206d78b960a"",""id"":""urn:uuid:90058b28-21cb-5196-b3f6-9cd4c7d94b5e"",""normalized_state"":""published"",""owner_authority_id"":""urn:uuid:ba324c09-ea3b-5b7d-a8de-40df0fcc5e83"",""owner_native_state"":""verified"",""payload"":{""assignment_state"":""effective"",""inheritance"":""direct_from_frozen_edition"",""rights_id"":""urn:uuid:3f181e34-b5ab-550e-89bb-fd3d6c717bd0"",""target_id"":""urn:uuid:3d3a1503-bfb2-5982-8231-4673b10b4707"",""target_native_id"":""OLP-0238""},""record_type"":""rights_assignment"",""recorded_at"":""2026-08-31T00:00:00Z"",""semantic_key"":""c80:openlogic:rights-assignment:unit:OLP-0238""}"
urn:uuid:1e941e1e-2dc8-5a1f-a00e-fa6f901c2813,rights_assignment,"{""dataset_id"":""urn:uuid:fdfa2782-db96-5e60-bcb3-d206d78b960a"",""id"":""urn:uuid:1e941e1e-2dc8-5a1f-a00e-fa6f901c2813"",""normalized_state"":""published"",""owner_authority_id"":""urn:uuid:ba324c09-ea3b-5b7d-a8de-40df0fcc5e83"",""owner_native_state"":""verified"",""payload"":{""assignment_state"":""effective"",""inheritance"":""direct_from_frozen_edition"",""rights_id"":""urn:uuid:3f181e34-b5ab-550e-89bb-fd3d6c717bd0"",""target_id"":""urn:uuid:284461fd-eed7-5e70-92af-9a8fa4e644d0"",""target_native_id"":""OLP-0239""},""record_type"":""rights_assignment"",""recorded_at"":""2026-08-31T00:00:00Z"",""semantic_key"":""c80:openlogic:rights-assignment:unit:OLP-0239""}"
urn:uuid:af29fadc-5dd7-5d71-a9ef-02b79d396803,rights_assignment,"{""dataset_id"":""urn:uuid:fdfa2782-db96-5e60-bcb3-d206d78b960a"",""id"":""urn:uuid:af29fadc-5dd7-5d71-a9ef-02b79d396803"",""normalized_state"":""published"",""owner_authority_id"":""urn:uuid:ba324c09-ea3b-5b7d-a8de-40df0fcc5e83"",""owner_native_state"":""verified"",""payload"":{""assignment_state"":""effective"",""inheritance"":""direct_from_frozen_edition"",""rights_id"":""urn:uuid:3f181e34-b5ab-550e-89bb-fd3d6c717bd0"",""target_id"":""urn:uuid:b86d32c3-cfdc-56ac-9897-66ad8307ab8a"",""target_native_id"":""OLP-0240""},""record_type"":""rights_assignment"",""recorded_at"":""2026-08-31T00:00:00Z"",""semantic_key"":""c80:openlogic:rights-assignment:unit:OLP-0240""}"
urn:uuid:06a1bf51-9438-5ff4-8e0e-1ad256185a9f,rights_assignment,"{""dataset_id"":""urn:uuid:fdfa2782-db96-5e60-bcb3-d206d78b960a"",""id"":""urn:uuid:06a1bf51-9438-5ff4-8e0e-1ad256185a9f"",""normalized_state"":""published"",""owner_authority_id"":""urn:uuid:ba324c09-ea3b-5b7d-a8de-40df0fcc5e83"",""owner_native_state"":""verified"",""payload"":{""assignment_state"":""effective"",""inheritance"":""direct_from_frozen_edition"",""rights_id"":""urn:uuid:3f181e34-b5ab-550e-89bb-fd3d6c717bd0"",""target_id"":""urn:uuid:811d9db9-b787-5d21-b58b-5942ca73a07f"",""target_native_id"":""OLP-0241""},""record_type"":""rights_assignment"",""recorded_at"":""2026-08-31T00:00:00Z"",""semantic_key"":""c80:openlogic:rights-assignment:unit:OLP-0241""}"
urn:uuid:3e5983c8-6925-5601-918f-d76f176d01f4,rights_assignment,"{""dataset_id"":""urn:uuid:fdfa2782-db96-5e60-bcb3-d206d78b960a"",""id"":""urn:uuid:3e5983c8-6925-5601-918f-d76f176d01f4"",""normalized_state"":""published"",""owner_authority_id"":""urn:uuid:ba324c09-ea3b-5b7d-a8de-40df0fcc5e83"",""owner_native_state"":""verified"",""payload"":{""assignment_state"":""effective"",""inheritance"":""direct_from_frozen_edition"",""rights_id"":""urn:uuid:3f181e34-b5ab-550e-89bb-fd3d6c717bd0"",""target_id"":""urn:uuid:65b1b5d4-1bcf-5c2a-a773-8cbaa193c34e"",""target_native_id"":""OLP-0242""},""record_type"":""rights_assignment"",""recorded_at"":""2026-08-31T00:00:00Z"",""semantic_key"":""c80:openlogic:rights-assignment:unit:OLP-0242""}"
urn:uuid:b926095f-9893-5938-99f6-6e428796d1c5,rights_assignment,"{""dataset_id"":""urn:uuid:fdfa2782-db96-5e60-bcb3-d206d78b960a"",""id"":""urn:uuid:b926095f-9893-5938-99f6-6e428796d1c5"",""normalized_state"":""published"",""owner_authority_id"":""urn:uuid:ba324c09-ea3b-5b7d-a8de-40df0fcc5e83"",""owner_native_state"":""verified"",""payload"":{""assignment_state"":""effective"",""inheritance"":""direct_from_frozen_edition"",""rights_id"":""urn:uuid:3f181e34-b5ab-550e-89bb-fd3d6c717bd0"",""target_id"":""urn:uuid:47158aaf-8256-5954-a4a2-8b610ad677fe"",""target_native_id"":""OLP-0243""},""record_type"":""rights_assignment"",""recorded_at"":""2026-08-31T00:00:00Z"",""semantic_key"":""c80:openlogic:rights-assignment:unit:OLP-0243""}"
urn:uuid:7b0651e1-f0cf-5882-bb9d-0a27c9dd63c3,rights_assignment,"{""dataset_id"":""urn:uuid:fdfa2782-db96-5e60-bcb3-d206d78b960a"",""id"":""urn:uuid:7b0651e1-f0cf-5882-bb9d-0a27c9dd63c3"",""normalized_state"":""published"",""owner_authority_id"":""urn:uuid:ba324c09-ea3b-5b7d-a8de-40df0fcc5e83"",""owner_native_state"":""verified"",""payload"":{""assignment_state"":""effective"",""inheritance"":""direct_from_frozen_edition"",""rights_id"":""urn:uuid:3f181e34-b5ab-550e-89bb-fd3d6c717bd0"",""target_id"":""urn:uuid:3481bbd6-54a6-57a7-a7c8-27e7f3de9d83"",""target_native_id"":""OLP-0244""},""record_type"":""rights_assignment"",""recorded_at"":""2026-08-31T00:00:00Z"",""semantic_key"":""c80:openlogic:rights-assignment:unit:OLP-0244""}"
urn:uuid:f2ee76f2-0b98-52ca-8244-cfe5aef64c4b,rights_assignment,"{""dataset_id"":""urn:uuid:fdfa2782-db96-5e60-bcb3-d206d78b960a"",""id"":""urn:uuid:f2ee76f2-0b98-52ca-8244-cfe5aef64c4b"",""normalized_state"":""published"",""owner_authority_id"":""urn:uuid:ba324c09-ea3b-5b7d-a8de-40df0fcc5e83"",""owner_native_state"":""verified"",""payload"":{""assignment_state"":""effective"",""inheritance"":""direct_from_frozen_edition"",""rights_id"":""urn:uuid:3f181e34-b5ab-550e-89bb-fd3d6c717bd0"",""target_id"":""urn:uuid:9c6970fd-997f-5405-af1f-53f136790b3a"",""target_native_id"":""OLP-0245""},""record_type"":""rights_assignment"",""recorded_at"":""2026-08-31T00:00:00Z"",""semantic_key"":""c80:openlogic:rights-assignment:unit:OLP-0245""}"
urn:uuid:779baef2-344b-5cd4-b138-6b795f98a48e,rights_assignment,"{""dataset_id"":""urn:uuid:fdfa2782-db96-5e60-bcb3-d206d78b960a"",""id"":""urn:uuid:779baef2-344b-5cd4-b138-6b795f98a48e"",""normalized_state"":""published"",""owner_authority_id"":""urn:uuid:ba324c09-ea3b-5b7d-a8de-40df0fcc5e83"",""owner_native_state"":""verified"",""payload"":{""assignment_state"":""effective"",""inheritance"":""direct_from_frozen_edition"",""rights_id"":""urn:uuid:3f181e34-b5ab-550e-89bb-fd3d6c717bd0"",""target_id"":""urn:uuid:176839f0-b3d4-5b7d-b792-070c441f68d3"",""target_native_id"":""OLP-0246""},""record_type"":""rights_assignment"",""recorded_at"":""2026-08-31T00:00:00Z"",""semantic_key"":""c80:openlogic:rights-assignment:unit:OLP-0246""}"
urn:uuid:d28c6acb-3092-56e8-a00a-bc70626c0bdf,rights_assignment,"{""dataset_id"":""urn:uuid:fdfa2782-db96-5e60-bcb3-d206d78b960a"",""id"":""urn:uuid:d28c6acb-3092-56e8-a00a-bc70626c0bdf"",""normalized_state"":""published"",""owner_authority_id"":""urn:uuid:ba324c09-ea3b-5b7d-a8de-40df0fcc5e83"",""owner_native_state"":""verified"",""payload"":{""assignment_state"":""effective"",""inheritance"":""direct_from_frozen_edition"",""rights_id"":""urn:uuid:3f181e34-b5ab-550e-89bb-fd3d6c717bd0"",""target_id"":""urn:uuid:ac6b3c74-285f-51bf-a860-f3716ddf415a"",""target_native_id"":""OLP-0247""},""record_type"":""rights_assignment"",""recorded_at"":""2026-08-31T00:00:00Z"",""semantic_key"":""c80:openlogic:rights-assignment:unit:OLP-0247""}"
urn:uuid:8fbdc494-1cb4-55a0-85ff-a899f2f69ca4,rights_assignment,"{""dataset_id"":""urn:uuid:fdfa2782-db96-5e60-bcb3-d206d78b960a"",""id"":""urn:uuid:8fbdc494-1cb4-55a0-85ff-a899f2f69ca4"",""normalized_state"":""published"",""owner_authority_id"":""urn:uuid:ba324c09-ea3b-5b7d-a8de-40df0fcc5e83"",""owner_native_state"":""verified"",""payload"":{""assignment_state"":""effective"",""inheritance"":""direct_from_frozen_edition"",""rights_id"":""urn:uuid:3f181e34-b5ab-550e-89bb-fd3d6c717bd0"",""target_id"":""urn:uuid:8e278aa9-d23d-5509-bed0-7b1d4de8d7d2"",""target_native_id"":""OLP-0248""},""record_type"":""rights_assignment"",""recorded_at"":""2026-08-31T00:00:00Z"",""semantic_key"":""c80:openlogic:rights-assignment:unit:OLP-0248""}"
urn:uuid:1149dbd5-4232-5589-b344-5f090ec93215,rights_assignment,"{""dataset_id"":""urn:uuid:fdfa2782-db96-5e60-bcb3-d206d78b960a"",""id"":""urn:uuid:1149dbd5-4232-5589-b344-5f090ec93215"",""normalized_state"":""published"",""owner_authority_id"":""urn:uuid:ba324c09-ea3b-5b7d-a8de-40df0fcc5e83"",""owner_native_state"":""verified"",""payload"":{""assignment_state"":""effective"",""inheritance"":""direct_from_frozen_edition"",""rights_id"":""urn:uuid:3f181e34-b5ab-550e-89bb-fd3d6c717bd0"",""target_id"":""urn:uuid:3a75ed1a-4d2b-52fb-ba22-1714ba57f74c"",""target_native_id"":""OLP-0249""},""record_type"":""rights_assignment"",""recorded_at"":""2026-08-31T00:00:00Z"",""semantic_key"":""c80:openlogic:rights-assignment:unit:OLP-0249""}"
urn:uuid:e9485056-d951-52eb-876d-cc9f5bc0e185,rights_assignment,"{""dataset_id"":""urn:uuid:fdfa2782-db96-5e60-bcb3-d206d78b960a"",""id"":""urn:uuid:e9485056-d951-52eb-876d-cc9f5bc0e185"",""normalized_state"":""published"",""owner_authority_id"":""urn:uuid:ba324c09-ea3b-5b7d-a8de-40df0fcc5e83"",""owner_native_state"":""verified"",""payload"":{""assignment_state"":""effective"",""inheritance"":""direct_from_frozen_edition"",""rights_id"":""urn:uuid:3f181e34-b5ab-550e-89bb-fd3d6c717bd0"",""target_id"":""urn:uuid:da0ff77d-a036-594f-b82f-406f239fab7e"",""target_native_id"":""OLP-0250""},""record_type"":""rights_assignment"",""recorded_at"":""2026-08-31T00:00:00Z"",""semantic_key"":""c80:openlogic:rights-assignment:unit:OLP-0250""}"
urn:uuid:6168987c-26aa-5f4a-b3ea-5b9a638570ad,rights_assignment,"{""dataset_id"":""urn:uuid:fdfa2782-db96-5e60-bcb3-d206d78b960a"",""id"":""urn:uuid:6168987c-26aa-5f4a-b3ea-5b9a638570ad"",""normalized_state"":""published"",""owner_authority_id"":""urn:uuid:ba324c09-ea3b-5b7d-a8de-40df0fcc5e83"",""owner_native_state"":""verified"",""payload"":{""assignment_state"":""effective"",""inheritance"":""direct_from_frozen_edition"",""rights_id"":""urn:uuid:3f181e34-b5ab-550e-89bb-fd3d6c717bd0"",""target_id"":""urn:uuid:ef1d2e0a-e88b-59c6-a279-fcdfb19c0166"",""target_native_id"":""OLP-0251""},""record_type"":""rights_assignment"",""recorded_at"":""2026-08-31T00:00:00Z"",""semantic_key"":""c80:openlogic:rights-assignment:unit:OLP-0251""}"
urn:uuid:799c911b-cdaa-53cf-9b45-082987ae258b,rights_assignment,"{""dataset_id"":""urn:uuid:fdfa2782-db96-5e60-bcb3-d206d78b960a"",""id"":""urn:uuid:799c911b-cdaa-53cf-9b45-082987ae258b"",""normalized_state"":""published"",""owner_authority_id"":""urn:uuid:ba324c09-ea3b-5b7d-a8de-40df0fcc5e83"",""owner_native_state"":""verified"",""payload"":{""assignment_state"":""effective"",""inheritance"":""direct_from_frozen_edition"",""rights_id"":""urn:uuid:3f181e34-b5ab-550e-89bb-fd3d6c717bd0"",""target_id"":""urn:uuid:f3e0d344-30e0-593e-8c63-40cfbd01c3cf"",""target_native_id"":""OLP-0252""},""record_type"":""rights_assignment"",""recorded_at"":""2026-08-31T00:00:00Z"",""semantic_key"":""c80:openlogic:rights-assignment:unit:OLP-0252""}"
urn:uuid:329e3e04-b0f2-55e7-b7e6-e3a6d7044536,rights_assignment,"{""dataset_id"":""urn:uuid:fdfa2782-db96-5e60-bcb3-d206d78b960a"",""id"":""urn:uuid:329e3e04-b0f2-55e7-b7e6-e3a6d7044536"",""normalized_state"":""published"",""owner_authority_id"":""urn:uuid:ba324c09-ea3b-5b7d-a8de-40df0fcc5e83"",""owner_native_state"":""verified"",""payload"":{""assignment_state"":""effective"",""inheritance"":""direct_from_frozen_edition"",""rights_id"":""urn:uuid:3f181e34-b5ab-550e-89bb-fd3d6c717bd0"",""target_id"":""urn:uuid:c9017ba8-2f43-5c63-b771-8544da92cb55"",""target_native_id"":""OLP-0253""},""record_type"":""rights_assignment"",""recorded_at"":""2026-08-31T00:00:00Z"",""semantic_key"":""c80:openlogic:rights-assignment:unit:OLP-0253""}"
urn:uuid:2a5aee15-6b9f-5def-a8b0-576549d4a7f9,rights_assignment,"{""dataset_id"":""urn:uuid:fdfa2782-db96-5e60-bcb3-d206d78b960a"",""id"":""urn:uuid:2a5aee15-6b9f-5def-a8b0-576549d4a7f9"",""normalized_state"":""published"",""owner_authority_id"":""urn:uuid:ba324c09-ea3b-5b7d-a8de-40df0fcc5e83"",""owner_native_state"":""verified"",""payload"":{""assignment_state"":""effective"",""inheritance"":""direct_from_frozen_edition"",""rights_id"":""urn:uuid:3f181e34-b5ab-550e-89bb-fd3d6c717bd0"",""target_id"":""urn:uuid:1558ad35-bb6b-5f6c-bf06-3431c32958e1"",""target_native_id"":""OLP-0254""},""record_type"":""rights_assignment"",""recorded_at"":""2026-08-31T00:00:00Z"",""semantic_key"":""c80:openlogic:rights-assignment:unit:OLP-0254""}"
urn:uuid:67dc9062-26de-5ee9-8744-16a5d24a46d2,rights_assignment,"{""dataset_id"":""urn:uuid:fdfa2782-db96-5e60-bcb3-d206d78b960a"",""id"":""urn:uuid:67dc9062-26de-5ee9-8744-16a5d24a46d2"",""normalized_state"":""published"",""owner_authority_id"":""urn:uuid:ba324c09-ea3b-5b7d-a8de-40df0fcc5e83"",""owner_native_state"":""verified"",""payload"":{""assignment_state"":""effective"",""inheritance"":""direct_from_frozen_edition"",""rights_id"":""urn:uuid:3f181e34-b5ab-550e-89bb-fd3d6c717bd0"",""target_id"":""urn:uuid:b7802c4b-3052-51c2-b24a-ae84fb9bba85"",""target_native_id"":""OLP-0255""},""record_type"":""rights_assignment"",""recorded_at"":""2026-08-31T00:00:00Z"",""semantic_key"":""c80:openlogic:rights-assignment:unit:OLP-0255""}"
urn:uuid:d16c99c8-c8a6-59ce-a51f-28ec26f9d556,rights_assignment,"{""dataset_id"":""urn:uuid:fdfa2782-db96-5e60-bcb3-d206d78b960a"",""id"":""urn:uuid:d16c99c8-c8a6-59ce-a51f-28ec26f9d556"",""normalized_state"":""published"",""owner_authority_id"":""urn:uuid:ba324c09-ea3b-5b7d-a8de-40df0fcc5e83"",""owner_native_state"":""verified"",""payload"":{""assignment_state"":""effective"",""inheritance"":""direct_from_frozen_edition"",""rights_id"":""urn:uuid:3f181e34-b5ab-550e-89bb-fd3d6c717bd0"",""target_id"":""urn:uuid:59bdeeee-de63-58bd-9801-bb6a8ba8f377"",""target_native_id"":""OLP-0256""},""record_type"":""rights_assignment"",""recorded_at"":""2026-08-31T00:00:00Z"",""semantic_key"":""c80:openlogic:rights-assignment:unit:OLP-0256""}"
urn:uuid:30641fc5-04d0-5d5e-a43a-51029ce5543b,rights_assignment,"{""dataset_id"":""urn:uuid:fdfa2782-db96-5e60-bcb3-d206d78b960a"",""id"":""urn:uuid:30641fc5-04d0-5d5e-a43a-51029ce5543b"",""normalized_state"":""published"",""owner_authority_id"":""urn:uuid:ba324c09-ea3b-5b7d-a8de-40df0fcc5e83"",""owner_native_state"":""verified"",""payload"":{""assignment_state"":""effective"",""inheritance"":""direct_from_frozen_edition"",""rights_id"":""urn:uuid:3f181e34-b5ab-550e-89bb-fd3d6c717bd0"",""target_id"":""urn:uuid:f1223c27-8364-52a9-b458-e9b2081c0555"",""target_native_id"":""OLP-0257""},""record_type"":""rights_assignment"",""recorded_at"":""2026-08-31T00:00:00Z"",""semantic_key"":""c80:openlogic:rights-assignment:unit:OLP-0257""}"
urn:uuid:a9bf6bb4-485c-5423-a7c9-ce573e69175f,rights_assignment,"{""dataset_id"":""urn:uuid:fdfa2782-db96-5e60-bcb3-d206d78b960a"",""id"":""urn:uuid:a9bf6bb4-485c-5423-a7c9-ce573e69175f"",""normalized_state"":""published"",""owner_authority_id"":""urn:uuid:ba324c09-ea3b-5b7d-a8de-40df0fcc5e83"",""owner_native_state"":""verified"",""payload"":{""assignment_state"":""effective"",""inheritance"":""direct_from_frozen_edition"",""rights_id"":""urn:uuid:3f181e34-b5ab-550e-89bb-fd3d6c717bd0"",""target_id"":""urn:uuid:c3713c3b-1d98-56c7-9b8c-96bb4034ee85"",""target_native_id"":""OLP-0258""},""record_type"":""rights_assignment"",""recorded_at"":""2026-08-31T00:00:00Z"",""semantic_key"":""c80:openlogic:rights-assignment:unit:OLP-0258""}"
urn:uuid:720e876e-1aec-5752-bfc3-a1f49e9d29f6,rights_assignment,"{""dataset_id"":""urn:uuid:fdfa2782-db96-5e60-bcb3-d206d78b960a"",""id"":""urn:uuid:720e876e-1aec-5752-bfc3-a1f49e9d29f6"",""normalized_state"":""published"",""owner_authority_id"":""urn:uuid:ba324c09-ea3b-5b7d-a8de-40df0fcc5e83"",""owner_native_state"":""verified"",""payload"":{""assignment_state"":""effective"",""inheritance"":""direct_from_frozen_edition"",""rights_id"":""urn:uuid:3f181e34-b5ab-550e-89bb-fd3d6c717bd0"",""target_id"":""urn:uuid:1a00ab9b-f110-58d9-887d-7aa9edbcc984"",""target_native_id"":""OLP-0259""},""record_type"":""rights_assignment"",""recorded_at"":""2026-08-31T00:00:00Z"",""semantic_key"":""c80:openlogic:rights-assignment:unit:OLP-0259""}"
urn:uuid:601e5e68-d0ab-5092-b93c-f5753651ae40,rights_assignment,"{""dataset_id"":""urn:uuid:fdfa2782-db96-5e60-bcb3-d206d78b960a"",""id"":""urn:uuid:601e5e68-d0ab-5092-b93c-f5753651ae40"",""normalized_state"":""published"",""owner_authority_id"":""urn:uuid:ba324c09-ea3b-5b7d-a8de-40df0fcc5e83"",""owner_native_state"":""verified"",""payload"":{""assignment_state"":""effective"",""inheritance"":""direct_from_frozen_edition"",""rights_id"":""urn:uuid:3f181e34-b5ab-550e-89bb-fd3d6c717bd0"",""target_id"":""urn:uuid:e476c269-c417-5aa7-abee-720bcedc3eb0"",""target_native_id"":""OLP-0260""},""record_type"":""rights_assignment"",""recorded_at"":""2026-08-31T00:00:00Z"",""semantic_key"":""c80:openlogic:rights-assignment:unit:OLP-0260""}"
urn:uuid:01b573c7-3ce3-567b-81d0-6f1ff45a3f5d,rights_assignment,"{""dataset_id"":""urn:uuid:fdfa2782-db96-5e60-bcb3-d206d78b960a"",""id"":""urn:uuid:01b573c7-3ce3-567b-81d0-6f1ff45a3f5d"",""normalized_state"":""published"",""owner_authority_id"":""urn:uuid:ba324c09-ea3b-5b7d-a8de-40df0fcc5e83"",""owner_native_state"":""verified"",""payload"":{""assignment_state"":""effective"",""inheritance"":""direct_from_frozen_edition"",""rights_id"":""urn:uuid:3f181e34-b5ab-550e-89bb-fd3d6c717bd0"",""target_id"":""urn:uuid:5b8b6630-5d1f-5158-9812-1072b9c1f2a1"",""target_native_id"":""OLP-0261""},""record_type"":""rights_assignment"",""recorded_at"":""2026-08-31T00:00:00Z"",""semantic_key"":""c80:openlogic:rights-assignment:unit:OLP-0261""}"
urn:uuid:3a21e201-40e1-5c5f-b8c0-1326aa751645,rights_assignment,"{""dataset_id"":""urn:uuid:fdfa2782-db96-5e60-bcb3-d206d78b960a"",""id"":""urn:uuid:3a21e201-40e1-5c5f-b8c0-1326aa751645"",""normalized_state"":""published"",""owner_authority_id"":""urn:uuid:ba324c09-ea3b-5b7d-a8de-40df0fcc5e83"",""owner_native_state"":""verified"",""payload"":{""assignment_state"":""effective"",""inheritance"":""direct_from_frozen_edition"",""rights_id"":""urn:uuid:3f181e34-b5ab-550e-89bb-fd3d6c717bd0"",""target_id"":""urn:uuid:f44cd64c-5cae-572d-ae1b-9c8666fe1e17"",""target_native_id"":""OLP-0262""},""record_type"":""rights_assignment"",""recorded_at"":""2026-08-31T00:00:00Z"",""semantic_key"":""c80:openlogic:rights-assignment:unit:OLP-0262""}"
urn:uuid:29688bd1-4828-519e-9640-8c6e0da00196,rights_assignment,"{""dataset_id"":""urn:uuid:fdfa2782-db96-5e60-bcb3-d206d78b960a"",""id"":""urn:uuid:29688bd1-4828-519e-9640-8c6e0da00196"",""normalized_state"":""published"",""owner_authority_id"":""urn:uuid:ba324c09-ea3b-5b7d-a8de-40df0fcc5e83"",""owner_native_state"":""verified"",""payload"":{""assignment_state"":""effective"",""inheritance"":""direct_from_frozen_edition"",""rights_id"":""urn:uuid:3f181e34-b5ab-550e-89bb-fd3d6c717bd0"",""target_id"":""urn:uuid:1310e1ca-925a-5018-85ee-afe5a4076064"",""target_native_id"":""OLP-0263""},""record_type"":""rights_assignment"",""recorded_at"":""2026-08-31T00:00:00Z"",""semantic_key"":""c80:openlogic:rights-assignment:unit:OLP-0263""}"
urn:uuid:6cb0a452-f45f-59e6-8f9a-47212cf0d2c9,rights_assignment,"{""dataset_id"":""urn:uuid:fdfa2782-db96-5e60-bcb3-d206d78b960a"",""id"":""urn:uuid:6cb0a452-f45f-59e6-8f9a-47212cf0d2c9"",""normalized_state"":""published"",""owner_authority_id"":""urn:uuid:ba324c09-ea3b-5b7d-a8de-40df0fcc5e83"",""owner_native_state"":""verified"",""payload"":{""assignment_state"":""effective"",""inheritance"":""direct_from_frozen_edition"",""rights_id"":""urn:uuid:3f181e34-b5ab-550e-89bb-fd3d6c717bd0"",""target_id"":""urn:uuid:b1a182b2-ecdb-5b10-b6d8-1829b254cab0"",""target_native_id"":""OLP-0264""},""record_type"":""rights_assignment"",""recorded_at"":""2026-08-31T00:00:00Z"",""semantic_key"":""c80:openlogic:rights-assignment:unit:OLP-0264""}"
urn:uuid:612e129e-7481-5a9f-b163-df80ce0c14bb,rights_assignment,"{""dataset_id"":""urn:uuid:fdfa2782-db96-5e60-bcb3-d206d78b960a"",""id"":""urn:uuid:612e129e-7481-5a9f-b163-df80ce0c14bb"",""normalized_state"":""published"",""owner_authority_id"":""urn:uuid:ba324c09-ea3b-5b7d-a8de-40df0fcc5e83"",""owner_native_state"":""verified"",""payload"":{""assignment_state"":""effective"",""inheritance"":""direct_from_frozen_edition"",""rights_id"":""urn:uuid:3f181e34-b5ab-550e-89bb-fd3d6c717bd0"",""target_id"":""urn:uuid:da8285ac-9cba-5549-a561-3c11931bae7b"",""target_native_id"":""OLP-0265""},""record_type"":""rights_assignment"",""recorded_at"":""2026-08-31T00:00:00Z"",""semantic_key"":""c80:openlogic:rights-assignment:unit:OLP-0265""}"
urn:uuid:a09acdd9-32b8-5e22-a91f-476cd60e3538,rights_assignment,"{""dataset_id"":""urn:uuid:fdfa2782-db96-5e60-bcb3-d206d78b960a"",""id"":""urn:uuid:a09acdd9-32b8-5e22-a91f-476cd60e3538"",""normalized_state"":""published"",""owner_authority_id"":""urn:uuid:ba324c09-ea3b-5b7d-a8de-40df0fcc5e83"",""owner_native_state"":""verified"",""payload"":{""assignment_state"":""effective"",""inheritance"":""direct_from_frozen_edition"",""rights_id"":""urn:uuid:3f181e34-b5ab-550e-89bb-fd3d6c717bd0"",""target_id"":""urn:uuid:4140ebb5-b3b8-5980-9aac-d6c8e7910055"",""target_native_id"":""OLP-0266""},""record_type"":""rights_assignment"",""recorded_at"":""2026-08-31T00:00:00Z"",""semantic_key"":""c80:openlogic:rights-assignment:unit:OLP-0266""}"
urn:uuid:5f71e09d-7d24-5e7b-963a-6d4a8f5d6ccc,rights_assignment,"{""dataset_id"":""urn:uuid:fdfa2782-db96-5e60-bcb3-d206d78b960a"",""id"":""urn:uuid:5f71e09d-7d24-5e7b-963a-6d4a8f5d6ccc"",""normalized_state"":""published"",""owner_authority_id"":""urn:uuid:ba324c09-ea3b-5b7d-a8de-40df0fcc5e83"",""owner_native_state"":""verified"",""payload"":{""assignment_state"":""effective"",""inheritance"":""direct_from_frozen_edition"",""rights_id"":""urn:uuid:3f181e34-b5ab-550e-89bb-fd3d6c717bd0"",""target_id"":""urn:uuid:084acfee-ca97-550d-b3fe-1c0518bf1b06"",""target_native_id"":""OLP-0267""},""record_type"":""rights_assignment"",""recorded_at"":""2026-08-31T00:00:00Z"",""semantic_key"":""c80:openlogic:rights-assignment:unit:OLP-0267""}"
urn:uuid:39a0b959-35ce-59bc-b579-4a0a44461edc,rights_assignment,"{""dataset_id"":""urn:uuid:fdfa2782-db96-5e60-bcb3-d206d78b960a"",""id"":""urn:uuid:39a0b959-35ce-59bc-b579-4a0a44461edc"",""normalized_state"":""published"",""owner_authority_id"":""urn:uuid:ba324c09-ea3b-5b7d-a8de-40df0fcc5e83"",""owner_native_state"":""verified"",""payload"":{""assignment_state"":""effective"",""inheritance"":""direct_from_frozen_edition"",""rights_id"":""urn:uuid:3f181e34-b5ab-550e-89bb-fd3d6c717bd0"",""target_id"":""urn:uuid:ccec1806-2ef0-5285-82b8-be0668474fa2"",""target_native_id"":""OLP-0268""},""record_type"":""rights_assignment"",""recorded_at"":""2026-08-31T00:00:00Z"",""semantic_key"":""c80:openlogic:rights-assignment:unit:OLP-0268""}"
urn:uuid:f14a4546-a147-5e2c-bc15-c759acb4d189,rights_assignment,"{""dataset_id"":""urn:uuid:fdfa2782-db96-5e60-bcb3-d206d78b960a"",""id"":""urn:uuid:f14a4546-a147-5e2c-bc15-c759acb4d189"",""normalized_state"":""published"",""owner_authority_id"":""urn:uuid:ba324c09-ea3b-5b7d-a8de-40df0fcc5e83"",""owner_native_state"":""verified"",""payload"":{""assignment_state"":""effective"",""inheritance"":""direct_from_frozen_edition"",""rights_id"":""urn:uuid:3f181e34-b5ab-550e-89bb-fd3d6c717bd0"",""target_id"":""urn:uuid:65863f12-4767-55ea-8a7b-8468cd42ff39"",""target_native_id"":""OLP-0269""},""record_type"":""rights_assignment"",""recorded_at"":""2026-08-31T00:00:00Z"",""semantic_key"":""c80:openlogic:rights-assignment:unit:OLP-0269""}"
urn:uuid:62fa25c6-a04b-5857-ba36-6c0bd4e18a46,rights_assignment,"{""dataset_id"":""urn:uuid:fdfa2782-db96-5e60-bcb3-d206d78b960a"",""id"":""urn:uuid:62fa25c6-a04b-5857-ba36-6c0bd4e18a46"",""normalized_state"":""published"",""owner_authority_id"":""urn:uuid:ba324c09-ea3b-5b7d-a8de-40df0fcc5e83"",""owner_native_state"":""verified"",""payload"":{""assignment_state"":""effective"",""inheritance"":""direct_from_frozen_edition"",""rights_id"":""urn:uuid:3f181e34-b5ab-550e-89bb-fd3d6c717bd0"",""target_id"":""urn:uuid:387f6337-f695-5cc0-b491-03fd95946e9e"",""target_native_id"":""OLP-0270""},""record_type"":""rights_assignment"",""recorded_at"":""2026-08-31T00:00:00Z"",""semantic_key"":""c80:openlogic:rights-assignment:unit:OLP-0270""}"
urn:uuid:253fcd3a-d4f1-5903-be7d-864399350778,rights_assignment,"{""dataset_id"":""urn:uuid:fdfa2782-db96-5e60-bcb3-d206d78b960a"",""id"":""urn:uuid:253fcd3a-d4f1-5903-be7d-864399350778"",""normalized_state"":""published"",""owner_authority_id"":""urn:uuid:ba324c09-ea3b-5b7d-a8de-40df0fcc5e83"",""owner_native_state"":""verified"",""payload"":{""assignment_state"":""effective"",""inheritance"":""direct_from_frozen_edition"",""rights_id"":""urn:uuid:3f181e34-b5ab-550e-89bb-fd3d6c717bd0"",""target_id"":""urn:uuid:ed98444f-f739-5673-ae07-5afc07571e1e"",""target_native_id"":""OLP-0271""},""record_type"":""rights_assignment"",""recorded_at"":""2026-08-31T00:00:00Z"",""semantic_key"":""c80:openlogic:rights-assignment:unit:OLP-0271""}"
urn:uuid:5507d3f0-22a8-5d2e-a200-876f33422080,rights_assignment,"{""dataset_id"":""urn:uuid:fdfa2782-db96-5e60-bcb3-d206d78b960a"",""id"":""urn:uuid:5507d3f0-22a8-5d2e-a200-876f33422080"",""normalized_state"":""published"",""owner_authority_id"":""urn:uuid:ba324c09-ea3b-5b7d-a8de-40df0fcc5e83"",""owner_native_state"":""verified"",""payload"":{""assignment_state"":""effective"",""inheritance"":""direct_from_frozen_edition"",""rights_id"":""urn:uuid:3f181e34-b5ab-550e-89bb-fd3d6c717bd0"",""target_id"":""urn:uuid:83b6643d-22f1-5ba0-bbde-eafa9ff7d277"",""target_native_id"":""OLP-0272""},""record_type"":""rights_assignment"",""recorded_at"":""2026-08-31T00:00:00Z"",""semantic_key"":""c80:openlogic:rights-assignment:unit:OLP-0272""}"
urn:uuid:99a14fe5-c71f-5169-903c-26db587d5075,rights_assignment,"{""dataset_id"":""urn:uuid:fdfa2782-db96-5e60-bcb3-d206d78b960a"",""id"":""urn:uuid:99a14fe5-c71f-5169-903c-26db587d5075"",""normalized_state"":""published"",""owner_authority_id"":""urn:uuid:ba324c09-ea3b-5b7d-a8de-40df0fcc5e83"",""owner_native_state"":""verified"",""payload"":{""assignment_state"":""effective"",""inheritance"":""direct_from_frozen_edition"",""rights_id"":""urn:uuid:3f181e34-b5ab-550e-89bb-fd3d6c717bd0"",""target_id"":""urn:uuid:9d99af7e-c419-578e-9ec8-11e999506483"",""target_native_id"":""OLP-0273""},""record_type"":""rights_assignment"",""recorded_at"":""2026-08-31T00:00:00Z"",""semantic_key"":""c80:openlogic:rights-assignment:unit:OLP-0273""}"
urn:uuid:86540bf9-24b5-5ddc-82e2-d17bdbaba257,rights_assignment,"{""dataset_id"":""urn:uuid:fdfa2782-db96-5e60-bcb3-d206d78b960a"",""id"":""urn:uuid:86540bf9-24b5-5ddc-82e2-d17bdbaba257"",""normalized_state"":""published"",""owner_authority_id"":""urn:uuid:ba324c09-ea3b-5b7d-a8de-40df0fcc5e83"",""owner_native_state"":""verified"",""payload"":{""assignment_state"":""effective"",""inheritance"":""direct_from_frozen_edition"",""rights_id"":""urn:uuid:3f181e34-b5ab-550e-89bb-fd3d6c717bd0"",""target_id"":""urn:uuid:9bec3a00-8e05-5776-8500-8c702d12443c"",""target_native_id"":""OLP-0274""},""record_type"":""rights_assignment"",""recorded_at"":""2026-08-31T00:00:00Z"",""semantic_key"":""c80:openlogic:rights-assignment:unit:OLP-0274""}"
urn:uuid:5e37e7c7-4715-55f8-9b6c-da5cd77035eb,rights_assignment,"{""dataset_id"":""urn:uuid:fdfa2782-db96-5e60-bcb3-d206d78b960a"",""id"":""urn:uuid:5e37e7c7-4715-55f8-9b6c-da5cd77035eb"",""normalized_state"":""published"",""owner_authority_id"":""urn:uuid:ba324c09-ea3b-5b7d-a8de-40df0fcc5e83"",""owner_native_state"":""verified"",""payload"":{""assignment_state"":""effective"",""inheritance"":""direct_from_frozen_edition"",""rights_id"":""urn:uuid:3f181e34-b5ab-550e-89bb-fd3d6c717bd0"",""target_id"":""urn:uuid:59b209df-1724-519d-8444-1b23f2873adf"",""target_native_id"":""OLP-0275""},""record_type"":""rights_assignment"",""recorded_at"":""2026-08-31T00:00:00Z"",""semantic_key"":""c80:openlogic:rights-assignment:unit:OLP-0275""}"
urn:uuid:49f463b9-ab77-5825-90cf-2fb646141900,rights_assignment,"{""dataset_id"":""urn:uuid:fdfa2782-db96-5e60-bcb3-d206d78b960a"",""id"":""urn:uuid:49f463b9-ab77-5825-90cf-2fb646141900"",""normalized_state"":""published"",""owner_authority_id"":""urn:uuid:ba324c09-ea3b-5b7d-a8de-40df0fcc5e83"",""owner_native_state"":""verified"",""payload"":{""assignment_state"":""effective"",""inheritance"":""direct_from_frozen_edition"",""rights_id"":""urn:uuid:3f181e34-b5ab-550e-89bb-fd3d6c717bd0"",""target_id"":""urn:uuid:de5fed11-cb50-565f-bbde-f1f782672b74"",""target_native_id"":""OLP-0276""},""record_type"":""rights_assignment"",""recorded_at"":""2026-08-31T00:00:00Z"",""semantic_key"":""c80:openlogic:rights-assignment:unit:OLP-0276""}"
urn:uuid:b5980cb9-67c6-5f74-96b5-86c5735009d3,rights_assignment,"{""dataset_id"":""urn:uuid:fdfa2782-db96-5e60-bcb3-d206d78b960a"",""id"":""urn:uuid:b5980cb9-67c6-5f74-96b5-86c5735009d3"",""normalized_state"":""published"",""owner_authority_id"":""urn:uuid:ba324c09-ea3b-5b7d-a8de-40df0fcc5e83"",""owner_native_state"":""verified"",""payload"":{""assignment_state"":""effective"",""inheritance"":""direct_from_frozen_edition"",""rights_id"":""urn:uuid:3f181e34-b5ab-550e-89bb-fd3d6c717bd0"",""target_id"":""urn:uuid:83e0bc5b-d183-5dd6-8cd7-52310459f1ed"",""target_native_id"":""OLP-0277""},""record_type"":""rights_assignment"",""recorded_at"":""2026-08-31T00:00:00Z"",""semantic_key"":""c80:openlogic:rights-assignment:unit:OLP-0277""}"
urn:uuid:f25a151d-4798-5feb-a1f5-a89ca61704da,rights_assignment,"{""dataset_id"":""urn:uuid:fdfa2782-db96-5e60-bcb3-d206d78b960a"",""id"":""urn:uuid:f25a151d-4798-5feb-a1f5-a89ca61704da"",""normalized_state"":""published"",""owner_authority_id"":""urn:uuid:ba324c09-ea3b-5b7d-a8de-40df0fcc5e83"",""owner_native_state"":""verified"",""payload"":{""assignment_state"":""effective"",""inheritance"":""direct_from_frozen_edition"",""rights_id"":""urn:uuid:3f181e34-b5ab-550e-89bb-fd3d6c717bd0"",""target_id"":""urn:uuid:2d0b444f-f39a-5e07-a7a5-f9fbcf54b57e"",""target_native_id"":""OLP-0278""},""record_type"":""rights_assignment"",""recorded_at"":""2026-08-31T00:00:00Z"",""semantic_key"":""c80:openlogic:rights-assignment:unit:OLP-0278""}"
urn:uuid:ba223e09-05c6-5046-8893-e9e15505ba70,rights_assignment,"{""dataset_id"":""urn:uuid:fdfa2782-db96-5e60-bcb3-d206d78b960a"",""id"":""urn:uuid:ba223e09-05c6-5046-8893-e9e15505ba70"",""normalized_state"":""published"",""owner_authority_id"":""urn:uuid:ba324c09-ea3b-5b7d-a8de-40df0fcc5e83"",""owner_native_state"":""verified"",""payload"":{""assignment_state"":""effective"",""inheritance"":""direct_from_frozen_edition"",""rights_id"":""urn:uuid:3f181e34-b5ab-550e-89bb-fd3d6c717bd0"",""target_id"":""urn:uuid:3a13288a-f595-552b-8254-00b263b96160"",""target_native_id"":""OLP-0279""},""record_type"":""rights_assignment"",""recorded_at"":""2026-08-31T00:00:00Z"",""semantic_key"":""c80:openlogic:rights-assignment:unit:OLP-0279""}"
urn:uuid:1f5fe89c-1b98-5072-bea5-58f758c933ad,rights_assignment,"{""dataset_id"":""urn:uuid:fdfa2782-db96-5e60-bcb3-d206d78b960a"",""id"":""urn:uuid:1f5fe89c-1b98-5072-bea5-58f758c933ad"",""normalized_state"":""published"",""owner_authority_id"":""urn:uuid:ba324c09-ea3b-5b7d-a8de-40df0fcc5e83"",""owner_native_state"":""verified"",""payload"":{""assignment_state"":""effective"",""inheritance"":""direct_from_frozen_edition"",""rights_id"":""urn:uuid:3f181e34-b5ab-550e-89bb-fd3d6c717bd0"",""target_id"":""urn:uuid:b87993a5-d0f4-5c34-8b90-c4e594e1d46c"",""target_native_id"":""OLP-0280""},""record_type"":""rights_assignment"",""recorded_at"":""2026-08-31T00:00:00Z"",""semantic_key"":""c80:openlogic:rights-assignment:unit:OLP-0280""}"
urn:uuid:e4de26bb-a8e4-5dcb-be75-860d002c3c97,rights_assignment,"{""dataset_id"":""urn:uuid:fdfa2782-db96-5e60-bcb3-d206d78b960a"",""id"":""urn:uuid:e4de26bb-a8e4-5dcb-be75-860d002c3c97"",""normalized_state"":""published"",""owner_authority_id"":""urn:uuid:ba324c09-ea3b-5b7d-a8de-40df0fcc5e83"",""owner_native_state"":""verified"",""payload"":{""assignment_state"":""effective"",""inheritance"":""direct_from_frozen_edition"",""rights_id"":""urn:uuid:3f181e34-b5ab-550e-89bb-fd3d6c717bd0"",""target_id"":""urn:uuid:c7739efb-5145-557a-a32b-b6f109c65db2"",""target_native_id"":""OLP-0281""},""record_type"":""rights_assignment"",""recorded_at"":""2026-08-31T00:00:00Z"",""semantic_key"":""c80:openlogic:rights-assignment:unit:OLP-0281""}"
urn:uuid:027c3103-831c-5c11-a723-e8d8f19f3299,rights_assignment,"{""dataset_id"":""urn:uuid:fdfa2782-db96-5e60-bcb3-d206d78b960a"",""id"":""urn:uuid:027c3103-831c-5c11-a723-e8d8f19f3299"",""normalized_state"":""published"",""owner_authority_id"":""urn:uuid:ba324c09-ea3b-5b7d-a8de-40df0fcc5e83"",""owner_native_state"":""verified"",""payload"":{""assignment_state"":""effective"",""inheritance"":""direct_from_frozen_edition"",""rights_id"":""urn:uuid:3f181e34-b5ab-550e-89bb-fd3d6c717bd0"",""target_id"":""urn:uuid:cbb155ef-a391-5f6a-86a9-e5b48b82b468"",""target_native_id"":""OLP-0282""},""record_type"":""rights_assignment"",""recorded_at"":""2026-08-31T00:00:00Z"",""semantic_key"":""c80:openlogic:rights-assignment:unit:OLP-0282""}"
urn:uuid:583ab052-bceb-5d8d-a3e9-5dfb18ffc5df,rights_assignment,"{""dataset_id"":""urn:uuid:fdfa2782-db96-5e60-bcb3-d206d78b960a"",""id"":""urn:uuid:583ab052-bceb-5d8d-a3e9-5dfb18ffc5df"",""normalized_state"":""published"",""owner_authority_id"":""urn:uuid:ba324c09-ea3b-5b7d-a8de-40df0fcc5e83"",""owner_native_state"":""verified"",""payload"":{""assignment_state"":""effective"",""inheritance"":""direct_from_frozen_edition"",""rights_id"":""urn:uuid:3f181e34-b5ab-550e-89bb-fd3d6c717bd0"",""target_id"":""urn:uuid:0392457a-ead4-5db2-8fa6-af8264f5d89b"",""target_native_id"":""OLP-0283""},""record_type"":""rights_assignment"",""recorded_at"":""2026-08-31T00:00:00Z"",""semantic_key"":""c80:openlogic:rights-assignment:unit:OLP-0283""}"
urn:uuid:8c3fbdb9-3391-5b4d-bc2c-6ff8704f44f4,rights_assignment,"{""dataset_id"":""urn:uuid:fdfa2782-db96-5e60-bcb3-d206d78b960a"",""id"":""urn:uuid:8c3fbdb9-3391-5b4d-bc2c-6ff8704f44f4"",""normalized_state"":""published"",""owner_authority_id"":""urn:uuid:ba324c09-ea3b-5b7d-a8de-40df0fcc5e83"",""owner_native_state"":""verified"",""payload"":{""assignment_state"":""effective"",""inheritance"":""direct_from_frozen_edition"",""rights_id"":""urn:uuid:3f181e34-b5ab-550e-89bb-fd3d6c717bd0"",""target_id"":""urn:uuid:c23affe3-e739-5860-8329-7d6ab1eabe09"",""target_native_id"":""OLP-0284""},""record_type"":""rights_assignment"",""recorded_at"":""2026-08-31T00:00:00Z"",""semantic_key"":""c80:openlogic:rights-assignment:unit:OLP-0284""}"
urn:uuid:05db696b-703b-51d2-a70a-f5bf5097058c,rights_assignment,"{""dataset_id"":""urn:uuid:fdfa2782-db96-5e60-bcb3-d206d78b960a"",""id"":""urn:uuid:05db696b-703b-51d2-a70a-f5bf5097058c"",""normalized_state"":""published"",""owner_authority_id"":""urn:uuid:ba324c09-ea3b-5b7d-a8de-40df0fcc5e83"",""owner_native_state"":""verified"",""payload"":{""assignment_state"":""effective"",""inheritance"":""direct_from_frozen_edition"",""rights_id"":""urn:uuid:3f181e34-b5ab-550e-89bb-fd3d6c717bd0"",""target_id"":""urn:uuid:8a9eea5b-0ee9-542b-afc5-2d0bc2416283"",""target_native_id"":""OLP-0285""},""record_type"":""rights_assignment"",""recorded_at"":""2026-08-31T00:00:00Z"",""semantic_key"":""c80:openlogic:rights-assignment:unit:OLP-0285""}"
urn:uuid:40a8129d-9439-5dd2-b533-e382fc8dc10d,rights_assignment,"{""dataset_id"":""urn:uuid:fdfa2782-db96-5e60-bcb3-d206d78b960a"",""id"":""urn:uuid:40a8129d-9439-5dd2-b533-e382fc8dc10d"",""normalized_state"":""published"",""owner_authority_id"":""urn:uuid:ba324c09-ea3b-5b7d-a8de-40df0fcc5e83"",""owner_native_state"":""verified"",""payload"":{""assignment_state"":""effective"",""inheritance"":""direct_from_frozen_edition"",""rights_id"":""urn:uuid:3f181e34-b5ab-550e-89bb-fd3d6c717bd0"",""target_id"":""urn:uuid:45579417-d4e0-57a3-b447-1d7c069f5c64"",""target_native_id"":""OLP-0286""},""record_type"":""rights_assignment"",""recorded_at"":""2026-08-31T00:00:00Z"",""semantic_key"":""c80:openlogic:rights-assignment:unit:OLP-0286""}"
urn:uuid:2619f24c-7dee-5414-85b6-c064debae4fd,rights_assignment,"{""dataset_id"":""urn:uuid:fdfa2782-db96-5e60-bcb3-d206d78b960a"",""id"":""urn:uuid:2619f24c-7dee-5414-85b6-c064debae4fd"",""normalized_state"":""published"",""owner_authority_id"":""urn:uuid:ba324c09-ea3b-5b7d-a8de-40df0fcc5e83"",""owner_native_state"":""verified"",""payload"":{""assignment_state"":""effective"",""inheritance"":""direct_from_frozen_edition"",""rights_id"":""urn:uuid:3f181e34-b5ab-550e-89bb-fd3d6c717bd0"",""target_id"":""urn:uuid:fbc3d00e-b39e-532a-9268-b663ff84b732"",""target_native_id"":""OLP-0287""},""record_type"":""rights_assignment"",""recorded_at"":""2026-08-31T00:00:00Z"",""semantic_key"":""c80:openlogic:rights-assignment:unit:OLP-0287""}"
urn:uuid:9b540b9a-c3b0-5ff0-92e5-2e025eb5156f,rights_assignment,"{""dataset_id"":""urn:uuid:fdfa2782-db96-5e60-bcb3-d206d78b960a"",""id"":""urn:uuid:9b540b9a-c3b0-5ff0-92e5-2e025eb5156f"",""normalized_state"":""published"",""owner_authority_id"":""urn:uuid:ba324c09-ea3b-5b7d-a8de-40df0fcc5e83"",""owner_native_state"":""verified"",""payload"":{""assignment_state"":""effective"",""inheritance"":""direct_from_frozen_edition"",""rights_id"":""urn:uuid:3f181e34-b5ab-550e-89bb-fd3d6c717bd0"",""target_id"":""urn:uuid:79c0c35f-7d4c-5d5d-adaf-7eb116fc2a4f"",""target_native_id"":""OLP-0288""},""record_type"":""rights_assignment"",""recorded_at"":""2026-08-31T00:00:00Z"",""semantic_key"":""c80:openlogic:rights-assignment:unit:OLP-0288""}"
urn:uuid:e8924b23-4763-50d4-8d62-5ca7e64cfe8f,rights_assignment,"{""dataset_id"":""urn:uuid:fdfa2782-db96-5e60-bcb3-d206d78b960a"",""id"":""urn:uuid:e8924b23-4763-50d4-8d62-5ca7e64cfe8f"",""normalized_state"":""published"",""owner_authority_id"":""urn:uuid:ba324c09-ea3b-5b7d-a8de-40df0fcc5e83"",""owner_native_state"":""verified"",""payload"":{""assignment_state"":""effective"",""inheritance"":""direct_from_frozen_edition"",""rights_id"":""urn:uuid:3f181e34-b5ab-550e-89bb-fd3d6c717bd0"",""target_id"":""urn:uuid:0ac0f059-47a7-5549-a0a4-805c51efaff2"",""target_native_id"":""OLP-0289""},""record_type"":""rights_assignment"",""recorded_at"":""2026-08-31T00:00:00Z"",""semantic_key"":""c80:openlogic:rights-assignment:unit:OLP-0289""}"
urn:uuid:9d959087-3753-5537-8b31-81f299f3fb4f,rights_assignment,"{""dataset_id"":""urn:uuid:fdfa2782-db96-5e60-bcb3-d206d78b960a"",""id"":""urn:uuid:9d959087-3753-5537-8b31-81f299f3fb4f"",""normalized_state"":""published"",""owner_authority_id"":""urn:uuid:ba324c09-ea3b-5b7d-a8de-40df0fcc5e83"",""owner_native_state"":""verified"",""payload"":{""assignment_state"":""effective"",""inheritance"":""direct_from_frozen_edition"",""rights_id"":""urn:uuid:3f181e34-b5ab-550e-89bb-fd3d6c717bd0"",""target_id"":""urn:uuid:568669f7-51e6-5ecd-a925-9dfff7954864"",""target_native_id"":""OLP-0290""},""record_type"":""rights_assignment"",""recorded_at"":""2026-08-31T00:00:00Z"",""semantic_key"":""c80:openlogic:rights-assignment:unit:OLP-0290""}"
urn:uuid:26a55f81-1192-5ec8-aaa9-c1cc9efd8b8e,rights_assignment,"{""dataset_id"":""urn:uuid:fdfa2782-db96-5e60-bcb3-d206d78b960a"",""id"":""urn:uuid:26a55f81-1192-5ec8-aaa9-c1cc9efd8b8e"",""normalized_state"":""published"",""owner_authority_id"":""urn:uuid:ba324c09-ea3b-5b7d-a8de-40df0fcc5e83"",""owner_native_state"":""verified"",""payload"":{""assignment_state"":""effective"",""inheritance"":""direct_from_frozen_edition"",""rights_id"":""urn:uuid:3f181e34-b5ab-550e-89bb-fd3d6c717bd0"",""target_id"":""urn:uuid:68d9235f-13c0-5907-b911-26296b64809a"",""target_native_id"":""OLP-0291""},""record_type"":""rights_assignment"",""recorded_at"":""2026-08-31T00:00:00Z"",""semantic_key"":""c80:openlogic:rights-assignment:unit:OLP-0291""}"
urn:uuid:55bfd765-4e0f-55a4-95b0-631b2e486b87,rights_assignment,"{""dataset_id"":""urn:uuid:fdfa2782-db96-5e60-bcb3-d206d78b960a"",""id"":""urn:uuid:55bfd765-4e0f-55a4-95b0-631b2e486b87"",""normalized_state"":""published"",""owner_authority_id"":""urn:uuid:ba324c09-ea3b-5b7d-a8de-40df0fcc5e83"",""owner_native_state"":""verified"",""payload"":{""assignment_state"":""effective"",""inheritance"":""direct_from_frozen_edition"",""rights_id"":""urn:uuid:3f181e34-b5ab-550e-89bb-fd3d6c717bd0"",""target_id"":""urn:uuid:ef5abf0f-5363-5301-b589-2cd7fca46b85"",""target_native_id"":""OLP-0292""},""record_type"":""rights_assignment"",""recorded_at"":""2026-08-31T00:00:00Z"",""semantic_key"":""c80:openlogic:rights-assignment:unit:OLP-0292""}"
urn:uuid:f48b683d-d815-5074-84bc-589c2a1a0518,rights_assignment,"{""dataset_id"":""urn:uuid:fdfa2782-db96-5e60-bcb3-d206d78b960a"",""id"":""urn:uuid:f48b683d-d815-5074-84bc-589c2a1a0518"",""normalized_state"":""published"",""owner_authority_id"":""urn:uuid:ba324c09-ea3b-5b7d-a8de-40df0fcc5e83"",""owner_native_state"":""verified"",""payload"":{""assignment_state"":""effective"",""inheritance"":""direct_from_frozen_edition"",""rights_id"":""urn:uuid:3f181e34-b5ab-550e-89bb-fd3d6c717bd0"",""target_id"":""urn:uuid:abda0727-e7fa-5ea0-9c9f-84e2a9be24b9"",""target_native_id"":""OLP-0293""},""record_type"":""rights_assignment"",""recorded_at"":""2026-08-31T00:00:00Z"",""semantic_key"":""c80:openlogic:rights-assignment:unit:OLP-0293""}"
urn:uuid:7c9fca0a-0cfd-5c56-b6b8-d1d5add280d4,rights_assignment,"{""dataset_id"":""urn:uuid:fdfa2782-db96-5e60-bcb3-d206d78b960a"",""id"":""urn:uuid:7c9fca0a-0cfd-5c56-b6b8-d1d5add280d4"",""normalized_state"":""published"",""owner_authority_id"":""urn:uuid:ba324c09-ea3b-5b7d-a8de-40df0fcc5e83"",""owner_native_state"":""verified"",""payload"":{""assignment_state"":""effective"",""inheritance"":""direct_from_frozen_edition"",""rights_id"":""urn:uuid:3f181e34-b5ab-550e-89bb-fd3d6c717bd0"",""target_id"":""urn:uuid:7da8c70a-c9ed-5370-a7d5-a7e7e7cdcaf4"",""target_native_id"":""OLP-0294""},""record_type"":""rights_assignment"",""recorded_at"":""2026-08-31T00:00:00Z"",""semantic_key"":""c80:openlogic:rights-assignment:unit:OLP-0294""}"
urn:uuid:697d266b-7728-5eb3-b298-985945d1e022,rights_assignment,"{""dataset_id"":""urn:uuid:fdfa2782-db96-5e60-bcb3-d206d78b960a"",""id"":""urn:uuid:697d266b-7728-5eb3-b298-985945d1e022"",""normalized_state"":""published"",""owner_authority_id"":""urn:uuid:ba324c09-ea3b-5b7d-a8de-40df0fcc5e83"",""owner_native_state"":""verified"",""payload"":{""assignment_state"":""effective"",""inheritance"":""direct_from_frozen_edition"",""rights_id"":""urn:uuid:3f181e34-b5ab-550e-89bb-fd3d6c717bd0"",""target_id"":""urn:uuid:da16f19d-c785-5991-90ad-0a94709d4e49"",""target_native_id"":""OLP-0295""},""record_type"":""rights_assignment"",""recorded_at"":""2026-08-31T00:00:00Z"",""semantic_key"":""c80:openlogic:rights-assignment:unit:OLP-0295""}"
urn:uuid:1d8d7ccc-fec3-5ddc-ad91-aff5b52695cc,rights_assignment,"{""dataset_id"":""urn:uuid:fdfa2782-db96-5e60-bcb3-d206d78b960a"",""id"":""urn:uuid:1d8d7ccc-fec3-5ddc-ad91-aff5b52695cc"",""normalized_state"":""published"",""owner_authority_id"":""urn:uuid:ba324c09-ea3b-5b7d-a8de-40df0fcc5e83"",""owner_native_state"":""verified"",""payload"":{""assignment_state"":""effective"",""inheritance"":""direct_from_frozen_edition"",""rights_id"":""urn:uuid:3f181e34-b5ab-550e-89bb-fd3d6c717bd0"",""target_id"":""urn:uuid:d43b7104-c8c5-5432-9d92-493c0d30e960"",""target_native_id"":""OLP-0296""},""record_type"":""rights_assignment"",""recorded_at"":""2026-08-31T00:00:00Z"",""semantic_key"":""c80:openlogic:rights-assignment:unit:OLP-0296""}"
urn:uuid:16b430b2-9592-56a6-beb8-84c248d36cfe,rights_assignment,"{""dataset_id"":""urn:uuid:fdfa2782-db96-5e60-bcb3-d206d78b960a"",""id"":""urn:uuid:16b430b2-9592-56a6-beb8-84c248d36cfe"",""normalized_state"":""published"",""owner_authority_id"":""urn:uuid:ba324c09-ea3b-5b7d-a8de-40df0fcc5e83"",""owner_native_state"":""verified"",""payload"":{""assignment_state"":""effective"",""inheritance"":""direct_from_frozen_edition"",""rights_id"":""urn:uuid:3f181e34-b5ab-550e-89bb-fd3d6c717bd0"",""target_id"":""urn:uuid:e716910c-46bc-5a87-bfd2-b3996b33cdf4"",""target_native_id"":""OLP-0297""},""record_type"":""rights_assignment"",""recorded_at"":""2026-08-31T00:00:00Z"",""semantic_key"":""c80:openlogic:rights-assignment:unit:OLP-0297""}"
urn:uuid:cc370eb0-b8d2-5264-9c72-4653e5d9c9d5,rights_assignment,"{""dataset_id"":""urn:uuid:fdfa2782-db96-5e60-bcb3-d206d78b960a"",""id"":""urn:uuid:cc370eb0-b8d2-5264-9c72-4653e5d9c9d5"",""normalized_state"":""published"",""owner_authority_id"":""urn:uuid:ba324c09-ea3b-5b7d-a8de-40df0fcc5e83"",""owner_native_state"":""verified"",""payload"":{""assignment_state"":""effective"",""inheritance"":""direct_from_frozen_edition"",""rights_id"":""urn:uuid:3f181e34-b5ab-550e-89bb-fd3d6c717bd0"",""target_id"":""urn:uuid:07624b0b-39d9-5d55-9221-4891cc133007"",""target_native_id"":""OLP-0298""},""record_type"":""rights_assignment"",""recorded_at"":""2026-08-31T00:00:00Z"",""semantic_key"":""c80:openlogic:rights-assignment:unit:OLP-0298""}"
urn:uuid:9e580023-57a6-5f51-a208-dfee47a7345c,rights_assignment,"{""dataset_id"":""urn:uuid:fdfa2782-db96-5e60-bcb3-d206d78b960a"",""id"":""urn:uuid:9e580023-57a6-5f51-a208-dfee47a7345c"",""normalized_state"":""published"",""owner_authority_id"":""urn:uuid:ba324c09-ea3b-5b7d-a8de-40df0fcc5e83"",""owner_native_state"":""verified"",""payload"":{""assignment_state"":""effective"",""inheritance"":""direct_from_frozen_edition"",""rights_id"":""urn:uuid:3f181e34-b5ab-550e-89bb-fd3d6c717bd0"",""target_id"":""urn:uuid:cabff8a6-4999-57e9-b1fd-d791fbafaa62"",""target_native_id"":""OLP-0299""},""record_type"":""rights_assignment"",""recorded_at"":""2026-08-31T00:00:00Z"",""semantic_key"":""c80:openlogic:rights-assignment:unit:OLP-0299""}"
urn:uuid:c4285bba-98f9-5dc0-ac91-0b4846087290,rights_assignment,"{""dataset_id"":""urn:uuid:fdfa2782-db96-5e60-bcb3-d206d78b960a"",""id"":""urn:uuid:c4285bba-98f9-5dc0-ac91-0b4846087290"",""normalized_state"":""published"",""owner_authority_id"":""urn:uuid:ba324c09-ea3b-5b7d-a8de-40df0fcc5e83"",""owner_native_state"":""verified"",""payload"":{""assignment_state"":""effective"",""inheritance"":""direct_from_frozen_edition"",""rights_id"":""urn:uuid:3f181e34-b5ab-550e-89bb-fd3d6c717bd0"",""target_id"":""urn:uuid:28e4960f-0329-55a5-9b91-c0b4a0656435"",""target_native_id"":""OLP-0300""},""record_type"":""rights_assignment"",""recorded_at"":""2026-08-31T00:00:00Z"",""semantic_key"":""c80:openlogic:rights-assignment:unit:OLP-0300""}"
urn:uuid:4b376c51-e915-5b55-9c53-274b4675028a,rights_assignment,"{""dataset_id"":""urn:uuid:fdfa2782-db96-5e60-bcb3-d206d78b960a"",""id"":""urn:uuid:4b376c51-e915-5b55-9c53-274b4675028a"",""normalized_state"":""published"",""owner_authority_id"":""urn:uuid:ba324c09-ea3b-5b7d-a8de-40df0fcc5e83"",""owner_native_state"":""verified"",""payload"":{""assignment_state"":""effective"",""inheritance"":""direct_from_frozen_edition"",""rights_id"":""urn:uuid:3f181e34-b5ab-550e-89bb-fd3d6c717bd0"",""target_id"":""urn:uuid:d0074619-a7ff-54f2-8ba3-a3a8091b111b"",""target_native_id"":""OLP-0301""},""record_type"":""rights_assignment"",""recorded_at"":""2026-08-31T00:00:00Z"",""semantic_key"":""c80:openlogic:rights-assignment:unit:OLP-0301""}"
urn:uuid:913547c4-d0d6-5721-b5f4-76f2d78b23c2,rights_assignment,"{""dataset_id"":""urn:uuid:fdfa2782-db96-5e60-bcb3-d206d78b960a"",""id"":""urn:uuid:913547c4-d0d6-5721-b5f4-76f2d78b23c2"",""normalized_state"":""published"",""owner_authority_id"":""urn:uuid:ba324c09-ea3b-5b7d-a8de-40df0fcc5e83"",""owner_native_state"":""verified"",""payload"":{""assignment_state"":""effective"",""inheritance"":""direct_from_frozen_edition"",""rights_id"":""urn:uuid:3f181e34-b5ab-550e-89bb-fd3d6c717bd0"",""target_id"":""urn:uuid:031bdbbc-1da5-5f77-8e16-f36f556395f4"",""target_native_id"":""OLP-0302""},""record_type"":""rights_assignment"",""recorded_at"":""2026-08-31T00:00:00Z"",""semantic_key"":""c80:openlogic:rights-assignment:unit:OLP-0302""}"
urn:uuid:73e91bec-ecf3-5b87-b453-4cc154ea25d5,rights_assignment,"{""dataset_id"":""urn:uuid:fdfa2782-db96-5e60-bcb3-d206d78b960a"",""id"":""urn:uuid:73e91bec-ecf3-5b87-b453-4cc154ea25d5"",""normalized_state"":""published"",""owner_authority_id"":""urn:uuid:ba324c09-ea3b-5b7d-a8de-40df0fcc5e83"",""owner_native_state"":""verified"",""payload"":{""assignment_state"":""effective"",""inheritance"":""direct_from_frozen_edition"",""rights_id"":""urn:uuid:3f181e34-b5ab-550e-89bb-fd3d6c717bd0"",""target_id"":""urn:uuid:7e62db85-ec6d-50c1-bb2a-bc6ecf2805b8"",""target_native_id"":""OLP-0303""},""record_type"":""rights_assignment"",""recorded_at"":""2026-08-31T00:00:00Z"",""semantic_key"":""c80:openlogic:rights-assignment:unit:OLP-0303""}"
urn:uuid:b5b4ed02-5cbd-5830-baed-81e815b549e7,rights_assignment,"{""dataset_id"":""urn:uuid:fdfa2782-db96-5e60-bcb3-d206d78b960a"",""id"":""urn:uuid:b5b4ed02-5cbd-5830-baed-81e815b549e7"",""normalized_state"":""published"",""owner_authority_id"":""urn:uuid:ba324c09-ea3b-5b7d-a8de-40df0fcc5e83"",""owner_native_state"":""verified"",""payload"":{""assignment_state"":""effective"",""inheritance"":""direct_from_frozen_edition"",""rights_id"":""urn:uuid:3f181e34-b5ab-550e-89bb-fd3d6c717bd0"",""target_id"":""urn:uuid:391e2fba-43dc-54d1-8439-01718a6f8084"",""target_native_id"":""OLP-0304""},""record_type"":""rights_assignment"",""recorded_at"":""2026-08-31T00:00:00Z"",""semantic_key"":""c80:openlogic:rights-assignment:unit:OLP-0304""}"
urn:uuid:9e8c5d19-5483-528d-a4e5-ac72d4ae0c88,rights_assignment,"{""dataset_id"":""urn:uuid:fdfa2782-db96-5e60-bcb3-d206d78b960a"",""id"":""urn:uuid:9e8c5d19-5483-528d-a4e5-ac72d4ae0c88"",""normalized_state"":""published"",""owner_authority_id"":""urn:uuid:ba324c09-ea3b-5b7d-a8de-40df0fcc5e83"",""owner_native_state"":""verified"",""payload"":{""assignment_state"":""effective"",""inheritance"":""direct_from_frozen_edition"",""rights_id"":""urn:uuid:3f181e34-b5ab-550e-89bb-fd3d6c717bd0"",""target_id"":""urn:uuid:c4d1f7d3-fdd8-5ff9-8371-5057736bdee6"",""target_native_id"":""OLP-0305""},""record_type"":""rights_assignment"",""recorded_at"":""2026-08-31T00:00:00Z"",""semantic_key"":""c80:openlogic:rights-assignment:unit:OLP-0305""}"
urn:uuid:2fa0d7ca-0529-57a9-8ad6-b30e507fd8fe,rights_assignment,"{""dataset_id"":""urn:uuid:fdfa2782-db96-5e60-bcb3-d206d78b960a"",""id"":""urn:uuid:2fa0d7ca-0529-57a9-8ad6-b30e507fd8fe"",""normalized_state"":""published"",""owner_authority_id"":""urn:uuid:ba324c09-ea3b-5b7d-a8de-40df0fcc5e83"",""owner_native_state"":""verified"",""payload"":{""assignment_state"":""effective"",""inheritance"":""direct_from_frozen_edition"",""rights_id"":""urn:uuid:3f181e34-b5ab-550e-89bb-fd3d6c717bd0"",""target_id"":""urn:uuid:5e795128-a625-5588-a1cf-aeefb59cf6cd"",""target_native_id"":""OLP-0306""},""record_type"":""rights_assignment"",""recorded_at"":""2026-08-31T00:00:00Z"",""semantic_key"":""c80:openlogic:rights-assignment:unit:OLP-0306""}"
urn:uuid:3cb0e035-1ea1-5ee0-abb1-2bfa49a59a4a,rights_assignment,"{""dataset_id"":""urn:uuid:fdfa2782-db96-5e60-bcb3-d206d78b960a"",""id"":""urn:uuid:3cb0e035-1ea1-5ee0-abb1-2bfa49a59a4a"",""normalized_state"":""published"",""owner_authority_id"":""urn:uuid:ba324c09-ea3b-5b7d-a8de-40df0fcc5e83"",""owner_native_state"":""verified"",""payload"":{""assignment_state"":""effective"",""inheritance"":""direct_from_frozen_edition"",""rights_id"":""urn:uuid:3f181e34-b5ab-550e-89bb-fd3d6c717bd0"",""target_id"":""urn:uuid:63db8b93-4b8d-56c2-8163-d0cd28da1b11"",""target_native_id"":""OLP-0307""},""record_type"":""rights_assignment"",""recorded_at"":""2026-08-31T00:00:00Z"",""semantic_key"":""c80:openlogic:rights-assignment:unit:OLP-0307""}"
urn:uuid:0fba7b2c-9714-56b4-a6e7-fcc7b4f0bf85,rights_assignment,"{""dataset_id"":""urn:uuid:fdfa2782-db96-5e60-bcb3-d206d78b960a"",""id"":""urn:uuid:0fba7b2c-9714-56b4-a6e7-fcc7b4f0bf85"",""normalized_state"":""published"",""owner_authority_id"":""urn:uuid:ba324c09-ea3b-5b7d-a8de-40df0fcc5e83"",""owner_native_state"":""verified"",""payload"":{""assignment_state"":""effective"",""inheritance"":""direct_from_frozen_edition"",""rights_id"":""urn:uuid:3f181e34-b5ab-550e-89bb-fd3d6c717bd0"",""target_id"":""urn:uuid:bf1a809e-b993-56a2-b784-0886dded2f26"",""target_native_id"":""OLP-0308""},""record_type"":""rights_assignment"",""recorded_at"":""2026-08-31T00:00:00Z"",""semantic_key"":""c80:openlogic:rights-assignment:unit:OLP-0308""}"
urn:uuid:e6fa2dba-2e01-57ed-9e73-fb54b99a977e,rights_assignment,"{""dataset_id"":""urn:uuid:fdfa2782-db96-5e60-bcb3-d206d78b960a"",""id"":""urn:uuid:e6fa2dba-2e01-57ed-9e73-fb54b99a977e"",""normalized_state"":""published"",""owner_authority_id"":""urn:uuid:ba324c09-ea3b-5b7d-a8de-40df0fcc5e83"",""owner_native_state"":""verified"",""payload"":{""assignment_state"":""effective"",""inheritance"":""direct_from_frozen_edition"",""rights_id"":""urn:uuid:3f181e34-b5ab-550e-89bb-fd3d6c717bd0"",""target_id"":""urn:uuid:9889e6e8-b799-58f4-a4cb-f05bfa44910a"",""target_native_id"":""OLP-0309""},""record_type"":""rights_assignment"",""recorded_at"":""2026-08-31T00:00:00Z"",""semantic_key"":""c80:openlogic:rights-assignment:unit:OLP-0309""}"
urn:uuid:7fe92b93-a3bb-5a52-9d82-bd58a0bf6c47,rights_assignment,"{""dataset_id"":""urn:uuid:fdfa2782-db96-5e60-bcb3-d206d78b960a"",""id"":""urn:uuid:7fe92b93-a3bb-5a52-9d82-bd58a0bf6c47"",""normalized_state"":""published"",""owner_authority_id"":""urn:uuid:ba324c09-ea3b-5b7d-a8de-40df0fcc5e83"",""owner_native_state"":""verified"",""payload"":{""assignment_state"":""effective"",""inheritance"":""direct_from_frozen_edition"",""rights_id"":""urn:uuid:3f181e34-b5ab-550e-89bb-fd3d6c717bd0"",""target_id"":""urn:uuid:109e7c6f-71bf-5d9e-ac47-6bd3051fdda2"",""target_native_id"":""OLP-0310""},""record_type"":""rights_assignment"",""recorded_at"":""2026-08-31T00:00:00Z"",""semantic_key"":""c80:openlogic:rights-assignment:unit:OLP-0310""}"
urn:uuid:a7fcf50a-8d6b-512c-bfaa-4c192e36a632,rights_assignment,"{""dataset_id"":""urn:uuid:fdfa2782-db96-5e60-bcb3-d206d78b960a"",""id"":""urn:uuid:a7fcf50a-8d6b-512c-bfaa-4c192e36a632"",""normalized_state"":""published"",""owner_authority_id"":""urn:uuid:ba324c09-ea3b-5b7d-a8de-40df0fcc5e83"",""owner_native_state"":""verified"",""payload"":{""assignment_state"":""effective"",""inheritance"":""direct_from_frozen_edition"",""rights_id"":""urn:uuid:3f181e34-b5ab-550e-89bb-fd3d6c717bd0"",""target_id"":""urn:uuid:544e9e2c-63cd-5278-b49f-6f060de152ae"",""target_native_id"":""OLP-0311""},""record_type"":""rights_assignment"",""recorded_at"":""2026-08-31T00:00:00Z"",""semantic_key"":""c80:openlogic:rights-assignment:unit:OLP-0311""}"
urn:uuid:4e4f444c-3201-570c-b3db-99afb191dca8,rights_assignment,"{""dataset_id"":""urn:uuid:fdfa2782-db96-5e60-bcb3-d206d78b960a"",""id"":""urn:uuid:4e4f444c-3201-570c-b3db-99afb191dca8"",""normalized_state"":""published"",""owner_authority_id"":""urn:uuid:ba324c09-ea3b-5b7d-a8de-40df0fcc5e83"",""owner_native_state"":""verified"",""payload"":{""assignment_state"":""effective"",""inheritance"":""direct_from_frozen_edition"",""rights_id"":""urn:uuid:3f181e34-b5ab-550e-89bb-fd3d6c717bd0"",""target_id"":""urn:uuid:fc60399d-86e1-57fa-b891-448c14ef0181"",""target_native_id"":""OLP-0312""},""record_type"":""rights_assignment"",""recorded_at"":""2026-08-31T00:00:00Z"",""semantic_key"":""c80:openlogic:rights-assignment:unit:OLP-0312""}"
urn:uuid:32ac4e6c-154f-5e59-862e-8b00f8780146,rights_assignment,"{""dataset_id"":""urn:uuid:fdfa2782-db96-5e60-bcb3-d206d78b960a"",""id"":""urn:uuid:32ac4e6c-154f-5e59-862e-8b00f8780146"",""normalized_state"":""published"",""owner_authority_id"":""urn:uuid:ba324c09-ea3b-5b7d-a8de-40df0fcc5e83"",""owner_native_state"":""verified"",""payload"":{""assignment_state"":""effective"",""inheritance"":""direct_from_frozen_edition"",""rights_id"":""urn:uuid:3f181e34-b5ab-550e-89bb-fd3d6c717bd0"",""target_id"":""urn:uuid:223874e6-62f7-5b25-9397-3312d45d67bd"",""target_native_id"":""OLP-0313""},""record_type"":""rights_assignment"",""recorded_at"":""2026-08-31T00:00:00Z"",""semantic_key"":""c80:openlogic:rights-assignment:unit:OLP-0313""}"
urn:uuid:f0542a8c-7592-51b6-9f3b-6ab24fdb7a5d,rights_assignment,"{""dataset_id"":""urn:uuid:fdfa2782-db96-5e60-bcb3-d206d78b960a"",""id"":""urn:uuid:f0542a8c-7592-51b6-9f3b-6ab24fdb7a5d"",""normalized_state"":""published"",""owner_authority_id"":""urn:uuid:ba324c09-ea3b-5b7d-a8de-40df0fcc5e83"",""owner_native_state"":""verified"",""payload"":{""assignment_state"":""effective"",""inheritance"":""direct_from_frozen_edition"",""rights_id"":""urn:uuid:3f181e34-b5ab-550e-89bb-fd3d6c717bd0"",""target_id"":""urn:uuid:c69ee60f-5df2-58e7-9bc7-f240f75ea56c"",""target_native_id"":""OLP-0314""},""record_type"":""rights_assignment"",""recorded_at"":""2026-08-31T00:00:00Z"",""semantic_key"":""c80:openlogic:rights-assignment:unit:OLP-0314""}"
urn:uuid:c71294a0-5bbc-50ec-a6e3-2001eae1a69d,rights_assignment,"{""dataset_id"":""urn:uuid:fdfa2782-db96-5e60-bcb3-d206d78b960a"",""id"":""urn:uuid:c71294a0-5bbc-50ec-a6e3-2001eae1a69d"",""normalized_state"":""published"",""owner_authority_id"":""urn:uuid:ba324c09-ea3b-5b7d-a8de-40df0fcc5e83"",""owner_native_state"":""verified"",""payload"":{""assignment_state"":""effective"",""inheritance"":""direct_from_frozen_edition"",""rights_id"":""urn:uuid:3f181e34-b5ab-550e-89bb-fd3d6c717bd0"",""target_id"":""urn:uuid:2c4f8ece-70ae-587c-bcca-e59dadca23cc"",""target_native_id"":""OLP-0315""},""record_type"":""rights_assignment"",""recorded_at"":""2026-08-31T00:00:00Z"",""semantic_key"":""c80:openlogic:rights-assignment:unit:OLP-0315""}"
urn:uuid:a59f4808-425c-56a3-a176-15fcef19bde7,rights_assignment,"{""dataset_id"":""urn:uuid:fdfa2782-db96-5e60-bcb3-d206d78b960a"",""id"":""urn:uuid:a59f4808-425c-56a3-a176-15fcef19bde7"",""normalized_state"":""published"",""owner_authority_id"":""urn:uuid:ba324c09-ea3b-5b7d-a8de-40df0fcc5e83"",""owner_native_state"":""verified"",""payload"":{""assignment_state"":""effective"",""inheritance"":""direct_from_frozen_edition"",""rights_id"":""urn:uuid:3f181e34-b5ab-550e-89bb-fd3d6c717bd0"",""target_id"":""urn:uuid:0cc74592-259e-52a1-b6b3-c4826c0d7351"",""target_native_id"":""OLP-0316""},""record_type"":""rights_assignment"",""recorded_at"":""2026-08-31T00:00:00Z"",""semantic_key"":""c80:openlogic:rights-assignment:unit:OLP-0316""}"
urn:uuid:aaaca0a3-f71d-57c9-af3e-86856bdaa543,rights_assignment,"{""dataset_id"":""urn:uuid:fdfa2782-db96-5e60-bcb3-d206d78b960a"",""id"":""urn:uuid:aaaca0a3-f71d-57c9-af3e-86856bdaa543"",""normalized_state"":""published"",""owner_authority_id"":""urn:uuid:ba324c09-ea3b-5b7d-a8de-40df0fcc5e83"",""owner_native_state"":""verified"",""payload"":{""assignment_state"":""effective"",""inheritance"":""direct_from_frozen_edition"",""rights_id"":""urn:uuid:3f181e34-b5ab-550e-89bb-fd3d6c717bd0"",""target_id"":""urn:uuid:a52ce4a0-acd1-53a8-96b3-885271d0d6c1"",""target_native_id"":""OLP-0317""},""record_type"":""rights_assignment"",""recorded_at"":""2026-08-31T00:00:00Z"",""semantic_key"":""c80:openlogic:rights-assignment:unit:OLP-0317""}"
urn:uuid:33aa6556-4a3b-5bab-865f-b5dae423f95a,rights_assignment,"{""dataset_id"":""urn:uuid:fdfa2782-db96-5e60-bcb3-d206d78b960a"",""id"":""urn:uuid:33aa6556-4a3b-5bab-865f-b5dae423f95a"",""normalized_state"":""published"",""owner_authority_id"":""urn:uuid:ba324c09-ea3b-5b7d-a8de-40df0fcc5e83"",""owner_native_state"":""verified"",""payload"":{""assignment_state"":""effective"",""inheritance"":""direct_from_frozen_edition"",""rights_id"":""urn:uuid:3f181e34-b5ab-550e-89bb-fd3d6c717bd0"",""target_id"":""urn:uuid:ce436ce7-168b-5891-93e7-a35b25c719dc"",""target_native_id"":""OLP-0318""},""record_type"":""rights_assignment"",""recorded_at"":""2026-08-31T00:00:00Z"",""semantic_key"":""c80:openlogic:rights-assignment:unit:OLP-0318""}"
urn:uuid:f4484982-7f07-5426-89eb-b86c2aaedf28,rights_assignment,"{""dataset_id"":""urn:uuid:fdfa2782-db96-5e60-bcb3-d206d78b960a"",""id"":""urn:uuid:f4484982-7f07-5426-89eb-b86c2aaedf28"",""normalized_state"":""published"",""owner_authority_id"":""urn:uuid:ba324c09-ea3b-5b7d-a8de-40df0fcc5e83"",""owner_native_state"":""verified"",""payload"":{""assignment_state"":""effective"",""inheritance"":""direct_from_frozen_edition"",""rights_id"":""urn:uuid:3f181e34-b5ab-550e-89bb-fd3d6c717bd0"",""target_id"":""urn:uuid:fcbfa471-4675-5317-af73-5b9796679e6d"",""target_native_id"":""OLP-0319""},""record_type"":""rights_assignment"",""recorded_at"":""2026-08-31T00:00:00Z"",""semantic_key"":""c80:openlogic:rights-assignment:unit:OLP-0319""}"
urn:uuid:8fb18c65-e728-5bb4-8aa9-2a6c9cca8b9b,rights_assignment,"{""dataset_id"":""urn:uuid:fdfa2782-db96-5e60-bcb3-d206d78b960a"",""id"":""urn:uuid:8fb18c65-e728-5bb4-8aa9-2a6c9cca8b9b"",""normalized_state"":""published"",""owner_authority_id"":""urn:uuid:ba324c09-ea3b-5b7d-a8de-40df0fcc5e83"",""owner_native_state"":""verified"",""payload"":{""assignment_state"":""effective"",""inheritance"":""direct_from_frozen_edition"",""rights_id"":""urn:uuid:3f181e34-b5ab-550e-89bb-fd3d6c717bd0"",""target_id"":""urn:uuid:3e87f773-da25-5ece-a68f-5b99b101a85d"",""target_native_id"":""OLP-0320""},""record_type"":""rights_assignment"",""recorded_at"":""2026-08-31T00:00:00Z"",""semantic_key"":""c80:openlogic:rights-assignment:unit:OLP-0320""}"
urn:uuid:1f55210e-ff37-5ba4-afcd-1b380c70880d,rights_assignment,"{""dataset_id"":""urn:uuid:fdfa2782-db96-5e60-bcb3-d206d78b960a"",""id"":""urn:uuid:1f55210e-ff37-5ba4-afcd-1b380c70880d"",""normalized_state"":""published"",""owner_authority_id"":""urn:uuid:ba324c09-ea3b-5b7d-a8de-40df0fcc5e83"",""owner_native_state"":""verified"",""payload"":{""assignment_state"":""effective"",""inheritance"":""direct_from_frozen_edition"",""rights_id"":""urn:uuid:3f181e34-b5ab-550e-89bb-fd3d6c717bd0"",""target_id"":""urn:uuid:df3e465b-0f87-502b-9247-8811ed2fdd2c"",""target_native_id"":""OLP-0321""},""record_type"":""rights_assignment"",""recorded_at"":""2026-08-31T00:00:00Z"",""semantic_key"":""c80:openlogic:rights-assignment:unit:OLP-0321""}"
urn:uuid:ce431cf8-cf1e-5e1d-97e6-4a563f69ebde,rights_assignment,"{""dataset_id"":""urn:uuid:fdfa2782-db96-5e60-bcb3-d206d78b960a"",""id"":""urn:uuid:ce431cf8-cf1e-5e1d-97e6-4a563f69ebde"",""normalized_state"":""published"",""owner_authority_id"":""urn:uuid:ba324c09-ea3b-5b7d-a8de-40df0fcc5e83"",""owner_native_state"":""verified"",""payload"":{""assignment_state"":""effective"",""inheritance"":""direct_from_frozen_edition"",""rights_id"":""urn:uuid:3f181e34-b5ab-550e-89bb-fd3d6c717bd0"",""target_id"":""urn:uuid:6d449004-eaba-5b73-b2b4-27d354f43a27"",""target_native_id"":""OLP-0322""},""record_type"":""rights_assignment"",""recorded_at"":""2026-08-31T00:00:00Z"",""semantic_key"":""c80:openlogic:rights-assignment:unit:OLP-0322""}"
urn:uuid:045ec983-d753-5b30-a2ec-1ca3f6418129,rights_assignment,"{""dataset_id"":""urn:uuid:fdfa2782-db96-5e60-bcb3-d206d78b960a"",""id"":""urn:uuid:045ec983-d753-5b30-a2ec-1ca3f6418129"",""normalized_state"":""published"",""owner_authority_id"":""urn:uuid:ba324c09-ea3b-5b7d-a8de-40df0fcc5e83"",""owner_native_state"":""verified"",""payload"":{""assignment_state"":""effective"",""inheritance"":""direct_from_frozen_edition"",""rights_id"":""urn:uuid:3f181e34-b5ab-550e-89bb-fd3d6c717bd0"",""target_id"":""urn:uuid:d2f62997-d423-57c0-bbc8-090091214d69"",""target_native_id"":""OLP-0323""},""record_type"":""rights_assignment"",""recorded_at"":""2026-08-31T00:00:00Z"",""semantic_key"":""c80:openlogic:rights-assignment:unit:OLP-0323""}"
urn:uuid:5f285a2e-2b3a-53f3-b97a-ee7be99d2589,rights_assignment,"{""dataset_id"":""urn:uuid:fdfa2782-db96-5e60-bcb3-d206d78b960a"",""id"":""urn:uuid:5f285a2e-2b3a-53f3-b97a-ee7be99d2589"",""normalized_state"":""published"",""owner_authority_id"":""urn:uuid:ba324c09-ea3b-5b7d-a8de-40df0fcc5e83"",""owner_native_state"":""verified"",""payload"":{""assignment_state"":""effective"",""inheritance"":""direct_from_frozen_edition"",""rights_id"":""urn:uuid:3f181e34-b5ab-550e-89bb-fd3d6c717bd0"",""target_id"":""urn:uuid:704bbac3-7aab-5966-900f-0f68c121f2bd"",""target_native_id"":""OLP-0324""},""record_type"":""rights_assignment"",""recorded_at"":""2026-08-31T00:00:00Z"",""semantic_key"":""c80:openlogic:rights-assignment:unit:OLP-0324""}"
urn:uuid:1ac04171-f37c-5632-ab04-0db4b37f98c1,rights_assignment,"{""dataset_id"":""urn:uuid:fdfa2782-db96-5e60-bcb3-d206d78b960a"",""id"":""urn:uuid:1ac04171-f37c-5632-ab04-0db4b37f98c1"",""normalized_state"":""published"",""owner_authority_id"":""urn:uuid:ba324c09-ea3b-5b7d-a8de-40df0fcc5e83"",""owner_native_state"":""verified"",""payload"":{""assignment_state"":""effective"",""inheritance"":""direct_from_frozen_edition"",""rights_id"":""urn:uuid:3f181e34-b5ab-550e-89bb-fd3d6c717bd0"",""target_id"":""urn:uuid:325b6034-3751-540a-b6d0-aa3762d0291f"",""target_native_id"":""OLP-0325""},""record_type"":""rights_assignment"",""recorded_at"":""2026-08-31T00:00:00Z"",""semantic_key"":""c80:openlogic:rights-assignment:unit:OLP-0325""}"
urn:uuid:96b0b5dd-fc1c-5a24-9653-84b67a4fe3b3,rights_assignment,"{""dataset_id"":""urn:uuid:fdfa2782-db96-5e60-bcb3-d206d78b960a"",""id"":""urn:uuid:96b0b5dd-fc1c-5a24-9653-84b67a4fe3b3"",""normalized_state"":""published"",""owner_authority_id"":""urn:uuid:ba324c09-ea3b-5b7d-a8de-40df0fcc5e83"",""owner_native_state"":""verified"",""payload"":{""assignment_state"":""effective"",""inheritance"":""direct_from_frozen_edition"",""rights_id"":""urn:uuid:3f181e34-b5ab-550e-89bb-fd3d6c717bd0"",""target_id"":""urn:uuid:199cbd04-fa23-5dda-be5b-3f558e92a045"",""target_native_id"":""OLP-0326""},""record_type"":""rights_assignment"",""recorded_at"":""2026-08-31T00:00:00Z"",""semantic_key"":""c80:openlogic:rights-assignment:unit:OLP-0326""}"
urn:uuid:0c0d1703-4648-5b15-b5e1-b3af3635b9aa,rights_assignment,"{""dataset_id"":""urn:uuid:fdfa2782-db96-5e60-bcb3-d206d78b960a"",""id"":""urn:uuid:0c0d1703-4648-5b15-b5e1-b3af3635b9aa"",""normalized_state"":""published"",""owner_authority_id"":""urn:uuid:ba324c09-ea3b-5b7d-a8de-40df0fcc5e83"",""owner_native_state"":""verified"",""payload"":{""assignment_state"":""effective"",""inheritance"":""direct_from_frozen_edition"",""rights_id"":""urn:uuid:3f181e34-b5ab-550e-89bb-fd3d6c717bd0"",""target_id"":""urn:uuid:e1737c71-e886-5e25-a9fd-e7811ca97975"",""target_native_id"":""OLP-0327""},""record_type"":""rights_assignment"",""recorded_at"":""2026-08-31T00:00:00Z"",""semantic_key"":""c80:openlogic:rights-assignment:unit:OLP-0327""}"
urn:uuid:30192161-f423-5fa1-949f-1763c4ccc332,rights_assignment,"{""dataset_id"":""urn:uuid:fdfa2782-db96-5e60-bcb3-d206d78b960a"",""id"":""urn:uuid:30192161-f423-5fa1-949f-1763c4ccc332"",""normalized_state"":""published"",""owner_authority_id"":""urn:uuid:ba324c09-ea3b-5b7d-a8de-40df0fcc5e83"",""owner_native_state"":""verified"",""payload"":{""assignment_state"":""effective"",""inheritance"":""direct_from_frozen_edition"",""rights_id"":""urn:uuid:3f181e34-b5ab-550e-89bb-fd3d6c717bd0"",""target_id"":""urn:uuid:839dc462-65b3-5d9d-89df-ac19f0b63f85"",""target_native_id"":""OLP-0328""},""record_type"":""rights_assignment"",""recorded_at"":""2026-08-31T00:00:00Z"",""semantic_key"":""c80:openlogic:rights-assignment:unit:OLP-0328""}"
urn:uuid:1f313014-7ba0-50e2-9b7f-a380ad8cae34,rights_assignment,"{""dataset_id"":""urn:uuid:fdfa2782-db96-5e60-bcb3-d206d78b960a"",""id"":""urn:uuid:1f313014-7ba0-50e2-9b7f-a380ad8cae34"",""normalized_state"":""published"",""owner_authority_id"":""urn:uuid:ba324c09-ea3b-5b7d-a8de-40df0fcc5e83"",""owner_native_state"":""verified"",""payload"":{""assignment_state"":""effective"",""inheritance"":""direct_from_frozen_edition"",""rights_id"":""urn:uuid:3f181e34-b5ab-550e-89bb-fd3d6c717bd0"",""target_id"":""urn:uuid:2c1a5228-60d8-5436-a651-5c1650556972"",""target_native_id"":""OLP-0329""},""record_type"":""rights_assignment"",""recorded_at"":""2026-08-31T00:00:00Z"",""semantic_key"":""c80:openlogic:rights-assignment:unit:OLP-0329""}"
urn:uuid:b0cec330-a59d-5def-8421-28820729b236,rights_assignment,"{""dataset_id"":""urn:uuid:fdfa2782-db96-5e60-bcb3-d206d78b960a"",""id"":""urn:uuid:b0cec330-a59d-5def-8421-28820729b236"",""normalized_state"":""published"",""owner_authority_id"":""urn:uuid:ba324c09-ea3b-5b7d-a8de-40df0fcc5e83"",""owner_native_state"":""verified"",""payload"":{""assignment_state"":""effective"",""inheritance"":""direct_from_frozen_edition"",""rights_id"":""urn:uuid:3f181e34-b5ab-550e-89bb-fd3d6c717bd0"",""target_id"":""urn:uuid:92e7ca12-8150-5aa2-9e07-354630178ecb"",""target_native_id"":""OLP-0330""},""record_type"":""rights_assignment"",""recorded_at"":""2026-08-31T00:00:00Z"",""semantic_key"":""c80:openlogic:rights-assignment:unit:OLP-0330""}"
urn:uuid:2c4892bd-7c26-54d4-9799-bade6ee2beda,rights_assignment,"{""dataset_id"":""urn:uuid:fdfa2782-db96-5e60-bcb3-d206d78b960a"",""id"":""urn:uuid:2c4892bd-7c26-54d4-9799-bade6ee2beda"",""normalized_state"":""published"",""owner_authority_id"":""urn:uuid:ba324c09-ea3b-5b7d-a8de-40df0fcc5e83"",""owner_native_state"":""verified"",""payload"":{""assignment_state"":""effective"",""inheritance"":""direct_from_frozen_edition"",""rights_id"":""urn:uuid:3f181e34-b5ab-550e-89bb-fd3d6c717bd0"",""target_id"":""urn:uuid:965f9e0a-522b-55e7-8a74-a29c2dabf9fd"",""target_native_id"":""OLP-0331""},""record_type"":""rights_assignment"",""recorded_at"":""2026-08-31T00:00:00Z"",""semantic_key"":""c80:openlogic:rights-assignment:unit:OLP-0331""}"
urn:uuid:a46e7576-3c35-5ead-89da-c0004ea8ba7f,rights_assignment,"{""dataset_id"":""urn:uuid:fdfa2782-db96-5e60-bcb3-d206d78b960a"",""id"":""urn:uuid:a46e7576-3c35-5ead-89da-c0004ea8ba7f"",""normalized_state"":""published"",""owner_authority_id"":""urn:uuid:ba324c09-ea3b-5b7d-a8de-40df0fcc5e83"",""owner_native_state"":""verified"",""payload"":{""assignment_state"":""effective"",""inheritance"":""direct_from_frozen_edition"",""rights_id"":""urn:uuid:3f181e34-b5ab-550e-89bb-fd3d6c717bd0"",""target_id"":""urn:uuid:6f48d68e-978c-5203-a048-12614e6167ff"",""target_native_id"":""OLP-0332""},""record_type"":""rights_assignment"",""recorded_at"":""2026-08-31T00:00:00Z"",""semantic_key"":""c80:openlogic:rights-assignment:unit:OLP-0332""}"
urn:uuid:4209f152-2871-51e7-9f4a-680b27119bf4,rights_assignment,"{""dataset_id"":""urn:uuid:fdfa2782-db96-5e60-bcb3-d206d78b960a"",""id"":""urn:uuid:4209f152-2871-51e7-9f4a-680b27119bf4"",""normalized_state"":""published"",""owner_authority_id"":""urn:uuid:ba324c09-ea3b-5b7d-a8de-40df0fcc5e83"",""owner_native_state"":""verified"",""payload"":{""assignment_state"":""effective"",""inheritance"":""direct_from_frozen_edition"",""rights_id"":""urn:uuid:3f181e34-b5ab-550e-89bb-fd3d6c717bd0"",""target_id"":""urn:uuid:b3e3a6aa-f2aa-5856-89dc-5bc1fb78ce26"",""target_native_id"":""OLP-0333""},""record_type"":""rights_assignment"",""recorded_at"":""2026-08-31T00:00:00Z"",""semantic_key"":""c80:openlogic:rights-assignment:unit:OLP-0333""}"
urn:uuid:2764886d-d9c8-5de4-a508-2eae4d9dbe3a,rights_assignment,"{""dataset_id"":""urn:uuid:fdfa2782-db96-5e60-bcb3-d206d78b960a"",""id"":""urn:uuid:2764886d-d9c8-5de4-a508-2eae4d9dbe3a"",""normalized_state"":""published"",""owner_authority_id"":""urn:uuid:ba324c09-ea3b-5b7d-a8de-40df0fcc5e83"",""owner_native_state"":""verified"",""payload"":{""assignment_state"":""effective"",""inheritance"":""direct_from_frozen_edition"",""rights_id"":""urn:uuid:3f181e34-b5ab-550e-89bb-fd3d6c717bd0"",""target_id"":""urn:uuid:b41d831b-2c5e-52b2-bc7f-a3690bb6cd93"",""target_native_id"":""OLP-0334""},""record_type"":""rights_assignment"",""recorded_at"":""2026-08-31T00:00:00Z"",""semantic_key"":""c80:openlogic:rights-assignment:unit:OLP-0334""}"
urn:uuid:2706bbce-2e47-5d69-95d4-fe630eec60f7,rights_assignment,"{""dataset_id"":""urn:uuid:fdfa2782-db96-5e60-bcb3-d206d78b960a"",""id"":""urn:uuid:2706bbce-2e47-5d69-95d4-fe630eec60f7"",""normalized_state"":""published"",""owner_authority_id"":""urn:uuid:ba324c09-ea3b-5b7d-a8de-40df0fcc5e83"",""owner_native_state"":""verified"",""payload"":{""assignment_state"":""effective"",""inheritance"":""direct_from_frozen_edition"",""rights_id"":""urn:uuid:3f181e34-b5ab-550e-89bb-fd3d6c717bd0"",""target_id"":""urn:uuid:05c0bd92-51c8-5a15-af89-788728b21f3a"",""target_native_id"":""OLP-0335""},""record_type"":""rights_assignment"",""recorded_at"":""2026-08-31T00:00:00Z"",""semantic_key"":""c80:openlogic:rights-assignment:unit:OLP-0335""}"
urn:uuid:23966057-628b-5f88-8f4a-de3be413c18d,rights_assignment,"{""dataset_id"":""urn:uuid:fdfa2782-db96-5e60-bcb3-d206d78b960a"",""id"":""urn:uuid:23966057-628b-5f88-8f4a-de3be413c18d"",""normalized_state"":""published"",""owner_authority_id"":""urn:uuid:ba324c09-ea3b-5b7d-a8de-40df0fcc5e83"",""owner_native_state"":""verified"",""payload"":{""assignment_state"":""effective"",""inheritance"":""direct_from_frozen_edition"",""rights_id"":""urn:uuid:3f181e34-b5ab-550e-89bb-fd3d6c717bd0"",""target_id"":""urn:uuid:a8d7fa0f-6802-5333-bd15-451116f336fa"",""target_native_id"":""OLP-0336""},""record_type"":""rights_assignment"",""recorded_at"":""2026-08-31T00:00:00Z"",""semantic_key"":""c80:openlogic:rights-assignment:unit:OLP-0336""}"
urn:uuid:89fb5cac-edf0-5226-963b-8291fdec5b96,rights_assignment,"{""dataset_id"":""urn:uuid:fdfa2782-db96-5e60-bcb3-d206d78b960a"",""id"":""urn:uuid:89fb5cac-edf0-5226-963b-8291fdec5b96"",""normalized_state"":""published"",""owner_authority_id"":""urn:uuid:ba324c09-ea3b-5b7d-a8de-40df0fcc5e83"",""owner_native_state"":""verified"",""payload"":{""assignment_state"":""effective"",""inheritance"":""direct_from_frozen_edition"",""rights_id"":""urn:uuid:3f181e34-b5ab-550e-89bb-fd3d6c717bd0"",""target_id"":""urn:uuid:0f23714d-b1fd-5a42-ba42-903587f37fe8"",""target_native_id"":""OLP-0337""},""record_type"":""rights_assignment"",""recorded_at"":""2026-08-31T00:00:00Z"",""semantic_key"":""c80:openlogic:rights-assignment:unit:OLP-0337""}"
urn:uuid:96e03929-5723-5a55-960f-91cec5f2d36d,rights_assignment,"{""dataset_id"":""urn:uuid:fdfa2782-db96-5e60-bcb3-d206d78b960a"",""id"":""urn:uuid:96e03929-5723-5a55-960f-91cec5f2d36d"",""normalized_state"":""published"",""owner_authority_id"":""urn:uuid:ba324c09-ea3b-5b7d-a8de-40df0fcc5e83"",""owner_native_state"":""verified"",""payload"":{""assignment_state"":""effective"",""inheritance"":""direct_from_frozen_edition"",""rights_id"":""urn:uuid:3f181e34-b5ab-550e-89bb-fd3d6c717bd0"",""target_id"":""urn:uuid:b09b1c64-905f-5525-bd71-924733b1a68c"",""target_native_id"":""OLP-0338""},""record_type"":""rights_assignment"",""recorded_at"":""2026-08-31T00:00:00Z"",""semantic_key"":""c80:openlogic:rights-assignment:unit:OLP-0338""}"
urn:uuid:2f437f9c-f60c-5a21-a845-8a9eb9944152,rights_assignment,"{""dataset_id"":""urn:uuid:fdfa2782-db96-5e60-bcb3-d206d78b960a"",""id"":""urn:uuid:2f437f9c-f60c-5a21-a845-8a9eb9944152"",""normalized_state"":""published"",""owner_authority_id"":""urn:uuid:ba324c09-ea3b-5b7d-a8de-40df0fcc5e83"",""owner_native_state"":""verified"",""payload"":{""assignment_state"":""effective"",""inheritance"":""direct_from_frozen_edition"",""rights_id"":""urn:uuid:3f181e34-b5ab-550e-89bb-fd3d6c717bd0"",""target_id"":""urn:uuid:5f10be24-3221-5c99-9891-ebc98a4af20e"",""target_native_id"":""OLP-0339""},""record_type"":""rights_assignment"",""recorded_at"":""2026-08-31T00:00:00Z"",""semantic_key"":""c80:openlogic:rights-assignment:unit:OLP-0339""}"
urn:uuid:658811e3-a528-5a6a-87e3-364eabb0b002,rights_assignment,"{""dataset_id"":""urn:uuid:fdfa2782-db96-5e60-bcb3-d206d78b960a"",""id"":""urn:uuid:658811e3-a528-5a6a-87e3-364eabb0b002"",""normalized_state"":""published"",""owner_authority_id"":""urn:uuid:ba324c09-ea3b-5b7d-a8de-40df0fcc5e83"",""owner_native_state"":""verified"",""payload"":{""assignment_state"":""effective"",""inheritance"":""direct_from_frozen_edition"",""rights_id"":""urn:uuid:3f181e34-b5ab-550e-89bb-fd3d6c717bd0"",""target_id"":""urn:uuid:78d6c594-fa3d-5bad-a39c-2769024563d4"",""target_native_id"":""OLP-0340""},""record_type"":""rights_assignment"",""recorded_at"":""2026-08-31T00:00:00Z"",""semantic_key"":""c80:openlogic:rights-assignment:unit:OLP-0340""}"
urn:uuid:ee16b4ba-22c6-5935-b20d-c275d6b7bdb4,rights_assignment,"{""dataset_id"":""urn:uuid:fdfa2782-db96-5e60-bcb3-d206d78b960a"",""id"":""urn:uuid:ee16b4ba-22c6-5935-b20d-c275d6b7bdb4"",""normalized_state"":""published"",""owner_authority_id"":""urn:uuid:ba324c09-ea3b-5b7d-a8de-40df0fcc5e83"",""owner_native_state"":""verified"",""payload"":{""assignment_state"":""effective"",""inheritance"":""direct_from_frozen_edition"",""rights_id"":""urn:uuid:3f181e34-b5ab-550e-89bb-fd3d6c717bd0"",""target_id"":""urn:uuid:c8db47d3-af46-5345-8223-fb903997de37"",""target_native_id"":""OLP-0341""},""record_type"":""rights_assignment"",""recorded_at"":""2026-08-31T00:00:00Z"",""semantic_key"":""c80:openlogic:rights-assignment:unit:OLP-0341""}"
urn:uuid:ce7a6a01-9dd9-5b87-88a5-caec3277d65d,rights_assignment,"{""dataset_id"":""urn:uuid:fdfa2782-db96-5e60-bcb3-d206d78b960a"",""id"":""urn:uuid:ce7a6a01-9dd9-5b87-88a5-caec3277d65d"",""normalized_state"":""published"",""owner_authority_id"":""urn:uuid:ba324c09-ea3b-5b7d-a8de-40df0fcc5e83"",""owner_native_state"":""verified"",""payload"":{""assignment_state"":""effective"",""inheritance"":""direct_from_frozen_edition"",""rights_id"":""urn:uuid:3f181e34-b5ab-550e-89bb-fd3d6c717bd0"",""target_id"":""urn:uuid:86aa6014-e351-5e44-9868-c7d3dab59772"",""target_native_id"":""OLP-0342""},""record_type"":""rights_assignment"",""recorded_at"":""2026-08-31T00:00:00Z"",""semantic_key"":""c80:openlogic:rights-assignment:unit:OLP-0342""}"
urn:uuid:62d99bf3-0a1b-5776-87a1-6891d844aa50,rights_assignment,"{""dataset_id"":""urn:uuid:fdfa2782-db96-5e60-bcb3-d206d78b960a"",""id"":""urn:uuid:62d99bf3-0a1b-5776-87a1-6891d844aa50"",""normalized_state"":""published"",""owner_authority_id"":""urn:uuid:ba324c09-ea3b-5b7d-a8de-40df0fcc5e83"",""owner_native_state"":""verified"",""payload"":{""assignment_state"":""effective"",""inheritance"":""direct_from_frozen_edition"",""rights_id"":""urn:uuid:3f181e34-b5ab-550e-89bb-fd3d6c717bd0"",""target_id"":""urn:uuid:4820784d-d996-5473-99b6-6040b1e13781"",""target_native_id"":""OLP-0343""},""record_type"":""rights_assignment"",""recorded_at"":""2026-08-31T00:00:00Z"",""semantic_key"":""c80:openlogic:rights-assignment:unit:OLP-0343""}"
urn:uuid:7e5f7b10-e716-5e28-95c7-fe72a938101c,rights_assignment,"{""dataset_id"":""urn:uuid:fdfa2782-db96-5e60-bcb3-d206d78b960a"",""id"":""urn:uuid:7e5f7b10-e716-5e28-95c7-fe72a938101c"",""normalized_state"":""published"",""owner_authority_id"":""urn:uuid:ba324c09-ea3b-5b7d-a8de-40df0fcc5e83"",""owner_native_state"":""verified"",""payload"":{""assignment_state"":""effective"",""inheritance"":""direct_from_frozen_edition"",""rights_id"":""urn:uuid:3f181e34-b5ab-550e-89bb-fd3d6c717bd0"",""target_id"":""urn:uuid:c46106aa-4ef9-59db-bab8-bab8ed02acac"",""target_native_id"":""OLP-0344""},""record_type"":""rights_assignment"",""recorded_at"":""2026-08-31T00:00:00Z"",""semantic_key"":""c80:openlogic:rights-assignment:unit:OLP-0344""}"
urn:uuid:838089e5-afd9-57e8-a6c3-1fe28fc531e9,rights_assignment,"{""dataset_id"":""urn:uuid:fdfa2782-db96-5e60-bcb3-d206d78b960a"",""id"":""urn:uuid:838089e5-afd9-57e8-a6c3-1fe28fc531e9"",""normalized_state"":""published"",""owner_authority_id"":""urn:uuid:ba324c09-ea3b-5b7d-a8de-40df0fcc5e83"",""owner_native_state"":""verified"",""payload"":{""assignment_state"":""effective"",""inheritance"":""direct_from_frozen_edition"",""rights_id"":""urn:uuid:3f181e34-b5ab-550e-89bb-fd3d6c717bd0"",""target_id"":""urn:uuid:f0ebb1aa-e2f4-5214-8ceb-4fcb1bd262cb"",""target_native_id"":""OLP-0345""},""record_type"":""rights_assignment"",""recorded_at"":""2026-08-31T00:00:00Z"",""semantic_key"":""c80:openlogic:rights-assignment:unit:OLP-0345""}"
urn:uuid:0388bbee-d651-5e36-bd80-2266b6295ba8,rights_assignment,"{""dataset_id"":""urn:uuid:fdfa2782-db96-5e60-bcb3-d206d78b960a"",""id"":""urn:uuid:0388bbee-d651-5e36-bd80-2266b6295ba8"",""normalized_state"":""published"",""owner_authority_id"":""urn:uuid:ba324c09-ea3b-5b7d-a8de-40df0fcc5e83"",""owner_native_state"":""verified"",""payload"":{""assignment_state"":""effective"",""inheritance"":""direct_from_frozen_edition"",""rights_id"":""urn:uuid:3f181e34-b5ab-550e-89bb-fd3d6c717bd0"",""target_id"":""urn:uuid:9431b283-8f47-5f2f-a242-effc9bb3077b"",""target_native_id"":""OLP-0346""},""record_type"":""rights_assignment"",""recorded_at"":""2026-08-31T00:00:00Z"",""semantic_key"":""c80:openlogic:rights-assignment:unit:OLP-0346""}"
urn:uuid:42e0c05e-61f8-57f3-9160-5a50ebd2a830,rights_assignment,"{""dataset_id"":""urn:uuid:fdfa2782-db96-5e60-bcb3-d206d78b960a"",""id"":""urn:uuid:42e0c05e-61f8-57f3-9160-5a50ebd2a830"",""normalized_state"":""published"",""owner_authority_id"":""urn:uuid:ba324c09-ea3b-5b7d-a8de-40df0fcc5e83"",""owner_native_state"":""verified"",""payload"":{""assignment_state"":""effective"",""inheritance"":""direct_from_frozen_edition"",""rights_id"":""urn:uuid:3f181e34-b5ab-550e-89bb-fd3d6c717bd0"",""target_id"":""urn:uuid:79910a31-3b77-574a-b80f-bc5898808297"",""target_native_id"":""OLP-0347""},""record_type"":""rights_assignment"",""recorded_at"":""2026-08-31T00:00:00Z"",""semantic_key"":""c80:openlogic:rights-assignment:unit:OLP-0347""}"
urn:uuid:05e894ba-aeec-5b86-b543-71ff1813dd79,rights_assignment,"{""dataset_id"":""urn:uuid:fdfa2782-db96-5e60-bcb3-d206d78b960a"",""id"":""urn:uuid:05e894ba-aeec-5b86-b543-71ff1813dd79"",""normalized_state"":""published"",""owner_authority_id"":""urn:uuid:ba324c09-ea3b-5b7d-a8de-40df0fcc5e83"",""owner_native_state"":""verified"",""payload"":{""assignment_state"":""effective"",""inheritance"":""direct_from_frozen_edition"",""rights_id"":""urn:uuid:3f181e34-b5ab-550e-89bb-fd3d6c717bd0"",""target_id"":""urn:uuid:6df51b5a-152b-5aea-9a25-ad365f047191"",""target_native_id"":""OLP-0348""},""record_type"":""rights_assignment"",""recorded_at"":""2026-08-31T00:00:00Z"",""semantic_key"":""c80:openlogic:rights-assignment:unit:OLP-0348""}"
urn:uuid:9445ab5a-2f33-5047-bf0b-b858c6c560c0,rights_assignment,"{""dataset_id"":""urn:uuid:fdfa2782-db96-5e60-bcb3-d206d78b960a"",""id"":""urn:uuid:9445ab5a-2f33-5047-bf0b-b858c6c560c0"",""normalized_state"":""published"",""owner_authority_id"":""urn:uuid:ba324c09-ea3b-5b7d-a8de-40df0fcc5e83"",""owner_native_state"":""verified"",""payload"":{""assignment_state"":""effective"",""inheritance"":""direct_from_frozen_edition"",""rights_id"":""urn:uuid:3f181e34-b5ab-550e-89bb-fd3d6c717bd0"",""target_id"":""urn:uuid:fa9aea14-058c-5071-8694-87473a048f5e"",""target_native_id"":""OLP-0349""},""record_type"":""rights_assignment"",""recorded_at"":""2026-08-31T00:00:00Z"",""semantic_key"":""c80:openlogic:rights-assignment:unit:OLP-0349""}"
urn:uuid:879c532f-06bf-5669-9e5e-64d963db6923,rights_assignment,"{""dataset_id"":""urn:uuid:fdfa2782-db96-5e60-bcb3-d206d78b960a"",""id"":""urn:uuid:879c532f-06bf-5669-9e5e-64d963db6923"",""normalized_state"":""published"",""owner_authority_id"":""urn:uuid:ba324c09-ea3b-5b7d-a8de-40df0fcc5e83"",""owner_native_state"":""verified"",""payload"":{""assignment_state"":""effective"",""inheritance"":""direct_from_frozen_edition"",""rights_id"":""urn:uuid:3f181e34-b5ab-550e-89bb-fd3d6c717bd0"",""target_id"":""urn:uuid:2bdaebf2-0f64-5506-bff0-d78b3b0b9a06"",""target_native_id"":""OLP-0350""},""record_type"":""rights_assignment"",""recorded_at"":""2026-08-31T00:00:00Z"",""semantic_key"":""c80:openlogic:rights-assignment:unit:OLP-0350""}"
urn:uuid:194de9aa-761b-5fc9-99a1-a6aa43d07124,rights_assignment,"{""dataset_id"":""urn:uuid:fdfa2782-db96-5e60-bcb3-d206d78b960a"",""id"":""urn:uuid:194de9aa-761b-5fc9-99a1-a6aa43d07124"",""normalized_state"":""published"",""owner_authority_id"":""urn:uuid:ba324c09-ea3b-5b7d-a8de-40df0fcc5e83"",""owner_native_state"":""verified"",""payload"":{""assignment_state"":""effective"",""inheritance"":""direct_from_frozen_edition"",""rights_id"":""urn:uuid:3f181e34-b5ab-550e-89bb-fd3d6c717bd0"",""target_id"":""urn:uuid:46569e3f-9b2d-51bb-b6a2-dc228cb164a1"",""target_native_id"":""OLP-0351""},""record_type"":""rights_assignment"",""recorded_at"":""2026-08-31T00:00:00Z"",""semantic_key"":""c80:openlogic:rights-assignment:unit:OLP-0351""}"
urn:uuid:28e35b76-c0fc-5573-ad88-d9876a8e8942,rights_assignment,"{""dataset_id"":""urn:uuid:fdfa2782-db96-5e60-bcb3-d206d78b960a"",""id"":""urn:uuid:28e35b76-c0fc-5573-ad88-d9876a8e8942"",""normalized_state"":""published"",""owner_authority_id"":""urn:uuid:ba324c09-ea3b-5b7d-a8de-40df0fcc5e83"",""owner_native_state"":""verified"",""payload"":{""assignment_state"":""effective"",""inheritance"":""direct_from_frozen_edition"",""rights_id"":""urn:uuid:3f181e34-b5ab-550e-89bb-fd3d6c717bd0"",""target_id"":""urn:uuid:e902544c-9aa3-59be-b325-dbac3ea14b12"",""target_native_id"":""OLP-0352""},""record_type"":""rights_assignment"",""recorded_at"":""2026-08-31T00:00:00Z"",""semantic_key"":""c80:openlogic:rights-assignment:unit:OLP-0352""}"
urn:uuid:c84ab4fd-5136-5c3b-a648-fa06bef44dce,rights_assignment,"{""dataset_id"":""urn:uuid:fdfa2782-db96-5e60-bcb3-d206d78b960a"",""id"":""urn:uuid:c84ab4fd-5136-5c3b-a648-fa06bef44dce"",""normalized_state"":""published"",""owner_authority_id"":""urn:uuid:ba324c09-ea3b-5b7d-a8de-40df0fcc5e83"",""owner_native_state"":""verified"",""payload"":{""assignment_state"":""effective"",""inheritance"":""direct_from_frozen_edition"",""rights_id"":""urn:uuid:3f181e34-b5ab-550e-89bb-fd3d6c717bd0"",""target_id"":""urn:uuid:5e96365a-a444-535b-bf19-528971bba02a"",""target_native_id"":""OLP-0353""},""record_type"":""rights_assignment"",""recorded_at"":""2026-08-31T00:00:00Z"",""semantic_key"":""c80:openlogic:rights-assignment:unit:OLP-0353""}"
urn:uuid:31edd80d-b27e-5a1b-81a4-09df5e0b8b78,rights_assignment,"{""dataset_id"":""urn:uuid:fdfa2782-db96-5e60-bcb3-d206d78b960a"",""id"":""urn:uuid:31edd80d-b27e-5a1b-81a4-09df5e0b8b78"",""normalized_state"":""published"",""owner_authority_id"":""urn:uuid:ba324c09-ea3b-5b7d-a8de-40df0fcc5e83"",""owner_native_state"":""verified"",""payload"":{""assignment_state"":""effective"",""inheritance"":""direct_from_frozen_edition"",""rights_id"":""urn:uuid:3f181e34-b5ab-550e-89bb-fd3d6c717bd0"",""target_id"":""urn:uuid:47942e65-003e-553f-a589-ca9a93dc8ca8"",""target_native_id"":""OLP-0354""},""record_type"":""rights_assignment"",""recorded_at"":""2026-08-31T00:00:00Z"",""semantic_key"":""c80:openlogic:rights-assignment:unit:OLP-0354""}"
urn:uuid:6e82fba0-1648-5740-8e0e-34bc70fcbfb4,rights_assignment,"{""dataset_id"":""urn:uuid:fdfa2782-db96-5e60-bcb3-d206d78b960a"",""id"":""urn:uuid:6e82fba0-1648-5740-8e0e-34bc70fcbfb4"",""normalized_state"":""published"",""owner_authority_id"":""urn:uuid:ba324c09-ea3b-5b7d-a8de-40df0fcc5e83"",""owner_native_state"":""verified"",""payload"":{""assignment_state"":""effective"",""inheritance"":""direct_from_frozen_edition"",""rights_id"":""urn:uuid:3f181e34-b5ab-550e-89bb-fd3d6c717bd0"",""target_id"":""urn:uuid:7c9240c5-ce66-5be2-9bd0-529751a6bc6d"",""target_native_id"":""OLP-0355""},""record_type"":""rights_assignment"",""recorded_at"":""2026-08-31T00:00:00Z"",""semantic_key"":""c80:openlogic:rights-assignment:unit:OLP-0355""}"
urn:uuid:be92c022-18b7-5f52-8688-2040ce0c4876,rights_assignment,"{""dataset_id"":""urn:uuid:fdfa2782-db96-5e60-bcb3-d206d78b960a"",""id"":""urn:uuid:be92c022-18b7-5f52-8688-2040ce0c4876"",""normalized_state"":""published"",""owner_authority_id"":""urn:uuid:ba324c09-ea3b-5b7d-a8de-40df0fcc5e83"",""owner_native_state"":""verified"",""payload"":{""assignment_state"":""effective"",""inheritance"":""direct_from_frozen_edition"",""rights_id"":""urn:uuid:3f181e34-b5ab-550e-89bb-fd3d6c717bd0"",""target_id"":""urn:uuid:90b4e625-8a29-5fe3-b832-977e146240c9"",""target_native_id"":""OLP-0356""},""record_type"":""rights_assignment"",""recorded_at"":""2026-08-31T00:00:00Z"",""semantic_key"":""c80:openlogic:rights-assignment:unit:OLP-0356""}"
urn:uuid:20b0ec9b-7223-56f7-8451-3321c2b5c6ee,rights_assignment,"{""dataset_id"":""urn:uuid:fdfa2782-db96-5e60-bcb3-d206d78b960a"",""id"":""urn:uuid:20b0ec9b-7223-56f7-8451-3321c2b5c6ee"",""normalized_state"":""published"",""owner_authority_id"":""urn:uuid:ba324c09-ea3b-5b7d-a8de-40df0fcc5e83"",""owner_native_state"":""verified"",""payload"":{""assignment_state"":""effective"",""inheritance"":""direct_from_frozen_edition"",""rights_id"":""urn:uuid:3f181e34-b5ab-550e-89bb-fd3d6c717bd0"",""target_id"":""urn:uuid:e611f266-4a16-5317-a17d-51bb5f6b59e2"",""target_native_id"":""OLP-0357""},""record_type"":""rights_assignment"",""recorded_at"":""2026-08-31T00:00:00Z"",""semantic_key"":""c80:openlogic:rights-assignment:unit:OLP-0357""}"
urn:uuid:b9be5a3d-7994-5c34-8fee-7b4cbc3c6a89,rights_assignment,"{""dataset_id"":""urn:uuid:fdfa2782-db96-5e60-bcb3-d206d78b960a"",""id"":""urn:uuid:b9be5a3d-7994-5c34-8fee-7b4cbc3c6a89"",""normalized_state"":""published"",""owner_authority_id"":""urn:uuid:ba324c09-ea3b-5b7d-a8de-40df0fcc5e83"",""owner_native_state"":""verified"",""payload"":{""assignment_state"":""effective"",""inheritance"":""direct_from_frozen_edition"",""rights_id"":""urn:uuid:3f181e34-b5ab-550e-89bb-fd3d6c717bd0"",""target_id"":""urn:uuid:9a9c7b20-3bab-5a1b-b41c-6605545d6fee"",""target_native_id"":""OLP-0358""},""record_type"":""rights_assignment"",""recorded_at"":""2026-08-31T00:00:00Z"",""semantic_key"":""c80:openlogic:rights-assignment:unit:OLP-0358""}"
urn:uuid:e60c038a-8090-55ca-a8f5-28733c7c36c8,rights_assignment,"{""dataset_id"":""urn:uuid:fdfa2782-db96-5e60-bcb3-d206d78b960a"",""id"":""urn:uuid:e60c038a-8090-55ca-a8f5-28733c7c36c8"",""normalized_state"":""published"",""owner_authority_id"":""urn:uuid:ba324c09-ea3b-5b7d-a8de-40df0fcc5e83"",""owner_native_state"":""verified"",""payload"":{""assignment_state"":""effective"",""inheritance"":""direct_from_frozen_edition"",""rights_id"":""urn:uuid:3f181e34-b5ab-550e-89bb-fd3d6c717bd0"",""target_id"":""urn:uuid:85853b0e-5049-555d-b5fe-9f6c76b6ddd9"",""target_native_id"":""OLP-0359""},""record_type"":""rights_assignment"",""recorded_at"":""2026-08-31T00:00:00Z"",""semantic_key"":""c80:openlogic:rights-assignment:unit:OLP-0359""}"
urn:uuid:5cb3cd00-4312-59f0-b9ca-bc37dc67a2bc,rights_assignment,"{""dataset_id"":""urn:uuid:fdfa2782-db96-5e60-bcb3-d206d78b960a"",""id"":""urn:uuid:5cb3cd00-4312-59f0-b9ca-bc37dc67a2bc"",""normalized_state"":""published"",""owner_authority_id"":""urn:uuid:ba324c09-ea3b-5b7d-a8de-40df0fcc5e83"",""owner_native_state"":""verified"",""payload"":{""assignment_state"":""effective"",""inheritance"":""direct_from_frozen_edition"",""rights_id"":""urn:uuid:3f181e34-b5ab-550e-89bb-fd3d6c717bd0"",""target_id"":""urn:uuid:203574ae-42ed-54a9-ab28-5169892285a4"",""target_native_id"":""OLP-0360""},""record_type"":""rights_assignment"",""recorded_at"":""2026-08-31T00:00:00Z"",""semantic_key"":""c80:openlogic:rights-assignment:unit:OLP-0360""}"
urn:uuid:14eb3777-c0f1-5f8e-a53a-b3d4b3e25722,rights_assignment,"{""dataset_id"":""urn:uuid:fdfa2782-db96-5e60-bcb3-d206d78b960a"",""id"":""urn:uuid:14eb3777-c0f1-5f8e-a53a-b3d4b3e25722"",""normalized_state"":""published"",""owner_authority_id"":""urn:uuid:ba324c09-ea3b-5b7d-a8de-40df0fcc5e83"",""owner_native_state"":""verified"",""payload"":{""assignment_state"":""effective"",""inheritance"":""direct_from_frozen_edition"",""rights_id"":""urn:uuid:3f181e34-b5ab-550e-89bb-fd3d6c717bd0"",""target_id"":""urn:uuid:1c89efa3-7302-56de-8325-dc0bfe76efaa"",""target_native_id"":""OLP-0361""},""record_type"":""rights_assignment"",""recorded_at"":""2026-08-31T00:00:00Z"",""semantic_key"":""c80:openlogic:rights-assignment:unit:OLP-0361""}"
urn:uuid:842cf72f-7acc-553d-8e6e-7c142dba6b16,rights_assignment,"{""dataset_id"":""urn:uuid:fdfa2782-db96-5e60-bcb3-d206d78b960a"",""id"":""urn:uuid:842cf72f-7acc-553d-8e6e-7c142dba6b16"",""normalized_state"":""published"",""owner_authority_id"":""urn:uuid:ba324c09-ea3b-5b7d-a8de-40df0fcc5e83"",""owner_native_state"":""verified"",""payload"":{""assignment_state"":""effective"",""inheritance"":""direct_from_frozen_edition"",""rights_id"":""urn:uuid:3f181e34-b5ab-550e-89bb-fd3d6c717bd0"",""target_id"":""urn:uuid:7d248c6e-a08b-5401-92f9-0af4be93be5f"",""target_native_id"":""OLP-0362""},""record_type"":""rights_assignment"",""recorded_at"":""2026-08-31T00:00:00Z"",""semantic_key"":""c80:openlogic:rights-assignment:unit:OLP-0362""}"
urn:uuid:64513a21-798a-5170-87bb-0f096d58903d,rights_assignment,"{""dataset_id"":""urn:uuid:fdfa2782-db96-5e60-bcb3-d206d78b960a"",""id"":""urn:uuid:64513a21-798a-5170-87bb-0f096d58903d"",""normalized_state"":""published"",""owner_authority_id"":""urn:uuid:ba324c09-ea3b-5b7d-a8de-40df0fcc5e83"",""owner_native_state"":""verified"",""payload"":{""assignment_state"":""effective"",""inheritance"":""direct_from_frozen_edition"",""rights_id"":""urn:uuid:3f181e34-b5ab-550e-89bb-fd3d6c717bd0"",""target_id"":""urn:uuid:8b6bd815-4ced-5337-bce4-145ab9e01e28"",""target_native_id"":""OLP-0363""},""record_type"":""rights_assignment"",""recorded_at"":""2026-08-31T00:00:00Z"",""semantic_key"":""c80:openlogic:rights-assignment:unit:OLP-0363""}"
urn:uuid:e7844b06-ac4b-52a9-8cfb-c1e28e65ca66,rights_assignment,"{""dataset_id"":""urn:uuid:fdfa2782-db96-5e60-bcb3-d206d78b960a"",""id"":""urn:uuid:e7844b06-ac4b-52a9-8cfb-c1e28e65ca66"",""normalized_state"":""published"",""owner_authority_id"":""urn:uuid:ba324c09-ea3b-5b7d-a8de-40df0fcc5e83"",""owner_native_state"":""verified"",""payload"":{""assignment_state"":""effective"",""inheritance"":""direct_from_frozen_edition"",""rights_id"":""urn:uuid:3f181e34-b5ab-550e-89bb-fd3d6c717bd0"",""target_id"":""urn:uuid:d3491ad2-4f92-5b95-8a88-b740f3517c9f"",""target_native_id"":""OLP-0364""},""record_type"":""rights_assignment"",""recorded_at"":""2026-08-31T00:00:00Z"",""semantic_key"":""c80:openlogic:rights-assignment:unit:OLP-0364""}"
urn:uuid:1d7b9d10-0faa-5abe-ae40-7af797c95adf,rights_assignment,"{""dataset_id"":""urn:uuid:fdfa2782-db96-5e60-bcb3-d206d78b960a"",""id"":""urn:uuid:1d7b9d10-0faa-5abe-ae40-7af797c95adf"",""normalized_state"":""published"",""owner_authority_id"":""urn:uuid:ba324c09-ea3b-5b7d-a8de-40df0fcc5e83"",""owner_native_state"":""verified"",""payload"":{""assignment_state"":""effective"",""inheritance"":""direct_from_frozen_edition"",""rights_id"":""urn:uuid:3f181e34-b5ab-550e-89bb-fd3d6c717bd0"",""target_id"":""urn:uuid:e5e7318d-8858-57a4-a59e-52b656edb3c8"",""target_native_id"":""OLP-0365""},""record_type"":""rights_assignment"",""recorded_at"":""2026-08-31T00:00:00Z"",""semantic_key"":""c80:openlogic:rights-assignment:unit:OLP-0365""}"
urn:uuid:695980e5-0562-5f9a-8813-97086e85afa8,rights_assignment,"{""dataset_id"":""urn:uuid:fdfa2782-db96-5e60-bcb3-d206d78b960a"",""id"":""urn:uuid:695980e5-0562-5f9a-8813-97086e85afa8"",""normalized_state"":""published"",""owner_authority_id"":""urn:uuid:ba324c09-ea3b-5b7d-a8de-40df0fcc5e83"",""owner_native_state"":""verified"",""payload"":{""assignment_state"":""effective"",""inheritance"":""direct_from_frozen_edition"",""rights_id"":""urn:uuid:3f181e34-b5ab-550e-89bb-fd3d6c717bd0"",""target_id"":""urn:uuid:317f88a9-246f-520f-9173-9990da5c9a62"",""target_native_id"":""OLP-0366""},""record_type"":""rights_assignment"",""recorded_at"":""2026-08-31T00:00:00Z"",""semantic_key"":""c80:openlogic:rights-assignment:unit:OLP-0366""}"
urn:uuid:ff5f89c7-c73a-5464-9c4b-1c8d82ae5b52,rights_assignment,"{""dataset_id"":""urn:uuid:fdfa2782-db96-5e60-bcb3-d206d78b960a"",""id"":""urn:uuid:ff5f89c7-c73a-5464-9c4b-1c8d82ae5b52"",""normalized_state"":""published"",""owner_authority_id"":""urn:uuid:ba324c09-ea3b-5b7d-a8de-40df0fcc5e83"",""owner_native_state"":""verified"",""payload"":{""assignment_state"":""effective"",""inheritance"":""direct_from_frozen_edition"",""rights_id"":""urn:uuid:3f181e34-b5ab-550e-89bb-fd3d6c717bd0"",""target_id"":""urn:uuid:02898a25-8abe-51e1-8171-70de571b7d64"",""target_native_id"":""OLP-0367""},""record_type"":""rights_assignment"",""recorded_at"":""2026-08-31T00:00:00Z"",""semantic_key"":""c80:openlogic:rights-assignment:unit:OLP-0367""}"
urn:uuid:d5ff6198-64e7-55dd-80ac-d469d610e00b,rights_assignment,"{""dataset_id"":""urn:uuid:fdfa2782-db96-5e60-bcb3-d206d78b960a"",""id"":""urn:uuid:d5ff6198-64e7-55dd-80ac-d469d610e00b"",""normalized_state"":""published"",""owner_authority_id"":""urn:uuid:ba324c09-ea3b-5b7d-a8de-40df0fcc5e83"",""owner_native_state"":""verified"",""payload"":{""assignment_state"":""effective"",""inheritance"":""direct_from_frozen_edition"",""rights_id"":""urn:uuid:3f181e34-b5ab-550e-89bb-fd3d6c717bd0"",""target_id"":""urn:uuid:ae7ae450-824b-5a40-985f-418e2fe930d4"",""target_native_id"":""OLP-0368""},""record_type"":""rights_assignment"",""recorded_at"":""2026-08-31T00:00:00Z"",""semantic_key"":""c80:openlogic:rights-assignment:unit:OLP-0368""}"
urn:uuid:2c3504ca-ac8d-53aa-9f87-07683825c621,rights_assignment,"{""dataset_id"":""urn:uuid:fdfa2782-db96-5e60-bcb3-d206d78b960a"",""id"":""urn:uuid:2c3504ca-ac8d-53aa-9f87-07683825c621"",""normalized_state"":""published"",""owner_authority_id"":""urn:uuid:ba324c09-ea3b-5b7d-a8de-40df0fcc5e83"",""owner_native_state"":""verified"",""payload"":{""assignment_state"":""effective"",""inheritance"":""direct_from_frozen_edition"",""rights_id"":""urn:uuid:3f181e34-b5ab-550e-89bb-fd3d6c717bd0"",""target_id"":""urn:uuid:a445e643-2d62-5bf6-bbdb-1563283d4529"",""target_native_id"":""OLP-0369""},""record_type"":""rights_assignment"",""recorded_at"":""2026-08-31T00:00:00Z"",""semantic_key"":""c80:openlogic:rights-assignment:unit:OLP-0369""}"
urn:uuid:cb85d6ea-cac5-55e2-b0e7-cc90c9014cef,rights_assignment,"{""dataset_id"":""urn:uuid:fdfa2782-db96-5e60-bcb3-d206d78b960a"",""id"":""urn:uuid:cb85d6ea-cac5-55e2-b0e7-cc90c9014cef"",""normalized_state"":""published"",""owner_authority_id"":""urn:uuid:ba324c09-ea3b-5b7d-a8de-40df0fcc5e83"",""owner_native_state"":""verified"",""payload"":{""assignment_state"":""effective"",""inheritance"":""direct_from_frozen_edition"",""rights_id"":""urn:uuid:3f181e34-b5ab-550e-89bb-fd3d6c717bd0"",""target_id"":""urn:uuid:e4119978-a700-507f-9855-f6e3342cae27"",""target_native_id"":""OLP-0370""},""record_type"":""rights_assignment"",""recorded_at"":""2026-08-31T00:00:00Z"",""semantic_key"":""c80:openlogic:rights-assignment:unit:OLP-0370""}"
urn:uuid:41951be4-3115-5a91-947d-55cba04d64f8,rights_assignment,"{""dataset_id"":""urn:uuid:fdfa2782-db96-5e60-bcb3-d206d78b960a"",""id"":""urn:uuid:41951be4-3115-5a91-947d-55cba04d64f8"",""normalized_state"":""published"",""owner_authority_id"":""urn:uuid:ba324c09-ea3b-5b7d-a8de-40df0fcc5e83"",""owner_native_state"":""verified"",""payload"":{""assignment_state"":""effective"",""inheritance"":""direct_from_frozen_edition"",""rights_id"":""urn:uuid:3f181e34-b5ab-550e-89bb-fd3d6c717bd0"",""target_id"":""urn:uuid:dbac5bdb-fa5b-5c73-8269-7e42372e77c8"",""target_native_id"":""OLP-0371""},""record_type"":""rights_assignment"",""recorded_at"":""2026-08-31T00:00:00Z"",""semantic_key"":""c80:openlogic:rights-assignment:unit:OLP-0371""}"
urn:uuid:a5f7cd1a-d1ed-5640-afbf-cc4839471661,rights_assignment,"{""dataset_id"":""urn:uuid:fdfa2782-db96-5e60-bcb3-d206d78b960a"",""id"":""urn:uuid:a5f7cd1a-d1ed-5640-afbf-cc4839471661"",""normalized_state"":""published"",""owner_authority_id"":""urn:uuid:ba324c09-ea3b-5b7d-a8de-40df0fcc5e83"",""owner_native_state"":""verified"",""payload"":{""assignment_state"":""effective"",""inheritance"":""direct_from_frozen_edition"",""rights_id"":""urn:uuid:3f181e34-b5ab-550e-89bb-fd3d6c717bd0"",""target_id"":""urn:uuid:2a9eb2c6-acbc-5b6c-85f0-72fd1707f217"",""target_native_id"":""OLP-0372""},""record_type"":""rights_assignment"",""recorded_at"":""2026-08-31T00:00:00Z"",""semantic_key"":""c80:openlogic:rights-assignment:unit:OLP-0372""}"
urn:uuid:7e46e0f3-b5c0-5633-b585-64cb08a32c81,rights_assignment,"{""dataset_id"":""urn:uuid:fdfa2782-db96-5e60-bcb3-d206d78b960a"",""id"":""urn:uuid:7e46e0f3-b5c0-5633-b585-64cb08a32c81"",""normalized_state"":""published"",""owner_authority_id"":""urn:uuid:ba324c09-ea3b-5b7d-a8de-40df0fcc5e83"",""owner_native_state"":""verified"",""payload"":{""assignment_state"":""effective"",""inheritance"":""direct_from_frozen_edition"",""rights_id"":""urn:uuid:3f181e34-b5ab-550e-89bb-fd3d6c717bd0"",""target_id"":""urn:uuid:7313ae84-f346-54a4-bea3-98a439b9a6aa"",""target_native_id"":""OLP-0373""},""record_type"":""rights_assignment"",""recorded_at"":""2026-08-31T00:00:00Z"",""semantic_key"":""c80:openlogic:rights-assignment:unit:OLP-0373""}"
urn:uuid:f5a9ff8c-1e8a-5223-97d4-7e87cec51530,rights_assignment,"{""dataset_id"":""urn:uuid:fdfa2782-db96-5e60-bcb3-d206d78b960a"",""id"":""urn:uuid:f5a9ff8c-1e8a-5223-97d4-7e87cec51530"",""normalized_state"":""published"",""owner_authority_id"":""urn:uuid:ba324c09-ea3b-5b7d-a8de-40df0fcc5e83"",""owner_native_state"":""verified"",""payload"":{""assignment_state"":""effective"",""inheritance"":""direct_from_frozen_edition"",""rights_id"":""urn:uuid:3f181e34-b5ab-550e-89bb-fd3d6c717bd0"",""target_id"":""urn:uuid:568c8552-6749-5c36-abc9-4338a7426558"",""target_native_id"":""OLP-0374""},""record_type"":""rights_assignment"",""recorded_at"":""2026-08-31T00:00:00Z"",""semantic_key"":""c80:openlogic:rights-assignment:unit:OLP-0374""}"
urn:uuid:602e95ad-91e3-5d83-b635-5dbf31471910,rights_assignment,"{""dataset_id"":""urn:uuid:fdfa2782-db96-5e60-bcb3-d206d78b960a"",""id"":""urn:uuid:602e95ad-91e3-5d83-b635-5dbf31471910"",""normalized_state"":""published"",""owner_authority_id"":""urn:uuid:ba324c09-ea3b-5b7d-a8de-40df0fcc5e83"",""owner_native_state"":""verified"",""payload"":{""assignment_state"":""effective"",""inheritance"":""direct_from_frozen_edition"",""rights_id"":""urn:uuid:3f181e34-b5ab-550e-89bb-fd3d6c717bd0"",""target_id"":""urn:uuid:01cc967e-d1db-5cd4-98a9-d73000498fd0"",""target_native_id"":""OLP-0375""},""record_type"":""rights_assignment"",""recorded_at"":""2026-08-31T00:00:00Z"",""semantic_key"":""c80:openlogic:rights-assignment:unit:OLP-0375""}"
urn:uuid:af50eacb-0c31-500e-a26b-43b20348b310,rights_assignment,"{""dataset_id"":""urn:uuid:fdfa2782-db96-5e60-bcb3-d206d78b960a"",""id"":""urn:uuid:af50eacb-0c31-500e-a26b-43b20348b310"",""normalized_state"":""published"",""owner_authority_id"":""urn:uuid:ba324c09-ea3b-5b7d-a8de-40df0fcc5e83"",""owner_native_state"":""verified"",""payload"":{""assignment_state"":""effective"",""inheritance"":""direct_from_frozen_edition"",""rights_id"":""urn:uuid:3f181e34-b5ab-550e-89bb-fd3d6c717bd0"",""target_id"":""urn:uuid:d70fb476-e254-51dc-8801-1c306ceae717"",""target_native_id"":""OLP-0376""},""record_type"":""rights_assignment"",""recorded_at"":""2026-08-31T00:00:00Z"",""semantic_key"":""c80:openlogic:rights-assignment:unit:OLP-0376""}"
urn:uuid:693bc49f-2fac-514f-a06b-44c88c660d36,rights_assignment,"{""dataset_id"":""urn:uuid:fdfa2782-db96-5e60-bcb3-d206d78b960a"",""id"":""urn:uuid:693bc49f-2fac-514f-a06b-44c88c660d36"",""normalized_state"":""published"",""owner_authority_id"":""urn:uuid:ba324c09-ea3b-5b7d-a8de-40df0fcc5e83"",""owner_native_state"":""verified"",""payload"":{""assignment_state"":""effective"",""inheritance"":""direct_from_frozen_edition"",""rights_id"":""urn:uuid:3f181e34-b5ab-550e-89bb-fd3d6c717bd0"",""target_id"":""urn:uuid:13ed2408-e2b6-5707-9580-86b6cfffd926"",""target_native_id"":""OLP-0377""},""record_type"":""rights_assignment"",""recorded_at"":""2026-08-31T00:00:00Z"",""semantic_key"":""c80:openlogic:rights-assignment:unit:OLP-0377""}"
urn:uuid:b4dc204f-324b-5fa1-ad9d-210689061e5b,rights_assignment,"{""dataset_id"":""urn:uuid:fdfa2782-db96-5e60-bcb3-d206d78b960a"",""id"":""urn:uuid:b4dc204f-324b-5fa1-ad9d-210689061e5b"",""normalized_state"":""published"",""owner_authority_id"":""urn:uuid:ba324c09-ea3b-5b7d-a8de-40df0fcc5e83"",""owner_native_state"":""verified"",""payload"":{""assignment_state"":""effective"",""inheritance"":""direct_from_frozen_edition"",""rights_id"":""urn:uuid:3f181e34-b5ab-550e-89bb-fd3d6c717bd0"",""target_id"":""urn:uuid:92be7be9-ff9f-507f-b787-d575216d0e7c"",""target_native_id"":""OLP-0378""},""record_type"":""rights_assignment"",""recorded_at"":""2026-08-31T00:00:00Z"",""semantic_key"":""c80:openlogic:rights-assignment:unit:OLP-0378""}"
urn:uuid:3a66e479-9d65-57b4-a24c-03b5ff816194,rights_assignment,"{""dataset_id"":""urn:uuid:fdfa2782-db96-5e60-bcb3-d206d78b960a"",""id"":""urn:uuid:3a66e479-9d65-57b4-a24c-03b5ff816194"",""normalized_state"":""published"",""owner_authority_id"":""urn:uuid:ba324c09-ea3b-5b7d-a8de-40df0fcc5e83"",""owner_native_state"":""verified"",""payload"":{""assignment_state"":""effective"",""inheritance"":""direct_from_frozen_edition"",""rights_id"":""urn:uuid:3f181e34-b5ab-550e-89bb-fd3d6c717bd0"",""target_id"":""urn:uuid:b7e70bb2-969c-5efd-9cad-647521bf0c58"",""target_native_id"":""OLP-0379""},""record_type"":""rights_assignment"",""recorded_at"":""2026-08-31T00:00:00Z"",""semantic_key"":""c80:openlogic:rights-assignment:unit:OLP-0379""}"
urn:uuid:56c17a43-2460-5554-a3c6-2ba20835e7d5,rights_assignment,"{""dataset_id"":""urn:uuid:fdfa2782-db96-5e60-bcb3-d206d78b960a"",""id"":""urn:uuid:56c17a43-2460-5554-a3c6-2ba20835e7d5"",""normalized_state"":""published"",""owner_authority_id"":""urn:uuid:ba324c09-ea3b-5b7d-a8de-40df0fcc5e83"",""owner_native_state"":""verified"",""payload"":{""assignment_state"":""effective"",""inheritance"":""direct_from_frozen_edition"",""rights_id"":""urn:uuid:3f181e34-b5ab-550e-89bb-fd3d6c717bd0"",""target_id"":""urn:uuid:e3e676ce-4406-5fc2-8537-c6b6ce5085a7"",""target_native_id"":""OLP-0380""},""record_type"":""rights_assignment"",""recorded_at"":""2026-08-31T00:00:00Z"",""semantic_key"":""c80:openlogic:rights-assignment:unit:OLP-0380""}"
urn:uuid:0cc7f390-2897-56da-addd-d3b894f7b8c1,rights_assignment,"{""dataset_id"":""urn:uuid:fdfa2782-db96-5e60-bcb3-d206d78b960a"",""id"":""urn:uuid:0cc7f390-2897-56da-addd-d3b894f7b8c1"",""normalized_state"":""published"",""owner_authority_id"":""urn:uuid:ba324c09-ea3b-5b7d-a8de-40df0fcc5e83"",""owner_native_state"":""verified"",""payload"":{""assignment_state"":""effective"",""inheritance"":""direct_from_frozen_edition"",""rights_id"":""urn:uuid:3f181e34-b5ab-550e-89bb-fd3d6c717bd0"",""target_id"":""urn:uuid:f78327e9-2d3f-501a-9a35-7791e56d9c19"",""target_native_id"":""OLP-0381""},""record_type"":""rights_assignment"",""recorded_at"":""2026-08-31T00:00:00Z"",""semantic_key"":""c80:openlogic:rights-assignment:unit:OLP-0381""}"
urn:uuid:1185e49a-b1e2-5371-9f60-6e078e64bcd5,rights_assignment,"{""dataset_id"":""urn:uuid:fdfa2782-db96-5e60-bcb3-d206d78b960a"",""id"":""urn:uuid:1185e49a-b1e2-5371-9f60-6e078e64bcd5"",""normalized_state"":""published"",""owner_authority_id"":""urn:uuid:ba324c09-ea3b-5b7d-a8de-40df0fcc5e83"",""owner_native_state"":""verified"",""payload"":{""assignment_state"":""effective"",""inheritance"":""direct_from_frozen_edition"",""rights_id"":""urn:uuid:3f181e34-b5ab-550e-89bb-fd3d6c717bd0"",""target_id"":""urn:uuid:25c7c21f-e1de-546f-b379-8d54a76dafda"",""target_native_id"":""OLP-0382""},""record_type"":""rights_assignment"",""recorded_at"":""2026-08-31T00:00:00Z"",""semantic_key"":""c80:openlogic:rights-assignment:unit:OLP-0382""}"
urn:uuid:ba0a50c2-ccb8-52e3-a818-70cd75f5e178,rights_assignment,"{""dataset_id"":""urn:uuid:fdfa2782-db96-5e60-bcb3-d206d78b960a"",""id"":""urn:uuid:ba0a50c2-ccb8-52e3-a818-70cd75f5e178"",""normalized_state"":""published"",""owner_authority_id"":""urn:uuid:ba324c09-ea3b-5b7d-a8de-40df0fcc5e83"",""owner_native_state"":""verified"",""payload"":{""assignment_state"":""effective"",""inheritance"":""direct_from_frozen_edition"",""rights_id"":""urn:uuid:3f181e34-b5ab-550e-89bb-fd3d6c717bd0"",""target_id"":""urn:uuid:db142681-d674-585d-9665-6ff918c5101e"",""target_native_id"":""OLP-0383""},""record_type"":""rights_assignment"",""recorded_at"":""2026-08-31T00:00:00Z"",""semantic_key"":""c80:openlogic:rights-assignment:unit:OLP-0383""}"
urn:uuid:9f751455-6951-5498-ba86-1fbd9d81d7d0,rights_assignment,"{""dataset_id"":""urn:uuid:fdfa2782-db96-5e60-bcb3-d206d78b960a"",""id"":""urn:uuid:9f751455-6951-5498-ba86-1fbd9d81d7d0"",""normalized_state"":""published"",""owner_authority_id"":""urn:uuid:ba324c09-ea3b-5b7d-a8de-40df0fcc5e83"",""owner_native_state"":""verified"",""payload"":{""assignment_state"":""effective"",""inheritance"":""direct_from_frozen_edition"",""rights_id"":""urn:uuid:3f181e34-b5ab-550e-89bb-fd3d6c717bd0"",""target_id"":""urn:uuid:dc4dd4e6-ff44-54d5-9013-e303b65c66b1"",""target_native_id"":""OLP-0384""},""record_type"":""rights_assignment"",""recorded_at"":""2026-08-31T00:00:00Z"",""semantic_key"":""c80:openlogic:rights-assignment:unit:OLP-0384""}"
urn:uuid:a4b814d4-157e-547d-836e-907e506d741a,rights_assignment,"{""dataset_id"":""urn:uuid:fdfa2782-db96-5e60-bcb3-d206d78b960a"",""id"":""urn:uuid:a4b814d4-157e-547d-836e-907e506d741a"",""normalized_state"":""published"",""owner_authority_id"":""urn:uuid:ba324c09-ea3b-5b7d-a8de-40df0fcc5e83"",""owner_native_state"":""verified"",""payload"":{""assignment_state"":""effective"",""inheritance"":""direct_from_frozen_edition"",""rights_id"":""urn:uuid:3f181e34-b5ab-550e-89bb-fd3d6c717bd0"",""target_id"":""urn:uuid:560289ad-6d80-53e9-9d74-dabfeeefe3eb"",""target_native_id"":""OLP-0385""},""record_type"":""rights_assignment"",""recorded_at"":""2026-08-31T00:00:00Z"",""semantic_key"":""c80:openlogic:rights-assignment:unit:OLP-0385""}"
urn:uuid:88611ac0-cb4c-5e45-b1ea-8e56e066711f,rights_assignment,"{""dataset_id"":""urn:uuid:fdfa2782-db96-5e60-bcb3-d206d78b960a"",""id"":""urn:uuid:88611ac0-cb4c-5e45-b1ea-8e56e066711f"",""normalized_state"":""published"",""owner_authority_id"":""urn:uuid:ba324c09-ea3b-5b7d-a8de-40df0fcc5e83"",""owner_native_state"":""verified"",""payload"":{""assignment_state"":""effective"",""inheritance"":""direct_from_frozen_edition"",""rights_id"":""urn:uuid:3f181e34-b5ab-550e-89bb-fd3d6c717bd0"",""target_id"":""urn:uuid:785fc139-4089-5582-a025-51d340df081f"",""target_native_id"":""OLP-0386""},""record_type"":""rights_assignment"",""recorded_at"":""2026-08-31T00:00:00Z"",""semantic_key"":""c80:openlogic:rights-assignment:unit:OLP-0386""}"
urn:uuid:40c57121-ea5d-561e-9ab5-b3cedb4659fd,rights_assignment,"{""dataset_id"":""urn:uuid:fdfa2782-db96-5e60-bcb3-d206d78b960a"",""id"":""urn:uuid:40c57121-ea5d-561e-9ab5-b3cedb4659fd"",""normalized_state"":""published"",""owner_authority_id"":""urn:uuid:ba324c09-ea3b-5b7d-a8de-40df0fcc5e83"",""owner_native_state"":""verified"",""payload"":{""assignment_state"":""effective"",""inheritance"":""direct_from_frozen_edition"",""rights_id"":""urn:uuid:3f181e34-b5ab-550e-89bb-fd3d6c717bd0"",""target_id"":""urn:uuid:492a3d66-6704-506a-b123-1fa33d717971"",""target_native_id"":""OLP-0387""},""record_type"":""rights_assignment"",""recorded_at"":""2026-08-31T00:00:00Z"",""semantic_key"":""c80:openlogic:rights-assignment:unit:OLP-0387""}"
urn:uuid:efd28ca7-8fd8-5fab-a7e3-d9b19b759e17,rights_assignment,"{""dataset_id"":""urn:uuid:fdfa2782-db96-5e60-bcb3-d206d78b960a"",""id"":""urn:uuid:efd28ca7-8fd8-5fab-a7e3-d9b19b759e17"",""normalized_state"":""published"",""owner_authority_id"":""urn:uuid:ba324c09-ea3b-5b7d-a8de-40df0fcc5e83"",""owner_native_state"":""verified"",""payload"":{""assignment_state"":""effective"",""inheritance"":""direct_from_frozen_edition"",""rights_id"":""urn:uuid:3f181e34-b5ab-550e-89bb-fd3d6c717bd0"",""target_id"":""urn:uuid:4ec4c1a2-7c78-5d14-b5da-0ebec1d874aa"",""target_native_id"":""OLP-0388""},""record_type"":""rights_assignment"",""recorded_at"":""2026-08-31T00:00:00Z"",""semantic_key"":""c80:openlogic:rights-assignment:unit:OLP-0388""}"
urn:uuid:e126a198-18ae-50e4-ad0e-358c5c0729fb,rights_assignment,"{""dataset_id"":""urn:uuid:fdfa2782-db96-5e60-bcb3-d206d78b960a"",""id"":""urn:uuid:e126a198-18ae-50e4-ad0e-358c5c0729fb"",""normalized_state"":""published"",""owner_authority_id"":""urn:uuid:ba324c09-ea3b-5b7d-a8de-40df0fcc5e83"",""owner_native_state"":""verified"",""payload"":{""assignment_state"":""effective"",""inheritance"":""direct_from_frozen_edition"",""rights_id"":""urn:uuid:3f181e34-b5ab-550e-89bb-fd3d6c717bd0"",""target_id"":""urn:uuid:1e99403d-2cbd-5d0c-843e-1236a71f921f"",""target_native_id"":""OLP-0389""},""record_type"":""rights_assignment"",""recorded_at"":""2026-08-31T00:00:00Z"",""semantic_key"":""c80:openlogic:rights-assignment:unit:OLP-0389""}"
urn:uuid:503709b8-e0b5-5efa-add9-1226fac50ded,rights_assignment,"{""dataset_id"":""urn:uuid:fdfa2782-db96-5e60-bcb3-d206d78b960a"",""id"":""urn:uuid:503709b8-e0b5-5efa-add9-1226fac50ded"",""normalized_state"":""published"",""owner_authority_id"":""urn:uuid:ba324c09-ea3b-5b7d-a8de-40df0fcc5e83"",""owner_native_state"":""verified"",""payload"":{""assignment_state"":""effective"",""inheritance"":""direct_from_frozen_edition"",""rights_id"":""urn:uuid:3f181e34-b5ab-550e-89bb-fd3d6c717bd0"",""target_id"":""urn:uuid:1fc98585-5819-5f86-bb40-c14b0f31c18f"",""target_native_id"":""OLP-0390""},""record_type"":""rights_assignment"",""recorded_at"":""2026-08-31T00:00:00Z"",""semantic_key"":""c80:openlogic:rights-assignment:unit:OLP-0390""}"
urn:uuid:51bfcb6c-1d68-5b4b-8590-25358c4b9490,rights_assignment,"{""dataset_id"":""urn:uuid:fdfa2782-db96-5e60-bcb3-d206d78b960a"",""id"":""urn:uuid:51bfcb6c-1d68-5b4b-8590-25358c4b9490"",""normalized_state"":""published"",""owner_authority_id"":""urn:uuid:ba324c09-ea3b-5b7d-a8de-40df0fcc5e83"",""owner_native_state"":""verified"",""payload"":{""assignment_state"":""effective"",""inheritance"":""direct_from_frozen_edition"",""rights_id"":""urn:uuid:3f181e34-b5ab-550e-89bb-fd3d6c717bd0"",""target_id"":""urn:uuid:20ba92ed-21a0-5d50-b9c8-6ec179e5ef7f"",""target_native_id"":""OLP-0391""},""record_type"":""rights_assignment"",""recorded_at"":""2026-08-31T00:00:00Z"",""semantic_key"":""c80:openlogic:rights-assignment:unit:OLP-0391""}"
urn:uuid:7a1faa8f-9f86-55d6-af28-54b20eba4801,rights_assignment,"{""dataset_id"":""urn:uuid:fdfa2782-db96-5e60-bcb3-d206d78b960a"",""id"":""urn:uuid:7a1faa8f-9f86-55d6-af28-54b20eba4801"",""normalized_state"":""published"",""owner_authority_id"":""urn:uuid:ba324c09-ea3b-5b7d-a8de-40df0fcc5e83"",""owner_native_state"":""verified"",""payload"":{""assignment_state"":""effective"",""inheritance"":""direct_from_frozen_edition"",""rights_id"":""urn:uuid:3f181e34-b5ab-550e-89bb-fd3d6c717bd0"",""target_id"":""urn:uuid:b4cf3025-7a53-5260-8938-217b88b0988d"",""target_native_id"":""OLP-0392""},""record_type"":""rights_assignment"",""recorded_at"":""2026-08-31T00:00:00Z"",""semantic_key"":""c80:openlogic:rights-assignment:unit:OLP-0392""}"
urn:uuid:8b943898-87e7-568a-80e3-3e73b771a0d3,rights_assignment,"{""dataset_id"":""urn:uuid:fdfa2782-db96-5e60-bcb3-d206d78b960a"",""id"":""urn:uuid:8b943898-87e7-568a-80e3-3e73b771a0d3"",""normalized_state"":""published"",""owner_authority_id"":""urn:uuid:ba324c09-ea3b-5b7d-a8de-40df0fcc5e83"",""owner_native_state"":""verified"",""payload"":{""assignment_state"":""effective"",""inheritance"":""direct_from_frozen_edition"",""rights_id"":""urn:uuid:3f181e34-b5ab-550e-89bb-fd3d6c717bd0"",""target_id"":""urn:uuid:fd7266e5-5ac2-50df-9c57-c9450e8a2c77"",""target_native_id"":""OLP-0393""},""record_type"":""rights_assignment"",""recorded_at"":""2026-08-31T00:00:00Z"",""semantic_key"":""c80:openlogic:rights-assignment:unit:OLP-0393""}"
urn:uuid:38761b09-c759-58f1-80f8-ef7612e070cc,rights_assignment,"{""dataset_id"":""urn:uuid:fdfa2782-db96-5e60-bcb3-d206d78b960a"",""id"":""urn:uuid:38761b09-c759-58f1-80f8-ef7612e070cc"",""normalized_state"":""published"",""owner_authority_id"":""urn:uuid:ba324c09-ea3b-5b7d-a8de-40df0fcc5e83"",""owner_native_state"":""verified"",""payload"":{""assignment_state"":""effective"",""inheritance"":""direct_from_frozen_edition"",""rights_id"":""urn:uuid:3f181e34-b5ab-550e-89bb-fd3d6c717bd0"",""target_id"":""urn:uuid:d3e57e9c-5b37-5c23-8e7c-85f39b9cccd5"",""target_native_id"":""OLP-0394""},""record_type"":""rights_assignment"",""recorded_at"":""2026-08-31T00:00:00Z"",""semantic_key"":""c80:openlogic:rights-assignment:unit:OLP-0394""}"
urn:uuid:c3e365e1-2c64-56a9-b0ef-75f3ada5c844,rights_assignment,"{""dataset_id"":""urn:uuid:fdfa2782-db96-5e60-bcb3-d206d78b960a"",""id"":""urn:uuid:c3e365e1-2c64-56a9-b0ef-75f3ada5c844"",""normalized_state"":""published"",""owner_authority_id"":""urn:uuid:ba324c09-ea3b-5b7d-a8de-40df0fcc5e83"",""owner_native_state"":""verified"",""payload"":{""assignment_state"":""effective"",""inheritance"":""direct_from_frozen_edition"",""rights_id"":""urn:uuid:3f181e34-b5ab-550e-89bb-fd3d6c717bd0"",""target_id"":""urn:uuid:3d7ef30c-af2a-5b44-9fdf-f9caf36a2e9a"",""target_native_id"":""OLP-0395""},""record_type"":""rights_assignment"",""recorded_at"":""2026-08-31T00:00:00Z"",""semantic_key"":""c80:openlogic:rights-assignment:unit:OLP-0395""}"
urn:uuid:ba44c263-7d88-51bf-aeca-e043dea3c907,rights_assignment,"{""dataset_id"":""urn:uuid:fdfa2782-db96-5e60-bcb3-d206d78b960a"",""id"":""urn:uuid:ba44c263-7d88-51bf-aeca-e043dea3c907"",""normalized_state"":""published"",""owner_authority_id"":""urn:uuid:ba324c09-ea3b-5b7d-a8de-40df0fcc5e83"",""owner_native_state"":""verified"",""payload"":{""assignment_state"":""effective"",""inheritance"":""direct_from_frozen_edition"",""rights_id"":""urn:uuid:3f181e34-b5ab-550e-89bb-fd3d6c717bd0"",""target_id"":""urn:uuid:a1bae3e0-df5d-5892-9037-59dd7e54eddf"",""target_native_id"":""OLP-0396""},""record_type"":""rights_assignment"",""recorded_at"":""2026-08-31T00:00:00Z"",""semantic_key"":""c80:openlogic:rights-assignment:unit:OLP-0396""}"
urn:uuid:071c5c8a-634b-5661-990f-d4c6fcbd926c,rights_assignment,"{""dataset_id"":""urn:uuid:fdfa2782-db96-5e60-bcb3-d206d78b960a"",""id"":""urn:uuid:071c5c8a-634b-5661-990f-d4c6fcbd926c"",""normalized_state"":""published"",""owner_authority_id"":""urn:uuid:ba324c09-ea3b-5b7d-a8de-40df0fcc5e83"",""owner_native_state"":""verified"",""payload"":{""assignment_state"":""effective"",""inheritance"":""direct_from_frozen_edition"",""rights_id"":""urn:uuid:3f181e34-b5ab-550e-89bb-fd3d6c717bd0"",""target_id"":""urn:uuid:64ef46ca-83c3-5c1e-b5eb-5e244d49ec74"",""target_native_id"":""OLP-0397""},""record_type"":""rights_assignment"",""recorded_at"":""2026-08-31T00:00:00Z"",""semantic_key"":""c80:openlogic:rights-assignment:unit:OLP-0397""}"
urn:uuid:11a66c3f-1d30-572f-af30-977d20843f83,rights_assignment,"{""dataset_id"":""urn:uuid:fdfa2782-db96-5e60-bcb3-d206d78b960a"",""id"":""urn:uuid:11a66c3f-1d30-572f-af30-977d20843f83"",""normalized_state"":""published"",""owner_authority_id"":""urn:uuid:ba324c09-ea3b-5b7d-a8de-40df0fcc5e83"",""owner_native_state"":""verified"",""payload"":{""assignment_state"":""effective"",""inheritance"":""direct_from_frozen_edition"",""rights_id"":""urn:uuid:3f181e34-b5ab-550e-89bb-fd3d6c717bd0"",""target_id"":""urn:uuid:8fa9702f-9a50-578a-bcd0-f43bd6cdc46a"",""target_native_id"":""OLP-0398""},""record_type"":""rights_assignment"",""recorded_at"":""2026-08-31T00:00:00Z"",""semantic_key"":""c80:openlogic:rights-assignment:unit:OLP-0398""}"
urn:uuid:ad561902-81f1-535f-b3c6-0f3913793182,rights_assignment,"{""dataset_id"":""urn:uuid:fdfa2782-db96-5e60-bcb3-d206d78b960a"",""id"":""urn:uuid:ad561902-81f1-535f-b3c6-0f3913793182"",""normalized_state"":""published"",""owner_authority_id"":""urn:uuid:ba324c09-ea3b-5b7d-a8de-40df0fcc5e83"",""owner_native_state"":""verified"",""payload"":{""assignment_state"":""effective"",""inheritance"":""direct_from_frozen_edition"",""rights_id"":""urn:uuid:3f181e34-b5ab-550e-89bb-fd3d6c717bd0"",""target_id"":""urn:uuid:7fd44070-ea7a-5322-8fc3-dd804f10b811"",""target_native_id"":""OLP-0399""},""record_type"":""rights_assignment"",""recorded_at"":""2026-08-31T00:00:00Z"",""semantic_key"":""c80:openlogic:rights-assignment:unit:OLP-0399""}"
urn:uuid:2ee17396-e769-5b3f-aa53-231885037e2e,rights_assignment,"{""dataset_id"":""urn:uuid:fdfa2782-db96-5e60-bcb3-d206d78b960a"",""id"":""urn:uuid:2ee17396-e769-5b3f-aa53-231885037e2e"",""normalized_state"":""published"",""owner_authority_id"":""urn:uuid:ba324c09-ea3b-5b7d-a8de-40df0fcc5e83"",""owner_native_state"":""verified"",""payload"":{""assignment_state"":""effective"",""inheritance"":""direct_from_frozen_edition"",""rights_id"":""urn:uuid:3f181e34-b5ab-550e-89bb-fd3d6c717bd0"",""target_id"":""urn:uuid:ad9d9897-de29-5bd0-bce5-7db3200fd7c9"",""target_native_id"":""OLP-0400""},""record_type"":""rights_assignment"",""recorded_at"":""2026-08-31T00:00:00Z"",""semantic_key"":""c80:openlogic:rights-assignment:unit:OLP-0400""}"
urn:uuid:2533ed17-c630-5029-96af-e77b94edcc83,rights_assignment,"{""dataset_id"":""urn:uuid:fdfa2782-db96-5e60-bcb3-d206d78b960a"",""id"":""urn:uuid:2533ed17-c630-5029-96af-e77b94edcc83"",""normalized_state"":""published"",""owner_authority_id"":""urn:uuid:ba324c09-ea3b-5b7d-a8de-40df0fcc5e83"",""owner_native_state"":""verified"",""payload"":{""assignment_state"":""effective"",""inheritance"":""direct_from_frozen_edition"",""rights_id"":""urn:uuid:3f181e34-b5ab-550e-89bb-fd3d6c717bd0"",""target_id"":""urn:uuid:c0ffc5e2-7194-5824-b4ce-53c84e0d658d"",""target_native_id"":""OLP-0401""},""record_type"":""rights_assignment"",""recorded_at"":""2026-08-31T00:00:00Z"",""semantic_key"":""c80:openlogic:rights-assignment:unit:OLP-0401""}"
urn:uuid:2cda2cf0-5f0a-5de0-9bff-d4827564656a,rights_assignment,"{""dataset_id"":""urn:uuid:fdfa2782-db96-5e60-bcb3-d206d78b960a"",""id"":""urn:uuid:2cda2cf0-5f0a-5de0-9bff-d4827564656a"",""normalized_state"":""published"",""owner_authority_id"":""urn:uuid:ba324c09-ea3b-5b7d-a8de-40df0fcc5e83"",""owner_native_state"":""verified"",""payload"":{""assignment_state"":""effective"",""inheritance"":""direct_from_frozen_edition"",""rights_id"":""urn:uuid:3f181e34-b5ab-550e-89bb-fd3d6c717bd0"",""target_id"":""urn:uuid:0aadc503-a416-5356-8a6d-28e6438c9c66"",""target_native_id"":""OLP-0402""},""record_type"":""rights_assignment"",""recorded_at"":""2026-08-31T00:00:00Z"",""semantic_key"":""c80:openlogic:rights-assignment:unit:OLP-0402""}"
urn:uuid:dad7cae8-3b78-5ed8-95d1-2dba5433ca28,rights_assignment,"{""dataset_id"":""urn:uuid:fdfa2782-db96-5e60-bcb3-d206d78b960a"",""id"":""urn:uuid:dad7cae8-3b78-5ed8-95d1-2dba5433ca28"",""normalized_state"":""published"",""owner_authority_id"":""urn:uuid:ba324c09-ea3b-5b7d-a8de-40df0fcc5e83"",""owner_native_state"":""verified"",""payload"":{""assignment_state"":""effective"",""inheritance"":""direct_from_frozen_edition"",""rights_id"":""urn:uuid:3f181e34-b5ab-550e-89bb-fd3d6c717bd0"",""target_id"":""urn:uuid:c4266d56-e1e2-59b1-a18c-d2de9ba6b624"",""target_native_id"":""OLP-0403""},""record_type"":""rights_assignment"",""recorded_at"":""2026-08-31T00:00:00Z"",""semantic_key"":""c80:openlogic:rights-assignment:unit:OLP-0403""}"
urn:uuid:d3d0cd7f-c198-52b2-84c8-e9526cd9039c,rights_assignment,"{""dataset_id"":""urn:uuid:fdfa2782-db96-5e60-bcb3-d206d78b960a"",""id"":""urn:uuid:d3d0cd7f-c198-52b2-84c8-e9526cd9039c"",""normalized_state"":""published"",""owner_authority_id"":""urn:uuid:ba324c09-ea3b-5b7d-a8de-40df0fcc5e83"",""owner_native_state"":""verified"",""payload"":{""assignment_state"":""effective"",""inheritance"":""direct_from_frozen_edition"",""rights_id"":""urn:uuid:3f181e34-b5ab-550e-89bb-fd3d6c717bd0"",""target_id"":""urn:uuid:8111ba8a-e30e-5a32-8b16-ef5c7d90140a"",""target_native_id"":""OLP-0404""},""record_type"":""rights_assignment"",""recorded_at"":""2026-08-31T00:00:00Z"",""semantic_key"":""c80:openlogic:rights-assignment:unit:OLP-0404""}"
urn:uuid:f9ab7f6b-ef4c-5a64-9e5d-fb80c24054bc,rights_assignment,"{""dataset_id"":""urn:uuid:fdfa2782-db96-5e60-bcb3-d206d78b960a"",""id"":""urn:uuid:f9ab7f6b-ef4c-5a64-9e5d-fb80c24054bc"",""normalized_state"":""published"",""owner_authority_id"":""urn:uuid:ba324c09-ea3b-5b7d-a8de-40df0fcc5e83"",""owner_native_state"":""verified"",""payload"":{""assignment_state"":""effective"",""inheritance"":""direct_from_frozen_edition"",""rights_id"":""urn:uuid:3f181e34-b5ab-550e-89bb-fd3d6c717bd0"",""target_id"":""urn:uuid:00e3811e-ea19-5373-ae65-d0932cf243bc"",""target_native_id"":""OLP-0405""},""record_type"":""rights_assignment"",""recorded_at"":""2026-08-31T00:00:00Z"",""semantic_key"":""c80:openlogic:rights-assignment:unit:OLP-0405""}"
urn:uuid:9252f5a2-119c-5bd7-aeae-632bcc53cc18,rights_assignment,"{""dataset_id"":""urn:uuid:fdfa2782-db96-5e60-bcb3-d206d78b960a"",""id"":""urn:uuid:9252f5a2-119c-5bd7-aeae-632bcc53cc18"",""normalized_state"":""published"",""owner_authority_id"":""urn:uuid:ba324c09-ea3b-5b7d-a8de-40df0fcc5e83"",""owner_native_state"":""verified"",""payload"":{""assignment_state"":""effective"",""inheritance"":""direct_from_frozen_edition"",""rights_id"":""urn:uuid:3f181e34-b5ab-550e-89bb-fd3d6c717bd0"",""target_id"":""urn:uuid:69fb6e9e-9d52-503c-9e4f-b798a732f3eb"",""target_native_id"":""OLP-0406""},""record_type"":""rights_assignment"",""recorded_at"":""2026-08-31T00:00:00Z"",""semantic_key"":""c80:openlogic:rights-assignment:unit:OLP-0406""}"
urn:uuid:6ae6730a-4d2b-5d29-a141-a36447e99500,rights_assignment,"{""dataset_id"":""urn:uuid:fdfa2782-db96-5e60-bcb3-d206d78b960a"",""id"":""urn:uuid:6ae6730a-4d2b-5d29-a141-a36447e99500"",""normalized_state"":""published"",""owner_authority_id"":""urn:uuid:ba324c09-ea3b-5b7d-a8de-40df0fcc5e83"",""owner_native_state"":""verified"",""payload"":{""assignment_state"":""effective"",""inheritance"":""direct_from_frozen_edition"",""rights_id"":""urn:uuid:3f181e34-b5ab-550e-89bb-fd3d6c717bd0"",""target_id"":""urn:uuid:85630e2f-38d6-56fc-a451-4f3ddf1729b7"",""target_native_id"":""OLP-0407""},""record_type"":""rights_assignment"",""recorded_at"":""2026-08-31T00:00:00Z"",""semantic_key"":""c80:openlogic:rights-assignment:unit:OLP-0407""}"
urn:uuid:d96d322d-007c-58a3-83d3-c797c39fe0a8,rights_assignment,"{""dataset_id"":""urn:uuid:fdfa2782-db96-5e60-bcb3-d206d78b960a"",""id"":""urn:uuid:d96d322d-007c-58a3-83d3-c797c39fe0a8"",""normalized_state"":""published"",""owner_authority_id"":""urn:uuid:ba324c09-ea3b-5b7d-a8de-40df0fcc5e83"",""owner_native_state"":""verified"",""payload"":{""assignment_state"":""effective"",""inheritance"":""direct_from_frozen_edition"",""rights_id"":""urn:uuid:3f181e34-b5ab-550e-89bb-fd3d6c717bd0"",""target_id"":""urn:uuid:ba719934-4df1-59e3-838f-8b1e2f52b9bf"",""target_native_id"":""OLP-0408""},""record_type"":""rights_assignment"",""recorded_at"":""2026-08-31T00:00:00Z"",""semantic_key"":""c80:openlogic:rights-assignment:unit:OLP-0408""}"
urn:uuid:a1fd8833-d800-5433-acd8-c1fe34e952df,rights_assignment,"{""dataset_id"":""urn:uuid:fdfa2782-db96-5e60-bcb3-d206d78b960a"",""id"":""urn:uuid:a1fd8833-d800-5433-acd8-c1fe34e952df"",""normalized_state"":""published"",""owner_authority_id"":""urn:uuid:ba324c09-ea3b-5b7d-a8de-40df0fcc5e83"",""owner_native_state"":""verified"",""payload"":{""assignment_state"":""effective"",""inheritance"":""direct_from_frozen_edition"",""rights_id"":""urn:uuid:3f181e34-b5ab-550e-89bb-fd3d6c717bd0"",""target_id"":""urn:uuid:76dec377-88a0-523c-8521-131051e9f79b"",""target_native_id"":""OLP-0409""},""record_type"":""rights_assignment"",""recorded_at"":""2026-08-31T00:00:00Z"",""semantic_key"":""c80:openlogic:rights-assignment:unit:OLP-0409""}"
urn:uuid:1fa55925-082b-5db4-9ecb-b343615374a6,rights_assignment,"{""dataset_id"":""urn:uuid:fdfa2782-db96-5e60-bcb3-d206d78b960a"",""id"":""urn:uuid:1fa55925-082b-5db4-9ecb-b343615374a6"",""normalized_state"":""published"",""owner_authority_id"":""urn:uuid:ba324c09-ea3b-5b7d-a8de-40df0fcc5e83"",""owner_native_state"":""verified"",""payload"":{""assignment_state"":""effective"",""inheritance"":""direct_from_frozen_edition"",""rights_id"":""urn:uuid:3f181e34-b5ab-550e-89bb-fd3d6c717bd0"",""target_id"":""urn:uuid:be9fd8bc-410f-5b27-99b3-1cba79b013cf"",""target_native_id"":""OLP-0410""},""record_type"":""rights_assignment"",""recorded_at"":""2026-08-31T00:00:00Z"",""semantic_key"":""c80:openlogic:rights-assignment:unit:OLP-0410""}"
urn:uuid:ec87f753-b738-52e6-9571-7740edb493a7,rights_assignment,"{""dataset_id"":""urn:uuid:fdfa2782-db96-5e60-bcb3-d206d78b960a"",""id"":""urn:uuid:ec87f753-b738-52e6-9571-7740edb493a7"",""normalized_state"":""published"",""owner_authority_id"":""urn:uuid:ba324c09-ea3b-5b7d-a8de-40df0fcc5e83"",""owner_native_state"":""verified"",""payload"":{""assignment_state"":""effective"",""inheritance"":""direct_from_frozen_edition"",""rights_id"":""urn:uuid:3f181e34-b5ab-550e-89bb-fd3d6c717bd0"",""target_id"":""urn:uuid:cf1d129c-84c5-5a0d-9480-dcc818e1ad84"",""target_native_id"":""OLP-0411""},""record_type"":""rights_assignment"",""recorded_at"":""2026-08-31T00:00:00Z"",""semantic_key"":""c80:openlogic:rights-assignment:unit:OLP-0411""}"
urn:uuid:025abc44-678b-5b22-b9b1-a70b78c9890d,rights_assignment,"{""dataset_id"":""urn:uuid:fdfa2782-db96-5e60-bcb3-d206d78b960a"",""id"":""urn:uuid:025abc44-678b-5b22-b9b1-a70b78c9890d"",""normalized_state"":""published"",""owner_authority_id"":""urn:uuid:ba324c09-ea3b-5b7d-a8de-40df0fcc5e83"",""owner_native_state"":""verified"",""payload"":{""assignment_state"":""effective"",""inheritance"":""direct_from_frozen_edition"",""rights_id"":""urn:uuid:3f181e34-b5ab-550e-89bb-fd3d6c717bd0"",""target_id"":""urn:uuid:c630035f-b40d-5edb-8d97-e29b0c39a62d"",""target_native_id"":""OLP-0412""},""record_type"":""rights_assignment"",""recorded_at"":""2026-08-31T00:00:00Z"",""semantic_key"":""c80:openlogic:rights-assignment:unit:OLP-0412""}"
urn:uuid:aa616abf-be4b-5181-8bab-e1a48ca8f880,rights_assignment,"{""dataset_id"":""urn:uuid:fdfa2782-db96-5e60-bcb3-d206d78b960a"",""id"":""urn:uuid:aa616abf-be4b-5181-8bab-e1a48ca8f880"",""normalized_state"":""published"",""owner_authority_id"":""urn:uuid:ba324c09-ea3b-5b7d-a8de-40df0fcc5e83"",""owner_native_state"":""verified"",""payload"":{""assignment_state"":""effective"",""inheritance"":""direct_from_frozen_edition"",""rights_id"":""urn:uuid:3f181e34-b5ab-550e-89bb-fd3d6c717bd0"",""target_id"":""urn:uuid:12dd0329-8feb-53af-b76d-696a9bf40e3f"",""target_native_id"":""OLP-0413""},""record_type"":""rights_assignment"",""recorded_at"":""2026-08-31T00:00:00Z"",""semantic_key"":""c80:openlogic:rights-assignment:unit:OLP-0413""}"
urn:uuid:5610fcaa-b50a-56fd-bce1-35f151640ea4,rights_assignment,"{""dataset_id"":""urn:uuid:fdfa2782-db96-5e60-bcb3-d206d78b960a"",""id"":""urn:uuid:5610fcaa-b50a-56fd-bce1-35f151640ea4"",""normalized_state"":""published"",""owner_authority_id"":""urn:uuid:ba324c09-ea3b-5b7d-a8de-40df0fcc5e83"",""owner_native_state"":""verified"",""payload"":{""assignment_state"":""effective"",""inheritance"":""direct_from_frozen_edition"",""rights_id"":""urn:uuid:3f181e34-b5ab-550e-89bb-fd3d6c717bd0"",""target_id"":""urn:uuid:f1129d20-f73e-55cb-8c84-cb53ba64569a"",""target_native_id"":""OLP-0414""},""record_type"":""rights_assignment"",""recorded_at"":""2026-08-31T00:00:00Z"",""semantic_key"":""c80:openlogic:rights-assignment:unit:OLP-0414""}"
urn:uuid:d70fd98d-0bde-5645-a9dd-bb7feff8afdb,rights_assignment,"{""dataset_id"":""urn:uuid:fdfa2782-db96-5e60-bcb3-d206d78b960a"",""id"":""urn:uuid:d70fd98d-0bde-5645-a9dd-bb7feff8afdb"",""normalized_state"":""published"",""owner_authority_id"":""urn:uuid:ba324c09-ea3b-5b7d-a8de-40df0fcc5e83"",""owner_native_state"":""verified"",""payload"":{""assignment_state"":""effective"",""inheritance"":""direct_from_frozen_edition"",""rights_id"":""urn:uuid:3f181e34-b5ab-550e-89bb-fd3d6c717bd0"",""target_id"":""urn:uuid:ec0dcd89-cc39-5ed7-a649-6aed2f5d847f"",""target_native_id"":""OLP-0415""},""record_type"":""rights_assignment"",""recorded_at"":""2026-08-31T00:00:00Z"",""semantic_key"":""c80:openlogic:rights-assignment:unit:OLP-0415""}"
urn:uuid:1af5a9ef-35de-5564-a436-67d636bf92d2,rights_assignment,"{""dataset_id"":""urn:uuid:fdfa2782-db96-5e60-bcb3-d206d78b960a"",""id"":""urn:uuid:1af5a9ef-35de-5564-a436-67d636bf92d2"",""normalized_state"":""published"",""owner_authority_id"":""urn:uuid:ba324c09-ea3b-5b7d-a8de-40df0fcc5e83"",""owner_native_state"":""verified"",""payload"":{""assignment_state"":""effective"",""inheritance"":""direct_from_frozen_edition"",""rights_id"":""urn:uuid:3f181e34-b5ab-550e-89bb-fd3d6c717bd0"",""target_id"":""urn:uuid:58469e5e-3712-50ef-a478-3fbc99f80b8e"",""target_native_id"":""OLP-0416""},""record_type"":""rights_assignment"",""recorded_at"":""2026-08-31T00:00:00Z"",""semantic_key"":""c80:openlogic:rights-assignment:unit:OLP-0416""}"
urn:uuid:bb732ea9-9a5b-51b2-b6f8-8b254a74eb96,rights_assignment,"{""dataset_id"":""urn:uuid:fdfa2782-db96-5e60-bcb3-d206d78b960a"",""id"":""urn:uuid:bb732ea9-9a5b-51b2-b6f8-8b254a74eb96"",""normalized_state"":""published"",""owner_authority_id"":""urn:uuid:ba324c09-ea3b-5b7d-a8de-40df0fcc5e83"",""owner_native_state"":""verified"",""payload"":{""assignment_state"":""effective"",""inheritance"":""direct_from_frozen_edition"",""rights_id"":""urn:uuid:3f181e34-b5ab-550e-89bb-fd3d6c717bd0"",""target_id"":""urn:uuid:996670c9-818b-5a21-a874-f26c3d03b233"",""target_native_id"":""OLP-0417""},""record_type"":""rights_assignment"",""recorded_at"":""2026-08-31T00:00:00Z"",""semantic_key"":""c80:openlogic:rights-assignment:unit:OLP-0417""}"
urn:uuid:72604b02-252d-586f-957e-38d40ba2448f,rights_assignment,"{""dataset_id"":""urn:uuid:fdfa2782-db96-5e60-bcb3-d206d78b960a"",""id"":""urn:uuid:72604b02-252d-586f-957e-38d40ba2448f"",""normalized_state"":""published"",""owner_authority_id"":""urn:uuid:ba324c09-ea3b-5b7d-a8de-40df0fcc5e83"",""owner_native_state"":""verified"",""payload"":{""assignment_state"":""effective"",""inheritance"":""direct_from_frozen_edition"",""rights_id"":""urn:uuid:3f181e34-b5ab-550e-89bb-fd3d6c717bd0"",""target_id"":""urn:uuid:686dc759-dbe3-5b34-b310-1e8c22b93b6b"",""target_native_id"":""OLP-0418""},""record_type"":""rights_assignment"",""recorded_at"":""2026-08-31T00:00:00Z"",""semantic_key"":""c80:openlogic:rights-assignment:unit:OLP-0418""}"
urn:uuid:dcf8cec8-a800-57bb-9d4b-c92beec5c2f3,rights_assignment,"{""dataset_id"":""urn:uuid:fdfa2782-db96-5e60-bcb3-d206d78b960a"",""id"":""urn:uuid:dcf8cec8-a800-57bb-9d4b-c92beec5c2f3"",""normalized_state"":""published"",""owner_authority_id"":""urn:uuid:ba324c09-ea3b-5b7d-a8de-40df0fcc5e83"",""owner_native_state"":""verified"",""payload"":{""assignment_state"":""effective"",""inheritance"":""direct_from_frozen_edition"",""rights_id"":""urn:uuid:3f181e34-b5ab-550e-89bb-fd3d6c717bd0"",""target_id"":""urn:uuid:6355277d-df13-592b-9033-2e74d12f4eb0"",""target_native_id"":""OLP-0419""},""record_type"":""rights_assignment"",""recorded_at"":""2026-08-31T00:00:00Z"",""semantic_key"":""c80:openlogic:rights-assignment:unit:OLP-0419""}"
urn:uuid:25aac553-f737-53e4-be81-c97380e5555d,rights_assignment,"{""dataset_id"":""urn:uuid:fdfa2782-db96-5e60-bcb3-d206d78b960a"",""id"":""urn:uuid:25aac553-f737-53e4-be81-c97380e5555d"",""normalized_state"":""published"",""owner_authority_id"":""urn:uuid:ba324c09-ea3b-5b7d-a8de-40df0fcc5e83"",""owner_native_state"":""verified"",""payload"":{""assignment_state"":""effective"",""inheritance"":""direct_from_frozen_edition"",""rights_id"":""urn:uuid:3f181e34-b5ab-550e-89bb-fd3d6c717bd0"",""target_id"":""urn:uuid:9b4bc35b-e03a-59e2-9cad-9490bd30e414"",""target_native_id"":""OLP-0420""},""record_type"":""rights_assignment"",""recorded_at"":""2026-08-31T00:00:00Z"",""semantic_key"":""c80:openlogic:rights-assignment:unit:OLP-0420""}"
urn:uuid:bfb62987-6ffc-57ad-910d-c1a2f8a1b275,rights_assignment,"{""dataset_id"":""urn:uuid:fdfa2782-db96-5e60-bcb3-d206d78b960a"",""id"":""urn:uuid:bfb62987-6ffc-57ad-910d-c1a2f8a1b275"",""normalized_state"":""published"",""owner_authority_id"":""urn:uuid:ba324c09-ea3b-5b7d-a8de-40df0fcc5e83"",""owner_native_state"":""verified"",""payload"":{""assignment_state"":""effective"",""inheritance"":""direct_from_frozen_edition"",""rights_id"":""urn:uuid:3f181e34-b5ab-550e-89bb-fd3d6c717bd0"",""target_id"":""urn:uuid:e0176ebe-d4bd-5d3e-aa27-afb3f3752063"",""target_native_id"":""OLP-0421""},""record_type"":""rights_assignment"",""recorded_at"":""2026-08-31T00:00:00Z"",""semantic_key"":""c80:openlogic:rights-assignment:unit:OLP-0421""}"
urn:uuid:2b51ad3d-795d-536b-afc5-89943a2bd061,rights_assignment,"{""dataset_id"":""urn:uuid:fdfa2782-db96-5e60-bcb3-d206d78b960a"",""id"":""urn:uuid:2b51ad3d-795d-536b-afc5-89943a2bd061"",""normalized_state"":""published"",""owner_authority_id"":""urn:uuid:ba324c09-ea3b-5b7d-a8de-40df0fcc5e83"",""owner_native_state"":""verified"",""payload"":{""assignment_state"":""effective"",""inheritance"":""direct_from_frozen_edition"",""rights_id"":""urn:uuid:3f181e34-b5ab-550e-89bb-fd3d6c717bd0"",""target_id"":""urn:uuid:48b36648-f2f0-5a87-898c-4111d8eca022"",""target_native_id"":""OLP-0422""},""record_type"":""rights_assignment"",""recorded_at"":""2026-08-31T00:00:00Z"",""semantic_key"":""c80:openlogic:rights-assignment:unit:OLP-0422""}"
urn:uuid:2e064db9-aa80-54c7-912f-74ac1be628bf,rights_assignment,"{""dataset_id"":""urn:uuid:fdfa2782-db96-5e60-bcb3-d206d78b960a"",""id"":""urn:uuid:2e064db9-aa80-54c7-912f-74ac1be628bf"",""normalized_state"":""published"",""owner_authority_id"":""urn:uuid:ba324c09-ea3b-5b7d-a8de-40df0fcc5e83"",""owner_native_state"":""verified"",""payload"":{""assignment_state"":""effective"",""inheritance"":""direct_from_frozen_edition"",""rights_id"":""urn:uuid:3f181e34-b5ab-550e-89bb-fd3d6c717bd0"",""target_id"":""urn:uuid:8ef1dfce-16e9-5ce3-8952-23cb840f6046"",""target_native_id"":""OLP-0423""},""record_type"":""rights_assignment"",""recorded_at"":""2026-08-31T00:00:00Z"",""semantic_key"":""c80:openlogic:rights-assignment:unit:OLP-0423""}"
urn:uuid:bf443ff3-1828-5f3c-bfa2-5b5698f85471,rights_assignment,"{""dataset_id"":""urn:uuid:fdfa2782-db96-5e60-bcb3-d206d78b960a"",""id"":""urn:uuid:bf443ff3-1828-5f3c-bfa2-5b5698f85471"",""normalized_state"":""published"",""owner_authority_id"":""urn:uuid:ba324c09-ea3b-5b7d-a8de-40df0fcc5e83"",""owner_native_state"":""verified"",""payload"":{""assignment_state"":""effective"",""inheritance"":""direct_from_frozen_edition"",""rights_id"":""urn:uuid:3f181e34-b5ab-550e-89bb-fd3d6c717bd0"",""target_id"":""urn:uuid:5e517818-9648-5f87-8d8f-dfd7b299c509"",""target_native_id"":""OLP-0424""},""record_type"":""rights_assignment"",""recorded_at"":""2026-08-31T00:00:00Z"",""semantic_key"":""c80:openlogic:rights-assignment:unit:OLP-0424""}"
urn:uuid:1cd89f2d-b7a7-5f00-ae0b-5a145283de1c,rights_assignment,"{""dataset_id"":""urn:uuid:fdfa2782-db96-5e60-bcb3-d206d78b960a"",""id"":""urn:uuid:1cd89f2d-b7a7-5f00-ae0b-5a145283de1c"",""normalized_state"":""published"",""owner_authority_id"":""urn:uuid:ba324c09-ea3b-5b7d-a8de-40df0fcc5e83"",""owner_native_state"":""verified"",""payload"":{""assignment_state"":""effective"",""inheritance"":""direct_from_frozen_edition"",""rights_id"":""urn:uuid:3f181e34-b5ab-550e-89bb-fd3d6c717bd0"",""target_id"":""urn:uuid:337210d2-ae78-5097-9df3-cfae827217b1"",""target_native_id"":""OLP-0425""},""record_type"":""rights_assignment"",""recorded_at"":""2026-08-31T00:00:00Z"",""semantic_key"":""c80:openlogic:rights-assignment:unit:OLP-0425""}"
urn:uuid:14be625e-76fe-508f-9b1c-fc6fa6382e63,rights_assignment,"{""dataset_id"":""urn:uuid:fdfa2782-db96-5e60-bcb3-d206d78b960a"",""id"":""urn:uuid:14be625e-76fe-508f-9b1c-fc6fa6382e63"",""normalized_state"":""published"",""owner_authority_id"":""urn:uuid:ba324c09-ea3b-5b7d-a8de-40df0fcc5e83"",""owner_native_state"":""verified"",""payload"":{""assignment_state"":""effective"",""inheritance"":""direct_from_frozen_edition"",""rights_id"":""urn:uuid:3f181e34-b5ab-550e-89bb-fd3d6c717bd0"",""target_id"":""urn:uuid:fa369acb-dc7b-5889-b791-875f8d2277b0"",""target_native_id"":""OLP-0426""},""record_type"":""rights_assignment"",""recorded_at"":""2026-08-31T00:00:00Z"",""semantic_key"":""c80:openlogic:rights-assignment:unit:OLP-0426""}"
urn:uuid:82dbe841-b601-5465-9ec5-294c73848059,rights_assignment,"{""dataset_id"":""urn:uuid:fdfa2782-db96-5e60-bcb3-d206d78b960a"",""id"":""urn:uuid:82dbe841-b601-5465-9ec5-294c73848059"",""normalized_state"":""published"",""owner_authority_id"":""urn:uuid:ba324c09-ea3b-5b7d-a8de-40df0fcc5e83"",""owner_native_state"":""verified"",""payload"":{""assignment_state"":""effective"",""inheritance"":""direct_from_frozen_edition"",""rights_id"":""urn:uuid:3f181e34-b5ab-550e-89bb-fd3d6c717bd0"",""target_id"":""urn:uuid:297344b0-8087-5121-9d1c-a1e2ac950e3a"",""target_native_id"":""OLP-0427""},""record_type"":""rights_assignment"",""recorded_at"":""2026-08-31T00:00:00Z"",""semantic_key"":""c80:openlogic:rights-assignment:unit:OLP-0427""}"
urn:uuid:2fcd1487-6970-51d0-b9e8-f7195a106220,rights_assignment,"{""dataset_id"":""urn:uuid:fdfa2782-db96-5e60-bcb3-d206d78b960a"",""id"":""urn:uuid:2fcd1487-6970-51d0-b9e8-f7195a106220"",""normalized_state"":""published"",""owner_authority_id"":""urn:uuid:ba324c09-ea3b-5b7d-a8de-40df0fcc5e83"",""owner_native_state"":""verified"",""payload"":{""assignment_state"":""effective"",""inheritance"":""direct_from_frozen_edition"",""rights_id"":""urn:uuid:3f181e34-b5ab-550e-89bb-fd3d6c717bd0"",""target_id"":""urn:uuid:1b1de70d-1d69-54dd-97bf-4a92b8116920"",""target_native_id"":""OLP-0428""},""record_type"":""rights_assignment"",""recorded_at"":""2026-08-31T00:00:00Z"",""semantic_key"":""c80:openlogic:rights-assignment:unit:OLP-0428""}"
urn:uuid:0d0235b2-0a43-5e8d-ae23-9d72d0782e1c,rights_assignment,"{""dataset_id"":""urn:uuid:fdfa2782-db96-5e60-bcb3-d206d78b960a"",""id"":""urn:uuid:0d0235b2-0a43-5e8d-ae23-9d72d0782e1c"",""normalized_state"":""published"",""owner_authority_id"":""urn:uuid:ba324c09-ea3b-5b7d-a8de-40df0fcc5e83"",""owner_native_state"":""verified"",""payload"":{""assignment_state"":""effective"",""inheritance"":""direct_from_frozen_edition"",""rights_id"":""urn:uuid:3f181e34-b5ab-550e-89bb-fd3d6c717bd0"",""target_id"":""urn:uuid:82d8e968-abe6-50de-ac3b-e6648c160e91"",""target_native_id"":""OLP-0429""},""record_type"":""rights_assignment"",""recorded_at"":""2026-08-31T00:00:00Z"",""semantic_key"":""c80:openlogic:rights-assignment:unit:OLP-0429""}"
urn:uuid:103d1018-4521-58db-a1d3-53f195ae9242,rights_assignment,"{""dataset_id"":""urn:uuid:fdfa2782-db96-5e60-bcb3-d206d78b960a"",""id"":""urn:uuid:103d1018-4521-58db-a1d3-53f195ae9242"",""normalized_state"":""published"",""owner_authority_id"":""urn:uuid:ba324c09-ea3b-5b7d-a8de-40df0fcc5e83"",""owner_native_state"":""verified"",""payload"":{""assignment_state"":""effective"",""inheritance"":""direct_from_frozen_edition"",""rights_id"":""urn:uuid:3f181e34-b5ab-550e-89bb-fd3d6c717bd0"",""target_id"":""urn:uuid:1f0d6bf2-35e1-5225-8ae7-368e9d1178d1"",""target_native_id"":""OLP-0430""},""record_type"":""rights_assignment"",""recorded_at"":""2026-08-31T00:00:00Z"",""semantic_key"":""c80:openlogic:rights-assignment:unit:OLP-0430""}"
urn:uuid:843b128e-a23d-5279-aeb8-24d844022edf,rights_assignment,"{""dataset_id"":""urn:uuid:fdfa2782-db96-5e60-bcb3-d206d78b960a"",""id"":""urn:uuid:843b128e-a23d-5279-aeb8-24d844022edf"",""normalized_state"":""published"",""owner_authority_id"":""urn:uuid:ba324c09-ea3b-5b7d-a8de-40df0fcc5e83"",""owner_native_state"":""verified"",""payload"":{""assignment_state"":""effective"",""inheritance"":""direct_from_frozen_edition"",""rights_id"":""urn:uuid:3f181e34-b5ab-550e-89bb-fd3d6c717bd0"",""target_id"":""urn:uuid:c75e840a-5480-5784-92b4-81225f0b96f9"",""target_native_id"":""OLP-0431""},""record_type"":""rights_assignment"",""recorded_at"":""2026-08-31T00:00:00Z"",""semantic_key"":""c80:openlogic:rights-assignment:unit:OLP-0431""}"
urn:uuid:b394d5e9-2755-5849-beff-1c5a02b47b6d,rights_assignment,"{""dataset_id"":""urn:uuid:fdfa2782-db96-5e60-bcb3-d206d78b960a"",""id"":""urn:uuid:b394d5e9-2755-5849-beff-1c5a02b47b6d"",""normalized_state"":""published"",""owner_authority_id"":""urn:uuid:ba324c09-ea3b-5b7d-a8de-40df0fcc5e83"",""owner_native_state"":""verified"",""payload"":{""assignment_state"":""effective"",""inheritance"":""direct_from_frozen_edition"",""rights_id"":""urn:uuid:3f181e34-b5ab-550e-89bb-fd3d6c717bd0"",""target_id"":""urn:uuid:e3864cd8-d83e-56df-b5c5-63276da86bc0"",""target_native_id"":""OLP-0432""},""record_type"":""rights_assignment"",""recorded_at"":""2026-08-31T00:00:00Z"",""semantic_key"":""c80:openlogic:rights-assignment:unit:OLP-0432""}"
urn:uuid:8689b1de-ce7b-58e8-8e53-878e15162431,rights_assignment,"{""dataset_id"":""urn:uuid:fdfa2782-db96-5e60-bcb3-d206d78b960a"",""id"":""urn:uuid:8689b1de-ce7b-58e8-8e53-878e15162431"",""normalized_state"":""published"",""owner_authority_id"":""urn:uuid:ba324c09-ea3b-5b7d-a8de-40df0fcc5e83"",""owner_native_state"":""verified"",""payload"":{""assignment_state"":""effective"",""inheritance"":""direct_from_frozen_edition"",""rights_id"":""urn:uuid:3f181e34-b5ab-550e-89bb-fd3d6c717bd0"",""target_id"":""urn:uuid:137ec22c-33ec-5746-a8d9-a1a9cf515abc"",""target_native_id"":""OLP-0433""},""record_type"":""rights_assignment"",""recorded_at"":""2026-08-31T00:00:00Z"",""semantic_key"":""c80:openlogic:rights-assignment:unit:OLP-0433""}"
urn:uuid:b86bca03-8e73-5746-a2ab-20b2c1d4bfd1,rights_assignment,"{""dataset_id"":""urn:uuid:fdfa2782-db96-5e60-bcb3-d206d78b960a"",""id"":""urn:uuid:b86bca03-8e73-5746-a2ab-20b2c1d4bfd1"",""normalized_state"":""published"",""owner_authority_id"":""urn:uuid:ba324c09-ea3b-5b7d-a8de-40df0fcc5e83"",""owner_native_state"":""verified"",""payload"":{""assignment_state"":""effective"",""inheritance"":""direct_from_frozen_edition"",""rights_id"":""urn:uuid:3f181e34-b5ab-550e-89bb-fd3d6c717bd0"",""target_id"":""urn:uuid:ffc18101-768d-5e99-9f8c-bfee7cf2f966"",""target_native_id"":""OLP-0434""},""record_type"":""rights_assignment"",""recorded_at"":""2026-08-31T00:00:00Z"",""semantic_key"":""c80:openlogic:rights-assignment:unit:OLP-0434""}"
urn:uuid:3c2fe901-7888-5c43-a682-5d2913f40093,rights_assignment,"{""dataset_id"":""urn:uuid:fdfa2782-db96-5e60-bcb3-d206d78b960a"",""id"":""urn:uuid:3c2fe901-7888-5c43-a682-5d2913f40093"",""normalized_state"":""published"",""owner_authority_id"":""urn:uuid:ba324c09-ea3b-5b7d-a8de-40df0fcc5e83"",""owner_native_state"":""verified"",""payload"":{""assignment_state"":""effective"",""inheritance"":""direct_from_frozen_edition"",""rights_id"":""urn:uuid:3f181e34-b5ab-550e-89bb-fd3d6c717bd0"",""target_id"":""urn:uuid:33441412-52b7-52b1-af52-75638c6e44c0"",""target_native_id"":""OLP-0435""},""record_type"":""rights_assignment"",""recorded_at"":""2026-08-31T00:00:00Z"",""semantic_key"":""c80:openlogic:rights-assignment:unit:OLP-0435""}"
urn:uuid:60cb8b9b-c4e6-5dcc-890f-a97eee8f9294,rights_assignment,"{""dataset_id"":""urn:uuid:fdfa2782-db96-5e60-bcb3-d206d78b960a"",""id"":""urn:uuid:60cb8b9b-c4e6-5dcc-890f-a97eee8f9294"",""normalized_state"":""published"",""owner_authority_id"":""urn:uuid:ba324c09-ea3b-5b7d-a8de-40df0fcc5e83"",""owner_native_state"":""verified"",""payload"":{""assignment_state"":""effective"",""inheritance"":""direct_from_frozen_edition"",""rights_id"":""urn:uuid:3f181e34-b5ab-550e-89bb-fd3d6c717bd0"",""target_id"":""urn:uuid:f267024d-e8b5-5eb3-9405-183b9752d143"",""target_native_id"":""OLP-0436""},""record_type"":""rights_assignment"",""recorded_at"":""2026-08-31T00:00:00Z"",""semantic_key"":""c80:openlogic:rights-assignment:unit:OLP-0436""}"
urn:uuid:f346a515-2b5f-56b4-aad0-fb8cfb24e777,rights_assignment,"{""dataset_id"":""urn:uuid:fdfa2782-db96-5e60-bcb3-d206d78b960a"",""id"":""urn:uuid:f346a515-2b5f-56b4-aad0-fb8cfb24e777"",""normalized_state"":""published"",""owner_authority_id"":""urn:uuid:ba324c09-ea3b-5b7d-a8de-40df0fcc5e83"",""owner_native_state"":""verified"",""payload"":{""assignment_state"":""effective"",""inheritance"":""direct_from_frozen_edition"",""rights_id"":""urn:uuid:3f181e34-b5ab-550e-89bb-fd3d6c717bd0"",""target_id"":""urn:uuid:9bacdfb4-1fa5-5cd2-8986-c990584695a6"",""target_native_id"":""OLP-0437""},""record_type"":""rights_assignment"",""recorded_at"":""2026-08-31T00:00:00Z"",""semantic_key"":""c80:openlogic:rights-assignment:unit:OLP-0437""}"
urn:uuid:551b5e2c-2ca5-5727-b837-1bf074084aaf,rights_assignment,"{""dataset_id"":""urn:uuid:fdfa2782-db96-5e60-bcb3-d206d78b960a"",""id"":""urn:uuid:551b5e2c-2ca5-5727-b837-1bf074084aaf"",""normalized_state"":""published"",""owner_authority_id"":""urn:uuid:ba324c09-ea3b-5b7d-a8de-40df0fcc5e83"",""owner_native_state"":""verified"",""payload"":{""assignment_state"":""effective"",""inheritance"":""direct_from_frozen_edition"",""rights_id"":""urn:uuid:3f181e34-b5ab-550e-89bb-fd3d6c717bd0"",""target_id"":""urn:uuid:cbf27ca3-6666-5162-a001-e6d2269a46a5"",""target_native_id"":""OLP-0438""},""record_type"":""rights_assignment"",""recorded_at"":""2026-08-31T00:00:00Z"",""semantic_key"":""c80:openlogic:rights-assignment:unit:OLP-0438""}"
urn:uuid:f0384cdb-03ec-5d7e-bf13-5fc35e3876f9,rights_assignment,"{""dataset_id"":""urn:uuid:fdfa2782-db96-5e60-bcb3-d206d78b960a"",""id"":""urn:uuid:f0384cdb-03ec-5d7e-bf13-5fc35e3876f9"",""normalized_state"":""published"",""owner_authority_id"":""urn:uuid:ba324c09-ea3b-5b7d-a8de-40df0fcc5e83"",""owner_native_state"":""verified"",""payload"":{""assignment_state"":""effective"",""inheritance"":""direct_from_frozen_edition"",""rights_id"":""urn:uuid:3f181e34-b5ab-550e-89bb-fd3d6c717bd0"",""target_id"":""urn:uuid:89ada00d-d6bd-5c11-afab-7e1ef1db98f3"",""target_native_id"":""OLP-0439""},""record_type"":""rights_assignment"",""recorded_at"":""2026-08-31T00:00:00Z"",""semantic_key"":""c80:openlogic:rights-assignment:unit:OLP-0439""}"
urn:uuid:966e7463-1612-591a-9786-c2d25359359c,rights_assignment,"{""dataset_id"":""urn:uuid:fdfa2782-db96-5e60-bcb3-d206d78b960a"",""id"":""urn:uuid:966e7463-1612-591a-9786-c2d25359359c"",""normalized_state"":""published"",""owner_authority_id"":""urn:uuid:ba324c09-ea3b-5b7d-a8de-40df0fcc5e83"",""owner_native_state"":""verified"",""payload"":{""assignment_state"":""effective"",""inheritance"":""direct_from_frozen_edition"",""rights_id"":""urn:uuid:3f181e34-b5ab-550e-89bb-fd3d6c717bd0"",""target_id"":""urn:uuid:39b2ee0e-161a-5403-ae0d-58c05e94dc4b"",""target_native_id"":""OLP-0440""},""record_type"":""rights_assignment"",""recorded_at"":""2026-08-31T00:00:00Z"",""semantic_key"":""c80:openlogic:rights-assignment:unit:OLP-0440""}"
urn:uuid:057acc0d-371d-5a32-b997-f556b0c11b0b,rights_assignment,"{""dataset_id"":""urn:uuid:fdfa2782-db96-5e60-bcb3-d206d78b960a"",""id"":""urn:uuid:057acc0d-371d-5a32-b997-f556b0c11b0b"",""normalized_state"":""published"",""owner_authority_id"":""urn:uuid:ba324c09-ea3b-5b7d-a8de-40df0fcc5e83"",""owner_native_state"":""verified"",""payload"":{""assignment_state"":""effective"",""inheritance"":""direct_from_frozen_edition"",""rights_id"":""urn:uuid:3f181e34-b5ab-550e-89bb-fd3d6c717bd0"",""target_id"":""urn:uuid:442504a5-8cde-5ff2-94c7-1605dd9c69ec"",""target_native_id"":""OLP-0441""},""record_type"":""rights_assignment"",""recorded_at"":""2026-08-31T00:00:00Z"",""semantic_key"":""c80:openlogic:rights-assignment:unit:OLP-0441""}"
urn:uuid:da4e1b48-c36b-5592-a4ef-1c4665389eda,rights_assignment,"{""dataset_id"":""urn:uuid:fdfa2782-db96-5e60-bcb3-d206d78b960a"",""id"":""urn:uuid:da4e1b48-c36b-5592-a4ef-1c4665389eda"",""normalized_state"":""published"",""owner_authority_id"":""urn:uuid:ba324c09-ea3b-5b7d-a8de-40df0fcc5e83"",""owner_native_state"":""verified"",""payload"":{""assignment_state"":""effective"",""inheritance"":""direct_from_frozen_edition"",""rights_id"":""urn:uuid:3f181e34-b5ab-550e-89bb-fd3d6c717bd0"",""target_id"":""urn:uuid:858d1c60-07c4-523b-a995-87cbf728bf9d"",""target_native_id"":""OLP-0442""},""record_type"":""rights_assignment"",""recorded_at"":""2026-08-31T00:00:00Z"",""semantic_key"":""c80:openlogic:rights-assignment:unit:OLP-0442""}"
urn:uuid:e8f541eb-1ea7-5a10-8af3-91349dfdeeef,rights_assignment,"{""dataset_id"":""urn:uuid:fdfa2782-db96-5e60-bcb3-d206d78b960a"",""id"":""urn:uuid:e8f541eb-1ea7-5a10-8af3-91349dfdeeef"",""normalized_state"":""published"",""owner_authority_id"":""urn:uuid:ba324c09-ea3b-5b7d-a8de-40df0fcc5e83"",""owner_native_state"":""verified"",""payload"":{""assignment_state"":""effective"",""inheritance"":""direct_from_frozen_edition"",""rights_id"":""urn:uuid:3f181e34-b5ab-550e-89bb-fd3d6c717bd0"",""target_id"":""urn:uuid:39600dae-b263-5ec6-8cdd-6753a71c50ac"",""target_native_id"":""OLP-0443""},""record_type"":""rights_assignment"",""recorded_at"":""2026-08-31T00:00:00Z"",""semantic_key"":""c80:openlogic:rights-assignment:unit:OLP-0443""}"
urn:uuid:6a806fa6-3483-5f66-8ca3-359349a16809,rights_assignment,"{""dataset_id"":""urn:uuid:fdfa2782-db96-5e60-bcb3-d206d78b960a"",""id"":""urn:uuid:6a806fa6-3483-5f66-8ca3-359349a16809"",""normalized_state"":""published"",""owner_authority_id"":""urn:uuid:ba324c09-ea3b-5b7d-a8de-40df0fcc5e83"",""owner_native_state"":""verified"",""payload"":{""assignment_state"":""effective"",""inheritance"":""direct_from_frozen_edition"",""rights_id"":""urn:uuid:3f181e34-b5ab-550e-89bb-fd3d6c717bd0"",""target_id"":""urn:uuid:2fcb67f6-7457-5eba-b5f9-901b5f1998ce"",""target_native_id"":""OLP-0444""},""record_type"":""rights_assignment"",""recorded_at"":""2026-08-31T00:00:00Z"",""semantic_key"":""c80:openlogic:rights-assignment:unit:OLP-0444""}"
urn:uuid:033a4a0c-eac6-5a16-bf54-06e441cc3115,rights_assignment,"{""dataset_id"":""urn:uuid:fdfa2782-db96-5e60-bcb3-d206d78b960a"",""id"":""urn:uuid:033a4a0c-eac6-5a16-bf54-06e441cc3115"",""normalized_state"":""published"",""owner_authority_id"":""urn:uuid:ba324c09-ea3b-5b7d-a8de-40df0fcc5e83"",""owner_native_state"":""verified"",""payload"":{""assignment_state"":""effective"",""inheritance"":""direct_from_frozen_edition"",""rights_id"":""urn:uuid:3f181e34-b5ab-550e-89bb-fd3d6c717bd0"",""target_id"":""urn:uuid:2f6c32a2-c7da-5ab2-bcc6-833efbb8a871"",""target_native_id"":""OLP-0445""},""record_type"":""rights_assignment"",""recorded_at"":""2026-08-31T00:00:00Z"",""semantic_key"":""c80:openlogic:rights-assignment:unit:OLP-0445""}"
urn:uuid:5ed6ecb1-ace9-5e05-9fd3-3cbb54be72e5,rights_assignment,"{""dataset_id"":""urn:uuid:fdfa2782-db96-5e60-bcb3-d206d78b960a"",""id"":""urn:uuid:5ed6ecb1-ace9-5e05-9fd3-3cbb54be72e5"",""normalized_state"":""published"",""owner_authority_id"":""urn:uuid:ba324c09-ea3b-5b7d-a8de-40df0fcc5e83"",""owner_native_state"":""verified"",""payload"":{""assignment_state"":""effective"",""inheritance"":""direct_from_frozen_edition"",""rights_id"":""urn:uuid:3f181e34-b5ab-550e-89bb-fd3d6c717bd0"",""target_id"":""urn:uuid:c5b45633-751c-5190-a1d6-d46c2374baee"",""target_native_id"":""OLP-0446""},""record_type"":""rights_assignment"",""recorded_at"":""2026-08-31T00:00:00Z"",""semantic_key"":""c80:openlogic:rights-assignment:unit:OLP-0446""}"
urn:uuid:45be8ce5-a8b8-5f10-a15e-142b89b65206,rights_assignment,"{""dataset_id"":""urn:uuid:fdfa2782-db96-5e60-bcb3-d206d78b960a"",""id"":""urn:uuid:45be8ce5-a8b8-5f10-a15e-142b89b65206"",""normalized_state"":""published"",""owner_authority_id"":""urn:uuid:ba324c09-ea3b-5b7d-a8de-40df0fcc5e83"",""owner_native_state"":""verified"",""payload"":{""assignment_state"":""effective"",""inheritance"":""direct_from_frozen_edition"",""rights_id"":""urn:uuid:3f181e34-b5ab-550e-89bb-fd3d6c717bd0"",""target_id"":""urn:uuid:05eef903-ba0c-5da1-8769-fd771faec9c0"",""target_native_id"":""OLP-0447""},""record_type"":""rights_assignment"",""recorded_at"":""2026-08-31T00:00:00Z"",""semantic_key"":""c80:openlogic:rights-assignment:unit:OLP-0447""}"
urn:uuid:1d43f7ef-fb7d-5ef3-80f0-5c03963daf2e,rights_assignment,"{""dataset_id"":""urn:uuid:fdfa2782-db96-5e60-bcb3-d206d78b960a"",""id"":""urn:uuid:1d43f7ef-fb7d-5ef3-80f0-5c03963daf2e"",""normalized_state"":""published"",""owner_authority_id"":""urn:uuid:ba324c09-ea3b-5b7d-a8de-40df0fcc5e83"",""owner_native_state"":""verified"",""payload"":{""assignment_state"":""effective"",""inheritance"":""direct_from_frozen_edition"",""rights_id"":""urn:uuid:3f181e34-b5ab-550e-89bb-fd3d6c717bd0"",""target_id"":""urn:uuid:484c62c6-d75e-5e03-844f-7c5a505a5485"",""target_native_id"":""OLP-0448""},""record_type"":""rights_assignment"",""recorded_at"":""2026-08-31T00:00:00Z"",""semantic_key"":""c80:openlogic:rights-assignment:unit:OLP-0448""}"
urn:uuid:b16069f6-7414-5551-9c7d-205372cccf30,rights_assignment,"{""dataset_id"":""urn:uuid:fdfa2782-db96-5e60-bcb3-d206d78b960a"",""id"":""urn:uuid:b16069f6-7414-5551-9c7d-205372cccf30"",""normalized_state"":""published"",""owner_authority_id"":""urn:uuid:ba324c09-ea3b-5b7d-a8de-40df0fcc5e83"",""owner_native_state"":""verified"",""payload"":{""assignment_state"":""effective"",""inheritance"":""direct_from_frozen_edition"",""rights_id"":""urn:uuid:3f181e34-b5ab-550e-89bb-fd3d6c717bd0"",""target_id"":""urn:uuid:88546a33-8f34-5f87-b5e1-21dcfcfc49a7"",""target_native_id"":""OLP-0449""},""record_type"":""rights_assignment"",""recorded_at"":""2026-08-31T00:00:00Z"",""semantic_key"":""c80:openlogic:rights-assignment:unit:OLP-0449""}"
urn:uuid:349576d1-c121-534f-9ac4-bff7e4ddd47e,rights_assignment,"{""dataset_id"":""urn:uuid:fdfa2782-db96-5e60-bcb3-d206d78b960a"",""id"":""urn:uuid:349576d1-c121-534f-9ac4-bff7e4ddd47e"",""normalized_state"":""published"",""owner_authority_id"":""urn:uuid:ba324c09-ea3b-5b7d-a8de-40df0fcc5e83"",""owner_native_state"":""verified"",""payload"":{""assignment_state"":""effective"",""inheritance"":""direct_from_frozen_edition"",""rights_id"":""urn:uuid:3f181e34-b5ab-550e-89bb-fd3d6c717bd0"",""target_id"":""urn:uuid:494101f1-98ac-5a93-ba02-1bbbcb8125b1"",""target_native_id"":""OLP-0450""},""record_type"":""rights_assignment"",""recorded_at"":""2026-08-31T00:00:00Z"",""semantic_key"":""c80:openlogic:rights-assignment:unit:OLP-0450""}"
urn:uuid:5398da1b-72f2-5c29-b23b-cdd4807fa8d4,rights_assignment,"{""dataset_id"":""urn:uuid:fdfa2782-db96-5e60-bcb3-d206d78b960a"",""id"":""urn:uuid:5398da1b-72f2-5c29-b23b-cdd4807fa8d4"",""normalized_state"":""published"",""owner_authority_id"":""urn:uuid:ba324c09-ea3b-5b7d-a8de-40df0fcc5e83"",""owner_native_state"":""verified"",""payload"":{""assignment_state"":""effective"",""inheritance"":""direct_from_frozen_edition"",""rights_id"":""urn:uuid:3f181e34-b5ab-550e-89bb-fd3d6c717bd0"",""target_id"":""urn:uuid:7559fc50-00fa-5bab-8065-ebc9ab6a53e7"",""target_native_id"":""OLP-0451""},""record_type"":""rights_assignment"",""recorded_at"":""2026-08-31T00:00:00Z"",""semantic_key"":""c80:openlogic:rights-assignment:unit:OLP-0451""}"
urn:uuid:b561c571-cfbd-5321-ac45-3df57af19d80,rights_assignment,"{""dataset_id"":""urn:uuid:fdfa2782-db96-5e60-bcb3-d206d78b960a"",""id"":""urn:uuid:b561c571-cfbd-5321-ac45-3df57af19d80"",""normalized_state"":""published"",""owner_authority_id"":""urn:uuid:ba324c09-ea3b-5b7d-a8de-40df0fcc5e83"",""owner_native_state"":""verified"",""payload"":{""assignment_state"":""effective"",""inheritance"":""direct_from_frozen_edition"",""rights_id"":""urn:uuid:3f181e34-b5ab-550e-89bb-fd3d6c717bd0"",""target_id"":""urn:uuid:ffbaebfb-493a-5395-86f5-201175960f86"",""target_native_id"":""OLP-0452""},""record_type"":""rights_assignment"",""recorded_at"":""2026-08-31T00:00:00Z"",""semantic_key"":""c80:openlogic:rights-assignment:unit:OLP-0452""}"
urn:uuid:94a22f83-f7a9-5bf4-8f32-17b6567fc8c5,rights_assignment,"{""dataset_id"":""urn:uuid:fdfa2782-db96-5e60-bcb3-d206d78b960a"",""id"":""urn:uuid:94a22f83-f7a9-5bf4-8f32-17b6567fc8c5"",""normalized_state"":""published"",""owner_authority_id"":""urn:uuid:ba324c09-ea3b-5b7d-a8de-40df0fcc5e83"",""owner_native_state"":""verified"",""payload"":{""assignment_state"":""effective"",""inheritance"":""direct_from_frozen_edition"",""rights_id"":""urn:uuid:3f181e34-b5ab-550e-89bb-fd3d6c717bd0"",""target_id"":""urn:uuid:d76cdea4-5c30-5249-94ab-1ce912bb7c03"",""target_native_id"":""OLP-0453""},""record_type"":""rights_assignment"",""recorded_at"":""2026-08-31T00:00:00Z"",""semantic_key"":""c80:openlogic:rights-assignment:unit:OLP-0453""}"
urn:uuid:6a4923e9-fee7-5d1e-b8a0-e42a77cb6ef2,rights_assignment,"{""dataset_id"":""urn:uuid:fdfa2782-db96-5e60-bcb3-d206d78b960a"",""id"":""urn:uuid:6a4923e9-fee7-5d1e-b8a0-e42a77cb6ef2"",""normalized_state"":""published"",""owner_authority_id"":""urn:uuid:ba324c09-ea3b-5b7d-a8de-40df0fcc5e83"",""owner_native_state"":""verified"",""payload"":{""assignment_state"":""effective"",""inheritance"":""direct_from_frozen_edition"",""rights_id"":""urn:uuid:3f181e34-b5ab-550e-89bb-fd3d6c717bd0"",""target_id"":""urn:uuid:8bff3a23-89b5-5372-a0f5-1d6e0c1f5828"",""target_native_id"":""OLP-0454""},""record_type"":""rights_assignment"",""recorded_at"":""2026-08-31T00:00:00Z"",""semantic_key"":""c80:openlogic:rights-assignment:unit:OLP-0454""}"
urn:uuid:8eac3241-4e39-564c-87db-a1f52755e218,rights_assignment,"{""dataset_id"":""urn:uuid:fdfa2782-db96-5e60-bcb3-d206d78b960a"",""id"":""urn:uuid:8eac3241-4e39-564c-87db-a1f52755e218"",""normalized_state"":""published"",""owner_authority_id"":""urn:uuid:ba324c09-ea3b-5b7d-a8de-40df0fcc5e83"",""owner_native_state"":""verified"",""payload"":{""assignment_state"":""effective"",""inheritance"":""direct_from_frozen_edition"",""rights_id"":""urn:uuid:3f181e34-b5ab-550e-89bb-fd3d6c717bd0"",""target_id"":""urn:uuid:0df79074-9236-580d-85ad-76d974c114be"",""target_native_id"":""OLP-0455""},""record_type"":""rights_assignment"",""recorded_at"":""2026-08-31T00:00:00Z"",""semantic_key"":""c80:openlogic:rights-assignment:unit:OLP-0455""}"
urn:uuid:220c26c1-e2c5-59dd-99ce-05471e80b5f7,rights_assignment,"{""dataset_id"":""urn:uuid:fdfa2782-db96-5e60-bcb3-d206d78b960a"",""id"":""urn:uuid:220c26c1-e2c5-59dd-99ce-05471e80b5f7"",""normalized_state"":""published"",""owner_authority_id"":""urn:uuid:ba324c09-ea3b-5b7d-a8de-40df0fcc5e83"",""owner_native_state"":""verified"",""payload"":{""assignment_state"":""effective"",""inheritance"":""direct_from_frozen_edition"",""rights_id"":""urn:uuid:3f181e34-b5ab-550e-89bb-fd3d6c717bd0"",""target_id"":""urn:uuid:9d32dbd9-cdbe-5e65-ad00-e8b1742ae89f"",""target_native_id"":""OLP-0456""},""record_type"":""rights_assignment"",""recorded_at"":""2026-08-31T00:00:00Z"",""semantic_key"":""c80:openlogic:rights-assignment:unit:OLP-0456""}"
urn:uuid:d5017d25-c0ed-54c6-997e-fb875891ddcb,rights_assignment,"{""dataset_id"":""urn:uuid:fdfa2782-db96-5e60-bcb3-d206d78b960a"",""id"":""urn:uuid:d5017d25-c0ed-54c6-997e-fb875891ddcb"",""normalized_state"":""published"",""owner_authority_id"":""urn:uuid:ba324c09-ea3b-5b7d-a8de-40df0fcc5e83"",""owner_native_state"":""verified"",""payload"":{""assignment_state"":""effective"",""inheritance"":""direct_from_frozen_edition"",""rights_id"":""urn:uuid:3f181e34-b5ab-550e-89bb-fd3d6c717bd0"",""target_id"":""urn:uuid:0aeeed59-d72f-5883-9f70-396e09cdd17a"",""target_native_id"":""OLP-0457""},""record_type"":""rights_assignment"",""recorded_at"":""2026-08-31T00:00:00Z"",""semantic_key"":""c80:openlogic:rights-assignment:unit:OLP-0457""}"
urn:uuid:9b3a4243-ee2e-5374-bcad-f3d7e0669aaf,rights_assignment,"{""dataset_id"":""urn:uuid:fdfa2782-db96-5e60-bcb3-d206d78b960a"",""id"":""urn:uuid:9b3a4243-ee2e-5374-bcad-f3d7e0669aaf"",""normalized_state"":""published"",""owner_authority_id"":""urn:uuid:ba324c09-ea3b-5b7d-a8de-40df0fcc5e83"",""owner_native_state"":""verified"",""payload"":{""assignment_state"":""effective"",""inheritance"":""direct_from_frozen_edition"",""rights_id"":""urn:uuid:3f181e34-b5ab-550e-89bb-fd3d6c717bd0"",""target_id"":""urn:uuid:697ee67e-6900-55b7-8da7-817920b6f210"",""target_native_id"":""OLP-0458""},""record_type"":""rights_assignment"",""recorded_at"":""2026-08-31T00:00:00Z"",""semantic_key"":""c80:openlogic:rights-assignment:unit:OLP-0458""}"
urn:uuid:e33db154-6570-5a18-8c71-a042ad83909d,rights_assignment,"{""dataset_id"":""urn:uuid:fdfa2782-db96-5e60-bcb3-d206d78b960a"",""id"":""urn:uuid:e33db154-6570-5a18-8c71-a042ad83909d"",""normalized_state"":""published"",""owner_authority_id"":""urn:uuid:ba324c09-ea3b-5b7d-a8de-40df0fcc5e83"",""owner_native_state"":""verified"",""payload"":{""assignment_state"":""effective"",""inheritance"":""direct_from_frozen_edition"",""rights_id"":""urn:uuid:3f181e34-b5ab-550e-89bb-fd3d6c717bd0"",""target_id"":""urn:uuid:d8486812-67a9-51db-b6de-428e3d9f9715"",""target_native_id"":""OLP-0459""},""record_type"":""rights_assignment"",""recorded_at"":""2026-08-31T00:00:00Z"",""semantic_key"":""c80:openlogic:rights-assignment:unit:OLP-0459""}"
urn:uuid:7bc4fbfc-a03b-5146-91f1-ba47d99ede8b,rights_assignment,"{""dataset_id"":""urn:uuid:fdfa2782-db96-5e60-bcb3-d206d78b960a"",""id"":""urn:uuid:7bc4fbfc-a03b-5146-91f1-ba47d99ede8b"",""normalized_state"":""published"",""owner_authority_id"":""urn:uuid:ba324c09-ea3b-5b7d-a8de-40df0fcc5e83"",""owner_native_state"":""verified"",""payload"":{""assignment_state"":""effective"",""inheritance"":""direct_from_frozen_edition"",""rights_id"":""urn:uuid:3f181e34-b5ab-550e-89bb-fd3d6c717bd0"",""target_id"":""urn:uuid:c2023a02-0fd3-5fce-a610-f90e1d605c90"",""target_native_id"":""OLP-0460""},""record_type"":""rights_assignment"",""recorded_at"":""2026-08-31T00:00:00Z"",""semantic_key"":""c80:openlogic:rights-assignment:unit:OLP-0460""}"
urn:uuid:51d551bf-125d-5017-ae81-e27249f232e6,rights_assignment,"{""dataset_id"":""urn:uuid:fdfa2782-db96-5e60-bcb3-d206d78b960a"",""id"":""urn:uuid:51d551bf-125d-5017-ae81-e27249f232e6"",""normalized_state"":""published"",""owner_authority_id"":""urn:uuid:ba324c09-ea3b-5b7d-a8de-40df0fcc5e83"",""owner_native_state"":""verified"",""payload"":{""assignment_state"":""effective"",""inheritance"":""direct_from_frozen_edition"",""rights_id"":""urn:uuid:3f181e34-b5ab-550e-89bb-fd3d6c717bd0"",""target_id"":""urn:uuid:555d7b60-4fbc-5952-a92d-1097a6b38408"",""target_native_id"":""OLP-0461""},""record_type"":""rights_assignment"",""recorded_at"":""2026-08-31T00:00:00Z"",""semantic_key"":""c80:openlogic:rights-assignment:unit:OLP-0461""}"
urn:uuid:c2c1d6a9-c051-50c4-a2df-a682c4b45bb4,rights_assignment,"{""dataset_id"":""urn:uuid:fdfa2782-db96-5e60-bcb3-d206d78b960a"",""id"":""urn:uuid:c2c1d6a9-c051-50c4-a2df-a682c4b45bb4"",""normalized_state"":""published"",""owner_authority_id"":""urn:uuid:ba324c09-ea3b-5b7d-a8de-40df0fcc5e83"",""owner_native_state"":""verified"",""payload"":{""assignment_state"":""effective"",""inheritance"":""direct_from_frozen_edition"",""rights_id"":""urn:uuid:3f181e34-b5ab-550e-89bb-fd3d6c717bd0"",""target_id"":""urn:uuid:9da9037e-f1e8-576e-bf76-e31378655674"",""target_native_id"":""OLP-0462""},""record_type"":""rights_assignment"",""recorded_at"":""2026-08-31T00:00:00Z"",""semantic_key"":""c80:openlogic:rights-assignment:unit:OLP-0462""}"
urn:uuid:bbca2fd6-e468-5e3c-ae4d-cc4f07f62b69,rights_assignment,"{""dataset_id"":""urn:uuid:fdfa2782-db96-5e60-bcb3-d206d78b960a"",""id"":""urn:uuid:bbca2fd6-e468-5e3c-ae4d-cc4f07f62b69"",""normalized_state"":""published"",""owner_authority_id"":""urn:uuid:ba324c09-ea3b-5b7d-a8de-40df0fcc5e83"",""owner_native_state"":""verified"",""payload"":{""assignment_state"":""effective"",""inheritance"":""direct_from_frozen_edition"",""rights_id"":""urn:uuid:3f181e34-b5ab-550e-89bb-fd3d6c717bd0"",""target_id"":""urn:uuid:4a03fdfe-0e5f-5ec3-800c-ebe3e9224b78"",""target_native_id"":""OLP-0463""},""record_type"":""rights_assignment"",""recorded_at"":""2026-08-31T00:00:00Z"",""semantic_key"":""c80:openlogic:rights-assignment:unit:OLP-0463""}"
urn:uuid:ec47413a-aeba-5bb8-a284-1e9939a5a037,rights_assignment,"{""dataset_id"":""urn:uuid:fdfa2782-db96-5e60-bcb3-d206d78b960a"",""id"":""urn:uuid:ec47413a-aeba-5bb8-a284-1e9939a5a037"",""normalized_state"":""published"",""owner_authority_id"":""urn:uuid:ba324c09-ea3b-5b7d-a8de-40df0fcc5e83"",""owner_native_state"":""verified"",""payload"":{""assignment_state"":""effective"",""inheritance"":""direct_from_frozen_edition"",""rights_id"":""urn:uuid:3f181e34-b5ab-550e-89bb-fd3d6c717bd0"",""target_id"":""urn:uuid:b49edf9b-c6dd-5e7c-afb4-6adf3ac9c415"",""target_native_id"":""OLP-0464""},""record_type"":""rights_assignment"",""recorded_at"":""2026-08-31T00:00:00Z"",""semantic_key"":""c80:openlogic:rights-assignment:unit:OLP-0464""}"
urn:uuid:427748c5-28af-5820-868c-7a0792a6ab38,rights_assignment,"{""dataset_id"":""urn:uuid:fdfa2782-db96-5e60-bcb3-d206d78b960a"",""id"":""urn:uuid:427748c5-28af-5820-868c-7a0792a6ab38"",""normalized_state"":""published"",""owner_authority_id"":""urn:uuid:ba324c09-ea3b-5b7d-a8de-40df0fcc5e83"",""owner_native_state"":""verified"",""payload"":{""assignment_state"":""effective"",""inheritance"":""direct_from_frozen_edition"",""rights_id"":""urn:uuid:3f181e34-b5ab-550e-89bb-fd3d6c717bd0"",""target_id"":""urn:uuid:58694bc1-4dfc-561c-ac3a-4a70ba98ba64"",""target_native_id"":""OLP-0465""},""record_type"":""rights_assignment"",""recorded_at"":""2026-08-31T00:00:00Z"",""semantic_key"":""c80:openlogic:rights-assignment:unit:OLP-0465""}"
urn:uuid:6a75f63f-71cc-5c24-8a01-bce610bc96ed,rights_assignment,"{""dataset_id"":""urn:uuid:fdfa2782-db96-5e60-bcb3-d206d78b960a"",""id"":""urn:uuid:6a75f63f-71cc-5c24-8a01-bce610bc96ed"",""normalized_state"":""published"",""owner_authority_id"":""urn:uuid:ba324c09-ea3b-5b7d-a8de-40df0fcc5e83"",""owner_native_state"":""verified"",""payload"":{""assignment_state"":""effective"",""inheritance"":""direct_from_frozen_edition"",""rights_id"":""urn:uuid:3f181e34-b5ab-550e-89bb-fd3d6c717bd0"",""target_id"":""urn:uuid:9d14b612-4b1e-55b3-bd2b-3a0a69b87eb2"",""target_native_id"":""OLP-0466""},""record_type"":""rights_assignment"",""recorded_at"":""2026-08-31T00:00:00Z"",""semantic_key"":""c80:openlogic:rights-assignment:unit:OLP-0466""}"
urn:uuid:a4b5883d-9144-5d0d-8864-80a6ad095e9f,rights_assignment,"{""dataset_id"":""urn:uuid:fdfa2782-db96-5e60-bcb3-d206d78b960a"",""id"":""urn:uuid:a4b5883d-9144-5d0d-8864-80a6ad095e9f"",""normalized_state"":""published"",""owner_authority_id"":""urn:uuid:ba324c09-ea3b-5b7d-a8de-40df0fcc5e83"",""owner_native_state"":""verified"",""payload"":{""assignment_state"":""effective"",""inheritance"":""direct_from_frozen_edition"",""rights_id"":""urn:uuid:3f181e34-b5ab-550e-89bb-fd3d6c717bd0"",""target_id"":""urn:uuid:f133428a-3373-5d80-9590-5650c3633b62"",""target_native_id"":""OLP-0467""},""record_type"":""rights_assignment"",""recorded_at"":""2026-08-31T00:00:00Z"",""semantic_key"":""c80:openlogic:rights-assignment:unit:OLP-0467""}"
urn:uuid:7c6baaff-a355-5903-9c03-9a22efe25177,rights_assignment,"{""dataset_id"":""urn:uuid:fdfa2782-db96-5e60-bcb3-d206d78b960a"",""id"":""urn:uuid:7c6baaff-a355-5903-9c03-9a22efe25177"",""normalized_state"":""published"",""owner_authority_id"":""urn:uuid:ba324c09-ea3b-5b7d-a8de-40df0fcc5e83"",""owner_native_state"":""verified"",""payload"":{""assignment_state"":""effective"",""inheritance"":""direct_from_frozen_edition"",""rights_id"":""urn:uuid:3f181e34-b5ab-550e-89bb-fd3d6c717bd0"",""target_id"":""urn:uuid:f23ac2c6-af0a-51f5-96e5-0bf4815ed60f"",""target_native_id"":""OLP-0468""},""record_type"":""rights_assignment"",""recorded_at"":""2026-08-31T00:00:00Z"",""semantic_key"":""c80:openlogic:rights-assignment:unit:OLP-0468""}"
urn:uuid:6fd7ab71-6533-5562-89a2-9b5e79f3344b,rights_assignment,"{""dataset_id"":""urn:uuid:fdfa2782-db96-5e60-bcb3-d206d78b960a"",""id"":""urn:uuid:6fd7ab71-6533-5562-89a2-9b5e79f3344b"",""normalized_state"":""published"",""owner_authority_id"":""urn:uuid:ba324c09-ea3b-5b7d-a8de-40df0fcc5e83"",""owner_native_state"":""verified"",""payload"":{""assignment_state"":""effective"",""inheritance"":""direct_from_frozen_edition"",""rights_id"":""urn:uuid:3f181e34-b5ab-550e-89bb-fd3d6c717bd0"",""target_id"":""urn:uuid:2dc2ea90-302e-538b-9442-356cacbccc03"",""target_native_id"":""OLP-0469""},""record_type"":""rights_assignment"",""recorded_at"":""2026-08-31T00:00:00Z"",""semantic_key"":""c80:openlogic:rights-assignment:unit:OLP-0469""}"
urn:uuid:2bdfdf6d-9847-5513-b6f8-75c708bdd56e,rights_assignment,"{""dataset_id"":""urn:uuid:fdfa2782-db96-5e60-bcb3-d206d78b960a"",""id"":""urn:uuid:2bdfdf6d-9847-5513-b6f8-75c708bdd56e"",""normalized_state"":""published"",""owner_authority_id"":""urn:uuid:ba324c09-ea3b-5b7d-a8de-40df0fcc5e83"",""owner_native_state"":""verified"",""payload"":{""assignment_state"":""effective"",""inheritance"":""direct_from_frozen_edition"",""rights_id"":""urn:uuid:3f181e34-b5ab-550e-89bb-fd3d6c717bd0"",""target_id"":""urn:uuid:e06f47a2-eda4-590c-b786-c3cefaf44ad3"",""target_native_id"":""OLP-0470""},""record_type"":""rights_assignment"",""recorded_at"":""2026-08-31T00:00:00Z"",""semantic_key"":""c80:openlogic:rights-assignment:unit:OLP-0470""}"
urn:uuid:fa105087-c603-5c63-b863-39e39f1165d4,rights_assignment,"{""dataset_id"":""urn:uuid:fdfa2782-db96-5e60-bcb3-d206d78b960a"",""id"":""urn:uuid:fa105087-c603-5c63-b863-39e39f1165d4"",""normalized_state"":""published"",""owner_authority_id"":""urn:uuid:ba324c09-ea3b-5b7d-a8de-40df0fcc5e83"",""owner_native_state"":""verified"",""payload"":{""assignment_state"":""effective"",""inheritance"":""direct_from_frozen_edition"",""rights_id"":""urn:uuid:3f181e34-b5ab-550e-89bb-fd3d6c717bd0"",""target_id"":""urn:uuid:e5461acc-2e8a-5a27-bac9-beb9f4b94876"",""target_native_id"":""OLP-0471""},""record_type"":""rights_assignment"",""recorded_at"":""2026-08-31T00:00:00Z"",""semantic_key"":""c80:openlogic:rights-assignment:unit:OLP-0471""}"
urn:uuid:bf84625b-9241-5740-8394-4403c7589404,rights_assignment,"{""dataset_id"":""urn:uuid:fdfa2782-db96-5e60-bcb3-d206d78b960a"",""id"":""urn:uuid:bf84625b-9241-5740-8394-4403c7589404"",""normalized_state"":""published"",""owner_authority_id"":""urn:uuid:ba324c09-ea3b-5b7d-a8de-40df0fcc5e83"",""owner_native_state"":""verified"",""payload"":{""assignment_state"":""effective"",""inheritance"":""direct_from_frozen_edition"",""rights_id"":""urn:uuid:3f181e34-b5ab-550e-89bb-fd3d6c717bd0"",""target_id"":""urn:uuid:6fd858d4-a9c0-54fc-b9b0-22d5d2312a52"",""target_native_id"":""OLP-0472""},""record_type"":""rights_assignment"",""recorded_at"":""2026-08-31T00:00:00Z"",""semantic_key"":""c80:openlogic:rights-assignment:unit:OLP-0472""}"
urn:uuid:73fb11cd-127d-5530-9db8-de11d81eea11,rights_assignment,"{""dataset_id"":""urn:uuid:fdfa2782-db96-5e60-bcb3-d206d78b960a"",""id"":""urn:uuid:73fb11cd-127d-5530-9db8-de11d81eea11"",""normalized_state"":""published"",""owner_authority_id"":""urn:uuid:ba324c09-ea3b-5b7d-a8de-40df0fcc5e83"",""owner_native_state"":""verified"",""payload"":{""assignment_state"":""effective"",""inheritance"":""direct_from_frozen_edition"",""rights_id"":""urn:uuid:3f181e34-b5ab-550e-89bb-fd3d6c717bd0"",""target_id"":""urn:uuid:d08194e2-9a4a-5639-94a2-b6aa2e84b6e9"",""target_native_id"":""OLP-0473""},""record_type"":""rights_assignment"",""recorded_at"":""2026-08-31T00:00:00Z"",""semantic_key"":""c80:openlogic:rights-assignment:unit:OLP-0473""}"
urn:uuid:9482c5e3-1af8-5afe-9bab-9238afc995a8,rights_assignment,"{""dataset_id"":""urn:uuid:fdfa2782-db96-5e60-bcb3-d206d78b960a"",""id"":""urn:uuid:9482c5e3-1af8-5afe-9bab-9238afc995a8"",""normalized_state"":""published"",""owner_authority_id"":""urn:uuid:ba324c09-ea3b-5b7d-a8de-40df0fcc5e83"",""owner_native_state"":""verified"",""payload"":{""assignment_state"":""effective"",""inheritance"":""direct_from_frozen_edition"",""rights_id"":""urn:uuid:3f181e34-b5ab-550e-89bb-fd3d6c717bd0"",""target_id"":""urn:uuid:4dbef9f2-2301-574d-bb4c-9c62f30374de"",""target_native_id"":""OLP-0474""},""record_type"":""rights_assignment"",""recorded_at"":""2026-08-31T00:00:00Z"",""semantic_key"":""c80:openlogic:rights-assignment:unit:OLP-0474""}"
urn:uuid:f6e8bd07-d33f-5090-8933-cbca094daf36,rights_assignment,"{""dataset_id"":""urn:uuid:fdfa2782-db96-5e60-bcb3-d206d78b960a"",""id"":""urn:uuid:f6e8bd07-d33f-5090-8933-cbca094daf36"",""normalized_state"":""published"",""owner_authority_id"":""urn:uuid:ba324c09-ea3b-5b7d-a8de-40df0fcc5e83"",""owner_native_state"":""verified"",""payload"":{""assignment_state"":""effective"",""inheritance"":""direct_from_frozen_edition"",""rights_id"":""urn:uuid:3f181e34-b5ab-550e-89bb-fd3d6c717bd0"",""target_id"":""urn:uuid:900790a6-dc51-5223-8114-b6b8cccdd2e5"",""target_native_id"":""OLP-0475""},""record_type"":""rights_assignment"",""recorded_at"":""2026-08-31T00:00:00Z"",""semantic_key"":""c80:openlogic:rights-assignment:unit:OLP-0475""}"
urn:uuid:bad8e476-82f3-5f6b-8495-925c538ae69f,rights_assignment,"{""dataset_id"":""urn:uuid:fdfa2782-db96-5e60-bcb3-d206d78b960a"",""id"":""urn:uuid:bad8e476-82f3-5f6b-8495-925c538ae69f"",""normalized_state"":""published"",""owner_authority_id"":""urn:uuid:ba324c09-ea3b-5b7d-a8de-40df0fcc5e83"",""owner_native_state"":""verified"",""payload"":{""assignment_state"":""effective"",""inheritance"":""direct_from_frozen_edition"",""rights_id"":""urn:uuid:3f181e34-b5ab-550e-89bb-fd3d6c717bd0"",""target_id"":""urn:uuid:85cdb8ba-d309-5569-a48e-626019862564"",""target_native_id"":""OLP-0476""},""record_type"":""rights_assignment"",""recorded_at"":""2026-08-31T00:00:00Z"",""semantic_key"":""c80:openlogic:rights-assignment:unit:OLP-0476""}"
urn:uuid:db9fafed-e13b-5ca2-9e0a-b412c84450b5,rights_assignment,"{""dataset_id"":""urn:uuid:fdfa2782-db96-5e60-bcb3-d206d78b960a"",""id"":""urn:uuid:db9fafed-e13b-5ca2-9e0a-b412c84450b5"",""normalized_state"":""published"",""owner_authority_id"":""urn:uuid:ba324c09-ea3b-5b7d-a8de-40df0fcc5e83"",""owner_native_state"":""verified"",""payload"":{""assignment_state"":""effective"",""inheritance"":""direct_from_frozen_edition"",""rights_id"":""urn:uuid:3f181e34-b5ab-550e-89bb-fd3d6c717bd0"",""target_id"":""urn:uuid:06a3d692-65f5-5bc8-ba39-9be4e6492ff9"",""target_native_id"":""OLP-0477""},""record_type"":""rights_assignment"",""recorded_at"":""2026-08-31T00:00:00Z"",""semantic_key"":""c80:openlogic:rights-assignment:unit:OLP-0477""}"
urn:uuid:31809d1c-e544-57a9-b61a-2ad6bdea5881,rights_assignment,"{""dataset_id"":""urn:uuid:fdfa2782-db96-5e60-bcb3-d206d78b960a"",""id"":""urn:uuid:31809d1c-e544-57a9-b61a-2ad6bdea5881"",""normalized_state"":""published"",""owner_authority_id"":""urn:uuid:ba324c09-ea3b-5b7d-a8de-40df0fcc5e83"",""owner_native_state"":""verified"",""payload"":{""assignment_state"":""effective"",""inheritance"":""direct_from_frozen_edition"",""rights_id"":""urn:uuid:3f181e34-b5ab-550e-89bb-fd3d6c717bd0"",""target_id"":""urn:uuid:e7b223ec-969a-5eb9-8cc7-ea21491d474c"",""target_native_id"":""OLP-0478""},""record_type"":""rights_assignment"",""recorded_at"":""2026-08-31T00:00:00Z"",""semantic_key"":""c80:openlogic:rights-assignment:unit:OLP-0478""}"
urn:uuid:96b2708b-6f99-531a-b9d3-6f920827799e,rights_assignment,"{""dataset_id"":""urn:uuid:fdfa2782-db96-5e60-bcb3-d206d78b960a"",""id"":""urn:uuid:96b2708b-6f99-531a-b9d3-6f920827799e"",""normalized_state"":""published"",""owner_authority_id"":""urn:uuid:ba324c09-ea3b-5b7d-a8de-40df0fcc5e83"",""owner_native_state"":""verified"",""payload"":{""assignment_state"":""effective"",""inheritance"":""direct_from_frozen_edition"",""rights_id"":""urn:uuid:3f181e34-b5ab-550e-89bb-fd3d6c717bd0"",""target_id"":""urn:uuid:f294b6c3-d512-5f6f-960e-e91c16fb2f57"",""target_native_id"":""OLP-0479""},""record_type"":""rights_assignment"",""recorded_at"":""2026-08-31T00:00:00Z"",""semantic_key"":""c80:openlogic:rights-assignment:unit:OLP-0479""}"
urn:uuid:297f6fab-b286-5daa-8475-6c6e3e0b0068,rights_assignment,"{""dataset_id"":""urn:uuid:fdfa2782-db96-5e60-bcb3-d206d78b960a"",""id"":""urn:uuid:297f6fab-b286-5daa-8475-6c6e3e0b0068"",""normalized_state"":""published"",""owner_authority_id"":""urn:uuid:ba324c09-ea3b-5b7d-a8de-40df0fcc5e83"",""owner_native_state"":""verified"",""payload"":{""assignment_state"":""effective"",""inheritance"":""direct_from_frozen_edition"",""rights_id"":""urn:uuid:3f181e34-b5ab-550e-89bb-fd3d6c717bd0"",""target_id"":""urn:uuid:009a3af5-6595-5d3e-9015-76bdd6f0e8d4"",""target_native_id"":""OLP-0480""},""record_type"":""rights_assignment"",""recorded_at"":""2026-08-31T00:00:00Z"",""semantic_key"":""c80:openlogic:rights-assignment:unit:OLP-0480""}"
urn:uuid:1198ede5-475e-5dcc-bb1f-a3e37a7938a8,rights_assignment,"{""dataset_id"":""urn:uuid:fdfa2782-db96-5e60-bcb3-d206d78b960a"",""id"":""urn:uuid:1198ede5-475e-5dcc-bb1f-a3e37a7938a8"",""normalized_state"":""published"",""owner_authority_id"":""urn:uuid:ba324c09-ea3b-5b7d-a8de-40df0fcc5e83"",""owner_native_state"":""verified"",""payload"":{""assignment_state"":""effective"",""inheritance"":""direct_from_frozen_edition"",""rights_id"":""urn:uuid:3f181e34-b5ab-550e-89bb-fd3d6c717bd0"",""target_id"":""urn:uuid:943cdcd5-b604-5163-8f25-57e57fef8eaf"",""target_native_id"":""OLP-0481""},""record_type"":""rights_assignment"",""recorded_at"":""2026-08-31T00:00:00Z"",""semantic_key"":""c80:openlogic:rights-assignment:unit:OLP-0481""}"
urn:uuid:393fe5b0-4007-59eb-af06-c81ec89abc00,rights_assignment,"{""dataset_id"":""urn:uuid:fdfa2782-db96-5e60-bcb3-d206d78b960a"",""id"":""urn:uuid:393fe5b0-4007-59eb-af06-c81ec89abc00"",""normalized_state"":""published"",""owner_authority_id"":""urn:uuid:ba324c09-ea3b-5b7d-a8de-40df0fcc5e83"",""owner_native_state"":""verified"",""payload"":{""assignment_state"":""effective"",""inheritance"":""direct_from_frozen_edition"",""rights_id"":""urn:uuid:3f181e34-b5ab-550e-89bb-fd3d6c717bd0"",""target_id"":""urn:uuid:3c113784-2819-51ca-9778-c20d84e74794"",""target_native_id"":""OLP-0482""},""record_type"":""rights_assignment"",""recorded_at"":""2026-08-31T00:00:00Z"",""semantic_key"":""c80:openlogic:rights-assignment:unit:OLP-0482""}"
urn:uuid:8be266ab-efd2-5432-9042-9a6522cb3719,rights_assignment,"{""dataset_id"":""urn:uuid:fdfa2782-db96-5e60-bcb3-d206d78b960a"",""id"":""urn:uuid:8be266ab-efd2-5432-9042-9a6522cb3719"",""normalized_state"":""published"",""owner_authority_id"":""urn:uuid:ba324c09-ea3b-5b7d-a8de-40df0fcc5e83"",""owner_native_state"":""verified"",""payload"":{""assignment_state"":""effective"",""inheritance"":""direct_from_frozen_edition"",""rights_id"":""urn:uuid:3f181e34-b5ab-550e-89bb-fd3d6c717bd0"",""target_id"":""urn:uuid:3f2e852e-b7e7-55c3-a0a5-f8834f899e1f"",""target_native_id"":""OLP-0483""},""record_type"":""rights_assignment"",""recorded_at"":""2026-08-31T00:00:00Z"",""semantic_key"":""c80:openlogic:rights-assignment:unit:OLP-0483""}"
urn:uuid:1013c88c-aead-57ad-ad52-5b1b11492db6,rights_assignment,"{""dataset_id"":""urn:uuid:fdfa2782-db96-5e60-bcb3-d206d78b960a"",""id"":""urn:uuid:1013c88c-aead-57ad-ad52-5b1b11492db6"",""normalized_state"":""published"",""owner_authority_id"":""urn:uuid:ba324c09-ea3b-5b7d-a8de-40df0fcc5e83"",""owner_native_state"":""verified"",""payload"":{""assignment_state"":""effective"",""inheritance"":""direct_from_frozen_edition"",""rights_id"":""urn:uuid:3f181e34-b5ab-550e-89bb-fd3d6c717bd0"",""target_id"":""urn:uuid:f33ef5e9-595a-5543-ad18-28eb6b950b83"",""target_native_id"":""OLP-0484""},""record_type"":""rights_assignment"",""recorded_at"":""2026-08-31T00:00:00Z"",""semantic_key"":""c80:openlogic:rights-assignment:unit:OLP-0484""}"
urn:uuid:11de111f-711c-5d9b-94d1-da2da127eac9,rights_assignment,"{""dataset_id"":""urn:uuid:fdfa2782-db96-5e60-bcb3-d206d78b960a"",""id"":""urn:uuid:11de111f-711c-5d9b-94d1-da2da127eac9"",""normalized_state"":""published"",""owner_authority_id"":""urn:uuid:ba324c09-ea3b-5b7d-a8de-40df0fcc5e83"",""owner_native_state"":""verified"",""payload"":{""assignment_state"":""effective"",""inheritance"":""direct_from_frozen_edition"",""rights_id"":""urn:uuid:3f181e34-b5ab-550e-89bb-fd3d6c717bd0"",""target_id"":""urn:uuid:8bafbad0-e05f-585f-abc5-c98effe35753"",""target_native_id"":""OLP-0485""},""record_type"":""rights_assignment"",""recorded_at"":""2026-08-31T00:00:00Z"",""semantic_key"":""c80:openlogic:rights-assignment:unit:OLP-0485""}"
urn:uuid:7406a55c-d931-55e4-b6b0-9a481dbb1af3,rights_assignment,"{""dataset_id"":""urn:uuid:fdfa2782-db96-5e60-bcb3-d206d78b960a"",""id"":""urn:uuid:7406a55c-d931-55e4-b6b0-9a481dbb1af3"",""normalized_state"":""published"",""owner_authority_id"":""urn:uuid:ba324c09-ea3b-5b7d-a8de-40df0fcc5e83"",""owner_native_state"":""verified"",""payload"":{""assignment_state"":""effective"",""inheritance"":""direct_from_frozen_edition"",""rights_id"":""urn:uuid:3f181e34-b5ab-550e-89bb-fd3d6c717bd0"",""target_id"":""urn:uuid:5f0fbc4f-7ca6-594d-856f-ebba51d4092a"",""target_native_id"":""OLP-0486""},""record_type"":""rights_assignment"",""recorded_at"":""2026-08-31T00:00:00Z"",""semantic_key"":""c80:openlogic:rights-assignment:unit:OLP-0486""}"
urn:uuid:cb5bf51f-ef28-5551-a700-92e098502f42,rights_assignment,"{""dataset_id"":""urn:uuid:fdfa2782-db96-5e60-bcb3-d206d78b960a"",""id"":""urn:uuid:cb5bf51f-ef28-5551-a700-92e098502f42"",""normalized_state"":""published"",""owner_authority_id"":""urn:uuid:ba324c09-ea3b-5b7d-a8de-40df0fcc5e83"",""owner_native_state"":""verified"",""payload"":{""assignment_state"":""effective"",""inheritance"":""direct_from_frozen_edition"",""rights_id"":""urn:uuid:3f181e34-b5ab-550e-89bb-fd3d6c717bd0"",""target_id"":""urn:uuid:08121f94-73cb-593b-bcc6-67c8deb79a23"",""target_native_id"":""OLP-0487""},""record_type"":""rights_assignment"",""recorded_at"":""2026-08-31T00:00:00Z"",""semantic_key"":""c80:openlogic:rights-assignment:unit:OLP-0487""}"
urn:uuid:d1f2bc0d-107f-5583-a248-e6345cbc2197,rights_assignment,"{""dataset_id"":""urn:uuid:fdfa2782-db96-5e60-bcb3-d206d78b960a"",""id"":""urn:uuid:d1f2bc0d-107f-5583-a248-e6345cbc2197"",""normalized_state"":""published"",""owner_authority_id"":""urn:uuid:ba324c09-ea3b-5b7d-a8de-40df0fcc5e83"",""owner_native_state"":""verified"",""payload"":{""assignment_state"":""effective"",""inheritance"":""direct_from_frozen_edition"",""rights_id"":""urn:uuid:3f181e34-b5ab-550e-89bb-fd3d6c717bd0"",""target_id"":""urn:uuid:cf3b5fb7-b956-5904-a258-6b16665ef3cb"",""target_native_id"":""OLP-0488""},""record_type"":""rights_assignment"",""recorded_at"":""2026-08-31T00:00:00Z"",""semantic_key"":""c80:openlogic:rights-assignment:unit:OLP-0488""}"
urn:uuid:1272098e-64d7-53c5-b665-3a33fcea46be,rights_assignment,"{""dataset_id"":""urn:uuid:fdfa2782-db96-5e60-bcb3-d206d78b960a"",""id"":""urn:uuid:1272098e-64d7-53c5-b665-3a33fcea46be"",""normalized_state"":""published"",""owner_authority_id"":""urn:uuid:ba324c09-ea3b-5b7d-a8de-40df0fcc5e83"",""owner_native_state"":""verified"",""payload"":{""assignment_state"":""effective"",""inheritance"":""direct_from_frozen_edition"",""rights_id"":""urn:uuid:3f181e34-b5ab-550e-89bb-fd3d6c717bd0"",""target_id"":""urn:uuid:7ad3168d-d726-59f9-8417-8ae275509913"",""target_native_id"":""OLP-0489""},""record_type"":""rights_assignment"",""recorded_at"":""2026-08-31T00:00:00Z"",""semantic_key"":""c80:openlogic:rights-assignment:unit:OLP-0489""}"
urn:uuid:d80fa8bf-0491-53a9-b820-2a08ea625dc3,rights_assignment,"{""dataset_id"":""urn:uuid:fdfa2782-db96-5e60-bcb3-d206d78b960a"",""id"":""urn:uuid:d80fa8bf-0491-53a9-b820-2a08ea625dc3"",""normalized_state"":""published"",""owner_authority_id"":""urn:uuid:ba324c09-ea3b-5b7d-a8de-40df0fcc5e83"",""owner_native_state"":""verified"",""payload"":{""assignment_state"":""effective"",""inheritance"":""direct_from_frozen_edition"",""rights_id"":""urn:uuid:3f181e34-b5ab-550e-89bb-fd3d6c717bd0"",""target_id"":""urn:uuid:49bb9e01-1b02-5122-a709-e8b85bf7c68a"",""target_native_id"":""OLP-0490""},""record_type"":""rights_assignment"",""recorded_at"":""2026-08-31T00:00:00Z"",""semantic_key"":""c80:openlogic:rights-assignment:unit:OLP-0490""}"
urn:uuid:4b93cfb5-65c9-5d49-a33d-fbbdbf82071b,rights_assignment,"{""dataset_id"":""urn:uuid:fdfa2782-db96-5e60-bcb3-d206d78b960a"",""id"":""urn:uuid:4b93cfb5-65c9-5d49-a33d-fbbdbf82071b"",""normalized_state"":""published"",""owner_authority_id"":""urn:uuid:ba324c09-ea3b-5b7d-a8de-40df0fcc5e83"",""owner_native_state"":""verified"",""payload"":{""assignment_state"":""effective"",""inheritance"":""direct_from_frozen_edition"",""rights_id"":""urn:uuid:3f181e34-b5ab-550e-89bb-fd3d6c717bd0"",""target_id"":""urn:uuid:22fa76ed-82de-59b6-8ea0-35ca09b515f8"",""target_native_id"":""OLP-0491""},""record_type"":""rights_assignment"",""recorded_at"":""2026-08-31T00:00:00Z"",""semantic_key"":""c80:openlogic:rights-assignment:unit:OLP-0491""}"
urn:uuid:e081d5b9-de7e-5ab4-a7a0-7419cb188e67,rights_assignment,"{""dataset_id"":""urn:uuid:fdfa2782-db96-5e60-bcb3-d206d78b960a"",""id"":""urn:uuid:e081d5b9-de7e-5ab4-a7a0-7419cb188e67"",""normalized_state"":""published"",""owner_authority_id"":""urn:uuid:ba324c09-ea3b-5b7d-a8de-40df0fcc5e83"",""owner_native_state"":""verified"",""payload"":{""assignment_state"":""effective"",""inheritance"":""direct_from_frozen_edition"",""rights_id"":""urn:uuid:3f181e34-b5ab-550e-89bb-fd3d6c717bd0"",""target_id"":""urn:uuid:c9379c1e-222d-5d4b-844b-ff229d9f2cd5"",""target_native_id"":""OLP-0492""},""record_type"":""rights_assignment"",""recorded_at"":""2026-08-31T00:00:00Z"",""semantic_key"":""c80:openlogic:rights-assignment:unit:OLP-0492""}"
urn:uuid:81d9a5ea-69e6-5d40-a61f-164f1ee387ac,rights_assignment,"{""dataset_id"":""urn:uuid:fdfa2782-db96-5e60-bcb3-d206d78b960a"",""id"":""urn:uuid:81d9a5ea-69e6-5d40-a61f-164f1ee387ac"",""normalized_state"":""published"",""owner_authority_id"":""urn:uuid:ba324c09-ea3b-5b7d-a8de-40df0fcc5e83"",""owner_native_state"":""verified"",""payload"":{""assignment_state"":""effective"",""inheritance"":""direct_from_frozen_edition"",""rights_id"":""urn:uuid:3f181e34-b5ab-550e-89bb-fd3d6c717bd0"",""target_id"":""urn:uuid:45875910-f4a3-5da9-9b91-112349b022f3"",""target_native_id"":""OLP-0493""},""record_type"":""rights_assignment"",""recorded_at"":""2026-08-31T00:00:00Z"",""semantic_key"":""c80:openlogic:rights-assignment:unit:OLP-0493""}"
urn:uuid:18caa35d-1a84-5d6b-a462-98091689f961,rights_assignment,"{""dataset_id"":""urn:uuid:fdfa2782-db96-5e60-bcb3-d206d78b960a"",""id"":""urn:uuid:18caa35d-1a84-5d6b-a462-98091689f961"",""normalized_state"":""published"",""owner_authority_id"":""urn:uuid:ba324c09-ea3b-5b7d-a8de-40df0fcc5e83"",""owner_native_state"":""verified"",""payload"":{""assignment_state"":""effective"",""inheritance"":""direct_from_frozen_edition"",""rights_id"":""urn:uuid:3f181e34-b5ab-550e-89bb-fd3d6c717bd0"",""target_id"":""urn:uuid:154617ef-76ec-54a1-9c8a-df8e1a45e473"",""target_native_id"":""OLP-0494""},""record_type"":""rights_assignment"",""recorded_at"":""2026-08-31T00:00:00Z"",""semantic_key"":""c80:openlogic:rights-assignment:unit:OLP-0494""}"
urn:uuid:e7ae7675-3291-56dd-ba8a-559d3096ff5a,rights_assignment,"{""dataset_id"":""urn:uuid:fdfa2782-db96-5e60-bcb3-d206d78b960a"",""id"":""urn:uuid:e7ae7675-3291-56dd-ba8a-559d3096ff5a"",""normalized_state"":""published"",""owner_authority_id"":""urn:uuid:ba324c09-ea3b-5b7d-a8de-40df0fcc5e83"",""owner_native_state"":""verified"",""payload"":{""assignment_state"":""effective"",""inheritance"":""direct_from_frozen_edition"",""rights_id"":""urn:uuid:3f181e34-b5ab-550e-89bb-fd3d6c717bd0"",""target_id"":""urn:uuid:9b24f431-c80a-5bb5-92a7-2ed9f969e375"",""target_native_id"":""OLP-0495""},""record_type"":""rights_assignment"",""recorded_at"":""2026-08-31T00:00:00Z"",""semantic_key"":""c80:openlogic:rights-assignment:unit:OLP-0495""}"
urn:uuid:fc1fc76e-7aae-5ab9-b7d6-86715a171587,rights_assignment,"{""dataset_id"":""urn:uuid:fdfa2782-db96-5e60-bcb3-d206d78b960a"",""id"":""urn:uuid:fc1fc76e-7aae-5ab9-b7d6-86715a171587"",""normalized_state"":""published"",""owner_authority_id"":""urn:uuid:ba324c09-ea3b-5b7d-a8de-40df0fcc5e83"",""owner_native_state"":""verified"",""payload"":{""assignment_state"":""effective"",""inheritance"":""direct_from_frozen_edition"",""rights_id"":""urn:uuid:3f181e34-b5ab-550e-89bb-fd3d6c717bd0"",""target_id"":""urn:uuid:d430ae01-d3cc-533a-946a-a0b6c15e0770"",""target_native_id"":""OLP-0496""},""record_type"":""rights_assignment"",""recorded_at"":""2026-08-31T00:00:00Z"",""semantic_key"":""c80:openlogic:rights-assignment:unit:OLP-0496""}"
urn:uuid:a87cc058-1d52-5e18-b709-84ca3bef97ea,rights_assignment,"{""dataset_id"":""urn:uuid:fdfa2782-db96-5e60-bcb3-d206d78b960a"",""id"":""urn:uuid:a87cc058-1d52-5e18-b709-84ca3bef97ea"",""normalized_state"":""published"",""owner_authority_id"":""urn:uuid:ba324c09-ea3b-5b7d-a8de-40df0fcc5e83"",""owner_native_state"":""verified"",""payload"":{""assignment_state"":""effective"",""inheritance"":""direct_from_frozen_edition"",""rights_id"":""urn:uuid:3f181e34-b5ab-550e-89bb-fd3d6c717bd0"",""target_id"":""urn:uuid:a844f360-6850-58a0-8fec-b245b8264570"",""target_native_id"":""OLP-0497""},""record_type"":""rights_assignment"",""recorded_at"":""2026-08-31T00:00:00Z"",""semantic_key"":""c80:openlogic:rights-assignment:unit:OLP-0497""}"
urn:uuid:89424119-7124-51c1-a37f-ff8cd565ba30,rights_assignment,"{""dataset_id"":""urn:uuid:fdfa2782-db96-5e60-bcb3-d206d78b960a"",""id"":""urn:uuid:89424119-7124-51c1-a37f-ff8cd565ba30"",""normalized_state"":""published"",""owner_authority_id"":""urn:uuid:ba324c09-ea3b-5b7d-a8de-40df0fcc5e83"",""owner_native_state"":""verified"",""payload"":{""assignment_state"":""effective"",""inheritance"":""direct_from_frozen_edition"",""rights_id"":""urn:uuid:3f181e34-b5ab-550e-89bb-fd3d6c717bd0"",""target_id"":""urn:uuid:bb3a1acb-2cb8-58a6-b999-22d2066dd170"",""target_native_id"":""OLP-0498""},""record_type"":""rights_assignment"",""recorded_at"":""2026-08-31T00:00:00Z"",""semantic_key"":""c80:openlogic:rights-assignment:unit:OLP-0498""}"
urn:uuid:84fdf38a-a581-58bd-8d19-c709fdef8f27,rights_assignment,"{""dataset_id"":""urn:uuid:fdfa2782-db96-5e60-bcb3-d206d78b960a"",""id"":""urn:uuid:84fdf38a-a581-58bd-8d19-c709fdef8f27"",""normalized_state"":""published"",""owner_authority_id"":""urn:uuid:ba324c09-ea3b-5b7d-a8de-40df0fcc5e83"",""owner_native_state"":""verified"",""payload"":{""assignment_state"":""effective"",""inheritance"":""direct_from_frozen_edition"",""rights_id"":""urn:uuid:3f181e34-b5ab-550e-89bb-fd3d6c717bd0"",""target_id"":""urn:uuid:0e33f62e-e639-5294-9d5d-8dc3cb03800d"",""target_native_id"":""OLP-0499""},""record_type"":""rights_assignment"",""recorded_at"":""2026-08-31T00:00:00Z"",""semantic_key"":""c80:openlogic:rights-assignment:unit:OLP-0499""}"
urn:uuid:b90a21ae-0331-5494-873b-7accb31ccc4c,rights_assignment,"{""dataset_id"":""urn:uuid:fdfa2782-db96-5e60-bcb3-d206d78b960a"",""id"":""urn:uuid:b90a21ae-0331-5494-873b-7accb31ccc4c"",""normalized_state"":""published"",""owner_authority_id"":""urn:uuid:ba324c09-ea3b-5b7d-a8de-40df0fcc5e83"",""owner_native_state"":""verified"",""payload"":{""assignment_state"":""effective"",""inheritance"":""direct_from_frozen_edition"",""rights_id"":""urn:uuid:3f181e34-b5ab-550e-89bb-fd3d6c717bd0"",""target_id"":""urn:uuid:7f71ff62-ed33-593a-8766-1e9811048392"",""target_native_id"":""OLP-0500""},""record_type"":""rights_assignment"",""recorded_at"":""2026-08-31T00:00:00Z"",""semantic_key"":""c80:openlogic:rights-assignment:unit:OLP-0500""}"
urn:uuid:8db2b6f8-627c-5946-ae7d-33b12cbbfa58,rights_assignment,"{""dataset_id"":""urn:uuid:fdfa2782-db96-5e60-bcb3-d206d78b960a"",""id"":""urn:uuid:8db2b6f8-627c-5946-ae7d-33b12cbbfa58"",""normalized_state"":""published"",""owner_authority_id"":""urn:uuid:ba324c09-ea3b-5b7d-a8de-40df0fcc5e83"",""owner_native_state"":""verified"",""payload"":{""assignment_state"":""effective"",""inheritance"":""direct_from_frozen_edition"",""rights_id"":""urn:uuid:3f181e34-b5ab-550e-89bb-fd3d6c717bd0"",""target_id"":""urn:uuid:8c851f76-172b-5038-93b8-c1c99d2e3da7"",""target_native_id"":""OLP-0501""},""record_type"":""rights_assignment"",""recorded_at"":""2026-08-31T00:00:00Z"",""semantic_key"":""c80:openlogic:rights-assignment:unit:OLP-0501""}"
urn:uuid:e49f88a6-a3bd-57ec-8346-94d1c69ea5e0,rights_assignment,"{""dataset_id"":""urn:uuid:fdfa2782-db96-5e60-bcb3-d206d78b960a"",""id"":""urn:uuid:e49f88a6-a3bd-57ec-8346-94d1c69ea5e0"",""normalized_state"":""published"",""owner_authority_id"":""urn:uuid:ba324c09-ea3b-5b7d-a8de-40df0fcc5e83"",""owner_native_state"":""verified"",""payload"":{""assignment_state"":""effective"",""inheritance"":""direct_from_frozen_edition"",""rights_id"":""urn:uuid:3f181e34-b5ab-550e-89bb-fd3d6c717bd0"",""target_id"":""urn:uuid:5fd9d797-c202-50ab-97fe-cb7855e097c9"",""target_native_id"":""OLP-0502""},""record_type"":""rights_assignment"",""recorded_at"":""2026-08-31T00:00:00Z"",""semantic_key"":""c80:openlogic:rights-assignment:unit:OLP-0502""}"
urn:uuid:e1079af9-d22c-58d1-bde8-df0a88680441,rights_assignment,"{""dataset_id"":""urn:uuid:fdfa2782-db96-5e60-bcb3-d206d78b960a"",""id"":""urn:uuid:e1079af9-d22c-58d1-bde8-df0a88680441"",""normalized_state"":""published"",""owner_authority_id"":""urn:uuid:ba324c09-ea3b-5b7d-a8de-40df0fcc5e83"",""owner_native_state"":""verified"",""payload"":{""assignment_state"":""effective"",""inheritance"":""direct_from_frozen_edition"",""rights_id"":""urn:uuid:3f181e34-b5ab-550e-89bb-fd3d6c717bd0"",""target_id"":""urn:uuid:b030f316-07f4-5864-b0e6-2ff80e2e1a83"",""target_native_id"":""OLP-0503""},""record_type"":""rights_assignment"",""recorded_at"":""2026-08-31T00:00:00Z"",""semantic_key"":""c80:openlogic:rights-assignment:unit:OLP-0503""}"
urn:uuid:8bf86d93-5186-5449-8447-ee0475389467,rights_assignment,"{""dataset_id"":""urn:uuid:fdfa2782-db96-5e60-bcb3-d206d78b960a"",""id"":""urn:uuid:8bf86d93-5186-5449-8447-ee0475389467"",""normalized_state"":""published"",""owner_authority_id"":""urn:uuid:ba324c09-ea3b-5b7d-a8de-40df0fcc5e83"",""owner_native_state"":""verified"",""payload"":{""assignment_state"":""effective"",""inheritance"":""direct_from_frozen_edition"",""rights_id"":""urn:uuid:3f181e34-b5ab-550e-89bb-fd3d6c717bd0"",""target_id"":""urn:uuid:383e4249-342e-55e8-9361-6c2b0c46331d"",""target_native_id"":""OLP-0504""},""record_type"":""rights_assignment"",""recorded_at"":""2026-08-31T00:00:00Z"",""semantic_key"":""c80:openlogic:rights-assignment:unit:OLP-0504""}"
urn:uuid:0101ce47-5032-5694-a960-6dd2c1cc168b,rights_assignment,"{""dataset_id"":""urn:uuid:fdfa2782-db96-5e60-bcb3-d206d78b960a"",""id"":""urn:uuid:0101ce47-5032-5694-a960-6dd2c1cc168b"",""normalized_state"":""published"",""owner_authority_id"":""urn:uuid:ba324c09-ea3b-5b7d-a8de-40df0fcc5e83"",""owner_native_state"":""verified"",""payload"":{""assignment_state"":""effective"",""inheritance"":""direct_from_frozen_edition"",""rights_id"":""urn:uuid:3f181e34-b5ab-550e-89bb-fd3d6c717bd0"",""target_id"":""urn:uuid:fff62f67-9dbb-5ab6-b8a0-94f2e351a738"",""target_native_id"":""OLP-0505""},""record_type"":""rights_assignment"",""recorded_at"":""2026-08-31T00:00:00Z"",""semantic_key"":""c80:openlogic:rights-assignment:unit:OLP-0505""}"
urn:uuid:dff9c561-29b9-541b-9073-e529b9f93ef3,rights_assignment,"{""dataset_id"":""urn:uuid:fdfa2782-db96-5e60-bcb3-d206d78b960a"",""id"":""urn:uuid:dff9c561-29b9-541b-9073-e529b9f93ef3"",""normalized_state"":""published"",""owner_authority_id"":""urn:uuid:ba324c09-ea3b-5b7d-a8de-40df0fcc5e83"",""owner_native_state"":""verified"",""payload"":{""assignment_state"":""effective"",""inheritance"":""direct_from_frozen_edition"",""rights_id"":""urn:uuid:3f181e34-b5ab-550e-89bb-fd3d6c717bd0"",""target_id"":""urn:uuid:79057fdd-a302-54c1-9dde-aa3a6a488833"",""target_native_id"":""OLP-0506""},""record_type"":""rights_assignment"",""recorded_at"":""2026-08-31T00:00:00Z"",""semantic_key"":""c80:openlogic:rights-assignment:unit:OLP-0506""}"
urn:uuid:31566591-fa94-5441-a7cd-6e31f29d0626,rights_assignment,"{""dataset_id"":""urn:uuid:fdfa2782-db96-5e60-bcb3-d206d78b960a"",""id"":""urn:uuid:31566591-fa94-5441-a7cd-6e31f29d0626"",""normalized_state"":""published"",""owner_authority_id"":""urn:uuid:ba324c09-ea3b-5b7d-a8de-40df0fcc5e83"",""owner_native_state"":""verified"",""payload"":{""assignment_state"":""effective"",""inheritance"":""direct_from_frozen_edition"",""rights_id"":""urn:uuid:3f181e34-b5ab-550e-89bb-fd3d6c717bd0"",""target_id"":""urn:uuid:eb7c7c24-d58b-5194-94b8-d4fa1b1bd56c"",""target_native_id"":""OLP-0507""},""record_type"":""rights_assignment"",""recorded_at"":""2026-08-31T00:00:00Z"",""semantic_key"":""c80:openlogic:rights-assignment:unit:OLP-0507""}"
urn:uuid:b3cfd75f-e714-569b-9578-ab2be1965645,rights_assignment,"{""dataset_id"":""urn:uuid:fdfa2782-db96-5e60-bcb3-d206d78b960a"",""id"":""urn:uuid:b3cfd75f-e714-569b-9578-ab2be1965645"",""normalized_state"":""published"",""owner_authority_id"":""urn:uuid:ba324c09-ea3b-5b7d-a8de-40df0fcc5e83"",""owner_native_state"":""verified"",""payload"":{""assignment_state"":""effective"",""inheritance"":""direct_from_frozen_edition"",""rights_id"":""urn:uuid:3f181e34-b5ab-550e-89bb-fd3d6c717bd0"",""target_id"":""urn:uuid:374f6d65-f410-5b2f-ba94-6d485583bd44"",""target_native_id"":""OLP-0508""},""record_type"":""rights_assignment"",""recorded_at"":""2026-08-31T00:00:00Z"",""semantic_key"":""c80:openlogic:rights-assignment:unit:OLP-0508""}"
urn:uuid:517856be-48ce-5383-88ce-9dd05ee05e03,rights_assignment,"{""dataset_id"":""urn:uuid:fdfa2782-db96-5e60-bcb3-d206d78b960a"",""id"":""urn:uuid:517856be-48ce-5383-88ce-9dd05ee05e03"",""normalized_state"":""published"",""owner_authority_id"":""urn:uuid:ba324c09-ea3b-5b7d-a8de-40df0fcc5e83"",""owner_native_state"":""verified"",""payload"":{""assignment_state"":""effective"",""inheritance"":""direct_from_frozen_edition"",""rights_id"":""urn:uuid:3f181e34-b5ab-550e-89bb-fd3d6c717bd0"",""target_id"":""urn:uuid:0b0e0d6f-953c-5ccc-a21b-9acfe9f2afd0"",""target_native_id"":""OLP-0509""},""record_type"":""rights_assignment"",""recorded_at"":""2026-08-31T00:00:00Z"",""semantic_key"":""c80:openlogic:rights-assignment:unit:OLP-0509""}"
urn:uuid:86c58453-a9da-501c-b003-355298dfdde3,rights_assignment,"{""dataset_id"":""urn:uuid:fdfa2782-db96-5e60-bcb3-d206d78b960a"",""id"":""urn:uuid:86c58453-a9da-501c-b003-355298dfdde3"",""normalized_state"":""published"",""owner_authority_id"":""urn:uuid:ba324c09-ea3b-5b7d-a8de-40df0fcc5e83"",""owner_native_state"":""verified"",""payload"":{""assignment_state"":""effective"",""inheritance"":""direct_from_frozen_edition"",""rights_id"":""urn:uuid:3f181e34-b5ab-550e-89bb-fd3d6c717bd0"",""target_id"":""urn:uuid:ce690d47-bd91-576c-84ae-164408e7339b"",""target_native_id"":""OLP-0510""},""record_type"":""rights_assignment"",""recorded_at"":""2026-08-31T00:00:00Z"",""semantic_key"":""c80:openlogic:rights-assignment:unit:OLP-0510""}"
urn:uuid:4137195d-971b-51d1-bb39-706bcf3c1228,rights_assignment,"{""dataset_id"":""urn:uuid:fdfa2782-db96-5e60-bcb3-d206d78b960a"",""id"":""urn:uuid:4137195d-971b-51d1-bb39-706bcf3c1228"",""normalized_state"":""published"",""owner_authority_id"":""urn:uuid:ba324c09-ea3b-5b7d-a8de-40df0fcc5e83"",""owner_native_state"":""verified"",""payload"":{""assignment_state"":""effective"",""inheritance"":""direct_from_frozen_edition"",""rights_id"":""urn:uuid:3f181e34-b5ab-550e-89bb-fd3d6c717bd0"",""target_id"":""urn:uuid:82b448f1-611b-572b-9dea-9d11deb2245f"",""target_native_id"":""OLP-0511""},""record_type"":""rights_assignment"",""recorded_at"":""2026-08-31T00:00:00Z"",""semantic_key"":""c80:openlogic:rights-assignment:unit:OLP-0511""}"
urn:uuid:fe81cd67-c904-59d4-a824-ff18397172ce,rights_assignment,"{""dataset_id"":""urn:uuid:fdfa2782-db96-5e60-bcb3-d206d78b960a"",""id"":""urn:uuid:fe81cd67-c904-59d4-a824-ff18397172ce"",""normalized_state"":""published"",""owner_authority_id"":""urn:uuid:ba324c09-ea3b-5b7d-a8de-40df0fcc5e83"",""owner_native_state"":""verified"",""payload"":{""assignment_state"":""effective"",""inheritance"":""direct_from_frozen_edition"",""rights_id"":""urn:uuid:3f181e34-b5ab-550e-89bb-fd3d6c717bd0"",""target_id"":""urn:uuid:2959cf6c-8d76-5e0d-ba43-72582ccf9213"",""target_native_id"":""OLP-0512""},""record_type"":""rights_assignment"",""recorded_at"":""2026-08-31T00:00:00Z"",""semantic_key"":""c80:openlogic:rights-assignment:unit:OLP-0512""}"
urn:uuid:4a99acfa-a05a-57a7-97e4-f04f2c890965,rights_assignment,"{""dataset_id"":""urn:uuid:fdfa2782-db96-5e60-bcb3-d206d78b960a"",""id"":""urn:uuid:4a99acfa-a05a-57a7-97e4-f04f2c890965"",""normalized_state"":""published"",""owner_authority_id"":""urn:uuid:ba324c09-ea3b-5b7d-a8de-40df0fcc5e83"",""owner_native_state"":""verified"",""payload"":{""assignment_state"":""effective"",""inheritance"":""direct_from_frozen_edition"",""rights_id"":""urn:uuid:3f181e34-b5ab-550e-89bb-fd3d6c717bd0"",""target_id"":""urn:uuid:3a964027-1c60-5f1d-acb1-35df1a8ac1d8"",""target_native_id"":""OLP-0513""},""record_type"":""rights_assignment"",""recorded_at"":""2026-08-31T00:00:00Z"",""semantic_key"":""c80:openlogic:rights-assignment:unit:OLP-0513""}"
urn:uuid:07354274-1578-55a6-8963-e2c5f3090156,rights_assignment,"{""dataset_id"":""urn:uuid:fdfa2782-db96-5e60-bcb3-d206d78b960a"",""id"":""urn:uuid:07354274-1578-55a6-8963-e2c5f3090156"",""normalized_state"":""published"",""owner_authority_id"":""urn:uuid:ba324c09-ea3b-5b7d-a8de-40df0fcc5e83"",""owner_native_state"":""verified"",""payload"":{""assignment_state"":""effective"",""inheritance"":""direct_from_frozen_edition"",""rights_id"":""urn:uuid:3f181e34-b5ab-550e-89bb-fd3d6c717bd0"",""target_id"":""urn:uuid:4338c477-8b00-5e19-821a-c3c56512b405"",""target_native_id"":""OLP-0514""},""record_type"":""rights_assignment"",""recorded_at"":""2026-08-31T00:00:00Z"",""semantic_key"":""c80:openlogic:rights-assignment:unit:OLP-0514""}"
urn:uuid:76b26748-716c-59f5-85c2-4ee86231da6b,rights_assignment,"{""dataset_id"":""urn:uuid:fdfa2782-db96-5e60-bcb3-d206d78b960a"",""id"":""urn:uuid:76b26748-716c-59f5-85c2-4ee86231da6b"",""normalized_state"":""published"",""owner_authority_id"":""urn:uuid:ba324c09-ea3b-5b7d-a8de-40df0fcc5e83"",""owner_native_state"":""verified"",""payload"":{""assignment_state"":""effective"",""inheritance"":""direct_from_frozen_edition"",""rights_id"":""urn:uuid:3f181e34-b5ab-550e-89bb-fd3d6c717bd0"",""target_id"":""urn:uuid:9367d5f7-35f6-5bae-99c6-6524d5b31e38"",""target_native_id"":""OLP-0515""},""record_type"":""rights_assignment"",""recorded_at"":""2026-08-31T00:00:00Z"",""semantic_key"":""c80:openlogic:rights-assignment:unit:OLP-0515""}"
urn:uuid:fd39c84f-2da6-525c-b87a-533ee18fa86a,rights_assignment,"{""dataset_id"":""urn:uuid:fdfa2782-db96-5e60-bcb3-d206d78b960a"",""id"":""urn:uuid:fd39c84f-2da6-525c-b87a-533ee18fa86a"",""normalized_state"":""published"",""owner_authority_id"":""urn:uuid:ba324c09-ea3b-5b7d-a8de-40df0fcc5e83"",""owner_native_state"":""verified"",""payload"":{""assignment_state"":""effective"",""inheritance"":""direct_from_frozen_edition"",""rights_id"":""urn:uuid:3f181e34-b5ab-550e-89bb-fd3d6c717bd0"",""target_id"":""urn:uuid:ee76a71a-29b3-5e3d-b698-9d2e4b6204f9"",""target_native_id"":""OLP-0516""},""record_type"":""rights_assignment"",""recorded_at"":""2026-08-31T00:00:00Z"",""semantic_key"":""c80:openlogic:rights-assignment:unit:OLP-0516""}"
urn:uuid:289a3fd8-da1a-523d-bd16-5be155e30d79,rights_assignment,"{""dataset_id"":""urn:uuid:fdfa2782-db96-5e60-bcb3-d206d78b960a"",""id"":""urn:uuid:289a3fd8-da1a-523d-bd16-5be155e30d79"",""normalized_state"":""published"",""owner_authority_id"":""urn:uuid:ba324c09-ea3b-5b7d-a8de-40df0fcc5e83"",""owner_native_state"":""verified"",""payload"":{""assignment_state"":""effective"",""inheritance"":""direct_from_frozen_edition"",""rights_id"":""urn:uuid:3f181e34-b5ab-550e-89bb-fd3d6c717bd0"",""target_id"":""urn:uuid:bdb23ee9-3ed9-5f23-8e63-b6647528280a"",""target_native_id"":""OLP-0517""},""record_type"":""rights_assignment"",""recorded_at"":""2026-08-31T00:00:00Z"",""semantic_key"":""c80:openlogic:rights-assignment:unit:OLP-0517""}"
urn:uuid:bcaa1bd3-af40-51a7-a27f-1a5f78c26bb3,rights_assignment,"{""dataset_id"":""urn:uuid:fdfa2782-db96-5e60-bcb3-d206d78b960a"",""id"":""urn:uuid:bcaa1bd3-af40-51a7-a27f-1a5f78c26bb3"",""normalized_state"":""published"",""owner_authority_id"":""urn:uuid:ba324c09-ea3b-5b7d-a8de-40df0fcc5e83"",""owner_native_state"":""verified"",""payload"":{""assignment_state"":""effective"",""inheritance"":""direct_from_frozen_edition"",""rights_id"":""urn:uuid:3f181e34-b5ab-550e-89bb-fd3d6c717bd0"",""target_id"":""urn:uuid:acfc96a5-02e2-5f9d-81e6-4392c6086568"",""target_native_id"":""OLP-0518""},""record_type"":""rights_assignment"",""recorded_at"":""2026-08-31T00:00:00Z"",""semantic_key"":""c80:openlogic:rights-assignment:unit:OLP-0518""}"
urn:uuid:6f448a4a-1c1c-5ee4-abaf-6e80b96dfe64,rights_assignment,"{""dataset_id"":""urn:uuid:fdfa2782-db96-5e60-bcb3-d206d78b960a"",""id"":""urn:uuid:6f448a4a-1c1c-5ee4-abaf-6e80b96dfe64"",""normalized_state"":""published"",""owner_authority_id"":""urn:uuid:ba324c09-ea3b-5b7d-a8de-40df0fcc5e83"",""owner_native_state"":""verified"",""payload"":{""assignment_state"":""effective"",""inheritance"":""direct_from_frozen_edition"",""rights_id"":""urn:uuid:3f181e34-b5ab-550e-89bb-fd3d6c717bd0"",""target_id"":""urn:uuid:be5e10b9-20da-587d-a6ac-fb6f2828acb5"",""target_native_id"":""OLP-0519""},""record_type"":""rights_assignment"",""recorded_at"":""2026-08-31T00:00:00Z"",""semantic_key"":""c80:openlogic:rights-assignment:unit:OLP-0519""}"
urn:uuid:a0cab9b1-fcad-59b4-bcfd-da43c1234e03,rights_assignment,"{""dataset_id"":""urn:uuid:fdfa2782-db96-5e60-bcb3-d206d78b960a"",""id"":""urn:uuid:a0cab9b1-fcad-59b4-bcfd-da43c1234e03"",""normalized_state"":""published"",""owner_authority_id"":""urn:uuid:ba324c09-ea3b-5b7d-a8de-40df0fcc5e83"",""owner_native_state"":""verified"",""payload"":{""assignment_state"":""effective"",""inheritance"":""direct_from_frozen_edition"",""rights_id"":""urn:uuid:3f181e34-b5ab-550e-89bb-fd3d6c717bd0"",""target_id"":""urn:uuid:c60166f9-4849-5787-bd8e-47076423b39a"",""target_native_id"":""OLP-0520""},""record_type"":""rights_assignment"",""recorded_at"":""2026-08-31T00:00:00Z"",""semantic_key"":""c80:openlogic:rights-assignment:unit:OLP-0520""}"
urn:uuid:8d3650cc-686d-56cf-98ab-e6235892ea62,rights_assignment,"{""dataset_id"":""urn:uuid:fdfa2782-db96-5e60-bcb3-d206d78b960a"",""id"":""urn:uuid:8d3650cc-686d-56cf-98ab-e6235892ea62"",""normalized_state"":""published"",""owner_authority_id"":""urn:uuid:ba324c09-ea3b-5b7d-a8de-40df0fcc5e83"",""owner_native_state"":""verified"",""payload"":{""assignment_state"":""effective"",""inheritance"":""direct_from_frozen_edition"",""rights_id"":""urn:uuid:3f181e34-b5ab-550e-89bb-fd3d6c717bd0"",""target_id"":""urn:uuid:7a56684f-f2de-589a-87f3-00a2633d37c2"",""target_native_id"":""OLP-0521""},""record_type"":""rights_assignment"",""recorded_at"":""2026-08-31T00:00:00Z"",""semantic_key"":""c80:openlogic:rights-assignment:unit:OLP-0521""}"
urn:uuid:09a1a2e0-8424-5797-94a9-e22fac936b58,rights_assignment,"{""dataset_id"":""urn:uuid:fdfa2782-db96-5e60-bcb3-d206d78b960a"",""id"":""urn:uuid:09a1a2e0-8424-5797-94a9-e22fac936b58"",""normalized_state"":""published"",""owner_authority_id"":""urn:uuid:ba324c09-ea3b-5b7d-a8de-40df0fcc5e83"",""owner_native_state"":""verified"",""payload"":{""assignment_state"":""effective"",""inheritance"":""direct_from_frozen_edition"",""rights_id"":""urn:uuid:3f181e34-b5ab-550e-89bb-fd3d6c717bd0"",""target_id"":""urn:uuid:83823e36-99be-56c7-a639-34b032cf46fe"",""target_native_id"":""OLP-0522""},""record_type"":""rights_assignment"",""recorded_at"":""2026-08-31T00:00:00Z"",""semantic_key"":""c80:openlogic:rights-assignment:unit:OLP-0522""}"
urn:uuid:1d06f50d-d826-5112-80ed-16cdf0632764,rights_assignment,"{""dataset_id"":""urn:uuid:fdfa2782-db96-5e60-bcb3-d206d78b960a"",""id"":""urn:uuid:1d06f50d-d826-5112-80ed-16cdf0632764"",""normalized_state"":""published"",""owner_authority_id"":""urn:uuid:ba324c09-ea3b-5b7d-a8de-40df0fcc5e83"",""owner_native_state"":""verified"",""payload"":{""assignment_state"":""effective"",""inheritance"":""direct_from_frozen_edition"",""rights_id"":""urn:uuid:3f181e34-b5ab-550e-89bb-fd3d6c717bd0"",""target_id"":""urn:uuid:2b60d7ba-972d-5d2d-a972-92463871a41a"",""target_native_id"":""OLP-0523""},""record_type"":""rights_assignment"",""recorded_at"":""2026-08-31T00:00:00Z"",""semantic_key"":""c80:openlogic:rights-assignment:unit:OLP-0523""}"
urn:uuid:131a9fc9-2935-528c-9b7b-e54735eb7b13,rights_assignment,"{""dataset_id"":""urn:uuid:fdfa2782-db96-5e60-bcb3-d206d78b960a"",""id"":""urn:uuid:131a9fc9-2935-528c-9b7b-e54735eb7b13"",""normalized_state"":""published"",""owner_authority_id"":""urn:uuid:ba324c09-ea3b-5b7d-a8de-40df0fcc5e83"",""owner_native_state"":""verified"",""payload"":{""assignment_state"":""effective"",""inheritance"":""direct_from_frozen_edition"",""rights_id"":""urn:uuid:3f181e34-b5ab-550e-89bb-fd3d6c717bd0"",""target_id"":""urn:uuid:aa7c0374-6f0b-5ad6-a996-6b451a5b57e6"",""target_native_id"":""OLP-0524""},""record_type"":""rights_assignment"",""recorded_at"":""2026-08-31T00:00:00Z"",""semantic_key"":""c80:openlogic:rights-assignment:unit:OLP-0524""}"
urn:uuid:379a123a-09bc-5328-b036-f3bb4b50c169,rights_assignment,"{""dataset_id"":""urn:uuid:fdfa2782-db96-5e60-bcb3-d206d78b960a"",""id"":""urn:uuid:379a123a-09bc-5328-b036-f3bb4b50c169"",""normalized_state"":""published"",""owner_authority_id"":""urn:uuid:ba324c09-ea3b-5b7d-a8de-40df0fcc5e83"",""owner_native_state"":""verified"",""payload"":{""assignment_state"":""effective"",""inheritance"":""direct_from_frozen_edition"",""rights_id"":""urn:uuid:3f181e34-b5ab-550e-89bb-fd3d6c717bd0"",""target_id"":""urn:uuid:beea79e2-1f40-5ea9-8c8d-1279ffe8fcb3"",""target_native_id"":""OLP-0525""},""record_type"":""rights_assignment"",""recorded_at"":""2026-08-31T00:00:00Z"",""semantic_key"":""c80:openlogic:rights-assignment:unit:OLP-0525""}"
urn:uuid:1fae7909-78c0-5d70-ab0c-29c3d9b975f1,rights_assignment,"{""dataset_id"":""urn:uuid:fdfa2782-db96-5e60-bcb3-d206d78b960a"",""id"":""urn:uuid:1fae7909-78c0-5d70-ab0c-29c3d9b975f1"",""normalized_state"":""published"",""owner_authority_id"":""urn:uuid:ba324c09-ea3b-5b7d-a8de-40df0fcc5e83"",""owner_native_state"":""verified"",""payload"":{""assignment_state"":""effective"",""inheritance"":""direct_from_frozen_edition"",""rights_id"":""urn:uuid:3f181e34-b5ab-550e-89bb-fd3d6c717bd0"",""target_id"":""urn:uuid:d74c4743-e89e-5c0e-a17c-b7c9c1320bad"",""target_native_id"":""OLP-0526""},""record_type"":""rights_assignment"",""recorded_at"":""2026-08-31T00:00:00Z"",""semantic_key"":""c80:openlogic:rights-assignment:unit:OLP-0526""}"
urn:uuid:b7e9c408-21d0-54a7-a131-4ee3fcfd412c,rights_assignment,"{""dataset_id"":""urn:uuid:fdfa2782-db96-5e60-bcb3-d206d78b960a"",""id"":""urn:uuid:b7e9c408-21d0-54a7-a131-4ee3fcfd412c"",""normalized_state"":""published"",""owner_authority_id"":""urn:uuid:ba324c09-ea3b-5b7d-a8de-40df0fcc5e83"",""owner_native_state"":""verified"",""payload"":{""assignment_state"":""effective"",""inheritance"":""direct_from_frozen_edition"",""rights_id"":""urn:uuid:3f181e34-b5ab-550e-89bb-fd3d6c717bd0"",""target_id"":""urn:uuid:07d17b92-04fe-5a95-a7b6-f59f2ab00b1f"",""target_native_id"":""OLP-0527""},""record_type"":""rights_assignment"",""recorded_at"":""2026-08-31T00:00:00Z"",""semantic_key"":""c80:openlogic:rights-assignment:unit:OLP-0527""}"
urn:uuid:ad81d880-a2a8-51c5-bdd7-2dd1f387dd01,rights_assignment,"{""dataset_id"":""urn:uuid:fdfa2782-db96-5e60-bcb3-d206d78b960a"",""id"":""urn:uuid:ad81d880-a2a8-51c5-bdd7-2dd1f387dd01"",""normalized_state"":""published"",""owner_authority_id"":""urn:uuid:ba324c09-ea3b-5b7d-a8de-40df0fcc5e83"",""owner_native_state"":""verified"",""payload"":{""assignment_state"":""effective"",""inheritance"":""direct_from_frozen_edition"",""rights_id"":""urn:uuid:3f181e34-b5ab-550e-89bb-fd3d6c717bd0"",""target_id"":""urn:uuid:5b33d101-cde2-58bb-90dd-6c41cc9273da"",""target_native_id"":""OLP-0528""},""record_type"":""rights_assignment"",""recorded_at"":""2026-08-31T00:00:00Z"",""semantic_key"":""c80:openlogic:rights-assignment:unit:OLP-0528""}"
urn:uuid:09bdbca8-2071-53f5-9ba1-26fa50349a74,rights_assignment,"{""dataset_id"":""urn:uuid:fdfa2782-db96-5e60-bcb3-d206d78b960a"",""id"":""urn:uuid:09bdbca8-2071-53f5-9ba1-26fa50349a74"",""normalized_state"":""published"",""owner_authority_id"":""urn:uuid:ba324c09-ea3b-5b7d-a8de-40df0fcc5e83"",""owner_native_state"":""verified"",""payload"":{""assignment_state"":""effective"",""inheritance"":""direct_from_frozen_edition"",""rights_id"":""urn:uuid:3f181e34-b5ab-550e-89bb-fd3d6c717bd0"",""target_id"":""urn:uuid:77f3b3ec-6b9a-5289-bb60-35728bcc7df6"",""target_native_id"":""OLP-0529""},""record_type"":""rights_assignment"",""recorded_at"":""2026-08-31T00:00:00Z"",""semantic_key"":""c80:openlogic:rights-assignment:unit:OLP-0529""}"
urn:uuid:183ce11d-33f4-59a4-929a-1063d3e5b09b,rights_assignment,"{""dataset_id"":""urn:uuid:fdfa2782-db96-5e60-bcb3-d206d78b960a"",""id"":""urn:uuid:183ce11d-33f4-59a4-929a-1063d3e5b09b"",""normalized_state"":""published"",""owner_authority_id"":""urn:uuid:ba324c09-ea3b-5b7d-a8de-40df0fcc5e83"",""owner_native_state"":""verified"",""payload"":{""assignment_state"":""effective"",""inheritance"":""direct_from_frozen_edition"",""rights_id"":""urn:uuid:3f181e34-b5ab-550e-89bb-fd3d6c717bd0"",""target_id"":""urn:uuid:a2742d90-6152-57cf-b871-a1af32915082"",""target_native_id"":""OLP-0530""},""record_type"":""rights_assignment"",""recorded_at"":""2026-08-31T00:00:00Z"",""semantic_key"":""c80:openlogic:rights-assignment:unit:OLP-0530""}"
urn:uuid:f84f813c-4cea-5e9b-9cb5-8880ede2342f,rights_assignment,"{""dataset_id"":""urn:uuid:fdfa2782-db96-5e60-bcb3-d206d78b960a"",""id"":""urn:uuid:f84f813c-4cea-5e9b-9cb5-8880ede2342f"",""normalized_state"":""published"",""owner_authority_id"":""urn:uuid:ba324c09-ea3b-5b7d-a8de-40df0fcc5e83"",""owner_native_state"":""verified"",""payload"":{""assignment_state"":""effective"",""inheritance"":""direct_from_frozen_edition"",""rights_id"":""urn:uuid:3f181e34-b5ab-550e-89bb-fd3d6c717bd0"",""target_id"":""urn:uuid:cac6cb87-4e72-5264-a979-19afb06ed62d"",""target_native_id"":""OLP-0531""},""record_type"":""rights_assignment"",""recorded_at"":""2026-08-31T00:00:00Z"",""semantic_key"":""c80:openlogic:rights-assignment:unit:OLP-0531""}"
urn:uuid:f8f04335-1985-5fec-8bd7-bcf0f8fa15b5,rights_assignment,"{""dataset_id"":""urn:uuid:fdfa2782-db96-5e60-bcb3-d206d78b960a"",""id"":""urn:uuid:f8f04335-1985-5fec-8bd7-bcf0f8fa15b5"",""normalized_state"":""published"",""owner_authority_id"":""urn:uuid:ba324c09-ea3b-5b7d-a8de-40df0fcc5e83"",""owner_native_state"":""verified"",""payload"":{""assignment_state"":""effective"",""inheritance"":""direct_from_frozen_edition"",""rights_id"":""urn:uuid:3f181e34-b5ab-550e-89bb-fd3d6c717bd0"",""target_id"":""urn:uuid:889c5653-b1ce-524d-9f6d-1301419299ec"",""target_native_id"":""OLP-0532""},""record_type"":""rights_assignment"",""recorded_at"":""2026-08-31T00:00:00Z"",""semantic_key"":""c80:openlogic:rights-assignment:unit:OLP-0532""}"
urn:uuid:d8ecae65-9f7a-5169-9e40-cb0e8b99e950,rights_assignment,"{""dataset_id"":""urn:uuid:fdfa2782-db96-5e60-bcb3-d206d78b960a"",""id"":""urn:uuid:d8ecae65-9f7a-5169-9e40-cb0e8b99e950"",""normalized_state"":""published"",""owner_authority_id"":""urn:uuid:ba324c09-ea3b-5b7d-a8de-40df0fcc5e83"",""owner_native_state"":""verified"",""payload"":{""assignment_state"":""effective"",""inheritance"":""direct_from_frozen_edition"",""rights_id"":""urn:uuid:3f181e34-b5ab-550e-89bb-fd3d6c717bd0"",""target_id"":""urn:uuid:55c5c4ce-a0e2-5516-a144-4884e87bf910"",""target_native_id"":""OLP-0533""},""record_type"":""rights_assignment"",""recorded_at"":""2026-08-31T00:00:00Z"",""semantic_key"":""c80:openlogic:rights-assignment:unit:OLP-0533""}"
urn:uuid:0251e82f-2249-5485-aab0-44b81cbc2065,rights_assignment,"{""dataset_id"":""urn:uuid:fdfa2782-db96-5e60-bcb3-d206d78b960a"",""id"":""urn:uuid:0251e82f-2249-5485-aab0-44b81cbc2065"",""normalized_state"":""published"",""owner_authority_id"":""urn:uuid:ba324c09-ea3b-5b7d-a8de-40df0fcc5e83"",""owner_native_state"":""verified"",""payload"":{""assignment_state"":""effective"",""inheritance"":""direct_from_frozen_edition"",""rights_id"":""urn:uuid:3f181e34-b5ab-550e-89bb-fd3d6c717bd0"",""target_id"":""urn:uuid:52e9c6d7-58cc-57f3-bff7-8077a6f9962b"",""target_native_id"":""OLP-0534""},""record_type"":""rights_assignment"",""recorded_at"":""2026-08-31T00:00:00Z"",""semantic_key"":""c80:openlogic:rights-assignment:unit:OLP-0534""}"
urn:uuid:0b6c804c-f947-5568-bcfe-b1576e96710e,rights_assignment,"{""dataset_id"":""urn:uuid:fdfa2782-db96-5e60-bcb3-d206d78b960a"",""id"":""urn:uuid:0b6c804c-f947-5568-bcfe-b1576e96710e"",""normalized_state"":""published"",""owner_authority_id"":""urn:uuid:ba324c09-ea3b-5b7d-a8de-40df0fcc5e83"",""owner_native_state"":""verified"",""payload"":{""assignment_state"":""effective"",""inheritance"":""direct_from_frozen_edition"",""rights_id"":""urn:uuid:3f181e34-b5ab-550e-89bb-fd3d6c717bd0"",""target_id"":""urn:uuid:8611f253-943f-5d11-973c-83c42804c70a"",""target_native_id"":""OLP-0535""},""record_type"":""rights_assignment"",""recorded_at"":""2026-08-31T00:00:00Z"",""semantic_key"":""c80:openlogic:rights-assignment:unit:OLP-0535""}"
urn:uuid:5f4b15c2-4230-53aa-b4f3-3905176a686e,rights_assignment,"{""dataset_id"":""urn:uuid:fdfa2782-db96-5e60-bcb3-d206d78b960a"",""id"":""urn:uuid:5f4b15c2-4230-53aa-b4f3-3905176a686e"",""normalized_state"":""published"",""owner_authority_id"":""urn:uuid:ba324c09-ea3b-5b7d-a8de-40df0fcc5e83"",""owner_native_state"":""verified"",""payload"":{""assignment_state"":""effective"",""inheritance"":""direct_from_frozen_edition"",""rights_id"":""urn:uuid:3f181e34-b5ab-550e-89bb-fd3d6c717bd0"",""target_id"":""urn:uuid:e24a3bbc-dc54-5102-9cb6-eeb8abe7603e"",""target_native_id"":""OLP-0536""},""record_type"":""rights_assignment"",""recorded_at"":""2026-08-31T00:00:00Z"",""semantic_key"":""c80:openlogic:rights-assignment:unit:OLP-0536""}"
urn:uuid:ea5054f9-b770-51f6-a062-5a9f2f8bc45d,rights_assignment,"{""dataset_id"":""urn:uuid:fdfa2782-db96-5e60-bcb3-d206d78b960a"",""id"":""urn:uuid:ea5054f9-b770-51f6-a062-5a9f2f8bc45d"",""normalized_state"":""published"",""owner_authority_id"":""urn:uuid:ba324c09-ea3b-5b7d-a8de-40df0fcc5e83"",""owner_native_state"":""verified"",""payload"":{""assignment_state"":""effective"",""inheritance"":""direct_from_frozen_edition"",""rights_id"":""urn:uuid:3f181e34-b5ab-550e-89bb-fd3d6c717bd0"",""target_id"":""urn:uuid:3e7180e9-623e-54dc-af5d-d0a6933186e4"",""target_native_id"":""OLP-0537""},""record_type"":""rights_assignment"",""recorded_at"":""2026-08-31T00:00:00Z"",""semantic_key"":""c80:openlogic:rights-assignment:unit:OLP-0537""}"
urn:uuid:6df96a10-3b10-59f4-aaa8-2a75321efa98,rights_assignment,"{""dataset_id"":""urn:uuid:fdfa2782-db96-5e60-bcb3-d206d78b960a"",""id"":""urn:uuid:6df96a10-3b10-59f4-aaa8-2a75321efa98"",""normalized_state"":""published"",""owner_authority_id"":""urn:uuid:ba324c09-ea3b-5b7d-a8de-40df0fcc5e83"",""owner_native_state"":""verified"",""payload"":{""assignment_state"":""effective"",""inheritance"":""direct_from_frozen_edition"",""rights_id"":""urn:uuid:3f181e34-b5ab-550e-89bb-fd3d6c717bd0"",""target_id"":""urn:uuid:55625c3b-6ec6-5a93-9127-7d9407729bf7"",""target_native_id"":""OLP-0538""},""record_type"":""rights_assignment"",""recorded_at"":""2026-08-31T00:00:00Z"",""semantic_key"":""c80:openlogic:rights-assignment:unit:OLP-0538""}"
urn:uuid:8f2a5458-7d06-5f58-8378-a936e57a6178,rights_assignment,"{""dataset_id"":""urn:uuid:fdfa2782-db96-5e60-bcb3-d206d78b960a"",""id"":""urn:uuid:8f2a5458-7d06-5f58-8378-a936e57a6178"",""normalized_state"":""published"",""owner_authority_id"":""urn:uuid:ba324c09-ea3b-5b7d-a8de-40df0fcc5e83"",""owner_native_state"":""verified"",""payload"":{""assignment_state"":""effective"",""inheritance"":""direct_from_frozen_edition"",""rights_id"":""urn:uuid:3f181e34-b5ab-550e-89bb-fd3d6c717bd0"",""target_id"":""urn:uuid:d51f1733-2dcb-57eb-a414-8813e97f6caa"",""target_native_id"":""OLP-0539""},""record_type"":""rights_assignment"",""recorded_at"":""2026-08-31T00:00:00Z"",""semantic_key"":""c80:openlogic:rights-assignment:unit:OLP-0539""}"
urn:uuid:94d416ba-cc8f-5db9-8352-eb10017c97e9,rights_assignment,"{""dataset_id"":""urn:uuid:fdfa2782-db96-5e60-bcb3-d206d78b960a"",""id"":""urn:uuid:94d416ba-cc8f-5db9-8352-eb10017c97e9"",""normalized_state"":""published"",""owner_authority_id"":""urn:uuid:ba324c09-ea3b-5b7d-a8de-40df0fcc5e83"",""owner_native_state"":""verified"",""payload"":{""assignment_state"":""effective"",""inheritance"":""direct_from_frozen_edition"",""rights_id"":""urn:uuid:3f181e34-b5ab-550e-89bb-fd3d6c717bd0"",""target_id"":""urn:uuid:01f12017-bc0b-5776-bfb5-d2c015fcb73b"",""target_native_id"":""OLP-0540""},""record_type"":""rights_assignment"",""recorded_at"":""2026-08-31T00:00:00Z"",""semantic_key"":""c80:openlogic:rights-assignment:unit:OLP-0540""}"
urn:uuid:6b5a4e78-9c6f-5adf-abf4-0d29ee1b60a9,rights_assignment,"{""dataset_id"":""urn:uuid:fdfa2782-db96-5e60-bcb3-d206d78b960a"",""id"":""urn:uuid:6b5a4e78-9c6f-5adf-abf4-0d29ee1b60a9"",""normalized_state"":""published"",""owner_authority_id"":""urn:uuid:ba324c09-ea3b-5b7d-a8de-40df0fcc5e83"",""owner_native_state"":""verified"",""payload"":{""assignment_state"":""effective"",""inheritance"":""direct_from_frozen_edition"",""rights_id"":""urn:uuid:3f181e34-b5ab-550e-89bb-fd3d6c717bd0"",""target_id"":""urn:uuid:9b410187-5442-5f70-bd0e-209c0257cedc"",""target_native_id"":""OLP-0541""},""record_type"":""rights_assignment"",""recorded_at"":""2026-08-31T00:00:00Z"",""semantic_key"":""c80:openlogic:rights-assignment:unit:OLP-0541""}"
urn:uuid:4d3ea8bb-030e-52eb-acea-fee3d23707eb,rights_assignment,"{""dataset_id"":""urn:uuid:fdfa2782-db96-5e60-bcb3-d206d78b960a"",""id"":""urn:uuid:4d3ea8bb-030e-52eb-acea-fee3d23707eb"",""normalized_state"":""published"",""owner_authority_id"":""urn:uuid:ba324c09-ea3b-5b7d-a8de-40df0fcc5e83"",""owner_native_state"":""verified"",""payload"":{""assignment_state"":""effective"",""inheritance"":""direct_from_frozen_edition"",""rights_id"":""urn:uuid:3f181e34-b5ab-550e-89bb-fd3d6c717bd0"",""target_id"":""urn:uuid:47949def-f0c2-515b-a934-41b4ecace175"",""target_native_id"":""OLP-0542""},""record_type"":""rights_assignment"",""recorded_at"":""2026-08-31T00:00:00Z"",""semantic_key"":""c80:openlogic:rights-assignment:unit:OLP-0542""}"
urn:uuid:4a0a6383-aaf2-52d9-88f6-a17ca9e376f7,rights_assignment,"{""dataset_id"":""urn:uuid:fdfa2782-db96-5e60-bcb3-d206d78b960a"",""id"":""urn:uuid:4a0a6383-aaf2-52d9-88f6-a17ca9e376f7"",""normalized_state"":""published"",""owner_authority_id"":""urn:uuid:ba324c09-ea3b-5b7d-a8de-40df0fcc5e83"",""owner_native_state"":""verified"",""payload"":{""assignment_state"":""effective"",""inheritance"":""direct_from_frozen_edition"",""rights_id"":""urn:uuid:3f181e34-b5ab-550e-89bb-fd3d6c717bd0"",""target_id"":""urn:uuid:1c6a8725-8527-50fe-b8cc-e971bf73f13a"",""target_native_id"":""OLP-0543""},""record_type"":""rights_assignment"",""recorded_at"":""2026-08-31T00:00:00Z"",""semantic_key"":""c80:openlogic:rights-assignment:unit:OLP-0543""}"
urn:uuid:d9d06349-cee5-5631-adde-7d6bc8faec6c,rights_assignment,"{""dataset_id"":""urn:uuid:fdfa2782-db96-5e60-bcb3-d206d78b960a"",""id"":""urn:uuid:d9d06349-cee5-5631-adde-7d6bc8faec6c"",""normalized_state"":""published"",""owner_authority_id"":""urn:uuid:ba324c09-ea3b-5b7d-a8de-40df0fcc5e83"",""owner_native_state"":""verified"",""payload"":{""assignment_state"":""effective"",""inheritance"":""direct_from_frozen_edition"",""rights_id"":""urn:uuid:3f181e34-b5ab-550e-89bb-fd3d6c717bd0"",""target_id"":""urn:uuid:88e7860c-3021-5836-b713-a9d71a3b4547"",""target_native_id"":""OLP-0544""},""record_type"":""rights_assignment"",""recorded_at"":""2026-08-31T00:00:00Z"",""semantic_key"":""c80:openlogic:rights-assignment:unit:OLP-0544""}"
urn:uuid:ca3630eb-03d6-522f-ab59-1efe1376fb67,rights_assignment,"{""dataset_id"":""urn:uuid:fdfa2782-db96-5e60-bcb3-d206d78b960a"",""id"":""urn:uuid:ca3630eb-03d6-522f-ab59-1efe1376fb67"",""normalized_state"":""published"",""owner_authority_id"":""urn:uuid:ba324c09-ea3b-5b7d-a8de-40df0fcc5e83"",""owner_native_state"":""verified"",""payload"":{""assignment_state"":""effective"",""inheritance"":""direct_from_frozen_edition"",""rights_id"":""urn:uuid:3f181e34-b5ab-550e-89bb-fd3d6c717bd0"",""target_id"":""urn:uuid:77419689-ee27-5d19-99bf-00f3322f7e62"",""target_native_id"":""OLP-0545""},""record_type"":""rights_assignment"",""recorded_at"":""2026-08-31T00:00:00Z"",""semantic_key"":""c80:openlogic:rights-assignment:unit:OLP-0545""}"
urn:uuid:1ff77866-4b31-5636-8bbd-446b9256b4bf,rights_assignment,"{""dataset_id"":""urn:uuid:fdfa2782-db96-5e60-bcb3-d206d78b960a"",""id"":""urn:uuid:1ff77866-4b31-5636-8bbd-446b9256b4bf"",""normalized_state"":""published"",""owner_authority_id"":""urn:uuid:ba324c09-ea3b-5b7d-a8de-40df0fcc5e83"",""owner_native_state"":""verified"",""payload"":{""assignment_state"":""effective"",""inheritance"":""direct_from_frozen_edition"",""rights_id"":""urn:uuid:3f181e34-b5ab-550e-89bb-fd3d6c717bd0"",""target_id"":""urn:uuid:e2ca548c-854c-57ff-a49c-45ea6f1c0fef"",""target_native_id"":""OLP-0546""},""record_type"":""rights_assignment"",""recorded_at"":""2026-08-31T00:00:00Z"",""semantic_key"":""c80:openlogic:rights-assignment:unit:OLP-0546""}"
urn:uuid:cbce8dd2-bead-531c-81ef-961f954c8b5f,rights_assignment,"{""dataset_id"":""urn:uuid:fdfa2782-db96-5e60-bcb3-d206d78b960a"",""id"":""urn:uuid:cbce8dd2-bead-531c-81ef-961f954c8b5f"",""normalized_state"":""published"",""owner_authority_id"":""urn:uuid:ba324c09-ea3b-5b7d-a8de-40df0fcc5e83"",""owner_native_state"":""verified"",""payload"":{""assignment_state"":""effective"",""inheritance"":""direct_from_frozen_edition"",""rights_id"":""urn:uuid:3f181e34-b5ab-550e-89bb-fd3d6c717bd0"",""target_id"":""urn:uuid:ea0a5b8a-280a-5c95-a632-a505894c7599"",""target_native_id"":""OLP-0547""},""record_type"":""rights_assignment"",""recorded_at"":""2026-08-31T00:00:00Z"",""semantic_key"":""c80:openlogic:rights-assignment:unit:OLP-0547""}"
urn:uuid:fcb33780-91b9-5915-bb5e-997b3c0f39b6,rights_assignment,"{""dataset_id"":""urn:uuid:fdfa2782-db96-5e60-bcb3-d206d78b960a"",""id"":""urn:uuid:fcb33780-91b9-5915-bb5e-997b3c0f39b6"",""normalized_state"":""published"",""owner_authority_id"":""urn:uuid:ba324c09-ea3b-5b7d-a8de-40df0fcc5e83"",""owner_native_state"":""verified"",""payload"":{""assignment_state"":""effective"",""inheritance"":""direct_from_frozen_edition"",""rights_id"":""urn:uuid:3f181e34-b5ab-550e-89bb-fd3d6c717bd0"",""target_id"":""urn:uuid:d9087856-de8f-5564-9c3e-9c1f8024ba35"",""target_native_id"":""OLP-0548""},""record_type"":""rights_assignment"",""recorded_at"":""2026-08-31T00:00:00Z"",""semantic_key"":""c80:openlogic:rights-assignment:unit:OLP-0548""}"
urn:uuid:1e320446-05a3-50b7-9c86-997339b36e4b,rights_assignment,"{""dataset_id"":""urn:uuid:fdfa2782-db96-5e60-bcb3-d206d78b960a"",""id"":""urn:uuid:1e320446-05a3-50b7-9c86-997339b36e4b"",""normalized_state"":""published"",""owner_authority_id"":""urn:uuid:ba324c09-ea3b-5b7d-a8de-40df0fcc5e83"",""owner_native_state"":""verified"",""payload"":{""assignment_state"":""effective"",""inheritance"":""direct_from_frozen_edition"",""rights_id"":""urn:uuid:3f181e34-b5ab-550e-89bb-fd3d6c717bd0"",""target_id"":""urn:uuid:078e730b-e428-517d-a6a7-6e4d36a1d784"",""target_native_id"":""OLP-0549""},""record_type"":""rights_assignment"",""recorded_at"":""2026-08-31T00:00:00Z"",""semantic_key"":""c80:openlogic:rights-assignment:unit:OLP-0549""}"
urn:uuid:62b59e43-6a7e-5960-af6f-cb92ae3003d5,rights_assignment,"{""dataset_id"":""urn:uuid:fdfa2782-db96-5e60-bcb3-d206d78b960a"",""id"":""urn:uuid:62b59e43-6a7e-5960-af6f-cb92ae3003d5"",""normalized_state"":""published"",""owner_authority_id"":""urn:uuid:ba324c09-ea3b-5b7d-a8de-40df0fcc5e83"",""owner_native_state"":""verified"",""payload"":{""assignment_state"":""effective"",""inheritance"":""direct_from_frozen_edition"",""rights_id"":""urn:uuid:3f181e34-b5ab-550e-89bb-fd3d6c717bd0"",""target_id"":""urn:uuid:fc5b2aac-fb69-5234-a6c6-e3f0f4e26ba8"",""target_native_id"":""OLP-0550""},""record_type"":""rights_assignment"",""recorded_at"":""2026-08-31T00:00:00Z"",""semantic_key"":""c80:openlogic:rights-assignment:unit:OLP-0550""}"
urn:uuid:bc61c664-df0d-535a-a333-0a78e0afd626,rights_assignment,"{""dataset_id"":""urn:uuid:fdfa2782-db96-5e60-bcb3-d206d78b960a"",""id"":""urn:uuid:bc61c664-df0d-535a-a333-0a78e0afd626"",""normalized_state"":""published"",""owner_authority_id"":""urn:uuid:ba324c09-ea3b-5b7d-a8de-40df0fcc5e83"",""owner_native_state"":""verified"",""payload"":{""assignment_state"":""effective"",""inheritance"":""direct_from_frozen_edition"",""rights_id"":""urn:uuid:3f181e34-b5ab-550e-89bb-fd3d6c717bd0"",""target_id"":""urn:uuid:40fcaf96-f474-514e-ad18-8cd05775fccc"",""target_native_id"":""OLP-0551""},""record_type"":""rights_assignment"",""recorded_at"":""2026-08-31T00:00:00Z"",""semantic_key"":""c80:openlogic:rights-assignment:unit:OLP-0551""}"
urn:uuid:8a6b9af2-9f6b-520a-b987-592e41e6d0a5,rights_assignment,"{""dataset_id"":""urn:uuid:fdfa2782-db96-5e60-bcb3-d206d78b960a"",""id"":""urn:uuid:8a6b9af2-9f6b-520a-b987-592e41e6d0a5"",""normalized_state"":""published"",""owner_authority_id"":""urn:uuid:ba324c09-ea3b-5b7d-a8de-40df0fcc5e83"",""owner_native_state"":""verified"",""payload"":{""assignment_state"":""effective"",""inheritance"":""direct_from_frozen_edition"",""rights_id"":""urn:uuid:3f181e34-b5ab-550e-89bb-fd3d6c717bd0"",""target_id"":""urn:uuid:a19be012-ca28-5968-81d2-aaa0db9d0f8e"",""target_native_id"":""OLP-0552""},""record_type"":""rights_assignment"",""recorded_at"":""2026-08-31T00:00:00Z"",""semantic_key"":""c80:openlogic:rights-assignment:unit:OLP-0552""}"
urn:uuid:51c109a9-093b-56aa-b1fe-4b3d1406d1cf,rights_assignment,"{""dataset_id"":""urn:uuid:fdfa2782-db96-5e60-bcb3-d206d78b960a"",""id"":""urn:uuid:51c109a9-093b-56aa-b1fe-4b3d1406d1cf"",""normalized_state"":""published"",""owner_authority_id"":""urn:uuid:ba324c09-ea3b-5b7d-a8de-40df0fcc5e83"",""owner_native_state"":""verified"",""payload"":{""assignment_state"":""effective"",""inheritance"":""direct_from_frozen_edition"",""rights_id"":""urn:uuid:3f181e34-b5ab-550e-89bb-fd3d6c717bd0"",""target_id"":""urn:uuid:ac175476-8177-5f27-a4f6-e7e411eb67d8"",""target_native_id"":""OLP-0553""},""record_type"":""rights_assignment"",""recorded_at"":""2026-08-31T00:00:00Z"",""semantic_key"":""c80:openlogic:rights-assignment:unit:OLP-0553""}"
urn:uuid:b653e9c7-fbe7-50af-97f8-aaa573a0959b,rights_assignment,"{""dataset_id"":""urn:uuid:fdfa2782-db96-5e60-bcb3-d206d78b960a"",""id"":""urn:uuid:b653e9c7-fbe7-50af-97f8-aaa573a0959b"",""normalized_state"":""published"",""owner_authority_id"":""urn:uuid:ba324c09-ea3b-5b7d-a8de-40df0fcc5e83"",""owner_native_state"":""verified"",""payload"":{""assignment_state"":""effective"",""inheritance"":""direct_from_frozen_edition"",""rights_id"":""urn:uuid:3f181e34-b5ab-550e-89bb-fd3d6c717bd0"",""target_id"":""urn:uuid:30c72051-1207-5a8a-936e-bc5def1b2642"",""target_native_id"":""OLP-0554""},""record_type"":""rights_assignment"",""recorded_at"":""2026-08-31T00:00:00Z"",""semantic_key"":""c80:openlogic:rights-assignment:unit:OLP-0554""}"
urn:uuid:ab05a855-1173-5c68-9d43-06e71ace1d0b,rights_assignment,"{""dataset_id"":""urn:uuid:fdfa2782-db96-5e60-bcb3-d206d78b960a"",""id"":""urn:uuid:ab05a855-1173-5c68-9d43-06e71ace1d0b"",""normalized_state"":""published"",""owner_authority_id"":""urn:uuid:ba324c09-ea3b-5b7d-a8de-40df0fcc5e83"",""owner_native_state"":""verified"",""payload"":{""assignment_state"":""effective"",""inheritance"":""direct_from_frozen_edition"",""rights_id"":""urn:uuid:3f181e34-b5ab-550e-89bb-fd3d6c717bd0"",""target_id"":""urn:uuid:c7c230f5-8aa0-5fde-b24c-fc502ee7cb83"",""target_native_id"":""OLP-0555""},""record_type"":""rights_assignment"",""recorded_at"":""2026-08-31T00:00:00Z"",""semantic_key"":""c80:openlogic:rights-assignment:unit:OLP-0555""}"
urn:uuid:8cdf5fe3-20f0-5126-882b-d0ede6dcc854,rights_assignment,"{""dataset_id"":""urn:uuid:fdfa2782-db96-5e60-bcb3-d206d78b960a"",""id"":""urn:uuid:8cdf5fe3-20f0-5126-882b-d0ede6dcc854"",""normalized_state"":""published"",""owner_authority_id"":""urn:uuid:ba324c09-ea3b-5b7d-a8de-40df0fcc5e83"",""owner_native_state"":""verified"",""payload"":{""assignment_state"":""effective"",""inheritance"":""direct_from_frozen_edition"",""rights_id"":""urn:uuid:3f181e34-b5ab-550e-89bb-fd3d6c717bd0"",""target_id"":""urn:uuid:3a0eb4da-fa7e-5bb2-ae9b-efd8ce0510f9"",""target_native_id"":""OLP-0556""},""record_type"":""rights_assignment"",""recorded_at"":""2026-08-31T00:00:00Z"",""semantic_key"":""c80:openlogic:rights-assignment:unit:OLP-0556""}"
urn:uuid:f489d47b-5913-5f14-9c5c-ce865fee0e38,rights_assignment,"{""dataset_id"":""urn:uuid:fdfa2782-db96-5e60-bcb3-d206d78b960a"",""id"":""urn:uuid:f489d47b-5913-5f14-9c5c-ce865fee0e38"",""normalized_state"":""published"",""owner_authority_id"":""urn:uuid:ba324c09-ea3b-5b7d-a8de-40df0fcc5e83"",""owner_native_state"":""verified"",""payload"":{""assignment_state"":""effective"",""inheritance"":""direct_from_frozen_edition"",""rights_id"":""urn:uuid:3f181e34-b5ab-550e-89bb-fd3d6c717bd0"",""target_id"":""urn:uuid:93bccf3b-7a4f-54f4-847e-2eace44e9b43"",""target_native_id"":""OLP-0557""},""record_type"":""rights_assignment"",""recorded_at"":""2026-08-31T00:00:00Z"",""semantic_key"":""c80:openlogic:rights-assignment:unit:OLP-0557""}"
urn:uuid:f214e7f7-4241-5b18-ab87-49c28c78663d,rights_assignment,"{""dataset_id"":""urn:uuid:fdfa2782-db96-5e60-bcb3-d206d78b960a"",""id"":""urn:uuid:f214e7f7-4241-5b18-ab87-49c28c78663d"",""normalized_state"":""published"",""owner_authority_id"":""urn:uuid:ba324c09-ea3b-5b7d-a8de-40df0fcc5e83"",""owner_native_state"":""verified"",""payload"":{""assignment_state"":""effective"",""inheritance"":""direct_from_frozen_edition"",""rights_id"":""urn:uuid:3f181e34-b5ab-550e-89bb-fd3d6c717bd0"",""target_id"":""urn:uuid:50918c5d-1ae1-5168-b9f7-fe29fe0a0d03"",""target_native_id"":""OLP-0558""},""record_type"":""rights_assignment"",""recorded_at"":""2026-08-31T00:00:00Z"",""semantic_key"":""c80:openlogic:rights-assignment:unit:OLP-0558""}"
urn:uuid:52699251-3a31-5c61-95d9-c1df84743676,rights_assignment,"{""dataset_id"":""urn:uuid:fdfa2782-db96-5e60-bcb3-d206d78b960a"",""id"":""urn:uuid:52699251-3a31-5c61-95d9-c1df84743676"",""normalized_state"":""published"",""owner_authority_id"":""urn:uuid:ba324c09-ea3b-5b7d-a8de-40df0fcc5e83"",""owner_native_state"":""verified"",""payload"":{""assignment_state"":""effective"",""inheritance"":""direct_from_frozen_edition"",""rights_id"":""urn:uuid:3f181e34-b5ab-550e-89bb-fd3d6c717bd0"",""target_id"":""urn:uuid:1986ae35-4705-5144-ab0b-d165ddddd6e7"",""target_native_id"":""OLP-0559""},""record_type"":""rights_assignment"",""recorded_at"":""2026-08-31T00:00:00Z"",""semantic_key"":""c80:openlogic:rights-assignment:unit:OLP-0559""}"
urn:uuid:e019d82d-65f9-548b-a8e6-ea1b4e8febbe,rights_assignment,"{""dataset_id"":""urn:uuid:fdfa2782-db96-5e60-bcb3-d206d78b960a"",""id"":""urn:uuid:e019d82d-65f9-548b-a8e6-ea1b4e8febbe"",""normalized_state"":""published"",""owner_authority_id"":""urn:uuid:ba324c09-ea3b-5b7d-a8de-40df0fcc5e83"",""owner_native_state"":""verified"",""payload"":{""assignment_state"":""effective"",""inheritance"":""direct_from_frozen_edition"",""rights_id"":""urn:uuid:3f181e34-b5ab-550e-89bb-fd3d6c717bd0"",""target_id"":""urn:uuid:8d72fd23-2fa3-545b-8775-a3d38513d0a9"",""target_native_id"":""OLP-0560""},""record_type"":""rights_assignment"",""recorded_at"":""2026-08-31T00:00:00Z"",""semantic_key"":""c80:openlogic:rights-assignment:unit:OLP-0560""}"
urn:uuid:dff8fd21-b710-50e4-9044-552df20ef20d,rights_assignment,"{""dataset_id"":""urn:uuid:fdfa2782-db96-5e60-bcb3-d206d78b960a"",""id"":""urn:uuid:dff8fd21-b710-50e4-9044-552df20ef20d"",""normalized_state"":""published"",""owner_authority_id"":""urn:uuid:ba324c09-ea3b-5b7d-a8de-40df0fcc5e83"",""owner_native_state"":""verified"",""payload"":{""assignment_state"":""effective"",""inheritance"":""direct_from_frozen_edition"",""rights_id"":""urn:uuid:3f181e34-b5ab-550e-89bb-fd3d6c717bd0"",""target_id"":""urn:uuid:c4505446-caf3-53d6-92c9-8e863e834646"",""target_native_id"":""OLP-0561""},""record_type"":""rights_assignment"",""recorded_at"":""2026-08-31T00:00:00Z"",""semantic_key"":""c80:openlogic:rights-assignment:unit:OLP-0561""}"
urn:uuid:b8d64ae3-7071-5bc3-8c47-20fdbc0f391b,rights_assignment,"{""dataset_id"":""urn:uuid:fdfa2782-db96-5e60-bcb3-d206d78b960a"",""id"":""urn:uuid:b8d64ae3-7071-5bc3-8c47-20fdbc0f391b"",""normalized_state"":""published"",""owner_authority_id"":""urn:uuid:ba324c09-ea3b-5b7d-a8de-40df0fcc5e83"",""owner_native_state"":""verified"",""payload"":{""assignment_state"":""effective"",""inheritance"":""direct_from_frozen_edition"",""rights_id"":""urn:uuid:3f181e34-b5ab-550e-89bb-fd3d6c717bd0"",""target_id"":""urn:uuid:32e63371-bc4f-5c33-9eb4-39f7c581b030"",""target_native_id"":""OLP-0562""},""record_type"":""rights_assignment"",""recorded_at"":""2026-08-31T00:00:00Z"",""semantic_key"":""c80:openlogic:rights-assignment:unit:OLP-0562""}"
urn:uuid:ac1b6162-470a-5128-a5d2-b1bb64dabf1d,rights_assignment,"{""dataset_id"":""urn:uuid:fdfa2782-db96-5e60-bcb3-d206d78b960a"",""id"":""urn:uuid:ac1b6162-470a-5128-a5d2-b1bb64dabf1d"",""normalized_state"":""published"",""owner_authority_id"":""urn:uuid:ba324c09-ea3b-5b7d-a8de-40df0fcc5e83"",""owner_native_state"":""verified"",""payload"":{""assignment_state"":""effective"",""inheritance"":""direct_from_frozen_edition"",""rights_id"":""urn:uuid:3f181e34-b5ab-550e-89bb-fd3d6c717bd0"",""target_id"":""urn:uuid:5bfac09c-6a50-5359-9dcd-6ea4d3bce356"",""target_native_id"":""OLP-0563""},""record_type"":""rights_assignment"",""recorded_at"":""2026-08-31T00:00:00Z"",""semantic_key"":""c80:openlogic:rights-assignment:unit:OLP-0563""}"
urn:uuid:cfe86b53-69e4-5290-9d93-32544b28d6a8,rights_assignment,"{""dataset_id"":""urn:uuid:fdfa2782-db96-5e60-bcb3-d206d78b960a"",""id"":""urn:uuid:cfe86b53-69e4-5290-9d93-32544b28d6a8"",""normalized_state"":""published"",""owner_authority_id"":""urn:uuid:ba324c09-ea3b-5b7d-a8de-40df0fcc5e83"",""owner_native_state"":""verified"",""payload"":{""assignment_state"":""effective"",""inheritance"":""direct_from_frozen_edition"",""rights_id"":""urn:uuid:3f181e34-b5ab-550e-89bb-fd3d6c717bd0"",""target_id"":""urn:uuid:f45cffdd-78de-56fa-965e-9d2b0c34236c"",""target_native_id"":""OLP-0564""},""record_type"":""rights_assignment"",""recorded_at"":""2026-08-31T00:00:00Z"",""semantic_key"":""c80:openlogic:rights-assignment:unit:OLP-0564""}"
urn:uuid:e68b291c-8d07-5e2c-94b7-8b1b8a58de6c,rights_assignment,"{""dataset_id"":""urn:uuid:fdfa2782-db96-5e60-bcb3-d206d78b960a"",""id"":""urn:uuid:e68b291c-8d07-5e2c-94b7-8b1b8a58de6c"",""normalized_state"":""published"",""owner_authority_id"":""urn:uuid:ba324c09-ea3b-5b7d-a8de-40df0fcc5e83"",""owner_native_state"":""verified"",""payload"":{""assignment_state"":""effective"",""inheritance"":""direct_from_frozen_edition"",""rights_id"":""urn:uuid:3f181e34-b5ab-550e-89bb-fd3d6c717bd0"",""target_id"":""urn:uuid:023cc379-403c-59b5-8b6a-efad7a587088"",""target_native_id"":""OLP-0565""},""record_type"":""rights_assignment"",""recorded_at"":""2026-08-31T00:00:00Z"",""semantic_key"":""c80:openlogic:rights-assignment:unit:OLP-0565""}"
urn:uuid:f881ea20-eb6d-5ff4-bcae-d4464da63e07,rights_assignment,"{""dataset_id"":""urn:uuid:fdfa2782-db96-5e60-bcb3-d206d78b960a"",""id"":""urn:uuid:f881ea20-eb6d-5ff4-bcae-d4464da63e07"",""normalized_state"":""published"",""owner_authority_id"":""urn:uuid:ba324c09-ea3b-5b7d-a8de-40df0fcc5e83"",""owner_native_state"":""verified"",""payload"":{""assignment_state"":""effective"",""inheritance"":""direct_from_frozen_edition"",""rights_id"":""urn:uuid:3f181e34-b5ab-550e-89bb-fd3d6c717bd0"",""target_id"":""urn:uuid:71180114-b914-5355-9875-69e135c23ab8"",""target_native_id"":""OLP-0566""},""record_type"":""rights_assignment"",""recorded_at"":""2026-08-31T00:00:00Z"",""semantic_key"":""c80:openlogic:rights-assignment:unit:OLP-0566""}"
urn:uuid:6ba343f6-59e8-53bc-9823-b229c8f40724,rights_assignment,"{""dataset_id"":""urn:uuid:fdfa2782-db96-5e60-bcb3-d206d78b960a"",""id"":""urn:uuid:6ba343f6-59e8-53bc-9823-b229c8f40724"",""normalized_state"":""published"",""owner_authority_id"":""urn:uuid:ba324c09-ea3b-5b7d-a8de-40df0fcc5e83"",""owner_native_state"":""verified"",""payload"":{""assignment_state"":""effective"",""inheritance"":""direct_from_frozen_edition"",""rights_id"":""urn:uuid:3f181e34-b5ab-550e-89bb-fd3d6c717bd0"",""target_id"":""urn:uuid:cc3df56d-df93-59b1-a582-73cba1993ed9"",""target_native_id"":""OLP-0567""},""record_type"":""rights_assignment"",""recorded_at"":""2026-08-31T00:00:00Z"",""semantic_key"":""c80:openlogic:rights-assignment:unit:OLP-0567""}"
urn:uuid:3f39e8f1-fb50-50f4-85fb-4142417b81d7,rights_assignment,"{""dataset_id"":""urn:uuid:fdfa2782-db96-5e60-bcb3-d206d78b960a"",""id"":""urn:uuid:3f39e8f1-fb50-50f4-85fb-4142417b81d7"",""normalized_state"":""published"",""owner_authority_id"":""urn:uuid:ba324c09-ea3b-5b7d-a8de-40df0fcc5e83"",""owner_native_state"":""verified"",""payload"":{""assignment_state"":""effective"",""inheritance"":""direct_from_frozen_edition"",""rights_id"":""urn:uuid:3f181e34-b5ab-550e-89bb-fd3d6c717bd0"",""target_id"":""urn:uuid:bfa4cc47-12d2-50bf-aa59-43fcd18b2c55"",""target_native_id"":""OLP-0568""},""record_type"":""rights_assignment"",""recorded_at"":""2026-08-31T00:00:00Z"",""semantic_key"":""c80:openlogic:rights-assignment:unit:OLP-0568""}"
urn:uuid:f9ed346e-bde9-5322-9fe4-3b4a5c5169cb,rights_assignment,"{""dataset_id"":""urn:uuid:fdfa2782-db96-5e60-bcb3-d206d78b960a"",""id"":""urn:uuid:f9ed346e-bde9-5322-9fe4-3b4a5c5169cb"",""normalized_state"":""published"",""owner_authority_id"":""urn:uuid:ba324c09-ea3b-5b7d-a8de-40df0fcc5e83"",""owner_native_state"":""verified"",""payload"":{""assignment_state"":""effective"",""inheritance"":""direct_from_frozen_edition"",""rights_id"":""urn:uuid:3f181e34-b5ab-550e-89bb-fd3d6c717bd0"",""target_id"":""urn:uuid:423bd33f-9191-5616-a379-987ee5d1adad"",""target_native_id"":""OLP-0569""},""record_type"":""rights_assignment"",""recorded_at"":""2026-08-31T00:00:00Z"",""semantic_key"":""c80:openlogic:rights-assignment:unit:OLP-0569""}"
urn:uuid:27c50a4e-7122-5bef-b3db-4a71a181b1e3,rights_assignment,"{""dataset_id"":""urn:uuid:fdfa2782-db96-5e60-bcb3-d206d78b960a"",""id"":""urn:uuid:27c50a4e-7122-5bef-b3db-4a71a181b1e3"",""normalized_state"":""published"",""owner_authority_id"":""urn:uuid:ba324c09-ea3b-5b7d-a8de-40df0fcc5e83"",""owner_native_state"":""verified"",""payload"":{""assignment_state"":""effective"",""inheritance"":""direct_from_frozen_edition"",""rights_id"":""urn:uuid:3f181e34-b5ab-550e-89bb-fd3d6c717bd0"",""target_id"":""urn:uuid:1d7f9b8f-35b5-5773-9854-29b8ed073e6c"",""target_native_id"":""OLP-0570""},""record_type"":""rights_assignment"",""recorded_at"":""2026-08-31T00:00:00Z"",""semantic_key"":""c80:openlogic:rights-assignment:unit:OLP-0570""}"
urn:uuid:23ffa6eb-8078-5f10-9b22-ccebfad80f9a,rights_assignment,"{""dataset_id"":""urn:uuid:fdfa2782-db96-5e60-bcb3-d206d78b960a"",""id"":""urn:uuid:23ffa6eb-8078-5f10-9b22-ccebfad80f9a"",""normalized_state"":""published"",""owner_authority_id"":""urn:uuid:ba324c09-ea3b-5b7d-a8de-40df0fcc5e83"",""owner_native_state"":""verified"",""payload"":{""assignment_state"":""effective"",""inheritance"":""direct_from_frozen_edition"",""rights_id"":""urn:uuid:3f181e34-b5ab-550e-89bb-fd3d6c717bd0"",""target_id"":""urn:uuid:a2c38ad2-216e-557c-85b3-f6df9934fef0"",""target_native_id"":""OLP-0571""},""record_type"":""rights_assignment"",""recorded_at"":""2026-08-31T00:00:00Z"",""semantic_key"":""c80:openlogic:rights-assignment:unit:OLP-0571""}"
urn:uuid:c5ea0e02-986c-5b27-b3e6-ad89b471314a,rights_assignment,"{""dataset_id"":""urn:uuid:fdfa2782-db96-5e60-bcb3-d206d78b960a"",""id"":""urn:uuid:c5ea0e02-986c-5b27-b3e6-ad89b471314a"",""normalized_state"":""published"",""owner_authority_id"":""urn:uuid:ba324c09-ea3b-5b7d-a8de-40df0fcc5e83"",""owner_native_state"":""verified"",""payload"":{""assignment_state"":""effective"",""inheritance"":""direct_from_frozen_edition"",""rights_id"":""urn:uuid:3f181e34-b5ab-550e-89bb-fd3d6c717bd0"",""target_id"":""urn:uuid:5f1ea576-e98a-504b-a1b2-d39d5eda6d3e"",""target_native_id"":""OLP-0572""},""record_type"":""rights_assignment"",""recorded_at"":""2026-08-31T00:00:00Z"",""semantic_key"":""c80:openlogic:rights-assignment:unit:OLP-0572""}"
urn:uuid:0abce44d-267b-5b7f-953f-9c016ab6f3ed,rights_assignment,"{""dataset_id"":""urn:uuid:fdfa2782-db96-5e60-bcb3-d206d78b960a"",""id"":""urn:uuid:0abce44d-267b-5b7f-953f-9c016ab6f3ed"",""normalized_state"":""published"",""owner_authority_id"":""urn:uuid:ba324c09-ea3b-5b7d-a8de-40df0fcc5e83"",""owner_native_state"":""verified"",""payload"":{""assignment_state"":""effective"",""inheritance"":""direct_from_frozen_edition"",""rights_id"":""urn:uuid:3f181e34-b5ab-550e-89bb-fd3d6c717bd0"",""target_id"":""urn:uuid:b3d8d065-6d70-518d-a156-d8d6e0bb08c8"",""target_native_id"":""OLP-0573""},""record_type"":""rights_assignment"",""recorded_at"":""2026-08-31T00:00:00Z"",""semantic_key"":""c80:openlogic:rights-assignment:unit:OLP-0573""}"
urn:uuid:860ddad6-a596-5008-898a-eb064dad72b6,rights_assignment,"{""dataset_id"":""urn:uuid:fdfa2782-db96-5e60-bcb3-d206d78b960a"",""id"":""urn:uuid:860ddad6-a596-5008-898a-eb064dad72b6"",""normalized_state"":""published"",""owner_authority_id"":""urn:uuid:ba324c09-ea3b-5b7d-a8de-40df0fcc5e83"",""owner_native_state"":""verified"",""payload"":{""assignment_state"":""effective"",""inheritance"":""direct_from_frozen_edition"",""rights_id"":""urn:uuid:3f181e34-b5ab-550e-89bb-fd3d6c717bd0"",""target_id"":""urn:uuid:cc6d2d22-a64a-5c91-a96c-a7c7765dc685"",""target_native_id"":""OLP-0574""},""record_type"":""rights_assignment"",""recorded_at"":""2026-08-31T00:00:00Z"",""semantic_key"":""c80:openlogic:rights-assignment:unit:OLP-0574""}"
urn:uuid:1a077039-26b7-5bcb-a3fd-0a02c28d4ce5,rights_assignment,"{""dataset_id"":""urn:uuid:fdfa2782-db96-5e60-bcb3-d206d78b960a"",""id"":""urn:uuid:1a077039-26b7-5bcb-a3fd-0a02c28d4ce5"",""normalized_state"":""published"",""owner_authority_id"":""urn:uuid:ba324c09-ea3b-5b7d-a8de-40df0fcc5e83"",""owner_native_state"":""verified"",""payload"":{""assignment_state"":""effective"",""inheritance"":""direct_from_frozen_edition"",""rights_id"":""urn:uuid:3f181e34-b5ab-550e-89bb-fd3d6c717bd0"",""target_id"":""urn:uuid:59615385-ebc7-54f2-8834-bde198bb5230"",""target_native_id"":""OLP-0575""},""record_type"":""rights_assignment"",""recorded_at"":""2026-08-31T00:00:00Z"",""semantic_key"":""c80:openlogic:rights-assignment:unit:OLP-0575""}"
urn:uuid:0e691b50-4f18-51e3-ab23-2438484aa48a,rights_assignment,"{""dataset_id"":""urn:uuid:fdfa2782-db96-5e60-bcb3-d206d78b960a"",""id"":""urn:uuid:0e691b50-4f18-51e3-ab23-2438484aa48a"",""normalized_state"":""published"",""owner_authority_id"":""urn:uuid:ba324c09-ea3b-5b7d-a8de-40df0fcc5e83"",""owner_native_state"":""verified"",""payload"":{""assignment_state"":""effective"",""inheritance"":""direct_from_frozen_edition"",""rights_id"":""urn:uuid:3f181e34-b5ab-550e-89bb-fd3d6c717bd0"",""target_id"":""urn:uuid:e9de8451-30da-5b35-a09c-1476df221e5e"",""target_native_id"":""OLP-0576""},""record_type"":""rights_assignment"",""recorded_at"":""2026-08-31T00:00:00Z"",""semantic_key"":""c80:openlogic:rights-assignment:unit:OLP-0576""}"
urn:uuid:d5b03977-78b7-5996-a03f-dca097d7fbe0,rights_assignment,"{""dataset_id"":""urn:uuid:fdfa2782-db96-5e60-bcb3-d206d78b960a"",""id"":""urn:uuid:d5b03977-78b7-5996-a03f-dca097d7fbe0"",""normalized_state"":""published"",""owner_authority_id"":""urn:uuid:ba324c09-ea3b-5b7d-a8de-40df0fcc5e83"",""owner_native_state"":""verified"",""payload"":{""assignment_state"":""effective"",""inheritance"":""direct_from_frozen_edition"",""rights_id"":""urn:uuid:3f181e34-b5ab-550e-89bb-fd3d6c717bd0"",""target_id"":""urn:uuid:c884a8e2-72ad-5c2d-a900-7ec3d7b29c13"",""target_native_id"":""OLP-0577""},""record_type"":""rights_assignment"",""recorded_at"":""2026-08-31T00:00:00Z"",""semantic_key"":""c80:openlogic:rights-assignment:unit:OLP-0577""}"
urn:uuid:5c80747b-99ee-570f-b341-4c4a0d63582e,rights_assignment,"{""dataset_id"":""urn:uuid:fdfa2782-db96-5e60-bcb3-d206d78b960a"",""id"":""urn:uuid:5c80747b-99ee-570f-b341-4c4a0d63582e"",""normalized_state"":""published"",""owner_authority_id"":""urn:uuid:ba324c09-ea3b-5b7d-a8de-40df0fcc5e83"",""owner_native_state"":""verified"",""payload"":{""assignment_state"":""effective"",""inheritance"":""direct_from_frozen_edition"",""rights_id"":""urn:uuid:3f181e34-b5ab-550e-89bb-fd3d6c717bd0"",""target_id"":""urn:uuid:cfeda0bf-ec4b-59ac-8c92-ec47c001e37b"",""target_native_id"":""OLP-0578""},""record_type"":""rights_assignment"",""recorded_at"":""2026-08-31T00:00:00Z"",""semantic_key"":""c80:openlogic:rights-assignment:unit:OLP-0578""}"
urn:uuid:586a4350-d0fa-5903-a25c-2392011b4500,rights_assignment,"{""dataset_id"":""urn:uuid:fdfa2782-db96-5e60-bcb3-d206d78b960a"",""id"":""urn:uuid:586a4350-d0fa-5903-a25c-2392011b4500"",""normalized_state"":""published"",""owner_authority_id"":""urn:uuid:ba324c09-ea3b-5b7d-a8de-40df0fcc5e83"",""owner_native_state"":""verified"",""payload"":{""assignment_state"":""effective"",""inheritance"":""direct_from_frozen_edition"",""rights_id"":""urn:uuid:3f181e34-b5ab-550e-89bb-fd3d6c717bd0"",""target_id"":""urn:uuid:0f42ccf2-9dbd-5465-8c16-f40af7a3f430"",""target_native_id"":""OLP-0579""},""record_type"":""rights_assignment"",""recorded_at"":""2026-08-31T00:00:00Z"",""semantic_key"":""c80:openlogic:rights-assignment:unit:OLP-0579""}"
urn:uuid:cee0b574-6550-5d8e-b0a3-c874a798aa8a,rights_assignment,"{""dataset_id"":""urn:uuid:fdfa2782-db96-5e60-bcb3-d206d78b960a"",""id"":""urn:uuid:cee0b574-6550-5d8e-b0a3-c874a798aa8a"",""normalized_state"":""published"",""owner_authority_id"":""urn:uuid:ba324c09-ea3b-5b7d-a8de-40df0fcc5e83"",""owner_native_state"":""verified"",""payload"":{""assignment_state"":""effective"",""inheritance"":""direct_from_frozen_edition"",""rights_id"":""urn:uuid:3f181e34-b5ab-550e-89bb-fd3d6c717bd0"",""target_id"":""urn:uuid:af7e0018-6891-5dcb-9946-a8dc52077b4e"",""target_native_id"":""OLP-0580""},""record_type"":""rights_assignment"",""recorded_at"":""2026-08-31T00:00:00Z"",""semantic_key"":""c80:openlogic:rights-assignment:unit:OLP-0580""}"
urn:uuid:ab3e22cc-b21e-59f7-aa2b-369033fe93f3,rights_assignment,"{""dataset_id"":""urn:uuid:fdfa2782-db96-5e60-bcb3-d206d78b960a"",""id"":""urn:uuid:ab3e22cc-b21e-59f7-aa2b-369033fe93f3"",""normalized_state"":""published"",""owner_authority_id"":""urn:uuid:ba324c09-ea3b-5b7d-a8de-40df0fcc5e83"",""owner_native_state"":""verified"",""payload"":{""assignment_state"":""effective"",""inheritance"":""direct_from_frozen_edition"",""rights_id"":""urn:uuid:3f181e34-b5ab-550e-89bb-fd3d6c717bd0"",""target_id"":""urn:uuid:aca87150-07f5-52c7-982e-2778bf31b256"",""target_native_id"":""OLP-0581""},""record_type"":""rights_assignment"",""recorded_at"":""2026-08-31T00:00:00Z"",""semantic_key"":""c80:openlogic:rights-assignment:unit:OLP-0581""}"
urn:uuid:4ef4e1e1-9a60-5bdf-bf4b-3c73acfeb6ab,rights_assignment,"{""dataset_id"":""urn:uuid:fdfa2782-db96-5e60-bcb3-d206d78b960a"",""id"":""urn:uuid:4ef4e1e1-9a60-5bdf-bf4b-3c73acfeb6ab"",""normalized_state"":""published"",""owner_authority_id"":""urn:uuid:ba324c09-ea3b-5b7d-a8de-40df0fcc5e83"",""owner_native_state"":""verified"",""payload"":{""assignment_state"":""effective"",""inheritance"":""direct_from_frozen_edition"",""rights_id"":""urn:uuid:3f181e34-b5ab-550e-89bb-fd3d6c717bd0"",""target_id"":""urn:uuid:e6297ec4-1dc6-5f5a-981c-fa0323dc21a9"",""target_native_id"":""OLP-0582""},""record_type"":""rights_assignment"",""recorded_at"":""2026-08-31T00:00:00Z"",""semantic_key"":""c80:openlogic:rights-assignment:unit:OLP-0582""}"
urn:uuid:ca152cf4-3a7e-54de-ae2c-e21a0f083e17,rights_assignment,"{""dataset_id"":""urn:uuid:fdfa2782-db96-5e60-bcb3-d206d78b960a"",""id"":""urn:uuid:ca152cf4-3a7e-54de-ae2c-e21a0f083e17"",""normalized_state"":""published"",""owner_authority_id"":""urn:uuid:ba324c09-ea3b-5b7d-a8de-40df0fcc5e83"",""owner_native_state"":""verified"",""payload"":{""assignment_state"":""effective"",""inheritance"":""direct_from_frozen_edition"",""rights_id"":""urn:uuid:3f181e34-b5ab-550e-89bb-fd3d6c717bd0"",""target_id"":""urn:uuid:680bee26-99aa-535e-9fb6-967126346137"",""target_native_id"":""OLP-0583""},""record_type"":""rights_assignment"",""recorded_at"":""2026-08-31T00:00:00Z"",""semantic_key"":""c80:openlogic:rights-assignment:unit:OLP-0583""}"
urn:uuid:91a83261-ce77-5024-a893-c198915e330f,rights_assignment,"{""dataset_id"":""urn:uuid:fdfa2782-db96-5e60-bcb3-d206d78b960a"",""id"":""urn:uuid:91a83261-ce77-5024-a893-c198915e330f"",""normalized_state"":""published"",""owner_authority_id"":""urn:uuid:ba324c09-ea3b-5b7d-a8de-40df0fcc5e83"",""owner_native_state"":""verified"",""payload"":{""assignment_state"":""effective"",""inheritance"":""direct_from_frozen_edition"",""rights_id"":""urn:uuid:3f181e34-b5ab-550e-89bb-fd3d6c717bd0"",""target_id"":""urn:uuid:c7bbeddf-3ca5-55f5-9e51-953a006302f4"",""target_native_id"":""OLP-0584""},""record_type"":""rights_assignment"",""recorded_at"":""2026-08-31T00:00:00Z"",""semantic_key"":""c80:openlogic:rights-assignment:unit:OLP-0584""}"
urn:uuid:08ba126a-131a-5013-87a5-efcfd57d2083,rights_assignment,"{""dataset_id"":""urn:uuid:fdfa2782-db96-5e60-bcb3-d206d78b960a"",""id"":""urn:uuid:08ba126a-131a-5013-87a5-efcfd57d2083"",""normalized_state"":""published"",""owner_authority_id"":""urn:uuid:ba324c09-ea3b-5b7d-a8de-40df0fcc5e83"",""owner_native_state"":""verified"",""payload"":{""assignment_state"":""effective"",""inheritance"":""direct_from_frozen_edition"",""rights_id"":""urn:uuid:3f181e34-b5ab-550e-89bb-fd3d6c717bd0"",""target_id"":""urn:uuid:e0df9021-fa30-527c-b662-4f76d18884cc"",""target_native_id"":""OLP-0585""},""record_type"":""rights_assignment"",""recorded_at"":""2026-08-31T00:00:00Z"",""semantic_key"":""c80:openlogic:rights-assignment:unit:OLP-0585""}"
urn:uuid:9f1142cb-f489-539c-952d-2beeff89a693,rights_assignment,"{""dataset_id"":""urn:uuid:fdfa2782-db96-5e60-bcb3-d206d78b960a"",""id"":""urn:uuid:9f1142cb-f489-539c-952d-2beeff89a693"",""normalized_state"":""published"",""owner_authority_id"":""urn:uuid:ba324c09-ea3b-5b7d-a8de-40df0fcc5e83"",""owner_native_state"":""verified"",""payload"":{""assignment_state"":""effective"",""inheritance"":""direct_from_frozen_edition"",""rights_id"":""urn:uuid:3f181e34-b5ab-550e-89bb-fd3d6c717bd0"",""target_id"":""urn:uuid:17ba9a7c-fa36-53f0-ba5b-43509bd05876"",""target_native_id"":""OLP-0586""},""record_type"":""rights_assignment"",""recorded_at"":""2026-08-31T00:00:00Z"",""semantic_key"":""c80:openlogic:rights-assignment:unit:OLP-0586""}"
urn:uuid:cf79c854-2253-5cf0-a125-c1adccfc4c44,rights_assignment,"{""dataset_id"":""urn:uuid:fdfa2782-db96-5e60-bcb3-d206d78b960a"",""id"":""urn:uuid:cf79c854-2253-5cf0-a125-c1adccfc4c44"",""normalized_state"":""published"",""owner_authority_id"":""urn:uuid:ba324c09-ea3b-5b7d-a8de-40df0fcc5e83"",""owner_native_state"":""verified"",""payload"":{""assignment_state"":""effective"",""inheritance"":""direct_from_frozen_edition"",""rights_id"":""urn:uuid:3f181e34-b5ab-550e-89bb-fd3d6c717bd0"",""target_id"":""urn:uuid:f177df78-8b57-5fd7-9b1b-f6c07cdba3a6"",""target_native_id"":""OLP-0587""},""record_type"":""rights_assignment"",""recorded_at"":""2026-08-31T00:00:00Z"",""semantic_key"":""c80:openlogic:rights-assignment:unit:OLP-0587""}"
urn:uuid:a87092cc-931c-5108-bae8-f0086e4fcfec,rights_assignment,"{""dataset_id"":""urn:uuid:fdfa2782-db96-5e60-bcb3-d206d78b960a"",""id"":""urn:uuid:a87092cc-931c-5108-bae8-f0086e4fcfec"",""normalized_state"":""published"",""owner_authority_id"":""urn:uuid:ba324c09-ea3b-5b7d-a8de-40df0fcc5e83"",""owner_native_state"":""verified"",""payload"":{""assignment_state"":""effective"",""inheritance"":""direct_from_frozen_edition"",""rights_id"":""urn:uuid:3f181e34-b5ab-550e-89bb-fd3d6c717bd0"",""target_id"":""urn:uuid:1ee7b52d-54d4-573c-af0f-c9d7850458ba"",""target_native_id"":""OLP-0588""},""record_type"":""rights_assignment"",""recorded_at"":""2026-08-31T00:00:00Z"",""semantic_key"":""c80:openlogic:rights-assignment:unit:OLP-0588""}"
urn:uuid:80549a78-9c95-59ab-b0a5-cfa1f418a577,rights_assignment,"{""dataset_id"":""urn:uuid:fdfa2782-db96-5e60-bcb3-d206d78b960a"",""id"":""urn:uuid:80549a78-9c95-59ab-b0a5-cfa1f418a577"",""normalized_state"":""published"",""owner_authority_id"":""urn:uuid:ba324c09-ea3b-5b7d-a8de-40df0fcc5e83"",""owner_native_state"":""verified"",""payload"":{""assignment_state"":""effective"",""inheritance"":""direct_from_frozen_edition"",""rights_id"":""urn:uuid:3f181e34-b5ab-550e-89bb-fd3d6c717bd0"",""target_id"":""urn:uuid:99c643c8-bf9f-5cbb-81fc-b0aa3f22e3bb"",""target_native_id"":""OLP-0589""},""record_type"":""rights_assignment"",""recorded_at"":""2026-08-31T00:00:00Z"",""semantic_key"":""c80:openlogic:rights-assignment:unit:OLP-0589""}"
urn:uuid:b018f8d7-83d0-5639-af1e-a997bbda6e77,rights_assignment,"{""dataset_id"":""urn:uuid:fdfa2782-db96-5e60-bcb3-d206d78b960a"",""id"":""urn:uuid:b018f8d7-83d0-5639-af1e-a997bbda6e77"",""normalized_state"":""published"",""owner_authority_id"":""urn:uuid:ba324c09-ea3b-5b7d-a8de-40df0fcc5e83"",""owner_native_state"":""verified"",""payload"":{""assignment_state"":""effective"",""inheritance"":""direct_from_frozen_edition"",""rights_id"":""urn:uuid:3f181e34-b5ab-550e-89bb-fd3d6c717bd0"",""target_id"":""urn:uuid:04e4370f-32b4-5c9b-9697-2cddf362f26e"",""target_native_id"":""OLP-0590""},""record_type"":""rights_assignment"",""recorded_at"":""2026-08-31T00:00:00Z"",""semantic_key"":""c80:openlogic:rights-assignment:unit:OLP-0590""}"
urn:uuid:f46a2cef-3edd-5f7b-b72d-8ff235144129,rights_assignment,"{""dataset_id"":""urn:uuid:fdfa2782-db96-5e60-bcb3-d206d78b960a"",""id"":""urn:uuid:f46a2cef-3edd-5f7b-b72d-8ff235144129"",""normalized_state"":""published"",""owner_authority_id"":""urn:uuid:ba324c09-ea3b-5b7d-a8de-40df0fcc5e83"",""owner_native_state"":""verified"",""payload"":{""assignment_state"":""effective"",""inheritance"":""direct_from_frozen_edition"",""rights_id"":""urn:uuid:3f181e34-b5ab-550e-89bb-fd3d6c717bd0"",""target_id"":""urn:uuid:f04d777f-b6a2-5515-b749-df1a9609dd6f"",""target_native_id"":""OLP-0591""},""record_type"":""rights_assignment"",""recorded_at"":""2026-08-31T00:00:00Z"",""semantic_key"":""c80:openlogic:rights-assignment:unit:OLP-0591""}"
urn:uuid:9b34b8c0-c80a-5195-95a8-986cdde2b610,rights_assignment,"{""dataset_id"":""urn:uuid:fdfa2782-db96-5e60-bcb3-d206d78b960a"",""id"":""urn:uuid:9b34b8c0-c80a-5195-95a8-986cdde2b610"",""normalized_state"":""published"",""owner_authority_id"":""urn:uuid:ba324c09-ea3b-5b7d-a8de-40df0fcc5e83"",""owner_native_state"":""verified"",""payload"":{""assignment_state"":""effective"",""inheritance"":""direct_from_frozen_edition"",""rights_id"":""urn:uuid:3f181e34-b5ab-550e-89bb-fd3d6c717bd0"",""target_id"":""urn:uuid:99c208d6-c5dd-5444-b8e0-9925a04cc470"",""target_native_id"":""OLP-0592""},""record_type"":""rights_assignment"",""recorded_at"":""2026-08-31T00:00:00Z"",""semantic_key"":""c80:openlogic:rights-assignment:unit:OLP-0592""}"
urn:uuid:05285cbd-807b-57c2-b5dc-614713ed75df,rights_assignment,"{""dataset_id"":""urn:uuid:fdfa2782-db96-5e60-bcb3-d206d78b960a"",""id"":""urn:uuid:05285cbd-807b-57c2-b5dc-614713ed75df"",""normalized_state"":""published"",""owner_authority_id"":""urn:uuid:ba324c09-ea3b-5b7d-a8de-40df0fcc5e83"",""owner_native_state"":""verified"",""payload"":{""assignment_state"":""effective"",""inheritance"":""direct_from_frozen_edition"",""rights_id"":""urn:uuid:3f181e34-b5ab-550e-89bb-fd3d6c717bd0"",""target_id"":""urn:uuid:86ba5e46-a220-5cef-a2cc-398d3d8f77ed"",""target_native_id"":""OLP-0593""},""record_type"":""rights_assignment"",""recorded_at"":""2026-08-31T00:00:00Z"",""semantic_key"":""c80:openlogic:rights-assignment:unit:OLP-0593""}"
urn:uuid:f0561c6e-c133-523d-8763-2a85cddd5b8e,rights_assignment,"{""dataset_id"":""urn:uuid:fdfa2782-db96-5e60-bcb3-d206d78b960a"",""id"":""urn:uuid:f0561c6e-c133-523d-8763-2a85cddd5b8e"",""normalized_state"":""published"",""owner_authority_id"":""urn:uuid:ba324c09-ea3b-5b7d-a8de-40df0fcc5e83"",""owner_native_state"":""verified"",""payload"":{""assignment_state"":""effective"",""inheritance"":""direct_from_frozen_edition"",""rights_id"":""urn:uuid:3f181e34-b5ab-550e-89bb-fd3d6c717bd0"",""target_id"":""urn:uuid:a7db589e-12df-58ec-afa9-390cdba77914"",""target_native_id"":""OLP-0594""},""record_type"":""rights_assignment"",""recorded_at"":""2026-08-31T00:00:00Z"",""semantic_key"":""c80:openlogic:rights-assignment:unit:OLP-0594""}"
urn:uuid:00a3fb59-27a2-5e64-ad7e-2ca96e7d8bf4,rights_assignment,"{""dataset_id"":""urn:uuid:fdfa2782-db96-5e60-bcb3-d206d78b960a"",""id"":""urn:uuid:00a3fb59-27a2-5e64-ad7e-2ca96e7d8bf4"",""normalized_state"":""published"",""owner_authority_id"":""urn:uuid:ba324c09-ea3b-5b7d-a8de-40df0fcc5e83"",""owner_native_state"":""verified"",""payload"":{""assignment_state"":""effective"",""inheritance"":""direct_from_frozen_edition"",""rights_id"":""urn:uuid:3f181e34-b5ab-550e-89bb-fd3d6c717bd0"",""target_id"":""urn:uuid:309a4331-53a5-5155-a1e4-bbb8e91ec634"",""target_native_id"":""OLP-0595""},""record_type"":""rights_assignment"",""recorded_at"":""2026-08-31T00:00:00Z"",""semantic_key"":""c80:openlogic:rights-assignment:unit:OLP-0595""}"
urn:uuid:62a9fd15-6342-55ad-afd0-efbcc7077684,rights_assignment,"{""dataset_id"":""urn:uuid:fdfa2782-db96-5e60-bcb3-d206d78b960a"",""id"":""urn:uuid:62a9fd15-6342-55ad-afd0-efbcc7077684"",""normalized_state"":""published"",""owner_authority_id"":""urn:uuid:ba324c09-ea3b-5b7d-a8de-40df0fcc5e83"",""owner_native_state"":""verified"",""payload"":{""assignment_state"":""effective"",""inheritance"":""direct_from_frozen_edition"",""rights_id"":""urn:uuid:3f181e34-b5ab-550e-89bb-fd3d6c717bd0"",""target_id"":""urn:uuid:73d4d1c9-f176-5256-95b8-cb0b7bcce528"",""target_native_id"":""OLP-0596""},""record_type"":""rights_assignment"",""recorded_at"":""2026-08-31T00:00:00Z"",""semantic_key"":""c80:openlogic:rights-assignment:unit:OLP-0596""}"
urn:uuid:f4523892-717f-5538-b9f3-4289052d3369,rights_assignment,"{""dataset_id"":""urn:uuid:fdfa2782-db96-5e60-bcb3-d206d78b960a"",""id"":""urn:uuid:f4523892-717f-5538-b9f3-4289052d3369"",""normalized_state"":""published"",""owner_authority_id"":""urn:uuid:ba324c09-ea3b-5b7d-a8de-40df0fcc5e83"",""owner_native_state"":""verified"",""payload"":{""assignment_state"":""effective"",""inheritance"":""direct_from_frozen_edition"",""rights_id"":""urn:uuid:3f181e34-b5ab-550e-89bb-fd3d6c717bd0"",""target_id"":""urn:uuid:408c270e-90b4-59e6-8bbd-d9f4e96db9de"",""target_native_id"":""OLP-0597""},""record_type"":""rights_assignment"",""recorded_at"":""2026-08-31T00:00:00Z"",""semantic_key"":""c80:openlogic:rights-assignment:unit:OLP-0597""}"
urn:uuid:f6d73aba-9926-526a-b2bf-7047921a1fb9,rights_assignment,"{""dataset_id"":""urn:uuid:fdfa2782-db96-5e60-bcb3-d206d78b960a"",""id"":""urn:uuid:f6d73aba-9926-526a-b2bf-7047921a1fb9"",""normalized_state"":""published"",""owner_authority_id"":""urn:uuid:ba324c09-ea3b-5b7d-a8de-40df0fcc5e83"",""owner_native_state"":""verified"",""payload"":{""assignment_state"":""effective"",""inheritance"":""direct_from_frozen_edition"",""rights_id"":""urn:uuid:3f181e34-b5ab-550e-89bb-fd3d6c717bd0"",""target_id"":""urn:uuid:60a49561-9ba6-5bcb-8101-2430d5546440"",""target_native_id"":""OLP-0598""},""record_type"":""rights_assignment"",""recorded_at"":""2026-08-31T00:00:00Z"",""semantic_key"":""c80:openlogic:rights-assignment:unit:OLP-0598""}"
urn:uuid:7e280980-936a-5ac4-9a7d-dc435cf25fee,rights_assignment,"{""dataset_id"":""urn:uuid:fdfa2782-db96-5e60-bcb3-d206d78b960a"",""id"":""urn:uuid:7e280980-936a-5ac4-9a7d-dc435cf25fee"",""normalized_state"":""published"",""owner_authority_id"":""urn:uuid:ba324c09-ea3b-5b7d-a8de-40df0fcc5e83"",""owner_native_state"":""verified"",""payload"":{""assignment_state"":""effective"",""inheritance"":""direct_from_frozen_edition"",""rights_id"":""urn:uuid:3f181e34-b5ab-550e-89bb-fd3d6c717bd0"",""target_id"":""urn:uuid:7e248e24-8c43-5c9d-aeb5-ea4c6c817bdc"",""target_native_id"":""OLP-0599""},""record_type"":""rights_assignment"",""recorded_at"":""2026-08-31T00:00:00Z"",""semantic_key"":""c80:openlogic:rights-assignment:unit:OLP-0599""}"
urn:uuid:932767f1-6d21-5bfc-95cd-42fb39e2aacc,rights_assignment,"{""dataset_id"":""urn:uuid:fdfa2782-db96-5e60-bcb3-d206d78b960a"",""id"":""urn:uuid:932767f1-6d21-5bfc-95cd-42fb39e2aacc"",""normalized_state"":""published"",""owner_authority_id"":""urn:uuid:ba324c09-ea3b-5b7d-a8de-40df0fcc5e83"",""owner_native_state"":""verified"",""payload"":{""assignment_state"":""effective"",""inheritance"":""direct_from_frozen_edition"",""rights_id"":""urn:uuid:3f181e34-b5ab-550e-89bb-fd3d6c717bd0"",""target_id"":""urn:uuid:b59126e0-cfd9-52b9-b988-2464bd149b6f"",""target_native_id"":""OLP-0600""},""record_type"":""rights_assignment"",""recorded_at"":""2026-08-31T00:00:00Z"",""semantic_key"":""c80:openlogic:rights-assignment:unit:OLP-0600""}"
urn:uuid:44b48458-7891-5584-80ab-1df807db5de8,rights_assignment,"{""dataset_id"":""urn:uuid:fdfa2782-db96-5e60-bcb3-d206d78b960a"",""id"":""urn:uuid:44b48458-7891-5584-80ab-1df807db5de8"",""normalized_state"":""published"",""owner_authority_id"":""urn:uuid:ba324c09-ea3b-5b7d-a8de-40df0fcc5e83"",""owner_native_state"":""verified"",""payload"":{""assignment_state"":""effective"",""inheritance"":""direct_from_frozen_edition"",""rights_id"":""urn:uuid:3f181e34-b5ab-550e-89bb-fd3d6c717bd0"",""target_id"":""urn:uuid:b14264ab-a0ff-5373-97fe-3a6fb9b576fd"",""target_native_id"":""OLP-0601""},""record_type"":""rights_assignment"",""recorded_at"":""2026-08-31T00:00:00Z"",""semantic_key"":""c80:openlogic:rights-assignment:unit:OLP-0601""}"
urn:uuid:ffcee6db-f149-50b0-b6e0-2a311cf10b9d,rights_assignment,"{""dataset_id"":""urn:uuid:fdfa2782-db96-5e60-bcb3-d206d78b960a"",""id"":""urn:uuid:ffcee6db-f149-50b0-b6e0-2a311cf10b9d"",""normalized_state"":""published"",""owner_authority_id"":""urn:uuid:ba324c09-ea3b-5b7d-a8de-40df0fcc5e83"",""owner_native_state"":""verified"",""payload"":{""assignment_state"":""effective"",""inheritance"":""direct_from_frozen_edition"",""rights_id"":""urn:uuid:3f181e34-b5ab-550e-89bb-fd3d6c717bd0"",""target_id"":""urn:uuid:f2529846-78a4-5674-99fd-3d5f1f18f489"",""target_native_id"":""OLP-0602""},""record_type"":""rights_assignment"",""recorded_at"":""2026-08-31T00:00:00Z"",""semantic_key"":""c80:openlogic:rights-assignment:unit:OLP-0602""}"
urn:uuid:ebb0d7e5-eea4-575e-b07a-b4a788a1e2f8,rights_assignment,"{""dataset_id"":""urn:uuid:fdfa2782-db96-5e60-bcb3-d206d78b960a"",""id"":""urn:uuid:ebb0d7e5-eea4-575e-b07a-b4a788a1e2f8"",""normalized_state"":""published"",""owner_authority_id"":""urn:uuid:ba324c09-ea3b-5b7d-a8de-40df0fcc5e83"",""owner_native_state"":""verified"",""payload"":{""assignment_state"":""effective"",""inheritance"":""direct_from_frozen_edition"",""rights_id"":""urn:uuid:3f181e34-b5ab-550e-89bb-fd3d6c717bd0"",""target_id"":""urn:uuid:42c4a6a0-369c-5c23-b337-1640ba99eb20"",""target_native_id"":""OLP-0603""},""record_type"":""rights_assignment"",""recorded_at"":""2026-08-31T00:00:00Z"",""semantic_key"":""c80:openlogic:rights-assignment:unit:OLP-0603""}"
urn:uuid:0304ad47-4fdd-5f30-a692-0507d2683d61,rights_assignment,"{""dataset_id"":""urn:uuid:fdfa2782-db96-5e60-bcb3-d206d78b960a"",""id"":""urn:uuid:0304ad47-4fdd-5f30-a692-0507d2683d61"",""normalized_state"":""published"",""owner_authority_id"":""urn:uuid:ba324c09-ea3b-5b7d-a8de-40df0fcc5e83"",""owner_native_state"":""verified"",""payload"":{""assignment_state"":""effective"",""inheritance"":""direct_from_frozen_edition"",""rights_id"":""urn:uuid:3f181e34-b5ab-550e-89bb-fd3d6c717bd0"",""target_id"":""urn:uuid:43e07023-a5af-5ca5-89ea-23df0031218d"",""target_native_id"":""OLP-0604""},""record_type"":""rights_assignment"",""recorded_at"":""2026-08-31T00:00:00Z"",""semantic_key"":""c80:openlogic:rights-assignment:unit:OLP-0604""}"
urn:uuid:887ecbb8-670b-5e45-89c1-7cae2abc8e73,rights_assignment,"{""dataset_id"":""urn:uuid:fdfa2782-db96-5e60-bcb3-d206d78b960a"",""id"":""urn:uuid:887ecbb8-670b-5e45-89c1-7cae2abc8e73"",""normalized_state"":""published"",""owner_authority_id"":""urn:uuid:ba324c09-ea3b-5b7d-a8de-40df0fcc5e83"",""owner_native_state"":""verified"",""payload"":{""assignment_state"":""effective"",""inheritance"":""direct_from_frozen_edition"",""rights_id"":""urn:uuid:3f181e34-b5ab-550e-89bb-fd3d6c717bd0"",""target_id"":""urn:uuid:e21f96da-a760-510d-bb2f-d0fba477f512"",""target_native_id"":""OLP-0605""},""record_type"":""rights_assignment"",""recorded_at"":""2026-08-31T00:00:00Z"",""semantic_key"":""c80:openlogic:rights-assignment:unit:OLP-0605""}"
urn:uuid:2a45be31-82cf-5b10-aad7-ef90827ef0f6,rights_assignment,"{""dataset_id"":""urn:uuid:fdfa2782-db96-5e60-bcb3-d206d78b960a"",""id"":""urn:uuid:2a45be31-82cf-5b10-aad7-ef90827ef0f6"",""normalized_state"":""published"",""owner_authority_id"":""urn:uuid:ba324c09-ea3b-5b7d-a8de-40df0fcc5e83"",""owner_native_state"":""verified"",""payload"":{""assignment_state"":""effective"",""inheritance"":""direct_from_frozen_edition"",""rights_id"":""urn:uuid:3f181e34-b5ab-550e-89bb-fd3d6c717bd0"",""target_id"":""urn:uuid:03028240-1a51-57db-be89-5fa11a3c10bb"",""target_native_id"":""OLP-0606""},""record_type"":""rights_assignment"",""recorded_at"":""2026-08-31T00:00:00Z"",""semantic_key"":""c80:openlogic:rights-assignment:unit:OLP-0606""}"
urn:uuid:b0ffa3de-160a-59cc-bb26-e4ccd86b5280,rights_assignment,"{""dataset_id"":""urn:uuid:fdfa2782-db96-5e60-bcb3-d206d78b960a"",""id"":""urn:uuid:b0ffa3de-160a-59cc-bb26-e4ccd86b5280"",""normalized_state"":""published"",""owner_authority_id"":""urn:uuid:ba324c09-ea3b-5b7d-a8de-40df0fcc5e83"",""owner_native_state"":""verified"",""payload"":{""assignment_state"":""effective"",""inheritance"":""direct_from_frozen_edition"",""rights_id"":""urn:uuid:3f181e34-b5ab-550e-89bb-fd3d6c717bd0"",""target_id"":""urn:uuid:33eb459e-c4ae-53a1-85ef-e934b3c1ad6f"",""target_native_id"":""OLP-0607""},""record_type"":""rights_assignment"",""recorded_at"":""2026-08-31T00:00:00Z"",""semantic_key"":""c80:openlogic:rights-assignment:unit:OLP-0607""}"
urn:uuid:ec12ce3c-08a5-58aa-bb85-c97e1086c3b4,rights_assignment,"{""dataset_id"":""urn:uuid:fdfa2782-db96-5e60-bcb3-d206d78b960a"",""id"":""urn:uuid:ec12ce3c-08a5-58aa-bb85-c97e1086c3b4"",""normalized_state"":""published"",""owner_authority_id"":""urn:uuid:ba324c09-ea3b-5b7d-a8de-40df0fcc5e83"",""owner_native_state"":""verified"",""payload"":{""assignment_state"":""effective"",""inheritance"":""direct_from_frozen_edition"",""rights_id"":""urn:uuid:3f181e34-b5ab-550e-89bb-fd3d6c717bd0"",""target_id"":""urn:uuid:9ebee990-69a9-5a55-a814-feedd3444b5b"",""target_native_id"":""OLP-0608""},""record_type"":""rights_assignment"",""recorded_at"":""2026-08-31T00:00:00Z"",""semantic_key"":""c80:openlogic:rights-assignment:unit:OLP-0608""}"
urn:uuid:7a415ede-295f-51b9-b786-dacd4fc46dab,rights_assignment,"{""dataset_id"":""urn:uuid:fdfa2782-db96-5e60-bcb3-d206d78b960a"",""id"":""urn:uuid:7a415ede-295f-51b9-b786-dacd4fc46dab"",""normalized_state"":""published"",""owner_authority_id"":""urn:uuid:ba324c09-ea3b-5b7d-a8de-40df0fcc5e83"",""owner_native_state"":""verified"",""payload"":{""assignment_state"":""effective"",""inheritance"":""direct_from_frozen_edition"",""rights_id"":""urn:uuid:3f181e34-b5ab-550e-89bb-fd3d6c717bd0"",""target_id"":""urn:uuid:241675f9-9795-59bc-9ec5-9a66ab861973"",""target_native_id"":""OLP-0609""},""record_type"":""rights_assignment"",""recorded_at"":""2026-08-31T00:00:00Z"",""semantic_key"":""c80:openlogic:rights-assignment:unit:OLP-0609""}"
urn:uuid:61730221-725b-5205-8691-0089d7561e5a,rights_assignment,"{""dataset_id"":""urn:uuid:fdfa2782-db96-5e60-bcb3-d206d78b960a"",""id"":""urn:uuid:61730221-725b-5205-8691-0089d7561e5a"",""normalized_state"":""published"",""owner_authority_id"":""urn:uuid:ba324c09-ea3b-5b7d-a8de-40df0fcc5e83"",""owner_native_state"":""verified"",""payload"":{""assignment_state"":""effective"",""inheritance"":""direct_from_frozen_edition"",""rights_id"":""urn:uuid:3f181e34-b5ab-550e-89bb-fd3d6c717bd0"",""target_id"":""urn:uuid:95bba238-309e-5531-8bc0-5222f9453fdd"",""target_native_id"":""OLP-0610""},""record_type"":""rights_assignment"",""recorded_at"":""2026-08-31T00:00:00Z"",""semantic_key"":""c80:openlogic:rights-assignment:unit:OLP-0610""}"
urn:uuid:84fd1319-c3b2-5e1f-b86d-fbf0128dd078,rights_assignment,"{""dataset_id"":""urn:uuid:fdfa2782-db96-5e60-bcb3-d206d78b960a"",""id"":""urn:uuid:84fd1319-c3b2-5e1f-b86d-fbf0128dd078"",""normalized_state"":""published"",""owner_authority_id"":""urn:uuid:ba324c09-ea3b-5b7d-a8de-40df0fcc5e83"",""owner_native_state"":""verified"",""payload"":{""assignment_state"":""effective"",""inheritance"":""direct_from_frozen_edition"",""rights_id"":""urn:uuid:3f181e34-b5ab-550e-89bb-fd3d6c717bd0"",""target_id"":""urn:uuid:fa2eabb8-5ec4-5757-87ea-8694a74a9566"",""target_native_id"":""OLP-0611""},""record_type"":""rights_assignment"",""recorded_at"":""2026-08-31T00:00:00Z"",""semantic_key"":""c80:openlogic:rights-assignment:unit:OLP-0611""}"
urn:uuid:ef0d296b-b1bd-5ea9-b4b1-405efb403371,rights_assignment,"{""dataset_id"":""urn:uuid:fdfa2782-db96-5e60-bcb3-d206d78b960a"",""id"":""urn:uuid:ef0d296b-b1bd-5ea9-b4b1-405efb403371"",""normalized_state"":""published"",""owner_authority_id"":""urn:uuid:ba324c09-ea3b-5b7d-a8de-40df0fcc5e83"",""owner_native_state"":""verified"",""payload"":{""assignment_state"":""effective"",""inheritance"":""direct_from_frozen_edition"",""rights_id"":""urn:uuid:3f181e34-b5ab-550e-89bb-fd3d6c717bd0"",""target_id"":""urn:uuid:72665873-f791-5884-9dc7-6b57aa46d326"",""target_native_id"":""OLP-0612""},""record_type"":""rights_assignment"",""recorded_at"":""2026-08-31T00:00:00Z"",""semantic_key"":""c80:openlogic:rights-assignment:unit:OLP-0612""}"
urn:uuid:c08f4929-cbbd-546a-9111-35641f2eed6b,rights_assignment,"{""dataset_id"":""urn:uuid:fdfa2782-db96-5e60-bcb3-d206d78b960a"",""id"":""urn:uuid:c08f4929-cbbd-546a-9111-35641f2eed6b"",""normalized_state"":""published"",""owner_authority_id"":""urn:uuid:ba324c09-ea3b-5b7d-a8de-40df0fcc5e83"",""owner_native_state"":""verified"",""payload"":{""assignment_state"":""effective"",""inheritance"":""direct_from_frozen_edition"",""rights_id"":""urn:uuid:3f181e34-b5ab-550e-89bb-fd3d6c717bd0"",""target_id"":""urn:uuid:6c47d510-4a6b-541a-ad80-3c1309143c22"",""target_native_id"":""OLP-0613""},""record_type"":""rights_assignment"",""recorded_at"":""2026-08-31T00:00:00Z"",""semantic_key"":""c80:openlogic:rights-assignment:unit:OLP-0613""}"
urn:uuid:97221321-e644-5c67-b33d-dc5566e5cc0d,rights_assignment,"{""dataset_id"":""urn:uuid:fdfa2782-db96-5e60-bcb3-d206d78b960a"",""id"":""urn:uuid:97221321-e644-5c67-b33d-dc5566e5cc0d"",""normalized_state"":""published"",""owner_authority_id"":""urn:uuid:ba324c09-ea3b-5b7d-a8de-40df0fcc5e83"",""owner_native_state"":""verified"",""payload"":{""assignment_state"":""effective"",""inheritance"":""direct_from_frozen_edition"",""rights_id"":""urn:uuid:3f181e34-b5ab-550e-89bb-fd3d6c717bd0"",""target_id"":""urn:uuid:3a25b933-1889-59e2-88e5-102d78b880cc"",""target_native_id"":""OLP-0614""},""record_type"":""rights_assignment"",""recorded_at"":""2026-08-31T00:00:00Z"",""semantic_key"":""c80:openlogic:rights-assignment:unit:OLP-0614""}"
urn:uuid:05e8f7b4-eff5-5364-b3b6-909677e8ad4b,rights_assignment,"{""dataset_id"":""urn:uuid:fdfa2782-db96-5e60-bcb3-d206d78b960a"",""id"":""urn:uuid:05e8f7b4-eff5-5364-b3b6-909677e8ad4b"",""normalized_state"":""published"",""owner_authority_id"":""urn:uuid:ba324c09-ea3b-5b7d-a8de-40df0fcc5e83"",""owner_native_state"":""verified"",""payload"":{""assignment_state"":""effective"",""inheritance"":""direct_from_frozen_edition"",""rights_id"":""urn:uuid:3f181e34-b5ab-550e-89bb-fd3d6c717bd0"",""target_id"":""urn:uuid:05f9ec32-0832-57d8-a81b-77d7c69f25f1"",""target_native_id"":""OLP-0615""},""record_type"":""rights_assignment"",""recorded_at"":""2026-08-31T00:00:00Z"",""semantic_key"":""c80:openlogic:rights-assignment:unit:OLP-0615""}"
urn:uuid:1954fc79-6eed-5633-849f-548367b00d00,rights_assignment,"{""dataset_id"":""urn:uuid:fdfa2782-db96-5e60-bcb3-d206d78b960a"",""id"":""urn:uuid:1954fc79-6eed-5633-849f-548367b00d00"",""normalized_state"":""published"",""owner_authority_id"":""urn:uuid:ba324c09-ea3b-5b7d-a8de-40df0fcc5e83"",""owner_native_state"":""verified"",""payload"":{""assignment_state"":""effective"",""inheritance"":""direct_from_frozen_edition"",""rights_id"":""urn:uuid:3f181e34-b5ab-550e-89bb-fd3d6c717bd0"",""target_id"":""urn:uuid:cbac0742-f4c4-5ef5-b8b8-15db0ad3188b"",""target_native_id"":""OLP-0616""},""record_type"":""rights_assignment"",""recorded_at"":""2026-08-31T00:00:00Z"",""semantic_key"":""c80:openlogic:rights-assignment:unit:OLP-0616""}"
urn:uuid:ac6f57ff-59e3-5ccc-a770-542f0757425f,rights_assignment,"{""dataset_id"":""urn:uuid:fdfa2782-db96-5e60-bcb3-d206d78b960a"",""id"":""urn:uuid:ac6f57ff-59e3-5ccc-a770-542f0757425f"",""normalized_state"":""published"",""owner_authority_id"":""urn:uuid:ba324c09-ea3b-5b7d-a8de-40df0fcc5e83"",""owner_native_state"":""verified"",""payload"":{""assignment_state"":""effective"",""inheritance"":""direct_from_frozen_edition"",""rights_id"":""urn:uuid:3f181e34-b5ab-550e-89bb-fd3d6c717bd0"",""target_id"":""urn:uuid:b56bd7cd-90c2-54b5-90e8-5e8431261ae5"",""target_native_id"":""OLP-0617""},""record_type"":""rights_assignment"",""recorded_at"":""2026-08-31T00:00:00Z"",""semantic_key"":""c80:openlogic:rights-assignment:unit:OLP-0617""}"
urn:uuid:90409560-fde9-522d-8a10-071f7d04e489,rights_assignment,"{""dataset_id"":""urn:uuid:fdfa2782-db96-5e60-bcb3-d206d78b960a"",""id"":""urn:uuid:90409560-fde9-522d-8a10-071f7d04e489"",""normalized_state"":""published"",""owner_authority_id"":""urn:uuid:ba324c09-ea3b-5b7d-a8de-40df0fcc5e83"",""owner_native_state"":""verified"",""payload"":{""assignment_state"":""effective"",""inheritance"":""direct_from_frozen_edition"",""rights_id"":""urn:uuid:3f181e34-b5ab-550e-89bb-fd3d6c717bd0"",""target_id"":""urn:uuid:14c1051d-a5e6-5f2c-b1b4-1070a8d38227"",""target_native_id"":""OLP-0618""},""record_type"":""rights_assignment"",""recorded_at"":""2026-08-31T00:00:00Z"",""semantic_key"":""c80:openlogic:rights-assignment:unit:OLP-0618""}"
urn:uuid:14c3e3bb-0284-5f86-a0a1-3e42453ce7ed,rights_assignment,"{""dataset_id"":""urn:uuid:fdfa2782-db96-5e60-bcb3-d206d78b960a"",""id"":""urn:uuid:14c3e3bb-0284-5f86-a0a1-3e42453ce7ed"",""normalized_state"":""published"",""owner_authority_id"":""urn:uuid:ba324c09-ea3b-5b7d-a8de-40df0fcc5e83"",""owner_native_state"":""verified"",""payload"":{""assignment_state"":""effective"",""inheritance"":""direct_from_frozen_edition"",""rights_id"":""urn:uuid:3f181e34-b5ab-550e-89bb-fd3d6c717bd0"",""target_id"":""urn:uuid:aa664481-50db-50c9-a199-cb9db6a7a382"",""target_native_id"":""OLP-0619""},""record_type"":""rights_assignment"",""recorded_at"":""2026-08-31T00:00:00Z"",""semantic_key"":""c80:openlogic:rights-assignment:unit:OLP-0619""}"
urn:uuid:4e6f30e2-83e7-5564-8cb5-38632a952efe,rights_assignment,"{""dataset_id"":""urn:uuid:fdfa2782-db96-5e60-bcb3-d206d78b960a"",""id"":""urn:uuid:4e6f30e2-83e7-5564-8cb5-38632a952efe"",""normalized_state"":""published"",""owner_authority_id"":""urn:uuid:ba324c09-ea3b-5b7d-a8de-40df0fcc5e83"",""owner_native_state"":""verified"",""payload"":{""assignment_state"":""effective"",""inheritance"":""direct_from_frozen_edition"",""rights_id"":""urn:uuid:3f181e34-b5ab-550e-89bb-fd3d6c717bd0"",""target_id"":""urn:uuid:d85ff9b4-4145-51f6-a59a-0dc37d12407e"",""target_native_id"":""OLP-0620""},""record_type"":""rights_assignment"",""recorded_at"":""2026-08-31T00:00:00Z"",""semantic_key"":""c80:openlogic:rights-assignment:unit:OLP-0620""}"
urn:uuid:7e8280aa-d6ab-5d7d-aa69-c8dcc7ebbcc4,rights_assignment,"{""dataset_id"":""urn:uuid:fdfa2782-db96-5e60-bcb3-d206d78b960a"",""id"":""urn:uuid:7e8280aa-d6ab-5d7d-aa69-c8dcc7ebbcc4"",""normalized_state"":""published"",""owner_authority_id"":""urn:uuid:ba324c09-ea3b-5b7d-a8de-40df0fcc5e83"",""owner_native_state"":""verified"",""payload"":{""assignment_state"":""effective"",""inheritance"":""direct_from_frozen_edition"",""rights_id"":""urn:uuid:3f181e34-b5ab-550e-89bb-fd3d6c717bd0"",""target_id"":""urn:uuid:8b6386ef-0344-520e-9e10-70321b6805eb"",""target_native_id"":""OLP-0621""},""record_type"":""rights_assignment"",""recorded_at"":""2026-08-31T00:00:00Z"",""semantic_key"":""c80:openlogic:rights-assignment:unit:OLP-0621""}"
urn:uuid:81c418bf-6c24-5a8c-b41a-f5cc384d7de7,rights_assignment,"{""dataset_id"":""urn:uuid:fdfa2782-db96-5e60-bcb3-d206d78b960a"",""id"":""urn:uuid:81c418bf-6c24-5a8c-b41a-f5cc384d7de7"",""normalized_state"":""published"",""owner_authority_id"":""urn:uuid:ba324c09-ea3b-5b7d-a8de-40df0fcc5e83"",""owner_native_state"":""verified"",""payload"":{""assignment_state"":""effective"",""inheritance"":""direct_from_frozen_edition"",""rights_id"":""urn:uuid:3f181e34-b5ab-550e-89bb-fd3d6c717bd0"",""target_id"":""urn:uuid:41cd82ac-0b90-589f-bf03-848fd3b470f1"",""target_native_id"":""OLP-0622""},""record_type"":""rights_assignment"",""recorded_at"":""2026-08-31T00:00:00Z"",""semantic_key"":""c80:openlogic:rights-assignment:unit:OLP-0622""}"
urn:uuid:a51b0996-35ec-5576-a3c8-270298e6f3ea,rights_assignment,"{""dataset_id"":""urn:uuid:fdfa2782-db96-5e60-bcb3-d206d78b960a"",""id"":""urn:uuid:a51b0996-35ec-5576-a3c8-270298e6f3ea"",""normalized_state"":""published"",""owner_authority_id"":""urn:uuid:ba324c09-ea3b-5b7d-a8de-40df0fcc5e83"",""owner_native_state"":""verified"",""payload"":{""assignment_state"":""effective"",""inheritance"":""direct_from_frozen_edition"",""rights_id"":""urn:uuid:3f181e34-b5ab-550e-89bb-fd3d6c717bd0"",""target_id"":""urn:uuid:16ab69fa-9858-5b6c-8acf-767bb60bd180"",""target_native_id"":""OLP-0623""},""record_type"":""rights_assignment"",""recorded_at"":""2026-08-31T00:00:00Z"",""semantic_key"":""c80:openlogic:rights-assignment:unit:OLP-0623""}"
urn:uuid:0994548b-0b5e-5d44-8191-e724f595ea68,rights_assignment,"{""dataset_id"":""urn:uuid:fdfa2782-db96-5e60-bcb3-d206d78b960a"",""id"":""urn:uuid:0994548b-0b5e-5d44-8191-e724f595ea68"",""normalized_state"":""published"",""owner_authority_id"":""urn:uuid:ba324c09-ea3b-5b7d-a8de-40df0fcc5e83"",""owner_native_state"":""verified"",""payload"":{""assignment_state"":""effective"",""inheritance"":""direct_from_frozen_edition"",""rights_id"":""urn:uuid:3f181e34-b5ab-550e-89bb-fd3d6c717bd0"",""target_id"":""urn:uuid:d5d78321-77a9-5583-a82a-b73148531657"",""target_native_id"":""OLP-0624""},""record_type"":""rights_assignment"",""recorded_at"":""2026-08-31T00:00:00Z"",""semantic_key"":""c80:openlogic:rights-assignment:unit:OLP-0624""}"
urn:uuid:6b7e81fe-57db-55c0-afd8-13f725e170d5,rights_assignment,"{""dataset_id"":""urn:uuid:fdfa2782-db96-5e60-bcb3-d206d78b960a"",""id"":""urn:uuid:6b7e81fe-57db-55c0-afd8-13f725e170d5"",""normalized_state"":""published"",""owner_authority_id"":""urn:uuid:ba324c09-ea3b-5b7d-a8de-40df0fcc5e83"",""owner_native_state"":""verified"",""payload"":{""assignment_state"":""effective"",""inheritance"":""direct_from_frozen_edition"",""rights_id"":""urn:uuid:3f181e34-b5ab-550e-89bb-fd3d6c717bd0"",""target_id"":""urn:uuid:1e984b7f-b7c9-571b-9077-3ffcf39551c2"",""target_native_id"":""OLP-0625""},""record_type"":""rights_assignment"",""recorded_at"":""2026-08-31T00:00:00Z"",""semantic_key"":""c80:openlogic:rights-assignment:unit:OLP-0625""}"
urn:uuid:efb115c8-1146-5726-a309-2d2d51d2d4c0,rights_assignment,"{""dataset_id"":""urn:uuid:fdfa2782-db96-5e60-bcb3-d206d78b960a"",""id"":""urn:uuid:efb115c8-1146-5726-a309-2d2d51d2d4c0"",""normalized_state"":""published"",""owner_authority_id"":""urn:uuid:ba324c09-ea3b-5b7d-a8de-40df0fcc5e83"",""owner_native_state"":""verified"",""payload"":{""assignment_state"":""effective"",""inheritance"":""direct_from_frozen_edition"",""rights_id"":""urn:uuid:3f181e34-b5ab-550e-89bb-fd3d6c717bd0"",""target_id"":""urn:uuid:ded07b1b-afa2-56c7-ab54-2425110f1066"",""target_native_id"":""OLP-0626""},""record_type"":""rights_assignment"",""recorded_at"":""2026-08-31T00:00:00Z"",""semantic_key"":""c80:openlogic:rights-assignment:unit:OLP-0626""}"
urn:uuid:a161ade7-5461-5fa2-8403-d7be72640ea0,rights_assignment,"{""dataset_id"":""urn:uuid:fdfa2782-db96-5e60-bcb3-d206d78b960a"",""id"":""urn:uuid:a161ade7-5461-5fa2-8403-d7be72640ea0"",""normalized_state"":""published"",""owner_authority_id"":""urn:uuid:ba324c09-ea3b-5b7d-a8de-40df0fcc5e83"",""owner_native_state"":""verified"",""payload"":{""assignment_state"":""effective"",""inheritance"":""direct_from_frozen_edition"",""rights_id"":""urn:uuid:3f181e34-b5ab-550e-89bb-fd3d6c717bd0"",""target_id"":""urn:uuid:72770241-2812-58bc-a3ef-7edf8c511810"",""target_native_id"":""OLP-0627""},""record_type"":""rights_assignment"",""recorded_at"":""2026-08-31T00:00:00Z"",""semantic_key"":""c80:openlogic:rights-assignment:unit:OLP-0627""}"
urn:uuid:f996003c-0d7e-5e6d-9f57-13abc844ea50,rights_assignment,"{""dataset_id"":""urn:uuid:fdfa2782-db96-5e60-bcb3-d206d78b960a"",""id"":""urn:uuid:f996003c-0d7e-5e6d-9f57-13abc844ea50"",""normalized_state"":""published"",""owner_authority_id"":""urn:uuid:ba324c09-ea3b-5b7d-a8de-40df0fcc5e83"",""owner_native_state"":""verified"",""payload"":{""assignment_state"":""effective"",""inheritance"":""direct_from_frozen_edition"",""rights_id"":""urn:uuid:3f181e34-b5ab-550e-89bb-fd3d6c717bd0"",""target_id"":""urn:uuid:bd42ac3b-c828-5d95-a72d-153867c17fd7"",""target_native_id"":""OLP-0628""},""record_type"":""rights_assignment"",""recorded_at"":""2026-08-31T00:00:00Z"",""semantic_key"":""c80:openlogic:rights-assignment:unit:OLP-0628""}"
urn:uuid:2ce4f430-752c-5b61-b370-b23538840bf4,rights_assignment,"{""dataset_id"":""urn:uuid:fdfa2782-db96-5e60-bcb3-d206d78b960a"",""id"":""urn:uuid:2ce4f430-752c-5b61-b370-b23538840bf4"",""normalized_state"":""published"",""owner_authority_id"":""urn:uuid:ba324c09-ea3b-5b7d-a8de-40df0fcc5e83"",""owner_native_state"":""verified"",""payload"":{""assignment_state"":""effective"",""inheritance"":""direct_from_frozen_edition"",""rights_id"":""urn:uuid:3f181e34-b5ab-550e-89bb-fd3d6c717bd0"",""target_id"":""urn:uuid:842275c1-32cd-5a56-96f2-7fe24c80f946"",""target_native_id"":""OLP-0629""},""record_type"":""rights_assignment"",""recorded_at"":""2026-08-31T00:00:00Z"",""semantic_key"":""c80:openlogic:rights-assignment:unit:OLP-0629""}"
urn:uuid:4da67505-2697-5b7a-9108-243c0d10a9a5,rights_assignment,"{""dataset_id"":""urn:uuid:fdfa2782-db96-5e60-bcb3-d206d78b960a"",""id"":""urn:uuid:4da67505-2697-5b7a-9108-243c0d10a9a5"",""normalized_state"":""published"",""owner_authority_id"":""urn:uuid:ba324c09-ea3b-5b7d-a8de-40df0fcc5e83"",""owner_native_state"":""verified"",""payload"":{""assignment_state"":""effective"",""inheritance"":""direct_from_frozen_edition"",""rights_id"":""urn:uuid:3f181e34-b5ab-550e-89bb-fd3d6c717bd0"",""target_id"":""urn:uuid:8ca92ad0-23ca-5dd4-9b6a-c4e47179f0b5"",""target_native_id"":""OLP-0630""},""record_type"":""rights_assignment"",""recorded_at"":""2026-08-31T00:00:00Z"",""semantic_key"":""c80:openlogic:rights-assignment:unit:OLP-0630""}"
urn:uuid:350dc281-2b03-5b82-809f-2827e1fbcc96,rights_assignment,"{""dataset_id"":""urn:uuid:fdfa2782-db96-5e60-bcb3-d206d78b960a"",""id"":""urn:uuid:350dc281-2b03-5b82-809f-2827e1fbcc96"",""normalized_state"":""published"",""owner_authority_id"":""urn:uuid:ba324c09-ea3b-5b7d-a8de-40df0fcc5e83"",""owner_native_state"":""verified"",""payload"":{""assignment_state"":""effective"",""inheritance"":""direct_from_frozen_edition"",""rights_id"":""urn:uuid:3f181e34-b5ab-550e-89bb-fd3d6c717bd0"",""target_id"":""urn:uuid:f1dbe8ce-c1bf-50d0-97e1-7befea7a490f"",""target_native_id"":""OLP-0631""},""record_type"":""rights_assignment"",""recorded_at"":""2026-08-31T00:00:00Z"",""semantic_key"":""c80:openlogic:rights-assignment:unit:OLP-0631""}"
urn:uuid:3ef45954-66c1-55c6-a7e4-98f456bb3c7c,rights_assignment,"{""dataset_id"":""urn:uuid:fdfa2782-db96-5e60-bcb3-d206d78b960a"",""id"":""urn:uuid:3ef45954-66c1-55c6-a7e4-98f456bb3c7c"",""normalized_state"":""published"",""owner_authority_id"":""urn:uuid:ba324c09-ea3b-5b7d-a8de-40df0fcc5e83"",""owner_native_state"":""verified"",""payload"":{""assignment_state"":""effective"",""inheritance"":""direct_from_frozen_edition"",""rights_id"":""urn:uuid:3f181e34-b5ab-550e-89bb-fd3d6c717bd0"",""target_id"":""urn:uuid:41a72284-94f6-5fcf-92ab-6383eacd907a"",""target_native_id"":""OLP-0632""},""record_type"":""rights_assignment"",""recorded_at"":""2026-08-31T00:00:00Z"",""semantic_key"":""c80:openlogic:rights-assignment:unit:OLP-0632""}"
urn:uuid:adce6440-f624-54a8-9e79-653363c809a4,rights_assignment,"{""dataset_id"":""urn:uuid:fdfa2782-db96-5e60-bcb3-d206d78b960a"",""id"":""urn:uuid:adce6440-f624-54a8-9e79-653363c809a4"",""normalized_state"":""published"",""owner_authority_id"":""urn:uuid:ba324c09-ea3b-5b7d-a8de-40df0fcc5e83"",""owner_native_state"":""verified"",""payload"":{""assignment_state"":""effective"",""inheritance"":""direct_from_frozen_edition"",""rights_id"":""urn:uuid:3f181e34-b5ab-550e-89bb-fd3d6c717bd0"",""target_id"":""urn:uuid:8a86cf2e-d4c7-5690-9d1c-950587b6dd55"",""target_native_id"":""OLP-0633""},""record_type"":""rights_assignment"",""recorded_at"":""2026-08-31T00:00:00Z"",""semantic_key"":""c80:openlogic:rights-assignment:unit:OLP-0633""}"
urn:uuid:440bc3d9-2271-5c9b-a8cd-7cb29445e6bb,rights_assignment,"{""dataset_id"":""urn:uuid:fdfa2782-db96-5e60-bcb3-d206d78b960a"",""id"":""urn:uuid:440bc3d9-2271-5c9b-a8cd-7cb29445e6bb"",""normalized_state"":""published"",""owner_authority_id"":""urn:uuid:ba324c09-ea3b-5b7d-a8de-40df0fcc5e83"",""owner_native_state"":""verified"",""payload"":{""assignment_state"":""effective"",""inheritance"":""direct_from_frozen_edition"",""rights_id"":""urn:uuid:3f181e34-b5ab-550e-89bb-fd3d6c717bd0"",""target_id"":""urn:uuid:0c6b44cc-aa84-5cca-a4d7-5f637ebb685b"",""target_native_id"":""OLP-0634""},""record_type"":""rights_assignment"",""recorded_at"":""2026-08-31T00:00:00Z"",""semantic_key"":""c80:openlogic:rights-assignment:unit:OLP-0634""}"
urn:uuid:199cd7e1-e84b-5ad4-bcc8-7297298d39a2,rights_assignment,"{""dataset_id"":""urn:uuid:fdfa2782-db96-5e60-bcb3-d206d78b960a"",""id"":""urn:uuid:199cd7e1-e84b-5ad4-bcc8-7297298d39a2"",""normalized_state"":""published"",""owner_authority_id"":""urn:uuid:ba324c09-ea3b-5b7d-a8de-40df0fcc5e83"",""owner_native_state"":""verified"",""payload"":{""assignment_state"":""effective"",""inheritance"":""direct_from_frozen_edition"",""rights_id"":""urn:uuid:3f181e34-b5ab-550e-89bb-fd3d6c717bd0"",""target_id"":""urn:uuid:34efa25f-21dc-5326-807d-3c7cbfef6d07"",""target_native_id"":""OLP-0635""},""record_type"":""rights_assignment"",""recorded_at"":""2026-08-31T00:00:00Z"",""semantic_key"":""c80:openlogic:rights-assignment:unit:OLP-0635""}"
urn:uuid:0f455a14-fc9d-51c3-8890-3ee78c78f08e,rights_assignment,"{""dataset_id"":""urn:uuid:fdfa2782-db96-5e60-bcb3-d206d78b960a"",""id"":""urn:uuid:0f455a14-fc9d-51c3-8890-3ee78c78f08e"",""normalized_state"":""published"",""owner_authority_id"":""urn:uuid:ba324c09-ea3b-5b7d-a8de-40df0fcc5e83"",""owner_native_state"":""verified"",""payload"":{""assignment_state"":""effective"",""inheritance"":""direct_from_frozen_edition"",""rights_id"":""urn:uuid:3f181e34-b5ab-550e-89bb-fd3d6c717bd0"",""target_id"":""urn:uuid:eb1eff30-ac18-5702-8f61-22e5e9b3c1c2"",""target_native_id"":""OLP-0636""},""record_type"":""rights_assignment"",""recorded_at"":""2026-08-31T00:00:00Z"",""semantic_key"":""c80:openlogic:rights-assignment:unit:OLP-0636""}"
urn:uuid:8578ce6c-f2e5-5775-8479-4322692b5d54,rights_assignment,"{""dataset_id"":""urn:uuid:fdfa2782-db96-5e60-bcb3-d206d78b960a"",""id"":""urn:uuid:8578ce6c-f2e5-5775-8479-4322692b5d54"",""normalized_state"":""published"",""owner_authority_id"":""urn:uuid:ba324c09-ea3b-5b7d-a8de-40df0fcc5e83"",""owner_native_state"":""verified"",""payload"":{""assignment_state"":""effective"",""inheritance"":""direct_from_frozen_edition"",""rights_id"":""urn:uuid:3f181e34-b5ab-550e-89bb-fd3d6c717bd0"",""target_id"":""urn:uuid:e3c23afb-fab5-5db7-a2a2-8f780ecbd534"",""target_native_id"":""OLP-0637""},""record_type"":""rights_assignment"",""recorded_at"":""2026-08-31T00:00:00Z"",""semantic_key"":""c80:openlogic:rights-assignment:unit:OLP-0637""}"
urn:uuid:d0514169-7c4a-5c86-b639-e5c8ff2c3397,rights_assignment,"{""dataset_id"":""urn:uuid:fdfa2782-db96-5e60-bcb3-d206d78b960a"",""id"":""urn:uuid:d0514169-7c4a-5c86-b639-e5c8ff2c3397"",""normalized_state"":""published"",""owner_authority_id"":""urn:uuid:ba324c09-ea3b-5b7d-a8de-40df0fcc5e83"",""owner_native_state"":""verified"",""payload"":{""assignment_state"":""effective"",""inheritance"":""direct_from_frozen_edition"",""rights_id"":""urn:uuid:3f181e34-b5ab-550e-89bb-fd3d6c717bd0"",""target_id"":""urn:uuid:a4919d9f-a0ef-5c70-9ba9-da86db82e63d"",""target_native_id"":""OLP-0638""},""record_type"":""rights_assignment"",""recorded_at"":""2026-08-31T00:00:00Z"",""semantic_key"":""c80:openlogic:rights-assignment:unit:OLP-0638""}"
urn:uuid:e769748e-698a-5583-9cc3-06cdcb30f065,rights_assignment,"{""dataset_id"":""urn:uuid:fdfa2782-db96-5e60-bcb3-d206d78b960a"",""id"":""urn:uuid:e769748e-698a-5583-9cc3-06cdcb30f065"",""normalized_state"":""published"",""owner_authority_id"":""urn:uuid:ba324c09-ea3b-5b7d-a8de-40df0fcc5e83"",""owner_native_state"":""verified"",""payload"":{""assignment_state"":""effective"",""inheritance"":""direct_from_frozen_edition"",""rights_id"":""urn:uuid:3f181e34-b5ab-550e-89bb-fd3d6c717bd0"",""target_id"":""urn:uuid:ae70a295-c73b-5908-affe-c78b5a7cd7f2"",""target_native_id"":""OLP-0639""},""record_type"":""rights_assignment"",""recorded_at"":""2026-08-31T00:00:00Z"",""semantic_key"":""c80:openlogic:rights-assignment:unit:OLP-0639""}"
urn:uuid:d8d8dc9a-e173-5d2f-ba26-1fad9e116803,rights_assignment,"{""dataset_id"":""urn:uuid:fdfa2782-db96-5e60-bcb3-d206d78b960a"",""id"":""urn:uuid:d8d8dc9a-e173-5d2f-ba26-1fad9e116803"",""normalized_state"":""published"",""owner_authority_id"":""urn:uuid:ba324c09-ea3b-5b7d-a8de-40df0fcc5e83"",""owner_native_state"":""verified"",""payload"":{""assignment_state"":""effective"",""inheritance"":""direct_from_frozen_edition"",""rights_id"":""urn:uuid:3f181e34-b5ab-550e-89bb-fd3d6c717bd0"",""target_id"":""urn:uuid:b23b17b3-33f8-50ca-94c9-0697d4d95869"",""target_native_id"":""OLP-0640""},""record_type"":""rights_assignment"",""recorded_at"":""2026-08-31T00:00:00Z"",""semantic_key"":""c80:openlogic:rights-assignment:unit:OLP-0640""}"
urn:uuid:34e9693d-88a7-5991-a43a-95750ff7d597,rights_assignment,"{""dataset_id"":""urn:uuid:fdfa2782-db96-5e60-bcb3-d206d78b960a"",""id"":""urn:uuid:34e9693d-88a7-5991-a43a-95750ff7d597"",""normalized_state"":""published"",""owner_authority_id"":""urn:uuid:ba324c09-ea3b-5b7d-a8de-40df0fcc5e83"",""owner_native_state"":""verified"",""payload"":{""assignment_state"":""effective"",""inheritance"":""direct_from_frozen_edition"",""rights_id"":""urn:uuid:3f181e34-b5ab-550e-89bb-fd3d6c717bd0"",""target_id"":""urn:uuid:deeab369-af0b-52bb-85eb-855d010826f5"",""target_native_id"":""OLP-0641""},""record_type"":""rights_assignment"",""recorded_at"":""2026-08-31T00:00:00Z"",""semantic_key"":""c80:openlogic:rights-assignment:unit:OLP-0641""}"
urn:uuid:5cd004f3-9ea2-54ad-9be8-bdda2040aa41,rights_assignment,"{""dataset_id"":""urn:uuid:fdfa2782-db96-5e60-bcb3-d206d78b960a"",""id"":""urn:uuid:5cd004f3-9ea2-54ad-9be8-bdda2040aa41"",""normalized_state"":""published"",""owner_authority_id"":""urn:uuid:ba324c09-ea3b-5b7d-a8de-40df0fcc5e83"",""owner_native_state"":""verified"",""payload"":{""assignment_state"":""effective"",""inheritance"":""direct_from_frozen_edition"",""rights_id"":""urn:uuid:3f181e34-b5ab-550e-89bb-fd3d6c717bd0"",""target_id"":""urn:uuid:cb490bb1-f824-5a22-aab9-5bd4642ed5ff"",""target_native_id"":""OLP-0642""},""record_type"":""rights_assignment"",""recorded_at"":""2026-08-31T00:00:00Z"",""semantic_key"":""c80:openlogic:rights-assignment:unit:OLP-0642""}"
urn:uuid:14e6d1f8-2157-5741-bf4e-55728fdd036c,rights_assignment,"{""dataset_id"":""urn:uuid:fdfa2782-db96-5e60-bcb3-d206d78b960a"",""id"":""urn:uuid:14e6d1f8-2157-5741-bf4e-55728fdd036c"",""normalized_state"":""published"",""owner_authority_id"":""urn:uuid:ba324c09-ea3b-5b7d-a8de-40df0fcc5e83"",""owner_native_state"":""verified"",""payload"":{""assignment_state"":""effective"",""inheritance"":""direct_from_frozen_edition"",""rights_id"":""urn:uuid:3f181e34-b5ab-550e-89bb-fd3d6c717bd0"",""target_id"":""urn:uuid:e22b7f8c-b181-569b-8b16-a67731a194a4"",""target_native_id"":""OLP-0643""},""record_type"":""rights_assignment"",""recorded_at"":""2026-08-31T00:00:00Z"",""semantic_key"":""c80:openlogic:rights-assignment:unit:OLP-0643""}"
urn:uuid:4c6818f3-cf02-582c-96a3-06530b189f65,rights_assignment,"{""dataset_id"":""urn:uuid:fdfa2782-db96-5e60-bcb3-d206d78b960a"",""id"":""urn:uuid:4c6818f3-cf02-582c-96a3-06530b189f65"",""normalized_state"":""published"",""owner_authority_id"":""urn:uuid:ba324c09-ea3b-5b7d-a8de-40df0fcc5e83"",""owner_native_state"":""verified"",""payload"":{""assignment_state"":""effective"",""inheritance"":""direct_from_frozen_edition"",""rights_id"":""urn:uuid:3f181e34-b5ab-550e-89bb-fd3d6c717bd0"",""target_id"":""urn:uuid:5e9ae83a-2f8f-56ab-86a9-3fd8ef132482"",""target_native_id"":""OLP-0644""},""record_type"":""rights_assignment"",""recorded_at"":""2026-08-31T00:00:00Z"",""semantic_key"":""c80:openlogic:rights-assignment:unit:OLP-0644""}"
urn:uuid:f78b8a24-a6ff-595b-af8d-b015ce00116f,rights_assignment,"{""dataset_id"":""urn:uuid:fdfa2782-db96-5e60-bcb3-d206d78b960a"",""id"":""urn:uuid:f78b8a24-a6ff-595b-af8d-b015ce00116f"",""normalized_state"":""published"",""owner_authority_id"":""urn:uuid:ba324c09-ea3b-5b7d-a8de-40df0fcc5e83"",""owner_native_state"":""verified"",""payload"":{""assignment_state"":""effective"",""inheritance"":""direct_from_frozen_edition"",""rights_id"":""urn:uuid:3f181e34-b5ab-550e-89bb-fd3d6c717bd0"",""target_id"":""urn:uuid:91c272a9-2841-5deb-b68e-d81468a33cd5"",""target_native_id"":""OLP-0645""},""record_type"":""rights_assignment"",""recorded_at"":""2026-08-31T00:00:00Z"",""semantic_key"":""c80:openlogic:rights-assignment:unit:OLP-0645""}"
urn:uuid:d8cffad0-7fee-5c57-af0e-5c9947c9c126,rights_assignment,"{""dataset_id"":""urn:uuid:fdfa2782-db96-5e60-bcb3-d206d78b960a"",""id"":""urn:uuid:d8cffad0-7fee-5c57-af0e-5c9947c9c126"",""normalized_state"":""published"",""owner_authority_id"":""urn:uuid:ba324c09-ea3b-5b7d-a8de-40df0fcc5e83"",""owner_native_state"":""verified"",""payload"":{""assignment_state"":""effective"",""inheritance"":""direct_from_frozen_edition"",""rights_id"":""urn:uuid:3f181e34-b5ab-550e-89bb-fd3d6c717bd0"",""target_id"":""urn:uuid:cd2edfca-e748-5b1e-8571-14cc304e6b12"",""target_native_id"":""OLP-0646""},""record_type"":""rights_assignment"",""recorded_at"":""2026-08-31T00:00:00Z"",""semantic_key"":""c80:openlogic:rights-assignment:unit:OLP-0646""}"
urn:uuid:f685adfe-ae9f-5638-acd3-d416a314a7d5,rights_assignment,"{""dataset_id"":""urn:uuid:fdfa2782-db96-5e60-bcb3-d206d78b960a"",""id"":""urn:uuid:f685adfe-ae9f-5638-acd3-d416a314a7d5"",""normalized_state"":""published"",""owner_authority_id"":""urn:uuid:ba324c09-ea3b-5b7d-a8de-40df0fcc5e83"",""owner_native_state"":""verified"",""payload"":{""assignment_state"":""effective"",""inheritance"":""direct_from_frozen_edition"",""rights_id"":""urn:uuid:3f181e34-b5ab-550e-89bb-fd3d6c717bd0"",""target_id"":""urn:uuid:e5500e21-c657-57a4-a2b4-805faf033aaa"",""target_native_id"":""OLP-0647""},""record_type"":""rights_assignment"",""recorded_at"":""2026-08-31T00:00:00Z"",""semantic_key"":""c80:openlogic:rights-assignment:unit:OLP-0647""}"
urn:uuid:006afec1-60e8-5b73-a3f7-15c3aefcb2ba,rights_assignment,"{""dataset_id"":""urn:uuid:fdfa2782-db96-5e60-bcb3-d206d78b960a"",""id"":""urn:uuid:006afec1-60e8-5b73-a3f7-15c3aefcb2ba"",""normalized_state"":""published"",""owner_authority_id"":""urn:uuid:ba324c09-ea3b-5b7d-a8de-40df0fcc5e83"",""owner_native_state"":""verified"",""payload"":{""assignment_state"":""effective"",""inheritance"":""direct_from_frozen_edition"",""rights_id"":""urn:uuid:3f181e34-b5ab-550e-89bb-fd3d6c717bd0"",""target_id"":""urn:uuid:eb88ff3e-86bc-567c-a52a-c7b204cb154d"",""target_native_id"":""OLP-0648""},""record_type"":""rights_assignment"",""recorded_at"":""2026-08-31T00:00:00Z"",""semantic_key"":""c80:openlogic:rights-assignment:unit:OLP-0648""}"
urn:uuid:f4734562-2334-5845-8762-747e0ee5bbb3,rights_assignment,"{""dataset_id"":""urn:uuid:fdfa2782-db96-5e60-bcb3-d206d78b960a"",""id"":""urn:uuid:f4734562-2334-5845-8762-747e0ee5bbb3"",""normalized_state"":""published"",""owner_authority_id"":""urn:uuid:ba324c09-ea3b-5b7d-a8de-40df0fcc5e83"",""owner_native_state"":""verified"",""payload"":{""assignment_state"":""effective"",""inheritance"":""direct_from_frozen_edition"",""rights_id"":""urn:uuid:3f181e34-b5ab-550e-89bb-fd3d6c717bd0"",""target_id"":""urn:uuid:fc39f491-08c1-562d-b93d-4946ad6a91cd"",""target_native_id"":""OLP-0649""},""record_type"":""rights_assignment"",""recorded_at"":""2026-08-31T00:00:00Z"",""semantic_key"":""c80:openlogic:rights-assignment:unit:OLP-0649""}"
urn:uuid:0abf1426-f291-5c0c-a115-c6c9323e9825,rights_assignment,"{""dataset_id"":""urn:uuid:fdfa2782-db96-5e60-bcb3-d206d78b960a"",""id"":""urn:uuid:0abf1426-f291-5c0c-a115-c6c9323e9825"",""normalized_state"":""published"",""owner_authority_id"":""urn:uuid:ba324c09-ea3b-5b7d-a8de-40df0fcc5e83"",""owner_native_state"":""verified"",""payload"":{""assignment_state"":""effective"",""inheritance"":""direct_from_frozen_edition"",""rights_id"":""urn:uuid:3f181e34-b5ab-550e-89bb-fd3d6c717bd0"",""target_id"":""urn:uuid:02199557-b1ba-5222-b1f4-b1c7ee23dabd"",""target_native_id"":""OLP-0650""},""record_type"":""rights_assignment"",""recorded_at"":""2026-08-31T00:00:00Z"",""semantic_key"":""c80:openlogic:rights-assignment:unit:OLP-0650""}"
urn:uuid:eb11c015-76ed-5b26-a0a5-5aea1fcbd9e4,rights_assignment,"{""dataset_id"":""urn:uuid:fdfa2782-db96-5e60-bcb3-d206d78b960a"",""id"":""urn:uuid:eb11c015-76ed-5b26-a0a5-5aea1fcbd9e4"",""normalized_state"":""published"",""owner_authority_id"":""urn:uuid:ba324c09-ea3b-5b7d-a8de-40df0fcc5e83"",""owner_native_state"":""verified"",""payload"":{""assignment_state"":""effective"",""inheritance"":""direct_from_frozen_edition"",""rights_id"":""urn:uuid:3f181e34-b5ab-550e-89bb-fd3d6c717bd0"",""target_id"":""urn:uuid:30df0172-4c68-5e71-8c7f-bd3501b4e688"",""target_native_id"":""OLP-0651""},""record_type"":""rights_assignment"",""recorded_at"":""2026-08-31T00:00:00Z"",""semantic_key"":""c80:openlogic:rights-assignment:unit:OLP-0651""}"
urn:uuid:ad4b93e3-6d7b-5217-96a8-5bff488a250c,rights_assignment,"{""dataset_id"":""urn:uuid:fdfa2782-db96-5e60-bcb3-d206d78b960a"",""id"":""urn:uuid:ad4b93e3-6d7b-5217-96a8-5bff488a250c"",""normalized_state"":""published"",""owner_authority_id"":""urn:uuid:ba324c09-ea3b-5b7d-a8de-40df0fcc5e83"",""owner_native_state"":""verified"",""payload"":{""assignment_state"":""effective"",""inheritance"":""direct_from_frozen_edition"",""rights_id"":""urn:uuid:3f181e34-b5ab-550e-89bb-fd3d6c717bd0"",""target_id"":""urn:uuid:2350d4d7-9b0a-5b0b-93f7-15885e186c44"",""target_native_id"":""OLP-0652""},""record_type"":""rights_assignment"",""recorded_at"":""2026-08-31T00:00:00Z"",""semantic_key"":""c80:openlogic:rights-assignment:unit:OLP-0652""}"
urn:uuid:66ad8326-8616-51a6-bf0e-9219bda90095,rights_assignment,"{""dataset_id"":""urn:uuid:fdfa2782-db96-5e60-bcb3-d206d78b960a"",""id"":""urn:uuid:66ad8326-8616-51a6-bf0e-9219bda90095"",""normalized_state"":""published"",""owner_authority_id"":""urn:uuid:ba324c09-ea3b-5b7d-a8de-40df0fcc5e83"",""owner_native_state"":""verified"",""payload"":{""assignment_state"":""effective"",""inheritance"":""direct_from_frozen_edition"",""rights_id"":""urn:uuid:3f181e34-b5ab-550e-89bb-fd3d6c717bd0"",""target_id"":""urn:uuid:906bc785-8276-5094-9d5f-aeefb30770ee"",""target_native_id"":""OLP-0653""},""record_type"":""rights_assignment"",""recorded_at"":""2026-08-31T00:00:00Z"",""semantic_key"":""c80:openlogic:rights-assignment:unit:OLP-0653""}"
urn:uuid:b98ec5ed-0444-57eb-86d7-212f1a149ace,rights_assignment,"{""dataset_id"":""urn:uuid:fdfa2782-db96-5e60-bcb3-d206d78b960a"",""id"":""urn:uuid:b98ec5ed-0444-57eb-86d7-212f1a149ace"",""normalized_state"":""published"",""owner_authority_id"":""urn:uuid:ba324c09-ea3b-5b7d-a8de-40df0fcc5e83"",""owner_native_state"":""verified"",""payload"":{""assignment_state"":""effective"",""inheritance"":""direct_from_frozen_edition"",""rights_id"":""urn:uuid:3f181e34-b5ab-550e-89bb-fd3d6c717bd0"",""target_id"":""urn:uuid:55d795fc-0ed1-5b15-ad69-da22bc1a1122"",""target_native_id"":""OLP-0654""},""record_type"":""rights_assignment"",""recorded_at"":""2026-08-31T00:00:00Z"",""semantic_key"":""c80:openlogic:rights-assignment:unit:OLP-0654""}"
urn:uuid:cf860058-2db4-5648-a76d-1ad0b2055669,rights_assignment,"{""dataset_id"":""urn:uuid:fdfa2782-db96-5e60-bcb3-d206d78b960a"",""id"":""urn:uuid:cf860058-2db4-5648-a76d-1ad0b2055669"",""normalized_state"":""published"",""owner_authority_id"":""urn:uuid:ba324c09-ea3b-5b7d-a8de-40df0fcc5e83"",""owner_native_state"":""verified"",""payload"":{""assignment_state"":""effective"",""inheritance"":""direct_from_frozen_edition"",""rights_id"":""urn:uuid:3f181e34-b5ab-550e-89bb-fd3d6c717bd0"",""target_id"":""urn:uuid:e2a40af9-a35f-5f55-a285-277858303b6b"",""target_native_id"":""OLP-0655""},""record_type"":""rights_assignment"",""recorded_at"":""2026-08-31T00:00:00Z"",""semantic_key"":""c80:openlogic:rights-assignment:unit:OLP-0655""}"
urn:uuid:89144b6b-ebe2-5b01-9444-2bb7ae06a5e4,rights_assignment,"{""dataset_id"":""urn:uuid:fdfa2782-db96-5e60-bcb3-d206d78b960a"",""id"":""urn:uuid:89144b6b-ebe2-5b01-9444-2bb7ae06a5e4"",""normalized_state"":""published"",""owner_authority_id"":""urn:uuid:ba324c09-ea3b-5b7d-a8de-40df0fcc5e83"",""owner_native_state"":""verified"",""payload"":{""assignment_state"":""effective"",""inheritance"":""direct_from_frozen_edition"",""rights_id"":""urn:uuid:3f181e34-b5ab-550e-89bb-fd3d6c717bd0"",""target_id"":""urn:uuid:174f7114-275b-5ff6-9c69-da7500b821b6"",""target_native_id"":""OLP-0656""},""record_type"":""rights_assignment"",""recorded_at"":""2026-08-31T00:00:00Z"",""semantic_key"":""c80:openlogic:rights-assignment:unit:OLP-0656""}"
urn:uuid:bcaf0da3-751c-56f7-a165-c6cd07a961ba,rights_assignment,"{""dataset_id"":""urn:uuid:fdfa2782-db96-5e60-bcb3-d206d78b960a"",""id"":""urn:uuid:bcaf0da3-751c-56f7-a165-c6cd07a961ba"",""normalized_state"":""published"",""owner_authority_id"":""urn:uuid:ba324c09-ea3b-5b7d-a8de-40df0fcc5e83"",""owner_native_state"":""verified"",""payload"":{""assignment_state"":""effective"",""inheritance"":""direct_from_frozen_edition"",""rights_id"":""urn:uuid:3f181e34-b5ab-550e-89bb-fd3d6c717bd0"",""target_id"":""urn:uuid:d2b859f8-5309-5963-b0f1-6b01063978c6"",""target_native_id"":""OLP-0657""},""record_type"":""rights_assignment"",""recorded_at"":""2026-08-31T00:00:00Z"",""semantic_key"":""c80:openlogic:rights-assignment:unit:OLP-0657""}"
urn:uuid:1d53761d-e8b4-51ca-acb0-5a5e535f85ea,rights_assignment,"{""dataset_id"":""urn:uuid:fdfa2782-db96-5e60-bcb3-d206d78b960a"",""id"":""urn:uuid:1d53761d-e8b4-51ca-acb0-5a5e535f85ea"",""normalized_state"":""published"",""owner_authority_id"":""urn:uuid:ba324c09-ea3b-5b7d-a8de-40df0fcc5e83"",""owner_native_state"":""verified"",""payload"":{""assignment_state"":""effective"",""inheritance"":""direct_from_frozen_edition"",""rights_id"":""urn:uuid:3f181e34-b5ab-550e-89bb-fd3d6c717bd0"",""target_id"":""urn:uuid:ed7dedaf-f707-52ae-9485-1d6fc90603bb"",""target_native_id"":""OLP-0658""},""record_type"":""rights_assignment"",""recorded_at"":""2026-08-31T00:00:00Z"",""semantic_key"":""c80:openlogic:rights-assignment:unit:OLP-0658""}"
urn:uuid:78482f4b-e638-5d1b-b15e-f49da92468db,rights_assignment,"{""dataset_id"":""urn:uuid:fdfa2782-db96-5e60-bcb3-d206d78b960a"",""id"":""urn:uuid:78482f4b-e638-5d1b-b15e-f49da92468db"",""normalized_state"":""published"",""owner_authority_id"":""urn:uuid:ba324c09-ea3b-5b7d-a8de-40df0fcc5e83"",""owner_native_state"":""verified"",""payload"":{""assignment_state"":""effective"",""inheritance"":""direct_from_frozen_edition"",""rights_id"":""urn:uuid:3f181e34-b5ab-550e-89bb-fd3d6c717bd0"",""target_id"":""urn:uuid:abffec25-94aa-59b3-aac5-1625e1b6a943"",""target_native_id"":""OLP-0659""},""record_type"":""rights_assignment"",""recorded_at"":""2026-08-31T00:00:00Z"",""semantic_key"":""c80:openlogic:rights-assignment:unit:OLP-0659""}"
urn:uuid:2d073f8e-40d3-52c4-9705-35740c0d658a,rights_assignment,"{""dataset_id"":""urn:uuid:fdfa2782-db96-5e60-bcb3-d206d78b960a"",""id"":""urn:uuid:2d073f8e-40d3-52c4-9705-35740c0d658a"",""normalized_state"":""published"",""owner_authority_id"":""urn:uuid:ba324c09-ea3b-5b7d-a8de-40df0fcc5e83"",""owner_native_state"":""verified"",""payload"":{""assignment_state"":""effective"",""inheritance"":""direct_from_frozen_edition"",""rights_id"":""urn:uuid:3f181e34-b5ab-550e-89bb-fd3d6c717bd0"",""target_id"":""urn:uuid:69d7be15-4a8f-5cc1-977e-6701a19cb789"",""target_native_id"":""OLP-0660""},""record_type"":""rights_assignment"",""recorded_at"":""2026-08-31T00:00:00Z"",""semantic_key"":""c80:openlogic:rights-assignment:unit:OLP-0660""}"
urn:uuid:6520f213-b30f-59f2-9581-6fd181307541,rights_assignment,"{""dataset_id"":""urn:uuid:fdfa2782-db96-5e60-bcb3-d206d78b960a"",""id"":""urn:uuid:6520f213-b30f-59f2-9581-6fd181307541"",""normalized_state"":""published"",""owner_authority_id"":""urn:uuid:ba324c09-ea3b-5b7d-a8de-40df0fcc5e83"",""owner_native_state"":""verified"",""payload"":{""assignment_state"":""effective"",""inheritance"":""direct_from_frozen_edition"",""rights_id"":""urn:uuid:3f181e34-b5ab-550e-89bb-fd3d6c717bd0"",""target_id"":""urn:uuid:5ede98f7-2574-5cc6-95f4-8fc80a11a85a"",""target_native_id"":""OLP-0661""},""record_type"":""rights_assignment"",""recorded_at"":""2026-08-31T00:00:00Z"",""semantic_key"":""c80:openlogic:rights-assignment:unit:OLP-0661""}"
urn:uuid:fa8e2bae-fb5d-5a35-bef1-76c911b853a3,rights_assignment,"{""dataset_id"":""urn:uuid:fdfa2782-db96-5e60-bcb3-d206d78b960a"",""id"":""urn:uuid:fa8e2bae-fb5d-5a35-bef1-76c911b853a3"",""normalized_state"":""published"",""owner_authority_id"":""urn:uuid:ba324c09-ea3b-5b7d-a8de-40df0fcc5e83"",""owner_native_state"":""verified"",""payload"":{""assignment_state"":""effective"",""inheritance"":""direct_from_frozen_edition"",""rights_id"":""urn:uuid:3f181e34-b5ab-550e-89bb-fd3d6c717bd0"",""target_id"":""urn:uuid:1b182f62-d0d0-5c4b-8753-b386b161eaca"",""target_native_id"":""OLP-0662""},""record_type"":""rights_assignment"",""recorded_at"":""2026-08-31T00:00:00Z"",""semantic_key"":""c80:openlogic:rights-assignment:unit:OLP-0662""}"
urn:uuid:df34b390-b381-5c72-abe7-f188b0143c89,rights_assignment,"{""dataset_id"":""urn:uuid:fdfa2782-db96-5e60-bcb3-d206d78b960a"",""id"":""urn:uuid:df34b390-b381-5c72-abe7-f188b0143c89"",""normalized_state"":""published"",""owner_authority_id"":""urn:uuid:ba324c09-ea3b-5b7d-a8de-40df0fcc5e83"",""owner_native_state"":""verified"",""payload"":{""assignment_state"":""effective"",""inheritance"":""direct_from_frozen_edition"",""rights_id"":""urn:uuid:3f181e34-b5ab-550e-89bb-fd3d6c717bd0"",""target_id"":""urn:uuid:ead3175e-de3b-5230-8621-26b00274b7d6"",""target_native_id"":""OLP-0663""},""record_type"":""rights_assignment"",""recorded_at"":""2026-08-31T00:00:00Z"",""semantic_key"":""c80:openlogic:rights-assignment:unit:OLP-0663""}"
urn:uuid:e2083874-c8e9-56f5-a765-048d335914e7,rights_assignment,"{""dataset_id"":""urn:uuid:fdfa2782-db96-5e60-bcb3-d206d78b960a"",""id"":""urn:uuid:e2083874-c8e9-56f5-a765-048d335914e7"",""normalized_state"":""published"",""owner_authority_id"":""urn:uuid:ba324c09-ea3b-5b7d-a8de-40df0fcc5e83"",""owner_native_state"":""verified"",""payload"":{""assignment_state"":""effective"",""inheritance"":""direct_from_frozen_edition"",""rights_id"":""urn:uuid:3f181e34-b5ab-550e-89bb-fd3d6c717bd0"",""target_id"":""urn:uuid:c38caac7-5e5c-53fe-92a0-ab959cf23d3b"",""target_native_id"":""OLP-0664""},""record_type"":""rights_assignment"",""recorded_at"":""2026-08-31T00:00:00Z"",""semantic_key"":""c80:openlogic:rights-assignment:unit:OLP-0664""}"
urn:uuid:a82835cb-13ae-5864-b889-23d5c095d9d7,rights_assignment,"{""dataset_id"":""urn:uuid:fdfa2782-db96-5e60-bcb3-d206d78b960a"",""id"":""urn:uuid:a82835cb-13ae-5864-b889-23d5c095d9d7"",""normalized_state"":""published"",""owner_authority_id"":""urn:uuid:ba324c09-ea3b-5b7d-a8de-40df0fcc5e83"",""owner_native_state"":""verified"",""payload"":{""assignment_state"":""effective"",""inheritance"":""direct_from_frozen_edition"",""rights_id"":""urn:uuid:3f181e34-b5ab-550e-89bb-fd3d6c717bd0"",""target_id"":""urn:uuid:c47b3381-db4b-527e-8cac-515ae154a3da"",""target_native_id"":""OLP-0665""},""record_type"":""rights_assignment"",""recorded_at"":""2026-08-31T00:00:00Z"",""semantic_key"":""c80:openlogic:rights-assignment:unit:OLP-0665""}"
urn:uuid:5e974e1e-c060-5816-89bb-6b470957eb61,rights_assignment,"{""dataset_id"":""urn:uuid:fdfa2782-db96-5e60-bcb3-d206d78b960a"",""id"":""urn:uuid:5e974e1e-c060-5816-89bb-6b470957eb61"",""normalized_state"":""published"",""owner_authority_id"":""urn:uuid:ba324c09-ea3b-5b7d-a8de-40df0fcc5e83"",""owner_native_state"":""verified"",""payload"":{""assignment_state"":""effective"",""inheritance"":""direct_from_frozen_edition"",""rights_id"":""urn:uuid:3f181e34-b5ab-550e-89bb-fd3d6c717bd0"",""target_id"":""urn:uuid:64ad60e9-bef5-5a6d-9ee7-42f4a05e5a60"",""target_native_id"":""OLP-0666""},""record_type"":""rights_assignment"",""recorded_at"":""2026-08-31T00:00:00Z"",""semantic_key"":""c80:openlogic:rights-assignment:unit:OLP-0666""}"
urn:uuid:08ada9f0-a36e-5614-8122-742b6b5e81fa,rights_assignment,"{""dataset_id"":""urn:uuid:fdfa2782-db96-5e60-bcb3-d206d78b960a"",""id"":""urn:uuid:08ada9f0-a36e-5614-8122-742b6b5e81fa"",""normalized_state"":""published"",""owner_authority_id"":""urn:uuid:ba324c09-ea3b-5b7d-a8de-40df0fcc5e83"",""owner_native_state"":""verified"",""payload"":{""assignment_state"":""effective"",""inheritance"":""direct_from_frozen_edition"",""rights_id"":""urn:uuid:3f181e34-b5ab-550e-89bb-fd3d6c717bd0"",""target_id"":""urn:uuid:ec2b9251-34e7-5f66-8ffa-a11d303b626b"",""target_native_id"":""OLP-0667""},""record_type"":""rights_assignment"",""recorded_at"":""2026-08-31T00:00:00Z"",""semantic_key"":""c80:openlogic:rights-assignment:unit:OLP-0667""}"
urn:uuid:ae624e0b-a358-5334-a162-89ab47526169,rights_assignment,"{""dataset_id"":""urn:uuid:fdfa2782-db96-5e60-bcb3-d206d78b960a"",""id"":""urn:uuid:ae624e0b-a358-5334-a162-89ab47526169"",""normalized_state"":""published"",""owner_authority_id"":""urn:uuid:ba324c09-ea3b-5b7d-a8de-40df0fcc5e83"",""owner_native_state"":""verified"",""payload"":{""assignment_state"":""effective"",""inheritance"":""direct_from_frozen_edition"",""rights_id"":""urn:uuid:3f181e34-b5ab-550e-89bb-fd3d6c717bd0"",""target_id"":""urn:uuid:fd5be606-fcdf-5b06-99a7-e57c53f3948b"",""target_native_id"":""OLP-0668""},""record_type"":""rights_assignment"",""recorded_at"":""2026-08-31T00:00:00Z"",""semantic_key"":""c80:openlogic:rights-assignment:unit:OLP-0668""}"
urn:uuid:e01b23fc-659d-5e4f-8d56-2bbbbb4ca9ab,rights_assignment,"{""dataset_id"":""urn:uuid:fdfa2782-db96-5e60-bcb3-d206d78b960a"",""id"":""urn:uuid:e01b23fc-659d-5e4f-8d56-2bbbbb4ca9ab"",""normalized_state"":""published"",""owner_authority_id"":""urn:uuid:ba324c09-ea3b-5b7d-a8de-40df0fcc5e83"",""owner_native_state"":""verified"",""payload"":{""assignment_state"":""effective"",""inheritance"":""direct_from_frozen_edition"",""rights_id"":""urn:uuid:3f181e34-b5ab-550e-89bb-fd3d6c717bd0"",""target_id"":""urn:uuid:eb9b9489-2965-57bc-975b-9f468dad23b9"",""target_native_id"":""OLP-0669""},""record_type"":""rights_assignment"",""recorded_at"":""2026-08-31T00:00:00Z"",""semantic_key"":""c80:openlogic:rights-assignment:unit:OLP-0669""}"
urn:uuid:2aefee7f-5b98-50a5-997b-a69ea58a656a,rights_assignment,"{""dataset_id"":""urn:uuid:fdfa2782-db96-5e60-bcb3-d206d78b960a"",""id"":""urn:uuid:2aefee7f-5b98-50a5-997b-a69ea58a656a"",""normalized_state"":""published"",""owner_authority_id"":""urn:uuid:ba324c09-ea3b-5b7d-a8de-40df0fcc5e83"",""owner_native_state"":""verified"",""payload"":{""assignment_state"":""effective"",""inheritance"":""direct_from_frozen_edition"",""rights_id"":""urn:uuid:3f181e34-b5ab-550e-89bb-fd3d6c717bd0"",""target_id"":""urn:uuid:8923bf57-8b64-5e16-84d8-79276e69f4a4"",""target_native_id"":""OLP-0670""},""record_type"":""rights_assignment"",""recorded_at"":""2026-08-31T00:00:00Z"",""semantic_key"":""c80:openlogic:rights-assignment:unit:OLP-0670""}"
urn:uuid:8ad2d70f-86c0-5cc4-bd38-86f897885173,rights_assignment,"{""dataset_id"":""urn:uuid:fdfa2782-db96-5e60-bcb3-d206d78b960a"",""id"":""urn:uuid:8ad2d70f-86c0-5cc4-bd38-86f897885173"",""normalized_state"":""published"",""owner_authority_id"":""urn:uuid:ba324c09-ea3b-5b7d-a8de-40df0fcc5e83"",""owner_native_state"":""verified"",""payload"":{""assignment_state"":""effective"",""inheritance"":""direct_from_frozen_edition"",""rights_id"":""urn:uuid:3f181e34-b5ab-550e-89bb-fd3d6c717bd0"",""target_id"":""urn:uuid:5b243a55-5440-5855-aa20-d36bf7d0e89e"",""target_native_id"":""OLP-0671""},""record_type"":""rights_assignment"",""recorded_at"":""2026-08-31T00:00:00Z"",""semantic_key"":""c80:openlogic:rights-assignment:unit:OLP-0671""}"
urn:uuid:ad8f66ac-eeef-59d4-b5f6-477c7a65bae8,rights_assignment,"{""dataset_id"":""urn:uuid:fdfa2782-db96-5e60-bcb3-d206d78b960a"",""id"":""urn:uuid:ad8f66ac-eeef-59d4-b5f6-477c7a65bae8"",""normalized_state"":""published"",""owner_authority_id"":""urn:uuid:ba324c09-ea3b-5b7d-a8de-40df0fcc5e83"",""owner_native_state"":""verified"",""payload"":{""assignment_state"":""effective"",""inheritance"":""direct_from_frozen_edition"",""rights_id"":""urn:uuid:3f181e34-b5ab-550e-89bb-fd3d6c717bd0"",""target_id"":""urn:uuid:a73bcb1f-3992-5812-9108-e6f49a3aa526"",""target_native_id"":""OLP-0672""},""record_type"":""rights_assignment"",""recorded_at"":""2026-08-31T00:00:00Z"",""semantic_key"":""c80:openlogic:rights-assignment:unit:OLP-0672""}"
urn:uuid:a66f8048-fa9f-5737-bfe0-779a26df28d6,rights_assignment,"{""dataset_id"":""urn:uuid:fdfa2782-db96-5e60-bcb3-d206d78b960a"",""id"":""urn:uuid:a66f8048-fa9f-5737-bfe0-779a26df28d6"",""normalized_state"":""published"",""owner_authority_id"":""urn:uuid:ba324c09-ea3b-5b7d-a8de-40df0fcc5e83"",""owner_native_state"":""verified"",""payload"":{""assignment_state"":""effective"",""inheritance"":""direct_from_frozen_edition"",""rights_id"":""urn:uuid:3f181e34-b5ab-550e-89bb-fd3d6c717bd0"",""target_id"":""urn:uuid:ca2a2f75-0219-5404-bec6-e8ebc6f253d7"",""target_native_id"":""OLP-0673""},""record_type"":""rights_assignment"",""recorded_at"":""2026-08-31T00:00:00Z"",""semantic_key"":""c80:openlogic:rights-assignment:unit:OLP-0673""}"
urn:uuid:6c4821ad-338d-5666-8115-18cb79dc9c38,rights_assignment,"{""dataset_id"":""urn:uuid:fdfa2782-db96-5e60-bcb3-d206d78b960a"",""id"":""urn:uuid:6c4821ad-338d-5666-8115-18cb79dc9c38"",""normalized_state"":""published"",""owner_authority_id"":""urn:uuid:ba324c09-ea3b-5b7d-a8de-40df0fcc5e83"",""owner_native_state"":""verified"",""payload"":{""assignment_state"":""effective"",""inheritance"":""direct_from_frozen_edition"",""rights_id"":""urn:uuid:3f181e34-b5ab-550e-89bb-fd3d6c717bd0"",""target_id"":""urn:uuid:65160b0d-8dd8-5f4a-9abc-52fe42c99c26"",""target_native_id"":""OLP-0674""},""record_type"":""rights_assignment"",""recorded_at"":""2026-08-31T00:00:00Z"",""semantic_key"":""c80:openlogic:rights-assignment:unit:OLP-0674""}"
urn:uuid:a5a2aa70-4c80-5655-a41b-10e16df2af92,rights_assignment,"{""dataset_id"":""urn:uuid:fdfa2782-db96-5e60-bcb3-d206d78b960a"",""id"":""urn:uuid:a5a2aa70-4c80-5655-a41b-10e16df2af92"",""normalized_state"":""published"",""owner_authority_id"":""urn:uuid:ba324c09-ea3b-5b7d-a8de-40df0fcc5e83"",""owner_native_state"":""verified"",""payload"":{""assignment_state"":""effective"",""inheritance"":""direct_from_frozen_edition"",""rights_id"":""urn:uuid:3f181e34-b5ab-550e-89bb-fd3d6c717bd0"",""target_id"":""urn:uuid:aed63b88-6d76-57f6-b183-a8714c8347f9"",""target_native_id"":""OLP-0675""},""record_type"":""rights_assignment"",""recorded_at"":""2026-08-31T00:00:00Z"",""semantic_key"":""c80:openlogic:rights-assignment:unit:OLP-0675""}"
urn:uuid:793e64d8-fc86-5bc5-bf67-73212abe4e17,rights_assignment,"{""dataset_id"":""urn:uuid:fdfa2782-db96-5e60-bcb3-d206d78b960a"",""id"":""urn:uuid:793e64d8-fc86-5bc5-bf67-73212abe4e17"",""normalized_state"":""published"",""owner_authority_id"":""urn:uuid:ba324c09-ea3b-5b7d-a8de-40df0fcc5e83"",""owner_native_state"":""verified"",""payload"":{""assignment_state"":""effective"",""inheritance"":""direct_from_frozen_edition"",""rights_id"":""urn:uuid:3f181e34-b5ab-550e-89bb-fd3d6c717bd0"",""target_id"":""urn:uuid:6217252e-970a-5707-b7dd-c68411185285"",""target_native_id"":""OLP-0676""},""record_type"":""rights_assignment"",""recorded_at"":""2026-08-31T00:00:00Z"",""semantic_key"":""c80:openlogic:rights-assignment:unit:OLP-0676""}"
urn:uuid:a140be4f-c4e3-58b8-a44d-861fb81d9688,rights_assignment,"{""dataset_id"":""urn:uuid:fdfa2782-db96-5e60-bcb3-d206d78b960a"",""id"":""urn:uuid:a140be4f-c4e3-58b8-a44d-861fb81d9688"",""normalized_state"":""published"",""owner_authority_id"":""urn:uuid:ba324c09-ea3b-5b7d-a8de-40df0fcc5e83"",""owner_native_state"":""verified"",""payload"":{""assignment_state"":""effective"",""inheritance"":""direct_from_frozen_edition"",""rights_id"":""urn:uuid:3f181e34-b5ab-550e-89bb-fd3d6c717bd0"",""target_id"":""urn:uuid:a9a3e254-da6f-56a0-a54c-f92f8dce16c7"",""target_native_id"":""OLP-0677""},""record_type"":""rights_assignment"",""recorded_at"":""2026-08-31T00:00:00Z"",""semantic_key"":""c80:openlogic:rights-assignment:unit:OLP-0677""}"
urn:uuid:e77a95a6-ef83-5109-9055-a4f7ed74be91,rights_assignment,"{""dataset_id"":""urn:uuid:fdfa2782-db96-5e60-bcb3-d206d78b960a"",""id"":""urn:uuid:e77a95a6-ef83-5109-9055-a4f7ed74be91"",""normalized_state"":""published"",""owner_authority_id"":""urn:uuid:ba324c09-ea3b-5b7d-a8de-40df0fcc5e83"",""owner_native_state"":""verified"",""payload"":{""assignment_state"":""effective"",""inheritance"":""direct_from_frozen_edition"",""rights_id"":""urn:uuid:3f181e34-b5ab-550e-89bb-fd3d6c717bd0"",""target_id"":""urn:uuid:d82b90b1-2657-523a-b142-4e84eb4afd07"",""target_native_id"":""OLP-0678""},""record_type"":""rights_assignment"",""recorded_at"":""2026-08-31T00:00:00Z"",""semantic_key"":""c80:openlogic:rights-assignment:unit:OLP-0678""}"
urn:uuid:f9ca5e84-e8bc-5f9e-bb07-2ba3b44f1949,rights_assignment,"{""dataset_id"":""urn:uuid:fdfa2782-db96-5e60-bcb3-d206d78b960a"",""id"":""urn:uuid:f9ca5e84-e8bc-5f9e-bb07-2ba3b44f1949"",""normalized_state"":""published"",""owner_authority_id"":""urn:uuid:ba324c09-ea3b-5b7d-a8de-40df0fcc5e83"",""owner_native_state"":""verified"",""payload"":{""assignment_state"":""effective"",""inheritance"":""direct_from_frozen_edition"",""rights_id"":""urn:uuid:3f181e34-b5ab-550e-89bb-fd3d6c717bd0"",""target_id"":""urn:uuid:47f324e8-672d-5a30-b140-8d56fb4e30a9"",""target_native_id"":""OLP-0679""},""record_type"":""rights_assignment"",""recorded_at"":""2026-08-31T00:00:00Z"",""semantic_key"":""c80:openlogic:rights-assignment:unit:OLP-0679""}"
urn:uuid:7a23f632-b544-5156-923f-4e2ea362d791,rights_assignment,"{""dataset_id"":""urn:uuid:fdfa2782-db96-5e60-bcb3-d206d78b960a"",""id"":""urn:uuid:7a23f632-b544-5156-923f-4e2ea362d791"",""normalized_state"":""published"",""owner_authority_id"":""urn:uuid:ba324c09-ea3b-5b7d-a8de-40df0fcc5e83"",""owner_native_state"":""verified"",""payload"":{""assignment_state"":""effective"",""inheritance"":""direct_from_frozen_edition"",""rights_id"":""urn:uuid:3f181e34-b5ab-550e-89bb-fd3d6c717bd0"",""target_id"":""urn:uuid:c21d9772-6bf6-5338-babb-e0606d5def05"",""target_native_id"":""OLP-0680""},""record_type"":""rights_assignment"",""recorded_at"":""2026-08-31T00:00:00Z"",""semantic_key"":""c80:openlogic:rights-assignment:unit:OLP-0680""}"
urn:uuid:48bc297d-ad23-5fa9-8202-a31aec95e1b8,rights_assignment,"{""dataset_id"":""urn:uuid:fdfa2782-db96-5e60-bcb3-d206d78b960a"",""id"":""urn:uuid:48bc297d-ad23-5fa9-8202-a31aec95e1b8"",""normalized_state"":""published"",""owner_authority_id"":""urn:uuid:ba324c09-ea3b-5b7d-a8de-40df0fcc5e83"",""owner_native_state"":""verified"",""payload"":{""assignment_state"":""effective"",""inheritance"":""direct_from_frozen_edition"",""rights_id"":""urn:uuid:3f181e34-b5ab-550e-89bb-fd3d6c717bd0"",""target_id"":""urn:uuid:6454591a-0434-58d5-81ed-9e56320051c8"",""target_native_id"":""OLP-0681""},""record_type"":""rights_assignment"",""recorded_at"":""2026-08-31T00:00:00Z"",""semantic_key"":""c80:openlogic:rights-assignment:unit:OLP-0681""}"
urn:uuid:86dae75c-3cb3-5b50-a735-6597082800fa,rights_assignment,"{""dataset_id"":""urn:uuid:fdfa2782-db96-5e60-bcb3-d206d78b960a"",""id"":""urn:uuid:86dae75c-3cb3-5b50-a735-6597082800fa"",""normalized_state"":""published"",""owner_authority_id"":""urn:uuid:ba324c09-ea3b-5b7d-a8de-40df0fcc5e83"",""owner_native_state"":""verified"",""payload"":{""assignment_state"":""effective"",""inheritance"":""direct_from_frozen_edition"",""rights_id"":""urn:uuid:3f181e34-b5ab-550e-89bb-fd3d6c717bd0"",""target_id"":""urn:uuid:3cee3275-53db-52de-a66d-94d4b9f398e5"",""target_native_id"":""OLP-0682""},""record_type"":""rights_assignment"",""recorded_at"":""2026-08-31T00:00:00Z"",""semantic_key"":""c80:openlogic:rights-assignment:unit:OLP-0682""}"
urn:uuid:a1a0c609-d711-5b15-8e55-9b1b282767df,rights_assignment,"{""dataset_id"":""urn:uuid:fdfa2782-db96-5e60-bcb3-d206d78b960a"",""id"":""urn:uuid:a1a0c609-d711-5b15-8e55-9b1b282767df"",""normalized_state"":""published"",""owner_authority_id"":""urn:uuid:ba324c09-ea3b-5b7d-a8de-40df0fcc5e83"",""owner_native_state"":""verified"",""payload"":{""assignment_state"":""effective"",""inheritance"":""direct_from_frozen_edition"",""rights_id"":""urn:uuid:3f181e34-b5ab-550e-89bb-fd3d6c717bd0"",""target_id"":""urn:uuid:c1d6c2b5-5ea2-52f1-ab7a-4332f5944af4"",""target_native_id"":""OLP-0683""},""record_type"":""rights_assignment"",""recorded_at"":""2026-08-31T00:00:00Z"",""semantic_key"":""c80:openlogic:rights-assignment:unit:OLP-0683""}"
urn:uuid:e354ec41-0b1d-5ee1-b814-c037c8b1cf8a,rights_assignment,"{""dataset_id"":""urn:uuid:fdfa2782-db96-5e60-bcb3-d206d78b960a"",""id"":""urn:uuid:e354ec41-0b1d-5ee1-b814-c037c8b1cf8a"",""normalized_state"":""published"",""owner_authority_id"":""urn:uuid:ba324c09-ea3b-5b7d-a8de-40df0fcc5e83"",""owner_native_state"":""verified"",""payload"":{""assignment_state"":""effective"",""inheritance"":""direct_from_frozen_edition"",""rights_id"":""urn:uuid:3f181e34-b5ab-550e-89bb-fd3d6c717bd0"",""target_id"":""urn:uuid:da1cc091-3958-5a21-9c23-ee9a629e64d5"",""target_native_id"":""OLP-0684""},""record_type"":""rights_assignment"",""recorded_at"":""2026-08-31T00:00:00Z"",""semantic_key"":""c80:openlogic:rights-assignment:unit:OLP-0684""}"
urn:uuid:939c7471-3b9e-5443-82db-2e9e9feefee5,rights_assignment,"{""dataset_id"":""urn:uuid:fdfa2782-db96-5e60-bcb3-d206d78b960a"",""id"":""urn:uuid:939c7471-3b9e-5443-82db-2e9e9feefee5"",""normalized_state"":""published"",""owner_authority_id"":""urn:uuid:ba324c09-ea3b-5b7d-a8de-40df0fcc5e83"",""owner_native_state"":""verified"",""payload"":{""assignment_state"":""effective"",""inheritance"":""direct_from_frozen_edition"",""rights_id"":""urn:uuid:3f181e34-b5ab-550e-89bb-fd3d6c717bd0"",""target_id"":""urn:uuid:210624cb-b373-5b04-a754-41698b7cdac5"",""target_native_id"":""OLP-0685""},""record_type"":""rights_assignment"",""recorded_at"":""2026-08-31T00:00:00Z"",""semantic_key"":""c80:openlogic:rights-assignment:unit:OLP-0685""}"
urn:uuid:d3944867-8045-53a9-8767-a9274a84e9ef,rights_assignment,"{""dataset_id"":""urn:uuid:fdfa2782-db96-5e60-bcb3-d206d78b960a"",""id"":""urn:uuid:d3944867-8045-53a9-8767-a9274a84e9ef"",""normalized_state"":""published"",""owner_authority_id"":""urn:uuid:ba324c09-ea3b-5b7d-a8de-40df0fcc5e83"",""owner_native_state"":""verified"",""payload"":{""assignment_state"":""effective"",""inheritance"":""direct_from_frozen_edition"",""rights_id"":""urn:uuid:3f181e34-b5ab-550e-89bb-fd3d6c717bd0"",""target_id"":""urn:uuid:86d161f5-adea-508a-a4e6-fe91695f8d1c"",""target_native_id"":""OLP-0686""},""record_type"":""rights_assignment"",""recorded_at"":""2026-08-31T00:00:00Z"",""semantic_key"":""c80:openlogic:rights-assignment:unit:OLP-0686""}"
urn:uuid:7c487b57-6c1a-5075-8d32-9d79f7b4d01e,rights_assignment,"{""dataset_id"":""urn:uuid:fdfa2782-db96-5e60-bcb3-d206d78b960a"",""id"":""urn:uuid:7c487b57-6c1a-5075-8d32-9d79f7b4d01e"",""normalized_state"":""published"",""owner_authority_id"":""urn:uuid:ba324c09-ea3b-5b7d-a8de-40df0fcc5e83"",""owner_native_state"":""verified"",""payload"":{""assignment_state"":""effective"",""inheritance"":""direct_from_frozen_edition"",""rights_id"":""urn:uuid:3f181e34-b5ab-550e-89bb-fd3d6c717bd0"",""target_id"":""urn:uuid:ddcd4060-fd34-5341-aa5f-50ef4a3ebb52"",""target_native_id"":""OLP-0687""},""record_type"":""rights_assignment"",""recorded_at"":""2026-08-31T00:00:00Z"",""semantic_key"":""c80:openlogic:rights-assignment:unit:OLP-0687""}"
urn:uuid:73968121-9932-5288-a10c-8f6a8e547499,rights_assignment,"{""dataset_id"":""urn:uuid:fdfa2782-db96-5e60-bcb3-d206d78b960a"",""id"":""urn:uuid:73968121-9932-5288-a10c-8f6a8e547499"",""normalized_state"":""published"",""owner_authority_id"":""urn:uuid:ba324c09-ea3b-5b7d-a8de-40df0fcc5e83"",""owner_native_state"":""verified"",""payload"":{""assignment_state"":""effective"",""inheritance"":""direct_from_frozen_edition"",""rights_id"":""urn:uuid:3f181e34-b5ab-550e-89bb-fd3d6c717bd0"",""target_id"":""urn:uuid:3fe3f853-12bf-5e9e-9f0c-5c3e46cec50a"",""target_native_id"":""OLP-0688""},""record_type"":""rights_assignment"",""recorded_at"":""2026-08-31T00:00:00Z"",""semantic_key"":""c80:openlogic:rights-assignment:unit:OLP-0688""}"
urn:uuid:84671334-84c1-5398-80d3-4de23f7aab5b,rights_assignment,"{""dataset_id"":""urn:uuid:fdfa2782-db96-5e60-bcb3-d206d78b960a"",""id"":""urn:uuid:84671334-84c1-5398-80d3-4de23f7aab5b"",""normalized_state"":""published"",""owner_authority_id"":""urn:uuid:ba324c09-ea3b-5b7d-a8de-40df0fcc5e83"",""owner_native_state"":""verified"",""payload"":{""assignment_state"":""effective"",""inheritance"":""direct_from_frozen_edition"",""rights_id"":""urn:uuid:3f181e34-b5ab-550e-89bb-fd3d6c717bd0"",""target_id"":""urn:uuid:0f428584-21a8-5abf-855d-8704a2de9fed"",""target_native_id"":""OLP-0689""},""record_type"":""rights_assignment"",""recorded_at"":""2026-08-31T00:00:00Z"",""semantic_key"":""c80:openlogic:rights-assignment:unit:OLP-0689""}"
urn:uuid:dab75f4b-ebe8-588e-a059-81b4d1815aad,rights_assignment,"{""dataset_id"":""urn:uuid:fdfa2782-db96-5e60-bcb3-d206d78b960a"",""id"":""urn:uuid:dab75f4b-ebe8-588e-a059-81b4d1815aad"",""normalized_state"":""published"",""owner_authority_id"":""urn:uuid:ba324c09-ea3b-5b7d-a8de-40df0fcc5e83"",""owner_native_state"":""verified"",""payload"":{""assignment_state"":""effective"",""inheritance"":""direct_from_frozen_edition"",""rights_id"":""urn:uuid:3f181e34-b5ab-550e-89bb-fd3d6c717bd0"",""target_id"":""urn:uuid:72554bb3-4f23-50d2-ad12-7b4b9a3fdf6d"",""target_native_id"":""OLP-0690""},""record_type"":""rights_assignment"",""recorded_at"":""2026-08-31T00:00:00Z"",""semantic_key"":""c80:openlogic:rights-assignment:unit:OLP-0690""}"
urn:uuid:231e89d5-0c75-55d0-b993-5032baba038e,rights_assignment,"{""dataset_id"":""urn:uuid:fdfa2782-db96-5e60-bcb3-d206d78b960a"",""id"":""urn:uuid:231e89d5-0c75-55d0-b993-5032baba038e"",""normalized_state"":""published"",""owner_authority_id"":""urn:uuid:ba324c09-ea3b-5b7d-a8de-40df0fcc5e83"",""owner_native_state"":""verified"",""payload"":{""assignment_state"":""effective"",""inheritance"":""direct_from_frozen_edition"",""rights_id"":""urn:uuid:3f181e34-b5ab-550e-89bb-fd3d6c717bd0"",""target_id"":""urn:uuid:b5ecdd23-1001-587f-983b-9a1e8e9f753a"",""target_native_id"":""OLP-0691""},""record_type"":""rights_assignment"",""recorded_at"":""2026-08-31T00:00:00Z"",""semantic_key"":""c80:openlogic:rights-assignment:unit:OLP-0691""}"
urn:uuid:a9f0ce62-126f-50de-b1d0-3d50164f9050,rights_assignment,"{""dataset_id"":""urn:uuid:fdfa2782-db96-5e60-bcb3-d206d78b960a"",""id"":""urn:uuid:a9f0ce62-126f-50de-b1d0-3d50164f9050"",""normalized_state"":""published"",""owner_authority_id"":""urn:uuid:ba324c09-ea3b-5b7d-a8de-40df0fcc5e83"",""owner_native_state"":""verified"",""payload"":{""assignment_state"":""effective"",""inheritance"":""direct_from_frozen_edition"",""rights_id"":""urn:uuid:3f181e34-b5ab-550e-89bb-fd3d6c717bd0"",""target_id"":""urn:uuid:f9ff2ea3-7ca6-5e86-89fb-ab0633d00a23"",""target_native_id"":""OLP-0692""},""record_type"":""rights_assignment"",""recorded_at"":""2026-08-31T00:00:00Z"",""semantic_key"":""c80:openlogic:rights-assignment:unit:OLP-0692""}"
urn:uuid:311ea452-1d3c-5bdb-bbc2-ebd21bb04b67,rights_assignment,"{""dataset_id"":""urn:uuid:fdfa2782-db96-5e60-bcb3-d206d78b960a"",""id"":""urn:uuid:311ea452-1d3c-5bdb-bbc2-ebd21bb04b67"",""normalized_state"":""published"",""owner_authority_id"":""urn:uuid:ba324c09-ea3b-5b7d-a8de-40df0fcc5e83"",""owner_native_state"":""verified"",""payload"":{""assignment_state"":""effective"",""inheritance"":""direct_from_frozen_edition"",""rights_id"":""urn:uuid:3f181e34-b5ab-550e-89bb-fd3d6c717bd0"",""target_id"":""urn:uuid:f13a876f-6344-5d90-abff-46fdc1edac7e"",""target_native_id"":""OLP-0693""},""record_type"":""rights_assignment"",""recorded_at"":""2026-08-31T00:00:00Z"",""semantic_key"":""c80:openlogic:rights-assignment:unit:OLP-0693""}"
urn:uuid:610eed3c-ad92-569f-8107-e9d2cae9850a,rights_assignment,"{""dataset_id"":""urn:uuid:fdfa2782-db96-5e60-bcb3-d206d78b960a"",""id"":""urn:uuid:610eed3c-ad92-569f-8107-e9d2cae9850a"",""normalized_state"":""published"",""owner_authority_id"":""urn:uuid:ba324c09-ea3b-5b7d-a8de-40df0fcc5e83"",""owner_native_state"":""verified"",""payload"":{""assignment_state"":""effective"",""inheritance"":""direct_from_frozen_edition"",""rights_id"":""urn:uuid:3f181e34-b5ab-550e-89bb-fd3d6c717bd0"",""target_id"":""urn:uuid:28263119-9d65-508b-8ba1-e276f02e0aa9"",""target_native_id"":""OLP-0694""},""record_type"":""rights_assignment"",""recorded_at"":""2026-08-31T00:00:00Z"",""semantic_key"":""c80:openlogic:rights-assignment:unit:OLP-0694""}"
urn:uuid:d4f571b0-1811-5b59-902e-604f5a80da41,rights_assignment,"{""dataset_id"":""urn:uuid:fdfa2782-db96-5e60-bcb3-d206d78b960a"",""id"":""urn:uuid:d4f571b0-1811-5b59-902e-604f5a80da41"",""normalized_state"":""published"",""owner_authority_id"":""urn:uuid:ba324c09-ea3b-5b7d-a8de-40df0fcc5e83"",""owner_native_state"":""verified"",""payload"":{""assignment_state"":""effective"",""inheritance"":""direct_from_frozen_edition"",""rights_id"":""urn:uuid:3f181e34-b5ab-550e-89bb-fd3d6c717bd0"",""target_id"":""urn:uuid:771ebc3a-423e-51cb-b295-e163c719f04f"",""target_native_id"":""OLP-0695""},""record_type"":""rights_assignment"",""recorded_at"":""2026-08-31T00:00:00Z"",""semantic_key"":""c80:openlogic:rights-assignment:unit:OLP-0695""}"
urn:uuid:93cb49d4-e68f-5c43-ae75-2105e7a19f4b,rights_assignment,"{""dataset_id"":""urn:uuid:fdfa2782-db96-5e60-bcb3-d206d78b960a"",""id"":""urn:uuid:93cb49d4-e68f-5c43-ae75-2105e7a19f4b"",""normalized_state"":""published"",""owner_authority_id"":""urn:uuid:ba324c09-ea3b-5b7d-a8de-40df0fcc5e83"",""owner_native_state"":""verified"",""payload"":{""assignment_state"":""effective"",""inheritance"":""direct_from_frozen_edition"",""rights_id"":""urn:uuid:3f181e34-b5ab-550e-89bb-fd3d6c717bd0"",""target_id"":""urn:uuid:aeddf8d8-d203-5844-94cd-b6de50f58303"",""target_native_id"":""OLP-0696""},""record_type"":""rights_assignment"",""recorded_at"":""2026-08-31T00:00:00Z"",""semantic_key"":""c80:openlogic:rights-assignment:unit:OLP-0696""}"
urn:uuid:ed098561-0307-5e65-a786-7e4a7f21f134,rights_assignment,"{""dataset_id"":""urn:uuid:fdfa2782-db96-5e60-bcb3-d206d78b960a"",""id"":""urn:uuid:ed098561-0307-5e65-a786-7e4a7f21f134"",""normalized_state"":""published"",""owner_authority_id"":""urn:uuid:ba324c09-ea3b-5b7d-a8de-40df0fcc5e83"",""owner_native_state"":""verified"",""payload"":{""assignment_state"":""effective"",""inheritance"":""direct_from_frozen_edition"",""rights_id"":""urn:uuid:3f181e34-b5ab-550e-89bb-fd3d6c717bd0"",""target_id"":""urn:uuid:75a0c24d-585a-5c43-85bb-f3a128c93788"",""target_native_id"":""OLP-0697""},""record_type"":""rights_assignment"",""recorded_at"":""2026-08-31T00:00:00Z"",""semantic_key"":""c80:openlogic:rights-assignment:unit:OLP-0697""}"
urn:uuid:710bfbe8-c874-56bc-b4a5-f66fc39c0585,rights_assignment,"{""dataset_id"":""urn:uuid:fdfa2782-db96-5e60-bcb3-d206d78b960a"",""id"":""urn:uuid:710bfbe8-c874-56bc-b4a5-f66fc39c0585"",""normalized_state"":""published"",""owner_authority_id"":""urn:uuid:ba324c09-ea3b-5b7d-a8de-40df0fcc5e83"",""owner_native_state"":""verified"",""payload"":{""assignment_state"":""effective"",""inheritance"":""direct_from_frozen_edition"",""rights_id"":""urn:uuid:3f181e34-b5ab-550e-89bb-fd3d6c717bd0"",""target_id"":""urn:uuid:29c0c6a7-4d80-56d0-88fd-a7849543992c"",""target_native_id"":""OLP-0698""},""record_type"":""rights_assignment"",""recorded_at"":""2026-08-31T00:00:00Z"",""semantic_key"":""c80:openlogic:rights-assignment:unit:OLP-0698""}"
urn:uuid:904f37ac-9c04-51df-b8c4-b1a71db36835,rights_assignment,"{""dataset_id"":""urn:uuid:fdfa2782-db96-5e60-bcb3-d206d78b960a"",""id"":""urn:uuid:904f37ac-9c04-51df-b8c4-b1a71db36835"",""normalized_state"":""published"",""owner_authority_id"":""urn:uuid:ba324c09-ea3b-5b7d-a8de-40df0fcc5e83"",""owner_native_state"":""verified"",""payload"":{""assignment_state"":""effective"",""inheritance"":""direct_from_frozen_edition"",""rights_id"":""urn:uuid:3f181e34-b5ab-550e-89bb-fd3d6c717bd0"",""target_id"":""urn:uuid:aa5b82b7-666f-5e23-aca0-52909f1c3041"",""target_native_id"":""OLP-0699""},""record_type"":""rights_assignment"",""recorded_at"":""2026-08-31T00:00:00Z"",""semantic_key"":""c80:openlogic:rights-assignment:unit:OLP-0699""}"
urn:uuid:224bba4c-561c-5258-92f7-683a091a2dbd,rights_assignment,"{""dataset_id"":""urn:uuid:fdfa2782-db96-5e60-bcb3-d206d78b960a"",""id"":""urn:uuid:224bba4c-561c-5258-92f7-683a091a2dbd"",""normalized_state"":""published"",""owner_authority_id"":""urn:uuid:ba324c09-ea3b-5b7d-a8de-40df0fcc5e83"",""owner_native_state"":""verified"",""payload"":{""assignment_state"":""effective"",""inheritance"":""direct_from_frozen_edition"",""rights_id"":""urn:uuid:3f181e34-b5ab-550e-89bb-fd3d6c717bd0"",""target_id"":""urn:uuid:be84621f-4d5b-5e6c-8bfc-ef481e122021"",""target_native_id"":""OLP-0700""},""record_type"":""rights_assignment"",""recorded_at"":""2026-08-31T00:00:00Z"",""semantic_key"":""c80:openlogic:rights-assignment:unit:OLP-0700""}"
urn:uuid:813ab931-32c1-57b1-b62a-2ee941419dca,rights_assignment,"{""dataset_id"":""urn:uuid:fdfa2782-db96-5e60-bcb3-d206d78b960a"",""id"":""urn:uuid:813ab931-32c1-57b1-b62a-2ee941419dca"",""normalized_state"":""published"",""owner_authority_id"":""urn:uuid:ba324c09-ea3b-5b7d-a8de-40df0fcc5e83"",""owner_native_state"":""verified"",""payload"":{""assignment_state"":""effective"",""inheritance"":""direct_from_frozen_edition"",""rights_id"":""urn:uuid:3f181e34-b5ab-550e-89bb-fd3d6c717bd0"",""target_id"":""urn:uuid:be986b06-5bf3-562a-8cd5-d1aa1117befe"",""target_native_id"":""OLP-0701""},""record_type"":""rights_assignment"",""recorded_at"":""2026-08-31T00:00:00Z"",""semantic_key"":""c80:openlogic:rights-assignment:unit:OLP-0701""}"
urn:uuid:71a82988-7c4c-5d89-a259-871fb4530493,rights_assignment,"{""dataset_id"":""urn:uuid:fdfa2782-db96-5e60-bcb3-d206d78b960a"",""id"":""urn:uuid:71a82988-7c4c-5d89-a259-871fb4530493"",""normalized_state"":""published"",""owner_authority_id"":""urn:uuid:ba324c09-ea3b-5b7d-a8de-40df0fcc5e83"",""owner_native_state"":""verified"",""payload"":{""assignment_state"":""effective"",""inheritance"":""direct_from_frozen_edition"",""rights_id"":""urn:uuid:3f181e34-b5ab-550e-89bb-fd3d6c717bd0"",""target_id"":""urn:uuid:ee1a4669-5880-5459-a080-0cdb061d398e"",""target_native_id"":""OLP-0702""},""record_type"":""rights_assignment"",""recorded_at"":""2026-08-31T00:00:00Z"",""semantic_key"":""c80:openlogic:rights-assignment:unit:OLP-0702""}"
urn:uuid:212b1a16-d31f-57f2-8dd9-1212120c20a2,rights_assignment,"{""dataset_id"":""urn:uuid:fdfa2782-db96-5e60-bcb3-d206d78b960a"",""id"":""urn:uuid:212b1a16-d31f-57f2-8dd9-1212120c20a2"",""normalized_state"":""published"",""owner_authority_id"":""urn:uuid:ba324c09-ea3b-5b7d-a8de-40df0fcc5e83"",""owner_native_state"":""verified"",""payload"":{""assignment_state"":""effective"",""inheritance"":""direct_from_frozen_edition"",""rights_id"":""urn:uuid:3f181e34-b5ab-550e-89bb-fd3d6c717bd0"",""target_id"":""urn:uuid:7fb03e9e-bfd6-5aaf-9199-326c96f1740a"",""target_native_id"":""OLP-0703""},""record_type"":""rights_assignment"",""recorded_at"":""2026-08-31T00:00:00Z"",""semantic_key"":""c80:openlogic:rights-assignment:unit:OLP-0703""}"
urn:uuid:cf5f028c-a9f4-5773-a789-ab38062d56f6,rights_assignment,"{""dataset_id"":""urn:uuid:fdfa2782-db96-5e60-bcb3-d206d78b960a"",""id"":""urn:uuid:cf5f028c-a9f4-5773-a789-ab38062d56f6"",""normalized_state"":""published"",""owner_authority_id"":""urn:uuid:ba324c09-ea3b-5b7d-a8de-40df0fcc5e83"",""owner_native_state"":""verified"",""payload"":{""assignment_state"":""effective"",""inheritance"":""direct_from_frozen_edition"",""rights_id"":""urn:uuid:3f181e34-b5ab-550e-89bb-fd3d6c717bd0"",""target_id"":""urn:uuid:59e1891e-6951-5844-a884-721d6b0b184b"",""target_native_id"":""OLP-0704""},""record_type"":""rights_assignment"",""recorded_at"":""2026-08-31T00:00:00Z"",""semantic_key"":""c80:openlogic:rights-assignment:unit:OLP-0704""}"
urn:uuid:0a41dd99-4269-5546-b767-35004257a1b7,rights_assignment,"{""dataset_id"":""urn:uuid:fdfa2782-db96-5e60-bcb3-d206d78b960a"",""id"":""urn:uuid:0a41dd99-4269-5546-b767-35004257a1b7"",""normalized_state"":""published"",""owner_authority_id"":""urn:uuid:ba324c09-ea3b-5b7d-a8de-40df0fcc5e83"",""owner_native_state"":""verified"",""payload"":{""assignment_state"":""effective"",""inheritance"":""direct_from_frozen_edition"",""rights_id"":""urn:uuid:3f181e34-b5ab-550e-89bb-fd3d6c717bd0"",""target_id"":""urn:uuid:68b56910-8aa3-57a4-8e6f-80fa3a5f8588"",""target_native_id"":""OLP-0705""},""record_type"":""rights_assignment"",""recorded_at"":""2026-08-31T00:00:00Z"",""semantic_key"":""c80:openlogic:rights-assignment:unit:OLP-0705""}"
urn:uuid:7b5d80a3-6129-533d-a311-7fcb7263498e,rights_assignment,"{""dataset_id"":""urn:uuid:fdfa2782-db96-5e60-bcb3-d206d78b960a"",""id"":""urn:uuid:7b5d80a3-6129-533d-a311-7fcb7263498e"",""normalized_state"":""published"",""owner_authority_id"":""urn:uuid:ba324c09-ea3b-5b7d-a8de-40df0fcc5e83"",""owner_native_state"":""verified"",""payload"":{""assignment_state"":""effective"",""inheritance"":""direct_from_frozen_edition"",""rights_id"":""urn:uuid:3f181e34-b5ab-550e-89bb-fd3d6c717bd0"",""target_id"":""urn:uuid:0b4b6762-0c2c-5d8c-b924-b8795e7c950e"",""target_native_id"":""OLP-0706""},""record_type"":""rights_assignment"",""recorded_at"":""2026-08-31T00:00:00Z"",""semantic_key"":""c80:openlogic:rights-assignment:unit:OLP-0706""}"
urn:uuid:b76a1fde-f848-5ebc-ad7b-d72a6cb33cb8,rights_assignment,"{""dataset_id"":""urn:uuid:fdfa2782-db96-5e60-bcb3-d206d78b960a"",""id"":""urn:uuid:b76a1fde-f848-5ebc-ad7b-d72a6cb33cb8"",""normalized_state"":""published"",""owner_authority_id"":""urn:uuid:ba324c09-ea3b-5b7d-a8de-40df0fcc5e83"",""owner_native_state"":""verified"",""payload"":{""assignment_state"":""effective"",""inheritance"":""direct_from_frozen_edition"",""rights_id"":""urn:uuid:3f181e34-b5ab-550e-89bb-fd3d6c717bd0"",""target_id"":""urn:uuid:717ed495-c179-5173-9d49-d37e5770576a"",""target_native_id"":""OLP-0707""},""record_type"":""rights_assignment"",""recorded_at"":""2026-08-31T00:00:00Z"",""semantic_key"":""c80:openlogic:rights-assignment:unit:OLP-0707""}"
urn:uuid:823241f5-6e5f-514e-af81-3cd181963e6a,rights_assignment,"{""dataset_id"":""urn:uuid:fdfa2782-db96-5e60-bcb3-d206d78b960a"",""id"":""urn:uuid:823241f5-6e5f-514e-af81-3cd181963e6a"",""normalized_state"":""published"",""owner_authority_id"":""urn:uuid:ba324c09-ea3b-5b7d-a8de-40df0fcc5e83"",""owner_native_state"":""verified"",""payload"":{""assignment_state"":""effective"",""inheritance"":""direct_from_frozen_edition"",""rights_id"":""urn:uuid:3f181e34-b5ab-550e-89bb-fd3d6c717bd0"",""target_id"":""urn:uuid:69e8ff63-9a94-506b-b089-6ec45b6a8c03"",""target_native_id"":""OLP-0708""},""record_type"":""rights_assignment"",""recorded_at"":""2026-08-31T00:00:00Z"",""semantic_key"":""c80:openlogic:rights-assignment:unit:OLP-0708""}"
urn:uuid:8869e799-0aae-59c5-a298-8ec99494160d,rights_assignment,"{""dataset_id"":""urn:uuid:fdfa2782-db96-5e60-bcb3-d206d78b960a"",""id"":""urn:uuid:8869e799-0aae-59c5-a298-8ec99494160d"",""normalized_state"":""published"",""owner_authority_id"":""urn:uuid:ba324c09-ea3b-5b7d-a8de-40df0fcc5e83"",""owner_native_state"":""verified"",""payload"":{""assignment_state"":""effective"",""inheritance"":""direct_from_frozen_edition"",""rights_id"":""urn:uuid:3f181e34-b5ab-550e-89bb-fd3d6c717bd0"",""target_id"":""urn:uuid:8859c78a-0145-5542-9a0c-560276535585"",""target_native_id"":""OLP-0709""},""record_type"":""rights_assignment"",""recorded_at"":""2026-08-31T00:00:00Z"",""semantic_key"":""c80:openlogic:rights-assignment:unit:OLP-0709""}"
urn:uuid:28f1a7a9-c69e-5074-ba27-d445afa2b075,rights_assignment,"{""dataset_id"":""urn:uuid:fdfa2782-db96-5e60-bcb3-d206d78b960a"",""id"":""urn:uuid:28f1a7a9-c69e-5074-ba27-d445afa2b075"",""normalized_state"":""published"",""owner_authority_id"":""urn:uuid:ba324c09-ea3b-5b7d-a8de-40df0fcc5e83"",""owner_native_state"":""verified"",""payload"":{""assignment_state"":""effective"",""inheritance"":""direct_from_frozen_edition"",""rights_id"":""urn:uuid:3f181e34-b5ab-550e-89bb-fd3d6c717bd0"",""target_id"":""urn:uuid:e9aceaf8-e067-5ff9-9fb8-124bb216191b"",""target_native_id"":""OLP-0710""},""record_type"":""rights_assignment"",""recorded_at"":""2026-08-31T00:00:00Z"",""semantic_key"":""c80:openlogic:rights-assignment:unit:OLP-0710""}"
urn:uuid:9823161b-b9e1-54de-83f1-ef65b8f4c244,rights_assignment,"{""dataset_id"":""urn:uuid:fdfa2782-db96-5e60-bcb3-d206d78b960a"",""id"":""urn:uuid:9823161b-b9e1-54de-83f1-ef65b8f4c244"",""normalized_state"":""published"",""owner_authority_id"":""urn:uuid:ba324c09-ea3b-5b7d-a8de-40df0fcc5e83"",""owner_native_state"":""verified"",""payload"":{""assignment_state"":""effective"",""inheritance"":""direct_from_frozen_edition"",""rights_id"":""urn:uuid:3f181e34-b5ab-550e-89bb-fd3d6c717bd0"",""target_id"":""urn:uuid:820f7cb3-d4b8-5d83-a9d0-60e0bcb435bc"",""target_native_id"":""OLP-0711""},""record_type"":""rights_assignment"",""recorded_at"":""2026-08-31T00:00:00Z"",""semantic_key"":""c80:openlogic:rights-assignment:unit:OLP-0711""}"
urn:uuid:ef18012d-ce37-5761-9399-2c973244a5a1,rights_assignment,"{""dataset_id"":""urn:uuid:fdfa2782-db96-5e60-bcb3-d206d78b960a"",""id"":""urn:uuid:ef18012d-ce37-5761-9399-2c973244a5a1"",""normalized_state"":""published"",""owner_authority_id"":""urn:uuid:ba324c09-ea3b-5b7d-a8de-40df0fcc5e83"",""owner_native_state"":""verified"",""payload"":{""assignment_state"":""effective"",""inheritance"":""direct_from_frozen_edition"",""rights_id"":""urn:uuid:3f181e34-b5ab-550e-89bb-fd3d6c717bd0"",""target_id"":""urn:uuid:d016a2e3-a1fb-5421-8c0a-c9253e0d6d3f"",""target_native_id"":""OLP-0712""},""record_type"":""rights_assignment"",""recorded_at"":""2026-08-31T00:00:00Z"",""semantic_key"":""c80:openlogic:rights-assignment:unit:OLP-0712""}"
urn:uuid:42296b08-7305-5549-9dbb-b1236c6b083d,rights_assignment,"{""dataset_id"":""urn:uuid:fdfa2782-db96-5e60-bcb3-d206d78b960a"",""id"":""urn:uuid:42296b08-7305-5549-9dbb-b1236c6b083d"",""normalized_state"":""published"",""owner_authority_id"":""urn:uuid:ba324c09-ea3b-5b7d-a8de-40df0fcc5e83"",""owner_native_state"":""verified"",""payload"":{""assignment_state"":""effective"",""inheritance"":""direct_from_frozen_edition"",""rights_id"":""urn:uuid:3f181e34-b5ab-550e-89bb-fd3d6c717bd0"",""target_id"":""urn:uuid:562913c0-1440-50e6-a420-14c6e1a77f96"",""target_native_id"":""OLP-0713""},""record_type"":""rights_assignment"",""recorded_at"":""2026-08-31T00:00:00Z"",""semantic_key"":""c80:openlogic:rights-assignment:unit:OLP-0713""}"
urn:uuid:c6701da7-0ee6-52fc-ab16-2402118d8e9d,rights_assignment,"{""dataset_id"":""urn:uuid:fdfa2782-db96-5e60-bcb3-d206d78b960a"",""id"":""urn:uuid:c6701da7-0ee6-52fc-ab16-2402118d8e9d"",""normalized_state"":""published"",""owner_authority_id"":""urn:uuid:ba324c09-ea3b-5b7d-a8de-40df0fcc5e83"",""owner_native_state"":""verified"",""payload"":{""assignment_state"":""effective"",""inheritance"":""direct_from_frozen_edition"",""rights_id"":""urn:uuid:3f181e34-b5ab-550e-89bb-fd3d6c717bd0"",""target_id"":""urn:uuid:3711972a-987b-56d8-b62d-76e20656ce8b"",""target_native_id"":""OLP-0714""},""record_type"":""rights_assignment"",""recorded_at"":""2026-08-31T00:00:00Z"",""semantic_key"":""c80:openlogic:rights-assignment:unit:OLP-0714""}"
urn:uuid:7d5b6ef2-41e7-50e0-bdb6-33733296492e,rights_assignment,"{""dataset_id"":""urn:uuid:fdfa2782-db96-5e60-bcb3-d206d78b960a"",""id"":""urn:uuid:7d5b6ef2-41e7-50e0-bdb6-33733296492e"",""normalized_state"":""published"",""owner_authority_id"":""urn:uuid:ba324c09-ea3b-5b7d-a8de-40df0fcc5e83"",""owner_native_state"":""verified"",""payload"":{""assignment_state"":""effective"",""inheritance"":""direct_from_frozen_edition"",""rights_id"":""urn:uuid:3f181e34-b5ab-550e-89bb-fd3d6c717bd0"",""target_id"":""urn:uuid:62cc0d7b-00a6-50e0-8a48-c78dcaff3dca"",""target_native_id"":""OLP-0715""},""record_type"":""rights_assignment"",""recorded_at"":""2026-08-31T00:00:00Z"",""semantic_key"":""c80:openlogic:rights-assignment:unit:OLP-0715""}"
urn:uuid:d8b1613b-eb8a-5bcb-8641-78150f96bf2a,rights_assignment,"{""dataset_id"":""urn:uuid:fdfa2782-db96-5e60-bcb3-d206d78b960a"",""id"":""urn:uuid:d8b1613b-eb8a-5bcb-8641-78150f96bf2a"",""normalized_state"":""published"",""owner_authority_id"":""urn:uuid:ba324c09-ea3b-5b7d-a8de-40df0fcc5e83"",""owner_native_state"":""verified"",""payload"":{""assignment_state"":""effective"",""inheritance"":""direct_from_frozen_edition"",""rights_id"":""urn:uuid:3f181e34-b5ab-550e-89bb-fd3d6c717bd0"",""target_id"":""urn:uuid:df0e1164-02fb-5726-9556-fa15cf35cfae"",""target_native_id"":""OLP-0716""},""record_type"":""rights_assignment"",""recorded_at"":""2026-08-31T00:00:00Z"",""semantic_key"":""c80:openlogic:rights-assignment:unit:OLP-0716""}"
urn:uuid:1ac572f7-ee3e-503f-9f33-00589750811b,rights_assignment,"{""dataset_id"":""urn:uuid:fdfa2782-db96-5e60-bcb3-d206d78b960a"",""id"":""urn:uuid:1ac572f7-ee3e-503f-9f33-00589750811b"",""normalized_state"":""published"",""owner_authority_id"":""urn:uuid:ba324c09-ea3b-5b7d-a8de-40df0fcc5e83"",""owner_native_state"":""verified"",""payload"":{""assignment_state"":""effective"",""inheritance"":""direct_from_frozen_edition"",""rights_id"":""urn:uuid:3f181e34-b5ab-550e-89bb-fd3d6c717bd0"",""target_id"":""urn:uuid:f3be2a5c-de55-51fb-8e5a-43324e5af7b1"",""target_native_id"":""OLP-0717""},""record_type"":""rights_assignment"",""recorded_at"":""2026-08-31T00:00:00Z"",""semantic_key"":""c80:openlogic:rights-assignment:unit:OLP-0717""}"
urn:uuid:6d34166d-a32b-5007-b853-78748b8769b0,rights_assignment,"{""dataset_id"":""urn:uuid:fdfa2782-db96-5e60-bcb3-d206d78b960a"",""id"":""urn:uuid:6d34166d-a32b-5007-b853-78748b8769b0"",""normalized_state"":""published"",""owner_authority_id"":""urn:uuid:ba324c09-ea3b-5b7d-a8de-40df0fcc5e83"",""owner_native_state"":""verified"",""payload"":{""assignment_state"":""effective"",""inheritance"":""direct_from_frozen_edition"",""rights_id"":""urn:uuid:3f181e34-b5ab-550e-89bb-fd3d6c717bd0"",""target_id"":""urn:uuid:284cb105-2374-5cca-b288-18641de30294"",""target_native_id"":""OLP-0718""},""record_type"":""rights_assignment"",""recorded_at"":""2026-08-31T00:00:00Z"",""semantic_key"":""c80:openlogic:rights-assignment:unit:OLP-0718""}"
urn:uuid:769097e1-4779-5f30-a3eb-804c35240fe1,rights_assignment,"{""dataset_id"":""urn:uuid:fdfa2782-db96-5e60-bcb3-d206d78b960a"",""id"":""urn:uuid:769097e1-4779-5f30-a3eb-804c35240fe1"",""normalized_state"":""published"",""owner_authority_id"":""urn:uuid:ba324c09-ea3b-5b7d-a8de-40df0fcc5e83"",""owner_native_state"":""verified"",""payload"":{""assignment_state"":""effective"",""inheritance"":""direct_from_frozen_edition"",""rights_id"":""urn:uuid:3f181e34-b5ab-550e-89bb-fd3d6c717bd0"",""target_id"":""urn:uuid:310abeb3-7d9c-5022-b870-3816480894a3"",""target_native_id"":""OLP-0719""},""record_type"":""rights_assignment"",""recorded_at"":""2026-08-31T00:00:00Z"",""semantic_key"":""c80:openlogic:rights-assignment:unit:OLP-0719""}"
urn:uuid:14f588cd-1f9c-54f8-904c-b7c1c6516093,rights_assignment,"{""dataset_id"":""urn:uuid:fdfa2782-db96-5e60-bcb3-d206d78b960a"",""id"":""urn:uuid:14f588cd-1f9c-54f8-904c-b7c1c6516093"",""normalized_state"":""published"",""owner_authority_id"":""urn:uuid:ba324c09-ea3b-5b7d-a8de-40df0fcc5e83"",""owner_native_state"":""verified"",""payload"":{""assignment_state"":""effective"",""inheritance"":""direct_from_frozen_edition"",""rights_id"":""urn:uuid:3f181e34-b5ab-550e-89bb-fd3d6c717bd0"",""target_id"":""urn:uuid:0dae8093-8f6a-5b05-a961-fde804d911f4"",""target_native_id"":""OLP-0720""},""record_type"":""rights_assignment"",""recorded_at"":""2026-08-31T00:00:00Z"",""semantic_key"":""c80:openlogic:rights-assignment:unit:OLP-0720""}"
urn:uuid:58bdc8f5-6cce-5d4c-9d3a-977e4814d67b,rights_assignment,"{""dataset_id"":""urn:uuid:fdfa2782-db96-5e60-bcb3-d206d78b960a"",""id"":""urn:uuid:58bdc8f5-6cce-5d4c-9d3a-977e4814d67b"",""normalized_state"":""published"",""owner_authority_id"":""urn:uuid:ba324c09-ea3b-5b7d-a8de-40df0fcc5e83"",""owner_native_state"":""verified"",""payload"":{""assignment_state"":""effective"",""inheritance"":""direct_from_frozen_edition"",""rights_id"":""urn:uuid:3f181e34-b5ab-550e-89bb-fd3d6c717bd0"",""target_id"":""urn:uuid:f7c0aca3-1892-56a4-ae94-3f7c1fff1a91"",""target_native_id"":""OLP-0721""},""record_type"":""rights_assignment"",""recorded_at"":""2026-08-31T00:00:00Z"",""semantic_key"":""c80:openlogic:rights-assignment:unit:OLP-0721""}"
urn:uuid:dea2e34e-34c4-5102-b9db-df1d862af404,rights_assignment,"{""dataset_id"":""urn:uuid:fdfa2782-db96-5e60-bcb3-d206d78b960a"",""id"":""urn:uuid:dea2e34e-34c4-5102-b9db-df1d862af404"",""normalized_state"":""published"",""owner_authority_id"":""urn:uuid:ba324c09-ea3b-5b7d-a8de-40df0fcc5e83"",""owner_native_state"":""verified"",""payload"":{""assignment_state"":""effective"",""inheritance"":""direct_from_frozen_edition"",""rights_id"":""urn:uuid:3f181e34-b5ab-550e-89bb-fd3d6c717bd0"",""target_id"":""urn:uuid:8ab59567-848c-53a4-bebc-cf43b929489f"",""target_native_id"":""OLP-0722""},""record_type"":""rights_assignment"",""recorded_at"":""2026-08-31T00:00:00Z"",""semantic_key"":""c80:openlogic:rights-assignment:unit:OLP-0722""}"
