component_id	component_title	source_edition	source_identifier	translation_status	exact_coverage	artifact_path	artifact_sha256	added_in_version	notes
OLP-0001	content/open-logic-about.tex	OpenLogicProject/OpenLogic@9620cc73f9c8e0ad003c514a5d3748f29611c4c0	https://github.com/OpenLogicProject/OpenLogic/blob/9620cc73f9c8e0ad003c514a5d3748f29611c4c0/content/open-logic-about.tex	complete	full source unit	source/locale/id/content/open-logic-about.tex	7c228f75eba9cb0dbea6570d19ae095cbb98b471884f6cf1d557f9afa89ecabb	OLP-0722-20260814	source_sha256=e4f2e2ec5d9957fa71df41e9ed100641fe08230f63af6065eaafcb3d37346f4a; source_bytes=1494; target_bytes=1577
OLP-0002	content/content.tex	OpenLogicProject/OpenLogic@9620cc73f9c8e0ad003c514a5d3748f29611c4c0	https://github.com/OpenLogicProject/OpenLogic/blob/9620cc73f9c8e0ad003c514a5d3748f29611c4c0/content/content.tex	complete	full source unit	source/locale/id/content/content.tex	e4f2665f026d95f0ba83c97e0f45cf9504226669445da3d2add04513be0b473c	OLP-0722-20260814	source_sha256=b42cd7f4bfd4185ccda7f834a706973a728b2126498c873671924a77b4d8f1d6; source_bytes=2376; target_bytes=2466
OLP-0003	content/sets-functions-relations/sets-functions-relations-complete.tex	OpenLogicProject/OpenLogic@9620cc73f9c8e0ad003c514a5d3748f29611c4c0	https://github.com/OpenLogicProject/OpenLogic/blob/9620cc73f9c8e0ad003c514a5d3748f29611c4c0/content/sets-functions-relations/sets-functions-relations-complete.tex	complete	full source unit	source/locale/id/content/sets-functions-relations/sets-functions-relations-complete.tex	4044da99dba197e4750bb416939ce42854705b9928f15f798be1c83ecb964d26	OLP-0722-20260814	source_sha256=03e55d8ee2ec4586a5dc8b64e6fa59950c46da3cdee54267946015e7bbd989ed; source_bytes=738; target_bytes=706
OLP-0004	content/sets-functions-relations/sets/sets.tex	OpenLogicProject/OpenLogic@9620cc73f9c8e0ad003c514a5d3748f29611c4c0	https://github.com/OpenLogicProject/OpenLogic/blob/9620cc73f9c8e0ad003c514a5d3748f29611c4c0/content/sets-functions-relations/sets/sets.tex	complete	full source unit	source/locale/id/content/sets-functions-relations/sets/sets.tex	4636752663fad9f8a562905393ee38271b5fd74b82115c1677377535c7f6bfe1	OLP-0722-20260814	source_sha256=eea34d38bb52811468a0025d348457a0f4d3f44aae4b7cabb28551d6328e2785; source_bytes=380; target_bytes=383
OLP-0005	content/sets-functions-relations/sets/basics.tex	OpenLogicProject/OpenLogic@9620cc73f9c8e0ad003c514a5d3748f29611c4c0	https://github.com/OpenLogicProject/OpenLogic/blob/9620cc73f9c8e0ad003c514a5d3748f29611c4c0/content/sets-functions-relations/sets/basics.tex	complete	full source unit	source/locale/id/content/sets-functions-relations/sets/basics.tex	b7d5d501c8a76d51d0bf49218cf4b98dab35b9a63d884e0feabd2589bbd048f7	OLP-0722-20260814	source_sha256=8bc9151af0985e6e20c374aa38cddd1add7a8dffbabccc94b89f324f62c40f8c; source_bytes=3922; target_bytes=4262
OLP-0006	content/sets-functions-relations/sets/subsets.tex	OpenLogicProject/OpenLogic@9620cc73f9c8e0ad003c514a5d3748f29611c4c0	https://github.com/OpenLogicProject/OpenLogic/blob/9620cc73f9c8e0ad003c514a5d3748f29611c4c0/content/sets-functions-relations/sets/subsets.tex	complete	full source unit	source/locale/id/content/sets-functions-relations/sets/subsets.tex	0afe964d79817b258d7b5fcbb3db224440aaf048df714ebea57febe47f5b779a	OLP-0722-20260814	source_sha256=5d982f62c40325cf75da4517add45ca073e23fb9463cfb3adfb9aafbb8582e46; source_bytes=3618; target_bytes=4143
OLP-0007	content/sets-functions-relations/sets/important-sets.tex	OpenLogicProject/OpenLogic@9620cc73f9c8e0ad003c514a5d3748f29611c4c0	https://github.com/OpenLogicProject/OpenLogic/blob/9620cc73f9c8e0ad003c514a5d3748f29611c4c0/content/sets-functions-relations/sets/important-sets.tex	complete	full source unit	source/locale/id/content/sets-functions-relations/sets/important-sets.tex	c4fa0f42ffe82a66bbab78691db4c7443a06bc30c30ecc13f4cdc4b9f0a6ced1	OLP-0722-20260814	source_sha256=b1b998cad3fa5aef48670f755245f86efe00b239d332a50e764147602405fb32; source_bytes=2720; target_bytes=3064
OLP-0008	content/sets-functions-relations/sets/unions-and-intersections.tex	OpenLogicProject/OpenLogic@9620cc73f9c8e0ad003c514a5d3748f29611c4c0	https://github.com/OpenLogicProject/OpenLogic/blob/9620cc73f9c8e0ad003c514a5d3748f29611c4c0/content/sets-functions-relations/sets/unions-and-intersections.tex	complete	full source unit	source/locale/id/content/sets-functions-relations/sets/unions-and-intersections.tex	89b0e3a252e78b52b7a683b8a9c7a5620bb77eb10dd9360ff0327f50016b28c8	OLP-0722-20260814	source_sha256=2ad0eec70308ceeff2a4158b2dee60e59a9b1cf9268fc95c4bb1da05f65ad60d; source_bytes=6075; target_bytes=6512
OLP-0009	content/sets-functions-relations/sets/pairs-and-products.tex	OpenLogicProject/OpenLogic@9620cc73f9c8e0ad003c514a5d3748f29611c4c0	https://github.com/OpenLogicProject/OpenLogic/blob/9620cc73f9c8e0ad003c514a5d3748f29611c4c0/content/sets-functions-relations/sets/pairs-and-products.tex	complete	full source unit	source/locale/id/content/sets-functions-relations/sets/pairs-and-products.tex	da745212e2156cc733982e83338f45db669bfe7dab8d6b0d55665649b6c2cce8	OLP-0722-20260814	source_sha256=3db7f0241d387b49488f70e78062c24192b813873618f761565d97bd7249431c; source_bytes=4645; target_bytes=5061
OLP-0010	content/sets-functions-relations/sets/russells-paradox.tex	OpenLogicProject/OpenLogic@9620cc73f9c8e0ad003c514a5d3748f29611c4c0	https://github.com/OpenLogicProject/OpenLogic/blob/9620cc73f9c8e0ad003c514a5d3748f29611c4c0/content/sets-functions-relations/sets/russells-paradox.tex	complete	full source unit	source/locale/id/content/sets-functions-relations/sets/russells-paradox.tex	d2dff818dbe6d613d579933e0819768abbf9165e0a337717b7229bd37fa138c9	OLP-0722-20260814	source_sha256=9a76315cd0d9cf89d27e90a9b87138b1c95aea98e0d26de3fe12d897b8c4d10d; source_bytes=3761; target_bytes=4488
OLP-0011	content/sets-functions-relations/relations/relations-complete.tex	OpenLogicProject/OpenLogic@9620cc73f9c8e0ad003c514a5d3748f29611c4c0	https://github.com/OpenLogicProject/OpenLogic/blob/9620cc73f9c8e0ad003c514a5d3748f29611c4c0/content/sets-functions-relations/relations/relations-complete.tex	complete	full source unit	source/locale/id/content/sets-functions-relations/relations/relations-complete.tex	365d4adbc39a9b995f01bbdc62e737cf38067f57335fd5b306cd1b8979b4cecb	OLP-0722-20260814	source_sha256=7e1363f3e757004246334478742e4199101dbb2551fac272462454cd40161e23; source_bytes=438; target_bytes=405
OLP-0012	content/sets-functions-relations/relations/relations-as-sets.tex	OpenLogicProject/OpenLogic@9620cc73f9c8e0ad003c514a5d3748f29611c4c0	https://github.com/OpenLogicProject/OpenLogic/blob/9620cc73f9c8e0ad003c514a5d3748f29611c4c0/content/sets-functions-relations/relations/relations-as-sets.tex	complete	full source unit	source/locale/id/content/sets-functions-relations/relations/relations-as-sets.tex	443bf2ee34c7d827c3b3149398aa2f7639106b5e0a9837a6132c589fa13ae41a	OLP-0722-20260814	source_sha256=412c6fa44ead94f076dfea7cd23f9e3cd748b08c1882dcb129b15f8efcf5c29c; source_bytes=5376; target_bytes=5848
OLP-0013	content/sets-functions-relations/relations/reflections.tex	OpenLogicProject/OpenLogic@9620cc73f9c8e0ad003c514a5d3748f29611c4c0	https://github.com/OpenLogicProject/OpenLogic/blob/9620cc73f9c8e0ad003c514a5d3748f29611c4c0/content/sets-functions-relations/relations/reflections.tex	complete	full source unit	source/locale/id/content/sets-functions-relations/relations/reflections.tex	b2c66c73a1fe50f739f5ce0e01cafb51a3cd2d16a3e9354e18625ed1bbe42655	OLP-0722-20260814	source_sha256=1f94c1032eaedb73b1de69e6f010b8e0c7437fe240ab280583ff358896fa4b27; source_bytes=4065; target_bytes=4298
OLP-0014	content/sets-functions-relations/relations/special-properties.tex	OpenLogicProject/OpenLogic@9620cc73f9c8e0ad003c514a5d3748f29611c4c0	https://github.com/OpenLogicProject/OpenLogic/blob/9620cc73f9c8e0ad003c514a5d3748f29611c4c0/content/sets-functions-relations/relations/special-properties.tex	complete	full source unit	source/locale/id/content/sets-functions-relations/relations/special-properties.tex	9f7889678db881f58b2dfb0bc38e52bf8a9af54c5ecbbded5ac356e790d859b5	OLP-0722-20260814	source_sha256=f9bdfcb4c680ea58fdb209f0347c2f8055de96558caf69a26ec3ce8e1e7ce6a1; source_bytes=3165; target_bytes=3268
OLP-0015	content/sets-functions-relations/relations/equivalence-relations.tex	OpenLogicProject/OpenLogic@9620cc73f9c8e0ad003c514a5d3748f29611c4c0	https://github.com/OpenLogicProject/OpenLogic/blob/9620cc73f9c8e0ad003c514a5d3748f29611c4c0/content/sets-functions-relations/relations/equivalence-relations.tex	complete	full source unit	source/locale/id/content/sets-functions-relations/relations/equivalence-relations.tex	c41e82bd6adf5ed0faf7e1faa83b8b6e74c44d97c71e49682ecead80dc2864bc	OLP-0722-20260814	source_sha256=0b2167d0a9633938fd173d396f9e92b795826821471ff111483f7c7088a4be46; source_bytes=3470; target_bytes=3653
OLP-0016	content/sets-functions-relations/relations/orders.tex	OpenLogicProject/OpenLogic@9620cc73f9c8e0ad003c514a5d3748f29611c4c0	https://github.com/OpenLogicProject/OpenLogic/blob/9620cc73f9c8e0ad003c514a5d3748f29611c4c0/content/sets-functions-relations/relations/orders.tex	complete	full source unit	source/locale/id/content/sets-functions-relations/relations/orders.tex	6d268fe796522132d5e548e5c2dc2649a5614a3d144812ef5e7007dc3183b8a1	OLP-0722-20260814	source_sha256=c6b7f7f49379f9cac28d844270639eae141152978ef8ad68065d0cfd83ccbd38; source_bytes=6476; target_bytes=6804
OLP-0017	content/sets-functions-relations/relations/graphs.tex	OpenLogicProject/OpenLogic@9620cc73f9c8e0ad003c514a5d3748f29611c4c0	https://github.com/OpenLogicProject/OpenLogic/blob/9620cc73f9c8e0ad003c514a5d3748f29611c4c0/content/sets-functions-relations/relations/graphs.tex	complete	full source unit	source/locale/id/content/sets-functions-relations/relations/graphs.tex	839813706bd09ac71ff4bbf669243606e876a6241f22de56a3eca208ad844d79	OLP-0722-20260814	source_sha256=a538018608ce97d0b371a392912c3d6825d8f3b17719bceca5744a77ace26351; source_bytes=3016; target_bytes=3075
OLP-0018	content/sets-functions-relations/relations/trees.tex	OpenLogicProject/OpenLogic@9620cc73f9c8e0ad003c514a5d3748f29611c4c0	https://github.com/OpenLogicProject/OpenLogic/blob/9620cc73f9c8e0ad003c514a5d3748f29611c4c0/content/sets-functions-relations/relations/trees.tex	complete	full source unit	source/locale/id/content/sets-functions-relations/relations/trees.tex	9d7b364cf45a399d6809bc52121197053c7a7e2ebaea3dfb8a6d182923bfa1a6	OLP-0722-20260814	source_sha256=57cc56ee55506aa19e7be6129d2cad6b8635fd2d6407399d4f774782f2cdd588; source_bytes=5232; target_bytes=5613
OLP-0019	content/sets-functions-relations/relations/operations.tex	OpenLogicProject/OpenLogic@9620cc73f9c8e0ad003c514a5d3748f29611c4c0	https://github.com/OpenLogicProject/OpenLogic/blob/9620cc73f9c8e0ad003c514a5d3748f29611c4c0/content/sets-functions-relations/relations/operations.tex	complete	full source unit	source/locale/id/content/sets-functions-relations/relations/operations.tex	6545a3917d221fb4aa9f21fc7094fa0b17098491eea0b3eca183ac8cabdc7914	OLP-0722-20260814	source_sha256=5e6f57e9ddf53e1624955adabd594ea3855ad787c1074ba12421b0025b432372; source_bytes=2234; target_bytes=2355
OLP-0020	content/sets-functions-relations/functions/functions.tex	OpenLogicProject/OpenLogic@9620cc73f9c8e0ad003c514a5d3748f29611c4c0	https://github.com/OpenLogicProject/OpenLogic/blob/9620cc73f9c8e0ad003c514a5d3748f29611c4c0/content/sets-functions-relations/functions/functions.tex	complete	full source unit	source/locale/id/content/sets-functions-relations/functions/functions.tex	a180e7edae6546d3c99ccf1c70c303ed1024186e1af7ff62bfde9970689329c5	OLP-0722-20260814	source_sha256=ce481e97a8f301c749d1461326b4ee3d0792b4adc15a1fceb7c6ed3b58ceca54; source_bytes=425; target_bytes=394
OLP-0021	content/sets-functions-relations/functions/function-basics.tex	OpenLogicProject/OpenLogic@9620cc73f9c8e0ad003c514a5d3748f29611c4c0	https://github.com/OpenLogicProject/OpenLogic/blob/9620cc73f9c8e0ad003c514a5d3748f29611c4c0/content/sets-functions-relations/functions/function-basics.tex	complete	full source unit	source/locale/id/content/sets-functions-relations/functions/function-basics.tex	fd8de198f0b98b1f6329d8312a845ac2a329d202d4551970ea53174017d468ad	OLP-0722-20260814	source_sha256=f01a58d84a175f42d8c233ef0e7d41c23d406b54e8f11475c14514b64eca3dc7; source_bytes=5583; target_bytes=5919
OLP-0022	content/sets-functions-relations/functions/function-kinds.tex	OpenLogicProject/OpenLogic@9620cc73f9c8e0ad003c514a5d3748f29611c4c0	https://github.com/OpenLogicProject/OpenLogic/blob/9620cc73f9c8e0ad003c514a5d3748f29611c4c0/content/sets-functions-relations/functions/function-kinds.tex	complete	full source unit	source/locale/id/content/sets-functions-relations/functions/function-kinds.tex	e338e227482dca73b5dacf8c1c3e88665fcfc126620c0cc4bebf487412bc4df4	OLP-0722-20260814	source_sha256=6dfe2a70579f8e3521d8e2286e2360dd58a19fbeda9718b62342105388ab4f93; source_bytes=4012; target_bytes=4231
OLP-0023	content/sets-functions-relations/functions/functions-relations.tex	OpenLogicProject/OpenLogic@9620cc73f9c8e0ad003c514a5d3748f29611c4c0	https://github.com/OpenLogicProject/OpenLogic/blob/9620cc73f9c8e0ad003c514a5d3748f29611c4c0/content/sets-functions-relations/functions/functions-relations.tex	complete	full source unit	source/locale/id/content/sets-functions-relations/functions/functions-relations.tex	1c4598cef89a00611bfa59e0750e6f93beafa6df23ab083911c315aab0703d63	OLP-0722-20260814	source_sha256=0205f7168e0679f513e7c95ea7124ce364bce36f9e04f06d519e90f6a5480a5c; source_bytes=3984; target_bytes=4081
OLP-0024	content/sets-functions-relations/functions/inverses.tex	OpenLogicProject/OpenLogic@9620cc73f9c8e0ad003c514a5d3748f29611c4c0	https://github.com/OpenLogicProject/OpenLogic/blob/9620cc73f9c8e0ad003c514a5d3748f29611c4c0/content/sets-functions-relations/functions/inverses.tex	complete	full source unit	source/locale/id/content/sets-functions-relations/functions/inverses.tex	413fe12dd9f9f3dee4fedbbc9928990579acc4510811b67ec1e524d92c97e81b	OLP-0722-20260814	source_sha256=93a84a2705e1ed3c92a7f5206c4308420bebbbbcb43824c1eb50e05f83777c4b; source_bytes=6924; target_bytes=7631
OLP-0025	content/sets-functions-relations/functions/composition.tex	OpenLogicProject/OpenLogic@9620cc73f9c8e0ad003c514a5d3748f29611c4c0	https://github.com/OpenLogicProject/OpenLogic/blob/9620cc73f9c8e0ad003c514a5d3748f29611c4c0/content/sets-functions-relations/functions/composition.tex	complete	full source unit	source/locale/id/content/sets-functions-relations/functions/composition.tex	8cf9550968e19aab526ea096efc30132705d42b76a95d8ff1a076a34002d3005	OLP-0722-20260814	source_sha256=091c7ab9e4d0517b2a62f4ecf10e4eb75f0f83e31e1bbd9c365c4b751b981fee; source_bytes=2572; target_bytes=2662
OLP-0026	content/sets-functions-relations/functions/partial-functions.tex	OpenLogicProject/OpenLogic@9620cc73f9c8e0ad003c514a5d3748f29611c4c0	https://github.com/OpenLogicProject/OpenLogic/blob/9620cc73f9c8e0ad003c514a5d3748f29611c4c0/content/sets-functions-relations/functions/partial-functions.tex	complete	full source unit	source/locale/id/content/sets-functions-relations/functions/partial-functions.tex	1d49d40e0a901b7bdd7a0b2b78572615b4ec9c1c6cf246b93596cac63398dba0	OLP-0722-20260814	source_sha256=2a1e79725a70fde443cc3c19c325a2c422c49e7ccd095c965f8c50fd5cc6b10b; source_bytes=2676; target_bytes=2768
OLP-0027	content/sets-functions-relations/size-of-sets/size-of-sets-complete.tex	OpenLogicProject/OpenLogic@9620cc73f9c8e0ad003c514a5d3748f29611c4c0	https://github.com/OpenLogicProject/OpenLogic/blob/9620cc73f9c8e0ad003c514a5d3748f29611c4c0/content/sets-functions-relations/size-of-sets/size-of-sets-complete.tex	complete	full source unit	source/locale/id/content/sets-functions-relations/size-of-sets/size-of-sets-complete.tex	1a80b217dbdf86000e9af7c7bc68373c467e7e8d0a132c5e66609227aa5f545d	OLP-0722-20260814	source_sha256=d2b1a2f68e99efc2e5fd9f15316db26d7f898bd61135213309f61d28a6f00a60; source_bytes=1501; target_bytes=1539
OLP-0028	content/sets-functions-relations/size-of-sets/introduction.tex	OpenLogicProject/OpenLogic@9620cc73f9c8e0ad003c514a5d3748f29611c4c0	https://github.com/OpenLogicProject/OpenLogic/blob/9620cc73f9c8e0ad003c514a5d3748f29611c4c0/content/sets-functions-relations/size-of-sets/introduction.tex	complete	full source unit	source/locale/id/content/sets-functions-relations/size-of-sets/introduction.tex	13dd66ffd264d1ad81c2745b73ca6bca9c75c947d5f332432b4c4c8ed0b9a4b6	OLP-0722-20260814	source_sha256=e771bd78d2b9819350b17f333524e22ce44a26647916f5b864cb934e380c1fb9; source_bytes=1126; target_bytes=1260
OLP-0029	content/sets-functions-relations/size-of-sets/enumerability.tex	OpenLogicProject/OpenLogic@9620cc73f9c8e0ad003c514a5d3748f29611c4c0	https://github.com/OpenLogicProject/OpenLogic/blob/9620cc73f9c8e0ad003c514a5d3748f29611c4c0/content/sets-functions-relations/size-of-sets/enumerability.tex	complete	full source unit	source/locale/id/content/sets-functions-relations/size-of-sets/enumerability.tex	3b2638788e397807dc477a926ad1139f5af04218a09eb6b0994a987dbe13a0b2	OLP-0722-20260814	source_sha256=7657db317a07eef9cd5497ad88997483dd43c9f94f27d257abe857084886a2fe; source_bytes=12285; target_bytes=13393
OLP-0030	content/sets-functions-relations/size-of-sets/zig-zag.tex	OpenLogicProject/OpenLogic@9620cc73f9c8e0ad003c514a5d3748f29611c4c0	https://github.com/OpenLogicProject/OpenLogic/blob/9620cc73f9c8e0ad003c514a5d3748f29611c4c0/content/sets-functions-relations/size-of-sets/zig-zag.tex	complete	full source unit	source/locale/id/content/sets-functions-relations/size-of-sets/zig-zag.tex	fd5851dfe02c9538df727e6daf6a2aa17d36178ae82cf7061b46e24fd980b633	OLP-0722-20260814	source_sha256=18bf058d52e22b9dbc7a08af314b58c81f35dd4009c0ccf726a0d00aec391dee; source_bytes=4502; target_bytes=4661
OLP-0031	content/sets-functions-relations/size-of-sets/pairing.tex	OpenLogicProject/OpenLogic@9620cc73f9c8e0ad003c514a5d3748f29611c4c0	https://github.com/OpenLogicProject/OpenLogic/blob/9620cc73f9c8e0ad003c514a5d3748f29611c4c0/content/sets-functions-relations/size-of-sets/pairing.tex	complete	full source unit	source/locale/id/content/sets-functions-relations/size-of-sets/pairing.tex	d7aea9647ae10becb86d5651c7c9ba55ecdbe6720adc38c020134ac4facb830e	OLP-0722-20260814	source_sha256=345a39184e28af727e378d5b5883b5e7d2e1c27cd729329376d19426ddaed484; source_bytes=4171; target_bytes=4594
OLP-0032	content/sets-functions-relations/size-of-sets/pairing-alt.tex	OpenLogicProject/OpenLogic@9620cc73f9c8e0ad003c514a5d3748f29611c4c0	https://github.com/OpenLogicProject/OpenLogic/blob/9620cc73f9c8e0ad003c514a5d3748f29611c4c0/content/sets-functions-relations/size-of-sets/pairing-alt.tex	complete	full source unit	source/locale/id/content/sets-functions-relations/size-of-sets/pairing-alt.tex	c13b173b3d3c72de6cfd857e87a5eec9cc668f30972287944e74225c2fe52a62	OLP-0722-20260814	source_sha256=fd523f5306e1fd0e5c03f4c572d244fb017d1c0be27939f180bc6867a214e425; source_bytes=4705; target_bytes=4916
OLP-0033	content/sets-functions-relations/size-of-sets/non-enumerability.tex	OpenLogicProject/OpenLogic@9620cc73f9c8e0ad003c514a5d3748f29611c4c0	https://github.com/OpenLogicProject/OpenLogic/blob/9620cc73f9c8e0ad003c514a5d3748f29611c4c0/content/sets-functions-relations/size-of-sets/non-enumerability.tex	complete	full source unit	source/locale/id/content/sets-functions-relations/size-of-sets/non-enumerability.tex	ccc4057685093e27c2d08028a06b5c117882ed32be5f1a6f858a62d34bd390ea	OLP-0722-20260814	source_sha256=a272a841f8c50bda6589aac40278b9bff7f8a1f5284730c7195423b09ac3ba2e; source_bytes=9412; target_bytes=10413
OLP-0034	content/sets-functions-relations/size-of-sets/reduction.tex	OpenLogicProject/OpenLogic@9620cc73f9c8e0ad003c514a5d3748f29611c4c0	https://github.com/OpenLogicProject/OpenLogic/blob/9620cc73f9c8e0ad003c514a5d3748f29611c4c0/content/sets-functions-relations/size-of-sets/reduction.tex	complete	full source unit	source/locale/id/content/sets-functions-relations/size-of-sets/reduction.tex	555fbda106c70b8dee471c63556f8fa9103638db219b103494ba9838e43a9cab	OLP-0722-20260814	source_sha256=33f0cbb35c8c1fa3ff0e4f44fa626fdc298d1c4612aeaafb41bcb920e5d18ac8; source_bytes=5678; target_bytes=5921
OLP-0035	content/sets-functions-relations/size-of-sets/equinumerous-sets.tex	OpenLogicProject/OpenLogic@9620cc73f9c8e0ad003c514a5d3748f29611c4c0	https://github.com/OpenLogicProject/OpenLogic/blob/9620cc73f9c8e0ad003c514a5d3748f29611c4c0/content/sets-functions-relations/size-of-sets/equinumerous-sets.tex	complete	full source unit	source/locale/id/content/sets-functions-relations/size-of-sets/equinumerous-sets.tex	467fa6243836abe5b0f69b5213ddcdd10cdc30084610c31d4c57fad36045b46f	OLP-0722-20260814	source_sha256=7b0444e3293b300b72b7a6d49638913a778f5131fd94650dd64a5f11040c91f2; source_bytes=4252; target_bytes=4451
OLP-0036	content/sets-functions-relations/size-of-sets/comparing-size.tex	OpenLogicProject/OpenLogic@9620cc73f9c8e0ad003c514a5d3748f29611c4c0	https://github.com/OpenLogicProject/OpenLogic/blob/9620cc73f9c8e0ad003c514a5d3748f29611c4c0/content/sets-functions-relations/size-of-sets/comparing-size.tex	complete	full source unit	source/locale/id/content/sets-functions-relations/size-of-sets/comparing-size.tex	b3e812ee60fde9610bac160a4ba9404f21e659b5bc5d1b74e1468669d6d11529	OLP-0722-20260814	source_sha256=cb92c7e6df9529ced700d708ad8c6efda9a0d8c3f8e69d08bcb4d614c6f5041b; source_bytes=6827; target_bytes=7635
OLP-0037	content/sets-functions-relations/size-of-sets/schroder-bernstein.tex	OpenLogicProject/OpenLogic@9620cc73f9c8e0ad003c514a5d3748f29611c4c0	https://github.com/OpenLogicProject/OpenLogic/blob/9620cc73f9c8e0ad003c514a5d3748f29611c4c0/content/sets-functions-relations/size-of-sets/schroder-bernstein.tex	complete	full source unit	source/locale/id/content/sets-functions-relations/size-of-sets/schroder-bernstein.tex	891ac859a773db2b36a182e3693cbf1f0bb7db6eec73b25f34bda3856a2ac582	OLP-0722-20260814	source_sha256=7b99b3e032e24e425383734ce80ad9a5cc37d018c09205e02f37b927d50bb56a; source_bytes=1998; target_bytes=2135
OLP-0038	content/sets-functions-relations/size-of-sets/enumerability-alt.tex	OpenLogicProject/OpenLogic@9620cc73f9c8e0ad003c514a5d3748f29611c4c0	https://github.com/OpenLogicProject/OpenLogic/blob/9620cc73f9c8e0ad003c514a5d3748f29611c4c0/content/sets-functions-relations/size-of-sets/enumerability-alt.tex	complete	full source unit	source/locale/id/content/sets-functions-relations/size-of-sets/enumerability-alt.tex	546cb899f390683054552eea1a5b5fcea2066cb08aac57ded28072d5484d3781	OLP-0722-20260814	source_sha256=8ad8d8941a5ca6d1b4cd2cc351fc16a912d00273783c0358838dd4fa51fb4627; source_bytes=4883; target_bytes=5407
OLP-0039	content/sets-functions-relations/size-of-sets/non-enumerability-alt.tex	OpenLogicProject/OpenLogic@9620cc73f9c8e0ad003c514a5d3748f29611c4c0	https://github.com/OpenLogicProject/OpenLogic/blob/9620cc73f9c8e0ad003c514a5d3748f29611c4c0/content/sets-functions-relations/size-of-sets/non-enumerability-alt.tex	complete	full source unit	source/locale/id/content/sets-functions-relations/size-of-sets/non-enumerability-alt.tex	d12c78053dcba2fb7dae7fee0612e91f3ce2b4f90b81f7032d4900d0a0eb23d2	OLP-0722-20260814	source_sha256=0c20a2c420fbf4dbd801bb97e37799b3c602ae33ef2b1dc85ff94e24208ca2bb; source_bytes=6735; target_bytes=7427
OLP-0040	content/sets-functions-relations/size-of-sets/reduction-alt.tex	OpenLogicProject/OpenLogic@9620cc73f9c8e0ad003c514a5d3748f29611c4c0	https://github.com/OpenLogicProject/OpenLogic/blob/9620cc73f9c8e0ad003c514a5d3748f29611c4c0/content/sets-functions-relations/size-of-sets/reduction-alt.tex	complete	full source unit	source/locale/id/content/sets-functions-relations/size-of-sets/reduction-alt.tex	de945bf5b1abd68f93d1d0309edd61a284cd456296ca7962068148862d01598b	OLP-0722-20260814	source_sha256=46381b85c0e9a1ab48cb9301518de91f073d649c3b1119325c1409f5a6c1d663; source_bytes=5639; target_bytes=5833
OLP-0041	content/sets-functions-relations/arithmetization/arithmetization.tex	OpenLogicProject/OpenLogic@9620cc73f9c8e0ad003c514a5d3748f29611c4c0	https://github.com/OpenLogicProject/OpenLogic/blob/9620cc73f9c8e0ad003c514a5d3748f29611c4c0/content/sets-functions-relations/arithmetization/arithmetization.tex	complete	full source unit	source/locale/id/content/sets-functions-relations/arithmetization/arithmetization.tex	c1a57a6b0d56c1ba47ffab81453b3f301cd25cb517b714d219f0c7ff8a59a904	OLP-0722-20260814	source_sha256=05f8775a82c294927a6195ae372c1910e4777909fe8ad2aaa9cbf6dea566fe24; source_bytes=575; target_bytes=549
OLP-0042	content/sets-functions-relations/arithmetization/integers.tex	OpenLogicProject/OpenLogic@9620cc73f9c8e0ad003c514a5d3748f29611c4c0	https://github.com/OpenLogicProject/OpenLogic/blob/9620cc73f9c8e0ad003c514a5d3748f29611c4c0/content/sets-functions-relations/arithmetization/integers.tex	complete	full source unit	source/locale/id/content/sets-functions-relations/arithmetization/integers.tex	d7693cd791af2712b452dcc5ed0a644b393696a8de7073d2f5b45864f2459843	OLP-0722-20260814	source_sha256=f93b142146b9527128437355d7e3922204eede2ca9c75a941d3c09a9a848ce77; source_bytes=5572; target_bytes=5886
OLP-0043	content/sets-functions-relations/arithmetization/rationals.tex	OpenLogicProject/OpenLogic@9620cc73f9c8e0ad003c514a5d3748f29611c4c0	https://github.com/OpenLogicProject/OpenLogic/blob/9620cc73f9c8e0ad003c514a5d3748f29611c4c0/content/sets-functions-relations/arithmetization/rationals.tex	complete	full source unit	source/locale/id/content/sets-functions-relations/arithmetization/rationals.tex	772b9a8ee465529c37bf9149f2ed17d23a1f1e4a0f87dfdfae741e12f71d6340	OLP-0722-20260814	source_sha256=7140495368042fcbc55907e6ee568c5bc8b7066e44a01a50cbf4202acebe71d2; source_bytes=3255; target_bytes=3666
OLP-0044	content/sets-functions-relations/arithmetization/reals.tex	OpenLogicProject/OpenLogic@9620cc73f9c8e0ad003c514a5d3748f29611c4c0	https://github.com/OpenLogicProject/OpenLogic/blob/9620cc73f9c8e0ad003c514a5d3748f29611c4c0/content/sets-functions-relations/arithmetization/reals.tex	complete	full source unit	source/locale/id/content/sets-functions-relations/arithmetization/reals.tex	49cad3492e1c9beaaa2773969dce274ffc8c248a96b872825baef99d369a0a82	OLP-0722-20260814	source_sha256=3df30161417b836178ff701aa3d778b9ec7c1ba8e3a8a54f98b5584a7960f453; source_bytes=4654; target_bytes=5109
OLP-0045	content/sets-functions-relations/arithmetization/cuts.tex	OpenLogicProject/OpenLogic@9620cc73f9c8e0ad003c514a5d3748f29611c4c0	https://github.com/OpenLogicProject/OpenLogic/blob/9620cc73f9c8e0ad003c514a5d3748f29611c4c0/content/sets-functions-relations/arithmetization/cuts.tex	complete	full source unit	source/locale/id/content/sets-functions-relations/arithmetization/cuts.tex	bb62b9e4d22b80a188150420a291988d4d53e7128b869f4ba7f3c300cd6e235c	OLP-0722-20260814	source_sha256=e7cb1029bcb0f0f1ac677c005af8d4e6a10df84bfff50c7483447b972324b44c; source_bytes=5825; target_bytes=6737
OLP-0046	content/sets-functions-relations/arithmetization/reflections.tex	OpenLogicProject/OpenLogic@9620cc73f9c8e0ad003c514a5d3748f29611c4c0	https://github.com/OpenLogicProject/OpenLogic/blob/9620cc73f9c8e0ad003c514a5d3748f29611c4c0/content/sets-functions-relations/arithmetization/reflections.tex	complete	full source unit	source/locale/id/content/sets-functions-relations/arithmetization/reflections.tex	dc1fd93399e4e1742dce91b4c1bd0fe76b578639311d9548ed6bdc02e2acdf0b	OLP-0722-20260814	source_sha256=01032be342b6892c970733acf0b553216c39c5e864c0378d25fea8c5eaa11ead; source_bytes=5326; target_bytes=6177
OLP-0047	content/sets-functions-relations/arithmetization/checking-details.tex	OpenLogicProject/OpenLogic@9620cc73f9c8e0ad003c514a5d3748f29611c4c0	https://github.com/OpenLogicProject/OpenLogic/blob/9620cc73f9c8e0ad003c514a5d3748f29611c4c0/content/sets-functions-relations/arithmetization/checking-details.tex	complete	full source unit	source/locale/id/content/sets-functions-relations/arithmetization/checking-details.tex	35a61f27d3b79f8d0bfc9dbc0ecdefdcd0680ffa674387965a9e4fe51697a8ee	OLP-0722-20260814	source_sha256=d791c146f159c8e43368c12cd1a10e61a53f501baf9f3d2c606c7bd589c0ae01; source_bytes=8707; target_bytes=9363
OLP-0048	content/sets-functions-relations/arithmetization/cauchy.tex	OpenLogicProject/OpenLogic@9620cc73f9c8e0ad003c514a5d3748f29611c4c0	https://github.com/OpenLogicProject/OpenLogic/blob/9620cc73f9c8e0ad003c514a5d3748f29611c4c0/content/sets-functions-relations/arithmetization/cauchy.tex	complete	full source unit	source/locale/id/content/sets-functions-relations/arithmetization/cauchy.tex	c83d8ad89dfb297e2a76eb109480da2c3cb5f109d1a177c316447638be8c7465	OLP-0722-20260814	source_sha256=35d0a39913340eadcab7fb9d7742b56aef0d0f29868cd65eeca9dc53694e8ac2; source_bytes=10928; target_bytes=12067
OLP-0049	content/sets-functions-relations/infinite/infinite.tex	OpenLogicProject/OpenLogic@9620cc73f9c8e0ad003c514a5d3748f29611c4c0	https://github.com/OpenLogicProject/OpenLogic/blob/9620cc73f9c8e0ad003c514a5d3748f29611c4c0/content/sets-functions-relations/infinite/infinite.tex	complete	full source unit	source/locale/id/content/sets-functions-relations/infinite/infinite.tex	5c3dfc0856dab17c0617a6b3fc188442dbb67726764192f130bd7873f78e10a4	OLP-0722-20260814	source_sha256=1f4a788f692454adc1a93e2670899f785f45ee9849952ac2f36fce7cdd77dbff; source_bytes=458; target_bytes=455
OLP-0050	content/sets-functions-relations/infinite/hilberts-hotel.tex	OpenLogicProject/OpenLogic@9620cc73f9c8e0ad003c514a5d3748f29611c4c0	https://github.com/OpenLogicProject/OpenLogic/blob/9620cc73f9c8e0ad003c514a5d3748f29611c4c0/content/sets-functions-relations/infinite/hilberts-hotel.tex	complete	full source unit	source/locale/id/content/sets-functions-relations/infinite/hilberts-hotel.tex	a81da0629916dc0b920f7a77d2cd9ac5f8274af6439a82f36d640127bc55879e	OLP-0722-20260814	source_sha256=e9a73caefcc496d7074251a3ac15f66fd577415bd3a531dd23f79375502ee0ed; source_bytes=2551; target_bytes=2711
OLP-0051	content/sets-functions-relations/infinite/dedekind-algebra.tex	OpenLogicProject/OpenLogic@9620cc73f9c8e0ad003c514a5d3748f29611c4c0	https://github.com/OpenLogicProject/OpenLogic/blob/9620cc73f9c8e0ad003c514a5d3748f29611c4c0/content/sets-functions-relations/infinite/dedekind-algebra.tex	complete	full source unit	source/locale/id/content/sets-functions-relations/infinite/dedekind-algebra.tex	1d68378a390b4de543c8a8f83fe91f73ef58c1c66d1953fb0daa0b972a911da7	OLP-0722-20260814	source_sha256=9cee716bb8cb3bfd507ed5c17bbd4477d05995af6f8f8d411087793bdaa86036; source_bytes=5072; target_bytes=5629
OLP-0052	content/sets-functions-relations/infinite/dedekind-induction.tex	OpenLogicProject/OpenLogic@9620cc73f9c8e0ad003c514a5d3748f29611c4c0	https://github.com/OpenLogicProject/OpenLogic/blob/9620cc73f9c8e0ad003c514a5d3748f29611c4c0/content/sets-functions-relations/infinite/dedekind-induction.tex	complete	full source unit	source/locale/id/content/sets-functions-relations/infinite/dedekind-induction.tex	bb2dce323e32a4b1831b00b885118409f0f89b1a8e45f11b6da85ca3261015e6	OLP-0722-20260814	source_sha256=ea5f6c80d70abca6f5598de3e221c2f60524c40cbf533ae8a5336d5bb7186537; source_bytes=3486; target_bytes=3683
OLP-0053	content/sets-functions-relations/infinite/dedekinds-proof.tex	OpenLogicProject/OpenLogic@9620cc73f9c8e0ad003c514a5d3748f29611c4c0	https://github.com/OpenLogicProject/OpenLogic/blob/9620cc73f9c8e0ad003c514a5d3748f29611c4c0/content/sets-functions-relations/infinite/dedekinds-proof.tex	complete	full source unit	source/locale/id/content/sets-functions-relations/infinite/dedekinds-proof.tex	91d6b5d2ea4bd572dc30ff6100c57e8918977c800f59a50e04212e801b7a2dcd	OLP-0722-20260814	source_sha256=a7c41cebb6b7b0e2bed0d187777be4ba69fecdb17baa070975a0ca5c5c55b8bf; source_bytes=5886; target_bytes=6474
OLP-0054	content/sets-functions-relations/infinite/card-sb.tex	OpenLogicProject/OpenLogic@9620cc73f9c8e0ad003c514a5d3748f29611c4c0	https://github.com/OpenLogicProject/OpenLogic/blob/9620cc73f9c8e0ad003c514a5d3748f29611c4c0/content/sets-functions-relations/infinite/card-sb.tex	complete	full source unit	source/locale/id/content/sets-functions-relations/infinite/card-sb.tex	001e757715635c0746fa93a84b5677f5db2a47e6f608391be1b3c719b2097b7f	OLP-0722-20260814	source_sha256=88534a3f2be736a704ab31343e45933edb9712fa5b4411eb102c0f4a12d656e9; source_bytes=4143; target_bytes=4855
OLP-0055	content/propositional-logic/propositional-logic.tex	OpenLogicProject/OpenLogic@9620cc73f9c8e0ad003c514a5d3748f29611c4c0	https://github.com/OpenLogicProject/OpenLogic/blob/9620cc73f9c8e0ad003c514a5d3748f29611c4c0/content/propositional-logic/propositional-logic.tex	complete	full source unit	source/locale/id/content/propositional-logic/propositional-logic.tex	fbcb8684894f2c907d5b42a0b93a3b568edc30b7fab8f6f39d48217b1f271b4c	OLP-0722-20260814	source_sha256=8cfcb14b29eae3ae53c6ef626987e2323b8c870010e27d52d454296f24452799; source_bytes=1495; target_bytes=1477
OLP-0056	content/propositional-logic/syntax-and-semantics/syntax-and-semantics.tex	OpenLogicProject/OpenLogic@9620cc73f9c8e0ad003c514a5d3748f29611c4c0	https://github.com/OpenLogicProject/OpenLogic/blob/9620cc73f9c8e0ad003c514a5d3748f29611c4c0/content/propositional-logic/syntax-and-semantics/syntax-and-semantics.tex	complete	full source unit	source/locale/id/content/propositional-logic/syntax-and-semantics/syntax-and-semantics.tex	462431e7b2bce9ecb44ca9b5ee98870a39e2921d78c2e7f2954a968e4aafa195	OLP-0722-20260814	source_sha256=799d1dab63cda19a28c1dbf7097052fb790bbce609aecd5367d2e368decdb18b; source_bytes=609; target_bytes=635
OLP-0057	content/propositional-logic/syntax-and-semantics/introduction.tex	OpenLogicProject/OpenLogic@9620cc73f9c8e0ad003c514a5d3748f29611c4c0	https://github.com/OpenLogicProject/OpenLogic/blob/9620cc73f9c8e0ad003c514a5d3748f29611c4c0/content/propositional-logic/syntax-and-semantics/introduction.tex	complete	full source unit	source/locale/id/content/propositional-logic/syntax-and-semantics/introduction.tex	755779eaec9923d35a349eb526b3af07b9f07b3a20b41e5423bd009f837a4c9d	OLP-0722-20260814	source_sha256=2ad06497283fa1399d56862c75caf1a418bb753fbb0195658af9f0c57183a441; source_bytes=4227; target_bytes=4607
OLP-0058	content/propositional-logic/syntax-and-semantics/formulas.tex	OpenLogicProject/OpenLogic@9620cc73f9c8e0ad003c514a5d3748f29611c4c0	https://github.com/OpenLogicProject/OpenLogic/blob/9620cc73f9c8e0ad003c514a5d3748f29611c4c0/content/propositional-logic/syntax-and-semantics/formulas.tex	complete	full source unit	source/locale/id/content/propositional-logic/syntax-and-semantics/formulas.tex	102d32ad31976a33e2846eac0c86f6fe5efd2d864ade0a0095cff5b624b77efa	OLP-0722-20260814	source_sha256=8777d77e48e3a41a527b1b737c67e00cb7850f4fa0902ce24846000b40724756; source_bytes=7203; target_bytes=7458
OLP-0059	content/propositional-logic/syntax-and-semantics/preliminaries.tex	OpenLogicProject/OpenLogic@9620cc73f9c8e0ad003c514a5d3748f29611c4c0	https://github.com/OpenLogicProject/OpenLogic/blob/9620cc73f9c8e0ad003c514a5d3748f29611c4c0/content/propositional-logic/syntax-and-semantics/preliminaries.tex	complete	full source unit	source/locale/id/content/propositional-logic/syntax-and-semantics/preliminaries.tex	df60b0058fd7d79d8b369ebdb98d5ca109093aa2c0ed99badf87e1a4500edb2e	OLP-0722-20260814	source_sha256=78673f8419aa1f936f1ecc5629c0fa92c74fd4ee3102badf5f389e3d775f48d6; source_bytes=4271; target_bytes=4469
OLP-0060	content/propositional-logic/syntax-and-semantics/formation-sequences.tex	OpenLogicProject/OpenLogic@9620cc73f9c8e0ad003c514a5d3748f29611c4c0	https://github.com/OpenLogicProject/OpenLogic/blob/9620cc73f9c8e0ad003c514a5d3748f29611c4c0/content/propositional-logic/syntax-and-semantics/formation-sequences.tex	complete	full source unit	source/locale/id/content/propositional-logic/syntax-and-semantics/formation-sequences.tex	72801592ce5a90faf543cf23558731abb1b7239f109821f6bc6edbf2ab3b5777	OLP-0722-20260814	source_sha256=4057bf6b85c70ad9ee56dc5365b21a1daa0a99550079bdafb1ab16f36b943356; source_bytes=5431; target_bytes=5685
OLP-0061	content/propositional-logic/syntax-and-semantics/valuations-sat.tex	OpenLogicProject/OpenLogic@9620cc73f9c8e0ad003c514a5d3748f29611c4c0	https://github.com/OpenLogicProject/OpenLogic/blob/9620cc73f9c8e0ad003c514a5d3748f29611c4c0/content/propositional-logic/syntax-and-semantics/valuations-sat.tex	complete	full source unit	source/locale/id/content/propositional-logic/syntax-and-semantics/valuations-sat.tex	22b344cb5a7008a0cb27236055077a9fa505e35bf9b4349ef4b39a1512577677	OLP-0722-20260814	source_sha256=d1454e8c2366f3a204a371523f41feacbdc72402f7a3a7ae6635b60b17c90481; source_bytes=6190; target_bytes=6339
OLP-0062	content/propositional-logic/syntax-and-semantics/semantic-notions.tex	OpenLogicProject/OpenLogic@9620cc73f9c8e0ad003c514a5d3748f29611c4c0	https://github.com/OpenLogicProject/OpenLogic/blob/9620cc73f9c8e0ad003c514a5d3748f29611c4c0/content/propositional-logic/syntax-and-semantics/semantic-notions.tex	complete	full source unit	source/locale/id/content/propositional-logic/syntax-and-semantics/semantic-notions.tex	1e32925e1d401747f5ac5b73403884083b85efd85f70d708bad9c66369580115	OLP-0722-20260814	source_sha256=0167b2bab0dc2a75d011556643190a246d29831244a60bde5515b1b2f431406a; source_bytes=3058; target_bytes=3251
OLP-0063	content/first-order-logic/proof-systems/proof-systems.tex	OpenLogicProject/OpenLogic@9620cc73f9c8e0ad003c514a5d3748f29611c4c0	https://github.com/OpenLogicProject/OpenLogic/blob/9620cc73f9c8e0ad003c514a5d3748f29611c4c0/content/first-order-logic/proof-systems/proof-systems.tex	complete	full source unit	source/locale/id/content/first-order-logic/proof-systems/proof-systems.tex	907af9733ac30d4d49d72a40cb7af244e9800ce7ebf7e3785377e24ecd397a31	OLP-0722-20260814	source_sha256=85b8a0fca16c329ad16b3c17975735c159e0cf9d38e8dfc7501acba84171fb6c; source_bytes=735; target_bytes=704
OLP-0064	content/first-order-logic/proof-systems/introduction.tex	OpenLogicProject/OpenLogic@9620cc73f9c8e0ad003c514a5d3748f29611c4c0	https://github.com/OpenLogicProject/OpenLogic/blob/9620cc73f9c8e0ad003c514a5d3748f29611c4c0/content/first-order-logic/proof-systems/introduction.tex	complete	full source unit	source/locale/id/content/first-order-logic/proof-systems/introduction.tex	f0fd9207187515506bd4f7eb6b71e98bf4be578af14d0908eb2649eab7d44f8c	OLP-0722-20260814	source_sha256=5172343625a0d66971257858a1a6e359805ffeec979bd5afdc0377864799a756; source_bytes=5304; target_bytes=5639
OLP-0065	content/first-order-logic/proof-systems/sequent-calculus.tex	OpenLogicProject/OpenLogic@9620cc73f9c8e0ad003c514a5d3748f29611c4c0	https://github.com/OpenLogicProject/OpenLogic/blob/9620cc73f9c8e0ad003c514a5d3748f29611c4c0/content/first-order-logic/proof-systems/sequent-calculus.tex	complete	full source unit	source/locale/id/content/first-order-logic/proof-systems/sequent-calculus.tex	04fe414e682651cbbf0b1d7aca69f7c533a38f8ae92acd2ab1321ec9199726bf	OLP-0722-20260814	source_sha256=9a847c7bd45afe0d177230807fb2ba9dda820b4c0551a9274002db8776182003; source_bytes=2986; target_bytes=3073
OLP-0066	content/first-order-logic/proof-systems/natural-deduction.tex	OpenLogicProject/OpenLogic@9620cc73f9c8e0ad003c514a5d3748f29611c4c0	https://github.com/OpenLogicProject/OpenLogic/blob/9620cc73f9c8e0ad003c514a5d3748f29611c4c0/content/first-order-logic/proof-systems/natural-deduction.tex	complete	full source unit	source/locale/id/content/first-order-logic/proof-systems/natural-deduction.tex	4200eced3b9252a4a58760382628c530faf282150165ff730373cf0e38508ff2	OLP-0722-20260814	source_sha256=c203daa5161eed34188e9fb9022b83be4f0201904f31cef386c5b838fb9e7d49; source_bytes=4624; target_bytes=4768
OLP-0067	content/first-order-logic/proof-systems/tableaux.tex	OpenLogicProject/OpenLogic@9620cc73f9c8e0ad003c514a5d3748f29611c4c0	https://github.com/OpenLogicProject/OpenLogic/blob/9620cc73f9c8e0ad003c514a5d3748f29611c4c0/content/first-order-logic/proof-systems/tableaux.tex	complete	full source unit	source/locale/id/content/first-order-logic/proof-systems/tableaux.tex	4d61a7b695b9eb0ca94a91684fd0f98ffe209439914e7d189ae9dabacfa1781e	OLP-0722-20260814	source_sha256=6abf691f97c618dd41bc0c30a21dcf74fa7025228aa378cfd9f0369a898c2966; source_bytes=4003; target_bytes=4402
OLP-0068	content/first-order-logic/proof-systems/axiomatic-deduction.tex	OpenLogicProject/OpenLogic@9620cc73f9c8e0ad003c514a5d3748f29611c4c0	https://github.com/OpenLogicProject/OpenLogic/blob/9620cc73f9c8e0ad003c514a5d3748f29611c4c0/content/first-order-logic/proof-systems/axiomatic-deduction.tex	complete	full source unit	source/locale/id/content/first-order-logic/proof-systems/axiomatic-deduction.tex	ace4b2e3d141b1df2102fd32d6d4cbc286ba4f0abd7ec75d5221f9be24791efe	OLP-0722-20260814	source_sha256=0269390efeb94a0522020ce00d45f1d1e752e4a32db564b7519d7a939fa13034; source_bytes=4020; target_bytes=4432
OLP-0069	content/first-order-logic/sequent-calculus/sequent-calculus.tex	OpenLogicProject/OpenLogic@9620cc73f9c8e0ad003c514a5d3748f29611c4c0	https://github.com/OpenLogicProject/OpenLogic/blob/9620cc73f9c8e0ad003c514a5d3748f29611c4c0/content/first-order-logic/sequent-calculus/sequent-calculus.tex	complete	full source unit	source/locale/id/content/first-order-logic/sequent-calculus/sequent-calculus.tex	3bd05739d8ef4cd58659c783c4e7270ba9a44ce37be99d67bd5c86c866ca788d	OLP-0722-20260814	source_sha256=8cbb6df83670a2586d10ef405c78ed4f75102f8d63903eef93e7ac2b8ea3b603; source_bytes=1130; target_bytes=1105
OLP-0070	content/first-order-logic/sequent-calculus/rules-and-proofs.tex	OpenLogicProject/OpenLogic@9620cc73f9c8e0ad003c514a5d3748f29611c4c0	https://github.com/OpenLogicProject/OpenLogic/blob/9620cc73f9c8e0ad003c514a5d3748f29611c4c0/content/first-order-logic/sequent-calculus/rules-and-proofs.tex	complete	full source unit	source/locale/id/content/first-order-logic/sequent-calculus/rules-and-proofs.tex	f6bb912f9390aa07557ee8278b86b7b938ce8657ad3daa0a6bc47e3730607847	OLP-0722-20260814	source_sha256=a598b850cb425035d0c7a01b88bb491502c840fc76c2bd3dbe7e2dda5487d706; source_bytes=2884; target_bytes=2978
OLP-0071	content/first-order-logic/sequent-calculus/propositional-rules.tex	OpenLogicProject/OpenLogic@9620cc73f9c8e0ad003c514a5d3748f29611c4c0	https://github.com/OpenLogicProject/OpenLogic/blob/9620cc73f9c8e0ad003c514a5d3748f29611c4c0/content/first-order-logic/sequent-calculus/propositional-rules.tex	complete	full source unit	source/locale/id/content/first-order-logic/sequent-calculus/propositional-rules.tex	2a7041c3ec0d0116cfb5cc7005f49a39be8efc77595584e91a194a14727f0dfd	OLP-0722-20260814	source_sha256=2a030e59a3a3156f61ff949e10a8a1470a0be80a419851fc56821aa458092ade; source_bytes=2104; target_bytes=2037
OLP-0072	content/first-order-logic/sequent-calculus/quantifier-rules.tex	OpenLogicProject/OpenLogic@9620cc73f9c8e0ad003c514a5d3748f29611c4c0	https://github.com/OpenLogicProject/OpenLogic/blob/9620cc73f9c8e0ad003c514a5d3748f29611c4c0/content/first-order-logic/sequent-calculus/quantifier-rules.tex	complete	full source unit	source/locale/id/content/first-order-logic/sequent-calculus/quantifier-rules.tex	beeaaeb5de592e6cb3a47e003f99ea0b3bbb81f70f2f6d854b11e7a3abe7b645	OLP-0722-20260814	source_sha256=254abc98503c7370e046c43f8fec7cf7b5e9909be2959b0f1c513bb278d85b78; source_bytes=3956; target_bytes=3959
OLP-0073	content/first-order-logic/sequent-calculus/structural-rules.tex	OpenLogicProject/OpenLogic@9620cc73f9c8e0ad003c514a5d3748f29611c4c0	https://github.com/OpenLogicProject/OpenLogic/blob/9620cc73f9c8e0ad003c514a5d3748f29611c4c0/content/first-order-logic/sequent-calculus/structural-rules.tex	complete	full source unit	source/locale/id/content/first-order-logic/sequent-calculus/structural-rules.tex	746bd301dd001de69368559c86b6228e191dd0a04b186c827e71edd80bdc9071	OLP-0722-20260814	source_sha256=ea1ca77eca03ec566cc900b2399e95002b4cfc07eb3549a3f19da9ee23a09793; source_bytes=2237; target_bytes=2210
OLP-0074	content/first-order-logic/sequent-calculus/derivations.tex	OpenLogicProject/OpenLogic@9620cc73f9c8e0ad003c514a5d3748f29611c4c0	https://github.com/OpenLogicProject/OpenLogic/blob/9620cc73f9c8e0ad003c514a5d3748f29611c4c0/content/first-order-logic/sequent-calculus/derivations.tex	complete	full source unit	source/locale/id/content/first-order-logic/sequent-calculus/derivations.tex	d20a575a6e89ac8a71c7e008bbc842beb0c3134525a165a1a24f4f0bb327395e	OLP-0722-20260814	source_sha256=0d47d6984b609f00edfec9acc49c85d33ac001609f10e5e501cbd96f3a5f63dd; source_bytes=4360; target_bytes=4549
OLP-0075	content/first-order-logic/sequent-calculus/proving-things.tex	OpenLogicProject/OpenLogic@9620cc73f9c8e0ad003c514a5d3748f29611c4c0	https://github.com/OpenLogicProject/OpenLogic/blob/9620cc73f9c8e0ad003c514a5d3748f29611c4c0/content/first-order-logic/sequent-calculus/proving-things.tex	complete	full source unit	source/locale/id/content/first-order-logic/sequent-calculus/proving-things.tex	897a12b7bc254b1324e1e7ec938f697e6643c91124540d7f0216ca22c1e7a466	OLP-0722-20260814	source_sha256=73fa9c16dcbd072ac535c251fa02fc78640b82381d57162817043a6ad578b18e; source_bytes=12749; target_bytes=12778
OLP-0076	content/first-order-logic/sequent-calculus/proving-things-quant.tex	OpenLogicProject/OpenLogic@9620cc73f9c8e0ad003c514a5d3748f29611c4c0	https://github.com/OpenLogicProject/OpenLogic/blob/9620cc73f9c8e0ad003c514a5d3748f29611c4c0/content/first-order-logic/sequent-calculus/proving-things-quant.tex	complete	full source unit	source/locale/id/content/first-order-logic/sequent-calculus/proving-things-quant.tex	35a0d0d6b5aec91b1a2ccfe0bbe98059c00411a1baed4ccc86d15decf869c3cf	OLP-0722-20260814	source_sha256=9c249f76aa00ddc5b64b68179b052d7df7e7ffa69be413de20796d98bd80389d; source_bytes=4612; target_bytes=4595
OLP-0077	content/first-order-logic/sequent-calculus/proof-theoretic-notions.tex	OpenLogicProject/OpenLogic@9620cc73f9c8e0ad003c514a5d3748f29611c4c0	https://github.com/OpenLogicProject/OpenLogic/blob/9620cc73f9c8e0ad003c514a5d3748f29611c4c0/content/first-order-logic/sequent-calculus/proof-theoretic-notions.tex	complete	full source unit	source/locale/id/content/first-order-logic/sequent-calculus/proof-theoretic-notions.tex	12837032db27238fc42e074d8bdf85b6ba6b93fb69aa3584cf76f33d3d1a3b27	OLP-0722-20260814	source_sha256=aea2dd5d73394a3cd97b72ada3e7d21aac0113cc4d995b54196a5506b1fa5a81; source_bytes=6084; target_bytes=6431
OLP-0078	content/first-order-logic/sequent-calculus/provability-consistency.tex	OpenLogicProject/OpenLogic@9620cc73f9c8e0ad003c514a5d3748f29611c4c0	https://github.com/OpenLogicProject/OpenLogic/blob/9620cc73f9c8e0ad003c514a5d3748f29611c4c0/content/first-order-logic/sequent-calculus/provability-consistency.tex	complete	full source unit	source/locale/id/content/first-order-logic/sequent-calculus/provability-consistency.tex	858f7f8d28106db6de7e18e9317efb8a6ccca0b48ebef5c1fd4926b6a14b3f9c	OLP-0722-20260814	source_sha256=3e784d39f38d393203a7623b34e8fcad64e3299c102ee2ef96a812b5e6c8c229; source_bytes=4129; target_bytes=4157
OLP-0079	content/first-order-logic/sequent-calculus/provability-propositional.tex	OpenLogicProject/OpenLogic@9620cc73f9c8e0ad003c514a5d3748f29611c4c0	https://github.com/OpenLogicProject/OpenLogic/blob/9620cc73f9c8e0ad003c514a5d3748f29611c4c0/content/first-order-logic/sequent-calculus/provability-propositional.tex	complete	full source unit	source/locale/id/content/first-order-logic/sequent-calculus/provability-propositional.tex	5d42d1262f8ef255df39f99ae13b53bd71c5741a56b18037899ab48d5fd319da	OLP-0722-20260814	source_sha256=13dd017159225b5fc9bcaa38c927fda407264d59c1305ebfd49329a85f5b9fa8; source_bytes=4649; target_bytes=4745
OLP-0080	content/first-order-logic/sequent-calculus/provability-quantifiers.tex	OpenLogicProject/OpenLogic@9620cc73f9c8e0ad003c514a5d3748f29611c4c0	https://github.com/OpenLogicProject/OpenLogic/blob/9620cc73f9c8e0ad003c514a5d3748f29611c4c0/content/first-order-logic/sequent-calculus/provability-quantifiers.tex	complete	full source unit	source/locale/id/content/first-order-logic/sequent-calculus/provability-quantifiers.tex	7ef331eaa5b0fb31b7008c5f10309b84f807694321e359ffe7cec52fcd61556f	OLP-0722-20260814	source_sha256=eb63f32c87bbdbef776a65a4c1da758fd5671e47e3c4171f224d3214b31aa48f; source_bytes=1841; target_bytes=1833
OLP-0081	content/first-order-logic/sequent-calculus/soundness.tex	OpenLogicProject/OpenLogic@9620cc73f9c8e0ad003c514a5d3748f29611c4c0	https://github.com/OpenLogicProject/OpenLogic/blob/9620cc73f9c8e0ad003c514a5d3748f29611c4c0/content/first-order-logic/sequent-calculus/soundness.tex	complete	full source unit	source/locale/id/content/first-order-logic/sequent-calculus/soundness.tex	427331d19c0c5c4eca75e4ba260a58ca26f53221713d0672bc2586eb86afcf6b	OLP-0722-20260814	source_sha256=d9f6180bee35f29553144b6eca5a1eb1916e0262dcdc8c30f50193a53d8001fa; source_bytes=18047; target_bytes=18961
OLP-0082	content/first-order-logic/sequent-calculus/identity.tex	OpenLogicProject/OpenLogic@9620cc73f9c8e0ad003c514a5d3748f29611c4c0	https://github.com/OpenLogicProject/OpenLogic/blob/9620cc73f9c8e0ad003c514a5d3748f29611c4c0/content/first-order-logic/sequent-calculus/identity.tex	complete	full source unit	source/locale/id/content/first-order-logic/sequent-calculus/identity.tex	f61e66e89e0b21beba942d90a08b46d26a700955dce5421f63972345c4148f37	OLP-0722-20260814	source_sha256=f9abed3c3d8c2079b2be27fdcb551c8f1987d1b4db18ece56d4c9e1a7b066856; source_bytes=2457; target_bytes=2474
OLP-0083	content/first-order-logic/sequent-calculus/soundness-identity.tex	OpenLogicProject/OpenLogic@9620cc73f9c8e0ad003c514a5d3748f29611c4c0	https://github.com/OpenLogicProject/OpenLogic/blob/9620cc73f9c8e0ad003c514a5d3748f29611c4c0/content/first-order-logic/sequent-calculus/soundness-identity.tex	complete	full source unit	source/locale/id/content/first-order-logic/sequent-calculus/soundness-identity.tex	33702681c0fbf2e7f3a1eaba470cffb87fc444d3a2dffa19f19354598301f56b	OLP-0722-20260814	source_sha256=da0c929628dc2c252d9d48d2fff02439e26c7a984db958943aa6cd55bb4ffeb5; source_bytes=1807; target_bytes=1868
OLP-0084	content/first-order-logic/natural-deduction/natural-deduction.tex	OpenLogicProject/OpenLogic@9620cc73f9c8e0ad003c514a5d3748f29611c4c0	https://github.com/OpenLogicProject/OpenLogic/blob/9620cc73f9c8e0ad003c514a5d3748f29611c4c0/content/first-order-logic/natural-deduction/natural-deduction.tex	complete	full source unit	source/locale/id/content/first-order-logic/natural-deduction/natural-deduction.tex	6aa3d63fcf16bfa251d6ee4e5e2d59124acdef5737cebb596a12cdb8f5089dad	OLP-0722-20260814	source_sha256=8fa1e5a3e1211ce9c55e0ff66acbb8d5a6a9af360529d7775587a626fbe49b8e; source_bytes=1032; target_bytes=973
OLP-0085	content/first-order-logic/natural-deduction/rules-and-proofs.tex	OpenLogicProject/OpenLogic@9620cc73f9c8e0ad003c514a5d3748f29611c4c0	https://github.com/OpenLogicProject/OpenLogic/blob/9620cc73f9c8e0ad003c514a5d3748f29611c4c0/content/first-order-logic/natural-deduction/rules-and-proofs.tex	complete	full source unit	source/locale/id/content/first-order-logic/natural-deduction/rules-and-proofs.tex	d070ac560767c37a11f545cac55ae2b79f105edcf7b18c0d7d377073874102ef	OLP-0722-20260814	source_sha256=0556326eefd6fbb957243d9f94969fd23adefb4af69f80419d4a2818d53088f0; source_bytes=2113; target_bytes=2247
OLP-0086	content/first-order-logic/natural-deduction/propositional-rules.tex	OpenLogicProject/OpenLogic@9620cc73f9c8e0ad003c514a5d3748f29611c4c0	https://github.com/OpenLogicProject/OpenLogic/blob/9620cc73f9c8e0ad003c514a5d3748f29611c4c0/content/first-order-logic/natural-deduction/propositional-rules.tex	complete	full source unit	source/locale/id/content/first-order-logic/natural-deduction/propositional-rules.tex	7477693691999b64ef85a17103a0d38687658d7f6b8f884d9c0ec4b03d9745be	OLP-0722-20260814	source_sha256=c22d2603cc9c4a79d630a4bc00b817c57c07b000e5d4bc443815e13b4f4cb515; source_bytes=2506; target_bytes=2438
OLP-0087	content/first-order-logic/natural-deduction/quantifier-rules.tex	OpenLogicProject/OpenLogic@9620cc73f9c8e0ad003c514a5d3748f29611c4c0	https://github.com/OpenLogicProject/OpenLogic/blob/9620cc73f9c8e0ad003c514a5d3748f29611c4c0/content/first-order-logic/natural-deduction/quantifier-rules.tex	complete	full source unit	source/locale/id/content/first-order-logic/natural-deduction/quantifier-rules.tex	4ebf24041111ba2ef983b4ba86f482fb8a7a68ecfad8d19661d82f3d77a4740e	OLP-0722-20260814	source_sha256=5d9c3a507fe1b79e4d376963b5e3efca4a3352cc7cef7d18255c61e60592f71b; source_bytes=4112; target_bytes=4103
OLP-0088	content/first-order-logic/natural-deduction/derivations.tex	OpenLogicProject/OpenLogic@9620cc73f9c8e0ad003c514a5d3748f29611c4c0	https://github.com/OpenLogicProject/OpenLogic/blob/9620cc73f9c8e0ad003c514a5d3748f29611c4c0/content/first-order-logic/natural-deduction/derivations.tex	complete	full source unit	source/locale/id/content/first-order-logic/natural-deduction/derivations.tex	b562ed11e296111e74d8603e78db2d9530730f933acaced59338064a5a480e53	OLP-0722-20260814	source_sha256=04cdbaa301a71243b78d880551ce2f8edbf6f059764eceacd5b8910f0459cb26; source_bytes=3825; target_bytes=3993
OLP-0089	content/first-order-logic/natural-deduction/proving-things.tex	OpenLogicProject/OpenLogic@9620cc73f9c8e0ad003c514a5d3748f29611c4c0	https://github.com/OpenLogicProject/OpenLogic/blob/9620cc73f9c8e0ad003c514a5d3748f29611c4c0/content/first-order-logic/natural-deduction/proving-things.tex	complete	full source unit	source/locale/id/content/first-order-logic/natural-deduction/proving-things.tex	069d99c8af43dc287db35c769f82c6e44e691275a9dc96456ec82e06389e2652	OLP-0722-20260814	source_sha256=ff58b86389a21dbc6f240f49e62d5fca0bdb4d3ba54e0d364792cdcddd34724f; source_bytes=11372; target_bytes=11486
OLP-0090	content/first-order-logic/natural-deduction/proving-things-quant.tex	OpenLogicProject/OpenLogic@9620cc73f9c8e0ad003c514a5d3748f29611c4c0	https://github.com/OpenLogicProject/OpenLogic/blob/9620cc73f9c8e0ad003c514a5d3748f29611c4c0/content/first-order-logic/natural-deduction/proving-things-quant.tex	complete	full source unit	source/locale/id/content/first-order-logic/natural-deduction/proving-things-quant.tex	928d581265fc79e95633bc44151c1df984ef2ac4d06916c995b526fb539a230a	OLP-0722-20260814	source_sha256=6f49b930a86f60a1cca318d70259378f7bc6b5ebb76f307665c4eb4363e8235f; source_bytes=9803; target_bytes=10061
OLP-0091	content/first-order-logic/natural-deduction/proof-theoretic-notions.tex	OpenLogicProject/OpenLogic@9620cc73f9c8e0ad003c514a5d3748f29611c4c0	https://github.com/OpenLogicProject/OpenLogic/blob/9620cc73f9c8e0ad003c514a5d3748f29611c4c0/content/first-order-logic/natural-deduction/proof-theoretic-notions.tex	complete	full source unit	source/locale/id/content/first-order-logic/natural-deduction/proof-theoretic-notions.tex	bacfe229b38696e84d8debf870a167cab73b58b60c3ae3f0fa7fa9b760a6d1d9	OLP-0722-20260814	source_sha256=7e05743251dd0c5071685193a98c28baea1c77b06836f11e3f3e3aa6a6bd9198; source_bytes=5198; target_bytes=5475
OLP-0092	content/first-order-logic/natural-deduction/provability-consistency.tex	OpenLogicProject/OpenLogic@9620cc73f9c8e0ad003c514a5d3748f29611c4c0	https://github.com/OpenLogicProject/OpenLogic/blob/9620cc73f9c8e0ad003c514a5d3748f29611c4c0/content/first-order-logic/natural-deduction/provability-consistency.tex	complete	full source unit	source/locale/id/content/first-order-logic/natural-deduction/provability-consistency.tex	86d6278f81fdfc0a96cdbc0f1e92e90d32e92afee5ac618ee1b7aa2da4ca130c	OLP-0722-20260814	source_sha256=9d967013e14c7f911bf612ddab65b22a2e5f8d90f182926741c0bf7cab5076bc; source_bytes=4037; target_bytes=4052
OLP-0093	content/first-order-logic/natural-deduction/provability-propositional.tex	OpenLogicProject/OpenLogic@9620cc73f9c8e0ad003c514a5d3748f29611c4c0	https://github.com/OpenLogicProject/OpenLogic/blob/9620cc73f9c8e0ad003c514a5d3748f29611c4c0/content/first-order-logic/natural-deduction/provability-propositional.tex	complete	full source unit	source/locale/id/content/first-order-logic/natural-deduction/provability-propositional.tex	477b33231262a1ba133603c32a8426f85536da5d9b619e8748a1c0cf0f4e1cd7	OLP-0722-20260814	source_sha256=7be41cbf7877f1b7163f3cc9ad98867b4cf793b69f4a98e5734f731e3e802016; source_bytes=3950; target_bytes=3952
OLP-0094	content/first-order-logic/natural-deduction/provability-quantifiers.tex	OpenLogicProject/OpenLogic@9620cc73f9c8e0ad003c514a5d3748f29611c4c0	https://github.com/OpenLogicProject/OpenLogic/blob/9620cc73f9c8e0ad003c514a5d3748f29611c4c0/content/first-order-logic/natural-deduction/provability-quantifiers.tex	complete	full source unit	source/locale/id/content/first-order-logic/natural-deduction/provability-quantifiers.tex	b0c7c12f62c8d081213a896b2882ee2da171a092aab4d50cba52decddde9c86b	OLP-0722-20260814	source_sha256=c4a24bb64b2d02c75fcf5dcebe13d48c4684afd8f210da029ceefcb450990bf1; source_bytes=1796; target_bytes=1809
OLP-0095	content/first-order-logic/natural-deduction/soundness.tex	OpenLogicProject/OpenLogic@9620cc73f9c8e0ad003c514a5d3748f29611c4c0	https://github.com/OpenLogicProject/OpenLogic/blob/9620cc73f9c8e0ad003c514a5d3748f29611c4c0/content/first-order-logic/natural-deduction/soundness.tex	complete	full source unit	source/locale/id/content/first-order-logic/natural-deduction/soundness.tex	f80b84001385431cce1809dddb5093ad3e69c37d6a89e58243c30e9f7dd57cfd	OLP-0722-20260814	source_sha256=e470b5e3a94dd4445dcedc0bbb2d4bb9c5520a3f79ea754f37e4ae1501376e35; source_bytes=13330; target_bytes=13776
OLP-0096	content/first-order-logic/natural-deduction/identity.tex	OpenLogicProject/OpenLogic@9620cc73f9c8e0ad003c514a5d3748f29611c4c0	https://github.com/OpenLogicProject/OpenLogic/blob/9620cc73f9c8e0ad003c514a5d3748f29611c4c0/content/first-order-logic/natural-deduction/identity.tex	complete	full source unit	source/locale/id/content/first-order-logic/natural-deduction/identity.tex	d3292913ff525b924b0be718fb3a0c3f5215444ff1ed9e12bd0f650b18e3dc0c	OLP-0722-20260814	source_sha256=d5df1d1bb3818a275e2439a584a3851036870182afde592fa6e8f80b55c00add; source_bytes=3953; target_bytes=4139
OLP-0097	content/first-order-logic/natural-deduction/soundness-identity.tex	OpenLogicProject/OpenLogic@9620cc73f9c8e0ad003c514a5d3748f29611c4c0	https://github.com/OpenLogicProject/OpenLogic/blob/9620cc73f9c8e0ad003c514a5d3748f29611c4c0/content/first-order-logic/natural-deduction/soundness-identity.tex	complete	full source unit	source/locale/id/content/first-order-logic/natural-deduction/soundness-identity.tex	c58ab126fc93a20849c2fd626e58ed7e25ca8a2004cabe2d58069b62f99c5143	OLP-0722-20260814	source_sha256=2544f37fa6d7a3d81b12c7e7309e1416680df9ee0d8d4e033084299370da0bc8; source_bytes=1653; target_bytes=1965
OLP-0098	content/first-order-logic/tableaux/tableaux.tex	OpenLogicProject/OpenLogic@9620cc73f9c8e0ad003c514a5d3748f29611c4c0	https://github.com/OpenLogicProject/OpenLogic/blob/9620cc73f9c8e0ad003c514a5d3748f29611c4c0/content/first-order-logic/tableaux/tableaux.tex	complete	full source unit	source/locale/id/content/first-order-logic/tableaux/tableaux.tex	f807b1f2ae58d075ad9b06fad5a574fb6e9fa516712a152da2faca571c6a0526	OLP-0722-20260814	source_sha256=eaf9e7719e1e71efb2b82fa80bae67063790e30ef901686a065a23536e253098; source_bytes=980; target_bytes=933
OLP-0099	content/first-order-logic/tableaux/rules-and-proofs.tex	OpenLogicProject/OpenLogic@9620cc73f9c8e0ad003c514a5d3748f29611c4c0	https://github.com/OpenLogicProject/OpenLogic/blob/9620cc73f9c8e0ad003c514a5d3748f29611c4c0/content/first-order-logic/tableaux/rules-and-proofs.tex	complete	full source unit	source/locale/id/content/first-order-logic/tableaux/rules-and-proofs.tex	a66f529cfa1590d3b3c0cbb7e53bc5755bec6660d3d3e998ae22a1a9dea4eac8	OLP-0722-20260814	source_sha256=93cbe7b304b8ad0c3140c23d139dccdf37df9fe8756cb25d8ca47efe1ee6f84d; source_bytes=2525; target_bytes=2805
OLP-0100	content/first-order-logic/tableaux/propositional-rules.tex	OpenLogicProject/OpenLogic@9620cc73f9c8e0ad003c514a5d3748f29611c4c0	https://github.com/OpenLogicProject/OpenLogic/blob/9620cc73f9c8e0ad003c514a5d3748f29611c4c0/content/first-order-logic/tableaux/propositional-rules.tex	complete	full source unit	source/locale/id/content/first-order-logic/tableaux/propositional-rules.tex	3b5b2e713b3cc62ebc14b5f2290d89a84856c5ab46fda1155bd8d516a9b26984	OLP-0722-20260814	source_sha256=0e0a8d69ddabb157d54f03e7ff21416fb0c818e481343f4ac00ee4ba1d5bf151; source_bytes=2339; target_bytes=2373
OLP-0101	content/first-order-logic/tableaux/quantifier-rules.tex	OpenLogicProject/OpenLogic@9620cc73f9c8e0ad003c514a5d3748f29611c4c0	https://github.com/OpenLogicProject/OpenLogic/blob/9620cc73f9c8e0ad003c514a5d3748f29611c4c0/content/first-order-logic/tableaux/quantifier-rules.tex	complete	full source unit	source/locale/id/content/first-order-logic/tableaux/quantifier-rules.tex	be2618d388ebfe18896cc68dd01e6c6053cdb389f0c9f30d27157d0a97b65d3b	OLP-0722-20260814	source_sha256=800bfbb72d36d3e2c8f6d652146a797235f1cc785ad66457e2500919e2cc7a80; source_bytes=3959; target_bytes=4033
OLP-0102	content/first-order-logic/tableaux/derivations.tex	OpenLogicProject/OpenLogic@9620cc73f9c8e0ad003c514a5d3748f29611c4c0	https://github.com/OpenLogicProject/OpenLogic/blob/9620cc73f9c8e0ad003c514a5d3748f29611c4c0/content/first-order-logic/tableaux/derivations.tex	complete	full source unit	source/locale/id/content/first-order-logic/tableaux/derivations.tex	e5aaf511b84c09ec03f4c02c1f1c911c21fe72725dbea43c9c724f534b532516	OLP-0722-20260814	source_sha256=3f3e041127342c4f2565632d33c855fcb7a87964d63beb38bd8313c8a71ad294; source_bytes=3883; target_bytes=4139
OLP-0103	content/first-order-logic/tableaux/proving-things.tex	OpenLogicProject/OpenLogic@9620cc73f9c8e0ad003c514a5d3748f29611c4c0	https://github.com/OpenLogicProject/OpenLogic/blob/9620cc73f9c8e0ad003c514a5d3748f29611c4c0/content/first-order-logic/tableaux/proving-things.tex	complete	full source unit	source/locale/id/content/first-order-logic/tableaux/proving-things.tex	f79e9535dd985bf948ef84154dba9de10e33bc8baa585cd098a981a0ccbe13fe	OLP-0722-20260814	source_sha256=ba6a2d3c2f7c7504daa17942290c75084bbfab92663a492557ca6530a175d914; source_bytes=18685; target_bytes=18631
OLP-0104	content/first-order-logic/tableaux/proving-things-quant.tex	OpenLogicProject/OpenLogic@9620cc73f9c8e0ad003c514a5d3748f29611c4c0	https://github.com/OpenLogicProject/OpenLogic/blob/9620cc73f9c8e0ad003c514a5d3748f29611c4c0/content/first-order-logic/tableaux/proving-things-quant.tex	complete	full source unit	source/locale/id/content/first-order-logic/tableaux/proving-things-quant.tex	62e3146a2ac1dd03cdb6b6b1e533d9bf192176c9aeadf231c960066b07f6b01c	OLP-0722-20260814	source_sha256=72370c12bee0766fb0e674ebae09ec7940f611ff7f9592284dadfe21516b4032; source_bytes=13575; target_bytes=13733
OLP-0105	content/first-order-logic/tableaux/proof-theoretic-notions.tex	OpenLogicProject/OpenLogic@9620cc73f9c8e0ad003c514a5d3748f29611c4c0	https://github.com/OpenLogicProject/OpenLogic/blob/9620cc73f9c8e0ad003c514a5d3748f29611c4c0/content/first-order-logic/tableaux/proof-theoretic-notions.tex	complete	full source unit	source/locale/id/content/first-order-logic/tableaux/proof-theoretic-notions.tex	30666351ff3c8a7b063d6c067d1e4fb9fde62b1ee8b9902e9043553167533f6c	OLP-0722-20260814	source_sha256=bad25c1ba9db9de17f7c2ff5fffa2c4f9f00aa13d23c197e5337fe759d6fdd39; source_bytes=5711; target_bytes=6047
OLP-0106	content/first-order-logic/tableaux/provability-consistency.tex	OpenLogicProject/OpenLogic@9620cc73f9c8e0ad003c514a5d3748f29611c4c0	https://github.com/OpenLogicProject/OpenLogic/blob/9620cc73f9c8e0ad003c514a5d3748f29611c4c0/content/first-order-logic/tableaux/provability-consistency.tex	complete	full source unit	source/locale/id/content/first-order-logic/tableaux/provability-consistency.tex	bdc3328b70caee7c0f136cf32594d26af46cc3971230a0189756b50d804a425d	OLP-0722-20260814	source_sha256=6d159d1c93f6b4bb24cf3d16e7f18096e15881679ef5f64db5b25cee57cccdef; source_bytes=6270; target_bytes=6363
OLP-0107	content/first-order-logic/tableaux/provability-propositional.tex	OpenLogicProject/OpenLogic@9620cc73f9c8e0ad003c514a5d3748f29611c4c0	https://github.com/OpenLogicProject/OpenLogic/blob/9620cc73f9c8e0ad003c514a5d3748f29611c4c0/content/first-order-logic/tableaux/provability-propositional.tex	complete	full source unit	source/locale/id/content/first-order-logic/tableaux/provability-propositional.tex	b93f566ed89a7177d7e565379e3d32b0d8eb1dd28e47e6a4446b5b27292c1863	OLP-0722-20260814	source_sha256=5df9f0cf1b10689babb2051daad6426e2abee00e55001f14a896d1a37ae30446; source_bytes=6473; target_bytes=6367
OLP-0108	content/first-order-logic/tableaux/provability-quantifiers.tex	OpenLogicProject/OpenLogic@9620cc73f9c8e0ad003c514a5d3748f29611c4c0	https://github.com/OpenLogicProject/OpenLogic/blob/9620cc73f9c8e0ad003c514a5d3748f29611c4c0/content/first-order-logic/tableaux/provability-quantifiers.tex	complete	full source unit	source/locale/id/content/first-order-logic/tableaux/provability-quantifiers.tex	af33d5f2bd6122254ff289f3843f25d33b50df927960fd8bc52d8c9e31d54d84	OLP-0722-20260814	source_sha256=e12b4c0aff44de0e26d0a5c1e9b7ec2a781be5677035cb2c79cad3a7487c32e3; source_bytes=3148; target_bytes=3175
OLP-0109	content/first-order-logic/tableaux/soundness.tex	OpenLogicProject/OpenLogic@9620cc73f9c8e0ad003c514a5d3748f29611c4c0	https://github.com/OpenLogicProject/OpenLogic/blob/9620cc73f9c8e0ad003c514a5d3748f29611c4c0/content/first-order-logic/tableaux/soundness.tex	complete	full source unit	source/locale/id/content/first-order-logic/tableaux/soundness.tex	57c4bec87ff1c14c1d93c790c823cbfa1208b14ec37c29e69921c4378c11efaa	OLP-0722-20260814	source_sha256=49f119364f19485fa74c0c18e849f20b746e8edec9fdccb9e98a8aff7250a744; source_bytes=11066; target_bytes=11862
OLP-0110	content/first-order-logic/tableaux/identity.tex	OpenLogicProject/OpenLogic@9620cc73f9c8e0ad003c514a5d3748f29611c4c0	https://github.com/OpenLogicProject/OpenLogic/blob/9620cc73f9c8e0ad003c514a5d3748f29611c4c0/content/first-order-logic/tableaux/identity.tex	complete	full source unit	source/locale/id/content/first-order-logic/tableaux/identity.tex	426cb8468be193ddad85b6f4d1673a65219b7b6d7a5328873a10ef766f816d98	OLP-0722-20260814	source_sha256=b40df45226792d6995a13afbc4341601207236b40cdb11920e9d48d0c81b2088; source_bytes=3501; target_bytes=3556
OLP-0111	content/first-order-logic/tableaux/soundness-identity.tex	OpenLogicProject/OpenLogic@9620cc73f9c8e0ad003c514a5d3748f29611c4c0	https://github.com/OpenLogicProject/OpenLogic/blob/9620cc73f9c8e0ad003c514a5d3748f29611c4c0/content/first-order-logic/tableaux/soundness-identity.tex	complete	full source unit	source/locale/id/content/first-order-logic/tableaux/soundness-identity.tex	fd4ed83f68e90a6ad533a383341835970fb4b2c7ffae7b01ebe03c90690eb718	OLP-0722-20260814	source_sha256=3e9430f5d59a07997815894a8a190147e796825fea24a326dd9f7af6767ad519; source_bytes=1745; target_bytes=1926
OLP-0112	content/first-order-logic/axiomatic-deduction/axiomatic-deduction.tex	OpenLogicProject/OpenLogic@9620cc73f9c8e0ad003c514a5d3748f29611c4c0	https://github.com/OpenLogicProject/OpenLogic/blob/9620cc73f9c8e0ad003c514a5d3748f29611c4c0/content/first-order-logic/axiomatic-deduction/axiomatic-deduction.tex	complete	full source unit	source/locale/id/content/first-order-logic/axiomatic-deduction/axiomatic-deduction.tex	f192ef7806e6118c9eaad33dac7e06a856d99bfbc4638e6646958b7f4e4d34b2	OLP-0722-20260814	source_sha256=ba510c171a8d19895307b36b2b06d3f64970bc5d926cfad52412da2a0727db20; source_bytes=1273; target_bytes=1225
OLP-0113	content/first-order-logic/axiomatic-deduction/rules-and-proofs.tex	OpenLogicProject/OpenLogic@9620cc73f9c8e0ad003c514a5d3748f29611c4c0	https://github.com/OpenLogicProject/OpenLogic/blob/9620cc73f9c8e0ad003c514a5d3748f29611c4c0/content/first-order-logic/axiomatic-deduction/rules-and-proofs.tex	complete	full source unit	source/locale/id/content/first-order-logic/axiomatic-deduction/rules-and-proofs.tex	b7bf7c025b50ba0176e40eb26306e512423c367cda2dc7fa8c4c9fa33b4c4988	OLP-0722-20260814	source_sha256=c630189af9db5f45a849e5d1b6362895bf575dd6d2236a169eb5e0fdba9ed439; source_bytes=3668; target_bytes=4125
OLP-0114	content/first-order-logic/axiomatic-deduction/axioms-rules-propositional.tex	OpenLogicProject/OpenLogic@9620cc73f9c8e0ad003c514a5d3748f29611c4c0	https://github.com/OpenLogicProject/OpenLogic/blob/9620cc73f9c8e0ad003c514a5d3748f29611c4c0/content/first-order-logic/axiomatic-deduction/axioms-rules-propositional.tex	complete	full source unit	source/locale/id/content/first-order-logic/axiomatic-deduction/axioms-rules-propositional.tex	a968d3270917509fb86700d86f252da796a932332858bb8a085296dfa7fe95d0	OLP-0722-20260814	source_sha256=8d19f7612edbb87db30f052b75e8208638a5c68570ef05faf6332111fbbc69fe; source_bytes=1512; target_bytes=1523
OLP-0115	content/first-order-logic/axiomatic-deduction/axioms-rules-quantifiers.tex	OpenLogicProject/OpenLogic@9620cc73f9c8e0ad003c514a5d3748f29611c4c0	https://github.com/OpenLogicProject/OpenLogic/blob/9620cc73f9c8e0ad003c514a5d3748f29611c4c0/content/first-order-logic/axiomatic-deduction/axioms-rules-quantifiers.tex	complete	full source unit	source/locale/id/content/first-order-logic/axiomatic-deduction/axioms-rules-quantifiers.tex	00fd11687f1f6bc10d4a00b5276c35e8aee05f66ea0a9019f09501623b718cc1	OLP-0722-20260814	source_sha256=e860523ec9605b17fb155fccbb22e644837c26de84ab11439422af805a26e2b3; source_bytes=1007; target_bytes=1062
OLP-0116	content/first-order-logic/axiomatic-deduction/proving-things.tex	OpenLogicProject/OpenLogic@9620cc73f9c8e0ad003c514a5d3748f29611c4c0	https://github.com/OpenLogicProject/OpenLogic/blob/9620cc73f9c8e0ad003c514a5d3748f29611c4c0/content/first-order-logic/axiomatic-deduction/proving-things.tex	complete	full source unit	source/locale/id/content/first-order-logic/axiomatic-deduction/proving-things.tex	5c885977e1c8b31d2c7472951ba0c56294f11a51948d0471e19e18032e0255fb	OLP-0722-20260814	source_sha256=ac5dc1913eb14bc8d0ba0adb9d45d08b0882f02c4d7f152b654fc153f61fb1a7; source_bytes=5603; target_bytes=5883
OLP-0117	content/first-order-logic/axiomatic-deduction/proving-things-quant.tex	OpenLogicProject/OpenLogic@9620cc73f9c8e0ad003c514a5d3748f29611c4c0	https://github.com/OpenLogicProject/OpenLogic/blob/9620cc73f9c8e0ad003c514a5d3748f29611c4c0/content/first-order-logic/axiomatic-deduction/proving-things-quant.tex	complete	full source unit	source/locale/id/content/first-order-logic/axiomatic-deduction/proving-things-quant.tex	72885fc0cd43f42a70bedf6fdf01a488e974c233f6326ab2df53148b7651b664	OLP-0722-20260814	source_sha256=afb6d653daa62d083e07ff556fdde130783b2643fdd23270e1ae0e1ec0140767; source_bytes=1527; target_bytes=1620
OLP-0118	content/first-order-logic/axiomatic-deduction/proof-theoretic-notions.tex	OpenLogicProject/OpenLogic@9620cc73f9c8e0ad003c514a5d3748f29611c4c0	https://github.com/OpenLogicProject/OpenLogic/blob/9620cc73f9c8e0ad003c514a5d3748f29611c4c0/content/first-order-logic/axiomatic-deduction/proof-theoretic-notions.tex	complete	full source unit	source/locale/id/content/first-order-logic/axiomatic-deduction/proof-theoretic-notions.tex	0cde205089a80ce92a16b6396501e9686ad28d3e65f620586cc907918fced36f	OLP-0722-20260814	source_sha256=d5cd7ef578090b935af9013ba65f020ea8c043b95ec17ed9a758a01129bbf859; source_bytes=4402; target_bytes=4681
OLP-0119	content/first-order-logic/axiomatic-deduction/deduction-theorem.tex	OpenLogicProject/OpenLogic@9620cc73f9c8e0ad003c514a5d3748f29611c4c0	https://github.com/OpenLogicProject/OpenLogic/blob/9620cc73f9c8e0ad003c514a5d3748f29611c4c0/content/first-order-logic/axiomatic-deduction/deduction-theorem.tex	complete	full source unit	source/locale/id/content/first-order-logic/axiomatic-deduction/deduction-theorem.tex	102ce64d4034f6b914cc93b843e7c73c3354b0b8d3fba25a70be0ffa4b49b78b	OLP-0722-20260814	source_sha256=f74129e7541a9452530ebc0ab630c8763cd0d4177532baf43cd249c635642cd4; source_bytes=4859; target_bytes=5203
OLP-0120	content/first-order-logic/axiomatic-deduction/deduction-theorem-quantifiers.tex	OpenLogicProject/OpenLogic@9620cc73f9c8e0ad003c514a5d3748f29611c4c0	https://github.com/OpenLogicProject/OpenLogic/blob/9620cc73f9c8e0ad003c514a5d3748f29611c4c0/content/first-order-logic/axiomatic-deduction/deduction-theorem-quantifiers.tex	complete	full source unit	source/locale/id/content/first-order-logic/axiomatic-deduction/deduction-theorem-quantifiers.tex	cd80372bb1abdbf88fe8ef34268239258484559adeeb5735f5c2b445c2472030	OLP-0722-20260814	source_sha256=0da5dfe61f218d9ef0820e07f1e6c0d71ef4e912d010e83e7484690bdd9af1e7; source_bytes=2234; target_bytes=2397
OLP-0121	content/first-order-logic/axiomatic-deduction/provability-consistency.tex	OpenLogicProject/OpenLogic@9620cc73f9c8e0ad003c514a5d3748f29611c4c0	https://github.com/OpenLogicProject/OpenLogic/blob/9620cc73f9c8e0ad003c514a5d3748f29611c4c0/content/first-order-logic/axiomatic-deduction/provability-consistency.tex	complete	full source unit	source/locale/id/content/first-order-logic/axiomatic-deduction/provability-consistency.tex	9a5f29d51ddc4b455c8ea911c67935363ec1c612d72301ffdd159161abcf38bc	OLP-0722-20260814	source_sha256=069b652fa3cf1c8e7719ae95d355398b866c9ecf42ff747b755ddbf5fd3b6eef; source_bytes=2979; target_bytes=3070
OLP-0122	content/first-order-logic/axiomatic-deduction/provability-propositional.tex	OpenLogicProject/OpenLogic@9620cc73f9c8e0ad003c514a5d3748f29611c4c0	https://github.com/OpenLogicProject/OpenLogic/blob/9620cc73f9c8e0ad003c514a5d3748f29611c4c0/content/first-order-logic/axiomatic-deduction/provability-propositional.tex	complete	full source unit	source/locale/id/content/first-order-logic/axiomatic-deduction/provability-propositional.tex	0c6bedbe66b584de12a4421c1474ba80d838d9687f98eb2a4ce2e907bcd17a2a	OLP-0722-20260814	source_sha256=4dd07507288e361d9d65dcbb7c3de67f4e3c83e9853b6d9032dcc9cba3cef187; source_bytes=2716; target_bytes=2723
OLP-0123	content/first-order-logic/axiomatic-deduction/provability-quantifiers.tex	OpenLogicProject/OpenLogic@9620cc73f9c8e0ad003c514a5d3748f29611c4c0	https://github.com/OpenLogicProject/OpenLogic/blob/9620cc73f9c8e0ad003c514a5d3748f29611c4c0/content/first-order-logic/axiomatic-deduction/provability-quantifiers.tex	complete	full source unit	source/locale/id/content/first-order-logic/axiomatic-deduction/provability-quantifiers.tex	311b6f11ef04d8bbfc27d3ad00e5173c8aefa12c493ac6760d22d5f5d54f21f6	OLP-0722-20260814	source_sha256=a0c03c490e2874b9946b5ff3942c8a4ba73696d13cca2b30e84a19d17dfb3066; source_bytes=1499; target_bytes=1572
OLP-0124	content/first-order-logic/axiomatic-deduction/soundness.tex	OpenLogicProject/OpenLogic@9620cc73f9c8e0ad003c514a5d3748f29611c4c0	https://github.com/OpenLogicProject/OpenLogic/blob/9620cc73f9c8e0ad003c514a5d3748f29611c4c0/content/first-order-logic/axiomatic-deduction/soundness.tex	complete	full source unit	source/locale/id/content/first-order-logic/axiomatic-deduction/soundness.tex	7d74a286dc99a38a0c1c158be38700387bc013c3434163c8ad080124d4e465ca	OLP-0722-20260814	source_sha256=a3a783ae2add6b2420527ad65c82eb6a5e0c02ac8a44e3b34b757bc27985c1cf; source_bytes=5850; target_bytes=6367
OLP-0125	content/first-order-logic/axiomatic-deduction/identity.tex	OpenLogicProject/OpenLogic@9620cc73f9c8e0ad003c514a5d3748f29611c4c0	https://github.com/OpenLogicProject/OpenLogic/blob/9620cc73f9c8e0ad003c514a5d3748f29611c4c0/content/first-order-logic/axiomatic-deduction/identity.tex	complete	full source unit	source/locale/id/content/first-order-logic/axiomatic-deduction/identity.tex	374b7ce8182cf8a6d0a8dc2c7708d23ff989adc2768b360f678ba003066a337f	OLP-0722-20260814	source_sha256=424d98f16806276deeb9cc0c5e0d1f70d25dd2026f0fe25f03d65d1cde1d69e1; source_bytes=1355; target_bytes=1404
OLP-0126	content/first-order-logic/completeness/completeness.tex	OpenLogicProject/OpenLogic@9620cc73f9c8e0ad003c514a5d3748f29611c4c0	https://github.com/OpenLogicProject/OpenLogic/blob/9620cc73f9c8e0ad003c514a5d3748f29611c4c0/content/first-order-logic/completeness/completeness.tex	complete	full source unit	source/locale/id/content/first-order-logic/completeness/completeness.tex	1615a856b58019524dcbb9138f6944080c9ff0ec738a7be390f6bcb4bb43ba20	OLP-0722-20260814	source_sha256=35cbcfc7f12046ceabc5c4407c43817d71d3907e9e9d57a1b5928fcbe10c672c; source_bytes=695; target_bytes=643
OLP-0127	content/first-order-logic/completeness/introduction.tex	OpenLogicProject/OpenLogic@9620cc73f9c8e0ad003c514a5d3748f29611c4c0	https://github.com/OpenLogicProject/OpenLogic/blob/9620cc73f9c8e0ad003c514a5d3748f29611c4c0/content/first-order-logic/completeness/introduction.tex	complete	full source unit	source/locale/id/content/first-order-logic/completeness/introduction.tex	fff1d19d5ad4cef78ae3f2405339f53e0cf361c8df10dad988f3018e74d08db5	OLP-0722-20260814	source_sha256=40a994a78343dccb102c8347722a6eb85fd3a12dd4c6565a37960f7b24673500; source_bytes=3774; target_bytes=4140
OLP-0128	content/first-order-logic/completeness/outline.tex	OpenLogicProject/OpenLogic@9620cc73f9c8e0ad003c514a5d3748f29611c4c0	https://github.com/OpenLogicProject/OpenLogic/blob/9620cc73f9c8e0ad003c514a5d3748f29611c4c0/content/first-order-logic/completeness/outline.tex	complete	full source unit	source/locale/id/content/first-order-logic/completeness/outline.tex	ff7e4fa34dd63a583581cf8dab632cece08fb1dda01a1f29c4d284774f7350a9	OLP-0722-20260814	source_sha256=e86bb4893ff5da65af4fa5b8b7eebec5807e0b4aa0562ca5388fac369aec642e; source_bytes=9532; target_bytes=10622
OLP-0129	content/first-order-logic/completeness/complete-consistent-sets.tex	OpenLogicProject/OpenLogic@9620cc73f9c8e0ad003c514a5d3748f29611c4c0	https://github.com/OpenLogicProject/OpenLogic/blob/9620cc73f9c8e0ad003c514a5d3748f29611c4c0/content/first-order-logic/completeness/complete-consistent-sets.tex	complete	full source unit	source/locale/id/content/first-order-logic/completeness/complete-consistent-sets.tex	511b66430c9ccff411eeacd30e9145672a8b7a6bb49665138e8242be1d9874b9	OLP-0722-20260814	source_sha256=cf7d517de5d2d257492c66f2cf16347fce490f2d932681a3f6ebd2386e9b1ffd; source_bytes=9125; target_bytes=9379
OLP-0130	content/first-order-logic/completeness/henkin-expansions.tex	OpenLogicProject/OpenLogic@9620cc73f9c8e0ad003c514a5d3748f29611c4c0	https://github.com/OpenLogicProject/OpenLogic/blob/9620cc73f9c8e0ad003c514a5d3748f29611c4c0/content/first-order-logic/completeness/henkin-expansions.tex	complete	full source unit	source/locale/id/content/first-order-logic/completeness/henkin-expansions.tex	d00d41c555d837a5e9ed351d56512e699994e60a7efedac35a75365a2b30c6fc	OLP-0722-20260814	source_sha256=a42f0551e062db3102c47f082be24cd4f8506504989a0008df4b87564e1f9335; source_bytes=8969; target_bytes=9483
OLP-0131	content/first-order-logic/completeness/lindenbaums-lemma.tex	OpenLogicProject/OpenLogic@9620cc73f9c8e0ad003c514a5d3748f29611c4c0	https://github.com/OpenLogicProject/OpenLogic/blob/9620cc73f9c8e0ad003c514a5d3748f29611c4c0/content/first-order-logic/completeness/lindenbaums-lemma.tex	complete	full source unit	source/locale/id/content/first-order-logic/completeness/lindenbaums-lemma.tex	8c079a681f431f7503f3568da11e8170fb36aa13db2cec985334fdddc4011c7b	OLP-0722-20260814	source_sha256=1ee3d9dd14df1c3368c3e7a12d68e4d6627b9e92030a00820270b75ceb4bdf78; source_bytes=4286; target_bytes=4706
OLP-0132	content/first-order-logic/completeness/construction-of-model.tex	OpenLogicProject/OpenLogic@9620cc73f9c8e0ad003c514a5d3748f29611c4c0	https://github.com/OpenLogicProject/OpenLogic/blob/9620cc73f9c8e0ad003c514a5d3748f29611c4c0/content/first-order-logic/completeness/construction-of-model.tex	complete	full source unit	source/locale/id/content/first-order-logic/completeness/construction-of-model.tex	fbe2f57f7a2816e93c5bf79b782bca6c09be6046c8c756fecd87e3aba0f83f00	OLP-0722-20260814	source_sha256=e8f3c25a2b378ac1996cc9cebb1192b2bdc2527df547e922008dad3822d29969; source_bytes=11290; target_bytes=12347
OLP-0133	content/first-order-logic/completeness/identity.tex	OpenLogicProject/OpenLogic@9620cc73f9c8e0ad003c514a5d3748f29611c4c0	https://github.com/OpenLogicProject/OpenLogic/blob/9620cc73f9c8e0ad003c514a5d3748f29611c4c0/content/first-order-logic/completeness/identity.tex	complete	full source unit	source/locale/id/content/first-order-logic/completeness/identity.tex	a942eae602d6c4c17e5c15bdf604fbcb62278e42bb4f7539bc075b559f5b8b19	OLP-0722-20260814	source_sha256=2b497ead07aad76f2db101bd56768abd9bc71df7c819164edf0183656d148e7d; source_bytes=8036; target_bytes=8606
OLP-0134	content/first-order-logic/completeness/completeness-thm.tex	OpenLogicProject/OpenLogic@9620cc73f9c8e0ad003c514a5d3748f29611c4c0	https://github.com/OpenLogicProject/OpenLogic/blob/9620cc73f9c8e0ad003c514a5d3748f29611c4c0/content/first-order-logic/completeness/completeness-thm.tex	complete	full source unit	source/locale/id/content/first-order-logic/completeness/completeness-thm.tex	4b0bac6de38c3bff7964d7a6a3ddea772c3e89d3deb34728d9c670a85daf5390	OLP-0722-20260814	source_sha256=5510644c6a3ff18e97d5e97a928d00cb0b091506e8c10bafa504c1b2c38b242b; source_bytes=4768; target_bytes=5094
OLP-0135	content/first-order-logic/completeness/compactness.tex	OpenLogicProject/OpenLogic@9620cc73f9c8e0ad003c514a5d3748f29611c4c0	https://github.com/OpenLogicProject/OpenLogic/blob/9620cc73f9c8e0ad003c514a5d3748f29611c4c0/content/first-order-logic/completeness/compactness.tex	complete	full source unit	source/locale/id/content/first-order-logic/completeness/compactness.tex	f2fc3640457ef267ef280c20867bdd8531be3968cb2a6e826b7478afcd5b25dd	OLP-0722-20260814	source_sha256=a872b7018576b26eb53179792e27b5b0af3338b5220712086e1be7d928b3d65c; source_bytes=9051; target_bytes=10238
OLP-0136	content/first-order-logic/completeness/compactness-direct.tex	OpenLogicProject/OpenLogic@9620cc73f9c8e0ad003c514a5d3748f29611c4c0	https://github.com/OpenLogicProject/OpenLogic/blob/9620cc73f9c8e0ad003c514a5d3748f29611c4c0/content/first-order-logic/completeness/compactness-direct.tex	complete	full source unit	source/locale/id/content/first-order-logic/completeness/compactness-direct.tex	fd3eb3eefc7ca9366e8bfb896ab48a2a61e81113c567d1818eb4a7ea2f495e9a	OLP-0722-20260814	source_sha256=e6398fcc96ac7a2e787c5128d1b2dbf8f515dbd0e780004831abcfd0c3f327d8; source_bytes=5558; target_bytes=6005
OLP-0137	content/first-order-logic/completeness/downward-ls.tex	OpenLogicProject/OpenLogic@9620cc73f9c8e0ad003c514a5d3748f29611c4c0	https://github.com/OpenLogicProject/OpenLogic/blob/9620cc73f9c8e0ad003c514a5d3748f29611c4c0/content/first-order-logic/completeness/downward-ls.tex	complete	full source unit	source/locale/id/content/first-order-logic/completeness/downward-ls.tex	87a14432bcdb4f64fec2b14edd267aba0a46df6c9c856f991aae38882172b261	OLP-0722-20260814	source_sha256=6f442281e52dd720acdd540039544c4e8b998906154aa5c4cf7f5da0d9500c48; source_bytes=2658; target_bytes=2938
OLP-0138	content/first-order-logic/first-order-logic.tex	OpenLogicProject/OpenLogic@9620cc73f9c8e0ad003c514a5d3748f29611c4c0	https://github.com/OpenLogicProject/OpenLogic/blob/9620cc73f9c8e0ad003c514a5d3748f29611c4c0/content/first-order-logic/first-order-logic.tex	complete	full source unit	source/locale/id/content/first-order-logic/first-order-logic.tex	ade5dc8f6f448d927f592870f21ab10c9322d6365f02edd5ba5621e0169ad0ad	OLP-0722-20260814	source_sha256=3fee444ae39c4094bd1bb1963010c0bf6350b5702c79d9e8bc62c430592f527e; source_bytes=1660; target_bytes=1633
OLP-0139	content/first-order-logic/introduction/introduction.tex	OpenLogicProject/OpenLogic@9620cc73f9c8e0ad003c514a5d3748f29611c4c0	https://github.com/OpenLogicProject/OpenLogic/blob/9620cc73f9c8e0ad003c514a5d3748f29611c4c0/content/first-order-logic/introduction/introduction.tex	complete	full source unit	source/locale/id/content/first-order-logic/introduction/introduction.tex	33bb48042dd995541ab6c9af94a8841509eff5d8762f12806e3be48058e30b51	OLP-0722-20260814	source_sha256=3da46f27a563094a0904eacf23838c601ce3a22b0db9d82cfe33d95d8a507b95; source_bytes=487; target_bytes=451
OLP-0140	content/first-order-logic/introduction/first-order-logic.tex	OpenLogicProject/OpenLogic@9620cc73f9c8e0ad003c514a5d3748f29611c4c0	https://github.com/OpenLogicProject/OpenLogic/blob/9620cc73f9c8e0ad003c514a5d3748f29611c4c0/content/first-order-logic/introduction/first-order-logic.tex	complete	full source unit	source/locale/id/content/first-order-logic/introduction/first-order-logic.tex	cd2885e22eaae61e9845f7ec1ca633d9986747d7a8d8116d0004f7a801b24f9f	OLP-0722-20260814	source_sha256=32887943e2083de8ae7402ced896b1e5c85beee1c52df199a5dce311cdc91627; source_bytes=4773; target_bytes=5013
OLP-0141	content/first-order-logic/introduction/syntax.tex	OpenLogicProject/OpenLogic@9620cc73f9c8e0ad003c514a5d3748f29611c4c0	https://github.com/OpenLogicProject/OpenLogic/blob/9620cc73f9c8e0ad003c514a5d3748f29611c4c0/content/first-order-logic/introduction/syntax.tex	complete	full source unit	source/locale/id/content/first-order-logic/introduction/syntax.tex	9ebdcdd3dc75ba37a682c7c8d552de99dfdfb01424efd925ffc57418b601cbef	OLP-0722-20260814	source_sha256=91d8aaea25b2d821af6aa8016f994b2e0abbf5cd2debdef7354409fa8ce767d8; source_bytes=2894; target_bytes=3181
OLP-0142	content/first-order-logic/introduction/formulas.tex	OpenLogicProject/OpenLogic@9620cc73f9c8e0ad003c514a5d3748f29611c4c0	https://github.com/OpenLogicProject/OpenLogic/blob/9620cc73f9c8e0ad003c514a5d3748f29611c4c0/content/first-order-logic/introduction/formulas.tex	complete	full source unit	source/locale/id/content/first-order-logic/introduction/formulas.tex	5bc0c31ea892079192e4731553ed72a8ae7bf2ab610009eaeadef211f025d778	OLP-0722-20260814	source_sha256=43b36e58c2cf5bd1c22018eb0a758d0ed31ab304dc1b3d5532358f6e9703a7c1; source_bytes=4365; target_bytes=4898
OLP-0143	content/first-order-logic/introduction/satisfaction.tex	OpenLogicProject/OpenLogic@9620cc73f9c8e0ad003c514a5d3748f29611c4c0	https://github.com/OpenLogicProject/OpenLogic/blob/9620cc73f9c8e0ad003c514a5d3748f29611c4c0/content/first-order-logic/introduction/satisfaction.tex	complete	full source unit	source/locale/id/content/first-order-logic/introduction/satisfaction.tex	664c8c388c97d55cc53b24b4098845b1c480a583b5ef866def8db5cae033ec3d	OLP-0722-20260814	source_sha256=7131c06390c685ff0af79611754cf0b98a22dd8a77256a332c84bf39e2f5cc0a; source_bytes=6008; target_bytes=6767
OLP-0144	content/first-order-logic/introduction/sentences.tex	OpenLogicProject/OpenLogic@9620cc73f9c8e0ad003c514a5d3748f29611c4c0	https://github.com/OpenLogicProject/OpenLogic/blob/9620cc73f9c8e0ad003c514a5d3748f29611c4c0/content/first-order-logic/introduction/sentences.tex	complete	full source unit	source/locale/id/content/first-order-logic/introduction/sentences.tex	523ffd6824e13fdca509c2f7553a929fcd8caafab82e38bcdb36a55e44e8ae0d	OLP-0722-20260814	source_sha256=e02b1d562648ce99867d653622b5c8bcb4cd4eeb9e02d335fa59715e193b3cc9; source_bytes=2790; target_bytes=2976
OLP-0145	content/first-order-logic/introduction/semantic-notions.tex	OpenLogicProject/OpenLogic@9620cc73f9c8e0ad003c514a5d3748f29611c4c0	https://github.com/OpenLogicProject/OpenLogic/blob/9620cc73f9c8e0ad003c514a5d3748f29611c4c0/content/first-order-logic/introduction/semantic-notions.tex	complete	full source unit	source/locale/id/content/first-order-logic/introduction/semantic-notions.tex	238a472a82116b9f8a3db47641eb40ea1fbbf14b14a1f8aad8fdf7de2f708822	OLP-0722-20260814	source_sha256=5b59ab9c84aad202080a9a834229b1310ba7fb18cbc6891024c072723b9fbadd; source_bytes=2402; target_bytes=2604
OLP-0146	content/first-order-logic/introduction/substitution.tex	OpenLogicProject/OpenLogic@9620cc73f9c8e0ad003c514a5d3748f29611c4c0	https://github.com/OpenLogicProject/OpenLogic/blob/9620cc73f9c8e0ad003c514a5d3748f29611c4c0/content/first-order-logic/introduction/substitution.tex	complete	full source unit	source/locale/id/content/first-order-logic/introduction/substitution.tex	60847d1c66e6df26da77ecb4ed98f7c93644faa40e2d1d071eff26615f518a93	OLP-0722-20260814	source_sha256=d1e27e94b43fda8329176530bfa9528c859d444123257a7408d5a979151b8941; source_bytes=2335; target_bytes=2639
OLP-0147	content/first-order-logic/introduction/models-theories.tex	OpenLogicProject/OpenLogic@9620cc73f9c8e0ad003c514a5d3748f29611c4c0	https://github.com/OpenLogicProject/OpenLogic/blob/9620cc73f9c8e0ad003c514a5d3748f29611c4c0/content/first-order-logic/introduction/models-theories.tex	complete	full source unit	source/locale/id/content/first-order-logic/introduction/models-theories.tex	145ecdfe8c08b9989d767ce6beec6ea12557b354b31dc64a72d7bcb7a74bc597	OLP-0722-20260814	source_sha256=9207639415c1946c70ead4464cefaec9ed2972f35121e88272980b6c9a076ca8; source_bytes=3830; target_bytes=4182
OLP-0148	content/first-order-logic/introduction/soundness-completeness.tex	OpenLogicProject/OpenLogic@9620cc73f9c8e0ad003c514a5d3748f29611c4c0	https://github.com/OpenLogicProject/OpenLogic/blob/9620cc73f9c8e0ad003c514a5d3748f29611c4c0/content/first-order-logic/introduction/soundness-completeness.tex	complete	full source unit	source/locale/id/content/first-order-logic/introduction/soundness-completeness.tex	09bc476393eb90d09d6df8e739f79bdeab1c06f9340aca2f92f5980fb859e7ad	OLP-0722-20260814	source_sha256=49f9a2fb437d680d3e796d72b46d1bc1c5a60c58e3e13ac2e19e6bac6976336e; source_bytes=3544; target_bytes=3962
OLP-0149	content/first-order-logic/syntax-and-semantics/syntax.tex	OpenLogicProject/OpenLogic@9620cc73f9c8e0ad003c514a5d3748f29611c4c0	https://github.com/OpenLogicProject/OpenLogic/blob/9620cc73f9c8e0ad003c514a5d3748f29611c4c0/content/first-order-logic/syntax-and-semantics/syntax.tex	complete	full source unit	source/locale/id/content/first-order-logic/syntax-and-semantics/syntax.tex	3a1ddcbdb6a08b225561818d7d61ee0853cac79a96de7ee10eaf07950cf2c24b	OLP-0722-20260814	source_sha256=75c0e56b3d2f9557e39b9006855f371e6c8f04e8ef9817affd70a793613930ab; source_bytes=497; target_bytes=468
OLP-0150	content/first-order-logic/syntax-and-semantics/intro-syntax.tex	OpenLogicProject/OpenLogic@9620cc73f9c8e0ad003c514a5d3748f29611c4c0	https://github.com/OpenLogicProject/OpenLogic/blob/9620cc73f9c8e0ad003c514a5d3748f29611c4c0/content/first-order-logic/syntax-and-semantics/intro-syntax.tex	complete	full source unit	source/locale/id/content/first-order-logic/syntax-and-semantics/intro-syntax.tex	f438ff0f7e92c69dda03862c7bce61f5b71d0cc62fd7143bca6c387a2a036643	OLP-0722-20260814	source_sha256=ba7dcce5f1e3340374ff693a1c22c5bf4ccb0c2709cd8c6d50474d4982f7cdfc; source_bytes=1473; target_bytes=1549
OLP-0151	content/first-order-logic/syntax-and-semantics/first-order-languages.tex	OpenLogicProject/OpenLogic@9620cc73f9c8e0ad003c514a5d3748f29611c4c0	https://github.com/OpenLogicProject/OpenLogic/blob/9620cc73f9c8e0ad003c514a5d3748f29611c4c0/content/first-order-logic/syntax-and-semantics/first-order-languages.tex	complete	full source unit	source/locale/id/content/first-order-logic/syntax-and-semantics/first-order-languages.tex	59ff47a62429b9a6d07104553b0ceb95a2309be466e24a6b9769364f86a0a7a7	OLP-0722-20260814	source_sha256=582ea4b3b243fe2ee4eb627630172f77f014d4f7d7c93cd13fdb2bb70844c447; source_bytes=6879; target_bytes=7015
OLP-0152	content/first-order-logic/syntax-and-semantics/terms-formulas.tex	OpenLogicProject/OpenLogic@9620cc73f9c8e0ad003c514a5d3748f29611c4c0	https://github.com/OpenLogicProject/OpenLogic/blob/9620cc73f9c8e0ad003c514a5d3748f29611c4c0/content/first-order-logic/syntax-and-semantics/terms-formulas.tex	complete	full source unit	source/locale/id/content/first-order-logic/syntax-and-semantics/terms-formulas.tex	56f2e81f01718dc932dc7ba8557b5743b6cc79ae3e12bf032ac8aace71e5ccc2	OLP-0722-20260814	source_sha256=0b607ce2324ca66b23b164684f4f35b127107b903bbbd567eb25e94c2ce70210; source_bytes=9146; target_bytes=9668
OLP-0153	content/first-order-logic/syntax-and-semantics/unique-readability.tex	OpenLogicProject/OpenLogic@9620cc73f9c8e0ad003c514a5d3748f29611c4c0	https://github.com/OpenLogicProject/OpenLogic/blob/9620cc73f9c8e0ad003c514a5d3748f29611c4c0/content/first-order-logic/syntax-and-semantics/unique-readability.tex	complete	full source unit	source/locale/id/content/first-order-logic/syntax-and-semantics/unique-readability.tex	5bffef343bfb7d2c56e36af080d2ee3e0aaa4ea87fa61ce958ebb44da0aeb9a3	OLP-0722-20260814	source_sha256=f2ad2961312808ef6c8dedc884c9f8e00a2be9ef993cfb7be748a9d253d84e66; source_bytes=7867; target_bytes=8226
OLP-0154	content/first-order-logic/syntax-and-semantics/main-operator.tex	OpenLogicProject/OpenLogic@9620cc73f9c8e0ad003c514a5d3748f29611c4c0	https://github.com/OpenLogicProject/OpenLogic/blob/9620cc73f9c8e0ad003c514a5d3748f29611c4c0/content/first-order-logic/syntax-and-semantics/main-operator.tex	complete	full source unit	source/locale/id/content/first-order-logic/syntax-and-semantics/main-operator.tex	9f302914484f2c2d59a093a507dffd2f5e502891acbfe312ec015c1b534acb8c	OLP-0722-20260814	source_sha256=1bc4cc76cc670fdb1069ca53312d13dfcf2ea8444adbb3d9ef4b8d31a5da41fc; source_bytes=3728; target_bytes=3827
OLP-0155	content/first-order-logic/syntax-and-semantics/subformulas.tex	OpenLogicProject/OpenLogic@9620cc73f9c8e0ad003c514a5d3748f29611c4c0	https://github.com/OpenLogicProject/OpenLogic/blob/9620cc73f9c8e0ad003c514a5d3748f29611c4c0/content/first-order-logic/syntax-and-semantics/subformulas.tex	complete	full source unit	source/locale/id/content/first-order-logic/syntax-and-semantics/subformulas.tex	94efc916c1448422d783ad000d60b28e418d0391c6957956a748659fb0e0e5f7	OLP-0722-20260814	source_sha256=4c43825e4c236e55d25092ff1f5b68ed38a3f1e9ae8ed12fc2e14f3a03fc6c77; source_bytes=4078; target_bytes=4306
OLP-0156	content/first-order-logic/syntax-and-semantics/formation-sequences.tex	OpenLogicProject/OpenLogic@9620cc73f9c8e0ad003c514a5d3748f29611c4c0	https://github.com/OpenLogicProject/OpenLogic/blob/9620cc73f9c8e0ad003c514a5d3748f29611c4c0/content/first-order-logic/syntax-and-semantics/formation-sequences.tex	complete	full source unit	source/locale/id/content/first-order-logic/syntax-and-semantics/formation-sequences.tex	7c19a366726bc2944dc1d8458eddfc2f9ac432e71a9d8a837e03e1703834c972	OLP-0722-20260814	source_sha256=dc1735bb077f5086c6fd6e2f968591415a9cba90b65bc0a3d412742cc62bc6ff; source_bytes=10352; target_bytes=10825
OLP-0157	content/first-order-logic/syntax-and-semantics/free-vars-sentences.tex	OpenLogicProject/OpenLogic@9620cc73f9c8e0ad003c514a5d3748f29611c4c0	https://github.com/OpenLogicProject/OpenLogic/blob/9620cc73f9c8e0ad003c514a5d3748f29611c4c0/content/first-order-logic/syntax-and-semantics/free-vars-sentences.tex	complete	full source unit	source/locale/id/content/first-order-logic/syntax-and-semantics/free-vars-sentences.tex	1203b1fa75bba061ac7e92e496603bbb1b08c5c26182a0130cedc015f0c7f2ae	OLP-0722-20260814	source_sha256=ea6bea6e587867742143e68dd69a2674fc1544ffaae27236ba1f517fe516bf1f; source_bytes=3835; target_bytes=3917
OLP-0158	content/first-order-logic/syntax-and-semantics/substitution.tex	OpenLogicProject/OpenLogic@9620cc73f9c8e0ad003c514a5d3748f29611c4c0	https://github.com/OpenLogicProject/OpenLogic/blob/9620cc73f9c8e0ad003c514a5d3748f29611c4c0/content/first-order-logic/syntax-and-semantics/substitution.tex	complete	full source unit	source/locale/id/content/first-order-logic/syntax-and-semantics/substitution.tex	474eda8d54af76d7bb262ea6211d114a0c2b17897b4629c42b050922ec5fcaf3	OLP-0722-20260814	source_sha256=19393c28f5f036da9c43ce10bfb5f1b2f330dca8cb2ad950d98eab5b1b7e83b2; source_bytes=4835; target_bytes=5119
OLP-0159	content/first-order-logic/syntax-and-semantics/semantics.tex	OpenLogicProject/OpenLogic@9620cc73f9c8e0ad003c514a5d3748f29611c4c0	https://github.com/OpenLogicProject/OpenLogic/blob/9620cc73f9c8e0ad003c514a5d3748f29611c4c0/content/first-order-logic/syntax-and-semantics/semantics.tex	complete	full source unit	source/locale/id/content/first-order-logic/syntax-and-semantics/semantics.tex	a9bf46b0f32cb4633cb1fb3552e2e7a2e519dfe619124f2648a3c4ca1774ef12	OLP-0722-20260814	source_sha256=d863c375746602be962b1b45545d8a51e72f9d0d9dca516f434152131b4107ec; source_bytes=430; target_bytes=400
OLP-0160	content/first-order-logic/syntax-and-semantics/intro-semantics.tex	OpenLogicProject/OpenLogic@9620cc73f9c8e0ad003c514a5d3748f29611c4c0	https://github.com/OpenLogicProject/OpenLogic/blob/9620cc73f9c8e0ad003c514a5d3748f29611c4c0/content/first-order-logic/syntax-and-semantics/intro-semantics.tex	complete	full source unit	source/locale/id/content/first-order-logic/syntax-and-semantics/intro-semantics.tex	3c6bdbfc0a9020e7ab5a797fba8c6062f35b8efb9cec5cc62f5b1248a66c7933	OLP-0722-20260814	source_sha256=0bcf5a399c46716183aba26ed6d331abae45bdb63ed5bb26b3a7085b840e86e4; source_bytes=2415; target_bytes=2539
OLP-0161	content/first-order-logic/syntax-and-semantics/structures.tex	OpenLogicProject/OpenLogic@9620cc73f9c8e0ad003c514a5d3748f29611c4c0	https://github.com/OpenLogicProject/OpenLogic/blob/9620cc73f9c8e0ad003c514a5d3748f29611c4c0/content/first-order-logic/syntax-and-semantics/structures.tex	complete	full source unit	source/locale/id/content/first-order-logic/syntax-and-semantics/structures.tex	a9f1fc465009a8b3e38e46bccc115197af6688184463c3e6e377282c6ecf38c5	OLP-0722-20260814	source_sha256=653be0fbc8ef1d61d9f39e7515bd1b1b1911f42147e0131a3235670e677cc241; source_bytes=5060; target_bytes=5208
OLP-0162	content/first-order-logic/syntax-and-semantics/covered-structures.tex	OpenLogicProject/OpenLogic@9620cc73f9c8e0ad003c514a5d3748f29611c4c0	https://github.com/OpenLogicProject/OpenLogic/blob/9620cc73f9c8e0ad003c514a5d3748f29611c4c0/content/first-order-logic/syntax-and-semantics/covered-structures.tex	complete	full source unit	source/locale/id/content/first-order-logic/syntax-and-semantics/covered-structures.tex	45bfc051d07a91c2d5bc4f03b080265ff092e243fd7b56ce235b47b7ee5b181b	OLP-0722-20260814	source_sha256=47b8c3e2f2455d6fdefbf11157cae904e95c858545997fd9b22e7a2a8a1948d7; source_bytes=2718; target_bytes=2742
OLP-0163	content/first-order-logic/syntax-and-semantics/satisfaction.tex	OpenLogicProject/OpenLogic@9620cc73f9c8e0ad003c514a5d3748f29611c4c0	https://github.com/OpenLogicProject/OpenLogic/blob/9620cc73f9c8e0ad003c514a5d3748f29611c4c0/content/first-order-logic/syntax-and-semantics/satisfaction.tex	complete	full source unit	source/locale/id/content/first-order-logic/syntax-and-semantics/satisfaction.tex	38a4d1b51e3406b30c68c0ac32f2be1189322331406958d97132feabd842ab00	OLP-0722-20260814	source_sha256=e44b0bea8c5d130077516bc8d757f46d4b337517aab77049841581313820fd32; source_bytes=17320; target_bytes=18391
OLP-0164	content/first-order-logic/syntax-and-semantics/assignments.tex	OpenLogicProject/OpenLogic@9620cc73f9c8e0ad003c514a5d3748f29611c4c0	https://github.com/OpenLogicProject/OpenLogic/blob/9620cc73f9c8e0ad003c514a5d3748f29611c4c0/content/first-order-logic/syntax-and-semantics/assignments.tex	complete	full source unit	source/locale/id/content/first-order-logic/syntax-and-semantics/assignments.tex	808427c766665df2107766266569acb123ccf23bdd35f11a1744aede965fdaec	OLP-0722-20260814	source_sha256=158d852e2ead50b060a48332cac8c72c475cfc206d3dab7aac24a01be3ff1771; source_bytes=14486; target_bytes=15562
OLP-0165	content/first-order-logic/syntax-and-semantics/extensionality.tex	OpenLogicProject/OpenLogic@9620cc73f9c8e0ad003c514a5d3748f29611c4c0	https://github.com/OpenLogicProject/OpenLogic/blob/9620cc73f9c8e0ad003c514a5d3748f29611c4c0/content/first-order-logic/syntax-and-semantics/extensionality.tex	complete	full source unit	source/locale/id/content/first-order-logic/syntax-and-semantics/extensionality.tex	71dc6cec748ff3d6365144e240f1b2d0d30d96a3937d64d86b3ee959466c2203	OLP-0722-20260814	source_sha256=b96be00c844c1a06be3dc8c18e237fdb595ed60b18462b01bca43e6886d1da4d; source_bytes=5350; target_bytes=5670
OLP-0166	content/first-order-logic/syntax-and-semantics/semantic-notions.tex	OpenLogicProject/OpenLogic@9620cc73f9c8e0ad003c514a5d3748f29611c4c0	https://github.com/OpenLogicProject/OpenLogic/blob/9620cc73f9c8e0ad003c514a5d3748f29611c4c0/content/first-order-logic/syntax-and-semantics/semantic-notions.tex	complete	full source unit	source/locale/id/content/first-order-logic/syntax-and-semantics/semantic-notions.tex	0c44c2f78686776ff359618bdee857c21854501c1bbb6f63992ecbc9e66ba370	OLP-0722-20260814	source_sha256=8b8740c064a3a876ff0cdf5dacd51bb8d3bbba87256fe49180de5f7c80fe08dd; source_bytes=6179; target_bytes=6691
OLP-0167	content/first-order-logic/models-theories/models-theories.tex	OpenLogicProject/OpenLogic@9620cc73f9c8e0ad003c514a5d3748f29611c4c0	https://github.com/OpenLogicProject/OpenLogic/blob/9620cc73f9c8e0ad003c514a5d3748f29611c4c0/content/first-order-logic/models-theories/models-theories.tex	complete	full source unit	source/locale/id/content/first-order-logic/models-theories/models-theories.tex	767505629b7ced0e2513dea1945a82e67e12b48a3172e4feff56aa68ac1d3607	OLP-0722-20260814	source_sha256=a3a51cfc65725adf5e09f41af5e24114847757effad8d2c49827bb427e16da6f; source_bytes=418; target_bytes=391
OLP-0168	content/first-order-logic/models-theories/introduction.tex	OpenLogicProject/OpenLogic@9620cc73f9c8e0ad003c514a5d3748f29611c4c0	https://github.com/OpenLogicProject/OpenLogic/blob/9620cc73f9c8e0ad003c514a5d3748f29611c4c0/content/first-order-logic/models-theories/introduction.tex	complete	full source unit	source/locale/id/content/first-order-logic/models-theories/introduction.tex	3a1079a9fc045adf062c20d74151d16f234665daaf994985281563da438076f1	OLP-0722-20260814	source_sha256=56518e9cb660f5393a035d369656023c1e2301db8eb220c642131a14a5cdc8d8; source_bytes=5215; target_bytes=5755
OLP-0169	content/first-order-logic/models-theories/expressing-props-of-structures.tex	OpenLogicProject/OpenLogic@9620cc73f9c8e0ad003c514a5d3748f29611c4c0	https://github.com/OpenLogicProject/OpenLogic/blob/9620cc73f9c8e0ad003c514a5d3748f29611c4c0/content/first-order-logic/models-theories/expressing-props-of-structures.tex	complete	full source unit	source/locale/id/content/first-order-logic/models-theories/expressing-props-of-structures.tex	3d45a9dfcfe40490fcd258b4f2ec9e58326cdc78d8564e6637a85b2844ea9c0c	OLP-0722-20260814	source_sha256=939bbd9f240291eefaf1926db84c710e635642e1c0b083d6bb8fd7c62b302db0; source_bytes=2967; target_bytes=3160
OLP-0170	content/first-order-logic/models-theories/theories.tex	OpenLogicProject/OpenLogic@9620cc73f9c8e0ad003c514a5d3748f29611c4c0	https://github.com/OpenLogicProject/OpenLogic/blob/9620cc73f9c8e0ad003c514a5d3748f29611c4c0/content/first-order-logic/models-theories/theories.tex	complete	full source unit	source/locale/id/content/first-order-logic/models-theories/theories.tex	055f4af3528c4dc68351f124507d89ba120a010717302e05429e0dbd890a9350	OLP-0722-20260814	source_sha256=0d47cc25cb7555009033f6dd8131beddfe7a36d514989154d241d98c3ae92536; source_bytes=6253; target_bytes=6588
OLP-0171	content/first-order-logic/models-theories/expressing-relations.tex	OpenLogicProject/OpenLogic@9620cc73f9c8e0ad003c514a5d3748f29611c4c0	https://github.com/OpenLogicProject/OpenLogic/blob/9620cc73f9c8e0ad003c514a5d3748f29611c4c0/content/first-order-logic/models-theories/expressing-relations.tex	complete	full source unit	source/locale/id/content/first-order-logic/models-theories/expressing-relations.tex	300f6d199e4750c6d1aaab65c0db9c014c5cf6476807a9ed586c67412ca94519	OLP-0722-20260814	source_sha256=4463b194f95a1e7649f0ee833e2851273e78e760d9db32f67f925c8d551daa7d; source_bytes=5120; target_bytes=5510
OLP-0172	content/first-order-logic/models-theories/set-theory.tex	OpenLogicProject/OpenLogic@9620cc73f9c8e0ad003c514a5d3748f29611c4c0	https://github.com/OpenLogicProject/OpenLogic/blob/9620cc73f9c8e0ad003c514a5d3748f29611c4c0/content/first-order-logic/models-theories/set-theory.tex	complete	full source unit	source/locale/id/content/first-order-logic/models-theories/set-theory.tex	be3c755f6c74775c117c7f68c07c74dbd37202b23b08e72170cf03a0d0c69c64	OLP-0722-20260814	source_sha256=c252116bc14449400e362e11e002d865f58e59177215cab085ceaec7ae9d2aa3; source_bytes=8490; target_bytes=9243
OLP-0173	content/first-order-logic/models-theories/size-of-structures.tex	OpenLogicProject/OpenLogic@9620cc73f9c8e0ad003c514a5d3748f29611c4c0	https://github.com/OpenLogicProject/OpenLogic/blob/9620cc73f9c8e0ad003c514a5d3748f29611c4c0/content/first-order-logic/models-theories/size-of-structures.tex	complete	full source unit	source/locale/id/content/first-order-logic/models-theories/size-of-structures.tex	fd62fecca24d670d2d318f11b3e08eac87aa6b1fdd6367c2b6963de02c774cff	OLP-0722-20260814	source_sha256=b63fc24a59388785180fe06e738b2b2e0e61c05896050bbfb1959fd6ddcf0060; source_bytes=2448; target_bytes=2526
OLP-0174	content/first-order-logic/beyond/beyond.tex	OpenLogicProject/OpenLogic@9620cc73f9c8e0ad003c514a5d3748f29611c4c0	https://github.com/OpenLogicProject/OpenLogic/blob/9620cc73f9c8e0ad003c514a5d3748f29611c4c0/content/first-order-logic/beyond/beyond.tex	complete	full source unit	source/locale/id/content/first-order-logic/beyond/beyond.tex	17f8888f566a7343ea8010d36760733e58aacf327e8e625c956b844557d2944c	OLP-0722-20260814	source_sha256=01c5b0b8dfff784fd345633ad6f9ec678b48cd6185a6912e8fc9ab317f61403e; source_bytes=856; target_bytes=841
OLP-0175	content/first-order-logic/beyond/introduction.tex	OpenLogicProject/OpenLogic@9620cc73f9c8e0ad003c514a5d3748f29611c4c0	https://github.com/OpenLogicProject/OpenLogic/blob/9620cc73f9c8e0ad003c514a5d3748f29611c4c0/content/first-order-logic/beyond/introduction.tex	complete	full source unit	source/locale/id/content/first-order-logic/beyond/introduction.tex	39ce6939d27fc4bc4a59296db357e10f78c56c67a3d91d3481ce59e89e325bc8	OLP-0722-20260814	source_sha256=84223ddeb7093a489e9130870be10bf99d6082762db58dff7763044c3ce6039e; source_bytes=2558; target_bytes=2713
OLP-0176	content/first-order-logic/beyond/many-sorted-logic.tex	OpenLogicProject/OpenLogic@9620cc73f9c8e0ad003c514a5d3748f29611c4c0	https://github.com/OpenLogicProject/OpenLogic/blob/9620cc73f9c8e0ad003c514a5d3748f29611c4c0/content/first-order-logic/beyond/many-sorted-logic.tex	complete	full source unit	source/locale/id/content/first-order-logic/beyond/many-sorted-logic.tex	271090bf667bf515694b76c0c26386fdbf748ae58234a7abbb8d1abb944a51ab	OLP-0722-20260814	source_sha256=00d702a1e3ddd4f8e98ddb1f01b5ddffe140ce3e32a40acad54dbe1e4ba64f98; source_bytes=3269; target_bytes=3432
OLP-0177	content/first-order-logic/beyond/second-order-logic.tex	OpenLogicProject/OpenLogic@9620cc73f9c8e0ad003c514a5d3748f29611c4c0	https://github.com/OpenLogicProject/OpenLogic/blob/9620cc73f9c8e0ad003c514a5d3748f29611c4c0/content/first-order-logic/beyond/second-order-logic.tex	complete	full source unit	source/locale/id/content/first-order-logic/beyond/second-order-logic.tex	5a5198b3092cbcb3f1e6d83a78b9b249375366378a338bb4862c15d9b23d0818	OLP-0722-20260814	source_sha256=c5a38313f00a864f10c9f7005a8f8ad4ef9ca2289690f0222f66cae6fa2af8cf; source_bytes=12655; target_bytes=13047
OLP-0178	content/first-order-logic/beyond/higher-order-logic.tex	OpenLogicProject/OpenLogic@9620cc73f9c8e0ad003c514a5d3748f29611c4c0	https://github.com/OpenLogicProject/OpenLogic/blob/9620cc73f9c8e0ad003c514a5d3748f29611c4c0/content/first-order-logic/beyond/higher-order-logic.tex	complete	full source unit	source/locale/id/content/first-order-logic/beyond/higher-order-logic.tex	736af250df1818968ed5268a131063c472bf0515c7b3269b9d667b244baa8be3	OLP-0722-20260814	source_sha256=52968463dd9b903b6ad2bcf76b0cb5c71d222d2c439855672f5216fac8335692; source_bytes=6298; target_bytes=6681
OLP-0179	content/first-order-logic/beyond/intuitionistic-logic.tex	OpenLogicProject/OpenLogic@9620cc73f9c8e0ad003c514a5d3748f29611c4c0	https://github.com/OpenLogicProject/OpenLogic/blob/9620cc73f9c8e0ad003c514a5d3748f29611c4c0/content/first-order-logic/beyond/intuitionistic-logic.tex	complete	full source unit	source/locale/id/content/first-order-logic/beyond/intuitionistic-logic.tex	e46103ab6f189be692f5002efbc4de07152ffbf47b844e694e4a3bf038c82991	OLP-0722-20260814	source_sha256=3230d39434d6ecdbf0e6cd7e0c8b1df843b991e8e2106b1ecd91db9ea4f94cc0; source_bytes=10746; target_bytes=11332
OLP-0180	content/first-order-logic/beyond/modal-logics.tex	OpenLogicProject/OpenLogic@9620cc73f9c8e0ad003c514a5d3748f29611c4c0	https://github.com/OpenLogicProject/OpenLogic/blob/9620cc73f9c8e0ad003c514a5d3748f29611c4c0/content/first-order-logic/beyond/modal-logics.tex	complete	full source unit	source/locale/id/content/first-order-logic/beyond/modal-logics.tex	1d1f260c244b0ad5b59de4004c26685fe62f2277265e8d7b0c5c380cb25593b8	OLP-0722-20260814	source_sha256=3bfc4f07de2027fd339884563522915e040c5105207a857a65e2b033fef4a1d1; source_bytes=4379; target_bytes=4453
OLP-0181	content/first-order-logic/beyond/other-logics.tex	OpenLogicProject/OpenLogic@9620cc73f9c8e0ad003c514a5d3748f29611c4c0	https://github.com/OpenLogicProject/OpenLogic/blob/9620cc73f9c8e0ad003c514a5d3748f29611c4c0/content/first-order-logic/beyond/other-logics.tex	complete	full source unit	source/locale/id/content/first-order-logic/beyond/other-logics.tex	2888bc71999cadd9c4953e8a107f84c1e8c469117ca06468e54a3aa8e8a58df0	OLP-0722-20260814	source_sha256=bc7394b6a16921b5a7b2dc8129b1a6c8a2b2900dc3a30b886a06ab2028ea7691; source_bytes=1876; target_bytes=2060
OLP-0182	content/model-theory/model-theory.tex	OpenLogicProject/OpenLogic@9620cc73f9c8e0ad003c514a5d3748f29611c4c0	https://github.com/OpenLogicProject/OpenLogic/blob/9620cc73f9c8e0ad003c514a5d3748f29611c4c0/content/model-theory/model-theory.tex	complete	full source unit	source/locale/id/content/model-theory/model-theory.tex	865ef7a75844bed0076d63005c04a66038c8fb3b125da56b36c70f0232a86aac	OLP-0722-20260814	source_sha256=d344ffda1bed36ff693a10b8093066703e9f00ce0ca64babaea50d5a2d25613f; source_bytes=821; target_bytes=865
OLP-0183	content/model-theory/basics/basics.tex	OpenLogicProject/OpenLogic@9620cc73f9c8e0ad003c514a5d3748f29611c4c0	https://github.com/OpenLogicProject/OpenLogic/blob/9620cc73f9c8e0ad003c514a5d3748f29611c4c0/content/model-theory/basics/basics.tex	complete	full source unit	source/locale/id/content/model-theory/basics/basics.tex	44d4eedda8bc6c90f68f9a72845ac841a525d177d9c454857ab4d28ec3c9adf4	OLP-0722-20260814	source_sha256=dbaab317a40a064d1325f5f071b3be75c7a3fa581423f7a2551cf9f4b06873b4; source_bytes=436; target_bytes=407
OLP-0184	content/model-theory/basics/reducts-and-expansions.tex	OpenLogicProject/OpenLogic@9620cc73f9c8e0ad003c514a5d3748f29611c4c0	https://github.com/OpenLogicProject/OpenLogic/blob/9620cc73f9c8e0ad003c514a5d3748f29611c4c0/content/model-theory/basics/reducts-and-expansions.tex	complete	full source unit	source/locale/id/content/model-theory/basics/reducts-and-expansions.tex	2ec4dee5ed0193a016974974a0b863051c504a7ea0b7860982dbf76a2feecacf	OLP-0722-20260814	source_sha256=f570b7501195fe1f9f137521c31af6e33c31c6d87d304e82649408b523aec20d; source_bytes=2342; target_bytes=2457
OLP-0185	content/model-theory/basics/substructures.tex	OpenLogicProject/OpenLogic@9620cc73f9c8e0ad003c514a5d3748f29611c4c0	https://github.com/OpenLogicProject/OpenLogic/blob/9620cc73f9c8e0ad003c514a5d3748f29611c4c0/content/model-theory/basics/substructures.tex	complete	full source unit	source/locale/id/content/model-theory/basics/substructures.tex	649402a762e9efc1c22e3639b95bf715192694fc25c17329e81cbf3d6851e3c7	OLP-0722-20260814	source_sha256=2c47b8add212cb4b0f9029d4d68acb4e56e8827a7da2e44ea2c5914b2f6f27d1; source_bytes=1809; target_bytes=2042
OLP-0186	content/model-theory/basics/overspill.tex	OpenLogicProject/OpenLogic@9620cc73f9c8e0ad003c514a5d3748f29611c4c0	https://github.com/OpenLogicProject/OpenLogic/blob/9620cc73f9c8e0ad003c514a5d3748f29611c4c0/content/model-theory/basics/overspill.tex	complete	full source unit	source/locale/id/content/model-theory/basics/overspill.tex	a30f1fbcf757cc2b88215c36ebf5fd0df0a8c2bf55b63abacc929be635f55db7	OLP-0722-20260814	source_sha256=c0bcbf30f27166ac4d28caa048c645701e64a64407184b553c37666ecdf7fbc5; source_bytes=1468; target_bytes=1620
OLP-0187	content/model-theory/basics/isomorphism.tex	OpenLogicProject/OpenLogic@9620cc73f9c8e0ad003c514a5d3748f29611c4c0	https://github.com/OpenLogicProject/OpenLogic/blob/9620cc73f9c8e0ad003c514a5d3748f29611c4c0/content/model-theory/basics/isomorphism.tex	complete	full source unit	source/locale/id/content/model-theory/basics/isomorphism.tex	d6796fd03e7dec30c975a5be47b0c921eb739e20a34a05a4ed4b5c7629b3b67a	OLP-0722-20260814	source_sha256=400ced4b63fe2ab03f95db16b1169e3bfa382ae0b4346c839c36220f51aac563; source_bytes=5316; target_bytes=5764
OLP-0188	content/model-theory/basics/theory-of-m.tex	OpenLogicProject/OpenLogic@9620cc73f9c8e0ad003c514a5d3748f29611c4c0	https://github.com/OpenLogicProject/OpenLogic/blob/9620cc73f9c8e0ad003c514a5d3748f29611c4c0/content/model-theory/basics/theory-of-m.tex	complete	full source unit	source/locale/id/content/model-theory/basics/theory-of-m.tex	b4e9d7b74b35bd46253f1d3361fa7004aa17af4c221f8d4162d4d2de8a32ecb3	OLP-0722-20260814	source_sha256=29fadddc04faea7888457a0eb536fbbef4d9942e4076a14f9ed186b61813e7a7; source_bytes=2322; target_bytes=2594
OLP-0189	content/model-theory/basics/partial-iso.tex	OpenLogicProject/OpenLogic@9620cc73f9c8e0ad003c514a5d3748f29611c4c0	https://github.com/OpenLogicProject/OpenLogic/blob/9620cc73f9c8e0ad003c514a5d3748f29611c4c0/content/model-theory/basics/partial-iso.tex	complete	full source unit	source/locale/id/content/model-theory/basics/partial-iso.tex	99b60edc8873fc776f48cba2eabab075722fc24abb6bf7c2c3d3bc1726e7e9ad	OLP-0722-20260814	source_sha256=9233c0428a52f321404fd272342e7e2ad90b16efcc7c6a0c5d766717eb739e97; source_bytes=9702; target_bytes=10789
OLP-0190	content/model-theory/basics/dlo.tex	OpenLogicProject/OpenLogic@9620cc73f9c8e0ad003c514a5d3748f29611c4c0	https://github.com/OpenLogicProject/OpenLogic/blob/9620cc73f9c8e0ad003c514a5d3748f29611c4c0/content/model-theory/basics/dlo.tex	complete	full source unit	source/locale/id/content/model-theory/basics/dlo.tex	2b51e8ca5f2cc7be5d411b76b921bff42252366088b3f0c66bcdf3f45fdcba00	OLP-0722-20260814	source_sha256=2176d8add7d120c359c3a1f83010e0dcbcfa8a70c3d7595bf87931eb67354a8a; source_bytes=3593; target_bytes=4341
OLP-0191	content/model-theory/models-of-arithmetic/models-of-arithmetic.tex	OpenLogicProject/OpenLogic@9620cc73f9c8e0ad003c514a5d3748f29611c4c0	https://github.com/OpenLogicProject/OpenLogic/blob/9620cc73f9c8e0ad003c514a5d3748f29611c4c0/content/model-theory/models-of-arithmetic/models-of-arithmetic.tex	complete	full source unit	source/locale/id/content/model-theory/models-of-arithmetic/models-of-arithmetic.tex	9ac0ba3945f0f8a0d2c7517eb1e502c119d34ae7a730327ea0a72d9f6af5cdb3	OLP-0722-20260814	source_sha256=3805d7a115d7d90554f1a29916190b1f050d1b5caedeb071e3226f6d38ee2100; source_bytes=401; target_bytes=377
OLP-0192	content/model-theory/models-of-arithmetic/introduction.tex	OpenLogicProject/OpenLogic@9620cc73f9c8e0ad003c514a5d3748f29611c4c0	https://github.com/OpenLogicProject/OpenLogic/blob/9620cc73f9c8e0ad003c514a5d3748f29611c4c0/content/model-theory/models-of-arithmetic/introduction.tex	complete	full source unit	source/locale/id/content/model-theory/models-of-arithmetic/introduction.tex	f44e88d609c63b6aee745695e95ad2436f67be73122cc5c6d5da6ba5f1e2ab84	OLP-0722-20260814	source_sha256=2d070e63927f9c2ea50bf5074fd6b3f15bff465398575601d3b7ed8bc9867cbb; source_bytes=3256; target_bytes=3526
OLP-0193	content/model-theory/models-of-arithmetic/standard-models.tex	OpenLogicProject/OpenLogic@9620cc73f9c8e0ad003c514a5d3748f29611c4c0	https://github.com/OpenLogicProject/OpenLogic/blob/9620cc73f9c8e0ad003c514a5d3748f29611c4c0/content/model-theory/models-of-arithmetic/standard-models.tex	complete	full source unit	source/locale/id/content/model-theory/models-of-arithmetic/standard-models.tex	ba088247a64abe988f2ba8fe573645aa4cf479e489394fd2908ad33236478381	OLP-0722-20260814	source_sha256=27e39b49bb28308233f0874de2d15ff5f33d61cc294acfa635bde0bbe4710019; source_bytes=8027; target_bytes=8498
OLP-0194	content/model-theory/models-of-arithmetic/non-standard-models.tex	OpenLogicProject/OpenLogic@9620cc73f9c8e0ad003c514a5d3748f29611c4c0	https://github.com/OpenLogicProject/OpenLogic/blob/9620cc73f9c8e0ad003c514a5d3748f29611c4c0/content/model-theory/models-of-arithmetic/non-standard-models.tex	complete	full source unit	source/locale/id/content/model-theory/models-of-arithmetic/non-standard-models.tex	9db7cabfc574cc05fab3c6db3c6dd177fedec1085d23731dfad282bad90e98b5	OLP-0722-20260814	source_sha256=0895b776d3e5ded7c9695e63ec9f268dd0e096b38040c558624f4784c3024fcc; source_bytes=4779; target_bytes=5682
OLP-0195	content/model-theory/models-of-arithmetic/models-of-q.tex	OpenLogicProject/OpenLogic@9620cc73f9c8e0ad003c514a5d3748f29611c4c0	https://github.com/OpenLogicProject/OpenLogic/blob/9620cc73f9c8e0ad003c514a5d3748f29611c4c0/content/model-theory/models-of-arithmetic/models-of-q.tex	complete	full source unit	source/locale/id/content/model-theory/models-of-arithmetic/models-of-q.tex	cac0c778335ce4f67fb7b351b2deaa8e9829038441dd910988ecb8050000e9d8	OLP-0722-20260814	source_sha256=e7f932a05807df4e416bb015cc0aac662de3fb3f0a9f8e3e0ea1a9a4f1283aa7; source_bytes=8047; target_bytes=8451
OLP-0196	content/model-theory/models-of-arithmetic/models-of-pa.tex	OpenLogicProject/OpenLogic@9620cc73f9c8e0ad003c514a5d3748f29611c4c0	https://github.com/OpenLogicProject/OpenLogic/blob/9620cc73f9c8e0ad003c514a5d3748f29611c4c0/content/model-theory/models-of-arithmetic/models-of-pa.tex	complete	full source unit	source/locale/id/content/model-theory/models-of-arithmetic/models-of-pa.tex	cc7ef489662e2f913627d9be0589f68c3ca052745e999105100c6dceca79632c	OLP-0722-20260814	source_sha256=8c4dec337b74d9a8dd3cb6a65065ba12e883518dba2a17834041d01d85c219be; source_bytes=10747; target_bytes=11657
OLP-0197	content/model-theory/models-of-arithmetic/computable-models.tex	OpenLogicProject/OpenLogic@9620cc73f9c8e0ad003c514a5d3748f29611c4c0	https://github.com/OpenLogicProject/OpenLogic/blob/9620cc73f9c8e0ad003c514a5d3748f29611c4c0/content/model-theory/models-of-arithmetic/computable-models.tex	complete	full source unit	source/locale/id/content/model-theory/models-of-arithmetic/computable-models.tex	0264a073e61750ce378a0574cc77c98f52fde7b8866a489629e792c2b5fc3d92	OLP-0722-20260814	source_sha256=79a6a13d59f055788182e0fe9117c3e98782317a71ac747db0e7483ca118cac5; source_bytes=4759; target_bytes=5043
OLP-0198	content/model-theory/interpolation/interpolation.tex	OpenLogicProject/OpenLogic@9620cc73f9c8e0ad003c514a5d3748f29611c4c0	https://github.com/OpenLogicProject/OpenLogic/blob/9620cc73f9c8e0ad003c514a5d3748f29611c4c0/content/model-theory/interpolation/interpolation.tex	complete	full source unit	source/locale/id/content/model-theory/interpolation/interpolation.tex	4bbe8de43d63b02f1d34de6f2a3b70eaf59db3f1390124c7f3343d58ac6fc3d5	OLP-0722-20260814	source_sha256=30f05b67fa5f7ad8fd9e9c59fed138ddb53cdca1fbd9fb65a4c58aeda6b7342a; source_bytes=336; target_bytes=308
OLP-0199	content/model-theory/interpolation/introduction.tex	OpenLogicProject/OpenLogic@9620cc73f9c8e0ad003c514a5d3748f29611c4c0	https://github.com/OpenLogicProject/OpenLogic/blob/9620cc73f9c8e0ad003c514a5d3748f29611c4c0/content/model-theory/interpolation/introduction.tex	complete	full source unit	source/locale/id/content/model-theory/interpolation/introduction.tex	121b08b2d99f0ecebf2bac69a29644e6b9ccd4dcd2e2963453470c413f704fc4	OLP-0722-20260814	source_sha256=bf9e45873cb4e5c18fc57a8c51cd7ed5d94dbd1bdfd6f89f0c1bad630ae22044; source_bytes=991; target_bytes=1024
OLP-0200	content/model-theory/interpolation/separation.tex	OpenLogicProject/OpenLogic@9620cc73f9c8e0ad003c514a5d3748f29611c4c0	https://github.com/OpenLogicProject/OpenLogic/blob/9620cc73f9c8e0ad003c514a5d3748f29611c4c0/content/model-theory/interpolation/separation.tex	complete	full source unit	source/locale/id/content/model-theory/interpolation/separation.tex	f813ef7b6ac9302b8c95f674d4f33827ec56d1e29146a2a649f1a255cda9db8a	OLP-0722-20260814	source_sha256=0850da6cb374079c24cd947ce17cf85604551f825be405676e97fe2779b0a2f6; source_bytes=5121; target_bytes=5238
OLP-0201	content/model-theory/interpolation/interpolation-proof.tex	OpenLogicProject/OpenLogic@9620cc73f9c8e0ad003c514a5d3748f29611c4c0	https://github.com/OpenLogicProject/OpenLogic/blob/9620cc73f9c8e0ad003c514a5d3748f29611c4c0/content/model-theory/interpolation/interpolation-proof.tex	complete	full source unit	source/locale/id/content/model-theory/interpolation/interpolation-proof.tex	d2b10e2a733d48b06bcc572320b3e122d8995c341973c888d23ec2062ea8a62f	OLP-0722-20260814	source_sha256=c2b53950362da168a87e66758d2c91729041cc28a49ea78374283d46459bade2; source_bytes=9455; target_bytes=10126
OLP-0202	content/model-theory/interpolation/definability.tex	OpenLogicProject/OpenLogic@9620cc73f9c8e0ad003c514a5d3748f29611c4c0	https://github.com/OpenLogicProject/OpenLogic/blob/9620cc73f9c8e0ad003c514a5d3748f29611c4c0/content/model-theory/interpolation/definability.tex	complete	full source unit	source/locale/id/content/model-theory/interpolation/definability.tex	c0c466aed501ae19e634606261277b753e1c189e269b8d5420ab59ecaf654d69	OLP-0722-20260814	source_sha256=8e89c08c0e211d3bd52c05cbd1d09b148df444855e4165df71e43461e84cbaca; source_bytes=5096; target_bytes=5437
OLP-0203	content/model-theory/lindstrom/lindstrom.tex	OpenLogicProject/OpenLogic@9620cc73f9c8e0ad003c514a5d3748f29611c4c0	https://github.com/OpenLogicProject/OpenLogic/blob/9620cc73f9c8e0ad003c514a5d3748f29611c4c0/content/model-theory/lindstrom/lindstrom.tex	complete	full source unit	source/locale/id/content/model-theory/lindstrom/lindstrom.tex	ea60647bee250e5892147fe21d8176d4f9f30292d57c7541e83f4dffb50878d2	OLP-0722-20260814	source_sha256=ea726cb752c7aa9832bf45f4b2ded0c69d9dcb376549c93bc2af7df4aacddc8a; source_bytes=328; target_bytes=304
OLP-0204	content/model-theory/lindstrom/introduction.tex	OpenLogicProject/OpenLogic@9620cc73f9c8e0ad003c514a5d3748f29611c4c0	https://github.com/OpenLogicProject/OpenLogic/blob/9620cc73f9c8e0ad003c514a5d3748f29611c4c0/content/model-theory/lindstrom/introduction.tex	complete	full source unit	source/locale/id/content/model-theory/lindstrom/introduction.tex	82db35bcab0e64a9200c5555b2d46cdc4d2e01ea2d6ea9c3271ad05435b21f87	OLP-0722-20260814	source_sha256=c37aac04a5f7e6123c558cd7ce3ca7c8159fad3bce92c2a47aa40ebf810baa52; source_bytes=809; target_bytes=798
OLP-0205	content/model-theory/lindstrom/abstract-logics.tex	OpenLogicProject/OpenLogic@9620cc73f9c8e0ad003c514a5d3748f29611c4c0	https://github.com/OpenLogicProject/OpenLogic/blob/9620cc73f9c8e0ad003c514a5d3748f29611c4c0/content/model-theory/lindstrom/abstract-logics.tex	complete	full source unit	source/locale/id/content/model-theory/lindstrom/abstract-logics.tex	11692de25a77e39be3b9039f1a6bf6f0fcea9f89767b213ded890e5131aeca61	OLP-0722-20260814	source_sha256=ab605690e24fffb499ee9523a80e4cb422d9e7ac7beb0b86cdd7a4eba6edba9b; source_bytes=6807; target_bytes=7061
OLP-0206	content/model-theory/lindstrom/ls-property.tex	OpenLogicProject/OpenLogic@9620cc73f9c8e0ad003c514a5d3748f29611c4c0	https://github.com/OpenLogicProject/OpenLogic/blob/9620cc73f9c8e0ad003c514a5d3748f29611c4c0/content/model-theory/lindstrom/ls-property.tex	complete	full source unit	source/locale/id/content/model-theory/lindstrom/ls-property.tex	4ac6fc8aaef2cf6494e992e8018ea739b3fe3d52eb61fbb404cc39745a739d51	OLP-0722-20260814	source_sha256=3e7b3f84adf951cd912972a2d7ac5908d7d3c0130f881caf70eec03a5080efe3; source_bytes=5780; target_bytes=6065
OLP-0207	content/model-theory/lindstrom/lindstrom-proof.tex	OpenLogicProject/OpenLogic@9620cc73f9c8e0ad003c514a5d3748f29611c4c0	https://github.com/OpenLogicProject/OpenLogic/blob/9620cc73f9c8e0ad003c514a5d3748f29611c4c0/content/model-theory/lindstrom/lindstrom-proof.tex	complete	full source unit	source/locale/id/content/model-theory/lindstrom/lindstrom-proof.tex	7a1805201b26b6c5affaa1946946e6a9efb9595f30e56299191999caae64c99a	OLP-0722-20260814	source_sha256=8e407658f1e11431ad859dd166b2de535e6bab8da9b1a28b9549fd97b2ec87fc; source_bytes=6169; target_bytes=6785
OLP-0208	content/computability/computability.tex	OpenLogicProject/OpenLogic@9620cc73f9c8e0ad003c514a5d3748f29611c4c0	https://github.com/OpenLogicProject/OpenLogic/blob/9620cc73f9c8e0ad003c514a5d3748f29611c4c0/content/computability/computability.tex	complete	full source unit	source/locale/id/content/computability/computability.tex	6cd2d2b92ed78538d1cfa992c89dd950d5d06031c20bd7d7e5f66b397b59ecb9	OLP-0722-20260814	source_sha256=efc0b0d0a189854db40ac8fc626a19327d6cf0b22e1a8eb3b74bcb727efcd8e0; source_bytes=557; target_bytes=553
OLP-0209	content/computability/recursive-functions/recursive-functions.tex	OpenLogicProject/OpenLogic@9620cc73f9c8e0ad003c514a5d3748f29611c4c0	https://github.com/OpenLogicProject/OpenLogic/blob/9620cc73f9c8e0ad003c514a5d3748f29611c4c0/content/computability/recursive-functions/recursive-functions.tex	complete	full source unit	source/locale/id/content/computability/recursive-functions/recursive-functions.tex	610adbb34caac242664e780b1d709928c51c04fd8e717e91f42b7c244414c1b7	OLP-0722-20260814	source_sha256=567feffca9844be257c54e521e882775439f227be7b8277ddfdae9fe5333e45e; source_bytes=1046; target_bytes=989
OLP-0210	content/computability/recursive-functions/introduction.tex	OpenLogicProject/OpenLogic@9620cc73f9c8e0ad003c514a5d3748f29611c4c0	https://github.com/OpenLogicProject/OpenLogic/blob/9620cc73f9c8e0ad003c514a5d3748f29611c4c0/content/computability/recursive-functions/introduction.tex	complete	full source unit	source/locale/id/content/computability/recursive-functions/introduction.tex	ae17945cd80becf51885e4a39b4f9fb60015e02f01b513a2ec975447f1ae44a1	OLP-0722-20260814	source_sha256=aa5da3312ed4236449827261edddc5393a2d17306bca57e36284c368f5fa3bc8; source_bytes=2862; target_bytes=2982
OLP-0211	content/computability/recursive-functions/primitive-recursion.tex	OpenLogicProject/OpenLogic@9620cc73f9c8e0ad003c514a5d3748f29611c4c0	https://github.com/OpenLogicProject/OpenLogic/blob/9620cc73f9c8e0ad003c514a5d3748f29611c4c0/content/computability/recursive-functions/primitive-recursion.tex	complete	full source unit	source/locale/id/content/computability/recursive-functions/primitive-recursion.tex	4e651120695800480d67b2db90300a33ec5f388b2fa7a206d17613306e3b9e13	OLP-0722-20260814	source_sha256=e98c274a0ab979761d083f4c9ad1486d440c7933a13c1c0d99ac1a52d8996fcc; source_bytes=5960; target_bytes=6247
OLP-0212	content/computability/recursive-functions/composition.tex	OpenLogicProject/OpenLogic@9620cc73f9c8e0ad003c514a5d3748f29611c4c0	https://github.com/OpenLogicProject/OpenLogic/blob/9620cc73f9c8e0ad003c514a5d3748f29611c4c0/content/computability/recursive-functions/composition.tex	complete	full source unit	source/locale/id/content/computability/recursive-functions/composition.tex	dd992550253f1feddd0951c545ae309a4b4781de4bd2e8c1f8dd0712e043d80b	OLP-0722-20260814	source_sha256=76ed2309d26b936b5eb1cb6a7c90f58e40043d38aa3afd1b7ad2e98d836245f0; source_bytes=3535; target_bytes=3728
OLP-0213	content/computability/recursive-functions/pr-functions.tex	OpenLogicProject/OpenLogic@9620cc73f9c8e0ad003c514a5d3748f29611c4c0	https://github.com/OpenLogicProject/OpenLogic/blob/9620cc73f9c8e0ad003c514a5d3748f29611c4c0/content/computability/recursive-functions/pr-functions.tex	complete	full source unit	source/locale/id/content/computability/recursive-functions/pr-functions.tex	aab48ec733e9f3daa58721215f2a15c330077c67455d9347c3209e09b3fe0f65	OLP-0722-20260814	source_sha256=1bb48caec3680c643d88cee6a910542ce36852e8f97b4e1728d4b5fc59d8f22f; source_bytes=6082; target_bytes=6306
OLP-0214	content/computability/recursive-functions/notation-pr-functions.tex	OpenLogicProject/OpenLogic@9620cc73f9c8e0ad003c514a5d3748f29611c4c0	https://github.com/OpenLogicProject/OpenLogic/blob/9620cc73f9c8e0ad003c514a5d3748f29611c4c0/content/computability/recursive-functions/notation-pr-functions.tex	complete	full source unit	source/locale/id/content/computability/recursive-functions/notation-pr-functions.tex	7a40c15cf26721ecfc4063307cadce211184c8c710027d63bf75ae1b9de6d9bb	OLP-0722-20260814	source_sha256=6018c8fb8ec86201286b019a60163a63ca076925d3044dde7060394822241272; source_bytes=2134; target_bytes=2265
OLP-0215	content/computability/recursive-functions/pr-functions-computable.tex	OpenLogicProject/OpenLogic@9620cc73f9c8e0ad003c514a5d3748f29611c4c0	https://github.com/OpenLogicProject/OpenLogic/blob/9620cc73f9c8e0ad003c514a5d3748f29611c4c0/content/computability/recursive-functions/pr-functions-computable.tex	complete	full source unit	source/locale/id/content/computability/recursive-functions/pr-functions-computable.tex	8325b94b14c988db80a9e48fe0ee0a99132aa1131898e5ba2735ebff90f9c48d	OLP-0722-20260814	source_sha256=10a26513e18c31ee991a53c54bc10682710d93b5766f0ee758cc766b38e321c9; source_bytes=1861; target_bytes=1897
OLP-0216	content/computability/recursive-functions/examples.tex	OpenLogicProject/OpenLogic@9620cc73f9c8e0ad003c514a5d3748f29611c4c0	https://github.com/OpenLogicProject/OpenLogic/blob/9620cc73f9c8e0ad003c514a5d3748f29611c4c0/content/computability/recursive-functions/examples.tex	complete	full source unit	source/locale/id/content/computability/recursive-functions/examples.tex	de9d2a764c7f611a8882c6b2efd6809d3fb89ee9d58fea562471715d4e400282	OLP-0722-20260814	source_sha256=431b72df17cd6de28a2f475f360742639cc40b5abc1a68d0d7e91794a88188d9; source_bytes=5988; target_bytes=6128
OLP-0217	content/computability/recursive-functions/pr-relations.tex	OpenLogicProject/OpenLogic@9620cc73f9c8e0ad003c514a5d3748f29611c4c0	https://github.com/OpenLogicProject/OpenLogic/blob/9620cc73f9c8e0ad003c514a5d3748f29611c4c0/content/computability/recursive-functions/pr-relations.tex	complete	full source unit	source/locale/id/content/computability/recursive-functions/pr-relations.tex	8ebdfa0064852f7506fc26fc9da47e04dc97a16b0f035215365fabbc1372fe9e	OLP-0722-20260814	source_sha256=8323a8010f1d1faed641b5efc44c46956e1264fc4120c95e67edc26fbaa4ace2; source_bytes=5700; target_bytes=5901
OLP-0218	content/computability/recursive-functions/bounded-minimization.tex	OpenLogicProject/OpenLogic@9620cc73f9c8e0ad003c514a5d3748f29611c4c0	https://github.com/OpenLogicProject/OpenLogic/blob/9620cc73f9c8e0ad003c514a5d3748f29611c4c0/content/computability/recursive-functions/bounded-minimization.tex	complete	full source unit	source/locale/id/content/computability/recursive-functions/bounded-minimization.tex	f04c6e560379cd17bee782acf4ba6228af21c2a2943b5873e3bad93688c2b991	OLP-0722-20260814	source_sha256=e92c4c37e242325519960ad6cc05f288cac99a3422e3eec6557f70325ce4a75e; source_bytes=2593; target_bytes=2840
OLP-0219	content/computability/recursive-functions/primes.tex	OpenLogicProject/OpenLogic@9620cc73f9c8e0ad003c514a5d3748f29611c4c0	https://github.com/OpenLogicProject/OpenLogic/blob/9620cc73f9c8e0ad003c514a5d3748f29611c4c0/content/computability/recursive-functions/primes.tex	complete	full source unit	source/locale/id/content/computability/recursive-functions/primes.tex	cd6bef4686c5b66ac5a33c9adb77caa497047057da087e96b026dc5677b83342	OLP-0722-20260814	source_sha256=02365c0e9de7f0df4bfae770dc311f59c8947e48422a8570de4c5e2c2d6a9157; source_bytes=3434; target_bytes=3928
OLP-0220	content/computability/recursive-functions/sequences.tex	OpenLogicProject/OpenLogic@9620cc73f9c8e0ad003c514a5d3748f29611c4c0	https://github.com/OpenLogicProject/OpenLogic/blob/9620cc73f9c8e0ad003c514a5d3748f29611c4c0/content/computability/recursive-functions/sequences.tex	complete	full source unit	source/locale/id/content/computability/recursive-functions/sequences.tex	8a0c136363e88b1e73a3714826b83c23d96f8e08a07adddabd5a13e2bc37a4f8	OLP-0722-20260814	source_sha256=8199ddcf003b44e0e6d5a050d32ddbb13322d6a62bfe998b075c493d8a905dee; source_bytes=6799; target_bytes=7243
OLP-0221	content/computability/recursive-functions/trees.tex	OpenLogicProject/OpenLogic@9620cc73f9c8e0ad003c514a5d3748f29611c4c0	https://github.com/OpenLogicProject/OpenLogic/blob/9620cc73f9c8e0ad003c514a5d3748f29611c4c0/content/computability/recursive-functions/trees.tex	complete	full source unit	source/locale/id/content/computability/recursive-functions/trees.tex	e22bbf144d44a920adea44810d41bc2d900b385347f2a6887b1ba2a9de8e4b87	OLP-0722-20260814	source_sha256=894b0c7adc8dcd90f8dcf342c07f0a1255861174f73b004c1fcd56c90b314d3a; source_bytes=3488; target_bytes=3672
OLP-0222	content/computability/recursive-functions/other-recursions.tex	OpenLogicProject/OpenLogic@9620cc73f9c8e0ad003c514a5d3748f29611c4c0	https://github.com/OpenLogicProject/OpenLogic/blob/9620cc73f9c8e0ad003c514a5d3748f29611c4c0/content/computability/recursive-functions/other-recursions.tex	complete	full source unit	source/locale/id/content/computability/recursive-functions/other-recursions.tex	513d7ba221b70f6355ebf8ace0682057246d552666316e77aab464e23ef6f4f3	OLP-0722-20260814	source_sha256=f3e558032c6f1e11bfe8710653a5a544ab28a3344e14b0606efb8d8c42f5942e; source_bytes=2725; target_bytes=2796
OLP-0223	content/computability/recursive-functions/non-pr-functions.tex	OpenLogicProject/OpenLogic@9620cc73f9c8e0ad003c514a5d3748f29611c4c0	https://github.com/OpenLogicProject/OpenLogic/blob/9620cc73f9c8e0ad003c514a5d3748f29611c4c0/content/computability/recursive-functions/non-pr-functions.tex	complete	full source unit	source/locale/id/content/computability/recursive-functions/non-pr-functions.tex	5245dbc612e4b4d2641675a9dbc8270327157ea9291258ad284a9eda9483ecac	OLP-0722-20260814	source_sha256=78d19b1607382b6e44c4c225c853b34634e4342b5998e3857be2360cb5f6d8d2; source_bytes=4482; target_bytes=4763
OLP-0224	content/computability/recursive-functions/partial-functions.tex	OpenLogicProject/OpenLogic@9620cc73f9c8e0ad003c514a5d3748f29611c4c0	https://github.com/OpenLogicProject/OpenLogic/blob/9620cc73f9c8e0ad003c514a5d3748f29611c4c0/content/computability/recursive-functions/partial-functions.tex	complete	full source unit	source/locale/id/content/computability/recursive-functions/partial-functions.tex	8de010eec51546b77da12a87ab0976ca355046579a58d10220f98a729a8f1802	OLP-0722-20260814	source_sha256=8bc40ad81d6d9df66dfcfd82b0a8ba732528ab0fa870d2706a7a80b89caa6a7c; source_bytes=5447; target_bytes=5613
OLP-0225	content/computability/recursive-functions/normal-form.tex	OpenLogicProject/OpenLogic@9620cc73f9c8e0ad003c514a5d3748f29611c4c0	https://github.com/OpenLogicProject/OpenLogic/blob/9620cc73f9c8e0ad003c514a5d3748f29611c4c0/content/computability/recursive-functions/normal-form.tex	complete	full source unit	source/locale/id/content/computability/recursive-functions/normal-form.tex	ef18e0d75799f75ea92aa430900f2cc960af58f84e442f9c9b0623e438a28083	OLP-0722-20260814	source_sha256=bcaadbcfece9d45963ac5e9e66176efecc7d014aba49c3924522e14c2f6058b2; source_bytes=1942; target_bytes=2008
OLP-0226	content/computability/recursive-functions/halting-problem.tex	OpenLogicProject/OpenLogic@9620cc73f9c8e0ad003c514a5d3748f29611c4c0	https://github.com/OpenLogicProject/OpenLogic/blob/9620cc73f9c8e0ad003c514a5d3748f29611c4c0/content/computability/recursive-functions/halting-problem.tex	complete	full source unit	source/locale/id/content/computability/recursive-functions/halting-problem.tex	3c267b767384e08962a2a0f7cd31e5597f7680ee641e80b63d954f0eb6c94cf8	OLP-0722-20260814	source_sha256=45ec5638665a104724a6591813603a2162182ffedef2288f210e4c99eb035d00; source_bytes=3320; target_bytes=3166
OLP-0227	content/computability/recursive-functions/general-recursive-functions.tex	OpenLogicProject/OpenLogic@9620cc73f9c8e0ad003c514a5d3748f29611c4c0	https://github.com/OpenLogicProject/OpenLogic/blob/9620cc73f9c8e0ad003c514a5d3748f29611c4c0/content/computability/recursive-functions/general-recursive-functions.tex	complete	full source unit	source/locale/id/content/computability/recursive-functions/general-recursive-functions.tex	49d2d404427deffe640aca925c091b1dfb863cc80ceb2f2f93dae7294ce38ff9	OLP-0722-20260814	source_sha256=ec031b368a8b22f20144e845280e876ef9012cb3bfa524c01785d423519feaee; source_bytes=1731; target_bytes=1674
OLP-0228	content/computability/computability-theory/computability-theory.tex	OpenLogicProject/OpenLogic@9620cc73f9c8e0ad003c514a5d3748f29611c4c0	https://github.com/OpenLogicProject/OpenLogic/blob/9620cc73f9c8e0ad003c514a5d3748f29611c4c0/content/computability/computability-theory/computability-theory.tex	complete	full source unit	source/locale/id/content/computability/computability-theory/computability-theory.tex	60c81dd188837c4c5c9a4c1c0305c03b693db6ae5df765980774742c5d2aa20a	OLP-0722-20260814	source_sha256=455935eba9c7e9c84dfbac734f6d7d99c9e1d1d29e1bfec82df6a04af662f376; source_bytes=1040; target_bytes=959
OLP-0229	content/computability/computability-theory/introduction.tex	OpenLogicProject/OpenLogic@9620cc73f9c8e0ad003c514a5d3748f29611c4c0	https://github.com/OpenLogicProject/OpenLogic/blob/9620cc73f9c8e0ad003c514a5d3748f29611c4c0/content/computability/computability-theory/introduction.tex	complete	full source unit	source/locale/id/content/computability/computability-theory/introduction.tex	3411adc134f95db16450442ad7e09a16ab91e210bd93557237756babd2564c35	OLP-0722-20260814	source_sha256=c3419c9d239782b621f14aae61fde98a1ecaa1a8e146d8d042d87476cd826107; source_bytes=3266; target_bytes=3679
OLP-0230	content/computability/computability-theory/coding-computations.tex	OpenLogicProject/OpenLogic@9620cc73f9c8e0ad003c514a5d3748f29611c4c0	https://github.com/OpenLogicProject/OpenLogic/blob/9620cc73f9c8e0ad003c514a5d3748f29611c4c0/content/computability/computability-theory/coding-computations.tex	complete	full source unit	source/locale/id/content/computability/computability-theory/coding-computations.tex	091ece3b1d3138e57559aab9b14a1ba0bfd812b31eb35eace152867f399dd353	OLP-0722-20260814	source_sha256=a7f410fc4df20dc8a33e389d77fef080bc442c898f66fc6c7f2b416563aac620; source_bytes=2114; target_bytes=2020
OLP-0231	content/computability/computability-theory/normal-form.tex	OpenLogicProject/OpenLogic@9620cc73f9c8e0ad003c514a5d3748f29611c4c0	https://github.com/OpenLogicProject/OpenLogic/blob/9620cc73f9c8e0ad003c514a5d3748f29611c4c0/content/computability/computability-theory/normal-form.tex	complete	full source unit	source/locale/id/content/computability/computability-theory/normal-form.tex	72663a6710c6efcf97f060f4fdce855507ecb4757acb23c120907407cb5af742	OLP-0722-20260814	source_sha256=275b05d5a1731214ddec611571a58c1a0d1587409ae68462852e3cb253a800dc; source_bytes=4077; target_bytes=4227
OLP-0232	content/computability/computability-theory/s-m-n.tex	OpenLogicProject/OpenLogic@9620cc73f9c8e0ad003c514a5d3748f29611c4c0	https://github.com/OpenLogicProject/OpenLogic/blob/9620cc73f9c8e0ad003c514a5d3748f29611c4c0/content/computability/computability-theory/s-m-n.tex	complete	full source unit	source/locale/id/content/computability/computability-theory/s-m-n.tex	9dd211c165d8433b9222d269f17d280ba1bc111961182ce2cc0c819887dc609a	OLP-0722-20260814	source_sha256=4a1c61fd8f0426b389b529ee9052fcab5d28e67895f48a95572804c92fec995c; source_bytes=1579; target_bytes=1665
OLP-0233	content/computability/computability-theory/universal-part-function.tex	OpenLogicProject/OpenLogic@9620cc73f9c8e0ad003c514a5d3748f29611c4c0	https://github.com/OpenLogicProject/OpenLogic/blob/9620cc73f9c8e0ad003c514a5d3748f29611c4c0/content/computability/computability-theory/universal-part-function.tex	complete	full source unit	source/locale/id/content/computability/computability-theory/universal-part-function.tex	b2af6ef13c71a34d8697e658fe4ac8a83542db4a379f2a0ce97ac3814f168411	OLP-0722-20260814	source_sha256=ad8a25c4b89efb3fb744ac5e31eb93e36e89ac7890f892a30dd0ca5886df9ec4; source_bytes=1601; target_bytes=1715
OLP-0234	content/computability/computability-theory/no-universal-function.tex	OpenLogicProject/OpenLogic@9620cc73f9c8e0ad003c514a5d3748f29611c4c0	https://github.com/OpenLogicProject/OpenLogic/blob/9620cc73f9c8e0ad003c514a5d3748f29611c4c0/content/computability/computability-theory/no-universal-function.tex	complete	full source unit	source/locale/id/content/computability/computability-theory/no-universal-function.tex	e014fe981b9afb21ff6dce349e38e100e3b1b94c499de967160414047484740b	OLP-0722-20260814	source_sha256=21cdbc8e03343aed5b966aa8df3cb1670e06ff46bc95d6f70a25a45d68edb8c0; source_bytes=1832; target_bytes=1964
OLP-0235	content/computability/computability-theory/halting-problem.tex	OpenLogicProject/OpenLogic@9620cc73f9c8e0ad003c514a5d3748f29611c4c0	https://github.com/OpenLogicProject/OpenLogic/blob/9620cc73f9c8e0ad003c514a5d3748f29611c4c0/content/computability/computability-theory/halting-problem.tex	complete	full source unit	source/locale/id/content/computability/computability-theory/halting-problem.tex	035bbfc8d873b547dc83762051fde46477c040994bc90a197807090f740a112a	OLP-0722-20260814	source_sha256=07a2761be56b61fdf53a8059c14ccc93f9e10e467834f49086bf1033b3325da2; source_bytes=3650; target_bytes=3980
OLP-0236	content/computability/computability-theory/russells-paradox.tex	OpenLogicProject/OpenLogic@9620cc73f9c8e0ad003c514a5d3748f29611c4c0	https://github.com/OpenLogicProject/OpenLogic/blob/9620cc73f9c8e0ad003c514a5d3748f29611c4c0/content/computability/computability-theory/russells-paradox.tex	complete	full source unit	source/locale/id/content/computability/computability-theory/russells-paradox.tex	389825176e4c7f43e59468596ebc010022522a06f54edd3cc5366dd50aa628cc	OLP-0722-20260814	source_sha256=8cdf210d5f1554d2c000429a6d18ad27ee2e81a264a1b66530ba061c7eb66d07; source_bytes=2787; target_bytes=2932
OLP-0237	content/computability/computability-theory/computable-sets.tex	OpenLogicProject/OpenLogic@9620cc73f9c8e0ad003c514a5d3748f29611c4c0	https://github.com/OpenLogicProject/OpenLogic/blob/9620cc73f9c8e0ad003c514a5d3748f29611c4c0/content/computability/computability-theory/computable-sets.tex	complete	full source unit	source/locale/id/content/computability/computability-theory/computable-sets.tex	0b8f311b4a9996bd9c009d57880488231936bc9a5841df91ea10eeea60c0c2cd	OLP-0722-20260814	source_sha256=f5f564af892eaee08204f6b878e7172fa49bc45f8429fd5b91f1521fd116f222; source_bytes=1302; target_bytes=1398
OLP-0238	content/computability/computability-theory/ce-sets.tex	OpenLogicProject/OpenLogic@9620cc73f9c8e0ad003c514a5d3748f29611c4c0	https://github.com/OpenLogicProject/OpenLogic/blob/9620cc73f9c8e0ad003c514a5d3748f29611c4c0/content/computability/computability-theory/ce-sets.tex	complete	full source unit	source/locale/id/content/computability/computability-theory/ce-sets.tex	47019d77d9ab865668e627d8eabdc753b203edae8c550a1d754c482be5632c57	OLP-0722-20260814	source_sha256=b738f332001dab70a842378f9ebcdd3c81f81a37d40093e9c3a12d724220031f; source_bytes=1646; target_bytes=1735
OLP-0239	content/computability/computability-theory/equiv-ce-defs.tex	OpenLogicProject/OpenLogic@9620cc73f9c8e0ad003c514a5d3748f29611c4c0	https://github.com/OpenLogicProject/OpenLogic/blob/9620cc73f9c8e0ad003c514a5d3748f29611c4c0/content/computability/computability-theory/equiv-ce-defs.tex	complete	full source unit	source/locale/id/content/computability/computability-theory/equiv-ce-defs.tex	d7584e3b135f948299c1f92dbecfe2874607e4cd597b9f9c0214a9d86ebfc58b	OLP-0722-20260814	source_sha256=a195b2f0b2d78a5121d2c5993e5b7c31b493aa02d4f8103804f1f6780e1dbb30; source_bytes=6341; target_bytes=6982
OLP-0240	content/computability/computability-theory/non-comp-set.tex	OpenLogicProject/OpenLogic@9620cc73f9c8e0ad003c514a5d3748f29611c4c0	https://github.com/OpenLogicProject/OpenLogic/blob/9620cc73f9c8e0ad003c514a5d3748f29611c4c0/content/computability/computability-theory/non-comp-set.tex	complete	full source unit	source/locale/id/content/computability/computability-theory/non-comp-set.tex	b16225df4fa0327293c8b024ccc2b1114b217a3725ea7f2fb81b15f3ce88fb10	OLP-0722-20260814	source_sha256=ea2588e217e3df5956db0c8abd7cfbd46dde8ffeec2cc585354b43fef11bded2; source_bytes=2134; target_bytes=2417
OLP-0241	content/computability/computability-theory/ce-closed-cup-cap.tex	OpenLogicProject/OpenLogic@9620cc73f9c8e0ad003c514a5d3748f29611c4c0	https://github.com/OpenLogicProject/OpenLogic/blob/9620cc73f9c8e0ad003c514a5d3748f29611c4c0/content/computability/computability-theory/ce-closed-cup-cap.tex	complete	full source unit	source/locale/id/content/computability/computability-theory/ce-closed-cup-cap.tex	32964c87b306b2ec19f3b024636c8ea9f2defdbf5feccb6da26bbf042b77637b	OLP-0722-20260814	source_sha256=6b5a606958985b35543ab2967d419a1894ea7bb37138594be5a8ebf997d75094; source_bytes=3224; target_bytes=3408
OLP-0242	content/computability/computability-theory/complement-ce.tex	OpenLogicProject/OpenLogic@9620cc73f9c8e0ad003c514a5d3748f29611c4c0	https://github.com/OpenLogicProject/OpenLogic/blob/9620cc73f9c8e0ad003c514a5d3748f29611c4c0/content/computability/computability-theory/complement-ce.tex	complete	full source unit	source/locale/id/content/computability/computability-theory/complement-ce.tex	a1c52e3d76ba97ac74108864cfc1a1fb0a47d974fa54765f9319e86b32876643	OLP-0722-20260814	source_sha256=ae7fddd59fca662c90bb7e23a2af725a90dc7d9d95821eb3a55550f3f6b649d9; source_bytes=2302; target_bytes=2398
OLP-0243	content/computability/computability-theory/reducibility.tex	OpenLogicProject/OpenLogic@9620cc73f9c8e0ad003c514a5d3748f29611c4c0	https://github.com/OpenLogicProject/OpenLogic/blob/9620cc73f9c8e0ad003c514a5d3748f29611c4c0/content/computability/computability-theory/reducibility.tex	complete	full source unit	source/locale/id/content/computability/computability-theory/reducibility.tex	701a3d9f5a6ddae793e519e7445930ea2cabf4d6c21bd21894adadca115f3af0	OLP-0722-20260814	source_sha256=9f392186d01baec03bd0c6cad875c8fc66231174ddb294c4a9a014c590f8ce22; source_bytes=3176; target_bytes=3457
OLP-0244	content/computability/computability-theory/prop-reduce.tex	OpenLogicProject/OpenLogic@9620cc73f9c8e0ad003c514a5d3748f29611c4c0	https://github.com/OpenLogicProject/OpenLogic/blob/9620cc73f9c8e0ad003c514a5d3748f29611c4c0/content/computability/computability-theory/prop-reduce.tex	complete	full source unit	source/locale/id/content/computability/computability-theory/prop-reduce.tex	2ae07d0b8f70ea9e4be1774abdca73deaef77fb853807736ee27e0f1f5a5904c	OLP-0722-20260814	source_sha256=aba1c5594c0c29e062f0d40bd85948f4977a962cbdad14f492bc19b36e51504d; source_bytes=4102; target_bytes=4455
OLP-0245	content/computability/computability-theory/complete-ce-sets.tex	OpenLogicProject/OpenLogic@9620cc73f9c8e0ad003c514a5d3748f29611c4c0	https://github.com/OpenLogicProject/OpenLogic/blob/9620cc73f9c8e0ad003c514a5d3748f29611c4c0/content/computability/computability-theory/complete-ce-sets.tex	complete	full source unit	source/locale/id/content/computability/computability-theory/complete-ce-sets.tex	a31f3e187a7dbee8cea007fdc54b45caf70ad3d4f5de134f1f75a4cda832cb8f	OLP-0722-20260814	source_sha256=f2b3d831482a977fe0d186eed0e916f4efa52c2aeb2cd828e29a1d012bb0c377; source_bytes=1925; target_bytes=2129
OLP-0246	content/computability/computability-theory/k-1.tex	OpenLogicProject/OpenLogic@9620cc73f9c8e0ad003c514a5d3748f29611c4c0	https://github.com/OpenLogicProject/OpenLogic/blob/9620cc73f9c8e0ad003c514a5d3748f29611c4c0/content/computability/computability-theory/k-1.tex	complete	full source unit	source/locale/id/content/computability/computability-theory/k-1.tex	8e3340444bd139623c53a91db95bf91449c76d934fe2bfcd95f5ad74443a9f70	OLP-0722-20260814	source_sha256=553b765fd06bae91196dfd6a9404614f0b5c687d77d6eebf53205b30cba3ce2d; source_bytes=2648; target_bytes=2846
OLP-0247	content/computability/computability-theory/total.tex	OpenLogicProject/OpenLogic@9620cc73f9c8e0ad003c514a5d3748f29611c4c0	https://github.com/OpenLogicProject/OpenLogic/blob/9620cc73f9c8e0ad003c514a5d3748f29611c4c0/content/computability/computability-theory/total.tex	complete	full source unit	source/locale/id/content/computability/computability-theory/total.tex	ca777687db237b348925ccc94243badb3006f4e40414d4cd33f2da0e22bb473b	OLP-0722-20260814	source_sha256=d165286d41a2d24092135479b2fb302b460176ec3e7370375e4a88a7c2b74228; source_bytes=1782; target_bytes=1886
OLP-0248	content/computability/computability-theory/rice-theorem.tex	OpenLogicProject/OpenLogic@9620cc73f9c8e0ad003c514a5d3748f29611c4c0	https://github.com/OpenLogicProject/OpenLogic/blob/9620cc73f9c8e0ad003c514a5d3748f29611c4c0/content/computability/computability-theory/rice-theorem.tex	complete	full source unit	source/locale/id/content/computability/computability-theory/rice-theorem.tex	83879cfec786296457c93497f0467a1fee8a27c2dd404e7d8fc467839d0f724a	OLP-0722-20260814	source_sha256=83b47def0c2b096e1a19487c7df09cd43e330933e58848efa68d431b606902d4; source_bytes=5635; target_bytes=6170
OLP-0249	content/computability/computability-theory/fixed-point-thm.tex	OpenLogicProject/OpenLogic@9620cc73f9c8e0ad003c514a5d3748f29611c4c0	https://github.com/OpenLogicProject/OpenLogic/blob/9620cc73f9c8e0ad003c514a5d3748f29611c4c0/content/computability/computability-theory/fixed-point-thm.tex	complete	full source unit	source/locale/id/content/computability/computability-theory/fixed-point-thm.tex	40be61b749c841a1c4d87e9735e27826e415b6464c9ef1fa61542d42be92398f	OLP-0722-20260814	source_sha256=fba78fdf1abfe96f69e5623ec0cfe75430b5e139d19fcb9e22484bb8dae38820; source_bytes=8022; target_bytes=8448
OLP-0250	content/computability/computability-theory/application-fixed-point.tex	OpenLogicProject/OpenLogic@9620cc73f9c8e0ad003c514a5d3748f29611c4c0	https://github.com/OpenLogicProject/OpenLogic/blob/9620cc73f9c8e0ad003c514a5d3748f29611c4c0/content/computability/computability-theory/application-fixed-point.tex	complete	full source unit	source/locale/id/content/computability/computability-theory/application-fixed-point.tex	d35c27fad251c1c1cfe60a949359267eb1d398fe68301a5d279f6d2459a1ef77	OLP-0722-20260814	source_sha256=864d0413932de8279b535e9aa047420dd88a8e7f86ba3caa338ac11429dfba47; source_bytes=2621; target_bytes=3040
OLP-0251	content/computability/computability-theory/def-functions-self-reference.tex	OpenLogicProject/OpenLogic@9620cc73f9c8e0ad003c514a5d3748f29611c4c0	https://github.com/OpenLogicProject/OpenLogic/blob/9620cc73f9c8e0ad003c514a5d3748f29611c4c0/content/computability/computability-theory/def-functions-self-reference.tex	complete	full source unit	source/locale/id/content/computability/computability-theory/def-functions-self-reference.tex	833dfff9e92c18bfd23bc485983153f7b76a6fc1282ae3cd58000082f9b6e296	OLP-0722-20260814	source_sha256=66f68fd888fbe9cd4e10f42a9943add43582bd0246e7c9c5f97ee151e9e85581; source_bytes=1935; target_bytes=2022
OLP-0252	content/turing-machines/turing-machines.tex	OpenLogicProject/OpenLogic@9620cc73f9c8e0ad003c514a5d3748f29611c4c0	https://github.com/OpenLogicProject/OpenLogic/blob/9620cc73f9c8e0ad003c514a5d3748f29611c4c0/content/turing-machines/turing-machines.tex	complete	full source unit	source/locale/id/content/turing-machines/turing-machines.tex	80c4ddd9440613e41ded07a6cfcc9b7d709886ed22a9567cbc2997201e309bb6	OLP-0722-20260814	source_sha256=8d2065d41cb0656e23a4e6ed368c115a62c5120fc297110dab109cecdcceac6d; source_bytes=277; target_bytes=261
OLP-0253	content/turing-machines/machines-computations/machines-computations.tex	OpenLogicProject/OpenLogic@9620cc73f9c8e0ad003c514a5d3748f29611c4c0	https://github.com/OpenLogicProject/OpenLogic/blob/9620cc73f9c8e0ad003c514a5d3748f29611c4c0/content/turing-machines/machines-computations/machines-computations.tex	complete	full source unit	source/locale/id/content/turing-machines/machines-computations/machines-computations.tex	117aa24ef075838ae0bc97fbf18c7d12bef2444f56ec5721c6d92a5f8b75f538	OLP-0722-20260814	source_sha256=b045db3918d73862a4c1456eb26c3d25ec32d6bd65489eedcaa9bd215bcc3ebc; source_bytes=535; target_bytes=496
OLP-0254	content/turing-machines/machines-computations/introduction.tex	OpenLogicProject/OpenLogic@9620cc73f9c8e0ad003c514a5d3748f29611c4c0	https://github.com/OpenLogicProject/OpenLogic/blob/9620cc73f9c8e0ad003c514a5d3748f29611c4c0/content/turing-machines/machines-computations/introduction.tex	complete	full source unit	source/locale/id/content/turing-machines/machines-computations/introduction.tex	f0fc9bead6ce606033ba05d23545e1fff227b825b1e23f775f3e92f1556ecce6	OLP-0722-20260814	source_sha256=d6efd543cf956dac110b52d74254a61125fbe1b8866996da524d81fa8c4eda2f; source_bytes=6799; target_bytes=7051
OLP-0255	content/turing-machines/machines-computations/representing-tms.tex	OpenLogicProject/OpenLogic@9620cc73f9c8e0ad003c514a5d3748f29611c4c0	https://github.com/OpenLogicProject/OpenLogic/blob/9620cc73f9c8e0ad003c514a5d3748f29611c4c0/content/turing-machines/machines-computations/representing-tms.tex	complete	full source unit	source/locale/id/content/turing-machines/machines-computations/representing-tms.tex	f53b4c95ec85a1f40109e23e8bbb75646546e77daf5aeae3cb0d011ca2a240c0	OLP-0722-20260814	source_sha256=e38cb6c2fa1059639fe3c8ebd00400a185526a9b17a2dd5dd4b1e9da0a927fa4; source_bytes=13199; target_bytes=13115
OLP-0256	content/turing-machines/machines-computations/turing-machines.tex	OpenLogicProject/OpenLogic@9620cc73f9c8e0ad003c514a5d3748f29611c4c0	https://github.com/OpenLogicProject/OpenLogic/blob/9620cc73f9c8e0ad003c514a5d3748f29611c4c0/content/turing-machines/machines-computations/turing-machines.tex	complete	full source unit	source/locale/id/content/turing-machines/machines-computations/turing-machines.tex	3f3a3700eee9ef6b73907e4035898e4bbf941efd7d7683a5c373bb3d5ba114d9	OLP-0722-20260814	source_sha256=7473c589e778e78e06486e8f7425c36b7d5a966124ccb562198ab94271cee23d; source_bytes=2418; target_bytes=2402
OLP-0257	content/turing-machines/machines-computations/configuration.tex	OpenLogicProject/OpenLogic@9620cc73f9c8e0ad003c514a5d3748f29611c4c0	https://github.com/OpenLogicProject/OpenLogic/blob/9620cc73f9c8e0ad003c514a5d3748f29611c4c0/content/turing-machines/machines-computations/configuration.tex	complete	full source unit	source/locale/id/content/turing-machines/machines-computations/configuration.tex	2abc2e83168c673da1b9a735d4e01f716c45201e9015743cc4beb80a69025a4a	OLP-0722-20260814	source_sha256=fab65b4f55e6bcf68cb56e54cf467fb53d36190707f3d0366011ff1b6dda2aad; source_bytes=4214; target_bytes=4415
OLP-0258	content/turing-machines/machines-computations/unary-numbers.tex	OpenLogicProject/OpenLogic@9620cc73f9c8e0ad003c514a5d3748f29611c4c0	https://github.com/OpenLogicProject/OpenLogic/blob/9620cc73f9c8e0ad003c514a5d3748f29611c4c0/content/turing-machines/machines-computations/unary-numbers.tex	complete	full source unit	source/locale/id/content/turing-machines/machines-computations/unary-numbers.tex	b588f924d26c4a6eedc4ce886312b34f9708d6a96db9dc786813e948068a8635	OLP-0722-20260814	source_sha256=409632297a69260d6b40f8831f3bd2a61f8254684e5bedf952b57088f393d4d0; source_bytes=10787; target_bytes=11044
OLP-0259	content/turing-machines/machines-computations/halting-states.tex	OpenLogicProject/OpenLogic@9620cc73f9c8e0ad003c514a5d3748f29611c4c0	https://github.com/OpenLogicProject/OpenLogic/blob/9620cc73f9c8e0ad003c514a5d3748f29611c4c0/content/turing-machines/machines-computations/halting-states.tex	complete	full source unit	source/locale/id/content/turing-machines/machines-computations/halting-states.tex	89c236dbeff826699499b423ced8befae44d7e7d1bbffdaa5a1b5d59dd07afbb	OLP-0722-20260814	source_sha256=c7078c4e10055c1c7c8643e40c1cc75a772ad1ebce9f2c26cfae36ee66647ff0; source_bytes=3169; target_bytes=3255
OLP-0260	content/turing-machines/machines-computations/disciplined-machines.tex	OpenLogicProject/OpenLogic@9620cc73f9c8e0ad003c514a5d3748f29611c4c0	https://github.com/OpenLogicProject/OpenLogic/blob/9620cc73f9c8e0ad003c514a5d3748f29611c4c0/content/turing-machines/machines-computations/disciplined-machines.tex	complete	full source unit	source/locale/id/content/turing-machines/machines-computations/disciplined-machines.tex	fbbb656fa67e4377ae974c13956eaa4cd35938b6a3cfadf81053d5fb70960fc7	OLP-0722-20260814	source_sha256=a58be19fe04f48aa1e0941f4c9a3f59fc6e5ae7673e96987062cda5dcccf6a0f; source_bytes=4226; target_bytes=4286
OLP-0261	content/turing-machines/machines-computations/combining-machines.tex	OpenLogicProject/OpenLogic@9620cc73f9c8e0ad003c514a5d3748f29611c4c0	https://github.com/OpenLogicProject/OpenLogic/blob/9620cc73f9c8e0ad003c514a5d3748f29611c4c0/content/turing-machines/machines-computations/combining-machines.tex	complete	full source unit	source/locale/id/content/turing-machines/machines-computations/combining-machines.tex	9d022fd29ed78d54e1d0cd1ccf16421f400cd6bee4249c7fe27d67c9c8582630	OLP-0722-20260814	source_sha256=a76bb5aa1ed05ffecb0f7a120f2077099c74c009e36b09792505e8c274b8d541; source_bytes=8392; target_bytes=8650
OLP-0262	content/turing-machines/machines-computations/variants.tex	OpenLogicProject/OpenLogic@9620cc73f9c8e0ad003c514a5d3748f29611c4c0	https://github.com/OpenLogicProject/OpenLogic/blob/9620cc73f9c8e0ad003c514a5d3748f29611c4c0/content/turing-machines/machines-computations/variants.tex	complete	full source unit	source/locale/id/content/turing-machines/machines-computations/variants.tex	4613bcb1ea951da2fa2fb539a654691459ffd3f669495e2a6e8772e233cae8ce	OLP-0722-20260814	source_sha256=d841e98805432884d2ba3c6f7a18ab1f24a9486edc6219f5e77c74040f3bae1e; source_bytes=4583; target_bytes=4908
OLP-0263	content/turing-machines/machines-computations/church-turing-thesis.tex	OpenLogicProject/OpenLogic@9620cc73f9c8e0ad003c514a5d3748f29611c4c0	https://github.com/OpenLogicProject/OpenLogic/blob/9620cc73f9c8e0ad003c514a5d3748f29611c4c0/content/turing-machines/machines-computations/church-turing-thesis.tex	complete	full source unit	source/locale/id/content/turing-machines/machines-computations/church-turing-thesis.tex	93ee8c10196cb8cff19cee1613189e10811d1c855448767b2c3663ded3c2ef7a	OLP-0722-20260814	source_sha256=68df389e68cc00534436f8dffe8b5e68f8d3d8e50861c9c5dff18ddc2735949f; source_bytes=2248; target_bytes=2210
OLP-0264	content/turing-machines/undecidability/undecidability.tex	OpenLogicProject/OpenLogic@9620cc73f9c8e0ad003c514a5d3748f29611c4c0	https://github.com/OpenLogicProject/OpenLogic/blob/9620cc73f9c8e0ad003c514a5d3748f29611c4c0/content/turing-machines/undecidability/undecidability.tex	complete	full source unit	source/locale/id/content/turing-machines/undecidability/undecidability.tex	612f65f9a2f04ed147f93f197ae44f38b222755a2661d99b5e5ceb656b1ce7ee	OLP-0722-20260814	source_sha256=3fcf08f0d93542d0041e99065bfbaa88437e9e2cb3644f2491a5aa9c408e2c2d; source_bytes=491; target_bytes=460
OLP-0265	content/turing-machines/undecidability/introduction.tex	OpenLogicProject/OpenLogic@9620cc73f9c8e0ad003c514a5d3748f29611c4c0	https://github.com/OpenLogicProject/OpenLogic/blob/9620cc73f9c8e0ad003c514a5d3748f29611c4c0/content/turing-machines/undecidability/introduction.tex	complete	full source unit	source/locale/id/content/turing-machines/undecidability/introduction.tex	54f1c6a8dfe344116bb41e30fbe19cdb459617550c0a291ef4685ca9b3b0ac33	OLP-0722-20260814	source_sha256=885378c9749d0ab5d13ca636dbdba7231490877f9f4052f7f46fda11b36ddcca; source_bytes=5192; target_bytes=5687
OLP-0266	content/turing-machines/undecidability/enumerating-tms.tex	OpenLogicProject/OpenLogic@9620cc73f9c8e0ad003c514a5d3748f29611c4c0	https://github.com/OpenLogicProject/OpenLogic/blob/9620cc73f9c8e0ad003c514a5d3748f29611c4c0/content/turing-machines/undecidability/enumerating-tms.tex	complete	full source unit	source/locale/id/content/turing-machines/undecidability/enumerating-tms.tex	fb11c534b017e9c6cb4b3ba3722fde0a82b7adce5383466147b8c5bf58f4e338	OLP-0722-20260814	source_sha256=a921bb03bf1688c6c0ee1bb3297dbb8a1a7473a9c1572426c461bafd98b083cb; source_bytes=7099; target_bytes=7493
OLP-0267	content/turing-machines/undecidability/universal-tm.tex	OpenLogicProject/OpenLogic@9620cc73f9c8e0ad003c514a5d3748f29611c4c0	https://github.com/OpenLogicProject/OpenLogic/blob/9620cc73f9c8e0ad003c514a5d3748f29611c4c0/content/turing-machines/undecidability/universal-tm.tex	complete	full source unit	source/locale/id/content/turing-machines/undecidability/universal-tm.tex	0ada2145660d9194d2a5314a93dde6eaf909fce841f9159ccd5367c89b3f56fb	OLP-0722-20260814	source_sha256=f81d764047fdd2677ea371a5999c80b960cb2bb8f7eae8e51e28dd3ac73ee993; source_bytes=6998; target_bytes=7363
OLP-0268	content/turing-machines/undecidability/halting-problem.tex	OpenLogicProject/OpenLogic@9620cc73f9c8e0ad003c514a5d3748f29611c4c0	https://github.com/OpenLogicProject/OpenLogic/blob/9620cc73f9c8e0ad003c514a5d3748f29611c4c0/content/turing-machines/undecidability/halting-problem.tex	complete	full source unit	source/locale/id/content/turing-machines/undecidability/halting-problem.tex	f6b945b7bc25ed63d6c5e711bf2464cf4fb27b5bff73f0d8facef234b642ff8c	OLP-0722-20260814	source_sha256=f3ee453093e0f15ac6191d22345e7111e7533ddb3f004ccc1847a3b8d917a503; source_bytes=5950; target_bytes=6588
OLP-0269	content/turing-machines/undecidability/decision-problem.tex	OpenLogicProject/OpenLogic@9620cc73f9c8e0ad003c514a5d3748f29611c4c0	https://github.com/OpenLogicProject/OpenLogic/blob/9620cc73f9c8e0ad003c514a5d3748f29611c4c0/content/turing-machines/undecidability/decision-problem.tex	complete	full source unit	source/locale/id/content/turing-machines/undecidability/decision-problem.tex	0996246d4a9a39a8dda9f1d08db9ca1cc6e364ce51871c3135d4041bc65a87e4	OLP-0722-20260814	source_sha256=a94894e96e999458516410ad338a313876750a7ddeb798f7a1ad125e7f1b7b47; source_bytes=2312; target_bytes=2539
OLP-0270	content/turing-machines/undecidability/representing-tms.tex	OpenLogicProject/OpenLogic@9620cc73f9c8e0ad003c514a5d3748f29611c4c0	https://github.com/OpenLogicProject/OpenLogic/blob/9620cc73f9c8e0ad003c514a5d3748f29611c4c0/content/turing-machines/undecidability/representing-tms.tex	complete	full source unit	source/locale/id/content/turing-machines/undecidability/representing-tms.tex	93c7d554d5241fd42bca8f748d83eb81d82f4037021930392e2d4e54040103d3	OLP-0722-20260814	source_sha256=e27aa694148cad6fa6ad74cd0326a4330b4e250068ca0455f8329be697bde72d; source_bytes=8257; target_bytes=8390
OLP-0271	content/turing-machines/undecidability/verification.tex	OpenLogicProject/OpenLogic@9620cc73f9c8e0ad003c514a5d3748f29611c4c0	https://github.com/OpenLogicProject/OpenLogic/blob/9620cc73f9c8e0ad003c514a5d3748f29611c4c0/content/turing-machines/undecidability/verification.tex	complete	full source unit	source/locale/id/content/turing-machines/undecidability/verification.tex	212dc477c735aff0267431a8e61673c89a5ce646ff43d3feaf22a94948635eb5	OLP-0722-20260814	source_sha256=05b5a11a1aac078e442c710f0d29815833f684b0a40140a1705dca43cbd65351; source_bytes=14313; target_bytes=15086
OLP-0272	content/turing-machines/undecidability/unsolvability-decision-problem.tex	OpenLogicProject/OpenLogic@9620cc73f9c8e0ad003c514a5d3748f29611c4c0	https://github.com/OpenLogicProject/OpenLogic/blob/9620cc73f9c8e0ad003c514a5d3748f29611c4c0/content/turing-machines/undecidability/unsolvability-decision-problem.tex	complete	full source unit	source/locale/id/content/turing-machines/undecidability/unsolvability-decision-problem.tex	2edca3379f026446d5f9fef787833a1fa11b4413ab5b42e995d5eefe31c3d57d	OLP-0722-20260814	source_sha256=01fb69dbcc361212f2113d13554260f268d1cdba68a9bed0d7e9b8abd66f169b; source_bytes=4101; target_bytes=4546
OLP-0273	content/turing-machines/undecidability/trakhtenbrot.tex	OpenLogicProject/OpenLogic@9620cc73f9c8e0ad003c514a5d3748f29611c4c0	https://github.com/OpenLogicProject/OpenLogic/blob/9620cc73f9c8e0ad003c514a5d3748f29611c4c0/content/turing-machines/undecidability/trakhtenbrot.tex	complete	full source unit	source/locale/id/content/turing-machines/undecidability/trakhtenbrot.tex	63113eec71e48783aeaf39d5b1323d74b7c033f40ade9458bd37e6db392d4cf5	OLP-0722-20260814	source_sha256=d0ab9328c29faabbc06e98c43cd4610a497b45d84b86ac33fbddd1abafac7665; source_bytes=11251; target_bytes=12167
OLP-0274	content/incompleteness/incompleteness.tex	OpenLogicProject/OpenLogic@9620cc73f9c8e0ad003c514a5d3748f29611c4c0	https://github.com/OpenLogicProject/OpenLogic/blob/9620cc73f9c8e0ad003c514a5d3748f29611c4c0/content/incompleteness/incompleteness.tex	complete	full source unit	source/locale/id/content/incompleteness/incompleteness.tex	9c70427f82138ab8a20aeb002c457471eefef64a7f9b644860c962f5d4e1576d	OLP-0722-20260814	source_sha256=a35dd35ed4de8a64ba4bbe335c420d98148bae58c83bf834d39b029de1a7d1e2; source_bytes=784; target_bytes=793
OLP-0275	content/incompleteness/introduction/introduction.tex	OpenLogicProject/OpenLogic@9620cc73f9c8e0ad003c514a5d3748f29611c4c0	https://github.com/OpenLogicProject/OpenLogic/blob/9620cc73f9c8e0ad003c514a5d3748f29611c4c0/content/incompleteness/introduction/introduction.tex	complete	full source unit	source/locale/id/content/incompleteness/introduction/introduction.tex	13c1b74e981fc17f8eb4f5fd9a2bf12e01d43b01556fea3e759d6b02ed2ec6bb	OLP-0722-20260814	source_sha256=c9c0f8f07cf9dfbb54c0b074ee2947df0a9c371077498432beb51735a819e083; source_bytes=351; target_bytes=317
OLP-0276	content/incompleteness/introduction/historical-background.tex	OpenLogicProject/OpenLogic@9620cc73f9c8e0ad003c514a5d3748f29611c4c0	https://github.com/OpenLogicProject/OpenLogic/blob/9620cc73f9c8e0ad003c514a5d3748f29611c4c0/content/incompleteness/introduction/historical-background.tex	complete	full source unit	source/locale/id/content/incompleteness/introduction/historical-background.tex	270111175eeaa48f2e7b26cdc2c929d1be7809ae354f3ce3155149d4a1156088	OLP-0722-20260814	source_sha256=9bd497cdf8765e7dac2be200146baf76f15e5809a840cbe35ee45c9e5d635ca3; source_bytes=12778; target_bytes=13183
OLP-0277	content/incompleteness/introduction/definitions.tex	OpenLogicProject/OpenLogic@9620cc73f9c8e0ad003c514a5d3748f29611c4c0	https://github.com/OpenLogicProject/OpenLogic/blob/9620cc73f9c8e0ad003c514a5d3748f29611c4c0/content/incompleteness/introduction/definitions.tex	complete	full source unit	source/locale/id/content/incompleteness/introduction/definitions.tex	54408f9ba7d9e8b1715dda050651797eaf85e36541528fb7b5e9fe826f57ebb2	OLP-0722-20260814	source_sha256=def29ecca2555e477b8f2156bf8834dc08843ff774a10b4201895c9245a4b4dc; source_bytes=14469; target_bytes=14949
OLP-0278	content/incompleteness/introduction/overview.tex	OpenLogicProject/OpenLogic@9620cc73f9c8e0ad003c514a5d3748f29611c4c0	https://github.com/OpenLogicProject/OpenLogic/blob/9620cc73f9c8e0ad003c514a5d3748f29611c4c0/content/incompleteness/introduction/overview.tex	complete	full source unit	source/locale/id/content/incompleteness/introduction/overview.tex	9252a5cc5bcf2826227f9f782451a177535ab6999b8a6d5f5b4f7d143cd4fe5c	OLP-0722-20260814	source_sha256=20acd88351dc8056f6dfa8074d85c8d4d1ec3130d213f5cae56d44bb40516875; source_bytes=5412; target_bytes=5668
OLP-0279	content/incompleteness/introduction/undecidability.tex	OpenLogicProject/OpenLogic@9620cc73f9c8e0ad003c514a5d3748f29611c4c0	https://github.com/OpenLogicProject/OpenLogic/blob/9620cc73f9c8e0ad003c514a5d3748f29611c4c0/content/incompleteness/introduction/undecidability.tex	complete	full source unit	source/locale/id/content/incompleteness/introduction/undecidability.tex	6466a75fd23982401d8b3559c5312f80c3d61cec67d87555c9f5e83a10c325b1	OLP-0722-20260814	source_sha256=5f2510480cd5f60fcfcc684dd91fb900e682c13ed3b52aec44c22bb70397c4f8; source_bytes=6143; target_bytes=6562
OLP-0280	content/incompleteness/arithmetization-syntax/arithmetization-syntax.tex	OpenLogicProject/OpenLogic@9620cc73f9c8e0ad003c514a5d3748f29611c4c0	https://github.com/OpenLogicProject/OpenLogic/blob/9620cc73f9c8e0ad003c514a5d3748f29611c4c0/content/incompleteness/arithmetization-syntax/arithmetization-syntax.tex	complete	full source unit	source/locale/id/content/incompleteness/arithmetization-syntax/arithmetization-syntax.tex	300dba29e7240f4d1f202c89bb1d2d507bde930bcfc8fca405988fa4bf959fd4	OLP-0722-20260814	source_sha256=b2899fa7693d7e7de3f8b3204062207ba2d69e2df828d38b14004c0e7a2f69a9; source_bytes=635; target_bytes=595
OLP-0281	content/incompleteness/arithmetization-syntax/introduction.tex	OpenLogicProject/OpenLogic@9620cc73f9c8e0ad003c514a5d3748f29611c4c0	https://github.com/OpenLogicProject/OpenLogic/blob/9620cc73f9c8e0ad003c514a5d3748f29611c4c0/content/incompleteness/arithmetization-syntax/introduction.tex	complete	full source unit	source/locale/id/content/incompleteness/arithmetization-syntax/introduction.tex	8783a1b8d2bf5574df3d7903a470463048d66e32ac475cb34d3d14e38af5e503	OLP-0722-20260814	source_sha256=9c7ac4c192c2bcbf4eb61257c231c889dad9f2c076ebcdb4e231b7edec489acd; source_bytes=5225; target_bytes=5422
OLP-0282	content/incompleteness/arithmetization-syntax/coding-symbols.tex	OpenLogicProject/OpenLogic@9620cc73f9c8e0ad003c514a5d3748f29611c4c0	https://github.com/OpenLogicProject/OpenLogic/blob/9620cc73f9c8e0ad003c514a5d3748f29611c4c0/content/incompleteness/arithmetization-syntax/coding-symbols.tex	complete	full source unit	source/locale/id/content/incompleteness/arithmetization-syntax/coding-symbols.tex	a62d1e5f913982da1ec15e833341424286c33a411fc1325d3dd49de3247c9230	OLP-0722-20260814	source_sha256=7336944ea3fa7b3d1b8b74f6ebf49ffff81c8baafbad35f279428a638872b6d3; source_bytes=4447; target_bytes=4562
OLP-0283	content/incompleteness/arithmetization-syntax/coding-terms.tex	OpenLogicProject/OpenLogic@9620cc73f9c8e0ad003c514a5d3748f29611c4c0	https://github.com/OpenLogicProject/OpenLogic/blob/9620cc73f9c8e0ad003c514a5d3748f29611c4c0/content/incompleteness/arithmetization-syntax/coding-terms.tex	complete	full source unit	source/locale/id/content/incompleteness/arithmetization-syntax/coding-terms.tex	c98fc780ba293c004dfe2ba465df6106027d0d35bacfcb8aee3ea5b316394063	OLP-0722-20260814	source_sha256=9b178e3ceebb5293c82d56e355ca312aec3bfe3be553f09f7c23df9119dc78b8; source_bytes=4771; target_bytes=5047
OLP-0284	content/incompleteness/arithmetization-syntax/coding-formulas.tex	OpenLogicProject/OpenLogic@9620cc73f9c8e0ad003c514a5d3748f29611c4c0	https://github.com/OpenLogicProject/OpenLogic/blob/9620cc73f9c8e0ad003c514a5d3748f29611c4c0/content/incompleteness/arithmetization-syntax/coding-formulas.tex	complete	full source unit	source/locale/id/content/incompleteness/arithmetization-syntax/coding-formulas.tex	7fa53f5f501b8e8b1f9d47c06d8629b356fdf68f92f4195f1a321941a36b492c	OLP-0722-20260814	source_sha256=4109b6c1085f27ff1e2410537f29cd688c22cc4446e3978572b7dd93b0cf32f3; source_bytes=2818; target_bytes=3210
OLP-0285	content/incompleteness/arithmetization-syntax/substitution.tex	OpenLogicProject/OpenLogic@9620cc73f9c8e0ad003c514a5d3748f29611c4c0	https://github.com/OpenLogicProject/OpenLogic/blob/9620cc73f9c8e0ad003c514a5d3748f29611c4c0/content/incompleteness/arithmetization-syntax/substitution.tex	complete	full source unit	source/locale/id/content/incompleteness/arithmetization-syntax/substitution.tex	be5f4c64483c9246ab8a80ec33a612789375360ca323b268caed79ac000460d1	OLP-0722-20260814	source_sha256=bc67d981609236a40000a6a0a162ca22b3de0ade1a3b41911a7fc7089649e74a; source_bytes=1614; target_bytes=1606
OLP-0286	content/incompleteness/arithmetization-syntax/proofs-in-lk.tex	OpenLogicProject/OpenLogic@9620cc73f9c8e0ad003c514a5d3748f29611c4c0	https://github.com/OpenLogicProject/OpenLogic/blob/9620cc73f9c8e0ad003c514a5d3748f29611c4c0/content/incompleteness/arithmetization-syntax/proofs-in-lk.tex	complete	full source unit	source/locale/id/content/incompleteness/arithmetization-syntax/proofs-in-lk.tex	ab0b21d1108c5dcec5e5f165af1462b6c00582fcd3509705d86412ab0fa9fa2f	OLP-0722-20260814	source_sha256=cfe9c7d281dffc120412291224ee312054c74d3f5bcd677079dc81a5dc0378d7; source_bytes=11888; target_bytes=12201
OLP-0287	content/incompleteness/arithmetization-syntax/proofs-in-nd.tex	OpenLogicProject/OpenLogic@9620cc73f9c8e0ad003c514a5d3748f29611c4c0	https://github.com/OpenLogicProject/OpenLogic/blob/9620cc73f9c8e0ad003c514a5d3748f29611c4c0/content/incompleteness/arithmetization-syntax/proofs-in-nd.tex	complete	full source unit	source/locale/id/content/incompleteness/arithmetization-syntax/proofs-in-nd.tex	c4443d0b828d48219f5ab2b050cd1c5c7595e510578e1ac7bc0a27a912c53368	OLP-0722-20260814	source_sha256=55474c8446caeca99377485d8c57460c3a492300243be06d64952f220fdd432f; source_bytes=14424; target_bytes=15159
OLP-0288	content/incompleteness/arithmetization-syntax/proofs-in-ax.tex	OpenLogicProject/OpenLogic@9620cc73f9c8e0ad003c514a5d3748f29611c4c0	https://github.com/OpenLogicProject/OpenLogic/blob/9620cc73f9c8e0ad003c514a5d3748f29611c4c0/content/incompleteness/arithmetization-syntax/proofs-in-ax.tex	complete	full source unit	source/locale/id/content/incompleteness/arithmetization-syntax/proofs-in-ax.tex	d173def38e6686f7c9309dd3a7cac832471a5e3b30f09cf2f0741ac11efaee5d	OLP-0722-20260814	source_sha256=08e0df4fde4ac32dee1672b4135f83e835033c845a64820692ce821ebcb1fb8e; source_bytes=9616; target_bytes=10144
OLP-0289	content/incompleteness/representability-in-q/representability-in-q.tex	OpenLogicProject/OpenLogic@9620cc73f9c8e0ad003c514a5d3748f29611c4c0	https://github.com/OpenLogicProject/OpenLogic/blob/9620cc73f9c8e0ad003c514a5d3748f29611c4c0/content/incompleteness/representability-in-q/representability-in-q.tex	complete	full source unit	source/locale/id/content/incompleteness/representability-in-q/representability-in-q.tex	b8ae370a6c4dbac402d4f7f97de64aec226defefcd0eeb2598a382dbf46cf0d7	OLP-0722-20260814	source_sha256=59e2f7d0837e00f86a04179d0e67f19dbc25e15b2a11a6899e7ef42f87e3708c; source_bytes=595; target_bytes=565
OLP-0290	content/incompleteness/representability-in-q/introduction.tex	OpenLogicProject/OpenLogic@9620cc73f9c8e0ad003c514a5d3748f29611c4c0	https://github.com/OpenLogicProject/OpenLogic/blob/9620cc73f9c8e0ad003c514a5d3748f29611c4c0/content/incompleteness/representability-in-q/introduction.tex	complete	full source unit	source/locale/id/content/incompleteness/representability-in-q/introduction.tex	7e0da54ea51c57fc7c6a97052e5daa9e2fb7919da22bf07281f04a504444c4a0	OLP-0722-20260814	source_sha256=cdd4ffb67dcdea1ac1aca3664789f6a45a641bc81f85d26c98b770971ff2d03c; source_bytes=6317; target_bytes=6867
OLP-0291	content/incompleteness/representability-in-q/representable-comp.tex	OpenLogicProject/OpenLogic@9620cc73f9c8e0ad003c514a5d3748f29611c4c0	https://github.com/OpenLogicProject/OpenLogic/blob/9620cc73f9c8e0ad003c514a5d3748f29611c4c0/content/incompleteness/representability-in-q/representable-comp.tex	complete	full source unit	source/locale/id/content/incompleteness/representability-in-q/representable-comp.tex	311a47be298c07aa01e1bb0d667dcde080d65573ef33724f6cf56eb3812e66f2	OLP-0722-20260814	source_sha256=c8e840a3bbc2a09898ce9db3ac72e6e04d2d03f727b9dd0ba2fc1ceb291d56b8; source_bytes=5042; target_bytes=5545
OLP-0292	content/incompleteness/representability-in-q/beta-function.tex	OpenLogicProject/OpenLogic@9620cc73f9c8e0ad003c514a5d3748f29611c4c0	https://github.com/OpenLogicProject/OpenLogic/blob/9620cc73f9c8e0ad003c514a5d3748f29611c4c0/content/incompleteness/representability-in-q/beta-function.tex	complete	full source unit	source/locale/id/content/incompleteness/representability-in-q/beta-function.tex	1b36f9f0dc6fc5e965ef0019d8c5fe4654fce8a9d0bb6a341bd70062915af96f	OLP-0722-20260814	source_sha256=4ba46568ec3fc0ac66b9769d4ecf30f4cfce1bf09e4b27bd99540bbfd9eff9ed; source_bytes=6993; target_bytes=7571
OLP-0293	content/incompleteness/representability-in-q/prim-rec.tex	OpenLogicProject/OpenLogic@9620cc73f9c8e0ad003c514a5d3748f29611c4c0	https://github.com/OpenLogicProject/OpenLogic/blob/9620cc73f9c8e0ad003c514a5d3748f29611c4c0/content/incompleteness/representability-in-q/prim-rec.tex	complete	full source unit	source/locale/id/content/incompleteness/representability-in-q/prim-rec.tex	5aed8dde17c5c5ac6aa994d4482364831a85738a080efc062bd783a0b0992524	OLP-0722-20260814	source_sha256=0697fa5e74302609f8fb33e4d1fc67e0c1f64591cbac3f980131804069e0a0d8; source_bytes=2069; target_bytes=2368
OLP-0294	content/incompleteness/representability-in-q/basic-representable.tex	OpenLogicProject/OpenLogic@9620cc73f9c8e0ad003c514a5d3748f29611c4c0	https://github.com/OpenLogicProject/OpenLogic/blob/9620cc73f9c8e0ad003c514a5d3748f29611c4c0/content/incompleteness/representability-in-q/basic-representable.tex	complete	full source unit	source/locale/id/content/incompleteness/representability-in-q/basic-representable.tex	ccce84ebbb2db06ac35e55c3b5dba046be23a3e4ac03c85af6013eff60eaa03d	OLP-0722-20260814	source_sha256=05adb7ef6d0558b05056834a66c31d87dcf5f8e0f90ebf2afb26b5f0cc9b1be3; source_bytes=8619; target_bytes=9209
OLP-0295	content/incompleteness/representability-in-q/composition-representable.tex	OpenLogicProject/OpenLogic@9620cc73f9c8e0ad003c514a5d3748f29611c4c0	https://github.com/OpenLogicProject/OpenLogic/blob/9620cc73f9c8e0ad003c514a5d3748f29611c4c0/content/incompleteness/representability-in-q/composition-representable.tex	complete	full source unit	source/locale/id/content/incompleteness/representability-in-q/composition-representable.tex	880a75a4a32158eb90719fbb1404c36fccad4ffdc2d088d40b1905b221669b4b	OLP-0722-20260814	source_sha256=d22633ee0bf189ad4dbc0e58588cbab3293ba97014a16064c2804f4db38fd6ab; source_bytes=3550; target_bytes=3726
OLP-0296	content/incompleteness/representability-in-q/minimization-representable.tex	OpenLogicProject/OpenLogic@9620cc73f9c8e0ad003c514a5d3748f29611c4c0	https://github.com/OpenLogicProject/OpenLogic/blob/9620cc73f9c8e0ad003c514a5d3748f29611c4c0/content/incompleteness/representability-in-q/minimization-representable.tex	complete	full source unit	source/locale/id/content/incompleteness/representability-in-q/minimization-representable.tex	949198e0bda39ae2c44845e43203ee2dc1536fb84ae62e5537ae085686e93192	OLP-0722-20260814	source_sha256=b7f3bb0efb885aff8c77c3647e79599b28c37f7c92e1107d7ef0dbbbd8fbb43c; source_bytes=10043; target_bytes=11136
OLP-0297	content/incompleteness/representability-in-q/comp-representable.tex	OpenLogicProject/OpenLogic@9620cc73f9c8e0ad003c514a5d3748f29611c4c0	https://github.com/OpenLogicProject/OpenLogic/blob/9620cc73f9c8e0ad003c514a5d3748f29611c4c0/content/incompleteness/representability-in-q/comp-representable.tex	complete	full source unit	source/locale/id/content/incompleteness/representability-in-q/comp-representable.tex	90cff0630fc33a29cb8c2429cc96e2a8d9571b4576534cb6a09f43eabc04b83b	OLP-0722-20260814	source_sha256=be50d1a03debb27586b79493bd638bdb91a1bebc13fccadd2e90adceff5a4376; source_bytes=2802; target_bytes=3232
OLP-0298	content/incompleteness/representability-in-q/representing-relations.tex	OpenLogicProject/OpenLogic@9620cc73f9c8e0ad003c514a5d3748f29611c4c0	https://github.com/OpenLogicProject/OpenLogic/blob/9620cc73f9c8e0ad003c514a5d3748f29611c4c0/content/incompleteness/representability-in-q/representing-relations.tex	complete	full source unit	source/locale/id/content/incompleteness/representability-in-q/representing-relations.tex	efbdd4599b6efe4aada88b1406696e7593d8b0ec448fc6b481949047a1b5dbcd	OLP-0722-20260814	source_sha256=aa293645fefba6b196a4c52f9de43e69a86f3e0747e6420573add3349236d3f6; source_bytes=2471; target_bytes=2603
OLP-0299	content/incompleteness/representability-in-q/undecidability.tex	OpenLogicProject/OpenLogic@9620cc73f9c8e0ad003c514a5d3748f29611c4c0	https://github.com/OpenLogicProject/OpenLogic/blob/9620cc73f9c8e0ad003c514a5d3748f29611c4c0/content/incompleteness/representability-in-q/undecidability.tex	complete	full source unit	source/locale/id/content/incompleteness/representability-in-q/undecidability.tex	6f2145d3a5828009a0396b3dbb83ec04830b66f227ee9e4f9ea206e7bee21c70	OLP-0722-20260814	source_sha256=e9567629e542b1b65f73b9e600c876dd4064766f8ff167980371f8ac6e5eb1b5; source_bytes=2915; target_bytes=3194
OLP-0300	content/incompleteness/representability-in-q/sigma1-completeness.tex	OpenLogicProject/OpenLogic@9620cc73f9c8e0ad003c514a5d3748f29611c4c0	https://github.com/OpenLogicProject/OpenLogic/blob/9620cc73f9c8e0ad003c514a5d3748f29611c4c0/content/incompleteness/representability-in-q/sigma1-completeness.tex	complete	full source unit	source/locale/id/content/incompleteness/representability-in-q/sigma1-completeness.tex	5bc0b89535103f9020b350d10b638405327d494570745e808daec14c6b91f181	OLP-0722-20260814	source_sha256=769ec60e34823143347732bbf659035f00c18a93d627e795cc597b3442bc11fe; source_bytes=11879; target_bytes=12369
OLP-0301	content/incompleteness/theories-computability/theories-computability.tex	OpenLogicProject/OpenLogic@9620cc73f9c8e0ad003c514a5d3748f29611c4c0	https://github.com/OpenLogicProject/OpenLogic/blob/9620cc73f9c8e0ad003c514a5d3748f29611c4c0/content/incompleteness/theories-computability/theories-computability.tex	complete	full source unit	source/locale/id/content/incompleteness/theories-computability/theories-computability.tex	97dbb97d69fbdd97eb066d2e5d00488a0e1f6814a010b780e918a5894e5d70a5	OLP-0722-20260814	source_sha256=412c43bd1865412b5cc1ed4133725393165b82d941aa413632888049d9b75208; source_bytes=841; target_bytes=808
OLP-0302	content/incompleteness/theories-computability/introduction.tex	OpenLogicProject/OpenLogic@9620cc73f9c8e0ad003c514a5d3748f29611c4c0	https://github.com/OpenLogicProject/OpenLogic/blob/9620cc73f9c8e0ad003c514a5d3748f29611c4c0/content/incompleteness/theories-computability/introduction.tex	complete	full source unit	source/locale/id/content/incompleteness/theories-computability/introduction.tex	bd7e595cf00481653dedda30bc0791fc260ebc090ff46487d4cf75f820a3518f	OLP-0722-20260814	source_sha256=0e1c97bb1022504a5f9c1c59f71e71561fb452b6f7477359c24b34875d480818; source_bytes=1619; target_bytes=1793
OLP-0303	content/incompleteness/theories-computability/q-is-ce.tex	OpenLogicProject/OpenLogic@9620cc73f9c8e0ad003c514a5d3748f29611c4c0	https://github.com/OpenLogicProject/OpenLogic/blob/9620cc73f9c8e0ad003c514a5d3748f29611c4c0/content/incompleteness/theories-computability/q-is-ce.tex	complete	full source unit	source/locale/id/content/incompleteness/theories-computability/q-is-ce.tex	5bc66cd6946670a12859620c77200e1dc1b1140787845a59f2e8cf49cb2b0622	OLP-0722-20260814	source_sha256=c36b9bef34b404a88fb91da7437b1abb3850a856d5c9907ff139c2f269d97eea; source_bytes=1977; target_bytes=2130
OLP-0304	content/incompleteness/theories-computability/oconsis-ext-of-q-undec.tex	OpenLogicProject/OpenLogic@9620cc73f9c8e0ad003c514a5d3748f29611c4c0	https://github.com/OpenLogicProject/OpenLogic/blob/9620cc73f9c8e0ad003c514a5d3748f29611c4c0/content/incompleteness/theories-computability/oconsis-ext-of-q-undec.tex	complete	full source unit	source/locale/id/content/incompleteness/theories-computability/oconsis-ext-of-q-undec.tex	14fe2c98a577a57f5ad82ccf456cacdc491655610de3e0f1eeeed5d40084b44a	OLP-0722-20260814	source_sha256=60e9baa196cb0f7c48184cb7d0772008bfe52675ff72cead3cd02c23bed3d17e; source_bytes=1983; target_bytes=2133
OLP-0305	content/incompleteness/theories-computability/extensions-of-q-not-decidable.tex	OpenLogicProject/OpenLogic@9620cc73f9c8e0ad003c514a5d3748f29611c4c0	https://github.com/OpenLogicProject/OpenLogic/blob/9620cc73f9c8e0ad003c514a5d3748f29611c4c0/content/incompleteness/theories-computability/extensions-of-q-not-decidable.tex	complete	full source unit	source/locale/id/content/incompleteness/theories-computability/extensions-of-q-not-decidable.tex	5582c75443a8f52b1edcf827769f3f6d01a6498cbb263b56f8f7c9857f739092	OLP-0722-20260814	source_sha256=5372b80c77f5200c4e3de043785b6750a9fabf65cd5a2c925d483684cc2419e8; source_bytes=3008; target_bytes=3254
OLP-0306	content/incompleteness/theories-computability/computably-axiomatizable.tex	OpenLogicProject/OpenLogic@9620cc73f9c8e0ad003c514a5d3748f29611c4c0	https://github.com/OpenLogicProject/OpenLogic/blob/9620cc73f9c8e0ad003c514a5d3748f29611c4c0/content/incompleteness/theories-computability/computably-axiomatizable.tex	complete	full source unit	source/locale/id/content/incompleteness/theories-computability/computably-axiomatizable.tex	e322eac696c7ff0c90484011cae6537ea32743ceff89413dcc7cadb8bb239c39	OLP-0722-20260814	source_sha256=a0c56dc47495d20b0c78105b896cbb2ef12a99c7f71f9bf4d18fd04edf4f4440; source_bytes=1296; target_bytes=1427
OLP-0307	content/incompleteness/theories-computability/complete-decidable.tex	OpenLogicProject/OpenLogic@9620cc73f9c8e0ad003c514a5d3748f29611c4c0	https://github.com/OpenLogicProject/OpenLogic/blob/9620cc73f9c8e0ad003c514a5d3748f29611c4c0/content/incompleteness/theories-computability/complete-decidable.tex	complete	full source unit	source/locale/id/content/incompleteness/theories-computability/complete-decidable.tex	f0346f7114cf793c2c6f1c33bad7725b07b6debf98503e513e92666caea883f8	OLP-0722-20260814	source_sha256=3f0ac3119196cb3e19a0ae0de850e46aa5d0965ca1b0b225b7656e5133156136; source_bytes=1400; target_bytes=1483
OLP-0308	content/incompleteness/theories-computability/first-incompleteness.tex	OpenLogicProject/OpenLogic@9620cc73f9c8e0ad003c514a5d3748f29611c4c0	https://github.com/OpenLogicProject/OpenLogic/blob/9620cc73f9c8e0ad003c514a5d3748f29611c4c0/content/incompleteness/theories-computability/first-incompleteness.tex	complete	full source unit	source/locale/id/content/incompleteness/theories-computability/first-incompleteness.tex	dcc9a88c5d9efbe4749b967c339e5871a25a948e1b99c50e5c441dd0dba3de50	OLP-0722-20260814	source_sha256=1e592928ee6e538cdeb4ce5e44884f4d6c7acc0a6d9ac6f0939963f9b0bcf507; source_bytes=1726; target_bytes=1798
OLP-0309	content/incompleteness/theories-computability/inseparability.tex	OpenLogicProject/OpenLogic@9620cc73f9c8e0ad003c514a5d3748f29611c4c0	https://github.com/OpenLogicProject/OpenLogic/blob/9620cc73f9c8e0ad003c514a5d3748f29611c4c0/content/incompleteness/theories-computability/inseparability.tex	complete	full source unit	source/locale/id/content/incompleteness/theories-computability/inseparability.tex	4b5cd9fd5c3baa61a9a295607d67cbd0a667c8863e12a933579152282ad1bbca	OLP-0722-20260814	source_sha256=e1a84bba2fbc91a669bc9357184630f93b97ddbd91cef4a319431eacda6734fb; source_bytes=1493; target_bytes=1596
OLP-0310	content/incompleteness/theories-computability/consis-with-q.tex	OpenLogicProject/OpenLogic@9620cc73f9c8e0ad003c514a5d3748f29611c4c0	https://github.com/OpenLogicProject/OpenLogic/blob/9620cc73f9c8e0ad003c514a5d3748f29611c4c0/content/incompleteness/theories-computability/consis-with-q.tex	complete	full source unit	source/locale/id/content/incompleteness/theories-computability/consis-with-q.tex	da316d56392fded7654946251d8173050c2ade9bf22868241de7e83a2961c8fd	OLP-0722-20260814	source_sha256=09a1983ac2c41fce429da84abcb128479b46db10773d75cd461daf651bba72ef; source_bytes=2176; target_bytes=2436
OLP-0311	content/incompleteness/theories-computability/interpretability.tex	OpenLogicProject/OpenLogic@9620cc73f9c8e0ad003c514a5d3748f29611c4c0	https://github.com/OpenLogicProject/OpenLogic/blob/9620cc73f9c8e0ad003c514a5d3748f29611c4c0/content/incompleteness/theories-computability/interpretability.tex	complete	full source unit	source/locale/id/content/incompleteness/theories-computability/interpretability.tex	d9648ce0c700f953ef14ce6a372001c65fa6bf5a8b734b8ec5c1eaec24536904	OLP-0722-20260814	source_sha256=f113c9d84625731b1c4473e6178a2169249ae2399ed183b097d3840eca16f9e5; source_bytes=2790; target_bytes=2956
OLP-0312	content/incompleteness/incompleteness-provability/incompleteness-provability.tex	OpenLogicProject/OpenLogic@9620cc73f9c8e0ad003c514a5d3748f29611c4c0	https://github.com/OpenLogicProject/OpenLogic/blob/9620cc73f9c8e0ad003c514a5d3748f29611c4c0/content/incompleteness/incompleteness-provability/incompleteness-provability.tex	complete	full source unit	source/locale/id/content/incompleteness/incompleteness-provability/incompleteness-provability.tex	0e8fcb81647916a510d9bb02d8cba04c0240caa58f729b91c7449cdb9074afd6	OLP-0722-20260814	source_sha256=37ec6b0d2ed4993622d45347dbda0816fab6bb02f4665b63babac6658ee236c7; source_bytes=511; target_bytes=488
OLP-0313	content/incompleteness/incompleteness-provability/introduction.tex	OpenLogicProject/OpenLogic@9620cc73f9c8e0ad003c514a5d3748f29611c4c0	https://github.com/OpenLogicProject/OpenLogic/blob/9620cc73f9c8e0ad003c514a5d3748f29611c4c0/content/incompleteness/incompleteness-provability/introduction.tex	complete	full source unit	source/locale/id/content/incompleteness/incompleteness-provability/introduction.tex	5ee4bf2828548098000010c88d198910a90bf6ce51d14f58c0b4063bf5b76bf8	OLP-0722-20260814	source_sha256=60feb5bf5ea6aa27385212d6746d33b74e4c70fd4b80dfcca666614eba6c4301; source_bytes=4606; target_bytes=4824
OLP-0314	content/incompleteness/incompleteness-provability/fixed-point-lemma.tex	OpenLogicProject/OpenLogic@9620cc73f9c8e0ad003c514a5d3748f29611c4c0	https://github.com/OpenLogicProject/OpenLogic/blob/9620cc73f9c8e0ad003c514a5d3748f29611c4c0/content/incompleteness/incompleteness-provability/fixed-point-lemma.tex	complete	full source unit	source/locale/id/content/incompleteness/incompleteness-provability/fixed-point-lemma.tex	138a5837409b73c8545bcb932a90d000e4d35a1b5ec9ad07734c9ff57c43afb9	OLP-0722-20260814	source_sha256=d329f0cdc9aee3a35e49a487c9ee01fed67c4811ba6dc455a05646bc3a326dd3; source_bytes=6195; target_bytes=6538
OLP-0315	content/incompleteness/incompleteness-provability/first-incompleteness-thm.tex	OpenLogicProject/OpenLogic@9620cc73f9c8e0ad003c514a5d3748f29611c4c0	https://github.com/OpenLogicProject/OpenLogic/blob/9620cc73f9c8e0ad003c514a5d3748f29611c4c0/content/incompleteness/incompleteness-provability/first-incompleteness-thm.tex	complete	full source unit	source/locale/id/content/incompleteness/incompleteness-provability/first-incompleteness-thm.tex	d13ffb0823291f04ccbf42c0c1a09d02786b4cbfedcdf1375928f43f5b1fd64d	OLP-0722-20260814	source_sha256=eeedd9cfee28ead98ba638711d797b37b8a1069af1c2a5ffb6c1427572651114; source_bytes=5764; target_bytes=6185
OLP-0316	content/incompleteness/incompleteness-provability/rosser-thm.tex	OpenLogicProject/OpenLogic@9620cc73f9c8e0ad003c514a5d3748f29611c4c0	https://github.com/OpenLogicProject/OpenLogic/blob/9620cc73f9c8e0ad003c514a5d3748f29611c4c0/content/incompleteness/incompleteness-provability/rosser-thm.tex	complete	full source unit	source/locale/id/content/incompleteness/incompleteness-provability/rosser-thm.tex	2fa0f2dae95fda59164dcd3534a44a32502361e61e32aa5c83a3c9e07cdbed86	OLP-0722-20260814	source_sha256=41f6fcc111f4df5f50827d2c5e46ffda33b3477a165915bd5b3c8122f0445dad; source_bytes=6840; target_bytes=7370
OLP-0317	content/incompleteness/incompleteness-provability/godels-paper.tex	OpenLogicProject/OpenLogic@9620cc73f9c8e0ad003c514a5d3748f29611c4c0	https://github.com/OpenLogicProject/OpenLogic/blob/9620cc73f9c8e0ad003c514a5d3748f29611c4c0/content/incompleteness/incompleteness-provability/godels-paper.tex	complete	full source unit	source/locale/id/content/incompleteness/incompleteness-provability/godels-paper.tex	3dfb35becd011ba9417a1d0f6a1ade5ecc05001f8540de524a4cf4247bae8c8e	OLP-0722-20260814	source_sha256=d7b4d0f735a8bd1c09bc0bf17f3f153cfa6505603cd8ea688fe51481e1c4e58b; source_bytes=1335; target_bytes=1429
OLP-0318	content/incompleteness/incompleteness-provability/provability-conditions.tex	OpenLogicProject/OpenLogic@9620cc73f9c8e0ad003c514a5d3748f29611c4c0	https://github.com/OpenLogicProject/OpenLogic/blob/9620cc73f9c8e0ad003c514a5d3748f29611c4c0/content/incompleteness/incompleteness-provability/provability-conditions.tex	complete	full source unit	source/locale/id/content/incompleteness/incompleteness-provability/provability-conditions.tex	164df19c5b1b4915a9f175652c9448bff2604108f2ef79290d61c397148f6325	OLP-0722-20260814	source_sha256=e2b3e768411a61327ef6e195f7123b07c69624eabbd8583a20fbc721792afdf3; source_bytes=3413; target_bytes=3612
OLP-0319	content/incompleteness/incompleteness-provability/second-incompleteness-thm.tex	OpenLogicProject/OpenLogic@9620cc73f9c8e0ad003c514a5d3748f29611c4c0	https://github.com/OpenLogicProject/OpenLogic/blob/9620cc73f9c8e0ad003c514a5d3748f29611c4c0/content/incompleteness/incompleteness-provability/second-incompleteness-thm.tex	complete	full source unit	source/locale/id/content/incompleteness/incompleteness-provability/second-incompleteness-thm.tex	4d2d848c35ad05da6cce5359993b6692482196532f648fd2348746413bccfe00	OLP-0722-20260814	source_sha256=3ea221f4e1886b84738ce9a3268717630946305a41a6dfb8f74266d969f7a762; source_bytes=5784; target_bytes=6058
OLP-0320	content/incompleteness/incompleteness-provability/lob-thm.tex	OpenLogicProject/OpenLogic@9620cc73f9c8e0ad003c514a5d3748f29611c4c0	https://github.com/OpenLogicProject/OpenLogic/blob/9620cc73f9c8e0ad003c514a5d3748f29611c4c0/content/incompleteness/incompleteness-provability/lob-thm.tex	complete	full source unit	source/locale/id/content/incompleteness/incompleteness-provability/lob-thm.tex	30f8892e9223af99c5e5874509bf8dd028ce38045c0bd68a4da8c8c8a281a7b3	OLP-0722-20260814	source_sha256=f9e81b079e6b7209d6d6dc94d2ab89273a16ff791a9c03e8a3104a1ce805125e; source_bytes=7358; target_bytes=7716
OLP-0321	content/incompleteness/incompleteness-provability/tarski-thm.tex	OpenLogicProject/OpenLogic@9620cc73f9c8e0ad003c514a5d3748f29611c4c0	https://github.com/OpenLogicProject/OpenLogic/blob/9620cc73f9c8e0ad003c514a5d3748f29611c4c0/content/incompleteness/incompleteness-provability/tarski-thm.tex	complete	full source unit	source/locale/id/content/incompleteness/incompleteness-provability/tarski-thm.tex	1b8f86c97a3af6126ffa19611e46398a338059bb92a74bee070f17eefc9e4ea9	OLP-0722-20260814	source_sha256=b83d5521afa3dd7e7c72318f242a6e78267addb406ccaa463c646b9cd5527dfd; source_bytes=4452; target_bytes=4871
OLP-0322	content/second-order-logic/second-order-logic.tex	OpenLogicProject/OpenLogic@9620cc73f9c8e0ad003c514a5d3748f29611c4c0	https://github.com/OpenLogicProject/OpenLogic/blob/9620cc73f9c8e0ad003c514a5d3748f29611c4c0/content/second-order-logic/second-order-logic.tex	complete	full source unit	source/locale/id/content/second-order-logic/second-order-logic.tex	006e78781694bca96f0134faae38389d4be5cdaaaca2ba2593f1087b250d1b75	OLP-0722-20260814	source_sha256=5dc498c263d32773d1a40ecf5abca697d57f13526cb5272e907d5487b9636640; source_bytes=421; target_bytes=410
OLP-0323	content/second-order-logic/syntax-and-semantics/syntax-and-semantics.tex	OpenLogicProject/OpenLogic@9620cc73f9c8e0ad003c514a5d3748f29611c4c0	https://github.com/OpenLogicProject/OpenLogic/blob/9620cc73f9c8e0ad003c514a5d3748f29611c4c0/content/second-order-logic/syntax-and-semantics/syntax-and-semantics.tex	complete	full source unit	source/locale/id/content/second-order-logic/syntax-and-semantics/syntax-and-semantics.tex	3d38df050c08d312bc4478b2c3eb366f1487710ef23fa255aca96f76e9911faf	OLP-0722-20260814	source_sha256=a403b5ca94c5e700e42e6f315a81d19d6d3ca098e1c1998bf40e181aa82cdc82; source_bytes=675; target_bytes=681
OLP-0324	content/second-order-logic/syntax-and-semantics/introduction.tex	OpenLogicProject/OpenLogic@9620cc73f9c8e0ad003c514a5d3748f29611c4c0	https://github.com/OpenLogicProject/OpenLogic/blob/9620cc73f9c8e0ad003c514a5d3748f29611c4c0/content/second-order-logic/syntax-and-semantics/introduction.tex	complete	full source unit	source/locale/id/content/second-order-logic/syntax-and-semantics/introduction.tex	2bc5a98c9d096c00273238bb47cf88e7ddf7856d04cb2f5fc08e925a80a45019	OLP-0722-20260814	source_sha256=e62d0693e430a7e79acd8cb1f75d4ccf29dabb85c8fb583f682bf45cd8a3ea06; source_bytes=3125; target_bytes=3452
OLP-0325	content/second-order-logic/syntax-and-semantics/terms-formulas.tex	OpenLogicProject/OpenLogic@9620cc73f9c8e0ad003c514a5d3748f29611c4c0	https://github.com/OpenLogicProject/OpenLogic/blob/9620cc73f9c8e0ad003c514a5d3748f29611c4c0/content/second-order-logic/syntax-and-semantics/terms-formulas.tex	complete	full source unit	source/locale/id/content/second-order-logic/syntax-and-semantics/terms-formulas.tex	6c557a6e4c1319a22ab4d4fb9325712d9bab715eb758f198ad1d144a635db9b8	OLP-0722-20260814	source_sha256=f19ecb7317cc7ec85e9f3886efcce65c85b4f88a7c839779516443e9fca053ff; source_bytes=3689; target_bytes=3971
OLP-0326	content/second-order-logic/syntax-and-semantics/satisfaction.tex	OpenLogicProject/OpenLogic@9620cc73f9c8e0ad003c514a5d3748f29611c4c0	https://github.com/OpenLogicProject/OpenLogic/blob/9620cc73f9c8e0ad003c514a5d3748f29611c4c0/content/second-order-logic/syntax-and-semantics/satisfaction.tex	complete	full source unit	source/locale/id/content/second-order-logic/syntax-and-semantics/satisfaction.tex	3abf4b09726b93ae362716312393905a5ea914fb1e34732deea27e4bf680de0c	OLP-0722-20260814	source_sha256=888d180bad24363cba4c5e08a0d00fbe06e004f11b1278072379532764145302; source_bytes=8889; target_bytes=9426
OLP-0327	content/second-order-logic/syntax-and-semantics/semantic-notions.tex	OpenLogicProject/OpenLogic@9620cc73f9c8e0ad003c514a5d3748f29611c4c0	https://github.com/OpenLogicProject/OpenLogic/blob/9620cc73f9c8e0ad003c514a5d3748f29611c4c0/content/second-order-logic/syntax-and-semantics/semantic-notions.tex	complete	full source unit	source/locale/id/content/second-order-logic/syntax-and-semantics/semantic-notions.tex	314aab37319d12a6ebbe15de976f9950f83a12f1c91a63faf448fc93f7c15a50	OLP-0722-20260814	source_sha256=af3f9a4dbdca12dee2cc40cfb2fb1612af00df377a220f9af76eb395c2ea3dcd; source_bytes=1263; target_bytes=1329
OLP-0328	content/second-order-logic/syntax-and-semantics/expressive-power.tex	OpenLogicProject/OpenLogic@9620cc73f9c8e0ad003c514a5d3748f29611c4c0	https://github.com/OpenLogicProject/OpenLogic/blob/9620cc73f9c8e0ad003c514a5d3748f29611c4c0/content/second-order-logic/syntax-and-semantics/expressive-power.tex	complete	full source unit	source/locale/id/content/second-order-logic/syntax-and-semantics/expressive-power.tex	f1aa526b03bb04bfe0406868d36e1206e1ab13d974bf4b278cb11d5d4d21ec5b	OLP-0722-20260814	source_sha256=012d62525a1dcefa38d5d70eb605f5d33e6ddff6b616ecb530beaa4aa3f42af2; source_bytes=4197; target_bytes=4770
OLP-0329	content/second-order-logic/syntax-and-semantics/inf-count.tex	OpenLogicProject/OpenLogic@9620cc73f9c8e0ad003c514a5d3748f29611c4c0	https://github.com/OpenLogicProject/OpenLogic/blob/9620cc73f9c8e0ad003c514a5d3748f29611c4c0/content/second-order-logic/syntax-and-semantics/inf-count.tex	complete	full source unit	source/locale/id/content/second-order-logic/syntax-and-semantics/inf-count.tex	99ecb7dc055b2f863d2cbe231ad7758a3d5966f623da20c27fbcadc95c57319f	OLP-0722-20260814	source_sha256=05941ff3223be4d1e2085b995ead321b0ac32c4e70ea95a76a5cb2f48c5a526c; source_bytes=5628; target_bytes=6398
OLP-0330	content/second-order-logic/metatheory/metatheory.tex	OpenLogicProject/OpenLogic@9620cc73f9c8e0ad003c514a5d3748f29611c4c0	https://github.com/OpenLogicProject/OpenLogic/blob/9620cc73f9c8e0ad003c514a5d3748f29611c4c0/content/second-order-logic/metatheory/metatheory.tex	complete	full source unit	source/locale/id/content/second-order-logic/metatheory/metatheory.tex	658f38dbcf2bed13028bbb91669dc8f34d966d61b8ebbafae51aa1f5b4632b58	OLP-0722-20260814	source_sha256=e6c796f24ea9b73db8e26828c1067d34be85ea7458607c0572746d22ce0584e2; source_bytes=406; target_bytes=377
OLP-0331	content/second-order-logic/metatheory/introduction.tex	OpenLogicProject/OpenLogic@9620cc73f9c8e0ad003c514a5d3748f29611c4c0	https://github.com/OpenLogicProject/OpenLogic/blob/9620cc73f9c8e0ad003c514a5d3748f29611c4c0/content/second-order-logic/metatheory/introduction.tex	complete	full source unit	source/locale/id/content/second-order-logic/metatheory/introduction.tex	a40de1c4eb1d891f35846ae8e42df15532b318cf8a60051ab550f97248ec55bc	OLP-0722-20260814	source_sha256=f6757be05c96c6b70e89d4be689be8a5a206fe1c946d3538e1deab0bb2741e8f; source_bytes=1949; target_bytes=2207
OLP-0332	content/second-order-logic/metatheory/second-order-arithmetic.tex	OpenLogicProject/OpenLogic@9620cc73f9c8e0ad003c514a5d3748f29611c4c0	https://github.com/OpenLogicProject/OpenLogic/blob/9620cc73f9c8e0ad003c514a5d3748f29611c4c0/content/second-order-logic/metatheory/second-order-arithmetic.tex	complete	full source unit	source/locale/id/content/second-order-logic/metatheory/second-order-arithmetic.tex	cd6af37adac9bee887a6a5e599c3a8bbaf769e3d82d31e2d9da69fd99c950b85	OLP-0722-20260814	source_sha256=98b9ea14e07c131a798a54d4bb78ac429c45a58c1e1f53b36b5e2176e9c90771; source_bytes=5306; target_bytes=5556
OLP-0333	content/second-order-logic/metatheory/undecidability-and-axiomatizability.tex	OpenLogicProject/OpenLogic@9620cc73f9c8e0ad003c514a5d3748f29611c4c0	https://github.com/OpenLogicProject/OpenLogic/blob/9620cc73f9c8e0ad003c514a5d3748f29611c4c0/content/second-order-logic/metatheory/undecidability-and-axiomatizability.tex	complete	full source unit	source/locale/id/content/second-order-logic/metatheory/undecidability-and-axiomatizability.tex	7f244ea934969d95bd8739883f8634ef2a293cfc41385f5b35ce12b1c3013911	OLP-0722-20260814	source_sha256=75048cbdc69d60e28c2590ec03cfe57c12622b6667366a231b80431f88594435; source_bytes=1928; target_bytes=2108
OLP-0334	content/second-order-logic/metatheory/compactness.tex	OpenLogicProject/OpenLogic@9620cc73f9c8e0ad003c514a5d3748f29611c4c0	https://github.com/OpenLogicProject/OpenLogic/blob/9620cc73f9c8e0ad003c514a5d3748f29611c4c0/content/second-order-logic/metatheory/compactness.tex	complete	full source unit	source/locale/id/content/second-order-logic/metatheory/compactness.tex	20cb79cbdc6e2f170bcad24d15640d97fa69b324954365a5d55ef6c48833c0d6	OLP-0722-20260814	source_sha256=3d6f37ee6ce0b5d5b37798be31a6d44ef95c5ca79a9660bdb4319e0a24d118db; source_bytes=2477; target_bytes=2719
OLP-0335	content/second-order-logic/metatheory/loewenheim-skolem.tex	OpenLogicProject/OpenLogic@9620cc73f9c8e0ad003c514a5d3748f29611c4c0	https://github.com/OpenLogicProject/OpenLogic/blob/9620cc73f9c8e0ad003c514a5d3748f29611c4c0/content/second-order-logic/metatheory/loewenheim-skolem.tex	complete	full source unit	source/locale/id/content/second-order-logic/metatheory/loewenheim-skolem.tex	78d6416ee0fa4769db3556aa50e0af3d91f8e0343549848cad464a055d39075b	OLP-0722-20260814	source_sha256=91bba660bcccf12fcd7fbbbee87eb590702d447cca449c83cf8251e43cd4e525; source_bytes=1840; target_bytes=2047
OLP-0336	content/second-order-logic/sol-and-set-theory/sol-and-set-theory.tex	OpenLogicProject/OpenLogic@9620cc73f9c8e0ad003c514a5d3748f29611c4c0	https://github.com/OpenLogicProject/OpenLogic/blob/9620cc73f9c8e0ad003c514a5d3748f29611c4c0/content/second-order-logic/sol-and-set-theory/sol-and-set-theory.tex	complete	full source unit	source/locale/id/content/second-order-logic/sol-and-set-theory/sol-and-set-theory.tex	e9aff3335760a056a310ae0fcac8741ca216a6c16a53812ea700db91871933a5	OLP-0722-20260814	source_sha256=432b29fabbc93a3ddb4a65713fde2c4d41c30e81d60a1021bb4f329ad2aaea2a; source_bytes=696; target_bytes=691
OLP-0337	content/second-order-logic/sol-and-set-theory/introduction.tex	OpenLogicProject/OpenLogic@9620cc73f9c8e0ad003c514a5d3748f29611c4c0	https://github.com/OpenLogicProject/OpenLogic/blob/9620cc73f9c8e0ad003c514a5d3748f29611c4c0/content/second-order-logic/sol-and-set-theory/introduction.tex	complete	full source unit	source/locale/id/content/second-order-logic/sol-and-set-theory/introduction.tex	2c795fb3598a4a111526037b99a00da3de3b1f4b19c74fd41396fd2307e73ef3	OLP-0722-20260814	source_sha256=927add5dbb7296df119edcb7ac1e2a50d90fd2cd2666ac757884d9eb15e07821; source_bytes=852; target_bytes=881
OLP-0338	content/second-order-logic/sol-and-set-theory/comparing-sets.tex	OpenLogicProject/OpenLogic@9620cc73f9c8e0ad003c514a5d3748f29611c4c0	https://github.com/OpenLogicProject/OpenLogic/blob/9620cc73f9c8e0ad003c514a5d3748f29611c4c0/content/second-order-logic/sol-and-set-theory/comparing-sets.tex	complete	full source unit	source/locale/id/content/second-order-logic/sol-and-set-theory/comparing-sets.tex	1893171ea0dadcd0623c5021918db9b40b8e7a5187f63c8a696eb7ed4ce6d785	OLP-0722-20260814	source_sha256=31f3339a47d5a4eff76d9cb302e35c0283e12b582f0a8e8a34b6c45d225e4fec; source_bytes=2645; target_bytes=2881
OLP-0339	content/second-order-logic/sol-and-set-theory/cardinalities.tex	OpenLogicProject/OpenLogic@9620cc73f9c8e0ad003c514a5d3748f29611c4c0	https://github.com/OpenLogicProject/OpenLogic/blob/9620cc73f9c8e0ad003c514a5d3748f29611c4c0/content/second-order-logic/sol-and-set-theory/cardinalities.tex	complete	full source unit	source/locale/id/content/second-order-logic/sol-and-set-theory/cardinalities.tex	e5e3e96321abe1f25780ce3b85e9cf0f51b40a10fcb0e71f2c4b2bedda5b9821	OLP-0722-20260814	source_sha256=88fa084f0d3e66aa309713dea420f9f170d7ba611cbdcb1dd43a4c0512269222; source_bytes=2544; target_bytes=2905
OLP-0340	content/second-order-logic/sol-and-set-theory/power-of-continuum.tex	OpenLogicProject/OpenLogic@9620cc73f9c8e0ad003c514a5d3748f29611c4c0	https://github.com/OpenLogicProject/OpenLogic/blob/9620cc73f9c8e0ad003c514a5d3748f29611c4c0/content/second-order-logic/sol-and-set-theory/power-of-continuum.tex	complete	full source unit	source/locale/id/content/second-order-logic/sol-and-set-theory/power-of-continuum.tex	4fc55deddfaa0d39699527966389888fc72499bd80a06f4996a6bf73a73e55ab	OLP-0722-20260814	source_sha256=6f274e0d12c548f62c65254143a794746a5438600d082e69b9272569123c7971; source_bytes=6411; target_bytes=7175
OLP-0341	content/lambda-calculus/lambda-calculus.tex	OpenLogicProject/OpenLogic@9620cc73f9c8e0ad003c514a5d3748f29611c4c0	https://github.com/OpenLogicProject/OpenLogic/blob/9620cc73f9c8e0ad003c514a5d3748f29611c4c0/content/lambda-calculus/lambda-calculus.tex	complete	full source unit	source/locale/id/content/lambda-calculus/lambda-calculus.tex	a064e25dff45f2c8820d0def5951dac098de988b7ed317e0b517ba5223ba0367	OLP-0722-20260814	source_sha256=1ccba9f96935af933ec38e75be07c11d0b3e0935c0e9a96291678392477cf736; source_bytes=731; target_bytes=720
OLP-0342	content/lambda-calculus/introduction/introduction.tex	OpenLogicProject/OpenLogic@9620cc73f9c8e0ad003c514a5d3748f29611c4c0	https://github.com/OpenLogicProject/OpenLogic/blob/9620cc73f9c8e0ad003c514a5d3748f29611c4c0/content/lambda-calculus/introduction/introduction.tex	complete	full source unit	source/locale/id/content/lambda-calculus/introduction/introduction.tex	766de030be47972f6bcb419f3b9106be75e7d910b892ccd0999b8d4beef32722	OLP-0722-20260814	source_sha256=f7e70ef1756cb021d7ae1de12277280ad96e169a93c461d4b7f6571019af1f62; source_bytes=868; target_bytes=834
OLP-0343	content/lambda-calculus/introduction/overview.tex	OpenLogicProject/OpenLogic@9620cc73f9c8e0ad003c514a5d3748f29611c4c0	https://github.com/OpenLogicProject/OpenLogic/blob/9620cc73f9c8e0ad003c514a5d3748f29611c4c0/content/lambda-calculus/introduction/overview.tex	complete	full source unit	source/locale/id/content/lambda-calculus/introduction/overview.tex	14f615c955db70976626d0700068be697773e47b11f4df3012655f2a450163cb	OLP-0722-20260814	source_sha256=9a183958f0a2bcc40f0f52ef41740e41bfd40f829e1fcd6c70dc52239ed2dd9f; source_bytes=3271; target_bytes=3440
OLP-0344	content/lambda-calculus/introduction/syntax.tex	OpenLogicProject/OpenLogic@9620cc73f9c8e0ad003c514a5d3748f29611c4c0	https://github.com/OpenLogicProject/OpenLogic/blob/9620cc73f9c8e0ad003c514a5d3748f29611c4c0/content/lambda-calculus/introduction/syntax.tex	complete	full source unit	source/locale/id/content/lambda-calculus/introduction/syntax.tex	ce2eee13bb564da369a6b4d326f9b2ae4bb9980e52e4aeb2c36e521a1c246699	OLP-0722-20260814	source_sha256=91d509f0d6774790541545165eebc43344fde3c1154814a7f25613cbf971df33; source_bytes=2560; target_bytes=2628
OLP-0345	content/lambda-calculus/introduction/reduction.tex	OpenLogicProject/OpenLogic@9620cc73f9c8e0ad003c514a5d3748f29611c4c0	https://github.com/OpenLogicProject/OpenLogic/blob/9620cc73f9c8e0ad003c514a5d3748f29611c4c0/content/lambda-calculus/introduction/reduction.tex	complete	full source unit	source/locale/id/content/lambda-calculus/introduction/reduction.tex	5f385850ea8fc171673e033033149aeda72a9da46e45cfe3b101a93f94ad3913	OLP-0722-20260814	source_sha256=b9be9e0f0a757115dcb038f76c3de71b98d511b558d3356248b9462ca1adf728; source_bytes=2734; target_bytes=2913
OLP-0346	content/lambda-calculus/introduction/church-rosser.tex	OpenLogicProject/OpenLogic@9620cc73f9c8e0ad003c514a5d3748f29611c4c0	https://github.com/OpenLogicProject/OpenLogic/blob/9620cc73f9c8e0ad003c514a5d3748f29611c4c0/content/lambda-calculus/introduction/church-rosser.tex	complete	full source unit	source/locale/id/content/lambda-calculus/introduction/church-rosser.tex	a86bd9c1ebec7ae3d50091df5bdce1d63d7a25d14e5452f26bc67f8ecc3fe539	OLP-0722-20260814	source_sha256=82f34f5a06942b2890b1e623ff756685e2c2a9cafd95aebc4946090bf8e26f2a; source_bytes=1386; target_bytes=1481
OLP-0347	content/lambda-calculus/introduction/currying.tex	OpenLogicProject/OpenLogic@9620cc73f9c8e0ad003c514a5d3748f29611c4c0	https://github.com/OpenLogicProject/OpenLogic/blob/9620cc73f9c8e0ad003c514a5d3748f29611c4c0/content/lambda-calculus/introduction/currying.tex	complete	full source unit	source/locale/id/content/lambda-calculus/introduction/currying.tex	c673fbeab221394dc6fbeaa0a6ffda5cbfac639b7e321e84f654096fbdeee72a	OLP-0722-20260814	source_sha256=d15ca4bc2be145fcbf40d41b077b21322a7647453b938e4182ed9c7864fb4e31; source_bytes=3174; target_bytes=3415
OLP-0348	content/lambda-calculus/introduction/lambda-definability.tex	OpenLogicProject/OpenLogic@9620cc73f9c8e0ad003c514a5d3748f29611c4c0	https://github.com/OpenLogicProject/OpenLogic/blob/9620cc73f9c8e0ad003c514a5d3748f29611c4c0/content/lambda-calculus/introduction/lambda-definability.tex	complete	full source unit	source/locale/id/content/lambda-calculus/introduction/lambda-definability.tex	1f838be3aeaacee9573761f901f74b13ec3b29455a4584a81b3f637c88728412	OLP-0722-20260814	source_sha256=891557bb7c05ee32762493764788121f1719dd24e897bf29b01aa264f6527816; source_bytes=1946; target_bytes=2106
OLP-0349	content/lambda-calculus/introduction/lambda-computable.tex	OpenLogicProject/OpenLogic@9620cc73f9c8e0ad003c514a5d3748f29611c4c0	https://github.com/OpenLogicProject/OpenLogic/blob/9620cc73f9c8e0ad003c514a5d3748f29611c4c0/content/lambda-calculus/introduction/lambda-computable.tex	complete	full source unit	source/locale/id/content/lambda-calculus/introduction/lambda-computable.tex	f815a2ae3653ad36079270dfcb3b8d205152f58d8fdcb92e12756304abf3bddb	OLP-0722-20260814	source_sha256=c9eea509afbc542557f6f4db382a82ee101a7242d01040ffad8bcf5b41a63eda; source_bytes=1689; target_bytes=1807
OLP-0350	content/lambda-calculus/introduction/computable-lambda.tex	OpenLogicProject/OpenLogic@9620cc73f9c8e0ad003c514a5d3748f29611c4c0	https://github.com/OpenLogicProject/OpenLogic/blob/9620cc73f9c8e0ad003c514a5d3748f29611c4c0/content/lambda-calculus/introduction/computable-lambda.tex	complete	full source unit	source/locale/id/content/lambda-calculus/introduction/computable-lambda.tex	3ff67b5f4ab859c61339b746f774ab9f33594f49369b535590eba17d36e92833	OLP-0722-20260814	source_sha256=e385d9f282a0609f24b6847a728cd2bab75ef631d36c479dd65fc11e07105276; source_bytes=1745; target_bytes=1801
OLP-0351	content/lambda-calculus/introduction/basic-pr-lambda.tex	OpenLogicProject/OpenLogic@9620cc73f9c8e0ad003c514a5d3748f29611c4c0	https://github.com/OpenLogicProject/OpenLogic/blob/9620cc73f9c8e0ad003c514a5d3748f29611c4c0/content/lambda-calculus/introduction/basic-pr-lambda.tex	complete	full source unit	source/locale/id/content/lambda-calculus/introduction/basic-pr-lambda.tex	4e0bc40993a8d1ed1a2e260a2e25c90760c714e4ad892dab16635eef763bfaa6	OLP-0722-20260814	source_sha256=22d0798be8cf00937591874f939864e92c8e15bb6e0832dd45fd96a9d6908401; source_bytes=1028; target_bytes=1020
OLP-0352	content/lambda-calculus/introduction/composition.tex	OpenLogicProject/OpenLogic@9620cc73f9c8e0ad003c514a5d3748f29611c4c0	https://github.com/OpenLogicProject/OpenLogic/blob/9620cc73f9c8e0ad003c514a5d3748f29611c4c0/content/lambda-calculus/introduction/composition.tex	complete	full source unit	source/locale/id/content/lambda-calculus/introduction/composition.tex	b50829ada8aa0d235d3a462eedad41b962bef622f57c03a0ee6a7ecdff2eb5f0	OLP-0722-20260814	source_sha256=8a15d1ee95b75f00d0c6e94d7b0872f709f67b394d9ce720790e36f1f83c9ff1; source_bytes=884; target_bytes=899
OLP-0353	content/lambda-calculus/introduction/primitive-recursion.tex	OpenLogicProject/OpenLogic@9620cc73f9c8e0ad003c514a5d3748f29611c4c0	https://github.com/OpenLogicProject/OpenLogic/blob/9620cc73f9c8e0ad003c514a5d3748f29611c4c0/content/lambda-calculus/introduction/primitive-recursion.tex	complete	full source unit	source/locale/id/content/lambda-calculus/introduction/primitive-recursion.tex	f476e26df1b57998048ed8bec5a4d6884d57cd40d99fd3f4038b4f9fc66ff9e7	OLP-0722-20260814	source_sha256=fd47e85af6ba95ca61def453b26ba3b443654d5a3dc732060c2a9c1e93c3562b; source_bytes=5206; target_bytes=5546
OLP-0354	content/lambda-calculus/introduction/fixed-point-combinator.tex	OpenLogicProject/OpenLogic@9620cc73f9c8e0ad003c514a5d3748f29611c4c0	https://github.com/OpenLogicProject/OpenLogic/blob/9620cc73f9c8e0ad003c514a5d3748f29611c4c0/content/lambda-calculus/introduction/fixed-point-combinator.tex	complete	full source unit	source/locale/id/content/lambda-calculus/introduction/fixed-point-combinator.tex	115fe8cbd5b9d59dc7c378f51973e03ea76b03642432730d094b97fa049b36d6	OLP-0722-20260814	source_sha256=a30a2ee0e64c03c9d10f4c18e716d42cc242a077a0a593b6963df0b317400b7d; source_bytes=1128; target_bytes=1186
OLP-0355	content/lambda-calculus/introduction/minimization.tex	OpenLogicProject/OpenLogic@9620cc73f9c8e0ad003c514a5d3748f29611c4c0	https://github.com/OpenLogicProject/OpenLogic/blob/9620cc73f9c8e0ad003c514a5d3748f29611c4c0/content/lambda-calculus/introduction/minimization.tex	complete	full source unit	source/locale/id/content/lambda-calculus/introduction/minimization.tex	45f5624ed58097e4a89379759aa0a662ff88dc804101feae3942a40169d93b08	OLP-0722-20260814	source_sha256=ea82c8ba3fba93c92983d4eb5e46866829feb5286bedd739669b8b3cdb3e4ec7; source_bytes=2277; target_bytes=2496
OLP-0356	content/lambda-calculus/syntax/syntax.tex	OpenLogicProject/OpenLogic@9620cc73f9c8e0ad003c514a5d3748f29611c4c0	https://github.com/OpenLogicProject/OpenLogic/blob/9620cc73f9c8e0ad003c514a5d3748f29611c4c0/content/lambda-calculus/syntax/syntax.tex	complete	full source unit	source/locale/id/content/lambda-calculus/syntax/syntax.tex	cf28f71bfbad9489512b603fdb3f4c5b0b584eddfa9b5eceee74e685a389d0ff	OLP-0722-20260814	source_sha256=12041c1cdc3e8e444dac5fe3f0af82d7995d30ed62f115382604f1ac1d75397b; source_bytes=452; target_bytes=423
OLP-0357	content/lambda-calculus/syntax/terms.tex	OpenLogicProject/OpenLogic@9620cc73f9c8e0ad003c514a5d3748f29611c4c0	https://github.com/OpenLogicProject/OpenLogic/blob/9620cc73f9c8e0ad003c514a5d3748f29611c4c0/content/lambda-calculus/syntax/terms.tex	complete	full source unit	source/locale/id/content/lambda-calculus/syntax/terms.tex	74f816e7568811d7c04b65ab6dfad7c6656c2c4455e5f0f559af1704d9e31bd3	OLP-0722-20260814	source_sha256=f7da91449121d3c5e274e51f6a08fce106d1dbacb7e5293b79cc09b3da019b38; source_bytes=2025; target_bytes=2091
OLP-0358	content/lambda-calculus/syntax/unique-readability.tex	OpenLogicProject/OpenLogic@9620cc73f9c8e0ad003c514a5d3748f29611c4c0	https://github.com/OpenLogicProject/OpenLogic/blob/9620cc73f9c8e0ad003c514a5d3748f29611c4c0/content/lambda-calculus/syntax/unique-readability.tex	complete	full source unit	source/locale/id/content/lambda-calculus/syntax/unique-readability.tex	93c917b8f12c2e1b44459e7e1511b71ec527f957b56ff3fff3d72e6254852643	OLP-0722-20260814	source_sha256=7cf0dbeb234ca9f4519bbf378aea91b6bd78795ae0db47c4ecb9682c36efff01; source_bytes=3895; target_bytes=4027
OLP-0359	content/lambda-calculus/syntax/abbreviated-syntax.tex	OpenLogicProject/OpenLogic@9620cc73f9c8e0ad003c514a5d3748f29611c4c0	https://github.com/OpenLogicProject/OpenLogic/blob/9620cc73f9c8e0ad003c514a5d3748f29611c4c0/content/lambda-calculus/syntax/abbreviated-syntax.tex	complete	full source unit	source/locale/id/content/lambda-calculus/syntax/abbreviated-syntax.tex	287fc44e467b5e59a920f52a0b78a50763cd0f3d3ed40ae49c09d4ef026850ec	OLP-0722-20260814	source_sha256=b9987c121bb971f20b15b2e4700b11b7f03ce17e854887de1de2a83c817f288f; source_bytes=1334; target_bytes=1430
OLP-0360	content/lambda-calculus/syntax/free-variables.tex	OpenLogicProject/OpenLogic@9620cc73f9c8e0ad003c514a5d3748f29611c4c0	https://github.com/OpenLogicProject/OpenLogic/blob/9620cc73f9c8e0ad003c514a5d3748f29611c4c0/content/lambda-calculus/syntax/free-variables.tex	complete	full source unit	source/locale/id/content/lambda-calculus/syntax/free-variables.tex	15f7c5c8dbd0d56ae9f9669edd3bdce5ec366a5e1f319b11757c0902bc21734d	OLP-0722-20260814	source_sha256=b6f1fbf35150b62139dbaec9f0e48f5c8aa723f8fc84cfc1a0b3e620bcbbdd8e; source_bytes=4698; target_bytes=4914
OLP-0361	content/lambda-calculus/syntax/substitution.tex	OpenLogicProject/OpenLogic@9620cc73f9c8e0ad003c514a5d3748f29611c4c0	https://github.com/OpenLogicProject/OpenLogic/blob/9620cc73f9c8e0ad003c514a5d3748f29611c4c0/content/lambda-calculus/syntax/substitution.tex	complete	full source unit	source/locale/id/content/lambda-calculus/syntax/substitution.tex	f3effcd8f23fe5025fff2539b512060b08c01e1ef0c673c73fb3d0039c3d6b8b	OLP-0722-20260814	source_sha256=d718cdebd5f5b3b43e4bbb33a167d89458a9b2e378cda57300c1a24df6e7e9bd; source_bytes=6578; target_bytes=6782
OLP-0362	content/lambda-calculus/syntax/alpha.tex	OpenLogicProject/OpenLogic@9620cc73f9c8e0ad003c514a5d3748f29611c4c0	https://github.com/OpenLogicProject/OpenLogic/blob/9620cc73f9c8e0ad003c514a5d3748f29611c4c0/content/lambda-calculus/syntax/alpha.tex	complete	full source unit	source/locale/id/content/lambda-calculus/syntax/alpha.tex	b60ccfa45c5c2bf836d2bd3a381fc5ddd76ef8926e50b02ff25abe470ae7a169	OLP-0722-20260814	source_sha256=41c0f51cf8b5b3f125aa23b0e5590cd339e9dd69bc0f1877e165b07782b2c664; source_bytes=10414; target_bytes=10948
OLP-0363	content/lambda-calculus/syntax/de-bruijn.tex	OpenLogicProject/OpenLogic@9620cc73f9c8e0ad003c514a5d3748f29611c4c0	https://github.com/OpenLogicProject/OpenLogic/blob/9620cc73f9c8e0ad003c514a5d3748f29611c4c0/content/lambda-calculus/syntax/de-bruijn.tex	complete	full source unit	source/locale/id/content/lambda-calculus/syntax/de-bruijn.tex	920357f54ba0b6033b0e0388249a1f8d9157b778cdb2895ec25121ea91f7a447	OLP-0722-20260814	source_sha256=c0e5bf7d9e7210fd45f8b9ca471bbdf0811de14151a3a360cdb767c8500ef118; source_bytes=3038; target_bytes=3167
OLP-0364	content/lambda-calculus/syntax/term-revisited.tex	OpenLogicProject/OpenLogic@9620cc73f9c8e0ad003c514a5d3748f29611c4c0	https://github.com/OpenLogicProject/OpenLogic/blob/9620cc73f9c8e0ad003c514a5d3748f29611c4c0/content/lambda-calculus/syntax/term-revisited.tex	complete	full source unit	source/locale/id/content/lambda-calculus/syntax/term-revisited.tex	2828a7cca20c27a785e8c2ad61c0ccaa3ff72774a89421aee47d8cd0dabe2c87	OLP-0722-20260814	source_sha256=5459ece361a93d778910cd297bd020eba5105022386a00dc2e4e8ca5e53ee313; source_bytes=3622; target_bytes=3995
OLP-0365	content/lambda-calculus/syntax/beta.tex	OpenLogicProject/OpenLogic@9620cc73f9c8e0ad003c514a5d3748f29611c4c0	https://github.com/OpenLogicProject/OpenLogic/blob/9620cc73f9c8e0ad003c514a5d3748f29611c4c0/content/lambda-calculus/syntax/beta.tex	complete	full source unit	source/locale/id/content/lambda-calculus/syntax/beta.tex	0a82e60579ff07d359d08e4024ddc6ad290eadcca6b92b2ac104222ab90550b9	OLP-0722-20260814	source_sha256=c96b738bedb1278e240742f504f23e84bc65a485a628e513b542038791f29328; source_bytes=4912; target_bytes=5204
OLP-0366	content/lambda-calculus/syntax/eta.tex	OpenLogicProject/OpenLogic@9620cc73f9c8e0ad003c514a5d3748f29611c4c0	https://github.com/OpenLogicProject/OpenLogic/blob/9620cc73f9c8e0ad003c514a5d3748f29611c4c0/content/lambda-calculus/syntax/eta.tex	complete	full source unit	source/locale/id/content/lambda-calculus/syntax/eta.tex	9c8167cecca76691a34e616e01d5de69e3d0c2d46d48615cfd0f4eb9e794a9b4	OLP-0722-20260814	source_sha256=d5332eef46d99ca04abd407e0c44effc418308b78c347f61e8a6bea890520378; source_bytes=3049; target_bytes=3266
OLP-0367	content/lambda-calculus/church-rosser/church-rosser.tex	OpenLogicProject/OpenLogic@9620cc73f9c8e0ad003c514a5d3748f29611c4c0	https://github.com/OpenLogicProject/OpenLogic/blob/9620cc73f9c8e0ad003c514a5d3748f29611c4c0/content/lambda-calculus/church-rosser/church-rosser.tex	complete	full source unit	source/locale/id/content/lambda-calculus/church-rosser/church-rosser.tex	f520d84364fcc5d717f37a04b8f7342da95eef2a8a13522ec1e11c473fb0b676	OLP-0722-20260814	source_sha256=f9e678e31cc01a76b2a4166d4b2faf179b2dfc4e51bcc1dafe3f16228e831a74; source_bytes=404; target_bytes=378
OLP-0368	content/lambda-calculus/church-rosser/definitions-and-properties.tex	OpenLogicProject/OpenLogic@9620cc73f9c8e0ad003c514a5d3748f29611c4c0	https://github.com/OpenLogicProject/OpenLogic/blob/9620cc73f9c8e0ad003c514a5d3748f29611c4c0/content/lambda-calculus/church-rosser/definitions-and-properties.tex	complete	full source unit	source/locale/id/content/lambda-calculus/church-rosser/definitions-and-properties.tex	f9348e2fe061706de984070b08b0ed827caa8ef10f008597de4f2a0af80d2cfe	OLP-0722-20260814	source_sha256=851f5ae1142d1f14fdc8912e2a6e89e025a19bb99c4cbd9b16e0ef2603fcfba1; source_bytes=3576; target_bytes=3634
OLP-0369	content/lambda-calculus/church-rosser/parallel-beta-reduction.tex	OpenLogicProject/OpenLogic@9620cc73f9c8e0ad003c514a5d3748f29611c4c0	https://github.com/OpenLogicProject/OpenLogic/blob/9620cc73f9c8e0ad003c514a5d3748f29611c4c0/content/lambda-calculus/church-rosser/parallel-beta-reduction.tex	complete	full source unit	source/locale/id/content/lambda-calculus/church-rosser/parallel-beta-reduction.tex	899300babdf7060ccf15278055b6d3db26966a3fd558b501535de452bec49603	OLP-0722-20260814	source_sha256=152950cfbf2a17ef827a7e70210ef025d99e347eadcfb6c5c9a405e2bf1e6210; source_bytes=6347; target_bytes=6428
OLP-0370	content/lambda-calculus/church-rosser/beta-reduction.tex	OpenLogicProject/OpenLogic@9620cc73f9c8e0ad003c514a5d3748f29611c4c0	https://github.com/OpenLogicProject/OpenLogic/blob/9620cc73f9c8e0ad003c514a5d3748f29611c4c0/content/lambda-calculus/church-rosser/beta-reduction.tex	complete	full source unit	source/locale/id/content/lambda-calculus/church-rosser/beta-reduction.tex	2253832e283b09fd85579e59a948ce6dee16c534f377da433235b2959a0b4f0c	OLP-0722-20260814	source_sha256=635fa15a31a4f9ed77ee7c619860dc410d99f27663fba33f84dbadb4f602e041; source_bytes=3019; target_bytes=2948
OLP-0371	content/lambda-calculus/church-rosser/parallel-beta-eta-reduction.tex	OpenLogicProject/OpenLogic@9620cc73f9c8e0ad003c514a5d3748f29611c4c0	https://github.com/OpenLogicProject/OpenLogic/blob/9620cc73f9c8e0ad003c514a5d3748f29611c4c0/content/lambda-calculus/church-rosser/parallel-beta-eta-reduction.tex	complete	full source unit	source/locale/id/content/lambda-calculus/church-rosser/parallel-beta-eta-reduction.tex	a0c93a9a258685cb2326d9362de25adfb6e3720e57f66a6031bee586ffebd7bc	OLP-0722-20260814	source_sha256=c1f77ddcdbbbd3070000c2ab163db1a427369bc88bbb57f129e2577a0c12696a; source_bytes=3512; target_bytes=3399
OLP-0372	content/lambda-calculus/church-rosser/beta-eta-reduction.tex	OpenLogicProject/OpenLogic@9620cc73f9c8e0ad003c514a5d3748f29611c4c0	https://github.com/OpenLogicProject/OpenLogic/blob/9620cc73f9c8e0ad003c514a5d3748f29611c4c0/content/lambda-calculus/church-rosser/beta-eta-reduction.tex	complete	full source unit	source/locale/id/content/lambda-calculus/church-rosser/beta-eta-reduction.tex	4b9f74b6a0861b15d66e51f375b1bf1df81f31ea421d4a4d2dad6ae012998583	OLP-0722-20260814	source_sha256=d681b2d4808bbc48731065075b22681c0893e5cd403940de1ea69b7b187d8d75; source_bytes=1578; target_bytes=1593
OLP-0373	content/lambda-calculus/lambda-definability/lambda-definability.tex	OpenLogicProject/OpenLogic@9620cc73f9c8e0ad003c514a5d3748f29611c4c0	https://github.com/OpenLogicProject/OpenLogic/blob/9620cc73f9c8e0ad003c514a5d3748f29611c4c0/content/lambda-calculus/lambda-definability/lambda-definability.tex	complete	full source unit	source/locale/id/content/lambda-calculus/lambda-definability/lambda-definability.tex	03388910e15442d7d93efe36462e84001face9c69d8a4969984fb38667830eef	OLP-0722-20260814	source_sha256=36e3b3c1abddfc1b8af03bc4bf0f2cb2539ffd6c9f18c8994b7bd79d9d7cc46b; source_bytes=733; target_bytes=760
OLP-0374	content/lambda-calculus/lambda-definability/introduction.tex	OpenLogicProject/OpenLogic@9620cc73f9c8e0ad003c514a5d3748f29611c4c0	https://github.com/OpenLogicProject/OpenLogic/blob/9620cc73f9c8e0ad003c514a5d3748f29611c4c0/content/lambda-calculus/lambda-definability/introduction.tex	complete	full source unit	source/locale/id/content/lambda-calculus/lambda-definability/introduction.tex	78363597a11509bee83a2a352b9cc943596360746286c56702c7bb01a4c05788	OLP-0722-20260814	source_sha256=746bcc7288b64088e3070da183aff9b2b672c017135f4e5da9229fb243dbb8db; source_bytes=3679; target_bytes=3968
OLP-0375	content/lambda-calculus/lambda-definability/arithmetical-functions.tex	OpenLogicProject/OpenLogic@9620cc73f9c8e0ad003c514a5d3748f29611c4c0	https://github.com/OpenLogicProject/OpenLogic/blob/9620cc73f9c8e0ad003c514a5d3748f29611c4c0/content/lambda-calculus/lambda-definability/arithmetical-functions.tex	complete	full source unit	source/locale/id/content/lambda-calculus/lambda-definability/arithmetical-functions.tex	fd50c02f5378f6911039f14ef667ae557f103a853e9acc02a1b84a983994b4b6	OLP-0722-20260814	source_sha256=1e7500fb862e562250b59df5e786130148b9565564417d060138f0542141fe2e; source_bytes=5131; target_bytes=5380
OLP-0376	content/lambda-calculus/lambda-definability/pairs.tex	OpenLogicProject/OpenLogic@9620cc73f9c8e0ad003c514a5d3748f29611c4c0	https://github.com/OpenLogicProject/OpenLogic/blob/9620cc73f9c8e0ad003c514a5d3748f29611c4c0/content/lambda-calculus/lambda-definability/pairs.tex	complete	full source unit	source/locale/id/content/lambda-calculus/lambda-definability/pairs.tex	8058b7dc72ad7ab862020fd6aa0ea4fb99002b38f83048e411bf74c37006d4e5	OLP-0722-20260814	source_sha256=9832c9a0d78ac0dc04080fcf7613d117c29a21fe27e51c3bb7f1e6a29c69efdf; source_bytes=1799; target_bytes=1955
OLP-0377	content/lambda-calculus/lambda-definability/truth-values.tex	OpenLogicProject/OpenLogic@9620cc73f9c8e0ad003c514a5d3748f29611c4c0	https://github.com/OpenLogicProject/OpenLogic/blob/9620cc73f9c8e0ad003c514a5d3748f29611c4c0/content/lambda-calculus/lambda-definability/truth-values.tex	complete	full source unit	source/locale/id/content/lambda-calculus/lambda-definability/truth-values.tex	1cde1a67069aa4443ba24f000756a5f3f5456284b520108b89e3eb0693ee0f96	OLP-0722-20260814	source_sha256=2bde4662af2aefb9be953d1f7abf5e1af20dd022705ecf28f33aa86866c8d8f0; source_bytes=3248; target_bytes=3551
OLP-0378	content/lambda-calculus/lambda-definability/primitive-recursive-functions.tex	OpenLogicProject/OpenLogic@9620cc73f9c8e0ad003c514a5d3748f29611c4c0	https://github.com/OpenLogicProject/OpenLogic/blob/9620cc73f9c8e0ad003c514a5d3748f29611c4c0/content/lambda-calculus/lambda-definability/primitive-recursive-functions.tex	complete	full source unit	source/locale/id/content/lambda-calculus/lambda-definability/primitive-recursive-functions.tex	f7f1fd96b4544d5417d2a9f730ffc3865ee2249f7a6c7daca02b09d558271af8	OLP-0722-20260814	source_sha256=9e059524acc2a9576a93578fbb7fcbcb7e32dbe2a9b2bacc117b013e00b61b62; source_bytes=5987; target_bytes=6205
OLP-0379	content/lambda-calculus/lambda-definability/fixpoints.tex	OpenLogicProject/OpenLogic@9620cc73f9c8e0ad003c514a5d3748f29611c4c0	https://github.com/OpenLogicProject/OpenLogic/blob/9620cc73f9c8e0ad003c514a5d3748f29611c4c0/content/lambda-calculus/lambda-definability/fixpoints.tex	complete	full source unit	source/locale/id/content/lambda-calculus/lambda-definability/fixpoints.tex	2620eacc6a7fdbaec3370ae6190d001b74dc5845c41a8d78860af0668cabea88	OLP-0722-20260814	source_sha256=02f6f79ac6fba17035dc7cc4f4f658ecfeb16204cf0ec496e4d54f55613477e0; source_bytes=7097; target_bytes=7580
OLP-0380	content/lambda-calculus/lambda-definability/minimization.tex	OpenLogicProject/OpenLogic@9620cc73f9c8e0ad003c514a5d3748f29611c4c0	https://github.com/OpenLogicProject/OpenLogic/blob/9620cc73f9c8e0ad003c514a5d3748f29611c4c0/content/lambda-calculus/lambda-definability/minimization.tex	complete	full source unit	source/locale/id/content/lambda-calculus/lambda-definability/minimization.tex	2de0ce142649fe81880f1da8e21da96009c977405165ec43b3953bd65bc76415	OLP-0722-20260814	source_sha256=792fdab3fca1c04b414385f66cb0c5d762134b661a9486b1e2664f29c27e89f7; source_bytes=2559; target_bytes=2740
OLP-0381	content/lambda-calculus/lambda-definability/partial-recursive-functions.tex	OpenLogicProject/OpenLogic@9620cc73f9c8e0ad003c514a5d3748f29611c4c0	https://github.com/OpenLogicProject/OpenLogic/blob/9620cc73f9c8e0ad003c514a5d3748f29611c4c0/content/lambda-calculus/lambda-definability/partial-recursive-functions.tex	complete	full source unit	source/locale/id/content/lambda-calculus/lambda-definability/partial-recursive-functions.tex	02a10e8ca71737d9d1aa8ab235c6a2c03fb8b6b51f3fc617546dff0946dfd4aa	OLP-0722-20260814	source_sha256=3cca3c4e7b7823e4ff52ac123941ec65f13752083190b37e349e8bba6a8b6e0e; source_bytes=1875; target_bytes=2010
OLP-0382	content/lambda-calculus/lambda-definability/lambda-definable-recursive.tex	OpenLogicProject/OpenLogic@9620cc73f9c8e0ad003c514a5d3748f29611c4c0	https://github.com/OpenLogicProject/OpenLogic/blob/9620cc73f9c8e0ad003c514a5d3748f29611c4c0/content/lambda-calculus/lambda-definability/lambda-definable-recursive.tex	complete	full source unit	source/locale/id/content/lambda-calculus/lambda-definability/lambda-definable-recursive.tex	bb3959dbdf8a7dc655a8de5036e6b1ad1b0c03fe923c2bf4a33bd0561e550cc4	OLP-0722-20260814	source_sha256=5084b64a843552bde883517ce5804906cd8eba67397b9ebf59978e07717095d2; source_bytes=2013; target_bytes=2936
OLP-0383	content/many-valued-logic/many-valued-logic.tex	OpenLogicProject/OpenLogic@9620cc73f9c8e0ad003c514a5d3748f29611c4c0	https://github.com/OpenLogicProject/OpenLogic/blob/9620cc73f9c8e0ad003c514a5d3748f29611c4c0/content/many-valued-logic/many-valued-logic.tex	complete	full source unit	source/locale/id/content/many-valued-logic/many-valued-logic.tex	bb9f6a7131ab71d612f1e9af89e5f02a372df1557e3646f8e5938b70d5012111	OLP-0722-20260814	source_sha256=2a69d563ac25cd027173829161a4d4ca4232563d204085e80613f2479086acf3; source_bytes=511; target_bytes=499
OLP-0384	content/many-valued-logic/syntax-and-semantics/syntax-and-semantics.tex	OpenLogicProject/OpenLogic@9620cc73f9c8e0ad003c514a5d3748f29611c4c0	https://github.com/OpenLogicProject/OpenLogic/blob/9620cc73f9c8e0ad003c514a5d3748f29611c4c0/content/many-valued-logic/syntax-and-semantics/syntax-and-semantics.tex	complete	full source unit	source/locale/id/content/many-valued-logic/syntax-and-semantics/syntax-and-semantics.tex	0d8c8aa4ec59c9a2b54fc1f9d8469dbd33645baf00cc363d132c513efdeaf02a	OLP-0722-20260814	source_sha256=3f17bc4b7ea0fe51d95f584b107306edd4100705ec27dcc791df365570aadaab; source_bytes=413; target_bytes=387
OLP-0385	content/many-valued-logic/syntax-and-semantics/introduction.tex	OpenLogicProject/OpenLogic@9620cc73f9c8e0ad003c514a5d3748f29611c4c0	https://github.com/OpenLogicProject/OpenLogic/blob/9620cc73f9c8e0ad003c514a5d3748f29611c4c0/content/many-valued-logic/syntax-and-semantics/introduction.tex	complete	full source unit	source/locale/id/content/many-valued-logic/syntax-and-semantics/introduction.tex	47cd285314081e7a2b14886791b6c52fde69a4a158959588791dc249b7f8b38a	OLP-0722-20260814	source_sha256=04e2f80166006666f802b240319654d7daec140e1272c37eabc916930b0e6212; source_bytes=3285; target_bytes=3705
OLP-0386	content/many-valued-logic/syntax-and-semantics/connectives.tex	OpenLogicProject/OpenLogic@9620cc73f9c8e0ad003c514a5d3748f29611c4c0	https://github.com/OpenLogicProject/OpenLogic/blob/9620cc73f9c8e0ad003c514a5d3748f29611c4c0/content/many-valued-logic/syntax-and-semantics/connectives.tex	complete	full source unit	source/locale/id/content/many-valued-logic/syntax-and-semantics/connectives.tex	675caea74f04619d560d2f63a8d0984ab9c95413d2ae1795852c07da04f21edb	OLP-0722-20260814	source_sha256=3e857c9e560394dc6839b520db3e2b71ef9e24b1f542648ccbe5af70a9993458; source_bytes=2862; target_bytes=2971
OLP-0387	content/many-valued-logic/syntax-and-semantics/formulas.tex	OpenLogicProject/OpenLogic@9620cc73f9c8e0ad003c514a5d3748f29611c4c0	https://github.com/OpenLogicProject/OpenLogic/blob/9620cc73f9c8e0ad003c514a5d3748f29611c4c0/content/many-valued-logic/syntax-and-semantics/formulas.tex	complete	full source unit	source/locale/id/content/many-valued-logic/syntax-and-semantics/formulas.tex	34b9b31244783722d49f5f046d1349aefb036b512e0232f34c88d129e3b5ba23	OLP-0722-20260814	source_sha256=8001a85d62cff1f3207e029dbfcf21ef8d8581be0a0e50ffd6cd5ec87cc1bd38; source_bytes=1547; target_bytes=1647
OLP-0388	content/many-valued-logic/syntax-and-semantics/matrices.tex	OpenLogicProject/OpenLogic@9620cc73f9c8e0ad003c514a5d3748f29611c4c0	https://github.com/OpenLogicProject/OpenLogic/blob/9620cc73f9c8e0ad003c514a5d3748f29611c4c0/content/many-valued-logic/syntax-and-semantics/matrices.tex	complete	full source unit	source/locale/id/content/many-valued-logic/syntax-and-semantics/matrices.tex	29bca1f13fa7b8ff40b3ce41df658fae0f2696c81189802fb2e7a54bee352cec	OLP-0722-20260814	source_sha256=a4b18492278743dee4b6df353c9cfd427f153eb499561b546998138370224644; source_bytes=2373; target_bytes=2458
OLP-0389	content/many-valued-logic/syntax-and-semantics/valuations-sat.tex	OpenLogicProject/OpenLogic@9620cc73f9c8e0ad003c514a5d3748f29611c4c0	https://github.com/OpenLogicProject/OpenLogic/blob/9620cc73f9c8e0ad003c514a5d3748f29611c4c0/content/many-valued-logic/syntax-and-semantics/valuations-sat.tex	complete	full source unit	source/locale/id/content/many-valued-logic/syntax-and-semantics/valuations-sat.tex	d85fd0de6c16ee2495f6a1f1fd465e65974c964eee825388803553d818d1a287	OLP-0722-20260814	source_sha256=97290aac82c2c9f18cab5c5207aa29bb556270f42378d41e9a9aeb301742438a; source_bytes=1667; target_bytes=1788
OLP-0390	content/many-valued-logic/syntax-and-semantics/semantic-notions.tex	OpenLogicProject/OpenLogic@9620cc73f9c8e0ad003c514a5d3748f29611c4c0	https://github.com/OpenLogicProject/OpenLogic/blob/9620cc73f9c8e0ad003c514a5d3748f29611c4c0/content/many-valued-logic/syntax-and-semantics/semantic-notions.tex	complete	full source unit	source/locale/id/content/many-valued-logic/syntax-and-semantics/semantic-notions.tex	3d7e8fbea9a88c632e662960bdd5d39a3862b133790e0acf2043ec45e648b506	OLP-0722-20260814	source_sha256=b0d2713e104a374b3afc7c351b18cdc6f8270a5804161c97be024ca273bd2df9; source_bytes=2406; target_bytes=2577
OLP-0391	content/many-valued-logic/syntax-and-semantics/sublogics.tex	OpenLogicProject/OpenLogic@9620cc73f9c8e0ad003c514a5d3748f29611c4c0	https://github.com/OpenLogicProject/OpenLogic/blob/9620cc73f9c8e0ad003c514a5d3748f29611c4c0/content/many-valued-logic/syntax-and-semantics/sublogics.tex	complete	full source unit	source/locale/id/content/many-valued-logic/syntax-and-semantics/sublogics.tex	34c5e45ee6523c2ffe661bd29c394500f7748f7d8435457ada4abf8135750acf	OLP-0722-20260814	source_sha256=e831e5ce1375c0ea5b2743d8c8c45cf0d8299dde538cdf46284e34a968c665a1; source_bytes=4122; target_bytes=4378
OLP-0392	content/many-valued-logic/three-valued-logics/three-valued-logics.tex	OpenLogicProject/OpenLogic@9620cc73f9c8e0ad003c514a5d3748f29611c4c0	https://github.com/OpenLogicProject/OpenLogic/blob/9620cc73f9c8e0ad003c514a5d3748f29611c4c0/content/many-valued-logic/three-valued-logics/three-valued-logics.tex	complete	full source unit	source/locale/id/content/many-valued-logic/three-valued-logics/three-valued-logics.tex	52e7a34f46edc984eceb6e396ef07e137f8b9b8bdcd3c04081530dd0bb1b8e14	OLP-0722-20260814	source_sha256=8015ad7f225f913aa068bd9e9cba20b78b35e0b3844c60fe8a3989f6c2d9ac74; source_bytes=358; target_bytes=337
OLP-0393	content/many-valued-logic/three-valued-logics/introduction.tex	OpenLogicProject/OpenLogic@9620cc73f9c8e0ad003c514a5d3748f29611c4c0	https://github.com/OpenLogicProject/OpenLogic/blob/9620cc73f9c8e0ad003c514a5d3748f29611c4c0/content/many-valued-logic/three-valued-logics/introduction.tex	complete	full source unit	source/locale/id/content/many-valued-logic/three-valued-logics/introduction.tex	e744abab7e5b6423694c1b0a913ec06b8037ffa0e5db16da86edb78a643df85d	OLP-0722-20260814	source_sha256=3c037aaf7bcd3d7986c15ccff60ecf1763afabbaf0e2be4c5a8961de46382eef; source_bytes=786; target_bytes=863
OLP-0394	content/many-valued-logic/three-valued-logics/lukasiewicz.tex	OpenLogicProject/OpenLogic@9620cc73f9c8e0ad003c514a5d3748f29611c4c0	https://github.com/OpenLogicProject/OpenLogic/blob/9620cc73f9c8e0ad003c514a5d3748f29611c4c0/content/many-valued-logic/three-valued-logics/lukasiewicz.tex	complete	full source unit	source/locale/id/content/many-valued-logic/three-valued-logics/lukasiewicz.tex	8f5b07679e55515cfe5224089dc2ec15ab68d4d127ef506c21dd2fabf943c93c	OLP-0722-20260814	source_sha256=f4f46fab1263ab5437fc91964cf3e61a658ca18f5739c520a43f4e45f669f2ab; source_bytes=10307; target_bytes=10480
OLP-0395	content/many-valued-logic/three-valued-logics/kleene.tex	OpenLogicProject/OpenLogic@9620cc73f9c8e0ad003c514a5d3748f29611c4c0	https://github.com/OpenLogicProject/OpenLogic/blob/9620cc73f9c8e0ad003c514a5d3748f29611c4c0/content/many-valued-logic/three-valued-logics/kleene.tex	complete	full source unit	source/locale/id/content/many-valued-logic/three-valued-logics/kleene.tex	0a11444f92998ba2bd7fb394dc2b73a20977e7a702c77546d340b816f732bd36	OLP-0722-20260814	source_sha256=5630d9cb5c6a43dde8e85791827e95326ea0258b9be9aecbef3e89ee098cb376; source_bytes=7075; target_bytes=7318
OLP-0396	content/many-valued-logic/three-valued-logics/goedel.tex	OpenLogicProject/OpenLogic@9620cc73f9c8e0ad003c514a5d3748f29611c4c0	https://github.com/OpenLogicProject/OpenLogic/blob/9620cc73f9c8e0ad003c514a5d3748f29611c4c0/content/many-valued-logic/three-valued-logics/goedel.tex	complete	full source unit	source/locale/id/content/many-valued-logic/three-valued-logics/goedel.tex	269b447deb718c91a5f98a10fd69c7fa0147f9d6e5405415eddb17a601c68e8f	OLP-0722-20260814	source_sha256=de6e29f7cf74c9ee8288354943e960df3ccb3f50ebaa2921442b20c9adac13bf; source_bytes=4223; target_bytes=4336
OLP-0397	content/many-valued-logic/three-valued-logics/multiple-designation.tex	OpenLogicProject/OpenLogic@9620cc73f9c8e0ad003c514a5d3748f29611c4c0	https://github.com/OpenLogicProject/OpenLogic/blob/9620cc73f9c8e0ad003c514a5d3748f29611c4c0/content/many-valued-logic/three-valued-logics/multiple-designation.tex	complete	full source unit	source/locale/id/content/many-valued-logic/three-valued-logics/multiple-designation.tex	6be7bb5e7d649bfa31f6387496124b44cbe193449f71714f52bac49853aa5e5e	OLP-0722-20260814	source_sha256=105d956c622e310bf3039faa57d0fb5604531a143cc8c7bcf3c48d26ee038a09; source_bytes=8529; target_bytes=9094
OLP-0398	content/many-valued-logic/infinite-valued-logics/infinite-valued-logics.tex	OpenLogicProject/OpenLogic@9620cc73f9c8e0ad003c514a5d3748f29611c4c0	https://github.com/OpenLogicProject/OpenLogic/blob/9620cc73f9c8e0ad003c514a5d3748f29611c4c0/content/many-valued-logic/infinite-valued-logics/infinite-valued-logics.tex	complete	full source unit	source/locale/id/content/many-valued-logic/infinite-valued-logics/infinite-valued-logics.tex	84d2d13ce1e6583b18edfec767cc7581fcf77806865e391193564fa088fe8b5e	OLP-0722-20260814	source_sha256=fb04e81a62757c4d33472613879b832aaab480e9be4f9e8b7396299017352921; source_bytes=305; target_bytes=291
OLP-0399	content/many-valued-logic/infinite-valued-logics/introduction.tex	OpenLogicProject/OpenLogic@9620cc73f9c8e0ad003c514a5d3748f29611c4c0	https://github.com/OpenLogicProject/OpenLogic/blob/9620cc73f9c8e0ad003c514a5d3748f29611c4c0/content/many-valued-logic/infinite-valued-logics/introduction.tex	complete	full source unit	source/locale/id/content/many-valued-logic/infinite-valued-logics/introduction.tex	db1aa14bd9b7a7bac7b741faeecfc1fc10eeae27b6bbc7b3d579a9ffe19bf831	OLP-0722-20260814	source_sha256=affd39b02580135e472d159f31cbe2a5805f344a9eab515a4bce7fd18999889e; source_bytes=1338; target_bytes=1545
OLP-0400	content/many-valued-logic/infinite-valued-logics/lukasiewicz.tex	OpenLogicProject/OpenLogic@9620cc73f9c8e0ad003c514a5d3748f29611c4c0	https://github.com/OpenLogicProject/OpenLogic/blob/9620cc73f9c8e0ad003c514a5d3748f29611c4c0/content/many-valued-logic/infinite-valued-logics/lukasiewicz.tex	complete	full source unit	source/locale/id/content/many-valued-logic/infinite-valued-logics/lukasiewicz.tex	02929ea5a9daf746880daf4be2dec07abab988bd12bc15a2eaab19085c2a74f1	OLP-0722-20260814	source_sha256=3b6867d8660841a2e8ce81b27726e0848efb71629edd19aa77fd8cbc638ed543; source_bytes=3129; target_bytes=3229
OLP-0401	content/many-valued-logic/infinite-valued-logics/goedel.tex	OpenLogicProject/OpenLogic@9620cc73f9c8e0ad003c514a5d3748f29611c4c0	https://github.com/OpenLogicProject/OpenLogic/blob/9620cc73f9c8e0ad003c514a5d3748f29611c4c0/content/many-valued-logic/infinite-valued-logics/goedel.tex	complete	full source unit	source/locale/id/content/many-valued-logic/infinite-valued-logics/goedel.tex	5fcd94e72e87ba849d096bededaa7a8967652d1abbe944ab6918f2e017ef703c	OLP-0722-20260814	source_sha256=e763954137e0c3ed9e2ce32d0ed248bd50e922f7f147fc0506e482878932314b; source_bytes=3992; target_bytes=4148
OLP-0402	content/many-valued-logic/sequent-calculus/sequent-calculus.tex	OpenLogicProject/OpenLogic@9620cc73f9c8e0ad003c514a5d3748f29611c4c0	https://github.com/OpenLogicProject/OpenLogic/blob/9620cc73f9c8e0ad003c514a5d3748f29611c4c0/content/many-valued-logic/sequent-calculus/sequent-calculus.tex	complete	full source unit	source/locale/id/content/many-valued-logic/sequent-calculus/sequent-calculus.tex	4726fd8f57db9daea2cfd3412e5566ebaae179bcbbf27c498f7fd33238a8775c	OLP-0722-20260814	source_sha256=def8a764c8cb783a86a6704d96ae02529921a0bb30d118b4fe4cff4ac667cf19; source_bytes=348; target_bytes=327
OLP-0403	content/many-valued-logic/sequent-calculus/introduction.tex	OpenLogicProject/OpenLogic@9620cc73f9c8e0ad003c514a5d3748f29611c4c0	https://github.com/OpenLogicProject/OpenLogic/blob/9620cc73f9c8e0ad003c514a5d3748f29611c4c0/content/many-valued-logic/sequent-calculus/introduction.tex	complete	full source unit	source/locale/id/content/many-valued-logic/sequent-calculus/introduction.tex	80d1af4bdb4e9595ca323600081926732829ca699bf5f8ff9271e1e8883325fd	OLP-0722-20260814	source_sha256=4077eee65fb505ab3b97ebfc37616593b555252fafbbbebe0413981e0988bbe3; source_bytes=3193; target_bytes=3177
OLP-0404	content/many-valued-logic/sequent-calculus/rules-and-proofs.tex	OpenLogicProject/OpenLogic@9620cc73f9c8e0ad003c514a5d3748f29611c4c0	https://github.com/OpenLogicProject/OpenLogic/blob/9620cc73f9c8e0ad003c514a5d3748f29611c4c0/content/many-valued-logic/sequent-calculus/rules-and-proofs.tex	complete	full source unit	source/locale/id/content/many-valued-logic/sequent-calculus/rules-and-proofs.tex	9592f611e481d381098992f92d9caa120de816ba1dd99ecba294b677c948935a	OLP-0722-20260814	source_sha256=bc7f60e5e64ad1000db484141861723f90d7eee4316d1885263c3db652089972; source_bytes=3007; target_bytes=3262
OLP-0405	content/many-valued-logic/sequent-calculus/structural-rules.tex	OpenLogicProject/OpenLogic@9620cc73f9c8e0ad003c514a5d3748f29611c4c0	https://github.com/OpenLogicProject/OpenLogic/blob/9620cc73f9c8e0ad003c514a5d3748f29611c4c0/content/many-valued-logic/sequent-calculus/structural-rules.tex	complete	full source unit	source/locale/id/content/many-valued-logic/sequent-calculus/structural-rules.tex	a59c91d58cbf3da411661790590f29805a1dfe3e2303016de338cfcea30c03c3	OLP-0722-20260814	source_sha256=56cff0e33dcc908b72e501cd49a7dd69f0a70e4b74dcd2b84e9a18494848af14; source_bytes=1834; target_bytes=1795
OLP-0406	content/many-valued-logic/sequent-calculus/propositional-rules.tex	OpenLogicProject/OpenLogic@9620cc73f9c8e0ad003c514a5d3748f29611c4c0	https://github.com/OpenLogicProject/OpenLogic/blob/9620cc73f9c8e0ad003c514a5d3748f29611c4c0/content/many-valued-logic/sequent-calculus/propositional-rules.tex	complete	full source unit	source/locale/id/content/many-valued-logic/sequent-calculus/propositional-rules.tex	c632bb8485f86d20533929aa1d047c1c75d68bebe15beca28c492cc3ab6c8ac9	OLP-0722-20260814	source_sha256=0d74a6c4ba24d5178d205fd05971dd4684e3d8fcdae367878ab857e3a54513b6; source_bytes=8173; target_bytes=8011
OLP-0407	content/normal-modal-logic/normal-modal-logic.tex	OpenLogicProject/OpenLogic@9620cc73f9c8e0ad003c514a5d3748f29611c4c0	https://github.com/OpenLogicProject/OpenLogic/blob/9620cc73f9c8e0ad003c514a5d3748f29611c4c0/content/normal-modal-logic/normal-modal-logic.tex	complete	full source unit	source/locale/id/content/normal-modal-logic/normal-modal-logic.tex	e3c810d80e77330888b65b53e96432340af5b332754887b3c59849135bf1d1c6	OLP-0722-20260814	source_sha256=e388c5bd59b5f2ac9fee081e6645262cfd0361cdc72d3e1d6f51f07788f87077; source_bytes=706; target_bytes=682
OLP-0408	content/normal-modal-logic/syntax-and-semantics/syntax-and-semantics.tex	OpenLogicProject/OpenLogic@9620cc73f9c8e0ad003c514a5d3748f29611c4c0	https://github.com/OpenLogicProject/OpenLogic/blob/9620cc73f9c8e0ad003c514a5d3748f29611c4c0/content/normal-modal-logic/syntax-and-semantics/syntax-and-semantics.tex	complete	full source unit	source/locale/id/content/normal-modal-logic/syntax-and-semantics/syntax-and-semantics.tex	312f60d2bdf2f6b96da20f9916220d1e7b2de6b4b0a0b635aadde993bf947ee3	OLP-0722-20260814	source_sha256=5e8e509437c77846b7ec17bdc55a8c960fcd45cffc363a55830ebc76ac6b03fe; source_bytes=503; target_bytes=481
OLP-0409	content/normal-modal-logic/syntax-and-semantics/introduction.tex	OpenLogicProject/OpenLogic@9620cc73f9c8e0ad003c514a5d3748f29611c4c0	https://github.com/OpenLogicProject/OpenLogic/blob/9620cc73f9c8e0ad003c514a5d3748f29611c4c0/content/normal-modal-logic/syntax-and-semantics/introduction.tex	complete	full source unit	source/locale/id/content/normal-modal-logic/syntax-and-semantics/introduction.tex	b2ae2276348bfb32f6781fb5c4e5d1a13469d60a208be9ecc94bd61653b0c60b	OLP-0722-20260814	source_sha256=42c2f00e8f81aab33744c17ecd192e38262a12cffa935cabb079a56e541618e2; source_bytes=4962; target_bytes=5193
OLP-0410	content/normal-modal-logic/syntax-and-semantics/language-modal-logic.tex	OpenLogicProject/OpenLogic@9620cc73f9c8e0ad003c514a5d3748f29611c4c0	https://github.com/OpenLogicProject/OpenLogic/blob/9620cc73f9c8e0ad003c514a5d3748f29611c4c0/content/normal-modal-logic/syntax-and-semantics/language-modal-logic.tex	complete	full source unit	source/locale/id/content/normal-modal-logic/syntax-and-semantics/language-modal-logic.tex	739d448bdb764a5daac91f48d9c6d824464808bdaa47d9038e22713ce081e02a	OLP-0722-20260814	source_sha256=adacd15035d83e6b193aef874044156015bf168e67966833d5cdb5c064bdce1d; source_bytes=3526; target_bytes=3557
OLP-0411	content/normal-modal-logic/syntax-and-semantics/substitution.tex	OpenLogicProject/OpenLogic@9620cc73f9c8e0ad003c514a5d3748f29611c4c0	https://github.com/OpenLogicProject/OpenLogic/blob/9620cc73f9c8e0ad003c514a5d3748f29611c4c0/content/normal-modal-logic/syntax-and-semantics/substitution.tex	complete	full source unit	source/locale/id/content/normal-modal-logic/syntax-and-semantics/substitution.tex	ecafcf6555432bb428f203b983f05facf0b4cfbd4ae5a91c97ba5fd8c4c810a1	OLP-0722-20260814	source_sha256=0bb0f93514ff2ac33a6a21dbbf58cbfdcba80f31440588d322ef2b74cb2920c8; source_bytes=4811; target_bytes=4857
OLP-0412	content/normal-modal-logic/syntax-and-semantics/relational-models.tex	OpenLogicProject/OpenLogic@9620cc73f9c8e0ad003c514a5d3748f29611c4c0	https://github.com/OpenLogicProject/OpenLogic/blob/9620cc73f9c8e0ad003c514a5d3748f29611c4c0/content/normal-modal-logic/syntax-and-semantics/relational-models.tex	complete	full source unit	source/locale/id/content/normal-modal-logic/syntax-and-semantics/relational-models.tex	8913f6e890e5812ff0d6f8bbf452646b49b6b12491212b99e86b4f6d4bb4a7c7	OLP-0722-20260814	source_sha256=44275ea8cfe80a1e854fbc630dd3d5e37ead7e8b0223baa0fe6df4e23b806f77; source_bytes=2161; target_bytes=2204
OLP-0413	content/normal-modal-logic/syntax-and-semantics/truth-at-w.tex	OpenLogicProject/OpenLogic@9620cc73f9c8e0ad003c514a5d3748f29611c4c0	https://github.com/OpenLogicProject/OpenLogic/blob/9620cc73f9c8e0ad003c514a5d3748f29611c4c0/content/normal-modal-logic/syntax-and-semantics/truth-at-w.tex	complete	full source unit	source/locale/id/content/normal-modal-logic/syntax-and-semantics/truth-at-w.tex	21664e21df269b5c118f3d25107932a5eecf97e1d084d89b6f3deda0ce3e9f7d	OLP-0722-20260814	source_sha256=082e6f52306e829ab4b612be9237998cf1d08bec190f972d849b8f6b5e74e8cc; source_bytes=5344; target_bytes=6104
OLP-0414	content/normal-modal-logic/syntax-and-semantics/truth-in-model.tex	OpenLogicProject/OpenLogic@9620cc73f9c8e0ad003c514a5d3748f29611c4c0	https://github.com/OpenLogicProject/OpenLogic/blob/9620cc73f9c8e0ad003c514a5d3748f29611c4c0/content/normal-modal-logic/syntax-and-semantics/truth-in-model.tex	complete	full source unit	source/locale/id/content/normal-modal-logic/syntax-and-semantics/truth-in-model.tex	54b38651ad3ec0d64f88860973ad9639055d51940a19284e9e6fe21bc35c5db1	OLP-0722-20260814	source_sha256=d5de1040475bc5914585dddbf1d0a6988b91b47370448007d5b8d6149b8155aa; source_bytes=3244; target_bytes=3400
OLP-0415	content/normal-modal-logic/syntax-and-semantics/modal-validity.tex	OpenLogicProject/OpenLogic@9620cc73f9c8e0ad003c514a5d3748f29611c4c0	https://github.com/OpenLogicProject/OpenLogic/blob/9620cc73f9c8e0ad003c514a5d3748f29611c4c0/content/normal-modal-logic/syntax-and-semantics/modal-validity.tex	complete	full source unit	source/locale/id/content/normal-modal-logic/syntax-and-semantics/modal-validity.tex	30e34a25efd6217af82cf1e4bcce9877351b517f5a0d1e468f4998e2af3879a0	OLP-0722-20260814	source_sha256=23df39bee4d4509f5b47252de718b4d838a2c05d92e7de008104b0bb5daa6a4f; source_bytes=2992; target_bytes=3184
OLP-0416	content/normal-modal-logic/syntax-and-semantics/tautological-instances.tex	OpenLogicProject/OpenLogic@9620cc73f9c8e0ad003c514a5d3748f29611c4c0	https://github.com/OpenLogicProject/OpenLogic/blob/9620cc73f9c8e0ad003c514a5d3748f29611c4c0/content/normal-modal-logic/syntax-and-semantics/tautological-instances.tex	complete	full source unit	source/locale/id/content/normal-modal-logic/syntax-and-semantics/tautological-instances.tex	42208e4aac53becda50ac38f0a04d7ce907671a9020a47bbc674715ab3c0725a	OLP-0722-20260814	source_sha256=66c19333c30bef87cdcab48001ee3ade880047253538863ba985d33ddbc34905; source_bytes=6893; target_bytes=6974
OLP-0417	content/normal-modal-logic/syntax-and-semantics/schemas.tex	OpenLogicProject/OpenLogic@9620cc73f9c8e0ad003c514a5d3748f29611c4c0	https://github.com/OpenLogicProject/OpenLogic/blob/9620cc73f9c8e0ad003c514a5d3748f29611c4c0/content/normal-modal-logic/syntax-and-semantics/schemas.tex	complete	full source unit	source/locale/id/content/normal-modal-logic/syntax-and-semantics/schemas.tex	a96d812e956ef305b9a079b25eaa30636f1ab1dfba9061a905aeb09cc2821cda	OLP-0722-20260814	source_sha256=5c9f569fbee942e71c14aab2686c1d8034a553e2ae7c92b2afcaa1cebd66cef7; source_bytes=6644; target_bytes=6982
OLP-0418	content/normal-modal-logic/syntax-and-semantics/entailment.tex	OpenLogicProject/OpenLogic@9620cc73f9c8e0ad003c514a5d3748f29611c4c0	https://github.com/OpenLogicProject/OpenLogic/blob/9620cc73f9c8e0ad003c514a5d3748f29611c4c0/content/normal-modal-logic/syntax-and-semantics/entailment.tex	complete	full source unit	source/locale/id/content/normal-modal-logic/syntax-and-semantics/entailment.tex	a457e07146e08fad3380d1068b39fc934a0911094fb46fb218028e598d7f04dd	OLP-0722-20260814	source_sha256=101130800880b56a39c7d9dea583488c625739deceeaa402e90fd22d47962a05; source_bytes=3491; target_bytes=3748
OLP-0419	content/normal-modal-logic/frame-definability/frame-definability.tex	OpenLogicProject/OpenLogic@9620cc73f9c8e0ad003c514a5d3748f29611c4c0	https://github.com/OpenLogicProject/OpenLogic/blob/9620cc73f9c8e0ad003c514a5d3748f29611c4c0/content/normal-modal-logic/frame-definability/frame-definability.tex	complete	full source unit	source/locale/id/content/normal-modal-logic/frame-definability/frame-definability.tex	01c3f396e4be59caa809927b8de0386d8d7b3a97200bc9eef90c6f3bb1ccb275	OLP-0722-20260814	source_sha256=8fa74ca1a369c2dbd54bf32a2f71f1568a5a4138f15378624998ce37e2a70153; source_bytes=439; target_bytes=423
OLP-0420	content/normal-modal-logic/frame-definability/introduction.tex	OpenLogicProject/OpenLogic@9620cc73f9c8e0ad003c514a5d3748f29611c4c0	https://github.com/OpenLogicProject/OpenLogic/blob/9620cc73f9c8e0ad003c514a5d3748f29611c4c0/content/normal-modal-logic/frame-definability/introduction.tex	complete	full source unit	source/locale/id/content/normal-modal-logic/frame-definability/introduction.tex	69a9a536a7fda0cb6fb17160e167b1d98c42776d3a13a6f120931f8c79e98ae7	OLP-0722-20260814	source_sha256=9a12846cc6aec1571d7bea28a1006355fd1701ae4fee0118742210179589dfa9; source_bytes=2939; target_bytes=3162
OLP-0421	content/normal-modal-logic/frame-definability/properties-accessibility.tex	OpenLogicProject/OpenLogic@9620cc73f9c8e0ad003c514a5d3748f29611c4c0	https://github.com/OpenLogicProject/OpenLogic/blob/9620cc73f9c8e0ad003c514a5d3748f29611c4c0/content/normal-modal-logic/frame-definability/properties-accessibility.tex	complete	full source unit	source/locale/id/content/normal-modal-logic/frame-definability/properties-accessibility.tex	9e78ef6e940341f0edc354546b8947d56115802ae3dc43ccba3a8712dddf7e43	OLP-0722-20260814	source_sha256=6934aac16103b285862b4c8619a88082d92d60dfb66f0a5c93ed746b52316d20; source_bytes=8096; target_bytes=8186
OLP-0422	content/normal-modal-logic/frame-definability/frames.tex	OpenLogicProject/OpenLogic@9620cc73f9c8e0ad003c514a5d3748f29611c4c0	https://github.com/OpenLogicProject/OpenLogic/blob/9620cc73f9c8e0ad003c514a5d3748f29611c4c0/content/normal-modal-logic/frame-definability/frames.tex	complete	full source unit	source/locale/id/content/normal-modal-logic/frame-definability/frames.tex	c4a97c16c53762221c5b9ee32c3f794018555d23a23ed5b6a9e5035bcedee124	OLP-0722-20260814	source_sha256=e53b6addd368a8e69f4ca6df17fdc151634ef3b235c582f0195a453f0f35de27; source_bytes=1844; target_bytes=1940
OLP-0423	content/normal-modal-logic/frame-definability/definability.tex	OpenLogicProject/OpenLogic@9620cc73f9c8e0ad003c514a5d3748f29611c4c0	https://github.com/OpenLogicProject/OpenLogic/blob/9620cc73f9c8e0ad003c514a5d3748f29611c4c0/content/normal-modal-logic/frame-definability/definability.tex	complete	full source unit	source/locale/id/content/normal-modal-logic/frame-definability/definability.tex	c3e97a821266f535e3d4094e044889037c1105561ac48d0226f5438dbdb2ffcf	OLP-0722-20260814	source_sha256=072dfd4f743977f825a23d779ca9236013811255aee629948a92b96bfb4cbefd; source_bytes=7953; target_bytes=8376
OLP-0424	content/normal-modal-logic/frame-definability/first-order-definability.tex	OpenLogicProject/OpenLogic@9620cc73f9c8e0ad003c514a5d3748f29611c4c0	https://github.com/OpenLogicProject/OpenLogic/blob/9620cc73f9c8e0ad003c514a5d3748f29611c4c0/content/normal-modal-logic/frame-definability/first-order-definability.tex	complete	full source unit	source/locale/id/content/normal-modal-logic/frame-definability/first-order-definability.tex	6381eb28362c09bb1ba9436c6c3930efe3a95491b733fde4ab6f9c6ba5c30035	OLP-0722-20260814	source_sha256=2c0b37bf344b0cd2841ca978e5f2999c1173694c45709dee037c887c5e91c5a1; source_bytes=3982; target_bytes=4465
OLP-0425	content/normal-modal-logic/frame-definability/equivalence-S5.tex	OpenLogicProject/OpenLogic@9620cc73f9c8e0ad003c514a5d3748f29611c4c0	https://github.com/OpenLogicProject/OpenLogic/blob/9620cc73f9c8e0ad003c514a5d3748f29611c4c0/content/normal-modal-logic/frame-definability/equivalence-S5.tex	complete	full source unit	source/locale/id/content/normal-modal-logic/frame-definability/equivalence-S5.tex	de64afd02368b557256e6c17eac016a4b799de00f382605d4e84b7021c8462fa	OLP-0722-20260814	source_sha256=8e65223dede5d8d51bcb8416f051f72b483f092fbc48a78f7039be70ee13935d; source_bytes=5886; target_bytes=5995
OLP-0426	content/normal-modal-logic/frame-definability/second-order-definability.tex	OpenLogicProject/OpenLogic@9620cc73f9c8e0ad003c514a5d3748f29611c4c0	https://github.com/OpenLogicProject/OpenLogic/blob/9620cc73f9c8e0ad003c514a5d3748f29611c4c0/content/normal-modal-logic/frame-definability/second-order-definability.tex	complete	full source unit	source/locale/id/content/normal-modal-logic/frame-definability/second-order-definability.tex	b63c7cfd1dcb09b286520ac1bb29a8a208a67aacfd88285c555ea1f94054ec0d	OLP-0722-20260814	source_sha256=94e8a7aa4e08b6783c65c18a10192dd49f82b14acbd1133dd3830abb6f324ce0; source_bytes=6831; target_bytes=7258
OLP-0427	content/normal-modal-logic/axioms-systems/axioms-systems.tex	OpenLogicProject/OpenLogic@9620cc73f9c8e0ad003c514a5d3748f29611c4c0	https://github.com/OpenLogicProject/OpenLogic/blob/9620cc73f9c8e0ad003c514a5d3748f29611c4c0/content/normal-modal-logic/axioms-systems/axioms-systems.tex	complete	full source unit	source/locale/id/content/normal-modal-logic/axioms-systems/axioms-systems.tex	35cd21db347d2da86f223ae5478018eb1461bbc3a3c5f4b4f2f28b8d447a6dd8	OLP-0722-20260814	source_sha256=e914516589d120a2aa25bba0cb22c79853f972c93831ee984cf1c317a7f4e872; source_bytes=593; target_bytes=567
OLP-0428	content/normal-modal-logic/axioms-systems/introduction.tex	OpenLogicProject/OpenLogic@9620cc73f9c8e0ad003c514a5d3748f29611c4c0	https://github.com/OpenLogicProject/OpenLogic/blob/9620cc73f9c8e0ad003c514a5d3748f29611c4c0/content/normal-modal-logic/axioms-systems/introduction.tex	complete	full source unit	source/locale/id/content/normal-modal-logic/axioms-systems/introduction.tex	4c9230eb8d713bd5241c7457f19e375abed3ab1c424537197f086dc33cde1f7d	OLP-0722-20260814	source_sha256=da7134ad2fb27e1b08c74d4e6286a6e6036e07e55b43f79c8e3be8b2c673a56c; source_bytes=3763; target_bytes=4067
OLP-0429	content/normal-modal-logic/axioms-systems/normal-logics.tex	OpenLogicProject/OpenLogic@9620cc73f9c8e0ad003c514a5d3748f29611c4c0	https://github.com/OpenLogicProject/OpenLogic/blob/9620cc73f9c8e0ad003c514a5d3748f29611c4c0/content/normal-modal-logic/axioms-systems/normal-logics.tex	complete	full source unit	source/locale/id/content/normal-modal-logic/axioms-systems/normal-logics.tex	98c4d51443f1a29e1f197fd849b91097d1d0f944a6af97a304af3d4755c1f280	OLP-0722-20260814	source_sha256=26665f5c6237cf0fa90f5ca122fd38e0278de2eb3e385ceaf656e8119de0b746; source_bytes=4495; target_bytes=4657
OLP-0430	content/normal-modal-logic/axioms-systems/logics-proofs.tex	OpenLogicProject/OpenLogic@9620cc73f9c8e0ad003c514a5d3748f29611c4c0	https://github.com/OpenLogicProject/OpenLogic/blob/9620cc73f9c8e0ad003c514a5d3748f29611c4c0/content/normal-modal-logic/axioms-systems/logics-proofs.tex	complete	full source unit	source/locale/id/content/normal-modal-logic/axioms-systems/logics-proofs.tex	202ec122683b9bdf81b64cc392b3847a659e2f927ebe903327cbd73646ab8a8c	OLP-0722-20260814	source_sha256=391ec991c00e706de0b49ec44606bddc392109911138a3a506a611fd72548774; source_bytes=4539; target_bytes=4796
OLP-0431	content/normal-modal-logic/axioms-systems/proofs-in-K.tex	OpenLogicProject/OpenLogic@9620cc73f9c8e0ad003c514a5d3748f29611c4c0	https://github.com/OpenLogicProject/OpenLogic/blob/9620cc73f9c8e0ad003c514a5d3748f29611c4c0/content/normal-modal-logic/axioms-systems/proofs-in-K.tex	complete	full source unit	source/locale/id/content/normal-modal-logic/axioms-systems/proofs-in-K.tex	598ec6f4ae35c27aa5d54147f670eb60588ceb7d2f1bb8a6071b084180aaca89	OLP-0722-20260814	source_sha256=2898ed73e8bfcfa8908ce113e21931f8d6f8f275e3bdfd0cb304aa907632d8dd; source_bytes=6606; target_bytes=6487
OLP-0432	content/normal-modal-logic/axioms-systems/derived-rules.tex	OpenLogicProject/OpenLogic@9620cc73f9c8e0ad003c514a5d3748f29611c4c0	https://github.com/OpenLogicProject/OpenLogic/blob/9620cc73f9c8e0ad003c514a5d3748f29611c4c0/content/normal-modal-logic/axioms-systems/derived-rules.tex	complete	full source unit	source/locale/id/content/normal-modal-logic/axioms-systems/derived-rules.tex	dd394a6acd3ce6100edd1808bd62fc893f7f7db6df4360de8a154a38969a5b83	OLP-0722-20260814	source_sha256=f1c5297ba77e51aa0d3311330a018d6e9edd0e002512f730ce32c18b75c47245; source_bytes=6335; target_bytes=6406
OLP-0433	content/normal-modal-logic/axioms-systems/more-proofs-in-K.tex	OpenLogicProject/OpenLogic@9620cc73f9c8e0ad003c514a5d3748f29611c4c0	https://github.com/OpenLogicProject/OpenLogic/blob/9620cc73f9c8e0ad003c514a5d3748f29611c4c0/content/normal-modal-logic/axioms-systems/more-proofs-in-K.tex	complete	full source unit	source/locale/id/content/normal-modal-logic/axioms-systems/more-proofs-in-K.tex	812c83667179535d7c1452ba9ba73da66c9dc75bc6ce871d937bc2a5da37af7e	OLP-0722-20260814	source_sha256=b9162a0c9f7c828fefb03d65e0f8385aa3bfd4391256b63547752aa1363f1bfb; source_bytes=3648; target_bytes=3605
OLP-0434	content/normal-modal-logic/axioms-systems/duals.tex	OpenLogicProject/OpenLogic@9620cc73f9c8e0ad003c514a5d3748f29611c4c0	https://github.com/OpenLogicProject/OpenLogic/blob/9620cc73f9c8e0ad003c514a5d3748f29611c4c0/content/normal-modal-logic/axioms-systems/duals.tex	complete	full source unit	source/locale/id/content/normal-modal-logic/axioms-systems/duals.tex	fbda9e9101a8d7ab71f17a3a6d9c1cafa790ea792bc2e2c2f21bdefdc69f06f7	OLP-0722-20260814	source_sha256=4f0c9ac68870b3fdaea3140aece1216922a75856066ba1ff7fbd1a45e7372408; source_bytes=1250; target_bytes=1276
OLP-0435	content/normal-modal-logic/axioms-systems/proofs-modal-systems.tex	OpenLogicProject/OpenLogic@9620cc73f9c8e0ad003c514a5d3748f29611c4c0	https://github.com/OpenLogicProject/OpenLogic/blob/9620cc73f9c8e0ad003c514a5d3748f29611c4c0/content/normal-modal-logic/axioms-systems/proofs-modal-systems.tex	complete	full source unit	source/locale/id/content/normal-modal-logic/axioms-systems/proofs-modal-systems.tex	9a4615c2e7646e9b3beabd87a722a0c14fd0047c794e6b66b352814f6223b321	OLP-0722-20260814	source_sha256=3489600c68c1c7ba7ea7dd17e194f984626ac182c05f2cd541a89157eb4411ac; source_bytes=4089; target_bytes=4050
OLP-0436	content/normal-modal-logic/axioms-systems/soundness.tex	OpenLogicProject/OpenLogic@9620cc73f9c8e0ad003c514a5d3748f29611c4c0	https://github.com/OpenLogicProject/OpenLogic/blob/9620cc73f9c8e0ad003c514a5d3748f29611c4c0/content/normal-modal-logic/axioms-systems/soundness.tex	complete	full source unit	source/locale/id/content/normal-modal-logic/axioms-systems/soundness.tex	1e55394bbdead6577b3ca62488167e1a1a680ef0bafebb4b5585329ea2851098	OLP-0722-20260814	source_sha256=89f0604c1941aba0796c9051f249e216020e9325c2ba134d6a6d8112cc717e16; source_bytes=2551; target_bytes=2738
OLP-0437	content/normal-modal-logic/axioms-systems/systems-distinct.tex	OpenLogicProject/OpenLogic@9620cc73f9c8e0ad003c514a5d3748f29611c4c0	https://github.com/OpenLogicProject/OpenLogic/blob/9620cc73f9c8e0ad003c514a5d3748f29611c4c0/content/normal-modal-logic/axioms-systems/systems-distinct.tex	complete	full source unit	source/locale/id/content/normal-modal-logic/axioms-systems/systems-distinct.tex	fab68bf580fe8f95fde9a450fd07effe6c21d221f511d5e3f4db0ec00777cf9f	OLP-0722-20260814	source_sha256=57c9746f7d2e1760bbe52ec023690e0c3c42a5e73e421bae868f29f1c804c9af; source_bytes=5795; target_bytes=5909
OLP-0438	content/normal-modal-logic/axioms-systems/provability-from-set.tex	OpenLogicProject/OpenLogic@9620cc73f9c8e0ad003c514a5d3748f29611c4c0	https://github.com/OpenLogicProject/OpenLogic/blob/9620cc73f9c8e0ad003c514a5d3748f29611c4c0/content/normal-modal-logic/axioms-systems/provability-from-set.tex	complete	full source unit	source/locale/id/content/normal-modal-logic/axioms-systems/provability-from-set.tex	d0a16ecdb975dbd3f0b4ebd44c182462df772587a50426f0432e71c842a82ba5	OLP-0722-20260814	source_sha256=79b830de121e4ee1530fc2597aeaa2f4982a77e9cba947daca4e9c1936217e27; source_bytes=827; target_bytes=863
OLP-0439	content/normal-modal-logic/axioms-systems/provability-properties.tex	OpenLogicProject/OpenLogic@9620cc73f9c8e0ad003c514a5d3748f29611c4c0	https://github.com/OpenLogicProject/OpenLogic/blob/9620cc73f9c8e0ad003c514a5d3748f29611c4c0/content/normal-modal-logic/axioms-systems/provability-properties.tex	complete	full source unit	source/locale/id/content/normal-modal-logic/axioms-systems/provability-properties.tex	7ad9e9962c94adf7d68ada51c4744a4040b06a612bbe6cf9807aebb9b7c0c4c2	OLP-0722-20260814	source_sha256=bebb71c5532f0a55e4defc889b06ef952a7685d85c3770956be02206cc85bf13; source_bytes=2004; target_bytes=1994
OLP-0440	content/normal-modal-logic/axioms-systems/consistency.tex	OpenLogicProject/OpenLogic@9620cc73f9c8e0ad003c514a5d3748f29611c4c0	https://github.com/OpenLogicProject/OpenLogic/blob/9620cc73f9c8e0ad003c514a5d3748f29611c4c0/content/normal-modal-logic/axioms-systems/consistency.tex	complete	full source unit	source/locale/id/content/normal-modal-logic/axioms-systems/consistency.tex	42e92295dacd2fa6ae35fbc8cad1f34f5fb4e65628e328899f660118643576d2	OLP-0722-20260814	source_sha256=11aee245bd1a68ba94b144186fbed464bbad4ef44cd7b9571e8074873f673e29; source_bytes=2557; target_bytes=2644
OLP-0441	content/normal-modal-logic/completeness/completeness.tex	OpenLogicProject/OpenLogic@9620cc73f9c8e0ad003c514a5d3748f29611c4c0	https://github.com/OpenLogicProject/OpenLogic/blob/9620cc73f9c8e0ad003c514a5d3748f29611c4c0/content/normal-modal-logic/completeness/completeness.tex	complete	full source unit	source/locale/id/content/normal-modal-logic/completeness/completeness.tex	50ae6cb2d94d8b8b0e487023960f2a5df102d33903041e0742618c2545262bd8	OLP-0722-20260814	source_sha256=17bd97fe5b7130afbc9fb23960172f806d216c7e3db0d10cb695bdb741f7da8e; source_bytes=470; target_bytes=443
OLP-0442	content/normal-modal-logic/completeness/introduction.tex	OpenLogicProject/OpenLogic@9620cc73f9c8e0ad003c514a5d3748f29611c4c0	https://github.com/OpenLogicProject/OpenLogic/blob/9620cc73f9c8e0ad003c514a5d3748f29611c4c0/content/normal-modal-logic/completeness/introduction.tex	complete	full source unit	source/locale/id/content/normal-modal-logic/completeness/introduction.tex	a6a74c50a279faea7b52db5d51e0b941bba65819dac37f4c470d2749811bd131	OLP-0722-20260814	source_sha256=d500fd6faf4d5c34b98fe64e568bfa8666cb6c740020c628f69b880ac4e5e222; source_bytes=3771; target_bytes=4227
OLP-0443	content/normal-modal-logic/completeness/complete-consistent-sets.tex	OpenLogicProject/OpenLogic@9620cc73f9c8e0ad003c514a5d3748f29611c4c0	https://github.com/OpenLogicProject/OpenLogic/blob/9620cc73f9c8e0ad003c514a5d3748f29611c4c0/content/normal-modal-logic/completeness/complete-consistent-sets.tex	complete	full source unit	source/locale/id/content/normal-modal-logic/completeness/complete-consistent-sets.tex	65eb8dbe9236887c8f282de666a78d6247735079bcf6dd8b11a92960487f9fac	OLP-0722-20260814	source_sha256=ad1e90f6a43ee549d4093244ecfdaea486413da09e24c0912463823f5251d6ee; source_bytes=6272; target_bytes=6666
OLP-0444	content/normal-modal-logic/completeness/lindenbaums-lemma.tex	OpenLogicProject/OpenLogic@9620cc73f9c8e0ad003c514a5d3748f29611c4c0	https://github.com/OpenLogicProject/OpenLogic/blob/9620cc73f9c8e0ad003c514a5d3748f29611c4c0/content/normal-modal-logic/completeness/lindenbaums-lemma.tex	complete	full source unit	source/locale/id/content/normal-modal-logic/completeness/lindenbaums-lemma.tex	a02715492bb30f6fc644ae9a1372528e756983d0eb91cf993d765a837ef825e1	OLP-0722-20260814	source_sha256=3c6d6919faf4fad025e8dd5c44b280699e607071a49a03d24e7d9927b257ab50; source_bytes=5026; target_bytes=5445
OLP-0445	content/normal-modal-logic/completeness/modalities-ccs.tex	OpenLogicProject/OpenLogic@9620cc73f9c8e0ad003c514a5d3748f29611c4c0	https://github.com/OpenLogicProject/OpenLogic/blob/9620cc73f9c8e0ad003c514a5d3748f29611c4c0/content/normal-modal-logic/completeness/modalities-ccs.tex	complete	full source unit	source/locale/id/content/normal-modal-logic/completeness/modalities-ccs.tex	461f8eb9ed9cfab6f07a9224dbc900aec4413469c772b299fcba8e114b1cfc5b	OLP-0722-20260814	source_sha256=91e1e53bf83994ee0fa725946f68747aa9124a7786295bcc75daf7c2f12e1382; source_bytes=10975; target_bytes=12035
OLP-0446	content/normal-modal-logic/completeness/canonical-models.tex	OpenLogicProject/OpenLogic@9620cc73f9c8e0ad003c514a5d3748f29611c4c0	https://github.com/OpenLogicProject/OpenLogic/blob/9620cc73f9c8e0ad003c514a5d3748f29611c4c0/content/normal-modal-logic/completeness/canonical-models.tex	complete	full source unit	source/locale/id/content/normal-modal-logic/completeness/canonical-models.tex	0887d6547ff94f2e315036056dac140c349a33686e94a2cf4e34dbf47852043d	OLP-0722-20260814	source_sha256=cab236b83360cac46b744dae936e62e6e17148f2d848f7dadc5cfd7f75242eef; source_bytes=1139; target_bytes=1159
OLP-0447	content/normal-modal-logic/completeness/truth-lemma.tex	OpenLogicProject/OpenLogic@9620cc73f9c8e0ad003c514a5d3748f29611c4c0	https://github.com/OpenLogicProject/OpenLogic/blob/9620cc73f9c8e0ad003c514a5d3748f29611c4c0/content/normal-modal-logic/completeness/truth-lemma.tex	complete	full source unit	source/locale/id/content/normal-modal-logic/completeness/truth-lemma.tex	bb536760e647aaaf8fa903e8918d1b5cf63699f9a3f14df8c301c37b39724ead	OLP-0722-20260814	source_sha256=003bd77d987951f490d9cd42859c27156f89a86f69f97d63f9d39ddc88dda3ad; source_bytes=7120; target_bytes=7990
OLP-0448	content/normal-modal-logic/completeness/completeness-K.tex	OpenLogicProject/OpenLogic@9620cc73f9c8e0ad003c514a5d3748f29611c4c0	https://github.com/OpenLogicProject/OpenLogic/blob/9620cc73f9c8e0ad003c514a5d3748f29611c4c0/content/normal-modal-logic/completeness/completeness-K.tex	complete	full source unit	source/locale/id/content/normal-modal-logic/completeness/completeness-K.tex	b5c2e5d278b470c0f23c2df61b62b55e1e7ac07e5cf6e6292c229584ac470bac	OLP-0722-20260814	source_sha256=ad393ad7918804ede4435932bea73f1a318fee474f96d849320cf5310ba9ed00; source_bytes=2440; target_bytes=2485
OLP-0449	content/normal-modal-logic/completeness/frame-completeness.tex	OpenLogicProject/OpenLogic@9620cc73f9c8e0ad003c514a5d3748f29611c4c0	https://github.com/OpenLogicProject/OpenLogic/blob/9620cc73f9c8e0ad003c514a5d3748f29611c4c0/content/normal-modal-logic/completeness/frame-completeness.tex	complete	full source unit	source/locale/id/content/normal-modal-logic/completeness/frame-completeness.tex	b98a55f30e499638cd6c2fa8a1200413704dd8b177162bf5c7b2d66fc978493b	OLP-0722-20260814	source_sha256=43e245d167b811ab17e3c1cd194073aa4b5acd12a65a54dff2fd93189ae8ddab; source_bytes=10958; target_bytes=11443
OLP-0450	content/normal-modal-logic/filtrations/filtrations.tex	OpenLogicProject/OpenLogic@9620cc73f9c8e0ad003c514a5d3748f29611c4c0	https://github.com/OpenLogicProject/OpenLogic/blob/9620cc73f9c8e0ad003c514a5d3748f29611c4c0/content/normal-modal-logic/filtrations/filtrations.tex	complete	full source unit	source/locale/id/content/normal-modal-logic/filtrations/filtrations.tex	dd0aa5c68d2a233f1c5fb1c507334c5c20ca822af25cf0bd89c79f04ab42a79c	OLP-0722-20260814	source_sha256=b5c5d2f26dae0bc648c203384de840efd27c552a21e4f738487eb5ed7acfa3c9; source_bytes=468; target_bytes=442
OLP-0451	content/normal-modal-logic/filtrations/introduction.tex	OpenLogicProject/OpenLogic@9620cc73f9c8e0ad003c514a5d3748f29611c4c0	https://github.com/OpenLogicProject/OpenLogic/blob/9620cc73f9c8e0ad003c514a5d3748f29611c4c0/content/normal-modal-logic/filtrations/introduction.tex	complete	full source unit	source/locale/id/content/normal-modal-logic/filtrations/introduction.tex	6cd1a0060ad93462c085f9fdb2710561fe2eed1c41fe6c2277a12ab15f95934f	OLP-0722-20260814	source_sha256=aa693a25d6c6149a595cbf49f3969d3d32a9c58a6124d9b4b550dde35b1bb276; source_bytes=7387; target_bytes=8573
OLP-0452	content/normal-modal-logic/filtrations/preliminaries.tex	OpenLogicProject/OpenLogic@9620cc73f9c8e0ad003c514a5d3748f29611c4c0	https://github.com/OpenLogicProject/OpenLogic/blob/9620cc73f9c8e0ad003c514a5d3748f29611c4c0/content/normal-modal-logic/filtrations/preliminaries.tex	complete	full source unit	source/locale/id/content/normal-modal-logic/filtrations/preliminaries.tex	832c6ddd659bcd5553bbdd1f20cfac7b0389e14c4d3b87a492b070ba6c4bfebc	OLP-0722-20260814	source_sha256=ca2f0116347a7f85bddced81bbc5607d64388f81bf9555b058c2eaf888163ebd; source_bytes=3034; target_bytes=3452
OLP-0453	content/normal-modal-logic/filtrations/filtrations-def.tex	OpenLogicProject/OpenLogic@9620cc73f9c8e0ad003c514a5d3748f29611c4c0	https://github.com/OpenLogicProject/OpenLogic/blob/9620cc73f9c8e0ad003c514a5d3748f29611c4c0/content/normal-modal-logic/filtrations/filtrations-def.tex	complete	full source unit	source/locale/id/content/normal-modal-logic/filtrations/filtrations-def.tex	89d740298188d666a029e16a75314e05eafe185fae856c9e4375a23014cb4c62	OLP-0722-20260814	source_sha256=4544284c0506689d6ae806c8466d29e143908faaeccc4381fbb1820c98e8a955; source_bytes=8128; target_bytes=8885
OLP-0454	content/normal-modal-logic/filtrations/examples-of-filtrations.tex	OpenLogicProject/OpenLogic@9620cc73f9c8e0ad003c514a5d3748f29611c4c0	https://github.com/OpenLogicProject/OpenLogic/blob/9620cc73f9c8e0ad003c514a5d3748f29611c4c0/content/normal-modal-logic/filtrations/examples-of-filtrations.tex	complete	full source unit	source/locale/id/content/normal-modal-logic/filtrations/examples-of-filtrations.tex	ef61662bf77f31f4ae3c02aa42e18cbd0f92f55134880a839da41cee8d6d93cf	OLP-0722-20260814	source_sha256=12e9c2d37f31bd1989dbcacd02ac23ce26ea95f12eb4e79f33fb9d64b8edaff5; source_bytes=9839; target_bytes=10224
OLP-0455	content/normal-modal-logic/filtrations/finite.tex	OpenLogicProject/OpenLogic@9620cc73f9c8e0ad003c514a5d3748f29611c4c0	https://github.com/OpenLogicProject/OpenLogic/blob/9620cc73f9c8e0ad003c514a5d3748f29611c4c0/content/normal-modal-logic/filtrations/finite.tex	complete	full source unit	source/locale/id/content/normal-modal-logic/filtrations/finite.tex	a37fe2e8e0d8514b8347f201ed2311fa5ef02511085384f200a1c0e2f2369cac	OLP-0722-20260814	source_sha256=a0c695c86cbdec8bc0b0de88bc3b9b773ae5342917faab46096e36228d7b6e21; source_bytes=1838; target_bytes=2154
OLP-0456	content/normal-modal-logic/filtrations/S5-fmp.tex	OpenLogicProject/OpenLogic@9620cc73f9c8e0ad003c514a5d3748f29611c4c0	https://github.com/OpenLogicProject/OpenLogic/blob/9620cc73f9c8e0ad003c514a5d3748f29611c4c0/content/normal-modal-logic/filtrations/S5-fmp.tex	complete	full source unit	source/locale/id/content/normal-modal-logic/filtrations/S5-fmp.tex	a319deb66509f78b56c89d2824315b362e83e336ad9a6ee2b5d0ee386602707b	OLP-0722-20260814	source_sha256=ecc76c904a30e63e01617cc1f14f419d3b0a3f32095a51a60479439a093b66a4; source_bytes=3428; target_bytes=3813
OLP-0457	content/normal-modal-logic/filtrations/S5-decidable.tex	OpenLogicProject/OpenLogic@9620cc73f9c8e0ad003c514a5d3748f29611c4c0	https://github.com/OpenLogicProject/OpenLogic/blob/9620cc73f9c8e0ad003c514a5d3748f29611c4c0/content/normal-modal-logic/filtrations/S5-decidable.tex	complete	full source unit	source/locale/id/content/normal-modal-logic/filtrations/S5-decidable.tex	c2457f5b4a4f18dae797a5cf81b2881dc972a02fa7a18b85b4808472102019ae	OLP-0722-20260814	source_sha256=2b2a88ecdba3655c22f703cc0b879ed425f002c816bd776a08a29a8cc46121f4; source_bytes=1458; target_bytes=1610
OLP-0458	content/normal-modal-logic/filtrations/more-filtrations.tex	OpenLogicProject/OpenLogic@9620cc73f9c8e0ad003c514a5d3748f29611c4c0	https://github.com/OpenLogicProject/OpenLogic/blob/9620cc73f9c8e0ad003c514a5d3748f29611c4c0/content/normal-modal-logic/filtrations/more-filtrations.tex	complete	full source unit	source/locale/id/content/normal-modal-logic/filtrations/more-filtrations.tex	e8481d09cd9151735a60b2a681fc2352f11d2cc6e0f42cf7cf7e8b188e32c292	OLP-0722-20260814	source_sha256=f210bbacff9f50e2c73f1496399316684eacdf3084c25177c7c99afb17c9fc76; source_bytes=5796; target_bytes=6022
OLP-0459	content/normal-modal-logic/filtrations/euclidean-filtrations.tex	OpenLogicProject/OpenLogic@9620cc73f9c8e0ad003c514a5d3748f29611c4c0	https://github.com/OpenLogicProject/OpenLogic/blob/9620cc73f9c8e0ad003c514a5d3748f29611c4c0/content/normal-modal-logic/filtrations/euclidean-filtrations.tex	complete	full source unit	source/locale/id/content/normal-modal-logic/filtrations/euclidean-filtrations.tex	9fd0d0be11cbe640a64ac8f1c6e444ea47c712d6f3585e84bfc46cabcd8aaebe	OLP-0722-20260814	source_sha256=0fa161e75ec1d79490dd372c9b0dd1b85f737bc91eb0aeb026d6bb01109691bb; source_bytes=5355; target_bytes=5492
OLP-0460	content/normal-modal-logic/tableaux/tableaux.tex	OpenLogicProject/OpenLogic@9620cc73f9c8e0ad003c514a5d3748f29611c4c0	https://github.com/OpenLogicProject/OpenLogic/blob/9620cc73f9c8e0ad003c514a5d3748f29611c4c0/content/normal-modal-logic/tableaux/tableaux.tex	complete	full source unit	source/locale/id/content/normal-modal-logic/tableaux/tableaux.tex	02d0394233d3ecbb59758f2bcd988c1186c2ed836d800d4d336e5ac891d371e2	OLP-0722-20260814	source_sha256=79ca081b2f14126ce017a6d3b8defda2ff12d3b00aa27ea162a7eba5995dcf40; source_bytes=692; target_bytes=701
OLP-0461	content/normal-modal-logic/tableaux/introduction.tex	OpenLogicProject/OpenLogic@9620cc73f9c8e0ad003c514a5d3748f29611c4c0	https://github.com/OpenLogicProject/OpenLogic/blob/9620cc73f9c8e0ad003c514a5d3748f29611c4c0/content/normal-modal-logic/tableaux/introduction.tex	complete	full source unit	source/locale/id/content/normal-modal-logic/tableaux/introduction.tex	70f32d063ad8bc25fd1ec87af3c6276e4c6a292faf3e5b51bc637164ca0d4e3f	OLP-0722-20260814	source_sha256=bbd3ee3259bbdf70dffc210de4e2f37a1c1ba82af976bd83ffe25122ca5950ad; source_bytes=2590; target_bytes=2817
OLP-0462	content/normal-modal-logic/tableaux/rules-for-K.tex	OpenLogicProject/OpenLogic@9620cc73f9c8e0ad003c514a5d3748f29611c4c0	https://github.com/OpenLogicProject/OpenLogic/blob/9620cc73f9c8e0ad003c514a5d3748f29611c4c0/content/normal-modal-logic/tableaux/rules-for-K.tex	complete	full source unit	source/locale/id/content/normal-modal-logic/tableaux/rules-for-K.tex	1266602422d14c0974c8d443ec4250239b892105f0ec2a846f2b5091a84efb6f	OLP-0722-20260814	source_sha256=0c6acbc7f6f35c263e0d8fba2b8349160d594013c1c1a1e2182182705665311e; source_bytes=9832; target_bytes=9858
OLP-0463	content/normal-modal-logic/tableaux/proofs-in-K.tex	OpenLogicProject/OpenLogic@9620cc73f9c8e0ad003c514a5d3748f29611c4c0	https://github.com/OpenLogicProject/OpenLogic/blob/9620cc73f9c8e0ad003c514a5d3748f29611c4c0/content/normal-modal-logic/tableaux/proofs-in-K.tex	complete	full source unit	source/locale/id/content/normal-modal-logic/tableaux/proofs-in-K.tex	3a9e38d91a49e91bc0de18a8ababf53a1646e1de1eedbce93609d8cc8da8a035	OLP-0722-20260814	source_sha256=52457e85fa8c243deb71975c98d0f2065b4f4ca97e789d919c626242233e47d8; source_bytes=3353; target_bytes=3303
OLP-0464	content/normal-modal-logic/tableaux/soundness.tex	OpenLogicProject/OpenLogic@9620cc73f9c8e0ad003c514a5d3748f29611c4c0	https://github.com/OpenLogicProject/OpenLogic/blob/9620cc73f9c8e0ad003c514a5d3748f29611c4c0/content/normal-modal-logic/tableaux/soundness.tex	complete	full source unit	source/locale/id/content/normal-modal-logic/tableaux/soundness.tex	a5e999234741617d6c894542c3206d065e605e9bb7b18c0d15838e4b9b0759f9	OLP-0722-20260814	source_sha256=b3a655bec656a3f82a1006299ae5504ebfa769f8d3c9b5f45482a824df34d9c7; source_bytes=12970; target_bytes=13803
OLP-0465	content/normal-modal-logic/tableaux/more-rules.tex	OpenLogicProject/OpenLogic@9620cc73f9c8e0ad003c514a5d3748f29611c4c0	https://github.com/OpenLogicProject/OpenLogic/blob/9620cc73f9c8e0ad003c514a5d3748f29611c4c0/content/normal-modal-logic/tableaux/more-rules.tex	complete	full source unit	source/locale/id/content/normal-modal-logic/tableaux/more-rules.tex	5f3f2e0a110861b6e1e72f569f6f230b3f7feaceb8b1e12cdccfa9ba53cdbad1	OLP-0722-20260814	source_sha256=ce3fa1be78da101bfc043015b365dd3d0487e8455179b26d3bf2aa4991bf8519; source_bytes=6238; target_bytes=6122
OLP-0466	content/normal-modal-logic/tableaux/more-soundness.tex	OpenLogicProject/OpenLogic@9620cc73f9c8e0ad003c514a5d3748f29611c4c0	https://github.com/OpenLogicProject/OpenLogic/blob/9620cc73f9c8e0ad003c514a5d3748f29611c4c0/content/normal-modal-logic/tableaux/more-soundness.tex	complete	full source unit	source/locale/id/content/normal-modal-logic/tableaux/more-soundness.tex	c183260dd51067e09aa47e505452deb25fd92c54a3398d280346f6dcd746cb35	OLP-0722-20260814	source_sha256=c14dabbd9555ee487e6226321348935dfcf8aba0459fb5f8c0544be9ae8e1ef4; source_bytes=9612; target_bytes=9864
OLP-0467	content/normal-modal-logic/tableaux/simple-S5.tex	OpenLogicProject/OpenLogic@9620cc73f9c8e0ad003c514a5d3748f29611c4c0	https://github.com/OpenLogicProject/OpenLogic/blob/9620cc73f9c8e0ad003c514a5d3748f29611c4c0/content/normal-modal-logic/tableaux/simple-S5.tex	complete	full source unit	source/locale/id/content/normal-modal-logic/tableaux/simple-S5.tex	49aaa4156d38293d58ff00740b1cb66a82c26acfdf5447516b1ee3371f82258e	OLP-0722-20260814	source_sha256=9c1e1d4b8416a069d786669d67a508fbbca7bae64c410e1a6ceb273d6f32b21a; source_bytes=3029; target_bytes=3112
OLP-0468	content/normal-modal-logic/tableaux/completeness.tex	OpenLogicProject/OpenLogic@9620cc73f9c8e0ad003c514a5d3748f29611c4c0	https://github.com/OpenLogicProject/OpenLogic/blob/9620cc73f9c8e0ad003c514a5d3748f29611c4c0/content/normal-modal-logic/tableaux/completeness.tex	complete	full source unit	source/locale/id/content/normal-modal-logic/tableaux/completeness.tex	23ad551926c9ae2b57929e39080274674d522c1faa6047cf6114511e0aae8368	OLP-0722-20260814	source_sha256=228f8da4bd27b3d80700eb6306c9a1bbf1e8f1253e7252fb92f678e3a4f3622e; source_bytes=10378; target_bytes=11100
OLP-0469	content/normal-modal-logic/tableaux/countermodels.tex	OpenLogicProject/OpenLogic@9620cc73f9c8e0ad003c514a5d3748f29611c4c0	https://github.com/OpenLogicProject/OpenLogic/blob/9620cc73f9c8e0ad003c514a5d3748f29611c4c0/content/normal-modal-logic/tableaux/countermodels.tex	complete	full source unit	source/locale/id/content/normal-modal-logic/tableaux/countermodels.tex	78bcf6881d97e1f764e3aff04282f35b1a27aa42cda3537ba6d00299a4dee77a	OLP-0722-20260814	source_sha256=83566084b28a72febbb584c4f23b0a3047b5eaced35fc063402df7b7649a993b; source_bytes=13181; target_bytes=13388
OLP-0470	content/normal-modal-logic/sequent-calculus/sequent-calculus.tex	OpenLogicProject/OpenLogic@9620cc73f9c8e0ad003c514a5d3748f29611c4c0	https://github.com/OpenLogicProject/OpenLogic/blob/9620cc73f9c8e0ad003c514a5d3748f29611c4c0/content/normal-modal-logic/sequent-calculus/sequent-calculus.tex	complete	full source unit	source/locale/id/content/normal-modal-logic/sequent-calculus/sequent-calculus.tex	50f1f81a8bdcae83c1479da6439df66f69c3da1725536d7ecb2c2c3479b96539	OLP-0722-20260814	source_sha256=79b83081634ef4076da10bb045e228b7d85d3d4f6b96cf71ae68f7610f59ea2e; source_bytes=582; target_bytes=582
OLP-0471	content/normal-modal-logic/sequent-calculus/introduction.tex	OpenLogicProject/OpenLogic@9620cc73f9c8e0ad003c514a5d3748f29611c4c0	https://github.com/OpenLogicProject/OpenLogic/blob/9620cc73f9c8e0ad003c514a5d3748f29611c4c0/content/normal-modal-logic/sequent-calculus/introduction.tex	complete	full source unit	source/locale/id/content/normal-modal-logic/sequent-calculus/introduction.tex	332210cafd13dac09b67d445e2b6cb8f95a318efd79f5e64c7e05d7b1b5c491b	OLP-0722-20260814	source_sha256=d3612957dd1bda16feeb6492a907ff1f74f309be4a2033901df72655a0492ae2; source_bytes=1556; target_bytes=1574
OLP-0472	content/normal-modal-logic/sequent-calculus/rules-for-K.tex	OpenLogicProject/OpenLogic@9620cc73f9c8e0ad003c514a5d3748f29611c4c0	https://github.com/OpenLogicProject/OpenLogic/blob/9620cc73f9c8e0ad003c514a5d3748f29611c4c0/content/normal-modal-logic/sequent-calculus/rules-for-K.tex	complete	full source unit	source/locale/id/content/normal-modal-logic/sequent-calculus/rules-for-K.tex	cbb7bcf8c75de9be04a1f59df5c4a23a329f28f50685a6c7a4166b2474d5d6c2	OLP-0722-20260814	source_sha256=4606b89ce8e80f68570cb3a4f7127ae001407503757e6a12f927fd61d8ab299c; source_bytes=4981; target_bytes=4968
OLP-0473	content/normal-modal-logic/sequent-calculus/proofs-in-K.tex	OpenLogicProject/OpenLogic@9620cc73f9c8e0ad003c514a5d3748f29611c4c0	https://github.com/OpenLogicProject/OpenLogic/blob/9620cc73f9c8e0ad003c514a5d3748f29611c4c0/content/normal-modal-logic/sequent-calculus/proofs-in-K.tex	complete	full source unit	source/locale/id/content/normal-modal-logic/sequent-calculus/proofs-in-K.tex	8de04a43e80bc3c42d7485e3a7e80c753a37e2b7ff7d8a32776df9e7344918cf	OLP-0722-20260814	source_sha256=ad4e6505acb27ac32066fc9db60be9aadb5508713d237bc6720db3253230c023; source_bytes=4221; target_bytes=4090
OLP-0474	content/normal-modal-logic/sequent-calculus/more-rules.tex	OpenLogicProject/OpenLogic@9620cc73f9c8e0ad003c514a5d3748f29611c4c0	https://github.com/OpenLogicProject/OpenLogic/blob/9620cc73f9c8e0ad003c514a5d3748f29611c4c0/content/normal-modal-logic/sequent-calculus/more-rules.tex	complete	full source unit	source/locale/id/content/normal-modal-logic/sequent-calculus/more-rules.tex	f611488bebae74e9645c9f4133357e71e9a0a1e4eac89b69cc03d08f0989a5be	OLP-0722-20260814	source_sha256=d64fed4c7e8009fe3e860b1e7c9ffdea99fdf665bb10245f56b1d39616729665; source_bytes=11297; target_bytes=11036
OLP-0475	content/applied-modal-logic/applied-modal-logic.tex	OpenLogicProject/OpenLogic@9620cc73f9c8e0ad003c514a5d3748f29611c4c0	https://github.com/OpenLogicProject/OpenLogic/blob/9620cc73f9c8e0ad003c514a5d3748f29611c4c0/content/applied-modal-logic/applied-modal-logic.tex	complete	full source unit	source/locale/id/content/applied-modal-logic/applied-modal-logic.tex	82be379ea8c866c3c6d970ec42bf740d6829ec5b8c3762968eaadff240225e7e	OLP-0722-20260814	source_sha256=43d91b586d09ec42918d7f9ec426eeb054691f9848388e0758b5e13c4b8c90d0; source_bytes=436; target_bytes=417
OLP-0476	content/applied-modal-logic/temporal-logic/temporal-logic.tex	OpenLogicProject/OpenLogic@9620cc73f9c8e0ad003c514a5d3748f29611c4c0	https://github.com/OpenLogicProject/OpenLogic/blob/9620cc73f9c8e0ad003c514a5d3748f29611c4c0/content/applied-modal-logic/temporal-logic/temporal-logic.tex	complete	full source unit	source/locale/id/content/applied-modal-logic/temporal-logic/temporal-logic.tex	a30e25b3e1d5cffb8f4b72c7084b8ed7ffd5f9dd573954dad6f235b59a89203b	OLP-0722-20260814	source_sha256=00aa71c0830bf893ca99cd14696619cfd9c958189f9b8d1dffd8ae2f90688378; source_bytes=465; target_bytes=440
OLP-0477	content/applied-modal-logic/temporal-logic/introduction.tex	OpenLogicProject/OpenLogic@9620cc73f9c8e0ad003c514a5d3748f29611c4c0	https://github.com/OpenLogicProject/OpenLogic/blob/9620cc73f9c8e0ad003c514a5d3748f29611c4c0/content/applied-modal-logic/temporal-logic/introduction.tex	complete	full source unit	source/locale/id/content/applied-modal-logic/temporal-logic/introduction.tex	67e7d2823397fbb02d34138e514c2efd2a790992296fd5d85f6e4227e0ede37e	OLP-0722-20260814	source_sha256=499adc08c8da0fee513c93ad96c49089288c84e132b736ea37baf5e46ba175db; source_bytes=2653; target_bytes=2746
OLP-0478	content/applied-modal-logic/temporal-logic/temporal-logic-semantics.tex	OpenLogicProject/OpenLogic@9620cc73f9c8e0ad003c514a5d3748f29611c4c0	https://github.com/OpenLogicProject/OpenLogic/blob/9620cc73f9c8e0ad003c514a5d3748f29611c4c0/content/applied-modal-logic/temporal-logic/temporal-logic-semantics.tex	complete	full source unit	source/locale/id/content/applied-modal-logic/temporal-logic/temporal-logic-semantics.tex	e15c2ad08f7b033197b0a00abc6e5c1eb0b5427a322cfa3e19aa9f7bc5c4add1	OLP-0722-20260814	source_sha256=a19bba5d1553ac0da8957d76ddf35ed446d2a6e272e353d7afed799bf30cb9c9; source_bytes=5419; target_bytes=5795
OLP-0479	content/applied-modal-logic/temporal-logic/properties-accessibility.tex	OpenLogicProject/OpenLogic@9620cc73f9c8e0ad003c514a5d3748f29611c4c0	https://github.com/OpenLogicProject/OpenLogic/blob/9620cc73f9c8e0ad003c514a5d3748f29611c4c0/content/applied-modal-logic/temporal-logic/properties-accessibility.tex	complete	full source unit	source/locale/id/content/applied-modal-logic/temporal-logic/properties-accessibility.tex	627caad8afcf883a5e7544cddb62a8bc7e699ec2fe04968cdd8d7b88b8ecc13b	OLP-0722-20260814	source_sha256=202de38cfbdd9ea55dcfe80c25651bcd40e7a238337a530b4227d357f32dbb31; source_bytes=2459; target_bytes=2486
OLP-0480	content/applied-modal-logic/temporal-logic/extra-temporal-operators.tex	OpenLogicProject/OpenLogic@9620cc73f9c8e0ad003c514a5d3748f29611c4c0	https://github.com/OpenLogicProject/OpenLogic/blob/9620cc73f9c8e0ad003c514a5d3748f29611c4c0/content/applied-modal-logic/temporal-logic/extra-temporal-operators.tex	complete	full source unit	source/locale/id/content/applied-modal-logic/temporal-logic/extra-temporal-operators.tex	c92c84fa9ffec4dda36165ff228bdbb011bef3efdb8222c0be1ec79410dae4a6	OLP-0722-20260814	source_sha256=65bfca4a9ad6ff771149a267e0850f2c8aad73c96a48ca86339312c69cf28604; source_bytes=1652; target_bytes=1659
OLP-0481	content/applied-modal-logic/temporal-logic/possible-histories.tex	OpenLogicProject/OpenLogic@9620cc73f9c8e0ad003c514a5d3748f29611c4c0	https://github.com/OpenLogicProject/OpenLogic/blob/9620cc73f9c8e0ad003c514a5d3748f29611c4c0/content/applied-modal-logic/temporal-logic/possible-histories.tex	complete	full source unit	source/locale/id/content/applied-modal-logic/temporal-logic/possible-histories.tex	7ebc151e80bcc151b15fd663ad54d7bab0370c63803e7f013229b9c5890937c5	OLP-0722-20260814	source_sha256=3a5d0f0f6639f30f41cb2d4214c957504d174d253a8fe6faaa5c3798f2facf2b; source_bytes=3487; target_bytes=3755
OLP-0482	content/applied-modal-logic/epistemic-logic/epistemic-logic.tex	OpenLogicProject/OpenLogic@9620cc73f9c8e0ad003c514a5d3748f29611c4c0	https://github.com/OpenLogicProject/OpenLogic/blob/9620cc73f9c8e0ad003c514a5d3748f29611c4c0/content/applied-modal-logic/epistemic-logic/epistemic-logic.tex	complete	full source unit	source/locale/id/content/applied-modal-logic/epistemic-logic/epistemic-logic.tex	b56ee964dbc81981092813d9bf9ae0ff93578bd540b2c1cb2d3168fa7f2bdede	OLP-0722-20260814	source_sha256=5e9d6f04523eec2e5823238e246f5c2091fc0a36644ac3741ed1571a5d3b014c; source_bytes=791; target_bytes=759
OLP-0483	content/applied-modal-logic/epistemic-logic/introduction.tex	OpenLogicProject/OpenLogic@9620cc73f9c8e0ad003c514a5d3748f29611c4c0	https://github.com/OpenLogicProject/OpenLogic/blob/9620cc73f9c8e0ad003c514a5d3748f29611c4c0/content/applied-modal-logic/epistemic-logic/introduction.tex	complete	full source unit	source/locale/id/content/applied-modal-logic/epistemic-logic/introduction.tex	3ced9232621aa8dd20e5eaa1da632999aca5f80573c33740f98e180d75b42932	OLP-0722-20260814	source_sha256=8771ed657ab24531e8693089adafc736c301192bcff03b4f53dc596afb3a318e; source_bytes=2048; target_bytes=2129
OLP-0484	content/applied-modal-logic/epistemic-logic/language-epistemic-logic.tex	OpenLogicProject/OpenLogic@9620cc73f9c8e0ad003c514a5d3748f29611c4c0	https://github.com/OpenLogicProject/OpenLogic/blob/9620cc73f9c8e0ad003c514a5d3748f29611c4c0/content/applied-modal-logic/epistemic-logic/language-epistemic-logic.tex	complete	full source unit	source/locale/id/content/applied-modal-logic/epistemic-logic/language-epistemic-logic.tex	5dde3ac4cf9b51d683fac9ac2a90293d1dfe5552168da975d5d24e9cd9f06cd5	OLP-0722-20260814	source_sha256=832931542ab74e91167af68186f69c447200fbc3072a2943f05a9bebc34d3dbe; source_bytes=3231; target_bytes=3425
OLP-0485	content/applied-modal-logic/epistemic-logic/relational-models.tex	OpenLogicProject/OpenLogic@9620cc73f9c8e0ad003c514a5d3748f29611c4c0	https://github.com/OpenLogicProject/OpenLogic/blob/9620cc73f9c8e0ad003c514a5d3748f29611c4c0/content/applied-modal-logic/epistemic-logic/relational-models.tex	complete	full source unit	source/locale/id/content/applied-modal-logic/epistemic-logic/relational-models.tex	8536bbca3a4b0786fd05a96e7af75db3e88ffbfa14607e7557c95f70bf95ddc2	OLP-0722-20260814	source_sha256=2ddcdcac88f10c6acda13986fe198ead98c80a307450499833945fe89826b0a2; source_bytes=2061; target_bytes=2112
OLP-0486	content/applied-modal-logic/epistemic-logic/truth-at-w.tex	OpenLogicProject/OpenLogic@9620cc73f9c8e0ad003c514a5d3748f29611c4c0	https://github.com/OpenLogicProject/OpenLogic/blob/9620cc73f9c8e0ad003c514a5d3748f29611c4c0/content/applied-modal-logic/epistemic-logic/truth-at-w.tex	complete	full source unit	source/locale/id/content/applied-modal-logic/epistemic-logic/truth-at-w.tex	87f401fce4b96c56afdc7a59f3bd415c8db9dd7c8d5d121e64f1bd9e8caa00ad	OLP-0722-20260814	source_sha256=61cb128ebc89ac2765431783810aed843c0872b6e06839b4244ad18111f48dbb; source_bytes=5065; target_bytes=5292
OLP-0487	content/applied-modal-logic/epistemic-logic/properties-accessibility.tex	OpenLogicProject/OpenLogic@9620cc73f9c8e0ad003c514a5d3748f29611c4c0	https://github.com/OpenLogicProject/OpenLogic/blob/9620cc73f9c8e0ad003c514a5d3748f29611c4c0/content/applied-modal-logic/epistemic-logic/properties-accessibility.tex	complete	full source unit	source/locale/id/content/applied-modal-logic/epistemic-logic/properties-accessibility.tex	34f6866b351439432f6c52c4adccb1d72aa847d84e5aa2593376d06ee9b8d23a	OLP-0722-20260814	source_sha256=d368726af3967552ecfe660e9151cf29d60d41da5af58a5d4a625bd577e3310a; source_bytes=3337; target_bytes=3499
OLP-0488	content/applied-modal-logic/epistemic-logic/bisimulations.tex	OpenLogicProject/OpenLogic@9620cc73f9c8e0ad003c514a5d3748f29611c4c0	https://github.com/OpenLogicProject/OpenLogic/blob/9620cc73f9c8e0ad003c514a5d3748f29611c4c0/content/applied-modal-logic/epistemic-logic/bisimulations.tex	complete	full source unit	source/locale/id/content/applied-modal-logic/epistemic-logic/bisimulations.tex	65f78f0c6fd24217e094f90e6aef2bf95a4e14e1a6f15cfe242ee3a9bccbd8a2	OLP-0722-20260814	source_sha256=d350f9e32fa4ff1681662fd634591c1f05eb369dde6779e0ecb81cc2d5e13641; source_bytes=4206; target_bytes=4213
OLP-0489	content/applied-modal-logic/epistemic-logic/public-announcement-logic-lang.tex	OpenLogicProject/OpenLogic@9620cc73f9c8e0ad003c514a5d3748f29611c4c0	https://github.com/OpenLogicProject/OpenLogic/blob/9620cc73f9c8e0ad003c514a5d3748f29611c4c0/content/applied-modal-logic/epistemic-logic/public-announcement-logic-lang.tex	complete	full source unit	source/locale/id/content/applied-modal-logic/epistemic-logic/public-announcement-logic-lang.tex	18862b44506b14000cc1d11d83bab5eed6fce65be4a1450feb18851ad049ee90	OLP-0722-20260814	source_sha256=40a35caaa740f576e6192564fb1906090d5a9dedc0d89a9c47f9be6e0d235ceb; source_bytes=3062; target_bytes=3268
OLP-0490	content/applied-modal-logic/epistemic-logic/public-announcement-logic-semantics.tex	OpenLogicProject/OpenLogic@9620cc73f9c8e0ad003c514a5d3748f29611c4c0	https://github.com/OpenLogicProject/OpenLogic/blob/9620cc73f9c8e0ad003c514a5d3748f29611c4c0/content/applied-modal-logic/epistemic-logic/public-announcement-logic-semantics.tex	complete	full source unit	source/locale/id/content/applied-modal-logic/epistemic-logic/public-announcement-logic-semantics.tex	08c646c92b06e8a55083b6061508c0e58416a9049d8b1a2c3bc05575d682ef73	OLP-0722-20260814	source_sha256=a41c3518a6fbf6efb2ef00d6d42d37472dc117013df751d78d985d80469baee0; source_bytes=5842; target_bytes=5963
OLP-0491	content/intuitionistic-logic/intuitionistic-logic.tex	OpenLogicProject/OpenLogic@9620cc73f9c8e0ad003c514a5d3748f29611c4c0	https://github.com/OpenLogicProject/OpenLogic/blob/9620cc73f9c8e0ad003c514a5d3748f29611c4c0/content/intuitionistic-logic/intuitionistic-logic.tex	complete	full source unit	source/locale/id/content/intuitionistic-logic/intuitionistic-logic.tex	ffa874069ac395b0af15bfef2d900256dae9f3f0178a4f98023d10a85737d52a	OLP-0722-20260814	source_sha256=792dd6ea7e00ce89e6f8bddec8402783ede177d7fe6e4aea2f0d9daa34c25050; source_bytes=353; target_bytes=337
OLP-0492	content/intuitionistic-logic/introduction/introduction.tex	OpenLogicProject/OpenLogic@9620cc73f9c8e0ad003c514a5d3748f29611c4c0	https://github.com/OpenLogicProject/OpenLogic/blob/9620cc73f9c8e0ad003c514a5d3748f29611c4c0/content/intuitionistic-logic/introduction/introduction.tex	complete	full source unit	source/locale/id/content/intuitionistic-logic/introduction/introduction.tex	1834eeed095e8a90f5f97a3b3a93b01044a5f68a003b42b1933daba7b118a0b0	OLP-0722-20260814	source_sha256=c4ab088d9971d886cc71ee0775849d9ef76ba8d33d08377ca1231b33ef4bfcdf; source_bytes=378; target_bytes=352
OLP-0493	content/intuitionistic-logic/introduction/constructive-reasoning.tex	OpenLogicProject/OpenLogic@9620cc73f9c8e0ad003c514a5d3748f29611c4c0	https://github.com/OpenLogicProject/OpenLogic/blob/9620cc73f9c8e0ad003c514a5d3748f29611c4c0/content/intuitionistic-logic/introduction/constructive-reasoning.tex	complete	full source unit	source/locale/id/content/intuitionistic-logic/introduction/constructive-reasoning.tex	7146a19885ce4ec3587fc7938a18616aa00092553afb5422d60d562c93d0f622	OLP-0722-20260814	source_sha256=cbd1823c3841f569dd1c77a92da6072579b93ae7d9da89dcc8c6b681dff3d383; source_bytes=4286; target_bytes=4368
OLP-0494	content/intuitionistic-logic/introduction/syntax.tex	OpenLogicProject/OpenLogic@9620cc73f9c8e0ad003c514a5d3748f29611c4c0	https://github.com/OpenLogicProject/OpenLogic/blob/9620cc73f9c8e0ad003c514a5d3748f29611c4c0/content/intuitionistic-logic/introduction/syntax.tex	complete	full source unit	source/locale/id/content/intuitionistic-logic/introduction/syntax.tex	723f4fb68211a3d16541bfb4a70d6298981f3b08895aeeb757995466483e593a	OLP-0722-20260814	source_sha256=cce052537333228e96694ff7d88d44d983d3d051d6382419cf2dfb8618638d20; source_bytes=2767; target_bytes=2917
OLP-0495	content/intuitionistic-logic/introduction/bhk-interpretation.tex	OpenLogicProject/OpenLogic@9620cc73f9c8e0ad003c514a5d3748f29611c4c0	https://github.com/OpenLogicProject/OpenLogic/blob/9620cc73f9c8e0ad003c514a5d3748f29611c4c0/content/intuitionistic-logic/introduction/bhk-interpretation.tex	complete	full source unit	source/locale/id/content/intuitionistic-logic/introduction/bhk-interpretation.tex	199c279edf450853ea2b5b024380f131e29ddddb02e94b5de4b2a84bff47f1cf	OLP-0722-20260814	source_sha256=65d9400a12dbea107a30f52435c642448a88e796e3dc6d5929e4a3a46209993b; source_bytes=7881; target_bytes=8392
OLP-0496	content/intuitionistic-logic/introduction/natural-deduction.tex	OpenLogicProject/OpenLogic@9620cc73f9c8e0ad003c514a5d3748f29611c4c0	https://github.com/OpenLogicProject/OpenLogic/blob/9620cc73f9c8e0ad003c514a5d3748f29611c4c0/content/intuitionistic-logic/introduction/natural-deduction.tex	complete	full source unit	source/locale/id/content/intuitionistic-logic/introduction/natural-deduction.tex	94030fceb9659d0af9f704d71df91bc42677b90adf0fb0ba24c8e4ed81e6e295	OLP-0722-20260814	source_sha256=ea21debccb1eb7c0cd694d8f1a44b26cc60933b041ecc9fb63d028c017baff93; source_bytes=8644; target_bytes=8701
OLP-0497	content/intuitionistic-logic/introduction/axiomatic-derivations.tex	OpenLogicProject/OpenLogic@9620cc73f9c8e0ad003c514a5d3748f29611c4c0	https://github.com/OpenLogicProject/OpenLogic/blob/9620cc73f9c8e0ad003c514a5d3748f29611c4c0/content/intuitionistic-logic/introduction/axiomatic-derivations.tex	complete	full source unit	source/locale/id/content/intuitionistic-logic/introduction/axiomatic-derivations.tex	4654ef387298942ab4c5595b5535b336e3373cc800d60c4cdf2cedb0005bfc80	OLP-0722-20260814	source_sha256=d07d3e6bb6c45c75f0a94d1b7e46efd1cfd7dfeef44f4c8fc07361939872db2b; source_bytes=2499; target_bytes=2648
OLP-0498	content/intuitionistic-logic/semantics/semantics.tex	OpenLogicProject/OpenLogic@9620cc73f9c8e0ad003c514a5d3748f29611c4c0	https://github.com/OpenLogicProject/OpenLogic/blob/9620cc73f9c8e0ad003c514a5d3748f29611c4c0/content/intuitionistic-logic/semantics/semantics.tex	complete	full source unit	source/locale/id/content/intuitionistic-logic/semantics/semantics.tex	c7a0624a1e85c4ef81045f63307c931cfaf3627ad10977f4033266929f86aee6	OLP-0722-20260814	source_sha256=f8e6ddcce0a8cd8c728fc2c080c4f9290a3512eb79abd3c205cd38548e6b05a3; source_bytes=618; target_bytes=594
OLP-0499	content/intuitionistic-logic/semantics/introduction.tex	OpenLogicProject/OpenLogic@9620cc73f9c8e0ad003c514a5d3748f29611c4c0	https://github.com/OpenLogicProject/OpenLogic/blob/9620cc73f9c8e0ad003c514a5d3748f29611c4c0/content/intuitionistic-logic/semantics/introduction.tex	complete	full source unit	source/locale/id/content/intuitionistic-logic/semantics/introduction.tex	ecfeca67f9ccf0efb4d52133758a4ffea5deaae4440e221567026774e52ec650	OLP-0722-20260814	source_sha256=cc25fce6b185a9b406b156bcaca5f097e2b09b629092cfc2f803d7fdef4a81bc; source_bytes=3541; target_bytes=3985
OLP-0500	content/intuitionistic-logic/semantics/relational-models.tex	OpenLogicProject/OpenLogic@9620cc73f9c8e0ad003c514a5d3748f29611c4c0	https://github.com/OpenLogicProject/OpenLogic/blob/9620cc73f9c8e0ad003c514a5d3748f29611c4c0/content/intuitionistic-logic/semantics/relational-models.tex	complete	full source unit	source/locale/id/content/intuitionistic-logic/semantics/relational-models.tex	712f185e4cd9ea6b9c3ea53b12afb7afdfde4b3cb40f95cae07beeb710549d6c	OLP-0722-20260814	source_sha256=7bb9be4fdc50b55259d2ef4b2b1f5ac84432bed84d4c442097dc2327adee63e2; source_bytes=2636; target_bytes=2847
OLP-0501	content/intuitionistic-logic/semantics/semantic-notions.tex	OpenLogicProject/OpenLogic@9620cc73f9c8e0ad003c514a5d3748f29611c4c0	https://github.com/OpenLogicProject/OpenLogic/blob/9620cc73f9c8e0ad003c514a5d3748f29611c4c0/content/intuitionistic-logic/semantics/semantic-notions.tex	complete	full source unit	source/locale/id/content/intuitionistic-logic/semantics/semantic-notions.tex	988cc40669abbbdff19342ed16155d13119af566811bddd4a960432c81ee8b82	OLP-0722-20260814	source_sha256=8fc3f75d83f575678fe70e461aa68cd26f4bdef975b9f62f2156c2243b715b7f; source_bytes=2311; target_bytes=2508
OLP-0502	content/intuitionistic-logic/semantics/topological-semantics.tex	OpenLogicProject/OpenLogic@9620cc73f9c8e0ad003c514a5d3748f29611c4c0	https://github.com/OpenLogicProject/OpenLogic/blob/9620cc73f9c8e0ad003c514a5d3748f29611c4c0/content/intuitionistic-logic/semantics/topological-semantics.tex	complete	full source unit	source/locale/id/content/intuitionistic-logic/semantics/topological-semantics.tex	4896340d4e108601d565c0fd9b431e6f6aad9423007c70b79b87420949ebd044	OLP-0722-20260814	source_sha256=3078580dcb65b948d24f6f4340b10b5ebf7e29eb1abe8387a6c41effec581fe1; source_bytes=4254; target_bytes=4495
OLP-0503	content/intuitionistic-logic/soundness-completeness/soundness-completeness.tex	OpenLogicProject/OpenLogic@9620cc73f9c8e0ad003c514a5d3748f29611c4c0	https://github.com/OpenLogicProject/OpenLogic/blob/9620cc73f9c8e0ad003c514a5d3748f29611c4c0/content/intuitionistic-logic/soundness-completeness/soundness-completeness.tex	complete	full source unit	source/locale/id/content/intuitionistic-logic/soundness-completeness/soundness-completeness.tex	c453345be34dce075c9273ecaa39220ae2fae088d130b8a0569353fa8c3cd1f0	OLP-0722-20260814	source_sha256=f130188a9d189c8f5c860543dbe27ab46311c4e205533ef12064a9370569b726; source_bytes=710; target_bytes=712
OLP-0504	content/intuitionistic-logic/soundness-completeness/soundness-axd.tex	OpenLogicProject/OpenLogic@9620cc73f9c8e0ad003c514a5d3748f29611c4c0	https://github.com/OpenLogicProject/OpenLogic/blob/9620cc73f9c8e0ad003c514a5d3748f29611c4c0/content/intuitionistic-logic/soundness-completeness/soundness-axd.tex	complete	full source unit	source/locale/id/content/intuitionistic-logic/soundness-completeness/soundness-axd.tex	dfee2576f3dd2f96b34fad67ada3fb167f6f315a82b6ecb45476949206a4a938	OLP-0722-20260814	source_sha256=c098b162be9c90f34df44e95295f67035e2e90a3371ed21c0d3ccc5aef4d54e6; source_bytes=2336; target_bytes=2433
OLP-0505	content/intuitionistic-logic/soundness-completeness/soundness-nd.tex	OpenLogicProject/OpenLogic@9620cc73f9c8e0ad003c514a5d3748f29611c4c0	https://github.com/OpenLogicProject/OpenLogic/blob/9620cc73f9c8e0ad003c514a5d3748f29611c4c0/content/intuitionistic-logic/soundness-completeness/soundness-nd.tex	complete	full source unit	source/locale/id/content/intuitionistic-logic/soundness-completeness/soundness-nd.tex	c2d5184886d81aebebbee7da1d02ad62f102506c1da7bec1d45d76bdde41586c	OLP-0722-20260814	source_sha256=980a33d9bb02f5b61c2e2e345fac6c86f6943984cde99eb504e1685927c98de9; source_bytes=7460; target_bytes=7849
OLP-0506	content/intuitionistic-logic/soundness-completeness/lindenbaum.tex	OpenLogicProject/OpenLogic@9620cc73f9c8e0ad003c514a5d3748f29611c4c0	https://github.com/OpenLogicProject/OpenLogic/blob/9620cc73f9c8e0ad003c514a5d3748f29611c4c0/content/intuitionistic-logic/soundness-completeness/lindenbaum.tex	complete	full source unit	source/locale/id/content/intuitionistic-logic/soundness-completeness/lindenbaum.tex	78eec9461acb577120b1afaba6472e3e6d5ef4f47426857e1ead432b38366002	OLP-0722-20260814	source_sha256=ff9909c36e376dd22f5e0c3267081dae3d0ca453d59cb8e87cb942e894c7bd77; source_bytes=6624; target_bytes=7192
OLP-0507	content/intuitionistic-logic/soundness-completeness/canonical-model.tex	OpenLogicProject/OpenLogic@9620cc73f9c8e0ad003c514a5d3748f29611c4c0	https://github.com/OpenLogicProject/OpenLogic/blob/9620cc73f9c8e0ad003c514a5d3748f29611c4c0/content/intuitionistic-logic/soundness-completeness/canonical-model.tex	complete	full source unit	source/locale/id/content/intuitionistic-logic/soundness-completeness/canonical-model.tex	a66bf196adcb22082e4cb350fd673d2739c2073622fa06291fb2eeb55bec630e	OLP-0722-20260814	source_sha256=98e97822db2c920aa5e908f233ff1335995e2ddf265be315d8d3e2843f24182c; source_bytes=2583; target_bytes=2702
OLP-0508	content/intuitionistic-logic/soundness-completeness/truth-lemma.tex	OpenLogicProject/OpenLogic@9620cc73f9c8e0ad003c514a5d3748f29611c4c0	https://github.com/OpenLogicProject/OpenLogic/blob/9620cc73f9c8e0ad003c514a5d3748f29611c4c0/content/intuitionistic-logic/soundness-completeness/truth-lemma.tex	complete	full source unit	source/locale/id/content/intuitionistic-logic/soundness-completeness/truth-lemma.tex	c3e9d306944962987a38fbfdac8b93a6693e069465303b35c789a2b80bd130dc	OLP-0722-20260814	source_sha256=806055576b4e9617fe36eb669231381dac5c5b8a7eef98ece5b350b639fefaea; source_bytes=3217; target_bytes=3445
OLP-0509	content/intuitionistic-logic/soundness-completeness/completeness-thm.tex	OpenLogicProject/OpenLogic@9620cc73f9c8e0ad003c514a5d3748f29611c4c0	https://github.com/OpenLogicProject/OpenLogic/blob/9620cc73f9c8e0ad003c514a5d3748f29611c4c0/content/intuitionistic-logic/soundness-completeness/completeness-thm.tex	complete	full source unit	source/locale/id/content/intuitionistic-logic/soundness-completeness/completeness-thm.tex	093226562531bd9021df01d4a26bbf76772f6a36b57865d2b31b9204ef2b66e1	OLP-0722-20260814	source_sha256=69539adf0a8b6d121ba810f2a1779191b382f96d874a9cb256aedfcc78ba5a65; source_bytes=1678; target_bytes=1808
OLP-0510	content/intuitionistic-logic/soundness-completeness/decidability.tex	OpenLogicProject/OpenLogic@9620cc73f9c8e0ad003c514a5d3748f29611c4c0	https://github.com/OpenLogicProject/OpenLogic/blob/9620cc73f9c8e0ad003c514a5d3748f29611c4c0/content/intuitionistic-logic/soundness-completeness/decidability.tex	complete	full source unit	source/locale/id/content/intuitionistic-logic/soundness-completeness/decidability.tex	b053f9e4a7d26940b5f8ac3a8f7dc01e483055a401c317e0c6b2fb8084e16fb5	OLP-0722-20260814	source_sha256=876f8ec6c5ebc2f8589ef6d9f31fb2e4976b0c09f7dae3c47dd872fe8c8e9cb2; source_bytes=1759; target_bytes=1856
OLP-0511	content/intuitionistic-logic/tableaux/tableaux.tex	OpenLogicProject/OpenLogic@9620cc73f9c8e0ad003c514a5d3748f29611c4c0	https://github.com/OpenLogicProject/OpenLogic/blob/9620cc73f9c8e0ad003c514a5d3748f29611c4c0/content/intuitionistic-logic/tableaux/tableaux.tex	complete	full source unit	source/locale/id/content/intuitionistic-logic/tableaux/tableaux.tex	c39668286f7a452b171fbfb5bfacfd7c2bdc3887866765206e7e08ab1d06f482	OLP-0722-20260814	source_sha256=8f7eddd5ebaac84f329f186e68f83b98668940935893bcfdf2fe7c8b4ee1bcc9; source_bytes=625; target_bytes=627
OLP-0512	content/intuitionistic-logic/tableaux/introduction.tex	OpenLogicProject/OpenLogic@9620cc73f9c8e0ad003c514a5d3748f29611c4c0	https://github.com/OpenLogicProject/OpenLogic/blob/9620cc73f9c8e0ad003c514a5d3748f29611c4c0/content/intuitionistic-logic/tableaux/introduction.tex	complete	full source unit	source/locale/id/content/intuitionistic-logic/tableaux/introduction.tex	5a0690dbcd66e622c2c43f43474960ed4df7af5536037e4b3f8ad4fe68cf82f4	OLP-0722-20260814	source_sha256=a154a373bb89fcbee83ddc4ebb71f180293ec9084b76dcd3524205fe339c0f59; source_bytes=3007; target_bytes=3262
OLP-0513	content/intuitionistic-logic/tableaux/rules.tex	OpenLogicProject/OpenLogic@9620cc73f9c8e0ad003c514a5d3748f29611c4c0	https://github.com/OpenLogicProject/OpenLogic/blob/9620cc73f9c8e0ad003c514a5d3748f29611c4c0/content/intuitionistic-logic/tableaux/rules.tex	complete	full source unit	source/locale/id/content/intuitionistic-logic/tableaux/rules.tex	79d43d2549f457ec4b273c6f64e3b7cfd643917943be364958f96638bccb9dba	OLP-0722-20260814	source_sha256=0481c2158cc439e61b9ec7c95ecdba761045da55886db862cdf2425d05d1e715; source_bytes=5285; target_bytes=5451
OLP-0514	content/intuitionistic-logic/tableaux/proofs.tex	OpenLogicProject/OpenLogic@9620cc73f9c8e0ad003c514a5d3748f29611c4c0	https://github.com/OpenLogicProject/OpenLogic/blob/9620cc73f9c8e0ad003c514a5d3748f29611c4c0/content/intuitionistic-logic/tableaux/proofs.tex	complete	full source unit	source/locale/id/content/intuitionistic-logic/tableaux/proofs.tex	432f46933c472d9e1769d0c1d29bc9f395ee084dfd886a3465f4a8fd56c13cca	OLP-0722-20260814	source_sha256=10d9d4cd6d2ad3aa846946cffbc30ae21a0007ecc86a9e7863a2854460c79f39; source_bytes=1890; target_bytes=1871
OLP-0515	content/intuitionistic-logic/tableaux/soundness.tex	OpenLogicProject/OpenLogic@9620cc73f9c8e0ad003c514a5d3748f29611c4c0	https://github.com/OpenLogicProject/OpenLogic/blob/9620cc73f9c8e0ad003c514a5d3748f29611c4c0/content/intuitionistic-logic/tableaux/soundness.tex	complete	full source unit	source/locale/id/content/intuitionistic-logic/tableaux/soundness.tex	05b9d3a8fa1737c30574afd80413c3352f996ce61d22c04423e6cbbf8f699e1e	OLP-0722-20260814	source_sha256=1961509cba1d253f52f6b490b934912b5c5e8c77e0b9e41d0e164922911ec41e; source_bytes=10031; target_bytes=10941
OLP-0516	content/counterfactuals/counterfactuals.tex	OpenLogicProject/OpenLogic@9620cc73f9c8e0ad003c514a5d3748f29611c4c0	https://github.com/OpenLogicProject/OpenLogic/blob/9620cc73f9c8e0ad003c514a5d3748f29611c4c0/content/counterfactuals/counterfactuals.tex	complete	full source unit	source/locale/id/content/counterfactuals/counterfactuals.tex	8be2c2ec76aba7a40dfda838019e3061a532fb74092152cb0419cd13c5c71529	OLP-0722-20260814	source_sha256=5dbd266013ebcb57f350f7c6a5485f2758e25016aa0f057bb06660bac4fedbe9; source_bytes=281; target_bytes=266
OLP-0517	content/counterfactuals/introduction/introduction.tex	OpenLogicProject/OpenLogic@9620cc73f9c8e0ad003c514a5d3748f29611c4c0	https://github.com/OpenLogicProject/OpenLogic/blob/9620cc73f9c8e0ad003c514a5d3748f29611c4c0/content/counterfactuals/introduction/introduction.tex	complete	full source unit	source/locale/id/content/counterfactuals/introduction/introduction.tex	d8f0e80240bebb31700bc1f59edef3f3f4d9f3516cda7afb79777182b16aa22e	OLP-0722-20260814	source_sha256=1667c115e826177f9b4381db7ba35fd1a69447a972962acd7267378f324a181e; source_bytes=345; target_bytes=320
OLP-0518	content/counterfactuals/introduction/material-conditional.tex	OpenLogicProject/OpenLogic@9620cc73f9c8e0ad003c514a5d3748f29611c4c0	https://github.com/OpenLogicProject/OpenLogic/blob/9620cc73f9c8e0ad003c514a5d3748f29611c4c0/content/counterfactuals/introduction/material-conditional.tex	complete	full source unit	source/locale/id/content/counterfactuals/introduction/material-conditional.tex	b7eada7ce83d3ddd4e91b1cf7be28c4171f7b2757788b56cabe5f8073cdca3bb	OLP-0722-20260814	source_sha256=7addc0caaa159238e22de165e0375a276b7fcb5d8be789a63daa22eaba5a6b76; source_bytes=3184; target_bytes=3317
OLP-0519	content/counterfactuals/introduction/paradoxes-material.tex	OpenLogicProject/OpenLogic@9620cc73f9c8e0ad003c514a5d3748f29611c4c0	https://github.com/OpenLogicProject/OpenLogic/blob/9620cc73f9c8e0ad003c514a5d3748f29611c4c0/content/counterfactuals/introduction/paradoxes-material.tex	complete	full source unit	source/locale/id/content/counterfactuals/introduction/paradoxes-material.tex	26c3141b9a304edc9c02b8f3f50501f4347b0a1ce683139f0a4546545a088d45	OLP-0722-20260814	source_sha256=d75d1f0b2c77259206ab1948473115b609152a36d81bd43b71cae87e45bc4c3b; source_bytes=2454; target_bytes=2694
OLP-0520	content/counterfactuals/introduction/strict-conditional.tex	OpenLogicProject/OpenLogic@9620cc73f9c8e0ad003c514a5d3748f29611c4c0	https://github.com/OpenLogicProject/OpenLogic/blob/9620cc73f9c8e0ad003c514a5d3748f29611c4c0/content/counterfactuals/introduction/strict-conditional.tex	complete	full source unit	source/locale/id/content/counterfactuals/introduction/strict-conditional.tex	8dfdb56c76417edd3836d337c722439dc9bf04b6b69776aa6a1f14eccc377077	OLP-0722-20260814	source_sha256=d7161a0cc90eb727ddcb99de1f20d04a13cd0c34c1813d6ff12a1ecbf41c4c34; source_bytes=4576; target_bytes=4762
OLP-0521	content/counterfactuals/introduction/counterfactuals.tex	OpenLogicProject/OpenLogic@9620cc73f9c8e0ad003c514a5d3748f29611c4c0	https://github.com/OpenLogicProject/OpenLogic/blob/9620cc73f9c8e0ad003c514a5d3748f29611c4c0/content/counterfactuals/introduction/counterfactuals.tex	complete	full source unit	source/locale/id/content/counterfactuals/introduction/counterfactuals.tex	b635abc465ecbfd8777e819d84abf6e6831eaafb37512681432bc798477f84f7	OLP-0722-20260814	source_sha256=20de6e9cc105e205958b4abb362b888c56d20609d88ecac96b3864f82059d748; source_bytes=4171; target_bytes=4442
OLP-0522	content/counterfactuals/minimal-change-semantics/minimal-change-semantics.tex	OpenLogicProject/OpenLogic@9620cc73f9c8e0ad003c514a5d3748f29611c4c0	https://github.com/OpenLogicProject/OpenLogic/blob/9620cc73f9c8e0ad003c514a5d3748f29611c4c0/content/counterfactuals/minimal-change-semantics/minimal-change-semantics.tex	complete	full source unit	source/locale/id/content/counterfactuals/minimal-change-semantics/minimal-change-semantics.tex	9f698eca96e6d6d6618798f25fd2e0f4bb58ee5988fd42081437642d724edf66	OLP-0722-20260814	source_sha256=f2ad4262465a16344451aa261c436f8f2c3cf8a0481c2016aa9a8f0b22f1daee; source_bytes=413; target_bytes=388
OLP-0523	content/counterfactuals/minimal-change-semantics/introduction.tex	OpenLogicProject/OpenLogic@9620cc73f9c8e0ad003c514a5d3748f29611c4c0	https://github.com/OpenLogicProject/OpenLogic/blob/9620cc73f9c8e0ad003c514a5d3748f29611c4c0/content/counterfactuals/minimal-change-semantics/introduction.tex	complete	full source unit	source/locale/id/content/counterfactuals/minimal-change-semantics/introduction.tex	bd81ae6a5a466590eb4f484021d949637f8d4f9fc6da9386191b0527be56dd0a	OLP-0722-20260814	source_sha256=bd79d8fa12d43ef404edd3268935d99446e2922f240437a705074700f482ca9d; source_bytes=3365; target_bytes=3675
OLP-0524	content/counterfactuals/minimal-change-semantics/sphere-models.tex	OpenLogicProject/OpenLogic@9620cc73f9c8e0ad003c514a5d3748f29611c4c0	https://github.com/OpenLogicProject/OpenLogic/blob/9620cc73f9c8e0ad003c514a5d3748f29611c4c0/content/counterfactuals/minimal-change-semantics/sphere-models.tex	complete	full source unit	source/locale/id/content/counterfactuals/minimal-change-semantics/sphere-models.tex	f9ce7f8b279a814ae70f40b62cf4be9bf6a003bd312a84bea65aaab04ad5db1f	OLP-0722-20260814	source_sha256=333280dba059087e245770e7a8fae001bda0ed63ca91077c41aae401d28c5ed6; source_bytes=4834; target_bytes=5163
OLP-0525	content/counterfactuals/minimal-change-semantics/true-false.tex	OpenLogicProject/OpenLogic@9620cc73f9c8e0ad003c514a5d3748f29611c4c0	https://github.com/OpenLogicProject/OpenLogic/blob/9620cc73f9c8e0ad003c514a5d3748f29611c4c0/content/counterfactuals/minimal-change-semantics/true-false.tex	complete	full source unit	source/locale/id/content/counterfactuals/minimal-change-semantics/true-false.tex	621d313d91d7fa5e66bf34c6880eb811572c9aec373aa5f058600eb087caec36	OLP-0722-20260814	source_sha256=37483de6242c07808fa9148cfb737f59c9177bb7ede484b6b5e30a6dead2e4a2; source_bytes=3758; target_bytes=3879
OLP-0526	content/counterfactuals/minimal-change-semantics/antecedent-strengthening.tex	OpenLogicProject/OpenLogic@9620cc73f9c8e0ad003c514a5d3748f29611c4c0	https://github.com/OpenLogicProject/OpenLogic/blob/9620cc73f9c8e0ad003c514a5d3748f29611c4c0/content/counterfactuals/minimal-change-semantics/antecedent-strengthening.tex	complete	full source unit	source/locale/id/content/counterfactuals/minimal-change-semantics/antecedent-strengthening.tex	05820b6616c10724e0720ae0429a16085d459dcc15de0b9f72ef7f8678f2644e	OLP-0722-20260814	source_sha256=925fbba079157d175979dd48087562767fe501828cf7c03bbee892a3f07e6bbd; source_bytes=2718; target_bytes=2880
OLP-0527	content/counterfactuals/minimal-change-semantics/transitivity.tex	OpenLogicProject/OpenLogic@9620cc73f9c8e0ad003c514a5d3748f29611c4c0	https://github.com/OpenLogicProject/OpenLogic/blob/9620cc73f9c8e0ad003c514a5d3748f29611c4c0/content/counterfactuals/minimal-change-semantics/transitivity.tex	complete	full source unit	source/locale/id/content/counterfactuals/minimal-change-semantics/transitivity.tex	a61602d5eb867837ffc666b25e42bf6d75f527ef4383fe01231c850355521b51	OLP-0722-20260814	source_sha256=21f925395bcf6a63cb7f6e3241ed3aba231a0d80d03a602f21296d0b09e9342a; source_bytes=3683; target_bytes=3900
OLP-0528	content/counterfactuals/minimal-change-semantics/contraposition.tex	OpenLogicProject/OpenLogic@9620cc73f9c8e0ad003c514a5d3748f29611c4c0	https://github.com/OpenLogicProject/OpenLogic/blob/9620cc73f9c8e0ad003c514a5d3748f29611c4c0/content/counterfactuals/minimal-change-semantics/contraposition.tex	complete	full source unit	source/locale/id/content/counterfactuals/minimal-change-semantics/contraposition.tex	f1e09b585a95f86670d73193996717727c3b65fcd142893658c5b98b9012f137	OLP-0722-20260814	source_sha256=8ab8545a49a4e08b79bfd89ad3a11c7302a6cbc5fc9d1181feb0da59ad05c8a4; source_bytes=2409; target_bytes=2493
OLP-0529	content/set-theory/set-theory.tex	OpenLogicProject/OpenLogic@9620cc73f9c8e0ad003c514a5d3748f29611c4c0	https://github.com/OpenLogicProject/OpenLogic/blob/9620cc73f9c8e0ad003c514a5d3748f29611c4c0/content/set-theory/set-theory.tex	complete	full source unit	source/locale/id/content/set-theory/set-theory.tex	fbef611b92fffe2ecad15681ff5062a806ff906016d3695c5d6c5f3871fb6834	OLP-0722-20260814	source_sha256=c80ddaf36848c1f5df3bf8643d7b1170dcbc9020cc80a172b3112cb9adba11c2; source_bytes=428; target_bytes=417
OLP-0530	content/set-theory/story/story.tex	OpenLogicProject/OpenLogic@9620cc73f9c8e0ad003c514a5d3748f29611c4c0	https://github.com/OpenLogicProject/OpenLogic/blob/9620cc73f9c8e0ad003c514a5d3748f29611c4c0/content/set-theory/story/story.tex	complete	full source unit	source/locale/id/content/set-theory/story/story.tex	27f755342278e44dbf292760705c3be2a42142c90e59db3613b4e7ee7c16f107	OLP-0722-20260814	source_sha256=46bf28e1370ba921b6faea67256f661bb1802b095941f909c03cb643efcf5019; source_bytes=362; target_bytes=334
OLP-0531	content/set-theory/story/extensionality.tex	OpenLogicProject/OpenLogic@9620cc73f9c8e0ad003c514a5d3748f29611c4c0	https://github.com/OpenLogicProject/OpenLogic/blob/9620cc73f9c8e0ad003c514a5d3748f29611c4c0/content/set-theory/story/extensionality.tex	complete	full source unit	source/locale/id/content/set-theory/story/extensionality.tex	1c6d762fe8f81102eb39c399a521e7568fe7962b2f24f5ac2e72d6b99793488f	OLP-0722-20260814	source_sha256=d70f6b437cb7f29b4e9ef5bcc1ab66c3021ea6f57d1b2fdf5aaea5b51bdb81c9; source_bytes=1271; target_bytes=1432
OLP-0532	content/set-theory/story/russells-paradox-again.tex	OpenLogicProject/OpenLogic@9620cc73f9c8e0ad003c514a5d3748f29611c4c0	https://github.com/OpenLogicProject/OpenLogic/blob/9620cc73f9c8e0ad003c514a5d3748f29611c4c0/content/set-theory/story/russells-paradox-again.tex	complete	full source unit	source/locale/id/content/set-theory/story/russells-paradox-again.tex	2c30623de2cb83b792b2be3500eee00162ace0490aa3d5a87835dec93ef6ab4c	OLP-0722-20260814	source_sha256=c468df1becf253ceb2c82540f2ec7e5112fa07bf649119e120184b4593f23b7d; source_bytes=3092; target_bytes=3442
OLP-0533	content/set-theory/story/predicativity.tex	OpenLogicProject/OpenLogic@9620cc73f9c8e0ad003c514a5d3748f29611c4c0	https://github.com/OpenLogicProject/OpenLogic/blob/9620cc73f9c8e0ad003c514a5d3748f29611c4c0/content/set-theory/story/predicativity.tex	complete	full source unit	source/locale/id/content/set-theory/story/predicativity.tex	c15a5fa2ff2739210b64b2ca7fd232424d4d5d65c8753cb4f15e241ec9f91565	OLP-0722-20260814	source_sha256=c5cedcd2a3116e12338c7eb16e4704c2b9bb1eb6c93d9754585dbe8ba45912aa; source_bytes=5441; target_bytes=6139
OLP-0534	content/set-theory/story/cumulative-approach.tex	OpenLogicProject/OpenLogic@9620cc73f9c8e0ad003c514a5d3748f29611c4c0	https://github.com/OpenLogicProject/OpenLogic/blob/9620cc73f9c8e0ad003c514a5d3748f29611c4c0/content/set-theory/story/cumulative-approach.tex	complete	full source unit	source/locale/id/content/set-theory/story/cumulative-approach.tex	65befd9b60ff8add8bb055d186d06e31204d33ce81656326d2b294057603196f	OLP-0722-20260814	source_sha256=86099ec03bf39142ceb2d76826a796a91731caa5eae0cd35d74b6c1a7fe2f798; source_bytes=5055; target_bytes=5409
OLP-0535	content/set-theory/story/urelements.tex	OpenLogicProject/OpenLogic@9620cc73f9c8e0ad003c514a5d3748f29611c4c0	https://github.com/OpenLogicProject/OpenLogic/blob/9620cc73f9c8e0ad003c514a5d3748f29611c4c0/content/set-theory/story/urelements.tex	complete	full source unit	source/locale/id/content/set-theory/story/urelements.tex	56a71050497635e986db042fd2a47901aca4def56c565de7bd23e909a79dc3df	OLP-0722-20260814	source_sha256=61419cd0dbc03cdf569c7350b028da4daac493e5815f8bf43381544758587b31; source_bytes=3780; target_bytes=4048
OLP-0536	content/set-theory/story/grundgesetze.tex	OpenLogicProject/OpenLogic@9620cc73f9c8e0ad003c514a5d3748f29611c4c0	https://github.com/OpenLogicProject/OpenLogic/blob/9620cc73f9c8e0ad003c514a5d3748f29611c4c0/content/set-theory/story/grundgesetze.tex	complete	full source unit	source/locale/id/content/set-theory/story/grundgesetze.tex	218bebef3b9c081ad93b24d51e2fe263a2512f0089f556245eb690bb41fd9cbf	OLP-0722-20260814	source_sha256=d5b70cb63a142ee49c968e41a593dd7c6131d35817afcc6fda2321fa07162cd5; source_bytes=2767; target_bytes=3004
OLP-0537	content/set-theory/z/z.tex	OpenLogicProject/OpenLogic@9620cc73f9c8e0ad003c514a5d3748f29611c4c0	https://github.com/OpenLogicProject/OpenLogic/blob/9620cc73f9c8e0ad003c514a5d3748f29611c4c0/content/set-theory/z/z.tex	complete	full source unit	source/locale/id/content/set-theory/z/z.tex	cd0a26e62feeb5676316698512079bf4376346b423a6a18d6c9d93c3ff21db34	OLP-0722-20260814	source_sha256=ddf31239f65871a55a15098fecaa3f710e5108f4dab62771cfe2229c2eecf807; source_bytes=392; target_bytes=381
OLP-0538	content/set-theory/z/story.tex	OpenLogicProject/OpenLogic@9620cc73f9c8e0ad003c514a5d3748f29611c4c0	https://github.com/OpenLogicProject/OpenLogic/blob/9620cc73f9c8e0ad003c514a5d3748f29611c4c0/content/set-theory/z/story.tex	complete	full source unit	source/locale/id/content/set-theory/z/story.tex	386396556cfd101966aee88e31422f44fc529a18c70abee118886200b98d8877	OLP-0722-20260814	source_sha256=675bc77160d15d826fc2960c15764275f12e8ef2450e121d6f34981d7af64a99; source_bytes=1611; target_bytes=1842
OLP-0539	content/set-theory/z/separation.tex	OpenLogicProject/OpenLogic@9620cc73f9c8e0ad003c514a5d3748f29611c4c0	https://github.com/OpenLogicProject/OpenLogic/blob/9620cc73f9c8e0ad003c514a5d3748f29611c4c0/content/set-theory/z/separation.tex	complete	full source unit	source/locale/id/content/set-theory/z/separation.tex	613c4c56456be2f0146f9cb27d08ca1885ddca2c58f233b1782e2d513226c95b	OLP-0722-20260814	source_sha256=5e4a9611823aa454b51908d88aa15f3fd4ee41af84f847a98e1c8a003a9b7a0b; source_bytes=4310; target_bytes=4609
OLP-0540	content/set-theory/z/union.tex	OpenLogicProject/OpenLogic@9620cc73f9c8e0ad003c514a5d3748f29611c4c0	https://github.com/OpenLogicProject/OpenLogic/blob/9620cc73f9c8e0ad003c514a5d3748f29611c4c0/content/set-theory/z/union.tex	complete	full source unit	source/locale/id/content/set-theory/z/union.tex	6ab4923f9f345bb9d093faf37980c28c4a709be91174355e27776a13fdffd39b	OLP-0722-20260814	source_sha256=5cd50b70d0d606fa557040cfa94f3b34303bd1f5ac56c1ed03cb23ed4520fdc4; source_bytes=922; target_bytes=979
OLP-0541	content/set-theory/z/pairs.tex	OpenLogicProject/OpenLogic@9620cc73f9c8e0ad003c514a5d3748f29611c4c0	https://github.com/OpenLogicProject/OpenLogic/blob/9620cc73f9c8e0ad003c514a5d3748f29611c4c0/content/set-theory/z/pairs.tex	complete	full source unit	source/locale/id/content/set-theory/z/pairs.tex	5e2b67fb366836a3d9dcd5b05a3d755fb52fa942977f79eaad20dcdb117569c1	OLP-0722-20260814	source_sha256=6e386f6c7bb1e2a08dd198e5ad421083df93eb4273efa9370d92b5432d11843f; source_bytes=2590; target_bytes=2811
OLP-0542	content/set-theory/z/powerset.tex	OpenLogicProject/OpenLogic@9620cc73f9c8e0ad003c514a5d3748f29611c4c0	https://github.com/OpenLogicProject/OpenLogic/blob/9620cc73f9c8e0ad003c514a5d3748f29611c4c0/content/set-theory/z/powerset.tex	complete	full source unit	source/locale/id/content/set-theory/z/powerset.tex	d3c924e5d28c9693f4982a2414eea8e4fb3d772bda6a1da6b6ab3e1c268c6f2d	OLP-0722-20260814	source_sha256=e4189963f1fa098226ec3ae72a660f56882350d3d8be819b6c5232663261e722; source_bytes=2221; target_bytes=2399
OLP-0543	content/set-theory/z/infinity-again.tex	OpenLogicProject/OpenLogic@9620cc73f9c8e0ad003c514a5d3748f29611c4c0	https://github.com/OpenLogicProject/OpenLogic/blob/9620cc73f9c8e0ad003c514a5d3748f29611c4c0/content/set-theory/z/infinity-again.tex	complete	full source unit	source/locale/id/content/set-theory/z/infinity-again.tex	2f4dc21f76ab2c01264fc3b70016571c1da1673bd9cce5e3e2d785e1cf9eed7d	OLP-0722-20260814	source_sha256=29267a484b8628ec7cafd50d87dac4a0f6650914c625dec7dd06ac0e79aa3f91; source_bytes=6335; target_bytes=6949
OLP-0544	content/set-theory/z/milestone.tex	OpenLogicProject/OpenLogic@9620cc73f9c8e0ad003c514a5d3748f29611c4c0	https://github.com/OpenLogicProject/OpenLogic/blob/9620cc73f9c8e0ad003c514a5d3748f29611c4c0/content/set-theory/z/milestone.tex	complete	full source unit	source/locale/id/content/set-theory/z/milestone.tex	9fe4aba26e630ad0f13f4e84ab47d9681ea760b7c19f13b682bced65eaa0a46f	OLP-0722-20260814	source_sha256=15127543e5463e6dc278ab5cb43c4127fe55a54696e9b076d77c053608a5ff40; source_bytes=1360; target_bytes=1496
OLP-0545	content/set-theory/z/nat.tex	OpenLogicProject/OpenLogic@9620cc73f9c8e0ad003c514a5d3748f29611c4c0	https://github.com/OpenLogicProject/OpenLogic/blob/9620cc73f9c8e0ad003c514a5d3748f29611c4c0/content/set-theory/z/nat.tex	complete	full source unit	source/locale/id/content/set-theory/z/nat.tex	9d01a3e8002d90417d6885d0466688ed0ca16e510b70e7625f00fde357903df8	OLP-0722-20260814	source_sha256=33f3b77912ba9c7217893e6a0e9f59c16b2ca51e5b0652f99850bed6aeb8f12c; source_bytes=2773; target_bytes=2912
OLP-0546	content/set-theory/z/arbintersections.tex	OpenLogicProject/OpenLogic@9620cc73f9c8e0ad003c514a5d3748f29611c4c0	https://github.com/OpenLogicProject/OpenLogic/blob/9620cc73f9c8e0ad003c514a5d3748f29611c4c0/content/set-theory/z/arbintersections.tex	complete	full source unit	source/locale/id/content/set-theory/z/arbintersections.tex	05aade5217f353df5f04c91b35ca4c6e39b094ecbd6c37d27ff42a3c55375032	OLP-0722-20260814	source_sha256=866857905e11e5f329a248326ba04ba14f293b388bd8e3573caaf05fb2b7d56d; source_bytes=2979; target_bytes=3116
OLP-0547	content/set-theory/ordinals/ordinals.tex	OpenLogicProject/OpenLogic@9620cc73f9c8e0ad003c514a5d3748f29611c4c0	https://github.com/OpenLogicProject/OpenLogic/blob/9620cc73f9c8e0ad003c514a5d3748f29611c4c0/content/set-theory/ordinals/ordinals.tex	complete	full source unit	source/locale/id/content/set-theory/ordinals/ordinals.tex	9f1fedba6adb68a8bf50cd6b02d1508ff4b44a0e366cbf8d249cf6e198e804ee	OLP-0722-20260814	source_sha256=3d6d008e92ebe4566a0a4b90857b224aae85c637e8fc8f87457a2e6202247bf3; source_bytes=370; target_bytes=349
OLP-0548	content/set-theory/ordinals/introduction.tex	OpenLogicProject/OpenLogic@9620cc73f9c8e0ad003c514a5d3748f29611c4c0	https://github.com/OpenLogicProject/OpenLogic/blob/9620cc73f9c8e0ad003c514a5d3748f29611c4c0/content/set-theory/ordinals/introduction.tex	complete	full source unit	source/locale/id/content/set-theory/ordinals/introduction.tex	cde3a008780c8bf02b7d59ace387973614ccbfea06f7b604968637e7b850b5b5	OLP-0722-20260814	source_sha256=9db6acb08fc7abc9fe527932e10e04bfc71e548e642c624e824aaa2f041dc50c; source_bytes=1106; target_bytes=1138
OLP-0549	content/set-theory/ordinals/idea.tex	OpenLogicProject/OpenLogic@9620cc73f9c8e0ad003c514a5d3748f29611c4c0	https://github.com/OpenLogicProject/OpenLogic/blob/9620cc73f9c8e0ad003c514a5d3748f29611c4c0/content/set-theory/ordinals/idea.tex	complete	full source unit	source/locale/id/content/set-theory/ordinals/idea.tex	4e343282e8aa8959e58c9191a89d29320c7e51ee9d72c84020f749eb05c269c0	OLP-0722-20260814	source_sha256=69629365d22ecab6b74fa4d3896d24ad71371c5f9c079fc79ac18f4655c63c11; source_bytes=2384; target_bytes=2449
OLP-0550	content/set-theory/ordinals/wo.tex	OpenLogicProject/OpenLogic@9620cc73f9c8e0ad003c514a5d3748f29611c4c0	https://github.com/OpenLogicProject/OpenLogic/blob/9620cc73f9c8e0ad003c514a5d3748f29611c4c0/content/set-theory/ordinals/wo.tex	complete	full source unit	source/locale/id/content/set-theory/ordinals/wo.tex	187a17a047394576b3f2183fc5e770f87684c5ee2721715fbd2a87ae0c20f545	OLP-0722-20260814	source_sha256=31ff99cf24d9c18e905626855bdb8c9bfeb7c2a5c2814387a6c36ccf54df0313; source_bytes=2511; target_bytes=2910
OLP-0551	content/set-theory/ordinals/iso.tex	OpenLogicProject/OpenLogic@9620cc73f9c8e0ad003c514a5d3748f29611c4c0	https://github.com/OpenLogicProject/OpenLogic/blob/9620cc73f9c8e0ad003c514a5d3748f29611c4c0/content/set-theory/ordinals/iso.tex	complete	full source unit	source/locale/id/content/set-theory/ordinals/iso.tex	8a4ff21d6b7bf77121c34faced9b1aa1cdb92d40aaec67c5520e2c30bbecfdb5	OLP-0722-20260814	source_sha256=eb57a72aed6e4ff2398fe8d9c52239c79d2578df37c5e4bb891568381a41cb39; source_bytes=6759; target_bytes=7550
OLP-0552	content/set-theory/ordinals/vn.tex	OpenLogicProject/OpenLogic@9620cc73f9c8e0ad003c514a5d3748f29611c4c0	https://github.com/OpenLogicProject/OpenLogic/blob/9620cc73f9c8e0ad003c514a5d3748f29611c4c0/content/set-theory/ordinals/vn.tex	complete	full source unit	source/locale/id/content/set-theory/ordinals/vn.tex	27a1595de14dc4659dd59dc0171f4bb119dcfc2059a6888b6ae158b7b7349831	OLP-0722-20260814	source_sha256=1a1ffe53bdfd51d0ee3ad7a818981d6cc2b54405c92a219a4295fa48b1393529; source_bytes=2730; target_bytes=3113
OLP-0553	content/set-theory/ordinals/basic.tex	OpenLogicProject/OpenLogic@9620cc73f9c8e0ad003c514a5d3748f29611c4c0	https://github.com/OpenLogicProject/OpenLogic/blob/9620cc73f9c8e0ad003c514a5d3748f29611c4c0/content/set-theory/ordinals/basic.tex	complete	full source unit	source/locale/id/content/set-theory/ordinals/basic.tex	e895b13d2266a0ac9fdd9d900dfdf1f8a5a32b99eb49f5b7ffa67964620063b3	OLP-0722-20260814	source_sha256=7a9d1d198227e2de1a2af719417ae7d81ffc2c727e6da7d992b194f44a7f19c1; source_bytes=8434; target_bytes=9234
OLP-0554	content/set-theory/ordinals/replacement.tex	OpenLogicProject/OpenLogic@9620cc73f9c8e0ad003c514a5d3748f29611c4c0	https://github.com/OpenLogicProject/OpenLogic/blob/9620cc73f9c8e0ad003c514a5d3748f29611c4c0/content/set-theory/ordinals/replacement.tex	complete	full source unit	source/locale/id/content/set-theory/ordinals/replacement.tex	516d149b77d26e0bbf8f861cdaf550c3fa8810ead59c480df4047ade13f62465	OLP-0722-20260814	source_sha256=c081b7ac20726b738ce2fb496ad29e836a72883160c847b828582e4de0218523; source_bytes=3453; target_bytes=3824
OLP-0555	content/set-theory/ordinals/milestone.tex	OpenLogicProject/OpenLogic@9620cc73f9c8e0ad003c514a5d3748f29611c4c0	https://github.com/OpenLogicProject/OpenLogic/blob/9620cc73f9c8e0ad003c514a5d3748f29611c4c0/content/set-theory/ordinals/milestone.tex	complete	full source unit	source/locale/id/content/set-theory/ordinals/milestone.tex	5b4ebfa0bdf2180ad59ec8b212707fa1fac5b64992d6dbd3d41ae50275e18f4d	OLP-0722-20260814	source_sha256=3f99ff5c244929fec27396ee3ff21b3b2bb76a56cada018c045a5d5459e6f289; source_bytes=1023; target_bytes=1116
OLP-0556	content/set-theory/ordinals/ordtype.tex	OpenLogicProject/OpenLogic@9620cc73f9c8e0ad003c514a5d3748f29611c4c0	https://github.com/OpenLogicProject/OpenLogic/blob/9620cc73f9c8e0ad003c514a5d3748f29611c4c0/content/set-theory/ordinals/ordtype.tex	complete	full source unit	source/locale/id/content/set-theory/ordinals/ordtype.tex	296817eac4d5fedc6b4b05dca77f4f875f7bfec71f70c142c354a19d88351e05	OLP-0722-20260814	source_sha256=9a123198cbfcd0000eb27804a39148d5ee5fb7ad41cf7cff04ad78ea320dfcd6; source_bytes=3273; target_bytes=3594
OLP-0557	content/set-theory/ordinals/opps.tex	OpenLogicProject/OpenLogic@9620cc73f9c8e0ad003c514a5d3748f29611c4c0	https://github.com/OpenLogicProject/OpenLogic/blob/9620cc73f9c8e0ad003c514a5d3748f29611c4c0/content/set-theory/ordinals/opps.tex	complete	full source unit	source/locale/id/content/set-theory/ordinals/opps.tex	9360ff06d3689a8886c053c79ca4e5ecf07eda0f5d310f3db86c3132adcdb967	OLP-0722-20260814	source_sha256=f53aa4197833752c4ecdd3d7755c8e13cdec164fd68d0261dac26290a95cd171; source_bytes=3774; target_bytes=4248
OLP-0558	content/set-theory/spine/spine.tex	OpenLogicProject/OpenLogic@9620cc73f9c8e0ad003c514a5d3748f29611c4c0	https://github.com/OpenLogicProject/OpenLogic/blob/9620cc73f9c8e0ad003c514a5d3748f29611c4c0/content/set-theory/spine/spine.tex	complete	full source unit	source/locale/id/content/set-theory/spine/spine.tex	26437d119648be26eb3f0d1a692705cc9ce07e0557fe29158ed22ea54fa46753	OLP-0722-20260814	source_sha256=32d16adc1a044fcba0b5dfe250d9cb82e5f63ecdd15bcc8489599d94dbe77b50; source_bytes=325; target_bytes=311
OLP-0559	content/set-theory/spine/idea.tex	OpenLogicProject/OpenLogic@9620cc73f9c8e0ad003c514a5d3748f29611c4c0	https://github.com/OpenLogicProject/OpenLogic/blob/9620cc73f9c8e0ad003c514a5d3748f29611c4c0/content/set-theory/spine/idea.tex	complete	full source unit	source/locale/id/content/set-theory/spine/idea.tex	40a8276246e1c6da57d91c73e64b130cb909f566c93a04217003f63dfb56a101	OLP-0722-20260814	source_sha256=72e78cfef1d30e6a2e097f398dd5f502654f906c855dc226b9f616947a2b6955; source_bytes=1750; target_bytes=1857
OLP-0560	content/set-theory/spine/recursion.tex	OpenLogicProject/OpenLogic@9620cc73f9c8e0ad003c514a5d3748f29611c4c0	https://github.com/OpenLogicProject/OpenLogic/blob/9620cc73f9c8e0ad003c514a5d3748f29611c4c0/content/set-theory/spine/recursion.tex	complete	full source unit	source/locale/id/content/set-theory/spine/recursion.tex	2946c68c191ee0fe94cd94b5a5636a2ca92786e7605ef431a97b99e99afc3038	OLP-0722-20260814	source_sha256=e9b5fe7b4ab133bc97d234aabd8dae2412e91bbeeb9c785b4a8112ba1e1a0510; source_bytes=6139; target_bytes=6662
OLP-0561	content/set-theory/spine/stagesbasics.tex	OpenLogicProject/OpenLogic@9620cc73f9c8e0ad003c514a5d3748f29611c4c0	https://github.com/OpenLogicProject/OpenLogic/blob/9620cc73f9c8e0ad003c514a5d3748f29611c4c0/content/set-theory/spine/stagesbasics.tex	complete	full source unit	source/locale/id/content/set-theory/spine/stagesbasics.tex	5445399ed9b8cfd1fa2ae339c4f4fc4f258fac5bdb49d427f21cc9d10532ca4b	OLP-0722-20260814	source_sha256=055948a696b012f7bf5b0a6e9ac39297a0a910f6c17ca9580782e9795e87def6; source_bytes=4444; target_bytes=4790
OLP-0562	content/set-theory/spine/foundation.tex	OpenLogicProject/OpenLogic@9620cc73f9c8e0ad003c514a5d3748f29611c4c0	https://github.com/OpenLogicProject/OpenLogic/blob/9620cc73f9c8e0ad003c514a5d3748f29611c4c0/content/set-theory/spine/foundation.tex	complete	full source unit	source/locale/id/content/set-theory/spine/foundation.tex	7d14ba8003b30411665d04ed070d8f6e1d5ab596e85013afbbeef8811e654bb0	OLP-0722-20260814	source_sha256=18d5d41a2becf13c6d5221d1c3504ea8300d96d85572c8848ed22bfc7ea321a5; source_bytes=4349; target_bytes=4668
OLP-0563	content/set-theory/spine/zf.tex	OpenLogicProject/OpenLogic@9620cc73f9c8e0ad003c514a5d3748f29611c4c0	https://github.com/OpenLogicProject/OpenLogic/blob/9620cc73f9c8e0ad003c514a5d3748f29611c4c0/content/set-theory/spine/zf.tex	complete	full source unit	source/locale/id/content/set-theory/spine/zf.tex	ce77e1859053a29c33c1b1b7f320264fb8f00d9ad5292a37dee8b19cfd83b9ff	OLP-0722-20260814	source_sha256=94df3fb797ff5d12ce812c586f3dd8211fd7972ebaf25d3363bb135ad7686d73; source_bytes=1969; target_bytes=2088
OLP-0564	content/set-theory/spine/rank.tex	OpenLogicProject/OpenLogic@9620cc73f9c8e0ad003c514a5d3748f29611c4c0	https://github.com/OpenLogicProject/OpenLogic/blob/9620cc73f9c8e0ad003c514a5d3748f29611c4c0/content/set-theory/spine/rank.tex	complete	full source unit	source/locale/id/content/set-theory/spine/rank.tex	8ef64db4c52c0a19e885823249e42f99f215f9e71ce2cc629c6054d465c51e39	OLP-0722-20260814	source_sha256=fa9b9faa09478d4d5d6e510c52a2d5752fa72985db8efaff4a432a0e24d81dd0; source_bytes=5018; target_bytes=5453
OLP-0565	content/set-theory/replacement/replacement.tex	OpenLogicProject/OpenLogic@9620cc73f9c8e0ad003c514a5d3748f29611c4c0	https://github.com/OpenLogicProject/OpenLogic/blob/9620cc73f9c8e0ad003c514a5d3748f29611c4c0/content/set-theory/replacement/replacement.tex	complete	full source unit	source/locale/id/content/set-theory/replacement/replacement.tex	f46005b273f66d4a1d79b42b1ee879309a22e821268ca61b9b86c2f4b5e6c634	OLP-0722-20260814	source_sha256=9b8a0eea8d3b6ccfe4c3ca2658bc31f418daff6744994b7a56e47e44d7784839; source_bytes=395; target_bytes=376
OLP-0566	content/set-theory/replacement/introduction.tex	OpenLogicProject/OpenLogic@9620cc73f9c8e0ad003c514a5d3748f29611c4c0	https://github.com/OpenLogicProject/OpenLogic/blob/9620cc73f9c8e0ad003c514a5d3748f29611c4c0/content/set-theory/replacement/introduction.tex	complete	full source unit	source/locale/id/content/set-theory/replacement/introduction.tex	c20902842fe1bd6ac167ad4e8d359eecd5043fbe68080384330a3b3eca994eff	OLP-0722-20260814	source_sha256=f05b94bc04e2c2110bb8ec5147e5c377c7e6908b9b65b1fae22ea62c6f2fa196; source_bytes=1201; target_bytes=1297
OLP-0567	content/set-theory/replacement/strength.tex	OpenLogicProject/OpenLogic@9620cc73f9c8e0ad003c514a5d3748f29611c4c0	https://github.com/OpenLogicProject/OpenLogic/blob/9620cc73f9c8e0ad003c514a5d3748f29611c4c0/content/set-theory/replacement/strength.tex	complete	full source unit	source/locale/id/content/set-theory/replacement/strength.tex	330f4a49efd6ebea291283b6c9ba5db298ae23f384797009c4f9b9709ed976e6	OLP-0722-20260814	source_sha256=4f3e4108f3ab822b38f880ddcade17b6e270a0f0272d9b0c40e9a9a389911301; source_bytes=2769; target_bytes=2995
OLP-0568	content/set-theory/replacement/extrinsic.tex	OpenLogicProject/OpenLogic@9620cc73f9c8e0ad003c514a5d3748f29611c4c0	https://github.com/OpenLogicProject/OpenLogic/blob/9620cc73f9c8e0ad003c514a5d3748f29611c4c0/content/set-theory/replacement/extrinsic.tex	complete	full source unit	source/locale/id/content/set-theory/replacement/extrinsic.tex	b2635ba65c884c4afed9eb111214f31f955d0fb45b92803d1580ee71bcac0362	OLP-0722-20260814	source_sha256=004138bef28268b2a7f9547172634b404d5bcd15716839e7822f4cccc6126c30; source_bytes=5943; target_bytes=6599
OLP-0569	content/set-theory/replacement/limofsize.tex	OpenLogicProject/OpenLogic@9620cc73f9c8e0ad003c514a5d3748f29611c4c0	https://github.com/OpenLogicProject/OpenLogic/blob/9620cc73f9c8e0ad003c514a5d3748f29611c4c0/content/set-theory/replacement/limofsize.tex	complete	full source unit	source/locale/id/content/set-theory/replacement/limofsize.tex	df5b9540c99ff9d36798c11e7e2975e3c5bcf1397bd481b2f521f3ada5736559	OLP-0722-20260814	source_sha256=579ce35979a90771bcf225ff54b688aa34c19a88bd46fd5b51256f5ab2e68d49; source_bytes=3221; target_bytes=3593
OLP-0570	content/set-theory/replacement/absinf.tex	OpenLogicProject/OpenLogic@9620cc73f9c8e0ad003c514a5d3748f29611c4c0	https://github.com/OpenLogicProject/OpenLogic/blob/9620cc73f9c8e0ad003c514a5d3748f29611c4c0/content/set-theory/replacement/absinf.tex	complete	full source unit	source/locale/id/content/set-theory/replacement/absinf.tex	d1b50ff6d366fc6c3fbbf35a817923f637eb43acbc7a26c679a72368f8968521	OLP-0722-20260814	source_sha256=fd6cb8f41f12694c74f9cc52336851f0b04eee98efbcdad5b60300c2de0ebea2; source_bytes=5832; target_bytes=6543
OLP-0571	content/set-theory/replacement/ref.tex	OpenLogicProject/OpenLogic@9620cc73f9c8e0ad003c514a5d3748f29611c4c0	https://github.com/OpenLogicProject/OpenLogic/blob/9620cc73f9c8e0ad003c514a5d3748f29611c4c0/content/set-theory/replacement/ref.tex	complete	full source unit	source/locale/id/content/set-theory/replacement/ref.tex	48b1f86443791c64df6f6f1fd95e0d9c98d7f1c25b3a70d2617d5907a5983623	OLP-0722-20260814	source_sha256=fbdfc9b85a4c276113f81e9a1ba5a20f59930a75175e43a1e11a6d9bee57644e; source_bytes=2075; target_bytes=2305
OLP-0572	content/set-theory/replacement/refproofs.tex	OpenLogicProject/OpenLogic@9620cc73f9c8e0ad003c514a5d3748f29611c4c0	https://github.com/OpenLogicProject/OpenLogic/blob/9620cc73f9c8e0ad003c514a5d3748f29611c4c0/content/set-theory/replacement/refproofs.tex	complete	full source unit	source/locale/id/content/set-theory/replacement/refproofs.tex	d23ffc4385a1b5cb40a0c2a3ac88fcc923ead35c6f61e5f42669b06d4320f216	OLP-0722-20260814	source_sha256=4abcc3ffaeb815555332b98949519f6567b6f0ae857799da8789ec7a3e48e5ff; source_bytes=8051; target_bytes=8588
OLP-0573	content/set-theory/replacement/finiteaxiomatizability.tex	OpenLogicProject/OpenLogic@9620cc73f9c8e0ad003c514a5d3748f29611c4c0	https://github.com/OpenLogicProject/OpenLogic/blob/9620cc73f9c8e0ad003c514a5d3748f29611c4c0/content/set-theory/replacement/finiteaxiomatizability.tex	complete	full source unit	source/locale/id/content/set-theory/replacement/finiteaxiomatizability.tex	3010cd653fa87898d30e53633ede815a1c3a40728350252aa34b5035f564b7d8	OLP-0722-20260814	source_sha256=52bd181678b672d154c59992f6be199144558fb717349a847ab6646b1accea44; source_bytes=5143; target_bytes=5559
OLP-0574	content/set-theory/ord-arithmetic/ord-arithmetic.tex	OpenLogicProject/OpenLogic@9620cc73f9c8e0ad003c514a5d3748f29611c4c0	https://github.com/OpenLogicProject/OpenLogic/blob/9620cc73f9c8e0ad003c514a5d3748f29611c4c0/content/set-theory/ord-arithmetic/ord-arithmetic.tex	complete	full source unit	source/locale/id/content/set-theory/ord-arithmetic/ord-arithmetic.tex	a2a7ce9d788ca84383d3aa8d1cedca6fad3af35caba94d3ced02f2d256144d94	OLP-0722-20260814	source_sha256=3444e989471ca24a662c616de80e6c1b2c5cbad814f89bc4132c778e59f6812f; source_bytes=353; target_bytes=337
OLP-0575	content/set-theory/ord-arithmetic/introduction.tex	OpenLogicProject/OpenLogic@9620cc73f9c8e0ad003c514a5d3748f29611c4c0	https://github.com/OpenLogicProject/OpenLogic/blob/9620cc73f9c8e0ad003c514a5d3748f29611c4c0/content/set-theory/ord-arithmetic/introduction.tex	complete	full source unit	source/locale/id/content/set-theory/ord-arithmetic/introduction.tex	93a7b649184d69223273535e2f029f6ae30ed24b6ca1da26df3142b12ee633d1	OLP-0722-20260814	source_sha256=0a366104099a83d5c40566852278f806c0bdea2fbdc8729e6b1d1db38e1637dc; source_bytes=907; target_bytes=936
OLP-0576	content/set-theory/ord-arithmetic/addition.tex	OpenLogicProject/OpenLogic@9620cc73f9c8e0ad003c514a5d3748f29611c4c0	https://github.com/OpenLogicProject/OpenLogic/blob/9620cc73f9c8e0ad003c514a5d3748f29611c4c0/content/set-theory/ord-arithmetic/addition.tex	complete	full source unit	source/locale/id/content/set-theory/ord-arithmetic/addition.tex	8671b9806f62ccc2bb258f7640c7374ac631cd16ef98f64511cc6a09eb7e4644	OLP-0722-20260814	source_sha256=e812adca016fb2b68daed98ef2bc27f45e48a57ceeeb27d244ad5c92a453a6e6; source_bytes=9309; target_bytes=9472
OLP-0577	content/set-theory/ord-arithmetic/using-addition.tex	OpenLogicProject/OpenLogic@9620cc73f9c8e0ad003c514a5d3748f29611c4c0	https://github.com/OpenLogicProject/OpenLogic/blob/9620cc73f9c8e0ad003c514a5d3748f29611c4c0/content/set-theory/ord-arithmetic/using-addition.tex	complete	full source unit	source/locale/id/content/set-theory/ord-arithmetic/using-addition.tex	45e6069f66d090dd763e8821b690f893b03db07821fc5a56ef0afda56c11d87c	OLP-0722-20260814	source_sha256=9641a137f0347689fad7fc04337f8889991e482c6179513c19a0bfbc619eaff1; source_bytes=4730; target_bytes=5045
OLP-0578	content/set-theory/ord-arithmetic/multiplication.tex	OpenLogicProject/OpenLogic@9620cc73f9c8e0ad003c514a5d3748f29611c4c0	https://github.com/OpenLogicProject/OpenLogic/blob/9620cc73f9c8e0ad003c514a5d3748f29611c4c0/content/set-theory/ord-arithmetic/multiplication.tex	complete	full source unit	source/locale/id/content/set-theory/ord-arithmetic/multiplication.tex	9734a5b5fc670fc8f1674a695db6bdbea5e5514b5bf0beeca74f030a3723599e	OLP-0722-20260814	source_sha256=eade2bc67a7dede697f1a89e0359c3ef4a1c52154bbcf4b1b45176f5d3742abb; source_bytes=4066; target_bytes=4183
OLP-0579	content/set-theory/ord-arithmetic/exponentiation.tex	OpenLogicProject/OpenLogic@9620cc73f9c8e0ad003c514a5d3748f29611c4c0	https://github.com/OpenLogicProject/OpenLogic/blob/9620cc73f9c8e0ad003c514a5d3748f29611c4c0/content/set-theory/ord-arithmetic/exponentiation.tex	complete	full source unit	source/locale/id/content/set-theory/ord-arithmetic/exponentiation.tex	500c9efd0b94c5c6c4f42642be2ea2f1cb24979ef7fce14a1ea3a90114559467	OLP-0722-20260814	source_sha256=965be29d6ab8e9aad3e56b319cc8ddfb3cd212e836092f061198fafb561ae6fc; source_bytes=2721; target_bytes=2954
OLP-0580	content/set-theory/cardinals/cardinals.tex	OpenLogicProject/OpenLogic@9620cc73f9c8e0ad003c514a5d3748f29611c4c0	https://github.com/OpenLogicProject/OpenLogic/blob/9620cc73f9c8e0ad003c514a5d3748f29611c4c0/content/set-theory/cardinals/cardinals.tex	complete	full source unit	source/locale/id/content/set-theory/cardinals/cardinals.tex	5db0c8c4f15baa09e8690236a67f21f26e56f476c70cc7330ec5a85e6b7ae184	OLP-0722-20260814	source_sha256=ac78463f4fc8fedda04f3c0fddcd4c74d11e9c838194beb7927b55b733008ef5; source_bytes=304; target_bytes=287
OLP-0581	content/set-theory/cardinals/cp.tex	OpenLogicProject/OpenLogic@9620cc73f9c8e0ad003c514a5d3748f29611c4c0	https://github.com/OpenLogicProject/OpenLogic/blob/9620cc73f9c8e0ad003c514a5d3748f29611c4c0/content/set-theory/cardinals/cp.tex	complete	full source unit	source/locale/id/content/set-theory/cardinals/cp.tex	99f0e5d56ec40a166416782ff1f28c81b6e7797aa11824238f802c059396b944	OLP-0722-20260814	source_sha256=950307ddcd75e93c0cb6aeaeb8f969f17e519027f1ff3672f433552edd519fae; source_bytes=1893; target_bytes=2067
OLP-0582	content/set-theory/cardinals/cardsasords.tex	OpenLogicProject/OpenLogic@9620cc73f9c8e0ad003c514a5d3748f29611c4c0	https://github.com/OpenLogicProject/OpenLogic/blob/9620cc73f9c8e0ad003c514a5d3748f29611c4c0/content/set-theory/cardinals/cardsasords.tex	complete	full source unit	source/locale/id/content/set-theory/cardinals/cardsasords.tex	a208be8fc787461c19a608a555d2179f041f98949f5b55192e54c6d44f7fe9ed	OLP-0722-20260814	source_sha256=76eb33836f0e2c21be7701b157030b8465ac08daccf532eeb5fa74dc8110100d; source_bytes=6005; target_bytes=6528
OLP-0583	content/set-theory/cardinals/milestone.tex	OpenLogicProject/OpenLogic@9620cc73f9c8e0ad003c514a5d3748f29611c4c0	https://github.com/OpenLogicProject/OpenLogic/blob/9620cc73f9c8e0ad003c514a5d3748f29611c4c0/content/set-theory/cardinals/milestone.tex	complete	full source unit	source/locale/id/content/set-theory/cardinals/milestone.tex	e3c5169857dc0cbae90545f7616bf29b58e76eada215c3d77a3202c961193d8f	OLP-0722-20260814	source_sha256=50f4f989834763156b2d27822acd03201532846baa243a8f97d6b3fa299a54fd; source_bytes=1056; target_bytes=1128
OLP-0584	content/set-theory/cardinals/classing.tex	OpenLogicProject/OpenLogic@9620cc73f9c8e0ad003c514a5d3748f29611c4c0	https://github.com/OpenLogicProject/OpenLogic/blob/9620cc73f9c8e0ad003c514a5d3748f29611c4c0/content/set-theory/cardinals/classing.tex	complete	full source unit	source/locale/id/content/set-theory/cardinals/classing.tex	9cc33fd3d8abeb77452885972570fcd56293cf657ab3f4928fc116e5ef798de5	OLP-0722-20260814	source_sha256=facf3eb5d19661a660d1c6441f09c0acc909f944253f4c7fe129048f8ea35bc6; source_bytes=7093; target_bytes=7686
OLP-0585	content/set-theory/cardinals/hp.tex	OpenLogicProject/OpenLogic@9620cc73f9c8e0ad003c514a5d3748f29611c4c0	https://github.com/OpenLogicProject/OpenLogic/blob/9620cc73f9c8e0ad003c514a5d3748f29611c4c0/content/set-theory/cardinals/hp.tex	complete	full source unit	source/locale/id/content/set-theory/cardinals/hp.tex	f9c46e108a30be18a23d84714d27b411df0b9f4119480b95b5de8898abc28de9	OLP-0722-20260814	source_sha256=b4c06d8cd04558e99e48c018a170bef91763b86b74ef03b260282ea5eae5b09e; source_bytes=4988; target_bytes=5543
OLP-0586	content/set-theory/card-arithmetic/card-arithmetic.tex	OpenLogicProject/OpenLogic@9620cc73f9c8e0ad003c514a5d3748f29611c4c0	https://github.com/OpenLogicProject/OpenLogic/blob/9620cc73f9c8e0ad003c514a5d3748f29611c4c0/content/set-theory/card-arithmetic/card-arithmetic.tex	complete	full source unit	source/locale/id/content/set-theory/card-arithmetic/card-arithmetic.tex	906ca1afbed154ae068e09a600ba033f7acd9a3e38c8ea1245cb50b12e0ac9c5	OLP-0722-20260814	source_sha256=26eb9336173a6c4a121b0ac9b3052123f74dbc187365ff2a9a2cd23e96982423; source_bytes=316; target_bytes=300
OLP-0587	content/set-theory/card-arithmetic/opps.tex	OpenLogicProject/OpenLogic@9620cc73f9c8e0ad003c514a5d3748f29611c4c0	https://github.com/OpenLogicProject/OpenLogic/blob/9620cc73f9c8e0ad003c514a5d3748f29611c4c0/content/set-theory/card-arithmetic/opps.tex	complete	full source unit	source/locale/id/content/set-theory/card-arithmetic/opps.tex	c1affddfa0620a8ce845155fe982ee757575d9944d5f07c8ab1870cb1acbf755	OLP-0722-20260814	source_sha256=fe59199062c34a36e296a777ee0da52721751686f202735791a472d0a0906872; source_bytes=5892; target_bytes=6238
OLP-0588	content/set-theory/card-arithmetic/simp.tex	OpenLogicProject/OpenLogic@9620cc73f9c8e0ad003c514a5d3748f29611c4c0	https://github.com/OpenLogicProject/OpenLogic/blob/9620cc73f9c8e0ad003c514a5d3748f29611c4c0/content/set-theory/card-arithmetic/simp.tex	complete	full source unit	source/locale/id/content/set-theory/card-arithmetic/simp.tex	d376a200a631b25bb82613fda6cdc2dac644be3f1426f4f8dfe7730ba2609097	OLP-0722-20260814	source_sha256=a606bab065a11c689b655ff8053e3e77894decb42b88e70605a981c129148da0; source_bytes=5779; target_bytes=6289
OLP-0589	content/set-theory/card-arithmetic/expotough.tex	OpenLogicProject/OpenLogic@9620cc73f9c8e0ad003c514a5d3748f29611c4c0	https://github.com/OpenLogicProject/OpenLogic/blob/9620cc73f9c8e0ad003c514a5d3748f29611c4c0/content/set-theory/card-arithmetic/expotough.tex	complete	full source unit	source/locale/id/content/set-theory/card-arithmetic/expotough.tex	415d7ed4832e3deee322cfcf3eb6e79d48bbadd7f8c0443d0cb5f6d160061c70	OLP-0722-20260814	source_sha256=3c24595966608c406bd3b8f2eec62edc0476017588fee15ec14ba64798b208ec; source_bytes=4360; target_bytes=4557
OLP-0590	content/set-theory/card-arithmetic/ch.tex	OpenLogicProject/OpenLogic@9620cc73f9c8e0ad003c514a5d3748f29611c4c0	https://github.com/OpenLogicProject/OpenLogic/blob/9620cc73f9c8e0ad003c514a5d3748f29611c4c0/content/set-theory/card-arithmetic/ch.tex	complete	full source unit	source/locale/id/content/set-theory/card-arithmetic/ch.tex	8b00866531adc20c87894fba200245c49db68e966084b7978b79696f0578dbb0	OLP-0722-20260814	source_sha256=b1bdee185ce2a21eeba54cce52ebec13154b54b77a6652820ad4f7ac61e8b212; source_bytes=6837; target_bytes=7346
OLP-0591	content/set-theory/card-arithmetic/fix.tex	OpenLogicProject/OpenLogic@9620cc73f9c8e0ad003c514a5d3748f29611c4c0	https://github.com/OpenLogicProject/OpenLogic/blob/9620cc73f9c8e0ad003c514a5d3748f29611c4c0/content/set-theory/card-arithmetic/fix.tex	complete	full source unit	source/locale/id/content/set-theory/card-arithmetic/fix.tex	b30ddbb2e70d0b9811905dddba183cf36437858c46bdcec213deb505f3421f75	OLP-0722-20260814	source_sha256=cc111d7d7472b0e7ef940196977faef0f1b2867feaab0a74843e9d39077f5074; source_bytes=7091; target_bytes=7541
OLP-0592	content/set-theory/choice/choice.tex	OpenLogicProject/OpenLogic@9620cc73f9c8e0ad003c514a5d3748f29611c4c0	https://github.com/OpenLogicProject/OpenLogic/blob/9620cc73f9c8e0ad003c514a5d3748f29611c4c0/content/set-theory/choice/choice.tex	complete	full source unit	source/locale/id/content/set-theory/choice/choice.tex	c583ecb77723c117e437a2d21f1ac5eb4c080a7c5733b80e2006b4e63ec54ad2	OLP-0722-20260814	source_sha256=bddc53f49700d259464fa1b29d61287f56edb76a85c73239b0c9ce78b2d88e5e; source_bytes=392; target_bytes=374
OLP-0593	content/set-theory/choice/introduction.tex	OpenLogicProject/OpenLogic@9620cc73f9c8e0ad003c514a5d3748f29611c4c0	https://github.com/OpenLogicProject/OpenLogic/blob/9620cc73f9c8e0ad003c514a5d3748f29611c4c0/content/set-theory/choice/introduction.tex	complete	full source unit	source/locale/id/content/set-theory/choice/introduction.tex	898e33781d86f0d6d7901f8c34f78e84a7552425104c106106c863cd7b5df2df	OLP-0722-20260814	source_sha256=882c4a2b41ba6d2ddddc357d8522e3b30d02a7e1312786293bc1ce5c03922a4d; source_bytes=605; target_bytes=645
OLP-0594	content/set-theory/choice/tarskiscott.tex	OpenLogicProject/OpenLogic@9620cc73f9c8e0ad003c514a5d3748f29611c4c0	https://github.com/OpenLogicProject/OpenLogic/blob/9620cc73f9c8e0ad003c514a5d3748f29611c4c0/content/set-theory/choice/tarskiscott.tex	complete	full source unit	source/locale/id/content/set-theory/choice/tarskiscott.tex	a6571e45af37e1534629282a35ef66d7f5219adbf73a3a66a46fc2421ebe9cb7	OLP-0722-20260814	source_sha256=2cf102fa76c9cb3c1080901967626539d8da1aa6dda38dddbbc743ae5e883579; source_bytes=3324; target_bytes=3646
OLP-0595	content/set-theory/choice/hartogs.tex	OpenLogicProject/OpenLogic@9620cc73f9c8e0ad003c514a5d3748f29611c4c0	https://github.com/OpenLogicProject/OpenLogic/blob/9620cc73f9c8e0ad003c514a5d3748f29611c4c0/content/set-theory/choice/hartogs.tex	complete	full source unit	source/locale/id/content/set-theory/choice/hartogs.tex	4561b5ffea87734e692f39d846f53b45a9692af26e1eaefdb2bf5f5c0892960d	OLP-0722-20260814	source_sha256=ffe4c3f0a800bd7893a39e68d109ca1eb9662b5f29cda42393cbc5777cf557c4; source_bytes=3605; target_bytes=3891
OLP-0596	content/set-theory/choice/wellorderingproblem.tex	OpenLogicProject/OpenLogic@9620cc73f9c8e0ad003c514a5d3748f29611c4c0	https://github.com/OpenLogicProject/OpenLogic/blob/9620cc73f9c8e0ad003c514a5d3748f29611c4c0/content/set-theory/choice/wellorderingproblem.tex	complete	full source unit	source/locale/id/content/set-theory/choice/wellorderingproblem.tex	31fb9b4d468f3b19723a4eb627fbafa16eb7cfe0f66217209a919454dd6041a0	OLP-0722-20260814	source_sha256=9ca7bb6570d323e7caebb910c975827a9411c1bbe2b4dabd6d41f9ebe2f04fa4; source_bytes=3686; target_bytes=4219
OLP-0597	content/set-theory/choice/countablechoice.tex	OpenLogicProject/OpenLogic@9620cc73f9c8e0ad003c514a5d3748f29611c4c0	https://github.com/OpenLogicProject/OpenLogic/blob/9620cc73f9c8e0ad003c514a5d3748f29611c4c0/content/set-theory/choice/countablechoice.tex	complete	full source unit	source/locale/id/content/set-theory/choice/countablechoice.tex	20dc8dd6816e118a298b127aab4b2c2ea97553b979391dc12dc3bf259b4b477a	OLP-0722-20260814	source_sha256=37ed80e497f07f2c96db1a56b8573d90a6d8421e119f0bc7a2865fa2f534b994; source_bytes=7098; target_bytes=7763
OLP-0598	content/set-theory/choice/justifications.tex	OpenLogicProject/OpenLogic@9620cc73f9c8e0ad003c514a5d3748f29611c4c0	https://github.com/OpenLogicProject/OpenLogic/blob/9620cc73f9c8e0ad003c514a5d3748f29611c4c0/content/set-theory/choice/justifications.tex	complete	full source unit	source/locale/id/content/set-theory/choice/justifications.tex	f0748a7841958ffa2364ce2b7ded29144850e27331a11f2b220e2c1891ce54bc	OLP-0722-20260814	source_sha256=4ad40cf83f5d5fe896183b2bdeb7c9cb2d3879aeb4b1bb4192607241e95c4ed8; source_bytes=2735; target_bytes=3095
OLP-0599	content/set-theory/choice/banach.tex	OpenLogicProject/OpenLogic@9620cc73f9c8e0ad003c514a5d3748f29611c4c0	https://github.com/OpenLogicProject/OpenLogic/blob/9620cc73f9c8e0ad003c514a5d3748f29611c4c0/content/set-theory/choice/banach.tex	complete	full source unit	source/locale/id/content/set-theory/choice/banach.tex	1a9cbe71556774a1ed3230e8e60dc0e9141c40ff175a1f7347c439400303f69d	OLP-0722-20260814	source_sha256=51f2d8e142b4bccd21bc0aa06330ecff874360d32005b34c415955eaaa24943a; source_bytes=3942; target_bytes=4417
OLP-0600	content/set-theory/choice/vitali.tex	OpenLogicProject/OpenLogic@9620cc73f9c8e0ad003c514a5d3748f29611c4c0	https://github.com/OpenLogicProject/OpenLogic/blob/9620cc73f9c8e0ad003c514a5d3748f29611c4c0/content/set-theory/choice/vitali.tex	complete	full source unit	source/locale/id/content/set-theory/choice/vitali.tex	b6ff03f9265a5f3a5a2f33f82bb944ecc96527f62873d634985347807885ae83	OLP-0722-20260814	source_sha256=e9ae48138df4af723de80b69d70d43e2a77f3cc9c0ec680eded3a333c0892b32; source_bytes=12889; target_bytes=13912
OLP-0601	content/methods/methods.tex	OpenLogicProject/OpenLogic@9620cc73f9c8e0ad003c514a5d3748f29611c4c0	https://github.com/OpenLogicProject/OpenLogic/blob/9620cc73f9c8e0ad003c514a5d3748f29611c4c0/content/methods/methods.tex	complete	full source unit	source/locale/id/content/methods/methods.tex	539e85e78decfefc069a8483b98c1232acacf32639d1ed9269d760ec2c5e5783	OLP-0722-20260814	source_sha256=bed9153f391e0937825c1f86e9d808ef90aa3cb93eb33f0ee1a632a4d13aa2b6; source_bytes=619; target_bytes=645
OLP-0602	content/methods/proofs/proofs.tex	OpenLogicProject/OpenLogic@9620cc73f9c8e0ad003c514a5d3748f29611c4c0	https://github.com/OpenLogicProject/OpenLogic/blob/9620cc73f9c8e0ad003c514a5d3748f29611c4c0/content/methods/proofs/proofs.tex	complete	full source unit	source/locale/id/content/methods/proofs/proofs.tex	baf2289d8a772216729afedb7b439f73cff38b31060950f334a4ddecd6d8aa2e	OLP-0722-20260814	source_sha256=26a34bb3d34de40ca0d16d8f1b88d156d3c694d1c7c6e9147454fcc5144c65f6; source_bytes=477; target_bytes=444
OLP-0603	content/methods/proofs/introduction.tex	OpenLogicProject/OpenLogic@9620cc73f9c8e0ad003c514a5d3748f29611c4c0	https://github.com/OpenLogicProject/OpenLogic/blob/9620cc73f9c8e0ad003c514a5d3748f29611c4c0/content/methods/proofs/introduction.tex	complete	full source unit	source/locale/id/content/methods/proofs/introduction.tex	3951b144796535b002baffe2559e6858e825b2da1139014d4ae017a1be902191	OLP-0722-20260814	source_sha256=ae06d0471d8f4c8565a11f9dbd7bb77513f837bb495032b6356cafbaa319ad83; source_bytes=3735; target_bytes=4133
OLP-0604	content/methods/proofs/starting-proofs.tex	OpenLogicProject/OpenLogic@9620cc73f9c8e0ad003c514a5d3748f29611c4c0	https://github.com/OpenLogicProject/OpenLogic/blob/9620cc73f9c8e0ad003c514a5d3748f29611c4c0/content/methods/proofs/starting-proofs.tex	complete	full source unit	source/locale/id/content/methods/proofs/starting-proofs.tex	f830d4ec58411816d1401a10a52a045e0c3b5597860727580926b3a335220d87	OLP-0722-20260814	source_sha256=84908cb7ef78b1ec62e2ccc41376d5bc039c6e44e1855c386d7b112c69d5ce64; source_bytes=1448; target_bytes=1473
OLP-0605	content/methods/proofs/using-definitions.tex	OpenLogicProject/OpenLogic@9620cc73f9c8e0ad003c514a5d3748f29611c4c0	https://github.com/OpenLogicProject/OpenLogic/blob/9620cc73f9c8e0ad003c514a5d3748f29611c4c0/content/methods/proofs/using-definitions.tex	complete	full source unit	source/locale/id/content/methods/proofs/using-definitions.tex	73d932759b74ee767f37ca41672df3103095c115664de02503d71a43e657be27	OLP-0722-20260814	source_sha256=0496b9489f10eb402e2eb91b503c7b522c2e73349e1481ceb9781f2e191a3bce; source_bytes=5369; target_bytes=5673
OLP-0606	content/methods/proofs/inference-patterns.tex	OpenLogicProject/OpenLogic@9620cc73f9c8e0ad003c514a5d3748f29611c4c0	https://github.com/OpenLogicProject/OpenLogic/blob/9620cc73f9c8e0ad003c514a5d3748f29611c4c0/content/methods/proofs/inference-patterns.tex	complete	full source unit	source/locale/id/content/methods/proofs/inference-patterns.tex	fd30b9894c0c7333632b46755f50c9662fe86525f1c3367bdcbb65da000cedeb	OLP-0722-20260814	source_sha256=dec51f23018334023107ecfaa7a2f31fdf964b2b0cb7aebaeeb4e1688ed6dd31; source_bytes=17286; target_bytes=19380
OLP-0607	content/methods/proofs/example-1.tex	OpenLogicProject/OpenLogic@9620cc73f9c8e0ad003c514a5d3748f29611c4c0	https://github.com/OpenLogicProject/OpenLogic/blob/9620cc73f9c8e0ad003c514a5d3748f29611c4c0/content/methods/proofs/example-1.tex	complete	full source unit	source/locale/id/content/methods/proofs/example-1.tex	63015db07a618ffbcdeb8d5af79f26801586ac87d9c96acefe54382381851a42	OLP-0722-20260814	source_sha256=d9536cc5ffc9bcaa7dee417fe8bbfb1c7f7dc99a5abec3fdf5fd58ea4593922a; source_bytes=7955; target_bytes=8751
OLP-0608	content/methods/proofs/example-2.tex	OpenLogicProject/OpenLogic@9620cc73f9c8e0ad003c514a5d3748f29611c4c0	https://github.com/OpenLogicProject/OpenLogic/blob/9620cc73f9c8e0ad003c514a5d3748f29611c4c0/content/methods/proofs/example-2.tex	complete	full source unit	source/locale/id/content/methods/proofs/example-2.tex	0e5ca3dfdd3dc8f1b78112930ac2563ed2e5834bd74d332435d85195842765ee	OLP-0722-20260814	source_sha256=cbef120cea559b153f4e6b828d2fe7942050d3534e3bb61e642fd467f897aa80; source_bytes=4828; target_bytes=5301
OLP-0609	content/methods/proofs/proof-by-contradiction.tex	OpenLogicProject/OpenLogic@9620cc73f9c8e0ad003c514a5d3748f29611c4c0	https://github.com/OpenLogicProject/OpenLogic/blob/9620cc73f9c8e0ad003c514a5d3748f29611c4c0/content/methods/proofs/proof-by-contradiction.tex	complete	full source unit	source/locale/id/content/methods/proofs/proof-by-contradiction.tex	211471f997059e4b757a02d5da1c8027c05a0afedadaa70b32f98df5d7b96462	OLP-0722-20260814	source_sha256=3eda384520d99069031c01f168564f639980118e7fd145ca105e8092fbe438dd; source_bytes=9908; target_bytes=11089
OLP-0610	content/methods/proofs/reading-proofs.tex	OpenLogicProject/OpenLogic@9620cc73f9c8e0ad003c514a5d3748f29611c4c0	https://github.com/OpenLogicProject/OpenLogic/blob/9620cc73f9c8e0ad003c514a5d3748f29611c4c0/content/methods/proofs/reading-proofs.tex	complete	full source unit	source/locale/id/content/methods/proofs/reading-proofs.tex	70f692964afd1c1da8a1d057e9dce1c55b36859f17b4b6c2e49bd4e7bc28dd9d	OLP-0722-20260814	source_sha256=e7c40a1f3481f3529d96e136191c8b9c98b27080ddae1a9cec732d0301775670; source_bytes=4996; target_bytes=5449
OLP-0611	content/methods/proofs/cant-do-it.tex	OpenLogicProject/OpenLogic@9620cc73f9c8e0ad003c514a5d3748f29611c4c0	https://github.com/OpenLogicProject/OpenLogic/blob/9620cc73f9c8e0ad003c514a5d3748f29611c4c0/content/methods/proofs/cant-do-it.tex	complete	full source unit	source/locale/id/content/methods/proofs/cant-do-it.tex	88ad566a260f8c1d7d903848b4879e562aea10b4ccbf5b6e335dc8d58af2ba29	OLP-0722-20260814	source_sha256=47c3b4332e0c28351984e78cba0008e54deb442704710bf7d4f2ffa34e4e6c5e; source_bytes=3042; target_bytes=3522
OLP-0612	content/methods/proofs/resources.tex	OpenLogicProject/OpenLogic@9620cc73f9c8e0ad003c514a5d3748f29611c4c0	https://github.com/OpenLogicProject/OpenLogic/blob/9620cc73f9c8e0ad003c514a5d3748f29611c4c0/content/methods/proofs/resources.tex	complete	full source unit	source/locale/id/content/methods/proofs/resources.tex	1b3c9d0be0ea1635abb12d328797fa80957b309ee7cf8f47f007dc269fb8d5f7	OLP-0722-20260814	source_sha256=69bf95954428e38a55dfca85aa13d62ba2b9992afa406364da4a0b251d86fa44; source_bytes=1619; target_bytes=1627
OLP-0613	content/methods/induction/induction.tex	OpenLogicProject/OpenLogic@9620cc73f9c8e0ad003c514a5d3748f29611c4c0	https://github.com/OpenLogicProject/OpenLogic/blob/9620cc73f9c8e0ad003c514a5d3748f29611c4c0/content/methods/induction/induction.tex	complete	full source unit	source/locale/id/content/methods/induction/induction.tex	c03225951b78ace3f58c6ce0249b5918c40687bfbd46d7db5a8453da829c6f21	OLP-0722-20260814	source_sha256=fe221d57ce250433893679a71d00b74fbe41d562d29cd2299e40502df3271b16; source_bytes=381; target_bytes=355
OLP-0614	content/methods/induction/introduction.tex	OpenLogicProject/OpenLogic@9620cc73f9c8e0ad003c514a5d3748f29611c4c0	https://github.com/OpenLogicProject/OpenLogic/blob/9620cc73f9c8e0ad003c514a5d3748f29611c4c0/content/methods/induction/introduction.tex	complete	full source unit	source/locale/id/content/methods/induction/introduction.tex	b1639cf915b023f721775d7c85e0a60d5a0b705ba4dc43773d6863306094a134	OLP-0722-20260814	source_sha256=7ed230622f1371a6fde2530a9f2037643ee3400ab429c488554f3f3d1a853d59; source_bytes=2327; target_bytes=2410
OLP-0615	content/methods/induction/induction-on-N.tex	OpenLogicProject/OpenLogic@9620cc73f9c8e0ad003c514a5d3748f29611c4c0	https://github.com/OpenLogicProject/OpenLogic/blob/9620cc73f9c8e0ad003c514a5d3748f29611c4c0/content/methods/induction/induction-on-N.tex	complete	full source unit	source/locale/id/content/methods/induction/induction-on-N.tex	5403a439e4978325e592b980b607132843d6dc3e337208a53d40084fcf441e9a	OLP-0722-20260814	source_sha256=3c0d810002766a55df30e29fe1ee6f71aee463a3562fa8590dc43bb7b5b8e072; source_bytes=5965; target_bytes=6660
OLP-0616	content/methods/induction/strong-induction.tex	OpenLogicProject/OpenLogic@9620cc73f9c8e0ad003c514a5d3748f29611c4c0	https://github.com/OpenLogicProject/OpenLogic/blob/9620cc73f9c8e0ad003c514a5d3748f29611c4c0/content/methods/induction/strong-induction.tex	complete	full source unit	source/locale/id/content/methods/induction/strong-induction.tex	4dcc32a042a02402bc53619468298d7416b015534738370e1641bbc838f3f920	OLP-0722-20260814	source_sha256=6bcb6eea209d16b55fcca74181bc548edf6978be7a3b7c48caeb15db712b5eec; source_bytes=2403; target_bytes=2663
OLP-0617	content/methods/induction/inductive-definitions.tex	OpenLogicProject/OpenLogic@9620cc73f9c8e0ad003c514a5d3748f29611c4c0	https://github.com/OpenLogicProject/OpenLogic/blob/9620cc73f9c8e0ad003c514a5d3748f29611c4c0/content/methods/induction/inductive-definitions.tex	complete	full source unit	source/locale/id/content/methods/induction/inductive-definitions.tex	c3adc1a2d10a144ec45130dd39eb8ebde56ee8ccc6cebc32515fec7a84b220b0	OLP-0722-20260814	source_sha256=c9acf225c06feb663a8cc96b505782decfb70d12dd2f76d3cde0627a5b3ea8e1; source_bytes=7003; target_bytes=7639
OLP-0618	content/methods/induction/structural-induction.tex	OpenLogicProject/OpenLogic@9620cc73f9c8e0ad003c514a5d3748f29611c4c0	https://github.com/OpenLogicProject/OpenLogic/blob/9620cc73f9c8e0ad003c514a5d3748f29611c4c0/content/methods/induction/structural-induction.tex	complete	full source unit	source/locale/id/content/methods/induction/structural-induction.tex	97fe1588ba98b4220410b3f75bb8983081747c669c4c86489b9f64e4e4a31192	OLP-0722-20260814	source_sha256=b4cbd21821127a8c6d55063e229d17e4f3ee74b5208769f317192da94df54428; source_bytes=4589; target_bytes=4935
OLP-0619	content/methods/induction/relations.tex	OpenLogicProject/OpenLogic@9620cc73f9c8e0ad003c514a5d3748f29611c4c0	https://github.com/OpenLogicProject/OpenLogic/blob/9620cc73f9c8e0ad003c514a5d3748f29611c4c0/content/methods/induction/relations.tex	complete	full source unit	source/locale/id/content/methods/induction/relations.tex	4925004a1d8947033fd34b935956a0f794ebaad3e88f794c10afb30db5e4ce8a	OLP-0722-20260814	source_sha256=7361c3481d3028c64b48e89a1b784e6cc827acd5aafc7273664ba999a9668c7e; source_bytes=7557; target_bytes=8223
OLP-0620	content/history/history.tex	OpenLogicProject/OpenLogic@9620cc73f9c8e0ad003c514a5d3748f29611c4c0	https://github.com/OpenLogicProject/OpenLogic/blob/9620cc73f9c8e0ad003c514a5d3748f29611c4c0/content/history/history.tex	complete	full source unit	source/locale/id/content/history/history.tex	e15b21198c52c8777d8c52efd31802f440f70a393edd7b52dd81b808beded56b	OLP-0722-20260814	source_sha256=f259aecdfd4ba07957fd0604ae81411ac215b6312f3c4008e4743636c0e4a06c; source_bytes=233; target_bytes=218
OLP-0621	content/history/biographies/biographies.tex	OpenLogicProject/OpenLogic@9620cc73f9c8e0ad003c514a5d3748f29611c4c0	https://github.com/OpenLogicProject/OpenLogic/blob/9620cc73f9c8e0ad003c514a5d3748f29611c4c0/content/history/biographies/biographies.tex	complete	full source unit	source/locale/id/content/history/biographies/biographies.tex	2af96bf39901e50ae0da9b1f5755408f2fdceeee9c30a2e4ad3eda4385a330bd	OLP-0722-20260814	source_sha256=0edbf5468702cdce37345da1a3bd16e8674e66739b8d2af4aab25d507c9436b0; source_bytes=508; target_bytes=431
OLP-0622	content/history/biographies/georg-cantor.tex	OpenLogicProject/OpenLogic@9620cc73f9c8e0ad003c514a5d3748f29611c4c0	https://github.com/OpenLogicProject/OpenLogic/blob/9620cc73f9c8e0ad003c514a5d3748f29611c4c0/content/history/biographies/georg-cantor.tex	complete	full source unit	source/locale/id/content/history/biographies/georg-cantor.tex	81f2650a974ee571ff86f6537c3c9b6aa168cbed7609644392d150e7b7e9f29d	OLP-0722-20260814	source_sha256=bbced7b9e0a88d802138fe1411686d8c8e94d54249eb7d769b5f5b8cec68257a; source_bytes=2026; target_bytes=2025
OLP-0623	content/history/biographies/alonzo-church.tex	OpenLogicProject/OpenLogic@9620cc73f9c8e0ad003c514a5d3748f29611c4c0	https://github.com/OpenLogicProject/OpenLogic/blob/9620cc73f9c8e0ad003c514a5d3748f29611c4c0/content/history/biographies/alonzo-church.tex	complete	full source unit	source/locale/id/content/history/biographies/alonzo-church.tex	da50e8a79b732deec1b1cd8f74fc55feb7fd0f96fd6690342198780cbada6753	OLP-0722-20260814	source_sha256=3709a815983eed2dc646d935097bc9e738ae4666be71eed90824e5ea8ecbfa53; source_bytes=2354; target_bytes=2351
OLP-0624	content/history/biographies/gerhard-gentzen.tex	OpenLogicProject/OpenLogic@9620cc73f9c8e0ad003c514a5d3748f29611c4c0	https://github.com/OpenLogicProject/OpenLogic/blob/9620cc73f9c8e0ad003c514a5d3748f29611c4c0/content/history/biographies/gerhard-gentzen.tex	complete	full source unit	source/locale/id/content/history/biographies/gerhard-gentzen.tex	b284d56fe5eae8b9f4974e74224c0b2af083dbe0a007b06a593789ee94ac7659	OLP-0722-20260814	source_sha256=41ec3f95138582b671a3d9158ad12ddf9199d02ac16b838bb7ebf336b230fd87; source_bytes=3080; target_bytes=2941
OLP-0625	content/history/biographies/kurt-goedel.tex	OpenLogicProject/OpenLogic@9620cc73f9c8e0ad003c514a5d3748f29611c4c0	https://github.com/OpenLogicProject/OpenLogic/blob/9620cc73f9c8e0ad003c514a5d3748f29611c4c0/content/history/biographies/kurt-goedel.tex	complete	full source unit	source/locale/id/content/history/biographies/kurt-goedel.tex	64edd112e7df8fc6b5402bbd52201ba22ac2c32930f819b17008a6a6c91b05c2	OLP-0722-20260814	source_sha256=774b6ae4b65b84158c18a0d1592e62253b88f8440456f2003df0111358975529; source_bytes=3719; target_bytes=3686
OLP-0626	content/history/biographies/emmy-noether.tex	OpenLogicProject/OpenLogic@9620cc73f9c8e0ad003c514a5d3748f29611c4c0	https://github.com/OpenLogicProject/OpenLogic/blob/9620cc73f9c8e0ad003c514a5d3748f29611c4c0/content/history/biographies/emmy-noether.tex	complete	full source unit	source/locale/id/content/history/biographies/emmy-noether.tex	6eea92097401d30d34c9b66b27e0de6a8bc78ed3d272a1cb87d61e753b71a946	OLP-0722-20260814	source_sha256=db8ba1078c0380309e686bb69373a26782ec90539880fff48d2cf4e08b89247b; source_bytes=3810; target_bytes=3940
OLP-0627	content/history/biographies/rozsa-peter.tex	OpenLogicProject/OpenLogic@9620cc73f9c8e0ad003c514a5d3748f29611c4c0	https://github.com/OpenLogicProject/OpenLogic/blob/9620cc73f9c8e0ad003c514a5d3748f29611c4c0/content/history/biographies/rozsa-peter.tex	complete	full source unit	source/locale/id/content/history/biographies/rozsa-peter.tex	9a954d6a3e6f472b28654c5345bae837c0b454697e475754ace979d9558be3ae	OLP-0722-20260814	source_sha256=7f2a2184f5f6fef0e4b236ca0f55db386e9cdb3c241c6296d4ab4f31deff7955; source_bytes=3756; target_bytes=3821
OLP-0628	content/history/biographies/julia-robinson.tex	OpenLogicProject/OpenLogic@9620cc73f9c8e0ad003c514a5d3748f29611c4c0	https://github.com/OpenLogicProject/OpenLogic/blob/9620cc73f9c8e0ad003c514a5d3748f29611c4c0/content/history/biographies/julia-robinson.tex	complete	full source unit	source/locale/id/content/history/biographies/julia-robinson.tex	89570ed90369529f5579f344c2529b27f806848f6feab923dd295e073c4c805a	OLP-0722-20260814	source_sha256=bf33d0298a815add622d73d8c7bab3431eca05379f56a570eb8834fe490b84f0; source_bytes=4861; target_bytes=5110
OLP-0629	content/history/biographies/bertrand-russell.tex	OpenLogicProject/OpenLogic@9620cc73f9c8e0ad003c514a5d3748f29611c4c0	https://github.com/OpenLogicProject/OpenLogic/blob/9620cc73f9c8e0ad003c514a5d3748f29611c4c0/content/history/biographies/bertrand-russell.tex	complete	full source unit	source/locale/id/content/history/biographies/bertrand-russell.tex	faa54e6621c413788c0d90b217ffba04f79908614153ca187f12bf886a9b2abf	OLP-0722-20260814	source_sha256=26988d38ef22124806835047b5cf8155e76655d11c66a86158a14ed07519c081; source_bytes=3364; target_bytes=3392
OLP-0630	content/history/biographies/alfred-tarski.tex	OpenLogicProject/OpenLogic@9620cc73f9c8e0ad003c514a5d3748f29611c4c0	https://github.com/OpenLogicProject/OpenLogic/blob/9620cc73f9c8e0ad003c514a5d3748f29611c4c0/content/history/biographies/alfred-tarski.tex	complete	full source unit	source/locale/id/content/history/biographies/alfred-tarski.tex	d981527cf4ae2e74affbfd864def107246bbaf20a5bb446909168a76eac8e986	OLP-0722-20260814	source_sha256=8203154440eba980439cd72fbbcc3503654c4d023c1eb6721ce9f5120b73895f; source_bytes=2430; target_bytes=2466
OLP-0631	content/history/biographies/alan-turing.tex	OpenLogicProject/OpenLogic@9620cc73f9c8e0ad003c514a5d3748f29611c4c0	https://github.com/OpenLogicProject/OpenLogic/blob/9620cc73f9c8e0ad003c514a5d3748f29611c4c0/content/history/biographies/alan-turing.tex	complete	full source unit	source/locale/id/content/history/biographies/alan-turing.tex	8740df42be31f4faaadc76e8986ef15bfefcebe6ccb290094716bd84783e8bce	OLP-0722-20260814	source_sha256=ec91b61db399f1f5f6421f68bb095df943591c0f0d2428f3bedd36059397c1cd; source_bytes=3694; target_bytes=3767
OLP-0632	content/history/biographies/ernst-zermelo.tex	OpenLogicProject/OpenLogic@9620cc73f9c8e0ad003c514a5d3748f29611c4c0	https://github.com/OpenLogicProject/OpenLogic/blob/9620cc73f9c8e0ad003c514a5d3748f29611c4c0/content/history/biographies/ernst-zermelo.tex	complete	full source unit	source/locale/id/content/history/biographies/ernst-zermelo.tex	568f139cc8b8134cbff0dc513cdfde949f19aec7f41900396db4617e6a65735c	OLP-0722-20260814	source_sha256=d8bfb0c221d8b32c6afd40006964d1e17c320e08b31ff915b1d2a9feb68c82ce; source_bytes=2703; target_bytes=2664
OLP-0633	content/history/set-theory/set-theory.tex	OpenLogicProject/OpenLogic@9620cc73f9c8e0ad003c514a5d3748f29611c4c0	https://github.com/OpenLogicProject/OpenLogic/blob/9620cc73f9c8e0ad003c514a5d3748f29611c4c0/content/history/set-theory/set-theory.tex	complete	full source unit	source/locale/id/content/history/set-theory/set-theory.tex	fef6696946606bbbf96385a9c3bca372c9a0a18603bd0271fb285c5c8f1c6d39	OLP-0722-20260814	source_sha256=82d3ad3c4515616475879c280ebe41e74667f20f6b5a2a055d5ebfed620ae66c; source_bytes=475; target_bytes=454
OLP-0634	content/history/set-theory/infinitesimals.tex	OpenLogicProject/OpenLogic@9620cc73f9c8e0ad003c514a5d3748f29611c4c0	https://github.com/OpenLogicProject/OpenLogic/blob/9620cc73f9c8e0ad003c514a5d3748f29611c4c0/content/history/set-theory/infinitesimals.tex	complete	full source unit	source/locale/id/content/history/set-theory/infinitesimals.tex	269da7f66ce98b0ed97fa1a2f1b37eab96cd67398181ae60d03f705b617154c6	OLP-0722-20260814	source_sha256=3786a8e92d38becf74effa7b233c16f9bca37d5f6b0ac90d7049e71e77118436; source_bytes=4466; target_bytes=4607
OLP-0635	content/history/set-theory/limits.tex	OpenLogicProject/OpenLogic@9620cc73f9c8e0ad003c514a5d3748f29611c4c0	https://github.com/OpenLogicProject/OpenLogic/blob/9620cc73f9c8e0ad003c514a5d3748f29611c4c0/content/history/set-theory/limits.tex	complete	full source unit	source/locale/id/content/history/set-theory/limits.tex	60fea45fbd32ac6b54d118832b4e8120ff3423df1c1d162a3dd08aab856186d7	OLP-0722-20260814	source_sha256=df5d36d65e7abafe7503527229866dfc618527177e567b16ce33ec01c683783d; source_bytes=4097; target_bytes=4279
OLP-0636	content/history/set-theory/pathologies.tex	OpenLogicProject/OpenLogic@9620cc73f9c8e0ad003c514a5d3748f29611c4c0	https://github.com/OpenLogicProject/OpenLogic/blob/9620cc73f9c8e0ad003c514a5d3748f29611c4c0/content/history/set-theory/pathologies.tex	complete	full source unit	source/locale/id/content/history/set-theory/pathologies.tex	7f62b42aa9a92092a304dcfde1c443943efdca977561f81de86a8412444e8fb2	OLP-0722-20260814	source_sha256=e48c454ab4d3058f89b6ce709da28387e9d633459425ffac9cd67b64d3de96e8; source_bytes=5672; target_bytes=5963
OLP-0637	content/history/set-theory/mythology.tex	OpenLogicProject/OpenLogic@9620cc73f9c8e0ad003c514a5d3748f29611c4c0	https://github.com/OpenLogicProject/OpenLogic/blob/9620cc73f9c8e0ad003c514a5d3748f29611c4c0/content/history/set-theory/mythology.tex	complete	full source unit	source/locale/id/content/history/set-theory/mythology.tex	823623638dacf55b2c800309ab9b892988ad807933dbb6194ed7db9c82eaa9e3	OLP-0722-20260814	source_sha256=2ffceffef7cc6445f66391a252c598448190642ea60f60a748c6fe5e6a1ec55e; source_bytes=2243; target_bytes=2506
OLP-0638	content/history/set-theory/cantor-plane.tex	OpenLogicProject/OpenLogic@9620cc73f9c8e0ad003c514a5d3748f29611c4c0	https://github.com/OpenLogicProject/OpenLogic/blob/9620cc73f9c8e0ad003c514a5d3748f29611c4c0/content/history/set-theory/cantor-plane.tex	complete	full source unit	source/locale/id/content/history/set-theory/cantor-plane.tex	51c0c965a0c0fb2bef6733f2cf3c3399ab54044b1743a2945fe5bdc9f4743522	OLP-0722-20260814	source_sha256=6abfeede65f95ac668d6e679053e537b0beb2ffcd566c1cdbdc223b0b767c737; source_bytes=3408; target_bytes=3523
OLP-0639	content/history/set-theory/hilbert-curve.tex	OpenLogicProject/OpenLogic@9620cc73f9c8e0ad003c514a5d3748f29611c4c0	https://github.com/OpenLogicProject/OpenLogic/blob/9620cc73f9c8e0ad003c514a5d3748f29611c4c0/content/history/set-theory/hilbert-curve.tex	complete	full source unit	source/locale/id/content/history/set-theory/hilbert-curve.tex	1968115278dac7200c81468eae33453840b90d49c3a0244fede8c799dd14a6dd	OLP-0722-20260814	source_sha256=bda8e7a38876ea87b03d2564ab16b39e2b1d1d6ec75a73fae27ca1faa73ab832; source_bytes=8390; target_bytes=8006
OLP-0640	content/reference/reference.tex	OpenLogicProject/OpenLogic@9620cc73f9c8e0ad003c514a5d3748f29611c4c0	https://github.com/OpenLogicProject/OpenLogic/blob/9620cc73f9c8e0ad003c514a5d3748f29611c4c0/content/reference/reference.tex	complete	full source unit	source/locale/id/content/reference/reference.tex	108ceb67af2712d4e09d9cb4f300e307909587cd36cb34e93228297e0eb07477	OLP-0722-20260814	source_sha256=1e302b41c3baef0828d08807ae0e2d0579d07aeb7247a1dd2a6a8679a31208ed; source_bytes=426; target_bytes=420
OLP-0641	content/reference/greek-alphabet/greek-alphabet.tex	OpenLogicProject/OpenLogic@9620cc73f9c8e0ad003c514a5d3748f29611c4c0	https://github.com/OpenLogicProject/OpenLogic/blob/9620cc73f9c8e0ad003c514a5d3748f29611c4c0/content/reference/greek-alphabet/greek-alphabet.tex	complete	full source unit	source/locale/id/content/reference/greek-alphabet/greek-alphabet.tex	27509dd261046e474e6b05a1e87ffa16bee33a5f8c06e8fc467c6ccc3d07371c	OLP-0722-20260814	source_sha256=8f30ac2b643a8da42255f860baa3176b2ce87110d0f4a504cda6155c4b99c8c6; source_bytes=1017; target_bytes=970
OLP-0642	content/reference/fraktur-alphabet/fraktur-alphabet.tex	OpenLogicProject/OpenLogic@9620cc73f9c8e0ad003c514a5d3748f29611c4c0	https://github.com/OpenLogicProject/OpenLogic/blob/9620cc73f9c8e0ad003c514a5d3748f29611c4c0/content/reference/fraktur-alphabet/fraktur-alphabet.tex	complete	full source unit	source/locale/id/content/reference/fraktur-alphabet/fraktur-alphabet.tex	3201f4262b46cdd833820eb3eaff48364b69f0fa6fbebd4f1964f7a4c642b8fc	OLP-0722-20260814	source_sha256=746ec51566b461c16bdf153e75b4cac0655a5f34b21f17be95a878448a577e41; source_bytes=1527; target_bytes=1480
OLP-0643	content/first-order-logic/axiomatic-deduction/provability.tex	OpenLogicProject/OpenLogic@9620cc73f9c8e0ad003c514a5d3748f29611c4c0	https://github.com/OpenLogicProject/OpenLogic/blob/9620cc73f9c8e0ad003c514a5d3748f29611c4c0/content/first-order-logic/axiomatic-deduction/provability.tex	complete	full source unit	source/locale/id/content/first-order-logic/axiomatic-deduction/provability.tex	d891f49a2f8da49bcb93e3f7763a77ce7d084549aedec733244853d2b726ce3f	OLP-0722-20260814	source_sha256=ce39569c807bdbe83a1d43638f94af123c5551e2c01487e7b38ef4c373d89022; source_bytes=12102; target_bytes=12280
OLP-0644	content/first-order-logic/completeness/maximally-consistent-sets.tex	OpenLogicProject/OpenLogic@9620cc73f9c8e0ad003c514a5d3748f29611c4c0	https://github.com/OpenLogicProject/OpenLogic/blob/9620cc73f9c8e0ad003c514a5d3748f29611c4c0/content/first-order-logic/completeness/maximally-consistent-sets.tex	complete	full source unit	source/locale/id/content/first-order-logic/completeness/maximally-consistent-sets.tex	71767965a88040c934b9dad9a0c26cc1df4b1297ba62c6debc8bacdee6625050	OLP-0722-20260814	source_sha256=c369885c6575d5106d042c4da0eca79b3bece0e49dcaf1e165d27691343ca82c; source_bytes=7179; target_bytes=7568
OLP-0645	content/first-order-logic/syntax-and-semantics/introduction.tex	OpenLogicProject/OpenLogic@9620cc73f9c8e0ad003c514a5d3748f29611c4c0	https://github.com/OpenLogicProject/OpenLogic/blob/9620cc73f9c8e0ad003c514a5d3748f29611c4c0/content/first-order-logic/syntax-and-semantics/introduction.tex	complete	full source unit	source/locale/id/content/first-order-logic/syntax-and-semantics/introduction.tex	c7572c0de1afb67222324798d302c460d76e2cae7426b510dc2abaf8e81c9c7f	OLP-0722-20260814	source_sha256=88e9446773c05e0441662edac722b4bac4d10fc1793e0e924abc3488266b3c22; source_bytes=3648; target_bytes=3738
OLP-0646	content/first-order-logic/syntax-and-semantics/syntax-and-semantics.tex	OpenLogicProject/OpenLogic@9620cc73f9c8e0ad003c514a5d3748f29611c4c0	https://github.com/OpenLogicProject/OpenLogic/blob/9620cc73f9c8e0ad003c514a5d3748f29611c4c0/content/first-order-logic/syntax-and-semantics/syntax-and-semantics.tex	complete	full source unit	source/locale/id/content/first-order-logic/syntax-and-semantics/syntax-and-semantics.tex	69acd17db788b2ebd440894a79331b3dc94953966b27556d7d359ceb558c4c08	OLP-0722-20260814	source_sha256=1880c6998c14e22cab80c82e365930f3d21a109bed8cbff73f0af1f493cfaa09; source_bytes=675; target_bytes=631
OLP-0647	content/incompleteness/representability-in-q/c-representable.tex	OpenLogicProject/OpenLogic@9620cc73f9c8e0ad003c514a5d3748f29611c4c0	https://github.com/OpenLogicProject/OpenLogic/blob/9620cc73f9c8e0ad003c514a5d3748f29611c4c0/content/incompleteness/representability-in-q/c-representable.tex	complete	full source unit	source/locale/id/content/incompleteness/representability-in-q/c-representable.tex	bb89b07d229a964e070df60499469a852514a57ca495d2fc4490ec3a1080c0de	OLP-0722-20260814	source_sha256=0703dafc87bb4ccd5c6eeb697d51c70f9baac3cacca4d464f007210d9e873216; source_bytes=7773; target_bytes=8733
OLP-0648	content/incompleteness/representability-in-q/c.tex	OpenLogicProject/OpenLogic@9620cc73f9c8e0ad003c514a5d3748f29611c4c0	https://github.com/OpenLogicProject/OpenLogic/blob/9620cc73f9c8e0ad003c514a5d3748f29611c4c0/content/incompleteness/representability-in-q/c.tex	complete	full source unit	source/locale/id/content/incompleteness/representability-in-q/c.tex	58c59c302206a9d94ccc30ed184373544b38ff227effea4275dd3d7df18ac705	OLP-0722-20260814	source_sha256=6a6a1f8aaa86664555249c132e8ffc3b4d6cc1b3cccd1a71c3259410202b0752; source_bytes=1118; target_bytes=1173
OLP-0649	content/intuitionistic-logic/semantics/propositions.tex	OpenLogicProject/OpenLogic@9620cc73f9c8e0ad003c514a5d3748f29611c4c0	https://github.com/OpenLogicProject/OpenLogic/blob/9620cc73f9c8e0ad003c514a5d3748f29611c4c0/content/intuitionistic-logic/semantics/propositions.tex	complete	full source unit	source/locale/id/content/intuitionistic-logic/semantics/propositions.tex	1baaeb11f947cab4f202d6f4f6ccea1f9893f10fbb9d0fab26acf2fd0873422b	OLP-0722-20260814	source_sha256=2b6f494870916b37912a5208ed6e9203b0631f9538169a7e9a5a825e51802061; source_bytes=1407; target_bytes=1465
OLP-0650	content/lambda-calculus/lambda-definability/lists.tex	OpenLogicProject/OpenLogic@9620cc73f9c8e0ad003c514a5d3748f29611c4c0	https://github.com/OpenLogicProject/OpenLogic/blob/9620cc73f9c8e0ad003c514a5d3748f29611c4c0/content/lambda-calculus/lambda-definability/lists.tex	complete	full source unit	source/locale/id/content/lambda-calculus/lambda-definability/lists.tex	4be048718f57285ca28cbf3b7b0b393c7e014cf28f7eb9c741664123b909fdc1	OLP-0722-20260814	source_sha256=c7121718f9c43522034b81adec1250c53177131538ffcfc8aceca2762a17b1bd; source_bytes=1703; target_bytes=1795
OLP-0651	content/lambda-calculus/syntax/conversion.tex	OpenLogicProject/OpenLogic@9620cc73f9c8e0ad003c514a5d3748f29611c4c0	https://github.com/OpenLogicProject/OpenLogic/blob/9620cc73f9c8e0ad003c514a5d3748f29611c4c0/content/lambda-calculus/syntax/conversion.tex	complete	full source unit	source/locale/id/content/lambda-calculus/syntax/conversion.tex	6354ee787e77dd45200371f3b656d6e381fde9469b1690b2150e4d9c4e573661	OLP-0722-20260814	source_sha256=fa3c320d448b1b0ae122af52bcd4db08771cb04568874d2e77e58f73345248d9; source_bytes=659; target_bytes=638
OLP-0652	content/many-valued-logic/sequent-calculus/proof-theoretic-notions.tex	OpenLogicProject/OpenLogic@9620cc73f9c8e0ad003c514a5d3748f29611c4c0	https://github.com/OpenLogicProject/OpenLogic/blob/9620cc73f9c8e0ad003c514a5d3748f29611c4c0/content/many-valued-logic/sequent-calculus/proof-theoretic-notions.tex	complete	full source unit	source/locale/id/content/many-valued-logic/sequent-calculus/proof-theoretic-notions.tex	47f0434f112bdf1cb48a98b728bed3764c48dabebd1077411ef1786777635e33	OLP-0722-20260814	source_sha256=932f852e0aa0fbcfeb0398de561bdcfab8be88a8865fdad6d54b68fdbe0d9ec0; source_bytes=5882; target_bytes=6232
OLP-0653	content/model-theory/basics/nonstandard-arithmetic.tex	OpenLogicProject/OpenLogic@9620cc73f9c8e0ad003c514a5d3748f29611c4c0	https://github.com/OpenLogicProject/OpenLogic/blob/9620cc73f9c8e0ad003c514a5d3748f29611c4c0/content/model-theory/basics/nonstandard-arithmetic.tex	complete	full source unit	source/locale/id/content/model-theory/basics/nonstandard-arithmetic.tex	bb810598cb1082b71860caf6d1178a7d8c34feddaa4a1bb54ba8eda62bf13706	OLP-0722-20260814	source_sha256=dd7b887e3d6de8666302d81e5049e5de34c22701b3fbcc2ad33cb2f29a0b8948; source_bytes=11319; target_bytes=11837
OLP-0654	content/normal-modal-logic/syntax-and-semantics/normal-modal-logics.tex	OpenLogicProject/OpenLogic@9620cc73f9c8e0ad003c514a5d3748f29611c4c0	https://github.com/OpenLogicProject/OpenLogic/blob/9620cc73f9c8e0ad003c514a5d3748f29611c4c0/content/normal-modal-logic/syntax-and-semantics/normal-modal-logics.tex	complete	full source unit	source/locale/id/content/normal-modal-logic/syntax-and-semantics/normal-modal-logics.tex	080b3bb0d97a56b43e82332cd465034e5482acec419c06e5781e066e04930718	OLP-0722-20260814	source_sha256=fef4ca446bce14d7a56030aed9e59c929a7a3c262850b88077498beba1a856ef; source_bytes=2444; target_bytes=2522
OLP-0655	content/proof-theory/cut-elimination/ce-largest.tex	OpenLogicProject/OpenLogic@9620cc73f9c8e0ad003c514a5d3748f29611c4c0	https://github.com/OpenLogicProject/OpenLogic/blob/9620cc73f9c8e0ad003c514a5d3748f29611c4c0/content/proof-theory/cut-elimination/ce-largest.tex	complete	full source unit	source/locale/id/content/proof-theory/cut-elimination/ce-largest.tex	5d8f129c59724261c30ad1ef1972518eb5df500e56d7dcf0701bd50fa48645b3	OLP-0722-20260814	source_sha256=64ec0682ec49bb67f7e7078f615bf988dea82ff6061a577f8b8d2321480e340f; source_bytes=14795; target_bytes=15894
OLP-0656	content/proof-theory/cut-elimination/ce-topmost.tex	OpenLogicProject/OpenLogic@9620cc73f9c8e0ad003c514a5d3748f29611c4c0	https://github.com/OpenLogicProject/OpenLogic/blob/9620cc73f9c8e0ad003c514a5d3748f29611c4c0/content/proof-theory/cut-elimination/ce-topmost.tex	complete	full source unit	source/locale/id/content/proof-theory/cut-elimination/ce-topmost.tex	28cb07cc93abbd0cdd9e380ec5454457a0fd16407fcf62e93b5bbb2ca172f084	OLP-0722-20260814	source_sha256=23f7c0ab26f8ab7c5db86c56f83287df46fc8dd6473632632b77ea59bfea7a80; source_bytes=23540; target_bytes=24361
OLP-0657	content/proof-theory/cut-elimination/cut-elimination.tex	OpenLogicProject/OpenLogic@9620cc73f9c8e0ad003c514a5d3748f29611c4c0	https://github.com/OpenLogicProject/OpenLogic/blob/9620cc73f9c8e0ad003c514a5d3748f29611c4c0/content/proof-theory/cut-elimination/cut-elimination.tex	complete	full source unit	source/locale/id/content/proof-theory/cut-elimination/cut-elimination.tex	38ed851a28fbdd71fd4ac9be43936df09eba03c3d845dea04abc32153697b3ad	OLP-0722-20260814	source_sha256=e99ff46f34ae092bc70018d621f18bfc6b5b08957f62eb5a81ec2615c2fd8953; source_bytes=336; target_bytes=321
OLP-0658	content/proof-theory/cut-elimination/interpolation.tex	OpenLogicProject/OpenLogic@9620cc73f9c8e0ad003c514a5d3748f29611c4c0	https://github.com/OpenLogicProject/OpenLogic/blob/9620cc73f9c8e0ad003c514a5d3748f29611c4c0/content/proof-theory/cut-elimination/interpolation.tex	complete	full source unit	source/locale/id/content/proof-theory/cut-elimination/interpolation.tex	6d93197819947e4e7dfb67566a04821a1260bf7da1ce07fac1308d280dc3088a	OLP-0722-20260814	source_sha256=bbc03497792453598681584f4aa58b8a9bbcac9c3fb288fd71c794e1cfed6a0c; source_bytes=26938; target_bytes=27818
OLP-0659	content/proof-theory/cut-elimination/introduction.tex	OpenLogicProject/OpenLogic@9620cc73f9c8e0ad003c514a5d3748f29611c4c0	https://github.com/OpenLogicProject/OpenLogic/blob/9620cc73f9c8e0ad003c514a5d3748f29611c4c0/content/proof-theory/cut-elimination/introduction.tex	complete	full source unit	source/locale/id/content/proof-theory/cut-elimination/introduction.tex	b1225ad139167450e222b3659d44b47017357d790af89181cee4d72edd1c6c23	OLP-0722-20260814	source_sha256=29f5d3373c0ead285b26a31c1349d79eadb0d871fdb8b9b2c8e4e7fcaa8f012c; source_bytes=5370; target_bytes=5876
OLP-0660	content/proof-theory/cut-elimination/intuitionistic.tex	OpenLogicProject/OpenLogic@9620cc73f9c8e0ad003c514a5d3748f29611c4c0	https://github.com/OpenLogicProject/OpenLogic/blob/9620cc73f9c8e0ad003c514a5d3748f29611c4c0/content/proof-theory/cut-elimination/intuitionistic.tex	complete	full source unit	source/locale/id/content/proof-theory/cut-elimination/intuitionistic.tex	cd66b52983e99a101932bbda703a9bba75091b3e7ac612ecc99b9905b5447f56	OLP-0722-20260814	source_sha256=860312dea2eabc1f0dad2257edf368b5a6f2202a4760401495485bf8d5299c25; source_bytes=2202; target_bytes=2255
OLP-0661	content/proof-theory/cut-elimination/midsequent.tex	OpenLogicProject/OpenLogic@9620cc73f9c8e0ad003c514a5d3748f29611c4c0	https://github.com/OpenLogicProject/OpenLogic/blob/9620cc73f9c8e0ad003c514a5d3748f29611c4c0/content/proof-theory/cut-elimination/midsequent.tex	complete	full source unit	source/locale/id/content/proof-theory/cut-elimination/midsequent.tex	d50dcaadef3c7b1239c73ec8cf12d212275dc3b5aacdf084f2e36548b23d068b	OLP-0722-20260814	source_sha256=43256252e3edd0d03b8e10d16dc26bb972c63982700e939e92341e2cd4fb1714; source_bytes=11995; target_bytes=12429
OLP-0662	content/proof-theory/natural-deduction/grafting.tex	OpenLogicProject/OpenLogic@9620cc73f9c8e0ad003c514a5d3748f29611c4c0	https://github.com/OpenLogicProject/OpenLogic/blob/9620cc73f9c8e0ad003c514a5d3748f29611c4c0/content/proof-theory/natural-deduction/grafting.tex	complete	full source unit	source/locale/id/content/proof-theory/natural-deduction/grafting.tex	52b02e027cce2882ea41ba942353420c21507fcc3b07297d4f361d35d21ddc53	OLP-0722-20260814	source_sha256=36f20c49cf1442555849d58b691558280acacf07ed706376ca96b41fec5ce367; source_bytes=3259; target_bytes=3471
OLP-0663	content/proof-theory/natural-deduction/introduction.tex	OpenLogicProject/OpenLogic@9620cc73f9c8e0ad003c514a5d3748f29611c4c0	https://github.com/OpenLogicProject/OpenLogic/blob/9620cc73f9c8e0ad003c514a5d3748f29611c4c0/content/proof-theory/natural-deduction/introduction.tex	complete	full source unit	source/locale/id/content/proof-theory/natural-deduction/introduction.tex	5bb09b25b6e5f17e908349968203347695d94479eb744b47d3a87a8aa00f245e	OLP-0722-20260814	source_sha256=4a7afe4fd8c0f248d291ad17853b266b4150a6fd53a0635013c488aabbc7018b; source_bytes=5405; target_bytes=5892
OLP-0664	content/proof-theory/natural-deduction/natural-deduction.tex	OpenLogicProject/OpenLogic@9620cc73f9c8e0ad003c514a5d3748f29611c4c0	https://github.com/OpenLogicProject/OpenLogic/blob/9620cc73f9c8e0ad003c514a5d3748f29611c4c0/content/proof-theory/natural-deduction/natural-deduction.tex	complete	full source unit	source/locale/id/content/proof-theory/natural-deduction/natural-deduction.tex	e30a58006081ee98483f399997864ebb3d2da710374409a1f86d126f5b3104dc	OLP-0722-20260814	source_sha256=3d1b130e65a4988520a1a0e0bfb1b72c140d5279b23cebd995f01d69755083f6; source_bytes=392; target_bytes=368
OLP-0665	content/proof-theory/natural-deduction/quantifiers.tex	OpenLogicProject/OpenLogic@9620cc73f9c8e0ad003c514a5d3748f29611c4c0	https://github.com/OpenLogicProject/OpenLogic/blob/9620cc73f9c8e0ad003c514a5d3748f29611c4c0/content/proof-theory/natural-deduction/quantifiers.tex	complete	full source unit	source/locale/id/content/proof-theory/natural-deduction/quantifiers.tex	2e8f2e8ddc6f1d19faeb84467c5a3aa6070f538bc6b672eac02001cde866540f	OLP-0722-20260814	source_sha256=f659fa8c840e145231972ce409fbbde75eeb7e42ec4cefc4f4317b244c83a528; source_bytes=7437; target_bytes=8057
OLP-0666	content/proof-theory/natural-deduction/rules-N1.tex	OpenLogicProject/OpenLogic@9620cc73f9c8e0ad003c514a5d3748f29611c4c0	https://github.com/OpenLogicProject/OpenLogic/blob/9620cc73f9c8e0ad003c514a5d3748f29611c4c0/content/proof-theory/natural-deduction/rules-N1.tex	complete	full source unit	source/locale/id/content/proof-theory/natural-deduction/rules-N1.tex	2858706c8d6ec7ab779bf7ecc9a8da59223af434d545054bb71a86c71aeb6df0	OLP-0722-20260814	source_sha256=235d43cc5cf2fb2c3730d1fdd08cebffa5a5c618ea4cf6e49dafec7a1782ee0c; source_bytes=2784; target_bytes=2655
OLP-0667	content/proof-theory/natural-deduction/rules-N2.tex	OpenLogicProject/OpenLogic@9620cc73f9c8e0ad003c514a5d3748f29611c4c0	https://github.com/OpenLogicProject/OpenLogic/blob/9620cc73f9c8e0ad003c514a5d3748f29611c4c0/content/proof-theory/natural-deduction/rules-N2.tex	complete	full source unit	source/locale/id/content/proof-theory/natural-deduction/rules-N2.tex	b4b57a98d541cda5efab8931b730e3a4e23301e83ebf7d39752b6002ff3a7e9d	OLP-0722-20260814	source_sha256=de8762e959e0af5bbe4408c47e504971dd708b417ae05b4d4d68a09a0f9491dd; source_bytes=2991; target_bytes=2882
OLP-0668	content/proof-theory/natural-deduction/rules-proofs.tex	OpenLogicProject/OpenLogic@9620cc73f9c8e0ad003c514a5d3748f29611c4c0	https://github.com/OpenLogicProject/OpenLogic/blob/9620cc73f9c8e0ad003c514a5d3748f29611c4c0/content/proof-theory/natural-deduction/rules-proofs.tex	complete	full source unit	source/locale/id/content/proof-theory/natural-deduction/rules-proofs.tex	3fb24cdd11118ed4735ddb7280b70b9cd4a817262592369d83497394c56ffb2c	OLP-0722-20260814	source_sha256=401980e35bc8666a063fa4c30c545afd56cb0e5a95993c1c710e8e0cb15509e1; source_bytes=11080; target_bytes=11270
OLP-0669	content/proof-theory/natural-deduction/sequents.tex	OpenLogicProject/OpenLogic@9620cc73f9c8e0ad003c514a5d3748f29611c4c0	https://github.com/OpenLogicProject/OpenLogic/blob/9620cc73f9c8e0ad003c514a5d3748f29611c4c0/content/proof-theory/natural-deduction/sequents.tex	complete	full source unit	source/locale/id/content/proof-theory/natural-deduction/sequents.tex	f02e7720e9a0ab70e108f37504a7bc140b26ac3c00dabfeb20429b2cc8a100a4	OLP-0722-20260814	source_sha256=7bbcd1e76eea4d6e21e06a63ce38207f393e0e326d4a1c089f2ba2289cb2c865; source_bytes=5778; target_bytes=5989
OLP-0670	content/proof-theory/natural-deduction/translation-G2i.tex	OpenLogicProject/OpenLogic@9620cc73f9c8e0ad003c514a5d3748f29611c4c0	https://github.com/OpenLogicProject/OpenLogic/blob/9620cc73f9c8e0ad003c514a5d3748f29611c4c0/content/proof-theory/natural-deduction/translation-G2i.tex	complete	full source unit	source/locale/id/content/proof-theory/natural-deduction/translation-G2i.tex	3b87e8b17f57d33833705116c72c8763bb0d1169fdd5fb981e521ad4e9a5ec72	OLP-0722-20260814	source_sha256=77ca62c0fbd87b5453d2e3684f3bc8fc4552267948dd31c62cd9093c77472393; source_bytes=8642; target_bytes=9100
OLP-0671	content/proof-theory/natural-deduction/translation-N2i.tex	OpenLogicProject/OpenLogic@9620cc73f9c8e0ad003c514a5d3748f29611c4c0	https://github.com/OpenLogicProject/OpenLogic/blob/9620cc73f9c8e0ad003c514a5d3748f29611c4c0/content/proof-theory/natural-deduction/translation-N2i.tex	complete	full source unit	source/locale/id/content/proof-theory/natural-deduction/translation-N2i.tex	0b7c876a07c75bec52c820fe0e95bf1ddcd9a8b4a3330b5545e441c67aff33af	OLP-0722-20260814	source_sha256=d86df7cf8214e1be21b79edb8b2403189d9e5aea9655c9d0a289f15a06f70085; source_bytes=4372; target_bytes=4706
OLP-0672	content/proof-theory/normalization/introduction.tex	OpenLogicProject/OpenLogic@9620cc73f9c8e0ad003c514a5d3748f29611c4c0	https://github.com/OpenLogicProject/OpenLogic/blob/9620cc73f9c8e0ad003c514a5d3748f29611c4c0/content/proof-theory/normalization/introduction.tex	complete	full source unit	source/locale/id/content/proof-theory/normalization/introduction.tex	d011e451990b04f26b7e816a10594007d6ccb017f478898715e1137bb48e6691	OLP-0722-20260814	source_sha256=e7d822cb037c302eab15903e0b9111f4143cf9feab4dbb2e22e8c3411bc88f89; source_bytes=2448; target_bytes=2619
OLP-0673	content/proof-theory/normalization/normalization-thm.tex	OpenLogicProject/OpenLogic@9620cc73f9c8e0ad003c514a5d3748f29611c4c0	https://github.com/OpenLogicProject/OpenLogic/blob/9620cc73f9c8e0ad003c514a5d3748f29611c4c0/content/proof-theory/normalization/normalization-thm.tex	complete	full source unit	source/locale/id/content/proof-theory/normalization/normalization-thm.tex	b671cae587b951156bd9bdab658966923472c74b947087fa98be54cbc260bf6b	OLP-0722-20260814	source_sha256=9d53604ab4e2466f9f7494374dd967a9f267ea1cb1843860c088444af7b56862; source_bytes=2318; target_bytes=2475
OLP-0674	content/proof-theory/normalization/normalization.tex	OpenLogicProject/OpenLogic@9620cc73f9c8e0ad003c514a5d3748f29611c4c0	https://github.com/OpenLogicProject/OpenLogic/blob/9620cc73f9c8e0ad003c514a5d3748f29611c4c0/content/proof-theory/normalization/normalization.tex	complete	full source unit	source/locale/id/content/proof-theory/normalization/normalization.tex	450782567e23910f44a829be01b2d7c0585dd5ac90df65acd25f5be0add759b6	OLP-0722-20260814	source_sha256=be1be227ff38872ed4194551daf55be05c765cf66e83498cc08d0d6c8844cd57; source_bytes=361; target_bytes=340
OLP-0675	content/proof-theory/normalization/permutations.tex	OpenLogicProject/OpenLogic@9620cc73f9c8e0ad003c514a5d3748f29611c4c0	https://github.com/OpenLogicProject/OpenLogic/blob/9620cc73f9c8e0ad003c514a5d3748f29611c4c0/content/proof-theory/normalization/permutations.tex	complete	full source unit	source/locale/id/content/proof-theory/normalization/permutations.tex	618d108a5ca46ab67dc981072958f6b780983eac437374e9f3e9f39b597afa78	OLP-0722-20260814	source_sha256=594005d50c359946d7ff673f0b6eb86dcf0c56e8cd9bd001a66981bdf6602310; source_bytes=12368; target_bytes=12181
OLP-0676	content/proof-theory/normalization/reductions.tex	OpenLogicProject/OpenLogic@9620cc73f9c8e0ad003c514a5d3748f29611c4c0	https://github.com/OpenLogicProject/OpenLogic/blob/9620cc73f9c8e0ad003c514a5d3748f29611c4c0/content/proof-theory/normalization/reductions.tex	complete	full source unit	source/locale/id/content/proof-theory/normalization/reductions.tex	a3885328f9b6bf47587db28b16253a6d9dbf5637a4c203af25508fa5810ff8d0	OLP-0722-20260814	source_sha256=97d1a7e894ca1acaceafe77023cda83c19b85717dc5e97f5b5bd0ef751d0d419; source_bytes=10426; target_bytes=10631
OLP-0677	content/proof-theory/normalization/segments.tex	OpenLogicProject/OpenLogic@9620cc73f9c8e0ad003c514a5d3748f29611c4c0	https://github.com/OpenLogicProject/OpenLogic/blob/9620cc73f9c8e0ad003c514a5d3748f29611c4c0/content/proof-theory/normalization/segments.tex	complete	full source unit	source/locale/id/content/proof-theory/normalization/segments.tex	8e00e940061ed11183197e05ad455084f0acd0b2d1a949c47060ca75a1c469de	OLP-0722-20260814	source_sha256=d010c5a559ecb648995f44d8a7da6150a6979e61f5ada1a10990fc149ddde243; source_bytes=3790; target_bytes=3908
OLP-0678	content/proof-theory/normalization/translations.tex	OpenLogicProject/OpenLogic@9620cc73f9c8e0ad003c514a5d3748f29611c4c0	https://github.com/OpenLogicProject/OpenLogic/blob/9620cc73f9c8e0ad003c514a5d3748f29611c4c0/content/proof-theory/normalization/translations.tex	complete	full source unit	source/locale/id/content/proof-theory/normalization/translations.tex	cba23782740d2541c363f79603c39142e297a6f99cbc094d43e68a70e3236999	OLP-0722-20260814	source_sha256=a4c49477d57cd7f79e43992953978e3c672db43ff1d0010edb42603665ba34f4; source_bytes=13305; target_bytes=13796
OLP-0679	content/proof-theory/proof-search/completeness.tex	OpenLogicProject/OpenLogic@9620cc73f9c8e0ad003c514a5d3748f29611c4c0	https://github.com/OpenLogicProject/OpenLogic/blob/9620cc73f9c8e0ad003c514a5d3748f29611c4c0/content/proof-theory/proof-search/completeness.tex	complete	full source unit	source/locale/id/content/proof-theory/proof-search/completeness.tex	eb027ed62fb784b4267dac2ad0f662eb35076f68ac76d08d3141193db90c51bf	OLP-0722-20260814	source_sha256=e5bb86c0415c28d010d433610349f0b1defa84eb33d80a5f8242dcb1c6308840; source_bytes=9192; target_bytes=9749
OLP-0680	content/proof-theory/proof-search/introduction.tex	OpenLogicProject/OpenLogic@9620cc73f9c8e0ad003c514a5d3748f29611c4c0	https://github.com/OpenLogicProject/OpenLogic/blob/9620cc73f9c8e0ad003c514a5d3748f29611c4c0/content/proof-theory/proof-search/introduction.tex	complete	full source unit	source/locale/id/content/proof-theory/proof-search/introduction.tex	06fc95fec10d06a655961f9140600bfce3603dfb723839b4a0894439aeb06002	OLP-0722-20260814	source_sha256=8f6b2e6c0ec8a7e1a00ef22d7f840643b6fa02aa8b7b9e2e09b40e6efd60933b; source_bytes=6621; target_bytes=7171
OLP-0681	content/proof-theory/proof-search/proof-search.tex	OpenLogicProject/OpenLogic@9620cc73f9c8e0ad003c514a5d3748f29611c4c0	https://github.com/OpenLogicProject/OpenLogic/blob/9620cc73f9c8e0ad003c514a5d3748f29611c4c0/content/proof-theory/proof-search/proof-search.tex	complete	full source unit	source/locale/id/content/proof-theory/proof-search/proof-search.tex	bf53f354b1d22908961b025690daa304a7edb647e4b42288d4f01702c8e73676	OLP-0722-20260814	source_sha256=034e18d6cebbf15dc804eb5bb383e4a989f2bba60613d5ec59668bb03c5075e8; source_bytes=309; target_bytes=295
OLP-0682	content/proof-theory/proof-search/rules-Tc.tex	OpenLogicProject/OpenLogic@9620cc73f9c8e0ad003c514a5d3748f29611c4c0	https://github.com/OpenLogicProject/OpenLogic/blob/9620cc73f9c8e0ad003c514a5d3748f29611c4c0/content/proof-theory/proof-search/rules-Tc.tex	complete	full source unit	source/locale/id/content/proof-theory/proof-search/rules-Tc.tex	929cd9bc417a03dc9480d3170ec50520c6f7c72b9aa70955f7b27bbee131b8d6	OLP-0722-20260814	source_sha256=c0938bb04a66e01c9abbe93289be6fce6c185cb032b1415b4a8a03d6fa542a38; source_bytes=2240; target_bytes=2174
OLP-0683	content/proof-theory/proof-search/search-algorithm.tex	OpenLogicProject/OpenLogic@9620cc73f9c8e0ad003c514a5d3748f29611c4c0	https://github.com/OpenLogicProject/OpenLogic/blob/9620cc73f9c8e0ad003c514a5d3748f29611c4c0/content/proof-theory/proof-search/search-algorithm.tex	complete	full source unit	source/locale/id/content/proof-theory/proof-search/search-algorithm.tex	1240c56c8e3674c664daa6a68750cb726dd5ad7bbd1111daae17e66df8dffaa7	OLP-0722-20260814	source_sha256=cb91e07077ec7c1eccf4abef3ff86af7c4dd21838986adff2fac5037439be095; source_bytes=6758; target_bytes=7261
OLP-0684	content/proof-theory/proof-search/tableaux.tex	OpenLogicProject/OpenLogic@9620cc73f9c8e0ad003c514a5d3748f29611c4c0	https://github.com/OpenLogicProject/OpenLogic/blob/9620cc73f9c8e0ad003c514a5d3748f29611c4c0/content/proof-theory/proof-search/tableaux.tex	complete	full source unit	source/locale/id/content/proof-theory/proof-search/tableaux.tex	c8fc871ce3d5237feea49c4eeeb8315cb93bde12f6f3433eaf1765c1eaab0fde	OLP-0722-20260814	source_sha256=21be4b2a208c359f5fd90b18911e1363fbb03292d09a8d8a756707abae255884; source_bytes=8777; target_bytes=8993
OLP-0685	content/proof-theory/proof-theory.tex	OpenLogicProject/OpenLogic@9620cc73f9c8e0ad003c514a5d3748f29611c4c0	https://github.com/OpenLogicProject/OpenLogic/blob/9620cc73f9c8e0ad003c514a5d3748f29611c4c0/content/proof-theory/proof-theory.tex	complete	full source unit	source/locale/id/content/proof-theory/proof-theory.tex	0df2107f166da059665b355995984d2778f6de0805bf391f7f09c80a2d242902	OLP-0722-20260814	source_sha256=8f25f4d43c10bb3ef51d57ee0e08d3d2ff2db67f55f94a0381fa2ce922b7f843; source_bytes=552; target_bytes=549
OLP-0686	content/proof-theory/propositions-as-types/introduction.tex	OpenLogicProject/OpenLogic@9620cc73f9c8e0ad003c514a5d3748f29611c4c0	https://github.com/OpenLogicProject/OpenLogic/blob/9620cc73f9c8e0ad003c514a5d3748f29611c4c0/content/proof-theory/propositions-as-types/introduction.tex	complete	full source unit	source/locale/id/content/proof-theory/propositions-as-types/introduction.tex	6d5d74670358dde333601a757d60d62d9054f68300130d3d3f593bd35c17e6ef	OLP-0722-20260814	source_sha256=340db7b4220e6c9596deaeaa90c7091ac94cb43630d014e14012ab92bb26a15d; source_bytes=5941; target_bytes=6025
OLP-0687	content/proof-theory/propositions-as-types/normalization.tex	OpenLogicProject/OpenLogic@9620cc73f9c8e0ad003c514a5d3748f29611c4c0	https://github.com/OpenLogicProject/OpenLogic/blob/9620cc73f9c8e0ad003c514a5d3748f29611c4c0/content/proof-theory/propositions-as-types/normalization.tex	complete	full source unit	source/locale/id/content/proof-theory/propositions-as-types/normalization.tex	ea8ddec416e724ad4331ff7fae3b332ee52cb006d6a489d840a8328db5b7804e	OLP-0722-20260814	source_sha256=abb9f9bc4d5a50031e5db507cf7a164d07625cccefc98a9c2c90ae0eb03223cc; source_bytes=11252; target_bytes=12086
OLP-0688	content/proof-theory/propositions-as-types/proof-terms.tex	OpenLogicProject/OpenLogic@9620cc73f9c8e0ad003c514a5d3748f29611c4c0	https://github.com/OpenLogicProject/OpenLogic/blob/9620cc73f9c8e0ad003c514a5d3748f29611c4c0/content/proof-theory/propositions-as-types/proof-terms.tex	complete	full source unit	source/locale/id/content/proof-theory/propositions-as-types/proof-terms.tex	6af372cb316a5feb2f8c8d7087261f6ba6cbb8172a2aed1d7deb9735e3f703ca	OLP-0722-20260814	source_sha256=902be4badf2f41ac113c0ccc78f7e784149e151da319f7f9e5a95207471fa716; source_bytes=5960; target_bytes=6412
OLP-0689	content/proof-theory/propositions-as-types/proofs-to-terms.tex	OpenLogicProject/OpenLogic@9620cc73f9c8e0ad003c514a5d3748f29611c4c0	https://github.com/OpenLogicProject/OpenLogic/blob/9620cc73f9c8e0ad003c514a5d3748f29611c4c0/content/proof-theory/propositions-as-types/proofs-to-terms.tex	complete	full source unit	source/locale/id/content/proof-theory/propositions-as-types/proofs-to-terms.tex	2880bba2ad9b12e4be9f26f3cf5cc2a0c9878f0306972024a345b7d3274f3b8f	OLP-0722-20260814	source_sha256=ef162d32fcfeba5dc884bba4bfb795d7e758d409741d6cc671eb189e3c6f4e63; source_bytes=3633; target_bytes=3644
OLP-0690	content/proof-theory/propositions-as-types/propositions-as-types.tex	OpenLogicProject/OpenLogic@9620cc73f9c8e0ad003c514a5d3748f29611c4c0	https://github.com/OpenLogicProject/OpenLogic/blob/9620cc73f9c8e0ad003c514a5d3748f29611c4c0/content/proof-theory/propositions-as-types/propositions-as-types.tex	complete	full source unit	source/locale/id/content/proof-theory/propositions-as-types/propositions-as-types.tex	58aa390378cbd9b9bc1c7718d4405e504634dc013885398c1aa8c9c42443bbd1	OLP-0722-20260814	source_sha256=8e9e7241ac6a83d5fc5f21742cf2b9e59451c7cbf3e8da324b3c1c3443501bc0; source_bytes=1034; target_bytes=1022
OLP-0691	content/proof-theory/propositions-as-types/reduction.tex	OpenLogicProject/OpenLogic@9620cc73f9c8e0ad003c514a5d3748f29611c4c0	https://github.com/OpenLogicProject/OpenLogic/blob/9620cc73f9c8e0ad003c514a5d3748f29611c4c0/content/proof-theory/propositions-as-types/reduction.tex	complete	full source unit	source/locale/id/content/proof-theory/propositions-as-types/reduction.tex	9dfc90be7a25701b894dca5cef70490a07726f4e54813d62341b5cde441af1f4	OLP-0722-20260814	source_sha256=2611124bd3d4c4a0028b4786ff23a9e773da2c59950678e08e4e4099c4dee705; source_bytes=6446; target_bytes=6446
OLP-0692	content/proof-theory/propositions-as-types/rules-tN2.tex	OpenLogicProject/OpenLogic@9620cc73f9c8e0ad003c514a5d3748f29611c4c0	https://github.com/OpenLogicProject/OpenLogic/blob/9620cc73f9c8e0ad003c514a5d3748f29611c4c0/content/proof-theory/propositions-as-types/rules-tN2.tex	complete	full source unit	source/locale/id/content/proof-theory/propositions-as-types/rules-tN2.tex	7db09bdbc794e809572be2d5f4db02c06cbecf86f22d6a823ed30be48ea76678	OLP-0722-20260814	source_sha256=f454a80ca9e593a7e2ff12db317e9830a63c603b4094d6cf9f8177a927bed044; source_bytes=2127; target_bytes=2049
OLP-0693	content/proof-theory/propositions-as-types/rules-tN3.tex	OpenLogicProject/OpenLogic@9620cc73f9c8e0ad003c514a5d3748f29611c4c0	https://github.com/OpenLogicProject/OpenLogic/blob/9620cc73f9c8e0ad003c514a5d3748f29611c4c0/content/proof-theory/propositions-as-types/rules-tN3.tex	complete	full source unit	source/locale/id/content/proof-theory/propositions-as-types/rules-tN3.tex	78d699f2b6881941cff0ca5498c2afd1df9a2d0e91402bbf725533d14b7782ee	OLP-0722-20260814	source_sha256=920460915c6fb200b4ab1a785aa84affce15e404b04512f11319b5976a2a66c0; source_bytes=2127; target_bytes=2044
OLP-0694	content/proof-theory/propositions-as-types/sequent-natural-deduction.tex	OpenLogicProject/OpenLogic@9620cc73f9c8e0ad003c514a5d3748f29611c4c0	https://github.com/OpenLogicProject/OpenLogic/blob/9620cc73f9c8e0ad003c514a5d3748f29611c4c0/content/proof-theory/propositions-as-types/sequent-natural-deduction.tex	complete	full source unit	source/locale/id/content/proof-theory/propositions-as-types/sequent-natural-deduction.tex	9e82fce66a5fd0549db828e03378e0be8fef57e5369350f8126d3f6a5e24a94d	OLP-0722-20260814	source_sha256=6fbab7c45c11e351116316cfcfd77f71931428c35c32303dbd93413235eb679a; source_bytes=4351; target_bytes=4654
OLP-0695	content/proof-theory/propositions-as-types/terms-to-proofs.tex	OpenLogicProject/OpenLogic@9620cc73f9c8e0ad003c514a5d3748f29611c4c0	https://github.com/OpenLogicProject/OpenLogic/blob/9620cc73f9c8e0ad003c514a5d3748f29611c4c0/content/proof-theory/propositions-as-types/terms-to-proofs.tex	complete	full source unit	source/locale/id/content/proof-theory/propositions-as-types/terms-to-proofs.tex	0645dd449e491a5f5923681920dadb948c6042fb369f25df94decbf8760142fc	OLP-0722-20260814	source_sha256=cde54c448a688241f931d3d516a3cf7286a78fed2a11609b81471b1ab641cdf8; source_bytes=3929; target_bytes=4019
OLP-0696	content/proof-theory/propositions-as-types/type-preservation.tex	OpenLogicProject/OpenLogic@9620cc73f9c8e0ad003c514a5d3748f29611c4c0	https://github.com/OpenLogicProject/OpenLogic/blob/9620cc73f9c8e0ad003c514a5d3748f29611c4c0/content/proof-theory/propositions-as-types/type-preservation.tex	complete	full source unit	source/locale/id/content/proof-theory/propositions-as-types/type-preservation.tex	5c272fa8974c1b16941c050f172f94877fad784ba7f1b3918ce8700dc84b420c	OLP-0722-20260814	source_sha256=75ba84fa67befc0aea744fd4094b0936dbd38c273dcb5e60919b123486a2cdf7; source_bytes=4751; target_bytes=4821
OLP-0697	content/proof-theory/propositions-as-types/types.tex	OpenLogicProject/OpenLogic@9620cc73f9c8e0ad003c514a5d3748f29611c4c0	https://github.com/OpenLogicProject/OpenLogic/blob/9620cc73f9c8e0ad003c514a5d3748f29611c4c0/content/proof-theory/propositions-as-types/types.tex	complete	full source unit	source/locale/id/content/proof-theory/propositions-as-types/types.tex	a5e398b75ad1e787fc9d8bc23b38447fb612f48588ad21fee2d4c5118bc5c54e	OLP-0722-20260814	source_sha256=0129408d5454176b6a10e8bd7cf503d66373d3d2fa13c9f3c2fb517de665b7c6; source_bytes=5132; target_bytes=5300
OLP-0698	content/proof-theory/sequent-calculus/admissible-derivable.tex	OpenLogicProject/OpenLogic@9620cc73f9c8e0ad003c514a5d3748f29611c4c0	https://github.com/OpenLogicProject/OpenLogic/blob/9620cc73f9c8e0ad003c514a5d3748f29611c4c0/content/proof-theory/sequent-calculus/admissible-derivable.tex	complete	full source unit	source/locale/id/content/proof-theory/sequent-calculus/admissible-derivable.tex	decdc2b48bb2837a7615964e80204b77bc09b9b827e24ca7dc40d4c9385140a6	OLP-0722-20260814	source_sha256=42bd3c0e07c6be9b6c82e85adee3933c295c10411c3d60a4778221db0b864862; source_bytes=10251; target_bytes=10733
OLP-0699	content/proof-theory/sequent-calculus/interpretation-rules.tex	OpenLogicProject/OpenLogic@9620cc73f9c8e0ad003c514a5d3748f29611c4c0	https://github.com/OpenLogicProject/OpenLogic/blob/9620cc73f9c8e0ad003c514a5d3748f29611c4c0/content/proof-theory/sequent-calculus/interpretation-rules.tex	complete	full source unit	source/locale/id/content/proof-theory/sequent-calculus/interpretation-rules.tex	7d541d9908962abe71bb1dfedc9b1c761fd65f4961f7522681cc6fef51a225b3	OLP-0722-20260814	source_sha256=54866e2d7c5736d5719a516e6193f8e805fb78504089ec01844d0b7cc5bd79db; source_bytes=6759; target_bytes=7021
OLP-0700	content/proof-theory/sequent-calculus/introduction.tex	OpenLogicProject/OpenLogic@9620cc73f9c8e0ad003c514a5d3748f29611c4c0	https://github.com/OpenLogicProject/OpenLogic/blob/9620cc73f9c8e0ad003c514a5d3748f29611c4c0/content/proof-theory/sequent-calculus/introduction.tex	complete	full source unit	source/locale/id/content/proof-theory/sequent-calculus/introduction.tex	628bcc3296cea4aaa74a1f9278780146c26a215f8b7f7548d29dea32495b35ee	OLP-0722-20260814	source_sha256=2d6db9e0bb62467e90e007ae01cdd74d16e48f0110fc332ccbe67b1b3c47ae0f; source_bytes=6403; target_bytes=6701
OLP-0701	content/proof-theory/sequent-calculus/invertibility.tex	OpenLogicProject/OpenLogic@9620cc73f9c8e0ad003c514a5d3748f29611c4c0	https://github.com/OpenLogicProject/OpenLogic/blob/9620cc73f9c8e0ad003c514a5d3748f29611c4c0/content/proof-theory/sequent-calculus/invertibility.tex	complete	full source unit	source/locale/id/content/proof-theory/sequent-calculus/invertibility.tex	9d177f18e7b2fa45fea3c4a2d9c866eab4a3af73a12fee3f68388f8975f038a1	OLP-0722-20260814	source_sha256=6d33bf9ab5325569e7b97eb00221de556688ab8d64bedf39637bac5b57ebcd8c; source_bytes=15789; target_bytes=16553
OLP-0702	content/proof-theory/sequent-calculus/proof-examples.tex	OpenLogicProject/OpenLogic@9620cc73f9c8e0ad003c514a5d3748f29611c4c0	https://github.com/OpenLogicProject/OpenLogic/blob/9620cc73f9c8e0ad003c514a5d3748f29611c4c0/content/proof-theory/sequent-calculus/proof-examples.tex	complete	full source unit	source/locale/id/content/proof-theory/sequent-calculus/proof-examples.tex	c83651b3438cc9dddf7d402a01320bb1980e0818c07d7949d65d0c1d5a925a6d	OLP-0722-20260814	source_sha256=c519583876b9c2dd3f92f13417818e1254fc3de080535f3e2d5c35ddb759f605; source_bytes=13362; target_bytes=13866
OLP-0703	content/proof-theory/sequent-calculus/quantifiers.tex	OpenLogicProject/OpenLogic@9620cc73f9c8e0ad003c514a5d3748f29611c4c0	https://github.com/OpenLogicProject/OpenLogic/blob/9620cc73f9c8e0ad003c514a5d3748f29611c4c0/content/proof-theory/sequent-calculus/quantifiers.tex	complete	full source unit	source/locale/id/content/proof-theory/sequent-calculus/quantifiers.tex	10abec2b5a234ce4857e3a4a3d2db542c56e81666b7d5dd78b8cdd3b15c7cbe8	OLP-0722-20260814	source_sha256=15c8fe5ebaeac187948c9c217934511e70735afdb4de68191355fb590b25287c; source_bytes=6808; target_bytes=7249
OLP-0704	content/proof-theory/sequent-calculus/rules-G1c.tex	OpenLogicProject/OpenLogic@9620cc73f9c8e0ad003c514a5d3748f29611c4c0	https://github.com/OpenLogicProject/OpenLogic/blob/9620cc73f9c8e0ad003c514a5d3748f29611c4c0/content/proof-theory/sequent-calculus/rules-G1c.tex	complete	full source unit	source/locale/id/content/proof-theory/sequent-calculus/rules-G1c.tex	51f34b5a76b5ccf7267f804b727253947a5f64251dc4cbf2f4d3d691867d22a2	OLP-0722-20260814	source_sha256=895b9680300186beb0a6df68e9556a1e8a1b00f8c63a866632c567e01ff3d93f; source_bytes=3333; target_bytes=3231
OLP-0705	content/proof-theory/sequent-calculus/rules-G1i.tex	OpenLogicProject/OpenLogic@9620cc73f9c8e0ad003c514a5d3748f29611c4c0	https://github.com/OpenLogicProject/OpenLogic/blob/9620cc73f9c8e0ad003c514a5d3748f29611c4c0/content/proof-theory/sequent-calculus/rules-G1i.tex	complete	full source unit	source/locale/id/content/proof-theory/sequent-calculus/rules-G1i.tex	a5b41a6e06635707c81c455df8da121944827991b0bfcf6c805c88510cc5aa90	OLP-0722-20260814	source_sha256=0d23c141ee1f2cd75dd6eced909f5952ac2103ff49991cae288bd4da57be840b; source_bytes=3267; target_bytes=3173
OLP-0706	content/proof-theory/sequent-calculus/rules-G2c.tex	OpenLogicProject/OpenLogic@9620cc73f9c8e0ad003c514a5d3748f29611c4c0	https://github.com/OpenLogicProject/OpenLogic/blob/9620cc73f9c8e0ad003c514a5d3748f29611c4c0/content/proof-theory/sequent-calculus/rules-G2c.tex	complete	full source unit	source/locale/id/content/proof-theory/sequent-calculus/rules-G2c.tex	301f5a5c13161d9d9b39bfa9e25e81708080c6fcd65f372384ef8cd9963fe823	OLP-0722-20260814	source_sha256=0258576664b34fc6c3f04233389e57ccaa5afc791dfcdf62d77c1f3dc9a967d1; source_bytes=3439; target_bytes=3337
OLP-0707	content/proof-theory/sequent-calculus/rules-G3c.tex	OpenLogicProject/OpenLogic@9620cc73f9c8e0ad003c514a5d3748f29611c4c0	https://github.com/OpenLogicProject/OpenLogic/blob/9620cc73f9c8e0ad003c514a5d3748f29611c4c0/content/proof-theory/sequent-calculus/rules-G3c.tex	complete	full source unit	source/locale/id/content/proof-theory/sequent-calculus/rules-G3c.tex	174f4e9fdd6160d22ce57f5b014ff0abec0f5cd5fe7c77399bcf712996e6c55f	OLP-0722-20260814	source_sha256=9b1dcced34fabc81925121e2696d8e1e027ade6caf3707ed2fb61155ef2faf79; source_bytes=2496; target_bytes=2427
OLP-0708	content/proof-theory/sequent-calculus/rules-G3i.tex	OpenLogicProject/OpenLogic@9620cc73f9c8e0ad003c514a5d3748f29611c4c0	https://github.com/OpenLogicProject/OpenLogic/blob/9620cc73f9c8e0ad003c514a5d3748f29611c4c0/content/proof-theory/sequent-calculus/rules-G3i.tex	complete	full source unit	source/locale/id/content/proof-theory/sequent-calculus/rules-G3i.tex	dbd97111b18484977a3d5d1837c330e0423fa43fa225445a085ba91af73ef019	OLP-0722-20260814	source_sha256=322da67057a42c3ebe53c965b06a4df8ae914b873779e9d7125546312f84fa6f; source_bytes=2513; target_bytes=2610
OLP-0709	content/proof-theory/sequent-calculus/rules-LK.tex	OpenLogicProject/OpenLogic@9620cc73f9c8e0ad003c514a5d3748f29611c4c0	https://github.com/OpenLogicProject/OpenLogic/blob/9620cc73f9c8e0ad003c514a5d3748f29611c4c0/content/proof-theory/sequent-calculus/rules-LK.tex	complete	full source unit	source/locale/id/content/proof-theory/sequent-calculus/rules-LK.tex	0d210c35e527b223c602cfcd00e4f1b50ad7ac43286ecd875b8cc59e42adb953	OLP-0722-20260814	source_sha256=c4e853e27fbfcf7386dd22a73d10eac3c507c35016c4368bae72c5cd9edfa55d; source_bytes=3644; target_bytes=3526
OLP-0710	content/proof-theory/sequent-calculus/rules-mG3i.tex	OpenLogicProject/OpenLogic@9620cc73f9c8e0ad003c514a5d3748f29611c4c0	https://github.com/OpenLogicProject/OpenLogic/blob/9620cc73f9c8e0ad003c514a5d3748f29611c4c0/content/proof-theory/sequent-calculus/rules-mG3i.tex	complete	full source unit	source/locale/id/content/proof-theory/sequent-calculus/rules-mG3i.tex	8e1e8a0318f83eeec82d0cfbcc1c2421dd24b69bff62a3227a5d3a57f517770b	OLP-0722-20260814	source_sha256=a7b114259de1d1770b989ff4e9ad2d94f6cea2ebc8bd570ee25f35739b349a3c; source_bytes=2604; target_bytes=2541
OLP-0711	content/proof-theory/sequent-calculus/rules-proofs.tex	OpenLogicProject/OpenLogic@9620cc73f9c8e0ad003c514a5d3748f29611c4c0	https://github.com/OpenLogicProject/OpenLogic/blob/9620cc73f9c8e0ad003c514a5d3748f29611c4c0/content/proof-theory/sequent-calculus/rules-proofs.tex	complete	full source unit	source/locale/id/content/proof-theory/sequent-calculus/rules-proofs.tex	d2b8775cfea6234f50db9e16499b20d82ed42ba95e3d903abeb268aaf1436430	OLP-0722-20260814	source_sha256=8eed76ae91f4518e1cdc5f7cdd36890e1c8004a7f2f94b263e7caa8f405e5c8a; source_bytes=8046; target_bytes=8289
OLP-0712	content/proof-theory/sequent-calculus/sequent-calculus.tex	OpenLogicProject/OpenLogic@9620cc73f9c8e0ad003c514a5d3748f29611c4c0	https://github.com/OpenLogicProject/OpenLogic/blob/9620cc73f9c8e0ad003c514a5d3748f29611c4c0/content/proof-theory/sequent-calculus/sequent-calculus.tex	complete	full source unit	source/locale/id/content/proof-theory/sequent-calculus/sequent-calculus.tex	24aa191c55e4de664b2426cf7fb203901f3caa549b999f787f5b0bb44845eeca	OLP-0722-20260814	source_sha256=18040cb58699de518bd453b32faac3807c3fc62b9d2940dc344564c995dd7317; source_bytes=440; target_bytes=412
OLP-0713	content/proof-theory/sequent-calculus/translations.tex	OpenLogicProject/OpenLogic@9620cc73f9c8e0ad003c514a5d3748f29611c4c0	https://github.com/OpenLogicProject/OpenLogic/blob/9620cc73f9c8e0ad003c514a5d3748f29611c4c0/content/proof-theory/sequent-calculus/translations.tex	complete	full source unit	source/locale/id/content/proof-theory/sequent-calculus/translations.tex	90b9ccb26abd932d44df9370330e947cd05208badbdd24a2276ca193f55f2fee	OLP-0722-20260814	source_sha256=fe035ce79aae2c23f8756a69fc344736ff35e02f1ce9a40fe957ea55fab5b7d0; source_bytes=3844; target_bytes=4040
OLP-0714	content/propositional-logic/syntax-and-semantics/completeness.tex	OpenLogicProject/OpenLogic@9620cc73f9c8e0ad003c514a5d3748f29611c4c0	https://github.com/OpenLogicProject/OpenLogic/blob/9620cc73f9c8e0ad003c514a5d3748f29611c4c0/content/propositional-logic/syntax-and-semantics/completeness.tex	complete	full source unit	source/locale/id/content/propositional-logic/syntax-and-semantics/completeness.tex	24e159096ae35f4e2836a89403ea4094b011096c118a48b2ccfc14940a1254e5	OLP-0722-20260814	source_sha256=15c4d35ccd3a79ae4e165ca8c5195d8190a81e7fff32cf12fdd8279a35d2336c; source_bytes=4133; target_bytes=4363
OLP-0715	content/propositional-logic/syntax-and-semantics/soundness.tex	OpenLogicProject/OpenLogic@9620cc73f9c8e0ad003c514a5d3748f29611c4c0	https://github.com/OpenLogicProject/OpenLogic/blob/9620cc73f9c8e0ad003c514a5d3748f29611c4c0/content/propositional-logic/syntax-and-semantics/soundness.tex	complete	full source unit	source/locale/id/content/propositional-logic/syntax-and-semantics/soundness.tex	7d452ea1ae85ead12da6c6abe8d9dd2f71ce0d4d9f9e7d88ebd6ba7fe06da39e	OLP-0722-20260814	source_sha256=e76bcb10a0a5ae28ffd1905cb127834d29995b886ed7faa87468449e41d84f12; source_bytes=963; target_bytes=973
OLP-0716	content/second-order-logic/syntax-and-semantics/language-of-sol.tex	OpenLogicProject/OpenLogic@9620cc73f9c8e0ad003c514a5d3748f29611c4c0	https://github.com/OpenLogicProject/OpenLogic/blob/9620cc73f9c8e0ad003c514a5d3748f29611c4c0/content/second-order-logic/syntax-and-semantics/language-of-sol.tex	complete	full source unit	source/locale/id/content/second-order-logic/syntax-and-semantics/language-of-sol.tex	22db726f15a58b9bc32f0b2ecac9eff0a8aec6e068e3ae1b234aa3621c64b565	OLP-0722-20260814	source_sha256=b334d1a0decdc9ded917dc1b9b5e49dfafc14c67949233c912f7b19b432121d8; source_bytes=1747; target_bytes=1780
OLP-0717	content/sets-functions-relations/functions/isomorphic-functions.tex	OpenLogicProject/OpenLogic@9620cc73f9c8e0ad003c514a5d3748f29611c4c0	https://github.com/OpenLogicProject/OpenLogic/blob/9620cc73f9c8e0ad003c514a5d3748f29611c4c0/content/sets-functions-relations/functions/isomorphic-functions.tex	complete	full source unit	source/locale/id/content/sets-functions-relations/functions/isomorphic-functions.tex	52d199a23fff7a5f726680be48c60444f3a3d15f9858da596e7ddd2015098740	OLP-0722-20260814	source_sha256=2b84ab8574d4edab2ff4cb52ab2af2cdd474060649326ad6d797b56b78419790; source_bytes=1590; target_bytes=1757
OLP-0718	content/sets-functions-relations/inductive-defs-proofs/introduction.tex	OpenLogicProject/OpenLogic@9620cc73f9c8e0ad003c514a5d3748f29611c4c0	https://github.com/OpenLogicProject/OpenLogic/blob/9620cc73f9c8e0ad003c514a5d3748f29611c4c0/content/sets-functions-relations/inductive-defs-proofs/introduction.tex	complete	full source unit	source/locale/id/content/sets-functions-relations/inductive-defs-proofs/introduction.tex	f644b78cf05e0dde3b51d5dbf11d631a62a48ac6572a0633f156bc8e28fb5dfe	OLP-0722-20260814	source_sha256=0a3327920db03385bcae0062435654fd82227d5e622e87f4194628de4fdbddda; source_bytes=5144; target_bytes=5262
OLP-0719	content/sets-functions-relations/relations/relations.tex	OpenLogicProject/OpenLogic@9620cc73f9c8e0ad003c514a5d3748f29611c4c0	https://github.com/OpenLogicProject/OpenLogic/blob/9620cc73f9c8e0ad003c514a5d3748f29611c4c0/content/sets-functions-relations/relations/relations.tex	complete	full source unit	source/locale/id/content/sets-functions-relations/relations/relations.tex	fabf7a4ce0c5cdc5684bdc971b952aea4b17e9bf3431045dcacaf4cffb0b908d	OLP-0722-20260814	source_sha256=69e7b017e60673c488d1ec98c186ed0986bc1489b8554f848c95c189af5c9e54; source_bytes=403; target_bytes=372
OLP-0720	content/sets-functions-relations/sets-functions-relations.tex	OpenLogicProject/OpenLogic@9620cc73f9c8e0ad003c514a5d3748f29611c4c0	https://github.com/OpenLogicProject/OpenLogic/blob/9620cc73f9c8e0ad003c514a5d3748f29611c4c0/content/sets-functions-relations/sets-functions-relations.tex	complete	full source unit	source/locale/id/content/sets-functions-relations/sets-functions-relations.tex	f1e29848b63b566ab6c74883acd7a06ffb7331d70a214b67940ba8b1158c5cd0	OLP-0722-20260814	source_sha256=62c683ba88df4742cbef61369a755fbae8dd53e2173d5f3d1b8a9fc675f27538; source_bytes=999; target_bytes=1014
OLP-0721	content/sets-functions-relations/sets/proofs-about-sets.tex	OpenLogicProject/OpenLogic@9620cc73f9c8e0ad003c514a5d3748f29611c4c0	https://github.com/OpenLogicProject/OpenLogic/blob/9620cc73f9c8e0ad003c514a5d3748f29611c4c0/content/sets-functions-relations/sets/proofs-about-sets.tex	complete	full source unit	source/locale/id/content/sets-functions-relations/sets/proofs-about-sets.tex	e6c0e43723acc6df08c83678fd5b408e29805abf4f87b131756bb9aeea0189e8	OLP-0722-20260814	source_sha256=394714c03cea3d400ca79ed47f0c4b47c496cb714a3fd8e5c03debec1ab55161; source_bytes=4325; target_bytes=4834
OLP-0722	content/sets-functions-relations/size-of-sets/size-of-sets.tex	OpenLogicProject/OpenLogic@9620cc73f9c8e0ad003c514a5d3748f29611c4c0	https://github.com/OpenLogicProject/OpenLogic/blob/9620cc73f9c8e0ad003c514a5d3748f29611c4c0/content/sets-functions-relations/size-of-sets/size-of-sets.tex	complete	full source unit	source/locale/id/content/sets-functions-relations/size-of-sets/size-of-sets.tex	32561e6e8c2e3e3bf7eb6ef35d84dfcd0713ee81d1558ef605588aa19b78878b	OLP-0722-20260814	source_sha256=877c8e21a7381df4092d6d61cba7384197674ec0e182bf1aeee56dff00109793; source_bytes=890; target_bytes=878
